structure_swing_len,retest_window_bars,retest_bps,chop_ci_max,chop_adx_min,trigger_score,rr_target,be_trigger_r,be_offset_pct,cooldown_bars,risk_pct_low_conf,risk_pct_high_conf,high_conf_score_threshold,be_enabled,sizing_mode,profile,profile_risk_cap_pct,max_notional_pct,initial_equity,trades,win_rate,net_pnl,pf,max_dd,score,dataset
6,28,22.0,64.0,14.0,6.8,2.6,0.8,0.1,2,3.0,4.0,7.8,1,risk_based,S,5.0,180.0,10000.0,16,1.0,4198.2242000683345,10.0,0.0,26.018224200068335,ETHUSDT_15m
6,24,20.0,64.0,14.0,6.6,2.4,0.6,0.1,2,1.0,7.5,8.2,1,risk_based,S,5.0,180.0,10000.0,20,0.95,1006.3874967026277,10.352134605294742,0.00999999999999996,23.505656707292108,ETHUSDT_15m
5,44,24.0,62.0,20.0,6.8,1.8,1.0,0.0,6,1.0,5.0,8.4,1,risk_based,S,5.0,180.0,10000.0,18,0.8888888888888888,1713.851612183622,9.460038957970703,0.019899999999999855,22.26756286145836,SOLUSDT_1h
6,32,14.0,64.0,16.0,7.8,2.2,0.8,0.15,3,2.0,6.0,8.2,1,risk_based,S,5.0,180.0,10000.0,9,0.8888888888888888,1650.0062918801978,8.245294101364882,0.019999999999999934,19.593927827943297,ETHUSDT_4h
6,40,32.0,62.0,22.0,7.8,2.2,1.2,0.05,3,1.0,3.5,8.8,1,risk_based,S,5.0,180.0,10000.0,7,0.8571428571428571,801.1217182910641,8.504395869920598,0.01,19.205627743846545,ETHUSDT_4h
6,40,28.0,64.0,22.0,7.8,2.4,0.6,0.15,2,2.0,5.0,8.0,1,risk_based,S,5.0,180.0,10000.0,10,0.9,3425.1092197682483,6.429104747195974,0.04999999999999995,17.683318714160198,ETHUSDT_4h
6,24,20.0,64.0,14.0,6.6,2.4,0.6,0.1,2,1.0,7.5,8.2,1,risk_based,S,5.0,180.0,10000.0,12,0.9166666666666666,664.8663687933622,7.319956638183565,0.010000000000000054,16.88977964516049,ETHUSDT_4h
3,32,24.0,70.0,22.0,7.8,2.6,0.8,0.15,3,3.0,7.0,7.6,1,risk_based,S,5.0,180.0,10000.0,26,0.8076923076923077,3693.550374481294,4.6123963071757945,0.04014046702577508,14.52946004929402,ETHUSDT_15m
6,40,20.0,68.0,18.0,7.0,2.6,0.6,0.1,6,3.0,5.5,7.6,1,risk_based,S,5.0,180.0,10000.0,20,0.95,2321.6068345074127,4.890413863267184,0.049999999999999975,13.77743456104178,ETHUSDT_15m
6,44,22.0,60.0,12.0,7.6,1.8,1.0,0.05,7,2.5,7.0,8.6,1,risk_based,S,5.0,180.0,10000.0,21,0.9047619047619048,2114.289763877732,4.846889250682717,0.025,13.510211122386025,ETHUSDT_15m
4,40,24.0,60.0,14.0,6.6,2.0,1.2,0.1,2,1.5,7.5,8.6,1,risk_based,S,5.0,180.0,10000.0,20,0.8,2231.0680327846185,4.573642153211537,0.029775000000000103,12.889027339207694,SOLUSDT_1h
5,36,20.0,70.0,16.0,7.2,2.6,1.0,0.2,5,2.0,3.0,7.6,1,risk_based,S,5.0,180.0,10000.0,15,0.8,3059.253934381286,4.246856438276,0.08609352479679863,12.794686236542889,SOLUSDT_1h
6,32,26.0,70.0,20.0,7.4,2.0,0.8,0.0,4,2.5,4.5,8.8,1,risk_based,S,5.0,180.0,10000.0,14,0.8571428571428571,2132.6516035156255,4.553494181430238,0.04937499999999992,12.657229252090387,ETHUSDT_4h
5,40,34.0,70.0,12.0,7.0,2.4,0.8,0.05,5,2.5,5.0,8.6,1,risk_based,S,5.0,180.0,10000.0,16,0.875,2005.4085890964816,4.40102609213723,0.025000000000000078,12.36496077337094,ETHUSDT_4h
6,36,32.0,68.0,14.0,7.8,2.2,1.2,0.1,8,3.0,6.0,8.0,1,risk_based,S,5.0,180.0,10000.0,7,0.7142857142857143,3707.037249580957,3.7787465126390627,0.0974999999999999,12.183458846287653,ETHUSDT_4h
6,36,14.0,60.0,12.0,7.0,2.4,0.6,0.1,6,3.0,4.0,8.2,1,risk_based,S,5.0,180.0,10000.0,26,0.8846153846153846,2081.573825018977,3.984003718458674,0.03000000000000004,11.806504338859401,ETHUSDT_15m
3,40,36.0,60.0,22.0,7.4,2.6,1.0,0.0,4,2.5,4.0,8.2,1,risk_based,S,5.0,180.0,10000.0,22,0.8181818181818182,2843.8800116948987,3.68305321966841,0.04755453969538078,11.7345955592183,ETHUSDT_15m
3,40,36.0,60.0,22.0,7.4,2.6,1.0,0.0,4,2.5,4.0,8.2,1,risk_based,S,5.0,180.0,10000.0,14,0.7857142857142857,2386.275413284011,4.035845776315545,0.07119865473652658,11.70294243027695,ETHUSDT_1h
4,44,34.0,66.0,20.0,6.8,2.2,1.2,0.2,5,3.0,5.0,8.4,1,risk_based,S,5.0,180.0,10000.0,19,0.6842105263157895,3509.1860430228644,3.436431684036789,0.0523204130131934,11.631403961530548,SOLUSDT_15m
6,28,36.0,64.0,18.0,6.8,2.2,0.8,0.1,2,2.5,3.0,8.4,1,risk_based,S,5.0,180.0,10000.0,10,0.8,1783.314844105209,4.2408825142878435,0.025000000000000005,11.590079872680896,ETHUSDT_4h
6,28,34.0,66.0,22.0,7.0,2.2,0.8,0.2,7,2.0,7.5,8.8,1,risk_based,S,5.0,180.0,10000.0,12,0.8333333333333334,1491.624253664173,4.2943204336278615,0.03507260797182209,11.46504729700443,ETHUSDT_4h
5,44,28.0,68.0,22.0,7.8,2.4,1.2,0.05,7,2.5,6.5,8.0,1,risk_based,S,5.0,180.0,10000.0,12,0.6666666666666666,3155.9515154890905,3.627936868236901,0.07186019831189057,11.43624465702722,SOLUSDT_15m
5,44,24.0,62.0,20.0,6.8,1.8,1.0,0.0,6,1.0,5.0,8.4,1,risk_based,S,5.0,180.0,10000.0,23,0.782608695652174,1498.7898514797944,4.172982844545262,0.014628987050304335,11.434781622897669,ETHUSDT_15m
4,28,38.0,70.0,20.0,7.2,2.2,0.6,0.2,3,1.5,5.0,8.8,1,risk_based,S,5.0,180.0,10000.0,19,0.8947368421052632,1128.7510010286624,4.310205546509331,0.026741132239420613,11.391043960486957,ETHUSDT_4h
6,36,32.0,70.0,12.0,6.8,2.6,1.2,0.05,8,2.5,4.0,7.6,1,risk_based,S,5.0,180.0,10000.0,21,0.7619047619047619,3738.8868060202767,3.15833669573334,0.07840000000000001,11.383217340344098,ETHUSDT_15m
4,44,16.0,66.0,16.0,8.0,2.6,1.0,0.05,4,2.0,4.5,8.6,1,risk_based,S,5.0,180.0,10000.0,24,0.7916666666666666,2426.2743062060727,3.6916862642790234,0.041530936124415,11.352554026390875,ETHUSDT_15m
6,32,16.0,68.0,12.0,7.8,2.6,1.0,0.2,4,1.0,3.5,7.8,1,risk_based,S,5.0,180.0,10000.0,14,0.7857142857142857,2763.736018064741,3.4990299758125265,0.10136787500000008,10.916263773261223,SOLUSDT_1h
6,40,28.0,60.0,14.0,7.4,2.4,0.8,0.1,5,2.5,3.5,7.6,1,risk_based,S,5.0,180.0,10000.0,20,0.85,2584.4407760259637,3.411555894636785,0.056197475559522404,10.913960138620968,ETHUSDT_15m
6,36,32.0,68.0,14.0,7.8,2.2,1.2,0.1,8,3.0,6.0,8.0,1,risk_based,S,5.0,180.0,10000.0,15,0.6,3848.298939993145,3.0359248657739553,0.07186019831189054,10.904568076605385,SOLUSDT_15m
4,40,28.0,64.0,22.0,7.4,1.6,0.8,0.1,3,2.0,4.0,8.0,1,risk_based,S,5.0,180.0,10000.0,20,0.75,4306.902619767865,2.6036619981799114,0.07840000000000001,10.804026616127686,ETHUSDT_4h
4,20,22.0,64.0,12.0,7.6,1.8,0.8,0.0,4,3.0,6.0,8.4,1,risk_based,S,5.0,180.0,10000.0,17,0.7647058823529411,3229.916411594979,3.1201912202479933,0.059099999999999986,10.780057675620377,ETHUSDT_4h
5,36,20.0,70.0,16.0,7.2,2.6,1.0,0.2,5,2.0,3.0,7.6,1,risk_based,S,5.0,180.0,10000.0,22,0.7727272727272727,2686.8381727150645,3.27269744371025,0.049235166166665255,10.683618470726477,ETHUSDT_15m
5,24,14.0,62.0,20.0,6.8,1.6,1.2,0.0,8,3.0,4.0,7.8,1,risk_based,S,5.0,180.0,10000.0,19,0.7368421052631579,3869.2364907299507,2.7695795989323333,0.07840000000000003,10.658458846489353,SOLUSDT_1h
6,36,26.0,64.0,14.0,7.0,2.4,1.2,0.0,8,1.0,3.5,7.8,1,risk_based,S,5.0,180.0,10000.0,19,0.8421052631578947,2731.016185852466,3.2628126377396773,0.08048395164747212,10.658347501126247,ETHUSDT_15m
4,44,16.0,66.0,16.0,8.0,2.6,1.0,0.05,4,2.0,4.5,8.6,1,risk_based,S,5.0,180.0,10000.0,21,0.6666666666666666,3033.958520050044,3.141414455587655,0.06870512861648748,10.53067204537589,SOLUSDT_1h
6,32,30.0,62.0,22.0,8.0,2.6,1.2,0.15,8,1.0,3.5,8.0,1,risk_based,S,5.0,180.0,10000.0,12,0.5833333333333334,3129.269949724059,3.141947840825197,0.0572053593378678,10.356549553360852,SOLUSDT_15m
6,36,26.0,64.0,14.0,7.0,2.4,1.2,0.0,8,1.0,3.5,7.8,1,risk_based,S,5.0,180.0,10000.0,7,0.7142857142857143,2146.255990603775,3.593536714201862,0.06877500000000013,10.33843299043607,ETHUSDT_4h
6,24,18.0,70.0,20.0,8.0,1.6,0.8,0.0,5,1.5,6.5,8.6,1,risk_based,S,5.0,180.0,10000.0,22,0.8181818181818182,1581.311300090123,3.562019860694895,0.02076034379314017,10.310342717373219,ETHUSDT_15m
4,40,24.0,60.0,14.0,6.6,2.0,1.2,0.1,2,1.5,7.5,8.6,1,risk_based,S,5.0,180.0,10000.0,28,0.7142857142857143,2353.8014188809666,3.200250850269295,0.04453382665591782,10.252130210880376,ETHUSDT_15m
6,28,26.0,70.0,16.0,7.0,1.8,1.2,0.15,7,1.5,7.5,8.4,1,risk_based,S,5.0,180.0,10000.0,15,0.8,1255.005931651258,3.753742679031358,0.04432837499999994,10.129506164713975,SOLUSDT_1h
4,32,36.0,62.0,16.0,7.6,2.2,1.0,0.15,7,3.0,5.5,8.0,1,risk_based,S,5.0,180.0,10000.0,25,0.8,3263.4676155952147,2.5508843210998515,0.07918980856932376,9.827666832086948,ETHUSDT_15m
6,40,28.0,64.0,22.0,7.8,2.4,0.6,0.15,2,2.0,5.0,8.0,1,risk_based,S,5.0,180.0,10000.0,22,0.8181818181818182,2546.102377185758,2.8719226435175025,0.05000000000000008,9.80722039149349,ETHUSDT_15m
5,28,24.0,68.0,12.0,7.0,1.8,0.8,0.15,7,1.5,4.5,7.6,1,risk_based,S,5.0,180.0,10000.0,25,0.84,2510.2386668668823,2.7785243304722216,0.04500000000000006,9.692287327811325,ETHUSDT_15m
6,40,28.0,60.0,14.0,7.4,2.4,0.8,0.1,5,2.5,3.5,7.6,1,risk_based,S,5.0,180.0,10000.0,9,0.7777777777777778,1877.809276660375,3.3204298444561116,0.06877500000000004,9.659010632239264,ETHUSDT_4h
3,40,36.0,60.0,22.0,7.4,2.6,1.0,0.0,4,2.5,4.0,8.2,1,risk_based,S,5.0,180.0,10000.0,15,0.7333333333333333,2381.3072683551054,3.0052830197475715,0.04937500000000006,9.643748307850249,ETHUSDT_4h
4,24,14.0,70.0,14.0,7.8,2.0,1.0,0.0,8,2.0,5.5,8.6,1,risk_based,S,5.0,180.0,10000.0,25,0.8,2104.57686036855,2.983910086122079,0.058807999999999985,9.595973032612708,ETHUSDT_15m
3,20,20.0,62.0,20.0,6.6,2.4,0.8,0.2,5,1.5,6.5,8.4,1,risk_based,S,5.0,180.0,10000.0,21,0.7619047619047619,1844.851914615865,3.147483741406721,0.051359376953751444,9.548598409425194,ETHUSDT_1h
4,40,32.0,68.0,18.0,7.2,2.2,1.2,0.05,2,1.0,8.0,8.2,1,risk_based,S,5.0,180.0,10000.0,17,0.6470588235294118,1453.47438679291,3.4303783551252893,0.039295803081042385,9.506931923094479,SOLUSDT_1h
6,40,40.0,66.0,12.0,8.0,2.0,1.2,0.1,4,1.0,4.0,8.0,1,risk_based,S,5.0,180.0,10000.0,13,0.6923076923076923,3489.9086558557137,2.5751963105882085,0.15065343999999994,9.486802495493668,ETHUSDT_4h
6,28,26.0,70.0,16.0,7.0,1.8,1.2,0.15,7,1.5,7.5,8.4,1,risk_based,S,5.0,180.0,10000.0,23,0.782608695652174,1587.446832648935,3.139276765449813,0.04183531957207874,9.374407448310588,ETHUSDT_15m
3,36,16.0,66.0,22.0,7.6,2.0,0.8,0.1,3,2.0,6.0,7.8,1,risk_based,S,5.0,180.0,10000.0,28,0.8214285714285714,2381.589053643138,2.685700808286468,0.05891373647030167,9.368392317948027,ETHUSDT_15m
6,32,16.0,68.0,12.0,7.8,2.6,1.0,0.2,4,1.0,3.5,7.8,1,risk_based,S,5.0,180.0,10000.0,23,0.8260869565217391,2221.670050708186,2.7952807684824887,0.06432023071885976,9.318401330299196,ETHUSDT_15m
4,28,38.0,62.0,20.0,6.6,2.4,1.0,0.15,2,1.0,5.5,8.8,1,risk_based,S,5.0,180.0,10000.0,17,0.6470588235294118,1394.6576423531878,3.319979957316874,0.039017751990981384,9.228152536308109,SOLUSDT_1h
5,40,34.0,70.0,12.0,7.0,2.4,0.8,0.05,5,2.5,5.0,8.6,1,risk_based,S,5.0,180.0,10000.0,23,0.782608695652174,2281.6088288472274,2.7171721165757834,0.044980621815757106,9.214924240029786,ETHUSDT_15m
6,40,40.0,68.0,16.0,6.6,1.6,1.0,0.05,6,2.0,3.0,7.6,1,risk_based,S,5.0,180.0,10000.0,18,0.7222222222222222,2416.435520738969,2.7556000162588847,0.06408409086089298,9.178716614007394,ETHUSDT_1h
5,28,24.0,68.0,12.0,7.0,1.8,0.8,0.15,7,1.5,4.5,7.6,1,risk_based,S,5.0,180.0,10000.0,20,0.85,2418.9881261307382,2.6642680301840147,0.08797499999999997,9.158599186498767,SOLUSDT_1h
5,44,40.0,60.0,14.0,7.8,2.0,1.0,0.05,3,2.0,3.5,7.6,1,risk_based,S,5.0,180.0,10000.0,17,0.7647058823529411,2520.5815996515284,2.7728360057979393,0.13281999937499991,9.154852436651819,SOLUSDT_1h
6,32,36.0,62.0,12.0,7.2,1.6,1.0,0.2,8,1.0,7.5,8.8,1,risk_based,S,5.0,180.0,10000.0,16,0.8125,750.7884894298095,3.448832711998698,0.02970099999999995,9.098100913427206,SOLUSDT_1h
6,40,40.0,66.0,12.0,8.0,2.0,1.2,0.1,4,1.0,4.0,8.0,1,risk_based,S,5.0,180.0,10000.0,20,0.65,3014.3912747404484,2.44618823909142,0.062090305662542,9.095496835935663,SOLUSDT_15m
4,24,30.0,66.0,14.0,7.8,1.8,1.0,0.15,3,1.0,6.5,8.8,1,risk_based,S,5.0,180.0,10000.0,17,0.6470588235294118,1428.2900357714243,3.1918908594509023,0.029701000000000026,9.033556989967346,ETHUSDT_4h
4,24,40.0,62.0,14.0,7.8,1.6,0.8,0.1,8,2.5,8.0,8.8,1,risk_based,S,5.0,180.0,10000.0,19,0.6842105263157895,2720.745778872506,2.5133545782959295,0.049375000000000016,9.00564572493805,ETHUSDT_4h
6,44,22.0,60.0,12.0,7.6,1.8,1.0,0.05,7,2.5,7.0,8.6,1,risk_based,S,5.0,180.0,10000.0,15,0.8,1580.7037579121752,3.0674899898596606,0.07314062500000006,8.996261862631497,SOLUSDT_1h
3,40,30.0,62.0,16.0,6.6,1.6,1.0,0.05,7,2.5,3.5,8.8,1,risk_based,S,5.0,180.0,10000.0,31,0.7741935483870968,2180.794640565726,2.566016382074898,0.04156249509047396,8.969430242024746,ETHUSDT_15m
4,40,32.0,68.0,18.0,7.2,2.2,1.2,0.05,2,1.0,8.0,8.2,1,risk_based,S,5.0,180.0,10000.0,25,0.72,1380.9824887428495,3.0365834433221135,0.027953675857810077,8.950288347813647,ETHUSDT_15m
5,44,24.0,62.0,20.0,6.8,1.8,1.0,0.0,6,1.0,5.0,8.4,1,risk_based,S,5.0,180.0,10000.0,17,0.7058823529411765,1132.5225351773515,3.205237629206807,0.019899999999999956,8.88212132300273,SOLUSDT_4h
4,32,36.0,62.0,16.0,7.6,2.2,1.0,0.15,7,3.0,5.5,8.0,1,risk_based,S,5.0,180.0,10000.0,23,0.6956521739130435,3466.643687642001,2.231863234762331,0.18492682765934312,8.879067935058199,SOLUSDT_1h
6,28,36.0,64.0,18.0,6.8,2.2,0.8,0.1,2,2.5,3.0,8.4,1,risk_based,S,5.0,180.0,10000.0,23,0.782608695652174,1785.1159984772585,2.8076791867035333,0.05363821749846091,8.873472762867205,ETHUSDT_15m
4,44,34.0,64.0,20.0,8.0,2.6,0.8,0.1,5,1.0,5.0,7.8,1,risk_based,S,5.0,180.0,10000.0,16,0.75,3361.0364327749157,2.1779829938310487,0.09629104407496217,8.873129288212127,ETHUSDT_4h
6,40,40.0,68.0,16.0,6.6,1.6,1.0,0.05,6,2.0,3.0,7.6,1,risk_based,S,5.0,180.0,10000.0,24,0.7916666666666666,2095.1632433401337,2.6134624593968945,0.04507179301534364,8.854372783087893,ETHUSDT_15m
5,44,40.0,60.0,14.0,7.8,2.0,1.0,0.05,3,2.0,3.5,7.6,1,risk_based,S,5.0,180.0,10000.0,20,0.8,2242.806509229311,2.573120789169574,0.055625629294871054,8.822171199683847,ETHUSDT_15m
3,40,40.0,68.0,16.0,6.8,1.8,1.0,0.0,2,3.0,4.0,8.0,1,risk_based,S,5.0,180.0,10000.0,20,0.75,2644.9191094496455,2.44658482402981,0.08939956863888059,8.794890051592622,SOLUSDT_1h
3,44,34.0,64.0,20.0,6.6,1.8,1.2,0.2,7,2.5,5.0,7.8,1,risk_based,S,5.0,180.0,10000.0,27,0.5185185185185185,3805.394828175078,2.0360334500192225,0.13886845587786067,8.778634138357717,BTCUSDT_1h
5,32,24.0,60.0,12.0,8.0,2.4,0.6,0.0,6,1.5,7.0,8.0,1,risk_based,S,5.0,180.0,10000.0,22,0.8636363636363636,1812.3637911253209,2.713080341935677,0.06733796745488305,8.77196511808657,ETHUSDT_15m
5,32,26.0,66.0,22.0,6.6,2.6,0.6,0.0,5,2.0,3.5,7.8,1,risk_based,S,5.0,180.0,10000.0,25,0.76,2458.5606646426604,2.370981815493142,0.057205359337867696,8.668908217615341,SOLUSDT_15m
5,32,26.0,66.0,22.0,6.6,2.6,0.6,0.0,5,2.0,3.5,7.8,1,risk_based,S,5.0,180.0,10000.0,20,0.7,1952.9743570272512,2.697715587431414,0.059705217502803436,8.61928987938167,BTCUSDT_15m
6,36,32.0,70.0,18.0,7.6,1.6,1.2,0.1,3,2.5,4.5,8.0,1,risk_based,S,5.0,180.0,10000.0,19,0.6842105263157895,2704.005949869832,2.3545548069662434,0.06697525198721632,8.618505597314355,SOLUSDT_15m
4,24,30.0,66.0,14.0,7.8,1.8,1.0,0.15,3,1.0,6.5,8.8,1,risk_based,S,5.0,180.0,10000.0,28,0.7857142857142857,1171.7836334203948,2.8974425253921288,0.03420976880108698,8.602610806372821,ETHUSDT_15m
6,32,36.0,62.0,12.0,7.2,1.6,1.0,0.2,8,1.0,7.5,8.8,1,risk_based,S,5.0,180.0,10000.0,22,0.8181818181818182,851.7648367970523,3.0575886038604136,0.012830577903999881,8.595723038078606,ETHUSDT_15m
6,32,24.0,68.0,18.0,7.8,1.6,0.8,0.15,5,3.0,3.0,8.8,1,risk_based,S,5.0,180.0,10000.0,22,0.8636363636363636,1554.8485384102441,2.720180198869164,0.04703588805054848,8.58955581745147,ETHUSDT_15m
4,40,22.0,62.0,14.0,7.0,1.6,0.6,0.05,5,3.0,3.5,8.2,1,risk_based,S,5.0,180.0,10000.0,22,0.7272727272727273,2722.48880245741,2.230209987675806,0.05910000000000009,8.53651786871811,ETHUSDT_4h
6,36,18.0,64.0,20.0,7.8,1.8,0.8,0.1,5,2.0,6.5,8.4,1,risk_based,S,5.0,180.0,10000.0,23,0.8260869565217391,1442.522033739595,2.7322739356819112,0.026064485854047498,8.528006882323886,ETHUSDT_15m
6,20,18.0,66.0,12.0,7.8,2.0,1.2,0.1,5,3.0,8.0,8.6,1,risk_based,S,5.0,180.0,10000.0,19,0.631578947368421,2551.7393824438623,2.389974824521442,0.05232041301319344,8.502096213499799,SOLUSDT_15m
6,32,26.0,70.0,20.0,7.4,2.0,0.8,0.0,4,2.5,4.5,8.8,1,risk_based,S,5.0,180.0,10000.0,22,0.8181818181818182,1695.0640687770683,2.6294901059656164,0.04937500000000013,8.473192007981027,ETHUSDT_15m
5,24,34.0,66.0,18.0,8.0,1.8,1.0,0.05,3,3.0,7.0,8.0,1,risk_based,S,5.0,180.0,10000.0,23,0.7391304347826086,2498.737129300014,2.2649702822238065,0.06346822654031188,8.406968666300603,ETHUSDT_15m
6,20,20.0,62.0,12.0,7.6,1.6,0.8,0.2,3,1.0,3.5,8.6,1,risk_based,S,5.0,180.0,10000.0,23,0.8260869565217391,802.9054757237973,2.9713610919277262,0.019307375841087607,8.386835966838596,ETHUSDT_15m
5,44,34.0,68.0,16.0,7.2,2.6,0.6,0.0,7,1.5,5.0,7.6,1,risk_based,S,5.0,180.0,10000.0,22,0.8181818181818182,1978.1608792930401,2.4811926893780702,0.0877123530906543,8.344681926049946,ETHUSDT_15m
4,44,14.0,68.0,14.0,7.2,1.8,1.2,0.0,6,1.5,6.5,8.6,1,risk_based,S,5.0,180.0,10000.0,26,0.7692307692307693,1535.0681067309342,2.613134264185235,0.03433900909077339,8.332165761675238,ETHUSDT_15m
6,20,18.0,66.0,12.0,7.8,2.0,1.2,0.1,5,3.0,8.0,8.6,1,risk_based,S,5.0,180.0,10000.0,21,0.8095238095238095,1981.6868741710914,2.4719649687302163,0.0807379907364636,8.31768855370785,ETHUSDT_15m
6,36,32.0,70.0,12.0,6.8,2.6,1.2,0.05,8,2.5,4.0,7.6,1,risk_based,S,5.0,180.0,10000.0,18,0.5,3023.174044928448,2.2401629316418963,0.11310169714248695,8.27419481678478,SOLUSDT_15m
6,32,16.0,68.0,12.0,7.8,2.6,1.0,0.2,4,1.0,3.5,7.8,1,risk_based,S,5.0,180.0,10000.0,13,0.6923076923076923,2068.6995086519073,2.587135910397382,0.09685401924659348,8.25087081016843,ETHUSDT_1h
4,44,34.0,66.0,20.0,6.8,2.2,1.2,0.2,5,3.0,5.0,8.4,1,risk_based,S,5.0,180.0,10000.0,28,0.6785714285714286,2551.145815362088,2.1639818885528985,0.0699951213182903,8.246981371370158,ETHUSDT_15m
5,32,24.0,62.0,18.0,7.6,2.0,1.2,0.1,8,2.5,5.0,8.8,1,risk_based,S,5.0,180.0,10000.0,15,0.6666666666666666,2046.4650035579507,2.5935943774666206,0.0958032211037175,8.24624409518004,SOLUSDT_1h
6,36,32.0,70.0,12.0,6.8,2.6,1.2,0.05,8,2.5,4.0,7.6,1,risk_based,S,5.0,180.0,10000.0,13,0.6923076923076923,2169.9421022728675,2.5290323976492055,0.10618879877329378,8.207902039712936,ETHUSDT_1h
5,28,24.0,68.0,12.0,7.0,1.8,0.8,0.15,7,1.5,4.5,7.6,1,risk_based,S,5.0,180.0,10000.0,20,0.75,2573.9500972742608,2.1214522998051293,0.04500000000000006,8.20685469688452,ETHUSDT_4h
5,24,14.0,62.0,20.0,6.8,1.6,1.2,0.0,8,3.0,4.0,7.8,1,risk_based,S,5.0,180.0,10000.0,15,0.7333333333333333,2323.5178907953086,2.3002599492083196,0.040000000000000036,8.204037789211947,SOLUSDT_4h
4,40,32.0,68.0,18.0,7.2,2.2,1.2,0.05,2,1.0,8.0,8.2,1,risk_based,S,5.0,180.0,10000.0,15,0.6666666666666666,1404.8019165841397,2.764886147733661,0.03278062771449641,8.136232328907973,SOLUSDT_15m
4,44,14.0,68.0,14.0,7.2,1.8,1.2,0.0,6,1.5,6.5,8.6,1,risk_based,S,5.0,180.0,10000.0,17,0.6470588235294118,1507.5456281538445,2.663494701846737,0.044328375,8.012138142141437,SOLUSDT_1h
6,32,14.0,64.0,16.0,7.8,2.2,0.8,0.15,3,2.0,6.0,8.2,1,risk_based,S,5.0,180.0,10000.0,22,0.8181818181818182,1276.4741962709923,2.5972055280117368,0.04759472238220319,7.995373812420584,ETHUSDT_15m
6,40,20.0,68.0,18.0,7.0,2.6,0.6,0.1,6,3.0,5.5,7.6,1,risk_based,S,5.0,180.0,10000.0,13,0.8461538461538461,1619.424639800889,2.4564062291307738,0.05000000000000005,7.911467867293205,ETHUSDT_4h
3,20,36.0,64.0,14.0,7.2,1.8,0.6,0.2,2,3.0,6.0,7.6,1,risk_based,S,5.0,180.0,10000.0,34,0.8235294117647058,2103.595649125362,2.024032407394545,0.06048747449297267,7.885492158082592,SOLUSDT_15m
5,32,24.0,62.0,18.0,7.6,2.0,1.2,0.1,8,2.5,5.0,8.8,1,risk_based,S,5.0,180.0,10000.0,23,0.6956521739130435,1881.0402506502414,2.3185019236791478,0.04937500000000004,7.873397358878102,ETHUSDT_15m
6,20,18.0,66.0,12.0,7.8,2.0,1.2,0.1,5,3.0,8.0,8.6,1,risk_based,S,5.0,180.0,10000.0,12,0.6666666666666666,1876.4313469825902,2.541461259441017,0.11311366294199998,7.860012877038625,SOLUSDT_1h
5,40,34.0,70.0,12.0,7.0,2.4,0.8,0.05,5,2.5,5.0,8.6,1,risk_based,S,5.0,180.0,10000.0,27,0.7407407407407407,1859.6718545758886,2.3058027661979117,0.08939852810001869,7.854192913782767,SOLUSDT_15m
5,32,26.0,66.0,22.0,6.6,2.6,0.6,0.0,5,2.0,3.5,7.8,1,risk_based,S,5.0,180.0,10000.0,21,0.8095238095238095,1936.7861379845453,2.336575338723876,0.13281999937500003,7.845762531593011,SOLUSDT_1h
6,36,26.0,64.0,14.0,7.0,2.4,1.2,0.0,8,1.0,3.5,7.8,1,risk_based,S,5.0,180.0,10000.0,14,0.6428571428571429,2246.840693160031,2.319630580223104,0.09685401924659338,7.839825510152173,ETHUSDT_1h
6,32,26.0,70.0,20.0,7.4,2.0,0.8,0.0,4,2.5,4.5,8.8,1,risk_based,S,5.0,180.0,10000.0,23,0.7391304347826086,1842.1491910906807,2.29562066625554,0.05680636901679019,7.831667068725303,SOLUSDT_15m
3,40,30.0,62.0,16.0,6.6,1.6,1.0,0.05,7,2.5,3.5,8.8,1,risk_based,S,5.0,180.0,10000.0,22,0.6818181818181818,2173.208342450349,2.187886351498823,0.06045652535953003,7.830338742096678,SOLUSDT_1h
6,32,26.0,70.0,20.0,7.4,2.0,0.8,0.0,4,2.5,4.5,8.8,1,risk_based,S,5.0,180.0,10000.0,18,0.8333333333333334,1224.7266786663822,2.5947448639311594,0.073140625,7.804794531528701,SOLUSDT_1h
6,20,18.0,66.0,12.0,7.8,2.0,1.2,0.1,5,3.0,8.0,8.6,1,risk_based,S,5.0,180.0,10000.0,13,0.6923076923076923,2307.2258025342217,2.295840278582917,0.13296065000000004,7.798485948161593,ETHUSDT_4h
6,32,30.0,62.0,22.0,8.0,2.6,1.2,0.15,8,1.0,3.5,8.0,1,risk_based,S,5.0,180.0,10000.0,11,0.6363636363636364,2105.4864220559903,2.4520669334456793,0.13047861337331268,7.792729903372865,SOLUSDT_1h
6,44,22.0,60.0,12.0,7.6,1.8,1.0,0.05,7,2.5,7.0,8.6,1,risk_based,S,5.0,180.0,10000.0,16,0.6875,1835.5434411182068,2.386553690431382,0.05820618531097728,7.785282266048039,ETHUSDT_1h
5,28,22.0,68.0,22.0,7.4,2.4,0.6,0.2,3,1.0,4.5,8.6,1,risk_based,S,5.0,180.0,10000.0,23,0.782608695652174,860.0722820780175,2.7115002841332556,0.04390701522326381,7.785264848152998,SOLUSDT_1h
5,24,34.0,66.0,18.0,8.0,1.8,1.0,0.05,3,3.0,7.0,8.0,1,risk_based,S,5.0,180.0,10000.0,19,0.7894736842105263,2395.3314985979305,2.1834967186960164,0.18503508204415894,7.771430216173276,SOLUSDT_1h
3,44,26.0,68.0,12.0,8.0,2.2,0.6,0.05,6,2.0,7.5,8.8,1,risk_based,S,5.0,180.0,10000.0,24,0.875,1014.1924200666381,2.545933433621978,0.05186870139464321,7.742953183126664,ETHUSDT_1h
3,44,26.0,68.0,12.0,8.0,2.2,0.6,0.05,6,2.0,7.5,8.8,1,risk_based,S,5.0,180.0,10000.0,29,0.8620689655172413,986.8273128066812,2.4672451902859684,0.03411129643769065,7.692087252341408,ETHUSDT_15m
4,24,30.0,66.0,14.0,7.8,1.8,1.0,0.15,3,1.0,6.5,8.8,1,risk_based,S,5.0,180.0,10000.0,22,0.6818181818181818,1249.968962409679,2.5566943787405783,0.05169945314482209,7.6709866331836425,SOLUSDT_1h
6,40,28.0,60.0,14.0,7.4,2.4,0.8,0.1,5,2.5,3.5,7.6,1,risk_based,S,5.0,180.0,10000.0,15,0.8,1581.625613240696,2.439375363108608,0.10136787499999983,7.656272714457913,SOLUSDT_1h
5,44,28.0,68.0,22.0,7.8,2.4,1.2,0.05,7,2.5,6.5,8.0,1,risk_based,S,5.0,180.0,10000.0,13,0.6153846153846154,2850.988857156877,2.0847882766425263,0.18503508204415897,7.648537087386376,SOLUSDT_1h
5,24,34.0,66.0,18.0,8.0,1.8,1.0,0.05,3,3.0,7.0,8.0,1,risk_based,S,5.0,180.0,10000.0,17,0.7058823529411765,2993.9229280520904,1.9058362833818865,0.1854937499999999,7.6479377742276275,ETHUSDT_4h
6,28,36.0,64.0,18.0,6.8,2.2,0.8,0.1,2,2.5,3.0,8.4,1,risk_based,S,5.0,180.0,10000.0,30,0.6666666666666666,2252.1593215281264,2.0131018652554724,0.07911557917503058,7.64101631451398,SOLUSDT_15m
4,20,30.0,60.0,14.0,6.8,2.4,0.6,0.05,5,1.0,7.5,7.8,1,risk_based,S,5.0,180.0,10000.0,20,0.75,2736.105271867058,1.9099315222300206,0.18293933267456264,7.532150318303412,ETHUSDT_4h
4,28,18.0,70.0,12.0,7.8,1.6,1.2,0.05,3,2.5,5.5,8.0,1,risk_based,S,5.0,180.0,10000.0,20,0.55,3698.348504651536,1.6379965231141036,0.2262190625,7.520684363379744,ETHUSDT_4h
6,24,18.0,70.0,20.0,8.0,1.6,0.8,0.0,5,1.5,6.5,8.6,1,risk_based,S,5.0,180.0,10000.0,18,0.8333333333333334,759.9059355963909,2.6348507556682157,0.04432837500000005,7.506622321932823,SOLUSDT_1h
6,36,32.0,70.0,18.0,7.6,1.6,1.2,0.1,3,2.5,4.5,8.0,1,risk_based,S,5.0,180.0,10000.0,16,0.6875,2102.0953498088256,2.152498914767695,0.08425554492921081,7.505576544556583,ETHUSDT_1h
6,28,34.0,66.0,22.0,7.0,2.2,0.8,0.2,7,2.0,7.5,8.8,1,risk_based,S,5.0,180.0,10000.0,26,0.6923076923076923,1879.155613915529,2.1123926995546825,0.056156385859217575,7.4939333939087795,SOLUSDT_15m
6,36,32.0,68.0,14.0,7.8,2.2,1.2,0.1,8,3.0,6.0,8.0,1,risk_based,S,5.0,180.0,10000.0,14,0.6428571428571429,2369.4399436319436,2.114458677619676,0.11699454542322528,7.491659376887335,ETHUSDT_1h
6,40,40.0,66.0,12.0,8.0,2.0,1.2,0.1,4,1.0,4.0,8.0,1,risk_based,S,5.0,180.0,10000.0,12,0.6666666666666666,2108.364147060587,2.294006925003695,0.1491246161919999,7.489004148491977,SOLUSDT_1h
6,40,28.0,60.0,14.0,7.4,2.4,0.8,0.1,5,2.5,3.5,7.6,1,risk_based,S,5.0,180.0,10000.0,25,0.68,2240.8761835651458,2.0109075792519353,0.10545087493560039,7.466338717262215,SOLUSDT_15m
6,36,18.0,64.0,20.0,7.8,1.8,0.8,0.1,5,2.0,6.5,8.4,1,risk_based,S,5.0,180.0,10000.0,24,0.7083333333333334,1687.227264447938,2.2057627410241016,0.06375777312979199,7.449979427106765,SOLUSDT_15m
3,32,24.0,70.0,22.0,7.8,2.6,0.8,0.15,3,3.0,7.0,7.6,1,risk_based,S,5.0,180.0,10000.0,18,0.7777777777777778,2107.7519892359524,2.1418185707405537,0.1611720200222342,7.434539737317024,ETHUSDT_1h
3,24,16.0,60.0,16.0,6.8,2.4,0.8,0.1,7,2.5,4.5,8.4,1,risk_based,S,5.0,180.0,10000.0,23,0.7391304347826086,1808.2687059621312,2.1348015480574674,0.07672571089085367,7.416390321578418,ETHUSDT_1h
6,20,24.0,64.0,20.0,7.4,1.6,1.2,0.2,2,2.5,3.5,8.4,1,risk_based,S,5.0,180.0,10000.0,13,0.6923076923076923,1494.3647108548685,2.433492809321567,0.09359960145307168,7.3790130636003255,SOLUSDT_1h
6,32,30.0,62.0,22.0,8.0,2.6,1.2,0.15,8,1.0,3.5,8.0,1,risk_based,S,5.0,180.0,10000.0,21,0.7142857142857143,2162.045221647142,2.0001606336278654,0.09162327108199132,7.378925247085469,ETHUSDT_15m
4,28,18.0,70.0,12.0,7.8,1.6,1.2,0.05,3,2.5,5.5,8.0,1,risk_based,S,5.0,180.0,10000.0,17,0.6470588235294118,2737.8529409226685,1.8995572040263493,0.15645305850904365,7.378196408742353,SOLUSDT_1h
6,28,34.0,66.0,22.0,7.0,2.2,0.8,0.2,7,2.0,7.5,8.8,1,risk_based,S,5.0,180.0,10000.0,14,0.8571428571428571,673.0267670219146,2.6234875840178726,0.03959999999999998,7.366916220771945,SOLUSDT_1h
3,36,16.0,66.0,22.0,7.6,2.0,0.8,0.1,3,2.0,6.0,7.8,1,risk_based,S,5.0,180.0,10000.0,21,0.7142857142857143,2710.2945764229444,1.8786346016680902,0.2020393656753335,7.352874254161696,ETHUSDT_1h
6,28,22.0,64.0,14.0,6.8,2.6,0.8,0.1,2,3.0,4.0,7.8,1,risk_based,S,5.0,180.0,10000.0,27,0.6296296296296297,2425.5285564569913,1.8710493743702632,0.10741414457216636,7.329829315925464,SOLUSDT_15m
6,36,14.0,60.0,12.0,7.0,2.4,0.6,0.1,6,3.0,4.0,8.2,1,risk_based,S,5.0,180.0,10000.0,14,0.7857142857142857,1306.523756663013,2.3580513551835214,0.057406380000000305,7.308978755601484,ETHUSDT_4h
5,44,28.0,68.0,22.0,7.8,2.4,1.2,0.05,7,2.5,6.5,8.0,1,risk_based,S,5.0,180.0,10000.0,21,0.7142857142857143,2297.242853760634,1.887566513567483,0.0890154954300589,7.2967579660339945,ETHUSDT_15m
6,28,34.0,66.0,22.0,7.0,2.2,0.8,0.2,7,2.0,7.5,8.8,1,risk_based,S,5.0,180.0,10000.0,24,0.8333333333333334,1090.0829854220738,2.287565716841833,0.03307968790664403,7.295975355385806,ETHUSDT_15m
5,44,34.0,68.0,16.0,7.2,2.6,0.6,0.0,7,1.5,5.0,7.6,1,risk_based,S,5.0,180.0,10000.0,15,0.8666666666666667,1524.0224999999991,2.2241365807815803,0.09750000000000007,7.279795661563159,ETHUSDT_4h
6,28,22.0,64.0,14.0,6.8,2.6,0.8,0.1,2,3.0,4.0,7.8,1,risk_based,S,5.0,180.0,10000.0,11,0.8181818181818182,1305.559691803479,2.3615558023031737,0.07295089326253344,7.257091343894953,ETHUSDT_4h
6,36,32.0,68.0,14.0,7.8,2.2,1.2,0.1,8,3.0,6.0,8.0,1,risk_based,S,5.0,180.0,10000.0,18,0.6111111111111112,1855.3288494967146,2.143161669484625,0.06102857657402313,7.235233125410563,BTCUSDT_15m
4,28,16.0,62.0,16.0,7.4,1.8,1.2,0.2,7,2.0,7.5,8.8,1,risk_based,S,5.0,180.0,10000.0,28,0.7142857142857143,1542.0542489650543,2.1078729022671716,0.05562582482173684,7.222351150462758,ETHUSDT_15m
4,32,36.0,62.0,16.0,7.6,2.2,1.0,0.15,7,3.0,5.5,8.0,1,risk_based,S,5.0,180.0,10000.0,12,0.6666666666666666,2409.8068941071033,1.9989423404940954,0.14262500000000009,7.219816575095294,ETHUSDT_4h
6,32,14.0,64.0,16.0,7.8,2.2,0.8,0.15,3,2.0,6.0,8.2,1,risk_based,S,5.0,180.0,10000.0,17,0.8235294117647058,888.8822024788733,2.445859879522258,0.058808000000000096,7.1794720791704485,SOLUSDT_1h
4,20,30.0,60.0,14.0,6.8,2.4,0.6,0.05,5,1.0,7.5,7.8,1,risk_based,S,5.0,180.0,10000.0,27,0.6666666666666666,1760.3259743744748,2.045293786568201,0.07174252743382813,7.175685965209392,BTCUSDT_15m
6,36,32.0,70.0,18.0,7.6,1.6,1.2,0.1,3,2.5,4.5,8.0,1,risk_based,S,5.0,180.0,10000.0,13,0.6923076923076923,2145.943366837022,2.1096697138113667,0.16671317809387481,7.163604798639669,SOLUSDT_1h
6,32,24.0,68.0,18.0,7.8,1.6,0.8,0.15,5,3.0,3.0,8.8,1,risk_based,S,5.0,180.0,10000.0,18,0.8333333333333334,1236.4876800422953,2.289195222502852,0.08732700000000003,7.162897125047999,SOLUSDT_1h
6,40,28.0,64.0,22.0,7.8,2.4,0.6,0.15,2,2.0,5.0,8.0,1,risk_based,S,5.0,180.0,10000.0,21,0.8095238095238095,2051.2627610183754,1.9840007094679573,0.17471437280936292,7.1294067758119155,SOLUSDT_1h
4,28,18.0,70.0,12.0,7.8,1.6,1.2,0.05,3,2.5,5.5,8.0,1,risk_based,S,5.0,180.0,10000.0,19,0.6842105263157895,2627.536504315187,1.7494368922343067,0.1422295775823544,7.106037345510421,SOLUSDT_4h
6,40,40.0,68.0,16.0,6.6,1.6,1.0,0.05,6,2.0,3.0,7.6,1,risk_based,S,5.0,180.0,10000.0,17,0.6470588235294118,1901.2123154740202,2.055323954245832,0.07791800000000003,7.088694459259802,SOLUSDT_1h
3,20,20.0,62.0,20.0,6.6,2.4,0.8,0.2,5,1.5,6.5,8.4,1,risk_based,S,5.0,180.0,10000.0,28,0.7857142857142857,935.1234890982596,2.2271854796665753,0.019803908868461163,7.068654150397455,ETHUSDT_15m
3,20,36.0,64.0,14.0,7.2,1.8,0.6,0.2,2,3.0,6.0,7.6,1,risk_based,S,5.0,180.0,10000.0,26,0.8461538461538461,1642.3451932345579,1.9297730873360586,0.09286592896097304,7.012524350254525,ETHUSDT_1h
5,32,24.0,60.0,12.0,8.0,2.4,0.6,0.0,6,1.5,7.0,8.0,1,risk_based,S,5.0,180.0,10000.0,23,0.7391304347826086,1433.8497630378697,2.132419259584105,0.09710799565113513,6.976059947426587,BTCUSDT_15m
4,40,28.0,64.0,22.0,7.4,1.6,0.8,0.1,3,2.0,4.0,8.0,1,risk_based,S,5.0,180.0,10000.0,27,0.7037037037037037,1933.5802483539155,1.8490111878858335,0.08907579195758678,6.959930803808377,ETHUSDT_15m
4,28,16.0,62.0,16.0,7.4,1.8,1.2,0.2,7,2.0,7.5,8.8,1,risk_based,S,5.0,180.0,10000.0,17,0.6470588235294118,1451.0815920241675,2.20906659470907,0.07376833650061043,6.958498007234594,SOLUSDT_1h
5,32,30.0,60.0,16.0,7.4,1.8,1.2,0.2,6,2.0,6.5,8.2,1,risk_based,S,5.0,180.0,10000.0,22,0.7272727272727273,1262.766208762283,2.138812579219992,0.039599999999999996,6.952500458111358,ETHUSDT_15m
3,36,22.0,66.0,18.0,8.0,2.0,0.8,0.0,4,2.5,3.5,8.8,1,risk_based,S,5.0,180.0,10000.0,24,0.75,1639.5379547764078,1.988922144066751,0.09441868836811336,6.939126177805569,ETHUSDT_1h
3,24,16.0,60.0,16.0,6.8,2.4,0.8,0.1,7,2.5,4.5,8.4,1,risk_based,S,5.0,180.0,10000.0,27,0.7777777777777778,1151.4349989683797,2.0902624496109334,0.034820237672306326,6.934165851839995,ETHUSDT_15m
4,24,40.0,62.0,14.0,7.8,1.6,0.8,0.1,8,2.5,8.0,8.8,1,risk_based,S,5.0,180.0,10000.0,26,0.8076923076923077,1304.7198365931927,2.0166205180732963,0.061050379058851315,6.886348197101693,ETHUSDT_15m
4,24,14.0,70.0,14.0,7.8,2.0,1.0,0.0,8,2.0,5.5,8.6,1,risk_based,S,5.0,180.0,10000.0,23,0.6521739130434783,1636.1636650846613,2.0129848452379577,0.07967234341329857,6.861377194885899,SOLUSDT_1h
4,20,14.0,62.0,16.0,7.4,2.2,0.6,0.15,7,2.0,6.0,8.0,1,risk_based,S,5.0,180.0,10000.0,12,0.75,1803.3595858654826,1.9883484893308894,0.09630741644170325,6.856134315202152,ETHUSDT_4h
5,28,22.0,68.0,22.0,7.4,2.4,0.6,0.2,3,1.0,4.5,8.6,1,risk_based,S,5.0,180.0,10000.0,24,0.7916666666666666,796.2708168827539,2.210061130027576,0.03278062771449643,6.785551193794417,SOLUSDT_15m
6,24,20.0,64.0,14.0,6.6,2.4,0.6,0.1,2,1.0,7.5,8.2,1,risk_based,S,5.0,180.0,10000.0,28,0.6785714285714286,1173.7373259307114,2.0739693499883227,0.04427096712500361,6.766720267389488,SOLUSDT_15m
6,40,32.0,62.0,22.0,7.8,2.2,1.2,0.05,3,1.0,3.5,8.8,1,risk_based,S,5.0,180.0,10000.0,22,0.6818181818181818,882.7855643255207,2.2501857572921335,0.026710242836736186,6.7657536231268525,ETHUSDT_15m
6,40,32.0,62.0,22.0,7.8,2.2,1.2,0.05,3,1.0,3.5,8.8,1,risk_based,S,5.0,180.0,10000.0,13,0.6153846153846154,1029.7253147570227,2.3000510490384665,0.0327806277144964,6.71456245276739,SOLUSDT_15m
4,20,26.0,66.0,22.0,8.0,2.0,0.6,0.05,4,2.0,6.5,7.6,1,risk_based,S,5.0,180.0,10000.0,20,0.8,1975.432193638655,1.7612938182544704,0.1410694480628078,6.674811485959173,ETHUSDT_4h
6,36,32.0,70.0,18.0,7.6,1.6,1.2,0.1,3,2.5,4.5,8.0,1,risk_based,S,5.0,180.0,10000.0,16,0.625,2352.3374334728123,1.7214024048421315,0.12901612499999995,6.665593868157075,ETHUSDT_4h
5,32,24.0,62.0,18.0,7.6,2.0,1.2,0.1,8,2.5,5.0,8.8,1,risk_based,S,5.0,180.0,10000.0,19,0.631578947368421,1537.7173477470387,2.0102640857867358,0.07664417534643601,6.655681414333834,SOLUSDT_15m
3,36,22.0,66.0,18.0,8.0,2.0,0.8,0.0,4,2.5,3.5,8.8,1,risk_based,S,5.0,180.0,10000.0,30,0.8,1039.3579487373772,1.9696088598661436,0.042794229756327365,6.650192979200682,ETHUSDT_15m
4,20,14.0,62.0,16.0,7.4,2.2,0.6,0.15,7,2.0,6.0,8.0,1,risk_based,S,5.0,180.0,10000.0,27,0.8148148148148148,1302.745954087657,1.8822058522882972,0.06004050615570452,6.649258362419361,SOLUSDT_15m
3,36,36.0,60.0,14.0,7.2,2.0,0.6,0.05,3,1.5,7.0,7.6,1,risk_based,S,5.0,180.0,10000.0,28,0.8571428571428571,1450.7139345907071,1.826145696216557,0.10528104855618246,6.6328764670695595,ETHUSDT_1h
6,36,32.0,68.0,14.0,7.8,2.2,1.2,0.1,8,3.0,6.0,8.0,1,risk_based,S,5.0,180.0,10000.0,22,0.7272727272727273,1847.0916265407468,1.800320857666579,0.12519226239511616,6.603065645597647,ETHUSDT_15m
6,36,18.0,64.0,20.0,7.8,1.8,0.8,0.1,5,2.0,6.5,8.4,1,risk_based,S,5.0,180.0,10000.0,20,0.7,1369.8440799863765,1.9750020460465343,0.062145833299098584,6.58341067218215,ETHUSDT_4h
4,24,14.0,70.0,14.0,7.8,2.0,1.0,0.0,8,2.0,5.5,8.6,1,risk_based,S,5.0,180.0,10000.0,24,0.7083333333333334,1455.7125051167332,1.896338879814491,0.07010230400000003,6.580583352745714,SOLUSDT_15m
6,40,40.0,66.0,12.0,8.0,2.0,1.2,0.1,4,1.0,4.0,8.0,1,risk_based,S,5.0,180.0,10000.0,19,0.631578947368421,1526.2909014537345,1.9428820461722738,0.05882549377005342,6.562946933540753,BTCUSDT_15m
3,40,36.0,64.0,20.0,7.0,2.4,0.6,0.1,8,3.0,7.5,7.8,1,risk_based,S,5.0,180.0,10000.0,25,0.8,1287.2308762194043,1.8770624866324486,0.06229644523620511,6.554466513775686,SOLUSDT_15m
6,40,40.0,66.0,12.0,8.0,2.0,1.2,0.1,4,1.0,4.0,8.0,1,risk_based,S,5.0,180.0,10000.0,21,0.7619047619047619,1655.9687057144365,1.8266252221432526,0.10887668088375096,6.545446250206831,ETHUSDT_15m
5,32,30.0,60.0,16.0,7.4,1.8,1.2,0.2,6,2.0,6.5,8.2,1,risk_based,S,5.0,180.0,10000.0,15,0.6,1364.1130546767963,2.1322164362050713,0.09607920319999994,6.5403083174869385,SOLUSDT_1h
4,28,38.0,62.0,20.0,6.6,2.4,1.0,0.15,2,1.0,5.5,8.8,1,risk_based,S,5.0,180.0,10000.0,26,0.7307692307692307,794.1420369889856,2.111706357408132,0.03160213517684988,6.538902192428546,ETHUSDT_15m
4,44,34.0,64.0,20.0,8.0,2.6,0.8,0.1,5,1.0,5.0,7.8,1,risk_based,S,5.0,180.0,10000.0,25,0.76,1490.9099002848852,1.8142928979467998,0.07926384011255926,6.521704175840807,ETHUSDT_15m
5,44,40.0,60.0,14.0,7.8,2.0,1.0,0.05,3,2.0,3.5,7.6,1,risk_based,S,5.0,180.0,10000.0,17,0.6470588235294118,2131.0749862646244,1.7807768713356278,0.16317129939687502,6.513703066039373,ETHUSDT_4h
4,28,26.0,60.0,22.0,7.6,2.4,1.0,0.0,7,2.0,7.0,8.0,1,risk_based,S,5.0,180.0,10000.0,21,0.6666666666666666,1560.4328260751445,1.8982805147366462,0.09089397131436787,6.504311941605333,SOLUSDT_15m
4,32,36.0,62.0,16.0,7.6,2.2,1.0,0.15,7,3.0,5.5,8.0,1,risk_based,S,5.0,180.0,10000.0,21,0.7142857142857143,1589.550615773329,1.8918908834506523,0.12609154821570318,6.486486309456095,SOLUSDT_15m
5,32,26.0,66.0,22.0,6.6,2.6,0.6,0.0,5,2.0,3.5,7.8,1,risk_based,S,5.0,180.0,10000.0,19,0.7894736842105263,1275.7555434797578,1.9516092529914202,0.08577031446649824,6.485873632378892,ETHUSDT_15m
3,32,14.0,70.0,20.0,6.6,2.0,0.8,0.0,8,1.0,3.0,7.8,1,risk_based,S,5.0,180.0,10000.0,28,0.5714285714285714,2105.631878175962,1.6633896826919694,0.12283269862011902,6.481056004842401,BTCUSDT_1h
5,24,14.0,62.0,20.0,6.8,1.6,1.2,0.0,8,3.0,4.0,7.8,1,risk_based,S,5.0,180.0,10000.0,22,0.7272727272727273,1698.9212339207115,1.7394792357908444,0.07839999999999997,6.473588796411492,ETHUSDT_15m
5,24,34.0,66.0,18.0,8.0,1.8,1.0,0.05,3,3.0,7.0,8.0,1,risk_based,S,5.0,180.0,10000.0,16,0.6875,1924.463286308801,1.726842950216458,0.09749999999999989,6.436899186741718,SOLUSDT_4h
6,32,30.0,62.0,22.0,8.0,2.6,1.2,0.15,8,1.0,3.5,8.0,1,risk_based,S,5.0,180.0,10000.0,13,0.6153846153846154,1610.8671566369012,1.9648840765890825,0.09685401924659348,6.433150175152209,ETHUSDT_1h
6,28,26.0,70.0,16.0,7.0,1.8,1.2,0.15,7,1.5,7.5,8.4,1,risk_based,S,5.0,180.0,10000.0,20,0.6,1335.1726860153049,1.9628516246413805,0.04360341211346074,6.430065698957684,SOLUSDT_15m
3,36,36.0,60.0,14.0,7.2,2.0,0.6,0.05,3,1.5,7.0,7.6,1,risk_based,S,5.0,180.0,10000.0,31,0.8709677419354839,919.0363841208327,1.9086054679300728,0.08176162244271218,6.417414065556068,ETHUSDT_15m
3,28,30.0,66.0,22.0,7.6,1.6,1.0,0.0,8,2.5,6.5,7.6,1,risk_based,S,5.0,180.0,10000.0,28,0.7857142857142857,1425.475787797197,1.6975476542400714,0.05000000000000003,6.409142524848768,ETHUSDT_15m
5,28,24.0,68.0,12.0,7.0,1.8,0.8,0.15,7,1.5,4.5,7.6,1,risk_based,S,5.0,180.0,10000.0,16,0.6875,1776.1506620731761,1.7481826388856296,0.08797500000000001,6.359840939844435,SOLUSDT_4h
4,44,34.0,66.0,20.0,6.8,2.2,1.2,0.2,5,3.0,5.0,8.4,1,risk_based,S,5.0,180.0,10000.0,15,0.5333333333333333,2099.6403034907707,1.805802774353436,0.1589718304999999,6.334330360697642,ETHUSDT_4h
4,28,26.0,60.0,22.0,7.6,2.4,1.0,0.0,7,2.0,7.0,8.0,1,risk_based,S,5.0,180.0,10000.0,13,0.6153846153846154,2175.5928555519986,1.70079663711618,0.1426250000000001,6.3323880528612815,ETHUSDT_4h
4,40,32.0,68.0,18.0,7.2,2.2,1.2,0.05,2,1.0,8.0,8.2,1,risk_based,S,5.0,180.0,10000.0,14,0.5714285714285714,1181.5710451315845,2.1240999863834906,0.08743379049999996,6.304612503541423,ETHUSDT_4h
4,24,40.0,62.0,14.0,7.8,1.6,0.8,0.1,8,2.5,8.0,8.8,1,risk_based,S,5.0,180.0,10000.0,25,0.72,1405.2438881498601,1.8151829453345696,0.10632839333358773,6.296624598818236,SOLUSDT_1h
4,44,34.0,66.0,20.0,6.8,2.2,1.2,0.2,5,3.0,5.0,8.4,1,risk_based,S,5.0,180.0,10000.0,20,0.65,1553.5369129064202,1.8209044715497662,0.09388302685963827,6.288696775427039,SOLUSDT_1h
3,40,36.0,60.0,22.0,7.4,2.6,1.0,0.0,4,2.5,4.0,8.2,1,risk_based,S,5.0,180.0,10000.0,24,0.5833333333333334,1821.3975851602008,1.7343201526532706,0.12239251192700186,6.277860354685737,BTCUSDT_1h
6,24,18.0,70.0,20.0,8.0,1.6,0.8,0.0,5,1.5,6.5,8.6,1,risk_based,S,5.0,180.0,10000.0,23,0.7391304347826086,915.2180207391975,1.9488222506857553,0.039327447206259164,6.263575832665844,SOLUSDT_15m
3,40,40.0,68.0,16.0,6.8,1.8,1.0,0.0,2,3.0,4.0,8.0,1,risk_based,S,5.0,180.0,10000.0,25,0.64,2203.934875745901,1.5602301355772088,0.18462730239999997,6.2305132397003185,ETHUSDT_4h
3,32,24.0,70.0,22.0,7.8,2.6,0.8,0.15,3,3.0,7.0,7.6,1,risk_based,S,5.0,180.0,10000.0,27,0.7037037037037037,1370.4901436173586,1.7782650902729409,0.097550725913765,6.229923701977501,BTCUSDT_15m
6,20,20.0,62.0,12.0,7.6,1.6,0.8,0.2,3,1.0,3.5,8.6,1,risk_based,S,5.0,180.0,10000.0,21,0.8571428571428571,340.2277394164739,2.1097144262896044,0.02970099999999995,6.176267877709969,SOLUSDT_1h
5,24,14.0,62.0,20.0,6.8,1.6,1.2,0.0,8,3.0,4.0,7.8,1,risk_based,S,5.0,180.0,10000.0,14,0.6428571428571429,1612.1616159471541,1.7739731031712378,0.07839999999999993,6.169193536575345,ETHUSDT_4h
4,32,36.0,62.0,16.0,7.6,2.2,1.0,0.15,7,3.0,5.5,8.0,1,risk_based,S,5.0,180.0,10000.0,21,0.6190476190476191,1658.2655811935256,1.7255772280847974,0.1043936813485517,6.144810421888894,BTCUSDT_15m
6,36,26.0,64.0,14.0,7.0,2.4,1.2,0.0,8,1.0,3.5,7.8,1,risk_based,S,5.0,180.0,10000.0,18,0.5,1728.766427070048,1.8112937592280578,0.10687692241398432,6.140723178284211,SOLUSDT_15m
6,28,26.0,70.0,16.0,7.0,1.8,1.2,0.15,7,1.5,7.5,8.4,1,risk_based,S,5.0,180.0,10000.0,17,0.7647058823529411,787.7143056959994,1.9931926185806732,0.04458417310375882,6.127405847075481,BTCUSDT_15m
6,32,16.0,68.0,12.0,7.8,2.6,1.0,0.2,4,1.0,3.5,7.8,1,risk_based,S,5.0,180.0,10000.0,21,0.6190476190476191,1546.413562673044,1.7424949236151128,0.09186057642810272,6.10439310919039,BTCUSDT_15m
3,32,14.0,70.0,20.0,6.6,2.0,0.8,0.0,8,1.0,3.0,7.8,1,risk_based,S,5.0,180.0,10000.0,28,0.8571428571428571,828.4150440804951,1.7860579060890627,0.04770297729603845,6.1031362100847915,ETHUSDT_15m
5,44,34.0,68.0,16.0,7.2,2.6,0.6,0.0,7,1.5,5.0,7.6,1,risk_based,S,5.0,180.0,10000.0,23,0.6956521739130435,1522.8867200455588,1.6351976239845059,0.07186019831189053,6.081179633948464,SOLUSDT_15m
6,20,24.0,64.0,20.0,7.4,1.6,1.2,0.2,2,2.5,3.5,8.4,1,risk_based,S,5.0,180.0,10000.0,24,0.7083333333333334,1246.44684159608,1.7122135241945313,0.04937499999999996,6.065248889985142,ETHUSDT_15m
6,40,28.0,64.0,22.0,7.8,2.4,0.6,0.15,2,2.0,5.0,8.0,1,risk_based,S,5.0,180.0,10000.0,27,0.7777777777777778,1343.4100642826597,1.673698062225285,0.11204574609193808,6.061335617124083,BTCUSDT_15m
4,44,14.0,68.0,14.0,7.2,1.8,1.2,0.0,6,1.5,6.5,8.6,1,risk_based,S,5.0,180.0,10000.0,15,0.6,1005.5179931122766,2.0153166795942847,0.05866344937500012,6.060161004175846,ETHUSDT_4h
6,32,24.0,68.0,18.0,7.8,1.6,0.8,0.15,5,3.0,3.0,8.8,1,risk_based,S,5.0,180.0,10000.0,15,0.6666666666666666,1389.1344974735348,1.8148963917292509,0.087327,6.056946280932036,ETHUSDT_4h
5,40,34.0,70.0,12.0,7.0,2.4,0.8,0.05,5,2.5,5.0,8.6,1,risk_based,S,5.0,180.0,10000.0,23,0.6521739130434783,1119.4561073462537,1.8286875280195762,0.05428382616869524,6.052240554444539,BTCUSDT_15m
6,36,26.0,64.0,14.0,7.0,2.4,1.2,0.0,8,1.0,3.5,7.8,1,risk_based,S,5.0,180.0,10000.0,11,0.6363636363636364,1197.6256366884445,2.001158755711629,0.11035419624999981,6.043426013907157,SOLUSDT_1h
6,32,24.0,68.0,18.0,7.8,1.6,0.8,0.15,5,3.0,3.0,8.8,1,risk_based,S,5.0,180.0,10000.0,25,0.72,1281.5656748693636,1.7119663914625025,0.08240136861683894,6.0382943519438514,SOLUSDT_15m
6,20,18.0,66.0,12.0,7.8,2.0,1.2,0.1,5,3.0,8.0,8.6,1,risk_based,S,5.0,180.0,10000.0,19,0.631578947368421,1183.7072289257103,1.84290299211445,0.0588254937700534,6.020405152897082,BTCUSDT_15m
3,28,30.0,66.0,22.0,7.6,1.6,1.0,0.0,8,2.5,6.5,7.6,1,risk_based,S,5.0,180.0,10000.0,18,0.6666666666666666,1881.6721806459864,1.6291646103140278,0.16230789912397578,6.013077703902115,ETHUSDT_1h
3,44,34.0,64.0,20.0,6.6,1.8,1.2,0.2,7,2.5,5.0,7.8,1,risk_based,S,5.0,180.0,10000.0,31,0.7419354838709677,1416.2799841602864,1.564573580017596,0.0922762893557006,6.001501501934829,ETHUSDT_15m
4,28,18.0,70.0,12.0,7.8,1.6,1.2,0.05,3,2.5,5.5,8.0,1,risk_based,S,5.0,180.0,10000.0,15,0.6,1626.5282837195518,1.752305680238014,0.11696166292278,5.98025465542724,ETHUSDT_1h
4,28,18.0,70.0,12.0,7.8,1.6,1.2,0.05,3,2.5,5.5,8.0,1,risk_based,S,5.0,180.0,10000.0,27,0.7037037037037037,1506.821694169883,1.5737603677466243,0.09335666010726312,5.969828004896898,ETHUSDT_15m
3,40,36.0,60.0,22.0,7.4,2.6,1.0,0.0,4,2.5,4.0,8.2,1,risk_based,S,5.0,180.0,10000.0,22,0.5909090909090909,1576.4616388462455,1.6775466724197095,0.09631210937499998,5.968982291924302,SOLUSDT_1h
4,20,26.0,66.0,22.0,8.0,2.0,0.6,0.05,4,2.0,6.5,7.6,1,risk_based,S,5.0,180.0,10000.0,29,0.7931034482758621,1083.0133042293091,1.6766222786106346,0.08396162208027855,5.954028167623536,ETHUSDT_15m
3,20,36.0,64.0,14.0,7.2,1.8,0.6,0.2,2,3.0,6.0,7.6,1,risk_based,S,5.0,180.0,10000.0,35,0.8571428571428571,780.4726510395976,1.6851846559308927,0.06159017969949332,5.951785709517189,ETHUSDT_15m
4,44,34.0,64.0,20.0,8.0,2.6,0.8,0.1,5,1.0,5.0,7.8,1,risk_based,S,5.0,180.0,10000.0,24,0.6666666666666666,1220.4128220090497,1.7907703450885737,0.11026564997132904,5.95115656227221,BTCUSDT_15m
6,36,18.0,64.0,20.0,7.8,1.8,0.8,0.1,5,2.0,6.5,8.4,1,risk_based,S,5.0,180.0,10000.0,18,0.8333333333333334,582.7042042581597,1.9559619917575475,0.058807999999999895,5.928204187773255,SOLUSDT_1h
6,32,30.0,62.0,22.0,8.0,2.6,1.2,0.15,8,1.0,3.5,8.0,1,risk_based,S,5.0,180.0,10000.0,19,0.5789473684210527,1492.0271628702212,1.7206158081031835,0.08540682585838663,5.925459354133007,BTCUSDT_15m
5,24,34.0,66.0,18.0,8.0,1.8,1.0,0.05,3,3.0,7.0,8.0,1,risk_based,S,5.0,180.0,10000.0,15,0.6,1665.227983776067,1.7521481543199975,0.15482192377911433,5.905058521078719,ETHUSDT_1h
4,40,24.0,60.0,14.0,6.6,2.0,1.2,0.1,2,1.5,7.5,8.6,1,risk_based,S,5.0,180.0,10000.0,28,0.6071428571428571,1386.824723491949,1.6768894142027935,0.10302920892673526,5.9022302108316165,SOLUSDT_15m
3,32,14.0,70.0,20.0,6.6,2.0,0.8,0.0,8,1.0,3.0,7.8,1,risk_based,S,5.0,180.0,10000.0,25,0.72,1348.4954906757066,1.688073541141694,0.13503100288748915,5.899549564296628,ETHUSDT_1h
6,36,32.0,70.0,12.0,6.8,2.6,1.2,0.05,8,2.5,4.0,7.6,1,risk_based,S,5.0,180.0,10000.0,11,0.6363636363636364,1340.2253868750522,1.883644681356677,0.13738240000000002,5.869913004133861,SOLUSDT_1h
3,40,40.0,68.0,16.0,6.8,1.8,1.0,0.0,2,3.0,4.0,8.0,1,risk_based,S,5.0,180.0,10000.0,27,0.7407407407407407,1177.1489878756402,1.6161192915261702,0.06513038955154021,5.865107513384471,ETHUSDT_15m
5,44,34.0,68.0,16.0,7.2,2.6,0.6,0.0,7,1.5,5.0,7.6,1,risk_based,S,5.0,180.0,10000.0,21,0.7619047619047619,1603.2949309300384,1.6154531289937293,0.1854937500000001,5.840577081774639,SOLUSDT_1h
6,44,22.0,60.0,12.0,7.6,1.8,1.0,0.05,7,2.5,7.0,8.6,1,risk_based,S,5.0,180.0,10000.0,22,0.6363636363636364,1220.3306784327815,1.6880534605210946,0.06606949670199957,5.792774563914428,SOLUSDT_15m
4,28,26.0,60.0,22.0,7.6,2.4,1.0,0.0,7,2.0,7.0,8.0,1,risk_based,S,5.0,180.0,10000.0,19,0.6842105263157895,1698.9957596055592,1.6527308751245708,0.20795969991486937,5.786894199583777,SOLUSDT_1h
6,36,14.0,60.0,12.0,7.0,2.4,0.6,0.1,6,3.0,4.0,8.2,1,risk_based,S,5.0,180.0,10000.0,28,0.6785714285714286,1321.6825841229638,1.5690236826136028,0.09454759421226726,5.75394430957051,SOLUSDT_15m
6,32,14.0,64.0,16.0,7.8,2.2,0.8,0.15,3,2.0,6.0,8.2,1,risk_based,S,5.0,180.0,10000.0,26,0.6538461538461539,1141.7709468423927,1.6624295803969846,0.07363239525432339,5.746502152642623,SOLUSDT_15m
6,28,26.0,70.0,16.0,7.0,1.8,1.2,0.15,7,1.5,7.5,8.4,1,risk_based,S,5.0,180.0,10000.0,17,0.7058823529411765,774.1267134289428,1.8459031804324264,0.044704956719555516,5.730641733546894,ETHUSDT_1h
6,20,24.0,64.0,20.0,7.4,1.6,1.2,0.2,2,2.5,3.5,8.4,1,risk_based,S,5.0,180.0,10000.0,22,0.6818181818181818,1087.4101604712887,1.6920193976951394,0.0709124847137812,5.721438774447496,SOLUSDT_15m
3,44,34.0,64.0,20.0,6.6,1.8,1.2,0.2,7,2.5,5.0,7.8,1,risk_based,S,5.0,180.0,10000.0,20,0.65,1561.5334713399843,1.5245017892369863,0.10626299011463886,5.66674807947004,SOLUSDT_1h
6,32,16.0,68.0,12.0,7.8,2.6,1.0,0.2,4,1.0,3.5,7.8,1,risk_based,S,5.0,180.0,10000.0,22,0.5909090909090909,1417.5032341530205,1.5660614352576914,0.07308576718840579,5.656732439466824,SOLUSDT_15m
5,36,20.0,70.0,16.0,7.2,2.6,1.0,0.2,5,2.0,3.0,7.6,1,risk_based,S,5.0,180.0,10000.0,22,0.5909090909090909,1260.7196069133242,1.652575551173465,0.08239260535687319,5.645056529553272,BTCUSDT_15m
6,40,40.0,68.0,16.0,6.6,1.6,1.0,0.05,6,2.0,3.0,7.6,1,risk_based,S,5.0,180.0,10000.0,31,0.6451612903225806,1276.7092987559954,1.524680661921803,0.09627550356213994,5.624986047397053,SOLUSDT_15m
4,40,22.0,62.0,14.0,7.0,1.6,0.6,0.05,5,3.0,3.5,8.2,1,risk_based,S,5.0,180.0,10000.0,27,0.8148148148148148,913.0369320819937,1.5924931284449375,0.08669701344148514,5.600154370869636,SOLUSDT_4h
3,44,34.0,64.0,20.0,6.6,1.8,1.2,0.2,7,2.5,5.0,7.8,1,risk_based,S,5.0,180.0,10000.0,21,0.5714285714285714,1829.2538149388529,1.510838213737883,0.18026774851802854,5.58726985400339,ETHUSDT_1h
6,24,18.0,70.0,20.0,8.0,1.6,0.8,0.0,5,1.5,6.5,8.6,1,risk_based,S,5.0,180.0,10000.0,15,0.6666666666666666,690.0784500367445,1.862464825999095,0.044328375000000045,5.582022977034934,ETHUSDT_4h
5,28,22.0,68.0,22.0,7.4,2.4,0.6,0.2,3,1.0,4.5,8.6,1,risk_based,S,5.0,180.0,10000.0,25,0.76,483.593186177146,1.7574654666378802,0.02023712531548988,5.577812743506437,ETHUSDT_15m
3,32,28.0,60.0,20.0,6.6,1.8,0.8,0.2,4,1.0,4.5,7.6,1,risk_based,S,5.0,180.0,10000.0,22,0.7272727272727273,1297.7216837516698,1.5855430793774776,0.1418397006104421,5.5741978315843905,ETHUSDT_1h
4,40,24.0,60.0,14.0,6.6,2.0,1.2,0.1,2,1.5,7.5,8.6,1,risk_based,S,5.0,180.0,10000.0,17,0.5294117647058824,1227.17442748969,1.7632559248520296,0.10573027690624986,5.570613093533822,ETHUSDT_4h
4,44,16.0,66.0,16.0,8.0,2.6,1.0,0.05,4,2.0,4.5,8.6,1,risk_based,S,5.0,180.0,10000.0,20,0.7,963.36851506315,1.7223198788001193,0.09880386306112018,5.561596683480028,SOLUSDT_15m
5,32,24.0,60.0,12.0,8.0,2.4,0.6,0.0,6,1.5,7.0,8.0,1,risk_based,S,5.0,180.0,10000.0,24,0.7083333333333334,1209.9998248211614,1.5105970185815276,0.07186019831189061,5.558113267048546,SOLUSDT_15m
3,40,40.0,68.0,16.0,6.8,1.8,1.0,0.0,2,3.0,4.0,8.0,1,risk_based,S,5.0,180.0,10000.0,21,0.6666666666666666,1254.519898239847,1.541819588563799,0.07152811849187883,5.543574719891808,ETHUSDT_1h
3,32,28.0,60.0,20.0,6.6,1.8,0.8,0.2,4,1.0,4.5,7.6,1,risk_based,S,5.0,180.0,10000.0,32,0.65625,1456.1488189219635,1.4330728581850982,0.14324232705767628,5.516942554119131,BTCUSDT_1h
4,28,38.0,62.0,20.0,6.6,2.4,1.0,0.15,2,1.0,5.5,8.8,1,risk_based,S,5.0,180.0,10000.0,19,0.5263157894736842,1062.5539922564549,1.7723796480922258,0.0874337905000002,5.514485601151432,ETHUSDT_4h
3,32,28.0,60.0,20.0,6.6,1.8,0.8,0.2,4,1.0,4.5,7.6,1,risk_based,S,5.0,180.0,10000.0,32,0.8125,735.066426619147,1.5040994865572996,0.04500000000000004,5.467015399733746,ETHUSDT_15m
5,32,30.0,60.0,16.0,7.4,1.8,1.2,0.2,6,2.0,6.5,8.2,1,risk_based,S,5.0,180.0,10000.0,14,0.6428571428571429,803.8452504623419,1.762991279865496,0.03959999999999996,5.455313524479049,SOLUSDT_4h
3,40,36.0,64.0,20.0,7.0,2.4,0.6,0.1,8,3.0,7.5,7.8,1,risk_based,S,5.0,180.0,10000.0,28,0.6428571428571429,1120.1372118779527,1.56148134681484,0.11402924661511951,5.425297879947989,BTCUSDT_15m
4,20,30.0,60.0,14.0,6.8,2.4,0.6,0.05,5,1.0,7.5,7.8,1,risk_based,S,5.0,180.0,10000.0,27,0.7777777777777778,958.915095048842,1.4923283232086908,0.07939264101535232,5.412060485086833,SOLUSDT_15m
4,44,16.0,66.0,16.0,8.0,2.6,1.0,0.05,4,2.0,4.5,8.6,1,risk_based,S,5.0,180.0,10000.0,12,0.5833333333333334,923.9260895635944,1.8327999980344987,0.10509210711631321,5.389249764283653,ETHUSDT_1h
3,20,34.0,68.0,12.0,6.8,1.8,0.8,0.15,5,2.5,4.5,8.8,1,risk_based,S,5.0,180.0,10000.0,34,0.8529411764705882,576.536209756925,1.4905490873513512,0.05106811574542378,5.3638418019292375,ETHUSDT_15m
4,20,30.0,60.0,14.0,6.8,2.4,0.6,0.05,5,1.0,7.5,7.8,1,risk_based,S,5.0,180.0,10000.0,24,0.8333333333333334,908.9214932330797,1.5697492817892262,0.13994713195059316,5.358578660959752,ETHUSDT_1h
6,40,28.0,64.0,22.0,7.8,2.4,0.6,0.15,2,2.0,5.0,8.0,1,risk_based,S,5.0,180.0,10000.0,24,0.6666666666666666,1291.6645639959115,1.4544660985122029,0.11065609583904706,5.348628473503176,SOLUSDT_15m
5,24,34.0,66.0,18.0,8.0,1.8,1.0,0.05,3,3.0,7.0,8.0,1,risk_based,S,5.0,180.0,10000.0,23,0.6086956521739131,1143.1563135987726,1.51223185802508,0.06924033259294961,5.3329425101309536,BTCUSDT_15m
6,40,20.0,68.0,18.0,7.0,2.6,0.6,0.1,6,3.0,5.5,7.6,1,risk_based,S,5.0,180.0,10000.0,27,0.6296296296296297,1314.6977669278149,1.4483529994099302,0.12558046439970935,5.319106816992992,SOLUSDT_15m
5,44,34.0,68.0,16.0,7.2,2.6,0.6,0.0,7,1.5,5.0,7.6,1,risk_based,S,5.0,180.0,10000.0,26,0.7307692307692307,1018.773075836998,1.5594060867977435,0.14600967955493344,5.31571005692153,BTCUSDT_15m
5,36,20.0,70.0,16.0,7.2,2.6,1.0,0.2,5,2.0,3.0,7.6,1,risk_based,S,5.0,180.0,10000.0,14,0.5714285714285714,1185.3034142960041,1.7212643338962317,0.15035676866519732,5.313904633235732,ETHUSDT_1h
4,20,14.0,62.0,16.0,7.4,2.2,0.6,0.15,7,2.0,6.0,8.0,1,risk_based,S,5.0,180.0,10000.0,29,0.7241379310344828,1040.8224902895854,1.4892772318301182,0.1255095635043499,5.309055159988496,BTCUSDT_15m
6,40,20.0,68.0,18.0,7.0,2.6,0.6,0.1,6,3.0,5.5,7.6,1,risk_based,S,5.0,180.0,10000.0,23,0.7391304347826086,1342.4752057853384,1.4647140694649974,0.1797446170399872,5.301365145769285,SOLUSDT_1h
4,20,22.0,64.0,12.0,7.6,1.8,0.8,0.0,4,3.0,6.0,8.4,1,risk_based,S,5.0,180.0,10000.0,24,0.7083333333333334,1046.687550750783,1.5407867795372177,0.12395903356635234,5.298884009126162,SOLUSDT_1h
6,40,40.0,66.0,12.0,8.0,2.0,1.2,0.1,4,1.0,4.0,8.0,1,risk_based,S,5.0,180.0,10000.0,15,0.6,1261.2235268887816,1.5680615535575702,0.10618879877329383,5.278780237684041,ETHUSDT_1h
3,36,16.0,66.0,22.0,7.6,2.0,0.8,0.1,3,2.0,6.0,7.8,1,risk_based,S,5.0,180.0,10000.0,23,0.6521739130434783,1837.4647088513702,1.3812184063164037,0.2627342966545036,5.249959501085884,ETHUSDT_4h
3,28,30.0,66.0,22.0,7.6,1.6,1.0,0.0,8,2.5,6.5,7.6,1,risk_based,S,5.0,180.0,10000.0,29,0.5862068965517241,1503.8332167065728,1.3666169474343932,0.15359538600859607,5.235591298377157,BTCUSDT_1h
4,44,34.0,64.0,20.0,8.0,2.6,0.8,0.1,5,1.0,5.0,7.8,1,risk_based,S,5.0,180.0,10000.0,24,0.75,950.9372075180017,1.498598571616969,0.10709850164646387,5.231838845812547,SOLUSDT_15m
5,32,24.0,60.0,12.0,8.0,2.4,0.6,0.0,6,1.5,7.0,8.0,1,risk_based,S,5.0,180.0,10000.0,20,0.75,1265.0596005338812,1.4907999838004287,0.1854937499999999,5.215178318134739,SOLUSDT_1h
4,44,14.0,68.0,14.0,7.2,1.8,1.2,0.0,6,1.5,6.5,8.6,1,risk_based,S,5.0,180.0,10000.0,13,0.6153846153846154,593.3511962026023,1.7729854035721333,0.044328374999999955,5.189413801423792,ETHUSDT_1h
3,36,16.0,66.0,22.0,7.6,2.0,0.8,0.1,3,2.0,6.0,7.8,1,risk_based,S,5.0,180.0,10000.0,27,0.6296296296296297,1196.5057014197628,1.4226153475455012,0.12103038482876095,5.163089686468927,BTCUSDT_15m
4,44,34.0,64.0,20.0,8.0,2.6,0.8,0.1,5,1.0,5.0,7.8,1,risk_based,S,5.0,180.0,10000.0,23,0.6956521739130435,1286.3311950480347,1.450067057416301,0.1788759760725182,5.153315642532648,SOLUSDT_1h
3,44,26.0,68.0,12.0,8.0,2.2,0.6,0.05,6,2.0,7.5,8.8,1,risk_based,S,5.0,180.0,10000.0,28,0.6071428571428571,876.0680714734808,1.5312584581190156,0.0897221294318734,5.140132885130178,BTCUSDT_15m
5,40,34.0,70.0,12.0,7.0,2.4,0.8,0.05,5,2.5,5.0,8.6,1,risk_based,S,5.0,180.0,10000.0,18,0.7222222222222222,833.0084624311548,1.616855730629065,0.12488715298894605,5.13539179805578,SOLUSDT_1h
6,36,32.0,70.0,18.0,7.6,1.6,1.2,0.1,3,2.5,4.5,8.0,1,risk_based,S,5.0,180.0,10000.0,23,0.6956521739130435,1071.4425560392192,1.4051803262259448,0.08422084014284863,5.132618948932128,ETHUSDT_15m
6,20,18.0,66.0,12.0,7.8,2.0,1.2,0.1,5,3.0,8.0,8.6,1,risk_based,S,5.0,180.0,10000.0,15,0.6,1010.4192421061325,1.5663096544011368,0.08747074735871532,5.08062630883226,ETHUSDT_1h
4,44,14.0,68.0,14.0,7.2,1.8,1.2,0.0,6,1.5,6.5,8.6,1,risk_based,S,5.0,180.0,10000.0,24,0.5833333333333334,934.7162947983215,1.5070030589623478,0.07445842539109249,5.08034713654974,SOLUSDT_15m
4,28,26.0,60.0,22.0,7.6,2.4,1.0,0.0,7,2.0,7.0,8.0,1,risk_based,S,5.0,180.0,10000.0,21,0.5714285714285714,1188.9474601654329,1.5117412562396233,0.14132496070327227,5.06559794767772,BTCUSDT_15m
4,20,22.0,64.0,12.0,7.6,1.8,0.8,0.0,4,3.0,6.0,8.4,1,risk_based,S,5.0,180.0,10000.0,20,0.65,1050.1872524682767,1.5437154960964776,0.15249074884423022,5.055145998128541,ETHUSDT_1h
6,32,36.0,62.0,12.0,7.2,1.6,1.0,0.2,8,1.0,7.5,8.8,1,risk_based,S,5.0,180.0,10000.0,15,0.8,336.6414446187591,1.6676295477935184,0.03985124868224931,5.052346794159048,ETHUSDT_1h
5,44,34.0,68.0,16.0,7.2,2.6,0.6,0.0,7,1.5,5.0,7.6,1,risk_based,S,5.0,180.0,10000.0,21,0.7619047619047619,1002.5423745793923,1.4985758657173185,0.1779479718586555,5.0287073332952055,ETHUSDT_1h
4,24,14.0,70.0,14.0,7.8,2.0,1.0,0.0,8,2.0,5.5,8.6,1,risk_based,S,5.0,180.0,10000.0,20,0.65,741.7547581304261,1.5077067814307443,0.039599999999999955,5.0133683209919155,SOLUSDT_4h
4,28,26.0,60.0,22.0,7.6,2.4,1.0,0.0,7,2.0,7.0,8.0,1,risk_based,S,5.0,180.0,10000.0,23,0.6086956521739131,1312.4648801990334,1.378778162684804,0.14870297354505496,4.996955763194346,BTCUSDT_1h
4,20,22.0,64.0,12.0,7.6,1.8,0.8,0.0,4,3.0,6.0,8.4,1,risk_based,S,5.0,180.0,10000.0,27,0.7777777777777778,662.8250321538962,1.387158576098157,0.06953298794578247,4.93520988717953,SOLUSDT_15m
4,20,30.0,60.0,14.0,6.8,2.4,0.6,0.05,5,1.0,7.5,7.8,1,risk_based,S,5.0,180.0,10000.0,27,0.7777777777777778,749.1967575438739,1.3959453784699065,0.11077705624598914,4.915423012412386,ETHUSDT_15m
4,40,22.0,62.0,14.0,7.0,1.6,0.6,0.05,5,3.0,3.5,8.2,1,risk_based,S,5.0,180.0,10000.0,28,0.7857142857142857,573.6384508019037,1.405876999412113,0.07323886321324632,4.904247288557819,ETHUSDT_15m
3,24,16.0,60.0,16.0,6.8,2.4,0.8,0.1,7,2.5,4.5,8.4,1,risk_based,S,5.0,180.0,10000.0,25,0.76,656.970897930114,1.4286837306312805,0.08337062264968181,4.904226491243629,SOLUSDT_15m
4,32,36.0,62.0,16.0,7.6,2.2,1.0,0.15,7,3.0,5.5,8.0,1,risk_based,S,5.0,180.0,10000.0,14,0.5714285714285714,1207.8878508955222,1.5187521927876997,0.15946471508737806,4.904140948351644,ETHUSDT_1h
6,20,20.0,62.0,12.0,7.6,1.6,0.8,0.2,3,1.0,3.5,8.6,1,risk_based,S,5.0,180.0,10000.0,25,0.68,477.75195667725893,1.5051774215749596,0.042259473327241205,4.8813283798454545,SOLUSDT_15m
6,40,32.0,62.0,22.0,7.8,2.2,1.2,0.05,3,1.0,3.5,8.8,1,risk_based,S,5.0,180.0,10000.0,12,0.5833333333333334,379.86265188218385,1.758343363149025,0.04872450110031889,4.865375874879278,SOLUSDT_1h
6,28,22.0,64.0,14.0,6.8,2.6,0.8,0.1,2,3.0,4.0,7.8,1,risk_based,S,5.0,180.0,10000.0,22,0.5454545454545454,1364.108486486799,1.389807698739198,0.18237734298527247,4.854773673191196,BTCUSDT_1h
6,36,26.0,64.0,14.0,7.0,2.4,1.2,0.0,8,1.0,3.5,7.8,1,risk_based,S,5.0,180.0,10000.0,19,0.5789473684210527,954.9860811857197,1.4651841802345682,0.09513036666895872,4.848384394279559,BTCUSDT_15m
5,44,24.0,62.0,20.0,6.8,1.8,1.0,0.0,6,1.0,5.0,8.4,1,risk_based,S,5.0,180.0,10000.0,18,0.6111111111111112,658.5999183323183,1.5737415099479026,0.07821595,4.848101754894791,ETHUSDT_4h
3,40,40.0,68.0,16.0,6.8,1.8,1.0,0.0,2,3.0,4.0,8.0,1,risk_based,S,5.0,180.0,10000.0,36,0.6388888888888888,923.5667727413274,1.303045918207886,0.12561761411870326,4.8311391001343225,SOLUSDT_15m
5,28,22.0,68.0,22.0,7.4,2.4,0.6,0.2,3,1.0,4.5,8.6,1,risk_based,S,5.0,180.0,10000.0,22,0.7727272727272727,258.37805179212955,1.514228112205305,0.019541534638518286,4.827300581378094,SOLUSDT_4h
6,32,16.0,68.0,12.0,7.8,2.6,1.0,0.2,4,1.0,3.5,7.8,1,risk_based,S,5.0,180.0,10000.0,20,0.55,1291.201194422907,1.4154359644175714,0.1767806490907753,4.8167311759857245,BTCUSDT_1h
6,20,24.0,64.0,20.0,7.4,1.6,1.2,0.2,2,2.5,3.5,8.4,1,risk_based,S,5.0,180.0,10000.0,16,0.625,792.6959382964178,1.5078069615426746,0.08576776168290032,4.808506576333066,ETHUSDT_1h
5,44,24.0,62.0,20.0,6.8,1.8,1.0,0.0,6,1.0,5.0,8.4,1,risk_based,S,5.0,180.0,10000.0,21,0.6190476190476191,477.53595681894876,1.5422044809062263,0.036744720812765495,4.800282184764534,SOLUSDT_15m
4,28,38.0,70.0,20.0,7.2,2.2,0.6,0.2,3,1.5,5.0,8.8,1,risk_based,S,5.0,180.0,10000.0,31,0.8064516129032258,347.45341447187275,1.3663149028437342,0.03945506458075153,4.791395445771925,ETHUSDT_15m
6,40,32.0,62.0,22.0,7.8,2.2,1.2,0.05,3,1.0,3.5,8.8,1,risk_based,S,5.0,180.0,10000.0,14,0.5714285714285714,511.9213923237912,1.6362160485860302,0.049452736195426734,4.773138138052429,ETHUSDT_1h
6,28,22.0,64.0,14.0,6.8,2.6,0.8,0.1,2,3.0,4.0,7.8,1,risk_based,S,5.0,180.0,10000.0,24,0.7083333333333334,836.7635581451414,1.3887736362282574,0.12847208896489934,4.771394563706959,BTCUSDT_15m
3,20,36.0,64.0,14.0,7.2,1.8,0.6,0.2,2,3.0,6.0,7.6,1,risk_based,S,5.0,180.0,10000.0,38,0.6842105263157895,775.6054673932558,1.31131489229308,0.13950329215294172,4.766041164994275,BTCUSDT_15m
4,28,26.0,60.0,22.0,7.6,2.4,1.0,0.0,7,2.0,7.0,8.0,1,risk_based,S,5.0,180.0,10000.0,25,0.72,768.8241436295448,1.3298926759094987,0.08414211773750327,4.756183142236033,ETHUSDT_15m
3,36,22.0,66.0,18.0,8.0,2.0,0.8,0.0,4,2.5,3.5,8.8,1,risk_based,S,5.0,180.0,10000.0,28,0.5714285714285714,780.0689623049566,1.3955675763555013,0.07926288570991691,4.750558315029066,BTCUSDT_15m
4,40,22.0,62.0,14.0,7.0,1.6,0.6,0.05,5,3.0,3.5,8.2,1,risk_based,S,5.0,180.0,10000.0,24,0.7916666666666666,569.4917284634976,1.4007161948334936,0.10387983150924672,4.726784623602745,ETHUSDT_1h
5,28,24.0,68.0,12.0,7.0,1.8,0.8,0.15,7,1.5,4.5,7.6,1,risk_based,S,5.0,180.0,10000.0,29,0.6551724137931034,915.5171211022734,1.3242181915864104,0.1342598032450861,4.723932715229491,SOLUSDT_15m
5,44,28.0,68.0,22.0,7.8,2.4,1.2,0.05,7,2.5,6.5,8.0,1,risk_based,S,5.0,180.0,10000.0,20,0.55,990.8550457854199,1.4429928147326685,0.1296715177125964,4.7128261221129675,BTCUSDT_15m
6,32,14.0,64.0,16.0,7.8,2.2,0.8,0.15,3,2.0,6.0,8.2,1,risk_based,S,5.0,180.0,10000.0,18,0.6666666666666666,580.7811005323256,1.469713809625381,0.05829751156521198,4.705316185087452,ETHUSDT_1h
3,32,14.0,70.0,20.0,6.6,2.0,0.8,0.0,8,1.0,3.0,7.8,1,risk_based,S,5.0,180.0,10000.0,27,0.5555555555555556,826.9192382774509,1.378241353247833,0.08395185066373582,4.704879726115243,BTCUSDT_15m
5,44,40.0,60.0,14.0,7.8,2.0,1.0,0.05,3,2.0,3.5,7.6,1,risk_based,S,5.0,180.0,10000.0,24,0.625,781.0524376646536,1.3825779347631253,0.09239915384397508,4.6865108456589795,BTCUSDT_15m
5,32,24.0,60.0,12.0,8.0,2.4,0.6,0.0,6,1.5,7.0,8.0,1,risk_based,S,5.0,180.0,10000.0,15,0.8,754.9119999999984,1.4219535316317582,0.1426250000000001,4.670944063263515,ETHUSDT_4h
4,20,22.0,64.0,12.0,7.6,1.8,0.8,0.0,4,3.0,6.0,8.4,1,risk_based,S,5.0,180.0,10000.0,27,0.7777777777777778,540.8229022865253,1.3394732109895078,0.0852157173054296,4.670788839015919,ETHUSDT_15m
6,32,36.0,62.0,12.0,7.2,1.6,1.0,0.2,8,1.0,7.5,8.8,1,risk_based,S,5.0,180.0,10000.0,23,0.6521739130434783,528.5293897771226,1.4256047789488064,0.05188900959908573,4.662332788442696,SOLUSDT_15m
6,36,32.0,70.0,12.0,6.8,2.6,1.2,0.05,8,2.5,4.0,7.6,1,risk_based,S,5.0,180.0,10000.0,9,0.5555555555555556,1036.8508707331803,1.5300000175824635,0.14988902809600024,4.66051715494344,ETHUSDT_4h
3,20,34.0,68.0,12.0,6.8,1.8,0.8,0.15,5,2.5,4.5,8.8,1,risk_based,S,5.0,180.0,10000.0,24,0.7083333333333334,609.5584663343288,1.3460571739490064,0.07478682522541333,4.619812338556102,ETHUSDT_1h
6,36,18.0,64.0,20.0,7.8,1.8,0.8,0.1,5,2.0,6.5,8.4,1,risk_based,S,5.0,180.0,10000.0,20,0.65,653.0204756447274,1.430848133721616,0.09144657711644189,4.615377011738634,ETHUSDT_1h
4,20,14.0,62.0,16.0,7.4,2.2,0.6,0.15,7,2.0,6.0,8.0,1,risk_based,S,5.0,180.0,10000.0,20,0.8,693.3659165654099,1.3900390724924763,0.15504488668374466,4.608309401499129,ETHUSDT_1h
3,40,30.0,62.0,16.0,6.6,1.6,1.0,0.05,7,2.5,3.5,8.8,1,risk_based,S,5.0,180.0,10000.0,31,0.5806451612903226,865.1051663661347,1.3111829001582815,0.13173436393508803,4.583235616812917,BTCUSDT_1h
5,32,24.0,60.0,12.0,8.0,2.4,0.6,0.0,6,1.5,7.0,8.0,1,risk_based,S,5.0,180.0,10000.0,21,0.7619047619047619,770.4496847875562,1.3865745122518205,0.17794797185865524,4.572611936572374,ETHUSDT_1h
4,40,28.0,64.0,22.0,7.4,1.6,0.8,0.1,3,2.0,4.0,8.0,1,risk_based,S,5.0,180.0,10000.0,31,0.7419354838709677,538.5815104615122,1.2685516836824562,0.09515802884916136,4.523114017085391,BTCUSDT_15m
5,32,30.0,60.0,16.0,7.4,1.8,1.2,0.2,6,2.0,6.5,8.2,1,risk_based,S,5.0,180.0,10000.0,15,0.6,608.727354853203,1.4735905328459038,0.08051181998831618,4.5143729605800615,BTCUSDT_4h
6,32,24.0,68.0,18.0,7.8,1.6,0.8,0.15,5,3.0,3.0,8.8,1,risk_based,S,5.0,180.0,10000.0,21,0.6666666666666666,732.0475378765132,1.3558067184237979,0.1191509659392949,4.5062080769062245,ETHUSDT_1h
3,44,26.0,68.0,12.0,8.0,2.2,0.6,0.05,6,2.0,7.5,8.8,1,risk_based,S,5.0,180.0,10000.0,32,0.8125,353.99336778310317,1.2466475219392812,0.06685710031170582,4.505467110726548,SOLUSDT_15m
5,36,20.0,70.0,16.0,7.2,2.6,1.0,0.2,5,2.0,3.0,7.6,1,risk_based,S,5.0,180.0,10000.0,21,0.6666666666666666,652.3582100935346,1.3641250326982202,0.09854283354415021,4.5049797748575235,SOLUSDT_15m
4,24,14.0,70.0,14.0,7.8,2.0,1.0,0.0,8,2.0,5.5,8.6,1,risk_based,S,5.0,180.0,10000.0,12,0.5833333333333334,544.7355620071976,1.5370593996974204,0.07763183999999998,4.500958841402039,ETHUSDT_1h
3,24,16.0,60.0,16.0,6.8,2.4,0.8,0.1,7,2.5,4.5,8.4,1,risk_based,S,5.0,180.0,10000.0,27,0.6296296296296297,561.4635587844077,1.3660107234682448,0.09355206694916363,4.497273249317851,BTCUSDT_15m
3,40,40.0,68.0,16.0,6.8,1.8,1.0,0.0,2,3.0,4.0,8.0,1,risk_based,S,5.0,180.0,10000.0,28,0.5714285714285714,757.0525515200061,1.3010254266791372,0.09745377718826777,4.483884930456334,BTCUSDT_15m
6,36,32.0,70.0,12.0,6.8,2.6,1.2,0.05,8,2.5,4.0,7.6,1,risk_based,S,5.0,180.0,10000.0,18,0.4444444444444444,1017.2071203588639,1.3881348897039958,0.11621182129537365,4.471508102547402,BTCUSDT_15m
5,24,14.0,62.0,20.0,6.8,1.6,1.2,0.0,8,3.0,4.0,7.8,1,risk_based,S,5.0,180.0,10000.0,24,0.5833333333333334,785.6801463411866,1.3094042019846726,0.09729491729116371,4.467603798437041,BTCUSDT_15m
6,20,24.0,64.0,20.0,7.4,1.6,1.2,0.2,2,2.5,3.5,8.4,1,risk_based,S,5.0,180.0,10000.0,22,0.5909090909090909,682.8472010451387,1.3631254308453014,0.09204470652898723,4.459327579512417,BTCUSDT_15m
3,40,30.0,62.0,16.0,6.6,1.6,1.0,0.05,7,2.5,3.5,8.8,1,risk_based,S,5.0,180.0,10000.0,23,0.6521739130434783,624.4685540711089,1.3137897414026463,0.07847763783728504,4.454875992929764,ETHUSDT_1h
4,28,18.0,70.0,12.0,7.8,1.6,1.2,0.05,3,2.5,5.5,8.0,1,risk_based,S,5.0,180.0,10000.0,25,0.6,802.9089335815606,1.309639488879483,0.1264778813312862,4.442754267346667,SOLUSDT_15m
6,28,22.0,64.0,14.0,6.8,2.6,0.8,0.1,2,3.0,4.0,7.8,1,risk_based,S,5.0,180.0,10000.0,19,0.631578947368421,841.1879307939944,1.3172011391802179,0.12156669015519869,4.438258559741466,ETHUSDT_1h
5,32,24.0,62.0,18.0,7.6,2.0,1.2,0.1,8,2.5,5.0,8.8,1,risk_based,S,5.0,180.0,10000.0,11,0.6363636363636364,471.1241416586581,1.465819335618464,0.049374999999999974,4.42918326744104,SOLUSDT_4h
4,28,26.0,60.0,22.0,7.6,2.4,1.0,0.0,7,2.0,7.0,8.0,1,risk_based,S,5.0,180.0,10000.0,12,0.5,1116.669497964811,1.425698524941924,0.18756664177287072,4.395366622530047,ETHUSDT_1h
6,40,20.0,68.0,18.0,7.0,2.6,0.6,0.1,6,3.0,5.5,7.6,1,risk_based,S,5.0,180.0,10000.0,29,0.7586206896551724,526.3583379252832,1.2426593143086977,0.1191952426088791,4.372022273198799,BTCUSDT_15m
4,24,14.0,70.0,14.0,7.8,2.0,1.0,0.0,8,2.0,5.5,8.6,1,risk_based,S,5.0,180.0,10000.0,23,0.6086956521739131,595.5589077132281,1.3188348091673614,0.08028438432151905,4.3654188513442636,BTCUSDT_15m
3,32,28.0,60.0,20.0,6.6,1.8,0.8,0.2,4,1.0,4.5,7.6,1,risk_based,S,5.0,180.0,10000.0,30,0.7333333333333333,591.8144681831054,1.2204571490094598,0.12274009864325133,4.364508470272271,SOLUSDT_15m
3,32,28.0,60.0,20.0,6.6,1.8,0.8,0.2,4,1.0,4.5,7.6,1,risk_based,S,5.0,180.0,10000.0,29,0.6551724137931034,1037.3673138576814,1.2391674241001887,0.23924610716583392,4.360722461250211,ETHUSDT_4h
6,24,18.0,70.0,20.0,8.0,1.6,0.8,0.0,5,1.5,6.5,8.6,1,risk_based,S,5.0,180.0,10000.0,20,0.65,457.3202030283828,1.3808198503692506,0.07915944913706188,4.356481556355699,ETHUSDT_1h
4,20,26.0,66.0,22.0,8.0,2.0,0.6,0.05,4,2.0,6.5,7.6,1,risk_based,S,5.0,180.0,10000.0,20,0.75,723.3016494290514,1.3055577628147252,0.16810139880229152,4.355112978651627,ETHUSDT_1h
6,36,32.0,68.0,14.0,7.8,2.2,1.2,0.1,8,3.0,6.0,8.0,1,risk_based,S,5.0,180.0,10000.0,12,0.5833333333333334,1027.7000615547313,1.4238922821116808,0.21693669958762668,4.339674527015212,SOLUSDT_1h
4,24,40.0,62.0,14.0,7.8,1.6,0.8,0.1,8,2.5,8.0,8.8,1,risk_based,S,5.0,180.0,10000.0,20,0.65,623.8999427799336,1.3747270049099864,0.13847119873217745,4.332940356403374,ETHUSDT_1h
5,32,26.0,66.0,22.0,6.6,2.6,0.6,0.0,5,2.0,3.5,7.8,1,risk_based,S,5.0,180.0,10000.0,18,0.7777777777777778,482.3224948958232,1.3395471576924947,0.11934051750000012,4.330061924447479,ETHUSDT_4h
3,36,22.0,66.0,18.0,8.0,2.0,0.8,0.0,4,2.5,3.5,8.8,1,risk_based,S,5.0,180.0,10000.0,30,0.7,400.1716649393966,1.221905219130678,0.06406305348540191,4.301792942744547,SOLUSDT_15m
4,40,32.0,68.0,18.0,7.2,2.2,1.2,0.05,2,1.0,8.0,8.2,1,risk_based,S,5.0,180.0,10000.0,15,0.6,275.0385495004175,1.4565520156206582,0.029611507298698818,4.299308058845637,SOLUSDT_4h
3,36,22.0,66.0,18.0,8.0,2.0,0.8,0.0,4,2.5,3.5,8.8,1,risk_based,S,5.0,180.0,10000.0,35,0.5428571428571428,744.0123787940247,1.1944669538325372,0.1221503518007974,4.280780945342421,SOLUSDT_4h
6,32,24.0,68.0,18.0,7.8,1.6,0.8,0.15,5,3.0,3.0,8.8,1,risk_based,S,5.0,180.0,10000.0,27,0.7407407407407407,376.7283704105266,1.2597213625306065,0.09134042907626884,4.273260919354044,BTCUSDT_15m
4,32,36.0,62.0,16.0,7.6,2.2,1.0,0.15,7,3.0,5.5,8.0,1,risk_based,S,5.0,180.0,10000.0,24,0.5416666666666666,1111.183010556144,1.2717599691662411,0.22537473970411093,4.271078729776294,BTCUSDT_1h
5,32,24.0,62.0,18.0,7.6,2.0,1.2,0.1,8,2.5,5.0,8.8,1,risk_based,S,5.0,180.0,10000.0,16,0.5625,713.2567063333536,1.3741353857581284,0.11947757961441474,4.266844739006367,BTCUSDT_4h
3,20,34.0,68.0,12.0,6.8,1.8,0.8,0.15,5,2.5,4.5,8.8,1,risk_based,S,5.0,180.0,10000.0,37,0.6756756756756757,400.24836132789824,1.177132037710493,0.08357955371651786,4.257287289112845,SOLUSDT_15m
4,28,38.0,70.0,20.0,7.2,2.2,0.6,0.2,3,1.5,5.0,8.8,1,risk_based,S,5.0,180.0,10000.0,29,0.7586206896551724,323.8971708324516,1.225914314191585,0.07946158115095264,4.255272090245522,SOLUSDT_1h
3,40,36.0,64.0,20.0,7.0,2.4,0.6,0.1,8,3.0,7.5,7.8,1,risk_based,S,5.0,180.0,10000.0,30,0.8666666666666667,203.23311722012477,1.1540889413715558,0.05894524724484998,4.234575258228686,ETHUSDT_15m
4,20,14.0,62.0,16.0,7.4,2.2,0.6,0.15,7,2.0,6.0,8.0,1,risk_based,S,5.0,180.0,10000.0,24,0.75,677.1572403799892,1.2673594377991324,0.19506875072807542,4.2316698637940275,SOLUSDT_1h
3,36,36.0,60.0,14.0,7.2,2.0,0.6,0.05,3,1.5,7.0,7.6,1,risk_based,S,5.0,180.0,10000.0,30,0.6,647.0446170405139,1.2250033233973285,0.12253760243442312,4.229438456531901,BTCUSDT_15m
3,44,34.0,64.0,20.0,6.6,1.8,1.2,0.2,7,2.5,5.0,7.8,1,risk_based,S,5.0,180.0,10000.0,31,0.5483870967741935,1069.6457174279385,1.1672676563467406,0.20967904908770524,4.217724528019594,BTCUSDT_4h
6,40,28.0,60.0,14.0,7.4,2.4,0.8,0.1,5,2.5,3.5,7.6,1,risk_based,S,5.0,180.0,10000.0,20,0.65,633.1718528367292,1.2681930941447648,0.11046634723523586,4.213158999420552,ETHUSDT_1h
5,44,34.0,68.0,16.0,7.2,2.6,0.6,0.0,7,1.5,5.0,7.6,1,risk_based,S,5.0,180.0,10000.0,21,0.7142857142857143,606.6188370714044,1.2033333333333331,0.09750000000000011,4.212214075166641,SOLUSDT_4h
4,28,38.0,62.0,20.0,6.6,2.4,1.0,0.15,2,1.0,5.5,8.8,1,risk_based,S,5.0,180.0,10000.0,22,0.6818181818181818,391.09599439203157,1.304654926644631,0.08389755901766514,4.211440443355571,SOLUSDT_15m
3,32,24.0,70.0,22.0,7.8,2.6,0.8,0.15,3,3.0,7.0,7.6,1,risk_based,S,5.0,180.0,10000.0,24,0.6666666666666666,976.3006991273942,1.2033238467814495,0.2227851193872592,4.194593034528516,ETHUSDT_4h
5,32,26.0,66.0,22.0,6.6,2.6,0.6,0.0,5,2.0,3.5,7.8,1,risk_based,S,5.0,180.0,10000.0,22,0.7727272727272727,492.98227242896064,1.2842478301817721,0.15896788407290924,4.183665189664687,ETHUSDT_1h
4,24,30.0,66.0,14.0,7.8,1.8,1.0,0.15,3,1.0,6.5,8.8,1,risk_based,S,5.0,180.0,10000.0,26,0.6923076923076923,370.6370591189643,1.2512519064683476,0.08389663413555362,4.179912508110537,SOLUSDT_15m
6,28,22.0,64.0,14.0,6.8,2.6,0.8,0.1,2,3.0,4.0,7.8,1,risk_based,S,5.0,180.0,10000.0,18,0.5555555555555556,752.3512969203894,1.2334551708210373,0.0784,4.177394971895797,SOLUSDT_4h
6,40,28.0,60.0,14.0,7.4,2.4,0.8,0.1,5,2.5,3.5,7.6,1,risk_based,S,5.0,180.0,10000.0,24,0.6666666666666666,531.4841284225913,1.2663620483738978,0.1239328810949249,4.172409581885612,BTCUSDT_15m
6,40,32.0,62.0,22.0,7.8,2.2,1.2,0.05,3,1.0,3.5,8.8,1,risk_based,S,5.0,180.0,10000.0,18,0.6666666666666666,261.0565618209148,1.3337149650981488,0.039734346571290664,4.169283452303341,BTCUSDT_15m
4,40,28.0,64.0,22.0,7.4,1.6,0.8,0.1,3,2.0,4.0,8.0,1,risk_based,S,5.0,180.0,10000.0,20,0.7,619.8183830424314,1.2900127000391906,0.16103355766823413,4.16674311011611,ETHUSDT_1h
5,36,20.0,70.0,16.0,7.2,2.6,1.0,0.2,5,2.0,3.0,7.6,1,risk_based,S,5.0,180.0,10000.0,20,0.6,686.9490853651187,1.267421116824865,0.12537836056095225,4.145656237331992,BTCUSDT_4h
4,20,14.0,62.0,16.0,7.4,2.2,0.6,0.15,7,2.0,6.0,8.0,1,risk_based,S,5.0,180.0,10000.0,30,0.8333333333333334,217.990444817342,1.1676769409675458,0.08736944284474898,4.141235998218186,ETHUSDT_15m
6,36,14.0,60.0,12.0,7.0,2.4,0.6,0.1,6,3.0,4.0,8.2,1,risk_based,S,5.0,180.0,10000.0,31,0.7419354838709677,356.44754156713316,1.1887457756607882,0.10893866314217482,4.140026329268636,BTCUSDT_15m
6,20,24.0,64.0,20.0,7.4,1.6,1.2,0.2,2,2.5,3.5,8.4,1,risk_based,S,5.0,180.0,10000.0,17,0.5882352941176471,622.328703397643,1.3236638692990668,0.11772402314033437,4.138837313751244,ETHUSDT_4h
6,32,26.0,70.0,20.0,7.4,2.0,0.8,0.0,4,2.5,4.5,8.8,1,risk_based,S,5.0,180.0,10000.0,19,0.631578947368421,524.524967070507,1.2893872132358615,0.10086543559336063,4.12807150781478,ETHUSDT_1h
4,28,16.0,62.0,16.0,7.4,1.8,1.2,0.2,7,2.0,7.5,8.8,1,risk_based,S,5.0,180.0,10000.0,15,0.6,465.3104313944259,1.3542858432104878,0.08575164654928949,4.1166271781675325,ETHUSDT_1h
6,36,32.0,70.0,18.0,7.6,1.6,1.2,0.1,3,2.5,4.5,8.0,1,risk_based,S,5.0,180.0,10000.0,21,0.5714285714285714,610.6851620252437,1.2736671903984167,0.10951122199185552,4.106628733989368,BTCUSDT_15m
4,40,22.0,62.0,14.0,7.0,1.6,0.6,0.05,5,3.0,3.5,8.2,1,risk_based,S,5.0,180.0,10000.0,31,0.8064516129032258,250.53778218809748,1.1397415917426115,0.0846097941776338,4.1058690024952575,SOLUSDT_1h
5,36,20.0,70.0,16.0,7.2,2.6,1.0,0.2,5,2.0,3.0,7.6,1,risk_based,S,5.0,180.0,10000.0,17,0.6470588235294118,498.14001875130816,1.269329665122043,0.08614214105468815,4.088961161125448,SOLUSDT_4h
3,24,16.0,60.0,16.0,6.8,2.4,0.8,0.1,7,2.5,4.5,8.4,1,risk_based,S,5.0,180.0,10000.0,27,0.6666666666666666,479.9615253105694,1.2423526161135925,0.1407702509130517,4.0823560047986,BTCUSDT_1h
3,20,34.0,68.0,12.0,6.8,1.8,0.8,0.15,5,2.5,4.5,8.8,1,risk_based,S,5.0,180.0,10000.0,30,0.7,576.5914565006842,1.1821417763598336,0.17018500981973303,4.0803199797611525,ETHUSDT_4h
6,28,34.0,66.0,22.0,7.0,2.2,0.8,0.2,7,2.0,7.5,8.8,1,risk_based,S,5.0,180.0,10000.0,27,0.7037037037037037,401.55679200767554,1.218340564066549,0.11873460972499594,4.077589646521341,BTCUSDT_15m
3,20,20.0,62.0,20.0,6.6,2.4,0.8,0.2,5,1.5,6.5,8.4,1,risk_based,S,5.0,180.0,10000.0,22,0.7272727272727273,266.4000401282592,1.2070524710440953,0.05000000000000001,4.061414073125541,ETHUSDT_4h
6,40,32.0,62.0,22.0,7.8,2.2,1.2,0.05,3,1.0,3.5,8.8,1,risk_based,S,5.0,180.0,10000.0,12,0.5,271.88640653919174,1.4432354362654902,0.029700999999999998,4.059254279070172,SOLUSDT_4h
6,36,14.0,60.0,12.0,7.0,2.4,0.6,0.1,6,3.0,4.0,8.2,1,risk_based,S,5.0,180.0,10000.0,21,0.7142857142857143,423.65996490191174,1.2326062110498002,0.11102988962045215,4.047211289568726,SOLUSDT_1h
6,32,14.0,64.0,16.0,7.8,2.2,0.8,0.15,3,2.0,6.0,8.2,1,risk_based,S,5.0,180.0,10000.0,30,0.7333333333333333,340.66773682793064,1.1855766296228945,0.12399601791546166,4.039832942327334,BTCUSDT_15m
5,28,22.0,68.0,22.0,7.4,2.4,0.6,0.2,3,1.0,4.5,8.6,1,risk_based,S,5.0,180.0,10000.0,16,0.75,116.62251685496267,1.2812847644892333,0.037655136345141685,4.011226636798004,ETHUSDT_4h
3,36,16.0,66.0,22.0,7.6,2.0,0.8,0.1,3,2.0,6.0,7.8,1,risk_based,S,5.0,180.0,10000.0,28,0.6071428571428571,619.5460444900964,1.1608337486888143,0.13686143592138103,4.001343519817867,BTCUSDT_1h
4,28,18.0,70.0,12.0,7.8,1.6,1.2,0.05,3,2.5,5.5,8.0,1,risk_based,S,5.0,180.0,10000.0,27,0.5925925925925926,536.7171867802208,1.2026725339826603,0.12754331446252293,3.9883212002468618,BTCUSDT_15m
6,20,20.0,62.0,12.0,7.6,1.6,0.8,0.2,3,1.0,3.5,8.6,1,risk_based,S,5.0,180.0,10000.0,16,0.625,202.7812648582676,1.3258649392175996,0.04850038553247491,3.966509986696042,ETHUSDT_4h
3,44,34.0,64.0,20.0,6.6,1.8,1.2,0.2,7,2.5,5.0,7.8,1,risk_based,S,5.0,180.0,10000.0,19,0.47368421052631576,1201.113785497766,1.2335646924543084,0.26490810937500014,3.9640451580708556,ETHUSDT_4h
3,44,34.0,64.0,20.0,6.6,1.8,1.2,0.2,7,2.5,5.0,7.8,1,risk_based,S,5.0,180.0,10000.0,24,0.5416666666666666,675.2221892292055,1.236160433458334,0.1588188676283923,3.9635864532606964,SOLUSDT_15m
5,28,24.0,68.0,12.0,7.0,1.8,0.8,0.15,7,1.5,4.5,7.6,1,risk_based,S,5.0,180.0,10000.0,23,0.6086956521739131,729.495938821261,1.2605329951895528,0.22071115673125538,3.9614719372674707,ETHUSDT_1h
6,44,22.0,60.0,12.0,7.6,1.8,1.0,0.05,7,2.5,7.0,8.6,1,risk_based,S,5.0,180.0,10000.0,22,0.6818181818181818,339.4061541903611,1.204534130510571,0.08411334490325675,3.9588616532290053,BTCUSDT_15m
5,24,14.0,62.0,20.0,6.8,1.6,1.2,0.0,8,3.0,4.0,7.8,1,risk_based,S,5.0,180.0,10000.0,20,0.55,605.4092936376692,1.226536756134164,0.11174920092660338,3.948235203126187,SOLUSDT_15m
6,28,34.0,66.0,22.0,7.0,2.2,0.8,0.2,7,2.0,7.5,8.8,1,risk_based,S,5.0,180.0,10000.0,20,0.65,348.26002637326565,1.2297147384681217,0.0808025387369158,3.9402818870987617,ETHUSDT_1h
4,40,28.0,64.0,22.0,7.4,1.6,0.8,0.1,3,2.0,4.0,8.0,1,risk_based,S,5.0,180.0,10000.0,23,0.6956521739130435,551.565059559045,1.2251090891080378,0.18876489762425888,3.938966805771909,SOLUSDT_1h
5,44,24.0,62.0,20.0,6.8,1.8,1.0,0.0,6,1.0,5.0,8.4,1,risk_based,S,5.0,180.0,10000.0,23,0.6521739130434783,282.6685142461556,1.207636334780897,0.07177082687557493,3.920889572746442,BTCUSDT_15m
4,28,16.0,62.0,16.0,7.4,1.8,1.2,0.2,7,2.0,7.5,8.8,1,risk_based,S,5.0,180.0,10000.0,23,0.5652173913043478,468.5318935768046,1.2311642566615246,0.10632563094002682,3.9197096010362955,SOLUSDT_15m
4,24,30.0,66.0,14.0,7.8,1.8,1.0,0.15,3,1.0,6.5,8.8,1,risk_based,S,5.0,180.0,10000.0,15,0.6666666666666666,205.1467293079986,1.293147835219613,0.05840322737974881,3.916232717607978,ETHUSDT_1h
5,24,14.0,62.0,20.0,6.8,1.6,1.2,0.0,8,3.0,4.0,7.8,1,risk_based,S,5.0,180.0,10000.0,16,0.625,572.0921260883788,1.2997485009093241,0.17937723391470323,3.890957426162917,ETHUSDT_1h
6,32,36.0,62.0,12.0,7.2,1.6,1.0,0.2,8,1.0,7.5,8.8,1,risk_based,S,5.0,180.0,10000.0,14,0.5714285714285714,200.7633766473591,1.3253022815426163,0.03888927831563111,3.8718429619285555,ETHUSDT_4h
4,24,30.0,66.0,14.0,7.8,1.8,1.0,0.15,3,1.0,6.5,8.8,1,risk_based,S,5.0,180.0,10000.0,21,0.47619047619047616,307.0781787547767,1.2712778020095288,0.04157320790978191,3.8591998733302026,SOLUSDT_4h
5,40,34.0,70.0,12.0,7.0,2.4,0.8,0.05,5,2.5,5.0,8.6,1,risk_based,S,5.0,180.0,10000.0,19,0.6842105263157895,256.85717617273076,1.163610915347842,0.049374999999999857,3.8422697963420998,SOLUSDT_4h
4,20,26.0,66.0,22.0,8.0,2.0,0.6,0.05,4,2.0,6.5,7.6,1,risk_based,S,5.0,180.0,10000.0,32,0.65625,381.85178638024445,1.1428529553035343,0.15090143170463136,3.8392284018734193,BTCUSDT_15m
4,28,38.0,70.0,20.0,7.2,2.2,0.6,0.2,3,1.5,5.0,8.8,1,risk_based,S,5.0,180.0,10000.0,22,0.7272727272727273,133.35373828380034,1.1477750639376914,0.042028673000762476,3.8337269380659866,SOLUSDT_4h
3,36,36.0,60.0,14.0,7.2,2.0,0.6,0.05,3,1.5,7.0,7.6,1,risk_based,S,5.0,180.0,10000.0,26,0.6923076923076923,745.3213365819229,1.1566654871099622,0.2643321149385534,3.824117504447725,ETHUSDT_4h
5,28,24.0,68.0,12.0,7.0,1.8,0.8,0.15,7,1.5,4.5,7.6,1,risk_based,S,5.0,180.0,10000.0,27,0.7407407407407407,253.87480006257465,1.116540095773182,0.11581448469969878,3.7906226486209533,BTCUSDT_15m
5,32,24.0,62.0,18.0,7.6,2.0,1.2,0.1,8,2.5,5.0,8.8,1,risk_based,S,5.0,180.0,10000.0,13,0.6153846153846154,426.9679665996937,1.2693007631322597,0.11948359374999991,3.7901956346911367,ETHUSDT_4h
3,36,22.0,66.0,18.0,8.0,2.0,0.8,0.0,4,2.5,3.5,8.8,1,risk_based,S,5.0,180.0,10000.0,31,0.5483870967741935,528.0544339656171,1.1674722642487922,0.17297892255127142,3.7866428399706775,BTCUSDT_1h
6,40,40.0,68.0,16.0,6.6,1.6,1.0,0.05,6,2.0,3.0,7.6,1,risk_based,S,5.0,180.0,10000.0,20,0.6,508.0140372904425,1.2011107955789666,0.1436116296377299,3.779400739535186,ETHUSDT_4h
4,24,14.0,70.0,14.0,7.8,2.0,1.0,0.0,8,2.0,5.5,8.6,1,risk_based,S,5.0,180.0,10000.0,14,0.5714285714285714,447.6996791811871,1.278898844682194,0.12375024799999988,3.7713894816884324,ETHUSDT_4h
4,40,24.0,60.0,14.0,6.6,2.0,1.2,0.1,2,1.5,7.5,8.6,1,risk_based,S,5.0,180.0,10000.0,21,0.6190476190476191,298.51706937954077,1.181617267839267,0.08227781122637762,3.7634895999503706,BTCUSDT_15m
4,44,14.0,68.0,14.0,7.2,1.8,1.2,0.0,6,1.5,6.5,8.6,1,risk_based,S,5.0,180.0,10000.0,24,0.625,267.40857356178094,1.1586149469147666,0.08110403303829596,3.7588263682764262,BTCUSDT_15m
6,32,26.0,70.0,20.0,7.4,2.0,0.8,0.0,4,2.5,4.5,8.8,1,risk_based,S,5.0,180.0,10000.0,24,0.75,174.09847985252964,1.1206985666585147,0.08892321957934049,3.7537259544315376,BTCUSDT_15m
5,32,26.0,66.0,22.0,6.6,2.6,0.6,0.0,5,2.0,3.5,7.8,1,risk_based,S,5.0,180.0,10000.0,22,0.6363636363636364,452.128714867089,1.1572426728032712,0.1365947077430304,3.751375391789995,BTCUSDT_4h
5,32,30.0,60.0,16.0,7.4,1.8,1.2,0.2,6,2.0,6.5,8.2,1,risk_based,S,5.0,180.0,10000.0,14,0.5714285714285714,429.2758724831874,1.2700232159314648,0.12375024800000016,3.735214417488974,ETHUSDT_4h
3,40,30.0,62.0,16.0,6.6,1.6,1.0,0.05,7,2.5,3.5,8.8,1,risk_based,S,5.0,180.0,10000.0,29,0.6206896551724138,254.48586614707165,1.1183586564762165,0.09190393717397766,3.7265258503361927,SOLUSDT_15m
6,28,36.0,64.0,18.0,6.8,2.2,0.8,0.1,2,2.5,3.0,8.4,1,risk_based,S,5.0,180.0,10000.0,20,0.65,291.87320637341145,1.161823386002582,0.09392531391495865,3.7087440366336994,ETHUSDT_1h
3,40,40.0,68.0,16.0,6.8,1.8,1.0,0.0,2,3.0,4.0,8.0,1,risk_based,S,5.0,180.0,10000.0,37,0.5405405405405406,518.8194194623411,1.1113827776208027,0.19923965112760691,3.694676832131937,BTCUSDT_1h
6,36,32.0,70.0,18.0,7.6,1.6,1.2,0.1,3,2.5,4.5,8.0,1,risk_based,S,5.0,180.0,10000.0,17,0.47058823529411764,753.6994482044829,1.1653845719999194,0.14844707846414987,3.6850097097530483,SOLUSDT_4h
5,44,40.0,60.0,14.0,7.8,2.0,1.0,0.05,3,2.0,3.5,7.6,1,risk_based,S,5.0,180.0,10000.0,22,0.6818181818181818,231.1173420069008,1.127931624017492,0.088241856625073,3.684982292893938,SOLUSDT_15m
4,44,34.0,66.0,20.0,6.8,2.2,1.2,0.2,5,3.0,5.0,8.4,1,risk_based,S,5.0,180.0,10000.0,15,0.5333333333333333,457.0084262611854,1.2172061184305076,0.11372712269754807,3.6502392950295564,SOLUSDT_4h
6,40,40.0,68.0,16.0,6.6,1.6,1.0,0.05,6,2.0,3.0,7.6,1,risk_based,S,5.0,180.0,10000.0,16,0.5,495.77473619469856,1.1993348529373555,0.1055804600000001,3.647703062069409,SOLUSDT_4h
6,32,30.0,62.0,22.0,8.0,2.6,1.2,0.15,8,1.0,3.5,8.0,1,risk_based,S,5.0,180.0,10000.0,18,0.4444444444444444,691.4463923479198,1.2220522521675052,0.17669223597942788,3.6321408554113126,BTCUSDT_1h
6,24,18.0,70.0,20.0,8.0,1.6,0.8,0.0,5,1.5,6.5,8.6,1,risk_based,S,5.0,180.0,10000.0,19,0.5789473684210527,216.2046437240988,1.1758437765385796,0.06477234705393603,3.621996208271029,BTCUSDT_4h
5,32,30.0,60.0,16.0,7.4,1.8,1.2,0.2,6,2.0,6.5,8.2,1,risk_based,S,5.0,180.0,10000.0,20,0.55,248.608339008435,1.1633662905478324,0.0614694515497079,3.615932565454976,SOLUSDT_15m
6,28,36.0,64.0,18.0,6.8,2.2,0.8,0.1,2,2.5,3.0,8.4,1,risk_based,S,5.0,180.0,10000.0,27,0.5555555555555556,427.0617573294712,1.1523993335991474,0.1656808366203718,3.608151247999984,BTCUSDT_1h
6,32,24.0,68.0,18.0,7.8,1.6,0.8,0.15,5,3.0,3.0,8.8,1,risk_based,S,5.0,180.0,10000.0,23,0.5652173913043478,451.01260579400514,1.1588405586041548,0.15639034997650814,3.607348760029312,BTCUSDT_1h
6,20,20.0,62.0,12.0,7.6,1.6,0.8,0.2,3,1.0,3.5,8.6,1,risk_based,S,5.0,180.0,10000.0,21,0.6666666666666666,115.22842423774455,1.1285410223225807,0.06219100979531915,3.6057374394969486,ETHUSDT_1h
5,44,40.0,60.0,14.0,7.8,2.0,1.0,0.05,3,2.0,3.5,7.6,1,risk_based,S,5.0,180.0,10000.0,14,0.6428571428571429,261.45856775233005,1.1478286932000237,0.07193752705162491,3.5855890872832177,SOLUSDT_4h
5,32,24.0,62.0,18.0,7.6,2.0,1.2,0.1,8,2.5,5.0,8.8,1,risk_based,S,5.0,180.0,10000.0,22,0.5909090909090909,282.2468610300057,1.1434183816362777,0.10427939039945945,3.582609089467819,BTCUSDT_15m
4,40,22.0,62.0,14.0,7.0,1.6,0.6,0.05,5,3.0,3.5,8.2,1,risk_based,S,5.0,180.0,10000.0,33,0.6363636363636364,256.19541323511294,1.0853987962643377,0.1545429648174338,3.5779095658569413,BTCUSDT_1h
4,40,22.0,62.0,14.0,7.0,1.6,0.6,0.05,5,3.0,3.5,8.2,1,risk_based,S,5.0,180.0,10000.0,31,0.7419354838709677,39.914472192487665,1.0222942386270955,0.08406740242189789,3.5652039679874368,SOLUSDT_15m
3,36,36.0,60.0,14.0,7.2,2.0,0.6,0.05,3,1.5,7.0,7.6,1,risk_based,S,5.0,180.0,10000.0,30,0.7666666666666667,79.99540040333522,1.0372097365190664,0.11442225123701796,3.5611481197304142,SOLUSDT_15m
6,44,22.0,60.0,12.0,7.6,1.8,1.0,0.05,7,2.5,7.0,8.6,1,risk_based,S,5.0,180.0,10000.0,17,0.47058823529411764,559.0705072106357,1.1978447209916285,0.1471599441570435,3.5591624696639386,ETHUSDT_4h
6,32,16.0,68.0,12.0,7.8,2.6,1.0,0.2,4,1.0,3.5,7.8,1,risk_based,S,5.0,180.0,10000.0,12,0.5,504.6797962302044,1.2268545191346676,0.13171357721603175,3.5532481028514447,SOLUSDT_4h
4,44,34.0,66.0,20.0,6.8,2.2,1.2,0.2,5,3.0,5.0,8.4,1,risk_based,S,5.0,180.0,10000.0,15,0.5333333333333333,426.15518771583265,1.2195535334055014,0.1496295418536949,3.5163736289657503,ETHUSDT_1h
4,44,16.0,66.0,16.0,8.0,2.6,1.0,0.05,4,2.0,4.5,8.6,1,risk_based,S,5.0,180.0,10000.0,15,0.5333333333333333,366.28719349729,1.2018429183685329,0.11913840719999977,3.512557808634356,ETHUSDT_4h
6,40,28.0,64.0,22.0,7.8,2.4,0.6,0.15,2,2.0,5.0,8.0,1,risk_based,S,5.0,180.0,10000.0,17,0.6470588235294118,375.3416019533124,1.124295133947188,0.1409143728680852,3.5117769865375505,SOLUSDT_4h
6,24,20.0,64.0,14.0,6.6,2.4,0.6,0.1,2,1.0,7.5,8.2,1,risk_based,S,5.0,180.0,10000.0,24,0.75,27.878064771619393,1.027981159796147,0.06807600369788229,3.4846123732702665,SOLUSDT_1h
4,20,30.0,60.0,14.0,6.8,2.4,0.6,0.05,5,1.0,7.5,7.8,1,risk_based,S,5.0,180.0,10000.0,25,0.72,286.1608931571882,1.0977564228023484,0.1927852817325347,3.4833178935642812,SOLUSDT_1h
6,28,36.0,64.0,18.0,6.8,2.2,0.8,0.1,2,2.5,3.0,8.4,1,risk_based,S,5.0,180.0,10000.0,26,0.6923076923076923,124.3299470197544,1.0700346286633047,0.1174815139128578,3.470416201069329,BTCUSDT_15m
4,20,22.0,64.0,12.0,7.6,1.8,0.8,0.0,4,3.0,6.0,8.4,1,risk_based,S,5.0,180.0,10000.0,29,0.6551724137931034,115.79203233889348,1.0500896670787556,0.1045178666729846,3.4651763871671064,BTCUSDT_15m
3,32,14.0,70.0,20.0,6.6,2.0,0.8,0.0,8,1.0,3.0,7.8,1,risk_based,S,5.0,180.0,10000.0,25,0.68,61.45209697634709,1.0397017044297063,0.06687961961292312,3.46021664699699,SOLUSDT_15m
3,32,24.0,70.0,22.0,7.8,2.6,0.8,0.15,3,3.0,7.0,7.6,1,risk_based,S,5.0,180.0,10000.0,24,0.5833333333333334,427.8797509355263,1.1240829969385833,0.19084854061812032,3.458500122958332,BTCUSDT_1h
3,36,16.0,66.0,22.0,7.6,2.0,0.8,0.1,3,2.0,6.0,7.8,1,risk_based,S,5.0,180.0,10000.0,31,0.5483870967741935,530.8176430332223,1.079765831707328,0.22493836954633054,3.4581148429701765,SOLUSDT_4h
3,32,14.0,70.0,20.0,6.6,2.0,0.8,0.0,8,1.0,3.0,7.8,1,risk_based,S,5.0,180.0,10000.0,35,0.5714285714285714,139.6189805726226,1.0353876603188659,0.1054891927,3.451069580253211,BTCUSDT_4h
5,32,30.0,60.0,16.0,7.4,1.8,1.2,0.2,6,2.0,6.5,8.2,1,risk_based,S,5.0,180.0,10000.0,16,0.5625,256.0042227665381,1.1713050040834656,0.10403661361830352,3.4502543900785585,ETHUSDT_1h
4,20,26.0,66.0,22.0,8.0,2.0,0.6,0.05,4,2.0,6.5,7.6,1,risk_based,S,5.0,180.0,10000.0,28,0.75,52.02878497916936,1.024070881006246,0.11761122528602558,3.4323368711335847,SOLUSDT_15m
4,40,24.0,60.0,14.0,6.6,2.0,1.2,0.1,2,1.5,7.5,8.6,1,risk_based,S,5.0,180.0,10000.0,16,0.5625,134.41765285666224,1.1272750377941905,0.04470273681205644,3.4186095180088736,SOLUSDT_4h
3,20,36.0,64.0,14.0,7.2,1.8,0.6,0.2,2,3.0,6.0,7.6,1,risk_based,S,5.0,180.0,10000.0,29,0.6896551724137931,323.3119753537594,1.0693286806817526,0.22163832806161984,3.4115371111530948,ETHUSDT_4h
3,20,36.0,64.0,14.0,7.2,1.8,0.6,0.2,2,3.0,6.0,7.6,1,risk_based,S,5.0,180.0,10000.0,39,0.6923076923076923,149.38238520141022,1.0410009802964553,0.21429377739401806,3.4069645520738048,BTCUSDT_1h
5,32,26.0,66.0,22.0,6.6,2.6,0.6,0.0,5,2.0,3.5,7.8,1,risk_based,S,5.0,180.0,10000.0,21,0.7142857142857143,111.81513155791981,1.0538576363885666,0.10136787500000015,3.4068553507636237,SOLUSDT_4h
5,44,28.0,68.0,22.0,7.8,2.4,1.2,0.05,7,2.5,6.5,8.0,1,risk_based,S,5.0,180.0,10000.0,13,0.46153846153846156,665.9166323796926,1.2234276032359424,0.22103050160322824,3.401988026349585,ETHUSDT_1h
5,44,28.0,68.0,22.0,7.8,2.4,1.2,0.05,7,2.5,6.5,8.0,1,risk_based,S,5.0,180.0,10000.0,14,0.5714285714285714,340.626379139796,1.1066850059306392,0.09749999999999989,3.3986392481439323,SOLUSDT_4h
4,40,22.0,62.0,14.0,7.0,1.6,0.6,0.05,5,3.0,3.5,8.2,1,risk_based,S,5.0,180.0,10000.0,31,0.6451612903225806,50.83181131398851,1.0248082900370241,0.09873158876563982,3.3919955605749883,BTCUSDT_15m
5,32,30.0,60.0,16.0,7.4,1.8,1.2,0.2,6,2.0,6.5,8.2,1,risk_based,S,5.0,180.0,10000.0,23,0.6086956521739131,141.2987184998583,1.0804803071182076,0.09570861160843945,3.388176976171825,BTCUSDT_15m
4,40,24.0,60.0,14.0,6.6,2.0,1.2,0.1,2,1.5,7.5,8.6,1,risk_based,S,5.0,180.0,10000.0,15,0.6,151.96486752027158,1.1451047903753473,0.08486466023111187,3.38758046757763,ETHUSDT_1h
3,28,30.0,66.0,22.0,7.6,1.6,1.0,0.0,8,2.5,6.5,7.6,1,risk_based,S,5.0,180.0,10000.0,27,0.5555555555555556,272.5908364464394,1.0972301272073506,0.15298782276671263,3.381420955894336,BTCUSDT_15m
3,40,36.0,60.0,22.0,7.4,2.6,1.0,0.0,4,2.5,4.0,8.2,1,risk_based,S,5.0,180.0,10000.0,22,0.5,312.13976646300034,1.1487396251235436,0.13940970520163387,3.381389901105186,BTCUSDT_15m
6,36,18.0,64.0,20.0,7.8,1.8,0.8,0.1,5,2.0,6.5,8.4,1,risk_based,S,5.0,180.0,10000.0,19,0.5789473684210527,172.7963637384055,1.1041482960659394,0.08600342963192445,3.37150371960609,BTCUSDT_4h
3,40,36.0,60.0,22.0,7.4,2.6,1.0,0.0,4,2.5,4.0,8.2,1,risk_based,S,5.0,180.0,10000.0,21,0.6190476190476191,191.55076009382174,1.0954387896668472,0.12256993997101728,3.3632899480858924,SOLUSDT_15m
6,28,22.0,64.0,14.0,6.8,2.6,0.8,0.1,2,3.0,4.0,7.8,1,risk_based,S,5.0,180.0,10000.0,18,0.7222222222222222,204.76807600257962,1.1058453466072495,0.16892751552541976,3.3530095559741526,SOLUSDT_1h
3,20,20.0,62.0,20.0,6.6,2.4,0.8,0.2,5,1.5,6.5,8.4,1,risk_based,S,5.0,180.0,10000.0,27,0.7037037037037037,4.765615777138009,1.002956528447054,0.08622582300556852,3.347556759210096,SOLUSDT_15m
3,40,36.0,64.0,20.0,7.0,2.4,0.6,0.1,8,3.0,7.5,7.8,1,risk_based,S,5.0,180.0,10000.0,28,0.7142857142857143,175.73335972895802,1.051489371983585,0.18858618325825513,3.3443821253499335,SOLUSDT_1h
3,44,34.0,64.0,20.0,6.6,1.8,1.2,0.2,7,2.5,5.0,7.8,1,risk_based,S,5.0,180.0,10000.0,25,0.48,299.61298937936044,1.109091940855198,0.1319838753891437,3.3418452449223253,BTCUSDT_15m
4,20,26.0,66.0,22.0,8.0,2.0,0.6,0.05,4,2.0,6.5,7.6,1,risk_based,S,5.0,180.0,10000.0,24,0.75,176.50154284012388,1.0703279432181727,0.20009940970043416,3.321859200175167,SOLUSDT_1h
4,20,26.0,66.0,22.0,8.0,2.0,0.6,0.05,4,2.0,6.5,7.6,1,risk_based,S,5.0,180.0,10000.0,22,0.6818181818181818,257.2286909153627,1.0756269132132787,0.18461008903161483,3.3173795229743486,SOLUSDT_4h
3,32,28.0,60.0,20.0,6.6,1.8,0.8,0.2,4,1.0,4.5,7.6,1,risk_based,S,5.0,180.0,10000.0,32,0.59375,110.77493390086966,1.0412315729083026,0.13867387506872292,3.307841454511306,BTCUSDT_15m
3,28,30.0,66.0,22.0,7.6,1.6,1.0,0.0,8,2.5,6.5,7.6,1,risk_based,S,5.0,180.0,10000.0,30,0.5666666666666667,261.73199763159573,1.040224337672833,0.1643165875,3.299230910477262,SOLUSDT_4h
4,28,38.0,70.0,20.0,7.2,2.2,0.6,0.2,3,1.5,5.0,8.8,1,risk_based,S,5.0,180.0,10000.0,28,0.75,-89.32282006220339,0.9481539670877955,0.06691226784311018,3.291248310584057,SOLUSDT_15m
3,40,36.0,64.0,20.0,7.0,2.4,0.6,0.1,8,3.0,7.5,7.8,1,risk_based,S,5.0,180.0,10000.0,22,0.7727272727272727,147.42018792751696,1.06208410378788,0.19387833114071507,3.289044311172041,ETHUSDT_1h
6,20,20.0,62.0,12.0,7.6,1.6,0.8,0.2,3,1.0,3.5,8.6,1,risk_based,S,5.0,180.0,10000.0,20,0.55,65.07725571528317,1.071474752898154,0.05302160652649837,3.273961941932096,BTCUSDT_4h
6,32,16.0,68.0,12.0,7.8,2.6,1.0,0.2,4,1.0,3.5,7.8,1,risk_based,S,5.0,180.0,10000.0,8,0.5,335.43162599197603,1.2118952243038104,0.13281999937499991,3.270762076474597,ETHUSDT_4h
6,32,30.0,62.0,22.0,8.0,2.6,1.2,0.15,8,1.0,3.5,8.0,1,risk_based,S,5.0,180.0,10000.0,8,0.5,332.0425817197902,1.2098231362061311,0.13281999937500027,3.2632288560070517,ETHUSDT_4h
6,36,32.0,70.0,12.0,6.8,2.6,1.2,0.05,8,2.5,4.0,7.6,1,risk_based,S,5.0,180.0,10000.0,22,0.45454545454545453,455.4909479741382,1.1305083845349326,0.1945164493685692,3.254776550756477,BTCUSDT_1h
6,28,34.0,66.0,22.0,7.0,2.2,0.8,0.2,7,2.0,7.5,8.8,1,risk_based,S,5.0,180.0,10000.0,21,0.5238095238095238,176.7599134677912,1.0856593666951497,0.11106333338744384,3.2206029324100447,BTCUSDT_4h
4,44,34.0,66.0,20.0,6.8,2.2,1.2,0.2,5,3.0,5.0,8.4,1,risk_based,S,5.0,180.0,10000.0,20,0.5,223.60615210378091,1.0928446446393594,0.11645678051505681,3.209925099837329,BTCUSDT_15m
3,32,14.0,70.0,20.0,6.6,2.0,0.8,0.0,8,1.0,3.0,7.8,1,risk_based,S,5.0,180.0,10000.0,28,0.6785714285714286,-6.009482409506745,0.9974274976684273,0.1225193808800779,3.199144513144257,SOLUSDT_1h
3,36,22.0,66.0,18.0,8.0,2.0,0.8,0.0,4,2.5,3.5,8.8,1,risk_based,S,5.0,180.0,10000.0,27,0.6296296296296297,52.71761529072501,1.0204045109188957,0.12841277793855296,3.1927327477573018,SOLUSDT_1h
6,32,36.0,62.0,12.0,7.2,1.6,1.0,0.2,8,1.0,7.5,8.8,1,risk_based,S,5.0,180.0,10000.0,22,0.6363636363636364,16.607961572428394,1.012474948985948,0.0844098542249496,3.18287375141493,BTCUSDT_15m
3,40,30.0,62.0,16.0,6.6,1.6,1.0,0.05,7,2.5,3.5,8.8,1,risk_based,S,5.0,180.0,10000.0,27,0.5555555555555556,79.54357202777646,1.0351603581577273,0.11374849630452885,3.1819521327629783,BTCUSDT_15m
4,28,38.0,62.0,20.0,6.6,2.4,1.0,0.15,2,1.0,5.5,8.8,1,risk_based,S,5.0,180.0,10000.0,15,0.5333333333333333,88.87839841791174,1.0992723357897514,0.07523594880629983,3.161715223578515,ETHUSDT_1h
6,40,40.0,66.0,12.0,8.0,2.0,1.2,0.1,4,1.0,4.0,8.0,1,risk_based,S,5.0,180.0,10000.0,14,0.5,233.47413293688624,1.0789646039265557,0.08662438815977534,3.161530176310672,SOLUSDT_4h
5,44,40.0,60.0,14.0,7.8,2.0,1.0,0.05,3,2.0,3.5,7.6,1,risk_based,S,5.0,180.0,10000.0,22,0.5909090909090909,209.32195358213357,1.0619043225945672,0.16816260326492344,3.1550064253401344,BTCUSDT_4h
5,28,22.0,68.0,22.0,7.4,2.4,0.6,0.2,3,1.0,4.5,8.6,1,risk_based,S,5.0,180.0,10000.0,22,0.6363636363636364,-44.41166139130655,0.9457974192782668,0.04388523454043165,3.110072928089387,BTCUSDT_4h
3,32,24.0,70.0,22.0,7.8,2.6,0.8,0.15,3,3.0,7.0,7.6,1,risk_based,S,5.0,180.0,10000.0,25,0.68,-16.973485998796605,0.9919807442627641,0.13094679256751307,3.0941476248241924,SOLUSDT_15m
4,40,32.0,68.0,18.0,7.2,2.2,1.2,0.05,2,1.0,8.0,8.2,1,risk_based,S,5.0,180.0,10000.0,13,0.5384615384615384,65.29282829189651,1.081796695368562,0.06818550074601855,3.0920220244832723,ETHUSDT_1h
5,24,34.0,66.0,18.0,8.0,1.8,1.0,0.05,3,3.0,7.0,8.0,1,risk_based,S,5.0,180.0,10000.0,20,0.7,-18.187104472401188,0.9909509011971349,0.10916009255778647,3.086234420248509,SOLUSDT_15m
4,40,32.0,68.0,18.0,7.2,2.2,1.2,0.05,2,1.0,8.0,8.2,1,risk_based,S,5.0,180.0,10000.0,21,0.6190476190476191,-18.37626065636323,0.986672079764992,0.07866980971216354,3.067529898308559,BTCUSDT_15m
6,40,28.0,60.0,14.0,7.4,2.4,0.8,0.1,5,2.5,3.5,7.6,1,risk_based,S,5.0,180.0,10000.0,20,0.6,113.0216978839253,1.0467762679552275,0.15150481654615047,3.0520597841559285,BTCUSDT_1h
6,24,20.0,64.0,14.0,6.6,2.4,0.6,0.1,2,1.0,7.5,8.2,1,risk_based,S,5.0,180.0,10000.0,22,0.6363636363636364,-64.48769496974819,0.9210071370155554,0.04478605694616583,3.03771386276832,BTCUSDT_4h
6,40,28.0,64.0,22.0,7.8,2.4,0.6,0.15,2,2.0,5.0,8.0,1,risk_based,S,5.0,180.0,10000.0,20,0.65,113.80119832435412,1.0300205485319636,0.17164647983952055,3.03390285586972,BTCUSDT_4h
4,28,38.0,62.0,20.0,6.6,2.4,1.0,0.15,2,1.0,5.5,8.8,1,risk_based,S,5.0,180.0,10000.0,21,0.6190476190476191,-62.976419868942685,0.9209397265884144,0.03776388854464247,3.0141827962453873,SOLUSDT_4h
5,44,40.0,60.0,14.0,7.8,2.0,1.0,0.05,3,2.0,3.5,7.6,1,risk_based,S,5.0,180.0,10000.0,14,0.5,242.2982067704179,1.1143751477739996,0.1649549554678834,3.006183635914767,ETHUSDT_1h
4,24,30.0,66.0,14.0,7.8,1.8,1.0,0.15,3,1.0,6.5,8.8,1,risk_based,S,5.0,180.0,10000.0,25,0.6,-71.13331573241157,0.953004275867939,0.08256489918954905,2.987180538434819,BTCUSDT_15m
6,20,20.0,62.0,12.0,7.6,1.6,0.8,0.2,3,1.0,3.5,8.6,1,risk_based,S,5.0,180.0,10000.0,31,0.7419354838709677,-191.9526465419185,0.8579997128622127,0.09082551905276015,2.984473447830678,BTCUSDT_15m
4,24,40.0,62.0,14.0,7.8,1.6,0.8,0.1,8,2.5,8.0,8.8,1,risk_based,S,5.0,180.0,10000.0,20,0.6,-55.44451457720788,0.9726883042519826,0.0731406250000001,2.970510218926757,SOLUSDT_4h
6,40,40.0,68.0,16.0,6.6,1.6,1.0,0.05,6,2.0,3.0,7.6,1,risk_based,S,5.0,180.0,10000.0,22,0.5454545454545454,23.87950977687251,1.0105540436200042,0.11247056193753065,2.9657577293861075,BTCUSDT_15m
6,32,24.0,68.0,18.0,7.8,1.6,0.8,0.15,5,3.0,3.0,8.8,1,risk_based,S,5.0,180.0,10000.0,20,0.55,110.52375714120535,1.0396699706469958,0.1532339786693756,2.9551617624270703,BTCUSDT_4h
3,20,20.0,62.0,20.0,6.6,2.4,0.8,0.2,5,1.5,6.5,8.4,1,risk_based,S,5.0,180.0,10000.0,31,0.6129032258064516,-136.4782946819323,0.9158774221368825,0.10126272756016359,2.9308432056210196,BTCUSDT_15m
5,44,28.0,68.0,22.0,7.8,2.4,1.2,0.05,7,2.5,6.5,8.0,1,risk_based,S,5.0,180.0,10000.0,13,0.5384615384615384,339.4197120103963,1.1003296673946803,0.22621906250000004,2.929114166992065,ETHUSDT_4h
3,20,34.0,68.0,12.0,6.8,1.8,0.8,0.15,5,2.5,4.5,8.8,1,risk_based,S,5.0,180.0,10000.0,37,0.6216216216216216,-148.75579779359214,0.95092343387206,0.17157325667058843,2.9108037323711953,BTCUSDT_1h
6,36,18.0,64.0,20.0,7.8,1.8,0.8,0.1,5,2.0,6.5,8.4,1,risk_based,S,5.0,180.0,10000.0,26,0.7307692307692307,-174.03434465246391,0.8905197068757529,0.10640509224204804,2.903943638526744,BTCUSDT_15m
3,40,30.0,62.0,16.0,6.6,1.6,1.0,0.05,7,2.5,3.5,8.8,1,risk_based,S,5.0,180.0,10000.0,23,0.5217391304347826,57.863977965229424,1.018521943333456,0.1455399922056994,2.900896583667217,ETHUSDT_4h
3,24,16.0,60.0,16.0,6.8,2.4,0.8,0.1,7,2.5,4.5,8.4,1,risk_based,S,5.0,180.0,10000.0,22,0.6818181818181818,-83.72609090286096,0.957970206506964,0.13362777203106282,2.894058278745151,SOLUSDT_1h
4,28,38.0,62.0,20.0,6.6,2.4,1.0,0.15,2,1.0,5.5,8.8,1,risk_based,S,5.0,180.0,10000.0,31,0.5806451612903226,-147.42726280227907,0.913717113742919,0.09357984100953781,2.8902351835904296,BTCUSDT_1h
4,20,22.0,64.0,12.0,7.6,1.8,0.8,0.0,4,3.0,6.0,8.4,1,risk_based,S,5.0,180.0,10000.0,23,0.5652173913043478,-80.12307104286083,0.9730349978964544,0.09489433691219996,2.88909000096997,SOLUSDT_4h
5,44,24.0,62.0,20.0,6.8,1.8,1.0,0.0,6,1.0,5.0,8.4,1,risk_based,S,5.0,180.0,10000.0,16,0.5625,-17.176689753881874,0.9806598187042911,0.07768494047768613,2.8748381262216416,ETHUSDT_1h
5,24,34.0,66.0,18.0,8.0,1.8,1.0,0.05,3,3.0,7.0,8.0,1,risk_based,S,5.0,180.0,10000.0,26,0.5384615384615384,209.7063631244837,1.0457746671090637,0.25215545125864636,2.87248165125898,BTCUSDT_1h
4,40,28.0,64.0,22.0,7.4,1.6,0.8,0.1,3,2.0,4.0,8.0,1,risk_based,S,5.0,180.0,10000.0,22,0.6363636363636364,-113.64360285027396,0.9636056773749766,0.11526400000000003,2.862321206445134,SOLUSDT_4h
5,32,24.0,62.0,18.0,7.6,2.0,1.2,0.1,8,2.5,5.0,8.8,1,risk_based,S,5.0,180.0,10000.0,15,0.5333333333333333,81.98043947451151,1.0476358228148923,0.13959681256439943,2.8584616474110978,ETHUSDT_1h
4,28,16.0,62.0,16.0,7.4,1.8,1.2,0.2,7,2.0,7.5,8.8,1,risk_based,S,5.0,180.0,10000.0,15,0.5333333333333333,60.418875702982405,1.0341564131266128,0.12375024799999985,2.857480957956208,ETHUSDT_4h
4,28,16.0,62.0,16.0,7.4,1.8,1.2,0.2,7,2.0,7.5,8.8,1,risk_based,S,5.0,180.0,10000.0,14,0.5,10.137802702307454,1.0070553342778283,0.08159003333135043,2.8094783712639133,SOLUSDT_4h
5,28,22.0,68.0,22.0,7.4,2.4,0.6,0.2,3,1.0,4.5,8.6,1,risk_based,S,5.0,180.0,10000.0,23,0.7391304347826086,-155.3162636328616,0.8048722203573931,0.07590460039773622,2.795410028062629,ETHUSDT_1h
4,28,16.0,62.0,16.0,7.4,1.8,1.2,0.2,7,2.0,7.5,8.8,1,risk_based,S,5.0,180.0,10000.0,24,0.4583333333333333,82.22537464810921,1.0292519364425838,0.17265296804057645,2.7902703434115472,BTCUSDT_1h
6,44,22.0,60.0,12.0,7.6,1.8,1.0,0.05,7,2.5,7.0,8.6,1,risk_based,S,5.0,180.0,10000.0,13,0.5384615384615384,-15.046143196044795,0.9915383248462034,0.08581560409086991,2.77827600191606,SOLUSDT_4h
3,32,24.0,70.0,22.0,7.8,2.6,0.8,0.15,3,3.0,7.0,7.6,1,risk_based,S,5.0,180.0,10000.0,26,0.5384615384615384,47.93320725532067,1.0088497727755945,0.2143277731981076,2.7503417409044943,SOLUSDT_4h
3,28,30.0,66.0,22.0,7.6,1.6,1.0,0.0,8,2.5,6.5,7.6,1,risk_based,S,5.0,180.0,10000.0,35,0.5142857142857142,-50.68507639786549,0.9932146019761594,0.2223841002415269,2.7400203982584443,BTCUSDT_4h
6,32,14.0,64.0,16.0,7.8,2.2,0.8,0.15,3,2.0,6.0,8.2,1,risk_based,S,5.0,180.0,10000.0,22,0.5,-37.36608103724939,0.9833832062742381,0.1290233841238021,2.7323301791398205,BTCUSDT_4h
6,28,36.0,64.0,18.0,6.8,2.2,0.8,0.1,2,2.5,3.0,8.4,1,risk_based,S,5.0,180.0,10000.0,19,0.7368421052631579,-157.1308362407981,0.8826495459322931,0.122272457007594,2.7266140424957426,SOLUSDT_1h
4,28,16.0,62.0,16.0,7.4,1.8,1.2,0.2,7,2.0,7.5,8.8,1,risk_based,S,5.0,180.0,10000.0,27,0.5925925925925926,-189.99181163728463,0.9065960300838296,0.11404853350502821,2.709943536904179,BTCUSDT_15m
5,28,22.0,68.0,22.0,7.4,2.4,0.6,0.2,3,1.0,4.5,8.6,1,risk_based,S,5.0,180.0,10000.0,31,0.7741935483870968,-315.52218527079276,0.7640535097216313,0.09466440888139492,2.70988193010893,BTCUSDT_15m
4,44,16.0,66.0,16.0,8.0,2.6,1.0,0.05,4,2.0,4.5,8.6,1,risk_based,S,5.0,180.0,10000.0,24,0.5833333333333334,-127.63175520136065,0.9325876752333782,0.12966152959257315,2.703559006487676,BTCUSDT_15m
6,20,24.0,64.0,20.0,7.4,1.6,1.2,0.2,2,2.5,3.5,8.4,1,risk_based,S,5.0,180.0,10000.0,18,0.4444444444444444,11.68563086156064,1.004107561100322,0.11573236214453107,2.699370333295278,SOLUSDT_4h
3,40,30.0,62.0,16.0,6.6,1.6,1.0,0.05,7,2.5,3.5,8.8,1,risk_based,S,5.0,180.0,10000.0,35,0.5428571428571428,-334.2390425172707,0.9131163293344109,0.10359958214090909,2.695480584014538,SOLUSDT_4h
4,44,34.0,66.0,20.0,6.8,2.2,1.2,0.2,5,3.0,5.0,8.4,1,risk_based,S,5.0,180.0,10000.0,27,0.5555555555555556,-70.32660342867894,0.9767767076288889,0.1875166206172116,2.6940102833107975,BTCUSDT_1h
4,40,28.0,64.0,22.0,7.4,1.6,0.8,0.1,3,2.0,4.0,8.0,1,risk_based,S,5.0,180.0,10000.0,26,0.6923076923076923,-292.8309671644347,0.8788195006612769,0.11225857133661202,2.6864938586098215,SOLUSDT_15m
3,20,20.0,62.0,20.0,6.6,2.4,0.8,0.2,5,1.5,6.5,8.4,1,risk_based,S,5.0,180.0,10000.0,21,0.6666666666666666,-178.0050692081113,0.8735568063285497,0.10222416116580649,2.682436059951568,SOLUSDT_1h
6,40,20.0,68.0,18.0,7.0,2.6,0.6,0.1,6,3.0,5.5,7.6,1,risk_based,S,5.0,180.0,10000.0,21,0.6190476190476191,-52.050099461786886,0.9876399845355915,0.1973998391173373,2.679601780828813,BTCUSDT_4h
3,44,26.0,68.0,12.0,8.0,2.2,0.6,0.05,6,2.0,7.5,8.8,1,risk_based,S,5.0,180.0,10000.0,34,0.6470588235294118,-252.1803695985327,0.8906056828273651,0.1757205583631707,2.652457556260803,BTCUSDT_1h
6,40,20.0,68.0,18.0,7.0,2.6,0.6,0.1,6,3.0,5.5,7.6,1,risk_based,S,5.0,180.0,10000.0,22,0.7272727272727273,-120.83180202162475,0.9561976517862228,0.2263162191261356,2.643523935081505,ETHUSDT_1h
3,44,34.0,64.0,20.0,6.6,1.8,1.2,0.2,7,2.5,5.0,7.8,1,risk_based,S,5.0,180.0,10000.0,25,0.44,137.8088553351663,1.0197591218523054,0.23295310259616298,2.6384677912512884,SOLUSDT_4h
3,20,34.0,68.0,12.0,6.8,1.8,0.8,0.15,5,2.5,4.5,8.8,1,risk_based,S,5.0,180.0,10000.0,34,0.5588235294117647,-283.7065087548799,0.89381535829604,0.12938009345849935,2.634019221579349,BTCUSDT_15m
5,44,28.0,68.0,22.0,7.8,2.4,1.2,0.05,7,2.5,6.5,8.0,1,risk_based,S,5.0,180.0,10000.0,20,0.45,285.32760152107767,1.0503784721023441,0.2773032167100538,2.6291748955956042,BTCUSDT_4h
5,24,14.0,62.0,20.0,6.8,1.6,1.2,0.0,8,3.0,4.0,7.8,1,risk_based,S,5.0,180.0,10000.0,22,0.45454545454545453,81.11918463020083,1.0225088631764128,0.20779133693645213,2.624581081991851,BTCUSDT_1h
4,44,14.0,68.0,14.0,7.2,1.8,1.2,0.0,6,1.5,6.5,8.6,1,risk_based,S,5.0,180.0,10000.0,28,0.4642857142857143,-95.19296602197755,0.9638471623316381,0.1548720875004734,2.62431366756845,BTCUSDT_1h
4,24,40.0,62.0,14.0,7.8,1.6,0.8,0.1,8,2.5,8.0,8.8,1,risk_based,S,5.0,180.0,10000.0,31,0.7096774193548387,-354.4147430351586,0.8136224076296971,0.11373664800128379,2.616136257252642,BTCUSDT_15m
6,32,30.0,62.0,22.0,8.0,2.6,1.2,0.15,8,1.0,3.5,8.0,1,risk_based,S,5.0,180.0,10000.0,10,0.5,-26.047330913685073,0.9861101426128844,0.10046105715839894,2.5947897828368873,SOLUSDT_4h
6,20,20.0,62.0,12.0,7.6,1.6,0.8,0.2,3,1.0,3.5,8.6,1,risk_based,S,5.0,180.0,10000.0,24,0.5416666666666666,-181.67371561013897,0.8795663917411218,0.09407207368091637,2.5877428468293555,BTCUSDT_1h
6,24,20.0,64.0,14.0,6.6,2.4,0.6,0.1,2,1.0,7.5,8.2,1,risk_based,S,5.0,180.0,10000.0,24,0.75,-232.35376329909923,0.708462201646013,0.06848466523161889,2.5841166442980703,ETHUSDT_1h
3,20,34.0,68.0,12.0,6.8,1.8,0.8,0.15,5,2.5,4.5,8.8,1,risk_based,S,5.0,180.0,10000.0,38,0.5526315789473685,-410.0897594697053,0.8983620738017154,0.13086074657168817,2.5829995168397137,SOLUSDT_4h
3,28,30.0,66.0,22.0,7.6,1.6,1.0,0.0,8,2.5,6.5,7.6,1,risk_based,S,5.0,180.0,10000.0,26,0.5769230769230769,-181.48408436462705,0.9548773015321504,0.17849464698111508,2.578171193140944,SOLUSDT_1h
6,28,36.0,64.0,18.0,6.8,2.2,0.8,0.1,2,2.5,3.0,8.4,1,risk_based,S,5.0,180.0,10000.0,22,0.5,-81.01652560068942,0.9712989136148317,0.15953407848431686,2.5729790661760235,BTCUSDT_4h
6,40,32.0,62.0,22.0,7.8,2.2,1.2,0.05,3,1.0,3.5,8.8,1,risk_based,S,5.0,180.0,10000.0,12,0.4166666666666667,-48.19509225600268,0.9307905884679556,0.039403990000000014,2.560174114679909,BTCUSDT_4h
6,44,22.0,60.0,12.0,7.6,1.8,1.0,0.05,7,2.5,7.0,8.6,1,risk_based,S,5.0,180.0,10000.0,21,0.5238095238095238,-97.63746865849316,0.963793873000566,0.15903016773327364,2.5585740598571034,BTCUSDT_1h
5,36,20.0,70.0,16.0,7.2,2.6,1.0,0.2,5,2.0,3.0,7.6,1,risk_based,S,5.0,180.0,10000.0,24,0.5833333333333334,-146.0176317968817,0.945099066243556,0.1813689685060585,2.5550735951720545,BTCUSDT_1h
6,32,26.0,70.0,20.0,7.4,2.0,0.8,0.0,4,2.5,4.5,8.8,1,risk_based,S,5.0,180.0,10000.0,20,0.5,-91.84818478313173,0.9641149504525747,0.14409659300577757,2.5540919371046846,BTCUSDT_4h
4,44,34.0,64.0,20.0,8.0,2.6,0.8,0.1,5,1.0,5.0,7.8,1,risk_based,S,5.0,180.0,10000.0,19,0.5789473684210527,21.075916546260487,1.0071405375524463,0.24395387846651065,2.5519164088832,ETHUSDT_1h
6,36,32.0,68.0,14.0,7.8,2.2,1.2,0.1,8,3.0,6.0,8.0,1,risk_based,S,5.0,180.0,10000.0,12,0.5,64.86348663134049,1.0206115252096637,0.1848165489152308,2.541636890304975,SOLUSDT_4h
3,44,26.0,68.0,12.0,8.0,2.2,0.6,0.05,6,2.0,7.5,8.8,1,risk_based,S,5.0,180.0,10000.0,26,0.7307692307692307,-343.7855298151808,0.797354546027286,0.11704315734740324,2.5159479363510275,SOLUSDT_1h
4,20,30.0,60.0,14.0,6.8,2.4,0.6,0.05,5,1.0,7.5,7.8,1,risk_based,S,5.0,180.0,10000.0,28,0.6428571428571429,-312.36702403392337,0.9081198821632159,0.17075920667390868,2.515880834556497,BTCUSDT_1h
5,24,14.0,62.0,20.0,6.8,1.6,1.2,0.0,8,3.0,4.0,7.8,1,risk_based,S,5.0,180.0,10000.0,18,0.5555555555555556,-93.24157221096903,0.9714275901878201,0.17755533240889043,2.5102809442713334,BTCUSDT_4h
6,36,14.0,60.0,12.0,7.0,2.4,0.6,0.1,6,3.0,4.0,8.2,1,risk_based,S,5.0,180.0,10000.0,26,0.7307692307692307,-322.76934107511624,0.8442446678382758,0.15883903374380612,2.505356739523863,BTCUSDT_1h
6,36,14.0,60.0,12.0,7.0,2.4,0.6,0.1,6,3.0,4.0,8.2,1,risk_based,S,5.0,180.0,10000.0,22,0.6363636363636364,-276.74184907697236,0.8908741480674295,0.1317200933507089,2.5043916215512145,BTCUSDT_4h
3,36,16.0,66.0,22.0,7.6,2.0,0.8,0.1,3,2.0,6.0,7.8,1,risk_based,S,5.0,180.0,10000.0,25,0.68,-317.3550556914506,0.8505142509964845,0.13791585901071493,2.4899258692693733,SOLUSDT_15m
4,28,38.0,70.0,20.0,7.2,2.2,0.6,0.2,3,1.5,5.0,8.8,1,risk_based,S,5.0,180.0,10000.0,23,0.6956521739130435,-256.463542063786,0.7795823037956573,0.11001732301818332,2.4761273573425435,ETHUSDT_1h
6,36,14.0,60.0,12.0,7.0,2.4,0.6,0.1,6,3.0,4.0,8.2,1,risk_based,S,5.0,180.0,10000.0,21,0.7142857142857143,-270.1161577439889,0.8496588254804132,0.15332237115588013,2.4606629511777687,ETHUSDT_1h
6,32,36.0,62.0,12.0,7.2,1.6,1.0,0.2,8,1.0,7.5,8.8,1,risk_based,S,5.0,180.0,10000.0,15,0.5333333333333333,-159.27551564000896,0.8576186011553811,0.068782504462083,2.449614173284504,SOLUSDT_4h
3,20,20.0,62.0,20.0,6.6,2.4,0.8,0.2,5,1.5,6.5,8.4,1,risk_based,S,5.0,180.0,10000.0,29,0.6551724137931034,-351.30533573934554,0.823087547536084,0.14060949588720964,2.435799892360849,BTCUSDT_1h
3,36,22.0,66.0,18.0,8.0,2.0,0.8,0.0,4,2.5,3.5,8.8,1,risk_based,S,5.0,180.0,10000.0,35,0.5428571428571428,-480.572975488918,0.8866413318701529,0.1279411855468748,2.4231718458964773,BTCUSDT_4h
6,20,24.0,64.0,20.0,7.4,1.6,1.2,0.2,2,2.5,3.5,8.4,1,risk_based,S,5.0,180.0,10000.0,24,0.4583333333333333,-118.53420786654533,0.9623751486329425,0.18493440431942346,2.4189128764410692,BTCUSDT_1h
3,20,36.0,64.0,14.0,7.2,1.8,0.6,0.2,2,3.0,6.0,7.6,1,risk_based,S,5.0,180.0,10000.0,33,0.7575757575757576,-475.71088453555785,0.8584648291128744,0.20983086390658712,2.4080898183340658,SOLUSDT_1h
5,28,24.0,68.0,12.0,7.0,1.8,0.8,0.15,7,1.5,4.5,7.6,1,risk_based,S,5.0,180.0,10000.0,30,0.5333333333333333,-154.9476901056005,0.9659615278415374,0.2582525130927528,2.4022178262992155,BTCUSDT_1h
6,24,18.0,70.0,20.0,8.0,1.6,0.8,0.0,5,1.5,6.5,8.6,1,risk_based,S,5.0,180.0,10000.0,22,0.5909090909090909,-254.33869676167888,0.8771535307437804,0.14182601768293196,2.4008539480407225,BTCUSDT_1h
6,36,18.0,64.0,20.0,7.8,1.8,0.8,0.1,5,2.0,6.5,8.4,1,risk_based,S,5.0,180.0,10000.0,21,0.5714285714285714,-235.59345527794903,0.9016912116875627,0.1500515502620633,2.3947771744538437,BTCUSDT_1h
6,36,32.0,70.0,18.0,7.6,1.6,1.2,0.1,3,2.5,4.5,8.0,1,risk_based,S,5.0,180.0,10000.0,25,0.44,68.60384392229025,1.0137858236984383,0.29492806852041975,2.3713912857579076,BTCUSDT_1h
4,24,40.0,62.0,14.0,7.8,1.6,0.8,0.1,8,2.5,8.0,8.8,1,risk_based,S,5.0,180.0,10000.0,25,0.76,-433.6326819283786,0.7361250114676157,0.10273689296759134,2.370406662104079,SOLUSDT_15m
4,24,40.0,62.0,14.0,7.8,1.6,0.8,0.1,8,2.5,8.0,8.8,1,risk_based,S,5.0,180.0,10000.0,30,0.5666666666666667,-369.3564272982876,0.8844629572382238,0.1642450971761962,2.3568341956495713,BTCUSDT_1h
6,28,26.0,70.0,16.0,7.0,1.8,1.2,0.15,7,1.5,7.5,8.4,1,risk_based,S,5.0,180.0,10000.0,13,0.5384615384615384,-195.43992647256528,0.8444799850717092,0.07072594706216784,2.349034510176657,SOLUSDT_4h
6,28,22.0,64.0,14.0,6.8,2.6,0.8,0.1,2,3.0,4.0,7.8,1,risk_based,S,5.0,180.0,10000.0,17,0.5294117647058824,-164.36087970797416,0.9511269745267036,0.18153649828067414,2.327401221562234,BTCUSDT_4h
4,40,22.0,62.0,14.0,7.0,1.6,0.6,0.05,5,3.0,3.5,8.2,1,risk_based,S,5.0,180.0,10000.0,36,0.6388888888888888,-549.7117701307434,0.8583671855867822,0.17706477707074433,2.314161603163921,BTCUSDT_4h
4,44,16.0,66.0,16.0,8.0,2.6,1.0,0.05,4,2.0,4.5,8.6,1,risk_based,S,5.0,180.0,10000.0,19,0.5263157894736842,-282.65685561755527,0.8401060834707657,0.08604177422209326,2.308903672868223,SOLUSDT_4h
5,32,24.0,60.0,12.0,8.0,2.4,0.6,0.0,6,1.5,7.0,8.0,1,risk_based,S,5.0,180.0,10000.0,26,0.6153846153846154,-297.1077695285003,0.9459587326570139,0.24685313727122687,2.2973272070487702,BTCUSDT_4h
4,20,22.0,64.0,12.0,7.6,1.8,0.8,0.0,4,3.0,6.0,8.4,1,risk_based,S,5.0,180.0,10000.0,31,0.5483870967741935,-350.9853981015385,0.9117594200006042,0.20687457581488292,2.2944903596163115,BTCUSDT_1h
5,36,20.0,70.0,16.0,7.2,2.6,1.0,0.2,5,2.0,3.0,7.6,1,risk_based,S,5.0,180.0,10000.0,15,0.4666666666666667,-146.97571712263925,0.9431538806821654,0.1529646329656062,2.2804381453448728,ETHUSDT_4h
3,36,22.0,66.0,18.0,8.0,2.0,0.8,0.0,4,2.5,3.5,8.8,1,risk_based,S,5.0,180.0,10000.0,26,0.6153846153846154,-421.75919026585143,0.8566779665636404,0.16709439026757808,2.2333904951356187,ETHUSDT_4h
3,36,16.0,66.0,22.0,7.6,2.0,0.8,0.1,3,2.0,6.0,7.8,1,risk_based,S,5.0,180.0,10000.0,33,0.5757575757575758,-479.5604667712323,0.928545340692656,0.22482625681250004,2.2266878078129437,BTCUSDT_4h
3,32,28.0,60.0,20.0,6.6,1.8,0.8,0.2,4,1.0,4.5,7.6,1,risk_based,S,5.0,180.0,10000.0,27,0.6296296296296297,-446.16942249656313,0.87189223034516,0.19332007934968987,2.2020992445891316,SOLUSDT_1h
6,40,28.0,64.0,22.0,7.8,2.4,0.6,0.15,2,2.0,5.0,8.0,1,risk_based,S,5.0,180.0,10000.0,22,0.6818181818181818,-336.6340809510366,0.8820028580853967,0.22964238527989778,2.201171752107336,ETHUSDT_1h
4,44,14.0,68.0,14.0,7.2,1.8,1.2,0.0,6,1.5,6.5,8.6,1,risk_based,S,5.0,180.0,10000.0,18,0.5,-290.2544551192059,0.7885444039175112,0.06538933790250302,2.200666339008307,SOLUSDT_4h
3,32,24.0,70.0,22.0,7.8,2.6,0.8,0.15,3,3.0,7.0,7.6,1,risk_based,S,5.0,180.0,10000.0,24,0.5416666666666666,-257.1560625973998,0.9375689736606377,0.24109602226920973,2.1871938179162465,SOLUSDT_1h
3,28,30.0,66.0,22.0,7.6,1.6,1.0,0.0,8,2.5,6.5,7.6,1,risk_based,S,5.0,180.0,10000.0,23,0.6086956521739131,-353.549870325598,0.8539424848715974,0.18102939912822846,2.1842903802937808,SOLUSDT_15m
3,32,14.0,70.0,20.0,6.6,2.0,0.8,0.0,8,1.0,3.0,7.8,1,risk_based,S,5.0,180.0,10000.0,29,0.4827586206896552,-478.24350471662365,0.8900486344235977,0.14126597429999982,2.1821937722650553,SOLUSDT_4h
3,32,14.0,70.0,20.0,6.6,2.0,0.8,0.0,8,1.0,3.0,7.8,1,risk_based,S,5.0,180.0,10000.0,23,0.6086956521739131,-402.2580417220288,0.8561085365789873,0.16702799507100008,2.1819185244838155,ETHUSDT_4h
3,28,30.0,66.0,22.0,7.6,1.6,1.0,0.0,8,2.5,6.5,7.6,1,risk_based,S,5.0,180.0,10000.0,22,0.5,-251.7659777257286,0.9569026845795694,0.2262190625,2.1733822039334103,ETHUSDT_4h
5,44,24.0,62.0,20.0,6.8,1.8,1.0,0.0,6,1.0,5.0,8.4,1,risk_based,S,5.0,180.0,10000.0,22,0.5909090909090909,-347.08453716820986,0.7175267479394537,0.08501248367161982,2.1592951440594748,BTCUSDT_4h
4,28,18.0,70.0,12.0,7.8,1.6,1.2,0.05,3,2.5,5.5,8.0,1,risk_based,S,5.0,180.0,10000.0,26,0.46153846153846156,-225.9864283072293,0.9548330355237484,0.24601916214437908,2.1579298486148226,BTCUSDT_1h
5,24,34.0,66.0,18.0,8.0,1.8,1.0,0.05,3,3.0,7.0,8.0,1,risk_based,S,5.0,180.0,10000.0,23,0.5652173913043478,-272.00871893321346,0.9438981971353816,0.2553913363902939,2.1574397531231897,BTCUSDT_4h
4,40,28.0,64.0,22.0,7.4,1.6,0.8,0.1,3,2.0,4.0,8.0,1,risk_based,S,5.0,180.0,10000.0,30,0.5666666666666667,-446.34901693864776,0.8961808167829869,0.21598583949843073,2.148055098132034,BTCUSDT_1h
4,24,30.0,66.0,14.0,7.8,1.8,1.0,0.15,3,1.0,6.5,8.8,1,risk_based,S,5.0,180.0,10000.0,27,0.5555555555555556,-444.49614513446977,0.7502592312701739,0.09479121875572562,2.144981994472035,BTCUSDT_1h
6,28,34.0,66.0,22.0,7.0,2.2,0.8,0.2,7,2.0,7.5,8.8,1,risk_based,S,5.0,180.0,10000.0,18,0.5,-371.6884528704468,0.818456553588178,0.07797961596971599,2.1412858063967612,SOLUSDT_4h
6,40,40.0,68.0,16.0,6.6,1.6,1.0,0.05,6,2.0,3.0,7.6,1,risk_based,S,5.0,180.0,10000.0,31,0.5161290322580645,-363.75890857065133,0.8985951514175841,0.23726488964656967,2.1158302737119046,BTCUSDT_1h
6,24,20.0,64.0,14.0,6.6,2.4,0.6,0.1,2,1.0,7.5,8.2,1,risk_based,S,5.0,180.0,10000.0,26,0.7307692307692307,-504.5041320807268,0.644319213480017,0.10532616682785613,2.084309640549585,BTCUSDT_15m
5,28,24.0,68.0,12.0,7.0,1.8,0.8,0.15,7,1.5,4.5,7.6,1,risk_based,S,5.0,180.0,10000.0,25,0.6,-495.17774681928313,0.8761800170482501,0.19507195474109887,2.07196642305392,BTCUSDT_4h
6,40,28.0,60.0,14.0,7.4,2.4,0.8,0.1,5,2.5,3.5,7.6,1,risk_based,S,5.0,180.0,10000.0,18,0.5555555555555556,-379.82899279129015,0.8709201520947386,0.16317129939687525,2.065830746540895,BTCUSDT_4h
5,32,26.0,66.0,22.0,6.6,2.6,0.6,0.0,5,2.0,3.5,7.8,1,risk_based,S,5.0,180.0,10000.0,29,0.6206896551724138,-549.0994342021095,0.8140049274532022,0.1765585898277742,2.0602691339795935,BTCUSDT_1h
6,24,18.0,70.0,20.0,8.0,1.6,0.8,0.0,5,1.5,6.5,8.6,1,risk_based,S,5.0,180.0,10000.0,26,0.7692307692307693,-532.8728921544243,0.5994545781845724,0.09714440270942912,2.048449209932587,BTCUSDT_15m
6,32,36.0,62.0,12.0,7.2,1.6,1.0,0.2,8,1.0,7.5,8.8,1,risk_based,S,5.0,180.0,10000.0,22,0.5454545454545454,-390.4101908374578,0.7490137550295269,0.10815385491903703,2.0413375726463032,BTCUSDT_1h
6,40,32.0,62.0,22.0,7.8,2.2,1.2,0.05,3,1.0,3.5,8.8,1,risk_based,S,5.0,180.0,10000.0,20,0.5,-335.86378916724243,0.758589728069097,0.0988217292030875,2.034850479361689,BTCUSDT_1h
6,40,28.0,60.0,14.0,7.4,2.4,0.8,0.1,5,2.5,3.5,7.6,1,risk_based,S,5.0,180.0,10000.0,16,0.5,-408.24761878167374,0.8508431201237174,0.132272039125437,1.9666225040894503,SOLUSDT_4h
4,28,38.0,70.0,20.0,7.2,2.2,0.6,0.2,3,1.5,5.0,8.8,1,risk_based,S,5.0,180.0,10000.0,34,0.6764705882352942,-677.3588238768152,0.6566950667466428,0.12255452773571206,1.9630736087622753,BTCUSDT_15m
4,24,14.0,70.0,14.0,7.8,2.0,1.0,0.0,8,2.0,5.5,8.6,1,risk_based,S,5.0,180.0,10000.0,27,0.5555555555555556,-483.1631472000536,0.8325943637406581,0.1982162714319608,1.9607100993187137,BTCUSDT_1h
3,36,36.0,60.0,14.0,7.2,2.0,0.6,0.05,3,1.5,7.0,7.6,1,risk_based,S,5.0,180.0,10000.0,31,0.6451612903225806,-652.8451421058671,0.816828121401117,0.20349820782266959,1.9580584127122291,BTCUSDT_1h
6,28,36.0,64.0,18.0,6.8,2.2,0.8,0.1,2,2.5,3.0,8.4,1,risk_based,S,5.0,180.0,10000.0,19,0.47368421052631576,-471.75488399567985,0.8143316679390074,0.09789035987383776,1.9537636880502953,SOLUSDT_4h
6,28,26.0,70.0,16.0,7.0,1.8,1.2,0.15,7,1.5,7.5,8.4,1,risk_based,S,5.0,180.0,10000.0,20,0.45,-384.89335035077966,0.8121063872578492,0.12025847183237283,1.9535440086678002,ETHUSDT_4h
4,20,14.0,62.0,16.0,7.4,2.2,0.6,0.15,7,2.0,6.0,8.0,1,risk_based,S,5.0,180.0,10000.0,25,0.6,-535.8016245343497,0.8233579266259247,0.18680062746805828,1.950512346313325,BTCUSDT_1h
3,20,34.0,68.0,12.0,6.8,1.8,0.8,0.15,5,2.5,4.5,8.8,1,risk_based,S,5.0,180.0,10000.0,30,0.6333333333333333,-629.7584075705654,0.7808023756404385,0.17711418818145375,1.9505037791659503,SOLUSDT_1h
4,28,38.0,62.0,20.0,6.6,2.4,1.0,0.15,2,1.0,5.5,8.8,1,risk_based,S,5.0,180.0,10000.0,24,0.5416666666666666,-486.29853861822085,0.7161027984951055,0.10814629897378232,1.9139681614506432,BTCUSDT_15m
6,32,36.0,62.0,12.0,7.2,1.6,1.0,0.2,8,1.0,7.5,8.8,1,risk_based,S,5.0,180.0,10000.0,18,0.3888888888888889,-297.8759977578575,0.7238050374137444,0.06249139046123327,1.905593239019265,BTCUSDT_4h
5,44,34.0,68.0,16.0,7.2,2.6,0.6,0.0,7,1.5,5.0,7.6,1,risk_based,S,5.0,180.0,10000.0,22,0.5909090909090909,-508.04808752712415,0.8870756262651268,0.22953302754682883,1.9038677187262798,BTCUSDT_4h
5,44,24.0,62.0,20.0,6.8,1.8,1.0,0.0,6,1.0,5.0,8.4,1,risk_based,S,5.0,180.0,10000.0,27,0.5925925925925926,-521.2701802505144,0.6817973772479659,0.1308984513554903,1.8785181090678353,BTCUSDT_1h
5,32,30.0,60.0,16.0,7.4,1.8,1.2,0.2,6,2.0,6.5,8.2,1,risk_based,S,5.0,180.0,10000.0,22,0.45454545454545453,-443.2102847588758,0.8254455096563955,0.1824861216063545,1.7820405515530333,BTCUSDT_1h
4,44,16.0,66.0,16.0,8.0,2.6,1.0,0.05,4,2.0,4.5,8.6,1,risk_based,S,5.0,180.0,10000.0,30,0.5333333333333333,-667.6930276289986,0.7793371227755478,0.1700226752993694,1.7809131920239891,BTCUSDT_1h
6,40,28.0,64.0,22.0,7.8,2.4,0.6,0.15,2,2.0,5.0,8.0,1,risk_based,S,5.0,180.0,10000.0,24,0.7083333333333334,-754.2950888460327,0.7458184037178337,0.17778815068805523,1.7464772665254689,BTCUSDT_1h
3,40,36.0,60.0,22.0,7.4,2.6,1.0,0.0,4,2.5,4.0,8.2,1,risk_based,S,5.0,180.0,10000.0,32,0.5,-801.9142496211462,0.8080909376305514,0.16561177572024274,1.7074322984792287,BTCUSDT_4h
6,40,20.0,68.0,18.0,7.0,2.6,0.6,0.1,6,3.0,5.5,7.6,1,risk_based,S,5.0,180.0,10000.0,27,0.6666666666666666,-690.6136247600225,0.7810123328827656,0.23669658843695965,1.7013212756946299,BTCUSDT_1h
3,40,30.0,62.0,16.0,6.6,1.6,1.0,0.05,7,2.5,3.5,8.8,1,risk_based,S,5.0,180.0,10000.0,39,0.48717948717948717,-906.8759745160496,0.815778147551415,0.17926828503116551,1.6976446962625147,BTCUSDT_4h
4,40,24.0,60.0,14.0,6.6,2.0,1.2,0.1,2,1.5,7.5,8.6,1,risk_based,S,5.0,180.0,10000.0,28,0.5,-628.3800105348782,0.7424120608083064,0.17134599322016114,1.652406131421251,BTCUSDT_1h
3,40,36.0,64.0,20.0,7.0,2.4,0.6,0.1,8,3.0,7.5,7.8,1,risk_based,S,5.0,180.0,10000.0,32,0.625,-778.9624748058977,0.77807941015185,0.23562454566102492,1.6478227085147275,BTCUSDT_1h
4,28,26.0,60.0,22.0,7.6,2.4,1.0,0.0,7,2.0,7.0,8.0,1,risk_based,S,5.0,180.0,10000.0,16,0.5,-679.4206030991973,0.8310686491642549,0.1426249999999999,1.624841695229313,SOLUSDT_4h
4,40,24.0,60.0,14.0,6.6,2.0,1.2,0.1,2,1.5,7.5,8.6,1,risk_based,S,5.0,180.0,10000.0,24,0.5,-647.5070241134854,0.7344181088917233,0.14481269408081923,1.6168911114275035,BTCUSDT_4h
6,20,24.0,64.0,20.0,7.4,1.6,1.2,0.2,2,2.5,3.5,8.4,1,risk_based,S,5.0,180.0,10000.0,17,0.4117647058823529,-532.3906988080034,0.7786495699329633,0.12890474276025377,1.5958412716006916,BTCUSDT_4h
4,20,26.0,66.0,22.0,8.0,2.0,0.6,0.05,4,2.0,6.5,7.6,1,risk_based,S,5.0,180.0,10000.0,26,0.5769230769230769,-741.3511183593655,0.8247147750819218,0.23582440980348343,1.5859898177786431,BTCUSDT_1h
3,20,20.0,62.0,20.0,6.6,2.4,0.8,0.2,5,1.5,6.5,8.4,1,risk_based,S,5.0,180.0,10000.0,34,0.5294117647058824,-860.6363327056279,0.6232394830936355,0.09417536612182367,1.5774341821749958,SOLUSDT_4h
6,32,26.0,70.0,20.0,7.4,2.0,0.8,0.0,4,2.5,4.5,8.8,1,risk_based,S,5.0,180.0,10000.0,18,0.5,-714.6933859065066,0.7200341072818114,0.09301034294569054,1.5563437998200444,SOLUSDT_4h
5,40,34.0,70.0,12.0,7.0,2.4,0.8,0.05,5,2.5,5.0,8.6,1,risk_based,S,5.0,180.0,10000.0,24,0.5833333333333334,-668.2677806547144,0.7012991692297452,0.18067464794278904,1.547306613976409,ETHUSDT_1h
4,24,14.0,70.0,14.0,7.8,2.0,1.0,0.0,8,2.0,5.5,8.6,1,risk_based,S,5.0,180.0,10000.0,28,0.5357142857142857,-790.2354029249673,0.7480206287549412,0.17625721101541192,1.5406056501101082,BTCUSDT_4h
6,36,26.0,64.0,14.0,7.0,2.4,1.2,0.0,8,1.0,3.5,7.8,1,risk_based,S,5.0,180.0,10000.0,11,0.45454545454545453,-510.9563488065105,0.7676301460394114,0.13281999937500005,1.527662126965494,SOLUSDT_4h
6,32,24.0,68.0,18.0,7.8,1.6,0.8,0.15,5,3.0,3.0,8.8,1,risk_based,S,5.0,180.0,10000.0,22,0.45454545454545453,-795.4945420422555,0.7715382565897089,0.12673857679285722,1.4891844225767725,SOLUSDT_4h
4,20,30.0,60.0,14.0,6.8,2.4,0.6,0.05,5,1.0,7.5,7.8,1,risk_based,S,5.0,180.0,10000.0,28,0.7142857142857143,-1069.780543517485,0.7013463486114634,0.17218263065436065,1.4477928331709313,SOLUSDT_4h
4,20,14.0,62.0,16.0,7.4,2.2,0.6,0.15,7,2.0,6.0,8.0,1,risk_based,S,5.0,180.0,10000.0,20,0.6,-853.9160243754923,0.7741039283206792,0.18284067009541985,1.4457698219796065,SOLUSDT_4h
4,44,34.0,64.0,20.0,8.0,2.6,0.8,0.1,5,1.0,5.0,7.8,1,risk_based,S,5.0,180.0,10000.0,20,0.55,-862.7147379482049,0.79809729994358,0.20867315584752774,1.3324603943963722,SOLUSDT_4h
6,20,18.0,66.0,12.0,7.8,2.0,1.2,0.1,5,3.0,8.0,8.6,1,risk_based,S,5.0,180.0,10000.0,16,0.4375,-787.130754977059,0.7510602736958464,0.13124397534895665,1.2975078663677637,SOLUSDT_4h
6,36,26.0,64.0,14.0,7.0,2.4,1.2,0.0,8,1.0,3.5,7.8,1,risk_based,S,5.0,180.0,10000.0,21,0.42857142857142855,-692.5479492548129,0.7873357121283384,0.2264786832877882,1.2655445679956423,BTCUSDT_1h
3,36,36.0,60.0,14.0,7.2,2.0,0.6,0.05,3,1.5,7.0,7.6,1,risk_based,S,5.0,180.0,10000.0,27,0.6666666666666666,-994.6169817584396,0.7387921320811298,0.2538549397078239,1.2614024632803482,SOLUSDT_1h
4,28,38.0,70.0,20.0,7.2,2.2,0.6,0.2,3,1.5,5.0,8.8,1,risk_based,S,5.0,180.0,10000.0,32,0.59375,-985.6607612246444,0.5323057078577335,0.11823349208110125,1.2548751782475187,BTCUSDT_4h
4,44,14.0,68.0,14.0,7.2,1.8,1.2,0.0,6,1.5,6.5,8.6,1,risk_based,S,5.0,180.0,10000.0,24,0.5,-830.4794562212483,0.6553150146563668,0.1534837545145804,1.249699309547744,BTCUSDT_4h
4,40,28.0,64.0,22.0,7.4,1.6,0.8,0.1,3,2.0,4.0,8.0,1,risk_based,S,5.0,180.0,10000.0,32,0.5625,-1103.4942934337414,0.7854467243498291,0.2338693367043409,1.249541145152894,BTCUSDT_4h
3,40,36.0,60.0,22.0,7.4,2.6,1.0,0.0,4,2.5,4.0,8.2,1,risk_based,S,5.0,180.0,10000.0,22,0.5,-856.7710246982224,0.6701034331649687,0.14148084738950437,1.248993299463202,SOLUSDT_4h
6,28,26.0,70.0,16.0,7.0,1.8,1.2,0.15,7,1.5,7.5,8.4,1,risk_based,S,5.0,180.0,10000.0,16,0.3125,-575.2899813227432,0.6410465475287834,0.09282540619441079,1.2170768951515913,BTCUSDT_4h
6,24,20.0,64.0,14.0,6.6,2.4,0.6,0.1,2,1.0,7.5,8.2,1,risk_based,S,5.0,180.0,10000.0,19,0.631578947368421,-773.2562484176506,0.46881321242563156,0.09912437803253578,1.1943654633886367,SOLUSDT_4h
3,44,26.0,68.0,12.0,8.0,2.2,0.6,0.05,6,2.0,7.5,8.8,1,risk_based,S,5.0,180.0,10000.0,32,0.625,-1038.4978641239213,0.5344363813897066,0.14515180021827764,1.172419498000659,SOLUSDT_4h
6,36,14.0,60.0,12.0,7.0,2.4,0.6,0.1,6,3.0,4.0,8.2,1,risk_based,S,5.0,180.0,10000.0,16,0.5625,-867.6394039236966,0.6192117004203351,0.12336975144940368,1.1644247425687626,SOLUSDT_4h
6,36,32.0,70.0,12.0,6.8,2.6,1.2,0.05,8,2.5,4.0,7.6,1,risk_based,S,5.0,180.0,10000.0,12,0.4166666666666667,-693.8700451756085,0.7519291264346595,0.1716117312406174,1.160153013971858,SOLUSDT_4h
6,28,34.0,66.0,22.0,7.0,2.2,0.8,0.2,7,2.0,7.5,8.8,1,risk_based,S,5.0,180.0,10000.0,27,0.5555555555555556,-936.9451115224292,0.616992753369169,0.17138950145860976,1.156205224173413,BTCUSDT_1h
5,44,28.0,68.0,22.0,7.8,2.4,1.2,0.05,7,2.5,6.5,8.0,1,risk_based,S,5.0,180.0,10000.0,19,0.3684210526315789,-696.9950922877888,0.8297806445541651,0.26592207684595814,1.0974315452300354,BTCUSDT_1h
5,40,34.0,70.0,12.0,7.0,2.4,0.8,0.05,5,2.5,5.0,8.6,1,risk_based,S,5.0,180.0,10000.0,31,0.5483870967741935,-1026.6448457522638,0.6733009669627498,0.22264752412046807,1.0945951609731217,BTCUSDT_1h
6,32,30.0,62.0,22.0,8.0,2.6,1.2,0.15,8,1.0,3.5,8.0,1,risk_based,S,5.0,180.0,10000.0,11,0.36363636363636365,-701.358388719982,0.7118590560597379,0.13281999937500003,1.089354270729039,BTCUSDT_4h
3,24,16.0,60.0,16.0,6.8,2.4,0.8,0.1,7,2.5,4.5,8.4,1,risk_based,S,5.0,180.0,10000.0,34,0.5588235294117647,-1297.9993876444587,0.6262434053348082,0.13912998851918412,1.0553327515852524,SOLUSDT_4h
3,20,34.0,68.0,12.0,6.8,1.8,0.8,0.15,5,2.5,4.5,8.8,1,risk_based,S,5.0,180.0,10000.0,37,0.5405405405405406,-1429.1696375179417,0.6829683388390615,0.14519111060572287,1.0520045191538236,BTCUSDT_4h
3,36,16.0,66.0,22.0,7.6,2.0,0.8,0.1,3,2.0,6.0,7.8,1,risk_based,S,5.0,180.0,10000.0,27,0.5925925925925926,-1051.0249951208243,0.7342857358476846,0.265836484699816,1.0489259113639857,SOLUSDT_1h
6,24,20.0,64.0,14.0,6.6,2.4,0.6,0.1,2,1.0,7.5,8.2,1,risk_based,S,5.0,180.0,10000.0,28,0.6785714285714286,-983.6653095264282,0.4527539985022906,0.1506745305232432,1.047676238765566,BTCUSDT_1h
4,20,26.0,66.0,22.0,8.0,2.0,0.6,0.05,4,2.0,6.5,7.6,1,risk_based,S,5.0,180.0,10000.0,31,0.6774193548387096,-1351.5393456058991,0.7247840108941063,0.22971150437686072,1.045023195309796,BTCUSDT_4h
5,40,34.0,70.0,12.0,7.0,2.4,0.8,0.05,5,2.5,5.0,8.6,1,risk_based,S,5.0,180.0,10000.0,27,0.5185185185185185,-1052.8694144569254,0.695007060114489,0.2052839952126232,1.0390704979119607,BTCUSDT_4h
4,28,26.0,60.0,22.0,7.6,2.4,1.0,0.0,7,2.0,7.0,8.0,1,risk_based,S,5.0,180.0,10000.0,28,0.5,-994.2302020892257,0.8492019883350146,0.3252495727886882,1.0384250562147388,BTCUSDT_4h
5,28,22.0,68.0,22.0,7.4,2.4,0.6,0.2,3,1.0,4.5,8.6,1,risk_based,S,5.0,180.0,10000.0,32,0.6875,-1061.920367095523,0.4110503861762878,0.14262626471457046,1.0035516111133411,BTCUSDT_1h
6,36,32.0,68.0,14.0,7.8,2.2,1.2,0.1,8,3.0,6.0,8.0,1,risk_based,S,5.0,180.0,10000.0,21,0.42857142857142855,-824.3174326026619,0.7976280578504493,0.27996575999762785,0.993898545962496,BTCUSDT_1h
6,40,20.0,68.0,18.0,7.0,2.6,0.6,0.1,6,3.0,5.5,7.6,1,risk_based,S,5.0,180.0,10000.0,16,0.5625,-1038.739177597874,0.7054276984353703,0.18477451626277056,0.9815426704845549,SOLUSDT_4h
6,36,32.0,68.0,14.0,7.8,2.2,1.2,0.1,8,3.0,6.0,8.0,1,risk_based,S,5.0,180.0,10000.0,13,0.38461538461538464,-783.159284980451,0.7866997611573874,0.21582163590756576,0.9796984065347034,BTCUSDT_4h
6,20,20.0,62.0,12.0,7.6,1.6,0.8,0.2,3,1.0,3.5,8.6,1,risk_based,S,5.0,180.0,10000.0,21,0.47619047619047616,-874.0764622499883,0.5093410345524303,0.10189201500717357,0.9732152761190658,SOLUSDT_4h
4,24,30.0,66.0,14.0,7.8,1.8,1.0,0.15,3,1.0,6.5,8.8,1,risk_based,S,5.0,180.0,10000.0,29,0.5172413793103449,-1001.8460649359477,0.5175739079756261,0.13988507006984813,0.9695086097712773,BTCUSDT_4h
3,24,16.0,60.0,16.0,6.8,2.4,0.8,0.1,7,2.5,4.5,8.4,1,risk_based,S,5.0,180.0,10000.0,22,0.5909090909090909,-1043.8024215055666,0.630767416819313,0.1920878715949367,0.9678324337118858,ETHUSDT_4h
6,32,14.0,64.0,16.0,7.8,2.2,0.8,0.15,3,2.0,6.0,8.2,1,risk_based,S,5.0,180.0,10000.0,16,0.5,-892.5027806813705,0.5765401421306033,0.12799355408789564,0.9465968413161492,SOLUSDT_4h
4,20,22.0,64.0,12.0,7.6,1.8,0.8,0.0,4,3.0,6.0,8.4,1,risk_based,S,5.0,180.0,10000.0,29,0.5862068965517241,-1247.9339342485655,0.6792853282169609,0.20807027661231275,0.945736237176004,BTCUSDT_4h
4,44,34.0,64.0,20.0,8.0,2.6,0.8,0.1,5,1.0,5.0,7.8,1,risk_based,S,5.0,180.0,10000.0,28,0.5714285714285714,-1167.3231169820738,0.7155636584729274,0.24515439016427196,0.9454838866138224,BTCUSDT_1h
3,40,36.0,64.0,20.0,7.0,2.4,0.6,0.1,8,3.0,7.5,7.8,1,risk_based,S,5.0,180.0,10000.0,22,0.6818181818181818,-1132.53201653412,0.6910858900807751,0.25636659945441304,0.943267237991464,ETHUSDT_4h
3,40,36.0,64.0,20.0,7.0,2.4,0.6,0.1,8,3.0,7.5,7.8,1,risk_based,S,5.0,180.0,10000.0,40,0.65,-1604.3427104606017,0.7261599174133907,0.23082570637237748,0.9305000052490475,BTCUSDT_4h
6,32,26.0,70.0,20.0,7.4,2.0,0.8,0.0,4,2.5,4.5,8.8,1,risk_based,S,5.0,180.0,10000.0,22,0.5454545454545454,-1008.678162778273,0.6199974808033267,0.1908153762260857,0.9170524883319415,BTCUSDT_1h
6,40,40.0,66.0,12.0,8.0,2.0,1.2,0.1,4,1.0,4.0,8.0,1,risk_based,S,5.0,180.0,10000.0,22,0.45454545454545453,-978.8514382426692,0.7277172707014758,0.23752180300880057,0.8858358759520624,BTCUSDT_1h
4,44,16.0,66.0,16.0,8.0,2.6,1.0,0.05,4,2.0,4.5,8.6,1,risk_based,S,5.0,180.0,10000.0,29,0.4482758620689655,-1107.8449506319866,0.6902046793968648,0.2210735929945776,0.8617574222814584,BTCUSDT_4h
3,32,28.0,60.0,20.0,6.6,1.8,0.8,0.2,4,1.0,4.5,7.6,1,risk_based,S,5.0,180.0,10000.0,36,0.5833333333333334,-1590.5545111333722,0.707556193133952,0.18769717918916792,0.856466337567028,BTCUSDT_4h
4,28,18.0,70.0,12.0,7.8,1.6,1.2,0.05,3,2.5,5.5,8.0,1,risk_based,S,5.0,180.0,10000.0,27,0.4444444444444444,-1032.6976058349373,0.8508026315370699,0.3415195327414636,0.8510157256814783,BTCUSDT_4h
6,40,40.0,68.0,16.0,6.6,1.6,1.0,0.05,6,2.0,3.0,7.6,1,risk_based,S,5.0,180.0,10000.0,18,0.3888888888888889,-950.9317329379264,0.6935858187221194,0.17863695930929469,0.8436623599117618,BTCUSDT_4h
4,28,16.0,62.0,16.0,7.4,1.8,1.2,0.2,7,2.0,7.5,8.8,1,risk_based,S,5.0,180.0,10000.0,24,0.5,-1058.8075529721627,0.6312630783061167,0.19763648986942584,0.8408091340317931,BTCUSDT_4h
6,20,18.0,66.0,12.0,7.8,2.0,1.2,0.1,5,3.0,8.0,8.6,1,risk_based,S,5.0,180.0,10000.0,17,0.35294117647058826,-956.6534553328238,0.6951894172456898,0.1709527096637904,0.7902790148730672,BTCUSDT_4h
6,44,22.0,60.0,12.0,7.6,1.8,1.0,0.05,7,2.5,7.0,8.6,1,risk_based,S,5.0,180.0,10000.0,18,0.3888888888888889,-966.8271120820609,0.6306204379179972,0.15189344541904437,0.7820667608301336,BTCUSDT_4h
6,20,18.0,66.0,12.0,7.8,2.0,1.2,0.1,5,3.0,8.0,8.6,1,risk_based,S,5.0,180.0,10000.0,21,0.47619047619047616,-1010.6277777041505,0.6725854283680907,0.22966743295877143,0.7798264944414306,BTCUSDT_1h
6,32,14.0,64.0,16.0,7.8,2.2,0.8,0.15,3,2.0,6.0,8.2,1,risk_based,S,5.0,180.0,10000.0,24,0.5,-1081.512715386365,0.6100913630266376,0.1977676148447644,0.7753671661326169,BTCUSDT_1h
3,40,40.0,68.0,16.0,6.8,1.8,1.0,0.0,2,3.0,4.0,8.0,1,risk_based,S,5.0,180.0,10000.0,38,0.5263157894736842,-1635.490522772414,0.7456332099351899,0.23256355023701664,0.7075589305974423,SOLUSDT_4h
3,40,40.0,68.0,16.0,6.8,1.8,1.0,0.0,2,3.0,4.0,8.0,1,risk_based,S,5.0,180.0,10000.0,34,0.5,-1488.0083788588163,0.7343368130495641,0.25027090446745753,0.6598525338379394,BTCUSDT_4h
3,44,26.0,68.0,12.0,8.0,2.2,0.6,0.05,6,2.0,7.5,8.8,1,risk_based,S,5.0,180.0,10000.0,40,0.6,-1593.1833772681093,0.5047973781401786,0.1599139735557961,0.6366694583448593,BTCUSDT_4h
4,24,40.0,62.0,14.0,7.8,1.6,0.8,0.1,8,2.5,8.0,8.8,1,risk_based,S,5.0,180.0,10000.0,35,0.5428571428571428,-1509.6410573006287,0.6400292137577432,0.22788249035641864,0.6010556134313161,BTCUSDT_4h
4,44,34.0,64.0,20.0,8.0,2.6,0.8,0.1,5,1.0,5.0,7.8,1,risk_based,S,5.0,180.0,10000.0,29,0.4827586206896552,-1403.4317183307903,0.7899656764291215,0.2943848144331957,0.5974831222623485,BTCUSDT_4h
5,44,40.0,60.0,14.0,7.8,2.0,1.0,0.05,3,2.0,3.5,7.6,1,risk_based,S,5.0,180.0,10000.0,27,0.48148148148148145,-1290.6294627972766,0.6603043249805696,0.23485831438023372,0.5876264662453837,BTCUSDT_1h
4,28,38.0,62.0,20.0,6.6,2.4,1.0,0.15,2,1.0,5.5,8.8,1,risk_based,S,5.0,180.0,10000.0,32,0.4375,-1200.0901661706303,0.49769945486294054,0.17491127341294754,0.5668249233164082,BTCUSDT_4h
4,32,36.0,62.0,16.0,7.6,2.2,1.0,0.15,7,3.0,5.5,8.0,1,risk_based,S,5.0,180.0,10000.0,19,0.5263157894736842,-1323.7776940752701,0.6838933519441753,0.22159399159957655,0.5487007192248773,SOLUSDT_4h
6,32,16.0,68.0,12.0,7.8,2.6,1.0,0.2,4,1.0,3.5,7.8,1,risk_based,S,5.0,180.0,10000.0,12,0.3333333333333333,-1019.384150152573,0.6265780980367209,0.16317129939687497,0.48425814773024384,BTCUSDT_4h
5,32,24.0,60.0,12.0,8.0,2.4,0.6,0.0,6,1.5,7.0,8.0,1,risk_based,S,5.0,180.0,10000.0,27,0.6296296296296297,-1493.8310998803263,0.571025699601551,0.24052063391788628,0.4111028420135613,BTCUSDT_1h
6,40,40.0,66.0,12.0,8.0,2.0,1.2,0.1,4,1.0,4.0,8.0,1,risk_based,S,5.0,180.0,10000.0,17,0.35294117647058826,-1231.5415244299857,0.6961998039223403,0.21780319992226072,0.3768602483537951,BTCUSDT_4h
6,36,32.0,70.0,18.0,7.6,1.6,1.2,0.1,3,2.5,4.5,8.0,1,risk_based,S,5.0,180.0,10000.0,18,0.3888888888888889,-1290.9640782438964,0.7055273208338156,0.2444624694757858,0.3300364883297108,BTCUSDT_4h
4,40,32.0,68.0,18.0,7.2,2.2,1.2,0.05,2,1.0,8.0,8.2,1,risk_based,S,5.0,180.0,10000.0,27,0.4444444444444444,-1274.0784947688153,0.4562229832554642,0.17872342401150842,0.30886386637425445,BTCUSDT_1h
6,36,32.0,70.0,12.0,6.8,2.6,1.2,0.05,8,2.5,4.0,7.6,1,risk_based,S,5.0,180.0,10000.0,12,0.3333333333333333,-1173.909966104984,0.6191410713394176,0.18227859397231574,0.2575363946569039,BTCUSDT_4h
6,24,18.0,70.0,20.0,8.0,1.6,0.8,0.0,5,1.5,6.5,8.6,1,risk_based,S,5.0,180.0,10000.0,22,0.45454545454545453,-1372.2683204332461,0.48803757170000084,0.15744807816730919,0.2532807702830097,SOLUSDT_4h
4,20,14.0,62.0,16.0,7.4,2.2,0.6,0.15,7,2.0,6.0,8.0,1,risk_based,S,5.0,180.0,10000.0,30,0.6,-1835.3830681573718,0.6423971391519416,0.2339936556533912,0.24743024318633788,BTCUSDT_4h
6,36,26.0,64.0,14.0,7.0,2.4,1.2,0.0,8,1.0,3.5,7.8,1,risk_based,S,5.0,180.0,10000.0,12,0.3333333333333333,-1163.5653259173396,0.5705574883754084,0.16317129939687475,0.22803575264285308,BTCUSDT_4h
4,28,38.0,70.0,20.0,7.2,2.2,0.6,0.2,3,1.5,5.0,8.8,1,risk_based,S,5.0,180.0,10000.0,32,0.5625,-1582.4272354787809,0.4296983821645045,0.1933154738633156,0.18077310726028128,BTCUSDT_1h
5,32,24.0,60.0,12.0,8.0,2.4,0.6,0.0,6,1.5,7.0,8.0,1,risk_based,S,5.0,180.0,10000.0,18,0.5555555555555556,-1678.0541099099974,0.5647918334972433,0.1854937499999999,0.08838164041782293,SOLUSDT_4h
3,32,24.0,70.0,22.0,7.8,2.6,0.8,0.15,3,3.0,7.0,7.6,1,risk_based,S,5.0,180.0,10000.0,33,0.5151515151515151,-1969.6148152831847,0.7145783551306163,0.2756740576222815,0.06524699483847618,BTCUSDT_4h
6,28,26.0,70.0,16.0,7.0,1.8,1.2,0.15,7,1.5,7.5,8.4,1,risk_based,S,5.0,180.0,10000.0,23,0.43478260869565216,-1370.803925760918,0.46313503608578327,0.2042615253058724,0.05485548353650965,BTCUSDT_1h
3,24,16.0,60.0,16.0,6.8,2.4,0.8,0.1,7,2.5,4.5,8.4,1,risk_based,S,5.0,180.0,10000.0,39,0.5128205128205128,-2014.922693127688,0.5816616252730021,0.2203516093790578,0.03657649851191214,BTCUSDT_4h
3,32,28.0,60.0,20.0,6.6,1.8,0.8,0.2,4,1.0,4.5,7.6,1,risk_based,S,5.0,180.0,10000.0,36,0.5555555555555556,-2080.8993341390023,0.6664563640323685,0.2768744389338046,-0.025276589542345684,SOLUSDT_4h
5,44,34.0,68.0,16.0,7.2,2.6,0.6,0.0,7,1.5,5.0,7.6,1,risk_based,S,5.0,180.0,10000.0,26,0.5769230769230769,-1752.5975039803543,0.5478894525033221,0.2701413720336597,-0.08185809969007385,BTCUSDT_1h
3,20,20.0,62.0,20.0,6.6,2.4,0.8,0.2,5,1.5,6.5,8.4,1,risk_based,S,5.0,180.0,10000.0,37,0.5135135135135135,-1900.687920240959,0.43935773141838846,0.19178865239382625,-0.08706814431539056,BTCUSDT_4h
5,32,24.0,62.0,18.0,7.6,2.0,1.2,0.1,8,2.5,5.0,8.8,1,risk_based,S,5.0,180.0,10000.0,20,0.4,-1439.7841279279473,0.4636217728196908,0.2001711420019993,-0.11305400829456347,BTCUSDT_1h
4,20,30.0,60.0,14.0,6.8,2.4,0.6,0.05,5,1.0,7.5,7.8,1,risk_based,S,5.0,180.0,10000.0,34,0.6176470588235294,-2166.759247046346,0.6121109919280129,0.26732184468197634,-0.13803220900095503,BTCUSDT_4h
4,44,34.0,66.0,20.0,6.8,2.2,1.2,0.2,5,3.0,5.0,8.4,1,risk_based,S,5.0,180.0,10000.0,26,0.38461538461538464,-1632.1610523630316,0.6549840656419785,0.3108325420560994,-0.15776747032429583,BTCUSDT_4h
4,40,32.0,68.0,18.0,7.2,2.2,1.2,0.05,2,1.0,8.0,8.2,1,risk_based,S,5.0,180.0,10000.0,27,0.37037037037037035,-1518.7725534577894,0.40331714600911117,0.20563294605221905,-0.23348154404066856,BTCUSDT_4h
3,36,36.0,60.0,14.0,7.2,2.0,0.6,0.05,3,1.5,7.0,7.6,1,risk_based,S,5.0,180.0,10000.0,42,0.6190476190476191,-2523.9225700678244,0.5857320378267953,0.25371551319048435,-0.3450336054142581,BTCUSDT_4h
6,36,18.0,64.0,20.0,7.8,1.8,0.8,0.1,5,2.0,6.5,8.4,1,risk_based,S,5.0,180.0,10000.0,21,0.42857142857142855,-1758.884455786876,0.4272339705571123,0.175991971529446,-0.36953528640384675,SOLUSDT_4h
3,20,36.0,64.0,14.0,7.2,1.8,0.6,0.2,2,3.0,6.0,7.6,1,risk_based,S,5.0,180.0,10000.0,44,0.6136363636363636,-2554.097615948316,0.6195991563096578,0.3167464993242389,-0.46468425584717166,BTCUSDT_4h
3,44,26.0,68.0,12.0,8.0,2.2,0.6,0.05,6,2.0,7.5,8.8,1,risk_based,S,5.0,180.0,10000.0,32,0.625,-2232.6773757362525,0.42413762538878974,0.24101392013540107,-0.5299438853648762,ETHUSDT_4h
4,32,36.0,62.0,16.0,7.6,2.2,1.0,0.15,7,3.0,5.5,8.0,1,risk_based,S,5.0,180.0,10000.0,31,0.45161290322580644,-2139.510718303907,0.7024533065058315,0.3974702750255835,-0.629595575530285,BTCUSDT_4h
3,36,36.0,60.0,14.0,7.2,2.0,0.6,0.05,3,1.5,7.0,7.6,1,risk_based,S,5.0,180.0,10000.0,35,0.5142857142857142,-3226.620962617686,0.5478936576630034,0.3860160426628756,-1.8174532038517348,SOLUSDT_4h
3,20,36.0,64.0,14.0,7.2,1.8,0.6,0.2,2,3.0,6.0,7.6,1,risk_based,S,5.0,180.0,10000.0,40,0.55,-3697.3092111787946,0.5027842629184273,0.3750858742257477,-2.1919983080191825,SOLUSDT_4h
3,40,36.0,64.0,20.0,7.0,2.4,0.6,0.1,8,3.0,7.5,7.8,1,risk_based,S,5.0,180.0,10000.0,39,0.6153846153846154,-3641.385685376059,0.40109466760351203,0.36672168551027673,-2.236284483622942,SOLUSDT_4h
