timestamp,open,high,low,close,volume
1640995200,109.465,112.0,108.881,109.792,102394.840545
1641009600,109.793,111.054,108.487,110.361,72438.539703
1641024000,110.311,110.701,108.883,109.116,66834.520071
1641038400,109.103,110.59,108.995,109.493,63391.168675
1641052800,109.495,114.543,109.299,112.661,134616.782909
1641067200,112.666,114.49,112.108,114.224,59513.809884
1641081600,114.212,117.53,113.427,117.274,95124.510275
1641096000,117.288,117.416,114.75,115.977,89486.830341
1641110400,115.968,116.493,115.1,115.775,88261.547511
1641124800,115.714,116.372,113.356,114.282,97106.956468
1641139200,114.261,115.951,112.232,112.359,116920.987149
1641153600,112.375,113.909,112.016,113.131,59181.978427
1641168000,113.052,114.242,110.75,110.912,64151.181801
1641182400,110.905,113.065,110.653,111.885,63758.540696
1641196800,111.9,112.601,110.156,111.793,80272.240101
1641211200,111.82,113.404,110.55,110.77,89150.603609
1641225600,110.692,111.257,107.592,108.025,181682.078794
1641240000,108.024,109.024,105.999,108.082,153073.31931
1641254400,108.097,108.41,105.127,105.628,121129.18907
1641268800,105.6,106.494,105.0,106.396,105960.356083
1641283200,106.387,107.637,105.887,107.492,90262.684089
1641297600,107.5,109.25,106.201,107.989,121688.666957
1641312000,107.972,108.837,103.276,103.94,170372.591264
1641326400,103.907,105.917,102.82,103.338,74538.910464
1641340800,103.33,106.092,102.473,105.789,88798.733297
1641355200,105.862,106.41,104.939,105.882,61422.269595
1641369600,105.885,106.588,104.62,104.923,107075.150783
1641384000,104.896,105.465,100.904,105.178,119911.313018
1641398400,105.226,105.237,97.663,98.376,254677.149816
1641412800,98.34,99.367,90.357,97.434,433956.835147
1641427200,97.435,97.995,92.545,92.653,181844.718056
1641441600,92.692,95.472,91.879,95.132,156641.304413
1641456000,95.135,95.302,91.323,91.793,147477.080669
1641470400,91.774,95.195,91.066,94.115,178452.500336
1641484800,94.11,97.034,93.692,96.404,119033.488785
1641499200,96.388,96.736,94.719,95.13,84842.582862
1641513600,95.135,95.505,87.414,87.656,220416.726326
1641528000,87.726,89.489,85.0,88.3,356088.185843
1641542400,88.316,90.984,87.874,90.021,196207.997546
1641556800,90.053,91.841,86.0,87.045,280409.059052
1641571200,86.999,89.685,85.659,88.688,192584.93346
1641585600,88.751,89.055,85.952,86.777,114855.85686
1641600000,86.799,88.894,85.919,87.139,85767.836233
1641614400,87.235,88.703,87.091,88.634,76656.399727
1641628800,88.656,89.667,86.333,86.855,155361.652423
1641643200,86.9,87.303,82.575,83.283,189259.458317
1641657600,83.315,83.946,79.194,80.359,285383.911058
1641672000,80.264,85.639,80.028,83.904,203569.950965
1641686400,83.887,86.394,82.467,85.073,170510.693127
1641700800,85.062,85.863,84.615,84.842,73788.850034
1641715200,84.898,85.82,83.294,85.519,101455.012273
1641729600,85.536,86.875,83.455,86.738,114338.654767
1641744000,86.738,91.853,86.531,91.503,306779.009561
1641758400,91.547,91.869,87.7,89.336,160737.373927
1641772800,89.323,90.974,87.235,89.243,148308.155479
1641787200,89.288,90.795,88.547,89.057,155320.594096
1641801600,89.051,89.209,86.51,86.951,125770.96313
1641816000,86.964,87.207,80.111,83.188,499850.83603
1641830400,83.234,85.74,81.2,83.236,282008.56988
1641844800,83.236,84.961,82.748,84.461,70947.145474
1641859200,84.461,86.616,83.243,86.377,85585.215087
1641873600,86.407,86.527,85.568,86.228,64487.470091
1641888000,86.263,87.342,84.964,85.41,115962.530977
1641902400,85.41,87.026,84.566,86.802,110143.059204
1641916800,86.793,90.974,86.731,89.676,193355.493401
1641931200,89.656,90.112,88.765,89.529,63268.025413
1641945600,89.583,89.918,88.833,89.33,59221.301588
1641960000,89.379,92.129,89.059,90.596,106663.569387
1641974400,90.589,95.282,90.25,94.879,203012.953729
1641988800,94.869,96.889,94.18,95.555,219287.891775
1642003200,95.617,96.07,93.624,94.498,114130.544098
1642017600,94.572,96.135,93.9,95.998,113213.300273
1642032000,95.97,96.429,92.742,93.469,75466.442459
1642046400,93.499,94.668,93.163,94.623,44900.828171
1642060800,94.628,95.375,93.59,93.902,59889.937947
1642075200,93.905,97.261,92.333,93.469,157171.391651
1642089600,93.523,94.566,90.562,91.156,165506.871258
1642104000,91.14,91.806,89.078,89.672,117131.529941
1642118400,89.661,90.43,88.589,89.832,72529.232315
1642132800,89.791,91.758,89.791,90.382,45323.807542
1642147200,90.389,90.489,87.269,88.336,118634.314283
1642161600,88.312,90.857,87.259,90.498,134168.841544
1642176000,90.498,90.83,89.574,90.21,87180.468223
1642190400,90.175,90.627,89.415,90.377,74267.119711
1642204800,90.391,91.722,90.014,90.982,59776.690368
1642219200,90.963,91.094,89.871,90.418,34737.683756
1642233600,90.415,90.78,89.836,90.59,37802.297446
1642248000,90.6,92.894,89.46,92.831,79680.422341
1642262400,92.798,94.297,92.428,94.297,68796.274809
1642276800,94.302,94.435,92.85,93.026,56998.248689
1642291200,93.014,93.893,91.832,92.177,59268.583964
1642305600,92.155,93.976,91.838,93.538,41419.942758
1642320000,93.539,94.342,92.153,93.281,58642.679525
1642334400,93.322,94.885,92.594,93.937,60071.796181
1642348800,93.983,94.481,92.161,92.344,58595.936166
1642363200,92.338,92.954,92.072,92.262,32743.518188
1642377600,92.282,92.53,89.684,89.721,56496.9278
1642392000,89.714,90.12,88.34,89.0,104361.026304
1642406400,88.999,89.832,88.368,88.59,46094.05158
1642420800,88.589,89.212,87.815,88.186,72012.574989
1642435200,88.179,88.451,85.949,87.48,120176.993862
1642449600,87.53,87.98,85.363,86.678,114535.207878
1642464000,86.709,87.403,85.859,86.02,58750.568095
1642478400,85.977,87.229,85.532,86.939,62137.95858
1642492800,86.947,86.989,84.64,85.957,94237.251451
1642507200,85.939,86.3,83.706,84.275,111322.431047
1642521600,84.268,84.95,83.82,84.731,58689.499242
1642536000,84.737,86.736,84.171,86.002,70012.775164
1642550400,86.036,86.395,84.032,84.602,64276.33511
1642564800,84.602,85.099,81.242,81.656,109825.346665
1642579200,81.674,83.348,81.091,83.044,106827.334589
1642593600,83.059,85.499,83.039,84.401,117968.529934
1642608000,84.359,84.886,82.92,84.237,84016.882747
1642622400,84.209,84.32,82.594,82.606,56765.783273
1642636800,82.595,83.77,82.2,83.508,43493.627641
1642651200,83.52,84.839,83.319,84.707,36850.976007
1642665600,84.707,85.2,84.254,85.06,46822.277524
1642680000,85.041,87.537,84.266,87.227,102214.247858
1642694400,87.29,87.75,85.889,85.988,68456.183078
1642708800,86.009,86.132,78.65,79.257,162733.562213
1642723200,79.241,80.35,74.0,74.726,306184.186528
1642737600,74.697,76.59,74.689,76.436,166507.018336
1642752000,76.403,77.086,75.177,75.489,123557.32881
1642766400,75.516,75.594,71.391,74.134,331757.139972
1642780800,74.135,74.972,72.17,72.227,161779.357734
1642795200,72.254,72.905,63.965,66.065,619611.941805
1642809600,66.029,67.508,65.165,66.48,236828.316116
1642824000,66.476,66.847,59.0,59.0,364245.696762
1642838400,58.994,61.221,52.882,58.887,832637.639246
1642852800,58.886,62.164,57.17,57.307,454997.680131
1642867200,57.36,60.071,56.455,57.361,416133.344176
1642881600,57.328,61.346,56.813,59.791,329844.566042
1642896000,59.802,62.022,59.022,60.329,215792.825435
1642910400,60.269,63.881,60.031,63.747,198529.718536
1642924800,63.727,66.848,63.059,64.357,259070.099672
1642939200,64.356,65.013,61.847,63.005,264396.125204
1642953600,63.012,64.154,60.488,60.875,250055.069927
1642968000,60.859,65.297,60.386,64.807,228389.795576
1642982400,64.816,64.816,61.189,61.964,145219.745692
1642996800,61.965,62.363,59.136,59.326,159284.662623
1643011200,59.323,60.827,56.171,56.911,461400.731376
1643025600,56.936,58.552,55.184,58.047,555437.699605
1643040000,58.036,62.8,56.493,61.08,474863.509025
1643054400,61.061,63.916,60.817,63.004,236679.19197
1643068800,63.042,64.241,61.686,62.728,169265.741393
1643083200,62.731,62.882,61.702,62.734,104679.285048
1643097600,62.729,65.113,62.134,63.671,210650.613968
1643112000,63.666,66.764,63.374,65.625,278357.994961
1643126400,65.606,70.54,65.506,68.884,309087.803105
1643140800,68.916,69.176,66.669,67.998,262916.608206
1643155200,68.021,69.239,66.199,68.66,191662.387658
1643169600,68.668,69.929,67.123,68.391,191688.457183
1643184000,68.389,69.282,67.788,68.95,172279.591971
1643198400,68.956,72.421,68.214,69.936,276338.925173
1643212800,69.93,73.472,66.781,69.528,607849.283559
1643227200,69.526,69.526,64.352,65.856,364614.056423
1643241600,65.876,66.717,61.216,61.994,303751.065144
1643256000,61.974,63.333,61.63,62.984,207514.110769
1643270400,63.005,65.116,62.833,64.966,174292.010892
1643284800,64.98,67.921,64.847,66.598,163397.784367
1643299200,66.634,66.899,63.906,64.046,247274.867071
1643313600,64.083,64.824,61.14,64.712,339054.535135
1643328000,64.687,66.136,63.037,65.659,168661.276122
1643342400,65.683,66.114,64.328,64.624,128552.247064
1643356800,64.606,64.681,62.331,62.755,168906.253781
1643371200,62.755,65.301,61.739,65.066,219902.983526
1643385600,65.095,66.454,64.646,65.675,155944.4399
1643400000,65.669,67.435,65.318,67.012,175889.254823
1643414400,67.005,68.361,66.871,67.564,78229.173173
1643428800,67.59,69.418,67.492,69.413,67387.658001
1643443200,69.407,69.532,68.304,69.222,69080.32865
1643457600,69.221,71.718,68.823,71.424,215495.495965
1643472000,71.365,72.879,69.692,72.323,215876.562875
1643486400,72.323,73.608,71.07,71.923,184664.519165
1643500800,71.913,72.246,70.012,70.578,89550.62514
1643515200,70.585,72.398,70.544,72.069,60468.386734
1643529600,72.086,72.356,70.321,70.957,87988.522348
1643544000,70.936,70.956,68.555,69.61,96977.467306
1643558400,69.716,69.852,67.011,67.197,131697.776453
1643572800,67.174,69.012,66.88,67.97,121771.905918
1643587200,67.941,68.398,64.615,65.256,176063.368555
1643601600,65.259,65.485,64.254,65.362,147089.139201
1643616000,65.381,66.817,65.257,66.475,113048.334779
1643630400,66.474,69.45,65.049,69.017,226831.413696
1643644800,69.034,70.639,68.658,69.725,185131.38258
1643659200,69.706,70.221,69.051,69.847,100779.200319
1643673600,69.882,70.936,69.115,69.781,134264.204262
1643688000,69.781,71.432,68.503,69.761,149352.83119
1643702400,69.769,72.049,69.287,70.266,202274.712889
1643716800,70.266,71.143,69.049,70.27,164880.34468
1643731200,70.29,73.043,70.255,70.96,251124.446587
1643745600,70.96,73.873,70.954,73.32,166929.887948
1643760000,73.334,74.891,73.019,73.678,163764.014829
1643774400,73.656,73.666,72.439,72.824,101531.360606
1643788800,72.838,73.245,72.263,73.097,79976.405775
1643803200,73.133,74.475,70.533,70.766,349182.580644
1643817600,70.737,72.352,68.6,71.728,236156.35805
1643832000,71.737,71.791,67.465,67.815,267463.219586
1643846400,67.836,69.306,67.225,67.807,153424.062527
1643860800,67.773,68.557,67.021,67.68,128182.173924
1643875200,67.701,67.972,65.024,66.428,174812.174777
1643889600,66.453,68.866,65.124,68.482,154108.031472
1643904000,68.483,68.579,66.051,66.179,147838.801159
1643918400,66.172,68.794,65.622,68.476,160087.370236
1643932800,68.443,68.485,67.432,67.898,84207.098025
1643947200,67.933,70.653,67.713,69.665,131820.854713
1643961600,69.652,72.537,69.648,71.357,208132.038042
1643976000,71.352,74.747,69.716,73.42,331146.481748
1643990400,73.421,76.916,73.393,76.68,354342.67756
1644004800,76.669,77.959,75.647,77.817,118373.885493
1644019200,77.8,78.589,76.478,78.315,119109.922093
1644033600,78.378,80.935,78.091,78.7,181563.425153
1644048000,78.715,79.579,78.298,78.674,164597.917419
1644062400,78.693,79.5,77.54,78.885,103002.9094
1644076800,78.821,79.007,74.922,76.272,199098.466875
1644091200,76.287,77.75,75.8,77.041,86336.805207
1644105600,77.033,78.995,77.022,78.093,65431.283806
1644120000,78.092,78.462,77.092,77.647,59622.290723
1644134400,77.642,78.16,76.86,77.109,52281.320874
1644148800,77.104,78.081,74.146,75.566,167488.046847
1644163200,75.566,76.892,75.391,76.391,56731.874757
1644177600,76.352,79.213,75.584,78.925,114637.25893
1644192000,78.954,80.978,77.457,80.848,164670.768863
1644206400,80.833,83.569,80.47,82.456,163620.181411
1644220800,82.469,82.705,80.964,82.303,102363.210333
1644235200,82.305,85.125,81.692,84.848,167454.506271
1644249600,84.836,85.447,82.602,84.5,196382.090465
1644264000,84.481,85.09,82.733,83.187,141059.618467
1644278400,83.213,83.945,81.64,83.815,116320.766458
1644292800,83.848,93.374,83.843,90.214,674024.523029
1644307200,90.2,91.394,85.652,86.564,362873.894163
1644321600,86.608,86.608,82.84,84.492,363725.329815
1644336000,84.512,86.431,82.789,85.469,212280.427308
1644350400,85.46,88.077,85.185,86.325,240217.523631
1644364800,86.372,88.98,84.439,86.603,217560.339609
1644379200,86.614,88.173,85.613,87.82,137841.559193
1644393600,87.84,89.404,87.418,88.746,171862.972535
1644408000,88.727,90.551,88.218,89.856,191621.126538
1644422400,89.843,92.051,89.064,91.623,153307.981287
1644436800,91.621,91.936,89.532,89.983,143472.150976
1644451200,90.031,90.124,87.564,88.838,101815.661109
1644465600,88.826,90.014,88.086,89.838,80778.096849
1644480000,89.844,90.987,89.233,90.462,84880.199374
1644494400,90.461,92.626,85.061,91.82,398350.590402
1644508800,91.795,95.02,90.078,90.923,323233.166811
1644523200,91.012,93.4,89.433,91.127,221479.925099
1644537600,91.168,92.664,87.971,89.106,231634.190609
1644552000,89.105,89.901,87.802,89.754,130328.721549
1644566400,89.82,91.162,88.295,89.986,118120.944575
1644580800,89.986,91.512,89.158,90.758,160610.990565
1644595200,90.763,91.109,84.538,84.828,307511.826613
1644609600,84.779,85.13,79.983,81.744,248898.790305
1644624000,81.745,84.796,80.609,83.145,228848.52235
1644638400,83.145,84.023,79.695,81.268,197366.497449
1644652800,81.235,82.684,79.899,81.862,152781.623795
1644667200,81.872,81.933,78.691,80.137,166915.790018
1644681600,80.108,84.762,79.672,81.995,212535.169195
1644696000,82.016,83.354,79.646,81.293,160422.574589
1644710400,81.305,82.682,80.52,82.145,122914.601969
1644724800,82.146,83.259,81.666,83.129,89028.632128
1644739200,83.123,83.3,81.756,82.194,103006.142262
1644753600,82.206,82.371,80.988,81.008,91561.340292
1644768000,80.989,81.262,77.555,78.276,170343.85315
1644782400,78.275,79.749,77.682,77.893,114988.120695
1644796800,77.94,78.389,76.158,77.319,116171.100257
1644811200,77.328,79.067,76.911,79.002,88818.67472
1644825600,79.006,79.685,77.381,78.094,137110.313057
1644840000,78.109,82.246,77.457,80.606,233529.071308
1644854400,80.671,82.039,78.93,80.082,192412.431149
1644868800,80.083,82.568,79.297,81.855,130085.38735
1644883200,81.849,85.138,81.405,84.22,162906.725301
1644897600,84.231,85.381,83.709,85.114,86033.874603
1644912000,85.128,89.291,85.026,88.125,207953.08959
1644926400,88.101,89.418,87.342,88.746,152891.355779
1644940800,88.765,90.665,88.109,90.099,188074.176459
1644955200,90.104,93.699,89.392,92.977,178974.496295
1644969600,93.012,94.67,91.717,93.921,265089.320833
1644984000,93.912,97.252,92.698,96.967,186423.59624
1644998400,96.992,97.446,93.201,94.884,192305.148647
1645012800,94.862,95.09,91.462,93.627,298675.129863
1645027200,93.627,96.262,91.738,96.145,255323.325422
1645041600,96.145,96.958,94.338,95.333,148217.212184
1645056000,95.327,98.688,94.776,94.803,271666.467468
1645070400,94.803,95.858,93.418,94.634,242836.313876
1645084800,94.633,94.755,89.771,92.85,188463.89002
1645099200,92.863,93.653,89.75,91.087,296315.558561
1645113600,91.08,91.666,86.707,88.333,332820.601876
1645128000,88.323,89.469,86.318,88.223,213096.433712
1645142400,88.258,89.99,86.376,89.75,202765.274817
1645156800,89.76,89.957,88.197,88.663,91301.351048
1645171200,88.722,89.653,86.513,86.787,108744.551241
1645185600,86.799,87.854,83.018,83.361,346317.28086
1645200000,83.351,85.743,82.389,85.127,276384.553029
1645214400,85.155,85.355,83.0,83.678,119483.06228
1645228800,83.687,85.215,83.187,84.033,92093.335852
1645243200,84.043,86.299,83.948,85.921,128057.547585
1645257600,85.917,86.555,82.481,82.973,141197.680867
1645272000,82.992,84.133,80.888,84.007,180331.691775
1645286400,84.004,85.419,82.715,83.082,149319.580606
1645300800,83.082,85.368,82.862,85.007,106363.00341
1645315200,85.02,86.833,83.325,83.416,106448.786308
1645329600,83.415,85.18,79.197,80.095,255414.505248
1645344000,80.087,80.151,78.344,79.704,198835.402296
1645358400,79.75,80.328,76.681,78.798,185007.04388
1645372800,78.81,79.626,78.24,79.121,148323.605013
1645387200,79.138,79.154,76.555,77.342,185090.186005
1645401600,77.33,81.788,76.744,79.853,246790.217382
1645416000,79.849,82.4,79.817,82.237,128295.339266
1645430400,82.237,82.701,76.235,77.358,267963.169938
1645444800,77.367,79.834,74.67,78.086,452018.224728
1645459200,78.079,79.214,73.781,75.055,398212.933252
1645473600,75.021,75.37,69.407,70.057,419865.04083
1645488000,70.045,71.073,67.159,67.732,336393.936896
1645502400,67.751,69.997,67.436,68.92,278119.399106
1645516800,68.92,72.486,68.826,72.279,279439.668971
1645531200,72.274,74.508,71.305,73.064,329879.948244
1645545600,73.051,73.5,71.457,73.12,276157.43455
1645560000,73.127,74.955,71.848,74.419,218095.429492
1645574400,74.428,76.861,74.117,75.102,257159.956095
1645588800,75.121,78.657,74.812,78.527,224740.607243
1645603200,78.515,82.5,77.944,81.387,332639.829515
1645617600,81.418,82.002,79.285,79.972,348928.717824
1645632000,79.992,81.42,76.057,76.705,442474.040924
1645646400,76.693,77.501,73.27,73.47,317878.69304
1645660800,73.458,74.6,65.76,67.335,631502.054062
1645675200,67.303,68.762,64.496,67.169,764239.104978
1645689600,67.169,69.655,65.088,67.282,591296.416198
1645704000,67.279,71.574,65.629,71.005,665041.579111
1645718400,71.006,76.896,68.978,76.825,729210.896628
1645732800,76.825,80.0,73.72,76.429,626263.462484
1645747200,76.406,77.832,74.607,75.987,363052.938961
1645761600,75.992,76.307,74.484,75.526,310096.893194
1645776000,75.537,75.912,72.696,75.8,374714.053506
1645790400,75.817,79.0,75.113,78.144,569872.263136
1645804800,78.164,78.811,76.431,77.098,300155.424843
1645819200,77.093,81.957,76.557,80.988,275999.459544
1645833600,80.992,83.983,80.145,80.642,375025.437308
1645848000,80.642,81.439,78.446,79.916,152283.24925
1645862400,79.949,81.071,78.035,78.952,239890.444073
1645876800,78.954,81.767,78.572,80.777,171704.390024
1645891200,80.752,83.365,80.096,82.429,267554.054128
1645905600,82.439,84.94,80.7,81.789,290205.951926
1645920000,81.804,82.235,77.7,78.604,257176.816436
1645934400,78.615,79.77,77.134,79.224,226330.612356
1645948800,79.212,81.577,78.33,81.122,219123.727421
1645963200,81.143,82.34,78.049,80.389,358537.590578
1645977600,80.391,80.448,73.3,73.866,373949.151394
1645992000,73.865,75.846,73.081,75.053,269121.811229
1646006400,75.053,75.497,72.815,73.433,255644.695274
1646020800,73.457,75.314,71.752,74.876,223951.175257
1646035200,74.895,76.158,74.401,75.004,156544.15149
1646049600,75.017,82.533,73.959,81.856,459684.125253
1646064000,81.862,82.369,78.585,80.255,323866.082541
1646078400,80.246,85.885,80.108,84.54,420155.578316
1646092800,84.54,89.726,84.54,86.671,420549.362859
1646107200,86.645,88.555,85.694,86.461,249387.03616
1646121600,86.463,87.963,83.577,85.815,303423.963343
1646136000,85.832,90.817,85.593,86.317,609073.218299
1646150400,86.287,87.761,84.539,86.058,275804.810242
1646164800,86.069,87.4,84.926,86.893,174807.118521
1646179200,86.912,89.942,84.376,88.916,293897.584103
1646193600,88.937,89.275,85.419,85.852,272284.87926
1646208000,85.866,87.034,85.087,85.849,237621.851348
1646222400,85.849,86.526,82.526,83.929,544820.576777
1646236800,83.931,84.789,82.31,83.084,226082.058668
1646251200,83.057,84.608,82.765,83.339,149078.033049
1646265600,83.36,84.327,80.759,81.601,256886.814198
1646280000,81.596,83.779,81.0,83.056,217403.306041
1646294400,83.063,83.399,81.647,81.974,172036.282356
1646308800,81.977,82.732,77.36,78.386,472150.8646
1646323200,78.404,79.049,77.08,78.141,319691.103177
1646337600,78.139,79.941,77.721,78.493,206569.686063
1646352000,78.466,78.589,74.904,78.18,421074.834348
1646366400,78.18,78.319,76.6,77.475,174212.003871
1646380800,77.48,81.682,76.591,80.855,353597.642816
1646395200,80.882,82.225,78.28,78.342,522879.515195
1646409600,78.341,80.752,77.568,78.636,324853.971538
1646424000,78.65,79.115,75.0,75.787,358453.764034
1646438400,75.794,75.832,73.266,75.039,277661.079773
1646452800,75.043,77.298,74.003,77.196,211516.630404
1646467200,77.224,77.919,76.353,77.074,182960.629593
1646481600,77.083,78.159,75.813,76.742,180724.710584
1646496000,76.754,78.713,76.742,77.649,180873.333465
1646510400,77.671,78.145,76.412,76.685,124231.44798
1646524800,76.689,77.098,75.204,75.616,125517.265901
1646539200,75.591,76.597,74.782,75.901,150306.694009
1646553600,75.914,75.938,73.588,75.15,239392.392899
1646568000,75.147,76.071,74.394,75.035,183522.915083
1646582400,75.056,75.549,72.618,72.986,199276.893207
1646596800,72.977,74.497,72.1,72.477,236904.136559
1646611200,72.505,72.952,70.336,71.182,196707.814977
1646625600,71.177,72.589,70.757,71.751,137726.601224
1646640000,71.789,74.71,71.54,74.455,189294.35179
1646654400,74.482,76.517,74.442,75.092,260932.203684
1646668800,75.105,75.763,70.611,70.973,327139.971853
1646683200,70.992,72.907,70.538,71.681,244472.143653
1646697600,71.678,73.952,71.325,73.022,144192.197852
1646712000,73.025,73.569,71.333,72.133,198675.53471
1646726400,72.161,73.401,71.895,72.514,186103.626739
1646740800,72.546,74.616,71.163,72.331,466351.557767
1646755200,72.328,76.588,71.864,74.442,462959.748031
1646769600,74.434,74.755,72.267,72.997,194377.109936
1646784000,73.032,80.022,72.342,79.963,454811.477439
1646798400,79.951,80.5,77.637,78.691,401770.743206
1646812800,78.66,79.346,77.907,78.762,268092.093281
1646827200,78.777,79.457,77.323,79.087,277065.7901
1646841600,79.082,79.53,76.379,77.138,287637.550787
1646856000,77.114,78.0,76.324,77.601,154278.227167
1646870400,77.603,78.985,75.389,75.409,332713.914383
1646884800,75.409,75.664,72.557,73.177,299203.08563
1646899200,73.173,73.63,72.628,73.01,166231.135394
1646913600,72.997,74.367,71.461,72.846,363104.190421
1646928000,72.846,73.159,71.971,73.036,188985.781819
1646942400,73.042,74.411,72.856,73.908,163916.918195
1646956800,73.924,76.474,71.864,75.28,424648.973843
1646971200,75.294,75.83,72.665,75.512,289187.432169
1646985600,75.519,76.916,74.236,76.448,315949.57726
1647000000,76.424,76.979,73.294,73.495,324758.590007
1647014400,73.494,73.57,71.307,71.456,348770.493639
1647028800,71.43,72.226,70.768,71.201,198413.829555
1647043200,71.205,73.6,71.048,72.465,183015.265637
1647057600,72.474,73.415,72.117,72.536,101731.262674
1647072000,72.525,72.642,71.617,71.891,128438.513733
1647086400,71.908,72.362,71.4,71.837,118948.616623
1647100800,71.817,72.508,71.293,71.315,104147.748227
1647115200,71.326,71.6,70.731,70.937,115619.233745
1647129600,70.949,71.806,70.539,71.311,106522.725286
1647144000,71.32,71.992,71.147,71.805,68940.793486
1647158400,71.816,71.942,70.959,71.171,102439.242366
1647172800,71.157,71.243,69.467,70.543,205089.22498
1647187200,70.55,70.888,70.004,70.1,105185.220914
1647201600,70.011,70.145,67.2,67.947,227354.479722
1647216000,67.919,68.258,67.111,67.942,184524.878738
1647230400,67.935,70.017,67.935,69.871,169053.599885
1647244800,69.879,71.495,68.616,68.708,279100.087741
1647259200,68.683,69.044,66.521,67.319,458329.209993
1647273600,67.296,67.716,65.543,66.046,276994.134226
1647288000,66.042,69.155,66.028,68.956,223133.250919
1647302400,68.972,69.482,66.618,66.808,219422.669023
1647316800,66.772,67.493,66.033,66.455,97614.20227
1647331200,66.442,67.76,66.101,67.273,68204.495477
1647345600,67.266,70.3,66.828,69.942,194093.52932
1647360000,69.897,72.266,69.537,71.854,250931.221455
1647374400,71.817,71.955,69.696,69.813,132864.394903
1647388800,69.808,72.172,68.287,68.44,232928.034599
1647403200,68.428,69.612,68.05,69.574,94159.947566
1647417600,69.562,71.294,69.461,70.988,96060.528121
1647432000,71.005,71.765,69.986,71.35,100705.333491
1647446400,71.369,74.44,69.362,73.717,313639.518312
1647460800,73.709,74.748,72.678,74.092,156625.456578
1647475200,74.079,77.515,73.162,76.362,239208.664113
1647489600,76.34,76.985,75.494,76.867,155466.578383
1647504000,76.882,80.689,76.379,79.441,226315.3407
1647518400,79.441,81.75,79.2,79.922,303682.786823
1647532800,79.956,80.928,79.347,79.881,206464.684415
1647547200,79.881,80.208,78.275,79.401,163997.875934
1647561600,79.4,81.489,78.019,78.719,278316.979413
1647576000,78.683,80.42,78.554,79.662,116854.656346
1647590400,79.66,80.3,77.447,77.617,203506.909382
1647604800,77.609,81.393,76.469,81.292,273951.443983
1647619200,81.293,86.657,81.291,86.587,343975.045278
1647633600,86.608,86.934,85.216,85.696,118355.554793
1647648000,85.724,88.55,85.714,87.734,194407.737216
1647662400,87.727,88.416,86.113,86.273,195458.544971
1647676800,86.274,87.62,85.573,87.088,137064.526567
1647691200,87.064,90.712,86.66,90.158,350597.360088
1647705600,90.128,92.375,89.758,91.146,276420.431907
1647720000,91.131,91.915,88.651,89.547,167005.87981
1647734400,89.517,89.953,87.649,88.185,139543.363681
1647748800,88.17,89.492,87.928,89.236,91856.585353
1647763200,89.253,89.364,86.183,86.367,170208.315265
1647777600,86.341,87.39,85.697,87.16,142747.78914
1647792000,87.176,88.814,84.347,87.193,293422.921806
1647806400,87.161,87.931,84.473,84.838,139204.313789
1647820800,84.846,85.385,83.006,85.095,211461.070151
1647835200,85.085,88.457,84.563,88.314,130942.698606
1647849600,88.265,92.491,87.772,90.34,250997.934597
1647864000,90.311,91.668,87.522,88.3,327265.495437
1647878400,88.302,88.39,85.697,86.716,239911.413939
1647892800,86.728,87.846,86.073,86.248,139962.520142
1647907200,86.221,89.63,85.009,87.813,285746.540227
1647921600,87.846,90.452,87.288,88.203,271363.022218
1647936000,88.197,89.195,87.775,88.999,146109.490272
1647950400,88.98,89.037,85.711,85.871,239059.675663
1647964800,85.845,86.66,84.66,84.788,111292.935855
1647979200,84.787,86.5,83.669,83.94,144351.708963
1647993600,83.945,85.065,82.174,83.476,226562.11253
1648008000,83.459,85.735,83.077,85.141,166727.913696
1648022400,85.167,85.293,83.634,84.187,109029.55775
1648036800,84.202,86.939,83.36,86.585,194707.553938
1648051200,86.588,87.108,83.8,84.294,221298.355177
1648065600,84.318,86.388,84.143,85.992,77631.973531
1648080000,85.985,86.72,83.611,84.002,198009.779107
1648094400,84.003,85.926,84.003,85.31,124899.20975
1648108800,85.312,87.266,84.94,86.282,173975.89225
1648123200,86.283,88.258,84.407,88.044,312948.818449
1648137600,88.036,88.221,86.283,86.801,195601.571781
1648152000,86.783,87.806,86.315,87.58,115174.121807
1648166400,87.574,87.787,85.728,86.281,123874.283152
1648180800,86.263,86.895,85.166,85.469,126296.706807
1648195200,85.48,87.058,83.7,86.795,205606.53847
1648209600,86.808,87.381,84.241,84.713,244822.991439
1648224000,84.704,85.185,82.31,84.06,235894.304657
1648238400,84.072,84.513,82.973,83.539,98675.920405
1648252800,83.543,84.122,82.432,83.765,71469.894237
1648267200,83.79,85.203,83.501,84.998,59501.764707
1648281600,85.033,85.338,84.24,84.593,79386.020818
1648296000,84.589,86.587,83.952,85.919,137314.930082
1648310400,85.883,86.765,85.299,86.107,92024.479402
1648324800,86.088,86.434,85.392,85.88,71589.0098
1648339200,85.873,86.963,85.735,85.872,94284.607648
1648353600,85.878,86.463,85.503,85.97,51225.594899
1648368000,85.936,86.24,85.198,85.393,53304.358899
1648382400,85.357,85.92,84.409,85.792,91493.561231
1648396800,85.793,86.259,85.45,85.931,87844.445414
1648411200,85.938,90.01,85.489,89.878,235104.702158
1648425600,89.874,91.985,88.587,91.733,205768.557777
1648440000,91.735,92.533,90.338,91.079,213242.577597
1648454400,91.08,91.68,90.359,91.157,105290.195593
1648468800,91.154,94.879,90.768,92.756,298845.757108
1648483200,92.754,96.22,91.8,95.126,302636.102831
1648497600,95.085,95.314,88.728,89.529,255622.686716
1648512000,89.538,94.629,89.301,93.325,191025.409038
1648526400,93.364,95.277,92.66,92.661,191713.753519
1648540800,92.661,94.615,92.66,94.484,141073.841515
1648555200,94.519,96.51,92.629,92.846,401325.660527
1648569600,92.815,94.286,90.705,93.482,278140.748378
1648584000,93.547,93.793,90.229,92.767,126119.926415
1648598400,92.778,92.778,89.474,92.592,160271.153719
1648612800,92.617,94.28,91.644,93.943,71629.716165
1648627200,93.923,94.159,92.044,93.136,115568.184942
1648641600,93.086,97.533,91.095,97.097,207960.570525
1648656000,97.073,100.482,95.103,95.78,530975.225696
1648670400,95.862,97.326,94.868,95.599,255556.644196
1648684800,95.59,101.954,94.829,98.825,518522.483535
1648699200,98.823,100.082,97.361,99.852,200688.651065
1648713600,99.828,100.779,98.743,99.197,230665.795663
1648728000,99.252,100.8,95.231,97.523,453586.47916
1648742400,97.511,98.17,93.73,94.474,420568.981218
1648756800,94.511,97.491,94.439,97.422,183235.931352
1648771200,97.417,98.336,90.253,92.272,293575.446813
1648785600,92.277,94.417,91.556,94.215,127635.874878
1648800000,94.23,95.245,92.838,92.919,99950.471406
1648814400,92.961,97.833,91.9,96.682,324956.272913
1648828800,96.682,99.774,96.682,99.126,212853.681853
1648843200,99.116,99.117,95.62,96.861,140954.998688
1648857600,96.806,99.1,96.028,97.496,147823.898006
1648872000,97.499,100.975,96.85,100.813,194057.263373
1648886400,100.764,102.666,100.213,101.681,116119.120792
1648900800,101.63,103.624,98.154,99.165,312030.578323
1648915200,99.165,101.228,96.244,97.745,253556.706408
1648929600,97.697,98.466,95.685,96.2,109924.811093
1648944000,96.22,97.499,94.408,97.33,163051.361071
1648958400,97.345,100.115,97.282,98.669,125739.580868
1648972800,98.682,99.554,97.108,98.567,105479.668684
1648987200,98.544,99.154,97.059,97.725,142399.404674
1649001600,97.724,98.289,96.1,96.607,113346.911387
1649016000,96.61,99.847,96.457,98.045,213929.203453
1649030400,98.013,98.076,95.815,96.534,126287.184424
1649044800,96.517,97.643,96.071,97.288,59819.089545
1649059200,97.284,97.406,94.541,96.31,126883.402107
1649073600,96.291,96.533,91.802,92.291,177715.897141
1649088000,92.298,94.564,90.785,94.112,148863.683533
1649102400,94.144,96.177,93.44,96.152,107903.463816
1649116800,96.155,97.42,95.724,96.666,114639.119171
1649131200,96.678,97.257,94.772,96.107,97549.197485
1649145600,96.186,96.852,94.927,96.739,65091.859859
1649160000,96.764,97.677,93.116,93.603,203094.292169
1649174400,93.593,94.396,91.957,93.0,146084.898868
1649188800,93.0,93.375,90.562,91.036,80812.583965
1649203200,91.081,91.088,86.245,89.242,267548.281934
1649217600,89.256,91.017,88.662,89.903,116950.709502
1649232000,89.878,90.142,86.115,87.148,162636.595368
1649246400,87.064,88.047,83.44,85.169,338769.39115
1649260800,85.152,86.694,83.065,85.923,311247.254932
1649275200,85.907,86.618,82.597,82.942,136298.836603
1649289600,82.924,84.505,81.303,83.318,304055.046229
1649304000,83.339,84.9,82.84,84.689,126646.82164
1649318400,84.698,85.813,83.786,85.611,135292.071382
1649332800,85.587,86.009,81.544,83.05,207987.78254
1649347200,83.029,88.645,82.882,86.853,327649.485796
1649361600,86.826,88.545,85.83,87.585,76082.713661
1649376000,87.583,89.214,87.09,88.844,118071.666565
1649390400,88.846,89.798,86.924,88.107,227910.607981
1649404800,88.104,89.231,86.258,86.401,123470.048595
1649419200,86.424,89.943,85.446,89.617,255496.516216
1649433600,89.611,90.565,85.892,86.661,235922.075217
1649448000,86.664,87.027,82.717,83.72,124463.316526
1649462400,83.654,85.564,82.81,83.382,114819.332911
1649476800,83.384,84.633,82.953,84.517,52416.611425
1649491200,84.498,84.639,83.282,83.942,46083.147077
1649505600,83.966,84.505,82.09,82.433,142471.286458
1649520000,82.428,84.066,82.241,83.12,53449.824422
1649534400,83.115,84.695,82.797,84.555,54413.404514
1649548800,84.564,84.857,83.857,84.445,39776.343981
1649563200,84.452,84.53,83.213,83.346,46691.622007
1649577600,83.331,83.688,82.546,83.597,38300.717881
1649592000,83.633,84.282,83.187,84.01,51026.541686
1649606400,84.034,85.638,83.888,84.703,69909.16722
1649620800,84.721,85.114,80.722,81.02,146731.426459
1649635200,81.007,81.5,78.122,79.214,218001.17003
1649649600,79.212,80.129,78.684,80.096,71037.683071
1649664000,80.089,80.297,75.193,75.841,204104.698847
1649678400,75.829,77.024,74.5,75.359,161724.229118
1649692800,75.335,76.501,73.567,74.104,219604.978365
1649707200,74.06,74.849,72.696,74.35,188917.464906
1649721600,74.365,75.95,73.875,75.052,112308.451999
1649736000,75.058,77.679,74.926,77.335,93307.616269
1649750400,77.358,78.702,76.8,78.602,86776.91082
1649764800,78.628,79.495,75.669,76.479,310507.631632
1649779200,76.471,77.428,74.275,74.359,154954.315034
1649793600,74.364,76.689,74.232,76.339,68469.240068
1649808000,76.349,77.727,76.116,76.949,100219.595695
1649822400,76.941,77.795,76.619,77.465,51306.820948
1649836800,77.47,78.018,76.355,76.435,63860.960028
1649851200,76.433,80.279,75.803,79.823,214049.844203
1649865600,79.855,80.491,78.783,80.123,135409.609347
1649880000,80.119,80.644,79.318,80.198,98640.025523
1649894400,80.204,81.609,79.717,81.075,75088.56766
1649908800,81.09,81.853,80.436,81.006,80173.088192
1649923200,80.997,81.4,79.0,79.221,96797.648614
1649937600,79.21,80.994,76.725,76.93,176834.525651
1649952000,76.92,77.418,76.187,76.788,117528.999985
1649966400,76.75,77.489,76.371,76.849,46377.888423
1649980800,76.831,78.384,76.665,78.359,55224.749271
1649995200,78.367,78.541,77.232,78.141,51744.871462
1650009600,78.182,78.423,77.44,78.069,42022.923864
1650024000,78.094,78.161,74.762,76.464,129110.082031
1650038400,76.502,77.152,76.061,76.742,66287.563106
1650052800,76.731,77.514,76.673,77.454,30008.001603
1650067200,77.43,77.565,76.513,76.574,32997.816984
1650081600,76.584,77.336,76.554,76.986,26566.651015
1650096000,77.003,77.784,76.701,77.343,29531.123607
1650110400,77.358,78.262,76.695,76.912,37355.552901
1650124800,76.897,77.562,76.712,77.347,17263.443508
1650139200,77.329,78.268,77.275,77.77,26601.793719
1650153600,77.759,77.862,76.859,77.22,13580.228821
1650168000,77.222,77.89,77.209,77.628,13107.443366
1650182400,77.59,78.107,77.569,77.778,15501.552366
1650196800,77.77,78.685,77.67,78.499,38833.926602
1650211200,78.497,78.68,77.028,77.703,54744.545386
1650225600,77.748,77.884,75.1,75.412,87035.186772
1650240000,75.419,76.403,75.225,75.821,39137.936098
1650254400,75.827,75.969,71.748,72.796,164634.154471
1650268800,72.809,73.634,72.339,73.066,51067.763298
1650283200,73.101,74.963,73.101,74.507,77293.809617
1650297600,74.49,77.045,73.631,76.368,104133.744608
1650312000,76.355,77.964,76.333,77.734,46765.304722
1650326400,77.728,78.427,76.814,76.904,49667.445204
1650340800,76.938,77.849,76.844,77.548,33929.344413
1650355200,77.491,78.848,77.193,78.159,56228.016844
1650369600,78.132,81.096,78.058,80.218,111253.204739
1650384000,80.179,80.447,78.751,79.637,52331.521826
1650398400,79.608,80.379,78.933,80.27,32659.631757
1650412800,80.269,80.4,78.879,79.662,39990.843274
1650427200,79.657,79.886,78.372,79.065,60310.332352
1650441600,79.065,81.076,78.926,81.041,96385.474187
1650456000,81.077,81.3,77.769,78.296,122867.522888
1650470400,78.276,78.931,77.428,77.998,61410.229469
1650484800,78.023,79.144,77.729,78.234,34586.093979
1650499200,78.225,79.147,78.128,78.906,26956.225431
1650513600,78.921,79.245,77.836,78.545,43215.781155
1650528000,78.59,79.9,77.956,79.444,62425.600542
1650542400,79.453,80.165,78.669,78.934,69814.323212
1650556800,78.925,79.094,76.081,76.201,64689.162326
1650571200,76.194,76.741,74.096,75.003,101372.391179
1650585600,75.01,76.298,74.625,75.873,74453.96852
1650600000,75.852,77.179,75.85,76.733,40933.262301
1650614400,76.711,76.788,75.002,75.863,65654.278181
1650628800,75.849,76.346,73.524,73.726,129280.711428
1650643200,73.725,74.963,73.344,74.24,50380.285263
1650657600,74.24,74.523,73.743,74.03,21871.279415
1650672000,74.02,74.45,73.46,73.8,32224.039754
1650686400,73.84,74.18,72.96,74.02,45756.739592
1650700800,74.0,74.37,73.69,73.92,32687.433473
1650715200,73.91,74.19,73.22,74.07,50016.209172
1650729600,74.09,74.31,73.26,73.58,30230.97794
1650744000,73.57,73.8,72.39,72.85,46318.787382
1650758400,72.84,73.45,72.77,73.23,26306.955671
1650772800,73.23,73.46,72.9,73.06,31681.58732
1650787200,73.11,73.18,72.58,72.74,27936.959794
1650801600,72.72,72.86,71.88,72.37,45553.651213
1650816000,72.39,72.63,71.01,72.45,63154.468532
1650830400,72.45,72.6,71.48,71.49,29587.570741
1650844800,71.49,71.7,69.54,70.43,202403.261732
1650859200,70.41,70.64,67.61,67.82,99209.177821
1650873600,67.82,69.25,67.35,69.25,87422.228869
1650888000,69.25,70.37,68.94,69.39,112224.003139
1650902400,69.37,71.91,69.23,71.82,95042.852183
1650916800,71.82,72.98,71.65,72.88,42195.656778
1650931200,72.91,73.17,71.75,72.0,34213.272643
1650945600,72.04,72.78,71.77,72.16,26339.565883
1650960000,72.16,72.63,71.14,71.44,43786.601818
1650974400,71.41,71.79,67.88,68.13,135726.493146
1650988800,68.12,69.49,67.73,68.29,107960.357267
1651003200,68.31,69.73,67.52,68.71,54112.333217
1651017600,68.71,70.14,68.32,69.27,43195.050191
1651032000,69.25,70.74,68.95,70.74,31758.91286
1651046400,70.74,70.95,69.52,70.28,81832.483765
1651060800,70.29,71.97,69.8,70.46,97764.517252
1651075200,70.48,70.71,68.57,68.87,47464.032481
1651089600,68.84,70.0,68.79,69.87,44424.313917
1651104000,69.85,70.29,69.26,69.39,32211.800317
1651118400,69.39,70.1,69.05,69.68,29136.870313
1651132800,69.7,70.73,69.64,70.13,40743.565169
1651147200,70.13,70.38,67.24,67.78,134750.191602
1651161600,67.75,68.53,67.21,67.78,91220.794172
1651176000,67.78,68.22,66.63,67.28,89012.279804
1651190400,67.27,67.73,66.19,66.71,52981.996106
1651204800,66.72,67.99,66.21,67.73,42926.913344
1651219200,67.75,67.84,65.22,65.76,79903.097051
1651233600,65.77,66.53,65.06,65.43,88708.700724
1651248000,65.43,65.69,62.2,62.63,95135.872984
1651262400,62.63,63.79,62.62,63.4,52318.90262
1651276800,63.4,64.63,63.31,63.84,43655.758246
1651291200,63.85,64.47,63.22,63.28,18812.254775
1651305600,63.29,63.46,62.55,62.9,44239.645916
1651320000,62.9,63.02,60.08,60.43,94633.005525
1651334400,60.41,60.8,58.66,59.65,101452.696656
1651348800,59.66,59.73,55.0,56.96,290706.087732
1651363200,56.94,58.84,56.28,58.66,191760.668327
1651377600,58.67,60.13,57.77,58.48,76879.78044
1651392000,58.48,59.77,58.24,58.44,76326.455751
1651406400,58.45,60.48,57.59,60.43,99793.85205
1651420800,60.44,61.14,56.88,57.61,123428.666766
1651435200,57.58,59.46,57.38,58.75,110981.118978
1651449600,58.74,60.38,58.52,58.75,81686.212067
1651464000,58.75,60.63,58.66,59.44,70333.269441
1651478400,59.47,59.73,56.75,56.99,171329.408853
1651492800,57.0,61.63,56.76,61.35,353836.312067
1651507200,61.35,62.46,59.42,59.71,264543.957152
1651521600,59.71,61.26,59.06,60.36,73053.601021
1651536000,60.36,61.86,59.9,61.61,90282.31771
1651550400,61.63,62.55,60.84,61.2,94532.131019
1651564800,61.18,61.84,60.35,61.33,62772.631817
1651579200,61.35,61.59,60.22,60.42,148982.197321
1651593600,60.42,60.65,58.11,58.63,155295.574574
1651608000,58.6,60.06,58.13,59.62,62644.283884
1651622400,59.62,60.77,59.3,60.04,52636.721916
1651636800,60.05,61.15,59.31,61.09,68341.544309
1651651200,61.1,62.17,60.83,61.76,106837.691432
1651665600,61.78,61.97,60.21,60.7,115149.818207
1651680000,60.67,67.61,60.56,67.26,428160.189809
1651694400,67.28,67.44,66.05,67.26,84611.575305
1651708800,67.27,69.46,66.81,68.59,94996.731267
1651723200,68.59,68.77,66.75,67.15,72366.678896
1651737600,67.15,67.32,65.4,65.63,93349.863086
1651752000,65.64,66.37,57.72,58.43,572246.704435
1651766400,58.39,59.26,56.5,58.54,534101.449861
1651780800,58.51,59.9,57.94,59.03,153178.361779
1651795200,59.03,59.38,57.87,58.37,105349.839872
1651809600,58.41,59.13,56.88,57.77,220380.434214
1651824000,57.75,58.19,56.02,56.48,172696.181753
1651838400,56.47,58.1,55.11,56.78,425368.560852
1651852800,56.79,57.63,56.26,57.24,164002.05376
1651867200,57.25,57.62,56.45,57.0,66506.347283
1651881600,56.98,57.31,55.86,55.99,88116.752193
1651896000,56.0,56.25,55.14,56.12,95137.067551
1651910400,56.09,57.07,56.06,56.68,69756.197775
1651924800,56.71,57.36,56.29,57.21,60856.559451
1651939200,57.2,57.53,56.88,56.93,41985.937837
1651953600,56.93,56.95,53.13,55.06,131320.904394
1651968000,55.06,55.48,52.32,53.45,146762.720634
1651982400,53.45,54.78,53.27,53.88,65401.922078
1651996800,53.88,54.7,53.03,54.07,82078.656469
1652011200,54.04,54.22,51.44,51.99,154726.933605
1652025600,51.99,53.23,50.64,52.8,164439.687805
1652040000,52.79,52.91,51.1,51.62,123617.860132
1652054400,51.63,53.04,49.97,50.85,167919.003929
1652068800,50.87,51.91,49.93,50.25,118548.886992
1652083200,50.24,51.09,47.42,49.41,226103.205553
1652097600,49.43,50.43,46.73,47.41,242273.780162
1652112000,47.39,47.95,42.19,43.99,355289.391786
1652126400,43.99,46.53,41.08,41.25,309258.336092
1652140800,41.2,43.82,39.98,42.03,567898.948869
1652155200,42.03,49.03,41.84,46.22,418054.711647
1652169600,46.22,48.3,46.18,47.93,267111.595275
1652184000,47.95,50.32,45.52,47.33,341988.871142
1652198400,47.36,48.63,45.52,45.75,236638.433611
1652212800,45.75,45.99,42.23,44.58,303140.747534
1652227200,44.58,46.25,43.32,43.63,259153.080718
1652241600,43.61,44.14,32.42,36.56,592266.419853
1652256000,36.56,41.48,35.81,37.59,493370.840527
1652270400,37.6,40.04,26.04,34.37,1069462.191199
1652284800,34.39,34.91,29.97,30.57,507239.360452
1652299200,30.58,32.19,27.57,31.18,460378.353868
1652313600,31.18,33.61,28.62,28.71,521969.814551
1652328000,28.71,29.69,23.48,28.29,635388.717353
1652342400,28.34,30.25,27.2,28.25,362442.824802
1652356800,28.24,33.98,27.67,30.66,363814.162844
1652371200,30.68,33.24,29.46,30.35,272217.896384
1652385600,30.34,30.99,28.23,30.31,225854.564481
1652400000,30.31,34.5,29.53,33.59,340685.301364
1652414400,33.61,36.02,32.99,33.54,394201.356558
1652428800,33.54,36.33,33.54,36.31,346270.837106
1652443200,36.31,37.99,34.65,35.52,197444.542061
1652457600,35.53,36.11,32.86,33.35,158666.124883
1652472000,33.37,34.7,31.67,32.22,130497.046554
1652486400,32.21,33.49,32.0,32.62,144974.535832
1652500800,32.62,32.79,31.2,31.74,79446.648589
1652515200,31.74,33.25,30.17,30.6,136755.172053
1652529600,30.6,30.99,29.26,29.72,85529.96128
1652544000,29.71,32.55,29.4,31.25,101036.97209
1652558400,31.28,34.33,31.21,33.94,127947.791924
1652572800,33.93,34.41,31.86,32.4,95412.473479
1652587200,32.45,34.24,31.95,33.35,104926.478761
1652601600,33.34,35.24,32.87,34.84,100652.195533
1652616000,34.93,35.33,33.8,34.44,135845.930507
1652630400,34.44,35.51,34.24,35.12,100627.97569
1652644800,35.11,37.04,34.92,36.55,139017.603364
1652659200,36.53,36.53,33.95,34.17,85966.931786
1652673600,34.2,34.58,32.43,33.33,166856.386143
1652688000,33.34,34.11,31.43,32.81,224116.258142
1652702400,32.8,33.93,32.07,32.64,151331.930349
1652716800,32.69,33.51,31.99,32.89,85170.368537
1652731200,32.89,34.07,32.38,32.56,106849.107828
1652745600,32.56,34.52,32.49,34.22,81444.638143
1652760000,34.22,34.8,33.35,33.84,88293.639992
1652774400,33.83,34.74,33.8,34.12,94762.36697
1652788800,34.13,35.77,33.27,33.46,168602.229429
1652803200,33.46,34.0,32.2,33.36,138555.629815
1652817600,33.37,34.72,33.15,34.39,99420.358829
1652832000,34.39,35.16,33.18,33.27,125223.549401
1652846400,33.25,34.0,33.1,33.55,108195.510379
1652860800,33.55,33.63,32.84,33.1,119550.680609
1652875200,33.12,33.26,30.23,30.5,193245.137555
1652889600,30.49,31.29,30.04,31.03,210212.925891
1652904000,31.02,31.04,29.37,29.57,141424.909938
1652918400,29.59,30.08,28.5,29.78,152410.893531
1652932800,29.8,30.07,28.72,29.42,115921.38123
1652947200,29.42,29.44,27.51,29.29,127449.52962
1652961600,29.28,31.9,28.69,31.18,254418.048874
1652976000,31.17,31.28,29.58,29.59,87098.572577
1652990400,29.6,30.6,28.91,30.39,70943.780593
1653004800,30.38,31.55,29.67,29.72,104328.034144
1653019200,29.71,30.48,29.31,30.02,85258.262976
1653033600,30.03,31.93,29.92,31.31,209584.657092
1653048000,31.36,31.73,28.56,28.72,228236.66449
1653062400,28.71,29.48,27.81,29.41,210910.693328
1653076800,29.41,29.48,28.75,28.8,66775.960735
1653091200,28.79,29.54,28.18,29.46,78529.640396
1653105600,29.49,29.79,28.95,29.5,76604.025563
1653120000,29.49,29.71,28.79,29.1,60131.767253
1653134400,29.1,30.01,28.6,29.95,61892.071298
1653148800,29.96,30.61,29.45,29.6,72481.033966
1653163200,29.66,30.09,29.14,29.87,32897.802407
1653177600,29.89,30.29,29.31,29.71,33401.230914
1653192000,29.69,30.0,28.99,29.62,65977.478192
1653206400,29.63,30.94,29.55,30.16,154829.192902
1653220800,30.18,32.69,30.15,31.49,217631.888543
1653235200,31.49,31.87,30.9,31.05,60684.18501
1653249600,31.03,32.45,30.82,31.69,84399.962419
1653264000,31.69,32.24,30.86,31.23,65243.040344
1653278400,31.21,32.48,30.92,32.09,81136.632316
1653292800,32.08,32.57,31.33,32.19,65215.643724
1653307200,32.22,32.52,30.94,31.95,132673.769964
1653321600,31.95,33.2,29.85,29.89,208412.931191
1653336000,29.88,30.55,28.53,29.05,130468.642919
1653350400,29.08,29.55,28.83,29.25,70605.667866
1653364800,29.21,29.65,29.05,29.28,43375.225196
1653379200,29.29,29.29,28.17,28.6,107748.643821
1653393600,28.6,28.99,26.88,28.77,263747.035556
1653408000,28.77,29.02,27.85,28.48,158799.93052
1653422400,28.49,29.46,28.36,29.08,108978.531454
1653436800,29.07,29.72,28.54,29.53,131527.08552
1653451200,29.51,29.52,28.2,28.35,89161.779447
1653465600,28.38,28.78,27.57,27.76,98326.109814
1653480000,27.72,28.61,27.63,27.96,180383.033979
1653494400,27.96,28.06,27.12,27.35,161477.105462
1653508800,27.35,27.81,27.16,27.25,70675.972591
1653523200,27.25,28.02,27.18,27.62,90686.237202
1653537600,27.63,27.65,25.27,25.58,218396.441211
1653552000,25.6,25.61,23.23,24.18,358428.598537
1653566400,24.17,25.28,22.82,24.86,347246.028089
1653580800,24.86,25.65,24.05,24.09,170879.670813
1653595200,24.08,24.61,23.35,23.42,124605.732679
1653609600,23.42,23.69,21.9,22.86,241901.812385
1653624000,22.87,23.22,21.67,22.5,304506.669753
1653638400,22.5,22.73,21.44,22.33,263031.669959
1653652800,22.32,23.9,22.12,22.95,310207.108866
1653667200,22.92,23.14,21.34,22.14,244826.312543
1653681600,22.14,23.86,22.01,22.56,183075.373881
1653696000,22.58,23.68,22.19,22.79,106621.307403
1653710400,22.79,23.56,22.62,23.0,100184.773974
1653724800,23.0,23.06,22.31,22.71,85131.084814
1653739200,22.69,24.99,22.43,24.58,229334.769706
1653753600,24.57,25.73,23.98,25.44,211508.254244
1653768000,25.44,25.51,24.65,24.75,81638.604877
1653782400,24.76,24.98,23.72,24.29,124190.220903
1653796800,24.29,24.87,23.89,24.73,78359.651388
1653811200,24.71,26.39,24.64,26.05,176407.025623
1653825600,26.06,27.01,25.93,26.08,178726.268569
1653840000,26.08,26.29,25.24,25.31,77632.858389
1653854400,25.3,26.42,25.28,26.15,102054.807053
1653868800,26.17,27.63,25.33,27.03,229541.014121
1653883200,27.02,28.46,26.62,27.97,237918.128058
1653897600,27.96,28.12,26.54,26.86,190346.187309
1653912000,26.84,27.28,26.18,26.94,182226.662395
1653926400,26.93,27.43,26.66,26.84,112577.098765
1653940800,26.84,28.37,26.72,27.71,191915.287095
1653955200,27.7,29.12,27.54,28.42,241264.36458
1653969600,28.41,28.45,26.42,27.1,218337.771934
1653984000,27.09,27.38,26.47,27.19,144643.684087
1653998400,27.18,27.27,25.55,27.03,206999.421875
1654012800,27.03,27.39,25.93,26.1,148576.184704
1654027200,26.1,26.78,26.05,26.41,63506.561321
1654041600,26.41,27.06,25.68,25.87,96026.396864
1654056000,25.86,26.0,25.31,25.51,67947.165833
1654070400,25.53,26.11,25.42,25.73,63113.48731
1654084800,25.73,26.8,24.66,24.72,210483.563949
1654099200,24.71,24.99,24.01,24.32,94711.021803
1654113600,24.29,24.34,23.2,23.69,97215.352304
1654128000,23.69,23.69,22.67,22.84,129878.390349
1654142400,22.86,23.74,22.77,23.63,100174.070036
1654156800,23.6,24.14,23.3,24.07,86030.605715
1654171200,24.09,24.54,23.22,24.31,144630.356287
1654185600,24.3,24.7,23.99,24.3,75370.299694
1654200000,24.3,24.91,24.19,24.63,60520.774033
1654214400,24.65,24.69,24.08,24.14,64851.058636
1654228800,24.16,24.26,23.73,23.96,51959.027946
1654243200,23.96,24.08,22.59,22.76,108261.85408
1654257600,22.76,23.06,22.49,22.8,113521.163994
1654272000,22.79,23.2,22.68,22.82,82406.119193
1654286400,22.81,23.42,22.79,23.01,88697.397621
1654300800,23.0,23.15,22.11,22.37,69675.468082
1654315200,22.36,23.26,22.34,23.21,52551.561388
1654329600,23.21,23.42,22.99,23.05,32565.993568
1654344000,23.07,23.6,22.69,23.37,59366.960171
1654358400,23.38,23.48,23.1,23.16,32767.496194
1654372800,23.14,24.66,23.13,24.57,53366.600807
1654387200,24.57,24.64,23.94,24.25,58772.428314
1654401600,24.27,25.13,23.94,24.73,79321.646867
1654416000,24.74,25.2,24.35,24.53,83139.483123
1654430400,24.54,24.65,24.05,24.64,38188.22464
1654444800,24.65,24.95,24.3,24.77,40786.197755
1654459200,24.76,25.11,24.12,24.16,55058.978686
1654473600,24.18,26.53,24.04,26.48,146978.214257
1654488000,26.47,27.79,26.33,27.21,119906.562013
1654502400,27.19,27.67,26.84,26.94,69870.161589
1654516800,26.95,27.21,26.08,26.58,96798.418121
1654531200,26.59,26.59,25.52,26.01,77448.147391
1654545600,26.01,26.26,25.18,25.99,77259.960626
1654560000,26.01,26.2,23.12,23.96,256079.238983
1654574400,23.94,24.0,23.48,23.92,94176.397187
1654588800,23.93,24.22,23.36,23.65,64750.436483
1654603200,23.66,24.63,23.41,24.33,108573.945651
1654617600,24.34,25.67,24.07,25.17,120736.609443
1654632000,25.16,25.89,24.1,24.59,140879.143587
1654646400,24.6,25.46,23.75,23.95,118551.547466
1654660800,23.93,24.63,23.83,24.5,68482.206851
1654675200,24.51,24.85,24.32,24.54,35387.357518
1654689600,24.54,25.07,24.07,24.61,59408.589566
1654704000,24.6,24.73,23.86,24.1,37181.465635
1654718400,24.12,24.74,24.06,24.49,42281.427711
1654732800,24.51,24.6,23.72,24.07,57291.569059
1654747200,24.07,24.66,23.97,24.66,42380.701935
1654761600,24.64,25.3,24.49,24.65,54303.170552
1654776000,24.64,25.03,24.47,24.79,63906.582271
1654790400,24.77,25.38,24.17,24.24,45236.626477
1654804800,24.23,24.54,24.09,24.41,33794.244197
1654819200,24.42,24.87,23.8,24.61,58073.789706
1654833600,24.63,24.74,24.26,24.28,27221.843744
1654848000,24.28,24.4,23.69,24.0,44589.726283
1654862400,24.0,24.16,22.68,22.96,173568.00513
1654876800,22.95,23.01,22.25,22.41,78544.075004
1654891200,22.4,22.7,21.91,22.08,51553.136156
1654905600,22.07,22.6,22.01,22.51,27554.453506
1654920000,22.52,23.02,22.4,22.9,37327.427202
1654934400,22.95,22.99,21.15,21.37,118296.87091
1654948800,21.36,21.55,19.76,20.06,166227.291493
1654963200,20.05,20.69,19.65,20.37,114537.107546
1654977600,20.38,20.58,19.68,19.91,68655.999809
1654992000,19.9,20.16,18.28,18.54,172653.88861
1655006400,18.55,18.96,17.95,18.85,182200.848611
1655020800,18.84,19.16,18.12,18.39,150596.229637
1655035200,18.39,19.34,17.53,19.02,295517.039843
1655049600,19.01,19.23,18.39,18.51,177346.342544
1655064000,18.5,18.71,17.24,17.3,227861.94152
1655078400,17.29,17.5,15.62,16.4,576263.785226
1655092800,16.38,17.15,15.45,15.62,356904.563752
1655107200,15.64,15.73,14.6,14.99,455471.850227
1655121600,14.98,16.01,14.64,15.83,324723.035394
1655136000,15.83,16.9,15.62,16.13,293560.915013
1655150400,16.14,17.12,15.33,16.12,206627.437085
1655164800,16.1,16.61,14.67,16.31,302929.837399
1655179200,16.32,17.29,15.81,17.1,330775.592123
1655193600,17.11,17.16,15.99,16.26,160290.261619
1655208000,16.28,17.05,15.79,16.72,184407.341324
1655222400,16.7,16.84,15.98,16.14,117061.40317
1655236800,16.15,16.78,15.56,16.56,97433.795865
1655251200,16.55,16.79,15.7,15.72,104192.487395
1655265600,15.71,15.72,15.03,15.23,177695.745837
1655280000,15.21,15.81,14.55,15.66,232634.846116
1655294400,15.66,16.36,15.52,15.88,152539.097231
1655308800,15.86,17.76,14.87,17.03,445563.374525
1655323200,17.04,18.49,16.89,18.31,164853.162454
1655337600,18.3,18.71,17.67,17.73,92081.922009
1655352000,17.72,17.99,16.89,16.91,74363.711431
1655366400,16.91,17.16,16.0,16.25,92616.925502
1655380800,16.25,16.8,15.77,16.31,151383.64756
1655395200,16.3,16.88,16.0,16.09,118870.116659
1655409600,16.1,16.44,15.5,15.78,77085.109341
1655424000,15.79,16.5,15.5,15.91,94537.421949
1655438400,15.92,16.77,15.87,16.36,73232.988073
1655452800,16.36,16.55,16.1,16.29,54941.843843
1655467200,16.28,16.42,15.88,16.11,70650.931763
1655481600,16.09,16.2,15.81,16.08,59456.02389
1655496000,16.07,16.3,15.92,16.0,23639.111653
1655510400,16.0,16.3,15.64,15.78,49533.300672
1655524800,15.79,15.97,14.88,14.98,129938.242875
1655539200,14.99,15.39,14.6,15.15,91101.302256
1655553600,15.15,15.21,14.88,14.96,36033.750364
1655568000,14.96,15.19,14.18,14.22,75605.342212
1655582400,14.22,15.11,13.79,14.82,186766.007539
1655596800,14.82,15.05,14.13,14.18,165589.793321
1655611200,14.18,14.4,13.73,14.06,143728.399688
1655625600,14.06,15.37,13.98,15.23,145065.645543
1655640000,15.24,15.55,14.81,15.48,101414.77988
1655654400,15.46,15.92,15.06,15.6,88105.788244
1655668800,15.61,16.43,15.59,16.16,100316.027737
1655683200,16.16,16.28,15.35,15.62,67476.429169
1655697600,15.62,15.84,15.34,15.76,51591.902474
1655712000,15.75,17.86,15.73,17.67,137200.262762
1655726400,17.69,17.7,16.98,17.4,93144.477495
1655740800,17.38,17.46,16.63,16.76,96274.017031
1655755200,16.76,17.29,16.52,17.11,57537.326513
1655769600,17.1,17.38,16.63,17.1,74643.049608
1655784000,17.09,17.86,16.84,17.44,110989.218459
1655798400,17.45,18.2,17.37,17.55,73550.235393
1655812800,17.55,18.49,17.53,18.02,71043.437183
1655827200,18.02,18.12,16.86,16.9,76006.667982
1655841600,16.9,17.32,16.65,16.92,48156.147884
1655856000,16.92,16.92,16.08,16.18,59738.708417
1655870400,16.17,16.71,16.01,16.06,67147.289267
1655884800,16.05,16.97,15.97,16.74,56432.869614
1655899200,16.74,17.41,16.5,16.56,103389.992039
1655913600,16.57,16.75,16.22,16.38,56328.829385
1655928000,16.39,16.5,16.04,16.08,36977.522834
1655942400,16.09,17.0,16.03,16.64,51859.024121
1655956800,16.64,17.67,16.61,17.35,68848.090463
1655971200,17.34,18.13,17.21,17.77,110184.588365
1655985600,17.77,18.04,17.09,17.39,100187.638269
1656000000,17.39,17.94,17.09,17.9,73882.458541
1656014400,17.91,18.4,17.71,18.29,67779.822926
1656028800,18.29,20.02,17.98,19.54,187921.325996
1656043200,19.55,19.89,18.97,19.25,79058.549847
1656057600,19.25,19.86,19.04,19.56,44764.21321
1656072000,19.59,20.06,19.01,19.25,83328.97682
1656086400,19.24,19.49,18.81,19.48,51448.832654
1656100800,19.47,20.95,19.46,20.47,126377.581607
1656115200,20.48,21.69,20.29,21.09,98944.845095
1656129600,21.09,21.45,20.83,21.37,90876.358183
1656144000,21.37,21.49,20.64,20.68,61807.851977
1656158400,20.67,20.82,19.86,19.92,48792.229446
1656172800,19.91,20.72,19.87,20.36,29728.371078
1656187200,20.37,21.54,20.24,21.36,59565.058654
1656201600,21.36,22.08,20.84,21.03,90458.36308
1656216000,21.04,21.41,20.8,21.04,72751.116421
1656230400,21.05,21.59,20.97,21.47,52098.337948
1656244800,21.47,21.75,20.67,20.97,66101.576324
1656259200,20.95,21.0,20.1,20.39,39219.270779
1656273600,20.39,20.83,19.58,19.73,44272.753939
1656288000,19.72,20.27,19.68,20.17,67213.440738
1656302400,20.18,21.0,20.07,20.86,38125.900737
1656316800,20.87,21.39,20.85,20.87,56134.723659
1656331200,20.87,20.98,19.71,19.97,93062.849322
1656345600,19.96,20.09,19.18,19.29,53333.779712
1656360000,19.29,19.7,19.25,19.32,46438.655178
1656374400,19.32,19.85,18.73,19.12,95041.822584
1656388800,19.12,19.75,18.99,19.61,64001.960822
1656403200,19.6,20.16,19.46,19.59,94288.181817
1656417600,19.58,20.53,19.15,19.15,182998.91306
1656432000,19.15,19.4,18.54,18.78,129855.568595
1656446400,18.78,18.89,18.0,18.1,97985.027313
1656460800,18.11,18.68,18.03,18.39,84180.789769
1656475200,18.38,18.63,17.81,18.3,118114.311159
1656489600,18.3,18.46,17.52,17.77,126948.02394
1656504000,17.76,17.9,17.28,17.67,138431.097401
1656518400,17.67,17.93,17.18,17.87,112664.162227
1656532800,17.87,18.32,17.47,17.79,129260.422093
1656547200,17.79,17.81,17.03,17.34,136692.746129
1656561600,17.33,17.43,16.37,16.51,115475.268883
1656576000,16.51,16.51,15.87,16.11,187343.42875
1656590400,16.1,16.57,15.79,16.41,159842.432869
1656604800,16.41,16.65,16.03,16.27,95956.880242
1656619200,16.26,17.15,15.95,16.99,121491.915076
1656633600,16.99,17.66,16.69,16.69,189640.416966
1656648000,16.69,16.74,15.8,16.39,161219.700265
1656662400,16.39,16.6,15.79,16.02,103475.052875
1656676800,16.01,16.42,15.86,15.98,73467.433042
1656691200,15.98,16.53,15.92,16.48,78562.263831
1656705600,16.48,16.66,16.02,16.11,50228.848454
1656720000,16.12,16.34,15.95,16.0,54666.556397
1656734400,16.0,16.5,15.98,16.2,38710.480259
1656748800,16.2,16.4,15.99,16.26,39619.440707
1656763200,16.27,16.5,16.14,16.25,43646.220633
1656777600,16.26,16.6,16.16,16.4,54143.913277
1656792000,16.4,16.62,16.3,16.32,30645.392049
1656806400,16.33,16.47,16.11,16.3,31393.74006
1656820800,16.3,16.6,15.98,16.11,83789.117367
1656835200,16.12,16.17,15.96,16.1,28674.235544
1656849600,16.11,16.18,15.82,15.94,36992.593007
1656864000,15.93,16.56,15.9,16.47,40748.894781
1656878400,16.47,16.9,16.39,16.65,76483.534331
1656892800,16.65,16.84,16.31,16.34,46937.087105
1656907200,16.34,17.13,16.33,16.65,72330.824723
1656921600,16.65,17.27,16.62,17.24,91826.612593
1656936000,17.24,17.65,17.05,17.29,137402.26074
1656950400,17.29,17.62,17.15,17.44,71198.528734
1656964800,17.44,18.05,17.33,17.92,101813.956578
1656979200,17.92,18.15,17.61,17.9,72668.438477
1656993600,17.89,18.24,17.66,17.93,58034.362892
1657008000,17.94,17.94,16.93,17.0,88249.155467
1657022400,17.01,17.09,16.67,17.02,78807.209995
1657036800,17.01,17.99,16.75,17.81,83181.693428
1657051200,17.82,18.66,17.74,18.03,121129.379387
1657065600,18.04,18.43,17.8,18.1,96557.057609
1657080000,18.1,18.8,18.04,18.58,114806.231629
1657094400,18.59,18.95,18.27,18.3,80437.685865
1657108800,18.3,18.6,18.12,18.4,81190.449892
1657123200,18.4,19.38,18.35,18.97,128408.283308
1657137600,18.96,19.49,18.8,19.18,67727.914431
1657152000,19.18,19.64,19.04,19.43,148480.873266
1657166400,19.42,19.44,18.85,19.32,82967.936275
1657180800,19.33,19.63,19.25,19.45,68482.262951
1657195200,19.45,20.1,19.09,19.86,133644.911697
1657209600,19.85,20.62,19.81,20.47,136765.314185
1657224000,20.47,20.48,20.01,20.18,50708.283013
1657238400,20.19,21.13,19.91,20.75,123616.618699
1657252800,20.74,20.86,19.84,20.11,71759.99716
1657267200,20.1,20.21,19.44,19.77,115014.383842
1657281600,19.76,20.44,19.42,20.33,177936.61238
1657296000,20.33,20.44,19.89,20.09,73934.910414
1657310400,20.09,20.32,19.67,19.72,58296.349856
1657324800,19.72,20.14,19.55,19.79,74821.836837
1657339200,19.78,20.1,19.7,20.03,50788.108879
1657353600,20.03,20.2,19.74,19.81,43605.463741
1657368000,19.8,19.99,19.71,19.88,33867.491206
1657382400,19.87,20.27,19.84,20.04,46680.823467
1657396800,20.04,20.17,19.85,19.9,34573.198522
1657411200,19.91,19.98,19.28,19.43,67227.702812
1657425600,19.43,19.74,19.3,19.64,31491.272104
1657440000,19.64,19.66,19.07,19.2,55484.315168
1657454400,19.2,19.31,18.86,18.95,70500.790503
1657468800,18.95,19.26,18.75,19.26,48439.094402
1657483200,19.26,19.43,19.02,19.16,58040.383731
1657497600,19.16,19.18,18.54,18.67,68178.786885
1657512000,18.66,18.7,18.17,18.37,55747.503908
1657526400,18.37,18.75,18.34,18.38,42516.935886
1657540800,18.38,18.65,18.1,18.28,82477.595138
1657555200,18.28,18.53,18.24,18.33,39367.77605
1657569600,18.33,18.37,17.32,17.34,85898.517275
1657584000,17.34,17.68,17.24,17.52,52175.425507
1657598400,17.52,17.8,17.27,17.44,48105.202698
1657612800,17.43,17.85,17.33,17.69,215756.754186
1657627200,17.69,18.04,17.58,17.88,92973.323536
1657641600,17.88,18.06,17.03,17.14,87479.508041
1657656000,17.14,17.39,16.7,16.75,75072.512376
1657670400,16.75,17.15,16.7,16.99,57822.306838
1657684800,17.0,17.42,16.93,17.42,57521.543273
1657699200,17.42,17.63,17.34,17.58,54719.702603
1657713600,17.57,17.92,16.37,17.42,490916.214476
1657728000,17.42,18.26,17.3,17.91,102047.760877
1657742400,17.91,18.92,17.75,18.83,140641.124475
1657756800,18.84,18.97,18.52,18.78,96302.840992
1657771200,18.79,19.04,18.37,18.42,86701.232197
1657785600,18.41,18.47,17.86,17.94,80569.414484
1657800000,17.95,18.84,17.79,18.72,124190.358003
1657814400,18.72,19.98,18.61,19.69,192704.111159
1657828800,19.7,19.84,19.46,19.76,66307.342697
1657843200,19.76,20.29,19.48,19.87,109977.179493
1657857600,19.87,20.04,19.61,19.85,66200.3351
1657872000,19.86,20.22,19.76,19.78,71945.323821
1657886400,19.79,20.12,19.24,19.26,102894.70876
1657900800,19.26,19.95,19.09,19.91,67056.673643
1657915200,19.91,20.1,19.29,19.36,85272.761122
1657929600,19.37,19.5,19.08,19.31,64344.800548
1657944000,19.32,19.33,18.69,18.78,53898.006416
1657958400,18.77,19.18,18.74,19.07,40878.587694
1657972800,19.06,20.23,19.01,20.21,90782.374965
1657987200,20.19,21.52,20.17,20.99,259366.971635
1658001600,21.0,21.44,20.79,21.25,74126.684514
1658016000,21.25,21.63,20.83,21.16,73928.287833
1658030400,21.17,22.13,21.11,21.64,125175.006962
1658044800,21.65,21.77,21.17,21.53,71443.418071
1658059200,21.54,21.62,21.11,21.23,63449.757391
1658073600,21.23,21.58,20.72,21.04,88655.218848
1658088000,21.05,21.22,20.57,20.62,36438.69902
1658102400,20.63,22.0,20.59,21.9,82672.690773
1658116800,21.9,24.09,21.67,23.79,257098.843826
1658131200,23.8,24.34,23.42,23.62,176385.610798
1658145600,23.61,24.16,23.28,24.06,131531.245423
1658160000,24.05,24.09,22.22,22.49,157967.036092
1658174400,22.5,24.28,22.35,23.96,143803.548764
1658188800,23.97,24.78,23.19,23.35,220417.045461
1658203200,23.34,23.84,23.04,23.26,110441.53531
1658217600,23.27,24.4,23.15,24.1,117906.257982
1658232000,24.1,25.36,24.01,25.32,265903.582839
1658246400,25.32,26.31,24.8,24.95,247465.635657
1658260800,24.96,25.4,24.45,24.71,124913.594536
1658275200,24.71,25.47,24.47,25.33,140069.319109
1658289600,25.33,25.98,24.94,24.96,155702.625171
1658304000,24.95,25.65,24.56,25.26,138838.873415
1658318400,25.26,26.36,24.9,25.47,164605.70231
1658332800,25.47,25.55,24.17,24.28,162516.873265
1658347200,24.28,24.51,23.4,23.59,149666.952588
1658361600,23.58,24.04,22.77,22.86,118005.834184
1658376000,22.86,23.74,22.65,23.5,89762.810224
1658390400,23.49,23.91,23.27,23.72,121331.952386
1658404800,23.71,24.37,23.58,24.13,137557.251622
1658419200,24.12,25.46,24.1,25.29,140063.451664
1658433600,25.28,25.44,24.71,25.01,79684.850732
1658448000,25.0,25.42,24.53,24.85,60431.291574
1658462400,24.85,25.27,24.57,25.16,70860.107597
1658476800,25.17,25.5,24.91,25.46,103007.811184
1658491200,25.45,25.55,24.09,24.25,126422.568628
1658505600,24.25,24.55,23.63,23.72,92300.347266
1658520000,23.71,23.94,23.58,23.63,55335.255772
1658534400,23.62,24.23,23.31,24.08,61912.89313
1658548800,24.09,24.65,24.08,24.41,59278.304013
1658563200,24.41,24.67,23.35,23.38,80449.416969
1658577600,23.38,23.7,23.18,23.56,55931.058682
1658592000,23.55,23.66,22.83,23.23,82169.274247
1658606400,23.23,23.8,23.09,23.6,46800.404987
1658620800,23.61,23.92,23.3,23.34,49874.749244
1658635200,23.33,24.23,23.24,24.03,71743.906922
1658649600,24.03,24.26,23.74,24.04,54315.261243
1658664000,24.05,24.13,23.65,24.06,52856.838898
1658678400,24.06,24.12,23.77,23.94,33390.584194
1658692800,23.93,24.48,23.69,23.8,64027.494579
1658707200,23.79,23.84,21.83,22.0,105148.098518
1658721600,22.0,22.46,21.87,22.13,77883.347854
1658736000,22.13,22.4,21.94,22.24,50645.718152
1658750400,22.24,22.25,21.77,21.99,52855.157643
1658764800,21.98,22.12,21.27,21.63,75803.608867
1658779200,21.63,22.06,20.89,20.91,100311.62755
1658793600,20.92,20.97,20.3,20.78,103820.294605
1658808000,20.77,20.95,20.5,20.57,43864.430578
1658822400,20.57,20.85,20.5,20.71,36749.830754
1658836800,20.72,20.91,19.85,19.88,92675.05134
1658851200,19.88,20.3,19.55,19.71,78066.863019
1658865600,19.71,20.74,19.57,20.71,65871.596103
1658880000,20.71,20.75,20.21,20.24,37390.008369
1658894400,20.24,21.18,20.22,21.12,56173.503868
1658908800,21.12,21.29,20.79,20.8,52199.548623
1658923200,20.8,21.43,20.73,21.26,64537.02631
1658937600,21.27,23.36,20.93,22.83,259908.921701
1658952000,22.83,23.48,22.83,23.4,85501.209324
1658966400,23.41,23.63,22.83,22.94,100366.459107
1658980800,22.95,23.15,22.7,22.79,49942.843312
1658995200,22.79,23.28,22.63,23.26,55597.670097
1659009600,23.24,24.33,22.43,24.1,240637.706285
1659024000,24.14,24.46,23.84,24.0,138697.038578
1659038400,24.0,24.71,24.0,24.2,91019.943692
1659052800,24.2,24.82,24.05,24.72,66234.670316
1659067200,24.72,25.21,24.35,24.43,86828.215347
1659081600,24.44,24.77,23.69,23.93,83300.449244
1659096000,23.92,25.39,23.48,25.0,137365.964756
1659110400,25.01,25.02,23.78,24.49,134581.210634
1659124800,24.49,25.08,24.28,24.48,88694.805426
1659139200,24.48,24.9,24.11,24.29,76520.208013
1659153600,24.29,24.63,23.93,24.51,63676.574791
1659168000,24.51,24.73,24.09,24.53,69246.986697
1659182400,24.53,25.82,24.43,25.66,149215.260971
1659196800,25.67,25.78,24.61,24.71,114430.798032
1659211200,24.71,24.84,23.97,24.23,71413.175224
1659225600,24.23,24.67,24.01,24.46,41573.926007
1659240000,24.47,25.44,24.42,24.52,73675.956695
1659254400,24.52,25.03,24.11,24.81,60196.118794
1659268800,24.81,24.87,24.32,24.65,41665.771557
1659283200,24.65,25.23,24.12,24.66,106439.024896
1659297600,24.65,24.72,23.54,23.71,71117.373766
1659312000,23.71,24.32,23.61,24.1,49835.873558
1659326400,24.1,24.28,23.33,23.8,71584.756398
1659340800,23.8,23.88,23.11,23.43,56455.617484
1659355200,23.43,23.94,22.98,23.72,77363.853029
1659369600,23.71,23.73,22.97,23.15,55033.641025
1659384000,23.15,23.72,23.11,23.58,47606.761111
1659398400,23.58,23.81,22.34,22.45,73535.941046
1659412800,22.44,22.73,22.24,22.69,44958.620473
1659427200,22.7,22.83,22.3,22.69,41541.632332
1659441600,22.68,23.26,22.23,23.15,95408.2275
1659456000,23.16,23.99,22.92,23.11,87962.225111
1659470400,23.12,23.33,22.74,22.83,42315.307427
1659484800,22.84,23.07,22.28,23.05,69001.441544
1659499200,23.05,23.62,22.97,23.4,51225.050895
1659513600,23.41,23.96,23.41,23.96,61223.404558
1659528000,23.94,24.21,23.7,23.8,67690.962403
1659542400,23.79,24.09,23.67,24.0,50187.422538
1659556800,24.01,24.04,22.96,23.05,59085.40957
1659571200,23.04,24.0,22.94,23.61,51657.843352
1659585600,23.62,23.93,23.26,23.49,55698.884833
1659600000,23.49,23.58,23.18,23.38,34831.880927
1659614400,23.37,23.75,23.08,23.4,68853.041345
1659628800,23.4,23.55,22.87,23.15,52362.16324
1659643200,23.16,23.46,23.04,23.36,27794.003663
1659657600,23.37,24.1,23.12,24.04,48304.216571
1659672000,24.04,24.14,23.75,23.86,53626.473477
1659686400,23.85,24.68,23.74,24.67,73257.453183
1659700800,24.67,24.77,24.07,24.16,133614.476816
1659715200,24.16,24.31,23.93,24.17,43120.83487
1659729600,24.17,24.99,24.1,24.97,49210.769063
1659744000,24.97,25.45,24.72,24.98,81126.545948
1659758400,24.99,25.27,24.89,25.21,64435.933395
1659772800,25.22,26.0,25.22,25.45,129259.438134
1659787200,25.45,26.01,25.45,25.78,70827.769711
1659801600,25.78,26.92,25.77,26.56,159269.934395
1659816000,26.57,26.95,26.15,26.63,99164.785795
1659830400,26.63,26.64,25.84,26.2,89147.967125
1659844800,26.19,26.37,25.95,26.1,33905.462882
1659859200,26.1,26.48,25.83,26.45,77285.860159
1659873600,26.46,28.27,26.45,28.01,237033.801953
1659888000,28.01,28.09,27.66,27.81,84235.545911
1659902400,27.82,28.51,27.64,27.9,88968.484508
1659916800,27.9,28.28,27.57,28.18,81971.627014
1659931200,28.19,28.67,28.03,28.41,118518.659502
1659945600,28.41,30.16,28.24,29.77,195822.496802
1659960000,29.76,30.93,28.73,29.04,227712.851891
1659974400,29.03,29.07,28.35,28.6,94064.395157
1659988800,28.59,28.97,27.85,27.92,116750.959297
1660003200,27.91,28.4,27.61,28.03,101192.661821
1660017600,28.03,28.8,27.98,28.47,71473.976814
1660032000,28.48,28.48,27.22,27.39,94640.374002
1660046400,27.39,28.32,26.98,27.13,109987.681194
1660060800,27.13,27.56,27.05,27.34,40417.127036
1660075200,27.34,27.83,27.3,27.41,49866.959983
1660089600,27.4,27.89,26.61,27.53,106613.320492
1660104000,27.54,27.79,27.16,27.4,50688.648679
1660118400,27.4,28.43,27.38,28.07,98139.299168
1660132800,28.07,30.2,28.05,29.52,247371.550048
1660147200,29.53,29.58,28.55,28.68,70975.113463
1660161600,28.68,29.2,28.61,29.18,51907.407527
1660176000,29.17,29.65,28.88,29.58,76654.116943
1660190400,29.58,30.01,29.36,29.6,73353.826598
1660204800,29.61,29.73,29.33,29.53,36252.282808
1660219200,29.52,30.09,28.77,28.8,92796.786125
1660233600,28.8,29.06,28.59,28.9,36272.959097
1660248000,28.91,29.28,28.27,28.53,45405.499937
1660262400,28.53,29.25,28.07,28.99,44071.465446
1660276800,28.98,29.11,28.66,28.82,26287.421678
1660291200,28.82,29.18,28.17,28.39,64458.78391
1660305600,28.4,29.17,28.37,29.0,54092.594414
1660320000,29.0,29.35,28.75,29.17,33138.130276
1660334400,29.16,29.44,28.99,29.32,38852.814372
1660348800,29.34,30.35,29.09,30.13,79643.794558
1660363200,30.12,30.15,29.55,29.57,46725.475286
1660377600,29.57,29.71,29.31,29.57,34836.604303
1660392000,29.57,29.71,29.17,29.53,35541.221673
1660406400,29.53,29.65,28.88,29.03,36766.697615
1660420800,29.02,29.32,28.96,29.17,23183.074234
1660435200,29.17,29.47,28.68,29.3,39205.543912
1660449600,29.32,29.84,29.27,29.68,41617.619027
1660464000,29.69,29.7,29.11,29.22,51689.552033
1660478400,29.21,29.21,28.5,28.88,42720.979097
1660492800,28.88,28.9,27.84,28.28,55921.409252
1660507200,28.28,28.44,28.02,28.17,29285.712508
1660521600,28.18,29.3,27.98,28.91,56085.927883
1660536000,28.91,29.06,27.39,27.72,65047.676107
1660550400,27.71,27.91,27.36,27.6,41242.57634
1660564800,27.59,28.13,27.32,28.12,45758.758628
1660579200,28.11,28.13,27.48,27.67,30755.957621
1660593600,27.67,27.97,27.08,27.88,46200.306108
1660608000,27.87,28.11,27.26,27.81,49423.335807
1660622400,27.82,27.91,27.37,27.83,25627.56831
1660636800,27.84,28.41,27.64,28.01,38522.277668
1660651200,28.02,28.12,27.33,27.65,41224.795286
1660665600,27.65,27.73,26.92,27.32,61304.674934
1660680000,27.31,27.57,27.04,27.11,16459.364025
1660694400,27.12,27.66,27.07,27.63,33696.592811
1660708800,27.63,28.21,27.21,27.28,46172.561752
1660723200,27.28,27.56,27.07,27.15,36110.628913
1660737600,27.15,27.17,25.94,26.11,64350.795385
1660752000,26.11,26.66,26.06,26.16,42620.55164
1660766400,26.16,26.34,25.27,25.56,56060.750789
1660780800,25.56,25.9,25.34,25.85,27002.053616
1660795200,25.86,25.99,25.65,25.87,21955.024931
1660809600,25.88,26.16,25.63,26.11,30360.855886
1660824000,26.12,26.29,25.41,25.74,41091.052508
1660838400,25.73,25.77,25.04,25.28,42892.378742
1660852800,25.28,25.47,23.92,24.21,71788.785916
1660867200,24.2,24.43,23.04,23.2,131085.523506
1660881600,23.2,23.34,21.27,22.33,160321.089844
1660896000,22.33,22.65,21.92,22.62,88513.022015
1660910400,22.61,22.95,22.3,22.82,77100.080635
1660924800,22.81,23.31,22.49,22.94,59778.594178
1660939200,22.95,23.04,22.12,22.44,90526.388953
1660953600,22.44,23.0,22.43,22.78,56319.816347
1660968000,22.79,23.08,22.61,22.96,68014.430071
1660982400,22.96,22.98,22.69,22.72,30607.351146
1660996800,22.71,22.91,22.6,22.78,40140.077035
1661011200,22.79,22.81,21.74,21.84,76569.977312
1661025600,21.84,22.39,21.63,22.29,62872.74447
1661040000,22.3,22.67,22.24,22.41,31252.602821
1661054400,22.4,22.95,22.15,22.9,35112.294613
1661068800,22.9,23.23,22.76,23.12,74411.147957
1661083200,23.12,23.21,22.65,22.85,38769.984921
1661097600,22.85,23.1,22.73,23.02,28038.527807
1661112000,23.02,23.55,22.49,22.97,54445.013628
1661126400,22.98,22.99,22.61,22.66,29367.193137
1661140800,22.65,22.86,21.97,21.98,47858.659927
1661155200,21.97,22.36,21.63,22.1,51815.355506
1661169600,22.1,22.37,21.83,22.34,46259.146677
1661184000,22.34,22.44,21.84,22.08,51001.93755
1661198400,22.09,22.63,21.98,22.57,48180.011992
1661212800,22.57,22.9,22.48,22.59,38551.07667
1661227200,22.58,22.73,21.83,22.43,43615.13334
1661241600,22.43,22.9,22.43,22.88,58704.530179
1661256000,22.89,23.74,22.64,23.33,106663.762395
1661270400,23.34,23.45,23.04,23.32,55677.691982
1661284800,23.32,23.69,23.19,23.51,38721.900901
1661299200,23.51,23.63,22.81,23.04,51571.425317
1661313600,23.03,23.38,22.82,23.02,35021.256864
1661328000,23.02,23.28,22.96,23.23,32008.979143
1661342400,23.23,23.53,22.93,23.47,40581.350276
1661356800,23.48,23.65,23.18,23.48,39612.29394
1661371200,23.48,23.53,22.97,23.01,37020.40932
1661385600,23.01,23.3,22.97,23.04,33838.542025
1661400000,23.03,23.64,23.01,23.54,32411.147571
1661414400,23.53,23.67,23.29,23.44,37509.476764
1661428800,23.43,23.5,22.67,22.89,64729.166116
1661443200,22.88,23.07,22.75,23.05,32835.399784
1661457600,23.05,23.23,22.87,22.99,28122.040837
1661472000,22.99,23.09,22.69,22.97,30460.647836
1661486400,22.97,23.05,22.36,22.56,50476.885464
1661500800,22.55,22.63,21.95,22.25,52300.87949
1661515200,22.25,23.23,21.54,21.8,220527.508613
1661529600,21.8,21.88,21.29,21.52,99680.959665
1661544000,21.51,21.67,20.34,20.66,154197.105804
1661558400,20.65,20.89,20.39,20.54,66940.576631
1661572800,20.54,20.76,20.0,20.75,72249.432374
1661587200,20.75,20.81,20.48,20.66,46931.288816
1661601600,20.65,20.66,19.92,20.19,77676.981014
1661616000,20.18,20.42,19.92,20.24,61469.639655
1661630400,20.23,20.26,19.78,20.03,46518.309867
1661644800,20.04,20.24,19.81,19.82,49025.859598
1661659200,19.83,20.2,19.63,20.13,70230.094267
1661673600,20.12,20.47,19.95,20.12,69190.676475
1661688000,20.13,20.18,19.68,20.03,54407.883726
1661702400,20.04,20.29,19.79,19.81,35837.354367
1661716800,19.81,19.91,18.07,18.53,238287.061237
1661731200,18.52,18.66,17.84,18.17,139304.023007
1661745600,18.17,18.27,17.48,18.04,117294.729822
1661760000,18.03,18.19,17.84,18.06,75437.652668
1661774400,18.06,19.35,17.98,19.06,238017.481388
1661788800,19.06,19.25,18.83,19.0,110864.224077
1661803200,19.0,19.48,18.94,19.32,77350.730184
1661817600,19.32,19.67,19.02,19.51,90187.858418
1661832000,19.51,20.56,19.47,20.3,182388.924368
1661846400,20.3,20.63,20.07,20.18,90396.47111
1661860800,20.18,20.25,19.02,19.39,151219.596919
1661875200,19.38,19.96,18.88,19.59,127273.415002
1661889600,19.59,19.81,19.25,19.4,61010.71061
1661904000,19.4,19.97,19.4,19.81,84251.444634
1661918400,19.82,20.07,19.59,19.61,79564.828001
1661932800,19.61,19.91,19.33,19.78,64774.200359
1661947200,19.79,19.98,19.28,19.56,118973.302867
1661961600,19.55,19.63,19.13,19.4,54107.078731
1661976000,19.41,19.48,18.99,19.14,41053.131084
1661990400,19.14,19.4,18.84,19.09,43443.354572
1662004800,19.09,19.28,18.79,18.95,33223.138365
1662019200,18.96,19.31,18.8,19.23,36675.656047
1662033600,19.23,19.26,18.33,18.55,82353.015289
1662048000,18.56,18.9,18.45,18.87,34807.956976
1662062400,18.87,19.48,18.83,19.31,42173.805326
1662076800,19.32,19.44,18.93,19.28,20267.956654
1662091200,19.28,19.6,19.12,19.24,19816.893762
1662105600,19.24,19.27,18.93,19.17,27012.297867
1662120000,19.18,19.65,19.06,19.56,77017.976588
1662134400,19.56,19.6,18.68,18.83,67857.753055
1662148800,18.82,18.95,18.69,18.86,26630.311338
1662163200,18.85,19.01,18.63,18.75,21143.032709
1662177600,18.75,19.0,18.57,18.74,25121.349305
1662192000,18.73,18.95,18.7,18.82,20060.15636
1662206400,18.82,18.98,18.73,18.79,16975.293121
1662220800,18.79,18.91,18.68,18.75,11247.220911
1662235200,18.74,18.9,18.72,18.9,14933.350195
1662249600,18.89,19.12,18.86,18.92,22377.324613
1662264000,18.92,18.96,18.78,18.8,17429.557101
1662278400,18.79,18.99,18.73,18.98,18834.058902
1662292800,18.98,19.16,18.78,18.97,40513.908024
1662307200,18.98,19.06,18.87,18.96,15122.566778
1662321600,18.97,19.04,18.84,19.01,30798.181369
1662336000,19.02,19.15,18.96,19.05,19613.995109
1662350400,19.06,19.1,18.73,18.76,23346.931256
1662364800,18.75,18.81,18.45,18.56,26131.656283
1662379200,18.55,18.88,18.5,18.77,35243.232363
1662393600,18.77,18.87,18.64,18.69,30260.186631
1662408000,18.69,19.49,18.69,19.45,27989.995185
1662422400,19.45,20.5,19.45,19.91,109845.908754
1662436800,19.91,20.13,19.86,20.0,40691.589052
1662451200,20.0,20.3,19.81,20.19,43460.99908
1662465600,20.19,20.26,19.42,19.98,67315.40081
1662480000,19.99,20.01,18.3,18.44,118438.408717
1662494400,18.44,18.56,18.15,18.2,45259.350431
1662508800,18.21,18.32,17.84,18.26,52435.259328
1662523200,18.25,18.48,18.15,18.39,32762.867577
1662537600,18.39,18.57,18.22,18.28,31973.159244
1662552000,18.3,18.69,18.14,18.62,78437.429824
1662566400,18.62,18.91,18.53,18.7,62936.033961
1662580800,18.7,19.29,18.7,19.0,96191.834424
1662595200,19.0,19.16,18.85,18.94,31258.030583
1662609600,18.96,19.17,18.56,18.8,47535.754414
1662624000,18.79,19.0,18.71,18.76,66191.28108
1662638400,18.76,19.12,18.4,18.98,118363.213737
1662652800,18.98,19.07,18.7,19.07,64230.811621
1662667200,19.06,19.14,18.91,19.13,35851.897004
1662681600,19.14,19.97,19.11,19.85,88924.891429
1662696000,19.86,20.19,19.79,20.04,113885.471047
1662710400,20.05,20.32,20.0,20.13,80260.718817
1662724800,20.12,20.46,20.09,20.3,109430.468322
1662739200,20.31,20.44,20.04,20.34,69500.129086
1662753600,20.31,20.81,20.13,20.41,70853.169271
1662768000,20.39,21.19,20.25,20.55,94453.161961
1662782400,20.56,20.88,20.25,20.3,61513.614497
1662796800,20.31,20.53,20.27,20.38,62203.067649
1662811200,20.38,20.5,20.05,20.17,71911.384152
1662825600,20.19,20.47,20.12,20.39,50907.675262
1662840000,20.38,20.83,20.22,20.45,60689.680472
1662854400,20.45,20.77,20.27,20.33,39060.027599
1662868800,20.34,20.47,19.94,20.39,68616.813546
1662883200,20.39,20.47,20.26,20.4,24469.065363
1662897600,20.4,20.62,20.31,20.48,40125.689933
1662912000,20.49,20.95,20.42,20.53,46737.540251
1662926400,20.5,20.9,20.13,20.68,93471.701877
1662940800,20.68,21.02,20.06,20.31,164459.549522
1662955200,20.32,20.83,20.22,20.77,54583.387908
1662969600,20.8,21.73,20.66,21.48,179032.836101
1662984000,21.48,21.91,21.04,21.13,186505.89564
1662998400,21.13,21.5,20.83,21.4,155640.677302
1663012800,21.41,21.64,21.16,21.38,92296.58774
1663027200,21.38,21.5,20.75,21.49,122846.191261
1663041600,21.49,21.78,21.18,21.67,122778.992004
1663056000,21.66,21.8,21.33,21.56,148753.191783
1663070400,21.55,21.63,19.57,19.63,311625.723314
1663084800,19.64,19.86,18.93,19.31,127087.867453
1663099200,19.29,19.4,18.76,18.87,86621.67637
1663113600,18.86,19.3,18.72,19.2,78371.187981
1663128000,19.2,19.31,18.78,18.98,50053.084305
1663142400,18.98,19.23,18.82,18.9,63211.369477
1663156800,18.91,19.27,18.74,19.05,91194.536142
1663171200,19.05,19.07,18.44,18.95,96749.324112
1663185600,18.96,19.21,18.75,19.12,73503.439538
1663200000,19.11,19.15,18.47,18.63,120527.323227
1663214400,18.61,19.37,18.45,19.17,194110.100926
1663228800,19.17,19.18,18.76,18.97,61079.219917
1663243200,18.98,19.12,18.16,18.39,128920.153449
1663257600,18.39,18.64,18.31,18.41,40635.275571
1663272000,18.42,18.54,18.09,18.2,40035.544477
1663286400,18.21,18.29,17.9,18.15,65554.29967
1663300800,18.14,18.3,18.11,18.17,34413.386526
1663315200,18.18,18.18,17.65,18.13,78852.788591
1663329600,18.13,18.15,17.61,18.0,99653.101696
1663344000,17.99,17.99,17.56,17.91,68586.218394
1663358400,17.91,18.26,17.89,18.06,39762.332936
1663372800,18.05,18.52,18.04,18.26,37104.70179
1663387200,18.25,18.45,18.07,18.24,25081.141614
1663401600,18.23,18.31,18.11,18.14,27514.956862
1663416000,18.13,18.46,18.08,18.36,33953.154467
1663430400,18.35,18.59,18.35,18.42,18231.6115
1663444800,18.41,18.54,18.36,18.47,22827.088888
1663459200,18.48,18.78,18.3,18.4,192797.21434
1663473600,18.39,18.59,18.38,18.43,38017.890647
1663488000,18.43,18.55,18.09,18.22,41799.145486
1663502400,18.21,18.3,18.01,18.08,18168.714979
1663516800,18.07,18.14,17.65,17.91,54402.337496
1663531200,17.9,17.93,16.21,16.71,161695.370611
1663545600,16.71,17.06,16.39,16.66,94858.676989
1663560000,16.65,16.99,16.48,16.69,107744.801236
1663574400,16.68,16.93,16.51,16.85,48603.913202
1663588800,16.85,17.38,16.83,17.06,58940.40871
1663603200,17.06,17.3,16.91,17.21,29843.834415
1663617600,17.22,17.37,17.15,17.29,17302.642373
1663632000,17.28,17.39,16.97,17.14,35489.526788
1663646400,17.13,17.42,16.99,17.07,51241.47247
1663660800,17.07,17.16,16.77,16.9,24249.230172
1663675200,16.89,17.08,16.59,17.02,53511.964192
1663689600,17.01,17.05,16.64,16.84,32067.760806
1663704000,16.85,16.9,16.56,16.66,23459.239325
1663718400,16.65,16.95,16.6,16.85,24015.211899
1663732800,16.85,16.95,16.47,16.64,38709.099005
1663747200,16.64,17.0,16.58,16.94,27704.577198
1663761600,16.92,17.09,16.79,16.88,29893.141056
1663776000,16.88,17.94,16.86,17.03,240269.347476
1663790400,17.02,17.05,16.19,16.54,75602.245755
1663804800,16.54,16.8,16.4,16.7,28288.047604
1663819200,16.7,17.2,16.7,17.19,29710.961792
1663833600,17.19,17.71,17.14,17.61,51601.53641
1663848000,17.61,17.64,17.13,17.3,77761.349512
1663862400,17.31,17.86,17.17,17.66,54153.98023
1663876800,17.66,17.88,17.53,17.68,32749.322146
1663891200,17.69,18.04,17.54,17.91,55119.891498
1663905600,17.91,18.25,17.8,17.85,59564.03773
1663920000,17.86,17.9,17.28,17.38,43311.74519
1663934400,17.36,17.62,17.15,17.45,61261.441483
1663948800,17.43,17.5,17.2,17.5,44256.010282
1663963200,17.49,18.1,17.49,17.97,36607.051959
1663977600,17.97,18.15,17.79,18.0,22231.344658
1663992000,18.0,18.19,17.83,17.87,23884.872743
1664006400,17.88,18.1,17.77,17.98,35895.935664
1664020800,17.97,18.11,17.81,17.85,41525.544179
1664035200,17.85,17.95,17.81,17.89,12143.022206
1664049600,17.88,17.91,17.55,17.61,19220.402639
1664064000,17.6,17.83,17.58,17.81,16998.110653
1664078400,17.82,17.88,17.67,17.8,10463.952586
1664092800,17.8,17.81,17.67,17.78,9244.419603
1664107200,17.78,17.81,17.41,17.58,26037.42581
1664121600,17.57,17.65,17.37,17.49,26807.069711
1664136000,17.48,17.5,17.13,17.33,32497.65166
1664150400,17.32,17.5,17.12,17.26,22630.944689
1664164800,17.26,17.34,16.97,17.22,30895.63952
1664179200,17.22,17.49,17.12,17.21,25765.987443
1664193600,17.22,17.49,17.14,17.39,26238.147874
1664208000,17.39,17.6,17.21,17.47,34600.711007
1664222400,17.47,17.59,17.32,17.58,21723.243606
1664236800,17.57,18.04,17.51,17.98,48031.612385
1664251200,17.98,18.27,17.82,18.14,46072.638568
1664265600,18.13,18.17,17.97,18.03,26172.566406
1664280000,18.02,18.47,17.84,17.88,78667.957995
1664294400,17.88,17.94,17.05,17.14,92520.873585
1664308800,17.13,17.36,17.07,17.3,30087.09525
1664323200,17.3,17.38,16.76,17.02,63410.579576
1664337600,17.01,17.11,16.74,17.02,26227.194837
1664352000,17.01,17.1,16.77,16.96,49274.823776
1664366400,16.97,17.3,16.94,17.25,26154.196485
1664380800,17.26,17.37,17.12,17.3,20092.632614
1664395200,17.3,17.45,17.22,17.27,19843.025384
1664409600,17.27,17.4,17.14,17.29,16018.519473
1664424000,17.28,17.33,17.06,17.14,17834.292424
1664438400,17.13,17.3,17.08,17.2,19323.433244
1664452800,17.21,17.21,16.88,17.14,34987.721949
1664467200,17.14,17.28,17.03,17.25,27319.646477
1664481600,17.26,17.37,17.14,17.35,17399.302952
1664496000,17.36,17.45,17.17,17.26,33618.890088
1664510400,17.26,17.58,17.23,17.52,19481.477152
1664524800,17.52,17.6,17.3,17.31,23322.198461
1664539200,17.3,17.75,17.15,17.4,102194.153018
1664553600,17.39,17.54,17.18,17.22,41968.586232
1664568000,17.22,17.34,17.01,17.21,29770.485
1664582400,17.2,17.31,17.12,17.29,16708.388548
1664596800,17.28,17.31,17.16,17.26,17286.087394
1664611200,17.26,17.29,17.12,17.22,11365.735288
1664625600,17.21,17.26,17.14,17.2,13156.90276
1664640000,17.19,17.19,16.93,17.0,20122.144798
1664654400,16.99,17.07,16.88,16.96,16650.613796
1664668800,16.95,17.08,16.94,16.98,8647.397483
1664683200,16.98,17.17,16.97,17.0,27216.328625
1664697600,16.99,17.03,16.6,16.81,41328.267259
1664712000,16.8,16.84,16.66,16.75,22106.691665
1664726400,16.74,16.95,16.71,16.88,22882.060695
1664740800,16.88,16.89,16.46,16.54,31437.431068
1664755200,16.53,16.78,16.34,16.63,44017.493289
1664769600,16.62,16.73,16.45,16.67,18824.275501
1664784000,16.67,16.87,16.59,16.84,16645.219885
1664798400,16.83,17.11,16.7,16.91,33157.995625
1664812800,16.91,17.09,16.89,16.99,18087.775479
1664827200,16.99,17.31,16.98,17.16,37372.394854
1664841600,17.16,17.27,17.07,17.23,17343.430152
1664856000,17.23,17.4,17.14,17.36,15497.225243
1664870400,17.36,17.47,17.23,17.32,20587.06122
1664884800,17.33,17.55,17.27,17.39,28808.33729
1664899200,17.39,17.43,17.21,17.39,13756.067945
1664913600,17.4,17.55,17.36,17.45,14389.109062
1664928000,17.44,17.45,17.29,17.31,7012.508094
1664942400,17.31,17.49,17.25,17.33,21842.059383
1664956800,17.33,17.33,17.04,17.1,17315.047183
1664971200,17.09,17.13,16.95,17.1,18563.704227
1664985600,17.1,17.38,17.05,17.23,26526.830327
1665000000,17.24,17.4,17.19,17.39,20795.572302
1665014400,17.39,17.67,17.35,17.53,29954.472324
1665028800,17.54,17.61,17.32,17.44,32087.787184
1665043200,17.43,17.44,17.28,17.38,16221.115858
1665057600,17.37,17.47,17.16,17.26,37385.74383
1665072000,17.25,17.34,17.1,17.13,27263.219556
1665086400,17.11,17.15,16.98,17.05,21094.060498
1665100800,17.04,17.16,17.03,17.1,11378.587661
1665115200,17.1,17.14,16.99,17.07,8308.816745
1665129600,17.07,17.16,17.04,17.07,8431.743942
1665144000,17.08,17.09,16.75,16.87,94340.682201
1665158400,16.85,16.87,16.71,16.82,28923.509269
1665172800,16.81,16.93,16.81,16.91,4833.616156
1665187200,16.9,17.0,16.89,16.93,4991.102793
1665201600,16.93,16.96,16.79,16.91,14128.664476
1665216000,16.9,16.91,16.85,16.9,4818.110702
1665230400,16.9,16.91,16.79,16.84,7410.49253
1665244800,16.83,16.9,16.78,16.8,7757.05175
1665259200,16.79,16.84,16.62,16.79,14098.293695
1665273600,16.78,16.81,16.71,16.74,4875.873547
1665288000,16.73,16.9,16.7,16.86,4459.083553
1665302400,16.85,16.98,16.82,16.93,6929.764098
1665316800,16.93,16.98,16.89,16.98,7519.909734
1665331200,16.98,17.0,16.86,16.95,6925.135532
1665345600,16.95,17.0,16.8,16.91,9916.766442
1665360000,16.9,17.24,16.87,16.99,16229.028517
1665374400,16.98,17.02,16.84,16.87,9163.642896
1665388800,16.87,16.88,16.53,16.71,25732.712427
1665403200,16.7,16.81,16.62,16.69,15900.732604
1665417600,16.7,16.7,16.53,16.59,21053.129172
1665432000,16.58,16.63,16.15,16.21,36540.861177
1665446400,16.21,16.21,15.59,15.9,66885.183795
1665460800,15.9,16.08,15.87,16.03,11431.202015
1665475200,16.01,16.08,15.94,16.07,6177.446902
1665489600,16.07,16.32,15.85,16.21,31039.276043
1665504000,16.2,16.23,15.89,15.94,18670.185668
1665518400,15.95,16.02,15.85,15.96,9108.439054
1665532800,15.95,16.11,15.88,15.91,12308.819757
1665547200,15.91,16.1,15.91,16.0,10741.537584
1665561600,15.99,16.17,15.98,16.08,10434.318562
1665576000,16.08,16.11,15.86,16.04,22431.16381
1665590400,16.04,16.06,15.82,15.99,11048.740439
1665604800,16.0,16.06,15.94,15.95,3564.584124
1665619200,15.94,15.99,15.35,15.6,71041.085727
1665633600,15.6,15.63,14.96,15.18,77551.680555
1665648000,15.17,15.25,14.48,15.01,76575.31105
1665662400,15.01,15.41,14.46,15.29,211279.417945
1665676800,15.28,15.76,15.24,15.64,27143.410946
1665691200,15.64,15.81,15.63,15.66,9463.484176
1665705600,15.66,16.39,15.62,16.15,41073.924672
1665720000,16.15,16.36,16.08,16.15,48113.486342
1665734400,16.15,16.3,16.07,16.15,20796.464417
1665748800,16.15,16.41,15.91,15.92,52150.997848
1665763200,15.92,15.96,15.68,15.72,9320.044769
1665777600,15.73,15.79,15.54,15.67,15786.478633
1665792000,15.67,15.76,15.6,15.71,19990.669132
1665806400,15.71,15.79,15.63,15.73,7828.910967
1665820800,15.73,15.75,15.49,15.73,15321.928869
1665835200,15.73,15.75,15.59,15.7,15372.682619
1665849600,15.69,15.77,15.59,15.63,6996.923357
1665864000,15.62,15.64,15.36,15.43,23205.384864
1665878400,15.42,15.59,15.41,15.49,8919.638726
1665892800,15.5,15.61,15.49,15.6,12000.248207
1665907200,15.59,15.76,15.56,15.62,12813.327416
1665921600,15.61,15.67,15.54,15.61,9835.943278
1665936000,15.61,15.87,15.53,15.87,25785.109647
1665950400,15.87,15.88,15.61,15.75,20844.339464
1665964800,15.75,15.81,15.65,15.74,7812.920919
1665979200,15.74,15.98,15.68,15.91,12691.515499
1665993600,15.91,16.18,15.82,16.05,29851.297077
1666008000,16.05,16.28,15.97,16.09,37330.026611
1666022400,16.09,16.18,15.96,16.03,15273.682562
1666036800,16.02,16.28,16.02,16.19,12801.237861
1666051200,16.19,16.36,16.06,16.24,22416.334055
1666065600,16.23,16.34,16.18,16.3,16047.838008
1666080000,16.3,16.32,15.94,16.06,32871.064665
1666094400,16.06,16.17,15.78,15.89,20934.933506
1666108800,15.88,16.03,15.58,15.78,39084.743443
1666123200,15.77,15.95,15.75,15.88,12253.549907
1666137600,15.87,15.92,15.63,15.65,8522.91789
1666152000,15.65,15.76,15.47,15.57,35361.091273
1666166400,15.56,15.64,15.42,15.55,13551.614038
1666180800,15.54,15.67,15.42,15.63,21342.398598
1666195200,15.62,15.62,15.44,15.59,19911.1915
1666209600,15.58,15.64,15.01,15.07,74806.22314
1666224000,15.05,15.19,14.86,15.16,34235.056397
1666238400,15.14,15.41,15.13,15.25,43403.799225
1666252800,15.24,15.34,15.14,15.31,15865.435165
1666267200,15.31,15.4,15.16,15.28,33633.632309
1666281600,15.27,15.47,15.06,15.34,85761.105579
1666296000,15.34,15.38,15.13,15.15,18106.736093
1666310400,15.14,15.15,14.78,15.1,46117.932213
1666324800,15.09,15.14,14.94,15.0,56580.668448
1666339200,14.99,14.99,14.7,14.77,22389.773098
1666353600,14.76,15.32,14.57,15.32,46011.8326
1666368000,15.32,15.61,15.24,15.52,23191.641368
1666382400,15.52,15.75,15.43,15.7,18670.631415
1666396800,15.7,15.88,15.57,15.66,20844.356196
1666411200,15.66,15.69,15.51,15.66,10467.418054
1666425600,15.65,15.86,15.65,15.81,11899.783198
1666440000,15.81,15.93,15.66,15.7,23749.435764
1666454400,15.69,15.73,15.56,15.67,8393.254001
1666468800,15.67,15.78,15.64,15.69,7473.815428
1666483200,15.69,15.89,15.61,15.78,15160.390627
1666497600,15.78,15.85,15.68,15.8,44622.948814
1666512000,15.8,15.87,15.62,15.68,15141.562123
1666526400,15.68,15.79,15.6,15.65,5861.471513
1666540800,15.65,16.08,15.62,16.04,30336.8561
1666555200,16.03,16.42,15.97,16.32,33737.233989
1666569600,16.32,16.48,16.06,16.09,21251.489728
1666584000,16.08,16.14,15.86,15.95,16311.539569
1666598400,15.95,16.1,15.88,16.08,10564.306102
1666612800,16.07,16.09,15.64,15.82,30362.860394
1666627200,15.81,15.86,15.65,15.77,8248.558763
1666641600,15.77,15.85,15.69,15.76,3820.210569
1666656000,15.75,15.89,15.59,15.85,28074.51633
1666670400,15.85,15.89,15.73,15.77,39158.231144
1666684800,15.77,15.78,15.59,15.7,11769.147235
1666699200,15.69,16.45,15.62,16.34,52895.013543
1666713600,16.34,17.06,16.34,16.83,125198.322538
1666728000,16.83,16.87,16.4,16.63,54488.716639
1666742400,16.63,17.05,16.63,16.96,44573.700031
1666756800,16.95,17.23,16.94,17.1,35964.880575
1666771200,17.1,17.36,16.98,17.06,62229.995233
1666785600,17.07,17.33,16.84,17.14,57816.66364
1666800000,17.15,17.24,16.88,16.99,37186.233939
1666814400,17.0,17.16,16.92,17.0,33024.346608
1666828800,16.99,17.2,16.87,17.1,36679.063464
1666843200,17.12,17.51,17.03,17.2,36491.100621
1666857600,17.19,17.24,16.91,17.01,36074.485739
1666872000,17.0,17.38,16.82,17.23,85601.067155
1666886400,17.22,17.43,17.17,17.35,21138.424263
1666900800,17.35,17.37,16.85,16.89,68494.003969
1666915200,16.89,17.12,16.73,17.03,52257.880138
1666929600,17.02,17.18,16.94,17.17,40694.255762
1666944000,17.18,17.46,17.1,17.27,53054.515356
1666958400,17.26,17.78,17.12,17.59,121273.456679
1666972800,17.61,18.26,17.58,18.18,83869.653227
1666987200,18.18,18.41,18.13,18.33,60244.30618
1667001600,18.33,18.8,18.27,18.75,43355.252932
1667016000,18.75,18.78,18.34,18.49,35595.35466
1667030400,18.48,18.9,18.31,18.39,58830.534159
1667044800,18.38,18.7,18.33,18.52,43488.269078
1667059200,18.51,18.83,18.35,18.45,60673.744465
1667073600,18.44,18.53,18.16,18.29,25638.028623
1667088000,18.28,18.44,18.17,18.41,12647.39256
1667102400,18.4,18.83,18.32,18.79,54866.915533
1667116800,18.79,18.8,18.29,18.51,83883.10237
1667131200,18.5,18.52,17.99,18.09,41954.285439
1667145600,18.08,18.29,18.0,18.21,23393.928685
1667160000,18.21,18.36,17.92,18.24,33828.333466
1667174400,18.25,18.74,18.18,18.73,50326.266392
1667188800,18.73,18.94,18.47,18.7,51972.029681
1667203200,18.7,19.53,18.44,19.36,113444.048952
1667217600,19.37,19.82,18.98,19.16,149220.403259
1667232000,19.16,19.29,18.83,18.87,41816.611647
1667246400,18.87,19.46,18.82,19.29,51066.835446
1667260800,19.29,19.49,19.11,19.11,40909.588989
1667275200,19.11,19.47,18.96,19.36,35234.119742
1667289600,19.36,19.52,19.04,19.11,38193.348237
1667304000,19.1,19.22,18.71,18.83,48074.231328
1667318400,18.82,18.9,18.59,18.63,28427.403687
1667332800,18.62,18.73,18.59,18.63,23864.112736
1667347200,18.63,18.64,18.23,18.39,43568.387006
1667361600,18.39,18.4,17.95,18.11,25906.945113
1667376000,18.1,18.24,17.65,17.87,40868.262196
1667390400,17.86,18.21,17.74,18.07,46149.974387
1667404800,18.06,18.78,17.7,17.86,203089.260012
1667419200,17.86,17.97,17.41,17.92,62724.736624
1667433600,17.91,18.77,17.82,18.7,43147.126723
1667448000,18.68,18.86,18.49,18.55,24555.131733
1667462400,18.55,18.87,18.16,18.27,45566.303131
1667476800,18.28,18.49,18.05,18.29,47060.749658
1667491200,18.28,18.47,18.26,18.35,12180.630465
1667505600,18.35,18.36,17.93,18.04,19937.83916
1667520000,18.04,18.56,17.88,18.55,55376.530763
1667534400,18.54,19.2,18.46,19.17,69993.44419
1667548800,19.18,19.27,18.83,18.85,56501.51013
1667563200,18.86,19.68,18.64,19.05,118273.099953
1667577600,19.05,19.28,18.92,19.28,33991.72408
1667592000,19.26,19.42,19.2,19.39,26869.471396
1667606400,19.39,19.87,19.3,19.66,58631.686464
1667620800,19.66,19.71,19.45,19.63,21642.315475
1667635200,19.64,19.64,19.2,19.45,26731.718955
1667649600,19.44,20.27,19.22,19.96,81472.115741
1667664000,19.96,20.6,19.62,19.86,116646.025051
1667678400,19.86,19.89,19.32,19.61,46608.510022
1667692800,19.6,19.75,19.16,19.44,36968.237175
1667707200,19.43,19.64,19.31,19.52,19635.779742
1667721600,19.51,19.59,19.32,19.43,18074.604474
1667736000,19.43,19.46,19.22,19.25,16893.092366
1667750400,19.24,19.31,18.85,18.98,28894.795048
1667764800,18.97,19.03,18.19,18.23,27619.799537
1667779200,18.23,18.64,18.19,18.54,30123.479996
1667793600,18.53,18.68,17.72,17.77,38024.648015
1667808000,17.76,18.45,17.74,18.34,28161.886072
1667822400,18.34,18.6,17.97,18.59,38006.05326
1667836800,18.6,18.8,18.34,18.76,32458.487523
1667851200,18.77,18.87,17.76,18.08,45340.955688
1667865600,18.08,18.16,17.18,17.26,69510.452795
1667880000,17.25,17.43,16.13,16.84,225500.679289
1667894400,16.83,16.95,16.47,16.56,60412.721541
1667908800,16.56,16.96,16.24,16.67,84115.803461
1667923200,16.67,17.95,14.77,15.83,506235.057405
1667937600,15.82,16.23,15.25,16.02,140518.005104
1667952000,16.02,16.16,15.02,15.46,90599.785296
1667966400,15.46,15.89,15.13,15.4,105034.614401
1667980800,15.39,15.45,14.24,14.82,158453.353476
1667995200,14.82,14.93,13.75,13.88,214361.08328
1668009600,13.87,14.17,12.69,13.1,203856.183713
1668024000,13.09,13.3,12.0,12.9,188417.508453
1668038400,12.9,13.78,12.66,13.5,63220.72086
1668052800,13.5,14.69,13.39,14.38,94447.995315
1668067200,14.37,14.46,13.85,14.18,63886.10828
1668081600,14.18,15.99,14.15,15.58,159494.138964
1668096000,15.57,15.93,15.04,15.49,50601.714461
1668110400,15.48,15.72,15.24,15.42,27182.964414
1668124800,15.41,15.46,14.68,14.86,35072.748615
1668139200,14.86,15.1,14.59,14.96,24647.880332
1668153600,14.95,15.1,14.77,14.89,26517.431423
1668168000,14.88,15.13,13.76,14.13,61749.361511
1668182400,14.13,14.17,13.6,13.91,47967.902812
1668196800,13.92,14.17,13.67,14.13,17461.046962
1668211200,14.14,14.15,13.46,13.6,16540.02943
1668225600,13.61,13.68,12.88,13.43,29709.538106
1668240000,13.42,13.54,13.19,13.35,15531.607201
1668254400,13.35,13.46,13.15,13.41,15827.609162
1668268800,13.41,13.45,13.29,13.35,5624.375404
1668283200,13.34,13.35,12.98,13.1,11577.618623
1668297600,13.09,13.37,13.02,13.31,10023.667093
1668312000,13.31,13.36,12.8,12.99,26892.61949
1668326400,12.99,13.08,12.66,13.0,59305.863847
1668340800,13.01,13.35,12.93,13.17,31402.611492
1668355200,13.16,13.28,12.94,13.04,51439.960625
1668369600,13.03,13.24,12.73,13.02,38301.471213
1668384000,13.02,13.12,12.2,12.33,40647.977212
1668398400,12.33,13.32,12.06,13.15,38049.245682
1668412800,13.15,13.56,13.14,13.34,42483.098338
1668427200,13.34,13.61,12.96,13.14,40849.017427
1668441600,13.14,13.19,12.82,12.87,26119.004478
1668456000,12.87,13.18,12.84,13.14,16792.660474
1668470400,13.13,13.4,13.01,13.3,23094.130892
1668484800,13.3,13.34,13.08,13.31,8917.852393
1668499200,13.32,13.49,13.26,13.38,21433.126333
1668513600,13.38,13.71,13.35,13.57,35907.744032
1668528000,13.55,14.0,13.33,13.63,33664.865323
1668542400,13.63,13.65,13.43,13.52,15359.41262
1668556800,13.53,13.71,13.4,13.71,17030.984452
1668571200,13.71,13.73,13.44,13.44,18187.373886
1668585600,13.44,13.45,13.17,13.19,18757.942938
1668600000,13.18,13.29,12.89,12.98,30323.366554
1668614400,12.97,13.15,12.83,13.06,14327.279189
1668628800,13.05,13.12,12.98,13.06,11670.869944
1668643200,13.06,13.25,13.04,13.14,38904.761587
1668657600,13.13,13.35,12.93,13.17,24719.062992
1668672000,13.17,13.24,12.97,13.06,21536.329348
1668686400,13.06,13.08,12.65,12.83,27699.801167
1668700800,12.82,13.08,12.79,12.99,11112.065009
1668715200,13.0,13.05,12.86,12.88,11126.147943
1668729600,12.87,13.29,12.87,13.25,15333.731862
1668744000,13.26,13.28,13.13,13.15,40548.293099
1668758400,13.15,13.21,13.03,13.18,14240.438048
1668772800,13.16,13.22,13.05,13.16,16324.188065
1668787200,13.14,13.2,12.89,12.95,14551.794975
1668801600,12.95,13.01,12.91,13.0,8041.178198
1668816000,13.0,13.0,12.73,12.84,15958.367617
1668830400,12.85,12.85,12.51,12.71,15734.843746
1668844800,12.7,12.79,12.63,12.78,6665.935533
1668859200,12.79,12.89,12.71,12.84,8235.854866
1668873600,12.84,12.92,12.78,12.82,6367.228521
1668888000,12.82,12.97,12.81,12.9,9641.417996
1668902400,12.9,13.05,12.86,12.97,8598.232944
1668916800,12.97,13.13,12.97,13.03,6706.20029
1668931200,13.03,13.04,12.56,12.62,22991.225332
1668945600,12.61,12.81,12.53,12.74,12727.295545
1668960000,12.74,12.74,12.45,12.56,12197.348336
1668974400,12.56,12.58,12.06,12.19,16683.388054
1668988800,12.19,12.2,11.72,11.87,30777.548346
1669003200,11.87,12.11,11.83,11.9,20633.684552
1669017600,11.9,12.0,11.79,11.86,22391.27353
1669032000,11.87,12.09,11.83,12.04,15973.804238
1669046400,12.02,12.06,11.57,11.73,25861.988773
1669060800,11.72,12.02,11.67,11.81,27603.396722
1669075200,11.82,12.05,11.77,11.88,15944.183642
1669089600,11.89,11.9,11.49,11.64,24188.672222
1669104000,11.62,11.64,11.4,11.52,17261.338899
1669118400,11.53,12.38,11.49,12.32,37943.801556
1669132800,12.32,12.36,12.12,12.22,11865.102978
1669147200,12.22,12.37,12.19,12.36,9203.17039
1669161600,12.36,12.82,12.35,12.76,27019.346244
1669176000,12.78,12.84,12.65,12.74,25031.669319
1669190400,12.74,12.89,12.68,12.8,11938.95525
1669204800,12.82,12.82,12.49,12.55,12212.214306
1669219200,12.55,12.81,12.43,12.73,21523.105613
1669233600,12.72,13.08,12.67,13.07,16661.169848
1669248000,13.07,13.37,12.95,13.36,20711.3012
1669262400,13.36,13.39,13.12,13.12,17666.877719
1669276800,13.13,13.14,12.87,12.9,13634.804224
1669291200,12.91,12.96,12.76,12.87,18557.552119
1669305600,12.87,12.96,12.8,12.88,12291.39088
1669320000,12.86,12.96,12.86,12.96,6653.08317
1669334400,12.95,12.95,12.57,12.63,16112.013868
1669348800,12.63,12.73,12.53,12.72,11158.137113
1669363200,12.72,12.84,12.62,12.81,6331.333168
1669377600,12.81,13.04,12.75,12.85,11679.293927
1669392000,12.84,12.95,12.73,12.9,6605.664675
1669406400,12.9,12.98,12.81,12.82,4456.6659
1669420800,12.82,13.25,12.82,13.01,12530.467007
1669435200,13.02,13.03,12.88,12.94,10930.187036
1669449600,12.94,13.11,12.93,13.07,10781.122693
1669464000,13.07,13.18,12.92,12.99,13253.891191
1669478400,12.99,13.04,12.7,12.77,10595.638557
1669492800,12.78,12.81,12.63,12.77,7516.485188
1669507200,12.77,12.94,12.7,12.91,6849.03213
1669521600,12.91,13.01,12.89,12.92,9151.310503
1669536000,12.93,13.03,12.9,12.98,7537.957404
1669550400,12.99,13.22,12.98,13.19,14927.489598
1669564800,13.19,13.26,13.09,13.2,8096.767128
1669579200,13.19,13.24,12.84,12.87,12028.017213
1669593600,12.86,12.98,12.0,12.25,53954.456493
1669608000,12.24,12.39,12.18,12.38,27078.00979
1669622400,12.37,12.4,12.25,12.3,19652.780247
1669636800,12.29,12.49,12.21,12.26,20343.200558
1669651200,12.25,12.62,12.12,12.4,21633.23639
1669665600,12.39,12.52,12.38,12.47,6241.164585
1669680000,12.46,12.49,12.29,12.35,30520.213931
1669694400,12.36,12.57,12.36,12.5,19517.941615
1669708800,12.5,12.72,12.5,12.62,12296.567752
1669723200,12.62,12.64,12.42,12.49,15697.910538
1669737600,12.49,12.49,12.36,12.42,10529.203184
1669752000,12.43,12.56,12.42,12.48,12286.336816
1669766400,12.48,13.12,12.48,12.68,47873.370147
1669780800,12.7,13.06,12.7,13.03,14555.275276
1669795200,13.03,13.16,12.85,12.97,15644.935541
1669809600,12.97,12.97,12.77,12.84,15427.799635
1669824000,12.85,13.05,12.53,12.93,32972.884493
1669838400,12.95,13.2,12.92,13.15,14503.510835
1669852800,13.14,13.31,13.04,13.13,14473.831709
1669867200,13.13,13.2,13.0,13.02,23246.266858
1669881600,13.02,13.1,12.99,13.09,8946.49037
1669896000,13.09,13.16,12.86,13.08,31776.516135
1669910400,13.08,13.08,12.91,12.95,11136.682366
1669924800,12.94,12.97,12.8,12.91,14047.923362
1669939200,12.91,13.08,12.79,12.94,18706.638141
1669953600,12.95,13.09,12.83,13.06,16510.645302
1669968000,13.06,13.23,13.05,13.16,11830.736588
1669982400,13.16,13.25,12.93,13.14,29785.549371
1669996800,13.14,13.41,13.06,13.4,15209.986716
1670011200,13.39,13.67,13.34,13.58,30273.871735
1670025600,13.58,13.73,13.47,13.48,21067.196923
1670040000,13.47,13.52,13.3,13.33,11442.950026
1670054400,13.35,13.56,13.3,13.5,12788.239965
1670068800,13.5,13.65,13.5,13.59,22321.466198
1670083200,13.6,13.9,13.57,13.85,17689.978088
1670097600,13.84,13.84,13.4,13.41,16386.079095
1670112000,13.41,13.79,13.41,13.64,12284.375123
1670126400,13.65,13.81,13.59,13.72,14611.102384
1670140800,13.74,13.78,13.58,13.6,8405.898595
1670155200,13.6,13.76,13.6,13.71,13191.635775
1670169600,13.71,13.74,13.58,13.69,11145.916532
1670184000,13.69,13.95,13.69,13.93,10025.777121
1670198400,13.93,14.18,13.85,14.13,22039.56215
1670212800,14.13,14.32,14.1,14.18,24675.117778
1670227200,14.18,14.34,14.12,14.16,15049.913766
1670241600,14.15,14.15,13.72,13.82,22955.21835
1670256000,13.82,13.86,13.41,13.54,23628.965964
1670270400,13.53,13.62,13.5,13.6,8457.560013
1670284800,13.6,13.67,13.54,13.6,11241.244582
1670299200,13.6,13.65,13.5,13.65,7378.371126
1670313600,13.65,13.68,13.45,13.58,20480.126381
1670328000,13.59,13.64,13.48,13.59,11917.181807
1670342400,13.6,13.62,13.46,13.52,10048.608258
1670356800,13.52,13.69,13.48,13.67,5528.899726
1670371200,13.68,13.69,13.53,13.56,11891.471408
1670385600,13.56,13.59,13.01,13.05,27004.246249
1670400000,13.06,13.26,13.0,13.19,40168.214069
1670414400,13.18,13.3,13.17,13.23,12418.579325
1670428800,13.23,13.25,13.15,13.21,14676.103106
1670443200,13.2,13.3,13.12,13.27,7800.86959
1670457600,13.27,13.33,13.22,13.27,8890.835205
1670472000,13.28,13.3,13.17,13.26,11175.385301
1670486400,13.27,13.27,13.06,13.18,18766.521781
1670500800,13.19,13.27,13.15,13.26,8039.341518
1670515200,13.26,13.51,13.24,13.49,21250.211731
1670529600,13.49,13.53,13.37,13.41,9095.662659
1670544000,13.42,13.52,13.4,13.42,4778.115395
1670558400,13.42,13.53,13.4,13.49,7084.966139
1670572800,13.5,13.59,13.45,13.55,9652.88187
1670587200,13.54,13.62,13.36,13.54,17164.345705
1670601600,13.53,13.55,13.4,13.43,3708.898233
1670616000,13.43,13.47,13.36,13.47,7394.931029
1670630400,13.46,13.46,13.33,13.39,4152.013187
1670644800,13.39,13.46,13.37,13.43,1980.303862
1670659200,13.43,13.44,13.35,13.41,2439.889033
1670673600,13.42,13.5,13.38,13.5,3118.640007
1670688000,13.5,13.63,13.46,13.54,15696.148694
1670702400,13.54,13.56,13.45,13.49,4443.104666
1670716800,13.49,13.5,13.45,13.45,3593.379046
1670731200,13.46,13.46,13.41,13.42,4595.690748
1670745600,13.43,13.43,13.37,13.43,4030.245622
1670760000,13.43,13.45,13.41,13.44,2223.713022
1670774400,13.44,13.5,13.41,13.43,10278.313446
1670788800,13.42,13.42,12.93,12.98,20694.278073
1670803200,12.98,13.0,12.53,12.7,39589.221389
1670817600,12.71,12.78,12.7,12.73,11805.191999
1670832000,12.74,12.87,12.7,12.85,4990.133914
1670846400,12.85,12.85,12.69,12.77,9119.671515
1670860800,12.77,12.84,12.71,12.84,7227.858733
1670875200,12.85,13.06,12.83,13.0,12323.954454
1670889600,13.0,13.04,12.83,12.85,8419.083081
1670904000,12.85,12.95,12.56,12.71,11802.656586
1670918400,12.72,13.18,12.68,13.17,24421.433362
1670932800,13.17,14.38,13.02,13.83,238445.743727
1670947200,13.83,13.88,13.49,13.52,26440.299382
1670961600,13.52,13.79,13.49,13.77,19684.391044
1670976000,13.77,13.86,13.73,13.77,15001.17349
1670990400,13.77,13.82,13.64,13.7,14891.919234
1671004800,13.71,13.82,13.61,13.76,25471.614912
1671019200,13.77,14.04,13.71,14.02,25798.131602
1671033600,14.04,14.18,13.56,13.65,78211.962298
1671048000,13.64,13.83,13.58,13.71,17975.811183
1671062400,13.71,13.88,13.47,13.81,41346.08721
1671076800,13.82,13.82,13.55,13.56,13223.296172
1671091200,13.57,13.66,13.45,13.63,14687.710039
1671105600,13.62,13.62,13.43,13.48,15092.349083
1671120000,13.48,13.49,13.17,13.3,14524.314979
1671134400,13.31,13.31,13.08,13.18,21130.531479
1671148800,13.17,13.28,13.07,13.23,9925.88558
1671163200,13.24,13.28,13.13,13.26,8289.004093
1671177600,13.26,13.27,12.57,12.7,46566.754459
1671192000,12.7,12.74,12.43,12.54,29210.743027
1671206400,12.54,12.57,12.34,12.56,25830.175803
1671220800,12.56,12.62,11.58,11.83,48663.157688
1671235200,11.83,11.92,11.53,11.78,28670.823332
1671249600,11.78,11.97,11.72,11.97,14935.955899
1671264000,11.98,11.99,11.85,11.9,10151.419851
1671278400,11.89,11.92,11.8,11.91,13545.260417
1671292800,11.91,11.91,11.78,11.81,13479.339421
1671307200,11.81,11.98,11.79,11.96,18263.96982
1671321600,11.96,11.98,11.87,11.93,5727.425842
1671336000,11.97,12.02,11.89,11.93,2324.241364
1671350400,11.93,11.93,11.93,11.93,6.896205
1671364800,11.93,11.93,11.93,11.93,0.0
1671379200,11.91,11.95,11.86,11.93,4986.700378
1671393600,11.93,12.03,11.86,11.94,13977.014364
1671408000,11.94,12.11,11.67,11.81,17455.376234
1671422400,11.81,11.9,11.79,11.84,5591.70938
1671436800,11.84,12.07,11.84,11.97,15191.31744
1671451200,11.97,12.02,11.87,11.9,6657.815539
1671465600,11.89,11.93,11.59,11.7,11450.841637
1671480000,11.69,11.72,11.14,11.4,17683.494379
1671494400,11.39,11.79,11.32,11.73,27222.789645
1671508800,11.73,12.0,11.71,11.94,12054.628763
1671523200,11.94,12.02,11.9,11.95,9221.222902
1671537600,11.97,12.05,11.79,11.94,14482.221312
1671552000,11.94,11.95,11.82,11.93,14893.606925
1671566400,11.92,11.99,11.88,11.95,4221.111978
1671580800,11.95,11.99,11.75,11.79,6854.078544
1671595200,11.78,11.82,11.68,11.8,4558.022091
1671609600,11.81,11.89,11.74,11.88,7851.280629
1671624000,11.88,11.89,11.76,11.86,7749.200345
1671638400,11.86,11.88,11.7,11.71,13659.629556
1671652800,11.72,11.72,11.63,11.7,21562.200063
1671667200,11.7,11.79,11.67,11.72,7577.397933
1671681600,11.73,11.73,11.62,11.67,6662.669543
1671696000,11.68,11.76,11.64,11.72,6759.471317
1671710400,11.71,11.75,11.45,11.49,10891.83402
1671724800,11.49,11.63,11.47,11.63,6089.469986
1671739200,11.62,11.86,11.62,11.85,12431.665769
1671753600,11.85,11.88,11.76,11.85,6888.970851
1671768000,11.86,11.89,11.79,11.79,4484.487474
1671782400,11.81,11.86,11.75,11.81,4847.591892
1671796800,11.83,11.86,11.66,11.81,16090.386869
1671811200,11.8,11.84,11.75,11.78,6843.253055
1671825600,11.78,11.81,11.73,11.79,5589.503771
1671840000,11.78,11.83,11.76,11.82,3260.246806
1671854400,11.82,11.84,11.7,11.71,8437.31037
1671868800,11.72,11.72,11.66,11.7,4633.311374
1671883200,11.69,11.71,11.67,11.7,3553.569492
1671897600,11.69,11.71,11.65,11.69,3070.670334
1671912000,11.69,11.7,11.64,11.68,3572.432712
1671926400,11.67,11.73,11.66,11.66,7512.952192
1671940800,11.67,11.67,11.61,11.62,2082.076316
1671955200,11.63,11.63,11.54,11.59,2957.226568
1671969600,11.58,11.65,11.5,11.55,7349.798302
1671984000,11.55,11.62,11.52,11.61,6293.047472
1671998400,11.61,11.73,11.57,11.68,6760.735053
1672012800,11.68,11.77,11.61,11.76,12117.658689
1672027200,11.76,11.77,11.68,11.69,8831.261763
1672041600,11.69,11.75,11.66,11.72,5840.318356
1672056000,11.73,11.75,11.58,11.62,6369.587353
1672070400,11.62,11.64,11.56,11.63,9138.271322
1672084800,11.63,11.74,11.57,11.71,3705.941378
1672099200,11.71,11.76,11.66,11.71,7109.141409
1672113600,11.72,11.72,11.67,11.7,6737.809386
1672128000,11.7,11.8,11.67,11.73,7676.07525
1672142400,11.73,11.79,11.62,11.71,9861.121571
1672156800,11.71,11.73,11.53,11.62,7100.536242
1672171200,11.63,11.67,11.59,11.65,8977.45676
1672185600,11.66,11.68,11.35,11.45,13758.237189
1672200000,11.44,11.44,11.12,11.3,18638.39131
1672214400,11.31,11.41,11.26,11.35,12702.254919
1672228800,11.36,11.49,11.27,11.29,12877.11892
1672243200,11.28,11.37,11.27,11.29,5245.272762
1672257600,11.3,11.31,11.08,11.2,15701.510591
1672272000,11.21,11.21,10.97,11.18,12158.755691
1672286400,11.19,11.22,11.15,11.19,3575.565177
1672300800,11.2,11.21,11.06,11.15,9103.918969
1672315200,11.15,11.21,11.11,11.12,7805.912885
1672329600,11.12,11.18,10.98,11.02,8367.693072
1672344000,11.01,11.03,10.61,10.98,31419.266299
1672358400,10.97,10.99,10.8,10.87,14148.100758
1672372800,10.87,10.95,10.69,10.76,19934.904522
1672387200,10.76,10.81,10.67,10.72,12268.670794
1672401600,10.72,10.81,10.56,10.77,25303.661313
1672416000,10.77,10.89,10.74,10.85,11443.647422
1672430400,10.85,10.96,10.81,10.88,18787.77439
1672444800,10.87,10.91,10.84,10.86,2998.004474
1672459200,10.87,10.98,10.87,10.92,5891.064849
1672473600,10.93,10.99,10.92,10.94,6967.312972
1672488000,10.94,11.07,10.93,10.98,7682.357366
1672502400,10.98,11.01,10.94,10.99,4176.963545
1672516800,10.98,11.0,10.84,10.9,7649.847049
1672531200,10.9,10.9,10.8,10.82,5955.843703
1672545600,10.82,10.82,10.68,10.72,10457.708056
1672560000,10.73,10.76,10.65,10.75,5477.673135
1672574400,10.75,10.78,10.72,10.76,5531.217384
1672588800,10.77,10.9,10.74,10.89,6397.801153
1672603200,10.9,10.94,10.85,10.87,13247.078738
1672617600,10.88,10.98,10.71,10.85,162717.057408
1672632000,10.84,11.28,10.81,11.12,216338.916917
1672646400,11.13,11.19,11.1,11.15,19573.48441
1672660800,11.16,11.22,11.11,11.18,9238.076678
1672675200,11.18,11.21,11.14,11.2,8221.674133
1672689600,11.2,11.28,11.08,11.16,8904.272102
1672704000,11.16,11.31,11.05,11.14,309267.483919
1672718400,11.16,11.36,11.14,11.28,19902.213461
1672732800,11.28,11.36,11.17,11.29,16180.172725
1672747200,11.28,11.44,11.25,11.41,26824.125225
1672761600,11.41,11.56,11.27,11.31,22646.838205
1672776000,11.3,11.39,11.29,11.39,3540.463707
1672790400,11.38,11.86,11.35,11.84,24275.47757
1672804800,11.85,11.97,11.73,11.9,20189.622614
1672819200,11.9,11.99,11.7,11.77,19739.606557
1672833600,11.77,12.13,11.76,12.12,34926.456962
1672848000,12.12,12.29,11.96,12.13,32354.901434
1672862400,12.14,12.14,11.94,12.08,16172.858931
1672876800,12.09,12.14,11.97,12.1,13867.976325
1672891200,12.11,12.17,11.96,11.99,15801.554691
1672905600,12.0,12.02,11.81,11.9,22189.593645
1672920000,11.89,11.91,11.74,11.77,16103.308436
1672934400,11.77,11.85,11.71,11.85,8016.066447
1672948800,11.83,11.86,11.67,11.74,11193.063422
1672963200,11.75,11.82,11.69,11.69,16249.123595
1672977600,11.69,11.7,11.49,11.53,14756.587892
1672992000,11.55,11.59,11.39,11.45,16372.653524
1673006400,11.45,11.61,11.36,11.6,31196.142514
1673020800,11.6,11.76,11.54,11.75,17317.864417
1673035200,11.75,11.83,11.64,11.79,20221.083508
1673049600,11.8,11.87,11.75,11.82,20476.10757
1673064000,11.82,11.85,11.75,11.82,13918.678158
1673078400,11.84,11.84,11.7,11.72,18548.424715
1673092800,11.71,11.75,11.69,11.72,10725.420555
1673107200,11.72,11.77,11.65,11.77,8377.291649
1673121600,11.77,11.77,11.68,11.75,8422.655865
1673136000,11.75,11.77,11.58,11.67,18100.866577
1673150400,11.68,11.73,11.66,11.73,6555.743015
1673164800,11.73,11.86,11.73,11.81,15631.766681
1673179200,11.81,11.97,11.78,11.95,12075.331154
1673193600,11.95,11.96,11.8,11.88,12563.71084
1673208000,11.88,12.16,11.88,12.09,33037.10666
1673222400,12.09,12.62,12.07,12.51,94600.862561
1673236800,12.52,12.57,12.41,12.46,71687.16233
1673251200,12.45,12.58,12.29,12.41,53756.201639
1673265600,12.41,12.65,12.29,12.55,41578.902691
1673280000,12.56,12.65,12.32,12.32,88770.210685
1673294400,12.32,12.35,12.09,12.19,62215.225693
1673308800,12.19,12.41,12.02,12.3,34124.332738
1673323200,12.31,12.4,12.26,12.32,26922.34294
1673337600,12.33,12.56,12.29,12.45,39256.009716
1673352000,12.45,12.96,12.33,12.7,116590.196019
1673366400,12.71,12.82,12.57,12.78,34807.157486
1673380800,12.8,12.81,12.64,12.72,24251.983429
1673395200,12.73,12.77,12.39,12.45,32087.116252
1673409600,12.44,12.54,12.38,12.54,23250.165928
1673424000,12.54,12.55,12.42,12.48,15534.403556
1673438400,12.47,12.58,12.26,12.46,38376.540768
1673452800,12.46,15.0,12.38,14.58,376577.237005
1673467200,14.58,16.04,14.32,15.87,344543.507682
1673481600,15.87,16.55,15.58,15.94,326869.60479
1673496000,15.95,16.15,15.23,15.36,161261.8127
1673510400,15.35,15.54,15.05,15.22,88161.194883
1673524800,15.21,15.73,14.66,14.97,240015.353582
1673539200,14.97,15.73,14.87,15.31,154693.322508
1673553600,15.34,15.51,15.19,15.46,77738.483961
1673568000,15.45,15.47,14.96,15.43,82400.399627
1673582400,15.42,15.65,15.22,15.55,59835.22455
1673596800,15.55,16.38,15.46,15.61,118923.411694
1673611200,15.61,15.78,15.34,15.66,69334.718297
1673625600,15.65,15.69,15.37,15.64,54724.990132
1673640000,15.64,16.65,15.62,15.97,151557.99002
1673654400,15.96,17.2,15.89,16.84,319106.799391
1673668800,16.83,18.01,16.5,17.53,227968.446743
1673683200,17.51,18.55,15.79,16.99,284183.084387
1673697600,16.99,17.39,16.62,16.99,126080.598004
1673712000,17.02,17.1,16.62,16.72,78512.704806
1673726400,16.72,17.06,16.63,16.94,65037.761814
1673740800,16.95,17.04,16.18,16.51,134664.239527
1673755200,16.51,16.61,16.11,16.35,58427.864661
1673769600,16.35,16.46,16.01,16.4,110395.509419
1673784000,16.4,17.08,16.27,17.01,102971.022083
1673798400,17.0,17.08,16.47,16.79,153022.457043
1673812800,16.81,16.94,16.67,16.8,47298.353621
1673827200,16.79,17.35,16.54,16.82,103110.126354
1673841600,16.82,17.21,16.77,16.95,67740.537047
1673856000,16.97,16.97,16.06,16.51,174453.661542
1673870400,16.5,16.62,16.05,16.55,80598.094632
1673884800,16.55,16.92,16.45,16.8,44577.914887
1673899200,16.81,16.92,16.61,16.75,33353.61108
1673913600,16.75,17.46,16.53,16.89,114335.642776
1673928000,16.89,17.04,16.76,16.86,28339.164664
1673942400,16.87,17.03,16.78,16.91,21283.299014
1673956800,16.91,18.21,16.69,17.75,165442.516986
1673971200,17.75,17.75,17.32,17.61,59119.762838
1673985600,17.61,17.68,17.0,17.13,40482.433248
1674000000,17.12,17.37,16.95,17.24,40072.339832
1674014400,17.25,17.4,17.09,17.17,30089.565813
1674028800,17.18,17.19,16.77,16.84,42572.595197
1674043200,16.85,17.32,15.81,16.33,116424.560989
1674057600,16.32,16.65,15.44,16.35,187493.093351
1674072000,16.36,16.4,15.69,15.85,53464.561717
1674086400,15.82,15.94,15.7,15.85,36233.478546
1674100800,15.86,16.11,15.86,15.9,19949.139225
1674115200,15.9,16.29,15.87,15.94,44081.913969
1674129600,15.94,16.13,15.71,15.94,34111.167018
1674144000,15.94,16.2,15.78,16.15,46465.470323
1674158400,16.16,16.28,16.06,16.19,24308.616236
1674172800,16.18,16.29,16.03,16.15,30759.983636
1674187200,16.14,16.24,15.88,15.96,14631.872559
1674201600,15.96,16.03,15.86,15.98,27069.230883
1674216000,15.96,16.27,15.96,16.18,29600.89824
1674230400,16.19,16.76,16.17,16.72,50761.050839
1674244800,16.75,17.56,16.68,17.48,138665.076794
1674259200,17.49,17.6,17.09,17.33,72261.412614
1674273600,17.33,17.46,17.2,17.37,35751.610646
1674288000,17.37,17.75,16.85,17.2,189188.887916
1674302400,17.21,17.5,17.1,17.26,86054.287865
1674316800,17.28,17.51,17.21,17.41,88777.921563
1674331200,17.42,17.42,16.83,16.89,54068.248277
1674345600,16.89,17.09,16.8,16.93,25598.374295
1674360000,16.95,17.21,16.93,17.13,21713.682785
1674374400,17.13,17.56,17.07,17.38,45837.848602
1674388800,17.41,18.46,17.21,18.12,144912.818342
1674403200,18.12,18.36,17.72,17.84,132629.335005
1674417600,17.85,17.85,17.02,17.34,150546.799536
1674432000,17.33,18.07,17.31,17.95,84600.601405
1674446400,17.95,18.08,17.59,17.66,68673.04936
1674460800,17.67,17.98,17.55,17.89,56047.181763
1674475200,17.89,17.9,17.22,17.5,102959.236375
1674489600,17.51,17.9,17.42,17.67,68934.761895
1674504000,17.66,18.33,17.65,17.98,45546.346705
1674518400,17.98,18.96,17.75,18.69,161309.641882
1674532800,18.71,18.71,18.47,18.54,62612.620675
1674547200,18.57,18.61,18.11,18.19,61602.573931
1674561600,18.2,18.28,17.84,18.24,64885.9175
1674576000,18.25,18.27,17.8,18.07,56236.86723
1674590400,18.06,18.09,16.75,17.0,107330.800451
1674604800,16.99,17.06,16.53,16.97,105520.380571
1674619200,16.99,17.36,16.95,17.3,28717.569801
1674633600,17.3,17.51,17.13,17.25,36976.923653
1674648000,17.24,17.74,17.07,17.34,74889.828826
1674662400,17.34,17.55,17.21,17.53,38904.001405
1674676800,17.56,18.26,17.48,17.79,103168.488655
1674691200,17.8,18.06,17.79,18.0,49509.354748
1674705600,18.01,18.45,17.94,18.08,75926.299315
1674720000,18.08,18.24,17.78,17.95,51293.035834
1674734400,17.94,18.79,17.8,18.06,220348.55509
1674748800,18.05,18.24,17.86,18.02,93717.585939
1674763200,18.02,18.32,17.93,18.08,41859.167034
1674777600,18.09,18.23,17.46,17.82,93518.018859
1674792000,17.83,18.18,17.8,18.17,28415.151612
1674806400,18.18,18.19,17.93,17.99,28275.580527
1674820800,17.98,18.18,17.7,18.06,56717.005295
1674835200,18.05,19.27,18.05,19.21,102646.331343
1674849600,19.22,21.68,19.13,21.2,330575.840847
1674864000,21.2,21.81,20.47,21.02,270905.152541
1674878400,21.03,21.19,20.4,20.55,106105.298136
1674892800,20.56,20.57,20.24,20.45,83848.169016
1674907200,20.45,20.84,20.03,20.55,195280.846
1674921600,20.56,21.1,20.51,20.83,187854.937225
1674936000,20.83,20.86,20.41,20.52,42331.804753
1674950400,20.54,20.87,20.24,20.3,85777.346468
1674964800,20.31,20.68,20.14,20.38,52848.02323
1674979200,20.38,20.73,20.35,20.67,61799.268731
1674993600,20.66,20.86,20.42,20.57,71914.883688
1675008000,20.57,21.13,20.44,20.99,87231.287109
1675022400,20.97,21.16,20.62,20.98,57255.409805
1675036800,20.99,21.09,20.34,20.66,77579.150087
1675051200,20.67,20.84,20.57,20.72,42673.815494
1675065600,20.72,21.3,19.67,19.98,223139.258982
1675080000,19.96,20.59,19.85,20.42,65530.831794
1675094400,20.41,21.26,19.8,20.25,255001.374454
1675108800,20.23,20.36,19.28,19.73,134304.500461
1675123200,19.73,19.75,19.32,19.67,70152.768656
1675137600,19.68,19.82,19.46,19.8,41934.273302
1675152000,19.8,19.83,19.31,19.51,38364.881267
1675166400,19.52,20.09,19.41,19.97,71500.715417
1675180800,19.98,20.14,19.8,20.06,61974.830393
1675195200,20.05,20.18,19.63,19.79,63980.919938
1675209600,19.8,19.93,19.44,19.65,61698.426673
1675224000,19.64,19.7,19.05,19.25,53142.038482
1675238400,19.25,19.27,18.91,19.16,49245.266577
1675252800,19.16,19.3,18.7,18.84,79382.861164
1675267200,18.85,20.09,18.72,19.92,335852.559346
1675281600,19.91,21.05,19.91,20.95,205394.800436
1675296000,20.96,22.45,20.96,22.1,327384.046796
1675310400,22.11,22.32,21.57,21.74,166271.993581
1675324800,21.73,22.31,21.69,21.87,131182.099419
1675339200,21.86,22.77,21.84,22.16,318073.445954
1675353600,22.15,22.33,21.79,21.95,145636.422289
1675368000,21.95,22.43,20.5,21.22,287072.096528
1675382400,21.21,21.36,20.87,21.14,78233.287778
1675396800,21.14,21.34,20.97,21.04,32690.715604
1675411200,21.04,21.34,20.92,21.33,25240.499249
1675425600,21.34,21.93,20.71,21.64,229601.171437
1675440000,21.64,21.77,20.6,21.2,70789.997878
1675454400,21.19,21.44,21.04,21.36,41116.662741
1675468800,21.36,21.48,21.12,21.17,45627.307184
1675483200,21.17,21.24,20.96,21.22,34957.232618
1675497600,21.22,21.34,21.06,21.26,26302.390982
1675512000,21.25,21.68,21.22,21.32,50641.428982
1675526400,21.33,21.36,21.08,21.25,46916.052366
1675540800,21.25,21.36,20.83,21.03,40955.66684
1675555200,21.02,21.14,20.76,20.91,29355.036378
1675569600,20.91,21.06,20.88,20.95,15615.186124
1675584000,20.97,21.06,20.88,20.89,16092.922629
1675598400,20.88,20.95,19.85,20.27,153717.616489
1675612800,20.27,20.33,19.75,19.95,133109.912541
1675627200,19.93,20.21,19.71,20.07,39479.182544
1675641600,20.07,20.24,19.85,19.98,11824.809875
1675656000,19.98,20.07,19.59,20.03,42835.624308
1675670400,20.03,20.09,19.83,20.04,23470.096135
1675684800,20.04,20.36,19.89,20.33,35621.468001
1675699200,20.33,20.43,20.14,20.29,29188.270655
1675713600,20.29,20.29,19.42,19.53,48931.151284
1675728000,19.57,20.03,19.52,19.97,27829.674936
1675742400,19.99,20.11,19.93,19.97,14883.681634
1675756800,19.97,20.26,19.9,20.16,22489.487056
1675771200,20.17,20.23,19.94,20.01,27958.149803
1675785600,20.01,20.48,19.7,20.24,106783.675058
1675800000,20.25,20.98,20.16,20.85,118540.879959
1675814400,20.85,21.02,20.67,20.78,33761.166041
1675828800,20.76,20.83,20.53,20.63,14047.564282
1675843200,20.62,20.65,20.4,20.64,24328.843714
1675857600,20.64,20.8,20.05,20.08,57024.282051
1675872000,20.08,20.2,19.63,19.97,37672.406825
1675886400,19.96,20.14,19.76,20.09,22230.551066
1675900800,20.11,20.24,19.11,19.28,151682.933419
1675915200,19.28,19.78,19.09,19.68,57421.799388
1675929600,19.7,19.85,19.65,19.72,21515.215371
1675944000,19.71,19.97,19.53,19.62,61704.867478
1675958400,19.61,19.65,18.23,18.57,212532.915648
1675972800,18.56,18.6,17.41,17.9,133081.780887
1675987200,17.9,17.97,17.72,17.78,24369.579233
1676001600,17.77,18.18,17.49,18.17,47055.135091
1676016000,18.17,18.23,17.89,17.9,27480.025466
1676030400,17.92,18.17,17.7,17.91,56142.509921
1676044800,17.9,18.16,17.71,18.14,23018.476092
1676059200,18.13,18.14,17.62,17.78,41986.864438
1676073600,17.77,17.87,17.65,17.87,11505.117157
1676088000,17.87,17.88,17.71,17.83,5685.670656
1676102400,17.83,17.83,17.69,17.81,7597.8659
1676116800,17.81,18.09,17.75,17.97,21762.794498
1676131200,17.99,17.99,17.71,17.8,9176.660115
1676145600,17.81,18.1,17.76,18.0,10484.125937
1676160000,18.01,18.04,17.83,17.87,13533.822134
1676174400,17.86,17.99,17.79,17.95,25148.461595
1676188800,17.95,18.28,17.95,18.18,23938.80595
1676203200,18.17,18.24,18.0,18.23,31986.066141
1676217600,18.23,18.49,18.23,18.4,48023.899147
1676232000,18.41,18.47,17.51,17.79,48080.004117
1676246400,17.78,17.85,17.14,17.51,49004.484503
1676260800,17.52,17.79,17.49,17.77,20486.372701
1676275200,17.77,17.78,16.92,17.3,70209.632716
1676289600,17.28,17.76,17.25,17.28,32495.85672
1676304000,17.28,17.51,16.83,17.36,44407.681061
1676318400,17.39,17.68,17.25,17.63,25491.935691
1676332800,17.64,17.7,17.36,17.39,19164.15087
1676347200,17.38,17.56,17.34,17.54,10742.327602
1676361600,17.55,17.7,17.37,17.66,17779.753721
1676376000,17.66,18.29,17.18,18.0,161432.014396
1676390400,18.01,18.13,17.84,18.08,21626.949012
1676404800,18.09,18.19,17.99,18.14,15910.830752
1676419200,18.14,18.17,17.92,18.04,11148.506011
1676433600,18.05,18.1,17.93,17.96,11200.927311
1676448000,17.97,18.37,17.91,18.36,14441.652002
1676462400,18.37,18.66,18.32,18.55,48666.182725
1676476800,18.54,19.2,18.5,19.19,26204.556433
1676491200,19.2,19.95,19.14,19.94,77078.419928
1676505600,19.95,20.39,19.76,20.05,52680.716392
1676520000,20.05,20.1,19.76,19.87,33633.892964
1676534400,19.86,19.94,19.66,19.72,21448.926964
1676548800,19.71,20.06,19.31,20.04,54657.440481
1676563200,20.03,20.32,19.64,19.9,112153.296773
1676577600,19.9,19.92,18.57,18.6,99068.036248
1676592000,18.6,19.04,18.48,19.0,33043.78833
1676606400,19.02,19.18,18.84,18.95,20285.860884
1676620800,18.95,19.17,18.89,19.11,24184.964619
1676635200,19.11,19.34,18.89,19.18,55819.61724
1676649600,19.18,19.51,18.95,19.49,53712.060468
1676664000,19.49,19.65,19.07,19.46,40473.205348
1676678400,19.45,20.09,19.45,19.66,143121.2517
1676692800,19.66,19.83,19.56,19.64,23981.810591
1676707200,19.61,19.69,19.43,19.54,26629.11882
1676721600,19.52,19.79,19.49,19.73,33018.22024
1676736000,19.73,19.78,19.34,19.44,20944.448478
1676750400,19.44,19.63,19.3,19.54,9981.110548
1676764800,19.54,19.67,19.47,19.54,20061.303542
1676779200,19.56,19.76,19.53,19.57,19798.598797
1676793600,19.58,19.84,19.55,19.82,12549.081836
1676808000,19.83,20.38,19.8,20.16,61925.466832
1676822400,20.14,20.41,19.54,19.67,105315.469394
1676836800,19.66,20.02,19.29,19.83,70709.587465
1676851200,19.82,19.95,19.03,19.7,76615.576186
1676865600,19.7,20.73,19.69,20.66,78529.35984
1676880000,20.67,20.95,20.31,20.92,96862.359629
1676894400,20.89,21.38,20.72,21.11,163988.37618
1676908800,21.12,21.12,20.69,20.96,78555.736972
1676923200,20.96,21.09,20.75,20.83,39434.280363
1676937600,20.83,20.97,20.51,20.53,35929.429987
1676952000,20.54,20.84,20.43,20.74,24262.66449
1676966400,20.75,20.95,19.97,20.11,96236.11816
1676980800,20.11,20.61,19.9,20.61,65530.411675
1676995200,20.6,21.66,20.2,21.04,131416.616925
1677009600,21.05,21.29,20.77,20.97,110687.51395
1677024000,20.97,21.56,20.32,21.36,165939.167447
1677038400,21.37,21.38,20.48,20.93,96622.957798
1677052800,20.93,21.21,19.91,20.28,242434.443409
1677067200,20.26,20.46,19.59,19.7,125670.218866
1677081600,19.69,20.23,19.58,20.01,69004.756367
1677096000,20.01,20.38,19.84,20.31,34389.811352
1677110400,20.31,20.68,20.23,20.53,42806.277315
1677124800,20.53,20.71,20.44,20.55,34793.035386
1677139200,20.55,20.73,19.82,19.92,62864.58546
1677153600,19.91,20.28,19.73,19.84,60274.592193
1677168000,19.84,19.88,19.53,19.79,44917.885033
1677182400,19.79,19.85,19.52,19.7,21600.662123
1677196800,19.71,19.83,19.55,19.64,33363.807551
1677211200,19.65,19.72,19.52,19.62,31658.921957
1677225600,19.63,19.65,19.24,19.5,50392.070087
1677240000,19.51,19.61,18.73,18.83,75109.859896
1677254400,18.8,18.82,18.12,18.44,153188.927101
1677268800,18.41,18.57,18.03,18.39,54431.069011
1677283200,18.39,18.4,18.14,18.16,23812.039335
1677297600,18.16,18.59,18.14,18.26,56337.913075
1677312000,18.26,18.35,18.12,18.23,27132.573479
1677326400,18.21,18.26,17.94,18.13,45569.747739
1677340800,18.15,18.23,17.74,17.85,35478.034226
1677355200,17.86,17.98,17.43,17.95,78736.220744
1677369600,17.95,18.09,17.83,18.06,17848.119824
1677384000,18.06,18.08,17.96,18.06,11477.3467
1677398400,18.06,18.21,17.99,18.19,16736.643616
1677412800,18.18,18.21,18.0,18.16,16657.897046
1677427200,18.16,18.48,18.04,18.45,21856.692525
1677441600,18.46,18.56,18.2,18.44,33990.426736
1677456000,18.44,18.45,18.25,18.29,14331.684967
1677470400,18.28,18.3,18.05,18.13,21634.734084
1677484800,18.14,18.18,17.97,18.11,19167.515771
1677499200,18.11,18.64,18.04,18.33,61309.611823
1677513600,18.32,18.39,17.72,17.89,41769.276096
1677528000,17.86,17.97,17.75,17.92,24030.51475
1677542400,17.93,17.94,17.67,17.8,20406.202839
1677556800,17.81,17.82,17.36,17.39,31544.902063
1677571200,17.39,17.58,17.32,17.52,32184.219445
1677585600,17.52,17.68,17.33,17.54,40155.229502
1677600000,17.53,17.63,17.18,17.24,26939.559302
1677614400,17.23,17.3,16.94,17.07,56168.499804
1677628800,17.09,17.52,16.99,17.52,24897.452081
1677643200,17.53,17.73,17.46,17.68,27217.449179
1677657600,17.68,17.83,17.65,17.77,17488.164212
1677672000,17.76,17.82,17.58,17.74,22310.1276
1677686400,17.73,17.73,17.32,17.35,12861.990962
1677700800,17.34,17.78,17.32,17.77,13105.398187
1677715200,17.76,17.85,17.4,17.44,19116.930416
1677729600,17.43,17.52,17.15,17.27,12954.18181
1677744000,17.27,17.4,17.2,17.31,11077.782061
1677758400,17.33,17.34,17.12,17.3,11147.791549
1677772800,17.29,17.43,17.14,17.43,8184.870853
1677787200,17.43,17.5,17.35,17.47,11304.323334
1677801600,17.47,17.49,15.78,16.18,177682.055457
1677816000,16.18,16.4,16.14,16.4,22269.190934
1677830400,16.38,16.53,16.38,16.49,15426.923234
1677844800,16.5,16.63,16.41,16.49,22738.470306
1677859200,16.48,16.6,16.42,16.52,14336.595917
1677873600,16.53,16.69,16.37,16.66,19080.214254
1677888000,16.66,16.89,16.65,16.75,13686.304906
1677902400,16.75,16.81,16.58,16.76,17976.790527
1677916800,16.75,16.83,16.71,16.73,8933.44888
1677931200,16.73,16.76,16.51,16.51,6138.582631
1677945600,16.51,16.61,16.23,16.26,29005.515905
1677960000,16.26,16.3,15.74,16.14,59903.656596
1677974400,16.15,16.51,16.06,16.34,34095.87377
1677988800,16.35,16.47,16.31,16.35,5715.645313
1678003200,16.36,16.38,16.22,16.24,9259.576397
1678017600,16.25,16.38,16.24,16.37,8065.280824
1678032000,16.38,16.42,16.3,16.34,11298.761701
1678046400,16.34,16.46,16.08,16.14,13080.82264
1678060800,16.14,16.18,15.82,16.05,21757.705967
1678075200,16.06,16.14,15.91,16.09,19296.53902
1678089600,16.08,16.18,15.98,16.14,17282.317044
1678104000,16.14,16.65,16.07,16.55,54685.541574
1678118400,16.56,16.61,16.37,16.39,12038.720415
1678132800,16.39,16.69,16.29,16.5,48430.194927
1678147200,16.51,16.73,16.39,16.54,29221.301313
1678161600,16.56,16.56,16.44,16.45,13718.163405
1678176000,16.45,16.47,16.17,16.18,32356.452526
1678190400,16.18,16.33,15.88,16.2,66388.448269
1678204800,16.2,16.34,15.96,16.04,28119.146848
1678219200,16.04,16.18,15.85,16.18,20160.64926
1678233600,16.17,16.25,16.05,16.12,10912.165752
1678248000,16.14,16.19,15.83,15.88,17421.620191
1678262400,15.87,16.05,15.84,16.01,15008.964195
1678276800,16.01,16.01,15.54,15.89,69793.046302
1678291200,15.89,15.96,15.28,15.48,25200.262941
1678305600,15.48,15.65,14.98,15.11,34527.16079
1678320000,15.11,15.4,15.09,15.37,17693.605009
1678334400,15.37,15.43,15.27,15.3,13004.308731
1678348800,15.32,15.47,15.22,15.47,16178.101692
1678363200,15.47,15.68,15.4,15.49,18391.575362
1678377600,15.49,15.5,14.81,14.89,81680.012833
1678392000,14.88,14.88,14.19,14.43,265180.440265
1678406400,14.43,14.55,14.15,14.48,143089.981153
1678420800,14.48,14.55,14.24,14.43,37915.153432
1678435200,14.44,14.44,13.87,14.39,98876.266306
1678449600,14.38,15.22,14.29,14.76,280731.649583
1678464000,14.75,14.95,14.58,14.79,45888.625741
1678478400,14.79,15.02,14.61,14.8,52069.732774
1678492800,14.79,15.19,14.68,14.68,103654.394769
1678507200,14.68,14.71,14.01,14.15,194755.138196
1678521600,14.13,14.48,14.04,14.18,84038.735322
1678536000,14.17,14.3,13.94,14.01,41933.635487
1678550400,14.01,14.34,13.92,14.24,68475.236632
1678564800,14.24,14.55,14.17,14.52,48947.482479
1678579200,14.5,14.5,14.29,14.38,19156.588247
1678593600,14.39,14.46,14.23,14.29,16033.634188
1678608000,14.29,14.51,14.27,14.44,12298.973446
1678622400,14.44,14.5,14.2,14.29,17963.886629
1678636800,14.29,15.08,14.25,14.76,69776.397685
1678651200,14.75,16.29,14.74,16.17,182196.996344
1678665600,16.17,16.45,15.98,16.01,148827.432269
1678680000,16.02,16.14,15.97,16.05,40001.042256
1678694400,16.05,16.06,15.45,15.71,141358.214887
1678708800,15.7,16.78,15.54,16.45,197593.988699
1678723200,16.47,16.58,16.26,16.39,54156.617451
1678737600,16.38,16.57,16.27,16.47,25039.465896
1678752000,16.47,16.53,16.32,16.44,17671.937433
1678766400,16.46,16.65,16.2,16.28,40945.529777
1678780800,16.3,16.46,16.09,16.32,70719.602319
1678795200,16.31,17.91,16.22,17.76,339917.266772
1678809600,17.76,17.81,16.89,17.31,165148.068831
1678824000,17.33,17.39,16.59,17.15,62164.343569
1678838400,17.14,17.38,16.95,17.27,35577.579005
1678852800,17.28,17.43,17.08,17.31,29987.609845
1678867200,17.3,17.31,16.5,16.85,153953.26602
1678881600,16.85,17.1,15.86,15.97,221275.348088
1678896000,15.97,15.98,15.34,15.58,163770.773393
1678910400,15.58,15.78,15.41,15.55,35997.066962
1678924800,15.55,15.72,15.24,15.54,44002.3385
1678939200,15.54,15.84,15.33,15.75,26959.556633
1678953600,15.76,15.89,15.53,15.83,33368.943678
1678968000,15.81,15.85,15.37,15.81,45661.96267
1678982400,15.82,16.08,15.64,15.99,25822.653852
1678996800,15.99,15.99,15.59,15.83,39652.398923
1679011200,15.84,16.28,15.63,16.18,46051.282758
1679025600,16.18,16.45,16.06,16.32,32629.671933
1679040000,16.32,16.93,16.26,16.9,48689.022329
1679054400,16.91,16.91,16.26,16.45,67061.822244
1679068800,16.48,16.75,16.37,16.74,80095.134322
1679083200,16.75,17.77,16.59,17.65,100850.08334
1679097600,17.65,18.22,17.39,17.94,175502.319224
1679112000,17.95,17.99,17.61,17.72,49204.410778
1679126400,17.72,17.72,17.4,17.66,34349.112222
1679140800,17.65,17.73,17.1,17.33,70286.724828
1679155200,17.33,17.52,16.86,17.24,119364.638764
1679169600,17.25,17.42,16.87,16.99,34808.945622
1679184000,16.99,17.37,16.97,17.35,29128.706507
1679198400,17.34,17.37,17.04,17.25,16648.221877
1679212800,17.26,17.63,17.17,17.56,46125.844897
1679227200,17.57,17.85,17.5,17.7,50939.200434
1679241600,17.69,18.08,17.64,17.83,63507.864936
1679256000,17.83,17.88,17.41,17.53,62831.114314
1679270400,17.54,17.78,17.12,17.15,76040.510068
1679284800,17.14,17.61,16.99,17.59,34337.235672
1679299200,17.6,17.7,17.31,17.39,52003.740804
1679313600,17.37,17.48,17.18,17.27,53834.633728
1679328000,17.26,17.39,16.64,16.81,76637.408965
1679342400,16.79,17.03,16.52,16.63,35602.540747
1679356800,16.63,16.92,16.45,16.65,54492.66473
1679371200,16.66,16.74,16.34,16.46,44952.529073
1679385600,16.43,17.02,16.33,16.97,29728.510412
1679400000,16.96,17.55,16.89,17.17,50007.424218
1679414400,17.18,17.41,16.97,17.22,50253.402843
1679428800,17.23,17.51,17.23,17.43,46707.669906
1679443200,17.43,17.57,17.16,17.38,37100.0744
1679457600,17.38,17.66,17.28,17.37,42078.900762
1679472000,17.35,17.54,17.24,17.42,41495.437218
1679486400,17.41,17.92,17.32,17.63,124328.718598
1679500800,17.63,17.73,16.29,16.38,442140.508354
1679515200,16.39,16.87,16.27,16.74,167888.657667
1679529600,16.73,16.9,16.57,16.72,63396.714642
1679544000,16.73,17.14,16.68,17.1,75387.362176
1679558400,17.1,17.46,17.1,17.43,138788.182922
1679572800,17.43,17.86,17.21,17.65,250346.864129
1679587200,17.66,17.74,17.29,17.53,143178.059727
1679601600,17.53,17.6,17.41,17.55,44053.343971
1679616000,17.55,17.64,17.42,17.46,43318.365759
1679630400,17.45,17.49,17.31,17.41,22339.757798
1679644800,17.43,17.43,17.01,17.17,110584.755595
1679659200,17.17,17.31,16.93,17.14,128746.204801
1679673600,17.14,17.2,16.67,17.06,94278.523274
1679688000,17.06,17.08,16.77,16.95,43901.960848
1679702400,16.96,17.15,16.87,17.04,29171.135816
1679716800,17.05,17.1,16.84,16.84,38290.807574
1679731200,16.83,16.85,16.66,16.76,23401.698688
1679745600,16.76,16.86,16.65,16.82,27672.123012
1679760000,16.81,16.82,16.4,16.42,48638.923369
1679774400,16.41,16.92,16.38,16.91,1109206.893862
1679788800,16.91,17.05,16.87,17.02,37433.603544
1679803200,17.03,17.14,16.95,17.03,46502.749575
1679817600,17.03,17.19,16.96,17.06,36746.410914
1679832000,17.09,17.28,17.08,17.13,60740.934057
1679846400,17.13,17.21,17.03,17.09,25466.746834
1679860800,17.08,17.17,16.97,17.12,26517.791036
1679875200,17.12,17.16,16.83,16.9,37943.406363
1679889600,16.9,16.97,16.73,16.76,39807.414075
1679904000,16.75,16.93,16.68,16.88,26644.459645
1679918400,16.89,16.96,16.07,16.44,186772.851715
1679932800,16.41,16.58,16.38,16.39,60535.959536
1679947200,16.4,16.53,16.31,16.49,37193.83849
1679961600,16.49,16.56,16.3,16.42,68937.280938
1679976000,16.41,16.65,16.4,16.54,42155.488081
1679990400,16.56,16.69,16.38,16.62,56267.737216
1680004800,16.62,16.67,16.49,16.59,43937.488949
1680019200,16.6,16.84,16.35,16.78,98455.528564
1680033600,16.79,16.8,16.6,16.71,35212.598393
1680048000,16.72,16.83,16.66,16.78,18670.07148
1680062400,16.77,17.24,16.77,17.2,70275.013771
1680076800,17.21,17.4,17.18,17.31,50272.922791
1680091200,17.31,17.34,17.1,17.25,72099.404807
1680105600,17.24,17.38,17.12,17.37,43098.668856
1680120000,17.38,17.42,17.18,17.32,26180.907497
1680134400,17.32,17.55,16.92,17.22,138137.673313
1680148800,17.22,17.31,17.16,17.26,32318.051749
1680163200,17.25,17.39,17.08,17.39,34525.530087
1680177600,17.39,17.55,17.24,17.28,78476.476755
1680192000,17.27,17.43,17.12,17.22,64691.359487
1680206400,17.22,17.4,17.1,17.23,39969.668452
1680220800,17.24,17.44,17.16,17.4,42830.061776
1680235200,17.41,17.5,17.09,17.25,55143.644116
1680249600,17.25,17.35,17.11,17.17,32356.719458
1680264000,17.16,17.79,17.09,17.53,102873.64088
1680278400,17.55,17.73,17.5,17.73,62420.214858
1680292800,17.73,17.84,17.58,17.72,40077.426947
1680307200,17.71,17.9,17.66,17.78,65900.322389
1680321600,17.79,17.84,17.56,17.67,35350.793432
1680336000,17.67,17.73,17.62,17.63,25908.830307
1680350400,17.62,17.7,17.54,17.66,23212.067583
1680364800,17.67,17.77,17.57,17.64,19256.326026
1680379200,17.65,17.84,17.64,17.8,17039.225982
1680393600,17.79,17.84,17.6,17.7,25890.373404
1680408000,17.71,17.76,17.65,17.72,31957.258176
1680422400,17.72,17.79,17.63,17.73,16747.422665
1680436800,17.73,17.73,17.22,17.37,73247.130645
1680451200,17.36,17.4,17.08,17.15,39268.065656
1680465600,17.15,17.29,17.1,17.26,18901.828859
1680480000,17.25,17.27,16.82,16.96,79551.17318
1680494400,16.95,17.13,16.88,17.13,18092.410122
1680508800,17.13,17.38,17.12,17.25,57588.811686
1680523200,17.26,17.38,17.08,17.2,84066.520961
1680537600,17.2,17.48,17.09,17.28,101909.765996
1680552000,17.29,17.31,16.64,17.1,121951.32146
1680566400,17.1,17.14,16.97,17.07,23072.85078
1680580800,17.06,17.22,17.0,17.15,20085.385391
1680595200,17.13,17.43,17.1,17.37,34110.291736
1680609600,17.37,17.47,17.24,17.37,109080.040435
1680624000,17.37,17.55,17.32,17.52,37190.626287
1680638400,17.53,17.67,17.52,17.65,20576.333349
1680652800,17.65,18.15,17.61,18.14,117338.02645
1680667200,18.11,18.25,18.02,18.19,38179.235678
1680681600,18.19,18.28,18.12,18.27,24981.978836
1680696000,18.26,18.37,17.69,17.83,120689.66372
1680710400,17.83,17.95,17.66,17.9,36602.613649
1680724800,17.9,18.05,17.84,18.0,25741.688893
1680739200,18.0,18.02,17.64,17.91,49399.119549
1680753600,17.92,17.92,17.72,17.76,35558.837326
1680768000,17.78,17.97,17.71,17.92,36603.119939
1680782400,17.92,18.33,17.8,18.26,76337.646268
1680796800,18.25,18.31,18.01,18.08,50817.363128
1680811200,18.09,18.2,17.88,17.97,26344.014366
1680825600,17.97,18.13,17.94,17.99,14536.350617
1680840000,17.99,18.06,17.68,17.71,39823.273912
1680854400,17.71,17.75,17.54,17.6,31510.088283
1680868800,17.6,17.69,17.44,17.66,28453.364198
1680883200,17.67,17.69,17.55,17.61,8261.586799
1680897600,17.61,17.68,17.55,17.59,7606.643464
1680912000,17.59,17.63,17.43,17.59,7914.617861
1680926400,17.6,17.75,17.58,17.7,18432.295694
1680940800,17.69,17.72,17.63,17.66,9465.480291
1680955200,17.65,17.69,17.58,17.67,7289.564333
1680969600,17.65,17.65,17.45,17.53,20081.498536
1680984000,17.52,17.53,17.33,17.46,14254.838032
1680998400,17.45,17.57,17.45,17.48,6799.426447
1681012800,17.47,17.55,17.24,17.29,27566.097793
1681027200,17.3,17.39,17.26,17.38,7971.53973
1681041600,17.37,17.45,17.28,17.35,10874.214758
1681056000,17.35,17.57,17.33,17.48,17412.585474
1681070400,17.5,17.64,17.45,17.54,13104.45442
1681084800,17.54,17.62,17.44,17.53,13897.689953
1681099200,17.55,17.61,17.48,17.54,8004.39604
1681113600,17.55,17.64,17.51,17.54,8049.498457
1681128000,17.53,17.57,17.37,17.48,19472.540299
1681142400,17.49,17.89,17.43,17.76,41144.020113
1681156800,17.77,17.97,17.66,17.94,41585.761864
1681171200,17.94,18.08,17.87,18.03,30932.619703
1681185600,18.03,18.35,18.01,18.32,40848.665209
1681200000,18.32,18.44,18.19,18.42,16862.942941
1681214400,18.41,18.62,18.3,18.44,45492.500857
1681228800,18.45,18.47,18.19,18.21,26186.113513
1681243200,18.2,18.23,18.1,18.14,15178.923678
1681257600,18.14,18.22,17.67,17.77,46604.026282
1681272000,17.74,18.11,17.71,18.1,22085.117883
1681286400,18.1,18.16,17.97,18.0,19300.308092
1681300800,18.0,18.7,17.94,18.13,231946.297777
1681315200,18.14,18.24,17.88,17.97,76505.398878
1681329600,17.98,18.28,17.97,18.25,46269.348249
1681344000,18.25,18.6,18.12,18.55,74673.876137
1681358400,18.55,18.59,18.33,18.47,39433.990003
1681372800,18.45,18.89,18.45,18.67,101141.147367
1681387200,18.68,18.99,18.68,18.89,59934.448892
1681401600,18.91,19.06,18.79,18.91,53586.572609
1681416000,18.91,18.91,18.75,18.83,30786.316313
1681430400,18.83,19.33,18.81,19.2,130842.72147
1681444800,19.2,19.32,18.93,18.98,78937.78501
1681459200,18.98,19.16,18.97,19.13,30532.929873
1681473600,19.13,19.14,18.47,18.56,114165.766168
1681488000,18.55,18.92,18.47,18.92,54306.466718
1681502400,18.92,19.29,18.86,19.21,59223.732345
1681516800,19.22,19.24,19.07,19.2,62089.870996
1681531200,19.21,19.22,18.99,19.16,18810.195157
1681545600,19.15,19.47,19.1,19.45,37556.916159
1681560000,19.45,19.52,19.09,19.2,76405.103355
1681574400,19.19,19.28,19.02,19.11,39437.230002
1681588800,19.12,19.14,19.0,19.08,15785.484489
1681603200,19.08,19.19,18.85,19.16,37846.045958
1681617600,19.15,19.37,19.14,19.35,22083.853624
1681632000,19.36,19.43,19.03,19.08,40814.646712
1681646400,19.07,19.2,18.97,19.17,24220.645539
1681660800,19.19,19.5,19.14,19.31,41305.986763
1681675200,19.32,20.5,19.13,20.17,286444.672936
1681689600,20.17,21.08,19.95,20.66,242167.93803
1681704000,20.65,21.05,20.45,20.58,109427.719646
1681718400,20.59,20.72,20.21,20.38,127131.030877
1681732800,20.38,21.26,20.38,20.73,318981.184208
1681747200,20.73,20.97,20.48,20.67,82756.789746
1681761600,20.67,20.72,20.46,20.52,40440.707691
1681776000,20.52,20.89,20.28,20.86,98383.150991
1681790400,20.87,21.49,20.76,21.46,100129.547781
1681804800,21.46,21.56,21.24,21.46,66311.318492
1681819200,21.46,21.52,21.05,21.13,78709.599736
1681833600,21.13,21.19,20.89,20.94,49007.252608
1681848000,20.94,21.23,20.88,21.2,23559.058732
1681862400,21.2,21.2,21.01,21.04,24741.646905
1681876800,21.04,21.1,20.68,20.72,55343.744276
1681891200,20.71,20.71,18.68,19.58,425988.678892
1681905600,19.58,19.86,19.44,19.69,67478.736545
1681920000,19.69,19.72,19.37,19.39,73886.97314
1681934400,19.41,19.5,18.54,18.98,91125.983135
1681948800,18.96,19.16,18.75,18.98,52972.575901
1681963200,18.99,19.26,18.98,19.06,29964.978571
1681977600,19.06,19.2,18.73,18.77,56812.77026
1681992000,18.78,19.42,18.74,18.89,119870.146253
1682006400,18.88,18.88,18.2,18.45,185726.872819
1682020800,18.42,18.57,18.28,18.3,34233.810513
1682035200,18.31,18.52,18.23,18.44,42314.090983
1682049600,18.43,18.44,17.84,18.21,111492.567352
1682064000,18.21,18.29,17.79,17.87,62806.731809
1682078400,17.86,18.08,17.68,17.78,71097.437856
1682092800,17.77,17.83,16.7,16.96,216849.642343
1682107200,16.95,17.02,16.74,16.95,80970.013391
1682121600,16.94,17.07,16.82,17.05,22065.380313
1682136000,17.06,17.18,16.92,16.96,27759.383666
1682150400,16.97,17.19,16.96,17.17,29177.123647
1682164800,17.15,17.35,17.09,17.24,29355.08595
1682179200,17.24,17.34,17.09,17.18,26852.363511
1682193600,17.17,17.29,17.09,17.22,14259.68318
1682208000,17.22,17.24,16.92,17.07,36746.014454
1682222400,17.06,17.2,17.02,17.19,11224.92931
1682236800,17.18,17.21,17.11,17.19,10371.078516
1682251200,17.19,17.25,16.79,16.88,51488.759547
1682265600,16.87,16.98,16.49,16.65,88290.096603
1682280000,16.64,16.93,16.57,16.86,45225.124165
1682294400,16.85,17.07,16.6,16.89,50657.685144
1682308800,16.9,16.9,16.55,16.72,30341.592949
1682323200,16.73,17.04,16.55,17.03,67643.289286
1682337600,17.05,17.24,16.88,16.92,55192.19665
1682352000,16.91,17.14,16.67,16.96,55192.135525
1682366400,16.96,17.05,16.89,16.9,11016.210708
1682380800,16.93,17.0,16.76,16.83,38383.613361
1682395200,16.83,17.21,16.79,16.98,53639.915019
1682409600,16.98,17.13,16.92,17.05,30861.975419
1682424000,17.04,17.19,16.9,16.96,56844.379437
1682438400,16.96,17.28,16.86,17.14,57494.634625
1682452800,17.15,17.76,17.13,17.63,62982.383171
1682467200,17.63,17.71,17.45,17.45,29215.362599
1682481600,17.46,17.61,17.42,17.46,24231.572267
1682496000,17.47,17.98,17.43,17.82,58436.269921
1682510400,17.84,18.24,17.83,18.1,79163.998221
1682524800,18.1,18.13,16.57,16.76,240394.17677
1682539200,16.75,17.23,16.26,17.18,188135.328488
1682553600,17.18,17.74,17.11,17.37,130894.375077
1682568000,17.38,17.61,17.26,17.43,38065.487942
1682582400,17.42,17.49,17.32,17.4,25268.708453
1682596800,17.39,17.73,17.21,17.67,89482.41654
1682611200,17.67,17.91,17.54,17.85,137913.535208
1682625600,17.86,17.95,17.61,17.73,107781.466656
1682640000,17.73,17.77,17.63,17.67,22372.44622
1682654400,17.67,17.81,17.66,17.8,19695.705738
1682668800,17.8,17.8,17.47,17.49,26949.237847
1682683200,17.47,17.61,17.23,17.39,55687.300632
1682697600,17.4,17.62,17.32,17.53,33407.710519
1682712000,17.55,17.61,17.47,17.55,5264.489314
1682726400,17.55,17.61,17.43,17.59,11554.715648
1682740800,17.57,17.65,17.47,17.54,14814.143641
1682755200,17.55,17.59,17.48,17.53,6671.133344
1682769600,17.53,17.72,17.51,17.61,20454.197573
1682784000,17.6,17.67,17.3,17.57,30733.819234
1682798400,17.57,17.58,17.37,17.49,9258.141931
1682812800,17.49,17.49,17.26,17.3,17354.293873
1682827200,17.31,17.44,17.27,17.38,5132.58344
1682841600,17.39,17.5,17.36,17.38,8940.334394
1682856000,17.38,17.84,17.33,17.63,38083.112792
1682870400,17.63,17.76,17.25,17.33,39730.526364
1682884800,17.33,17.33,17.07,17.09,35361.132537
1682899200,17.1,17.22,16.69,16.95,83485.749179
1682913600,16.96,17.12,16.85,17.09,16705.191579
1682928000,17.07,17.13,16.97,16.99,11960.691388
1682942400,16.99,17.07,16.79,16.83,61810.349101
1682956800,16.84,16.95,16.61,16.64,51564.914455
1682971200,16.63,16.7,16.52,16.64,21834.569383
1682985600,16.64,16.66,16.49,16.61,25923.677903
1683000000,16.61,16.7,16.53,16.68,15037.49491
1683014400,16.68,16.73,16.57,16.63,14125.298284
1683028800,16.64,16.91,16.49,16.85,74502.373286
1683043200,16.84,16.97,16.77,16.9,23119.199572
1683057600,16.91,16.92,16.83,16.84,7609.468518
1683072000,16.84,16.84,16.61,16.73,18183.539112
1683086400,16.73,16.8,16.68,16.7,11994.074814
1683100800,16.7,16.78,16.6,16.6,21218.293512
1683115200,16.59,16.62,16.4,16.56,54722.959393
1683129600,16.55,17.36,16.5,16.95,132493.48216
1683144000,16.95,17.33,16.94,17.2,33094.239795
1683158400,17.22,17.26,17.12,17.17,15851.364643
1683172800,17.17,17.18,17.04,17.05,6438.09068
1683187200,17.07,17.17,17.03,17.07,9806.283755
1683201600,17.08,17.1,16.79,16.9,54048.647755
1683216000,16.91,17.02,16.82,16.92,27847.604221
1683230400,16.92,16.98,16.82,16.93,8695.372432
1683244800,16.92,17.2,16.89,17.02,32975.097092
1683259200,17.03,17.1,16.94,17.03,18163.707419
1683273600,17.02,17.1,16.97,17.04,14913.366731
1683288000,17.06,17.18,16.75,17.02,69086.772883
1683302400,17.04,17.4,17.03,17.37,144805.401454
1683316800,17.38,17.41,17.32,17.38,12080.888143
1683331200,17.38,17.5,17.15,17.18,21854.881891
1683345600,17.19,17.25,17.0,17.01,13079.492522
1683360000,17.01,17.06,16.83,16.96,30313.097798
1683374400,16.97,16.98,16.44,16.49,84223.509563
1683388800,16.48,16.73,16.44,16.66,32306.785756
1683403200,16.66,16.7,16.56,16.59,24441.385352
1683417600,16.58,16.68,16.46,16.51,29550.304707
1683432000,16.51,16.69,16.5,16.67,7719.657899
1683446400,16.67,16.7,16.54,16.58,12778.262557
1683460800,16.6,16.72,16.58,16.65,22573.54469
1683475200,16.64,16.69,16.51,16.57,14281.056108
1683489600,16.57,16.65,16.3,16.42,53794.997844
1683504000,16.4,16.49,15.64,15.99,177112.569869
1683518400,15.99,16.0,15.59,15.72,52392.349919
1683532800,15.71,15.95,15.64,15.92,52570.243201
1683547200,15.92,15.96,15.71,15.76,60704.032314
1683561600,15.74,15.77,14.9,15.24,307052.970371
1683576000,15.24,15.44,15.23,15.41,24584.305656
1683590400,15.41,15.52,15.36,15.44,24239.384381
1683604800,15.45,15.58,15.34,15.49,33347.929828
1683619200,15.51,15.51,15.35,15.44,17260.382181
1683633600,15.44,15.51,15.23,15.29,41903.929729
1683648000,15.27,15.42,15.22,15.34,28112.162827
1683662400,15.35,15.41,15.25,15.32,8183.711996
1683676800,15.32,15.48,15.3,15.31,26105.860999
1683691200,15.3,15.38,15.26,15.28,22426.844472
1683705600,15.28,15.31,15.09,15.23,38110.838438
1683720000,15.22,15.73,15.16,15.57,99014.539978
1683734400,15.57,15.63,14.68,15.49,224479.270038
1683748800,15.49,15.68,15.4,15.52,58554.498714
1683763200,15.52,15.53,15.31,15.34,35554.141199
1683777600,15.34,15.45,15.3,15.34,17122.671566
1683792000,15.34,15.37,15.15,15.33,31673.152085
1683806400,15.33,15.47,14.9,15.09,85081.123311
1683820800,15.09,15.12,14.76,14.94,56392.720904
1683835200,14.94,15.03,14.88,14.96,12750.266521
1683849600,14.96,14.99,14.58,14.7,42832.302359
1683864000,14.71,14.94,14.63,14.89,31541.904889
1683878400,14.92,15.02,14.85,14.96,11611.923215
1683892800,14.97,15.06,14.79,14.83,33402.23618
1683907200,14.8,14.98,14.52,14.95,65647.862251
1683921600,14.95,15.21,14.88,15.19,25684.686492
1683936000,15.19,15.21,15.08,15.12,8940.663243
1683950400,15.12,15.14,15.05,15.14,6502.351227
1683964800,15.13,15.18,15.08,15.1,3135.867878
1683979200,15.11,15.12,14.92,14.96,11129.428631
1683993600,14.95,15.02,14.91,14.95,10618.068732
1684008000,14.96,14.98,14.91,14.91,7731.935575
1684022400,14.91,14.97,14.79,14.94,17976.436153
1684036800,14.94,15.0,14.91,14.97,7080.775561
1684051200,14.97,15.01,14.93,14.98,5384.278723
1684065600,14.97,15.15,14.94,15.11,22656.568406
1684080000,15.12,15.14,14.88,14.92,17403.002241
1684094400,14.9,15.04,14.88,15.03,9624.421885
1684108800,15.03,15.2,14.79,15.13,59184.384344
1684123200,15.13,15.3,15.08,15.28,32688.846949
1684137600,15.28,15.36,15.24,15.25,13814.425405
1684152000,15.25,15.33,15.13,15.31,28932.798735
1684166400,15.31,15.34,15.13,15.19,30502.197889
1684180800,15.19,15.22,15.05,15.07,14906.856909
1684195200,15.08,15.15,14.83,14.93,52024.133841
1684209600,14.94,15.05,14.91,15.01,8803.834619
1684224000,15.03,15.06,14.9,14.93,18048.728281
1684238400,14.94,14.98,14.82,14.88,49213.356818
1684252800,14.87,14.94,14.75,14.79,27613.923519
1684267200,14.77,14.92,14.74,14.91,8722.329127
1684281600,14.91,15.06,14.83,14.98,19385.296775
1684296000,14.98,15.02,14.81,14.84,17783.962411
1684310400,14.83,14.89,14.72,14.74,25878.060085
1684324800,14.73,14.83,14.62,14.72,30776.291195
1684339200,14.72,15.28,14.66,15.23,35443.529446
1684353600,15.24,15.3,15.15,15.17,19197.026954
1684368000,15.18,15.18,15.07,15.16,18062.166597
1684382400,15.16,15.18,14.96,15.06,19981.317853
1684396800,15.07,15.09,15.0,15.02,16980.826143
1684411200,15.03,15.04,14.8,14.83,31508.538228
1684425600,14.82,14.87,14.43,14.58,48334.027463
1684440000,14.6,14.82,14.56,14.7,29658.082953
1684454400,14.68,14.71,14.57,14.66,11108.926625
1684468800,14.68,14.73,14.63,14.69,21632.171434
1684483200,14.7,14.76,14.64,14.66,12123.434864
1684497600,14.66,14.84,14.56,14.7,37566.712325
1684512000,14.7,14.79,14.66,14.7,10876.858335
1684526400,14.69,14.72,14.66,14.68,5044.596191
1684540800,14.69,14.69,14.54,14.63,11154.74232
1684555200,14.63,14.64,14.54,14.57,6060.857986
1684569600,14.58,14.63,14.56,14.59,6529.517203
1684584000,14.6,14.66,14.58,14.65,5710.698278
1684598400,14.66,14.7,14.59,14.66,8690.664613
1684612800,14.66,14.68,14.59,14.62,7081.178587
1684627200,14.63,14.69,14.6,14.63,6533.723318
1684641600,14.62,14.66,14.6,14.62,1952.713641
1684656000,14.63,14.63,14.44,14.48,12753.927592
1684670400,14.45,14.51,14.24,14.35,16675.304553
1684684800,14.36,14.39,14.28,14.37,19413.860976
1684699200,14.37,14.37,14.18,14.31,11999.647464
1684713600,14.32,14.34,14.09,14.28,25898.204547
1684728000,14.28,14.41,14.25,14.35,5105.767325
1684742400,14.35,14.7,14.35,14.56,38271.551129
1684756800,14.57,14.63,14.43,14.59,21520.769414
1684771200,14.59,14.77,14.56,14.67,32897.046757
1684785600,14.69,14.77,14.67,14.68,10235.150699
1684800000,14.68,14.96,14.6,14.93,25679.034417
1684814400,14.93,14.95,14.73,14.8,14440.536882
1684828800,14.8,14.82,14.74,14.76,10725.762739
1684843200,14.76,14.81,14.66,14.77,16691.768255
1684857600,14.78,14.79,14.61,14.67,18326.678781
1684872000,14.67,14.73,14.63,14.71,12563.479084
1684886400,14.71,14.71,14.33,14.41,26126.533936
1684900800,14.4,14.45,14.3,14.31,10938.615372
1684915200,14.3,14.42,14.3,14.33,8913.54025
1684929600,14.34,14.39,14.01,14.1,63605.016715
1684944000,14.09,14.16,14.03,14.11,15694.631862
1684958400,14.12,14.21,14.1,14.15,9794.477443
1684972800,14.13,14.15,13.7,14.11,39299.14183
1684987200,14.11,14.2,14.09,14.13,17663.139265
1685001600,14.14,14.19,14.11,14.17,7804.327311
1685016000,14.19,14.26,13.99,14.04,54558.535636
1685030400,14.04,14.24,14.04,14.14,37371.318364
1685044800,14.14,14.16,14.05,14.09,12040.129346
1685059200,14.09,14.12,14.0,14.1,17076.949179
1685073600,14.1,14.11,13.96,14.09,14373.540644
1685088000,14.09,14.15,14.07,14.14,16549.689576
1685102400,14.13,14.3,14.09,14.28,33350.734001
1685116800,14.28,14.38,14.11,14.36,44105.779856
1685131200,14.36,14.39,14.32,14.33,19409.161773
1685145600,14.33,14.44,14.31,14.43,24195.457262
1685160000,14.44,14.47,14.39,14.4,11146.386025
1685174400,14.4,14.41,14.26,14.28,24591.32219
1685188800,14.27,14.39,14.27,14.37,20045.705717
1685203200,14.36,14.42,14.3,14.42,12884.818557
1685217600,14.41,14.61,14.41,14.56,27996.152449
1685232000,14.56,14.79,14.51,14.76,29129.342997
1685246400,14.76,14.82,14.69,14.73,20253.825118
1685260800,14.73,14.74,14.25,14.49,82962.625464
1685275200,14.49,14.52,14.42,14.52,29476.160686
1685289600,14.52,14.75,14.47,14.63,54179.035426
1685304000,14.64,15.06,14.64,14.9,68258.038127
1685318400,14.9,14.98,14.73,14.73,42739.612018
1685332800,14.75,14.81,14.66,14.71,36221.897561
1685347200,14.72,14.74,14.63,14.68,22934.995877
1685361600,14.69,14.69,14.48,14.5,40549.762771
1685376000,14.48,14.51,14.38,14.48,33483.55687
1685390400,14.48,14.51,14.36,14.48,24873.45587
1685404800,14.47,14.57,14.37,14.48,27676.764571
1685419200,14.48,14.56,14.41,14.49,19289.996855
1685433600,14.49,14.73,14.48,14.72,50582.946527
1685448000,14.72,14.73,14.39,14.45,51639.855293
1685462400,14.44,14.56,14.36,14.53,58826.86315
1685476800,14.53,14.56,14.43,14.44,22887.97044
1685491200,14.44,14.46,14.18,14.32,55794.379983
1685505600,14.32,14.32,14.04,14.14,81520.84507
1685520000,14.14,14.16,14.04,14.09,36600.051689
1685534400,14.09,14.13,13.95,14.03,45592.117789
1685548800,14.03,14.12,13.75,14.08,180942.296134
1685563200,14.08,14.14,14.01,14.11,29142.820791
1685577600,14.11,14.17,13.83,14.03,97514.029112
1685592000,14.03,14.07,13.98,14.0,35420.192932
1685606400,13.99,14.16,13.99,14.14,24874.447218
1685620800,14.15,14.23,14.12,14.21,31981.251458
1685635200,14.21,14.3,14.09,14.17,45958.33746
1685649600,14.17,14.19,14.06,14.08,21211.308402
1685664000,14.1,14.28,13.98,14.26,34443.906585
1685678400,14.26,14.39,14.16,14.34,45043.346232
1685692800,14.35,14.5,14.35,14.44,27487.367807
1685707200,14.45,14.49,14.32,14.47,68802.305151
1685721600,14.48,14.57,14.37,14.51,49097.460406
1685736000,14.51,14.55,14.26,14.49,31395.435342
1685750400,14.49,14.53,14.38,14.47,20625.385003
1685764800,14.47,14.59,14.47,14.58,18583.217323
1685779200,14.58,14.58,14.51,14.53,13065.07622
1685793600,14.54,14.6,14.49,14.6,19732.687447
1685808000,14.6,14.6,14.45,14.49,30711.329793
1685822400,14.48,14.58,14.47,14.58,22613.951066
1685836800,14.58,14.63,14.52,14.62,21108.923514
1685851200,14.62,14.72,14.6,14.71,20004.76934
1685865600,14.71,14.77,14.62,14.74,33049.968035
1685880000,14.74,14.8,14.72,14.79,26354.326662
1685894400,14.8,14.89,14.77,14.85,27043.798042
1685908800,14.85,14.94,14.75,14.78,63612.349594
1685923200,14.77,14.88,14.66,14.67,63742.058635
1685937600,14.66,14.81,14.62,14.81,30852.463329
1685952000,14.8,14.87,14.72,14.82,43800.062718
1685966400,14.82,14.89,13.97,13.98,183414.836534
1685980800,13.97,14.11,13.44,13.91,304809.548353
1685995200,13.91,13.93,13.79,13.88,20836.201179
1686009600,13.87,14.0,13.81,14.0,17484.042381
1686024000,14.0,14.16,13.99,14.1,36453.237864
1686038400,14.1,14.15,14.02,14.07,20621.460473
1686052800,14.08,14.27,13.82,14.19,89224.646199
1686067200,14.19,14.65,14.17,14.61,70218.08579
1686081600,14.61,14.67,14.51,14.63,35976.499591
1686096000,14.64,14.7,14.47,14.62,47089.467433
1686110400,14.63,14.66,14.5,14.55,99688.673823
1686124800,14.56,14.59,14.27,14.46,36195.453227
1686139200,14.47,14.47,14.07,14.08,30405.514155
1686153600,14.07,14.16,13.97,14.13,27322.014338
1686168000,14.13,14.15,13.94,14.02,43376.433642
1686182400,14.02,14.08,13.82,13.89,51282.432438
1686196800,13.89,13.95,13.78,13.91,54336.50186
1686211200,13.91,13.95,13.84,13.93,57942.727169
1686225600,13.93,14.1,13.88,14.07,56910.33605
1686240000,14.07,14.07,13.85,13.98,18079.06033
1686254400,13.98,14.03,13.92,13.92,12303.813431
1686268800,13.93,13.95,13.72,13.83,35024.352519
1686283200,13.83,13.86,13.73,13.76,8811.282695
1686297600,13.76,13.98,13.76,13.93,21596.458593
1686312000,13.93,14.26,13.93,14.03,151245.175396
1686326400,14.04,14.05,13.76,13.78,36825.483777
1686340800,13.78,13.87,13.71,13.76,43838.346013
1686355200,13.76,13.76,13.02,13.07,124256.890829
1686369600,13.08,13.16,9.87,11.25,796129.875077
1686384000,11.26,11.67,11.17,11.65,127049.777081
1686398400,11.64,11.65,11.17,11.26,109855.318083
1686412800,11.27,11.82,11.19,11.62,148626.822774
1686427200,11.63,11.72,11.51,11.65,26450.793975
1686441600,11.65,11.73,11.57,11.67,28398.111529
1686456000,11.68,11.68,11.5,11.63,28658.405002
1686470400,11.63,11.74,11.55,11.69,50637.061372
1686484800,11.69,11.72,11.46,11.47,48684.632612
1686499200,11.47,11.76,11.47,11.72,47327.551366
1686513600,11.71,11.81,11.43,11.58,31172.962439
1686528000,11.57,11.59,11.16,11.39,53887.0039
1686542400,11.39,11.5,11.32,11.35,16656.455529
1686556800,11.35,11.6,11.3,11.52,28303.179137
1686571200,11.52,11.53,11.38,11.48,20419.075907
1686585600,11.48,11.54,11.3,11.46,40718.683734
1686600000,11.46,11.6,11.43,11.52,19494.755519
1686614400,11.52,11.73,11.43,11.65,28259.831113
1686628800,11.65,11.74,11.48,11.69,20251.105541
1686643200,11.69,11.9,11.67,11.87,28512.420863
1686657600,11.87,12.08,11.59,11.63,80178.275053
1686672000,11.63,11.85,11.63,11.73,64153.726045
1686686400,11.72,11.8,11.66,11.8,13286.468744
1686700800,11.8,11.9,11.74,11.89,26669.953393
1686715200,11.89,11.9,11.76,11.79,14849.924372
1686729600,11.8,11.91,11.79,11.89,9648.39454
1686744000,11.9,11.96,11.85,11.9,10500.147702
1686758400,11.9,11.95,11.69,11.86,29593.516529
1686772800,11.83,11.84,11.18,11.37,82008.697129
1686787200,11.37,11.57,11.35,11.55,18774.071014
1686801600,11.55,11.56,11.19,11.24,76439.483282
1686816000,11.23,11.26,11.02,11.24,41779.393032
1686830400,11.25,11.33,11.17,11.22,19513.43894
1686844800,11.21,11.51,11.16,11.45,31255.412345
1686859200,11.45,11.53,11.35,11.41,7745.01201
1686873600,11.4,11.51,11.33,11.5,14071.898151
1686888000,11.5,11.51,11.4,11.41,16796.69336
1686902400,11.41,11.48,11.28,11.34,20078.727332
1686916800,11.33,11.46,11.21,11.45,43092.361559
1686931200,11.46,11.73,11.43,11.56,35105.744843
1686945600,11.57,11.64,11.52,11.54,8056.722866
1686960000,11.55,11.58,11.48,11.52,9696.794407
1686974400,11.52,11.82,11.5,11.7,32699.866173
1686988800,11.71,11.85,11.7,11.75,25700.005782
1687003200,11.75,11.81,11.63,11.7,20557.81689
1687017600,11.7,11.76,11.64,11.65,10617.296503
1687032000,11.65,11.69,11.6,11.62,5645.000599
1687046400,11.63,11.63,11.45,11.54,38380.41298
1687060800,11.54,11.6,11.49,11.54,13101.733004
1687075200,11.54,11.59,11.49,11.53,10514.786053
1687089600,11.53,11.56,11.49,11.55,13571.573898
1687104000,11.54,11.61,11.54,11.58,10715.088434
1687118400,11.58,11.58,11.24,11.34,47587.631032
1687132800,11.34,11.38,11.26,11.33,9958.805568
1687147200,11.34,11.39,11.33,11.33,8383.785667
1687161600,11.34,11.36,11.28,11.3,14271.561281
1687176000,11.31,11.38,11.21,11.29,17346.970934
1687190400,11.29,11.51,11.17,11.4,32824.622794
1687204800,11.4,11.5,11.38,11.47,7301.347737
1687219200,11.48,11.59,11.45,11.47,14085.446825
1687233600,11.47,11.52,11.42,11.45,8719.908909
1687248000,11.45,11.45,11.35,11.41,13335.923155
1687262400,11.42,11.44,11.17,11.34,24079.19516
1687276800,11.33,11.92,11.31,11.89,45706.864159
1687291200,11.9,12.13,11.88,12.11,39588.420562
1687305600,12.12,12.39,12.06,12.29,52719.48546
1687320000,12.3,12.41,12.22,12.31,44700.005772
1687334400,12.3,12.36,12.16,12.26,33046.397456
1687348800,12.26,12.61,12.15,12.47,61643.943799
1687363200,12.47,13.04,12.43,12.9,140195.346176
1687377600,12.91,13.0,12.77,12.89,30489.685875
1687392000,12.9,13.24,12.86,13.1,21180.435545
1687406400,13.11,13.12,12.86,13.09,31213.488236
1687420800,13.09,13.14,12.59,12.79,66538.032371
1687435200,12.78,13.05,12.58,12.73,43188.185432
1687449600,12.73,12.88,12.72,12.84,22194.504015
1687464000,12.85,12.85,12.62,12.66,10746.658962
1687478400,12.66,12.81,12.65,12.79,14758.812359
1687492800,12.79,12.85,12.74,12.78,15888.992348
1687507200,12.78,12.86,12.74,12.84,11856.860718
1687521600,12.84,13.2,12.62,13.17,38045.098788
1687536000,13.17,13.5,13.03,13.27,96781.832827
1687550400,13.26,13.5,13.1,13.29,24969.797662
1687564800,13.27,13.38,13.15,13.38,21694.68067
1687579200,13.36,13.4,13.13,13.13,14247.099329
1687593600,13.15,13.22,13.11,13.15,18425.136532
1687608000,13.16,13.22,12.75,12.86,52890.57202
1687622400,12.86,13.06,12.74,12.99,30822.289282
1687636800,12.98,13.04,12.84,13.01,14878.558753
1687651200,13.01,13.51,12.97,13.48,41106.377227
1687665600,13.5,13.6,13.34,13.56,33525.586315
1687680000,13.57,13.69,13.43,13.59,30716.271829
1687694400,13.59,13.59,13.31,13.37,57577.710629
1687708800,13.37,13.49,13.35,13.43,20708.152039
1687723200,13.43,13.54,13.35,13.44,13323.183944
1687737600,13.44,13.45,13.12,13.36,46242.938601
1687752000,13.37,13.51,13.25,13.41,29796.38721
1687766400,13.41,13.65,13.33,13.56,28254.441291
1687780800,13.55,13.68,13.44,13.54,37286.643938
1687795200,13.54,13.55,12.97,13.27,89171.410874
1687809600,13.27,13.31,12.97,13.17,34978.230097
1687824000,13.16,13.34,13.1,13.3,17524.702594
1687838400,13.32,13.39,13.18,13.35,29792.908028
1687852800,13.36,13.4,13.24,13.38,23214.4705
1687867200,13.38,13.47,13.12,13.2,36608.941841
1687881600,13.2,13.37,13.14,13.31,21805.775591
1687896000,13.3,13.33,13.15,13.2,15425.442191
1687910400,13.2,13.21,12.86,12.99,34404.846757
1687924800,13.0,13.02,12.67,12.69,45025.925934
1687939200,12.68,12.85,12.66,12.79,15251.469522
1687953600,12.79,12.91,12.63,12.81,56293.486597
1687968000,12.82,12.82,12.08,12.25,74748.506559
1687982400,12.26,12.4,12.12,12.34,35693.217451
1687996800,12.33,12.4,12.27,12.33,18089.820494
1688011200,12.33,12.41,12.28,12.38,11078.594748
1688025600,12.38,12.95,12.35,12.9,56220.567248
1688040000,12.9,12.95,12.62,12.65,36365.174856
1688054400,12.65,12.76,12.56,12.74,17370.401054
1688068800,12.75,12.75,12.58,12.66,13259.610202
1688083200,12.68,13.04,12.58,13.02,32653.184498
1688097600,13.03,13.25,12.96,13.08,47771.391451
1688112000,13.08,13.25,13.06,13.23,28055.499245
1688126400,13.23,13.34,12.1,12.6,249173.745824
1688140800,12.6,13.1,12.48,12.9,90013.993779
1688155200,12.91,13.1,12.87,13.0,24262.235533
1688169600,13.04,13.16,12.98,13.02,33073.942187
1688184000,13.03,13.04,12.84,12.95,22095.723958
1688198400,12.95,13.0,12.89,12.96,16013.358436
1688212800,12.96,13.1,12.89,12.9,24190.335087
1688227200,12.9,12.97,12.88,12.94,12348.307249
1688241600,12.94,13.0,12.91,13.0,13886.197035
1688256000,13.0,13.01,12.72,12.74,26247.597435
1688270400,12.75,12.9,12.71,12.89,11852.181709
1688284800,12.89,13.07,12.85,13.0,24203.576819
1688299200,13.02,13.1,12.83,13.02,42022.493643
1688313600,13.02,13.1,12.91,13.01,34217.935534
1688328000,13.01,13.22,12.98,13.13,31240.054344
1688342400,13.13,13.55,13.07,13.41,38718.722554
1688356800,13.4,13.45,13.11,13.28,49584.038289
1688371200,13.27,13.36,13.21,13.24,31843.964363
1688385600,13.23,13.31,13.11,13.28,31552.466887
1688400000,13.29,13.4,13.1,13.31,28201.869553
1688414400,13.32,13.33,13.14,13.25,10999.238008
1688428800,13.26,13.34,13.14,13.33,25462.40824
1688443200,13.33,13.34,13.18,13.2,11080.086678
1688457600,13.2,13.27,13.08,13.27,18682.051694
1688472000,13.28,13.36,13.18,13.27,43967.366709
1688486400,13.27,13.41,13.01,13.09,38314.114528
1688500800,13.08,13.15,13.01,13.05,13835.756367
1688515200,13.04,13.12,12.94,13.12,12876.043043
1688529600,13.13,13.16,13.02,13.11,45682.6841
1688544000,13.11,13.13,12.45,12.66,82188.634342
1688558400,12.66,12.76,12.49,12.57,44506.056484
1688572800,12.56,12.71,12.52,12.6,29978.067689
1688587200,12.6,12.72,12.56,12.67,9514.083951
1688601600,12.67,12.72,12.55,12.62,13613.015733
1688616000,12.62,12.9,12.6,12.85,27102.107914
1688630400,12.85,13.12,12.78,12.86,33212.126482
1688644800,12.86,12.87,12.25,12.66,63828.888585
1688659200,12.65,12.76,12.51,12.65,29718.283033
1688673600,12.65,12.67,12.36,12.37,23351.953846
1688688000,12.37,12.62,12.25,12.59,55895.188547
1688702400,12.6,12.62,12.47,12.52,21303.502757
1688716800,12.52,12.67,12.49,12.61,22883.732671
1688731200,12.61,12.75,12.54,12.7,30969.416641
1688745600,12.7,12.74,12.56,12.67,27378.296618
1688760000,12.67,12.75,12.6,12.74,21245.876831
1688774400,12.74,13.37,12.73,13.34,64005.311484
1688788800,13.34,13.81,13.28,13.47,161140.218144
1688803200,13.47,13.76,13.45,13.54,71032.942568
1688817600,13.55,13.89,13.49,13.74,112004.380324
1688832000,13.75,13.85,13.54,13.55,55761.89739
1688846400,13.55,13.67,13.48,13.64,27891.533673
1688860800,13.64,14.15,13.59,14.08,104912.311748
1688875200,14.07,14.2,13.87,13.94,52419.951021
1688889600,13.94,14.18,13.92,14.1,39330.414464
1688904000,14.1,14.14,13.83,13.84,41376.543031
1688918400,13.84,13.86,13.69,13.74,21643.815375
1688932800,13.73,13.77,13.57,13.59,22585.208352
1688947200,13.58,13.58,13.22,13.3,44583.257644
1688961600,13.3,13.4,13.23,13.35,15381.464516
1688976000,13.36,13.38,13.17,13.35,26039.462144
1688990400,13.36,13.4,13.26,13.35,16153.560396
1689004800,13.35,13.77,13.28,13.73,18645.94499
1689019200,13.74,13.85,13.3,13.39,44874.655053
1689033600,13.39,13.69,13.36,13.64,37646.029228
1689048000,13.64,13.67,13.46,13.48,37544.466082
1689062400,13.48,13.51,13.33,13.35,32482.927208
1689076800,13.35,13.49,13.31,13.35,33089.76666
1689091200,13.34,13.35,13.18,13.26,29809.801872
1689105600,13.26,13.33,13.15,13.27,33466.628437
1689120000,13.26,13.3,13.15,13.16,15308.887263
1689134400,13.18,13.26,13.13,13.23,11522.925339
1689148800,13.23,13.28,13.16,13.26,9703.982801
1689163200,13.26,13.37,13.02,13.06,44644.347936
1689177600,13.06,13.09,12.86,12.94,21472.686804
1689192000,12.92,13.04,12.88,13.01,14230.487372
1689206400,13.02,13.03,12.9,12.95,8902.724364
1689220800,12.95,13.15,12.91,13.06,10318.387034
1689235200,13.07,13.24,13.05,13.23,17601.401096
1689249600,13.24,13.73,13.13,13.66,79294.82807
1689264000,13.68,14.21,13.67,14.09,272195.560708
1689278400,14.09,14.13,13.77,14.12,61822.961968
1689292800,14.12,14.8,14.1,14.76,122158.77536
1689307200,14.76,15.8,14.65,15.31,210243.485492
1689321600,15.31,15.98,15.07,15.45,162333.536005
1689336000,15.45,15.88,15.12,15.6,166343.839584
1689350400,15.6,15.77,14.02,14.3,435578.004764
1689364800,14.29,14.64,14.11,14.63,32165.7724
1689379200,14.63,14.73,14.42,14.45,40428.763533
1689393600,14.45,14.99,14.45,14.92,96705.747224
1689408000,14.92,15.02,14.78,15.02,40711.286698
1689422400,15.02,15.35,14.87,15.12,101456.305536
1689436800,15.13,15.18,14.96,15.07,52341.052642
1689451200,15.04,15.08,14.67,14.84,59292.879326
1689465600,14.84,14.93,14.43,14.54,37872.846956
1689480000,14.54,14.71,14.54,14.63,18342.150732
1689494400,14.64,14.73,14.41,14.53,26641.291208
1689508800,14.53,14.84,14.52,14.6,40956.224438
1689523200,14.59,14.6,14.26,14.29,25724.235375
1689537600,14.28,14.44,14.17,14.28,16498.410605
1689552000,14.29,14.47,14.19,14.45,10072.477524
1689566400,14.44,14.58,14.38,14.54,21793.066479
1689580800,14.54,14.62,13.84,14.14,46357.510605
1689595200,14.14,14.41,13.94,14.26,47388.028284
1689609600,14.25,14.34,13.89,14.16,61109.994926
1689624000,14.13,14.45,14.02,14.4,16758.258753
1689638400,14.39,14.58,14.34,14.36,16906.658538
1689652800,14.36,14.38,13.92,14.02,26684.827767
1689667200,14.01,14.11,13.82,13.84,19485.645428
1689681600,13.85,14.0,13.74,13.94,23174.031491
1689696000,13.91,14.0,13.61,13.76,27273.478443
1689710400,13.77,13.82,13.67,13.81,16644.646315
1689724800,13.81,14.09,13.77,14.03,15069.839264
1689739200,14.03,14.11,13.94,13.99,18544.799402
1689753600,13.98,14.02,13.78,14.02,14128.372078
1689768000,14.02,14.1,13.77,13.95,25218.490764
1689782400,13.96,14.28,13.87,14.19,27970.452354
1689796800,14.19,14.2,13.93,14.0,25195.308191
1689811200,14.0,14.17,13.94,14.06,12019.404668
1689825600,14.07,14.28,14.04,14.27,18703.68636
1689840000,14.26,14.42,14.24,14.24,49125.177791
1689854400,14.25,14.27,13.69,13.83,66753.282845
1689868800,13.83,13.89,13.67,13.86,43431.414857
1689883200,13.86,13.92,13.71,13.86,20844.815648
1689897600,13.86,14.02,13.73,13.99,34563.043685
1689912000,13.98,14.0,13.84,13.89,13743.302062
1689926400,13.89,14.0,13.85,13.89,11017.562053
1689940800,13.9,14.06,13.9,13.95,18302.534645
1689955200,13.94,14.07,13.84,13.96,29292.742988
1689969600,13.96,14.02,13.89,13.97,10080.022773
1689984000,13.99,14.05,13.94,13.98,14359.712397
1689998400,13.98,14.0,13.89,13.93,10903.986147
1690012800,13.94,13.94,13.62,13.76,73493.093373
1690027200,13.76,13.8,13.72,13.78,18942.215714
1690041600,13.78,13.79,13.64,13.69,23885.22736
1690056000,13.68,13.72,13.3,13.52,113193.724698
1690070400,13.52,13.59,13.39,13.57,27433.724633
1690084800,13.57,13.67,13.56,13.58,14645.518363
1690099200,13.58,13.61,13.54,13.58,14441.760691
1690113600,13.58,13.58,13.51,13.53,20928.347229
1690128000,13.54,13.75,13.54,13.62,24396.942005
1690142400,13.61,13.66,13.47,13.54,18605.079057
1690156800,13.54,13.59,13.31,13.34,29841.640553
1690171200,13.33,13.48,13.22,13.44,28052.743933
1690185600,13.44,13.49,12.78,13.11,153461.412562
1690200000,13.12,13.14,12.88,12.94,63593.879116
1690214400,12.94,13.11,12.91,13.04,23002.603519
1690228800,13.04,13.13,13.02,13.1,9673.496188
1690243200,13.11,13.24,13.04,13.23,20302.377842
1690257600,13.24,13.25,13.08,13.1,9308.848751
1690272000,13.13,13.3,13.11,13.27,11381.78475
1690286400,13.28,13.55,13.15,13.35,128638.044337
1690300800,13.34,13.45,13.28,13.32,22565.753509
1690315200,13.32,13.45,13.27,13.34,25063.300053
1690329600,13.34,13.37,13.12,13.25,22177.513393
1690344000,13.27,13.33,13.18,13.26,23470.774196
1690358400,13.26,13.3,13.13,13.16,12038.642759
1690372800,13.15,13.28,13.14,13.28,12962.043035
1690387200,13.28,13.36,13.08,13.34,37974.898843
1690401600,13.35,13.46,13.23,13.27,19355.030832
1690416000,13.27,13.33,13.21,13.26,8499.593896
1690430400,13.26,13.35,13.22,13.27,13014.986293
1690444800,13.26,13.43,13.23,13.37,11834.159065
1690459200,13.37,13.38,13.15,13.2,16324.115417
1690473600,13.19,13.25,13.02,13.13,13630.146183
1690488000,13.13,13.19,13.08,13.14,8825.884862
1690502400,13.16,13.22,13.13,13.15,7165.229076
1690516800,13.16,13.19,13.03,13.04,6846.018591
1690531200,13.03,13.12,13.02,13.11,15000.776107
1690545600,13.1,13.29,13.09,13.21,13548.983077
1690560000,13.22,13.25,13.12,13.22,8124.544276
1690574400,13.21,13.26,13.19,13.22,6327.7768
1690588800,13.23,13.29,13.19,13.24,7389.676018
1690603200,13.25,13.27,13.18,13.19,4303.831729
1690617600,13.19,13.23,13.16,13.18,4861.393513
1690632000,13.17,13.25,13.17,13.21,8802.917542
1690646400,13.21,13.26,13.17,13.25,7558.264356
1690660800,13.25,13.27,13.21,13.24,8888.060411
1690675200,13.24,13.35,13.21,13.32,7095.251842
1690689600,13.33,13.34,13.24,13.24,9577.879747
1690704000,13.24,13.29,13.21,13.27,10984.663962
1690718400,13.26,13.37,13.2,13.28,20208.697503
1690732800,13.28,13.41,13.07,13.12,40079.081748
1690747200,13.12,13.16,12.91,13.13,35761.305452
1690761600,13.12,13.28,13.08,13.17,17488.385711
1690776000,13.18,13.19,13.06,13.07,12652.452286
1690790400,13.07,13.13,13.05,13.12,9547.002664
1690804800,13.12,13.13,12.89,12.91,20854.622237
1690819200,12.9,13.0,12.7,12.78,43575.778822
1690833600,12.79,12.89,12.7,12.82,50922.351429
1690848000,12.8,12.89,12.37,12.59,83583.050949
1690862400,12.59,12.7,12.56,12.66,12227.142511
1690876800,12.66,12.76,12.66,12.69,8917.228071
1690891200,12.69,12.74,12.52,12.7,33941.046178
1690905600,12.7,12.85,12.65,12.79,22465.114168
1690920000,12.8,12.9,12.71,12.88,22895.081662
1690934400,12.9,12.96,12.79,12.8,16225.714216
1690948800,12.8,12.8,12.72,12.73,11693.054404
1690963200,12.73,12.78,12.68,12.77,9179.889111
1690977600,12.78,12.79,12.52,12.62,43263.838171
1690992000,12.62,12.63,12.42,12.54,67819.422645
1691006400,12.53,12.59,12.5,12.55,11501.346923
1691020800,12.54,12.59,12.5,12.51,9324.220009
1691035200,12.52,12.52,12.4,12.44,20877.332387
1691049600,12.43,12.55,12.37,12.53,17853.650401
1691064000,12.54,12.62,12.46,12.56,25379.313517
1691078400,12.55,12.64,12.49,12.54,21302.536251
1691092800,12.53,12.59,12.39,12.44,23715.994608
1691107200,12.44,12.5,12.4,12.49,22037.708136
1691121600,12.49,12.51,12.42,12.47,13127.121066
1691136000,12.48,12.52,12.44,12.46,12336.490343
1691150400,12.45,12.61,12.44,12.56,27222.222696
1691164800,12.57,12.6,12.37,12.41,17671.284226
1691179200,12.41,12.47,12.26,12.41,29813.899233
1691193600,12.41,12.43,12.33,12.38,16068.377705
1691208000,12.38,12.38,12.31,12.34,11052.281141
1691222400,12.33,12.37,12.31,12.33,8131.920124
1691236800,12.33,12.37,12.28,12.32,14140.125406
1691251200,12.32,12.4,12.28,12.35,9168.796107
1691265600,12.35,12.46,12.34,12.46,9653.697146
1691280000,12.46,12.6,12.43,12.59,10449.683896
1691294400,12.59,12.64,12.56,12.58,11728.580352
1691308800,12.59,12.66,12.56,12.61,10495.988054
1691323200,12.61,12.63,12.52,12.55,13523.100782
1691337600,12.55,12.63,12.52,12.58,12752.509273
1691352000,12.59,12.65,12.55,12.6,10136.237255
1691366400,12.6,12.77,12.56,12.71,17228.706904
1691380800,12.72,12.75,12.58,12.67,17309.712668
1691395200,12.67,12.74,12.63,12.72,10758.299905
1691409600,12.72,12.75,12.42,12.43,24203.579373
1691424000,12.43,12.51,12.2,12.46,53969.51184
1691438400,12.46,12.48,12.4,12.47,16909.910941
1691452800,12.47,12.49,12.39,12.44,7133.329129
1691467200,12.44,12.54,12.42,12.47,8566.577563
1691481600,12.47,12.58,12.45,12.58,6042.324371
1691496000,12.59,12.65,12.48,12.61,38110.357277
1691510400,12.61,12.76,12.59,12.65,34184.636518
1691524800,12.67,12.81,12.63,12.69,28248.610085
1691539200,12.69,12.74,12.59,12.63,22740.712134
1691553600,12.63,12.72,12.6,12.71,6896.645935
1691568000,12.7,12.71,12.64,12.7,17000.680788
1691582400,12.69,12.8,12.62,12.63,21975.389378
1691596800,12.63,12.65,12.55,12.57,18692.116084
1691611200,12.57,12.65,12.5,12.63,8711.189043
1691625600,12.63,12.67,12.56,12.56,17213.378317
1691640000,12.57,12.57,12.48,12.5,8109.710712
1691654400,12.51,12.53,12.47,12.49,5519.492813
1691668800,12.5,12.66,12.49,12.56,15903.777337
1691683200,12.55,12.6,12.51,12.53,7561.270126
1691697600,12.53,12.54,12.46,12.48,7206.715497
1691712000,12.49,12.53,12.42,12.47,8011.727103
1691726400,12.47,12.51,12.45,12.45,7342.772005
1691740800,12.46,12.51,12.42,12.5,2815.015283
1691755200,12.51,12.55,12.4,12.42,13873.607213
1691769600,12.42,12.45,12.36,12.43,13109.186725
1691784000,12.43,12.46,12.39,12.45,5632.858903
1691798400,12.45,12.48,12.43,12.45,4175.898608
1691812800,12.45,12.47,12.42,12.45,4078.697446
1691827200,12.46,12.49,12.43,12.47,3808.912546
1691841600,12.48,12.49,12.45,12.46,6097.62372
1691856000,12.46,12.47,12.39,12.41,4704.187192
1691870400,12.4,12.4,12.36,12.39,7504.210246
1691884800,12.39,12.4,12.29,12.33,15982.548749
1691899200,12.33,12.36,12.3,12.36,5099.655021
1691913600,12.35,12.38,12.34,12.37,5497.679422
1691928000,12.36,12.37,12.31,12.34,34296.853898
1691942400,12.33,12.42,12.31,12.41,9981.206871
1691956800,12.43,12.43,12.2,12.27,18904.292005
1691971200,12.27,12.33,12.17,12.31,23598.597628
1691985600,12.32,12.39,12.31,12.36,8000.460329
1692000000,12.36,12.38,12.32,12.34,3069.987434
1692014400,12.34,12.46,12.28,12.41,45752.225451
1692028800,12.41,12.44,12.25,12.31,28056.053247
1692043200,12.31,12.37,12.3,12.37,10939.777482
1692057600,12.37,12.37,12.31,12.32,5171.659477
1692072000,12.33,12.33,12.26,12.3,9327.138767
1692086400,12.31,12.34,12.29,12.29,5697.372187
1692100800,12.29,12.34,12.23,12.24,10843.14415
1692115200,12.24,12.25,11.25,11.72,291073.940075
1692129600,11.72,11.84,11.67,11.83,16118.819873
1692144000,11.84,11.87,11.79,11.8,13230.83644
1692158400,11.8,11.83,11.69,11.69,13473.730945
1692172800,11.68,11.7,11.58,11.64,11857.683757
1692187200,11.64,11.64,11.4,11.47,29364.661238
1692201600,11.47,11.59,11.41,11.53,17790.902517
1692216000,11.52,11.54,11.07,11.38,122474.99886
1692230400,11.38,11.45,11.1,11.42,31374.069123
1692244800,11.42,11.48,11.39,11.48,5888.046077
1692259200,11.49,11.51,11.4,11.42,12723.567014
1692273600,11.43,11.48,11.12,11.2,90696.843096
1692288000,11.2,11.3,11.07,11.28,37333.770853
1692302400,11.27,11.28,9.74,10.58,267382.251858
1692316800,10.58,10.74,10.54,10.66,15669.393589
1692331200,10.66,10.96,10.58,10.95,20568.66095
1692345600,10.96,11.0,10.84,10.89,10597.946
1692360000,10.9,10.9,10.74,10.77,26305.779573
1692374400,10.77,10.85,10.58,10.72,68237.844799
1692388800,10.74,10.84,10.73,10.8,10229.821347
1692403200,10.81,10.89,10.73,10.76,13454.803207
1692417600,10.75,10.8,10.56,10.69,10962.147379
1692432000,10.69,10.75,10.68,10.72,6841.138385
1692446400,10.72,10.81,10.69,10.81,9049.338062
1692460800,10.81,10.85,10.76,10.8,14092.211006
1692475200,10.8,10.82,10.75,10.82,10210.175766
1692489600,10.81,10.84,10.76,10.8,6381.404595
1692504000,10.8,10.81,10.74,10.77,2811.055447
1692518400,10.78,10.9,10.77,10.89,13865.834909
1692532800,10.89,10.9,10.8,10.85,12707.572584
1692547200,10.85,10.89,10.82,10.87,6998.720383
1692561600,10.87,10.92,10.85,10.86,5908.920851
1692576000,10.87,10.87,10.75,10.77,8382.267485
1692590400,10.78,10.83,10.72,10.73,9879.974043
1692604800,10.74,10.74,10.49,10.56,26851.898812
1692619200,10.56,10.6,10.15,10.3,64391.017953
1692633600,10.3,10.39,10.28,10.37,17297.373141
1692648000,10.38,10.43,10.36,10.36,16714.185445
1692662400,10.36,10.38,10.28,10.31,8505.322831
1692676800,10.3,10.33,10.19,10.3,10617.219582
1692691200,10.3,10.31,10.18,10.19,11684.318622
1692705600,10.19,10.27,10.03,10.05,30356.745989
1692720000,10.05,10.05,9.78,9.9,69815.804363
1692734400,9.9,10.17,9.71,10.15,28237.620196
1692748800,10.14,10.19,10.09,10.12,8487.449025
1692763200,10.12,10.27,10.12,10.21,10782.220584
1692777600,10.21,10.21,10.12,10.12,8379.854203
1692792000,10.13,10.32,10.06,10.3,18527.12851
1692806400,10.3,10.47,10.26,10.43,22617.923208
1692820800,10.44,10.44,10.25,10.33,10212.830914
1692835200,10.34,10.36,10.26,10.3,5020.806791
1692849600,10.3,10.33,10.26,10.32,5040.303392
1692864000,10.32,10.359,10.282,10.314,15079.72135
1692878400,10.306,10.313,10.05,10.076,33449.852372
1692892800,10.07,10.16,10.038,10.086,17592.676549
1692907200,10.094,10.14,9.972,10.121,30793.29164
1692921600,10.119,10.135,9.905,10.013,31881.344232
1692936000,10.019,10.048,9.908,10.009,28989.469025
1692950400,10.01,10.058,10.005,10.039,24157.968271
1692964800,10.039,10.07,9.884,9.978,99154.948364
1692979200,9.973,10.068,9.945,10.002,71280.448845
1692993600,10.003,10.08,9.989,10.052,49699.432438
1693008000,10.044,10.088,10.025,10.08,37995.531103
1693022400,10.08,10.08,10.014,10.034,19034.511269
1693036800,10.034,10.074,10.013,10.047,9920.402777
1693051200,10.04,10.069,10.026,10.052,14457.307261
1693065600,10.05,10.056,10.012,10.047,10411.782365
1693080000,10.046,10.13,10.025,10.095,16407.041544
1693094400,10.097,10.142,10.071,10.088,46006.937794
1693108800,10.08,10.127,10.08,10.113,23820.709478
1693123200,10.117,10.237,10.117,10.18,88561.492068
1693137600,10.18,10.274,10.14,10.227,44077.252433
1693152000,10.238,10.249,10.144,10.197,52219.944298
1693166400,10.199,10.223,10.16,10.205,42415.550385
1693180800,10.206,10.206,10.045,10.05,58721.085722
1693195200,10.053,10.077,9.912,10.012,25915.590105
1693209600,10.012,10.067,9.93,10.062,43098.691194
1693224000,10.062,10.383,10.06,10.326,52388.167176
1693238400,10.329,10.444,10.263,10.337,35415.745388
1693252800,10.33,10.38,10.245,10.375,18351.558579
1693267200,10.382,10.62,10.382,10.527,59943.70184
1693281600,10.52,10.529,10.394,10.447,30489.673597
1693296000,10.436,10.486,10.328,10.354,39939.617496
1693310400,10.355,11.208,10.345,10.835,426993.499029
1693324800,10.844,10.97,10.812,10.851,96215.950478
1693339200,10.86,10.909,10.775,10.81,28091.728733
1693353600,10.81,10.826,10.592,10.648,49591.52675
1693368000,10.646,10.675,10.575,10.597,13990.665391
1693382400,10.591,10.631,10.502,10.511,21429.25622
1693396800,10.509,10.572,10.353,10.41,121709.109478
1693411200,10.409,10.421,10.333,10.379,14611.913992
1693425600,10.382,10.44,10.378,10.405,12365.721019
1693440000,10.404,10.404,10.272,10.3,25586.776561
1693454400,10.299,10.421,10.29,10.349,24014.829963
1693468800,10.351,10.55,10.321,10.461,29430.708808
1693483200,10.469,10.476,10.134,10.211,101346.967635
1693497600,10.216,10.216,9.81,10.034,144482.476274
1693512000,10.031,10.043,9.897,9.981,50072.09953
1693526400,9.983,10.026,9.961,10.014,13921.232753
1693540800,10.011,10.03,9.972,9.99,15551.503536
1693555200,9.995,10.031,9.975,10.026,10217.098676
1693569600,10.027,10.061,9.867,9.912,33431.118607
1693584000,9.912,9.957,9.746,9.892,50835.176736
1693598400,9.892,9.98,9.871,9.929,15455.573063
1693612800,9.923,9.967,9.88,9.912,12516.255423
1693627200,9.917,9.941,9.881,9.895,8943.303264
1693641600,9.898,9.903,9.823,9.862,9576.863782
1693656000,9.862,9.906,9.801,9.873,13250.445772
1693670400,9.87,9.891,9.761,9.875,13194.819552
1693684800,9.875,9.929,9.86,9.911,8827.237925
1693699200,9.917,9.952,9.888,9.949,6049.593625
1693713600,9.947,9.991,9.923,9.938,6467.993462
1693728000,9.937,9.942,9.889,9.934,4682.136772
1693742400,9.935,9.953,9.857,9.873,11101.798057
1693756800,9.874,9.935,9.827,9.901,33764.314384
1693771200,9.914,9.937,9.841,9.876,7606.392307
1693785600,9.876,10.044,9.866,9.964,7969.150349
1693800000,9.975,9.978,9.876,9.948,9878.778998
1693814400,9.948,9.976,9.88,9.882,8220.58986
1693828800,9.88,9.914,9.787,9.861,19996.983267
1693843200,9.86,9.91,9.815,9.845,13647.093867
1693857600,9.85,9.86,9.673,9.805,16644.679447
1693872000,9.81,9.82,9.653,9.714,18733.912878
1693886400,9.727,9.804,9.725,9.792,19638.369304
1693900800,9.792,9.89,9.765,9.864,10223.515558
1693915200,9.871,9.97,9.818,9.915,32246.578573
1693929600,9.915,9.953,9.848,9.859,21643.794121
1693944000,9.86,9.96,9.849,9.913,16652.299986
1693958400,9.917,9.997,9.892,9.934,14561.63552
1693972800,9.938,9.941,9.845,9.88,11065.516568
1693987200,9.877,9.94,9.871,9.902,7296.325092
1694001600,9.906,9.961,9.825,9.885,20279.016582
1694016000,9.886,10.051,9.75,9.905,58629.360667
1694030400,9.907,9.967,9.903,9.944,9858.65328
1694044800,9.945,10.01,9.927,10.004,10529.431663
1694059200,10.01,10.021,9.935,9.964,10025.653816
1694073600,9.965,9.981,9.87,9.877,8920.685322
1694088000,9.868,9.943,9.839,9.917,13956.720709
1694102400,9.916,9.98,9.911,9.975,16159.98037
1694116800,9.974,10.145,9.969,10.093,35444.725129
1694131200,10.093,10.157,10.021,10.078,13069.377933
1694145600,10.079,10.111,10.03,10.075,10877.512314
1694160000,10.076,10.077,9.83,9.939,21102.900238
1694174400,9.929,9.97,9.909,9.919,11257.850287
1694188800,9.912,9.922,9.869,9.916,11534.136395
1694203200,9.916,9.929,9.876,9.923,5934.149307
1694217600,9.918,9.918,9.864,9.894,6625.782129
1694232000,9.893,9.913,9.859,9.888,6504.701392
1694246400,9.889,9.906,9.877,9.898,4339.45379
1694260800,9.891,9.901,9.842,9.874,10126.081778
1694275200,9.872,9.887,9.855,9.876,4280.379998
1694289600,9.874,9.88,9.832,9.834,4099.71118
1694304000,9.834,9.834,9.564,9.643,86371.168085
1694318400,9.642,9.642,9.193,9.545,114403.82973
1694332800,9.538,9.544,9.486,9.516,7525.187482
1694347200,9.517,9.706,9.47,9.553,47752.430629
1694361600,9.554,9.561,9.384,9.517,24663.368042
1694376000,9.514,9.582,9.443,9.47,18316.51857
1694390400,9.465,9.499,9.36,9.457,16983.695328
1694404800,9.457,9.51,9.433,9.456,11766.256561
1694419200,9.453,9.462,9.053,9.199,66558.224152
1694433600,9.196,9.323,9.144,9.285,64757.033661
1694448000,9.28,9.319,9.076,9.12,68968.486315
1694462400,9.121,9.242,9.083,9.237,49109.389284
1694476800,9.234,9.559,9.209,9.43,73010.140076
1694491200,9.437,9.466,9.263,9.317,58932.669819
1694505600,9.32,9.591,9.292,9.47,80066.083269
1694520000,9.471,9.474,9.301,9.31,68465.996081
1694534400,9.307,9.441,9.192,9.279,66153.957972
1694548800,9.278,9.3,9.197,9.212,24480.795546
1694563200,9.211,9.288,9.177,9.206,34683.223789
1694577600,9.204,9.467,9.1,9.16,124361.957481
1694592000,9.16,9.304,9.153,9.261,43064.099441
1694606400,9.262,9.345,9.192,9.302,41761.039398
1694620800,9.308,9.34,9.216,9.271,27092.288593
1694635200,9.271,9.344,9.27,9.289,11646.020068
1694649600,9.29,9.47,9.287,9.346,52772.164756
1694664000,9.345,9.359,9.265,9.336,13990.328901
1694678400,9.33,9.35,9.252,9.344,26212.778184
1694692800,9.35,9.446,9.289,9.372,52200.271789
1694707200,9.373,9.443,9.321,9.391,25632.612423
1694721600,9.393,9.45,9.354,9.398,14721.8864
1694736000,9.401,9.523,9.375,9.461,30796.966872
1694750400,9.46,9.474,9.314,9.326,39195.861798
1694764800,9.326,9.359,9.266,9.273,27238.80248
1694779200,9.266,9.329,9.185,9.245,38974.795498
1694793600,9.244,9.275,9.215,9.257,33544.671981
1694808000,9.258,9.5,9.237,9.423,40504.820181
1694822400,9.427,9.615,9.399,9.506,60250.067121
1694836800,9.515,9.566,9.47,9.507,46593.88395
1694851200,9.508,9.519,9.423,9.475,51984.85102
1694865600,9.469,9.481,9.362,9.411,39422.587313
1694880000,9.416,9.476,9.369,9.388,18458.343779
1694894400,9.383,9.406,9.368,9.383,24110.073668
1694908800,9.381,9.383,9.206,9.283,40917.184409
1694923200,9.287,9.295,9.227,9.231,6321.938085
1694937600,9.225,9.303,9.174,9.263,26635.618115
1694952000,9.26,9.275,9.187,9.209,24975.721584
1694966400,9.208,9.212,9.119,9.176,27141.844791
1694980800,9.173,9.173,9.013,9.104,59471.475507
1694995200,9.102,9.124,8.81,9.123,108687.414557
1695009600,9.124,9.189,9.057,9.122,27101.10778
1695024000,9.118,9.287,9.103,9.263,38338.995045
1695038400,9.266,9.312,9.178,9.257,31692.947946
1695052800,9.257,9.281,9.07,9.147,55625.670646
1695067200,9.148,9.181,9.09,9.105,18278.44753
1695081600,9.097,9.164,9.04,9.142,25930.357236
1695096000,9.144,9.178,9.09,9.155,17276.753092
1695110400,9.166,9.306,9.157,9.222,34224.182981
1695124800,9.225,9.276,9.114,9.272,43684.960814
1695139200,9.273,9.273,9.162,9.176,35508.321551
1695153600,9.176,9.234,9.142,9.212,21441.80641
1695168000,9.211,9.236,9.053,9.087,61772.719438
1695182400,9.082,9.115,9.05,9.1,29915.063282
1695196800,9.095,9.147,9.02,9.096,31949.072414
1695211200,9.098,9.109,8.976,9.096,62725.172106
1695225600,9.099,9.126,8.853,8.969,88379.896194
1695240000,8.967,9.095,8.957,9.049,25346.324505
1695254400,9.044,9.11,8.983,9.071,41193.856693
1695268800,9.077,9.084,8.946,8.967,38830.089314
1695283200,8.96,8.984,8.767,8.858,120153.770833
1695297600,8.85,8.899,8.794,8.876,30814.82962
1695312000,8.875,8.91,8.84,8.871,18510.795104
1695326400,8.866,8.87,8.794,8.823,19889.495619
1695340800,8.822,8.907,8.731,8.872,44379.074323
1695355200,8.875,8.902,8.84,8.891,24891.7338
1695369600,8.892,8.924,8.879,8.9,24350.827041
1695384000,8.899,8.91,8.823,8.83,31557.986878
1695398400,8.83,8.851,8.789,8.809,40383.974598
1695412800,8.809,8.885,8.801,8.862,21546.667436
1695427200,8.864,8.94,8.829,8.86,55544.472953
1695441600,8.859,8.922,8.828,8.917,32637.752795
1695456000,8.918,8.982,8.907,8.966,31659.656663
1695470400,8.968,8.985,8.893,8.905,43783.99521
1695484800,8.905,8.923,8.872,8.904,31838.25088
1695499200,8.901,8.913,8.86,8.905,13649.356742
1695513600,8.905,8.95,8.875,8.913,27574.431546
1695528000,8.917,8.935,8.876,8.908,26745.938592
1695542400,8.908,8.981,8.907,8.96,26597.938153
1695556800,8.96,9.052,8.952,8.988,91252.180588
1695571200,8.986,9.026,8.87,8.884,42988.588326
1695585600,8.882,8.92,8.739,8.78,53018.180252
1695600000,8.779,8.815,8.616,8.784,74452.959187
1695614400,8.785,8.874,8.755,8.864,26256.28374
1695628800,8.866,8.882,8.805,8.807,26066.280704
1695643200,8.809,8.878,8.757,8.869,53587.164274
1695657600,8.874,8.939,8.874,8.931,32990.537167
1695672000,8.933,8.963,8.89,8.949,29437.001596
1695686400,8.951,9.068,8.907,9.016,35142.93182
1695700800,9.02,9.026,8.96,8.96,16381.344688
1695715200,8.958,9.039,8.95,9.024,35158.532874
1695729600,9.024,9.056,8.898,8.929,35517.098117
1695744000,8.921,8.99,8.913,8.987,23363.316922
1695758400,8.99,9.066,8.853,9.049,39139.391066
1695772800,9.044,9.09,9.022,9.073,43696.25766
1695787200,9.072,9.083,9.002,9.012,32189.53491
1695801600,9.012,9.192,8.974,9.13,58185.165688
1695816000,9.135,9.18,8.885,8.933,74046.218661
1695830400,8.934,8.97,8.813,8.941,32276.927222
1695844800,8.943,8.958,8.886,8.928,34458.182797
1695859200,8.928,9.014,8.91,8.964,34110.373218
1695873600,8.96,9.115,8.93,9.097,28685.107197
1695888000,9.095,9.179,9.053,9.127,40499.614211
1695902400,9.13,9.283,9.126,9.273,73611.545279
1695916800,9.268,9.358,9.216,9.258,87443.822705
1695931200,9.261,9.281,9.185,9.273,21196.660142
1695945600,9.274,9.351,9.261,9.336,68737.617508
1695960000,9.333,9.365,9.266,9.338,41970.785704
1695974400,9.343,9.345,9.216,9.222,39832.733581
1695988800,9.222,9.271,9.115,9.203,94565.593737
1696003200,9.207,9.215,9.085,9.091,40718.252045
1696017600,9.092,9.186,9.076,9.179,31096.746203
1696032000,9.18,9.206,9.115,9.136,23387.032362
1696046400,9.14,9.198,9.135,9.171,22623.729183
1696060800,9.178,9.21,9.16,9.16,24329.025346
1696075200,9.156,9.293,9.145,9.243,46400.272935
1696089600,9.243,9.295,9.23,9.256,52437.422043
1696104000,9.257,9.271,9.208,9.239,22068.282508
1696118400,9.24,9.351,9.216,9.337,35977.567188
1696132800,9.338,9.486,9.315,9.453,54618.107296
1696147200,9.458,9.702,9.439,9.633,117919.911802
1696161600,9.64,9.672,9.563,9.61,65699.797281
1696176000,9.61,9.611,9.457,9.505,59052.937983
1696190400,9.503,9.83,9.463,9.75,62078.229639
1696204800,9.758,9.841,9.69,9.779,60011.482943
1696219200,9.781,9.787,9.65,9.771,81021.539544
1696233600,9.776,9.818,9.68,9.681,48627.460795
1696248000,9.685,9.727,9.46,9.507,55738.055725
1696262400,9.502,9.586,9.26,9.394,116178.408125
1696276800,9.39,9.39,9.163,9.321,41206.11036
1696291200,9.32,9.34,9.269,9.3,28267.357603
1696305600,9.298,9.362,9.262,9.35,42171.441384
1696320000,9.347,9.435,9.336,9.394,46683.123389
1696334400,9.394,9.422,9.223,9.253,69009.594633
1696348800,9.249,9.366,9.24,9.326,66059.770919
1696363200,9.329,9.486,9.287,9.416,80723.541201
1696377600,9.417,9.439,9.099,9.308,148115.16202
1696392000,9.309,9.775,9.269,9.616,197155.27597
1696406400,9.62,9.835,9.6,9.718,129864.249355
1696420800,9.724,9.789,9.58,9.741,120465.644336
1696435200,9.74,10.146,9.73,10.021,284162.778338
1696449600,10.018,10.292,9.959,10.1,102537.021146
1696464000,10.092,10.279,10.034,10.045,127226.185614
1696478400,10.048,10.065,9.942,10.016,98247.630644
1696492800,10.011,10.337,9.983,10.188,164903.96189
1696507200,10.188,10.233,9.821,9.935,245280.536808
1696521600,9.931,10.196,9.818,10.182,132489.17128
1696536000,10.18,10.219,10.097,10.128,71736.971211
1696550400,10.133,10.489,10.127,10.416,212275.784137
1696564800,10.416,10.64,10.302,10.616,151015.783358
1696579200,10.616,10.787,10.558,10.633,216233.849806
1696593600,10.633,10.829,10.529,10.743,247298.76659
1696608000,10.751,10.818,10.643,10.646,128182.178591
1696622400,10.648,10.744,10.627,10.655,57699.445676
1696636800,10.658,10.998,10.658,10.933,147096.263912
1696651200,10.936,11.88,10.664,10.776,787396.47267
1696665600,10.776,10.832,10.533,10.57,182246.36912
1696680000,10.569,10.734,10.259,10.507,451253.60358
1696694400,10.504,10.504,10.242,10.279,105592.818279
1696708800,10.282,10.403,10.279,10.349,59450.552984
1696723200,10.352,10.529,10.3,10.471,69190.149234
1696737600,10.476,10.487,10.161,10.224,101511.302679
1696752000,10.22,10.251,10.006,10.043,109980.405882
1696766400,10.034,10.134,9.962,10.039,91824.689281
1696780800,10.04,10.1,9.958,10.099,22080.172953
1696795200,10.093,10.199,10.074,10.083,26638.763046
1696809600,10.081,10.081,9.901,9.953,91475.111663
1696824000,9.956,10.008,9.871,9.885,48777.739081
1696838400,9.886,9.951,9.61,9.64,168505.44298
1696852800,9.638,9.723,9.518,9.534,79175.109346
1696867200,9.533,9.572,9.282,9.505,122514.240673
1696881600,9.504,9.544,9.416,9.535,28123.898165
1696896000,9.542,9.593,9.477,9.59,34215.783377
1696910400,9.581,9.769,9.547,9.762,80444.788031
1696924800,9.762,9.85,9.659,9.672,130045.545584
1696939200,9.67,9.837,9.591,9.603,100918.834379
1696953600,9.605,9.639,9.47,9.509,52440.705427
1696968000,9.512,9.581,9.419,9.526,31351.333915
1696982400,9.523,9.57,9.285,9.324,55132.401119
1696996800,9.328,9.383,9.267,9.275,57578.855406
1697011200,9.277,9.442,9.273,9.378,64047.558478
1697025600,9.382,9.51,9.273,9.321,103511.277747
1697040000,9.319,9.387,9.209,9.353,69558.638578
1697054400,9.356,9.356,9.256,9.304,39355.390235
1697068800,9.301,9.317,9.129,9.137,70055.586495
1697083200,9.134,9.22,9.134,9.167,32778.814815
1697097600,9.162,9.166,8.941,9.049,185869.881833
1697112000,9.048,9.064,8.889,8.965,74861.038035
1697126400,8.964,9.095,8.884,9.062,83784.338196
1697140800,9.061,9.213,9.043,9.111,45601.391967
1697155200,9.112,9.201,9.096,9.115,68811.116578
1697169600,9.117,9.193,9.111,9.155,31290.30749
1697184000,9.157,9.168,9.1,9.136,30203.145475
1697198400,9.137,9.195,9.027,9.03,91046.554231
1697212800,9.027,9.195,9.027,9.16,50407.203249
1697227200,9.158,9.342,9.13,9.154,89459.211082
1697241600,9.155,9.229,9.139,9.226,18643.130682
1697256000,9.23,9.248,9.144,9.185,12387.208524
1697270400,9.191,9.231,9.189,9.195,17198.890696
1697284800,9.2,9.201,9.153,9.196,11081.796819
1697299200,9.2,9.249,9.151,9.167,22327.534678
1697313600,9.166,9.207,9.119,9.147,14984.375246
1697328000,9.145,9.264,9.125,9.171,51962.30344
1697342400,9.174,9.184,9.132,9.167,33563.081518
1697356800,9.167,9.226,9.109,9.117,73585.722849
1697371200,9.114,9.159,9.072,9.133,26278.641948
1697385600,9.129,9.197,9.097,9.162,31765.323992
1697400000,9.165,9.218,9.139,9.177,54517.478668
1697414400,9.176,9.392,9.165,9.38,93728.133904
1697428800,9.38,9.556,9.354,9.478,126568.72128
1697443200,9.478,9.53,9.426,9.479,42529.119474
1697457600,9.477,9.825,9.274,9.314,226665.627341
1697472000,9.312,9.467,9.303,9.406,55015.284839
1697486400,9.401,9.456,9.351,9.401,26433.264311
1697500800,9.401,9.407,9.289,9.312,34743.420335
1697515200,9.315,9.353,9.272,9.341,27000.301677
1697529600,9.34,9.405,9.282,9.297,86045.745551
1697544000,9.295,9.3,8.995,9.139,99418.418964
1697558400,9.137,9.168,9.036,9.128,68647.806567
1697572800,9.134,9.151,9.084,9.107,43495.089332
1697587200,9.102,9.113,9.042,9.11,32201.319724
1697601600,9.11,9.209,9.087,9.131,40693.245352
1697616000,9.132,9.191,9.085,9.13,29512.689419
1697630400,9.138,9.143,8.984,9.017,47148.804426
1697644800,9.01,9.072,8.906,8.934,95586.144141
1697659200,8.934,8.944,8.84,8.908,39835.564188
1697673600,8.904,8.909,8.649,8.806,99922.639719
1697688000,8.804,8.937,8.788,8.923,39127.765195
1697702400,8.928,8.939,8.866,8.92,31423.0192
1697716800,8.921,9.054,8.88,9.016,90607.220354
1697731200,9.011,9.113,8.931,9.062,47863.155664
1697745600,9.068,9.101,9.004,9.067,30782.77313
1697760000,9.065,9.28,9.029,9.232,44656.720064
1697774400,9.233,9.266,9.165,9.219,50331.403789
1697788800,9.221,9.387,9.221,9.248,83609.064682
1697803200,9.253,9.286,9.153,9.178,36965.442016
1697817600,9.176,9.231,9.055,9.224,56964.521936
1697832000,9.228,9.253,9.196,9.216,21287.478368
1697846400,9.217,9.313,9.176,9.224,31068.54222
1697860800,9.224,9.478,9.206,9.449,59205.866198
1697875200,9.45,9.57,9.37,9.555,148504.105299
1697889600,9.56,9.759,9.488,9.735,199802.999629
1697904000,9.734,9.81,9.62,9.661,73998.776183
1697918400,9.665,9.686,9.59,9.635,23439.691368
1697932800,9.635,9.737,9.537,9.599,34983.381151
1697947200,9.599,10.07,9.578,9.871,298105.992798
1697961600,9.868,9.975,9.663,9.7,92625.29613
1697976000,9.704,9.85,9.698,9.767,90542.866368
1697990400,9.769,9.944,9.752,9.885,63148.824412
1698004800,9.879,10.086,9.854,10.082,66898.351535
1698019200,10.089,10.317,9.992,10.237,164087.073103
1698033600,10.232,10.396,10.085,10.157,112422.038036
1698048000,10.157,10.183,9.879,10.019,223293.779239
1698062400,10.019,10.054,9.862,9.977,97487.100547
1698076800,9.974,10.233,9.904,10.218,153808.041037
1698091200,10.215,10.68,10.099,10.589,242796.876352
1698105600,10.591,10.752,10.425,10.436,505360.198418
1698120000,10.437,10.6,10.278,10.458,175890.740264
1698134400,10.46,10.661,10.418,10.654,78293.517135
1698148800,10.652,10.805,10.066,10.222,330179.711117
1698163200,10.229,10.362,10.1,10.297,89090.0667
1698177600,10.282,10.41,10.166,10.326,37284.671502
1698192000,10.318,10.561,10.212,10.38,75023.82885
1698206400,10.394,10.566,10.169,10.248,82376.219163
1698220800,10.249,10.416,10.176,10.325,74483.409448
1698235200,10.332,10.603,10.332,10.55,101943.551451
1698249600,10.549,10.636,10.283,10.464,129778.038233
1698264000,10.47,10.521,10.337,10.521,137117.095086
1698278400,10.522,10.952,10.464,10.913,143398.46476
1698292800,10.917,11.481,10.813,11.362,497701.288102
1698307200,11.367,11.447,10.907,10.979,349672.053391
1698321600,10.974,11.21,10.36,10.532,336969.583412
1698336000,10.518,10.791,10.438,10.779,109062.749184
1698350400,10.775,11.163,10.747,11.048,111686.191784
1698364800,11.041,11.061,10.596,10.743,136202.689234
1698379200,10.751,10.792,10.605,10.614,57915.267698
1698393600,10.612,10.877,10.605,10.707,93380.002722
1698408000,10.71,10.872,10.567,10.727,117032.213677
1698422400,10.718,10.748,10.375,10.572,166927.559687
1698436800,10.573,10.624,10.493,10.594,77810.84632
1698451200,10.596,10.752,10.552,10.751,155672.519614
1698465600,10.752,11.085,10.704,10.864,137089.101324
1698480000,10.864,11.01,10.848,10.892,71081.303384
1698494400,10.894,10.905,10.693,10.835,116847.850491
1698508800,10.831,10.992,10.768,10.908,48446.557476
1698523200,10.921,11.032,10.901,10.966,50179.094693
1698537600,10.969,11.13,10.788,10.836,133415.124413
1698552000,10.834,11.026,10.789,11.013,42383.750553
1698566400,11.02,11.037,10.89,10.932,35409.958667
1698580800,10.93,11.325,10.907,11.166,127670.107693
1698595200,11.177,11.43,11.119,11.257,141256.701324
1698609600,11.26,11.4,11.227,11.376,63231.570313
1698624000,11.38,11.448,11.18,11.202,79997.136112
1698638400,11.198,11.285,11.064,11.196,71289.534232
1698652800,11.198,11.64,11.156,11.531,208568.920534
1698667200,11.533,11.688,11.456,11.6,94225.09211
1698681600,11.611,11.634,11.323,11.52,84143.001303
1698696000,11.519,11.519,11.417,11.462,44761.096428
1698710400,11.459,11.669,11.404,11.425,116048.262935
1698724800,11.428,11.764,11.384,11.446,218617.760698
1698739200,11.454,11.728,11.305,11.638,108356.945114
1698753600,11.634,11.696,10.98,11.219,211579.133389
1698768000,11.212,11.408,11.167,11.231,145387.743332
1698782400,11.213,11.331,11.148,11.322,55294.671541
1698796800,11.324,11.382,11.199,11.219,49225.018683
1698811200,11.227,11.227,10.924,11.064,75122.45337
1698825600,11.065,11.237,10.988,11.051,57720.778649
1698840000,11.054,11.291,10.875,11.043,158915.087341
1698854400,11.042,12.243,11.026,11.974,440839.84357
1698868800,11.974,12.326,11.974,12.224,211957.176742
1698883200,12.224,12.541,12.127,12.4,202812.096421
1698897600,12.402,12.423,11.918,12.011,277971.32586
1698912000,12.009,12.088,11.847,12.077,117525.921163
1698926400,12.07,12.121,11.529,11.53,249983.410747
1698940800,11.525,11.893,11.431,11.881,217200.608512
1698955200,11.887,11.966,11.745,11.88,75224.483529
1698969600,11.881,11.881,11.422,11.734,174012.290949
1698984000,11.729,11.921,11.529,11.799,132125.560565
1698998400,11.79,11.882,11.552,11.683,138203.639239
1699012800,11.684,12.084,11.621,12.012,203343.662245
1699027200,12.013,12.15,11.861,12.037,190254.454099
1699041600,12.037,12.186,12.003,12.093,65584.446119
1699056000,12.107,12.232,11.989,12.142,65765.588585
1699070400,12.145,12.193,11.978,12.006,177742.66725
1699084800,12.008,12.155,11.951,12.0,99528.97195
1699099200,12.0,12.15,11.927,12.076,173495.037557
1699113600,12.062,12.129,12.031,12.057,63005.644035
1699128000,12.056,12.327,12.033,12.214,84002.198845
1699142400,12.213,12.365,12.104,12.347,83914.595885
1699156800,12.35,12.398,12.222,12.394,80967.535646
1699171200,12.394,12.64,12.289,12.56,159842.058238
1699185600,12.56,12.675,12.196,12.267,309551.677911
1699200000,12.259,12.48,12.241,12.371,63590.754146
1699214400,12.35,12.444,12.107,12.353,75732.184225
1699228800,12.354,12.657,12.3,12.571,85472.061454
1699243200,12.57,12.698,12.233,12.613,188573.191499
1699257600,12.62,13.135,12.55,13.032,202754.967867
1699272000,13.035,13.158,12.864,12.984,167544.502907
1699286400,12.983,13.033,12.78,13.008,119015.807033
1699300800,13.011,13.105,12.849,13.078,80770.126472
1699315200,13.075,13.104,12.704,12.887,160770.265503
1699329600,12.886,13.066,12.797,13.032,70122.653206
1699344000,13.036,13.038,12.606,12.672,124894.573276
1699358400,12.69,12.75,12.315,12.5,293717.19944
1699372800,12.502,12.888,12.288,12.818,256538.52851
1699387200,12.828,12.989,12.738,12.807,125208.895406
1699401600,12.804,12.837,12.664,12.768,46039.020335
1699416000,12.771,12.899,12.688,12.81,79819.150051
1699430400,12.81,12.897,12.768,12.789,153179.804391
1699444800,12.791,12.87,12.69,12.774,132604.501744
1699459200,12.769,13.097,12.734,13.0,141695.151375
1699473600,12.999,13.158,12.921,12.988,178653.442016
1699488000,12.99,13.305,12.907,13.22,123508.492818
1699502400,13.221,13.47,13.2,13.295,135763.420185
1699516800,13.292,13.745,13.292,13.71,189416.854927
1699531200,13.706,13.966,13.503,13.729,337272.166676
1699545600,13.727,13.826,11.621,12.732,683951.247813
1699560000,12.723,13.01,12.313,12.974,182993.006864
1699574400,12.973,13.586,12.891,13.435,224132.442489
1699588800,13.436,13.477,13.155,13.326,150119.385353
1699603200,13.326,13.39,13.02,13.39,266997.259272
1699617600,13.385,13.504,12.887,13.308,350518.032487
1699632000,13.31,14.847,13.295,14.512,724181.743234
1699646400,14.513,14.855,14.409,14.744,214008.175985
1699660800,14.746,14.84,14.144,14.148,513847.440556
1699675200,14.15,14.376,13.992,14.242,326132.567277
1699689600,14.253,14.325,14.098,14.233,117847.200493
1699704000,14.214,15.5,14.136,15.149,701162.887936
1699718400,15.153,16.79,15.135,16.716,832095.716314
1699732800,16.71,17.014,16.244,16.79,562579.015706
1699747200,16.791,17.014,15.883,16.534,316020.342547
1699761600,16.531,18.542,16.303,18.404,386096.715369
1699776000,18.403,19.169,18.034,18.548,539610.193569
1699790400,18.538,18.672,17.666,18.067,411230.522079
1699804800,18.085,18.502,17.721,18.399,243341.018074
1699819200,18.399,19.741,18.263,18.969,408001.083152
1699833600,18.967,19.746,18.116,18.196,331054.283451
1699848000,18.195,18.507,17.84,18.083,157567.145181
1699862400,18.087,18.4,17.703,17.931,202765.167251
1699876800,17.93,18.013,17.042,17.594,383281.768804
1699891200,17.595,17.729,17.05,17.266,224808.383927
1699905600,17.265,17.315,16.103,16.113,358646.043213
1699920000,16.114,16.801,15.557,16.723,329867.665023
1699934400,16.722,17.323,16.61,17.278,143329.779379
1699948800,17.261,17.684,16.528,16.772,210340.064128
1699963200,16.762,18.113,16.447,17.309,493828.774344
1699977600,17.306,17.883,16.186,16.726,421598.192912
1699992000,16.725,17.269,16.661,17.052,126443.062403
1700006400,17.053,17.58,17.008,17.407,165365.837988
1700020800,17.399,19.027,17.37,18.605,407822.898208
1700035200,18.604,19.86,18.48,19.656,468299.687381
1700049600,19.66,20.6,19.2,20.446,597041.459639
1700064000,20.448,20.95,19.929,20.719,655357.891025
1700078400,20.726,20.958,20.15,20.689,266399.635775
1700092800,20.683,22.661,20.237,22.438,462714.984767
1700107200,22.443,24.0,21.989,23.409,689580.299503
1700121600,23.39,24.073,22.728,23.145,549820.978008
1700136000,23.143,23.591,22.278,22.789,765202.413131
1700150400,22.779,23.06,20.773,22.006,541591.728635
1700164800,22.004,22.35,20.947,21.702,484372.836148
1700179200,21.703,24.67,21.703,23.529,862103.349078
1700193600,23.524,23.95,22.597,22.698,395735.965047
1700208000,22.692,22.92,21.42,21.774,557231.669447
1700222400,21.776,22.291,20.0,20.166,455853.67719
1700236800,20.164,21.732,20.121,21.184,371125.286687
1700251200,21.182,22.745,21.182,21.94,207898.128662
1700265600,21.941,21.996,20.751,20.819,206246.283866
1700280000,20.817,21.263,20.166,21.065,178339.257167
1700294400,21.057,21.393,20.812,21.053,132876.627433
1700308800,21.051,22.46,20.628,22.213,304488.98163
1700323200,22.22,22.69,21.709,22.266,282353.190401
1700337600,22.287,22.427,21.793,21.979,99966.423557
1700352000,21.988,21.988,20.75,21.119,232148.464062
1700366400,21.108,21.873,20.954,21.721,189233.035717
1700380800,21.732,22.178,21.189,21.319,188707.220076
1700395200,21.324,21.596,21.046,21.531,117327.098785
1700409600,21.539,22.309,21.373,22.28,124019.514838
1700424000,22.275,23.036,21.84,22.849,163940.512241
1700438400,22.853,23.254,22.341,22.57,290438.137732
1700452800,22.573,22.76,22.096,22.354,144221.851057
1700467200,22.346,22.54,21.803,21.949,162161.153315
1700481600,21.938,22.157,21.46,21.892,213073.467094
1700496000,21.897,22.015,21.106,21.248,149943.766889
1700510400,21.262,21.438,20.716,20.852,126004.044453
1700524800,20.852,21.087,20.42,20.81,149912.512986
1700539200,20.8,21.036,20.581,20.601,95385.007579
1700553600,20.611,21.71,20.589,21.424,140372.120614
1700568000,21.447,21.923,20.534,21.495,325597.590764
1700582400,21.511,22.299,20.03,20.808,592773.884467
1700596800,20.801,21.053,18.92,19.02,344626.25993
1700611200,19.011,19.9,18.913,19.891,285021.985845
1700625600,19.898,20.475,19.68,20.177,171161.369464
1700640000,20.164,20.394,19.877,19.963,127408.327339
1700654400,19.962,20.412,19.813,19.993,165455.941125
1700668800,19.995,21.251,19.742,20.927,170119.899235
1700683200,20.923,21.174,20.72,20.782,101528.657192
1700697600,20.79,21.255,20.608,20.826,95831.767903
1700712000,20.831,21.485,20.772,21.074,91579.995606
1700726400,21.075,21.256,20.665,20.828,80235.174321
1700740800,20.828,21.178,20.492,20.611,114257.699221
1700755200,20.611,20.908,20.428,20.499,49544.334359
1700769600,20.492,20.873,20.467,20.636,24793.214539
1700784000,20.643,20.846,20.454,20.748,57518.777619
1700798400,20.751,20.993,20.504,20.704,79366.759447
1700812800,20.703,21.491,20.578,21.087,275396.209168
1700827200,21.086,21.692,21.028,21.582,128934.711299
1700841600,21.576,21.869,20.929,21.013,106070.854201
1700856000,21.002,21.224,20.691,20.89,68297.015654
1700870400,20.9,21.481,20.714,21.349,100780.517347
1700884800,21.349,21.355,21.088,21.175,51294.930519
1700899200,21.173,21.269,20.624,20.737,59634.295199
1700913600,20.738,20.976,20.718,20.969,51759.584111
1700928000,20.976,21.248,20.962,21.147,56603.181079
1700942400,21.153,21.368,21.109,21.359,34884.925171
1700956800,21.367,21.42,20.965,21.029,51041.065482
1700971200,21.035,21.516,20.941,21.268,37939.085862
1700985600,21.274,21.394,21.005,21.054,36540.47613
1701000000,21.05,21.191,20.664,20.696,85447.825426
1701014400,20.697,20.846,20.054,20.837,130804.514999
1701028800,20.85,21.44,20.807,21.066,111517.13117
1701043200,21.074,21.302,20.5,20.635,57178.183075
1701057600,20.63,20.92,20.262,20.512,70782.86541
1701072000,20.51,20.691,20.236,20.51,72559.576665
1701086400,20.515,20.718,20.059,20.12,107660.568759
1701100800,20.121,20.553,19.815,19.997,88927.953539
1701115200,19.997,20.408,19.85,20.358,45917.695317
1701129600,20.36,20.461,20.14,20.21,35156.930769
1701144000,20.222,20.287,19.504,19.725,96266.439148
1701158400,19.724,20.199,19.569,20.186,81094.827994
1701172800,20.188,20.445,20.001,20.351,135976.521993
1701187200,20.363,20.868,20.26,20.691,226378.243645
1701201600,20.683,20.772,20.504,20.689,65519.026725
1701216000,20.694,20.972,20.54,20.856,126563.151977
1701230400,20.856,21.388,20.743,21.145,181895.88642
1701244800,21.145,21.569,20.829,21.192,167891.710373
1701259200,21.192,21.299,20.758,21.272,137219.533404
1701273600,21.274,21.347,20.8,21.077,114532.08115
1701288000,21.083,21.289,20.813,21.112,59493.161484
1701302400,21.111,21.452,20.833,21.35,154457.340705
1701316800,21.369,21.469,21.0,21.04,111070.920041
1701331200,21.04,21.105,20.897,21.079,79816.568967
1701345600,21.092,21.185,20.812,21.082,169051.223076
1701360000,21.08,21.128,20.916,21.068,44641.29233
1701374400,21.071,21.5,21.042,21.391,75840.420258
1701388800,21.397,22.371,21.106,22.371,300029.38702
1701403200,22.371,22.63,22.081,22.274,177243.250655
1701417600,22.276,22.572,22.21,22.336,112079.623769
1701432000,22.333,22.439,22.175,22.203,154183.122312
1701446400,22.209,22.382,21.815,21.821,218179.368525
1701460800,21.832,21.968,21.725,21.859,46767.997622
1701475200,21.858,22.1,21.746,22.046,68518.806901
1701489600,22.039,22.261,21.869,22.085,72571.349686
1701504000,22.101,22.147,21.952,21.994,49452.058149
1701518400,21.996,22.083,21.757,21.956,54735.574751
1701532800,21.938,22.453,21.9,22.292,84426.323225
1701547200,22.289,22.387,22.058,22.246,55485.636695
1701561600,22.238,22.741,22.174,22.298,92040.535862
1701576000,22.311,22.335,22.013,22.174,31621.197896
1701590400,22.173,22.192,21.892,22.018,41079.243063
1701604800,22.012,22.014,21.561,21.822,98060.910212
1701619200,21.833,21.86,21.609,21.732,39378.375809
1701633600,21.731,22.277,21.721,21.944,70310.013365
1701648000,21.934,22.456,21.893,22.139,116516.981488
1701662400,22.139,22.72,22.139,22.43,153053.251654
1701676800,22.455,23.21,20.365,22.012,399792.687147
1701691200,22.002,22.086,21.152,21.403,203105.911098
1701705600,21.4,21.87,21.376,21.753,104721.711419
1701720000,21.765,22.722,21.738,22.703,151124.893775
1701734400,22.689,23.21,22.344,22.714,232192.150186
1701748800,22.718,22.879,22.012,22.178,124274.202155
1701763200,22.166,22.266,21.864,22.0,60285.441486
1701777600,22.0,22.41,21.798,22.357,86701.174268
1701792000,22.355,24.22,22.203,23.535,343927.81153
1701806400,23.554,24.84,23.388,24.544,211072.29401
1701820800,24.543,26.962,24.454,26.699,648426.031355
1701835200,26.686,26.764,25.288,25.896,237168.868051
1701849600,25.9,26.362,25.167,25.57,244547.386719
1701864000,25.571,26.683,25.444,25.814,239198.251379
1701878400,25.797,27.708,25.642,27.386,492303.177696
1701892800,27.409,27.462,26.03,26.192,165085.094209
1701907200,26.216,26.462,25.743,26.361,131728.258436
1701921600,26.377,27.091,26.293,26.624,81460.489786
1701936000,26.61,27.93,26.071,26.51,714565.011562
1701950400,26.521,26.94,25.877,26.873,348798.782179
1701964800,26.877,27.211,26.355,26.423,183264.114403
1701979200,26.436,26.826,26.128,26.27,194382.261321
1701993600,26.269,26.864,26.036,26.696,172303.674644
1702008000,26.69,27.49,26.508,26.885,261982.076289
1702022400,26.898,27.762,26.777,27.532,248020.632348
1702036800,27.526,28.552,27.01,27.703,365405.874707
1702051200,27.711,29.496,27.699,29.41,287379.837821
1702065600,29.42,30.8,29.127,30.435,374047.76548
1702080000,30.445,32.198,30.445,31.789,466094.025152
1702094400,31.787,32.983,31.44,32.839,256194.746509
1702108800,32.856,34.274,32.104,33.564,579558.52666
1702123200,33.578,33.982,32.587,32.945,308785.164907
1702137600,32.949,32.975,31.263,32.177,276461.669403
1702152000,32.193,32.457,31.333,31.898,190857.094596
1702166400,31.914,33.422,31.914,32.915,278170.077268
1702180800,32.925,34.267,32.259,32.64,283494.807272
1702195200,32.616,32.736,31.521,32.267,169327.340765
1702209600,32.27,33.306,32.183,33.146,148803.357769
1702224000,33.13,35.802,32.623,35.552,438265.045561
1702238400,35.553,37.999,35.281,37.151,455654.748782
1702252800,37.168,37.518,31.157,36.409,928466.410824
1702267200,36.411,37.219,34.547,35.293,579565.869775
1702281600,35.271,36.899,34.25,36.398,379857.29178
1702296000,36.373,36.743,34.696,35.451,388318.94417
1702310400,35.433,37.575,34.902,36.842,726236.023944
1702324800,36.825,39.418,35.68,38.024,473511.325957
1702339200,38.033,43.0,38.024,41.944,671611.617623
1702353600,41.945,42.629,40.741,40.925,345805.517246
1702368000,40.956,41.378,40.014,40.055,265423.937579
1702382400,40.05,40.715,37.002,37.656,493144.995744
1702396800,37.645,38.366,36.003,37.68,335778.286822
1702411200,37.663,38.019,36.272,37.506,226162.13407
1702425600,37.513,37.575,34.616,35.004,312048.814388
1702440000,34.999,35.554,34.021,35.267,251290.121585
1702454400,35.264,36.765,35.168,35.869,252019.451697
1702468800,35.868,40.499,35.8,38.998,843788.760084
1702483200,39.017,41.496,37.974,41.074,388141.234648
1702497600,41.077,41.35,38.758,38.973,303720.93006
1702512000,38.974,39.369,38.135,38.731,217775.691223
1702526400,38.733,39.15,38.077,38.696,158182.78404
1702540800,38.697,39.658,37.7,39.624,207382.013258
1702555200,39.587,39.592,36.272,38.25,359843.958428
1702569600,38.239,39.565,38.236,38.862,219133.527326
1702584000,38.838,40.333,38.498,39.275,141185.698367
1702598400,39.287,39.694,38.519,39.498,124965.768861
1702612800,39.495,40.45,38.94,39.346,231768.693465
1702627200,39.344,41.449,39.05,40.957,287831.35438
1702641600,40.971,41.788,39.535,40.399,388802.394614
1702656000,40.381,42.209,39.042,41.256,293978.430401
1702670400,41.265,42.272,39.625,39.72,277348.34896
1702684800,39.724,41.314,38.461,41.158,251023.015044
1702699200,41.147,42.308,40.828,41.834,204502.187795
1702713600,41.847,43.75,41.587,43.649,198598.761521
1702728000,43.629,45.074,42.718,44.888,350584.448007
1702742400,44.906,45.375,42.454,42.49,343532.140879
1702756800,42.497,43.26,41.77,42.224,159938.685645
1702771200,42.226,43.573,42.02,43.374,158631.006034
1702785600,43.352,44.063,41.293,41.465,239111.185729
1702800000,41.464,42.661,41.31,42.301,142697.222761
1702814400,42.3,42.431,40.764,42.063,195059.384869
1702828800,42.065,43.3,41.472,41.859,178103.123571
1702843200,41.86,42.084,40.3,40.63,122772.500456
1702857600,40.622,41.428,39.0,39.548,219866.841758
1702872000,39.548,40.193,38.479,38.839,175967.22488
1702886400,38.839,39.305,36.48,38.175,281982.210677
1702900800,38.188,40.02,37.62,39.107,257754.275574
1702915200,39.132,40.535,38.819,39.818,175388.179195
1702929600,39.813,41.455,39.315,41.138,132596.031284
1702944000,41.141,42.174,40.652,40.749,149700.587505
1702958400,40.754,41.159,40.336,40.8,106418.835354
1702972800,40.816,41.521,40.359,41.008,230850.415081
1702987200,41.018,41.652,39.394,39.784,240835.083656
1703001600,39.796,41.035,38.757,40.5,187771.345931
1703016000,40.527,41.043,39.466,39.768,140838.076443
1703030400,39.745,40.338,39.09,40.271,130635.135775
1703044800,40.272,41.936,40.0,41.478,261415.737334
1703059200,41.488,43.032,41.244,42.542,320492.782971
1703073600,42.542,43.925,42.127,43.713,272686.785474
1703088000,43.724,44.5,42.506,42.948,302633.341465
1703102400,42.963,43.513,42.155,43.461,172668.892812
1703116800,43.468,44.96,43.068,44.182,174804.111167
1703131200,44.193,45.471,44.052,44.819,233712.385583
1703145600,44.819,46.409,44.598,45.405,241199.259609
1703160000,45.409,45.69,44.347,44.694,175880.956257
1703174400,44.697,47.416,44.682,45.697,260365.993149
1703188800,45.651,46.342,45.261,45.964,111431.636365
1703203200,45.973,48.902,45.973,47.738,341637.710754
1703217600,47.736,48.553,45.403,45.85,279940.240238
1703232000,45.85,46.145,43.62,44.591,237292.529464
1703246400,44.585,45.208,43.76,45.123,212771.787546
1703260800,45.105,46.138,44.325,45.049,136674.549896
1703275200,45.061,45.63,44.534,45.356,65734.150545
1703289600,45.357,45.357,43.4,43.891,166551.873678
1703304000,43.877,45.69,43.675,45.123,122464.670161
1703318400,45.129,46.026,44.817,45.013,151842.335056
1703332800,45.002,45.562,44.789,45.059,111346.903186
1703347200,45.055,45.884,44.288,45.238,147169.059137
1703361600,45.263,48.319,45.263,48.043,214197.169997
1703376000,48.043,48.604,46.459,48.506,200926.024523
1703390400,48.526,49.95,46.309,48.205,306769.753505
1703404800,48.208,48.365,46.44,47.477,110201.11857
1703419200,47.482,48.023,47.048,47.855,79905.305804
1703433600,47.86,49.438,47.625,49.382,128644.861563
1703448000,49.343,49.345,46.336,47.692,112960.094102
1703462400,47.678,48.404,46.538,47.403,83404.545481
1703476800,47.392,47.859,46.912,47.013,66801.208171
1703491200,47.017,47.289,45.934,46.471,87480.624052
1703505600,46.456,48.87,46.134,48.688,150039.988922
1703520000,48.674,48.9,47.463,47.699,126273.885899
1703534400,47.691,48.487,46.884,48.171,105939.761963
1703548800,48.187,48.36,46.947,47.35,87690.168975
1703563200,47.371,47.568,45.152,46.043,202404.461812
1703577600,46.03,46.729,45.681,46.579,173040.046741
1703592000,46.571,46.699,44.8,44.867,134132.538595
1703606400,44.875,45.553,40.503,43.0,311643.219945
1703620800,42.993,44.565,42.961,44.421,129700.193286
1703635200,44.406,44.865,42.473,42.756,162776.865998
1703649600,42.746,43.842,42.721,43.287,116722.954688
1703664000,43.276,44.947,43.03,44.485,140716.635391
1703678400,44.486,44.544,43.0,43.234,180486.667439
1703692800,43.243,43.291,41.895,42.883,206134.831077
1703707200,42.878,43.486,42.042,42.411,88988.25367
1703721600,42.424,43.393,41.52,42.174,174519.481758
1703736000,42.18,42.656,40.986,41.479,165734.759952
1703750400,41.492,42.338,41.211,42.129,196257.566276
1703764800,42.126,42.254,39.255,40.102,324979.760135
1703779200,40.077,40.325,39.246,39.929,169515.419523
1703793600,39.942,40.479,39.389,39.802,98397.595744
1703808000,39.813,41.162,38.49,41.029,274109.621289
1703822400,41.074,41.737,40.502,40.575,190076.840373
1703836800,40.592,42.149,40.557,41.817,189701.180634
1703851200,41.846,42.048,39.449,39.829,274408.540084
1703865600,39.858,40.498,39.277,40.375,189133.401601
1703880000,40.381,40.486,39.35,40.191,79878.039208
1703894400,40.174,40.368,39.517,39.749,74555.674861
1703908800,39.739,40.024,39.036,39.126,105160.404258
1703923200,39.119,39.173,38.156,39.163,140198.333513
1703937600,39.161,39.878,38.952,39.822,113546.920374
1703952000,39.821,40.128,39.491,39.962,120967.374381
1703966400,39.951,40.09,39.122,39.332,64895.78366
1703980800,39.336,39.58,38.58,38.899,84406.970981
1703995200,38.902,40.36,38.818,40.325,90435.489797
1704009600,40.337,40.558,39.84,39.977,129815.509376
1704024000,39.968,40.271,39.169,39.21,124556.116235
1704038400,39.219,39.941,39.194,39.334,65484.519737
1704052800,39.333,39.69,37.486,38.554,104147.323186
1704067200,38.579,39.666,38.326,38.507,94751.344807
1704081600,38.492,38.682,38.049,38.522,73699.191307
1704096000,38.534,39.883,38.47,39.513,120494.217263
1704110400,39.549,40.271,39.316,40.143,93867.365074
1704124800,40.161,41.087,39.879,41.066,153819.752743
1704139200,41.058,42.006,40.748,41.934,154398.202104
1704153600,41.939,42.867,41.608,42.071,180998.493056
1704168000,42.079,43.338,41.9,43.168,142999.487478
1704182400,43.201,43.433,41.969,42.272,158556.144821
1704196800,42.31,42.472,40.514,41.152,157766.315101
1704211200,41.163,41.43,40.53,40.764,91575.715994
1704225600,40.794,41.054,40.315,40.604,69741.181058
1704240000,40.632,40.995,40.377,40.741,85113.200429
1704254400,40.72,41.271,40.568,40.683,78572.114473
1704268800,40.68,41.427,38.845,39.363,221292.713511
1704283200,39.331,39.333,30.575,37.085,1091139.981233
1704297600,37.093,37.206,35.56,36.208,292206.384258
1704312000,36.208,37.442,36.15,36.784,165333.242538
1704326400,36.786,37.192,36.19,36.991,94300.493083
1704340800,36.987,37.377,36.584,36.591,86467.890342
1704355200,36.61,37.153,36.074,37.038,106671.192841
1704369600,37.041,39.5,36.799,39.311,257577.857853
1704384000,39.313,39.382,38.011,38.772,211063.525017
1704398400,38.772,39.423,38.3,38.713,149357.243969
1704412800,38.736,38.917,36.527,36.954,219236.395449
1704427200,36.978,37.317,36.677,37.039,131568.37877
1704441600,37.06,37.744,36.341,36.413,207709.980046
1704456000,36.428,36.98,35.513,36.099,225092.66877
1704470400,36.088,36.292,34.929,35.779,157622.733573
1704484800,35.795,36.578,35.778,36.46,117214.702192
1704499200,36.469,36.507,35.375,35.439,75542.979114
1704513600,35.455,35.754,33.424,34.465,180491.802887
1704528000,34.464,35.022,34.123,34.758,99349.081718
1704542400,34.766,35.168,34.366,34.943,75756.12195
1704556800,34.921,35.403,34.533,34.74,120846.341136
1704571200,34.726,34.894,33.657,34.632,87399.645921
1704585600,34.599,35.449,34.238,34.523,132373.480612
1704600000,34.536,35.77,34.507,35.085,100236.981348
1704614400,35.08,35.329,34.333,34.901,84151.86016
1704628800,34.909,35.75,34.467,34.686,137813.411288
1704643200,34.686,35.513,34.208,34.939,131697.470967
1704657600,34.944,35.023,33.09,33.626,101926.839669
1704672000,33.653,33.983,31.006,31.904,274754.478167
1704686400,31.898,33.221,31.627,32.625,226462.420301
1704700800,32.627,33.79,32.327,33.71,140506.984868
1704715200,33.711,34.539,33.572,34.268,372470.583989
1704729600,34.235,36.465,33.934,36.195,340739.904951
1704744000,36.224,36.304,35.453,36.079,157644.033263
1704758400,36.057,36.546,35.0,35.955,155875.642092
1704772800,35.946,37.623,35.907,37.032,231320.734249
1704787200,37.044,37.492,36.184,36.452,161781.558948
1704801600,36.436,36.567,34.502,35.604,324357.40161
1704816000,35.596,35.744,34.653,35.082,138397.55141
1704830400,35.072,35.785,33.771,34.648,374511.081197
1704844800,34.648,34.902,34.156,34.471,97493.673737
1704859200,34.487,34.734,34.125,34.146,71595.030422
1704873600,34.154,35.261,33.683,34.942,173843.686792
1704888000,34.924,35.003,33.283,34.726,231232.090893
1704902400,34.718,35.979,34.5,35.36,167955.262012
1704916800,35.361,39.625,34.38,38.549,623345.655953
1704931200,38.555,38.847,38.007,38.748,177363.183743
1704945600,38.747,39.289,37.529,38.406,180165.792483
1704960000,38.394,39.768,38.366,39.695,160221.292507
1704974400,39.707,41.791,38.941,39.492,404213.595227
1704988800,39.494,39.957,38.356,39.939,189873.177989
1705003200,39.96,40.408,39.111,39.3,86105.371087
1705017600,39.301,39.571,38.337,38.799,64834.831422
1705032000,38.794,39.347,38.46,38.71,50013.12518
1705046400,38.709,39.031,38.2,38.601,80193.689755
1705060800,38.603,38.981,37.109,37.4,129554.956349
1705075200,37.392,37.741,35.902,36.587,158748.904613
1705089600,36.583,37.259,34.191,35.902,172999.499683
1705104000,35.918,36.169,34.699,35.467,92081.584635
1705118400,35.476,36.086,35.385,35.857,79517.776097
1705132800,35.87,36.11,35.565,35.868,68843.278164
1705147200,35.896,36.301,35.647,36.133,65380.844179
1705161600,36.121,36.457,35.869,36.238,80237.185216
1705176000,36.268,36.634,36.137,36.492,55217.369294
1705190400,36.492,36.597,35.841,36.03,79180.668208
1705204800,36.036,37.231,35.81,36.414,146905.157694
1705219200,36.414,36.959,36.238,36.387,64298.560238
1705233600,36.402,37.26,36.17,37.193,114309.787506
1705248000,37.205,37.875,36.04,36.089,124295.425418
1705262400,36.128,36.558,35.291,35.298,65160.412428
1705276800,35.292,36.475,35.235,36.027,60336.707856
1705291200,36.034,36.427,35.768,35.987,44819.410703
1705305600,35.992,36.52,35.875,36.336,65976.344661
1705320000,36.347,36.494,35.144,35.288,72864.966343
1705334400,35.269,36.807,35.193,36.406,71958.226077
1705348800,36.394,36.509,35.369,35.618,34268.4992
1705363200,35.607,36.262,35.603,36.257,36885.235132
1705377600,36.263,36.274,35.504,35.81,50426.433148
1705392000,35.811,36.548,35.625,35.769,70024.338235
1705406400,35.768,36.257,34.777,35.656,83724.076196
1705420800,35.673,35.879,35.365,35.499,49307.952524
1705435200,35.516,36.233,35.506,35.573,50146.677996
1705449600,35.587,36.413,35.494,36.2,82323.944481
1705464000,36.207,36.25,35.385,35.444,54961.935385
1705478400,35.427,36.511,35.308,36.26,125617.890891
1705492800,36.251,36.5,35.739,35.78,118578.86895
1705507200,35.8,36.128,35.244,35.946,88702.702732
1705521600,35.937,36.437,35.761,36.076,67138.944801
1705536000,36.066,36.189,35.5,35.71,44619.683933
1705550400,35.702,35.959,35.418,35.867,44947.971167
1705564800,35.868,35.912,35.055,35.27,93665.188255
1705579200,35.257,35.379,34.824,35.219,57077.993653
1705593600,35.193,35.211,32.7,32.977,164083.230763
1705608000,32.948,33.899,32.906,33.594,87538.339766
1705622400,33.608,33.708,32.575,33.124,66948.71279
1705636800,33.143,33.737,33.03,33.438,50399.06288
1705651200,33.443,33.74,33.299,33.697,42084.90749
1705665600,33.69,33.693,32.465,32.662,108067.080165
1705680000,32.658,32.88,31.186,32.735,174208.516564
1705694400,32.741,33.141,32.421,32.741,78828.164952
1705708800,32.741,33.0,32.446,32.756,58099.896436
1705723200,32.762,32.942,32.574,32.594,40699.933883
1705737600,32.588,32.733,32.037,32.393,60900.337533
1705752000,32.396,32.695,32.258,32.467,58407.247729
1705766400,32.462,32.6,32.176,32.349,34974.485339
1705780800,32.345,32.956,32.287,32.885,44856.569663
1705795200,32.884,33.125,32.293,33.016,88748.086513
1705809600,33.016,33.249,32.769,33.083,53020.43131
1705824000,33.096,33.446,32.97,33.306,73020.393302
1705838400,33.32,33.536,32.824,32.973,112638.318096
1705852800,32.98,33.263,32.676,33.114,46837.446554
1705867200,33.121,33.143,32.464,32.548,50324.515105
1705881600,32.531,32.739,31.973,32.239,68963.337959
1705896000,32.234,32.409,31.609,31.979,110711.599997
1705910400,31.971,31.989,30.677,31.196,121830.158632
1705924800,31.192,31.635,30.172,30.601,110569.543402
1705939200,30.626,30.799,29.315,29.861,148396.466579
1705953600,29.866,30.6,29.429,29.523,109578.237733
1705968000,29.525,30.223,29.32,29.926,81516.157706
1705982400,29.949,30.224,29.143,29.33,61872.170533
1705996800,29.327,29.486,27.41,27.915,246279.839762
1706011200,27.934,29.306,27.227,29.106,188289.600029
1706025600,29.084,29.47,28.672,28.878,182638.779317
1706040000,28.879,30.715,28.783,30.634,155705.05614
1706054400,30.628,30.691,29.527,29.591,116646.109128
1706068800,29.621,30.757,29.5,30.566,71135.358156
1706083200,30.576,31.811,30.499,31.248,133433.835285
1706097600,31.245,31.931,30.534,30.975,147158.838203
1706112000,30.994,31.631,30.484,30.654,87685.462882
1706126400,30.645,31.287,29.824,31.188,121302.092711
1706140800,31.186,31.354,30.568,30.75,40770.748428
1706155200,30.742,30.789,30.234,30.563,32076.135135
1706169600,30.563,30.663,30.045,30.355,43517.645604
1706184000,30.357,30.464,29.621,29.794,50494.256582
1706198400,29.798,31.069,29.671,30.533,90868.860982
1706212800,30.556,30.736,30.278,30.503,34497.293986
1706227200,30.501,30.947,30.121,30.743,54070.002335
1706241600,30.745,30.93,30.461,30.623,43841.817588
1706256000,30.619,32.344,30.617,32.26,108970.998752
1706270400,32.271,32.398,31.514,32.159,102130.561743
1706284800,32.157,33.141,32.104,32.714,149155.247076
1706299200,32.689,32.964,32.14,32.237,69862.354269
1706313600,32.266,32.83,32.144,32.686,33979.914458
1706328000,32.712,32.9,31.99,32.09,45437.191286
1706342400,32.09,32.442,31.862,32.33,27967.060534
1706356800,32.325,32.801,32.242,32.642,25634.152652
1706371200,32.662,32.856,32.315,32.737,42856.762732
1706385600,32.74,33.313,32.715,33.283,34418.09888
1706400000,33.291,36.289,33.2,35.892,239367.509315
1706414400,35.867,36.399,35.333,35.694,219005.91267
1706428800,35.706,36.755,35.603,36.167,129888.673904
1706443200,36.166,36.34,35.319,35.648,141415.967432
1706457600,35.628,35.999,34.426,34.646,129341.765779
1706472000,34.645,35.13,34.387,34.825,50899.686251
1706486400,34.83,35.761,34.553,35.417,158653.857934
1706500800,35.402,35.559,34.813,34.891,127454.39851
1706515200,34.884,35.352,34.726,34.93,55488.762705
1706529600,34.953,35.863,34.346,35.79,96770.346839
1706544000,35.802,36.543,35.465,35.94,151943.305729
1706558400,35.954,36.279,35.82,36.044,58906.153063
1706572800,36.071,36.463,35.632,35.796,68863.026065
1706587200,35.749,36.049,35.489,35.722,68398.669095
1706601600,35.76,37.167,35.518,37.002,147965.586228
1706616000,37.0,37.031,35.613,36.143,118263.838174
1706630400,36.162,36.519,35.792,36.198,67364.398535
1706644800,36.203,36.357,35.0,35.235,49734.572928
1706659200,35.238,35.316,34.665,34.959,48975.884275
1706673600,34.945,35.189,34.635,35.008,48234.968322
1706688000,34.99,35.049,34.019,34.739,50982.289667
1706702400,34.724,35.475,34.288,35.225,84530.590284
1706716800,35.217,35.49,34.695,35.151,101458.147799
1706731200,35.199,35.244,33.14,33.181,89183.390538
1706745600,33.179,33.323,32.306,32.894,85145.421144
1706760000,32.887,33.485,32.768,33.357,46982.978838
1706774400,33.355,33.544,33.02,33.048,35111.02387
1706788800,33.076,33.945,32.815,33.376,63097.477764
1706803200,33.375,33.856,32.931,33.7,72391.201791
1706817600,33.722,33.97,33.525,33.848,56026.58693
1706832000,33.864,34.494,33.758,34.384,85916.647156
1706846400,34.39,34.926,34.055,34.891,58243.802477
1706860800,34.908,36.314,34.681,36.253,128168.881843
1706875200,36.266,36.833,35.389,36.598,128030.122373
1706889600,36.582,36.964,35.82,36.23,80906.860549
1706904000,36.238,36.801,36.098,36.766,47599.450923
1706918400,36.752,37.611,36.0,36.031,82434.636596
1706932800,36.03,36.425,35.856,35.96,32155.984592
1706947200,35.974,36.125,35.559,35.738,39636.177764
1706961600,35.718,35.916,35.399,35.8,33964.404653
1706976000,35.789,36.623,35.742,36.25,60674.609027
1706990400,36.272,36.291,35.868,35.953,21457.938415
1707004800,35.939,36.54,35.73,36.203,28234.888551
1707019200,36.204,36.22,35.49,35.696,29729.876301
1707033600,35.72,36.141,35.406,35.98,28476.061721
1707048000,35.977,36.29,35.56,35.767,30363.856219
1707062400,35.771,35.859,35.329,35.476,21869.785552
1707076800,35.477,35.587,34.684,34.827,58037.648665
1707091200,34.862,35.065,34.318,34.918,41819.859077
1707105600,34.937,35.725,34.695,35.574,51570.976714
1707120000,35.573,35.767,35.309,35.634,37321.906339
1707134400,35.634,35.906,34.575,34.652,55607.012642
1707148800,34.654,34.862,34.436,34.587,28051.769078
1707163200,34.59,34.598,34.125,34.546,28703.466763
1707177600,34.554,34.75,34.331,34.47,26160.963957
1707192000,34.479,34.556,34.049,34.296,28060.687527
1707206400,34.281,34.542,33.716,34.0,58884.268226
1707220800,34.0,34.252,33.75,34.249,58244.397608
1707235200,34.256,34.424,33.982,34.242,31014.025701
1707249600,34.26,34.467,34.081,34.14,22504.219189
1707264000,34.146,34.406,33.888,33.897,19597.376378
1707278400,33.905,34.286,33.64,34.032,27520.942772
1707292800,34.028,34.463,33.927,34.17,46717.781287
1707307200,34.167,34.679,34.133,34.418,43336.136199
1707321600,34.404,35.482,34.36,35.064,109847.796958
1707336000,35.068,35.511,35.065,35.301,95886.128836
1707350400,35.303,35.598,35.261,35.48,54614.18828
1707364800,35.492,35.75,35.074,35.231,68055.31817
1707379200,35.228,35.638,35.224,35.343,37782.349
1707393600,35.343,36.141,35.174,36.044,54757.507259
1707408000,36.044,36.088,35.224,35.512,67722.096267
1707422400,35.515,35.768,35.308,35.425,24770.086339
1707436800,35.431,36.282,35.421,35.914,49110.308602
1707451200,35.919,36.148,35.721,36.09,34014.825921
1707465600,36.093,36.452,36.039,36.452,56313.567532
1707480000,36.453,37.82,36.428,37.584,148069.466543
1707494400,37.598,38.164,37.1,38.104,115367.36163
1707508800,38.118,38.614,37.964,38.008,91350.457362
1707523200,38.008,39.481,38.008,39.453,102493.229391
1707537600,39.451,39.801,39.005,39.071,86359.790678
1707552000,39.072,39.335,38.163,38.796,87072.853499
1707566400,38.8,39.583,38.26,39.353,53166.231301
1707580800,39.353,39.666,38.949,39.388,60922.190251
1707595200,39.387,41.23,39.17,40.189,146727.14056
1707609600,40.259,40.632,40.096,40.387,39712.780226
1707624000,40.389,40.862,40.18,40.834,33461.191964
1707638400,40.838,41.199,40.228,40.57,37270.727537
1707652800,40.533,40.709,39.645,39.874,44498.090774
1707667200,39.872,40.147,39.546,39.777,27777.728589
1707681600,39.782,40.07,39.365,39.723,42975.654105
1707696000,39.735,40.126,38.58,38.727,81569.063681
1707710400,38.745,39.019,38.374,38.891,57104.247263
1707724800,38.886,39.112,38.416,38.623,34150.114334
1707739200,38.619,40.256,38.525,40.183,80714.607172
1707753600,40.191,41.125,39.837,40.303,124597.710334
1707768000,40.302,41.219,40.04,40.969,90529.755372
1707782400,40.978,41.688,40.521,40.55,90089.57208
1707796800,40.549,41.199,40.546,41.096,77752.716286
1707811200,41.097,41.565,40.77,41.027,46683.376402
1707825600,41.032,41.032,38.856,39.452,124531.302584
1707840000,39.435,39.927,38.886,39.554,43459.803996
1707854400,39.579,40.123,39.414,39.732,29857.547837
1707868800,39.729,39.76,39.122,39.473,28033.974959
1707883200,39.526,39.95,39.289,39.891,39399.541353
1707897600,39.917,41.943,39.77,41.479,182843.295021
1707912000,41.513,42.29,41.083,41.656,114005.125588
1707926400,41.672,41.874,41.018,41.837,57864.314896
1707940800,41.851,42.422,41.68,42.226,52665.106335
1707955200,42.23,42.746,41.831,42.38,69128.193381
1707969600,42.37,42.947,41.397,42.897,42901.311375
1707984000,42.897,43.603,42.28,42.875,94733.695502
1707998400,42.879,43.192,41.493,41.873,88030.738058
1708012800,41.9,42.276,41.294,41.692,65768.594316
1708027200,41.691,41.888,40.871,41.548,44056.638293
1708041600,41.551,41.782,41.16,41.706,31315.646027
1708056000,41.709,41.791,40.678,40.757,44287.052223
1708070400,40.758,41.199,40.128,40.977,73590.75245
1708084800,40.978,41.331,39.413,40.094,75790.499838
1708099200,40.091,40.497,39.768,39.84,35421.125179
1708113600,39.816,40.406,39.75,40.25,16365.051807
1708128000,40.257,40.37,39.559,40.219,28690.895681
1708142400,40.218,40.473,40.066,40.22,18414.829983
1708156800,40.234,40.234,39.272,39.694,40270.405519
1708171200,39.71,39.842,38.38,39.107,64599.6976
1708185600,39.102,39.703,38.835,39.618,24879.566918
1708200000,39.629,40.056,39.533,39.747,22305.092094
1708214400,39.755,39.969,38.964,39.341,28157.459123
1708228800,39.341,40.246,39.341,39.984,25234.168073
1708243200,39.985,40.628,39.809,40.345,29890.14716
1708257600,40.341,40.483,39.867,40.258,33356.353071
1708272000,40.26,40.603,39.991,40.143,23983.985316
1708286400,40.139,40.75,39.877,40.292,29009.447018
1708300800,40.295,40.647,39.871,40.067,28826.043179
1708315200,40.075,40.575,39.709,40.512,60988.383383
1708329600,40.508,40.556,39.583,39.985,51389.48752
1708344000,39.987,40.357,39.433,39.608,70535.960872
1708358400,39.603,39.764,39.099,39.387,54713.567937
1708372800,39.373,39.921,39.25,39.49,32696.765139
1708387200,39.517,39.625,38.573,38.933,51177.835401
1708401600,38.943,39.581,38.8,39.226,27224.050707
1708416000,39.268,39.335,38.078,39.227,65004.540892
1708430400,39.245,39.708,36.8,37.7,135106.365794
1708444800,37.687,38.402,36.912,38.335,48288.010111
1708459200,38.325,38.789,38.123,38.499,32304.740032
1708473600,38.511,38.543,37.914,37.99,22371.922074
1708488000,38.024,38.096,37.122,37.342,30232.590282
1708502400,37.343,37.546,36.411,36.742,45583.623937
1708516800,36.755,37.297,36.246,36.674,69821.498038
1708531200,36.69,36.916,35.91,36.789,71186.172319
1708545600,36.79,37.716,36.631,37.606,38395.081745
1708560000,37.604,37.673,36.585,36.981,44622.953718
1708574400,36.981,37.777,36.706,37.736,30440.055911
1708588800,37.732,38.207,37.38,37.502,46939.06656
1708603200,37.503,37.633,36.528,37.499,56177.994873
1708617600,37.492,37.667,36.934,37.257,25110.86916
1708632000,37.268,37.757,36.627,36.776,43404.074998
1708646400,36.773,36.957,36.049,36.507,46723.502247
1708660800,36.506,36.744,36.275,36.415,24569.893992
1708675200,36.412,36.857,36.11,36.783,22831.903731
1708689600,36.789,36.789,35.547,35.759,85574.396025
1708704000,35.75,36.45,35.153,36.394,79007.057829
1708718400,36.407,36.522,35.421,35.908,31894.966806
1708732800,35.91,36.132,35.195,35.833,37720.312497
1708747200,35.845,36.424,35.783,36.372,32101.640592
1708761600,36.369,36.7,36.1,36.627,30070.230867
1708776000,36.622,36.801,36.254,36.342,43120.80136
1708790400,36.343,36.953,36.327,36.762,31915.417016
1708804800,36.755,36.863,36.551,36.759,24807.326815
1708819200,36.763,37.032,36.433,36.818,45375.538245
1708833600,36.815,37.24,36.483,36.894,23183.568513
1708848000,36.897,36.905,36.574,36.787,14096.927745
1708862400,36.8,37.259,36.685,36.847,25313.956815
1708876800,36.833,37.13,36.639,37.053,30779.084889
1708891200,37.075,37.492,36.906,37.461,42792.249921
1708905600,37.461,37.548,36.834,36.995,32833.299915
1708920000,37.009,37.351,36.764,36.83,26541.17359
1708934400,36.824,37.063,36.274,36.694,33940.281837
1708948800,36.704,38.346,36.493,38.254,97452.901317
1708963200,38.253,39.214,38.192,39.004,97690.562457
1708977600,38.999,39.354,38.8,39.289,63058.669608
1708992000,39.294,39.949,38.979,39.174,89477.47259
1709006400,39.183,39.566,39.041,39.094,33734.966426
1709020800,39.096,39.602,39.071,39.546,32315.790716
1709035200,39.548,39.844,38.415,38.653,50508.575029
1709049600,38.653,39.273,38.304,39.082,42143.388014
1709064000,39.094,39.412,38.912,39.248,22312.171452
1709078400,39.261,39.556,39.018,39.147,34713.983025
1709092800,39.157,39.753,39.128,39.753,28816.936106
1709107200,39.756,40.632,39.189,39.566,80279.958575
1709121600,39.577,40.369,39.154,39.84,81300.788435
1709136000,39.835,41.296,35.936,38.536,312095.391731
1709150400,38.518,40.741,38.142,40.336,101159.278872
1709164800,40.341,41.8,40.158,41.315,83951.561268
1709179200,41.317,41.836,40.944,41.597,104864.066797
1709193600,41.609,44.674,41.513,42.927,237765.79644
1709208000,42.925,43.722,42.327,43.516,124530.003523
1709222400,43.516,43.643,41.635,42.439,115710.496959
1709236800,42.449,42.458,39.624,40.944,86151.958545
1709251200,40.973,42.903,40.973,42.634,90280.006355
1709265600,42.658,43.368,41.821,41.848,68381.517386
1709280000,41.845,42.885,41.773,42.507,68209.102859
1709294400,42.512,42.666,41.373,41.58,69498.434867
1709308800,41.544,42.074,41.341,42.0,48452.064332
1709323200,42.02,42.858,41.827,42.669,36771.909382
1709337600,42.673,43.527,41.959,43.363,73717.365846
1709352000,43.385,43.723,42.352,42.579,58831.829076
1709366400,42.577,42.966,41.966,42.279,43627.50311
1709380800,42.275,43.142,42.079,42.198,64710.854495
1709395200,42.204,43.034,42.177,43.01,46624.165451
1709409600,43.014,44.599,42.507,44.371,67288.64572
1709424000,44.341,44.888,43.25,43.838,69357.491076
1709438400,43.859,44.0,40.056,41.863,139772.171896
1709452800,41.862,42.912,41.325,42.604,73932.420587
1709467200,42.588,43.0,42.517,42.562,49791.928132
1709481600,42.564,42.987,42.364,42.556,31271.243374
1709496000,42.577,42.879,42.4,42.611,24974.356979
1709510400,42.606,43.431,42.042,42.268,71716.620462
1709524800,42.244,43.085,42.002,42.943,41160.915178
1709539200,42.971,44.0,42.721,43.589,96238.909132
1709553600,43.593,43.934,42.454,43.494,75121.508315
1709568000,43.498,43.609,41.42,42.549,92732.146609
1709582400,42.568,43.104,41.871,43.086,46356.766365
1709596800,43.082,43.142,41.735,42.041,66282.498792
1709611200,42.04,43.365,41.178,42.485,133874.437802
1709625600,42.501,43.387,42.073,42.726,65291.044732
1709640000,42.731,45.189,41.895,44.103,264545.751761
1709654400,44.121,44.499,33.953,37.594,487718.19665
1709668800,37.63,39.722,36.562,39.435,269669.773033
1709683200,39.435,39.555,37.914,38.579,71645.307227
1709697600,38.585,41.198,38.585,41.184,125099.95217
1709712000,41.184,41.692,40.505,40.906,111296.461702
1709726400,40.909,41.001,38.787,39.803,104373.419221
1709740800,39.802,41.114,39.741,40.795,64706.009871
1709755200,40.817,42.141,40.716,41.561,52551.426342
1709769600,41.553,43.866,41.553,42.929,121156.631393
1709784000,42.946,43.078,41.657,42.694,72170.664374
1709798400,42.69,43.5,42.42,42.838,71167.615894
1709812800,42.848,44.52,42.474,43.774,137028.292329
1709827200,43.779,44.27,43.476,43.823,46997.527946
1709841600,43.847,44.074,43.193,43.209,51050.616213
1709856000,43.213,43.851,42.865,42.937,37165.292949
1709870400,42.949,43.446,42.669,43.094,32217.604205
1709884800,43.083,43.615,43.038,43.551,29321.415361
1709899200,43.547,43.965,41.3,42.361,170738.756677
1709913600,42.383,43.02,41.078,42.551,142535.176219
1709928000,42.552,42.838,42.173,42.612,27814.592022
1709942400,42.637,42.932,42.327,42.592,45422.061684
1709956800,42.599,43.182,42.57,43.031,38094.451403
1709971200,43.036,43.174,42.423,43.078,38680.188928
1709985600,43.079,43.347,42.913,43.104,46953.890526
1710000000,43.115,43.561,42.527,42.895,61987.515246
1710014400,42.9,43.263,42.76,42.904,16282.693892
1710028800,42.918,43.326,42.702,42.928,37962.677352
1710043200,42.931,43.914,42.867,43.783,48834.105167
1710057600,43.785,43.921,42.495,42.677,76245.245579
1710072000,42.672,42.869,41.3,41.767,68368.003145
1710086400,41.736,42.57,41.702,42.198,34672.401562
1710100800,42.204,42.246,40.89,42.04,43101.867
1710115200,42.037,42.185,39.999,41.548,96536.610851
1710129600,41.548,42.976,41.306,42.805,77048.066231
1710144000,42.791,47.036,42.791,46.18,322059.096254
1710158400,46.171,48.74,46.06,46.673,340511.826758
1710172800,46.696,48.21,46.222,47.479,164059.499781
1710187200,47.496,49.589,47.394,49.086,150345.494152
1710201600,49.1,50.933,47.889,47.98,266744.117227
1710216000,47.98,48.988,47.29,47.64,138090.121242
1710230400,47.642,48.152,46.394,47.792,111799.963168
1710244800,47.85,54.137,47.1,53.718,514353.920679
1710259200,53.724,57.376,51.157,56.78,664224.857328
1710273600,56.763,56.968,54.656,55.478,150097.28095
1710288000,55.482,55.5,53.2,53.284,266808.149173
1710302400,53.288,54.475,52.87,53.89,142860.455643
1710316800,53.89,54.623,53.269,53.85,83163.307771
1710331200,53.88,54.968,52.214,53.521,203116.593808
1710345600,53.562,54.819,52.911,54.115,132496.873444
1710360000,54.134,55.484,53.241,54.796,115676.291419
1710374400,54.796,59.282,54.493,57.686,388764.506302
1710388800,57.691,57.724,55.341,55.875,159150.555995
1710403200,55.874,58.17,55.711,56.481,173989.311337
1710417600,56.502,56.8,52.717,53.131,228877.5216
1710432000,53.12,54.211,50.459,51.566,159726.068144
1710446400,51.6,54.567,51.494,53.956,111827.294566
1710460800,53.977,57.062,50.504,54.152,368500.697449
1710475200,54.141,54.497,51.363,53.727,177329.925823
1710489600,53.754,53.947,48.285,51.498,296678.534724
1710504000,51.496,57.22,50.58,55.441,379511.285122
1710518400,55.454,58.943,54.361,56.274,299536.626987
1710532800,56.258,58.69,54.569,58.397,186508.52327
1710547200,58.393,58.69,56.261,56.931,173026.925569
1710561600,56.944,61.193,55.199,60.669,362406.881605
1710576000,60.669,61.461,58.704,59.154,253801.801626
1710590400,59.153,59.233,56.143,58.051,215395.023989
1710604800,58.019,58.029,52.394,52.791,275343.20418
1710619200,52.778,54.421,52.0,53.465,138362.882002
1710633600,53.415,54.646,52.4,53.548,99304.176803
1710648000,53.55,53.589,50.071,51.479,137245.214782
1710662400,51.469,56.387,51.237,55.597,356751.103054
1710676800,55.605,56.789,54.083,55.644,243291.650217
1710691200,55.606,58.502,54.8,57.868,147355.745095
1710705600,57.841,58.485,56.01,58.43,101051.006427
1710720000,58.436,61.716,55.268,60.508,377339.215
1710734400,60.516,62.504,59.408,61.289,298655.580805
1710748800,61.299,64.56,59.452,63.831,313544.306533
1710763200,63.831,64.481,59.831,61.766,288129.930936
1710777600,61.744,65.4,61.333,62.344,451378.71487
1710792000,62.437,64.715,60.125,60.656,188487.29485
1710806400,60.639,61.957,56.88,59.188,310674.304457
1710820800,59.132,60.343,55.168,60.189,377779.276267
1710835200,60.18,60.18,55.02,58.008,347193.99546
1710849600,58.031,61.229,56.526,59.805,358176.670698
1710864000,59.828,61.843,58.49,58.549,289459.937924
1710878400,58.55,58.701,53.203,53.656,232983.159141
1710892800,53.609,54.613,51.196,51.466,204696.246757
1710907200,51.486,54.2,50.41,53.834,209245.978193
1710921600,53.859,54.19,52.552,53.45,117248.407785
1710936000,53.4,54.814,52.25,52.636,156077.255273
1710950400,52.633,56.0,50.526,55.398,240523.499785
1710964800,55.394,58.149,54.921,57.089,124335.263373
1710979200,57.07,57.873,55.714,55.84,123301.071889
1710993600,55.838,56.263,53.741,54.433,117804.047766
1711008000,54.416,55.338,54.213,54.949,63560.004141
1711022400,54.956,55.773,54.0,54.647,86456.496866
1711036800,54.657,56.39,52.77,53.746,122030.72053
1711051200,53.694,54.826,53.135,53.837,62925.299928
1711065600,53.832,55.343,52.69,55.164,105746.779495
1711080000,55.2,56.39,54.928,55.773,105688.43502
1711094400,55.82,56.595,54.366,54.755,101498.103356
1711108800,54.73,58.016,52.903,53.597,351461.6217
1711123200,53.595,54.135,52.443,53.851,99401.157016
1711137600,53.86,53.933,51.637,53.441,80587.072058
1711152000,53.451,54.457,52.615,53.322,102902.184609
1711166400,53.312,55.231,52.636,55.007,76945.200305
1711180800,55.019,55.303,54.108,54.632,72856.430062
1711195200,54.63,55.971,54.416,54.79,162885.610843
1711209600,54.79,55.328,54.364,54.741,46972.315713
1711224000,54.74,54.775,53.268,53.449,34339.732357
1711238400,53.443,54.333,53.211,53.216,40187.710968
1711252800,53.226,53.562,52.849,53.43,50421.253785
1711267200,53.424,54.127,53.265,53.809,36424.184953
1711281600,53.844,54.255,53.142,53.568,86910.656805
1711296000,53.568,54.019,52.426,53.837,77767.909891
1711310400,53.851,55.838,53.648,55.694,102402.373381
1711324800,55.697,56.592,54.956,56.434,85038.721145
1711339200,56.44,57.055,55.923,56.082,75755.410391
1711353600,56.081,58.308,55.963,57.063,134704.611893
1711368000,57.08,59.211,57.08,58.365,162612.508562
1711382400,58.365,58.546,57.553,58.132,67638.054208
1711396800,58.148,58.521,57.3,57.738,44951.65863
1711411200,57.751,58.884,57.6,58.267,46844.124271
1711425600,58.273,59.411,58.08,58.213,77203.891487
1711440000,58.275,58.659,57.84,57.902,66478.826183
1711454400,57.901,58.701,55.971,56.676,171714.972803
1711468800,56.693,57.108,55.34,55.607,59293.278579
1711483200,55.621,56.271,55.374,55.812,61766.894154
1711497600,55.795,56.738,55.549,56.111,53825.222176
1711512000,56.142,56.371,54.826,54.929,57351.407367
1711526400,54.958,55.462,54.043,54.976,54842.506975
1711540800,54.981,55.424,52.935,53.328,165811.316846
1711555200,53.34,54.063,53.151,53.868,48057.715178
1711569600,53.863,54.483,53.831,54.068,23940.690421
1711584000,54.093,54.497,53.18,53.724,46158.911086
1711598400,53.722,54.929,53.662,54.916,33685.229394
1711612800,54.903,55.056,54.041,54.322,32677.132376
1711627200,54.36,54.94,53.721,54.664,49442.080939
1711641600,54.693,54.889,54.26,54.613,45628.494097
1711656000,54.612,54.987,54.138,54.625,18662.57203
1711670400,54.643,54.658,53.767,54.292,29581.403469
1711684800,54.278,54.486,53.028,53.135,24960.267079
1711699200,53.124,54.027,53.069,53.833,35686.419402
1711713600,53.834,54.136,52.616,53.066,59414.070218
1711728000,53.087,53.58,52.8,53.094,28641.554368
1711742400,53.082,53.594,52.513,53.353,23023.188667
1711756800,53.347,53.851,53.204,53.3,20697.651827
1711771200,53.3,54.64,53.214,53.833,71002.655682
1711785600,53.847,54.355,53.484,54.3,20313.452248
1711800000,54.332,54.379,53.553,53.726,25540.070116
1711814400,53.732,54.005,53.001,53.448,36254.498903
1711828800,53.41,53.587,52.772,52.92,23538.879681
1711843200,52.932,53.534,52.806,53.16,25060.845688
1711857600,53.17,54.17,53.079,54.01,25783.311159
1711872000,54.029,54.26,53.601,53.696,31988.086418
1711886400,53.699,53.854,53.156,53.186,22970.535838
1711900800,53.21,54.164,53.158,54.134,40891.880218
1711915200,54.164,54.278,53.498,54.087,54011.365613
1711929600,54.084,54.127,53.281,53.805,65133.735009
1711944000,53.803,54.051,50.468,52.217,183001.52202
1711958400,52.212,53.045,51.33,52.432,68090.182215
1711972800,52.443,53.363,50.815,51.275,106087.22949
1711987200,51.263,51.641,50.252,51.475,96419.823899
1712001600,51.465,51.778,51.254,51.39,26845.870377
1712016000,51.38,51.38,46.86,47.923,200562.812618
1712030400,47.93,48.736,47.435,48.098,59647.492543
1712044800,48.078,48.238,46.4,47.112,83186.083389
1712059200,47.112,48.067,46.31,46.815,74243.361476
1712073600,46.799,47.645,46.6,47.466,42428.262264
1712088000,47.439,47.664,46.65,46.862,59582.695219
1712102400,46.872,47.77,45.16,47.658,80734.433549
1712116800,47.667,48.181,47.168,47.83,41445.95247
1712131200,47.799,48.306,47.093,47.286,51439.322274
1712145600,47.29,47.5,46.12,46.262,57054.629467
1712160000,46.262,47.006,45.336,45.816,57683.107596
1712174400,45.816,46.207,44.969,45.904,44401.133102
1712188800,45.895,47.002,45.7,46.064,64377.576228
1712203200,46.069,47.175,45.428,46.927,61512.431062
1712217600,46.912,47.293,46.747,46.989,31930.370743
1712232000,46.988,47.901,46.93,47.444,79823.500956
1712246400,47.444,48.165,46.997,47.066,48694.510369
1712260800,47.08,47.114,46.018,46.497,32322.890919
1712275200,46.504,46.59,45.09,46.015,31687.056382
1712289600,46.018,46.062,44.674,45.392,42572.968888
1712304000,45.392,45.947,44.167,44.272,52683.34794
1712318400,44.28,45.685,43.967,45.55,70440.26239
1712332800,45.533,45.792,44.975,45.328,33090.424995
1712347200,45.315,45.616,45.144,45.313,10763.822969
1712361600,45.301,46.656,45.061,46.651,68873.625049
1712376000,46.658,47.367,46.2,47.108,89379.932914
1712390400,47.104,47.61,46.669,46.899,58838.706715
1712404800,46.907,48.456,46.536,48.13,97867.691134
1712419200,48.134,48.466,47.677,47.952,81983.669565
1712433600,47.969,48.87,47.883,48.169,41040.827708
1712448000,48.171,49.069,48.1,48.753,29124.911654
1712462400,48.754,49.019,48.314,48.439,15371.109445
1712476800,48.451,48.731,48.266,48.588,12051.309731
1712491200,48.578,48.891,48.181,48.236,24568.899124
1712505600,48.262,49.076,47.98,48.111,48201.838587
1712520000,48.105,49.489,47.888,49.33,54043.331691
1712534400,49.332,49.35,48.24,48.689,33427.320766
1712548800,48.706,49.688,48.303,49.433,80044.826158
1712563200,49.485,50.811,49.406,50.429,96273.411278
1712577600,50.426,50.607,49.359,49.612,99505.670784
1712592000,49.615,50.16,49.545,49.99,61232.210376
1712606400,50.005,50.242,49.829,49.875,22019.835294
1712620800,49.852,49.97,48.833,49.054,34817.027658
1712635200,49.058,49.374,48.314,48.455,49916.771303
1712649600,48.451,48.646,47.573,48.554,31799.246456
1712664000,48.623,48.665,46.684,47.547,66671.181017
1712678400,47.556,47.558,46.719,47.308,30672.92019
1712692800,47.249,47.49,46.339,46.473,22182.60462
1712707200,46.464,47.01,45.701,46.623,50706.495886
1712721600,46.63,47.902,46.517,47.501,71230.972778
1712736000,47.481,47.606,46.666,47.441,49938.940019
1712750400,47.454,47.653,45.008,46.607,108251.493146
1712764800,46.597,47.837,46.472,47.411,53270.174895
1712779200,47.424,48.007,46.911,47.315,37785.220799
1712793600,47.307,47.307,46.609,46.859,27968.910504
1712808000,46.859,47.504,46.454,47.227,31612.642067
1712822400,47.223,47.463,45.892,46.035,36701.607568
1712836800,46.023,46.726,45.741,46.097,63322.175271
1712851200,46.103,46.407,45.617,46.191,20916.451355
1712865600,46.19,46.584,45.837,46.04,24341.279204
1712880000,46.019,46.759,45.985,46.682,21725.430955
1712894400,46.682,46.879,46.172,46.333,14454.040843
1712908800,46.342,46.484,46.057,46.149,20185.07394
1712923200,46.149,46.149,44.065,44.175,87082.640413
1712937600,44.181,44.367,33.181,38.475,813940.807524
1712952000,38.443,39.567,38.325,39.352,98507.018394
1712966400,39.344,39.344,37.406,38.195,72298.792474
1712980800,38.215,38.985,37.966,38.133,62776.950237
1712995200,38.125,38.98,37.67,38.472,60833.874847
1713009600,38.473,39.072,38.076,38.23,87842.77394
1713024000,38.23,38.368,31.828,33.318,350468.037474
1713038400,33.313,34.756,29.0,33.903,757127.232812
1713052800,33.902,34.247,32.642,33.68,224235.988953
1713067200,33.703,36.315,33.51,36.26,280364.440066
1713081600,36.267,37.219,35.773,35.997,221206.30511
1713096000,36.009,36.436,34.973,35.452,110167.263769
1713110400,35.455,36.453,34.219,35.688,199659.67386
1713124800,35.674,37.916,35.08,37.258,110443.224374
1713139200,37.267,37.289,35.748,35.862,85720.23568
1713153600,35.898,38.512,35.5,37.766,109759.956985
1713168000,37.749,38.224,37.404,37.469,77925.167124
1713182400,37.462,38.609,36.201,36.87,129235.597767
1713196800,36.863,37.065,34.061,35.35,198594.880125
1713211200,35.356,35.671,34.589,35.155,76241.225636
1713225600,35.169,35.5,34.33,34.663,65719.364302
1713240000,34.653,35.9,33.663,35.681,100226.033142
1713254400,35.68,35.68,33.776,35.136,88859.580266
1713268800,35.123,35.123,32.94,32.94,94840.574556
1713283200,32.951,34.621,32.686,33.979,108240.253777
1713297600,33.954,35.102,33.93,34.758,44980.341222
1713312000,34.746,35.074,34.126,34.728,74160.018133
1713326400,34.725,35.381,34.476,34.928,43707.69056
1713340800,34.94,35.219,33.845,33.869,50213.599005
1713355200,33.893,34.184,32.475,32.644,110312.368806
1713369600,32.646,35.235,32.228,34.182,129128.225881
1713384000,34.217,34.559,33.447,33.589,49346.815416
1713398400,33.574,34.665,32.8,34.326,56470.456256
1713412800,34.319,34.784,33.157,33.337,47849.927124
1713427200,33.338,35.446,32.954,34.933,75991.675584
1713441600,34.945,35.612,33.819,35.018,94371.641828
1713456000,35.036,35.237,34.11,34.893,50402.282873
1713470400,34.902,35.172,34.704,34.842,39298.921584
1713484800,34.851,34.851,31.923,33.594,130078.109494
1713499200,33.596,36.147,33.557,35.191,105795.681972
1713513600,35.183,35.755,35.033,35.429,80718.514042
1713528000,35.415,35.659,34.774,35.359,63984.781643
1713542400,35.363,35.453,34.784,35.301,32901.398476
1713556800,35.32,35.401,34.139,34.639,32633.691672
1713571200,34.676,35.333,34.133,35.172,30206.379632
1713585600,35.171,35.988,35.085,35.859,31928.261609
1713600000,35.869,35.871,34.912,35.028,45032.613621
1713614400,35.044,36.654,34.889,36.6,46668.057358
1713628800,36.605,37.733,36.339,37.517,101696.217308
1713643200,37.536,38.497,37.536,38.309,57626.688923
1713657600,38.32,38.77,37.637,38.2,59311.552092
1713672000,38.197,38.338,37.779,38.036,28005.861286
1713686400,38.037,38.133,37.365,37.481,46578.118656
1713700800,37.478,37.567,36.818,37.198,41028.158723
1713715200,37.224,37.268,36.351,36.925,55568.845726
1713729600,36.912,37.634,36.8,37.137,31812.721206
1713744000,37.148,38.248,36.773,38.061,63347.746932
1713758400,38.064,39.172,37.974,38.466,60652.075486
1713772800,38.489,39.678,38.201,38.933,110544.13869
1713787200,38.933,39.361,38.377,38.989,41797.922718
1713801600,39.0,39.407,38.663,39.259,45893.341048
1713816000,39.263,39.72,39.125,39.182,25336.624108
1713830400,39.188,39.917,38.748,38.871,38489.67456
1713844800,38.86,39.025,38.122,38.254,28225.315912
1713859200,38.313,38.534,37.98,38.086,33541.665832
1713873600,38.091,39.328,37.971,38.951,46944.649253
1713888000,38.979,39.322,38.622,38.709,29992.283218
1713902400,38.706,38.762,38.04,38.303,32817.725335
1713916800,38.296,39.46,38.275,38.969,62797.221185
1713931200,38.993,39.847,38.94,39.128,44770.003854
1713945600,39.123,39.348,38.825,39.172,42433.574437
1713960000,39.146,39.331,36.701,36.863,113151.064657
1713974400,36.856,37.552,36.49,37.03,73796.96278
1713988800,37.013,37.136,36.018,36.37,37367.262079
1714003200,36.382,36.75,35.674,35.828,46926.012371
1714017600,35.85,36.254,35.237,35.428,71117.93228
1714032000,35.442,35.578,34.745,35.155,35337.800018
1714046400,35.155,35.71,34.703,35.653,50884.468741
1714060800,35.642,36.029,35.418,35.878,40316.108572
1714075200,35.862,36.363,35.438,35.587,39208.214482
1714089600,35.586,35.794,34.713,35.479,48077.153379
1714104000,35.487,35.761,35.2,35.366,63440.930877
1714118400,35.369,35.68,35.007,35.216,30869.406277
1714132800,35.204,35.882,34.7,35.149,50293.00023
1714147200,35.154,35.316,34.844,34.881,22910.737939
1714161600,34.878,35.178,34.261,34.43,30426.555627
1714176000,34.439,34.649,33.082,34.136,117401.932682
1714190400,34.138,34.486,34.053,34.08,24802.496047
1714204800,34.063,34.365,33.595,33.912,20800.681545
1714219200,33.92,34.524,33.862,34.045,27660.684941
1714233600,34.079,35.142,33.945,34.499,54858.715195
1714248000,34.5,34.674,34.163,34.461,43920.392987
1714262400,34.476,35.266,34.387,34.981,45411.508373
1714276800,34.993,35.241,34.797,35.013,41060.591925
1714291200,35.019,35.124,34.346,34.406,35542.173044
1714305600,34.405,34.947,34.36,34.684,42033.527521
1714320000,34.672,35.384,34.629,35.024,41000.863182
1714334400,34.998,35.095,33.793,33.952,24539.665812
1714348800,33.961,34.323,33.302,33.327,32589.460905
1714363200,33.333,33.728,32.924,33.222,35476.166487
1714377600,33.206,33.664,32.839,33.225,42465.232457
1714392000,33.204,35.146,33.028,34.943,119353.612062
1714406400,34.955,35.11,34.405,34.618,53838.698114
1714420800,34.639,35.895,34.134,35.285,77034.591935
1714435200,35.296,35.721,34.361,34.869,52772.344149
1714449600,34.879,35.023,34.385,34.725,29613.660242
1714464000,34.713,34.798,33.137,33.273,69384.387439
1714478400,33.268,33.382,32.526,32.817,71625.950403
1714492800,32.812,32.812,31.886,31.978,106599.524565
1714507200,31.998,33.075,31.998,32.704,68936.916217
1714521600,32.7,32.841,32.225,32.644,42892.003709
1714536000,32.662,32.776,30.916,31.258,102412.617195
1714550400,31.271,31.92,30.591,31.909,88788.253852
1714564800,31.9,32.943,31.767,32.481,113130.130795
1714579200,32.455,33.964,31.793,32.414,180201.871875
1714593600,32.448,33.435,32.136,33.327,58666.805547
1714608000,33.334,33.741,32.356,32.809,60209.786413
1714622400,32.799,32.967,32.289,32.665,62465.905089
1714636800,32.665,33.781,32.607,33.77,53666.951679
1714651200,33.771,34.12,33.16,33.809,61687.012031
1714665600,33.819,33.962,33.519,33.748,33184.957513
1714680000,33.773,33.984,33.311,33.588,29305.780252
1714694400,33.587,34.358,33.427,34.153,28374.736979
1714708800,34.16,34.198,33.492,33.553,23225.984969
1714723200,33.536,33.907,33.315,33.558,15675.2533
1714737600,33.564,35.168,33.525,35.082,73817.061615
1714752000,35.085,35.453,35.065,35.296,21110.293235
1714766400,35.274,35.965,35.24,35.553,38921.053237
1714780800,35.555,35.8,35.169,35.503,35880.848058
1714795200,35.529,35.804,35.408,35.428,18955.799308
1714809600,35.41,36.393,35.335,35.789,59605.896349
1714824000,35.8,36.279,35.609,36.215,82366.307733
1714838400,36.221,37.5,36.054,37.328,94482.369935
1714852800,37.35,37.687,36.877,37.349,55485.159641
1714867200,37.35,37.995,36.775,37.58,59572.686892
1714881600,37.572,37.654,36.779,36.962,30327.810538
1714896000,36.964,37.251,36.67,37.025,44643.021912
1714910400,37.021,37.492,36.662,37.419,42147.875052
1714924800,37.415,37.681,37.095,37.243,19412.859283
1714939200,37.238,37.486,36.985,37.356,11651.608747
1714953600,37.36,37.646,36.998,37.216,28946.132751
1714968000,37.223,38.338,37.068,38.258,41856.65498
1714982400,38.266,39.885,38.232,38.566,141583.068854
1714996800,38.595,38.654,37.084,37.774,85939.770768
1715011200,37.784,38.076,36.772,37.199,68777.551448
1715025600,37.211,37.756,37.112,37.116,26453.139596
1715040000,37.112,37.616,36.356,36.807,73109.798114
1715054400,36.808,37.107,36.495,36.609,53418.307483
1715068800,36.608,37.49,36.429,36.44,39652.613319
1715083200,36.462,37.34,36.296,36.899,52570.589991
1715097600,36.894,37.067,36.063,36.175,32217.465541
1715112000,36.169,36.352,35.264,35.327,32899.815282
1715126400,35.292,35.504,34.921,35.301,33432.147287
1715140800,35.301,35.424,34.46,34.557,52037.200418
1715155200,34.556,34.743,34.312,34.413,31367.433365
1715169600,34.424,34.991,34.1,34.497,47460.119939
1715184000,34.498,35.029,34.24,34.405,77182.179243
1715198400,34.415,34.546,33.647,34.014,54275.739509
1715212800,34.015,34.439,33.971,34.32,19404.398749
1715227200,34.31,34.65,34.155,34.276,39730.851641
1715241600,34.274,34.382,33.736,34.072,24537.582895
1715256000,34.073,34.564,33.752,34.35,32214.607203
1715270400,34.358,34.711,34.063,34.685,41021.674137
1715284800,34.682,35.379,34.455,35.075,51759.569912
1715299200,35.074,35.614,34.908,35.558,32929.833349
1715313600,35.554,36.127,35.447,36.035,42408.900187
1715328000,36.028,36.096,35.436,35.807,19270.941025
1715342400,35.82,35.89,34.045,34.621,75805.18
1715356800,34.61,34.736,33.875,33.911,41789.266005
1715371200,33.93,34.18,33.232,33.714,37920.214473
1715385600,33.713,34.047,33.422,33.532,25604.951875
1715400000,33.533,33.736,33.226,33.64,25139.499359
1715414400,33.664,33.664,33.064,33.392,19768.099112
1715428800,33.395,34.001,33.25,33.808,40157.188717
1715443200,33.807,33.925,33.624,33.81,13964.804517
1715457600,33.807,33.812,33.426,33.48,5058.919902
1715472000,33.488,33.702,33.461,33.566,3769.809171
1715486400,33.565,33.772,33.196,33.246,8340.676575
1715500800,33.255,34.005,33.223,33.778,20339.234572
1715515200,33.788,33.876,33.495,33.685,19541.27968
1715529600,33.704,33.905,33.332,33.474,11863.819414
1715544000,33.469,33.494,32.717,33.137,15632.453783
1715558400,33.137,33.43,31.93,32.313,55331.43402
1715572800,32.326,33.494,32.06,33.47,56553.088483
1715587200,33.494,33.815,33.275,33.419,44323.228941
1715601600,33.415,33.493,32.934,33.272,38043.466128
1715616000,33.297,33.46,32.47,32.853,50793.161507
1715630400,32.861,32.902,32.359,32.463,18458.583692
1715644800,32.458,32.621,31.929,32.19,31241.120748
1715659200,32.161,32.66,31.605,32.648,36122.248799
1715673600,32.666,33.35,32.522,32.734,75200.344573
1715688000,32.728,33.026,31.758,32.086,80522.426086
1715702400,32.1,32.125,31.647,31.962,26863.936704
1715716800,31.923,31.951,31.479,31.581,13355.396879
1715731200,31.595,32.46,31.358,32.321,22124.266677
1715745600,32.34,32.719,32.089,32.669,47642.670203
1715760000,32.68,33.274,32.364,32.736,41717.295039
1715774400,32.737,34.473,32.63,34.086,127457.500687
1715788800,34.072,34.345,33.774,34.332,47782.576349
1715803200,34.319,34.782,34.264,34.664,40946.559919
1715817600,34.651,35.014,34.452,34.964,36598.449971
1715832000,34.982,35.005,34.556,34.758,21889.37189
1715846400,34.767,34.987,34.436,34.627,21630.101573
1715860800,34.607,34.889,33.833,34.228,47552.733909
1715875200,34.207,34.443,33.745,34.376,17252.770813
1715889600,34.36,34.6,34.115,34.464,13926.721715
1715904000,34.471,34.928,34.26,34.772,21075.280862
1715918400,34.791,37.316,34.68,37.251,78809.245404
1715932800,37.292,37.6,36.218,36.57,84721.314774
1715947200,36.575,37.238,36.403,37.125,56596.118106
1715961600,37.129,37.191,36.216,36.577,49439.018673
1715976000,36.574,36.574,36.316,36.434,19903.503266
1715990400,36.442,37.665,36.354,37.597,44076.188689
1716004800,37.604,37.62,37.121,37.194,38091.447177
1716019200,37.203,37.558,37.165,37.485,40943.980118
1716033600,37.491,37.582,36.857,37.353,67487.318492
1716048000,37.348,37.348,36.907,37.059,16317.206315
1716062400,37.05,37.298,36.954,37.267,5788.174812
1716076800,37.241,37.758,37.162,37.464,46936.046762
1716091200,37.479,37.483,36.6,36.878,81685.088504
1716105600,36.886,36.899,36.341,36.613,28203.98583
1716120000,36.625,36.748,35.775,35.963,106559.258115
1716134400,35.967,35.967,35.365,35.552,34793.27625
1716148800,35.561,35.964,35.436,35.607,9489.720959
1716163200,35.6,36.159,35.138,35.653,38532.404257
1716177600,35.642,36.638,35.372,36.048,29679.649783
1716192000,36.053,36.309,35.892,35.985,28713.742209
1716206400,36.011,36.684,35.694,36.655,31729.438858
1716220800,36.662,38.799,36.499,38.685,90667.591445
1716235200,38.69,40.302,38.07,40.118,116460.496544
1716249600,40.124,41.01,39.663,39.768,72013.439728
1716264000,39.769,41.187,39.768,40.71,120981.999232
1716278400,40.693,40.792,40.269,40.419,65582.952825
1716292800,40.405,41.42,40.01,40.173,81054.799366
1716307200,40.184,41.346,40.033,40.399,53882.670988
1716321600,40.407,41.315,40.395,41.201,38410.991619
1716336000,41.192,41.453,40.575,40.754,39348.611591
1716350400,40.756,41.791,40.184,41.003,47331.891723
1716364800,40.999,41.4,40.307,40.31,38854.457742
1716379200,40.306,40.823,39.184,40.375,85520.372324
1716393600,40.376,40.497,39.419,39.975,43957.947218
1716408000,40.01,40.375,39.541,40.002,24448.08939
1716422400,40.003,40.335,39.765,40.108,24460.917262
1716436800,40.102,40.212,39.512,39.983,24337.962078
1716451200,39.994,40.369,39.541,40.205,58666.612673
1716465600,40.191,40.473,37.686,38.364,148658.601136
1716480000,38.354,38.404,37.301,37.54,104104.491786
1716494400,37.539,38.819,36.314,38.527,164998.685595
1716508800,38.511,39.006,38.334,38.921,56687.986578
1716523200,38.921,39.009,37.236,37.672,85524.866124
1716537600,37.681,37.943,36.888,37.854,25024.39046
1716552000,37.872,38.582,37.526,38.186,25421.107564
1716566400,38.151,38.732,37.692,38.394,20412.464631
1716580800,38.39,38.531,37.887,38.017,10388.203294
1716595200,38.014,38.269,37.792,38.252,15211.879906
1716609600,38.267,38.587,38.133,38.36,11323.929963
1716624000,38.361,38.706,38.192,38.345,20072.571771
1716638400,38.341,38.343,37.708,38.061,15437.313612
1716652800,38.055,38.138,37.81,38.049,8295.268158
1716667200,38.031,38.312,37.848,38.301,8871.500147
1716681600,38.287,38.31,37.597,37.867,22042.925017
1716696000,37.85,37.896,37.547,37.641,10059.274769
1716710400,37.646,37.669,37.084,37.338,21258.185528
1716724800,37.352,37.429,36.701,36.897,28899.930717
1716739200,36.884,37.061,36.706,36.976,20458.080463
1716753600,36.974,37.037,36.475,36.763,13324.933611
1716768000,36.759,37.352,36.67,37.242,21895.344313
1716782400,37.243,37.432,36.647,37.002,20971.720468
1716796800,36.992,37.555,36.982,37.41,19405.467486
1716811200,37.406,38.484,37.305,38.432,36912.873622
1716825600,38.425,38.945,37.698,37.95,44070.685585
1716840000,37.97,38.429,37.953,38.254,13295.922921
1716854400,38.254,38.409,37.045,37.16,90836.121329
1716868800,37.193,37.224,36.523,36.798,42753.893961
1716883200,36.797,37.457,36.703,37.242,24408.43263
1716897600,37.262,37.418,36.598,37.107,49454.05326
1716912000,37.103,37.253,36.54,37.202,48363.426112
1716926400,37.203,37.296,36.932,37.019,11689.419282
1716940800,37.014,37.392,36.68,37.256,33412.415921
1716955200,37.256,37.491,36.792,36.851,29143.640934
1716969600,36.837,37.181,36.381,36.933,54251.855108
1716984000,36.95,37.233,36.592,36.636,48742.439995
1716998400,36.633,36.923,36.239,36.379,34148.98318
1717012800,36.406,36.68,36.138,36.191,17372.474131
1717027200,36.203,36.844,35.98,36.816,33014.385788
1717041600,36.826,37.05,35.4,35.595,41977.409413
1717056000,35.534,36.745,35.309,36.568,36733.048646
1717070400,36.556,37.043,36.332,36.728,50498.514812
1717084800,36.722,37.087,36.453,36.552,23401.635006
1717099200,36.583,36.585,35.938,35.975,20099.326628
1717113600,35.972,36.317,35.785,36.118,21606.427107
1717128000,36.118,36.294,35.695,36.18,17977.111758
1717142400,36.183,36.318,35.815,36.309,16922.029905
1717156800,36.315,36.787,35.516,35.53,44316.161831
1717171200,35.534,36.195,35.207,36.133,34825.087652
1717185600,36.134,36.484,35.945,36.02,14023.935859
1717200000,36.022,36.149,35.92,35.995,10960.529557
1717214400,35.996,36.116,35.907,36.02,9149.466969
1717228800,36.027,36.18,35.93,36.042,5289.705724
1717243200,36.042,36.223,35.955,35.975,14824.831505
1717257600,35.975,36.031,35.786,35.992,9301.731
1717272000,35.991,36.112,35.7,35.768,7269.978428
1717286400,35.762,36.114,35.703,36.024,10948.239923
1717300800,36.05,36.174,35.707,35.71,9898.94285
1717315200,35.712,36.024,35.361,35.957,21008.780873
1717329600,35.984,36.097,35.584,35.853,16036.692973
1717344000,35.838,35.838,34.859,35.091,41825.876481
1717358400,35.09,35.173,34.778,34.897,12308.649248
1717372800,34.908,35.394,34.566,35.097,27187.532105
1717387200,35.099,36.187,34.897,35.871,27966.735337
1717401600,35.86,36.268,35.769,35.851,30633.937788
1717416000,35.84,36.226,35.173,35.623,37810.821223
1717430400,35.648,35.807,35.243,35.805,26619.440486
1717444800,35.808,36.064,34.961,35.035,32069.383088
1717459200,35.034,35.147,34.708,34.957,22895.555662
1717473600,34.955,35.188,34.646,34.815,17353.004586
1717488000,34.82,34.952,34.405,34.871,26434.427412
1717502400,34.869,35.868,34.783,35.823,42329.028815
1717516800,35.821,36.277,35.467,35.684,41211.937836
1717531200,35.693,36.106,35.549,36.067,12236.596774
1717545600,36.07,36.544,36.011,36.314,38911.390399
1717560000,36.307,36.561,36.05,36.311,32807.697661
1717574400,36.317,36.51,36.166,36.37,20240.678548
1717588800,36.367,36.55,35.929,36.452,28697.675287
1717603200,36.453,36.904,36.402,36.715,29731.253281
1717617600,36.737,36.809,36.324,36.571,12554.21987
1717632000,36.572,36.646,36.337,36.36,16499.264006
1717646400,36.36,36.401,36.053,36.337,12670.669749
1717660800,36.334,36.942,36.262,36.788,21221.590285
1717675200,36.787,37.2,36.544,36.872,29739.767343
1717689600,36.889,36.942,35.98,36.065,31759.038712
1717704000,36.065,36.23,35.726,35.895,22235.179454
1717718400,35.893,36.014,35.571,35.855,17976.227808
1717732800,35.852,36.099,35.513,35.995,25506.873283
1717747200,35.995,36.349,35.814,36.326,15663.817007
1717761600,36.331,36.888,35.68,36.277,65761.010664
1717776000,36.26,36.354,30.751,33.442,464183.144323
1717790400,33.434,33.749,33.12,33.518,44548.011725
1717804800,33.52,33.741,33.309,33.616,43190.048088
1717819200,33.613,33.721,33.472,33.621,19193.919676
1717833600,33.612,33.612,32.592,32.697,24762.551244
1717848000,32.69,32.759,32.105,32.474,56070.773136
1717862400,32.476,32.669,32.133,32.272,26960.098077
1717876800,32.274,32.366,31.933,32.284,28254.421225
1717891200,32.275,32.523,32.049,32.27,25639.743367
1717905600,32.29,32.522,32.085,32.438,28127.782624
1717920000,32.438,32.566,32.299,32.316,11433.21151
1717934400,32.333,32.654,32.212,32.47,21035.721216
1717948800,32.47,33.026,32.445,32.942,27883.519473
1717963200,32.942,33.005,32.763,32.994,11395.185301
1717977600,33.005,33.465,32.791,32.987,30275.711067
1717992000,32.985,33.018,32.04,32.065,50879.466455
1718006400,32.066,32.899,32.047,32.682,29548.7017
1718020800,32.676,33.12,32.299,32.961,48666.567288
1718035200,32.992,33.026,32.537,32.603,26322.239326
1718049600,32.596,32.596,32.161,32.279,30969.300834
1718064000,32.286,32.363,31.503,32.219,85820.839489
1718078400,32.21,32.351,31.833,32.201,37637.014493
1718092800,32.192,32.375,31.796,31.962,40926.419112
1718107200,31.956,32.086,30.754,31.133,106283.293541
1718121600,31.128,31.65,30.593,31.584,51233.116772
1718136000,31.585,31.719,31.366,31.546,15080.450765
1718150400,31.554,31.799,30.796,31.779,37401.478941
1718164800,31.778,32.219,31.714,32.202,24863.413489
1718179200,32.19,32.415,31.889,31.895,19213.194528
1718193600,31.913,33.642,31.881,33.494,84935.446889
1718208000,33.496,33.989,32.432,32.674,121476.110267
1718222400,32.686,33.354,32.501,33.27,19400.046369
1718236800,33.263,33.431,32.171,32.498,45257.174579
1718251200,32.484,32.875,32.131,32.415,19351.719632
1718265600,32.415,32.421,31.778,31.847,28561.700321
1718280000,31.852,32.376,31.252,31.3,80704.827326
1718294400,31.3,31.92,31.137,31.472,31325.424827
1718308800,31.481,31.562,30.919,30.993,24288.902368
1718323200,31.004,31.399,30.876,31.154,26526.697972
1718337600,31.154,31.855,31.145,31.614,39832.551495
1718352000,31.601,32.194,31.546,31.857,37818.753405
1718366400,31.888,31.958,30.583,30.689,46673.977104
1718380800,30.705,30.744,29.289,29.379,123706.953541
1718395200,29.402,30.503,29.367,30.293,34702.458398
1718409600,30.293,30.51,30.091,30.394,13379.783991
1718424000,30.398,30.647,30.25,30.375,15834.720023
1718438400,30.394,30.452,29.974,30.283,23312.588089
1718452800,30.291,30.497,30.05,30.315,18302.252564
1718467200,30.311,30.403,29.96,30.114,13934.11747
1718481600,30.122,30.164,29.908,30.011,9186.086161
1718496000,30.018,30.29,29.843,29.975,23561.478319
1718510400,29.96,30.482,29.815,30.355,19808.18729
1718524800,30.353,30.377,29.912,30.003,30026.22158
1718539200,30.002,30.219,29.913,30.206,18524.412039
1718553600,30.211,30.212,29.674,29.855,28045.50105
1718568000,29.855,30.17,29.76,30.078,19921.921517
1718582400,30.076,30.35,29.333,29.399,38584.527244
1718596800,29.421,29.724,28.929,29.133,42759.91253
1718611200,29.136,29.251,28.345,28.67,51982.818606
1718625600,28.654,28.825,27.971,28.039,46170.09527
1718640000,28.062,29.445,27.266,29.014,79722.82555
1718654400,29.023,29.037,28.375,28.462,34401.924252
1718668800,28.47,28.542,24.749,26.506,403833.560308
1718683200,26.506,26.782,26.377,26.656,44425.004605
1718697600,26.617,26.686,25.665,25.998,69247.917809
1718712000,25.993,26.574,25.564,26.254,116275.417487
1718726400,26.269,26.302,25.578,26.236,65513.235488
1718740800,26.232,26.651,26.066,26.601,46735.421949
1718755200,26.598,27.175,26.381,26.997,56994.010984
1718769600,27.016,27.404,26.953,27.335,62381.72225
1718784000,27.34,27.52,26.988,27.174,32988.45532
1718798400,27.159,27.475,26.959,27.14,31748.606434
1718812800,27.127,27.665,26.996,27.139,21685.779701
1718827200,27.109,27.255,26.783,26.951,24783.636473
1718841600,26.947,27.489,26.69,26.903,36464.023235
1718856000,26.902,28.256,26.72,28.154,87348.568587
1718870400,28.171,28.878,27.933,28.395,81968.085648
1718884800,28.395,28.412,26.892,27.307,84925.041135
1718899200,27.309,27.849,26.985,27.804,31345.995979
1718913600,27.821,27.878,27.495,27.579,13593.834827
1718928000,27.588,27.851,27.266,27.772,28056.824629
1718942400,27.771,28.03,27.5,27.622,18343.333742
1718956800,27.626,28.0,27.228,27.813,40777.780702
1718971200,27.799,27.899,26.963,27.435,49345.685548
1718985600,27.417,27.743,26.944,27.572,29537.926358
1719000000,27.565,27.825,27.355,27.48,19579.960973
1719014400,27.479,27.509,26.009,26.377,58571.847863
1719028800,26.368,26.489,24.504,25.317,450840.025469
1719043200,25.322,25.538,24.795,25.509,142547.449152
1719057600,25.502,26.341,25.448,26.131,235263.704081
1719072000,26.121,26.124,25.683,25.808,75461.360366
1719086400,25.816,25.828,25.544,25.623,26791.555867
1719100800,25.622,26.017,25.558,25.994,37497.756812
1719115200,25.994,25.998,25.693,25.809,19570.368415
1719129600,25.808,25.88,25.241,25.408,37084.85329
1719144000,25.399,25.399,24.134,24.414,137526.972851
1719158400,24.415,25.339,24.118,25.204,224544.600805
1719172800,25.208,25.633,24.554,25.08,181528.062956
1719187200,25.076,25.245,24.539,24.872,48693.294388
1719201600,24.881,24.918,24.102,24.271,85529.276904
1719216000,24.264,24.898,23.507,24.502,172308.321743
1719230400,24.492,25.057,23.77,23.929,107432.636883
1719244800,23.916,24.498,23.701,23.863,91522.891469
1719259200,23.86,25.001,23.509,24.793,105659.239749
1719273600,24.791,25.405,24.607,25.166,69429.495903
1719288000,25.191,25.36,25.026,25.112,43673.780089
1719302400,25.112,25.385,24.852,25.22,73479.167509
1719316800,25.199,25.785,25.082,25.638,80896.409561
1719331200,25.644,25.672,25.249,25.547,45206.770036
1719345600,25.538,25.593,25.321,25.405,19942.792756
1719360000,25.395,25.833,25.29,25.428,33808.009075
1719374400,25.465,26.03,25.308,26.029,76487.534249
1719388800,26.029,26.239,25.604,26.074,218545.199756
1719403200,26.047,26.224,25.781,25.963,271136.453192
1719417600,25.978,26.585,25.576,26.545,213369.097201
1719432000,26.523,26.655,25.81,25.825,68559.246695
1719446400,25.826,25.891,25.353,25.641,98450.570855
1719460800,25.656,26.16,25.501,26.078,129452.48655
1719475200,26.064,26.848,25.922,26.594,136551.238604
1719489600,26.593,27.938,26.565,27.802,197795.591015
1719504000,27.839,28.376,27.757,28.085,121570.859189
1719518400,28.088,28.163,27.851,27.932,40920.747278
1719532800,27.924,28.156,27.673,27.99,50088.310422
1719547200,27.994,28.273,27.873,28.145,34004.369404
1719561600,28.13,28.679,27.875,28.602,91928.960539
1719576000,28.604,29.1,28.103,28.342,140349.199966
1719590400,28.344,28.658,27.867,28.109,93391.660544
1719604800,28.113,28.318,27.816,27.958,32244.364438
1719619200,27.964,28.496,27.964,28.387,51617.612091
1719633600,28.392,28.685,28.274,28.412,102966.693839
1719648000,28.414,28.418,28.018,28.123,40851.635258
1719662400,28.123,28.135,27.573,27.784,56492.360865
1719676800,27.775,27.946,27.73,27.914,14954.19766
1719691200,27.911,27.977,27.696,27.778,18211.990887
1719705600,27.771,27.93,27.408,27.706,30183.270459
1719720000,27.706,28.795,27.625,28.274,43810.877972
1719734400,28.291,28.544,28.108,28.403,35677.58403
1719748800,28.426,28.444,27.89,28.059,58107.460423
1719763200,28.066,28.544,27.924,28.51,34271.364303
1719777600,28.524,29.575,28.315,29.362,106566.372193
1719792000,29.371,29.975,29.211,29.957,90230.424251
1719806400,29.958,29.982,29.578,29.746,46003.091864
1719820800,29.746,30.125,29.644,29.691,93875.646586
1719835200,29.685,30.059,29.38,29.831,91719.971084
1719849600,29.816,29.959,29.399,29.527,73915.126997
1719864000,29.525,29.573,28.812,28.819,71112.010308
1719878400,28.824,28.909,28.479,28.63,116279.059446
1719892800,28.618,28.71,28.087,28.203,108507.610429
1719907200,28.2,28.451,28.134,28.279,39999.36942
1719921600,28.277,28.555,28.14,28.321,80743.069194
1719936000,28.331,28.846,28.121,28.727,37697.472807
1719950400,28.726,28.809,28.328,28.709,39295.608197
1719964800,28.719,28.966,27.872,28.151,88887.971259
1719979200,28.147,28.206,27.827,27.852,78828.326486
1719993600,27.858,27.917,27.072,27.337,186264.213363
1720008000,27.343,27.343,26.61,26.939,129967.426091
1720022400,26.922,27.073,26.47,26.516,78108.139377
1720036800,26.515,26.856,26.443,26.508,35911.17801
1720051200,26.509,26.698,25.399,26.222,109426.472426
1720065600,26.215,26.215,25.518,25.589,62487.821147
1720080000,25.589,26.067,25.357,25.888,80716.579149
1720094400,25.872,25.907,24.843,25.607,90741.655301
1720108800,25.608,25.698,25.332,25.463,36198.900035
1720123200,25.455,25.575,24.297,24.442,53085.232359
1720137600,24.444,24.476,21.787,22.286,488426.255073
1720152000,22.28,23.354,21.808,23.214,240289.110864
1720166400,23.196,24.398,22.641,24.347,114012.338506
1720180800,24.33,25.147,24.151,24.992,151307.317613
1720195200,24.992,25.181,24.63,25.042,49807.148242
1720209600,25.045,25.443,24.959,25.101,39866.266334
1720224000,25.127,25.764,24.848,25.081,55766.085814
1720238400,25.079,25.935,25.064,25.559,35889.237182
1720252800,25.553,25.935,25.314,25.746,52130.609213
1720267200,25.737,26.323,25.568,26.005,57183.752654
1720281600,26.016,27.138,25.867,27.055,56401.238427
1720296000,27.055,27.617,27.049,27.405,39082.032414
1720310400,27.397,27.495,26.553,26.769,53161.478485
1720324800,26.773,26.897,26.247,26.411,27890.988537
1720339200,26.407,26.745,26.274,26.347,18958.462979
1720353600,26.335,26.453,25.489,25.877,97663.211446
1720368000,25.872,26.433,25.795,26.105,17800.658585
1720382400,26.113,26.199,25.486,25.76,72468.697382
1720396800,25.762,25.915,24.55,25.198,121061.672524
1720411200,25.191,25.979,25.109,25.629,57459.060606
1720425600,25.63,27.226,25.575,26.968,118438.89978
1720440000,26.952,27.063,25.499,25.908,136651.026328
1720454400,25.871,26.1,25.36,25.398,52937.029739
1720468800,25.408,25.553,25.2,25.211,49316.060449
1720483200,25.209,25.478,24.712,25.23,91211.53857
1720497600,25.229,26.077,25.191,25.642,93670.83203
1720512000,25.653,26.058,25.433,25.668,68425.964144
1720526400,25.643,25.962,25.152,25.521,74853.102738
1720540800,25.52,26.134,25.445,26.109,68376.211741
1720555200,26.109,26.501,26.019,26.426,64953.183343
1720569600,26.438,26.873,26.044,26.864,39759.163102
1720584000,26.865,27.42,26.793,26.864,89689.953544
1720598400,26.867,26.981,26.579,26.883,45638.869535
1720612800,26.89,26.936,26.074,26.308,74279.530238
1720627200,26.308,26.645,26.067,26.128,25888.488475
1720641600,26.141,26.178,25.633,25.76,35261.604699
1720656000,25.765,25.89,25.156,25.344,61377.285624
1720670400,25.336,25.867,25.287,25.849,26981.514221
1720684800,25.855,25.963,25.569,25.867,47797.386687
1720699200,25.857,26.376,25.014,25.139,88281.881406
1720713600,25.134,25.691,25.027,25.27,32597.994597
1720728000,25.256,25.379,25.098,25.202,23096.422105
1720742400,25.195,25.622,24.813,25.432,66108.955377
1720756800,25.418,25.483,25.081,25.235,35329.04247
1720771200,25.219,25.289,24.848,25.03,27987.103872
1720785600,25.037,25.689,25.01,25.607,60853.122402
1720800000,25.611,25.951,25.379,25.401,86744.08105
1720814400,25.412,26.096,25.109,25.97,67401.642735
1720828800,25.98,26.006,25.741,25.896,36371.99383
1720843200,25.903,25.937,25.601,25.821,23652.509777
1720857600,25.813,26.339,25.685,25.802,104383.635341
1720872000,25.798,26.316,25.687,26.2,79484.875656
1720886400,26.206,26.298,25.715,25.839,68149.160453
1720900800,25.841,26.199,25.534,25.864,63617.370702
1720915200,25.855,26.199,25.647,25.922,58856.060251
1720929600,25.914,26.279,25.901,26.046,82229.276496
1720944000,26.048,26.417,25.864,25.895,55986.443932
1720958400,25.903,26.052,25.602,25.915,50743.926649
1720972800,25.92,25.957,25.683,25.712,16901.448105
1720987200,25.709,26.663,25.688,26.349,61777.385269
1721001600,26.344,27.117,26.265,26.984,75133.730231
1721016000,26.994,27.221,26.683,27.132,47849.142817
1721030400,27.152,27.344,26.604,26.773,62605.754166
1721044800,26.774,27.286,26.755,26.953,65626.560242
1721059200,26.933,27.374,26.836,27.074,102553.133122
1721073600,27.069,27.879,27.044,27.822,73004.159377
1721088000,27.836,28.109,27.585,28.056,73018.151899
1721102400,28.056,28.109,26.649,26.851,84408.182231
1721116800,26.86,27.317,26.46,27.261,79919.529835
1721131200,27.265,28.516,27.028,28.456,104901.337383
1721145600,28.47,29.249,28.026,28.218,206480.315692
1721160000,28.223,28.359,27.848,28.013,61585.34995
1721174400,28.016,28.884,27.963,28.788,87567.623295
1721188800,28.801,29.02,28.569,28.673,46947.07774
1721203200,28.666,28.947,28.073,28.128,82404.493448
1721217600,28.119,28.617,27.981,28.058,57126.661825
1721232000,28.01,28.035,27.44,27.888,94258.72144
1721246400,27.891,27.941,27.215,27.241,37816.032892
1721260800,27.244,27.785,27.242,27.764,31726.664687
1721275200,27.771,27.943,27.447,27.59,32862.213575
1721289600,27.593,27.772,27.329,27.54,39431.654136
1721304000,27.543,27.782,26.841,26.904,75226.622217
1721318400,26.882,27.215,26.593,26.864,48966.293842
1721332800,26.869,27.318,26.809,27.133,16934.48777
1721347200,27.141,27.346,26.696,27.279,36876.900852
1721361600,27.291,27.514,26.767,26.902,54212.776943
1721376000,26.911,27.068,26.654,26.843,51934.346863
1721390400,26.856,27.693,26.754,27.629,77209.028153
1721404800,27.633,28.392,27.631,28.333,116947.634752
1721419200,28.334,28.414,28.045,28.162,40833.524927
1721433600,28.158,28.305,27.933,28.251,22460.135995
1721448000,28.256,28.485,28.157,28.171,20072.808916
1721462400,28.162,28.243,27.978,27.999,16090.235729
1721476800,28.001,28.403,27.782,28.403,22057.475564
1721491200,28.398,28.988,28.148,28.653,61275.892886
1721505600,28.652,29.181,28.647,29.109,48932.731097
1721520000,29.108,29.436,28.898,29.182,49321.511544
1721534400,29.166,29.207,28.55,28.762,55996.938774
1721548800,28.76,29.541,28.76,29.299,50184.184653
1721563200,29.302,31.036,29.03,30.999,184904.89146
1721577600,30.994,31.865,29.76,31.764,345368.429914
1721592000,31.75,33.0,31.695,32.628,163592.663309
1721606400,32.638,32.947,32.133,32.226,86355.024621
1721620800,32.223,32.837,31.819,31.907,126199.055607
1721635200,31.912,32.604,31.668,32.229,83145.551295
1721649600,32.231,32.507,31.326,31.918,112720.053905
1721664000,31.93,32.333,31.763,32.333,62313.156562
1721678400,32.328,32.44,31.564,31.869,44310.6524
1721692800,31.872,32.63,31.818,32.096,53941.016648
1721707200,32.097,32.17,30.352,30.4,146479.539393
1721721600,30.4,30.842,30.154,30.598,88375.729786
1721736000,30.6,30.8,29.9,30.308,84500.225969
1721750400,30.29,30.368,29.455,29.896,71655.767928
1721764800,29.881,30.282,29.698,29.833,33463.046198
1721779200,29.819,29.952,28.62,29.013,114703.531893
1721793600,28.989,29.319,28.381,29.271,78490.272271
1721808000,29.274,30.553,29.249,30.174,143813.623573
1721822400,30.175,30.28,29.201,29.201,110900.979811
1721836800,29.21,29.498,28.687,28.837,72165.955744
1721851200,28.85,29.01,28.26,28.374,40766.084246
1721865600,28.369,28.58,27.111,27.357,176274.938416
1721880000,27.347,27.72,27.147,27.302,71540.195679
1721894400,27.313,27.513,27.077,27.345,35270.620508
1721908800,27.334,27.462,26.655,27.02,76603.537763
1721923200,27.033,27.289,26.274,26.767,87182.430685
1721937600,26.778,27.622,26.354,27.241,86888.156293
1721952000,27.241,28.051,27.173,27.751,92019.985455
1721966400,27.739,28.302,27.69,28.01,85780.519852
1721980800,28.01,28.45,27.742,27.967,67503.352785
1721995200,27.965,28.598,27.626,28.566,97902.04116
1722009600,28.568,28.804,28.352,28.584,51423.833402
1722024000,28.59,28.853,28.319,28.719,71871.807524
1722038400,28.716,28.869,28.508,28.602,26598.359072
1722052800,28.604,28.843,28.444,28.645,34239.17694
1722067200,28.642,28.757,28.47,28.72,25492.723212
1722081600,28.727,29.522,28.68,28.852,72508.204295
1722096000,28.85,28.989,27.965,28.24,47810.728197
1722110400,28.247,28.616,27.583,28.048,63531.26718
1722124800,28.041,28.179,27.758,27.767,26063.708685
1722139200,27.763,27.795,27.28,27.769,27163.393074
1722153600,27.769,27.836,27.508,27.654,26284.268911
1722168000,27.659,27.67,27.224,27.256,49649.709465
1722182400,27.256,27.719,27.241,27.54,19670.240576
1722196800,27.549,27.55,27.075,27.41,20493.775536
1722211200,27.395,28.436,27.3,28.22,59564.639371
1722225600,28.23,28.83,28.094,28.694,52802.411061
1722240000,28.704,28.878,28.557,28.559,55647.899318
1722254400,28.557,28.737,27.377,27.567,128048.500646
1722268800,27.556,27.576,27.135,27.46,48463.489399
1722283200,27.459,27.51,26.95,26.998,34000.552061
1722297600,27.002,27.298,26.743,27.16,45951.31193
1722312000,27.16,27.316,27.06,27.23,21699.957838
1722326400,27.224,27.287,26.824,27.013,63759.544253
1722340800,27.013,27.054,26.423,26.714,73461.232253
1722355200,26.711,26.912,26.263,26.44,40736.573402
1722369600,26.449,26.559,26.025,26.328,15895.148379
1722384000,26.338,26.63,26.192,26.539,15666.232185
1722398400,26.53,26.554,25.831,26.288,58270.167106
1722412800,26.288,26.327,26.06,26.22,28537.884819
1722427200,26.224,26.892,26.209,26.59,52443.909639
1722441600,26.584,26.862,25.818,26.028,53717.74741
1722456000,25.991,26.059,25.447,25.71,59034.560351
1722470400,25.71,25.93,25.343,25.427,28246.981246
1722484800,25.41,25.5,24.934,25.345,38190.574362
1722499200,25.343,25.527,25.233,25.388,15547.503168
1722513600,25.384,25.71,24.462,24.6,109319.359092
1722528000,24.604,24.899,24.0,24.82,119297.925634
1722542400,24.815,25.79,24.71,25.708,54072.116871
1722556800,25.706,25.9,25.047,25.341,37153.486929
1722571200,25.339,25.407,24.61,25.01,32461.245549
1722585600,25.005,25.285,24.776,24.981,32468.798497
1722600000,24.98,25.334,23.477,24.14,111843.80692
1722614400,24.12,24.28,23.728,23.84,26657.240075
1722628800,23.84,24.005,23.352,23.607,46211.226011
1722643200,23.595,23.754,23.0,23.72,53518.696985
1722657600,23.719,23.862,23.613,23.737,25727.989831
1722672000,23.72,24.114,23.476,23.943,53937.520298
1722686400,23.945,24.11,23.344,23.353,59942.569365
1722700800,23.353,23.416,22.369,22.472,129644.721034
1722715200,22.471,22.81,22.19,22.67,46819.501298
1722729600,22.679,22.963,22.491,22.819,22999.660501
1722744000,22.822,22.91,22.56,22.59,20655.896236
1722758400,22.59,22.77,22.33,22.53,16149.407833
1722772800,22.53,22.674,21.58,21.597,67445.76157
1722787200,21.597,21.994,20.584,21.824,184484.254898
1722801600,21.833,22.09,21.2,21.25,38942.897947
1722816000,21.24,21.383,17.872,18.667,714188.888554
1722830400,18.657,19.3,17.241,19.057,448222.409596
1722844800,19.045,19.1,17.556,18.222,296929.772939
1722859200,18.226,19.786,17.427,19.735,603004.540688
1722873600,19.73,20.236,19.167,19.388,186976.302544
1722888000,19.386,20.006,19.366,19.539,98162.843263
1722902400,19.534,20.846,19.51,20.42,96745.576078
1722916800,20.42,21.067,20.277,21.03,62227.30155
1722931200,21.03,21.05,20.29,20.438,50890.382027
1722945600,20.44,21.256,20.029,21.106,119440.895131
1722960000,21.12,21.454,21.017,21.13,107107.907992
1722974400,21.12,21.375,20.783,20.898,64613.223915
1722988800,20.881,21.456,20.565,21.212,91195.765471
1723003200,21.2,21.69,21.08,21.229,82002.001175
1723017600,21.243,21.544,20.916,20.955,70974.540314
1723032000,20.952,21.147,20.108,20.42,74198.879531
1723046400,20.41,20.471,19.844,19.996,63570.972703
1723060800,20.0,20.173,19.71,19.86,53078.38133
1723075200,19.861,20.941,19.531,20.654,83096.212593
1723089600,20.654,20.866,20.577,20.577,34437.342894
1723104000,20.584,20.714,20.485,20.577,17607.210413
1723118400,20.565,21.956,20.405,21.95,122870.470626
1723132800,21.956,22.22,21.625,21.677,66298.775152
1723147200,21.681,22.8,21.669,22.741,51681.495715
1723161600,22.732,22.8,22.192,22.192,43583.240432
1723176000,22.19,22.19,21.624,21.824,86773.893803
1723190400,21.83,21.935,21.493,21.74,72952.143109
1723204800,21.731,21.968,21.29,21.365,53573.00363
1723219200,21.367,21.672,21.33,21.484,76759.586501
1723233600,21.481,21.81,21.394,21.749,39579.242504
1723248000,21.75,22.05,21.504,21.588,61630.860392
1723262400,21.59,21.693,21.4,21.674,20017.82654
1723276800,21.682,21.793,21.555,21.787,26510.46365
1723291200,21.785,21.891,21.545,21.692,44606.509724
1723305600,21.694,21.807,21.609,21.636,26825.881713
1723320000,21.63,21.768,21.508,21.584,20710.566781
1723334400,21.581,22.18,21.54,21.989,35083.504677
1723348800,21.99,22.148,21.829,22.081,48106.464309
1723363200,22.082,22.377,21.694,21.78,61704.268857
1723377600,21.769,21.788,21.155,21.302,87447.29472
1723392000,21.298,21.302,20.821,20.84,77074.966866
1723406400,20.843,20.846,20.385,20.405,79200.554704
1723420800,20.405,20.759,20.302,20.687,41546.503268
1723435200,20.684,21.116,20.455,21.051,51461.200332
1723449600,21.052,21.572,20.92,21.537,57408.340326
1723464000,21.533,21.715,20.6,21.359,106737.585095
1723478400,21.353,21.434,20.804,21.05,43885.530163
1723492800,21.05,21.353,20.712,21.27,63007.424736
1723507200,21.272,21.351,20.798,20.857,45033.624831
1723521600,20.846,21.103,20.728,20.98,21378.656821
1723536000,20.987,21.016,20.607,20.855,31295.998873
1723550400,20.856,21.087,20.754,21.04,44633.974121
1723564800,21.041,21.613,21.017,21.35,63781.927923
1723579200,21.35,21.539,21.226,21.388,31787.599766
1723593600,21.373,21.48,21.182,21.305,19870.456485
1723608000,21.301,21.45,21.162,21.293,17534.290251
1723622400,21.29,21.677,21.193,21.568,33165.086012
1723636800,21.572,21.873,20.768,21.305,63859.63041
1723651200,21.29,21.415,20.97,21.095,32976.481127
1723665600,21.096,21.139,20.829,20.959,9936.490676
1723680000,20.958,21.156,20.749,20.944,38306.179293
1723694400,20.945,20.989,20.539,20.958,70528.344187
1723708800,20.965,21.136,20.786,21.084,35707.711558
1723723200,21.08,21.145,20.766,20.922,92374.517439
1723737600,20.91,20.994,19.84,20.054,134784.986149
1723752000,20.053,20.25,19.85,20.13,42894.744459
1723766400,20.14,20.478,20.029,20.193,22328.72194
1723780800,20.192,20.611,20.165,20.546,16522.82332
1723795200,20.549,20.583,20.269,20.32,47639.795588
1723809600,20.33,20.432,19.781,19.961,83965.150524
1723824000,19.96,20.469,19.952,20.41,67716.307036
1723838400,20.417,20.68,20.357,20.378,34406.255245
1723852800,20.37,20.543,20.24,20.43,9752.460698
1723867200,20.436,20.598,20.39,20.566,6684.264015
1723881600,20.57,20.584,20.38,20.477,11247.131039
1723896000,20.47,20.654,20.369,20.478,35335.954464
1723910400,20.47,20.673,20.464,20.571,10432.226349
1723924800,20.58,20.712,20.502,20.71,18744.395976
1723939200,20.705,20.866,20.543,20.617,19435.998011
1723953600,20.617,20.93,20.561,20.752,20406.465964
1723968000,20.742,21.07,20.689,21.026,30936.636268
1723982400,21.027,21.397,20.974,21.222,39967.92423
1723996800,21.23,21.34,21.009,21.337,22478.686054
1724011200,21.347,21.508,20.748,20.815,34236.115341
1724025600,20.82,20.95,20.65,20.9,20602.133333
1724040000,20.89,20.901,20.571,20.69,14667.532784
1724054400,20.68,20.851,20.487,20.72,29312.852787
1724068800,20.699,20.834,20.38,20.566,24461.855394
1724083200,20.56,21.048,20.44,20.86,26080.976557
1724097600,20.82,21.24,20.786,21.211,13347.607702
1724112000,21.212,21.803,21.163,21.788,61935.95495
1724126400,21.8,22.092,21.718,22.075,56175.347819
1724140800,22.076,22.162,21.883,22.004,31382.761523
1724155200,21.994,22.23,21.479,21.774,58978.891137
1724169600,21.78,22.66,21.748,22.576,59068.832012
1724184000,22.56,22.785,22.218,22.264,42654.099325
1724198400,22.26,23.198,22.25,23.19,63657.056613
1724212800,23.19,23.595,22.95,23.297,92344.272695
1724227200,23.297,23.4,22.844,22.88,25371.295714
1724241600,22.88,23.474,22.806,23.1,62128.163584
1724256000,23.095,23.675,22.988,23.63,48642.640253
1724270400,23.637,23.8,23.415,23.546,21865.825931
1724284800,23.539,23.655,23.032,23.237,19925.009298
1724299200,23.224,23.541,23.155,23.27,26011.907249
1724313600,23.256,23.564,23.191,23.552,7315.606076
1724328000,23.535,25.312,23.529,24.617,200964.245669
1724342400,24.58,24.639,24.129,24.476,46398.757729
1724356800,24.487,25.3,24.487,25.217,27548.635999
1724371200,25.222,26.643,25.213,26.464,101209.337759
1724385600,26.474,26.554,25.642,25.762,84804.767909
1724400000,25.775,26.294,25.775,26.078,44516.689871
1724414400,26.086,26.856,25.89,26.117,106930.833105
1724428800,26.13,26.81,26.036,26.703,52659.811133
1724443200,26.682,27.021,26.479,26.516,48979.40923
1724457600,26.507,26.576,26.2,26.257,21441.40783
1724472000,26.256,26.702,26.216,26.627,38726.939181
1724486400,26.612,27.719,26.465,27.503,56356.711246
1724500800,27.485,27.828,27.196,27.777,57777.623327
1724515200,27.774,28.0,27.42,27.468,63068.040274
1724529600,27.461,27.54,26.76,27.11,49666.338495
1724544000,27.113,27.174,26.5,26.922,57880.060614
1724558400,26.932,27.096,26.13,26.288,57227.643606
1724572800,26.28,26.652,26.14,26.621,31036.330166
1724587200,26.627,27.176,26.49,27.03,32301.985447
1724601600,27.04,27.25,26.804,26.94,27439.04276
1724616000,26.958,27.679,26.869,26.92,45642.797742
1724630400,26.93,27.183,26.33,26.851,50285.184303
1724644800,26.861,27.114,26.611,26.8,28212.054202
1724659200,26.81,27.086,26.544,26.86,31952.46138
1724673600,26.87,26.917,26.249,26.554,41404.350483
1724688000,26.534,26.738,26.165,26.233,52503.495182
1724702400,26.291,26.462,25.893,25.94,47397.278628
1724716800,25.94,26.38,25.937,26.294,27003.097833
1724731200,26.299,26.796,26.181,26.555,29529.149236
1724745600,26.553,26.653,25.524,25.766,45041.608335
1724760000,25.765,25.8,25.269,25.327,42165.711376
1724774400,25.324,25.81,25.194,25.574,26839.215009
1724788800,25.566,25.57,23.666,24.088,106331.401349
1724803200,24.086,24.254,23.567,24.224,39866.336637
1724817600,24.212,24.257,23.6,23.62,19548.010731
1724832000,23.62,24.826,23.47,24.67,37190.994041
1724846400,24.686,24.827,23.6,23.878,54413.131935
1724860800,23.86,24.251,23.193,23.797,74419.567737
1724875200,23.798,24.145,23.215,23.448,70317.006905
1724889600,23.436,23.644,23.284,23.478,44315.522655
1724904000,23.479,23.92,23.32,23.841,31077.164541
1724918400,23.818,23.95,23.455,23.6,32910.60411
1724932800,23.59,24.679,23.544,24.36,93845.223597
1724947200,24.342,24.541,22.948,23.196,106137.281634
1724961600,23.194,23.26,22.773,22.903,36357.537285
1724976000,22.892,23.148,22.769,22.984,51464.364246
1724990400,22.988,23.569,22.88,23.385,40018.919427
1725004800,23.377,23.641,23.195,23.21,15710.115378
1725019200,23.2,23.497,22.195,22.37,101605.712453
1725033600,22.385,23.249,22.194,22.994,70827.127741
1725048000,22.992,23.33,22.992,23.277,29708.401422
1725062400,23.28,23.392,23.127,23.194,30481.679179
1725076800,23.19,23.347,22.98,23.025,21536.666729
1725091200,23.012,23.109,22.774,23.026,16339.420258
1725105600,23.018,23.13,22.872,23.037,9903.9905
1725120000,23.039,23.04,22.474,22.684,16128.518336
1725134400,22.693,22.882,22.615,22.806,13636.566475
1725148800,22.793,22.835,22.249,22.48,22861.90878
1725163200,22.478,22.499,21.9,22.27,43777.766319
1725177600,22.274,22.612,22.03,22.35,60192.031462
1725192000,22.348,22.523,21.864,22.416,43301.740632
1725206400,22.423,22.482,21.76,22.14,93975.266744
1725220800,22.143,22.311,21.109,21.412,50767.275842
1725235200,21.411,21.913,21.37,21.81,23529.0438
1725249600,21.82,22.068,21.527,21.59,24938.881408
1725264000,21.6,22.357,21.599,22.18,38585.692391
1725278400,22.183,22.259,21.841,22.061,31006.950236
1725292800,22.07,22.197,21.95,22.091,34884.750105
1725307200,22.096,22.566,22.096,22.366,45016.701414
1725321600,22.361,22.726,22.288,22.51,47930.394104
1725336000,22.52,22.545,22.285,22.527,25379.426866
1725350400,22.52,22.52,22.142,22.392,31186.818441
1725364800,22.393,22.514,21.541,21.598,42718.139681
1725379200,21.588,21.868,21.514,21.829,18149.448216
1725393600,21.829,21.829,21.342,21.37,22186.689846
1725408000,21.389,21.601,20.463,21.445,118830.406835
1725422400,21.444,21.754,21.199,21.673,27358.267331
1725436800,21.684,21.802,21.401,21.49,22739.736974
1725451200,21.499,22.059,21.329,22.044,56410.61815
1725465600,22.039,22.314,21.807,21.913,31988.943178
1725480000,21.915,22.105,21.777,21.902,11852.460932
1725494400,21.902,22.18,21.636,21.693,23312.362412
1725508800,21.688,21.935,21.531,21.786,19718.363964
1725523200,21.779,21.869,21.572,21.706,11606.523336
1725537600,21.702,22.032,21.253,21.415,66365.463602
1725552000,21.411,21.757,21.222,21.325,20683.550212
1725566400,21.34,21.483,21.249,21.373,11657.242821
1725580800,21.38,21.733,21.253,21.611,14074.636186
1725595200,21.619,21.872,21.345,21.507,53295.534866
1725609600,21.516,21.727,21.342,21.526,48874.173363
1725624000,21.519,22.187,21.085,21.349,134828.798884
1725638400,21.344,21.411,20.734,20.979,84058.82418
1725652800,20.963,21.171,20.45,21.157,68831.720775
1725667200,21.164,21.291,21.05,21.226,31640.615327
1725681600,21.242,21.694,21.219,21.684,27503.483405
1725696000,21.677,21.707,21.452,21.607,17055.663239
1725710400,21.61,22.009,21.599,21.837,21824.955622
1725724800,21.839,21.905,21.602,21.847,19739.252574
1725739200,21.839,21.856,21.599,21.789,11081.383826
1725753600,21.81,22.365,21.716,22.365,49590.744619
1725768000,22.374,23.227,22.355,23.068,121249.115
1725782400,23.08,23.162,22.837,23.058,38135.960155
1725796800,23.068,23.097,22.442,22.469,45562.844602
1725811200,22.472,23.071,22.372,22.963,45518.822067
1725825600,22.988,23.531,22.88,23.24,47117.227445
1725840000,23.247,23.548,23.138,23.492,37856.17188
1725854400,23.496,23.711,23.187,23.692,53906.169916
1725868800,23.682,24.361,23.678,23.713,62500.558692
1725883200,23.715,23.903,23.289,23.586,59163.767066
1725897600,23.589,24.308,23.586,24.2,61546.65947
1725912000,24.203,24.415,23.836,23.839,65669.225337
1725926400,23.846,23.869,23.585,23.606,26083.720017
1725940800,23.607,23.841,23.574,23.803,17428.085907
1725955200,23.803,24.112,23.616,24.078,38093.533987
1725969600,24.065,24.13,23.737,23.77,32251.521608
1725984000,23.752,24.506,23.746,24.418,52744.184731
1725998400,24.407,24.604,24.263,24.349,52907.251848
1726012800,24.356,24.516,23.778,23.831,50164.676528
1726027200,23.839,23.841,23.274,23.646,54002.83334
1726041600,23.634,23.648,23.343,23.618,19340.317108
1726056000,23.616,23.791,22.886,23.345,79031.748874
1726070400,23.323,23.68,23.286,23.467,31249.332953
1726084800,23.451,23.537,23.266,23.281,17251.836232
1726099200,23.272,24.089,23.267,23.706,67274.181272
1726113600,23.703,23.824,23.44,23.517,46717.29655
1726128000,23.516,23.764,23.454,23.604,33211.794391
1726142400,23.599,23.941,23.428,23.48,34526.476155
1726156800,23.463,24.032,23.458,23.874,37626.127681
1726171200,23.869,24.109,23.722,24.025,33856.749683
1726185600,24.022,24.106,23.667,23.686,12763.24747
1726200000,23.678,23.864,23.673,23.838,15225.822173
1726214400,23.83,24.248,23.691,23.869,38177.801878
1726228800,23.872,24.743,23.678,24.693,124058.183657
1726243200,24.697,24.812,24.517,24.7,55191.160678
1726257600,24.71,25.096,24.687,24.914,40986.443877
1726272000,24.913,25.097,24.867,25.041,27856.590262
1726286400,25.047,25.047,24.842,24.937,18016.777614
1726300800,24.927,25.007,24.625,24.665,19829.112226
1726315200,24.665,25.601,24.619,25.487,51702.567827
1726329600,25.495,25.661,25.181,25.271,29351.286525
1726344000,25.27,25.471,25.089,25.322,25339.920127
1726358400,25.33,25.374,24.964,25.067,36157.234719
1726372800,25.076,25.077,24.776,24.888,26877.410124
1726387200,24.886,24.886,24.55,24.626,24300.459989
1726401600,24.626,24.904,24.583,24.757,31791.846676
1726416000,24.735,24.755,24.33,24.366,36084.512308
1726430400,24.365,24.397,23.637,23.806,58698.357796
1726444800,23.792,23.871,23.316,23.674,59032.780421
1726459200,23.67,24.143,23.541,24.066,30982.634205
1726473600,24.058,24.24,23.833,23.882,30242.648812
1726488000,23.863,23.893,23.3,23.516,42182.432849
1726502400,23.517,23.589,23.217,23.468,28098.713421
1726516800,23.473,23.594,23.319,23.519,17193.470596
1726531200,23.514,23.553,23.166,23.49,13252.359134
1726545600,23.492,24.037,23.466,23.8,21337.797068
1726560000,23.795,24.032,23.682,23.851,26970.54444
1726574400,23.839,24.488,23.628,24.402,76733.04984
1726588800,24.398,24.478,23.7,23.869,49149.400197
1726603200,23.865,23.977,23.696,23.779,20111.772488
1726617600,23.781,23.899,23.5,23.854,27249.484174
1726632000,23.851,23.866,23.56,23.624,20845.552866
1726646400,23.616,23.621,23.07,23.254,35465.427557
1726660800,23.258,23.37,22.857,22.928,44699.991951
1726675200,22.924,23.8,22.792,23.385,123164.396508
1726689600,23.375,24.743,23.179,24.708,76617.308094
1726704000,24.714,26.183,24.714,25.642,151058.261795
1726718400,25.632,25.936,25.58,25.92,43025.854475
1726732800,25.902,26.37,25.874,26.262,66490.473282
1726747200,26.245,26.537,26.083,26.387,55499.893812
1726761600,26.392,26.622,26.267,26.43,91858.008927
1726776000,26.423,26.79,26.106,26.664,69356.475567
1726790400,26.667,27.887,26.474,27.876,117643.920304
1726804800,27.865,28.413,27.687,28.218,128533.052012
1726819200,28.207,28.837,28.126,28.141,98712.737145
1726833600,28.141,28.258,27.12,27.191,89010.183581
1726848000,27.198,27.355,26.786,27.116,40348.067045
1726862400,27.129,27.681,27.129,27.667,32381.411939
1726876800,27.669,27.774,27.136,27.191,79720.822795
1726891200,27.178,27.325,26.996,27.259,23564.754288
1726905600,27.258,27.609,27.182,27.573,17799.001478
1726920000,27.586,28.129,27.453,27.572,33298.898515
1726934400,27.575,27.708,27.353,27.368,14339.61639
1726948800,27.375,27.999,27.334,27.787,42591.781286
1726963200,27.793,27.805,27.082,27.27,56277.618637
1726977600,27.263,27.478,27.146,27.392,13484.542943
1726992000,27.384,27.447,26.807,26.912,25509.196227
1727006400,26.913,27.058,26.632,26.884,22613.59794
1727020800,26.863,27.169,26.632,27.109,18237.738709
1727035200,27.119,27.502,26.449,27.306,41073.707186
1727049600,27.302,28.167,26.563,27.865,66951.827041
1727064000,27.861,27.952,27.399,27.661,46003.369036
1727078400,27.654,27.689,27.248,27.327,58811.966241
1727092800,27.33,27.744,27.272,27.562,55474.84861
1727107200,27.546,27.732,27.176,27.362,39595.708258
1727121600,27.365,27.478,27.098,27.385,27021.760298
1727136000,27.391,27.4,26.841,27.256,57002.980495
1727150400,27.28,27.436,27.035,27.399,21363.069667
1727164800,27.39,27.781,27.365,27.678,23676.410968
1727179200,27.687,27.812,26.926,27.151,76243.35975
1727193600,27.151,27.743,27.117,27.7,35619.288324
1727208000,27.7,28.55,27.497,28.46,76035.742814
1727222400,28.478,28.493,27.73,27.97,97634.763909
1727236800,27.97,27.983,27.348,27.623,66803.531843
1727251200,27.616,27.904,27.532,27.847,37945.096094
1727265600,27.839,28.092,27.511,27.689,32430.194768
1727280000,27.678,27.727,27.253,27.49,36801.987842
1727294400,27.496,27.667,27.159,27.293,16793.547349
1727308800,27.294,27.587,26.977,27.546,39936.196135
1727323200,27.535,28.024,27.453,28.019,40168.398907
1727337600,28.018,28.248,27.74,28.248,38594.540129
1727352000,28.249,29.328,28.237,29.19,144797.570049
1727366400,29.2,29.425,28.853,28.917,40426.827583
1727380800,28.923,29.317,28.771,29.156,36745.904669
1727395200,29.151,29.45,28.926,29.418,61554.868263
1727409600,29.424,29.757,29.292,29.649,56847.761841
1727424000,29.628,30.104,29.607,29.884,46148.657127
1727438400,29.867,30.849,29.727,30.158,102544.828184
1727452800,30.161,30.592,30.035,30.205,43749.801927
1727467200,30.22,30.557,30.038,30.431,20902.40398
1727481600,30.44,30.754,30.143,30.198,50172.538355
1727496000,30.194,30.23,29.392,29.468,50358.43548
1727510400,29.463,29.708,29.025,29.493,39886.666977
1727524800,29.499,29.66,29.121,29.474,21468.066606
1727539200,29.474,29.489,29.175,29.379,19833.909682
1727553600,29.37,29.412,29.107,29.29,17857.694056
1727568000,29.296,29.462,29.037,29.126,20705.856563
1727582400,29.132,29.172,28.563,28.618,36191.509477
1727596800,28.615,28.84,28.523,28.685,37487.655171
1727611200,28.682,28.861,28.25,28.845,50645.765045
1727625600,28.841,29.266,28.638,29.266,23372.28826
1727640000,29.262,29.434,28.888,29.038,39882.202816
1727654400,29.04,29.125,28.131,28.579,61675.187677
1727668800,28.587,28.996,28.336,28.951,24075.097836
1727683200,28.957,29.007,27.961,28.321,40927.625597
1727697600,28.322,28.592,27.926,27.945,56234.194671
1727712000,27.957,28.292,27.942,27.949,40332.709655
1727726400,27.952,28.342,27.553,27.725,42402.395493
1727740800,27.708,28.45,27.599,28.396,29617.713497
1727755200,28.389,28.724,28.315,28.593,22721.198846
1727769600,28.583,28.885,28.566,28.652,18094.69869
1727784000,28.658,28.754,25.971,26.688,191616.118161
1727798400,26.678,26.874,25.01,25.919,206181.012168
1727812800,25.92,26.232,25.396,25.823,79689.803514
1727827200,25.821,26.503,25.612,26.387,40086.393621
1727841600,26.377,26.774,26.053,26.612,26564.184356
1727856000,26.606,26.737,25.715,26.024,42971.27344
1727870400,26.002,26.259,25.468,26.22,79451.943366
1727884800,26.218,26.464,25.033,25.236,103127.471037
1727899200,25.239,25.6,25.089,25.336,43645.614997
1727913600,25.334,25.624,25.13,25.563,56309.184687
1727928000,25.556,25.67,24.871,24.884,52298.783888
1727942400,24.885,25.077,24.189,24.683,72906.795853
1727956800,24.684,24.8,23.897,24.376,131409.71888
1727971200,24.375,24.785,23.946,24.772,67470.862838
1727985600,24.763,24.84,24.434,24.657,25233.645339
1728000000,24.655,25.114,24.44,24.925,36033.761074
1728014400,24.924,25.33,24.873,25.295,36178.740395
1728028800,25.291,25.708,25.265,25.701,48821.39215
1728043200,25.701,26.159,25.298,26.159,87723.844487
1728057600,26.156,26.507,26.014,26.31,70774.561764
1728072000,26.295,26.417,26.126,26.275,20350.957565
1728086400,26.269,26.461,25.767,25.853,37023.648955
1728100800,25.851,26.316,25.807,26.017,25401.068056
1728115200,26.018,26.136,25.823,25.869,23725.106423
1728129600,25.87,25.962,25.569,25.739,32066.528318
1728144000,25.734,25.748,25.424,25.462,23268.73129
1728158400,25.463,25.742,25.109,25.671,29428.696059
1728172800,25.674,25.884,25.497,25.632,19259.396661
1728187200,25.633,26.273,25.633,26.206,33253.869172
1728201600,26.207,26.366,26.045,26.357,26480.526617
1728216000,26.352,26.973,26.352,26.943,66300.28496
1728230400,26.93,27.082,26.733,26.851,20963.843234
1728244800,26.852,27.009,26.629,26.932,24730.395744
1728259200,26.946,27.547,26.848,27.291,34761.711387
1728273600,27.298,27.546,27.206,27.231,14724.964595
1728288000,27.243,27.345,26.631,27.006,45490.355247
1728302400,27.022,27.737,26.898,27.14,65641.690674
1728316800,27.14,27.436,26.81,27.127,47611.227142
1728331200,27.14,27.163,26.521,26.575,22598.005595
1728345600,26.568,27.189,26.556,27.093,20967.009232
1728360000,27.099,27.129,26.22,26.502,39618.190653
1728374400,26.523,26.759,26.382,26.71,12783.753412
1728388800,26.707,26.863,26.03,26.331,43442.895329
1728403200,26.333,26.578,26.18,26.387,30409.607657
1728417600,26.405,26.696,26.242,26.343,10674.672401
1728432000,26.346,26.694,26.181,26.325,24053.920869
1728446400,26.325,26.601,26.225,26.466,15164.852055
1728460800,26.454,26.594,26.286,26.432,11005.178738
1728475200,26.451,26.451,25.673,26.201,74189.140701
1728489600,26.196,26.292,25.758,26.114,73983.125052
1728504000,26.081,26.17,25.722,25.784,40259.949607
1728518400,25.766,26.035,25.542,25.963,24529.592298
1728532800,25.95,26.367,25.9,26.126,21034.20495
1728547200,26.121,26.235,25.668,26.154,22678.860962
1728561600,26.145,26.273,25.521,25.856,73600.271782
1728576000,25.849,25.927,25.063,25.514,44284.920048
1728590400,25.507,25.923,25.416,25.86,19147.311292
1728604800,25.852,26.15,25.746,26.047,26826.936043
1728619200,26.051,26.204,25.96,26.154,14369.657138
1728633600,26.142,26.609,26.133,26.42,40755.358569
1728648000,26.429,26.824,26.339,26.787,41748.446887
1728662400,26.783,27.317,26.688,27.317,35695.737715
1728676800,27.301,27.598,27.229,27.464,38722.620962
1728691200,27.46,29.01,27.381,28.311,90464.745179
1728705600,28.312,28.552,28.136,28.176,27720.734873
1728720000,28.176,28.597,28.104,28.556,31880.206373
1728734400,28.554,29.372,28.516,29.111,69445.674911
1728748800,29.111,29.266,28.859,28.992,36367.409307
1728763200,28.97,28.994,28.533,28.631,45905.420624
1728777600,28.633,29.047,28.421,28.774,58880.793437
1728792000,28.802,29.139,28.802,29.038,22674.665374
1728806400,29.035,29.36,28.907,28.998,24518.061571
1728820800,28.998,29.261,28.392,28.489,65499.303474
1728835200,28.465,28.838,28.295,28.639,31806.878112
1728849600,28.631,29.261,28.426,29.046,43059.044001
1728864000,29.06,29.788,28.65,29.715,61490.814728
1728878400,29.732,29.866,29.316,29.5,38982.124706
1728892800,29.498,29.57,29.111,29.359,67070.86483
1728907200,29.371,29.745,29.062,29.546,86639.349236
1728921600,29.547,29.61,28.965,29.125,69850.062966
1728936000,29.12,29.428,28.947,29.07,37713.477553
1728950400,29.07,29.113,28.671,28.719,58135.340878
1728964800,28.717,28.924,28.443,28.782,59147.481126
1728979200,28.778,29.393,28.327,28.478,71941.51268
1728993600,28.484,29.617,27.537,28.122,184379.263311
1729008000,28.119,28.624,28.03,28.217,57017.291942
1729022400,28.228,28.438,27.745,28.236,108364.297614
1729036800,28.212,28.222,27.655,27.668,73238.998143
1729051200,27.666,27.837,27.25,27.335,114293.751639
1729065600,27.334,28.024,27.276,27.899,66813.420242
1729080000,27.873,28.157,27.4,27.48,102366.298702
1729094400,27.481,27.809,27.323,27.627,29931.413021
1729108800,27.62,28.196,27.61,28.033,16022.577345
1729123200,28.023,28.264,27.944,28.084,12813.560975
1729137600,28.061,28.075,27.382,27.583,25060.261308
1729152000,27.577,27.834,27.17,27.279,39770.852623
1729166400,27.273,27.89,27.19,27.75,45906.735257
1729180800,27.738,27.79,26.816,27.156,43605.09175
1729195200,27.154,27.394,27.072,27.305,9507.257191
1729209600,27.298,27.761,27.105,27.406,19053.792593
1729224000,27.425,27.794,27.379,27.686,12213.779006
1729238400,27.686,27.738,27.43,27.436,9557.131938
1729252800,27.458,27.871,27.333,27.802,23536.348626
1729267200,27.8,28.169,27.62,27.873,30588.672083
1729281600,27.877,28.125,27.799,28.094,7950.958244
1729296000,28.092,28.455,28.033,28.26,32947.067604
1729310400,28.269,28.339,28.04,28.055,12599.826424
1729324800,28.061,28.169,27.733,27.733,12079.52627
1729339200,27.731,28.26,27.721,28.135,21836.946539
1729353600,28.128,28.131,27.886,27.91,6719.010975
1729368000,27.918,28.188,27.903,28.101,4165.796856
1729382400,28.108,28.216,27.772,27.832,14504.15187
1729396800,27.826,28.04,27.763,27.933,10027.829867
1729411200,27.937,28.176,27.866,28.14,7242.36328
1729425600,28.14,28.45,27.837,28.386,21554.320503
1729440000,28.395,28.421,28.139,28.303,7154.189269
1729454400,28.303,28.994,28.214,28.973,26391.001738
1729468800,28.971,29.334,28.599,28.679,40636.860645
1729483200,28.678,29.078,28.591,28.62,19547.437999
1729497600,28.624,28.802,28.236,28.254,16530.294702
1729512000,28.266,28.333,27.587,27.764,62849.769252
1729526400,27.758,28.0,27.38,27.997,22130.067436
1729540800,27.997,28.057,27.75,27.757,24378.981161
1729555200,27.758,28.148,27.398,28.02,23384.81166
1729569600,28.0,28.224,27.894,27.984,14182.374541
1729584000,27.989,28.008,27.223,27.76,43354.941082
1729598400,27.755,27.939,27.411,27.813,60926.761624
1729612800,27.807,27.812,27.375,27.658,24462.698721
1729627200,27.658,27.796,27.575,27.63,14600.895097
1729641600,27.65,27.73,27.138,27.343,16525.264505
1729656000,27.344,27.47,27.03,27.077,27934.029336
1729670400,27.075,27.22,26.567,26.613,48000.02249
1729684800,26.633,26.914,26.338,26.513,36027.707295
1729699200,26.512,26.586,25.879,26.586,64995.285421
1729713600,26.587,26.811,26.495,26.769,14794.711187
1729728000,26.756,27.231,26.601,26.99,28538.141153
1729742400,26.992,27.189,26.844,26.847,27110.645179
1729756800,26.84,26.924,26.385,26.581,28921.654078
1729771200,26.6,26.926,26.542,26.808,24867.89336
1729785600,26.804,27.05,26.671,27.043,9735.649345
1729800000,27.049,27.232,26.794,26.843,19828.737226
1729814400,26.834,26.883,26.398,26.543,18441.923839
1729828800,26.558,26.588,26.051,26.233,19935.044107
1729843200,26.242,26.587,26.057,26.554,17058.265125
1729857600,26.548,26.769,26.071,26.144,35629.993773
1729872000,26.144,26.267,25.429,25.9,61627.341551
1729886400,25.893,26.076,23.916,24.932,187952.376839
1729900800,24.933,25.373,24.556,25.281,65668.872215
1729915200,25.282,25.599,25.221,25.427,9957.565544
1729929600,25.423,25.664,25.402,25.624,11374.411448
1729944000,25.619,25.678,24.908,25.091,15638.104281
1729958400,25.089,25.475,24.982,25.43,23600.595507
1729972800,25.432,25.627,25.287,25.408,10543.159567
1729987200,25.406,25.599,25.25,25.59,9003.177191
1730001600,25.59,25.605,25.437,25.474,7804.685654
1730016000,25.45,25.554,25.305,25.373,8353.403473
1730030400,25.374,25.819,25.374,25.802,22136.821027
1730044800,25.798,25.947,25.588,25.68,15140.065133
1730059200,25.681,25.91,25.591,25.763,9846.374546
1730073600,25.764,25.877,25.166,25.21,22594.731047
1730088000,25.202,25.871,25.058,25.747,20336.234844
1730102400,25.745,26.287,25.735,26.215,26219.458377
1730116800,26.218,26.315,25.56,25.574,35411.770167
1730131200,25.571,26.04,25.339,25.876,29740.513057
1730145600,25.871,26.54,25.845,26.266,46026.431093
1730160000,26.262,26.977,26.183,26.804,33944.592762
1730174400,26.804,26.895,26.47,26.53,13839.693471
1730188800,26.539,26.834,26.5,26.759,22926.244459
1730203200,26.753,26.857,26.406,26.74,31862.687909
1730217600,26.736,27.156,26.553,26.6,48293.816896
1730232000,26.604,26.916,26.294,26.872,27039.174841
1730246400,26.875,26.894,26.399,26.592,31285.190459
1730260800,26.597,26.764,26.482,26.611,41636.297634
1730275200,26.615,26.693,26.11,26.137,42797.176635
1730289600,26.142,26.491,26.002,26.13,30769.947599
1730304000,26.133,26.319,26.068,26.163,11302.274288
1730318400,26.154,26.496,26.046,26.18,20858.402718
1730332800,26.173,26.223,25.941,26.079,11721.499839
1730347200,26.086,26.086,25.77,25.94,14680.641886
1730361600,25.938,25.943,25.675,25.757,12040.688397
1730376000,25.756,25.798,25.1,25.261,38917.73314
1730390400,25.262,25.262,24.679,24.712,76131.303843
1730404800,24.707,25.201,24.679,25.023,33884.786826
1730419200,25.014,25.076,24.553,24.885,24832.874905
1730433600,24.887,25.0,24.398,24.68,23292.72019
1730448000,24.676,25.197,24.653,25.146,43074.008942
1730462400,25.137,25.712,24.599,24.899,51931.630806
1730476800,24.9,25.222,24.68,24.782,28079.727173
1730491200,24.783,24.948,24.493,24.795,14124.174553
1730505600,24.788,25.017,24.769,24.837,11904.796238
1730520000,24.836,24.977,24.76,24.879,5856.080448
1730534400,24.873,24.913,24.636,24.658,6586.38583
1730548800,24.658,24.715,24.076,24.254,31957.17635
1730563200,24.255,24.381,23.953,24.174,10824.344049
1730577600,24.177,24.271,23.99,24.124,9852.243546
1730592000,24.119,24.209,23.2,23.596,61557.314363
1730606400,23.592,23.786,23.534,23.618,29018.027779
1730620800,23.609,23.644,23.212,23.243,31211.495217
1730635200,23.226,23.312,22.608,23.06,83836.382776
1730649600,23.043,23.317,22.845,23.312,33914.456085
1730664000,23.306,23.73,23.254,23.534,22956.726153
1730678400,23.533,23.934,23.333,23.709,20249.286603
1730692800,23.711,23.85,23.462,23.481,16371.462052
1730707200,23.481,23.71,23.236,23.613,23295.792001
1730721600,23.614,23.8,23.142,23.225,29274.918334
1730736000,23.224,23.243,22.872,22.915,38489.246544
1730750400,22.908,23.527,22.35,22.731,86710.677851
1730764800,22.727,22.926,22.597,22.855,26172.632232
1730779200,22.856,23.228,22.856,23.192,10636.56501
1730793600,23.194,23.415,23.144,23.305,23715.246333
1730808000,23.306,24.223,23.256,23.977,55552.80065
1730822400,23.979,24.485,23.636,23.706,40149.813515
1730836800,23.708,24.135,23.595,23.996,18231.276792
1730851200,23.993,26.459,23.993,26.217,132728.098738
1730865600,26.221,26.533,25.77,25.868,91063.737697
1730880000,25.88,26.356,25.476,26.346,60487.448541
1730894400,26.347,26.582,26.009,26.153,55510.289824
1730908800,26.155,26.663,26.026,26.606,39024.2902
1730923200,26.612,27.303,26.462,27.009,60292.287628
1730937600,27.014,28.017,26.954,27.695,50189.417062
1730952000,27.695,27.733,26.734,26.928,46888.983197
1730966400,26.921,27.11,26.646,26.653,36964.548031
1730980800,26.656,27.284,26.521,27.284,37066.184954
1730995200,27.283,27.696,27.132,27.619,64239.644517
1731009600,27.623,27.764,27.11,27.37,40601.413699
1731024000,27.394,28.015,27.104,27.4,54792.814288
1731038400,27.404,27.689,27.17,27.598,39551.655228
1731052800,27.575,28.233,27.342,28.141,48977.45836
1731067200,28.13,28.571,27.825,28.082,70793.320802
1731081600,28.085,28.509,27.519,28.342,67572.45176
1731096000,28.334,28.794,28.076,28.778,45044.421349
1731110400,28.785,29.656,28.575,28.699,132987.88117
1731124800,28.69,29.671,28.69,29.268,56782.59552
1731139200,29.269,29.782,29.239,29.5,27239.681445
1731153600,29.503,29.595,28.627,28.829,48533.362051
1731168000,28.816,29.153,28.49,28.993,23343.692505
1731182400,28.99,30.482,28.961,30.368,59266.498979
1731196800,30.374,30.66,29.689,30.464,78961.334943
1731211200,30.472,32.011,30.458,31.517,110826.805673
1731225600,31.531,32.175,31.293,31.981,65070.983497
1731240000,31.998,32.825,31.595,32.338,92044.502372
1731254400,32.341,33.29,31.679,32.019,84579.010504
1731268800,32.031,32.406,30.013,31.879,106256.332041
1731283200,31.884,32.613,31.731,32.248,62697.744497
1731297600,32.247,32.274,30.7,31.317,50935.931871
1731312000,31.319,32.25,31.18,32.119,31479.83416
1731326400,32.154,32.905,31.681,32.47,95450.141766
1731340800,32.47,34.583,32.455,33.952,157624.29721
1731355200,33.963,35.793,33.759,35.708,116538.296343
1731369600,35.711,36.326,34.141,35.976,136450.12133
1731384000,35.932,37.438,34.934,36.421,332345.331423
1731398400,36.431,37.688,32.974,34.451,254647.249329
1731412800,34.462,35.203,32.656,33.9,227610.94641
1731427200,33.895,34.677,33.186,34.262,130548.801891
1731441600,34.268,35.13,33.614,33.947,80254.592454
1731456000,33.957,34.762,32.346,32.373,112609.802176
1731470400,32.367,33.003,31.201,32.054,107634.375411
1731484800,32.059,32.573,31.705,32.225,88092.131948
1731499200,32.206,34.892,31.831,34.75,205556.515396
1731513600,34.729,35.033,32.347,32.48,115756.873654
1731528000,32.457,33.228,31.632,33.12,87330.42541
1731542400,33.124,33.399,32.235,33.348,51631.144233
1731556800,33.353,34.75,32.942,33.75,58122.034129
1731571200,33.734,33.808,32.084,32.487,73389.899607
1731585600,32.481,32.867,31.325,31.764,76792.557272
1731600000,31.77,32.738,31.595,32.319,56655.99719
1731614400,32.297,32.302,30.681,31.19,68891.070085
1731628800,31.199,31.744,30.972,31.574,58121.180518
1731643200,31.585,32.0,30.583,31.615,43573.906736
1731657600,31.608,32.474,31.324,32.431,56807.73502
1731672000,32.423,32.866,31.153,31.401,195284.372413
1731686400,31.407,32.729,31.232,32.451,58022.910068
1731700800,32.449,33.308,32.441,33.116,53960.790205
1731715200,33.119,34.369,32.778,34.359,81410.650126
1731729600,34.358,35.56,34.242,34.253,133628.895065
1731744000,34.265,35.348,34.257,35.334,119395.863332
1731758400,35.338,35.743,34.325,34.545,119410.042175
1731772800,34.574,35.409,34.312,35.214,61740.813731
1731787200,35.218,35.419,34.706,35.142,46968.585456
1731801600,35.152,35.718,33.012,34.404,128715.810037
1731816000,34.389,36.844,34.249,36.505,416160.997773
1731830400,36.522,37.269,36.244,36.332,145231.546879
1731844800,36.344,37.051,36.082,36.558,97634.512519
1731859200,36.575,36.667,34.746,35.27,83445.643325
1731873600,35.304,35.555,34.282,34.721,77134.132987
1731888000,34.727,35.63,34.551,35.616,110189.419513
1731902400,35.602,36.158,35.122,35.919,59284.0159
1731916800,35.918,36.013,34.582,34.75,77400.071154
1731931200,34.761,35.735,34.03,35.535,116250.513694
1731945600,35.532,36.125,34.419,34.848,101713.023972
1731960000,34.829,35.697,34.684,35.489,71807.197966
1731974400,35.486,35.489,34.735,35.188,39825.039495
1731988800,35.227,35.63,34.706,35.047,36239.210737
1732003200,35.052,35.186,34.283,34.862,68200.385539
1732017600,34.873,35.422,33.573,34.378,146817.927234
1732032000,34.413,35.162,34.259,34.721,55238.776764
1732046400,34.755,34.906,33.5,34.204,82612.055202
1732060800,34.201,34.214,33.013,33.547,75841.316148
1732075200,33.544,34.06,33.206,33.994,82558.951
1732089600,33.991,35.752,33.991,34.814,132408.40859
1732104000,34.813,35.567,34.285,34.864,111649.026897
1732118400,34.85,35.0,32.774,33.208,162800.815061
1732132800,33.182,34.41,33.069,33.586,41572.194294
1732147200,33.606,33.917,32.32,33.092,61123.14199
1732161600,33.095,34.478,33.015,34.254,87324.719065
1732176000,34.298,34.395,33.428,34.071,62141.733214
1732190400,34.074,35.992,34.065,34.978,213392.155743
1732204800,34.982,36.172,34.872,35.718,134360.277936
1732219200,35.713,36.197,35.547,35.828,39373.976579
1732233600,35.837,36.834,35.18,36.144,158570.802398
1732248000,36.164,36.667,35.714,35.752,48812.35542
1732262400,35.747,38.149,35.747,38.088,120544.53799
1732276800,38.086,39.537,37.277,39.504,285589.084878
1732291200,39.507,40.0,38.72,39.504,145813.377154
1732305600,39.51,43.583,39.274,43.2,206400.32185
1732320000,43.189,45.283,42.114,43.972,310743.74685
1732334400,43.972,44.993,42.762,42.918,148509.874555
1732348800,42.92,43.202,41.963,42.298,99707.021971
1732363200,42.298,43.779,42.182,43.159,202595.250262
1732377600,43.175,43.696,41.044,41.954,154861.700113
1732392000,41.956,42.269,40.694,41.439,62581.824498
1732406400,41.433,43.244,41.245,42.421,106786.125484
1732420800,42.414,43.145,41.723,42.35,83183.864279
1732435200,42.29,42.35,39.964,40.045,82674.362358
1732449600,40.036,40.511,38.261,38.754,181130.960009
1732464000,38.768,40.36,38.606,40.158,83219.849874
1732478400,40.164,42.243,40.026,42.076,71195.264069
1732492800,42.074,42.138,40.023,41.349,128738.862757
1732507200,41.307,45.0,41.261,44.974,138279.358918
1732521600,44.993,47.924,44.437,45.534,310137.005996
1732536000,45.523,45.88,41.985,43.2,302189.711083
1732550400,43.202,43.926,41.168,42.043,209645.995052
1732564800,42.039,43.279,40.682,41.32,132816.58061
1732579200,41.303,42.971,41.105,41.698,167664.880108
1732593600,41.689,42.387,40.888,41.177,99888.598466
1732608000,41.159,41.185,38.5,40.003,198667.239023
1732622400,39.996,42.49,39.865,41.039,300161.144672
1732636800,41.039,42.634,40.677,41.462,110061.253707
1732651200,41.464,43.364,41.26,42.726,128542.334758
1732665600,42.721,43.716,41.946,42.501,101576.81876
1732680000,42.493,43.688,42.208,43.269,77526.110578
1732694400,43.283,44.471,42.829,43.466,99032.939257
1732708800,43.479,44.15,42.354,43.757,146582.903761
1732723200,43.728,43.84,42.603,43.155,118640.724023
1732737600,43.155,44.245,42.993,43.77,97946.636935
1732752000,43.784,44.241,42.601,43.152,87518.836613
1732766400,43.173,43.818,42.483,42.63,48662.061208
1732780800,42.652,42.993,41.737,42.248,50018.371547
1732795200,42.239,42.861,41.507,41.67,62043.376534
1732809600,41.674,42.676,41.648,42.47,34400.102224
1732824000,42.476,43.189,42.016,42.771,50602.729043
1732838400,42.789,43.811,42.539,43.296,70453.838228
1732852800,43.31,43.588,42.634,42.653,48929.548269
1732867200,42.641,44.048,42.637,43.786,41004.754276
1732881600,43.813,44.602,43.352,44.328,66074.173073
1732896000,44.328,44.77,43.844,44.415,76440.99574
1732910400,44.426,45.067,43.999,44.859,56742.373849
1732924800,44.868,44.872,43.653,44.379,45052.480641
1732939200,44.381,45.64,44.123,45.41,55529.429038
1732953600,45.417,45.99,44.323,44.723,72265.034261
1732968000,44.731,46.254,44.724,45.572,91346.815703
1732982400,45.566,45.925,45.079,45.505,63747.082409
1732996800,45.506,45.792,44.785,44.799,28948.309069
1733011200,44.816,45.682,43.785,44.305,99305.983959
1733025600,44.305,44.57,43.949,44.165,44629.759823
1733040000,44.164,44.518,43.625,44.14,45305.800254
1733054400,44.139,45.764,43.828,45.242,64625.87039
1733068800,45.267,45.526,44.549,45.229,46176.353235
1733083200,45.239,45.779,44.088,45.093,74772.843637
1733097600,45.084,49.166,44.974,47.103,376123.251407
1733112000,47.103,48.757,46.36,48.44,343628.67262
1733126400,48.45,49.101,45.102,46.256,244620.607567
1733140800,46.21,50.0,45.996,49.057,229022.335868
1733155200,49.046,49.652,46.812,48.469,130615.382628
1733169600,48.498,52.49,48.027,52.279,216684.708998
1733184000,52.283,52.87,50.72,52.012,135571.100498
1733198400,52.009,52.321,50.324,50.796,175917.707607
1733212800,50.804,52.081,50.548,51.754,119095.881401
1733227200,51.75,53.949,47.591,50.157,437641.587259
1733241600,50.154,50.95,49.244,50.289,74181.220569
1733256000,50.302,51.749,50.22,50.868,79619.501596
1733270400,50.901,52.437,50.828,51.868,127073.601409
1733284800,51.875,54.909,51.859,54.454,193032.109449
1733299200,54.49,55.014,53.663,53.916,140887.500258
1733313600,53.925,55.779,53.038,55.629,175340.781302
1733328000,55.625,55.8,52.622,54.398,196770.894103
1733342400,54.428,55.36,52.012,52.764,145450.046231
1733356800,52.762,52.791,49.73,50.951,207005.612577
1733371200,50.956,52.353,50.873,51.969,109647.984384
1733385600,51.963,52.795,51.856,52.752,92747.716309
1733400000,52.737,53.315,51.663,52.263,129244.820057
1733414400,52.264,53.633,51.611,51.725,111108.979835
1733428800,51.737,52.016,48.533,50.282,245194.430346
1733443200,50.295,51.972,50.125,51.601,78091.916801
1733457600,51.606,53.574,51.553,52.77,84197.729747
1733472000,52.761,52.93,50.659,50.956,72515.035889
1733486400,50.952,52.031,49.619,51.633,91396.247871
1733500800,51.666,52.999,51.454,52.641,95091.038427
1733515200,52.638,53.001,52.067,52.469,36703.168499
1733529600,52.48,52.619,51.61,51.851,24900.537127
1733544000,51.85,52.264,51.193,51.494,35154.757656
1733558400,51.491,52.375,51.251,52.221,32391.541725
1733572800,52.22,52.736,51.557,52.514,40800.965506
1733587200,52.524,53.077,51.688,52.189,38491.036956
1733601600,52.237,52.632,51.533,51.581,48193.921994
1733616000,51.588,51.99,51.365,51.842,23670.25671
1733630400,51.841,52.12,50.687,51.552,41931.715002
1733644800,51.555,51.635,50.349,51.439,41646.351531
1733659200,51.466,52.833,51.028,52.224,67194.58839
1733673600,52.235,53.196,51.906,52.781,82438.649839
1733688000,52.813,54.388,52.76,53.979,90603.547806
1733702400,53.984,54.219,51.13,51.718,88756.004972
1733716800,51.714,52.466,50.435,51.405,83593.621687
1733731200,51.412,51.412,49.082,49.263,126432.668366
1733745600,49.236,50.971,48.789,48.981,143206.886719
1733760000,49.0,49.741,48.713,48.761,72375.723491
1733774400,48.779,48.906,39.394,45.004,604718.738534
1733788800,45.004,46.093,42.27,44.089,171489.762129
1733803200,44.096,45.772,43.042,45.29,111449.424588
1733817600,45.284,46.484,44.725,45.806,61476.007668
1733832000,45.802,45.977,42.354,42.393,142360.224741
1733846400,42.41,43.684,41.327,43.572,174546.5215
1733860800,43.568,45.354,43.313,44.614,66174.324078
1733875200,44.594,44.74,42.816,44.268,59413.678837
1733889600,44.286,44.625,43.934,43.996,47940.407933
1733904000,43.998,45.592,43.944,45.384,86581.217669
1733918400,45.391,48.382,45.273,47.926,183562.236888
1733932800,47.935,48.343,47.181,47.745,56335.236459
1733947200,47.762,48.472,47.631,48.463,28875.717959
1733961600,48.471,50.356,48.211,49.741,101236.070005
1733976000,49.726,51.036,49.549,50.113,79717.911732
1733990400,50.113,51.275,49.59,49.787,97030.640396
1734004800,49.815,52.984,49.57,52.302,232980.665179
1734019200,52.287,55.387,51.86,52.128,395618.945101
1734033600,52.114,53.556,51.842,53.134,122981.093766
1734048000,53.139,54.02,51.974,52.572,90736.522852
1734062400,52.555,53.357,51.146,51.764,88591.714771
1734076800,51.762,52.427,51.318,51.837,46392.666583
1734091200,51.848,52.881,51.108,51.17,92707.071014
1734105600,51.176,52.105,50.743,51.416,85862.244941
1734120000,51.407,52.818,51.367,52.796,34538.376125
1734134400,52.793,53.844,52.499,52.651,61032.154329
1734148800,52.631,52.746,52.007,52.6,40430.294135
1734163200,52.599,53.628,52.52,52.956,54796.944645
1734177600,52.96,53.125,50.8,51.345,64048.124817
1734192000,51.339,51.408,49.522,50.045,65559.375436
1734206400,50.033,50.261,49.381,49.855,34763.342537
1734220800,49.856,51.014,49.33,49.55,61925.51392
1734235200,49.547,50.144,48.134,48.445,55659.054215
1734249600,48.43,49.695,48.289,49.495,51945.327921
1734264000,49.48,51.063,49.4,50.436,41997.477217
1734278400,50.446,50.655,49.805,50.334,27174.36479
1734292800,50.346,51.398,48.099,50.794,92977.43118
1734307200,50.776,52.045,49.6,49.945,108543.647098
1734321600,49.95,50.684,49.735,49.861,41869.019797
1734336000,49.847,49.968,48.466,48.61,61318.828638
1734350400,48.591,49.677,48.35,49.002,65657.961239
1734364800,49.003,50.874,48.963,50.045,106806.535371
1734379200,50.045,50.246,48.846,48.993,35126.91505
1734393600,48.98,49.505,48.309,49.256,60300.272648
1734408000,49.248,49.248,48.403,48.811,30313.270632
1734422400,48.815,50.796,48.814,50.22,51987.105236
1734436800,50.226,50.86,48.445,48.808,77580.596171
1734451200,48.801,49.903,48.469,48.84,38721.591181
1734465600,48.846,49.385,47.524,47.904,73220.27166
1734480000,47.927,48.19,46.976,46.984,67624.198946
1734494400,46.977,47.024,46.026,46.445,60302.353783
1734508800,46.448,47.346,45.969,47.222,46089.94395
1734523200,47.228,47.322,45.613,46.29,60489.695076
1734537600,46.289,47.582,45.24,45.24,72790.954512
1734552000,45.232,45.587,42.213,42.766,297123.448566
1734566400,42.776,43.334,40.319,42.98,199032.446379
1734580800,42.969,43.115,42.347,43.065,59522.282694
1734595200,43.028,43.623,42.172,43.222,53016.052498
1734609600,43.246,43.341,40.916,41.572,75055.108738
1734624000,41.568,42.45,37.827,38.64,302105.457386
1734638400,38.643,39.822,37.454,38.822,130539.278231
1734652800,38.833,40.385,38.2,39.544,66183.303332
1734667200,39.535,39.833,38.119,39.154,88922.074569
1734681600,39.14,39.19,33.611,33.679,253260.899768
1734696000,33.712,38.467,33.601,38.023,197027.620522
1734710400,38.021,39.55,37.749,39.117,246983.153117
1734724800,39.122,40.035,37.953,39.852,78153.975188
1734739200,39.832,40.127,39.391,39.854,54728.864568
1734753600,39.856,42.349,39.798,41.855,72834.649217
1734768000,41.86,42.006,40.132,40.616,49885.023007
1734782400,40.616,40.646,37.808,38.613,84201.744698
1734796800,38.628,38.731,37.024,37.74,62891.472487
1734811200,37.735,38.163,36.936,37.416,42431.921767
1734825600,37.428,37.842,36.967,37.526,39532.214729
1734840000,37.529,37.728,36.157,37.606,44265.108047
1734854400,37.603,38.551,37.603,38.034,47293.11792
1734868800,38.037,38.364,36.629,37.012,50037.440353
1734883200,37.015,37.647,36.032,36.157,37787.770856
1734897600,36.156,37.062,35.527,36.574,55800.898857
1734912000,36.574,37.918,35.616,37.788,66103.088834
1734926400,37.792,38.016,35.849,36.324,44408.391907
1734940800,36.32,37.477,36.228,36.848,68847.30077
1734955200,36.876,37.261,35.702,35.748,62051.432482
1734969600,35.763,37.5,35.757,36.947,89088.234231
1734984000,36.939,39.743,36.923,39.105,113680.598969
1734998400,39.104,39.312,37.716,38.569,42689.368349
1735012800,38.568,39.119,38.28,38.56,45826.463375
1735027200,38.564,39.686,38.379,39.637,49923.170841
1735041600,39.607,41.029,39.02,40.913,73528.148527
1735056000,40.91,42.075,40.802,40.885,96774.330418
1735070400,40.889,41.478,40.293,41.237,56476.281365
1735084800,41.238,41.478,40.596,41.129,42779.232349
1735099200,41.139,41.568,40.824,40.873,27943.155116
1735113600,40.872,41.888,40.374,40.452,44340.356573
1735128000,40.466,41.05,40.297,40.566,31526.259957
1735142400,40.576,40.659,40.01,40.566,27165.812541
1735156800,40.596,40.808,39.825,40.257,19463.470929
1735171200,40.264,40.729,39.386,39.588,43581.685016
1735185600,39.558,39.558,38.645,38.724,57664.465357
1735200000,38.728,38.79,37.607,37.99,82417.73457
1735214400,37.978,38.08,37.417,37.681,47084.116907
1735228800,37.671,37.948,37.088,37.615,37904.565564
1735243200,37.611,37.704,36.961,37.323,23534.535882
1735257600,37.316,37.86,37.056,37.575,26749.61308
1735272000,37.588,38.1,36.84,37.197,33783.657568
1735286400,37.23,39.04,37.21,38.521,63119.800981
1735300800,38.528,38.598,36.542,36.669,56899.64873
1735315200,36.676,37.568,36.307,37.191,34700.04923
1735329600,37.198,37.234,36.331,36.561,18433.662361
1735344000,36.568,36.794,36.285,36.684,26810.866133
1735358400,36.685,37.0,36.342,36.407,31182.889668
1735372800,36.413,36.907,36.396,36.79,23535.476272
1735387200,36.787,37.53,36.437,37.076,26621.768878
1735401600,37.031,37.91,36.983,37.6,20685.826857
1735416000,37.643,38.139,37.454,37.735,27562.562607
1735430400,37.752,37.805,37.14,37.46,12554.315371
1735444800,37.483,37.679,37.114,37.678,8249.945139
1735459200,37.679,37.729,37.074,37.107,7106.543451
1735473600,37.088,37.31,36.436,36.577,32432.597841
1735488000,36.588,36.594,36.091,36.224,19499.466802
1735502400,36.199,36.235,35.526,35.831,42913.716091
1735516800,35.81,37.064,35.707,36.437,36296.681286
1735531200,36.41,36.996,36.082,36.78,17899.153817
1735545600,36.775,37.072,36.411,36.724,28262.323617
1735560000,36.718,37.18,34.871,35.138,69122.23812
1735574400,35.131,37.003,34.943,36.931,61013.93048
1735588800,36.943,37.174,35.721,35.984,38987.684086
1735603200,35.978,35.978,35.134,35.227,15068.917797
1735617600,35.224,35.457,34.951,35.294,12186.798163
1735632000,35.267,36.445,35.267,36.205,28849.914703
1735646400,36.215,37.298,36.049,36.782,34034.042504
1735660800,36.792,36.855,35.56,35.989,22010.582147
1735675200,36.026,36.123,35.563,35.707,16268.831454
1735689600,35.705,36.225,35.59,35.625,20578.290757
1735704000,35.605,35.768,35.347,35.607,5867.926847
1735718400,35.621,35.722,34.954,35.567,16374.981884
1735732800,35.538,36.521,35.497,36.48,10419.495614
1735747200,36.515,37.36,36.044,37.116,30167.720505
1735761600,37.103,37.983,37.103,37.761,32738.126931
1735776000,37.85,38.7,37.819,38.482,23519.206654
1735790400,38.486,39.259,38.477,38.858,24835.673335
1735804800,38.865,40.617,38.863,40.403,57355.660636
1735819200,40.424,40.606,39.293,39.415,69596.081119
1735833600,39.424,39.87,38.965,38.969,31285.58797
1735848000,39.009,39.373,38.8,39.286,13354.947051
1735862400,39.286,39.973,38.9,39.881,31934.060263
1735876800,39.877,40.28,39.337,39.394,16302.534675
1735891200,39.432,41.343,39.409,41.314,44769.26598
1735905600,41.324,42.1,40.965,41.905,55809.843855
1735920000,41.912,42.181,41.662,41.984,64524.559835
1735934400,42.009,42.058,41.44,41.946,33131.873981
1735948800,41.946,42.367,41.475,41.917,33260.775509
1735963200,41.907,42.072,41.541,42.006,11565.115695
1735977600,42.002,42.029,41.212,41.489,18193.385774
1735992000,41.461,42.119,40.897,41.067,26652.7703
1736006400,41.07,41.975,41.0,41.935,11383.389379
1736020800,41.944,42.841,41.908,42.624,29862.565112
1736035200,42.643,42.869,41.853,42.29,23209.658969
1736049600,42.292,42.82,42.202,42.284,15608.284967
1736064000,42.288,42.327,41.438,41.76,16708.715501
1736078400,41.761,42.034,41.24,41.765,19179.252223
1736092800,41.774,42.5,41.688,42.406,21491.242897
1736107200,42.426,43.196,42.259,43.104,13541.80259
1736121600,43.107,43.675,42.032,43.675,48715.10039
1736136000,43.68,43.975,43.174,43.22,30282.797286
1736150400,43.202,44.577,43.196,44.257,62122.057948
1736164800,44.266,44.875,43.4,44.736,45932.847633
1736179200,44.746,45.049,43.625,44.316,53533.519415
1736193600,44.33,44.458,43.711,44.073,16975.979798
1736208000,44.058,44.591,43.606,43.882,25729.070394
1736222400,43.89,44.18,43.468,43.795,20013.996081
1736236800,43.802,44.037,42.859,43.139,21212.566296
1736251200,43.147,43.23,40.302,40.883,112241.979321
1736265600,40.88,41.282,39.741,39.85,60163.079209
1736280000,39.85,40.334,39.103,39.202,37472.932545
1736294400,39.194,39.922,38.661,38.91,53608.567384
1736308800,38.892,39.095,37.569,38.376,51027.098807
1736323200,38.362,39.218,37.899,38.138,69384.741904
1736337600,38.149,38.633,37.725,38.163,34125.296001
1736352000,38.191,38.203,36.191,37.218,122381.320853
1736366400,37.201,37.825,36.7,37.427,22232.606855
1736380800,37.423,37.93,36.87,37.072,46033.530058
1736395200,37.06,37.223,36.161,36.312,23505.365027
1736409600,36.294,37.05,36.22,36.731,40626.172229
1736424000,36.692,37.46,35.555,37.246,82560.995864
1736438400,37.263,37.445,35.879,35.97,35250.603804
1736452800,35.986,36.5,35.5,36.191,28422.412105
1736467200,36.199,36.918,36.199,36.873,9346.249315
1736481600,36.892,37.922,36.732,37.658,14143.589369
1736496000,37.649,37.868,37.334,37.546,21107.307723
1736510400,37.544,37.749,36.106,36.593,86611.874375
1736524800,36.6,37.449,35.942,36.905,39478.094448
1736539200,36.909,36.924,36.409,36.691,9086.927671
1736553600,36.671,36.806,36.094,36.094,7999.278349
1736568000,36.152,36.695,36.018,36.446,8238.253099
1736582400,36.458,36.953,36.181,36.845,11859.159333
1736596800,36.842,36.883,36.282,36.397,8733.803487
1736611200,36.446,36.656,36.29,36.503,9701.4464
1736625600,36.505,37.786,36.409,37.126,24053.68096
1736640000,37.147,37.347,36.8,37.105,10195.80717
1736654400,37.114,37.214,36.545,36.83,7328.073776
1736668800,36.851,36.955,36.37,36.793,8567.420514
1736683200,36.759,37.54,36.618,37.491,10430.1993
1736697600,37.5,37.649,36.779,36.823,19187.873176
1736712000,36.823,36.953,36.112,36.525,10645.003048
1736726400,36.567,37.362,35.196,35.354,41386.310717
1736740800,35.363,35.93,34.677,35.062,32293.72342
1736755200,35.08,35.094,33.364,33.384,66584.311148
1736769600,33.407,34.776,32.728,34.426,105839.105455
1736784000,34.427,34.551,33.12,33.812,53679.871994
1736798400,33.812,35.431,33.569,35.292,48581.474085
1736812800,35.3,35.514,35.014,35.198,43416.71927
1736827200,35.205,35.733,35.205,35.215,15495.772283
1736841600,35.212,36.383,35.209,35.927,29609.599444
1736856000,35.957,36.555,35.658,36.19,25080.776394
1736870400,36.185,36.723,35.843,36.413,24648.094635
1736884800,36.436,36.672,36.192,36.565,17786.288798
1736899200,36.574,36.898,36.394,36.874,17413.775326
1736913600,36.88,37.369,36.541,37.254,16251.452101
1736928000,37.269,37.434,36.204,37.032,99755.705327
1736942400,37.033,39.733,36.7,39.325,128151.739823
1736956800,39.336,39.665,38.631,39.463,28143.408613
1736971200,39.476,40.032,39.028,39.825,41952.759043
1736985600,39.831,40.098,38.927,39.004,32648.427063
1737000000,39.013,39.467,39.006,39.318,24492.351554
1737014400,39.317,39.543,38.344,39.518,42181.406756
1737028800,39.491,40.53,38.532,39.765,67311.177747
1737043200,39.741,40.28,39.64,40.25,25701.441978
1737057600,40.244,40.345,39.572,40.037,21834.257377
1737072000,40.071,41.059,40.071,40.471,45511.156874
1737086400,40.469,41.634,40.326,41.342,25050.648791
1737100800,41.347,41.506,40.806,41.1,41422.737705
1737115200,41.097,41.645,40.742,40.996,24424.736824
1737129600,40.978,41.357,40.567,40.911,29707.801483
1737144000,40.903,41.818,40.864,41.377,19738.43225
1737158400,41.382,41.679,40.418,40.603,24773.750462
1737172800,40.602,41.006,39.144,39.35,56101.04085
1737187200,39.354,39.6,38.756,39.42,52289.262594
1737201600,39.438,39.676,38.816,39.068,41345.070195
1737216000,39.104,39.27,38.29,39.007,38520.421006
1737230400,39.047,39.463,38.571,39.26,20575.899778
1737244800,39.243,40.577,39.055,39.384,31514.983328
1737259200,39.402,39.627,38.519,38.525,44440.028847
1737273600,38.525,38.525,36.446,36.64,65416.074353
1737288000,36.665,38.917,36.62,38.476,70920.060416
1737302400,38.472,39.132,38.289,38.767,34627.737627
1737316800,38.784,39.006,34.964,35.688,174793.203782
1737331200,35.689,35.925,34.496,35.588,120103.238867
1737345600,35.588,40.277,35.313,38.619,139071.008515
1737360000,38.64,39.184,37.816,38.212,37307.366397
1737374400,38.225,38.333,36.756,37.305,85238.13619
1737388800,37.321,37.723,35.024,36.558,183297.97464
1737403200,36.556,37.873,35.537,36.021,248272.126604
1737417600,36.033,36.033,34.858,35.252,146707.054674
1737432000,35.253,35.528,34.512,35.356,49152.449988
1737446400,35.351,36.565,35.022,36.425,49651.006329
1737460800,36.411,36.936,35.72,36.192,79525.272884
1737475200,36.175,37.582,36.061,37.083,70867.232543
1737489600,37.085,37.371,36.64,36.944,25771.966434
1737504000,36.954,37.313,36.696,37.17,15693.220634
1737518400,37.179,37.38,36.745,36.861,24934.010652
1737532800,36.881,37.626,36.499,37.545,20617.504684
1737547200,37.591,37.78,36.549,36.916,20037.004854
1737561600,36.905,37.519,36.55,37.209,23272.583088
1737576000,37.215,37.469,36.586,36.784,14425.894039
1737590400,36.8,36.95,35.749,36.075,30632.644674
1737604800,36.062,36.144,35.27,35.669,19636.797232
1737619200,35.684,35.695,34.921,35.224,17662.935793
1737633600,35.213,36.306,34.779,35.941,71535.182586
1737648000,35.948,36.613,34.724,34.893,65476.193381
1737662400,34.87,35.841,34.627,35.588,81873.943947
1737676800,35.557,35.727,34.566,35.03,29990.799441
1737691200,35.01,36.349,34.811,35.78,30898.699669
1737705600,35.797,36.387,35.696,36.171,19596.496937
1737720000,36.2,36.681,35.967,36.248,33135.44701
1737734400,36.262,36.814,36.039,36.269,84224.556818
1737748800,36.267,36.462,35.175,35.35,32303.36461
1737763200,35.336,35.997,34.903,35.949,42202.759966
1737777600,35.925,35.959,35.224,35.315,8822.046044
1737792000,35.316,35.535,35.04,35.496,10555.3841
1737806400,35.489,36.503,35.153,36.451,64605.032889
1737820800,36.455,37.039,36.298,36.952,79857.747505
1737835200,36.937,37.273,36.577,36.61,34606.368893
1737849600,36.631,37.507,36.515,37.468,20855.559448
1737864000,37.468,38.039,37.429,37.637,127463.90713
1737878400,37.66,37.735,37.166,37.605,40996.915042
1737892800,37.604,37.898,37.322,37.415,25795.118452
1737907200,37.421,38.167,37.312,37.833,47860.892986
1737921600,37.834,37.902,35.717,35.745,57175.433591
1737936000,35.725,36.05,34.797,35.225,95193.29185
1737950400,35.236,35.236,32.919,33.815,94046.995502
1737964800,33.82,33.918,32.95,33.098,57349.356318
1737979200,33.1,34.216,32.867,33.66,62245.469023
1737993600,33.67,34.111,32.925,33.284,47681.87077
1738008000,33.282,34.68,33.277,34.195,37993.666608
1738022400,34.191,34.525,33.636,34.093,20407.356531
1738036800,34.105,34.502,33.951,34.224,24786.470248
1738051200,34.227,34.263,33.785,34.011,12162.198612
1738065600,34.012,34.203,33.494,33.763,28410.514551
1738080000,33.77,33.818,33.037,33.211,31639.087289
1738094400,33.211,33.268,31.84,32.075,77297.574819
1738108800,32.079,32.86,31.989,32.733,25313.22616
1738123200,32.732,33.66,32.654,33.431,27007.373322
1738137600,33.45,33.56,33.082,33.244,36830.115178
1738152000,33.273,33.276,32.223,32.61,46702.802249
1738166400,32.616,33.425,31.895,32.96,61388.239892
1738180800,32.957,33.845,32.592,32.782,48127.999948
1738195200,32.789,33.869,32.435,33.851,18272.161849
1738209600,33.855,33.983,33.557,33.693,22488.193159
1738224000,33.702,34.104,33.465,33.983,21114.751972
1738238400,33.98,34.659,33.777,34.392,22110.343902
1738252800,34.408,34.689,34.146,34.587,15598.062307
1738267200,34.595,34.672,34.236,34.289,12456.955268
1738281600,34.293,34.544,33.854,33.968,15703.87926
1738296000,33.968,35.212,33.809,34.688,72259.017507
1738310400,34.701,35.177,34.346,35.137,50283.291486
1738324800,35.134,35.969,35.04,35.945,27804.829132
1738339200,35.943,36.171,34.419,34.687,63333.247876
1738353600,34.65,34.654,34.024,34.404,25167.490245
1738368000,34.413,35.09,34.245,34.583,33129.087309
1738382400,34.608,34.751,34.379,34.422,10200.386505
1738396800,34.422,34.475,33.618,33.943,12614.311185
1738411200,33.892,34.056,33.367,33.696,12806.71811
1738425600,33.692,33.811,32.781,32.916,16085.277962
1738440000,32.919,32.932,31.864,32.099,68951.380794
1738454400,32.095,32.583,30.704,30.804,108955.119619
1738468800,30.804,31.655,30.662,31.253,44875.377694
1738483200,31.252,31.632,30.467,30.527,32978.486136
1738497600,30.538,31.08,30.361,30.704,33740.31986
1738512000,30.71,30.719,27.631,28.657,158661.333854
1738526400,28.649,28.925,25.888,27.633,141464.429126
1738540800,27.629,27.645,21.067,23.891,435440.370193
1738555200,23.919,25.588,22.876,25.557,104213.287558
1738569600,25.548,25.628,24.511,25.318,88000.783683
1738584000,25.321,27.419,24.325,27.35,178438.008017
1738598400,27.342,28.195,26.89,28.185,116779.493201
1738612800,28.186,28.78,27.184,28.411,64462.448703
1738627200,28.394,28.639,27.392,27.614,34794.755578
1738641600,27.611,27.775,25.585,25.655,76397.429107
1738656000,25.66,26.749,25.524,26.406,50966.147493
1738670400,26.414,27.345,26.412,26.899,51367.420806
1738684800,26.903,27.949,26.765,26.813,49122.086165
1738699200,26.824,27.076,25.733,26.469,52939.886543
1738713600,26.47,27.123,26.254,26.695,63936.020489
1738728000,26.698,27.12,26.458,26.855,25705.631929
1738742400,26.848,27.429,26.653,27.311,26594.118444
1738756800,27.34,27.411,26.353,26.549,42378.383015
1738771200,26.551,26.619,25.635,26.159,71793.077128
1738785600,26.181,26.254,25.615,25.852,30825.054068
1738800000,25.845,26.346,25.726,26.16,23937.850208
1738814400,26.151,26.821,26.099,26.528,22090.306978
1738828800,26.535,26.824,26.163,26.425,75752.91992
1738843200,26.448,26.476,24.809,24.992,86564.244177
1738857600,24.995,25.212,24.45,24.659,70973.184075
1738872000,24.632,25.051,24.269,24.513,40268.117732
1738886400,24.507,25.235,24.471,24.963,19686.0273
1738900800,24.974,25.173,24.448,24.821,20384.099224
1738915200,24.821,25.564,24.718,25.522,37948.017598
1738929600,25.508,26.22,25.146,25.437,75779.587251
1738944000,25.437,25.524,24.718,24.869,36971.329969
1738958400,24.85,24.85,23.709,24.465,55528.524824
1738972800,24.465,24.822,24.219,24.304,24351.309201
1738987200,24.263,24.472,23.942,24.349,12706.575398
1739001600,24.36,24.416,23.914,24.155,23147.413642
1739016000,24.123,24.466,23.96,24.224,19938.591673
1739030400,24.227,24.719,24.074,24.582,34077.709573
1739044800,24.584,24.685,24.301,24.585,19661.933107
1739059200,24.591,25.303,24.507,25.246,31238.052627
1739073600,25.248,25.379,24.922,25.332,21162.125278
1739088000,25.344,25.523,24.965,24.968,48089.422801
1739102400,24.96,25.262,24.489,25.109,38828.457118
1739116800,25.106,25.26,24.622,24.679,23878.159672
1739131200,24.679,25.048,23.651,24.88,58103.814679
1739145600,24.884,25.404,23.861,24.843,55467.803484
1739160000,24.836,25.476,24.739,25.4,38823.510875
1739174400,25.401,25.897,25.284,25.438,64330.31939
1739188800,25.435,25.992,25.196,25.43,46908.408821
1739203200,25.425,25.695,25.31,25.453,41843.243413
1739217600,25.452,25.669,25.364,25.669,25215.726539
1739232000,25.653,26.341,25.653,26.307,35687.895959
1739246400,26.302,26.816,26.099,26.659,29087.393849
1739260800,26.702,27.019,26.293,26.514,34360.754076
1739275200,26.513,26.673,25.824,26.119,43546.285197
1739289600,26.15,26.191,24.89,25.053,35800.264392
1739304000,25.053,25.626,24.986,25.395,95151.463944
1739318400,25.403,25.621,24.973,25.213,24186.10194
1739332800,25.21,25.342,24.915,25.151,14950.609724
1739347200,25.129,25.389,24.838,25.223,24410.611646
1739361600,25.254,25.687,24.29,25.023,95227.433502
1739376000,25.029,26.115,24.693,26.008,51740.530538
1739390400,26.016,27.095,25.99,26.497,49809.887241
1739404800,26.497,26.624,26.094,26.403,40122.135475
1739419200,26.41,26.423,25.478,25.522,22122.218039
1739433600,25.522,25.862,25.357,25.623,16110.380657
1739448000,25.629,25.757,25.103,25.487,36541.706332
1739462400,25.487,25.858,25.089,25.499,33435.114354
1739476800,25.494,25.591,25.261,25.395,21403.225985
1739491200,25.428,26.03,25.294,25.971,12587.884681
1739505600,25.986,26.003,25.549,25.7,15639.14565
1739520000,25.709,26.377,25.709,26.069,37843.413118
1739534400,26.057,26.728,25.806,26.567,45411.618491
1739548800,26.582,27.227,26.325,26.592,109930.302973
1739563200,26.597,26.632,25.937,26.386,31692.626914
1739577600,26.389,26.963,26.218,26.711,20145.494251
1739592000,26.726,26.853,26.266,26.399,9877.918429
1739606400,26.392,26.523,25.954,26.089,11981.4743
1739620800,26.065,26.237,25.486,25.679,26478.226783
1739635200,25.692,25.856,25.55,25.558,15474.890262
1739649600,25.57,25.745,25.385,25.493,8474.136767
1739664000,25.487,25.58,25.154,25.444,24705.645918
1739678400,25.442,25.568,25.14,25.182,10825.088758
1739692800,25.211,25.479,25.126,25.471,10795.619496
1739707200,25.453,25.473,24.893,25.141,33585.704741
1739721600,25.144,25.232,24.741,24.972,12376.361441
1739736000,24.928,25.11,24.753,24.866,18948.119715
1739750400,24.858,25.234,24.844,25.02,14149.839618
1739764800,25.021,25.185,24.523,24.934,56868.292477
1739779200,24.935,25.538,24.828,25.4,47203.963055
1739793600,25.428,25.953,25.074,25.15,78411.354032
1739808000,25.134,25.296,24.425,24.826,60266.962767
1739822400,24.799,25.458,24.728,25.041,32751.260688
1739836800,25.033,25.122,24.684,24.769,8914.319494
1739851200,24.753,24.85,23.751,23.989,62111.991501
1739865600,23.992,24.264,23.639,23.973,22258.078308
1739880000,23.963,24.322,23.295,23.44,47821.854631
1739894400,23.439,23.64,22.931,23.146,64782.886864
1739908800,23.16,23.557,22.95,23.522,77970.955103
1739923200,23.527,23.6,23.124,23.517,20090.755764
1739937600,23.544,23.857,22.984,23.744,26847.486707
1739952000,23.73,24.016,23.631,24.002,32801.141805
1739966400,24.006,24.012,23.371,23.49,26094.682405
1739980800,23.506,23.926,23.45,23.664,22773.961567
1739995200,23.673,23.889,23.355,23.748,21676.281558
1740009600,23.746,24.264,23.72,24.238,27573.988775
1740024000,24.256,24.46,23.88,23.975,20770.154437
1740038400,23.975,24.616,23.975,24.538,24728.863975
1740052800,24.546,24.996,24.228,24.255,35334.288965
1740067200,24.261,25.272,24.207,25.201,22614.926366
1740081600,25.202,25.352,24.864,25.148,32230.950288
1740096000,25.159,25.261,24.768,24.854,17052.071066
1740110400,24.859,25.351,24.859,25.171,22595.823974
1740124800,25.171,25.922,25.151,25.658,42010.96054
1740139200,25.653,26.541,24.966,25.456,107264.950537
1740153600,25.471,25.836,23.768,23.906,95357.957131
1740168000,23.906,24.719,23.823,24.548,40997.802802
1740182400,24.546,25.278,24.44,25.12,51270.617195
1740196800,25.117,25.427,24.821,24.904,67125.371813
1740211200,24.907,25.396,24.835,25.258,50873.523374
1740225600,25.263,25.855,25.263,25.827,60965.51993
1740240000,25.83,26.385,25.69,26.027,44472.517876
1740254400,26.051,26.051,25.759,25.837,29390.89851
1740268800,25.848,25.99,25.566,25.692,27708.35907
1740283200,25.688,25.887,25.423,25.851,22242.70186
1740297600,25.844,25.859,25.109,25.126,15306.097185
1740312000,25.129,25.174,24.538,24.544,24035.770566
1740326400,24.544,24.701,24.406,24.505,24871.680193
1740340800,24.502,24.975,24.43,24.85,28882.783595
1740355200,24.862,25.181,23.88,24.023,28639.651279
1740369600,23.987,24.229,23.659,23.97,28645.000597
1740384000,23.966,24.037,23.443,23.84,26143.084918
1740398400,23.832,23.89,22.88,23.14,40750.013012
1740412800,23.14,23.517,22.656,22.904,28698.333363
1740427200,22.92,23.266,21.469,21.882,123562.917717
1740441600,21.881,22.11,21.303,21.648,78335.497738
1740456000,21.651,21.99,20.31,20.862,88026.407221
1740470400,20.86,21.53,20.337,21.421,55251.048141
1740484800,21.424,21.666,20.551,20.984,59258.645334
1740499200,20.986,21.813,20.779,21.803,34007.800939
1740513600,21.792,22.336,21.631,21.952,29768.14374
1740528000,21.946,22.344,21.645,22.202,23603.479011
1740542400,22.217,22.429,21.925,22.176,64395.830986
1740556800,22.169,22.623,21.882,22.171,37517.297488
1740571200,22.185,22.417,21.47,22.259,53080.122406
1740585600,22.261,22.45,21.068,21.232,45714.250497
1740600000,21.228,22.289,20.997,21.89,37198.508637
1740614400,21.88,22.428,21.65,22.337,40095.509203
1740628800,22.344,23.174,22.171,23.012,31900.733733
1740643200,23.009,23.397,22.848,23.027,31400.570863
1740657600,23.027,23.312,22.54,22.78,43012.234831
1740672000,22.787,22.942,22.184,22.331,52611.124674
1740686400,22.337,22.601,21.994,22.534,52511.020928
1740700800,22.539,22.613,20.547,20.589,102682.238873
1740715200,20.591,20.774,20.232,20.622,60035.420865
1740729600,20.603,21.455,20.399,20.965,54089.168145
1740744000,20.953,22.01,20.75,21.726,42794.377262
1740758400,21.742,22.248,21.518,22.115,29329.68909
1740772800,22.111,22.409,21.802,22.368,28578.316376
1740787200,22.385,22.515,22.019,22.228,30137.881895
1740801600,22.232,22.454,21.847,21.887,23167.260722
1740816000,21.902,22.074,21.439,21.472,22490.153135
1740830400,21.478,21.55,21.053,21.306,22778.668502
1740844800,21.298,21.742,21.248,21.694,16595.946874
1740859200,21.685,22.18,21.523,21.857,33898.038974
1740873600,21.864,21.979,21.706,21.836,19879.038295
1740888000,21.844,22.099,21.751,21.88,11439.394796
1740902400,21.9,22.193,21.772,22.069,11906.44476
1740916800,22.071,23.061,21.559,22.517,98472.701305
1740931200,22.52,24.8,22.52,24.68,208803.913837
1740945600,24.677,24.994,24.463,24.948,76330.304765
1740960000,24.957,25.115,23.928,24.54,68922.047039
1740974400,24.543,24.69,23.367,23.824,34087.092797
1740988800,23.826,23.845,23.016,23.497,24413.897033
1741003200,23.496,24.004,22.953,23.25,77366.134247
1741017600,23.251,23.414,20.903,20.951,133930.694078
1741032000,20.952,21.333,20.568,20.95,60958.721363
1741046400,20.951,21.106,19.63,19.829,193917.735768
1741060800,19.829,20.31,19.693,20.048,46456.437616
1741075200,20.052,20.278,19.689,19.904,39798.943159
1741089600,19.906,20.611,19.351,19.908,104425.947625
1741104000,19.935,20.39,18.849,20.348,89342.210703
1741118400,20.325,20.512,19.838,20.001,30302.18995
1741132800,20.0,20.29,19.693,19.773,36491.811911
1741147200,19.771,20.191,19.732,20.15,30080.416956
1741161600,20.147,21.368,20.144,20.996,68517.930821
1741176000,21.0,21.228,20.242,20.406,78728.093596
1741190400,20.4,21.264,20.076,21.241,68829.126355
1741204800,21.246,22.471,21.246,21.726,104319.089046
1741219200,21.727,22.416,21.447,22.378,56214.206695
1741233600,22.375,22.576,21.643,21.691,50002.060843
1741248000,21.694,22.276,21.61,21.967,63921.824769
1741262400,21.968,22.097,21.198,21.961,56620.813656
1741276800,21.971,22.114,20.889,21.059,55383.120881
1741291200,21.066,21.505,20.989,20.998,35620.240034
1741305600,20.998,21.315,19.677,20.255,99219.608047
1741320000,20.26,20.791,20.22,20.732,25117.066892
1741334400,20.732,20.904,20.445,20.782,32756.260851
1741348800,20.796,21.132,20.44,20.716,58954.592007
1741363200,20.713,21.213,20.0,20.834,55534.555908
1741377600,20.819,20.971,19.942,20.145,55793.473607
1741392000,20.141,20.244,19.61,19.871,24083.697552
1741406400,19.858,20.057,19.734,19.801,13746.196946
1741420800,19.798,19.847,19.411,19.522,15878.109905
1741435200,19.54,21.1,19.469,20.475,127095.649323
1741449600,20.48,20.871,20.28,20.829,38301.38974
1741464000,20.833,20.977,20.367,20.491,31954.74385
1741478400,20.499,20.688,20.224,20.278,15078.317936
1741492800,20.269,20.371,20.032,20.157,13100.178534
1741507200,20.147,20.154,19.607,19.717,33819.293044
1741521600,19.707,19.717,19.087,19.184,40255.166801
1741536000,19.17,19.36,17.769,18.247,107439.155749
1741550400,18.248,18.437,17.746,17.972,67187.367589
1741564800,17.975,18.5,17.626,18.167,47824.217861
1741579200,18.179,18.474,18.156,18.405,28107.210666
1741593600,18.408,19.073,17.993,18.835,75795.188806
1741608000,18.851,18.995,17.41,17.788,75810.022066
1741622400,17.79,17.873,16.154,16.906,99756.150358
1741636800,16.908,16.971,16.232,16.261,51599.486086
1741651200,16.264,17.041,15.272,16.588,188804.703301
1741665600,16.584,17.1,16.533,16.966,64923.070635
1741680000,16.958,17.459,16.892,17.36,51169.288664
1741694400,17.367,17.487,16.502,17.361,114127.82158
1741708800,17.35,17.909,16.956,17.778,76590.531439
1741723200,17.766,17.887,17.46,17.514,33247.754817
1741737600,17.514,17.831,17.067,17.079,35231.890783
1741752000,17.092,17.593,16.947,17.55,36175.413645
1741766400,17.553,18.243,17.482,18.233,53224.570487
1741780800,18.247,18.85,17.531,17.982,112089.025548
1741795200,17.983,18.607,17.958,18.413,43603.672007
1741809600,18.405,18.98,18.351,18.918,63221.827495
1741824000,18.918,19.19,18.727,18.87,45724.865907
1741838400,18.865,19.144,18.56,18.799,61034.901774
1741852800,18.799,19.328,18.619,19.027,50701.491883
1741867200,19.017,19.207,18.302,18.385,64476.251842
1741881600,18.394,18.452,17.919,18.16,43585.700062
1741896000,18.171,18.913,17.735,18.509,72349.423488
1741910400,18.509,18.902,18.47,18.76,38429.591563
1741924800,18.767,18.885,18.49,18.654,30665.243812
1741939200,18.667,19.124,18.586,18.775,39531.501873
1741953600,18.768,19.292,18.524,19.006,67449.402197
1741968000,19.004,19.31,18.778,18.984,37721.344215
1741982400,18.98,19.091,18.523,18.569,98698.518836
1741996800,18.568,18.663,18.372,18.63,23700.759844
1742011200,18.625,18.888,18.5,18.612,51212.585288
1742025600,18.618,18.653,18.437,18.567,25756.519915
1742040000,18.558,18.725,18.418,18.548,36068.454958
1742054400,18.557,18.758,18.465,18.623,22509.155667
1742068800,18.624,19.477,18.624,19.393,96895.256016
1742083200,19.4,19.739,18.969,19.688,57435.534927
1742097600,19.698,19.849,19.281,19.358,44854.658237
1742112000,19.368,19.403,18.327,18.409,51015.35671
1742126400,18.414,18.702,18.168,18.488,40650.330896
1742140800,18.487,19.071,18.212,18.335,45479.55976
1742155200,18.328,18.469,18.112,18.265,38578.365463
1742169600,18.256,18.738,18.228,18.625,34747.893572
1742184000,18.639,18.727,18.255,18.614,29105.578267
1742198400,18.615,18.734,18.41,18.614,24525.070642
1742212800,18.606,18.817,18.196,18.456,68605.451354
1742227200,18.459,19.085,18.38,18.939,57968.814614
1742241600,18.946,18.979,18.701,18.816,20186.285234
1742256000,18.824,18.953,18.4,18.573,30559.256995
1742270400,18.567,19.034,18.447,18.821,42616.32517
1742284800,18.819,19.276,18.718,18.796,45149.843763
1742299200,18.793,18.913,18.369,18.452,57940.712865
1742313600,18.441,18.722,18.323,18.672,31851.539599
1742328000,18.672,19.089,18.459,18.986,48788.988967
1742342400,18.981,19.229,18.843,19.193,41480.643997
1742356800,19.19,19.335,18.906,18.913,28201.578247
1742371200,18.911,19.675,18.898,19.541,64954.942295
1742385600,19.55,19.957,19.306,19.858,73379.449621
1742400000,19.862,20.105,19.43,19.586,87871.817441
1742414400,19.593,19.784,19.391,19.73,50565.753517
1742428800,19.74,19.861,19.26,19.289,50936.407063
1742443200,19.279,19.297,19.085,19.14,23571.650681
1742457600,19.147,19.321,18.74,18.837,38282.954829
1742472000,18.841,19.182,18.749,18.771,53974.775934
1742486400,18.761,18.875,18.411,18.71,58762.848477
1742500800,18.701,18.799,18.621,18.746,17215.679357
1742515200,18.748,19.12,18.728,18.81,24770.332329
1742529600,18.819,19.014,18.685,18.751,25016.067941
1742544000,18.751,18.875,18.423,18.516,32486.380392
1742558400,18.515,18.643,18.353,18.489,35415.160462
1742572800,18.483,18.9,18.397,18.89,35319.240015
1742587200,18.893,19.489,18.867,19.187,83306.708892
1742601600,19.185,19.409,19.08,19.298,37702.164384
1742616000,19.31,19.491,19.31,19.37,15655.510075
1742630400,19.379,19.643,19.325,19.458,23449.595189
1742644800,19.462,19.591,19.27,19.55,25981.880956
1742659200,19.54,19.715,19.483,19.656,26775.31342
1742673600,19.657,19.744,19.338,19.429,36169.876357
1742688000,19.428,19.717,19.336,19.716,19970.143546
1742702400,19.716,19.72,19.471,19.58,18543.999241
1742716800,19.58,19.779,19.485,19.619,20314.649225
1742731200,19.625,19.698,19.444,19.498,25810.953719
1742745600,19.487,19.641,19.312,19.494,35217.818555
1742760000,19.492,19.846,19.35,19.81,30002.886719
1742774400,19.823,21.169,19.78,21.142,102245.088373
1742788800,21.143,21.84,21.141,21.52,136356.469673
1742803200,21.516,21.946,21.513,21.68,53943.220025
1742817600,21.689,22.136,21.418,21.536,97559.321302
1742832000,21.536,21.579,21.236,21.38,38281.488882
1742846400,21.383,21.499,21.238,21.485,46396.426161
1742860800,21.484,21.677,21.324,21.36,56889.008607
1742875200,21.357,21.935,21.283,21.864,47571.719412
1742889600,21.865,22.408,21.842,22.33,57555.992622
1742904000,22.336,22.812,22.131,22.485,125040.842423
1742918400,22.491,23.235,22.432,23.04,86081.093357
1742932800,23.048,23.451,22.76,22.904,74250.382278
1742947200,22.902,23.244,22.549,22.592,65960.870598
1742961600,22.592,22.882,22.532,22.844,42954.306887
1742976000,22.835,22.972,22.644,22.854,29321.439824
1742990400,22.85,22.877,21.963,22.17,77777.329153
1743004800,22.168,22.476,21.825,22.07,76948.488566
1743019200,22.065,22.305,21.851,22.047,49145.960495
1743033600,22.052,22.376,21.995,22.173,50559.51285
1743048000,22.176,22.177,21.921,22.082,33284.072368
1743062400,22.078,22.199,21.82,21.872,55446.792791
1743076800,21.865,22.288,21.63,21.921,63095.635991
1743091200,21.927,22.128,21.804,22.005,24133.587079
1743105600,22.0,22.243,21.912,22.015,31835.287986
1743120000,22.023,22.192,21.649,21.779,44953.562559
1743134400,21.776,21.818,20.669,20.712,100905.955003
1743148800,20.707,20.802,20.169,20.563,108833.453594
1743163200,20.558,20.649,19.963,19.976,68134.310843
1743177600,19.976,20.027,19.768,19.8,59793.858419
1743192000,19.808,20.601,19.78,20.365,56862.626022
1743206400,20.369,20.537,20.069,20.434,41750.086259
1743220800,20.435,20.522,19.807,19.882,55198.145415
1743235200,19.873,20.176,19.655,19.864,68110.904186
1743249600,19.866,20.323,19.834,20.0,94261.782494
1743264000,20.004,20.061,19.672,19.865,57292.767691
1743278400,19.872,19.902,19.456,19.601,43485.255212
1743292800,19.602,19.91,19.375,19.67,67825.16875
1743307200,19.665,19.746,19.347,19.447,41576.609705
1743321600,19.449,19.703,19.177,19.349,42567.920109
1743336000,19.36,19.472,19.049,19.288,110253.897431
1743350400,19.297,19.403,18.987,19.123,63841.191076
1743364800,19.123,19.167,18.691,18.859,56218.05548
1743379200,18.87,19.026,18.474,18.63,56337.630861
1743393600,18.646,18.952,18.442,18.57,50170.471258
1743408000,18.565,18.727,18.183,18.638,73371.188334
1743422400,18.635,19.122,18.408,18.965,69108.466617
1743436800,18.975,19.066,18.623,18.65,54168.320408
1743451200,18.65,18.87,18.605,18.773,28526.747907
1743465600,18.77,19.191,18.719,19.035,36552.448716
1743480000,19.04,19.546,18.965,19.201,41130.298257
1743494400,19.205,19.735,19.143,19.398,78510.674718
1743508800,19.397,19.943,18.97,19.839,59838.012206
1743523200,19.845,19.945,19.348,19.455,33658.4342
1743537600,19.455,19.924,19.313,19.82,98518.768433
1743552000,19.823,19.845,19.13,19.218,59758.135339
1743566400,19.221,19.721,18.803,19.068,76249.778577
1743580800,19.06,19.583,18.924,19.221,37030.798495
1743595200,19.221,19.85,18.928,19.623,61540.358329
1743609600,19.625,19.85,19.194,19.435,81004.748307
1743624000,19.436,19.921,17.761,17.989,224341.075511
1743638400,17.985,18.852,17.885,18.77,67015.998671
1743652800,18.771,18.985,18.198,18.37,99563.442307
1743667200,18.371,18.502,17.98,18.103,44629.730399
1743681600,18.097,18.198,17.578,17.965,95717.664429
1743696000,17.964,18.274,17.838,17.995,63215.341898
1743710400,18.011,18.274,17.873,18.155,37566.290623
1743724800,18.16,18.279,17.91,18.035,32626.872252
1743739200,18.035,18.622,17.968,18.596,26060.718042
1743753600,18.605,18.773,17.614,17.878,97462.10666
1743768000,17.877,18.47,17.803,17.996,96272.889286
1743782400,17.999,18.362,17.722,18.116,98754.975286
1743796800,18.113,18.356,18.024,18.19,29399.627751
1743811200,18.192,18.376,18.093,18.111,9339.330049
1743825600,18.119,18.238,18.049,18.206,21630.553858
1743840000,18.21,18.353,18.132,18.236,22340.665624
1743854400,18.241,18.305,17.774,17.846,25975.611232
1743868800,17.841,17.995,17.83,17.865,18341.133839
1743883200,17.873,17.929,17.704,17.881,27117.627101
1743897600,17.884,17.94,17.319,17.394,55976.098615
1743912000,17.391,17.501,17.185,17.198,35989.173669
1743926400,17.196,17.372,17.084,17.185,29258.28333
1743940800,17.178,17.311,16.837,17.305,62808.101435
1743955200,17.3,17.316,16.137,16.395,169174.64867
1743969600,16.39,16.471,15.619,16.05,125719.217078
1743984000,16.05,16.45,15.45,15.73,72672.31403
1743998400,15.744,16.118,14.665,14.84,138302.636676
1744012800,14.832,15.788,14.72,15.442,64193.304067
1744027200,15.448,17.113,15.355,16.435,248269.360522
1744041600,16.426,17.194,16.138,16.64,99050.346643
1744056000,16.645,16.985,16.62,16.68,51939.7507
1744070400,16.688,17.335,16.686,17.162,56414.097123
1744084800,17.175,17.45,16.95,17.038,60977.224025
1744099200,17.042,17.523,16.845,17.482,44141.517427
1744113600,17.49,17.733,17.075,17.139,79414.342806
1744128000,17.142,17.19,15.993,16.038,75344.71643
1744142400,16.036,16.294,15.933,16.15,45395.380278
1744156800,16.152,16.403,15.591,16.06,65384.867756
1744171200,16.055,16.862,16.005,16.699,68417.636206
1744185600,16.72,16.792,16.101,16.194,58493.88229
1744200000,16.193,16.912,15.963,16.819,128608.91324
1744214400,16.82,18.91,16.744,18.535,208995.681634
1744228800,18.541,18.704,18.416,18.44,33998.657974
1744243200,18.442,18.445,17.803,18.037,46781.119354
1744257600,18.034,18.354,17.95,18.048,35772.329399
1744272000,18.055,18.156,17.903,18.039,21055.441955
1744286400,18.02,18.387,17.561,17.672,84393.003857
1744300800,17.674,18.251,17.585,18.11,38246.550117
1744315200,18.101,18.424,18.101,18.323,18605.538838
1744329600,18.32,18.677,18.317,18.552,39804.737396
1744344000,18.552,18.66,18.437,18.55,23936.485168
1744358400,18.553,18.994,18.406,18.849,51190.415375
1744372800,18.85,19.554,18.747,19.191,95078.209422
1744387200,19.2,19.571,19.105,19.225,30681.784422
1744401600,19.224,19.378,19.046,19.126,26425.547128
1744416000,19.124,19.17,18.84,18.915,33993.927264
1744430400,18.919,19.307,18.865,19.105,39205.224241
1744444800,19.103,19.269,18.955,19.132,49878.203943
1744459200,19.134,21.03,19.1,20.506,163720.849285
1744473600,20.509,20.836,20.103,20.179,84377.540565
1744488000,20.189,20.669,20.154,20.488,31708.756343
1744502400,20.491,20.669,20.183,20.245,50996.524549
1744516800,20.244,20.275,19.88,19.933,26645.828333
1744531200,19.926,20.28,19.9,20.0,24786.451046
1744545600,19.999,20.03,19.506,19.751,33143.926021
1744560000,19.75,20.515,19.432,19.718,56079.390254
1744574400,19.728,19.96,19.273,19.582,40757.714878
1744588800,19.594,20.607,19.55,19.958,73904.392106
1744603200,19.964,20.287,19.791,20.129,27381.432588
1744617600,20.139,20.541,19.965,20.502,56857.675017
1744632000,20.51,20.685,19.725,19.84,271766.335564
1744646400,19.835,20.528,19.722,20.3,100052.661164
1744660800,20.304,20.376,20.052,20.11,24194.821002
1744675200,20.12,20.246,19.858,20.229,52107.191821
1744689600,20.228,20.29,19.802,19.985,44163.121702
1744704000,19.975,20.161,19.805,19.901,37137.503186
1744718400,19.909,20.254,19.463,19.533,52724.878756
1744732800,19.538,19.636,19.216,19.305,47842.360572
1744747200,19.305,19.439,18.961,19.015,36987.279234
1744761600,19.015,19.03,18.671,18.925,44880.190909
1744776000,18.926,18.956,18.606,18.64,29433.439151
1744790400,18.64,18.995,18.576,18.91,46981.636397
1744804800,18.911,19.283,18.726,19.035,44365.762731
1744819200,19.04,19.285,18.497,19.01,104929.066317
1744833600,19.005,19.094,18.706,18.762,27685.588967
1744848000,18.761,19.0,18.7,18.978,8969.01999
1744862400,18.972,19.569,18.95,19.39,43118.908972
1744876800,19.395,19.486,19.144,19.239,24210.187682
1744891200,19.243,19.415,18.807,19.13,38151.398743
1744905600,19.128,19.542,18.97,19.075,73698.459519
1744920000,19.075,19.212,18.923,19.05,27559.897762
1744934400,19.053,19.139,18.89,19.068,12845.370624
1744948800,19.055,19.179,18.953,19.179,14495.69638
1744963200,19.183,19.341,18.99,19.095,25771.384303
1744977600,19.107,19.163,18.852,18.905,21597.381769
1744992000,18.906,19.2,18.881,19.165,33746.532658
1745006400,19.167,19.246,19.056,19.072,10367.821403
1745020800,19.071,19.313,19.03,19.259,26520.576023
1745035200,19.257,19.56,19.168,19.474,32049.872485
1745049600,19.471,19.721,19.436,19.495,25250.089021
1745064000,19.497,19.825,19.497,19.7,33060.77364
1745078400,19.703,20.119,19.635,20.042,57322.294015
1745092800,20.048,20.365,19.88,19.892,31539.142539
1745107200,19.893,20.037,19.818,19.884,13934.442884
1745121600,19.874,19.996,19.567,19.645,23190.48257
1745136000,19.643,19.707,19.231,19.31,36682.021032
1745150400,19.312,19.537,19.276,19.38,19465.911213
1745164800,19.386,19.56,19.316,19.555,18991.836676
1745179200,19.555,19.733,19.32,19.507,21696.212558
1745193600,19.506,20.143,19.506,20.003,45796.440006
1745208000,20.0,20.656,19.832,20.617,55625.428403
1745222400,20.62,20.953,20.4,20.541,54349.832824
1745236800,20.53,20.675,20.258,20.543,35944.911759
1745251200,20.541,20.681,19.8,20.09,48172.624042
1745265600,20.087,20.101,19.708,19.915,21756.933347
1745280000,19.917,20.206,19.436,19.898,43234.003764
1745294400,19.898,20.295,19.593,20.289,24489.158389
1745308800,20.282,20.45,20.026,20.395,37131.086174
1745323200,20.397,22.011,20.355,21.625,120601.342822
1745337600,21.635,21.804,21.342,21.557,55970.541609
1745352000,21.557,22.299,21.538,22.116,88316.431713
1745366400,22.115,22.585,21.897,22.47,77572.250915
1745380800,22.47,22.891,22.374,22.89,58045.845122
1745395200,22.881,23.075,22.556,22.7,57692.319353
1745409600,22.7,23.054,21.879,22.272,153131.589172
1745424000,22.277,22.641,22.06,22.225,60702.950794
1745438400,22.218,22.579,22.218,22.345,27188.379418
1745452800,22.341,22.472,21.843,21.868,32389.243694
1745467200,21.869,22.19,21.8,21.887,26080.727856
1745481600,21.886,22.052,21.611,22.052,42537.596927
1745496000,22.053,22.642,21.899,22.341,57165.200767
1745510400,22.338,22.505,21.943,22.242,72153.570955
1745524800,22.247,22.445,22.037,22.367,17159.322702
1745539200,22.378,22.55,21.78,22.08,48478.962586
1745553600,22.087,22.54,21.962,22.33,46292.131335
1745568000,22.336,22.596,22.184,22.565,84613.47597
1745582400,22.57,22.865,22.105,22.57,85535.42332
1745596800,22.58,22.782,22.199,22.315,36275.189803
1745611200,22.305,22.502,22.149,22.165,25959.132329
1745625600,22.165,22.994,22.165,22.63,39622.865571
1745640000,22.638,22.699,22.301,22.455,30628.684554
1745654400,22.45,22.775,21.861,21.948,65810.009097
1745668800,21.948,22.085,21.706,22.035,53377.61615
1745683200,22.028,22.147,21.836,22.131,32778.405074
1745697600,22.138,22.447,22.081,22.414,34178.616636
1745712000,22.42,22.8,22.05,22.38,65594.866335
1745726400,22.378,22.552,22.011,22.278,20850.121211
1745740800,22.283,22.477,22.061,22.068,24784.441448
1745755200,22.062,22.329,21.793,21.891,40591.293087
1745769600,21.893,22.153,21.652,22.131,43217.775003
1745784000,22.131,22.157,21.707,21.714,27887.351525
1745798400,21.715,21.832,21.015,21.747,123984.305972
1745812800,21.738,22.366,21.737,22.3,55784.099224
1745827200,22.313,22.439,21.955,22.272,50672.506504
1745841600,22.285,22.297,21.277,21.45,42989.550353
1745856000,21.445,22.097,21.28,22.0,71371.954413
1745870400,22.001,22.038,21.71,21.835,37086.99619
1745884800,21.845,22.093,21.652,21.857,37060.825219
1745899200,21.859,22.211,21.641,22.185,34510.320512
1745913600,22.18,22.297,21.954,22.14,33411.437004
1745928000,22.137,22.217,21.826,22.005,31940.522937
1745942400,22.007,22.239,21.84,21.859,44843.413252
1745956800,21.872,21.924,21.266,21.563,85545.588105
1745971200,21.568,21.95,21.481,21.858,81772.271532
1745985600,21.855,21.886,21.467,21.58,38236.917894
1746000000,21.581,21.741,21.457,21.653,29121.027182
1746014400,21.65,21.664,20.349,20.925,92590.28665
1746028800,20.929,21.208,20.694,20.936,69740.805017
1746043200,20.94,21.221,20.816,20.911,49488.894127
1746057600,20.914,21.289,20.88,20.946,54531.794845
1746072000,20.95,21.255,20.818,21.225,28958.929935
1746086400,21.216,21.596,21.202,21.467,53643.807031
1746100800,21.471,21.578,21.12,21.35,92609.960638
1746115200,21.362,21.869,21.246,21.76,79976.74763
1746129600,21.765,21.855,21.527,21.637,36603.630479
1746144000,21.632,22.187,21.597,21.974,99668.901336
1746158400,21.975,22.087,21.27,21.27,64612.114511
1746172800,21.275,21.455,21.155,21.305,38185.208753
1746187200,21.305,21.668,21.135,21.424,66391.662077
1746201600,21.43,21.672,20.97,21.045,55756.593152
1746216000,21.045,21.414,20.962,21.256,103051.368476
1746230400,21.256,21.284,21.057,21.088,18231.205712
1746244800,21.086,21.192,20.876,20.917,42107.820914
1746259200,20.922,21.066,20.625,20.693,55026.394516
1746273600,20.698,21.001,20.667,20.863,30278.217169
1746288000,20.867,20.884,20.475,20.845,60612.885563
1746302400,20.848,20.873,20.51,20.511,34455.655145
1746316800,20.515,20.629,20.219,20.239,33817.418788
1746331200,20.243,20.431,20.122,20.215,31117.666613
1746345600,20.225,20.227,20.001,20.07,28624.074341
1746360000,20.071,20.197,19.774,19.999,42370.667666
1746374400,19.996,20.075,19.882,19.999,13479.958039
1746388800,20.0,20.197,19.754,19.898,40419.883108
1746403200,19.9,20.233,19.676,19.953,72613.055935
1746417600,19.953,20.238,19.881,20.032,22338.076212
1746432000,20.021,20.063,19.458,19.467,87943.555111
1746446400,19.47,19.673,19.295,19.365,77289.576267
1746460800,19.367,19.85,19.346,19.606,58353.94557
1746475200,19.61,19.87,19.38,19.682,67808.288124
1746489600,19.68,19.769,19.424,19.748,58660.40397
1746504000,19.76,19.883,19.694,19.792,33343.062562
1746518400,19.783,19.791,19.27,19.421,44544.719706
1746532800,19.416,19.799,19.303,19.66,45093.467446
1746547200,19.664,19.947,19.504,19.83,24970.695545
1746561600,19.829,20.125,19.385,20.01,68709.921878
1746576000,20.015,20.274,19.752,19.94,111979.19962
1746590400,19.941,20.005,19.654,19.925,23342.957438
1746604800,19.924,20.008,19.715,19.764,18249.603519
1746619200,19.771,19.792,19.263,19.318,74510.041353
1746633600,19.312,19.455,19.082,19.255,63239.917338
1746648000,19.251,19.705,19.21,19.536,107290.95577
1746662400,19.546,20.356,19.49,20.356,84863.074174
1746676800,20.357,20.907,20.357,20.849,107750.26406
1746691200,20.854,21.174,20.854,20.925,109747.992373
1746705600,20.925,21.486,20.646,21.201,166035.53745
1746720000,21.199,21.5,21.163,21.416,88753.181984
1746734400,21.428,22.175,21.336,22.165,129187.881141
1746748800,22.165,22.47,22.026,22.08,76243.525645
1746763200,22.076,23.124,21.965,23.021,148700.963331
1746777600,23.015,24.008,22.784,23.535,171733.078095
1746792000,23.532,23.68,22.899,23.14,79399.93875
1746806400,23.145,23.471,22.793,23.103,79216.368174
1746820800,23.105,23.289,22.96,23.279,58955.468796
1746835200,23.277,23.687,23.024,23.505,62665.456112
1746849600,23.483,24.251,23.266,24.177,75237.437205
1746864000,24.179,24.808,23.921,24.059,100056.314619
1746878400,24.069,24.774,24.069,24.373,75567.829013
1746892800,24.377,24.866,24.319,24.53,66767.667569
1746907200,24.529,25.983,24.34,25.819,151048.735607
1746921600,25.812,26.021,24.926,25.305,125653.76782
1746936000,25.3,25.462,24.278,24.518,81743.355408
1746950400,24.524,24.911,24.41,24.875,30060.822969
1746964800,24.874,24.925,24.189,24.38,48874.098276
1746979200,24.39,24.935,24.15,24.75,35335.932662
1746993600,24.752,24.972,24.49,24.791,30617.541553
1747008000,24.78,25.232,24.433,25.157,43731.354612
1747022400,25.15,26.849,24.869,26.059,126180.754467
1747036800,26.048,26.048,24.846,24.98,98293.956789
1747051200,24.975,25.712,24.571,24.735,128628.521417
1747065600,24.726,25.183,23.714,24.48,92667.911386
1747080000,24.47,25.066,24.364,24.839,31162.60409
1747094400,24.831,24.845,23.472,23.514,119833.114857
1747108800,23.51,24.53,23.455,24.295,44574.689179
1747123200,24.305,24.7,24.264,24.528,54713.135871
1747137600,24.529,24.921,24.302,24.905,65276.629041
1747152000,24.91,26.248,24.863,25.81,85849.156762
1747166400,25.806,25.983,25.495,25.723,43863.717428
1747180800,25.717,26.28,25.501,26.095,61923.134601
1747195200,26.087,26.542,25.885,26.015,86833.794407
1747209600,26.019,26.151,25.398,25.93,88772.396264
1747224000,25.931,25.98,25.122,25.412,58256.01687
1747238400,25.41,25.473,24.966,25.26,54857.827882
1747252800,25.265,25.32,24.743,24.96,37936.27873
1747267200,24.96,25.137,24.377,24.4,49644.047262
1747281600,24.413,24.632,23.536,23.565,73831.241241
1747296000,23.565,24.195,23.523,23.955,94786.288684
1747310400,23.955,24.1,23.024,23.795,147517.867327
1747324800,23.793,24.201,23.259,23.51,77270.186906
1747339200,23.514,23.737,22.947,23.51,106587.172599
1747353600,23.514,23.963,23.333,23.927,52541.703329
1747368000,23.915,24.051,23.661,23.784,30557.514787
1747382400,23.79,23.989,23.249,23.818,54131.239638
1747396800,23.82,23.966,23.441,23.739,68175.220748
1747411200,23.742,23.881,23.354,23.575,32117.06616
1747425600,23.566,23.584,22.681,23.059,87101.057368
1747440000,23.06,23.129,22.257,22.753,72023.767437
1747454400,22.764,23.137,22.699,22.811,26525.189543
1747468800,22.813,22.922,22.575,22.77,28624.086998
1747483200,22.782,22.84,22.325,22.451,30095.5233
1747497600,22.456,22.583,22.111,22.18,46133.189527
1747512000,22.165,22.575,21.971,22.177,42565.388439
1747526400,22.184,22.39,22.02,22.198,28522.665131
1747540800,22.205,23.191,22.2,23.14,47823.622517
1747555200,23.15,23.328,22.915,22.916,45451.371595
1747569600,22.923,23.872,22.788,23.764,67492.795651
1747584000,23.773,23.822,22.028,22.028,157681.877767
1747598400,22.024,23.154,21.566,23.06,97668.641845
1747612800,23.06,23.192,21.88,21.892,67984.370306
1747627200,21.895,22.042,21.25,21.686,97284.571865
1747641600,21.68,21.817,21.476,21.675,35506.660895
1747656000,21.671,22.176,21.41,22.09,43997.851908
1747670400,22.095,22.615,21.905,22.299,47718.310485
1747684800,22.298,22.36,21.982,22.265,27643.528977
1747699200,22.269,22.829,22.101,22.411,69273.144252
1747713600,22.429,22.63,22.2,22.239,60384.891557
1747728000,22.245,22.368,21.948,22.14,56371.925835
1747742400,22.135,22.217,21.858,22.16,42401.200093
1747756800,22.154,22.473,21.765,22.406,67564.417416
1747771200,22.403,22.779,22.29,22.6,46434.0185
1747785600,22.618,22.726,22.158,22.546,24633.756629
1747800000,22.55,23.009,22.42,22.565,49891.026205
1747814400,22.575,22.859,22.367,22.779,18633.924472
1747828800,22.755,23.299,22.55,23.225,51497.546584
1747843200,23.225,23.845,22.4,22.865,104124.754243
1747857600,22.87,23.46,22.588,23.176,47871.064348
1747872000,23.18,23.857,23.14,23.785,30004.793253
1747886400,23.79,24.151,23.713,24.134,66130.244069
1747900800,24.141,25.417,24.087,25.105,156390.600022
1747915200,25.109,25.432,24.768,25.04,97783.647785
1747929600,25.04,25.414,25.032,25.094,65977.382341
1747944000,25.096,25.336,24.733,25.255,51812.57126
1747958400,25.26,25.859,25.045,25.745,67573.251128
1747972800,25.74,25.842,24.919,25.096,54512.137057
1747987200,25.105,25.977,24.286,24.451,110865.612008
1748001600,24.452,24.999,23.568,24.48,127028.227785
1748016000,24.479,24.642,24.0,24.024,90718.184412
1748030400,24.022,24.032,22.913,23.075,106326.63694
1748044800,23.07,23.477,22.937,23.293,60671.530038
1748059200,23.287,23.431,22.999,23.143,28825.891882
1748073600,23.146,23.452,22.873,23.223,33548.969726
1748088000,23.227,23.281,22.993,23.14,36072.030286
1748102400,23.142,23.193,22.803,23.022,42949.920896
1748116800,23.022,23.114,22.756,22.952,23029.121323
1748131200,22.952,23.145,22.483,22.903,56616.551636
1748145600,22.905,22.927,22.426,22.465,40953.324849
1748160000,22.466,22.466,22.1,22.372,46025.166312
1748174400,22.37,22.568,22.026,22.261,52252.540483
1748188800,22.26,22.558,22.09,22.489,16774.489017
1748203200,22.489,23.473,22.295,23.451,133023.390427
1748217600,23.452,23.815,23.218,23.365,31163.278229
1748232000,23.368,23.945,23.319,23.911,38576.731386
1748246400,23.912,24.007,23.528,23.702,82393.16024
1748260800,23.709,23.872,23.181,23.489,43812.025187
1748275200,23.49,23.551,22.876,22.996,26631.744624
1748289600,22.993,23.27,22.891,23.06,18355.985634
1748304000,23.06,23.203,22.5,23.02,91495.318808
1748318400,23.023,23.866,23.003,23.498,60697.401114
1748332800,23.5,23.758,23.395,23.618,34624.649989
1748347200,23.618,23.878,23.117,23.446,61040.307078
1748361600,23.449,23.85,23.302,23.41,69476.991518
1748376000,23.412,23.586,23.176,23.371,14767.505277
1748390400,23.374,23.725,23.298,23.576,26006.812683
1748404800,23.578,23.624,23.154,23.29,40504.232156
1748419200,23.293,23.578,23.07,23.56,42368.760776
1748433600,23.564,23.768,22.842,22.869,104568.692203
1748448000,22.87,23.401,22.79,22.827,48689.785601
1748462400,22.824,23.613,22.774,23.613,53333.225131
1748476800,23.614,24.35,23.44,24.202,158464.871308
1748491200,24.2,24.308,23.495,23.724,68671.209761
1748505600,23.726,23.817,23.356,23.427,45176.405714
1748520000,23.422,23.422,22.679,22.783,60421.580517
1748534400,22.786,23.035,22.459,22.633,78287.439695
1748548800,22.634,22.781,22.172,22.253,42729.70753
1748563200,22.252,22.35,21.122,21.831,118542.959468
1748577600,21.83,21.875,21.301,21.436,37244.606652
1748592000,21.439,21.878,21.286,21.796,52719.076419
1748606400,21.8,21.892,21.424,21.48,54296.973717
1748620800,21.483,21.578,20.752,21.27,109246.110058
1748635200,21.27,21.34,20.401,20.563,57039.076532
1748649600,20.552,20.595,19.778,20.066,81302.994418
1748664000,20.07,20.255,19.82,20.142,44594.079702
1748678400,20.144,20.34,20.07,20.2,71161.168349
1748692800,20.204,20.838,20.159,20.667,89150.20074
1748707200,20.668,21.008,20.613,20.88,44559.104563
1748721600,20.886,21.126,20.765,20.8,54995.667291
1748736000,20.808,20.836,20.508,20.674,28342.568581
1748750400,20.668,20.931,20.603,20.673,14944.859257
1748764800,20.656,20.69,20.26,20.396,51132.797853
1748779200,20.403,20.774,20.165,20.705,53539.867841
1748793600,20.708,20.961,20.394,20.66,34644.183094
1748808000,20.666,20.968,20.565,20.881,19977.169218
1748822400,20.885,20.995,20.464,20.559,27407.192435
1748836800,20.571,20.8,20.481,20.676,22825.453437
1748851200,20.676,20.81,20.218,20.327,66156.832012
1748865600,20.323,20.702,20.267,20.571,55587.859084
1748880000,20.567,20.774,20.411,20.541,30226.351973
1748894400,20.543,21.313,20.543,21.158,37740.471545
1748908800,21.16,21.7,21.136,21.277,39586.944502
1748923200,21.276,21.464,21.122,21.29,19377.091444
1748937600,21.293,21.36,21.132,21.228,14000.257188
1748952000,21.23,21.575,21.145,21.368,52785.227608
1748966400,21.372,21.596,21.258,21.557,39860.236459
1748980800,21.558,21.564,20.899,21.144,35649.538571
1748995200,21.14,21.647,21.06,21.484,27086.932787
1749009600,21.481,21.578,21.266,21.42,16064.582556
1749024000,21.417,21.549,21.041,21.044,28175.792128
1749038400,21.048,21.158,20.731,21.096,39898.896272
1749052800,21.1,21.1,20.647,20.66,18787.397781
1749067200,20.658,20.658,20.062,20.088,95080.550058
1749081600,20.084,20.279,19.956,20.213,40931.99688
1749096000,20.219,20.363,20.05,20.215,29096.185386
1749110400,20.225,20.352,20.012,20.178,27619.858717
1749124800,20.178,20.536,19.79,19.994,59335.987995
1749139200,19.996,20.02,19.1,19.284,91916.152824
1749153600,19.281,19.364,18.436,18.75,154631.075052
1749168000,18.745,19.174,18.627,19.164,34137.816339
1749182400,19.161,19.508,19.138,19.352,30620.000571
1749196800,19.356,19.483,19.292,19.364,57415.281649
1749211200,19.365,19.946,19.334,19.708,93709.212107
1749225600,19.707,19.803,19.374,19.402,64318.399884
1749240000,19.412,19.914,19.357,19.643,72455.126912
1749254400,19.652,20.139,19.562,20.101,34505.795294
1749268800,20.103,20.703,20.038,20.648,40748.973556
1749283200,20.648,21.131,20.61,21.028,85636.280321
1749297600,21.03,21.06,20.778,20.9,51809.606536
1749312000,20.9,20.985,20.674,20.82,26214.408952
1749326400,20.824,20.916,20.636,20.652,11088.490864
1749340800,20.652,20.66,20.341,20.353,29863.412135
1749355200,20.355,20.394,20.252,20.276,15109.591641
1749369600,20.279,20.66,20.134,20.488,113663.527184
1749384000,20.49,20.838,20.346,20.68,55792.607442
1749398400,20.68,21.35,20.656,21.336,67916.342906
1749412800,21.346,21.489,21.021,21.05,38649.887406
1749427200,21.045,21.14,20.596,20.736,37830.87428
1749441600,20.733,20.733,20.243,20.348,29046.709183
1749456000,20.35,20.933,20.217,20.808,62041.585356
1749470400,20.812,21.128,20.59,21.026,41005.575304
1749484800,21.028,21.451,21.024,21.369,37430.729735
1749499200,21.384,22.043,21.202,21.953,64940.791803
1749513600,21.952,22.223,21.766,21.83,31713.328185
1749528000,21.831,21.878,21.521,21.689,28687.932954
1749542400,21.692,22.321,21.522,22.213,66585.119
1749556800,22.217,22.477,21.568,21.912,96141.960796
1749571200,21.928,22.492,21.764,22.232,56863.31115
1749585600,22.225,22.588,22.024,22.571,117074.287676
1749600000,22.572,22.66,22.025,22.312,124139.76191
1749614400,22.317,22.48,22.13,22.377,28877.710327
1749628800,22.375,22.436,21.838,22.01,63954.364835
1749643200,22.008,22.776,21.9,22.569,109879.660641
1749657600,22.572,22.611,21.653,21.723,117857.623451
1749672000,21.716,21.945,21.326,21.572,62774.324313
1749686400,21.575,21.63,21.148,21.219,60040.293458
1749700800,21.219,21.28,20.971,21.028,51229.736004
1749715200,21.02,21.128,20.772,20.806,25143.427384
1749729600,20.809,21.307,20.745,20.868,49593.888715
1749744000,20.868,21.252,20.49,20.592,65280.121373
1749758400,20.592,20.686,20.158,20.296,55972.280241
1749772800,20.288,20.305,18.469,19.101,320962.383653
1749787200,19.104,19.176,18.795,19.144,55658.585724
1749801600,19.14,19.398,19.014,19.258,66709.465158
1749816000,19.26,19.429,18.87,19.3,76280.04125
1749830400,19.302,19.545,18.91,19.026,82118.517398
1749844800,19.028,19.44,18.969,19.412,23747.169058
1749859200,19.412,19.435,19.16,19.255,37818.038043
1749873600,19.249,19.42,19.072,19.24,48959.642043
1749888000,19.24,19.243,19.002,19.14,10713.412802
1749902400,19.132,19.208,18.857,18.964,32653.188076
1749916800,18.961,19.067,18.71,18.884,40267.905025
1749931200,18.888,19.1,18.753,18.932,33923.321254
1749945600,18.937,19.055,18.903,18.972,24368.856443
1749960000,18.98,19.278,18.936,18.962,57821.878434
1749974400,18.968,19.024,18.77,18.97,49087.33775
1749988800,18.972,19.255,18.873,19.072,77786.909088
1750003200,19.072,19.195,18.992,19.08,24580.797017
1750017600,19.084,19.181,18.726,19.105,35500.346935
1750032000,19.107,19.475,18.897,19.259,77749.036577
1750046400,19.267,19.856,19.244,19.794,104310.604135
1750060800,19.796,19.829,19.425,19.631,77732.427267
1750075200,19.631,19.926,19.48,19.72,64204.210924
1750089600,19.725,19.932,19.65,19.776,29277.828576
1750104000,19.772,19.998,19.004,19.06,115144.172435
1750118400,19.062,19.49,18.702,19.312,91068.651998
1750132800,19.312,19.329,19.047,19.14,33834.706824
1750147200,19.134,19.154,18.848,18.924,48573.81471
1750161600,18.92,19.059,18.524,18.667,39678.380892
1750176000,18.668,18.934,18.136,18.8,143627.647459
1750190400,18.796,18.861,18.336,18.584,40698.061774
1750204800,18.592,18.849,18.54,18.708,17374.330074
1750219200,18.712,18.906,18.636,18.74,12167.005934
1750233600,18.74,18.828,18.23,18.52,25887.295414
1750248000,18.52,18.595,18.066,18.352,75784.894215
1750262400,18.344,18.504,18.08,18.219,39149.108305
1750276800,18.224,18.644,18.084,18.164,71297.3758
1750291200,18.167,18.392,17.911,18.046,58278.717352
1750305600,18.052,18.06,17.793,17.912,66909.050798
1750320000,17.912,18.093,17.868,17.898,18021.903856
1750334400,17.9,18.04,17.658,17.743,71107.071842
1750348800,17.741,18.083,17.635,17.931,35765.364405
1750363200,17.931,18.186,17.922,18.056,19688.841856
1750377600,18.06,18.172,17.98,17.999,10653.373165
1750392000,17.989,18.421,17.827,18.332,29239.733967
1750406400,18.332,18.413,18.144,18.259,20172.13702
1750420800,18.26,18.363,17.738,17.816,56817.606619
1750435200,17.82,17.823,16.94,17.448,129161.096604
1750449600,17.444,17.672,17.201,17.369,30422.35876
1750464000,17.371,17.639,17.364,17.596,23298.415177
1750478400,17.596,17.624,17.496,17.541,20455.511947
1750492800,17.548,17.632,17.492,17.604,28253.382821
1750507200,17.604,17.623,17.003,17.144,83633.592554
1750521600,17.136,17.192,16.761,16.788,88462.838805
1750536000,16.79,17.111,16.325,16.82,235241.536541
1750550400,16.817,17.111,16.592,16.7,98259.377515
1750564800,16.705,17.007,16.663,16.851,20123.11421
1750579200,16.85,16.924,16.525,16.651,56242.07357
1750593600,16.66,16.746,15.953,16.036,192591.934362
1750608000,16.035,16.355,15.894,15.943,76672.175865
1750622400,15.944,16.533,15.613,16.526,83047.237327
1750636800,16.524,16.764,16.488,16.524,35936.831259
1750651200,16.524,17.064,16.52,16.918,59108.940209
1750665600,16.92,17.161,16.78,16.876,49837.917238
1750680000,16.88,17.275,16.716,16.756,160661.767476
1750694400,16.755,17.315,16.262,17.308,140736.166892
1750708800,17.304,18.199,17.258,18.065,172847.115639
1750723200,18.066,18.235,17.948,18.055,65276.247777
1750737600,18.056,18.489,17.976,18.047,118404.638486
1750752000,18.046,18.284,17.891,18.13,47609.959609
1750766400,18.136,18.292,17.993,18.164,53793.901668
1750780800,18.168,18.428,17.93,18.032,95572.048721
1750795200,18.024,18.24,17.959,18.24,42060.057959
1750809600,18.24,18.366,18.107,18.124,71493.982134
1750824000,18.128,18.18,17.976,18.035,28088.075129
1750838400,18.034,18.048,17.736,17.99,70650.692858
1750852800,17.988,18.132,17.554,17.591,103563.056925
1750867200,17.598,17.796,17.538,17.724,31687.167719
1750881600,17.716,17.824,17.42,17.571,29045.94021
1750896000,17.569,18.014,17.449,17.76,38982.050869
1750910400,17.768,17.821,17.544,17.732,20593.224499
1750924800,17.732,17.791,17.384,17.423,51336.260515
1750939200,17.416,17.431,17.093,17.25,108359.426706
1750953600,17.251,17.386,17.15,17.34,29304.009343
1750968000,17.34,17.635,17.179,17.231,44383.076953
1750982400,17.234,17.536,17.019,17.499,46277.403837
1750996800,17.499,17.609,17.34,17.402,19087.729371
1751011200,17.4,17.62,17.389,17.465,19695.810626
1751025600,17.475,17.577,17.289,17.545,43114.124758
1751040000,17.547,17.782,17.131,17.332,46083.438508
1751054400,17.332,17.61,17.308,17.574,19375.215226
1751068800,17.576,17.671,17.478,17.599,11794.044518
1751083200,17.601,17.679,17.505,17.675,16056.691239
1751097600,17.68,17.746,17.608,17.676,16355.758365
1751112000,17.676,17.789,17.54,17.766,21832.785275
1751126400,17.768,18.077,17.768,17.956,50297.347177
1751140800,17.952,18.067,17.874,17.972,11259.963731
1751155200,17.976,18.015,17.81,17.818,25362.382458
1751169600,17.819,18.042,17.804,18.042,8851.719884
1751184000,18.04,18.172,17.989,18.064,32981.218368
1751198400,18.064,18.076,17.816,17.837,16658.311965
1751212800,17.848,18.092,17.815,18.036,20245.372663
1751227200,18.039,18.895,17.928,18.733,88766.117157
1751241600,18.74,18.882,18.275,18.299,65918.132337
1751256000,18.298,18.309,17.986,18.247,29840.411468
1751270400,18.251,18.278,18.027,18.078,23086.283871
1751284800,18.074,18.14,17.701,18.028,105634.173396
1751299200,18.024,18.24,17.876,18.212,24997.7042
1751313600,18.216,18.265,17.893,17.972,17375.566119
1751328000,17.972,18.056,17.744,17.816,19969.130407
1751342400,17.814,17.814,17.431,17.631,29979.559969
1751356800,17.634,17.654,17.45,17.483,50297.122807
1751371200,17.483,17.508,17.2,17.261,66123.925688
1751385600,17.264,17.333,17.038,17.09,23715.904932
1751400000,17.085,17.141,16.951,17.109,22358.353687
1751414400,17.106,17.31,16.968,17.275,27639.09302
1751428800,17.276,17.653,17.256,17.584,18571.767859
1751443200,17.588,17.696,17.52,17.57,21475.332498
1751457600,17.567,18.022,17.414,18.016,41093.331056
1751472000,18.018,18.83,18.018,18.676,180154.547911
1751486400,18.684,18.813,18.482,18.518,82482.336922
1751500800,18.517,18.668,18.44,18.555,24509.41053
1751515200,18.546,19.173,18.539,19.085,88108.0456
1751529600,19.086,19.115,18.685,18.778,37768.537256
1751544000,18.773,19.002,18.345,18.364,112566.573838
1751558400,18.369,18.609,18.35,18.563,23416.295183
1751572800,18.564,18.673,18.507,18.537,10384.564669
1751587200,18.542,18.82,18.509,18.76,50308.116419
1751601600,18.759,18.882,18.1,18.117,48198.801832
1751616000,18.108,18.218,17.955,18.091,61053.971689
1751630400,18.083,18.184,17.692,17.706,58323.202491
1751644800,17.71,17.748,17.505,17.68,52941.48048
1751659200,17.674,17.89,17.629,17.788,33540.787352
1751673600,17.788,17.872,17.655,17.842,18435.426455
1751688000,17.844,17.928,17.718,17.818,19178.397382
1751702400,17.82,17.944,17.678,17.89,21704.585562
1751716800,17.898,17.928,17.775,17.834,21627.283726
1751731200,17.833,17.89,17.621,17.781,15304.907169
1751745600,17.78,17.99,17.752,17.917,12723.898475
1751760000,17.918,17.918,17.76,17.824,27457.685609
1751774400,17.824,17.92,17.774,17.841,8727.595662
1751788800,17.843,17.882,17.733,17.877,13731.110687
1751803200,17.879,18.311,17.861,18.16,47527.870409
1751817600,18.162,18.297,17.999,18.164,15050.189657
1751832000,18.166,18.619,18.16,18.288,72307.917825
1751846400,18.292,18.603,18.2,18.42,36558.064938
1751860800,18.423,18.46,18.101,18.299,18909.255239
1751875200,18.296,18.352,18.1,18.175,22856.8368
1751889600,18.175,18.292,17.962,18.036,33126.224245
1751904000,18.036,18.112,17.825,18.008,40998.521712
1751918400,18.003,18.008,17.805,18.0,18011.942243
1751932800,17.997,18.083,17.741,17.782,51193.771338
1751947200,17.782,17.913,17.69,17.913,19894.541948
1751961600,17.912,18.263,17.838,18.138,61107.581404
1751976000,18.139,18.246,17.972,18.012,46626.624794
1751990400,18.012,18.481,17.913,18.379,114013.391834
1752004800,18.376,18.466,18.232,18.36,48409.570985
1752019200,18.368,18.388,18.104,18.13,44680.041293
1752033600,18.125,18.558,18.094,18.408,72410.158504
1752048000,18.416,18.551,18.323,18.525,18692.559505
1752062400,18.523,18.724,18.386,18.534,102379.513693
1752076800,18.531,19.197,18.488,19.117,105187.87932
1752091200,19.118,19.619,18.98,19.506,139046.133756
1752105600,19.506,19.625,19.369,19.501,42450.708865
1752120000,19.491,19.609,19.334,19.505,35824.32817
1752134400,19.504,19.604,19.448,19.584,25185.421927
1752148800,19.58,19.719,19.38,19.46,55943.720411
1752163200,19.464,19.947,19.419,19.772,107958.522469
1752177600,19.773,20.786,19.765,20.708,179222.48979
1752192000,20.71,20.939,20.437,20.865,68264.7678
1752206400,20.86,21.221,20.713,20.744,74483.940795
1752220800,20.746,21.202,20.741,20.985,50287.227048
1752235200,20.979,21.525,20.869,20.939,139044.988215
1752249600,20.949,21.407,20.805,21.316,59795.675778
1752264000,21.316,21.334,20.323,20.672,124411.488679
1752278400,20.675,21.045,20.375,20.855,79227.070191
1752292800,20.856,20.917,20.528,20.884,61480.297066
1752307200,20.883,21.081,20.708,20.964,39075.487379
1752321600,20.973,21.03,20.173,20.328,91170.263421
1752336000,20.318,20.856,20.247,20.731,32950.289681
1752350400,20.732,20.759,20.401,20.685,29384.816287
1752364800,20.688,21.18,20.662,21.1,66911.254414
1752379200,21.104,21.324,20.955,21.313,52692.165008
1752393600,21.316,21.393,21.065,21.264,54142.247609
1752408000,21.262,21.643,21.136,21.282,67424.327611
1752422400,21.284,21.777,21.091,21.532,129015.737408
1752436800,21.538,21.604,20.974,21.199,47075.085837
1752451200,21.2,22.06,21.144,21.79,101132.523498
1752465600,21.79,22.071,21.538,21.839,95602.103263
1752480000,21.84,21.935,21.595,21.708,53049.474147
1752494400,21.694,22.002,21.287,21.459,81945.739149
1752508800,21.444,21.652,21.128,21.253,62742.513144
1752523200,21.27,21.421,21.009,21.27,52243.268776
1752537600,21.27,21.36,20.441,20.589,49812.495913
1752552000,20.586,20.92,20.384,20.74,26988.650644
1752566400,20.752,21.507,20.602,21.112,36643.568188
1752580800,21.112,21.309,20.684,21.169,112045.386561
1752595200,21.179,21.878,21.163,21.212,86173.818419
1752609600,21.212,22.569,21.158,22.506,93442.487901
1752624000,22.504,22.558,21.7,21.714,71561.942549
1752638400,21.718,22.079,21.618,21.987,37734.740149
1752652800,21.984,22.139,21.873,22.014,28540.857744
1752667200,22.017,22.374,21.847,22.097,88215.999332
1752681600,22.096,22.837,22.062,22.599,65481.260985
1752696000,22.602,23.021,22.458,22.656,81637.799034
1752710400,22.661,22.94,22.02,22.163,40728.393643
1752724800,22.158,22.797,22.096,22.688,55445.069028
1752739200,22.696,23.24,22.612,22.887,52666.31885
1752753600,22.89,23.076,22.436,22.72,63874.970117
1752768000,22.719,22.95,22.301,22.427,96401.960372
1752782400,22.425,24.322,22.186,23.904,155919.602261
1752796800,23.902,24.57,23.693,24.322,127403.469613
1752811200,24.323,25.028,24.228,24.32,104502.669342
1752825600,24.32,24.625,23.94,24.116,80398.826998
1752840000,24.125,24.554,23.535,23.76,114019.606136
1752854400,23.755,24.125,23.435,23.608,67798.920434
1752868800,23.606,23.707,23.062,23.515,85721.384117
1752883200,23.52,23.818,23.005,23.818,37335.887327
1752897600,23.819,24.013,23.693,23.703,40978.828682
1752912000,23.71,23.718,23.406,23.595,39928.11895
1752926400,23.591,23.87,23.301,23.635,25443.826998
1752940800,23.641,25.178,23.538,24.959,148966.180095
1752955200,24.964,25.23,24.177,24.508,135480.475943
1752969600,24.505,24.789,24.3,24.569,44206.54636
1752984000,24.56,24.84,24.428,24.7,40631.433444
1752998400,24.696,25.273,24.696,25.126,66382.840922
1753012800,25.125,25.442,24.858,25.41,116532.263668
1753027200,25.41,25.555,24.935,25.265,92700.167047
1753041600,25.275,25.324,24.517,25.051,57756.538485
1753056000,25.049,25.447,24.639,25.435,62399.555382
1753070400,25.437,25.869,25.278,25.83,135950.319469
1753084800,25.834,26.469,25.563,26.041,146623.154196
1753099200,26.045,26.356,25.633,25.905,70767.036826
1753113600,25.901,25.922,25.071,25.185,66208.316895
1753128000,25.186,25.59,25.112,25.425,48686.38294
1753142400,25.439,26.03,24.824,25.884,193546.844051
1753156800,25.885,26.084,25.092,25.647,169448.173246
1753171200,25.649,25.658,24.762,25.507,98001.971931
1753185600,25.514,25.668,24.762,24.96,153180.980642
1753200000,24.975,25.382,24.7,24.859,110703.050408
1753214400,24.86,25.891,24.815,25.89,94460.539944
1753228800,25.893,26.104,25.49,25.53,91448.397453
1753243200,25.535,25.825,25.221,25.354,58801.99281
1753257600,25.363,25.573,24.828,25.011,67522.83107
1753272000,25.008,25.071,23.586,24.35,289181.661663
1753286400,24.362,24.362,23.393,23.845,99107.333645
1753300800,23.845,24.117,23.15,23.945,101887.570161
1753315200,23.954,24.198,23.812,23.946,48909.290264
1753329600,23.947,24.036,22.539,23.27,180474.920364
1753344000,23.27,23.896,23.147,23.816,74514.783567
1753358400,23.812,24.441,23.475,24.18,199868.759946
1753372800,24.19,24.313,23.7,24.009,113058.686342
1753387200,24.005,24.215,23.595,23.67,77284.832908
1753401600,23.678,23.694,22.888,23.105,171397.970656
1753416000,23.1,23.389,22.866,23.1,106247.003568
1753430400,23.096,23.897,23.077,23.709,102931.832007
1753444800,23.71,23.874,22.96,23.2,124955.240905
1753459200,23.204,23.54,23.088,23.412,74964.747122
1753473600,23.413,24.036,23.401,24.005,53860.436615
1753488000,24.007,24.156,23.849,24.084,23142.045056
1753502400,24.07,24.191,24.029,24.087,18249.052864
1753516800,24.09,24.421,24.09,24.315,55732.93074
1753531200,24.32,24.934,24.201,24.819,152299.172085
1753545600,24.824,25.762,24.526,25.425,194980.570804
1753560000,25.429,25.486,24.881,24.921,41551.547102
1753574400,24.933,25.103,24.848,24.94,35778.766949
1753588800,24.93,25.247,24.928,25.017,46723.842297
1753603200,25.009,25.149,24.75,24.935,28585.275588
1753617600,24.931,25.117,24.813,25.028,20272.984914
1753632000,25.03,25.542,25.029,25.399,66311.659659
1753646400,25.423,26.458,25.385,26.045,80568.615321
1753660800,26.051,26.32,25.763,26.129,56716.834438
1753675200,26.135,26.769,26.108,26.54,129179.573218
1753689600,26.532,27.339,26.476,27.288,179607.281168
1753704000,27.29,27.391,25.896,26.065,244210.919286
1753718400,26.057,26.192,25.366,25.53,173440.067737
1753732800,25.54,25.574,24.987,25.201,80542.032588
1753747200,25.207,25.411,24.429,25.027,134014.204675
1753761600,25.033,25.513,24.839,25.465,98857.625525
1753776000,25.473,25.513,24.532,24.73,99824.792462
1753790400,24.727,25.19,24.203,24.307,176408.508048
1753804800,24.308,24.564,24.023,24.082,162332.080876
1753819200,24.082,24.463,23.881,24.375,108110.281638
1753833600,24.366,24.511,24.018,24.295,92959.422826
1753848000,24.295,24.376,23.946,24.01,38229.594977
1753862400,24.01,24.185,23.343,23.43,111923.791151
1753876800,23.44,23.651,23.13,23.23,176374.103874
1753891200,23.235,23.672,22.389,23.23,169069.9076
1753905600,23.225,23.459,23.0,23.303,46814.641666
1753920000,23.311,23.733,23.223,23.68,41404.793754
1753934400,23.692,24.071,23.647,23.88,31471.537315
1753948800,23.884,24.11,23.58,23.663,42822.911262
1753963200,23.663,23.688,22.803,23.099,117246.8587
1753977600,23.099,23.527,22.768,22.827,79093.607338
1753992000,22.825,22.982,22.407,22.461,97883.041606
1754006400,22.471,22.584,21.8,22.421,180326.769457
1754020800,22.415,22.415,21.766,22.164,62493.136006
1754035200,22.15,22.166,21.629,22.138,80562.552009
1754049600,22.13,22.394,21.588,22.098,114646.548815
1754064000,22.082,22.257,21.49,21.899,101962.866015
1754078400,21.9,21.987,21.029,21.521,125494.761163
1754092800,21.521,21.774,21.466,21.698,31004.28758
1754107200,21.71,21.817,21.185,21.664,33847.428292
1754121600,21.677,21.726,21.254,21.515,34931.470113
1754136000,21.494,21.66,21.147,21.219,46623.976202
1754150400,21.22,21.319,20.658,20.875,129646.501938
1754164800,20.87,21.135,20.684,20.868,26081.031346
1754179200,20.864,21.2,20.576,21.142,33092.216916
1754193600,21.141,21.247,21.07,21.169,19921.918241
1754208000,21.179,21.483,21.155,21.364,36064.950804
1754222400,21.365,21.481,21.237,21.422,42192.573614
1754236800,21.42,21.535,21.31,21.388,17198.901117
1754251200,21.398,21.529,21.272,21.368,18986.545387
1754265600,21.368,21.927,21.343,21.77,49670.511137
1754280000,21.78,21.998,21.73,21.926,32476.742315
1754294400,21.935,22.039,21.723,21.839,34582.556704
1754308800,21.845,22.6,21.78,22.35,96655.063711
1754323200,22.353,22.849,22.261,22.306,106740.602325
1754337600,22.307,23.111,22.263,23.108,93329.740854
1754352000,23.11,23.13,22.654,22.73,41425.589163
1754366400,22.727,22.84,22.15,22.224,102266.214056
1754380800,22.215,22.827,22.175,22.651,48008.2671
1754395200,22.665,22.691,21.633,21.715,111132.726187
1754409600,21.718,21.948,21.634,21.68,37528.75068
1754424000,21.688,21.936,21.431,21.908,28954.11406
1754438400,21.908,21.952,21.611,21.664,53601.041239
1754452800,21.661,22.301,21.574,22.252,61229.895892
1754467200,22.25,22.288,21.903,21.941,52352.483338
1754481600,21.945,22.371,21.773,22.335,77516.6744
1754496000,22.334,22.386,22.014,22.252,59637.718048
1754510400,22.257,22.305,22.098,22.23,11038.589946
1754524800,22.229,22.344,21.981,22.001,11082.051821
1754539200,22.0,22.309,21.95,22.208,110402.470984
1754553600,22.215,22.899,22.203,22.773,115570.175158
1754568000,22.772,22.821,22.503,22.658,83612.26649
1754582400,22.66,22.887,22.189,22.862,44571.195646
1754596800,22.869,23.358,22.841,23.355,106368.001687
1754611200,23.359,23.701,22.992,23.275,746551.321269
1754625600,23.28,23.567,23.039,23.481,87895.981405
1754640000,23.484,23.604,23.314,23.509,67946.015087
1754654400,23.5,23.8,23.05,23.175,79874.946339
1754668800,23.18,23.846,23.16,23.79,84089.4512
1754683200,23.804,23.867,23.675,23.799,25065.549058
1754697600,23.805,24.184,23.737,23.986,84424.436924
1754712000,23.985,24.675,23.937,24.408,104949.024515
1754726400,24.416,24.753,24.35,24.576,39900.715893
1754740800,24.586,24.799,24.038,24.16,61365.213816
1754755200,24.166,24.569,24.166,24.483,42584.415256
1754769600,24.48,24.804,24.165,24.243,80688.596978
1754784000,24.24,24.498,24.048,24.392,52192.742619
1754798400,24.395,24.545,23.462,23.476,86740.942309
1754812800,23.479,23.711,23.261,23.534,93499.008229
1754827200,23.527,24.049,23.46,23.95,41999.637147
1754841600,23.952,24.026,23.739,23.915,28603.14618
1754856000,23.908,23.919,23.545,23.826,79324.633804
1754870400,23.834,24.471,23.671,24.4,78907.444564
1754884800,24.404,24.617,24.04,24.104,89385.35671
1754899200,24.1,24.361,23.292,23.394,85391.287054
1754913600,23.387,23.75,23.081,23.749,88304.317769
1754928000,23.746,24.049,23.113,23.249,68595.82328
1754942400,23.248,23.264,22.654,22.789,49193.645771
1754956800,22.79,23.271,22.74,23.006,22312.407078
1754971200,23.008,23.213,22.806,23.124,20759.355343
1754985600,23.134,23.254,22.764,22.975,61315.612305
1755000000,22.975,24.238,22.878,24.212,182047.888814
1755014400,24.205,24.617,24.14,24.605,164431.66001
1755028800,24.608,24.907,24.55,24.675,74263.4673
1755043200,24.67,25.044,24.374,24.974,125919.208873
1755057600,24.973,25.134,24.423,24.753,73139.818793
1755072000,24.75,25.44,24.744,25.042,197449.520452
1755086400,25.038,25.409,24.74,24.999,149246.697276
1755100800,25.004,25.378,24.975,25.36,72933.766572
1755115200,25.358,25.677,25.219,25.473,77195.544143
1755129600,25.474,25.995,25.243,25.937,129125.252032
1755144000,25.937,25.961,25.093,25.28,131717.627476
1755158400,25.294,25.305,24.74,25.039,81996.950727
1755172800,25.036,25.116,23.263,23.884,363250.462326
1755187200,23.875,23.904,23.362,23.61,87401.164358
1755201600,23.598,23.714,23.184,23.658,49172.448942
1755216000,23.663,24.889,23.62,24.87,149083.59583
1755230400,24.873,25.659,24.619,25.42,302076.471739
1755244800,25.421,25.468,24.568,24.574,113697.313805
1755259200,24.572,24.754,23.576,23.7,215454.711008
1755273600,23.7,24.233,23.462,23.539,177072.129998
1755288000,23.545,24.149,23.471,23.775,53272.519065
1755302400,23.765,24.142,23.71,23.884,38109.890554
1755316800,23.889,24.0,23.63,23.998,28539.064905
1755331200,23.993,24.088,23.573,23.597,40139.634386
1755345600,23.61,24.26,23.571,24.194,62805.075076
1755360000,24.2,24.29,23.904,24.164,29508.861027
1755374400,24.159,24.37,24.134,24.3,24304.949176
1755388800,24.3,24.466,24.024,24.431,17503.87434
1755403200,24.432,24.756,24.416,24.54,49209.354322
1755417600,24.557,24.948,24.489,24.836,56283.155749
1755432000,24.837,25.45,24.577,25.42,54168.308939
1755446400,25.423,25.677,24.925,25.07,177552.021116
1755460800,25.069,25.296,25.006,25.07,19415.168201
1755475200,25.065,25.318,23.707,23.954,147334.780951
1755489600,23.955,24.141,23.44,23.536,141867.242294
1755504000,23.53,23.907,23.346,23.69,59786.380468
1755518400,23.681,24.18,23.389,23.785,88846.082575
1755532800,23.776,24.01,23.415,23.835,74651.166473
1755547200,23.835,24.136,23.566,23.69,78394.668188
1755561600,23.693,24.06,23.06,23.114,91941.518706
1755576000,23.11,23.306,22.927,23.034,67841.494061
1755590400,23.033,23.4,22.865,23.352,32152.215796
1755604800,23.35,23.482,22.675,22.781,125379.449151
1755619200,22.784,22.848,22.348,22.519,66350.290563
1755633600,22.508,22.741,22.308,22.361,40398.694964
1755648000,22.359,22.8,22.235,22.689,29120.577146
1755662400,22.691,22.985,22.689,22.77,17769.700481
1755676800,22.776,23.037,22.55,22.823,36973.713902
1755691200,22.823,23.349,22.356,23.1,107996.109849
1755705600,23.103,23.532,22.954,23.528,75275.099999
1755720000,23.525,23.549,23.344,23.454,27003.205574
1755734400,23.456,23.623,23.157,23.402,56379.406286
1755748800,23.401,23.52,23.202,23.404,19417.374762
1755763200,23.405,23.44,23.011,23.112,32256.420399
1755777600,23.108,23.414,22.91,22.929,70539.542233
1755792000,22.939,23.095,22.724,22.83,46458.049754
1755806400,22.831,23.064,22.715,22.77,21622.101401
1755820800,22.77,23.226,22.673,22.88,39113.10273
1755835200,22.882,23.146,22.804,23.056,42545.755306
1755849600,23.053,23.217,22.571,22.58,60374.918291
1755864000,22.58,24.508,22.193,24.26,354529.33131
1755878400,24.261,25.195,24.261,25.058,160859.361164
1755892800,25.075,25.394,25.043,25.255,84944.673539
1755907200,25.258,25.315,24.476,24.954,79262.227583
1755921600,24.955,25.574,24.92,25.323,108209.695353
1755936000,25.33,26.039,25.203,25.89,153057.981121
1755950400,25.895,26.762,25.552,25.64,295014.790539
1755964800,25.644,25.991,25.236,25.989,95620.300977
1755979200,25.987,26.3,25.716,26.249,52326.356822
1755993600,26.249,26.29,25.857,25.926,39894.972405
1756008000,25.926,25.982,25.449,25.449,38876.833016
1756022400,25.457,25.588,24.932,25.058,44005.624698
1756036800,25.055,25.909,25.025,25.515,53973.407266
1756051200,25.522,26.565,25.234,25.8,166695.257076
1756065600,25.798,25.912,25.176,25.827,68764.936645
1756080000,25.826,25.988,25.162,25.496,67839.864776
1756094400,25.502,25.555,24.168,24.283,94530.395148
1756108800,24.282,24.445,23.981,24.272,83485.735701
1756123200,24.27,24.561,24.07,24.186,58442.679667
1756137600,24.193,24.349,23.509,23.55,87243.07515
1756152000,23.55,23.666,23.039,23.35,127081.108564
1756166400,23.355,23.671,23.093,23.317,45707.776181
1756180800,23.319,23.576,23.112,23.299,49988.948979
1756195200,23.295,23.581,23.206,23.409,28161.526288
1756209600,23.415,23.973,23.163,23.69,83358.027842
1756224000,23.705,24.298,23.637,24.221,41914.258742
1756238400,24.22,24.353,24.019,24.165,41381.382034
1756252800,24.18,24.52,23.865,24.445,35545.121451
1756267200,24.439,24.62,24.151,24.315,48618.582749
1756281600,24.315,24.584,24.234,24.503,39350.614089
1756296000,24.506,25.332,24.465,24.985,175644.938949
1756310400,24.985,25.208,24.531,24.685,78292.798681
1756324800,24.672,25.069,24.368,24.425,163153.083511
1756339200,24.424,24.753,24.25,24.686,47663.53577
1756353600,24.685,24.884,24.531,24.714,45815.290605
1756368000,24.726,24.974,24.389,24.505,74170.188573
1756382400,24.507,25.08,24.403,24.586,256236.409213
1756396800,24.59,24.699,24.155,24.155,65072.888512
1756411200,24.16,24.936,24.128,24.935,67675.648998
1756425600,24.932,25.198,24.623,25.102,83904.964449
1756440000,25.099,25.186,24.062,24.161,206689.562332
1756454400,24.155,24.23,23.49,23.749,90688.568108
1756468800,23.75,24.462,23.392,23.52,217779.293832
1756483200,23.518,23.681,23.2,23.46,73121.61022
1756497600,23.465,23.625,23.22,23.54,29139.567718
1756512000,23.55,23.721,23.1,23.547,48137.696977
1756526400,23.549,23.881,23.537,23.82,44182.36871
1756540800,23.814,23.814,23.521,23.759,25471.39217
1756555200,23.759,23.926,23.366,23.921,52351.645823
1756569600,23.924,23.944,23.618,23.744,23648.468877
1756584000,23.749,23.828,23.574,23.779,13587.426152
1756598400,23.78,24.077,23.77,24.028,22430.364714
1756612800,24.038,24.042,23.787,23.867,32068.618431
1756627200,23.865,24.2,23.822,24.025,33531.803671
1756641600,24.018,24.134,23.845,24.055,24137.030269
1756656000,24.05,24.058,23.795,23.805,17236.501394
1756670400,23.808,23.937,23.381,23.4,43652.988922
1756684800,23.394,23.505,23.055,23.163,75216.895799
1756699200,23.162,23.797,22.856,23.791,64526.191723
1756713600,23.798,24.336,23.689,23.76,104594.600616
1756728000,23.762,23.97,23.578,23.659,72016.970607
1756742400,23.66,23.841,23.387,23.57,40269.523028
1756756800,23.573,23.575,22.671,23.22,132790.871871
1756771200,23.228,23.769,23.033,23.689,62180.642269
1756785600,23.686,24.116,23.61,23.891,71616.65077
1756800000,23.894,24.284,23.821,23.99,67259.004405
1756814400,23.99,24.226,23.508,23.606,176658.923916
1756828800,23.616,24.01,23.591,23.84,52494.731577
1756843200,23.84,24.494,23.807,24.459,66770.449042
1756857600,24.47,24.69,24.266,24.39,52219.872928
1756872000,24.39,24.784,24.302,24.745,52419.707129
1756886400,24.744,25.78,24.737,24.996,168673.736668
1756900800,24.995,25.485,24.888,25.45,76451.405431
1756915200,25.45,25.599,25.156,25.354,43721.379686
1756929600,25.355,25.375,25.139,25.2,15861.932392
1756944000,25.196,25.266,25.037,25.132,30460.269536
1756958400,25.135,25.23,24.664,24.773,62523.679289
1756972800,24.766,24.968,24.58,24.6,78891.339153
1756987200,24.601,24.85,24.54,24.728,69166.262334
1757001600,24.725,24.775,24.179,24.22,58337.102826
1757016000,24.223,24.593,24.197,24.211,22994.086469
1757030400,24.213,24.35,23.865,24.344,114599.234647
1757044800,24.349,24.89,24.222,24.85,52069.144114
1757059200,24.849,24.88,24.585,24.763,55052.764267
1757073600,24.77,25.106,24.146,24.312,151061.045735
1757088000,24.318,24.459,24.18,24.419,45494.700089
1757102400,24.418,24.569,24.208,24.474,66032.449239
1757116800,24.472,24.529,24.295,24.412,18453.507722
1757131200,24.413,24.413,24.204,24.251,16432.735747
1757145600,24.259,24.274,24.088,24.157,22845.1985
1757160000,24.159,24.4,24.124,24.223,34662.819562
1757174400,24.221,24.619,24.182,24.32,67645.272927
1757188800,24.318,24.473,24.314,24.373,21096.118831
1757203200,24.364,24.67,24.33,24.58,10563.173022
1757217600,24.576,24.726,24.485,24.531,28570.383571
1757232000,24.544,24.72,24.385,24.485,32400.414818
1757246400,24.49,24.693,24.393,24.617,25208.712401
1757260800,24.611,24.626,24.26,24.531,26700.680609
1757275200,24.535,24.945,24.46,24.685,38488.873248
1757289600,24.685,25.013,24.534,24.867,45193.140585
1757304000,24.868,25.032,24.62,24.877,60020.53235
1757318400,24.879,25.423,24.875,25.169,67708.348994
1757332800,25.178,25.797,25.055,25.728,96066.016199
1757347200,25.721,25.77,25.327,25.365,34084.133377
1757361600,25.368,25.484,25.198,25.285,49660.36701
1757376000,25.29,25.418,24.902,25.16,70830.087128
1757390400,25.161,26.144,25.04,25.905,100803.118066
1757404800,25.906,26.244,25.853,25.964,73452.934681
1757419200,25.975,26.363,25.615,25.926,200708.973758
1757433600,25.931,26.158,25.801,25.895,108074.653939
1757448000,25.895,26.065,25.804,25.944,51773.301707
1757462400,25.945,26.306,25.754,26.224,97308.270575
1757476800,26.225,27.114,26.139,26.931,210774.410488
1757491200,26.93,26.989,26.385,26.891,137680.957596
1757505600,26.895,28.976,26.89,28.663,503623.191733
1757520000,28.665,29.166,28.39,28.535,274665.636586
1757534400,28.535,29.516,28.476,29.477,160118.185546
1757548800,29.475,29.486,28.81,29.41,131489.036868
1757563200,29.415,29.995,28.54,28.781,210084.029291
1757577600,28.781,29.158,28.718,28.964,127463.550074
1757592000,28.966,29.217,28.3,28.939,303411.238132
1757606400,28.945,29.12,28.831,28.985,48548.44249
1757620800,28.985,29.228,28.728,29.144,58402.651526
1757635200,29.15,29.42,28.721,28.791,82004.608564
1757649600,28.79,29.082,28.455,28.676,141664.921299
1757664000,28.677,28.686,28.327,28.342,49568.8301
1757678400,28.354,28.836,28.231,28.551,77115.157353
1757692800,28.553,28.679,28.41,28.63,68753.926668
1757707200,28.625,28.999,28.512,28.985,96486.89237
1757721600,28.975,30.321,28.739,30.243,208727.808539
1757736000,30.241,31.246,30.103,30.864,267765.793989
1757750400,30.856,31.113,29.98,30.484,190746.429363
1757764800,30.48,30.524,29.681,29.832,135314.321315
1757779200,29.84,29.96,29.255,29.622,85102.991258
1757793600,29.622,30.113,29.61,30.097,32921.994708
1757808000,30.096,30.219,29.739,29.772,69905.514711
1757822400,29.785,30.637,29.627,29.97,140813.90351
1757836800,29.961,30.369,29.623,29.674,42342.881342
1757851200,29.676,29.874,28.971,29.124,202003.702931
1757865600,29.119,29.825,29.066,29.586,89083.649359
1757880000,29.598,30.395,29.337,29.437,199171.370322
1757894400,29.436,29.79,29.223,29.633,57823.057968
1757908800,29.628,30.3,29.051,29.187,141078.264265
1757923200,29.185,29.185,28.23,28.846,250216.209104
1757937600,28.842,29.03,28.318,28.491,97578.454013
1757952000,28.496,29.256,28.301,29.121,61719.545562
1757966400,29.117,30.446,29.071,29.807,230983.663038
1757980800,29.8,29.9,29.318,29.355,100758.923544
1757995200,29.355,30.682,29.173,30.617,181136.638776
1758009600,30.615,31.0,30.371,30.432,249758.999963
1758024000,30.45,30.571,29.666,30.117,175820.764618
1758038400,30.132,30.443,29.896,29.976,103270.939234
1758052800,29.986,30.194,29.901,30.078,49023.865264
1758067200,30.072,30.207,29.724,29.727,50107.013272
1758081600,29.728,30.26,29.527,30.126,65523.243096
1758096000,30.126,30.163,29.83,29.915,56437.718569
1758110400,29.921,30.02,29.391,29.514,101074.309113
1758124800,29.51,30.353,29.392,30.063,285504.804449
1758139200,30.058,31.999,29.758,31.827,370477.692154
1758153600,31.83,33.035,31.637,32.907,370398.674816
1758168000,32.91,33.282,32.39,32.797,201877.358014
1758182400,32.804,33.136,32.655,32.777,103583.991535
1758196800,32.778,33.49,32.704,33.147,163517.975425
1758211200,33.137,34.883,33.097,34.708,308943.925514
1758225600,34.709,35.427,34.586,35.18,290913.633091
1758240000,35.188,35.799,34.734,34.765,332797.41649
1758254400,34.76,34.881,33.913,34.438,230363.745576
1758268800,34.431,34.618,33.759,33.966,190147.45098
1758283200,33.958,34.314,33.506,33.943,229661.987937
1758297600,33.942,34.384,33.762,33.803,177853.327677
1758312000,33.806,33.97,33.333,33.739,116991.65773
1758326400,33.743,34.114,33.486,33.662,153671.744061
1758340800,33.671,34.052,33.637,33.929,113389.453786
1758355200,33.935,33.949,32.861,33.085,118025.872504
1758369600,33.082,34.026,32.907,33.607,180659.530042
1758384000,33.609,33.765,33.01,33.268,95308.380567
1758398400,33.267,33.45,33.109,33.181,41639.084418
1758412800,33.181,33.293,32.8,33.282,100048.99354
1758427200,33.28,33.303,32.879,32.973,91986.671825
1758441600,32.971,33.613,32.591,32.873,129504.711693
1758456000,32.885,33.152,32.825,33.062,103029.382451
1758470400,33.057,33.273,32.628,33.222,74983.649572
1758484800,33.232,33.306,32.979,33.04,101127.017987
1758499200,33.046,33.136,31.284,31.798,348640.309057
1758513600,31.8,31.933,29.252,30.545,414042.460966
1758528000,30.547,31.479,30.471,31.108,174703.018142
1758542400,31.116,32.055,31.045,31.962,363318.708997
1758556800,31.956,32.173,31.366,31.374,341597.614452
1758571200,31.371,33.988,31.329,33.866,396370.41497
1758585600,33.869,35.759,32.741,34.938,600533.248455
1758600000,34.933,35.59,34.009,34.965,392983.608559
1758614400,34.96,35.533,34.264,34.454,227675.775233
1758628800,34.453,36.158,34.07,35.132,519737.909638
1758643200,35.144,35.258,33.647,33.788,401414.335067
1758657600,33.782,34.001,33.428,33.607,225016.896922
1758672000,33.608,34.806,33.21,33.254,299913.878684
1758686400,33.251,34.494,32.925,34.125,225889.266549
1758700800,34.132,34.438,34.0,34.15,174758.94207
1758715200,34.153,34.754,34.115,34.491,250871.47904
1758729600,34.49,34.844,34.22,34.234,285384.075408
1758744000,34.23,34.284,32.26,32.309,342469.86141
1758758400,32.307,32.78,31.703,31.836,321680.995761
1758772800,31.845,31.845,30.657,30.729,379999.800362
1758787200,30.735,31.154,30.437,30.604,250996.573655
1758801600,30.59,30.742,30.05,30.253,356003.789029
1758816000,30.25,30.273,28.861,29.478,355364.51774
1758830400,29.484,29.508,28.54,28.629,176270.677767
1758844800,28.633,29.082,27.917,28.257,235068.69409
1758859200,28.265,28.491,27.632,28.263,172672.581432
1758873600,28.272,28.586,27.413,27.578,227682.68008
1758888000,27.556,27.918,27.062,27.889,343714.185832
1758902400,27.887,29.593,27.819,28.726,548464.483835
1758916800,28.718,29.142,28.598,29.096,203819.649195
1758931200,29.096,29.097,28.65,28.752,94673.698254
1758945600,28.751,28.964,28.606,28.668,56424.669894
1758960000,28.673,28.674,28.285,28.351,78875.509082
1758974400,28.356,28.846,28.232,28.683,153017.675039
1758988800,28.691,28.791,28.401,28.765,122917.988925
1759003200,28.767,28.972,28.6,28.743,113439.219137
1759017600,28.749,28.888,28.2,28.264,139009.868985
1759032000,28.261,28.422,28.08,28.38,65951.552852
1759046400,28.379,28.785,28.032,28.112,90049.219862
1759060800,28.122,28.941,27.926,28.818,165199.649996
1759075200,28.826,29.137,28.812,28.997,181100.5223
1759089600,29.006,30.188,28.952,29.993,213640.535903
1759104000,29.995,30.231,29.419,29.753,149206.127217
1759118400,29.76,29.804,29.25,29.58,138528.088016
1759132800,29.573,30.008,29.135,29.682,226248.147755
1759147200,29.688,30.539,29.152,30.462,252528.213916
1759161600,30.468,30.72,30.037,30.486,248554.823286
1759176000,30.48,30.827,30.36,30.408,77750.613823
1759190400,30.402,30.711,29.849,29.886,224943.584958
1759204800,29.888,29.945,29.433,29.519,120275.319493
1759219200,29.515,29.766,29.205,29.433,136533.092693
1759233600,29.43,29.476,28.834,29.077,196942.877756
1759248000,29.07,30.092,28.819,30.024,152162.238533
1759262400,30.024,30.379,29.772,30.019,148625.466105
1759276800,30.018,30.236,29.623,29.644,83516.81282
1759291200,29.646,30.098,29.617,30.012,89537.596087
1759305600,30.007,31.097,30.006,30.798,252920.463525
1759320000,30.792,30.823,30.358,30.582,255774.956465
1759334400,30.588,30.732,30.469,30.606,132757.131543
1759348800,30.606,30.737,30.438,30.737,163777.38234
1759363200,30.738,31.387,30.481,30.874,311037.608744
1759377600,30.87,30.963,30.571,30.581,147803.347754
1759392000,30.583,30.663,30.422,30.522,136998.221081
1759406400,30.528,30.74,29.472,30.016,507770.542409
1759420800,30.017,31.143,29.94,31.011,194782.593116
1759435200,31.02,31.245,30.81,30.978,114859.318259
1759449600,30.978,31.018,30.453,30.755,119943.885519
1759464000,30.751,30.917,30.09,30.189,131906.907624
1759478400,30.183,30.506,29.999,30.166,160845.880339
1759492800,30.168,31.277,30.038,31.247,201295.339402
1759507200,31.247,31.575,30.456,31.176,401788.929876
1759521600,31.179,31.495,31.126,31.32,126559.499486
1759536000,31.33,31.446,31.055,31.23,133300.578341
1759550400,31.23,31.4,30.784,30.81,51290.020754
1759564800,30.805,30.822,30.257,30.327,70962.467958
1759579200,30.324,30.549,29.86,29.94,165808.685574
1759593600,29.946,30.099,29.877,30.038,79582.090098
1759608000,30.038,30.306,30.028,30.123,59752.655484
1759622400,30.124,30.711,29.819,30.483,137004.979837
1759636800,30.48,31.092,30.372,31.068,149211.395759
1759651200,31.083,31.21,30.059,30.336,123608.438486
1759665600,30.33,30.354,29.964,30.248,109718.68512
1759680000,30.25,30.311,29.68,29.715,81104.204462
1759694400,29.716,30.118,29.642,30.073,64962.736167
1759708800,30.077,30.396,29.939,30.248,101836.100073
1759723200,30.229,30.48,30.119,30.298,99434.560585
1759737600,30.303,30.797,30.303,30.496,61207.090915
1759752000,30.504,30.981,30.424,30.834,124768.828719
1759766400,30.834,31.019,30.636,30.825,79536.339425
1759780800,30.836,30.942,30.509,30.625,124878.631598
1759795200,30.62,30.735,30.305,30.34,45064.025643
1759809600,30.337,30.586,30.045,30.108,58243.297478
1759824000,30.107,30.107,29.523,30.027,115377.887964
1759838400,30.024,30.024,28.44,28.534,317614.710981
1759852800,28.534,28.767,28.08,28.103,123307.155721
1759867200,28.104,28.428,27.818,27.925,89642.467281
1759881600,27.925,28.362,27.865,27.973,88041.756438
1759896000,27.98,28.338,27.843,28.296,37706.826374
1759910400,28.29,28.482,28.17,28.313,45188.679244
1759924800,28.305,28.766,28.205,28.29,72608.488528
1759939200,28.296,29.632,28.247,29.193,200468.044071
1759953600,29.192,29.251,28.768,28.812,87146.013353
1759968000,28.818,28.91,28.108,28.404,50607.814169
1759982400,28.404,28.561,28.279,28.362,21658.500858
1759996800,28.362,28.456,27.971,28.314,67878.987369
1760011200,28.309,28.725,27.839,27.966,97453.926082
1760025600,27.96,28.186,27.572,28.069,77901.362235
1760040000,28.086,28.459,27.972,28.381,72482.93621
1760054400,28.386,28.57,28.268,28.37,56412.099563
1760068800,28.362,28.622,28.196,28.218,64756.850853
1760083200,28.222,28.414,28.037,28.259,31339.646603
1760097600,28.26,28.481,26.615,26.999,356629.850338
1760112000,27.003,27.121,26.059,26.43,242463.235109
1760126400,26.426,26.687,8.349,20.59,3372915.738218
1760140800,20.573,22.852,20.227,21.903,939700.958426
1760155200,21.906,22.656,21.729,22.196,317977.580935
1760169600,22.201,23.371,22.098,22.673,198143.172243
1760184000,22.66,22.954,21.97,22.809,200500.490357
1760198400,22.797,23.15,21.762,21.877,157780.446577
1760212800,21.876,21.951,20.918,21.445,218683.090208
1760227200,21.456,21.48,20.648,21.018,145236.399911
1760241600,21.022,21.561,21.0,21.372,113166.263251
1760256000,21.373,21.453,20.922,21.089,143285.701284
1760270400,21.092,22.553,20.757,22.364,530773.30261
1760284800,22.361,23.135,22.299,23.017,576346.85877
1760299200,23.026,23.336,22.277,22.503,208081.397428
1760313600,22.5,22.59,21.88,22.235,172568.588279
1760328000,22.234,22.888,22.128,22.701,144667.128636
1760342400,22.701,23.054,21.722,22.195,245336.701857
1760356800,22.187,22.951,22.028,22.803,341161.670894
1760371200,22.805,24.059,22.634,23.848,258259.663622
1760385600,23.842,24.041,23.697,23.806,145509.528241
1760400000,23.795,23.894,23.185,23.336,244936.913043
1760414400,23.333,23.373,21.989,22.148,238031.448399
1760428800,22.144,22.755,21.952,22.416,192222.628743
1760443200,22.416,22.847,21.82,22.804,233433.344557
1760457600,22.808,23.162,22.35,22.576,609328.495003
1760472000,22.577,22.851,22.487,22.739,68983.190779
1760486400,22.729,22.904,22.38,22.488,154109.741222
1760500800,22.484,22.994,22.403,22.98,102331.16986
1760515200,22.966,23.286,22.416,22.569,146084.540026
1760529600,22.564,22.591,21.768,21.932,155192.280801
1760544000,21.932,22.156,21.6,21.988,86592.922166
1760558400,21.996,22.089,21.557,21.899,90009.634632
1760572800,21.904,22.14,21.788,21.924,49921.204986
1760587200,21.92,22.099,21.707,21.872,53210.004887
1760601600,21.87,22.316,21.0,22.264,267577.08572
1760616000,22.258,22.395,21.043,21.144,109795.806895
1760630400,21.14,21.518,20.572,20.78,155195.017745
1760644800,20.788,21.02,20.585,20.972,140885.608455
1760659200,20.971,21.264,20.854,20.97,53333.125479
1760673600,20.97,20.985,19.352,19.395,234383.247375
1760688000,19.4,20.036,19.029,19.827,272663.874312
1760702400,19.821,19.995,19.407,19.94,111205.927604
1760716800,19.94,20.242,19.803,19.928,145388.885002
1760731200,19.932,20.313,19.891,19.958,105246.425208
1760745600,19.958,20.21,19.9,20.039,31135.856935
1760760000,20.039,20.421,19.87,20.167,57224.224913
1760774400,20.172,20.359,20.105,20.216,55194.720055
1760788800,20.22,20.313,19.868,20.026,53379.501976
1760803200,20.028,20.193,19.832,20.168,57085.98941
1760817600,20.168,20.284,20.094,20.212,39015.396621
1760832000,20.208,20.29,19.996,20.276,24024.214207
1760846400,20.279,20.289,19.865,19.955,58647.519153
1760860800,19.957,20.611,19.752,20.416,173391.302663
1760875200,20.404,20.836,20.313,20.74,90533.844946
1760889600,20.742,20.853,20.552,20.721,85526.001121
1760904000,20.72,20.827,20.572,20.595,46907.626442
1760918400,20.593,21.078,20.169,21.019,72508.140301
1760932800,21.018,21.212,20.85,20.907,94054.152468
1760947200,20.918,20.95,20.622,20.78,48502.655481
1760961600,20.772,20.866,20.551,20.609,79105.125619
1760976000,20.612,20.612,20.23,20.525,102397.397468
1760990400,20.521,20.629,20.335,20.357,41798.9648
1761004800,20.346,20.371,19.823,19.853,49705.924901
1761019200,19.856,19.857,19.47,19.776,81165.807028
1761033600,19.776,20.025,19.603,19.988,40276.319
1761048000,19.984,20.845,19.816,20.765,178090.398534
1761062400,20.771,20.841,20.234,20.404,129670.895368
1761076800,20.404,20.424,19.484,19.544,119925.719966
1761091200,19.545,19.656,19.351,19.452,126373.008003
1761105600,19.451,19.653,19.289,19.568,96306.986163
1761120000,19.571,19.685,19.108,19.584,102708.585604
1761134400,19.58,19.723,19.255,19.543,114913.045783
1761148800,19.536,19.591,18.839,19.081,117350.874756
1761163200,19.076,19.123,18.413,19.015,190463.380505
1761177600,19.02,19.207,18.98,19.113,39199.523353
1761192000,19.117,19.572,19.1,19.542,58323.967188
1761206400,19.544,19.615,19.399,19.415,61939.457896
1761220800,19.408,19.624,19.253,19.544,109403.952762
1761235200,19.551,19.739,19.366,19.38,79847.073443
1761249600,19.376,19.379,18.989,19.132,88822.469656
1761264000,19.134,19.281,19.028,19.217,47667.663916
1761278400,19.223,19.655,19.181,19.488,85100.678753
1761292800,19.505,19.672,19.365,19.496,38487.355922
1761307200,19.508,19.955,19.225,19.267,146042.715268
1761321600,19.271,19.57,19.129,19.519,111163.450277
1761336000,19.521,19.643,19.477,19.505,52887.848744
1761350400,19.494,19.522,19.33,19.34,32419.54612
1761364800,19.336,19.458,19.3,19.358,34030.223406
1761379200,19.357,19.449,19.244,19.343,21043.30054
1761393600,19.342,19.562,19.325,19.528,47649.071859
1761408000,19.527,19.833,19.46,19.744,33009.849486
1761422400,19.747,19.772,19.65,19.72,34676.71889
1761436800,19.72,19.805,19.34,19.383,59286.424261
1761451200,19.388,19.72,19.369,19.708,55052.087583
1761465600,19.706,20.405,19.706,20.373,189135.804177
1761480000,20.373,20.674,20.27,20.418,131373.869493
1761494400,20.411,20.42,20.205,20.312,38467.967891
1761508800,20.312,20.954,20.101,20.826,108685.796447
1761523200,20.828,21.037,20.733,20.808,74956.868995
1761537600,20.806,21.098,20.672,20.808,82836.369583
1761552000,20.808,20.907,20.424,20.556,64689.826604
1761566400,20.563,20.576,20.246,20.449,93210.260188
1761580800,20.46,20.796,20.46,20.601,108612.713837
1761595200,20.6,20.643,20.173,20.33,174742.202173
1761609600,20.328,20.476,20.145,20.232,78737.285218
1761624000,20.22,20.492,19.986,20.303,81333.901035
1761638400,20.312,20.523,20.161,20.189,91873.718691
1761652800,20.188,20.489,19.761,20.003,190634.321251
1761667200,19.996,20.18,19.562,19.636,183616.487202
1761681600,19.636,19.636,19.138,19.472,212856.08137
1761696000,19.469,19.546,19.365,19.461,41004.739832
1761710400,19.453,19.641,19.448,19.605,21809.826969
1761724800,19.604,19.765,19.436,19.728,27789.128644
1761739200,19.731,19.859,19.356,19.442,132634.634106
1761753600,19.436,20.204,19.312,19.928,241695.519629
1761768000,19.952,20.168,19.553,19.66,115076.402996
1761782400,19.665,19.97,19.517,19.848,55059.947188
1761796800,19.839,19.888,19.059,19.843,100542.86308
1761811200,19.844,19.896,19.2,19.236,53303.661865
1761825600,19.236,19.251,18.147,18.23,278925.966154
1761840000,18.23,18.328,17.526,17.595,343785.388598
1761854400,17.596,18.147,17.546,18.123,121440.239973
1761868800,18.122,18.404,18.064,18.27,89401.358058
1761883200,18.265,18.476,18.232,18.257,53008.530938
1761897600,18.255,18.532,18.212,18.508,50224.874412
1761912000,18.499,18.584,18.26,18.277,101624.234812
1761926400,18.276,18.378,17.788,18.275,141516.078238
1761940800,18.272,18.282,18.051,18.2,37633.063975
1761955200,18.2,18.453,18.088,18.417,38224.309124
1761969600,18.423,18.525,18.294,18.508,27569.38233
1761984000,18.506,18.716,18.446,18.664,77438.307406
1761998400,18.672,18.737,18.416,18.64,43968.555551
1762012800,18.644,18.736,18.563,18.642,28648.132416
1762027200,18.657,18.737,18.504,18.726,29154.058549
1762041600,18.724,18.814,18.631,18.683,17958.394445
1762056000,18.687,19.013,18.672,18.967,31669.674975
1762070400,18.967,19.002,18.592,18.836,70271.226331
1762084800,18.84,18.851,18.193,18.284,47679.006432
1762099200,18.278,18.318,18.095,18.159,37376.536964
1762113600,18.168,18.909,18.1,18.811,93284.448359
1762128000,18.811,18.912,17.5,17.54,118977.054892
1762142400,17.543,17.776,17.17,17.48,166639.67164
1762156800,17.476,17.637,17.195,17.472,94476.277332
1762171200,17.483,17.695,15.909,16.368,475337.982327
1762185600,16.372,17.105,16.29,16.788,231187.328126
1762200000,16.789,16.823,16.421,16.66,104694.903971
1762214400,16.66,17.0,16.476,16.912,111488.131864
1762228800,16.913,17.012,15.973,16.165,275823.842521
1762243200,16.152,16.802,16.09,16.73,118779.941429
1762257600,16.721,16.855,16.323,16.423,104945.240764
1762272000,16.422,16.486,15.323,15.592,165441.546571
1762286400,15.604,16.192,14.995,15.989,370353.77598
1762300800,15.988,16.48,15.289,16.438,165732.420924
1762315200,16.432,16.634,16.325,16.544,83172.174399
1762329600,16.548,16.588,16.229,16.559,61559.791712
1762344000,16.56,16.812,16.471,16.761,130921.025913
1762358400,16.761,16.998,16.576,16.779,94290.554808
1762372800,16.782,16.848,16.56,16.611,82307.961605
1762387200,16.608,16.703,16.38,16.644,99933.582572
1762401600,16.644,16.735,16.228,16.288,49538.48105
1762416000,16.286,16.435,16.201,16.287,55596.07057
1762430400,16.287,16.42,15.782,15.853,121070.932172
1762444800,15.852,16.184,15.603,16.124,111115.590997
1762459200,16.128,16.223,15.929,16.127,79780.807112
1762473600,16.13,16.519,16.053,16.457,62201.157712
1762488000,16.46,16.939,16.34,16.925,62141.201882
1762502400,16.919,17.032,16.27,16.474,149406.594434
1762516800,16.465,16.886,16.091,16.813,186880.824192
1762531200,16.813,17.966,16.745,17.825,357489.456842
1762545600,17.819,18.057,17.662,17.751,221141.441398
1762560000,17.747,18.409,17.679,17.845,146446.793818
1762574400,17.845,18.089,17.568,17.854,95662.20744
1762588800,17.868,17.996,17.663,17.8,84498.266684
1762603200,17.779,17.789,17.094,17.142,113029.886991
1762617600,17.143,17.378,17.018,17.288,115699.057534
1762632000,17.29,17.5,17.249,17.493,13972.224508
1762646400,17.5,17.521,16.803,16.894,85182.62487
1762660800,16.894,17.138,16.885,17.138,44470.190634
1762675200,17.132,17.352,16.883,17.275,67102.716659
1762689600,17.266,17.883,17.237,17.702,113807.217531
1762704000,17.689,17.894,17.46,17.894,55624.951687
1762718400,17.894,17.912,17.594,17.783,56427.646699
1762732800,17.768,18.132,17.645,17.99,109664.985218
1762747200,17.991,18.124,17.892,17.994,42669.83847
1762761600,18.004,18.303,17.785,18.098,107662.558617
1762776000,18.115,18.339,17.8,17.934,185415.124913
1762790400,17.948,18.141,17.704,18.006,72271.811165
1762804800,18.015,18.359,17.821,18.181,101150.273182
1762819200,18.185,18.605,17.978,18.345,161281.327665
1762833600,18.35,18.381,17.535,17.557,116163.182722
1762848000,17.553,17.873,17.494,17.799,60899.404784
1762862400,17.793,17.889,17.568,17.628,128667.320378
1762876800,17.628,17.726,17.236,17.263,149680.201547
1762891200,17.263,17.285,16.966,17.001,109217.534563
1762905600,17.008,17.166,16.91,17.115,39958.305697
1762920000,17.114,17.462,17.069,17.143,73194.482191
1762934400,17.143,17.649,17.143,17.56,109037.514353
1762948800,17.558,17.765,16.981,17.029,157549.713921
1762963200,17.031,17.088,16.631,16.789,211199.453649
1762977600,16.785,16.985,16.745,16.813,75853.56891
1762992000,16.816,17.649,16.796,17.452,160156.484435
1763006400,17.446,17.688,17.285,17.401,102289.126948
1763020800,17.401,17.532,17.218,17.272,54080.680791
1763035200,17.276,17.436,16.887,16.961,162003.050391
1763049600,16.958,17.035,15.91,15.979,210254.279716
1763064000,15.976,16.328,15.762,16.101,151085.520521
1763078400,16.099,16.18,15.885,15.932,122077.497651
1763092800,15.931,16.086,15.345,15.929,226200.9979
1763107200,15.94,15.94,15.316,15.398,114352.469148
1763121600,15.392,15.664,15.081,15.51,247087.357825
1763136000,15.52,15.727,15.326,15.661,123588.83947
1763150400,15.664,15.667,14.837,15.132,87061.145928
1763164800,15.123,15.617,15.111,15.594,30465.521184
1763179200,15.597,15.73,15.522,15.633,55820.924421
1763193600,15.632,15.642,15.324,15.458,59179.134934
1763208000,15.454,15.693,15.423,15.621,32686.482996
1763222400,15.613,15.782,15.495,15.694,45400.705836
1763236800,15.699,15.717,15.447,15.531,20689.602135
1763251200,15.526,15.714,15.267,15.69,49465.314296
1763265600,15.693,15.78,15.591,15.738,25506.595879
1763280000,15.745,15.859,15.42,15.444,52813.482349
1763294400,15.45,15.568,15.065,15.08,93275.63513
1763308800,15.079,15.199,14.618,14.936,188149.327358
1763323200,14.943,15.257,14.725,15.141,116351.021988
1763337600,15.142,15.693,14.981,15.547,97174.91455
1763352000,15.548,15.773,15.514,15.633,63005.975657
1763366400,15.641,15.724,15.59,15.624,54946.890186
1763380800,15.622,15.832,15.112,15.252,166376.584603
1763395200,15.25,15.374,14.315,14.37,185269.100892
1763409600,14.376,14.719,14.269,14.527,102541.243292
1763424000,14.527,14.571,14.035,14.493,211489.338271
1763438400,14.495,14.687,14.33,14.536,125873.854648
1763452800,14.533,14.734,14.533,14.588,72029.764426
1763467200,14.59,14.82,14.369,14.735,137887.740705
1763481600,14.731,14.918,14.663,14.733,194418.199506
1763496000,14.731,14.795,14.502,14.59,81261.271947
1763510400,14.589,14.698,14.388,14.442,72487.03792
1763524800,14.434,14.465,13.943,14.355,160809.121419
1763539200,14.355,14.601,14.253,14.444,97646.444099
1763553600,14.442,14.577,14.03,14.057,103784.944826
1763568000,14.058,14.156,13.698,13.778,177830.599751
1763582400,13.778,14.347,13.738,14.288,160032.301864
1763596800,14.286,14.401,14.223,14.345,63693.936505
1763611200,14.344,14.449,14.233,14.362,104942.489715
1763625600,14.367,14.414,14.222,14.408,104991.534103
1763640000,14.412,14.535,14.203,14.226,258129.982659
1763654400,14.224,14.242,13.497,13.765,315714.574291
1763668800,13.764,13.994,13.639,13.812,139213.239328
1763683200,13.81,13.994,13.682,13.776,101112.118129
1763697600,13.77,13.784,12.517,13.177,330852.439631
1763712000,13.177,13.428,12.868,12.924,238445.105604
1763726400,12.927,13.32,12.638,13.002,245079.584617
1763740800,13.003,13.462,12.837,13.291,245990.491395
1763755200,13.291,13.371,13.19,13.284,325525.713459
1763769600,13.288,13.334,13.246,13.282,208701.740076
1763784000,13.283,13.339,13.22,13.291,160928.038775
1763798400,13.296,13.348,13.159,13.276,127260.623701
1763812800,13.273,13.283,13.03,13.187,121120.323833
1763827200,13.188,13.281,13.169,13.232,51695.889286
1763841600,13.235,13.39,13.192,13.241,160491.432896
1763856000,13.24,13.395,13.212,13.345,103198.966262
1763870400,13.349,13.445,13.236,13.297,112644.462224
1763884800,13.299,13.377,13.228,13.294,116928.691186
1763899200,13.295,13.434,13.273,13.417,140189.828595
1763913600,13.415,13.445,13.275,13.38,103865.232739
1763928000,13.38,13.47,13.272,13.278,115856.082468
1763942400,13.271,13.502,13.161,13.453,277977.565277
1763956800,13.458,13.59,13.293,13.446,220133.550327
1763971200,13.445,13.466,13.274,13.398,121730.437222
1763985600,13.388,13.585,13.258,13.504,178721.948199
1764000000,13.512,14.006,13.508,13.917,271891.204673
1764014400,13.918,14.046,13.866,13.894,98295.410101
1764028800,13.894,13.952,13.845,13.906,121252.219008
1764043200,13.905,13.947,13.823,13.88,137641.446066
1764057600,13.883,13.942,13.778,13.902,78142.753297
1764072000,13.904,13.946,13.7,13.916,133958.237986
1764086400,13.918,13.995,13.895,13.995,326361.307651
1764100800,13.995,14.379,13.973,14.176,118079.916614
1764115200,14.177,14.337,14.022,14.034,93929.348221
1764129600,14.033,14.091,14.0,14.09,153523.465672
1764144000,14.084,14.09,13.973,14.002,174525.393298
1764158400,14.007,14.014,13.906,13.973,273512.81467
1764172800,13.97,14.603,13.957,14.545,223178.498233
1764187200,14.544,14.952,14.509,14.951,202067.383121
1764201600,14.958,15.013,14.893,14.916,163363.334773
1764216000,14.918,14.975,14.876,14.953,107062.010759
1764230400,14.952,14.974,14.866,14.935,49298.530576
1764244800,14.934,14.981,14.902,14.959,233334.322753
1764259200,14.959,15.157,14.942,15.033,168128.029128
1764273600,15.032,15.072,14.98,15.021,130695.618608
1764288000,15.022,15.07,15.005,15.049,157825.136886
1764302400,15.05,15.086,15.004,15.011,186423.164571
1764316800,15.011,15.122,14.792,15.024,141845.901568
1764331200,15.024,15.264,14.997,15.096,164242.967101
1764345600,15.099,15.104,14.809,14.881,314985.91384
1764360000,14.879,14.895,14.797,14.847,135598.57594
1764374400,14.848,14.888,14.823,14.857,27039.220189
1764388800,14.857,14.909,14.665,14.679,60334.993037
1764403200,14.678,14.892,14.643,14.876,76892.384502
1764417600,14.876,14.887,14.744,14.855,92272.899614
1764432000,14.855,14.861,14.374,14.457,170732.624002
1764446400,14.457,14.457,14.186,14.256,198438.158859
1764460800,14.256,14.334,14.135,14.212,48451.061206
1764475200,14.212,14.219,13.985,14.144,46975.695296
1764489600,14.143,14.224,14.048,14.076,29672.213141
1764504000,14.073,14.309,14.057,14.166,65105.432999
1764518400,14.171,14.285,13.832,14.003,210942.382724
1764532800,13.998,14.029,13.658,13.715,129792.8495
1764547200,13.716,13.738,12.944,12.96,315065.942604
1764561600,12.961,13.095,12.88,13.08,107049.042728
1764576000,13.078,13.109,12.947,12.949,49982.565576
1764590400,12.947,12.979,12.614,12.7,198780.76583
1764604800,12.7,12.78,12.554,12.62,96485.338533
1764619200,12.618,12.864,12.6,12.755,67434.42471
1764633600,12.755,13.019,12.714,12.948,95525.213115
1764648000,12.95,13.039,12.865,13.025,66840.034019
1764662400,13.025,13.131,12.878,12.904,182148.756473
1764676800,12.911,13.726,12.845,13.679,301656.784781
1764691200,13.675,13.743,13.544,13.646,117283.14936
1764705600,13.649,13.757,13.566,13.627,59375.084125
1764720000,13.632,13.85,13.584,13.815,87139.019487
1764734400,13.815,14.354,13.799,14.13,218176.039642
1764748800,14.13,14.186,14.005,14.069,75583.480373
1764763200,14.069,14.294,13.879,14.167,205024.455954
1764777600,14.172,14.499,14.071,14.494,128703.745143
1764792000,14.498,15.079,14.416,14.787,238409.300651
1764806400,14.788,14.882,14.682,14.724,134124.666825
1764820800,14.725,14.759,14.69,14.722,194662.836181
1764835200,14.722,14.782,14.701,14.744,174772.156909
1764849600,14.743,14.859,14.638,14.742,398901.327596
1764864000,14.742,14.767,14.21,14.431,330475.817099
1764878400,14.431,14.504,14.361,14.402,87641.930202
1764892800,14.402,14.523,14.389,14.453,130915.438809
1764907200,14.453,14.479,14.328,14.37,68872.36897
1764921600,14.372,14.372,13.77,13.806,247900.09629
1764936000,13.805,13.872,13.577,13.68,263816.031004
1764950400,13.678,13.678,13.193,13.417,385362.350092
1764964800,13.416,13.426,13.109,13.211,133064.241452
1764979200,13.212,13.39,13.15,13.321,113633.21478
1764993600,13.322,13.323,13.208,13.235,48824.821887
1765008000,13.236,13.318,13.169,13.226,32285.604409
1765022400,13.225,13.351,13.172,13.32,51260.75396
1765036800,13.316,13.481,13.281,13.313,147315.174121
1765051200,13.313,13.465,13.299,13.404,72402.638664
1765065600,13.404,13.551,13.404,13.499,54206.835158
1765080000,13.5,13.516,13.371,13.403,44843.188353
1765094400,13.402,13.434,13.313,13.35,22589.461243
1765108800,13.347,13.443,12.945,13.422,196766.933329
1765123200,13.421,13.849,13.304,13.755,256920.989506
1765137600,13.756,13.819,13.271,13.487,140039.083468
1765152000,13.486,13.664,13.377,13.542,96284.758553
1765166400,13.542,13.731,13.537,13.687,88515.816385
1765180800,13.689,13.915,13.661,13.744,88261.225851
1765195200,13.748,13.827,13.519,13.585,123104.791774
1765209600,13.585,13.719,13.487,13.555,127363.54608
1765224000,13.555,13.749,13.547,13.644,98630.593825
1765238400,13.642,13.738,13.527,13.734,75098.144969
1765252800,13.735,13.777,13.545,13.727,167867.296109
1765267200,13.731,13.772,13.504,13.6,67841.812264
1765281600,13.597,14.181,13.555,14.132,261801.849737
1765296000,14.141,14.729,14.141,14.624,607643.726693
1765310400,14.623,14.666,14.478,14.603,233151.761358
1765324800,14.608,14.644,14.564,14.611,69121.443072
1765339200,14.619,14.629,14.559,14.614,32898.810886
1765353600,14.616,14.666,14.172,14.263,245115.223487
1765368000,14.264,14.326,14.152,14.244,107980.107043
1765382400,14.244,14.672,14.205,14.556,224153.898922
1765396800,14.557,14.825,14.081,14.118,291031.207896
1765411200,14.115,14.115,13.272,13.308,372915.857717
1765425600,13.307,13.484,13.24,13.386,152130.438192
1765440000,13.387,13.419,13.244,13.322,144393.742212
1765454400,13.321,13.358,12.925,13.004,303400.454228
1765468800,13.004,13.382,12.889,13.252,182120.819874
1765483200,13.248,13.615,13.238,13.418,139859.878472
1765497600,13.419,13.745,13.328,13.607,75214.463924
1765512000,13.607,13.794,13.555,13.653,67823.749062
1765526400,13.656,13.68,13.49,13.561,40552.495761
1765540800,13.559,13.654,12.817,12.903,203893.963553
1765555200,12.901,13.206,12.809,13.078,185338.249965
1765569600,13.078,13.169,13.032,13.107,55518.922285
1765584000,13.11,13.246,13.094,13.212,86482.198046
1765598400,13.214,13.457,13.198,13.332,114486.967361
1765612800,13.333,13.477,13.333,13.381,41044.049229
1765627200,13.382,13.403,13.225,13.368,60371.739284
1765641600,13.366,13.419,13.323,13.391,40807.388624
1765656000,13.392,13.401,13.243,13.377,34528.263665
1765670400,13.376,13.395,13.297,13.305,17762.376279
1765684800,13.303,13.319,13.185,13.244,25777.636961
1765699200,13.244,13.285,12.963,13.063,67114.386859
1765713600,13.062,13.141,12.981,13.027,67376.918339
1765728000,13.026,13.116,12.912,12.981,53284.541244
1765742400,12.979,13.025,12.723,12.878,72822.679373
1765756800,12.88,13.272,12.861,13.08,93259.885172
1765771200,13.089,13.328,13.086,13.196,73503.333278
1765785600,13.196,13.356,13.175,13.221,52063.500494
1765800000,13.221,13.222,12.433,12.505,273677.515132
1765814400,12.503,12.535,12.199,12.398,247229.252701
1765828800,12.396,12.396,12.252,12.346,89351.256025
1765843200,12.346,12.357,12.17,12.265,56449.746479
1765857600,12.27,12.338,12.058,12.198,89116.371585
1765872000,12.195,12.402,12.147,12.357,118857.125863
1765886400,12.36,12.405,11.919,12.36,320294.090041
1765900800,12.362,12.377,12.141,12.286,68265.206407
1765915200,12.285,12.379,12.272,12.344,41492.734139
1765929600,12.344,12.392,12.281,12.303,31767.665506
1765944000,12.305,12.321,12.071,12.225,71510.607829
1765958400,12.224,12.224,12.053,12.175,29116.227802
1765972800,12.172,12.66,12.074,12.16,327182.947554
1765987200,12.152,12.237,11.706,11.886,217264.95299
1766001600,11.887,11.988,11.787,11.865,64623.134447
1766016000,11.865,11.892,11.689,11.738,28022.520556
1766030400,11.74,11.799,11.659,11.76,34439.594929
1766044800,11.763,11.803,11.681,11.725,52857.979781
1766059200,11.727,12.32,11.692,12.187,189559.987337
1766073600,12.193,12.196,11.277,11.303,197342.222648
1766088000,11.3,11.577,11.299,11.441,85095.121915
1766102400,11.442,11.817,11.271,11.74,129417.614693
1766116800,11.742,12.087,11.613,11.935,124937.348057
1766131200,11.935,12.035,11.882,11.988,56265.559688
1766145600,11.99,12.412,11.945,12.188,135991.591802
1766160000,12.19,12.464,12.071,12.335,148079.89269
1766174400,12.336,12.394,12.248,12.26,81303.142992
1766188800,12.258,12.296,12.198,12.26,32977.702232
1766203200,12.263,12.343,12.205,12.335,24071.635354
1766217600,12.34,12.379,12.251,12.317,38855.977802
1766232000,12.315,12.323,12.172,12.277,56710.920136
1766246400,12.282,12.314,12.236,12.267,26339.775148
1766260800,12.266,12.289,12.129,12.214,47242.351643
1766275200,12.215,12.255,12.093,12.191,35621.945763
1766289600,12.189,12.2,12.117,12.127,13683.327798
1766304000,12.123,12.344,12.103,12.246,54833.947515
1766318400,12.248,12.289,11.958,12.097,111617.478788
1766332800,12.095,12.177,12.005,12.13,38497.59716
1766347200,12.128,12.256,11.986,12.149,36766.106203
1766361600,12.15,12.42,12.012,12.2,117438.285512
1766376000,12.201,12.267,12.129,12.193,17948.395748
1766390400,12.192,12.376,12.163,12.358,73059.046139
1766404800,12.359,12.449,12.277,12.372,82851.887022
1766419200,12.373,12.405,12.125,12.145,44321.333347
1766433600,12.142,12.441,12.082,12.418,138348.302612
1766448000,12.42,12.55,12.334,12.409,85303.932068
1766462400,12.404,12.43,12.126,12.197,93744.90758
1766476800,12.196,12.328,12.159,12.293,92105.944134
1766491200,12.292,12.292,11.835,11.955,311757.966213
1766505600,11.95,12.19,11.917,12.117,62232.364437
1766520000,12.12,12.345,12.081,12.185,112181.812809
1766534400,12.184,12.23,11.965,12.071,83630.086662
1766548800,12.072,12.142,11.937,11.98,69477.995895
1766563200,11.978,12.132,11.963,12.104,65877.066707
1766577600,12.101,12.14,11.886,12.015,92148.467703
1766592000,12.013,12.091,11.907,12.035,83358.06335
1766606400,12.037,12.151,12.026,12.106,46776.572441
1766620800,12.107,12.226,12.055,12.159,70278.762102
1766635200,12.16,12.265,12.151,12.253,46809.875259
1766649600,12.251,12.355,12.116,12.154,61708.513742
1766664000,12.152,12.406,12.147,12.352,36881.712296
1766678400,12.355,12.552,12.349,12.477,162082.614116
1766692800,12.48,12.501,12.051,12.086,106035.13749
1766707200,12.08,12.619,12.034,12.532,214947.587725
1766721600,12.533,12.577,12.395,12.413,49027.753582
1766736000,12.415,12.507,12.402,12.46,68512.940331
1766750400,12.463,12.501,12.141,12.237,187712.375769
1766764800,12.238,12.384,12.168,12.38,71025.673043
1766779200,12.379,12.399,12.318,12.348,51525.549641
1766793600,12.349,12.422,12.335,12.421,72011.970866
1766808000,12.422,12.475,12.39,12.458,30253.801782
1766822400,12.458,12.493,12.396,12.469,32939.327016
1766836800,12.471,12.583,12.44,12.561,45752.111761
1766851200,12.561,12.606,12.513,12.534,52504.061241
1766865600,12.536,12.802,12.533,12.702,73371.233375
1766880000,12.698,12.9,12.698,12.787,112191.396761
1766894400,12.788,12.854,12.771,12.798,34688.087954
1766908800,12.8,12.86,12.677,12.697,40400.219614
1766923200,12.697,12.778,12.586,12.738,61479.662805
1766937600,12.739,12.759,12.578,12.588,37369.003617
1766952000,12.584,12.661,12.533,12.645,24247.428572
1766966400,12.649,13.126,12.63,13.092,185513.22225
1766980800,13.093,13.199,12.92,13.014,131563.1299
1766995200,13.017,13.054,12.67,12.726,128793.943619
1767009600,12.726,12.738,12.456,12.699,189387.364911
1767024000,12.698,12.717,12.489,12.5,77429.090104
1767038400,12.5,12.532,12.347,12.37,135549.893719
1767052800,12.37,12.424,12.325,12.405,91922.891204
1767067200,12.404,12.455,12.367,12.428,42741.923298
1767081600,12.428,12.558,12.428,12.51,71031.648198
1767096000,12.511,12.602,12.442,12.59,94093.223668
1767110400,12.592,12.645,12.462,12.503,86508.239354
1767124800,12.503,12.587,12.46,12.584,73881.655334
1767139200,12.582,12.72,12.508,12.599,42119.516893
1767153600,12.603,12.637,12.523,12.549,21823.993192
1767168000,12.546,12.584,12.481,12.583,67449.721428
1767182400,12.581,12.678,12.44,12.472,115326.421652
1767196800,12.473,12.479,12.208,12.32,383944.436598
1767211200,12.319,12.392,12.263,12.313,75246.75142
1767225600,12.315,12.376,12.28,12.288,23272.733933
1767240000,12.289,12.298,12.233,12.281,18275.877259
1767254400,12.281,12.384,12.27,12.378,50740.734721
1767268800,12.378,12.567,12.342,12.525,182365.355032
1767283200,12.527,13.582,12.499,13.551,524586.914977
1767297600,13.551,13.693,13.398,13.584,285589.563815
1767312000,13.585,13.858,13.517,13.738,218641.102722
1767326400,13.738,13.749,13.378,13.392,88795.312269
1767340800,13.396,13.584,13.344,13.39,143919.981074
1767355200,13.39,13.474,13.089,13.29,298827.929376
1767369600,13.291,13.668,13.272,13.65,115610.633215
1767384000,13.651,13.984,13.567,13.815,106613.462426
1767398400,13.812,14.283,13.784,14.256,202683.575656
1767412800,14.255,14.277,13.663,13.725,149091.166353
1767427200,13.726,14.009,13.711,13.985,46876.535767
1767441600,13.985,14.393,13.833,13.866,184889.64479
1767456000,13.867,13.971,13.788,13.858,53322.216656
1767470400,13.86,14.016,13.801,13.985,37059.044918
1767484800,13.986,14.094,13.904,14.01,53093.036262
1767499200,14.01,14.14,13.95,14.04,64048.75634
1767513600,14.039,14.102,13.973,14.079,76919.935509
1767528000,14.073,14.214,14.017,14.191,79549.641963
1767542400,14.191,14.303,14.0,14.139,63812.83262
1767556800,14.139,14.499,14.12,14.246,87664.401798
1767571200,14.241,14.528,14.208,14.394,99284.336737
1767585600,14.393,14.415,14.08,14.274,121312.362727
1767600000,14.276,14.369,14.131,14.207,84924.286948
1767614400,14.204,14.286,14.033,14.181,160774.877899
1767628800,14.182,14.355,13.906,14.274,198278.461353
1767643200,14.273,14.72,14.259,14.453,145528.668333
1767657600,14.455,14.749,14.247,14.432,117853.459665
1767672000,14.431,14.566,14.24,14.273,115934.220016
1767686400,14.277,14.529,14.247,14.529,53894.155902
1767700800,14.53,14.835,14.414,14.538,270688.735131
1767715200,14.537,14.608,14.279,14.48,489690.546781
1767729600,14.479,14.771,14.456,14.597,156705.155403
1767744000,14.595,14.595,14.396,14.477,70547.601902
1767758400,14.477,14.539,14.42,14.521,109913.381282
1767772800,14.522,14.558,14.426,14.495,195433.712142
1767787200,14.499,14.504,13.946,14.009,315957.38956
1767801600,14.008,14.154,13.874,14.112,154724.305692
1767816000,14.11,14.185,14.002,14.117,45997.192626
1767830400,14.125,14.244,13.998,14.025,106933.258374
1767844800,14.026,14.14,13.669,13.9,135685.849773
1767859200,13.901,13.978,13.684,13.897,115689.464346
1767873600,13.894,13.949,13.585,13.934,135921.254179
1767888000,13.934,14.041,13.824,13.852,53320.950864
1767902400,13.852,13.999,13.729,13.886,56479.263866
1767916800,13.886,14.058,13.85,13.989,52513.177032
1767931200,13.989,14.033,13.913,13.93,34726.03893
1767945600,13.933,13.95,13.634,13.77,61323.605444
1767960000,13.766,14.17,13.609,13.975,138404.463279
1767974400,13.975,14.225,13.691,13.747,111799.475779
1767988800,13.742,13.858,13.723,13.791,35346.565268
1768003200,13.79,13.805,13.654,13.699,29338.586516
1768017600,13.698,13.835,13.646,13.815,30584.45117
1768032000,13.816,13.869,13.755,13.864,36866.93941
1768046400,13.864,13.88,13.801,13.835,29437.463748
1768060800,13.833,13.944,13.811,13.862,29349.216652
1768075200,13.863,13.882,13.689,13.735,27597.249169
1768089600,13.736,13.747,13.684,13.725,42532.574583
1768104000,13.721,13.832,13.711,13.818,26565.018718
1768118400,13.819,13.842,13.765,13.816,38090.400335
1768132800,13.815,13.985,13.751,13.807,37883.678178
1768147200,13.808,13.989,13.791,13.843,47761.458328
1768161600,13.837,13.837,13.477,13.703,78190.586482
1768176000,13.706,14.221,13.606,13.986,157826.407228
1768190400,13.986,14.051,13.735,13.74,71176.663498
1768204800,13.739,13.806,13.506,13.654,88866.011515
1768219200,13.65,13.912,13.381,13.876,131007.381409
1768233600,13.876,13.997,13.619,13.72,93694.605014
1768248000,13.718,13.772,13.471,13.515,44303.062398
1768262400,13.516,13.611,13.475,13.581,66603.493471
1768276800,13.58,13.825,13.58,13.715,79154.435011
1768291200,13.716,13.862,13.714,13.769,36996.476058
1768305600,13.765,14.369,13.725,14.365,247172.293686
1768320000,14.366,14.619,14.366,14.517,405784.764182
1768334400,14.524,14.854,14.472,14.751,187014.926272
1768348800,14.753,14.801,14.707,14.765,59115.369413
1768363200,14.765,14.772,14.666,14.684,112241.496799
1768377600,14.686,14.745,14.499,14.515,91232.095756
1768392000,14.515,14.767,14.412,14.76,206205.869674
1768406400,14.763,14.948,14.405,14.642,191803.311279
1768420800,14.641,14.74,14.558,14.61,48402.032349
1768435200,14.617,14.63,14.125,14.15,97091.563319
1768449600,14.149,14.377,14.131,14.348,82233.390347
1768464000,14.349,14.471,14.297,14.305,96491.494705
1768478400,14.297,14.425,13.808,14.059,132361.194569
1768492800,14.054,14.075,13.637,13.747,177519.317028
1768507200,13.745,13.835,13.617,13.827,114142.243436
1768521600,13.821,13.855,13.712,13.75,73527.562426
1768536000,13.749,13.839,13.688,13.811,47618.56039
1768550400,13.814,13.866,13.731,13.79,46460.373571
1768564800,13.795,13.811,13.331,13.407,112691.541074
1768579200,13.405,13.459,13.193,13.405,203215.7557
1768593600,13.405,13.663,13.298,13.593,72857.70415
1768608000,13.586,13.637,13.547,13.575,22645.827683
1768622400,13.564,13.611,13.535,13.607,17559.470769
1768636800,13.601,13.719,13.601,13.648,32067.211361
1768651200,13.648,13.972,13.645,13.893,63902.111045
1768665600,13.895,13.905,13.756,13.828,24863.925296
1768680000,13.828,13.861,13.72,13.742,34891.780403
1768694400,13.743,13.822,13.635,13.68,38483.254941
1768708800,13.675,13.706,13.574,13.624,29385.721013
1768723200,13.622,13.655,13.573,13.582,20946.747484
1768737600,13.58,13.622,13.471,13.568,37527.899018
1768752000,13.568,13.74,13.546,13.665,44551.996187
1768766400,13.661,13.763,12.951,12.981,219931.557625
1768780800,12.983,12.983,12.064,12.714,642865.419867
1768795200,12.713,12.738,12.554,12.642,68043.282764
1768809600,12.64,12.836,12.613,12.711,68779.259435
1768824000,12.708,12.801,12.668,12.727,45856.771596
1768838400,12.722,12.854,12.624,12.812,75874.576243
1768852800,12.814,12.835,12.617,12.733,47185.843153
1768867200,12.736,12.742,12.626,12.702,48040.867994
1768881600,12.698,12.761,12.527,12.556,77794.307444
1768896000,12.555,12.645,12.405,12.457,179453.987713
1768910400,12.457,12.55,12.3,12.399,121879.209451
1768924800,12.4,12.437,12.065,12.184,162666.184348
1768939200,12.182,12.294,11.965,12.094,90903.000801
1768953600,12.094,12.346,12.059,12.299,56848.437635
1768968000,12.299,12.383,12.22,12.236,36471.294158
1768982400,12.231,12.279,12.093,12.111,50795.52794
1768996800,12.111,12.418,11.958,12.397,148266.081354
1769011200,12.399,12.613,11.878,12.592,174386.038371
1769025600,12.595,12.728,12.381,12.416,111590.785521
1769040000,12.417,12.626,12.417,12.492,42024.922043
1769054400,12.491,12.558,12.42,12.432,31298.689676
1769068800,12.431,12.502,12.351,12.353,44408.726908
1769083200,12.351,12.395,12.035,12.167,116105.884358
1769097600,12.167,12.26,12.079,12.164,128970.89292
1769112000,12.165,12.207,12.084,12.195,53040.660293
1769126400,12.197,12.304,12.171,12.258,55380.677507
1769140800,12.259,12.368,12.108,12.132,84751.896063
1769155200,12.125,12.211,12.047,12.202,53345.764983
1769169600,12.203,12.265,11.993,12.233,94683.227986
1769184000,12.235,12.493,12.136,12.17,140182.056012
1769198400,12.171,12.197,12.028,12.132,39337.369769
1769212800,12.13,12.172,12.105,12.153,19499.517153
1769227200,12.155,12.182,12.11,12.121,12150.029569
1769241600,12.121,12.136,12.064,12.117,14785.504948
1769256000,12.118,12.142,12.023,12.031,39760.615369
1769270400,12.031,12.071,11.973,12.038,31629.549957
1769284800,12.038,12.122,12.037,12.046,20698.351524
1769299200,12.047,12.079,11.873,11.933,57241.455474
1769313600,11.931,11.994,11.886,11.933,31849.842033
1769328000,11.934,12.067,11.839,11.954,71354.833814
1769342400,11.954,11.972,11.818,11.853,65919.054305
1769356800,11.85,11.851,11.232,11.31,261699.108157
1769371200,11.31,11.521,11.25,11.495,99465.199631
1769385600,11.497,11.755,11.471,11.533,93315.004856
1769400000,11.536,11.724,11.535,11.693,80748.700771
1769414400,11.694,11.786,11.611,11.662,51724.600356
1769428800,11.663,11.919,11.635,11.756,114100.49531
1769443200,11.757,11.818,11.613,11.699,137612.221721
1769457600,11.7,11.796,11.628,11.721,45613.523349
1769472000,11.72,11.853,11.691,11.787,49946.973942
1769486400,11.785,11.845,11.722,11.757,36386.175129
1769500800,11.757,11.79,11.656,11.68,28400.055387
1769515200,11.679,11.747,11.591,11.718,62809.531922
1769529600,11.717,11.951,11.582,11.854,102633.773807
1769544000,11.853,12.209,11.851,12.135,103746.36034
1769558400,12.136,12.171,12.03,12.068,54720.445509
1769572800,12.065,12.159,12.025,12.082,33161.175448
1769587200,12.081,12.25,12.028,12.24,42587.627681
1769601600,12.238,12.291,11.942,12.011,86287.584462
1769616000,12.012,12.134,11.928,12.061,62404.55059
1769630400,12.059,12.184,11.966,12.074,51172.893922
1769644800,12.076,12.099,11.746,11.786,85615.17204
1769659200,11.779,11.868,11.688,11.796,63829.052571
1769673600,11.797,11.817,11.641,11.662,77850.398849
1769688000,11.661,11.663,10.879,11.006,382778.67847
1769702400,11.004,11.174,10.814,10.99,245694.489465
1769716800,10.99,11.072,10.971,11.047,67249.889633
1769731200,11.045,11.097,10.703,10.927,360037.823455
1769745600,10.929,11.024,10.727,10.957,63442.844424
1769760000,10.954,11.057,10.808,11.014,54916.216791
1769774400,11.012,11.023,10.805,10.94,144721.880979
1769788800,10.935,11.052,10.636,10.994,215816.87242
1769803200,10.992,10.992,10.822,10.877,113787.031417
1769817600,10.875,10.898,10.813,10.843,61149.626533
1769832000,10.841,10.872,10.582,10.654,83913.87386
1769846400,10.656,10.68,10.423,10.591,156521.238819
1769860800,10.59,10.608,10.0,10.171,380636.771166
1769875200,10.171,10.296,9.165,9.84,798214.732548
1769889600,9.839,10.181,9.741,10.121,150912.618602
1769904000,10.122,10.23,10.101,10.215,67459.935847
1769918400,10.214,10.261,10.141,10.189,91833.67626
1769932800,10.192,10.226,10.02,10.127,76257.069569
1769947200,10.13,10.152,9.732,9.858,125927.155787
1769961600,9.858,10.093,9.758,9.886,105355.226819
1769976000,9.884,10.076,9.676,9.913,149960.605257
1769990400,9.917,10.135,9.535,9.866,201567.377762
1770004800,9.869,10.006,9.54,9.887,255961.378341
1770019200,9.885,10.069,9.871,9.983,88963.203871
1770033600,9.986,10.323,9.986,10.246,131803.250325
1770048000,10.245,10.276,10.124,10.129,128424.83991
1770062400,10.129,10.192,10.075,10.146,55860.382235
1770076800,10.144,10.155,9.948,10.138,84958.645427
1770091200,10.136,10.207,10.042,10.148,63399.881073
1770105600,10.149,10.178,9.975,10.081,98475.136041
1770120000,10.082,10.173,9.913,10.159,149946.425631
1770134400,10.16,10.16,9.537,9.967,247837.054362
1770148800,9.961,10.351,9.851,9.929,213203.451165
1770163200,9.928,10.136,9.889,10.109,80300.697657
1770177600,10.108,10.167,10.018,10.148,72240.186437
1770192000,10.152,10.164,9.93,10.025,61141.232648
1770206400,10.027,10.038,9.619,9.726,126985.175893
1770220800,9.724,9.956,9.574,9.936,242091.978109
1770235200,9.938,9.96,9.547,9.716,151372.293819
1770249600,9.716,9.85,9.599,9.624,162042.959356
1770264000,9.624,9.676,9.45,9.506,318149.319488
1770278400,9.506,9.675,9.188,9.269,169449.660608
1770292800,9.269,9.448,8.721,8.872,592929.114485
1770307200,8.873,9.089,8.675,8.697,291740.909212
1770321600,8.699,8.771,8.241,8.313,467346.143421
1770336000,8.313,8.525,7.542,8.263,747725.232312
1770350400,8.265,8.646,8.234,8.414,140436.432684
1770364800,8.419,8.74,8.334,8.713,159930.939474
1770379200,8.712,9.068,8.642,9.035,166692.434705
1770393600,9.036,9.469,9.002,9.253,119852.395541
1770408000,9.248,9.406,9.113,9.278,210055.646756
1770422400,9.277,9.313,9.132,9.291,53267.964818
1770436800,9.289,9.369,8.909,8.997,168490.776111
1770451200,8.996,9.095,8.935,8.99,67052.925968
1770465600,8.987,9.261,8.978,9.176,93644.047882
1770480000,9.18,9.4,9.141,9.254,843676.161004
1770494400,9.261,9.328,9.178,9.228,22026.067754
1770508800,9.228,9.256,9.121,9.131,31303.648292
1770523200,9.127,9.173,9.08,9.145,31258.882958
1770537600,9.147,9.296,9.111,9.272,64165.909345
1770552000,9.274,9.29,9.15,9.176,73144.756439
1770566400,9.174,9.227,9.001,9.21,71555.178112
1770580800,9.211,9.264,9.008,9.078,77230.794317
1770595200,9.078,9.206,9.031,9.188,76959.8078
1770609600,9.188,9.188,9.025,9.033,48810.028997
1770624000,9.032,9.042,8.723,8.781,127024.107892
1770638400,8.788,9.002,8.747,9.001,120047.42392
1770652800,9.0,9.189,8.92,9.117,143241.228731
1770667200,9.115,9.15,8.99,9.052,46655.77847
1770681600,9.052,9.115,8.869,8.907,57399.684089
1770696000,8.906,8.985,8.745,8.827,103953.584651
1770710400,8.828,8.908,8.785,8.787,42898.333727
1770724800,8.788,8.876,8.713,8.786,88526.43328
1770739200,8.784,8.853,8.672,8.728,95335.797959
1770753600,8.724,8.762,8.663,8.75,51333.583809
1770768000,8.754,8.967,8.735,8.87,117330.693838
1770782400,8.871,8.886,8.551,8.578,113686.496756
1770796800,8.58,8.594,8.481,8.585,58256.901828
1770811200,8.585,8.891,8.436,8.515,279454.515435
1770825600,8.517,8.765,8.485,8.702,131671.573506
1770840000,8.701,8.808,8.59,8.636,90207.174109
1770854400,8.637,8.789,8.635,8.754,50704.69539
1770868800,8.753,8.847,8.687,8.82,45790.155335
1770883200,8.821,8.981,8.784,8.914,82204.439818
1770897600,8.912,8.976,8.798,8.806,131184.551554
1770912000,8.804,8.865,8.622,8.768,177959.366087
1770926400,8.768,8.91,8.685,8.903,78275.577257
1770940800,8.903,8.938,8.821,8.856,85864.419407
1770955200,8.862,8.87,8.74,8.835,55769.309505
1770969600,8.835,8.915,8.818,8.874,60516.705826
1770984000,8.873,9.222,8.83,9.109,186769.090448
1770998400,9.109,9.255,9.096,9.185,79078.129728
1771012800,9.185,9.249,9.141,9.144,53559.145073
1771027200,9.145,9.221,9.123,9.214,28696.929586
1771041600,9.21,9.212,9.138,9.2,33329.242422
1771056000,9.198,9.389,9.194,9.372,74294.915388
1771070400,9.376,9.396,9.252,9.387,98752.736151
1771084800,9.387,9.632,9.343,9.632,97442.434876
1771099200,9.633,9.72,9.54,9.597,87475.478235
1771113600,9.596,9.642,9.476,9.599,72274.937484
1771128000,9.599,9.748,9.585,9.701,83887.470657
1771142400,9.702,9.709,9.513,9.531,51271.22552
1771156800,9.532,9.546,9.279,9.387,65261.538434
1771171200,9.386,9.386,9.136,9.184,118315.420634
1771185600,9.183,9.303,9.142,9.282,44865.701072
1771200000,9.284,9.34,9.205,9.24,33725.336573
1771214400,9.238,9.333,9.183,9.259,27095.596209
1771228800,9.26,9.347,9.175,9.278,44640.900949
1771243200,9.273,9.42,9.045,9.088,130624.887433
1771257600,9.087,9.183,9.063,9.143,45714.346642
1771272000,9.143,9.307,9.115,9.262,50452.059386
1771286400,9.262,9.297,9.181,9.224,28744.332008
1771300800,9.222,9.249,9.136,9.199,19569.334187
1771315200,9.199,9.22,9.059,9.112,28507.939556
1771329600,9.112,9.228,9.003,9.082,103628.67725
1771344000,9.086,9.295,9.039,9.176,103890.761845
1771358400,9.176,9.198,9.13,9.138,35675.509406
1771372800,9.141,9.167,9.068,9.108,39884.453213
1771387200,9.11,9.145,9.036,9.13,38855.782876
1771401600,9.13,9.208,9.003,9.038,34244.268181
1771416000,9.041,9.204,8.942,9.114,76505.102396
1771430400,9.116,9.117,8.819,8.883,109323.723272
1771444800,8.884,8.919,8.8,8.858,59689.058989
1771459200,8.856,8.924,8.833,8.914,57710.538628
1771473600,8.912,8.94,8.838,8.904,50241.808502
1771488000,8.904,8.904,8.784,8.794,64104.706217
1771502400,8.793,8.861,8.662,8.82,134550.758969
1771516800,8.819,8.936,8.739,8.883,178771.06881
1771531200,8.886,8.924,8.857,8.901,33653.780751
1771545600,8.9,8.97,8.891,8.944,30141.95714
1771560000,8.946,9.29,8.883,9.199,168826.846492
1771574400,9.2,9.362,9.101,9.113,175207.931136
1771588800,9.115,9.198,8.929,9.178,121457.599282
1771603200,9.179,9.246,8.999,9.15,106527.941362
1771617600,9.149,9.174,9.092,9.169,110019.467335
1771632000,9.169,9.197,9.119,9.164,22827.462091
1771646400,9.164,9.209,9.133,9.153,29786.594401
1771660800,9.155,9.296,9.141,9.273,42231.86545
1771675200,9.277,9.451,9.254,9.283,129277.671716
1771689600,9.284,9.312,9.2,9.267,50000.479895
1771704000,9.266,9.278,9.108,9.116,84011.270902
1771718400,9.115,9.115,9.006,9.048,44715.353895
1771732800,9.047,9.062,8.96,9.01,79475.796071
1771747200,9.01,9.062,8.97,9.007,47555.792261
1771761600,9.003,9.009,8.816,8.886,74054.150211
1771776000,8.884,8.884,8.796,8.82,53670.765349
1771790400,8.818,8.886,8.789,8.877,34650.405076
1771804800,8.878,8.891,8.331,8.418,415803.036412
1771819200,8.418,8.604,8.334,8.559,98225.320352
1771833600,8.558,8.727,8.502,8.654,69482.47777
1771848000,8.655,8.778,8.552,8.567,79713.203281
1771862400,8.564,8.618,8.331,8.367,110822.413173
1771876800,8.364,8.449,8.269,8.365,98758.692477
1771891200,8.367,8.442,8.217,8.307,122607.58033
1771905600,8.308,8.321,8.209,8.255,65222.405403
1771920000,8.255,8.329,8.228,8.315,84892.085149
1771934400,8.317,8.377,8.179,8.328,161447.989905
1771948800,8.329,8.436,8.321,8.349,82923.753037
1771963200,8.349,8.377,8.252,8.284,39411.306609
1771977600,8.284,8.707,8.264,8.514,258160.380168
1771992000,8.514,8.582,8.419,8.576,99883.117291
1772006400,8.577,8.989,8.544,8.974,196319.042136
1772020800,8.974,9.594,8.96,9.525,747386.385779
1772035200,9.527,9.816,9.527,9.747,331463.699209
1772049600,9.749,9.838,9.415,9.516,215643.126329
1772064000,9.516,9.628,9.427,9.454,119120.129156
1772078400,9.453,9.563,9.32,9.321,159106.157185
1772092800,9.323,9.403,9.237,9.242,283075.41148
1772107200,9.241,9.393,9.214,9.304,125953.443398
1772121600,9.306,9.346,9.091,9.304,251563.869383
1772136000,9.3,9.337,9.235,9.304,42276.538465
1772150400,9.305,9.43,9.247,9.412,74950.253823
1772164800,9.413,9.486,9.346,9.388,173857.419652
1772179200,9.389,9.43,8.989,9.034,179917.459684
1772193600,9.033,9.058,8.912,9.014,203039.450011
1772208000,9.014,9.015,8.853,8.897,117914.073501
1772222400,8.896,8.967,8.783,8.953,106265.113081
1772236800,8.953,8.975,8.877,8.882,33728.476597
1772251200,8.885,8.904,8.487,8.621,374464.091335
1772265600,8.62,8.627,8.43,8.472,126364.532585
1772280000,8.471,8.749,8.46,8.633,225878.05622
1772294400,8.631,8.994,8.611,8.932,182540.05485
1772308800,8.932,9.273,8.92,9.165,294192.469619
1772323200,9.166,9.435,9.059,9.262,231012.78626
1772337600,9.263,9.302,9.161,9.216,71489.03939
1772352000,9.217,9.257,9.101,9.124,85680.744617
1772366400,9.122,9.233,9.029,9.133,97701.776669
1772380800,9.134,9.168,8.941,8.95,122079.289657
1772395200,8.949,9.081,8.845,9.032,159707.130404
1772409600,9.032,9.201,9.009,9.122,84811.525943
1772424000,9.124,9.14,8.88,8.936,51956.22656
1772438400,8.936,9.033,8.866,8.973,81677.776206
1772452800,8.976,9.4,8.901,9.311,241467.850551
1772467200,9.313,9.477,9.187,9.239,260686.083978
1772481600,9.24,9.286,9.148,9.174,75324.590531
1772496000,9.176,9.256,9.078,9.151,63196.282691
1772510400,9.152,9.192,9.066,9.112,49349.469567
1772524800,9.112,9.127,8.943,9.017,160193.471456
1772539200,9.016,9.183,8.896,9.164,154531.784427
1772553600,9.163,9.332,9.093,9.178,119694.064168
1772568000,9.179,9.249,9.074,9.179,60172.963605
1772582400,9.18,9.246,9.105,9.174,59384.041012
1772596800,9.175,9.2,9.008,9.185,119018.979512
1772611200,9.186,9.493,9.163,9.304,255830.74537
1772625600,9.305,9.726,9.246,9.713,275638.848968
1772640000,9.714,9.783,9.512,9.669,212054.164387
1772654400,9.67,9.679,9.427,9.5,106497.49936
1772668800,9.498,9.536,9.413,9.455,77642.383226
1772683200,9.455,9.504,9.346,9.378,63599.309548
1772697600,9.379,9.583,9.363,9.454,92450.145607
1772712000,9.453,9.55,9.337,9.401,238148.285028
1772726400,9.402,9.455,9.257,9.384,101585.913335
1772740800,9.385,9.509,9.373,9.38,48879.666346
1772755200,9.381,9.451,9.328,9.418,70561.588481
1772769600,9.417,9.467,9.314,9.455,38799.24313
1772784000,9.456,9.456,9.241,9.256,62515.311226
1772798400,9.254,9.255,8.926,8.977,299819.898687
1772812800,8.975,9.001,8.872,8.969,117385.846892
1772827200,8.967,9.069,8.926,9.019,36777.297811
1772841600,9.019,9.076,9.006,9.02,23353.679198
1772856000,9.019,9.023,8.965,9.017,35055.633217
1772870400,9.016,9.055,8.978,9.017,33958.61518
1772884800,9.017,9.025,8.941,8.964,30516.431599
1772899200,8.962,9.015,8.868,8.883,47829.939701
1772913600,8.883,8.936,8.872,8.908,25427.945724
1772928000,8.909,8.922,8.811,8.849,73410.422034
1772942400,8.849,8.903,8.793,8.881,32131.357833
1772956800,8.881,9.016,8.84,8.914,46048.538794
1772971200,8.913,9.02,8.843,8.869,59307.709167
1772985600,8.871,8.98,8.813,8.959,32874.169806
1773000000,8.96,8.992,8.68,8.815,122485.837545
1773014400,8.815,9.094,8.812,8.974,82573.586835
1773028800,8.975,9.293,8.974,9.087,213500.212477
1773043200,9.088,9.174,9.017,9.083,52797.198281
1773057600,9.085,9.33,9.084,9.279,169287.004541
1773072000,9.28,9.533,9.211,9.388,148825.401917
1773086400,9.389,9.43,9.232,9.267,83995.564036
1773100800,9.267,9.505,9.254,9.332,92896.165625
1773115200,9.333,9.481,9.333,9.403,64038.304028
1773129600,9.404,9.6,9.402,9.493,92444.225882
1773144000,9.494,9.812,9.313,9.769,333752.001023
1773158400,9.768,9.969,9.551,9.603,326756.961439
1773172800,9.603,9.661,9.495,9.535,56598.656336
1773187200,9.534,9.602,9.476,9.551,64902.172491
1773201600,9.55,9.581,9.534,9.581,1897.547223
