timestamp,open,high,low,close
1673510400,18164.0,18219.0,18165.0,18201.0
1673524800,18200.0,18351.0,18011.5,18087.5
1673539200,18086.0,19011.0,18058.5,18885.0
1673553600,18885.0,19079.5,18760.0,18842.5
1673568000,18842.5,18884.0,18716.0,18860.0
1673582400,18859.5,18874.5,18778.0,18823.0
1673596800,18823.0,19046.5,18809.5,18928.0
1673611200,18908.0,19289.5,18818.0,19274.0
1673625600,19271.0,19385.0,19078.0,19360.5
1673640000,19361.5,19996.0,19320.0,19926.5
1673654400,19929.0,21438.0,19890.5,20992.5
1673668800,20991.0,21039.0,20810.0,20924.5
1673683200,20921.5,21034.5,20258.5,20717.5
1673697600,20717.5,21146.5,20573.5,20770.0
1673712000,20771.5,20903.5,20667.5,20802.0
1673726400,20792.5,21078.5,20776.0,20957.0
1673740800,20956.0,20999.5,20572.0,20723.0
1673755200,20730.0,20785.5,20669.0,20735.5
1673769600,20736.0,20764.5,20580.0,20730.0
1673784000,20727.0,20972.5,20658.5,20916.5
1673798400,20916.5,21053.5,20663.5,20865.5
1673812800,20865.5,20959.0,20747.0,20873.5
1673827200,20873.5,21435.5,20777.0,21079.5
1673841600,21084.5,21216.0,21046.5,21111.0
1673856000,21111.5,21113.5,20673.5,20816.5
1673870400,20816.5,21044.5,20611.0,20990.5
1673884800,20988.0,21408.0,20912.5,21310.5
1673899200,21308.5,21433.5,21063.0,21187.0
1673913600,21187.0,21295.0,20863.0,21124.5
1673928000,21124.5,21228.5,21058.5,21132.5
1673942400,21132.5,21243.0,21080.5,21220.5
1673956800,21220.5,21570.5,21060.0,21179.5
1673971200,21177.5,21403.0,21080.0,21337.0
1673985600,21337.0,21403.0,21120.0,21125.0
1674000000,21127.5,21375.0,21103.0,21261.0
1674014400,21260.0,21321.0,21230.0,21308.0
1674028800,21309.5,21316.0,21160.0,21202.0
1674043200,21202.0,21604.5,20854.0,21029.0
1674057600,21028.0,21125.0,20404.0,20900.5
1674072000,20900.5,20937.5,20652.5,20682.0
1674086400,20679.0,20817.5,20664.0,20746.0
1674100800,20746.0,20870.0,20746.0,20811.5
1674115200,20814.0,20844.0,20707.0,20743.5
1674129600,20743.5,20872.5,20665.0,20872.5
1674144000,20872.5,20872.5,20795.0,20872.5
1674158400,20872.5,21125.0,20872.5,21071.5
1674172800,21071.0,21209.0,21009.0,21087.5
1674187200,21087.5,21129.0,20927.5,20961.0
1674201600,20961.0,20994.0,20902.5,20963.5
1674216000,20962.0,21229.0,20956.0,21142.5
1674230400,21142.5,21518.0,21140.5,21499.5
1674244800,21514.0,22743.5,21510.5,22672.5
1674259200,22667.5,22745.5,22436.5,22544.5
1674273600,22549.0,22671.5,22517.0,22640.0
1674288000,22640.0,23333.0,22611.0,22904.0
1674302400,22904.0,23285.0,22856.0,23000.0
1674316800,22996.0,23317.0,22985.0,23277.0
1674331200,23287.0,23304.5,22706.0,22783.5
1674345600,22791.0,22971.0,22612.5,22770.0
1674360000,22770.0,22967.5,22723.0,22896.0
1674374400,22895.5,22936.5,22735.5,22787.0
1674388800,22788.5,23077.0,22655.5,22786.0
1674403200,22786.0,22957.0,22677.5,22717.5
1674417600,22719.0,22780.5,22325.5,22713.5
1674432000,22713.5,22816.0,22655.5,22666.0
1674446400,22670.0,22798.0,22621.0,22696.0
1674460800,22696.0,22955.0,22662.5,22906.0
1674475200,22906.0,23110.5,22507.0,22848.0
1674489600,22854.0,23175.0,22655.5,22796.0
1674504000,22794.0,23048.0,22761.0,22916.0
1674518400,22916.0,23144.5,22870.0,23082.5
1674532800,23082.5,23163.0,23024.0,23055.5
1674547200,23055.5,23093.0,22768.5,22916.0
1674561600,22916.0,23033.5,22732.0,22931.5
1674576000,22932.5,23067.5,22784.5,23018.5
1674590400,23018.5,23080.5,22485.0,22633.0
1674604800,22631.0,22703.0,22348.5,22647.0
1674619200,22646.0,22762.0,22608.0,22710.0
1674633600,22710.0,22737.0,22490.0,22601.0
1674648000,22601.0,22743.0,22344.5,22581.0
1674662400,22581.0,22764.5,22521.5,22752.5
1674676800,22752.5,23821.5,22752.5,23058.0
1674691200,23065.0,23268.5,23046.0,23134.0
1674705600,23138.5,23198.5,22920.0,22968.5
1674720000,22968.5,23049.0,22860.0,22995.0
1674734400,22995.0,23241.5,22899.5,22961.5
1674748800,22958.0,23106.5,22866.0,23075.0
1674763200,23072.0,23152.5,22968.0,23007.5
1674777600,23007.5,23076.5,22529.0,22769.5
1674792000,22769.5,23101.0,22761.0,23075.0
1674806400,23075.0,23085.0,22908.5,22968.5
1674820800,22969.5,23147.0,22844.0,22995.5
1674835200,22927.0,23281.0,22927.0,23253.5
1674849600,23258.0,23499.5,22953.0,23075.0
1674864000,23075.0,23184.0,23045.0,23120.0
1674878400,23120.0,23135.5,22943.0,22996.0
1674892800,22996.0,23030.5,22936.5,22984.0
1674907200,22984.0,23046.5,22884.5,23016.5
1674921600,23016.0,23053.5,22973.0,23041.5
1674936000,23041.5,23045.5,22948.5,23027.5
1674950400,23026.5,23527.0,22971.5,23196.5
1674964800,23200.0,23271.0,23154.0,23205.5
1674979200,23205.5,23608.5,23143.5,23436.5
1674993600,23435.5,23647.0,23353.5,23523.0
1675008000,23523.0,23971.0,23474.0,23904.0
1675022400,23904.0,23915.0,23649.0,23742.0
1675036800,23742.5,23800.0,23578.5,23699.0
1675051200,23699.0,23768.0,23600.5,23643.0
1675065600,23636.0,23688.5,23035.0,23084.0
1675080000,23081.0,23325.0,22978.5,23181.5
1675094400,23181.5,23261.0,22638.5,22786.0
1675108800,22783.5,22843.0,22531.0,22826.0
1675123200,22826.0,22913.0,22713.0,22834.0
1675137600,22834.5,22985.0,22744.0,22970.0
1675152000,22973.0,22992.0,22806.0,22867.5
1675166400,22875.0,23203.0,22851.5,23120.0
1675180800,23122.0,23221.0,23080.5,23168.0
1675195200,23168.0,23311.0,22818.0,23133.5
1675209600,23133.5,23183.0,23004.0,23135.5
1675224000,23134.5,23169.0,23019.0,23079.0
1675238400,23079.0,23100.0,22924.5,23078.5
1675252800,23080.0,23146.5,22945.5,22981.0
1675267200,22981.0,23494.0,22779.0,23384.0
1675281600,23386.0,23819.5,23322.0,23734.0
1675296000,23736.0,24243.0,23696.0,23855.5
1675310400,23855.0,23930.0,23681.0,23784.5
1675324800,23787.0,23858.5,23753.0,23824.0
1675339200,23824.0,23936.0,23537.0,23841.5
1675353600,23834.0,24139.0,23727.5,23807.0
1675368000,23807.0,23920.0,23388.0,23488.0
1675382400,23526.5,23593.5,23416.0,23536.5
1675396800,23537.0,23566.5,23450.0,23455.0
1675411200,23455.0,23544.0,23342.0,23537.0
1675425600,23534.5,23703.5,23234.0,23602.0
1675440000,23602.0,23708.0,23304.5,23312.0
1675454400,23307.0,23469.5,23210.0,23430.0
1675468800,23430.0,23458.0,23335.0,23346.0
1675483200,23344.0,23363.5,23258.5,23334.5
1675497600,23332.0,23377.5,23295.0,23365.0
1675512000,23365.5,23589.0,23342.5,23421.0
1675526400,23421.0,23471.5,23363.5,23429.0
1675540800,23429.0,23450.0,23260.5,23324.0
1675555200,23324.0,23372.0,23230.0,23349.5
1675569600,23349.5,23437.0,23332.0,23380.0
1675584000,23380.0,23422.0,23347.0,23356.5
1675598400,23356.5,23374.5,23007.0,23102.5
1675612800,23102.5,23157.5,22804.0,22895.0
1675627200,22893.5,23036.5,22820.0,22936.0
1675641600,22936.0,23097.5,22837.5,22899.0
1675656000,22899.0,22929.0,22627.0,22880.0
1675670400,22880.5,22939.5,22738.0,22881.0
1675684800,22888.0,23051.5,22750.0,23048.0
1675699200,23051.5,23156.5,22921.0,23031.5
1675713600,23031.5,23031.5,22639.5,22759.5
1675728000,22758.5,22905.5,22745.0,22879.0
1675742400,22883.5,22985.0,22868.0,22909.5
1675756800,22909.5,23064.0,22865.5,22978.0
1675771200,22978.0,23042.0,22883.5,22910.0
1675785600,22910.0,23356.0,22772.5,23094.0
1675800000,23097.0,23306.5,23033.0,23240.5
1675814400,23240.5,23443.0,23232.0,23265.0
1675828800,23261.5,23291.5,23186.5,23238.0
1675843200,23237.5,23247.5,23146.0,23161.0
1675857600,23161.0,23202.5,22859.0,22869.5
1675872000,22868.0,23040.0,22675.0,22878.0
1675886400,22874.0,22982.5,22792.0,22964.0
1675900800,22966.0,23010.0,22447.0,22521.5
1675915200,22515.0,22733.5,22387.0,22674.0
1675929600,22674.0,22765.5,22666.5,22689.0
1675944000,22685.5,22809.0,22562.5,22616.0
1675958400,22616.0,22627.5,21878.0,22040.0
1675972800,22036.0,22086.0,21704.5,21801.5
1675987200,21803.5,21938.0,21768.5,21820.5
1676001600,21820.5,21919.5,21641.5,21907.0
1676016000,21907.0,21923.0,21719.0,21736.0
1676030400,21739.5,21899.0,21528.5,21660.0
1676044800,21661.5,21799.0,21564.0,21770.0
1676059200,21773.5,21793.5,21460.5,21629.0
1676073600,21624.0,21724.0,21605.0,21679.0
1676088000,21679.0,21713.0,21643.0,21690.0
1676102400,21690.0,21702.5,21657.5,21697.5
1676116800,21697.5,21766.0,21662.0,21736.0
1676131200,21736.0,21736.0,21625.0,21663.0
1676145600,21663.0,21899.0,21648.0,21860.0
1676160000,21860.0,21880.0,21766.0,21778.5
1676174400,21778.5,21816.0,21762.0,21797.0
1676188800,21797.0,21933.5,21797.0,21888.0
1676203200,21888.0,22001.5,21765.5,21940.0
1676217600,21942.5,22084.0,21911.5,21990.5
1676232000,21990.5,22023.0,21638.5,21786.0
1676246400,21786.0,21868.5,21635.5,21810.0
1676260800,21810.0,21896.0,21798.0,21871.5
1676275200,21874.5,21876.0,21437.0,21606.0
1676289600,21607.0,21701.0,21560.5,21565.5
1676304000,21568.0,21680.0,21378.5,21607.5
1676318400,21609.5,21849.5,21566.0,21778.5
1676332800,21778.0,21817.0,21681.5,21702.0
1676347200,21702.0,21789.0,21690.0,21769.0
1676361600,21769.0,21850.0,21671.5,21802.0
1676376000,21806.0,22320.0,21580.5,22041.0
1676390400,22041.0,22238.5,21927.5,22212.0
1676404800,22215.0,22277.5,22126.0,22197.0
1676419200,22196.0,22196.0,22045.0,22098.5
1676433600,22096.0,22164.0,22073.0,22113.5
1676448000,22106.5,22483.0,22087.0,22437.0
1676462400,22437.0,22900.0,22437.0,22809.5
1676476800,22808.0,23330.0,22746.0,23312.5
1676491200,23326.0,24353.0,23300.0,24337.0
1676505600,24335.5,24921.5,24292.0,24737.0
1676520000,24739.0,24758.0,24459.5,24614.0
1676534400,24621.5,24669.5,24516.5,24576.0
1676548800,24576.0,25078.0,24318.5,25078.0
1676563200,25075.5,25244.0,24611.0,24867.5
1676577600,24862.0,24871.5,23500.5,23503.0
1676592000,23499.0,23904.0,23344.5,23837.0
1676606400,23837.0,23883.0,23625.0,23641.5
1676620800,23641.0,23853.0,23553.5,23788.0
1676635200,23788.0,24241.5,23712.5,24125.0
1676649600,24120.0,24564.0,23921.0,24526.5
1676664000,24533.5,25030.5,24067.5,24583.5
1676678400,24574.5,24781.0,24517.0,24610.5
1676692800,24610.5,24677.0,24474.5,24520.0
1676707200,24520.0,24602.0,24446.0,24523.0
1676721600,24523.0,24727.0,24497.5,24683.0
1676736000,24668.0,24868.5,24566.0,24603.0
1676750400,24600.5,24661.5,24537.5,24632.5
1676764800,24632.5,24773.0,24624.5,24684.0
1676779200,24684.0,24846.5,24576.5,24582.0
1676793600,24583.5,24710.0,24561.5,24670.0
1676808000,24670.0,25031.0,24659.5,24927.5
1676822400,24928.0,25191.5,24291.0,24517.5
1676836800,24517.5,24576.5,24263.0,24282.0
1676851200,24275.5,24467.5,23840.0,24418.0
1676865600,24420.0,24550.5,24402.5,24504.0
1676880000,24504.0,24978.0,24406.0,24893.5
1676894400,24897.5,25126.0,24735.0,24947.0
1676908800,24947.0,24958.5,24674.0,24881.5
1676923200,24881.5,24884.5,24658.5,24845.0
1676937600,24847.5,25105.0,24789.0,24931.0
1676952000,24931.0,25048.0,24853.0,25001.0
1676966400,25001.0,25178.0,24558.5,24569.0
1676980800,24567.5,24778.0,24427.0,24558.5
1676995200,24558.5,24754.0,24284.0,24610.5
1677009600,24612.5,24638.0,24151.5,24450.5
1677024000,24454.5,24475.0,23867.0,24206.0
1677038400,24207.5,24225.0,23938.5,24063.0
1677052800,24063.0,24204.0,23871.0,24161.0
1677067200,24161.0,24226.5,23645.5,23723.0
1677081600,23718.0,23974.0,23583.0,23790.0
1677096000,23792.0,24218.0,23738.5,24187.5
1677110400,24187.5,24596.5,24124.0,24454.5
1677124800,24456.0,24525.0,24314.0,24375.5
1677139200,24375.5,24494.5,23654.5,23778.0
1677153600,23778.0,24226.0,23614.5,23957.0
1677168000,23948.5,24048.0,23732.0,23974.0
1677182400,23979.0,24068.0,23759.0,23941.0
1677196800,23941.0,24128.0,23891.0,23953.5
1677211200,23953.5,23981.0,23779.5,23838.0
1677225600,23836.5,23973.0,23762.5,23887.0
1677240000,23887.0,24019.5,23339.5,23350.5
1677254400,23350.5,23350.5,22832.0,23180.0
1677268800,23183.0,23326.5,22981.5,23192.0
1677283200,23192.0,23220.0,23052.5,23080.0
1677297600,23079.0,23127.0,23023.5,23121.0
1677312000,23121.0,23150.0,22914.5,22984.5
1677326400,22984.5,23082.5,22870.0,23005.5
1677340800,23005.5,23083.0,22913.5,22988.0
1677355200,22988.0,23186.5,22771.5,23156.0
1677369600,23155.0,23248.0,23059.0,23212.0
1677384000,23210.5,23223.0,23091.0,23152.0
1677398400,23152.0,23288.0,23115.0,23252.0
1677412800,23252.0,23315.0,23126.0,23251.0
1677427200,23253.0,23548.0,23140.0,23508.0
1677441600,23507.0,23680.0,23323.0,23555.0
1677456000,23557.0,23641.5,23433.5,23549.0
1677470400,23549.0,23554.0,23349.0,23420.0
1677484800,23420.0,23452.0,23350.0,23431.0
1677499200,23431.0,23886.5,23382.5,23556.5
1677513600,23559.0,23614.0,23165.0,23285.5
1677528000,23282.0,23576.0,23155.0,23489.0
1677542400,23490.0,23550.0,23356.5,23463.0
1677556800,23465.0,23468.0,23223.0,23237.5
1677571200,23230.5,23422.0,23212.0,23397.0
1677585600,23397.0,23570.5,23321.5,23518.0
1677600000,23517.0,23599.0,23206.5,23262.0
1677614400,23263.5,23341.5,23028.0,23141.0
1677628800,23145.0,23494.5,23029.5,23440.0
1677643200,23441.0,23844.5,23425.0,23720.0
1677657600,23719.5,23994.0,23674.5,23739.5
1677672000,23740.0,23882.5,23583.0,23711.0
1677686400,23711.0,23746.5,23330.5,23353.5
1677700800,23343.5,23673.5,23311.0,23638.0
1677715200,23638.0,23795.5,23434.0,23501.5
1677729600,23501.5,23546.0,23344.5,23395.5
1677744000,23396.0,23470.0,23342.0,23416.5
1677758400,23418.5,23434.5,23204.5,23364.5
1677772800,23359.5,23504.5,23235.0,23472.0
1677787200,23469.5,23566.0,23394.5,23463.0
1677801600,23465.0,23475.0,22069.5,22323.0
1677816000,22306.5,22401.5,22263.5,22359.0
1677830400,22358.5,22475.5,22319.5,22353.5
1677844800,22350.0,22466.0,22214.0,22335.5
1677859200,22336.5,22442.5,22231.5,22358.5
1677873600,22360.0,22377.0,22159.5,22352.0
1677888000,22351.0,22389.0,22326.5,22350.0
1677902400,22350.0,22401.5,22274.5,22358.5
1677916800,22358.5,22373.0,22323.5,22351.5
1677931200,22351.5,22396.0,22311.5,22317.5
1677945600,22318.0,22343.0,22232.0,22246.0
1677960000,22246.0,22364.0,22172.0,22352.0
1677974400,22351.5,22643.0,22207.5,22380.5
1677988800,22384.5,22464.0,22359.5,22373.0
1678003200,22373.0,22446.0,22322.0,22394.0
1678017600,22394.0,22486.0,22390.0,22442.0
1678032000,22437.0,22453.5,22377.5,22404.0
1678046400,22404.0,22543.5,22337.0,22432.0
1678060800,22431.5,22511.0,22299.5,22386.5
1678075200,22386.0,22430.5,22314.0,22389.5
1678089600,22389.5,22449.5,22358.5,22377.5
1678104000,22377.5,22597.0,22356.5,22553.5
1678118400,22555.0,22577.0,22367.0,22392.5
1678132800,22391.0,22445.5,22324.0,22407.5
1678147200,22407.5,22551.0,22381.0,22457.5
1678161600,22458.0,22474.5,22414.5,22417.0
1678176000,22418.5,22429.0,22341.5,22349.0
1678190400,22350.5,22449.5,21957.0,22326.0
1678204800,22323.0,22388.5,22072.0,22130.5
1678219200,22128.5,22229.5,21954.0,22201.5
1678233600,22200.5,22286.5,22089.5,22153.5
1678248000,22153.5,22168.0,21866.0,21969.0
1678262400,21968.5,22138.5,21946.5,22068.0
1678276800,22068.0,22214.0,21922.5,22140.0
1678291200,22140.0,22213.5,21955.0,22005.5
1678305600,22005.5,22132.5,21640.0,21713.0
1678320000,21709.0,21802.5,21662.0,21770.0
1678334400,21770.0,21771.0,21669.0,21688.5
1678348800,21687.5,21701.5,21567.0,21671.0
1678363200,21671.0,21824.0,21559.0,21641.5
1678377600,21641.0,21672.0,20799.5,20856.0
1678392000,20857.5,20867.5,20039.0,20361.0
1678406400,20360.5,20363.5,19773.0,20051.5
1678420800,20049.5,20063.0,19793.0,19948.0
1678435200,19948.0,19971.0,19577.5,19763.5
1678449600,19763.0,20298.5,19666.5,20011.5
1678464000,20003.5,20300.0,19832.0,20021.5
1678478400,20024.0,20230.5,19857.0,20155.0
1678492800,20155.0,20673.5,20139.5,20393.5
1678507200,20394.0,20434.5,19833.0,19861.5
1678521600,19858.0,20207.5,19785.0,20093.0
1678536000,20090.0,20209.0,20034.5,20070.5
1678550400,20070.0,20318.5,20005.5,20223.5
1678564800,20224.5,20523.0,20223.5,20459.0
1678579200,20458.5,20494.5,20313.0,20376.5
1678593600,20376.5,20440.5,20272.5,20350.0
1678608000,20346.5,20483.5,20341.0,20436.5
1678622400,20437.0,20457.0,20288.0,20360.0
1678636800,20359.5,21336.5,20347.5,20778.0
1678651200,20786.5,22086.0,20763.0,21993.0
1678665600,21993.0,22570.0,21878.0,22235.0
1678680000,22235.0,22493.0,22235.0,22456.5
1678694400,22456.5,22516.5,21828.0,22110.0
1678708800,22113.0,24510.5,21971.0,24013.0
1678723200,24023.5,24421.0,23782.0,24306.5
1678737600,24308.0,24335.0,23954.5,24108.0
1678752000,24110.0,24480.0,23984.5,24357.5
1678766400,24360.0,24826.0,24163.0,24253.0
1678780800,24258.5,24828.5,24137.0,24747.0
1678795200,24746.0,26430.5,24556.5,25913.5
1678809600,25912.0,26004.5,24265.0,25098.0
1678824000,25071.0,25166.5,23999.0,24676.5
1678838400,24669.0,25058.0,24331.0,24731.0
1678852800,24731.0,24928.5,24623.5,24887.0
1678867200,24882.5,24925.0,24286.5,24767.0
1678881600,24771.5,25202.5,24383.0,24462.0
1678896000,24482.5,24506.0,23895.0,24368.5
1678910400,24372.0,24626.5,24236.0,24285.0
1678924800,24285.0,24433.0,24135.5,24268.0
1678939200,24266.0,24639.0,24187.0,24611.5
1678953600,24611.5,25042.5,24373.5,24826.0
1678968000,24828.5,25007.0,24531.0,24881.0
1678982400,24879.5,25154.5,24625.0,24954.0
1678996800,24942.0,25094.5,24627.0,25003.0
1679011200,25001.0,25889.0,24900.0,25776.0
1679025600,25776.0,26205.0,25652.5,26061.5
1679040000,26065.0,26936.5,25940.0,26910.0
1679054400,26917.5,26921.0,26128.0,26418.5
1679068800,26415.0,26853.0,26285.0,26830.5
1679083200,26828.0,27749.5,26593.0,27397.0
1679097600,27397.0,27710.5,27107.0,27302.5
1679112000,27309.0,27598.0,27214.0,27360.5
1679126400,27360.0,27505.0,27067.0,27448.0
1679140800,27448.0,27622.5,27070.0,27225.0
1679155200,27229.0,27491.5,26578.5,27332.0
1679169600,27339.5,27457.0,26811.5,26906.0
1679184000,26909.5,27186.0,26908.0,27186.0
1679198400,27196.0,27282.0,26834.0,26977.0
1679212800,26977.0,27195.0,26882.5,27156.0
1679227200,27161.5,27722.5,27104.0,27555.0
1679241600,27541.0,28364.0,27480.0,28235.0
1679256000,28254.0,28385.0,27753.0,27952.0
1679270400,27964.0,28048.5,27141.0,27274.0
1679284800,27266.5,28258.0,27159.0,28178.0
1679299200,28186.5,28455.5,27984.0,28190.0
1679313600,28182.0,28263.5,27666.0,27700.5
1679328000,27700.0,28040.0,27473.0,27771.0
1679342400,27779.5,28190.5,27589.0,27716.5
1679356800,27710.0,27942.0,27672.0,27781.5
1679371200,27781.5,27960.0,27314.5,27500.0
1679385600,27510.0,28164.5,27400.5,28044.0
1679400000,28043.5,28246.0,27730.5,28046.0
1679414400,28046.0,28434.0,27950.0,28105.0
1679428800,28118.5,28202.5,27920.0,28106.5
1679443200,28105.0,28253.0,27950.0,28154.5
1679457600,28153.5,28282.5,28046.0,28101.5
1679472000,28101.5,28205.5,28003.5,28128.5
1679486400,28128.5,28735.5,28106.5,28592.0
1679500800,28596.5,28864.5,26673.5,26673.5
1679515200,26699.5,27436.0,26604.0,27247.5
1679529600,27244.0,27424.5,27116.0,27364.5
1679544000,27361.5,27690.5,27255.0,27627.5
1679558400,27627.0,27704.0,27447.5,27586.5
1679572800,27586.5,28765.0,27292.0,28582.0
1679587200,28584.5,28640.0,27768.5,28384.0
1679601600,28371.5,28440.5,27968.0,28300.5
1679616000,28301.0,28364.0,28136.0,28225.0
1679630400,28225.0,28346.0,28106.0,28276.5
1679644800,28275.0,28299.0,27373.5,27592.0
1679659200,27578.5,28247.5,27550.0,28013.0
1679673600,28013.5,28046.5,27533.5,27824.0
1679688000,27824.0,27863.0,26993.0,27455.0
1679702400,27461.0,27661.0,27422.0,27577.0
1679716800,27579.0,27606.5,27373.0,27483.5
1679731200,27485.0,27534.5,27319.0,27458.5
1679745600,27458.5,27781.0,27356.5,27642.0
1679760000,27645.0,27715.5,27176.5,27190.5
1679774400,27188.5,27526.0,27161.0,27470.0
1679788800,27466.5,27644.5,27419.0,27533.0
1679803200,27533.0,27580.0,27475.5,27510.0
1679817600,27510.0,27906.0,27486.0,27858.5
1679832000,27858.5,28180.5,27700.5,27810.0
1679846400,27806.0,27922.5,27646.5,27828.0
1679860800,27828.0,28143.5,27688.0,27964.5
1679875200,27966.0,28021.0,27789.0,27887.0
1679889600,27886.5,27931.5,27667.5,27803.0
1679904000,27803.5,27986.0,27773.0,27888.0
1679918400,27889.0,27857.0,26537.5,26900.0
1679932800,26901.0,27309.0,26864.5,26963.0
1679947200,26959.0,27244.0,26890.5,27125.0
1679961600,27125.0,27174.5,26837.0,26972.0
1679976000,26972.0,27137.5,26879.5,26964.0
1679990400,26961.0,27142.5,26647.5,27052.0
1680004800,27063.0,27179.5,26839.0,27000.5
1680019200,26997.5,27515.5,26763.5,27426.0
1680033600,27426.5,27491.5,27110.5,27265.0
1680048000,27265.5,27466.0,27245.5,27366.5
1680062400,27366.5,28169.0,27350.5,28082.0
1680076800,28088.0,28647.0,28043.5,28364.5
1680091200,28365.0,28580.0,28246.0,28446.0
1680105600,28442.0,28454.0,28133.5,28397.0
1680120000,28406.5,28501.0,28214.0,28347.5
1680134400,28349.0,29182.5,28226.5,28489.0
1680148800,28480.0,28780.0,28445.5,28726.0
1680163200,28726.0,28747.5,28505.5,28643.0
1680177600,28646.5,28689.0,28172.0,28303.5
1680192000,28296.0,28298.5,27723.0,27971.0
1680206400,27996.0,28194.5,27793.0,28030.0
1680220800,28030.0,28374.0,27920.5,28172.5
1680235200,28170.5,28215.5,27527.0,27744.5
1680249600,27739.5,27990.0,27691.0,27927.5
1680264000,27927.5,28649.5,27871.5,28495.0
1680278400,28496.5,28544.0,28267.5,28460.5
1680292800,28465.0,28631.0,28342.5,28466.0
1680307200,28465.0,28821.5,28408.5,28540.0
1680321600,28540.0,28620.5,28357.5,28437.0
1680336000,28437.0,28485.5,28364.0,28382.0
1680350400,28382.0,28439.5,28220.0,28404.0
1680364800,28404.0,28443.0,28300.0,28385.0
1680379200,28385.0,28569.0,28380.5,28455.5
1680393600,28458.0,28526.5,28355.0,28479.5
1680408000,28479.5,28496.5,28381.0,28417.0
1680422400,28417.0,28448.5,28314.5,28355.0
1680436800,28355.0,28360.0,28036.5,28129.5
1680451200,28129.5,28233.5,27866.5,27943.5
1680465600,27935.0,28200.5,27865.5,28171.0
1680480000,28169.5,28181.5,27593.0,27753.0
1680494400,27751.5,27957.5,27593.0,27957.5
1680508800,27958.5,28493.0,27958.5,28254.0
1680523200,28254.0,28379.0,27951.0,28051.0
1680537600,28051.0,28245.0,27888.0,28078.5
1680552000,28078.5,28093.0,27199.5,27803.5
1680566400,27801.0,27965.0,27663.5,27850.0
1680580800,27852.5,28146.5,27777.0,28023.0
1680595200,28025.0,28445.5,27938.0,28280.5
1680609600,28284.5,28384.0,27951.5,28024.0
1680624000,28024.5,28257.5,27973.0,28192.0
1680638400,28189.0,28308.0,28086.5,28169.5
1680652800,28167.5,28787.5,28104.5,28550.0
1680667200,28546.0,28622.5,28460.0,28530.0
1680681600,28530.0,28609.0,28451.0,28555.0
1680696000,28555.0,28748.5,27861.0,28024.5
1680710400,28026.0,28313.0,27813.5,28239.0
1680724800,28241.0,28302.0,28131.0,28172.0
1680739200,28172.0,28183.0,27883.5,28137.0
1680753600,28137.0,28137.0,27916.5,27918.0
1680768000,27915.0,28031.0,27707.5,27949.5
1680782400,27946.5,28187.0,27747.5,28092.0
1680796800,28102.0,28165.5,27954.5,28021.0
1680811200,28015.0,28129.0,27901.5,28035.0
1680825600,28035.0,28105.5,27928.5,28038.5
1680840000,28039.0,28067.0,27776.5,27836.5
1680854400,27829.5,27960.5,27790.0,27841.5
1680868800,27846.5,27988.0,27800.0,27942.5
1680883200,27943.5,27950.0,27859.0,27898.5
1680897600,27899.0,27986.5,27843.0,27909.0
1680912000,27911.0,28058.5,27860.0,28016.5
1680926400,28015.0,28159.0,27975.0,28087.5
1680940800,28087.5,28122.0,27995.0,28014.0
1680955200,28014.0,28055.5,27958.5,28027.5
1680969600,28027.5,28029.5,27865.0,27922.0
1680984000,27922.5,27985.0,27880.0,27940.5
1680998400,27940.5,28089.5,27930.0,28028.0
1681012800,28028.0,28071.5,27843.5,27906.0
1681027200,27908.0,27942.0,27788.0,27934.5
1681041600,27934.5,27975.0,27797.5,27891.5
1681056000,27889.0,28261.0,27874.5,28145.0
1681070400,28154.5,28535.5,28088.5,28325.5
1681084800,28327.0,28421.0,28247.0,28283.0
1681099200,28283.0,28319.0,28202.5,28290.0
1681113600,28287.0,28373.5,28276.0,28302.0
1681128000,28302.0,28559.0,28172.5,28435.0
1681142400,28439.0,29294.0,28375.0,29174.0
1681156800,29180.0,29798.0,29076.5,29640.0
1681171200,29640.0,30396.0,29592.5,30102.5
1681185600,30108.0,30163.0,29822.5,30095.0
1681200000,30095.0,30145.5,29989.0,30062.0
1681214400,30058.0,30273.0,29978.0,30195.0
1681228800,30195.5,30554.5,30049.0,30129.5
1681243200,30128.0,30275.0,29973.0,30196.0
1681257600,30196.0,30350.5,29831.0,29920.5
1681272000,29920.5,30065.5,29851.5,29986.0
1681286400,29986.0,30043.0,29869.5,29981.0
1681300800,29981.0,30460.0,29638.5,29986.0
1681315200,29984.5,30111.0,29799.0,29822.5
1681329600,29829.0,30008.5,29790.0,29915.5
1681344000,29918.5,30222.5,29883.0,30096.5
1681358400,30089.0,30149.5,30002.0,30040.0
1681372800,30040.5,30345.5,30006.0,30102.0
1681387200,30104.0,30550.0,30081.5,30371.5
1681401600,30374.0,30489.0,30191.0,30254.5
1681416000,30256.5,30334.0,30128.5,30298.5
1681430400,30304.0,30922.0,30229.5,30730.5
1681444800,30736.0,31000.5,30680.0,30754.0
1681459200,30754.0,30826.5,30666.0,30805.0
1681473600,30815.0,30859.5,30098.0,30240.0
1681488000,30227.0,30350.0,29990.0,30323.5
1681502400,30328.0,30516.5,30280.0,30466.0
1681516800,30466.0,30603.5,30297.5,30387.0
1681531200,30387.0,30462.0,30350.0,30433.5
1681545600,30433.5,30477.0,30365.0,30385.0
1681560000,30385.0,30449.5,30290.0,30331.5
1681574400,30331.5,30352.0,30213.0,30340.0
1681588800,30347.0,30370.5,30241.0,30294.0
1681603200,30294.0,30326.0,30128.5,30258.5
1681617600,30258.5,30393.5,30254.0,30342.5
1681632000,30342.5,30356.5,30229.5,30235.5
1681646400,30229.5,30366.0,30163.5,30335.0
1681660800,30335.0,30566.0,30265.0,30309.0
1681675200,30306.0,30416.5,30183.5,30310.0
1681689600,30305.5,30317.0,29752.5,29974.5
1681704000,29976.5,30010.0,29849.5,29854.0
1681718400,29849.5,29934.0,29325.5,29581.5
1681732800,29574.5,29603.0,29253.0,29365.0
1681747200,29362.0,29577.0,29333.0,29467.5
1681761600,29477.5,29530.0,29390.0,29424.5
1681776000,29425.0,29495.5,29113.0,29453.0
1681790400,29453.5,29794.0,29447.5,29767.5
1681804800,29769.0,30380.0,29685.5,30373.5
1681819200,30400.0,30465.0,30098.5,30178.5
1681833600,30178.5,30287.5,29943.0,30233.5
1681848000,30220.5,30466.0,30157.5,30372.5
1681862400,30376.5,30394.0,30108.0,30204.5
1681876800,30203.5,30315.5,30006.5,30068.0
1681891200,30068.0,30070.5,28942.5,29308.5
1681905600,29308.5,29502.5,29177.0,29259.0
1681920000,29269.0,29362.0,29171.5,29234.0
1681934400,29224.5,29320.5,28573.5,28811.5
1681948800,28803.5,28991.5,28588.0,28858.0
1681963200,28864.5,29066.5,28806.5,28857.5
1681977600,28860.0,28941.0,28587.5,28607.5
1681992000,28609.0,28937.5,28363.0,28505.0
1682006400,28504.0,28658.0,28005.0,28103.5
1682020800,28092.0,28364.5,28010.0,28248.0
1682035200,28248.5,28370.0,28088.0,28311.5
1682049600,28316.0,28334.5,27803.0,28150.5
1682064000,28151.5,28230.5,27920.5,28071.0
1682078400,28070.5,28304.0,27975.5,28045.0
1682092800,28042.5,28096.5,27204.5,27276.5
1682107200,27272.5,27410.5,27130.5,27261.0
1682121600,27260.0,27363.5,27146.0,27321.0
1682136000,27321.5,27397.0,27227.5,27275.0
1682150400,27275.0,27317.5,27185.0,27286.0
1682164800,27286.0,27559.5,27237.5,27484.0
1682179200,27485.5,27754.5,27475.0,27608.0
1682193600,27608.0,27869.0,27555.5,27803.0
1682208000,27804.5,27804.5,27448.5,27556.0
1682222400,27555.5,27746.5,27531.0,27713.5
1682236800,27716.0,27767.0,27474.0,27635.0
1682251200,27640.0,27723.5,27324.0,27464.5
1682265600,27465.0,27685.0,27345.5,27451.5
1682280000,27455.0,27648.5,27392.5,27582.0
1682294400,27582.5,27976.5,27424.5,27769.0
1682308800,27776.0,27779.0,27336.5,27451.0
1682323200,27448.5,27554.0,27168.0,27548.5
1682337600,27548.5,27706.5,27217.0,27257.5
1682352000,27256.5,27586.0,27022.0,27377.5
1682366400,27382.0,27564.0,27325.0,27515.0
1682380800,27514.5,27595.5,27323.0,27355.0
1682395200,27355.0,27461.5,27241.0,27271.0
1682409600,27271.0,27445.0,27191.5,27392.5
1682424000,27395.0,27476.5,27209.0,27340.5
1682438400,27341.0,27741.0,27319.5,27607.5
1682452800,27615.0,28401.0,27607.0,28289.5
1682467200,28289.5,28465.0,28246.5,28307.0
1682481600,28310.5,28534.5,28299.0,28368.5
1682496000,28368.5,29126.0,28364.0,28955.0
1682510400,28953.5,30023.0,28953.5,29810.0
1682524800,29813.5,29892.5,27714.0,27890.5
1682539200,27873.5,28737.5,27294.0,28412.0
1682553600,28420.0,29476.5,28380.0,28886.5
1682568000,28888.5,29274.0,28646.5,28895.0
1682582400,28890.5,29130.5,28779.0,28930.0
1682596800,28930.5,29563.5,28669.0,29144.0
1682611200,29148.0,29887.0,29008.5,29670.0
1682625600,29669.0,29774.5,29267.0,29473.5
1682640000,29475.0,29587.0,29329.5,29424.5
1682654400,29426.0,29564.0,29398.0,29483.0
1682668800,29483.5,29489.0,29135.0,29236.5
1682683200,29235.5,29443.5,28897.5,29145.5
1682697600,29145.5,29442.0,29108.0,29330.0
1682712000,29332.5,29433.0,29268.0,29298.5
1682726400,29303.0,29384.5,29188.5,29335.0
1682740800,29334.5,29430.0,29282.0,29339.0
1682755200,29339.0,29358.0,29240.5,29333.0
1682769600,29333.0,29393.0,29220.5,29266.0
1682784000,29265.5,29310.5,29027.0,29236.5
1682798400,29236.0,29265.5,29135.5,29227.0
1682812800,29226.5,29231.0,29087.0,29180.0
1682827200,29180.0,29296.0,29172.5,29263.5
1682841600,29263.5,29336.5,29159.0,29198.0
1682856000,29198.5,29959.0,29186.0,29652.0
1682870400,29656.0,29860.0,29220.0,29361.5
1682884800,29356.0,29494.5,29158.5,29230.0
1682899200,29241.0,29339.0,28424.5,28563.5
1682913600,28559.5,28705.5,28287.0,28622.5
1682928000,28622.5,28662.0,28482.5,28521.5
1682942400,28522.0,28628.5,28079.0,28169.5
1682956800,28170.5,28407.0,27805.0,27840.0
1682971200,27844.0,28142.0,27664.5,28074.0
1682985600,28074.0,28145.5,27926.0,28045.5
1683000000,28049.5,28151.5,27883.0,28059.0
1683014400,28060.0,28128.5,27941.0,28087.0
1683028800,28087.5,28725.5,27915.5,28538.0
1683043200,28536.5,28876.5,28430.0,28681.5
1683057600,28696.5,28792.5,28619.0,28665.5
1683072000,28665.5,28685.5,28347.0,28517.0
1683086400,28517.0,28680.5,28433.5,28652.5
1683100800,28653.0,28767.5,28530.5,28547.5
1683115200,28543.5,28580.0,28130.5,28310.0
1683129600,28310.0,28774.0,28222.0,28322.0
1683144000,28315.0,29270.5,28280.5,29032.5
1683158400,29032.5,29188.5,28950.5,29090.0
1683172800,29089.5,29232.5,29034.0,29052.0
1683187200,29054.5,29365.5,28986.0,29160.5
1683201600,29160.5,29236.0,28672.0,28868.0
1683216000,28868.5,28973.5,28668.5,28877.0
1683230400,28894.0,28913.5,28746.5,28836.5
1683244800,28837.0,29509.0,28822.5,29200.0
1683259200,29200.0,29274.0,29035.0,29067.0
1683273600,29067.5,29195.0,29026.5,29148.5
1683288000,29156.5,29434.0,28829.5,29353.5
1683302400,29357.0,29675.5,29312.5,29561.5
1683316800,29573.0,29646.0,29452.0,29503.0
1683331200,29497.5,29827.5,29346.5,29367.0
1683345600,29367.0,29433.0,29277.0,29363.0
1683360000,29363.0,29365.0,29139.0,29272.0
1683374400,29271.5,29275.0,28352.0,28569.5
1683388800,28568.0,28960.0,28538.0,28836.5
1683403200,28837.0,28879.5,28639.0,28842.5
1683417600,28842.5,29136.5,28743.0,28799.0
1683432000,28800.5,28948.0,28787.0,28905.5
1683446400,28906.0,28955.0,28725.0,28829.5
1683460800,28829.0,29083.5,28829.0,28942.0
1683475200,28945.0,29029.0,28775.0,28907.0
1683489600,28905.0,28953.5,28386.0,28423.0
1683504000,28415.5,28620.5,28018.0,28198.0
1683518400,28193.5,28262.5,27815.0,27971.5
1683532800,27968.5,27987.0,27585.0,27929.0
1683547200,27930.0,28080.0,27687.0,27888.5
1683561600,27886.5,27927.5,27289.0,27341.0
1683576000,27334.5,27693.0,27262.0,27668.0
1683590400,27668.5,27746.0,27541.5,27628.5
1683604800,27628.5,27661.0,27449.5,27659.0
1683619200,27659.0,27713.0,27526.5,27672.0
1683633600,27673.5,27806.5,27382.0,27398.5
1683648000,27399.0,27748.5,27354.5,27718.0
1683662400,27718.0,27778.5,27534.5,27632.0
1683676800,27631.5,27841.5,27628.0,27684.5
1683691200,27685.0,27723.0,27531.5,27543.0
1683705600,27543.0,27680.5,27488.5,27680.0
1683720000,27679.0,28309.0,27643.0,28150.5
1683734400,28150.5,28350.0,26750.0,27695.0
1683748800,27694.5,27974.5,27323.5,27602.0
1683763200,27602.0,27607.0,27368.0,27445.5
1683777600,27444.5,27554.0,27402.0,27458.5
1683792000,27458.0,27490.0,27290.0,27405.5
1683806400,27407.0,27614.0,26962.5,27180.5
1683820800,27180.0,27213.0,26716.5,26842.0
1683835200,26849.5,27056.5,26819.0,26973.0
1683849600,26973.0,27080.5,26536.0,26584.0
1683864000,26585.0,26710.0,26125.5,26309.5
1683878400,26309.5,26428.0,26246.5,26332.0
1683892800,26332.0,26575.0,26255.5,26301.0
1683907200,26301.5,26458.0,25785.0,26442.0
1683921600,26435.0,26867.5,26346.0,26775.5
1683936000,26775.0,26958.5,26673.0,26786.0
1683950400,26786.0,26849.0,26693.0,26769.5
1683964800,26769.0,26881.0,26745.5,26811.0
1683979200,26811.0,26911.0,26761.0,26834.5
1683993600,26835.0,27041.0,26779.0,26857.0
1684008000,26854.0,26946.5,26749.0,26776.0
1684022400,26776.0,26878.5,26595.5,26872.0
1684036800,26872.0,26900.5,26798.5,26857.5
1684051200,26858.0,26887.5,26796.0,26806.5
1684065600,26807.0,27183.5,26740.0,27081.0
1684080000,27081.0,27130.0,26819.0,26871.0
1684094400,26869.5,26946.5,26830.5,26904.5
1684108800,26903.5,27289.0,26711.0,27226.5
1684123200,27227.0,27534.5,27178.5,27411.5
1684137600,27411.0,27474.5,27313.0,27339.5
1684152000,27339.5,27529.5,27228.5,27399.5
1684166400,27399.5,27661.5,27326.5,27408.5
1684180800,27410.5,27416.0,27140.5,27165.0
1684195200,27164.5,27307.0,26865.5,27134.5
1684209600,27134.0,27252.5,26978.0,27252.5
1684224000,27252.5,27280.0,27002.5,27054.5
1684238400,27054.0,27127.0,26908.0,27042.5
1684252800,27043.0,27141.5,26894.5,26936.5
1684267200,26936.5,27052.5,26905.0,27039.0
1684281600,27038.5,27236.0,26982.5,27067.0
1684296000,27067.0,27106.0,26767.0,26854.0
1684310400,26854.5,26911.0,26586.0,26639.0
1684324800,26639.5,26829.0,26584.5,26795.5
1684339200,26795.5,27429.5,26751.5,27377.0
1684353600,27379.0,27494.5,27273.0,27400.0
1684368000,27399.5,27475.5,27295.0,27364.5
1684382400,27371.0,27439.5,27153.5,27382.0
1684396800,27382.0,27422.5,27335.0,27399.5
1684411200,27399.5,27471.0,27026.5,27088.5
1684425600,27089.0,27111.5,26358.0,26727.5
1684440000,26727.0,27056.0,26686.5,26799.5
1684454400,26799.5,26897.0,26731.0,26818.0
1684468800,26818.5,26936.5,26791.0,26838.5
1684483200,26838.5,26908.0,26769.5,26828.5
1684497600,26829.0,27161.5,26593.5,26859.0
1684512000,26859.0,26933.5,26755.0,26807.5
1684526400,26807.0,26889.0,26787.0,26858.5
1684540800,26858.0,26884.0,26806.5,26842.5
1684555200,26842.0,26851.0,26816.0,26833.0
1684569600,26832.5,26895.5,26832.5,26856.5
1684584000,26856.5,26942.0,26848.5,26913.5
1684598400,26913.5,27129.5,26887.0,27048.5
1684612800,27048.5,27112.0,26950.5,27090.0
1684627200,27090.0,27277.5,27046.0,27172.5
1684641600,27172.5,27172.5,27043.0,27049.0
1684656000,27049.0,27076.0,26783.0,26830.5
1684670400,26830.5,26985.5,26812.0,26903.0
1684684800,26902.5,26924.5,26834.5,26901.0
1684699200,26901.5,26916.0,26655.0,26752.0
1684713600,26751.5,26789.0,26542.5,26662.5
1684728000,26662.0,26928.0,26660.0,26863.5
1684742400,26864.0,26925.0,26790.5,26846.5
1684756800,26846.5,27122.0,26720.5,26876.5
1684771200,26876.5,26929.0,26786.0,26861.0
1684785600,26861.5,26969.0,26841.0,26863.0
1684800000,26862.5,27413.0,26817.0,27359.5
1684814400,27359.5,27472.0,27203.0,27292.5
1684828800,27292.0,27330.5,27239.0,27325.0
1684843200,27325.0,27368.5,27174.5,27304.0
1684857600,27304.0,27313.5,27094.0,27172.0
1684872000,27172.0,27241.0,27146.0,27219.0
1684886400,27219.0,27219.5,26675.5,26783.5
1684900800,26784.0,26816.0,26608.0,26667.0
1684915200,26667.0,26828.0,26656.5,26730.0
1684929600,26734.5,26737.0,26089.5,26303.0
1684944000,26303.5,26389.0,26157.0,26245.0
1684958400,26248.0,26484.5,26237.5,26322.0
1684972800,26322.0,26386.5,25853.5,26173.5
1684987200,26173.5,26277.5,26125.5,26126.0
1685001600,26126.0,26318.0,26122.5,26286.0
1685016000,26285.5,26500.0,26145.5,26204.0
1685030400,26204.0,26605.0,26195.5,26442.0
1685044800,26442.0,26515.0,26403.0,26442.0
1685059200,26442.0,26502.0,26327.0,26409.0
1685073600,26409.0,26495.5,26311.0,26471.5
1685088000,26471.5,26517.5,26400.5,26439.5
1685102400,26439.0,26919.0,26343.5,26748.0
1685116800,26748.0,26827.5,26604.5,26758.0
1685131200,26758.0,26793.5,26673.0,26695.5
1685145600,26695.5,26770.5,26628.0,26744.0
1685160000,26744.0,26782.5,26690.0,26718.5
1685174400,26719.0,26721.5,26665.0,26693.0
1685188800,26693.0,26773.5,26546.5,26682.0
1685203200,26681.5,26830.0,26619.5,26722.5
1685217600,26723.0,26874.0,26715.5,26841.5
1685232000,26841.5,27228.0,26770.5,27174.0
1685246400,27174.0,27266.5,27126.5,27209.5
1685260800,27210.0,27361.0,27135.0,27146.5
1685275200,27146.5,27263.0,27100.5,27260.5
1685289600,27260.5,27789.5,27206.0,27518.5
1685304000,27519.0,28282.0,27518.5,28066.0
1685318400,28066.5,28435.5,27919.5,27949.5
1685332800,27950.0,28038.0,27840.5,27904.5
1685347200,27904.5,27972.5,27767.0,27921.5
1685361600,27921.5,27961.5,27595.0,27630.5
1685376000,27630.5,27731.0,27529.5,27629.0
1685390400,27629.0,27805.5,27552.0,27722.0
1685404800,27721.5,27923.0,27580.0,27818.5
1685419200,27819.0,27839.5,27667.0,27732.5
1685433600,27733.0,28035.0,27712.0,28019.5
1685448000,28019.0,28020.5,27615.0,27670.0
1685462400,27670.0,27851.5,27532.0,27845.0
1685476800,27845.5,27849.5,27643.5,27687.5
1685491200,27688.0,27813.5,27575.0,27649.5
1685505600,27649.5,27666.0,26971.0,27135.0
1685520000,27135.0,27181.0,26986.0,27071.0
1685534400,27070.5,27194.0,26814.5,26887.5
1685548800,26887.0,27095.0,26828.5,26984.0
1685563200,26982.0,27271.0,26979.5,27199.0
1685577600,27199.5,27333.5,26612.0,26778.0
1685592000,26778.5,26877.0,26758.0,26807.0
1685606400,26807.5,26942.0,26786.5,26892.5
1685620800,26893.0,26970.5,26793.5,26894.5
1685635200,26894.5,27166.5,26646.5,26862.5
1685649600,26863.0,26938.0,26710.5,26806.5
1685664000,26806.5,27014.0,26497.0,26998.5
1685678400,26998.0,27210.5,26948.0,27043.0
1685692800,27043.0,27181.0,27043.0,27124.0
1685707200,27123.5,27235.0,26828.0,27088.0
1685721600,27088.0,27276.0,27002.0,27233.0
1685736000,27232.5,27286.5,27136.0,27227.5
1685750400,27228.0,27228.0,27079.5,27125.5
1685764800,27126.0,27195.5,27094.0,27163.5
1685779200,27163.5,27176.5,27114.0,27124.5
1685793600,27125.0,27309.0,27118.5,27287.0
1685808000,27286.0,27300.0,27017.0,27085.5
1685822400,27085.5,27115.5,26910.0,27067.0
1685836800,27067.0,27102.5,26943.5,27059.5
1685851200,27059.5,27162.0,27026.5,27152.0
1685865600,27152.5,27249.5,27120.0,27193.0
1685880000,27193.5,27283.5,27150.0,27173.0
1685894400,27173.0,27210.0,27149.5,27204.5
1685908800,27204.5,27457.5,27045.0,27115.5
1685923200,27115.0,27119.0,26807.5,26847.5
1685937600,26847.0,26877.0,26759.5,26834.5
1685952000,26835.0,26840.0,26671.5,26779.0
1685966400,26779.5,26808.5,25970.5,25970.5
1685980800,25971.0,26064.5,25386.5,25628.5
1685995200,25628.5,25845.0,25515.5,25721.0
1686009600,25721.0,25778.5,25599.5,25725.0
1686024000,25725.5,25808.5,25703.5,25722.5
1686038400,25722.0,25788.5,25646.0,25682.5
1686052800,25682.5,26132.5,25336.0,26065.0
1686067200,26064.5,27208.5,26064.5,27082.0
1686081600,27081.5,27356.5,26900.0,27224.5
1686096000,27227.0,27387.5,26733.5,26907.0
1686110400,26907.5,26973.0,26761.5,26803.5
1686124800,26804.0,26966.5,26359.5,26886.0
1686139200,26886.0,26900.0,26250.5,26343.0
1686153600,26343.0,26548.5,26236.5,26475.0
1686168000,26475.0,26485.0,26127.0,26342.0
1686182400,26342.0,26460.0,26220.0,26338.5
1686196800,26338.0,26510.5,26291.5,26440.0
1686211200,26440.0,26502.0,26372.0,26430.0
1686225600,26430.0,26824.0,26309.0,26724.0
1686240000,26724.5,26731.5,26420.5,26538.5
1686254400,26538.5,26648.5,26490.5,26498.5
1686268800,26498.0,26585.5,26278.5,26485.5
1686283200,26488.5,26562.5,26424.5,26494.0
1686297600,26494.0,26674.0,26489.0,26608.0
1686312000,26608.5,26776.5,26451.5,26477.5
1686326400,26477.5,26527.5,26387.5,26408.0
1686340800,26408.0,26501.5,26397.5,26483.5
1686355200,26483.5,26528.5,26268.0,26323.0
1686369600,26323.5,26350.5,25450.0,25641.5
1686384000,25641.0,25737.5,25569.5,25726.5
1686398400,25726.5,25728.5,25573.5,25629.5
1686412800,25629.0,26146.5,25339.0,25739.0
1686427200,25738.5,25918.5,25679.5,25835.5
1686441600,25835.5,25860.0,25705.5,25728.0
1686456000,25728.0,25821.0,25650.5,25734.5
1686470400,25734.0,25839.5,25700.5,25796.5
1686484800,25797.0,25805.0,25689.5,25751.5
1686499200,25751.0,26097.0,25740.5,26027.5
1686513600,26027.5,26197.5,25745.5,25921.5
1686528000,25921.0,26015.5,25621.5,25788.0
1686542400,25786.5,25893.5,25753.0,25799.0
1686556800,25799.0,26089.5,25787.0,25988.5
1686571200,25989.0,25991.5,25742.0,25854.0
1686585600,25854.5,25996.5,25694.5,25855.5
1686600000,25855.0,25999.0,25836.5,25932.5
1686614400,25932.0,26191.5,25855.5,26100.0
1686628800,26100.5,26167.5,26023.0,26109.5
1686643200,26109.0,26338.5,26093.0,26225.0
1686657600,26230.5,26484.0,25768.0,25796.0
1686672000,25796.0,26002.5,25778.5,25935.0
1686686400,25938.5,25990.5,25845.5,25944.0
1686700800,25944.5,26060.0,25910.5,25984.5
1686715200,25984.5,26009.5,25841.5,25904.0
1686729600,25898.5,26031.5,25881.0,25970.0
1686744000,25970.5,26081.0,25922.5,25985.0
1686758400,25985.5,26102.0,25759.5,25867.5
1686772800,25867.0,25879.5,24783.5,25124.5
1686787200,25124.5,25205.0,25022.5,25062.0
1686801600,25062.5,25072.0,24865.5,24982.0
1686816000,24982.0,25052.0,24790.0,25012.5
1686830400,25014.5,25101.5,24916.0,24960.5
1686844800,24960.5,25513.0,24931.5,25449.0
1686859200,25449.0,25766.5,25217.5,25592.5
1686873600,25592.5,25603.0,25434.5,25553.5
1686888000,25553.0,25629.0,25475.5,25533.0
1686902400,25533.0,25617.5,25465.0,25475.5
1686916800,25475.0,25899.5,25166.5,25837.5
1686931200,25837.0,26515.5,25767.0,26381.0
1686945600,26381.5,26461.5,26286.0,26338.5
1686960000,26338.5,26371.5,26179.5,26261.0
1686974400,26261.5,26886.0,26243.0,26596.5
1686988800,26596.0,26661.5,26477.0,26511.0
1687003200,26511.5,26590.5,26299.5,26415.5
1687017600,26415.0,26537.5,26375.5,26474.0
1687032000,26474.0,26597.0,26459.0,26511.0
1687046400,26510.5,26550.0,26373.0,26544.5
1687060800,26545.0,26677.0,26471.0,26581.5
1687075200,26581.5,26600.5,26453.5,26497.5
1687089600,26497.5,26573.0,26435.0,26557.5
1687104000,26557.0,26653.5,26514.5,26646.5
1687118400,26647.0,26703.5,26247.5,26347.5
1687132800,26347.0,26472.5,26252.5,26399.5
1687147200,26399.5,26474.5,26362.5,26428.0
1687161600,26427.5,26457.0,26345.0,26442.5
1687176000,26443.0,26576.0,26346.0,26440.5
1687190400,26440.0,27080.0,26301.0,26680.5
1687204800,26680.5,26864.5,26649.5,26844.5
1687219200,26845.0,27176.0,26792.5,26888.0
1687233600,26888.0,27031.0,26747.0,26833.0
1687248000,26833.5,26910.5,26701.5,26904.5
1687262400,26904.0,27133.5,26651.0,27064.0
1687276800,27066.5,28145.5,26989.5,27982.0
1687291200,27981.5,28398.0,27867.5,28292.5
1687305600,28293.0,29119.5,28251.5,28722.0
1687320000,28722.0,29013.0,28686.5,28868.5
1687334400,28870.5,29245.5,28797.0,28924.0
1687348800,28922.5,30022.0,28868.5,29853.5
1687363200,29856.0,30824.5,29764.5,30116.5
1687377600,30116.5,30204.5,29806.5,30010.0
1687392000,30009.0,30506.0,29894.5,30298.0
1687406400,30298.0,30350.0,30015.0,30102.0
1687420800,30102.0,30252.5,29827.5,29931.0
1687435200,29931.0,30356.0,29531.5,29850.5
1687449600,29850.5,30245.0,29820.5,30212.5
1687464000,30212.5,30260.5,29871.0,29887.5
1687478400,29888.0,30063.5,29797.5,30011.5
1687492800,30011.0,30089.5,29927.5,29938.5
1687507200,29939.0,30197.0,29910.5,30137.5
1687521600,30137.5,31466.5,29920.5,31241.5
1687536000,31240.0,31431.5,30618.0,30879.0
1687550400,30879.0,30947.0,30448.0,30688.0
1687564800,30689.0,30794.0,30408.5,30729.0
1687579200,30728.5,30755.5,30562.0,30573.5
1687593600,30573.5,30748.0,30554.5,30683.0
1687608000,30683.0,30796.5,30301.0,30402.5
1687622400,30402.5,30693.5,30247.5,30626.0
1687636800,30623.5,30623.5,30409.5,30535.5
1687651200,30536.0,30787.5,30467.5,30744.5
1687665600,30745.0,31046.0,30663.5,30727.5
1687680000,30728.0,30766.5,30587.5,30716.5
1687694400,30716.5,30744.0,30455.5,30583.0
1687708800,30582.5,30657.5,30322.5,30433.5
1687723200,30433.0,30576.5,30275.5,30474.0
1687737600,30474.0,30560.0,29963.0,30293.0
1687752000,30293.0,30585.5,30159.5,30400.5
1687766400,30400.0,30435.0,30131.0,30327.0
1687780800,30327.0,30666.5,30255.5,30411.5
1687795200,30412.0,30432.0,29917.0,30247.5
1687809600,30247.0,30294.5,30101.0,30271.5
1687824000,30272.0,30504.0,30227.5,30370.5
1687838400,30370.5,30474.5,30239.5,30415.0
1687852800,30413.0,30791.0,30328.5,30723.5
1687867200,30723.5,30997.5,30366.0,30493.5
1687881600,30493.5,30760.5,30452.5,30653.0
1687896000,30652.5,30737.5,30552.0,30687.5
1687910400,30688.0,30704.0,30333.0,30455.5
1687924800,30456.0,30493.0,30150.0,30195.0
1687939200,30194.5,30383.5,30147.5,30298.5
1687953600,30299.0,30498.0,30002.5,30407.5
1687968000,30408.0,30466.5,29837.5,30096.5
1687982400,30093.0,30216.0,29939.0,30080.0
1687996800,30080.0,30248.0,30049.0,30176.5
1688011200,30177.0,30438.0,30140.0,30348.5
1688025600,30348.5,30748.5,30341.5,30669.5
1688040000,30669.0,30844.0,30399.5,30476.0
1688054400,30477.0,30659.0,30415.5,30581.5
1688068800,30581.5,30643.5,30232.0,30456.5
1688083200,30456.0,30884.0,30348.0,30747.5
1688097600,30747.5,31307.5,30616.5,30765.5
1688112000,30765.5,30943.0,30723.0,30902.5
1688126400,30902.0,31131.0,29440.0,30063.5
1688140800,30063.5,30733.5,29927.0,30368.5
1688155200,30367.0,30546.5,30347.0,30473.0
1688169600,30472.0,30535.0,30373.5,30401.0
1688184000,30400.5,30469.0,30320.0,30463.5
1688198400,30463.5,30605.5,30424.0,30522.0
1688212800,30522.5,30665.5,30504.0,30577.0
1688227200,30577.0,30633.5,30539.0,30608.0
1688241600,30608.0,30610.0,30548.0,30591.5
1688256000,30592.0,30659.5,30464.0,30516.0
1688270400,30515.5,30558.5,30478.5,30515.0
1688284800,30515.5,30564.0,30485.5,30545.0
1688299200,30545.0,30637.5,30152.0,30496.0
1688313600,30496.0,30692.0,30365.0,30557.0
1688328000,30557.5,30808.5,30412.5,30616.5
1688342400,30617.0,30796.0,30584.5,30755.5
1688356800,30756.0,30804.0,30620.0,30670.0
1688371200,30669.5,30703.0,30588.5,30632.0
1688385600,30631.0,31173.5,30568.5,31062.0
1688400000,31061.5,31390.5,30830.0,31265.5
1688414400,31266.0,31321.0,30894.0,31158.0
1688428800,31158.0,31324.0,31096.5,31199.5
1688443200,31199.0,31217.5,30888.5,30909.5
1688457600,30909.5,31111.0,30861.0,31095.0
1688472000,31094.5,31112.5,30906.5,30995.5
1688486400,30995.0,31158.5,30647.5,30700.5
1688500800,30700.0,30847.5,30670.5,30767.5
1688515200,30767.0,30877.0,30747.0,30865.0
1688529600,30865.0,30872.5,30760.0,30779.0
1688544000,30779.0,30810.5,30343.5,30410.5
1688558400,30408.0,30445.0,30201.5,30364.5
1688572800,30364.0,30594.5,30338.0,30430.0
1688587200,30430.5,30539.0,30387.0,30497.0
1688601600,30497.0,30562.0,30332.0,30495.5
1688616000,30495.5,30849.0,30436.0,30797.5
1688630400,30797.5,31556.5,30685.0,30845.5
1688644800,30845.5,30883.5,29879.0,30396.5
1688659200,30396.5,30459.0,30159.0,30305.5
1688673600,30304.5,30363.0,29848.5,29893.5
1688688000,29892.0,30169.0,29703.5,30140.5
1688702400,30141.0,30312.5,29942.0,30017.0
1688716800,30014.0,30198.0,29975.5,30118.5
1688731200,30118.5,30444.0,30036.0,30386.5
1688745600,30387.0,30454.5,30111.0,30238.5
1688760000,30237.5,30357.0,30205.5,30347.0
1688774400,30347.5,30386.5,30258.0,30279.5
1688788800,30281.0,30284.0,30143.5,30197.0
1688803200,30197.0,30314.0,30157.5,30204.0
1688817600,30204.5,30241.5,30156.5,30211.0
1688832000,30211.0,30323.5,30037.0,30108.5
1688846400,30108.5,30294.0,30055.5,30285.0
1688860800,30284.5,30400.0,30250.5,30287.0
1688875200,30286.5,30304.5,30237.0,30273.0
1688889600,30273.5,30314.5,30243.5,30270.5
1688904000,30270.5,30457.5,30174.5,30345.5
1688918400,30345.0,30345.5,30204.0,30237.5
1688932800,30237.5,30251.5,30062.0,30162.5
1688947200,30162.5,30259.0,29949.0,30162.0
1688961600,30161.5,30166.5,30055.0,30119.5
1688976000,30119.5,30249.5,29999.0,30241.0
1688990400,30241.5,30369.5,30141.0,30310.0
1689004800,30310.0,30843.5,30235.0,30838.5
1689019200,30838.5,31054.5,30185.5,30413.5
1689033600,30413.0,30604.0,30361.0,30477.5
1689048000,30477.5,30661.5,30438.0,30539.5
1689062400,30541.0,30568.5,30339.5,30408.0
1689076800,30407.5,30819.0,30291.5,30594.0
1689091200,30594.0,30690.5,30408.0,30582.5
1689105600,30582.5,30649.5,30511.5,30620.5
1689120000,30620.0,30671.0,30509.0,30598.0
1689134400,30597.5,30849.0,30570.5,30743.5
1689148800,30744.0,30809.5,30655.5,30776.0
1689163200,30776.0,30978.5,30462.0,30520.5
1689177600,30520.5,30545.5,30205.0,30283.5
1689192000,30284.0,30419.0,30237.0,30381.0
1689206400,30381.0,30440.0,30276.5,30302.0
1689220800,30302.0,30426.5,30255.0,30360.0
1689235200,30360.0,30645.0,30342.0,30541.5
1689249600,30541.5,31196.5,30446.5,30913.0
1689264000,30914.0,31851.0,30721.0,31618.0
1689278400,31617.5,31706.0,31017.5,31455.0
1689292800,31455.0,31647.0,31332.0,31455.5
1689307200,31455.0,31470.5,31078.0,31103.5
1689321600,31104.0,31297.5,31089.5,31216.0
1689336000,31216.0,31366.5,31053.0,31243.0
1689350400,31243.0,31274.5,29889.0,30114.5
1689364800,30112.5,30308.5,29979.5,30300.0
1689379200,30299.5,30388.0,30228.5,30291.0
1689393600,30290.5,30363.0,30250.0,30336.5
1689408000,30336.5,30365.0,30276.5,30307.5
1689422400,30308.0,30370.5,30243.0,30297.0
1689436800,30297.0,30349.0,30247.5,30327.0
1689451200,30327.0,30327.0,30266.5,30291.5
1689465600,30294.0,30333.5,30051.0,30185.0
1689480000,30185.5,30310.0,30135.0,30268.0
1689494400,30268.5,30343.5,30262.0,30301.0
1689508800,30300.5,30439.0,30254.5,30371.0
1689523200,30371.0,30401.5,30186.5,30244.0
1689537600,30247.5,30357.0,30125.0,30228.0
1689552000,30228.5,30329.5,30167.0,30305.5
1689566400,30305.0,30327.0,30232.0,30281.5
1689580800,30282.0,30321.0,29953.5,30152.5
1689595200,30153.0,30310.5,30028.5,30177.5
1689609600,30177.5,30237.5,29650.0,29882.0
1689624000,29882.0,30288.0,29875.0,30138.5
1689638400,30138.5,30243.0,30078.0,30078.0
1689652800,30078.0,30130.5,29923.5,29966.0
1689667200,29966.0,30118.5,29800.5,29885.0
1689681600,29884.5,30026.5,29684.5,29903.0
1689696000,29903.0,29961.5,29486.5,29713.0
1689710400,29713.5,29863.5,29687.5,29852.5
1689724800,29852.5,30072.5,29835.5,30056.0
1689739200,30055.5,30190.0,29967.5,29999.5
1689753600,29999.0,30051.5,29865.5,30011.5
1689768000,30011.5,30135.5,29757.0,29952.0
1689782400,29952.5,30100.0,29863.5,30044.5
1689796800,30043.5,30055.5,29825.5,29912.0
1689811200,29911.5,30053.0,29881.5,29949.0
1689825600,29949.0,30238.0,29924.5,30200.5
1689840000,30200.5,30428.0,30159.5,30278.0
1689854400,30278.0,30320.0,29612.0,29799.5
1689868800,29800.0,29871.0,29552.0,29758.5
1689883200,29758.0,29891.5,29669.5,29805.5
1689897600,29805.5,29945.0,29722.5,29896.0
1689912000,29896.5,29902.0,29747.5,29767.0
1689926400,29767.5,29850.5,29726.0,29780.0
1689940800,29780.5,29916.5,29780.5,29863.5
1689955200,29864.0,30059.5,29766.0,29874.5
1689969600,29875.0,29949.5,29827.5,29894.0
1689984000,29894.0,30005.0,29894.0,29904.5
1689998400,29904.5,29990.0,29847.0,29943.5
1690012800,29943.5,29977.5,29860.5,29882.5
1690027200,29882.5,29913.0,29825.0,29899.0
1690041600,29899.5,29911.0,29799.5,29839.0
1690056000,29839.0,29847.0,29621.5,29793.0
1690070400,29792.5,29897.5,29726.0,29843.0
1690084800,29843.0,29983.5,29842.5,29911.0
1690099200,29911.5,29961.5,29881.5,29889.0
1690113600,29889.5,29927.0,29848.0,29897.5
1690128000,29897.0,30353.5,29897.0,30086.5
1690142400,30086.0,30142.0,29911.5,30079.0
1690156800,30079.5,30097.5,29670.0,29720.5
1690171200,29721.0,29875.0,29659.5,29829.5
1690185600,29829.5,29834.0,28937.0,29269.0
1690200000,29269.0,29269.5,28859.0,29096.0
1690214400,29098.5,29161.5,28998.5,29118.5
1690228800,29118.5,29205.0,29084.0,29173.0
1690243200,29173.5,29183.0,29046.5,29109.5
1690257600,29109.0,29163.0,29068.5,29139.5
1690272000,29139.5,29284.0,29120.5,29131.5
1690286400,29132.0,29342.0,29082.0,29180.5
1690300800,29180.5,29374.0,29180.5,29198.0
1690315200,29198.0,29252.0,29177.5,29222.0
1690329600,29222.5,29413.0,29098.0,29243.0
1690344000,29243.5,29322.0,29189.5,29216.0
1690358400,29216.0,29237.5,29153.0,29174.5
1690372800,29174.5,29351.0,29161.0,29315.0
1690387200,29315.0,29499.5,29191.5,29398.0
1690401600,29400.0,29679.5,29281.5,29352.0
1690416000,29352.0,29454.0,29302.0,29410.0
1690430400,29410.0,29499.5,29379.5,29413.5
1690444800,29412.5,29570.0,29394.5,29508.0
1690459200,29511.0,29511.0,29238.5,29293.0
1690473600,29292.5,29335.0,29079.5,29170.5
1690488000,29170.0,29238.0,29132.0,29228.0
1690502400,29227.5,29315.5,29189.5,29257.0
1690516800,29257.0,29269.0,29140.5,29143.5
1690531200,29143.5,29249.0,29127.5,29209.5
1690545600,29208.5,29546.0,29208.5,29394.5
1690560000,29394.5,29410.0,29202.5,29315.5
1690574400,29314.0,29365.5,29284.5,29313.0
1690588800,29313.0,29391.0,29294.0,29369.0
1690603200,29369.5,29411.0,29290.0,29300.5
1690617600,29300.0,29335.0,29257.5,29273.5
1690632000,29273.0,29349.5,29260.0,29303.0
1690646400,29303.0,29347.5,29291.0,29339.0
1690660800,29339.0,29382.5,29339.0,29348.5
1690675200,29349.0,29356.0,29306.0,29319.0
1690689600,29319.5,29335.5,29270.5,29299.0
1690704000,29299.0,29329.0,29228.0,29312.0
1690718400,29313.0,29450.0,29276.5,29347.0
1690732800,29347.0,29409.0,29108.0,29200.5
1690747200,29198.0,29297.5,29028.0,29285.0
1690761600,29284.5,29544.5,29262.0,29428.0
1690776000,29431.5,29457.0,29373.5,29386.0
1690790400,29386.0,29428.5,29333.5,29414.0
1690804800,29413.5,29480.5,29219.0,29245.0
1690819200,29244.5,29284.0,29113.5,29162.5
1690833600,29163.5,29302.5,29122.0,29231.5
1690848000,29231.0,29347.5,28685.5,28834.0
1690862400,28834.5,28967.5,28805.0,28927.0
1690876800,28927.0,28989.0,28863.0,28865.0
1690891200,28865.0,28981.5,28564.5,28953.5
1690905600,28953.5,29337.0,28863.0,29270.0
1690920000,29269.0,29744.0,29175.5,29711.5
1690934400,29711.0,30044.0,29627.0,29643.5
1690948800,29643.5,29733.5,29574.0,29592.5
1690963200,29592.5,29592.5,29400.5,29563.0
1690977600,29563.0,29619.0,29171.0,29331.5
1690992000,29331.0,29381.0,28924.0,29155.5
1691006400,29156.0,29241.0,29070.5,29183.5
1691020800,29183.0,29285.0,29135.0,29188.5
1691035200,29189.0,29200.0,29027.5,29053.5
1691049600,29053.5,29199.5,28970.0,29148.5
1691064000,29148.5,29434.0,29080.0,29259.5
1691078400,29259.5,29384.0,29140.5,29286.5
1691092800,29286.5,29369.0,29162.5,29199.0
1691107200,29199.0,29257.5,29099.0,29162.5
1691121600,29162.5,29253.5,29131.5,29211.5
1691136000,29212.0,29261.5,29134.0,29165.5
1691150400,29165.0,29330.0,29124.5,29268.0
1691164800,29268.5,29282.5,28940.5,29026.5
1691179200,29026.5,29123.5,28790.5,29111.0
1691193600,29111.0,29153.0,29058.5,29096.0
1691208000,29096.0,29096.5,29031.0,29053.0
1691222400,29052.5,29088.0,29040.5,29044.5
1691236800,29044.5,29079.5,28978.5,29016.0
1691251200,29016.0,29081.0,28982.5,29043.0
1691265600,29043.0,29066.5,29029.5,29044.0
1691280000,29043.5,29059.0,29006.5,29042.5
1691294400,29043.0,29088.0,29015.5,29070.5
1691308800,29070.5,29117.5,29017.5,29048.0
1691323200,29048.5,29049.0,28964.0,28983.0
1691337600,28983.5,29111.0,28973.5,29102.5
1691352000,29102.5,29219.5,29046.5,29098.5
1691366400,29098.0,29242.5,29032.0,29170.0
1691380800,29169.5,29207.5,29064.5,29110.0
1691395200,29110.5,29162.5,29061.0,29104.0
1691409600,29104.0,29163.0,28807.0,28868.5
1691424000,28868.5,29207.5,28709.5,29172.0
1691438400,29172.5,29291.0,29133.0,29220.5
1691452800,29221.0,29275.5,29149.0,29207.0
1691467200,29207.5,29348.0,29195.0,29197.0
1691481600,29197.0,29454.5,29185.5,29445.0
1691496000,29450.5,29683.0,29363.0,29545.0
1691510400,29544.5,29974.0,29544.0,29884.0
1691524800,29884.0,30266.5,29704.0,29784.5
1691539200,29785.0,29891.5,29672.0,29733.0
1691553600,29733.0,29833.5,29683.5,29832.0
1691568000,29833.0,29925.5,29753.0,29899.5
1691582400,29900.0,30150.0,29683.5,29771.5
1691596800,29772.0,29787.5,29402.0,29431.0
1691611200,29434.0,29641.5,29391.5,29595.5
1691625600,29595.5,29674.5,29579.5,29597.5
1691640000,29598.0,29636.5,29505.0,29531.0
1691654400,29531.5,29571.5,29486.0,29513.5
1691668800,29514.0,29751.0,29406.5,29479.0
1691683200,29479.0,29495.0,29340.5,29456.5
1691697600,29456.5,29505.5,29433.0,29471.0
1691712000,29471.0,29520.0,29365.5,29427.5
1691726400,29427.5,29498.5,29394.0,29432.0
1691740800,29432.0,29464.5,29365.5,29455.5
1691755200,29455.5,29580.0,29366.0,29409.0
1691769600,29409.0,29443.5,29256.0,29415.0
1691784000,29417.5,29461.5,29412.5,29446.5
1691798400,29446.0,29474.0,29391.0,29414.5
1691812800,29414.0,29441.5,29396.0,29433.5
1691827200,29433.5,29446.5,29402.0,29436.0
1691841600,29435.5,29473.0,29417.0,29453.5
1691856000,29454.5,29500.5,29422.0,29432.0
1691870400,29431.5,29447.5,29410.0,29443.5
1691884800,29443.5,29477.5,29413.5,29431.5
1691899200,29431.0,29431.5,29376.0,29415.5
1691913600,29415.5,29431.0,29382.0,29395.5
1691928000,29395.5,29413.5,29377.5,29387.5
1691942400,29387.5,29491.0,29343.5,29453.0
1691956800,29453.0,29463.0,29286.5,29319.0
1691971200,29319.0,29435.5,29105.5,29410.0
1691985600,29410.0,29482.0,29399.5,29431.5
1692000000,29431.5,29509.0,29392.0,29423.0
1692014400,29422.5,29691.0,29341.5,29619.0
1692028800,29619.0,29709.0,29261.0,29370.0
1692043200,29370.0,29486.5,29346.0,29442.5
1692057600,29443.5,29467.0,29387.0,29414.0
1692072000,29414.5,29447.5,29364.0,29421.5
1692086400,29422.0,29470.0,29370.5,29383.5
1692100800,29383.5,29514.0,29327.5,29344.5
1692115200,29344.5,29386.0,29092.0,29195.0
1692129600,29193.5,29266.0,29149.5,29214.5
1692144000,29214.5,29276.0,29202.5,29242.0
1692158400,29242.0,29250.0,29126.5,29211.5
1692172800,29211.5,29233.0,29115.5,29172.5
1692187200,29171.5,29224.5,29057.0,29115.5
1692201600,29115.5,29249.0,28937.5,29126.0
1692216000,29126.5,29159.5,28701.5,28707.5
1692230400,28707.5,28765.5,28293.0,28627.0
1692244800,28627.0,28675.5,28570.5,28595.5
1692259200,28595.5,28613.0,28466.5,28520.5
1692273600,28520.5,28552.5,27843.5,27905.5
1692288000,27906.0,28063.5,27642.5,27875.5
1692302400,27875.5,27903.5,24106.0,26614.0
1692316800,26614.0,26827.5,26330.5,26411.0
1692331200,26411.0,26613.0,26153.0,26432.0
1692345600,26433.5,26602.5,26379.5,26485.0
1692360000,26485.0,26495.0,25940.5,26008.0
1692374400,26009.5,26314.5,25598.0,26065.0
1692388800,26065.5,26239.0,26012.5,26068.0
1692403200,26068.0,26170.0,25933.5,25979.5
1692417600,25979.5,26011.5,25799.5,25918.0
1692432000,25918.0,26001.5,25887.5,25903.0
1692446400,25902.5,26221.5,25870.5,26207.0
1692460800,26207.0,26269.5,26026.5,26121.5
1692475200,26122.0,26150.5,26026.5,26110.0
1692489600,26110.0,26216.0,26054.0,26109.0
1692504000,26108.5,26166.5,26050.0,26079.0
1692518400,26079.0,26198.0,26050.0,26173.5
1692532800,26173.0,26218.0,25960.5,26105.0
1692547200,26105.0,26164.5,26002.0,26133.0
1692561600,26132.5,26307.0,26131.5,26196.5
1692576000,26196.5,26205.0,26068.0,26091.0
1692590400,26091.0,26173.5,25993.5,26018.5
1692604800,26018.0,26076.5,25874.5,26019.0
1692619200,26019.0,26206.5,25809.0,25947.0
1692633600,25947.5,26178.0,25943.5,26107.5
1692648000,26108.0,26267.5,26086.0,26133.5
1692662400,26134.0,26147.0,26029.5,26060.5
1692676800,26060.0,26127.0,26003.5,26113.0
1692691200,26113.0,26117.0,26035.5,26060.0
1692705600,26059.5,26108.0,25912.5,25937.5
1692720000,25937.5,26054.5,25719.0,25781.5
1692734400,25781.5,26068.5,25305.5,26054.0
1692748800,26054.5,26189.5,25991.0,26004.0
1692763200,26004.5,26185.5,25980.0,26059.5
1692777600,26059.5,26100.5,25901.5,25939.0
1692792000,25939.0,26184.5,25813.0,26142.0
1692806400,26142.5,26833.5,26123.0,26631.0
1692820800,26631.5,26728.5,26217.5,26438.5
1692835200,26437.5,26553.5,26358.0,26448.5
1692849600,26448.0,26520.5,26390.0,26477.5
1692864000,26477.5,26588.0,26418.0,26452.5
1692878400,26453.5,26453.5,26002.0,26014.0
1692892800,26012.5,26176.5,25862.0,26050.5
1692907200,26050.0,26221.0,25935.0,26186.5
1692921600,26186.0,26200.0,26022.0,26117.5
1692936000,26117.5,26124.0,25984.5,25992.0
1692950400,25992.5,26141.5,25990.5,26108.0
1692964800,26107.5,26324.0,25779.0,25930.0
1692979200,25929.0,26065.0,25829.0,25972.0
1692993600,25973.0,26089.5,25957.0,26060.0
1693008000,26060.5,26127.5,26031.0,26085.0
1693022400,26085.0,26086.0,26045.5,26049.5
1693036800,26049.5,26061.0,26004.5,26053.0
1693051200,26053.0,26080.5,25987.0,26052.5
1693065600,26053.0,26061.0,26006.0,26036.5
1693080000,26037.0,26053.0,25990.0,26020.0
1693094400,26020.0,26033.5,25967.0,26021.0
1693108800,26021.5,26049.0,26021.0,26038.0
1693123200,26037.5,26094.0,26029.0,26059.0
1693137600,26058.5,26184.0,26048.5,26136.5
1693152000,26136.0,26190.0,26041.5,26132.5
1693166400,26132.0,26143.0,26047.5,26113.0
1693180800,26112.5,26117.5,25994.5,26014.5
1693195200,26014.5,26039.0,25867.0,25935.0
1693209600,25934.5,26008.5,25861.0,26005.0
1693224000,26005.5,26254.5,25991.5,26103.0
1693238400,26103.0,26199.0,25914.0,25983.0
1693252800,25982.5,26170.0,25937.5,26116.0
1693267200,26116.0,26206.5,26065.5,26082.0
1693281600,26082.0,26096.0,25993.0,26005.5
1693296000,26004.5,26048.5,25921.0,25977.5
1693310400,25977.0,27704.0,25963.5,27429.5
1693324800,27428.5,28184.5,27358.0,27839.5
1693339200,27839.5,27897.0,27547.0,27730.0
1693353600,27730.0,27782.5,27295.0,27403.0
1693368000,27406.5,27485.0,27383.5,27450.0
1693382400,27449.5,27508.0,27320.5,27353.0
1693396800,27352.5,27473.0,27007.5,27218.5
1693411200,27217.5,27300.0,27079.5,27185.0
1693425600,27190.0,27354.0,27187.0,27307.5
1693440000,27307.0,27307.0,27191.5,27231.0
1693454400,27232.0,27305.0,27225.5,27274.5
1693468800,27275.0,27598.0,27201.0,27314.0
1693483200,27313.5,27328.0,26789.5,26919.5
1693497600,26916.5,26923.0,25922.5,26163.5
1693512000,26163.5,26190.5,25664.0,25941.5
1693526400,25942.0,26113.0,25929.5,26093.0
1693540800,26093.0,26109.0,25994.5,26006.5
1693555200,26006.5,26087.0,25975.5,26058.0
1693569600,26058.0,26166.5,25564.5,25827.5
1693584000,25827.5,25981.0,25324.5,25665.5
1693598400,25670.0,25952.0,25588.5,25823.5
1693612800,25823.0,25861.0,25770.5,25815.5
1693627200,25815.5,25863.5,25780.5,25808.5
1693641600,25809.0,25876.0,25793.0,25829.5
1693656000,25830.0,26000.5,25805.0,25907.5
1693670400,25907.0,25954.5,25780.0,25852.5
1693684800,25851.5,25924.5,25834.0,25890.5
1693699200,25890.0,25925.5,25845.0,25880.5
1693713600,25881.0,25965.5,25881.0,25961.5
1693728000,25961.5,25965.5,25890.5,25959.5
1693742400,25959.0,26095.5,25821.5,25884.0
1693756800,25884.0,26058.5,25816.5,26026.0
1693771200,26025.5,26156.0,25943.5,25987.0
1693785600,25987.5,26121.0,25894.0,25999.5
1693800000,25999.5,26035.5,25931.0,25984.5
1693814400,25984.5,26027.0,25885.5,25910.5
1693828800,25910.5,25985.5,25737.0,25831.5
1693843200,25832.0,25966.5,25825.0,25909.5
1693857600,25909.0,25939.5,25638.0,25840.0
1693872000,25840.0,25859.0,25573.5,25705.0
1693886400,25705.0,25774.5,25690.5,25753.0
1693900800,25753.0,25822.0,25666.0,25795.0
1693915200,25795.5,25920.0,25635.5,25776.5
1693929600,25776.5,25860.5,25697.0,25697.5
1693944000,25697.0,25819.5,25689.0,25806.0
1693958400,25806.0,25880.5,25787.5,25796.0
1693972800,25796.0,25818.0,25752.0,25754.5
1693987200,25754.5,25808.0,25744.0,25761.0
1694001600,25761.0,25812.5,25567.0,25625.0
1694016000,25625.0,26072.5,25401.0,25703.5
1694030400,25704.0,25803.0,25666.0,25776.0
1694044800,25776.0,25853.0,25734.5,25852.0
1694059200,25852.0,25863.0,25757.5,25779.0
1694073600,25779.0,25779.0,25702.5,25718.0
1694088000,25718.0,25855.0,25626.5,25798.5
1694102400,25798.5,25994.5,25789.5,25893.5
1694116800,25893.5,26449.5,25868.5,26267.0
1694131200,26269.5,26458.5,26215.5,26268.0
1694145600,26268.5,26399.5,26207.5,26274.0
1694160000,26274.0,26288.5,25657.0,25851.5
1694174400,25851.5,25967.0,25807.5,25859.0
1694188800,25858.5,25917.0,25736.0,25917.0
1694203200,25917.0,25951.0,25866.0,25929.0
1694217600,25929.0,25929.0,25865.5,25892.5
1694232000,25892.5,25912.5,25854.0,25899.5
1694246400,25899.5,25923.0,25864.0,25877.5
1694260800,25878.5,25946.0,25810.5,25906.0
1694275200,25905.5,25966.0,25864.0,25884.5
1694289600,25884.5,25936.5,25871.0,25914.0
1694304000,25913.5,25915.0,25843.5,25879.0
1694318400,25878.5,25894.5,25768.0,25870.0
1694332800,25871.0,25886.5,25807.5,25814.5
1694347200,25815.0,25854.5,25726.0,25790.5
1694361600,25790.5,25884.0,25567.5,25817.5
1694376000,25817.5,26056.5,25790.0,25853.5
1694390400,25853.5,25894.5,25670.5,25755.0
1694404800,25755.0,25925.0,25735.5,25834.0
1694419200,25834.0,25850.0,25588.5,25618.0
1694433600,25618.5,25772.5,24939.0,25110.0
1694448000,25108.5,25245.0,24991.5,25021.0
1694462400,25019.5,25218.5,24888.5,25166.0
1694476800,25166.5,25960.0,25131.0,25800.0
1694491200,25800.5,25992.0,25610.0,25840.0
1694505600,25840.0,26366.0,25753.5,26115.5
1694520000,26116.0,26421.0,26051.5,26224.0
1694534400,26224.0,26612.5,25896.5,26075.0
1694548800,26075.0,26175.5,25808.5,25860.0
1694563200,25859.5,26006.5,25778.0,25901.0
1694577600,25901.5,26129.0,25868.5,25895.5
1694592000,25895.0,26261.0,25878.5,26210.0
1694606400,26211.0,26418.5,26037.0,26267.0
1694620800,26269.0,26442.5,26071.5,26162.0
1694635200,26163.0,26332.5,26162.0,26245.5
1694649600,26245.5,26578.5,26138.5,26291.5
1694664000,26291.5,26416.5,26182.5,26369.0
1694678400,26368.5,26516.5,26293.5,26465.5
1694692800,26465.5,26826.0,26363.0,26711.5
1694707200,26711.5,26887.5,26565.5,26692.0
1694721600,26692.0,26742.0,26498.5,26552.5
1694736000,26552.5,26646.0,26475.5,26636.0
1694750400,26636.5,26681.5,26572.5,26596.5
1694764800,26595.5,26710.0,26395.0,26446.5
1694779200,26448.0,26542.5,26234.0,26336.0
1694793600,26336.0,26460.0,26327.0,26414.0
1694808000,26415.0,26905.0,26385.5,26613.0
1694822400,26613.0,26794.5,26579.5,26628.5
1694836800,26629.0,26637.5,26475.0,26509.5
1694851200,26509.5,26605.0,26456.0,26540.0
1694865600,26539.5,26599.5,26494.0,26527.0
1694880000,26527.0,26642.5,26514.0,26545.0
1694894400,26545.0,26590.0,26516.5,26571.5
1694908800,26572.0,26572.0,26428.5,26537.5
1694923200,26538.0,26579.0,26509.0,26510.5
1694937600,26510.0,26633.5,26503.0,26575.0
1694952000,26575.5,26608.0,26529.5,26558.5
1694966400,26559.0,26561.0,26470.0,26516.0
1694980800,26516.0,26551.5,26410.5,26538.5
1694995200,26538.5,26763.0,26385.5,26666.0
1695009600,26666.0,26810.5,26571.0,26725.5
1695024000,26725.5,27240.0,26689.0,27198.0
1695038400,27198.0,27413.5,27136.0,27267.0
1695052800,27267.5,27307.0,26620.0,26813.5
1695067200,26813.5,26878.5,26728.5,26760.5
1695081600,26760.5,26838.0,26668.5,26818.0
1695096000,26818.0,26870.5,26751.5,26843.0
1695110400,26843.0,27477.5,26843.0,27236.0
1695124800,27236.5,27480.0,26877.0,27418.5
1695139200,27419.0,27487.0,27071.0,27183.0
1695153600,27183.0,27228.0,26984.0,27206.5
1695168000,27206.5,27387.0,27081.5,27118.5
1695182400,27118.5,27161.0,26935.0,27102.5
1695196800,27102.0,27193.0,26944.5,27098.5
1695211200,27099.0,27243.0,26991.0,27179.0
1695225600,27179.5,27299.0,26776.0,26926.5
1695240000,26927.0,27249.0,26917.0,27118.5
1695254400,27119.0,27160.5,26932.5,27039.5
1695268800,27040.0,27100.0,26980.5,26994.5
1695283200,26994.5,27018.0,26623.0,26734.5
1695297600,26734.5,26780.0,26374.5,26585.0
1695312000,26585.0,26698.5,26547.5,26595.5
1695326400,26596.0,26621.0,26492.5,26563.0
1695340800,26563.0,26669.5,26464.0,26626.5
1695355200,26627.0,26706.5,26575.5,26672.5
1695369600,26672.5,26746.0,26588.5,26643.0
1695384000,26644.0,26699.0,26557.0,26633.5
1695398400,26633.5,26648.0,26522.0,26533.5
1695412800,26533.5,26596.5,26484.5,26578.5
1695427200,26579.0,26620.0,26523.0,26534.0
1695441600,26533.5,26587.0,26513.0,26583.5
1695456000,26583.5,26593.0,26548.5,26573.0
1695470400,26573.0,26585.0,26540.5,26575.0
1695484800,26574.5,26633.0,26550.5,26605.5
1695499200,26603.0,26612.0,26553.0,26572.5
1695513600,26571.5,26585.0,26551.0,26565.5
1695528000,26565.5,26569.0,26540.5,26558.0
1695542400,26558.0,26610.0,26555.5,26594.0
1695556800,26594.0,26625.0,26555.5,26578.0
1695571200,26577.0,26739.5,26316.0,26447.5
1695585600,26447.0,26526.0,26099.0,26230.0
1695600000,26230.0,26336.5,25985.5,26159.5
1695614400,26159.5,26197.0,26037.5,26185.5
1695628800,26185.5,26229.0,26012.5,26065.0
1695643200,26065.5,26299.0,25988.5,26234.5
1695657600,26235.0,26422.5,26205.5,26322.0
1695672000,26322.5,26438.0,26251.0,26292.5
1695686400,26293.0,26389.5,26224.0,26344.0
1695700800,26344.0,26356.0,26245.0,26263.5
1695715200,26263.5,26326.0,26174.5,26264.5
1695729600,26264.5,26299.5,26088.5,26125.0
1695744000,26125.5,26298.5,26114.0,26246.0
1695758400,26246.0,26286.0,26090.5,26223.5
1695772800,26224.5,26288.5,26203.0,26274.5
1695787200,26275.0,26292.5,26231.0,26243.0
1695801600,26243.5,26847.5,26216.0,26772.0
1695816000,26772.0,26856.0,26167.0,26311.5
1695830400,26311.0,26322.5,26109.5,26278.0
1695844800,26278.5,26390.5,26234.5,26379.5
1695859200,26379.5,26561.5,26342.0,26384.0
1695873600,26384.0,26511.0,26353.0,26462.5
1695888000,26462.5,26634.5,26388.5,26482.5
1695902400,26483.0,27081.0,26471.0,27027.5
1695916800,27033.5,27329.0,26859.0,27107.5
1695931200,27107.5,27166.0,26897.5,27028.0
1695945600,27028.0,27141.0,26877.0,26967.5
1695960000,26967.5,27254.5,26903.5,27186.0
1695974400,27185.5,27188.0,26966.5,26977.5
1695988800,26977.0,27119.0,26672.0,26897.0
1696003200,26897.0,26966.5,26752.0,26936.5
1696017600,26936.5,26995.5,26875.5,26919.0
1696032000,26919.0,26955.0,26894.0,26924.5
1696046400,26924.5,26974.5,26918.5,26939.5
1696060800,26939.5,27008.0,26926.5,26945.5
1696075200,26945.5,27100.0,26914.0,27001.5
1696089600,27001.5,27055.0,26978.0,27028.0
1696104000,27028.0,27092.0,26946.0,26970.5
1696118400,26971.0,27057.0,26961.5,27052.5
1696132800,27052.5,27173.0,27027.0,27114.5
1696147200,27114.5,27301.0,27091.5,27193.5
1696161600,27194.0,27241.5,27088.5,27154.0
1696176000,27153.0,27163.5,27045.5,27112.5
1696190400,27112.5,28529.5,27041.0,28003.0
1696204800,28003.5,28227.5,27821.0,28122.5
1696219200,28125.5,28432.5,27925.5,28309.5
1696233600,28310.0,28491.5,28193.0,28197.0
1696248000,28196.5,28599.0,27977.5,28024.0
1696262400,28024.0,28125.0,27627.5,27971.5
1696276800,27969.0,27969.0,27273.0,27494.5
1696291200,27494.5,27634.0,27379.5,27594.5
1696305600,27594.5,27666.0,27518.0,27539.5
1696320000,27540.0,27639.0,27467.5,27557.5
1696334400,27558.0,27592.5,27227.0,27333.5
1696348800,27333.0,27485.0,27245.0,27271.0
1696363200,27271.0,27462.5,27154.5,27417.5
1696377600,27417.0,27504.5,27192.5,27423.5
1696392000,27424.0,27450.5,27342.0,27450.5
1696406400,27451.0,27656.0,27429.0,27584.5
1696420800,27584.5,27641.5,27321.5,27404.0
1696435200,27403.0,27841.0,27398.0,27614.5
1696449600,27615.0,27827.5,27558.0,27772.5
1696464000,27772.5,27896.5,27644.5,27650.0
1696478400,27649.0,27696.5,27548.5,27605.5
1696492800,27605.5,27790.5,27585.5,27740.5
1696507200,27740.5,28131.5,27387.0,27546.5
1696521600,27546.5,27610.5,27347.0,27464.0
1696536000,27464.0,27506.0,27377.5,27407.0
1696550400,27407.5,27588.5,27392.5,27555.0
1696564800,27555.5,27654.5,27458.0,27639.5
1696579200,27640.0,27801.0,27582.5,27756.5
1696593600,27757.5,28054.5,27165.5,27940.0
1696608000,27940.5,28048.5,27789.5,27949.5
1696622400,27950.0,28314.0,27881.0,27927.5
1696636800,27927.5,27959.5,27844.5,27903.5
1696651200,27902.5,27945.0,27873.0,27895.0
1696665600,27894.5,28027.5,27880.5,27956.0
1696680000,27955.5,28001.5,27902.5,27947.0
1696694400,27947.0,27969.5,27846.0,27864.5
1696708800,27864.5,27967.0,27850.5,27958.5
1696723200,27958.5,28099.5,27949.0,28066.5
1696737600,28067.0,28077.5,27880.0,27911.0
1696752000,27911.0,27946.0,27776.5,27812.5
1696766400,27812.5,28014.0,27680.5,27905.5
1696780800,27907.5,27956.0,27812.5,27896.5
1696795200,27896.5,27994.5,27798.0,27925.5
1696809600,27925.5,28000.5,27796.0,27929.0
1696824000,27929.0,27956.5,27819.0,27822.0
1696838400,27821.5,27849.0,27380.0,27436.0
1696852800,27436.5,27579.0,27355.0,27444.0
1696867200,27444.0,27748.5,27256.5,27619.5
1696881600,27619.0,27651.5,27554.5,27587.5
1696896000,27588.5,27696.5,27490.0,27631.5
1696910400,27631.5,27711.5,27578.0,27650.5
1696924800,27649.5,27736.0,27493.5,27499.5
1696939200,27500.5,27628.0,27330.5,27395.5
1696953600,27395.5,27505.5,27285.0,27386.5
1696968000,27386.5,27467.0,27313.0,27377.5
1696982400,27378.5,27468.5,26993.0,26998.0
1696996800,26998.5,27129.0,26943.5,27010.0
1697011200,27010.0,27327.0,27002.5,27188.0
1697025600,27188.5,27254.5,26690.5,26765.5
1697040000,26766.5,26788.5,26523.5,26757.0
1697054400,26757.5,26875.0,26670.0,26865.5
1697068800,26865.5,26935.5,26727.5,26838.0
1697083200,26838.0,26910.0,26770.5,26797.5
1697097600,26798.0,26859.0,26645.5,26823.5
1697112000,26823.5,26853.5,26598.5,26661.0
1697126400,26661.0,26793.5,26538.5,26707.0
1697140800,26706.0,26773.0,26698.0,26751.0
1697155200,26750.5,26869.5,26742.0,26770.5
1697169600,26770.5,26933.0,26763.5,26860.0
1697184000,26860.0,26892.5,26721.5,26811.0
1697198400,26811.0,26964.5,26671.5,26695.5
1697212800,26695.5,26798.5,26669.0,26770.5
1697227200,26770.5,27118.0,26732.5,26849.5
1697241600,26850.0,26974.5,26827.5,26917.5
1697256000,26917.5,26926.5,26829.5,26861.0
1697270400,26861.0,26894.5,26836.5,26863.0
1697284800,26863.0,26937.0,26839.0,26932.0
1697299200,26932.0,26944.0,26832.0,26851.5
1697313600,26852.0,26872.0,26769.0,26835.5
1697328000,26835.0,26896.0,26794.0,26865.5
1697342400,26865.5,26873.5,26853.0,26871.5
1697356800,26871.5,26908.5,26829.0,26845.0
1697371200,26844.0,26956.5,26796.5,26883.5
1697385600,26883.0,27069.5,26876.5,27028.0
1697400000,27027.5,27281.0,27002.0,27137.5
1697414400,27139.0,27267.0,27092.5,27219.5
1697428800,27219.5,27971.5,27178.5,27854.0
1697443200,27853.5,27910.5,27652.0,27764.0
1697457600,27764.0,30660.0,27717.0,28072.0
1697472000,28071.5,28821.5,28065.0,28478.5
1697486400,28477.0,28655.0,28234.5,28498.0
1697500800,28498.0,28549.0,28240.5,28283.0
1697515200,28280.0,28476.0,28077.5,28428.0
1697529600,28427.5,28616.0,28356.5,28426.5
1697544000,28426.0,28592.5,28138.5,28480.5
1697558400,28480.5,28625.0,28320.5,28529.0
1697572800,28528.5,28574.5,28392.0,28412.0
1697587200,28412.5,28532.5,28340.0,28529.5
1697601600,28529.5,29004.5,28454.5,28493.0
1697616000,28493.5,28599.5,28211.0,28344.0
1697630400,28344.0,28411.5,28131.0,28249.5
1697644800,28250.0,28434.0,28230.0,28244.0
1697659200,28250.5,28376.0,28186.0,28323.5
1697673600,28322.5,28418.5,28099.5,28254.0
1697688000,28254.5,28347.0,28226.0,28325.0
1697702400,28325.0,28529.0,28279.5,28457.0
1697716800,28457.5,28825.0,28417.5,28671.5
1697731200,28672.5,28929.5,28446.5,28744.5
1697745600,28745.5,28877.5,28591.0,28706.5
1697760000,28705.5,29409.5,28564.0,29229.0
1697774400,29229.0,29416.5,29117.5,29236.0
1697788800,29236.5,30296.5,29225.0,29867.5
1697803200,29866.5,29934.0,29401.5,29570.5
1697817600,29570.5,29610.5,29330.5,29575.5
1697832000,29575.5,29799.5,29524.5,29679.5
1697846400,29679.5,29713.5,29482.5,29623.5
1697860800,29623.0,29751.5,29559.5,29712.0
1697875200,29712.0,29892.5,29649.0,29819.0
1697889600,29819.5,30007.0,29696.5,29949.0
1697904000,29948.5,30392.0,29856.0,30148.5
1697918400,30148.5,30165.0,29845.0,29912.0
1697932800,29912.0,30075.0,29837.0,29910.0
1697947200,29910.5,30287.5,29623.5,29807.5
1697961600,29807.0,29988.5,29767.5,29905.5
1697976000,29905.5,29965.0,29774.0,29822.0
1697990400,29822.5,29947.0,29800.5,29849.0
1698004800,29849.0,30071.5,29709.0,29992.5
1698019200,29991.5,30806.0,29873.0,30729.5
1698033600,30730.0,30979.5,30422.0,30518.5
1698048000,30518.5,30790.0,30354.5,30662.5
1698062400,30662.5,30976.0,30397.5,30872.0
1698076800,30872.0,31433.5,30654.5,31356.0
1698091200,31356.5,35990.0,31317.0,33099.0
1698105600,33099.0,35299.0,32857.5,34086.0
1698120000,34086.0,34593.5,33719.5,34019.5
1698134400,34023.5,34877.0,33959.0,34538.5
1698148800,34534.5,34841.0,33229.0,33675.0
1698163200,33675.0,34435.0,33373.0,33796.0
1698177600,33796.0,34309.5,33493.5,33916.5
1698192000,33916.5,34383.0,33767.5,34004.0
1698206400,34004.0,34205.5,33670.5,33855.5
1698220800,33855.5,34454.0,33777.0,34194.5
1698235200,34194.0,35039.5,34194.0,34839.0
1698249600,34839.5,35152.0,34379.0,34733.5
1698264000,34734.0,34849.5,34245.5,34499.5
1698278400,34499.5,34834.0,34423.0,34793.0
1698292800,34793.5,34816.5,34406.0,34653.5
1698307200,34652.5,34755.5,33977.5,34171.5
1698321600,34170.5,34442.0,33855.0,34042.5
1698336000,34042.0,34125.5,33738.0,34036.0
1698350400,34036.5,34281.5,34011.5,34149.0
1698364800,34148.5,34172.0,33769.0,34117.5
1698379200,34117.5,34246.5,33926.0,33950.0
1698393600,33949.5,34207.5,33942.5,34049.5
1698408000,34049.0,34209.0,33810.5,33990.0
1698422400,33990.0,34029.5,33341.5,33693.5
1698436800,33693.5,33945.5,33667.5,33882.0
1698451200,33882.0,34173.0,33857.0,34059.0
1698465600,34058.5,34177.5,34012.0,34046.0
1698480000,34045.5,34547.0,34026.0,34187.5
1698494400,34187.5,34244.5,33920.0,34195.5
1698508800,34195.5,34239.5,34083.0,34119.5
1698523200,34120.0,34205.0,34058.0,34088.0
1698537600,34088.5,34113.5,33945.5,33970.5
1698552000,33970.5,34147.0,33926.5,34085.0
1698566400,34085.0,34338.0,34080.5,34264.5
1698580800,34265.0,34578.0,34264.5,34441.5
1698595200,34441.5,34768.5,34371.5,34557.0
1698609600,34556.5,34724.0,34399.5,34517.5
1698624000,34517.0,34566.0,34148.5,34259.0
1698638400,34257.0,34340.5,34093.5,34176.5
1698652800,34177.0,34684.0,34140.0,34611.0
1698667200,34611.5,34887.0,34460.5,34652.0
1698681600,34652.0,34652.5,34028.5,34436.0
1698696000,34439.0,34568.5,34320.5,34471.0
1698710400,34471.5,34612.0,34204.0,34215.5
1698724800,34215.5,34351.5,34082.0,34150.5
1698739200,34150.5,34551.0,34029.5,34493.0
1698753600,34493.0,34523.5,34101.0,34272.5
1698768000,34272.5,34614.5,34224.0,34543.5
1698782400,34539.0,34738.5,34426.5,34641.0
1698796800,34641.0,34673.0,34397.5,34418.0
1698811200,34418.0,34506.5,34319.5,34449.5
1698825600,34450.5,34505.0,34316.0,34409.5
1698840000,34409.5,35246.5,34057.5,34284.0
1698854400,34284.5,34759.0,34272.5,34571.5
1698868800,34572.0,35717.5,34545.5,35414.0
1698883200,35414.0,35989.5,35356.0,35566.0
1698897600,35565.5,35603.5,35062.5,35283.5
1698912000,35283.5,35484.5,35092.5,35377.5
1698926400,35377.5,35464.5,34522.0,34621.0
1698940800,34622.0,35021.0,34291.5,34993.5
1698955200,35001.5,35103.0,34707.5,34947.5
1698969600,34947.5,34953.0,34372.0,34683.5
1698984000,34683.5,34699.0,34306.0,34473.0
1698998400,34473.0,34625.5,34125.5,34256.5
1699012800,34256.5,34857.5,34154.0,34762.0
1699027200,34763.0,34836.0,34327.0,34528.5
1699041600,34528.0,34743.5,34484.5,34718.0
1699056000,34718.0,34791.0,34636.5,34713.5
1699070400,34714.0,35067.5,34594.5,34783.5
1699084800,34783.0,34888.5,34688.5,34724.0
1699099200,34725.0,34820.0,34653.0,34719.5
1699113600,34719.5,34800.0,34693.5,34734.5
1699128000,34733.5,35277.0,34716.5,35071.5
1699142400,35071.0,35327.5,34940.0,35289.0
1699156800,35289.0,35323.0,35053.0,35173.0
1699171200,35173.0,35206.5,35018.5,35098.0
1699185600,35098.0,35180.0,34762.5,34895.5
1699200000,34895.0,35303.5,34878.5,34994.5
1699214400,34995.0,35411.5,34399.0,35020.5
1699228800,35020.5,35127.5,34835.0,34984.0
1699243200,34983.5,35034.5,34734.5,34907.5
1699257600,34907.5,35286.0,34827.5,35249.0
1699272000,35248.5,35269.5,34912.0,35074.0
1699286400,35073.5,35128.5,34831.0,35088.5
1699300800,35088.5,35175.5,34916.0,35075.0
1699315200,35075.0,35083.0,34828.0,34944.5
1699329600,34944.5,35002.5,34858.0,34960.5
1699344000,34963.5,35005.5,34579.5,34652.0
1699358400,34652.0,34862.5,34536.0,34740.0
1699372800,34742.5,35600.5,34574.0,35479.0
1699387200,35479.5,35926.5,35225.5,35421.0
1699401600,35422.0,35443.0,35250.5,35294.5
1699416000,35294.5,35378.0,35178.0,35247.5
1699430400,35247.0,35443.0,35205.5,35333.5
1699444800,35333.0,35490.5,35085.0,35214.0
1699459200,35214.0,35761.0,35175.0,35609.5
1699473600,35610.0,36116.0,35370.5,35614.0
1699488000,35613.5,36654.0,35528.5,36428.0
1699502400,36427.5,36857.5,36395.5,36506.5
1699516800,36507.0,36983.0,36507.0,36778.5
1699531200,36778.5,38084.0,36730.5,37112.0
1699545600,37112.0,37238.5,35521.5,36369.0
1699560000,36369.0,36765.0,36126.5,36689.0
1699574400,36688.0,36902.0,36434.5,36718.5
1699588800,36718.5,36795.5,36437.5,36446.0
1699603200,36446.0,37115.0,36310.0,37056.5
1699617600,37056.5,37238.0,36800.5,37064.5
1699632000,37065.5,37452.0,37065.5,37236.0
1699646400,37237.0,37553.5,37073.0,37297.5
1699660800,37298.0,37389.5,36891.0,37037.0
1699675200,37037.0,37135.5,36916.0,37008.5
1699689600,37008.5,37075.5,36921.0,37007.0
1699704000,37007.0,37286.5,36967.5,37059.5
1699718400,37063.0,37199.0,37043.5,37170.5
1699732800,37171.0,37182.0,36632.5,37150.0
1699747200,37150.0,37205.0,36743.0,37002.5
1699761600,37002.5,37196.0,36922.0,37148.0
1699776000,37148.0,37162.5,37047.5,37079.0
1699790400,37079.0,37228.5,36942.5,37157.5
1699804800,37156.5,37225.5,37063.0,37114.5
1699819200,37114.0,37230.5,36938.5,37071.5
1699833600,37072.0,37453.5,36864.5,36935.0
1699848000,36933.0,37054.5,36765.0,36964.5
1699862400,36964.5,37048.5,36687.0,36827.0
1699876800,36826.5,36954.5,36547.0,36863.0
1699891200,36860.5,37043.0,36611.5,36855.5
1699905600,36855.0,36887.0,36344.0,36475.5
1699920000,36475.0,36498.0,36208.0,36456.5
1699934400,36457.5,36722.5,36389.5,36690.5
1699948800,36688.0,36761.0,36251.0,36276.5
1699963200,36276.0,36695.5,35757.0,36146.5
1699977600,36146.0,36420.0,34475.5,35271.5
1699992000,35271.5,35648.5,35193.5,35519.5
1700006400,35519.5,35643.0,35347.0,35378.5
1700020800,35378.5,35659.5,35366.0,35575.5
1700035200,35576.0,36280.5,35576.0,36237.0
1700049600,36239.5,36445.5,36012.5,36421.5
1700064000,36421.0,37850.5,36272.5,37545.5
1700078400,37545.5,38008.5,37350.0,37895.0
1700092800,37895.0,37967.0,37369.0,37484.0
1700107200,37483.5,37643.0,37352.0,37459.0
1700121600,37459.0,37574.0,37156.0,37279.0
1700136000,37280.0,37352.5,36225.5,36388.0
1700150400,36388.0,36633.5,35496.0,35921.5
1700164800,35921.5,36265.5,35664.0,36161.5
1700179200,36161.0,36669.5,36096.5,36502.5
1700193600,36502.5,36542.0,36144.0,36253.0
1700208000,36253.5,36473.5,36130.0,36385.5
1700222400,36385.5,36640.0,35886.0,36074.0
1700236800,36074.0,36934.0,35933.5,36372.0
1700251200,36372.5,36780.5,36353.0,36660.5
1700265600,36661.0,36665.5,36419.5,36436.0
1700280000,36436.0,36488.5,36244.0,36469.5
1700294400,36469.5,36584.5,36431.0,36452.5
1700308800,36452.5,36736.5,36400.0,36710.5
1700323200,36711.0,36900.0,36656.0,36752.5
1700337600,36751.5,36783.5,36502.5,36643.0
1700352000,36643.0,36649.5,36455.5,36586.0
1700366400,36586.5,36744.5,36558.5,36683.0
1700380800,36683.0,36774.0,36445.0,36520.5
1700395200,36522.0,36641.0,36448.5,36636.5
1700409600,36636.0,37061.0,36578.5,37023.0
1700424000,37023.0,37590.5,36883.5,37447.0
1700438400,37446.0,37466.5,37124.0,37205.5
1700452800,37205.5,37349.0,37121.0,37331.0
1700467200,37331.0,37505.0,37144.0,37230.5
1700481600,37230.5,37538.5,36671.5,37494.0
1700496000,37494.5,37799.0,36809.5,37593.5
1700510400,37593.5,37637.0,37291.0,37472.5
1700524800,37472.0,37693.0,37331.0,37495.0
1700539200,37495.0,37515.5,37261.0,37305.0
1700553600,37305.0,37450.0,37173.5,37198.0
1700568000,37198.0,37257.0,36208.5,36960.0
1700582400,36961.0,37504.5,36579.5,36974.0
1700596800,36974.5,37161.5,35715.0,35730.0
1700611200,35728.0,36378.0,35609.0,36371.5
1700625600,36371.0,36554.0,36314.5,36435.5
1700640000,36435.5,36800.0,36389.0,36474.5
1700654400,36474.0,36664.0,36247.0,36491.0
1700668800,36491.0,37472.5,36378.0,37319.0
1700683200,37319.0,37894.5,37241.0,37452.5
1700697600,37453.0,37582.0,37302.5,37356.5
1700712000,37356.0,37465.5,37315.0,37414.5
1700726400,37415.5,37690.5,37193.5,37424.0
1700740800,37423.5,37587.5,36902.5,36985.5
1700755200,36985.5,37409.5,36960.5,37333.0
1700769600,37333.0,37441.5,37247.5,37346.5
1700784000,37346.0,37531.0,37303.0,37363.5
1700798400,37362.5,37624.5,37346.0,37574.0
1700812800,37575.5,38293.5,37482.5,37827.5
1700827200,37827.5,38499.5,37660.0,38288.0
1700841600,38287.5,38415.5,37615.5,37828.0
1700856000,37828.0,38014.0,37633.0,37753.5
1700870400,37753.5,37888.5,37718.0,37846.5
1700884800,37846.5,37880.5,37763.5,37848.0
1700899200,37848.0,37874.5,37642.5,37712.5
1700913600,37712.5,37791.5,37668.5,37759.0
1700928000,37760.0,37909.0,37759.0,37890.5
1700942400,37890.5,37963.0,37793.0,37853.5
1700956800,37853.0,37868.0,37745.0,37815.0
1700971200,37815.0,37883.0,37773.5,37865.5
1700985600,37865.5,37899.5,37744.0,37752.0
1701000000,37751.5,37755.0,37344.0,37502.0
1701014400,37502.5,37572.5,37180.5,37394.0
1701028800,37394.0,37801.5,37367.5,37498.0
1701043200,37498.5,37610.5,37227.5,37337.0
1701057600,37338.0,37463.0,37075.0,37319.0
1701072000,37319.0,37503.0,36914.5,37055.5
1701086400,37056.0,37123.5,36741.0,36769.0
1701100800,36769.0,37144.0,36729.0,36861.5
1701115200,36861.0,37329.0,36759.0,37287.5
1701129600,37287.5,37387.0,37179.5,37209.0
1701144000,37210.0,37232.0,36945.5,37181.0
1701158400,37180.0,37338.5,37006.5,37324.5
1701172800,37324.0,37663.5,37218.0,37591.0
1701187200,37591.5,38472.5,37591.5,38189.0
1701201600,38188.5,38365.0,37751.0,37897.0
1701216000,37897.0,38176.5,37753.0,38030.0
1701230400,38030.0,38320.5,37954.0,38185.5
1701244800,38186.5,38581.0,37966.5,38170.5
1701259200,38170.0,38362.0,37627.0,37892.5
1701273600,37893.5,38015.5,37715.5,37947.5
1701288000,37947.0,37961.0,37654.5,37923.0
1701302400,37922.0,38125.5,37753.5,38121.0
1701316800,38121.0,38208.0,37831.0,37859.0
1701331200,37859.5,37987.5,37658.0,37957.5
1701345600,37957.5,38046.0,37520.5,37671.0
1701360000,37671.5,37865.5,37582.5,37799.0
1701374400,37799.0,37859.5,37656.0,37778.5
1701388800,37777.5,38155.0,37664.5,38118.0
1701403200,38118.5,38434.0,38097.0,38320.0
1701417600,38320.0,38930.5,38298.0,38655.0
1701432000,38655.5,38705.0,38283.5,38484.5
1701446400,38484.0,39071.5,38466.0,38818.0
1701460800,38817.0,38957.0,38704.5,38741.0
1701475200,38740.5,38852.5,38700.0,38833.0
1701489600,38833.5,38874.0,38743.0,38743.0
1701504000,38743.0,38833.5,38701.0,38785.5
1701518400,38785.5,38925.0,38745.5,38841.0
1701532800,38840.5,39922.0,38736.0,39431.0
1701547200,39431.0,39743.5,39292.0,39451.0
1701561600,39450.5,39550.0,39234.0,39349.5
1701576000,39349.5,39452.0,39279.0,39438.5
1701590400,39439.0,39512.5,39353.5,39441.0
1701604800,39442.5,39755.0,39337.5,39713.0
1701619200,39713.5,39796.0,39384.5,39518.0
1701633600,39517.0,40348.0,39510.5,39956.5
1701648000,39956.5,40844.0,39952.5,40665.0
1701662400,40665.0,41693.0,40645.5,41376.5
1701676800,41376.5,42076.5,41256.5,41508.0
1701691200,41507.5,41813.5,41024.0,41181.0
1701705600,41187.0,41985.0,41092.0,41915.5
1701720000,41915.5,42362.0,41638.5,41909.0
1701734400,41909.0,41909.0,41537.5,41744.0
1701748800,41744.5,41830.5,41311.0,41447.0
1701763200,41447.0,41677.5,41351.0,41645.5
1701777600,41644.5,42424.0,41610.5,42181.0
1701792000,42181.0,44125.0,42045.5,43746.5
1701806400,43752.0,44449.5,43350.0,44000.5
1701820800,44003.5,44065.5,43484.0,43660.5
1701835200,43660.5,43769.0,43364.5,43592.0
1701849600,43593.0,44231.5,43279.0,43755.5
1701864000,43753.0,44194.0,43645.5,43700.5
1701878400,43700.5,44068.0,43652.5,43909.5
1701892800,43910.0,43992.5,43501.5,43671.0
1701907200,43673.5,43912.0,43614.5,43840.5
1701921600,43840.5,43970.0,43745.5,43797.0
1701936000,43797.0,43817.5,42764.0,43109.5
1701950400,43109.5,43852.0,42873.5,43592.0
1701964800,43596.0,43688.0,42995.0,43139.0
1701979200,43139.5,43391.0,43027.5,43204.0
1701993600,43204.0,43458.5,43202.0,43308.5
1702008000,43309.0,43494.0,43008.5,43096.5
1702022400,43096.5,43673.0,43014.0,43581.0
1702036800,43581.0,43981.5,43401.5,43680.5
1702051200,43680.5,43898.0,43555.0,43868.5
1702065600,43868.0,44657.5,43868.0,44094.5
1702080000,44094.5,44220.0,43965.5,44073.0
1702094400,44075.0,44289.5,44046.5,44122.0
1702108800,44122.0,44132.5,43649.5,43739.0
1702123200,43739.5,44075.5,43658.5,43967.0
1702137600,43966.5,44012.0,43798.5,43852.5
1702152000,43852.5,44024.5,43472.5,43632.0
1702166400,43631.5,43795.0,43597.0,43775.5
1702180800,43775.0,43928.0,43746.0,43881.5
1702195200,43881.5,43955.0,43534.5,43657.5
1702209600,43657.5,43900.0,43648.0,43829.0
1702224000,43829.0,43866.5,43657.5,43715.5
1702238400,43715.5,43987.0,43445.0,43701.0
1702252800,43700.0,43731.5,40132.5,42240.5
1702267200,42241.0,42300.5,41574.5,42099.0
1702281600,42099.0,42457.5,41959.0,42346.0
1702296000,42346.0,42391.0,41667.5,41816.0
1702310400,41815.5,41875.0,40230.5,40785.5
1702324800,40785.0,41333.5,40563.0,41238.5
1702339200,41238.5,41922.0,41171.5,41705.5
1702353600,41705.5,42058.0,41376.0,41909.0
1702368000,41909.0,42105.5,41559.5,41594.5
1702382400,41595.0,42045.5,41185.5,41388.0
1702396800,41388.5,41491.5,40607.0,41073.5
1702411200,41077.0,41480.0,40967.5,41430.0
1702425600,41430.0,41438.0,40456.5,40772.5
1702440000,40772.0,41177.0,40568.5,41058.5
1702454400,41059.0,41227.5,40921.5,40966.0
1702468800,40966.0,41870.5,40953.5,41858.0
1702483200,41860.0,42814.5,41634.5,42705.5
1702497600,42705.0,43474.0,42535.0,42866.0
1702512000,42866.0,42943.0,42716.0,42777.5
1702526400,42777.0,43141.0,42739.5,42886.5
1702540800,42886.5,43320.0,42680.5,43290.5
1702555200,43290.5,43382.5,41260.5,42360.0
1702569600,42359.5,43397.0,42359.5,43020.5
1702584000,43021.0,43100.0,42768.0,42939.5
1702598400,42940.0,43007.0,42394.0,42716.5
1702612800,42716.5,42784.5,42436.0,42632.5
1702627200,42633.0,42962.0,42560.0,42702.0
1702641600,42702.5,42712.5,41615.0,41825.0
1702656000,41825.0,42109.5,41608.0,42016.0
1702670400,42016.0,42175.5,41830.0,41884.0
1702684800,41886.5,42340.5,41588.5,42256.0
1702699200,42256.0,42296.0,42083.0,42180.5
1702713600,42181.0,42291.0,42055.0,42283.0
1702728000,42283.5,42623.0,42212.5,42605.0
1702742400,42622.5,42720.0,42388.0,42400.5
1702756800,42401.0,42463.5,42194.0,42301.0
1702771200,42301.0,42322.5,41856.5,41921.5
1702785600,41916.5,42042.5,41728.5,41817.0
1702800000,41817.0,41954.0,41607.5,41898.0
1702814400,41897.5,41951.0,41482.0,41776.0
1702828800,41779.5,42379.0,41645.0,42068.0
1702843200,42068.0,42153.5,41190.0,41323.0
1702857600,41323.5,41414.5,40721.0,41009.5
1702872000,41010.0,41235.0,40930.0,41051.0
1702886400,41051.5,41174.0,40473.5,41044.5
1702900800,41044.5,41683.5,40828.0,41205.5
1702915200,41205.0,41672.0,41095.0,41619.5
1702929600,41619.0,42850.0,41487.5,42635.0
1702944000,42635.0,43462.5,42545.5,43111.5
1702958400,43112.5,43166.5,42837.0,43061.5
1702972800,43061.5,43342.5,43019.0,43068.5
1702987200,43069.0,43121.5,42296.5,42534.0
1703001600,42534.0,42702.5,41874.0,42388.5
1703016000,42392.0,42569.0,42180.0,42349.0
1703030400,42348.5,42552.5,42258.0,42481.0
1703044800,42481.0,43076.0,42425.5,42975.5
1703059200,42975.5,43096.5,42776.0,42957.5
1703073600,42957.0,44420.0,42850.0,44148.5
1703088000,44148.5,44362.5,43591.5,43830.5
1703102400,43830.0,43914.0,43322.5,43769.5
1703116800,43772.5,43835.5,43397.5,43751.5
1703131200,43751.5,43986.0,43547.0,43866.0
1703145600,43865.0,44221.5,43676.0,44035.5
1703160000,44036.0,44348.0,43453.0,43905.0
1703174400,43905.0,43990.0,43429.5,43627.0
1703188800,43626.5,44149.5,43593.0,43890.0
1703203200,43890.5,44323.0,43762.0,44064.0
1703217600,44064.5,44483.5,43614.0,43673.0
1703232000,43673.5,43883.5,43523.0,43802.5
1703246400,43803.0,43851.5,43354.5,43589.0
1703260800,43588.0,43989.5,43391.0,43582.0
1703275200,43581.5,43993.5,43559.0,43951.5
1703289600,43951.0,43972.0,43400.0,43459.5
1703304000,43459.0,43710.5,43238.0,43565.0
1703318400,43565.0,43702.0,43523.5,43589.0
1703332800,43589.0,43902.5,43584.0,43771.0
1703347200,43770.0,43920.0,43722.0,43725.0
1703361600,43725.0,43901.0,43656.0,43688.5
1703376000,43688.0,43934.0,43638.5,43850.0
1703390400,43850.5,43960.0,43439.0,43637.0
1703404800,43637.0,43698.5,43429.5,43637.5
1703419200,43637.5,43897.5,43574.5,43779.0
1703433600,43778.0,43803.5,43620.0,43676.5
1703448000,43676.5,43681.5,42614.0,42971.0
1703462400,42970.5,43136.5,42730.0,43132.0
1703476800,43132.0,43311.5,43092.0,43189.0
1703491200,43189.0,43275.5,43034.5,43157.0
1703505600,43158.0,43798.5,43083.0,43586.0
1703520000,43586.0,43681.5,43277.0,43406.5
1703534400,43406.5,43666.5,43252.0,43502.5
1703548800,43502.5,43521.0,43294.0,43377.5
1703563200,43377.5,43404.0,42458.0,42681.5
1703577600,42681.5,42716.0,42019.5,42602.5
1703592000,42602.0,42741.0,42193.0,42321.5
1703606400,42321.5,42376.0,41545.5,42043.5
1703620800,42044.0,42521.0,41984.5,42438.0
1703635200,42437.0,42474.5,42049.0,42182.5
1703649600,42182.5,42548.5,42162.0,42464.0
1703664000,42465.0,43200.0,42406.0,43028.5
1703678400,43028.5,43127.0,42688.0,42951.5
1703692800,42952.0,43203.0,42833.5,43116.0
1703707200,43116.0,43614.0,43079.5,43457.0
1703721600,43457.0,43864.0,43366.0,43501.5
1703736000,43501.5,43707.0,42887.0,43147.0
1703750400,43146.5,43278.5,42955.0,43150.0
1703764800,43150.0,43214.5,42341.0,42375.5
1703779200,42376.0,42756.0,42231.5,42611.0
1703793600,42611.0,42686.0,42312.0,42519.5
1703808000,42519.5,42796.0,42080.0,42703.0
1703822400,42702.5,42776.5,42201.0,42260.0
1703836800,42263.5,42938.5,42258.5,42884.5
1703851200,42885.0,43161.5,42149.5,42301.0
1703865600,42302.0,42391.0,41653.5,42103.5
1703880000,42103.5,42251.5,41244.0,42057.0
1703894400,42056.5,42219.5,41830.0,41985.0
1703908800,41985.0,42177.0,41935.5,41967.5
1703923200,41969.5,42004.5,41535.5,41899.0
1703937600,41899.5,42418.5,41880.0,42362.5
1703952000,42362.0,42619.5,42245.0,42361.5
1703966400,42362.0,42404.0,42089.0,42155.0
1703980800,42155.0,42439.0,41970.5,42173.0
1703995200,42172.5,42680.0,42152.0,42530.5
1704009600,42530.0,42894.0,42364.0,42546.5
1704024000,42546.0,42679.0,42359.5,42480.5
1704038400,42480.0,42750.5,42452.5,42643.5
1704052800,42643.5,42710.0,42097.5,42314.0
1704067200,42314.5,42810.0,42235.5,42349.0
1704081600,42347.5,42533.0,42205.0,42524.5
1704096000,42524.5,42803.0,42484.0,42725.0
1704110400,42725.0,42891.0,42606.0,42816.0
1704124800,42816.0,43599.5,42691.5,43557.5
1704139200,43557.5,44280.5,43453.5,44244.5
1704153600,44244.5,45553.5,44216.0,45342.5
1704168000,45345.5,45678.5,45069.5,45441.5
1704182400,45442.0,45877.0,45285.5,45516.5
1704196800,45516.5,45897.5,44908.5,45250.0
1704211200,45254.5,45475.0,44816.0,45069.0
1704225600,45069.0,45333.0,44650.0,44992.5
1704240000,44995.5,45473.5,44914.0,45311.5
1704254400,45311.5,45430.5,44974.5,45043.0
1704268800,45044.0,45553.5,43378.0,43667.5
1704283200,43670.5,43685.5,40198.0,42966.5
1704297600,42969.5,43576.5,41739.0,42586.0
1704312000,42585.5,42963.5,42512.0,42846.5
1704326400,42845.0,43229.0,42605.0,43100.5
1704340800,43104.5,43275.5,42757.0,42761.5
1704355200,42761.5,43240.0,42667.5,43178.0
1704369600,43181.0,44365.5,43100.0,44064.5
1704384000,44065.5,44439.0,43789.0,43948.0
1704398400,43948.0,45057.0,43886.5,44147.5
1704412800,44147.5,44285.5,42291.5,43459.5
1704427200,43460.5,43912.5,43193.0,43758.0
1704441600,43757.5,44315.5,43461.0,43747.5
1704456000,43747.5,44110.5,43108.0,43496.0
1704470400,43491.0,43808.5,43056.5,43587.5
1704484800,43588.0,44359.0,43579.5,44165.0
1704499200,44165.0,44225.0,43832.5,43940.5
1704513600,43941.0,43987.0,43379.0,43641.5
1704528000,43641.5,43758.5,43544.0,43663.0
1704542400,43662.5,43913.0,43515.0,43853.5
1704556800,43853.5,44136.0,43809.0,43890.5
1704571200,43890.5,43969.5,43634.0,43954.5
1704585600,43954.5,44240.5,43814.0,43916.0
1704600000,43915.0,44086.0,43816.0,44068.0
1704614400,44068.0,44164.0,43866.0,44058.5
1704628800,44058.5,44485.0,43919.0,44025.0
1704643200,44025.0,44227.5,43612.0,44204.5
1704657600,44205.0,44228.0,43553.0,43902.0
1704672000,43902.0,43955.0,43146.0,43490.5
1704686400,43490.5,44360.0,43399.0,43949.5
1704700800,43950.0,44682.5,43615.5,44624.0
1704715200,44623.5,45377.5,44305.5,44964.0
1704729600,44971.5,47323.5,44775.5,46974.5
1704744000,46974.0,47196.5,46651.0,46934.5
1704758400,46935.0,47125.5,46224.5,46925.0
1704772800,46925.0,46943.0,46601.0,46825.8
1704787200,46826.0,46862.4,46390.1,46609.2
1704801600,46609.4,47058.3,45486.8,46850.0
1704816000,46850.0,46958.8,46490.8,46865.6
1704830400,46865.6,48038.4,44791.0,46087.2
1704844800,46087.0,46224.3,45604.9,46092.1
1704859200,46088.0,46153.2,45693.3,45723.3
1704873600,45723.5,45825.1,44926.1,45499.1
1704888000,45498.9,45642.0,44262.3,45527.5
1704902400,45521.8,46711.2,45154.1,46454.9
1704916800,46454.7,47685.1,44765.2,46648.7
1704931200,46653.2,46758.2,46201.2,46507.8
1704945600,46504.0,46510.2,45624.3,46098.1
1704960000,46098.1,47173.3,46053.2,47077.1
1704974400,47075.2,48992.8,46496.1,46813.1
1704988800,46813.1,47048.8,45622.0,46705.4
1705003200,46705.4,46976.7,46069.3,46334.2
1705017600,46334.3,46519.2,45897.8,45980.0
1705032000,45983.2,46358.0,45696.5,45992.6
1705046400,45992.5,46257.6,45512.0,45935.4
1705060800,45935.4,46096.5,44314.5,44439.2
1705075200,44439.2,44656.4,43175.0,43453.2
1705089600,43453.2,43941.8,41527.6,42745.0
1705104000,42745.0,42956.5,42406.6,42585.7
1705118400,42585.9,43221.4,42530.5,43071.0
1705132800,43070.8,43219.9,42482.8,42604.7
1705147200,42604.5,43220.4,42484.6,43130.1
1705161600,43130.7,43165.8,42744.1,42806.0
1705176000,42806.1,43134.5,42725.0,42812.1
1705190400,42813.0,42859.2,42621.0,42661.4
1705204800,42661.4,43032.0,42527.1,42987.6
1705219200,42987.6,43085.4,42726.7,42804.8
1705233600,42804.6,42982.5,42682.1,42870.3
1705248000,42870.3,42985.6,42610.7,42639.1
1705262400,42636.8,42727.6,41695.2,41707.6
1705276800,41705.1,42628.2,41695.0,42549.5
1705291200,42549.5,42810.6,42482.6,42698.9
1705305600,42701.5,42764.7,42512.2,42678.7
1705320000,42678.7,42930.0,42142.0,42254.3
1705334400,42254.3,43348.8,42230.9,42966.5
1705348800,42966.7,43088.2,42329.1,42502.1
1705363200,42502.3,42920.5,42457.3,42903.0
1705377600,42903.2,42923.1,42593.2,42771.4
1705392000,42776.2,43146.8,42701.4,42874.9
1705406400,42874.7,43304.7,42031.7,43231.9
1705420800,43224.0,43410.0,42809.5,43153.6
1705435200,43153.6,43577.4,43042.7,43115.7
1705449600,43115.7,43180.3,42825.5,42825.5
1705464000,42827.6,42899.8,42588.1,42628.4
1705478400,42628.2,42836.6,42525.3,42660.3
1705492800,42660.3,42916.8,42362.0,42461.2
1705507200,42461.2,42733.9,42183.5,42611.6
1705521600,42611.4,42860.0,42429.8,42762.9
1705536000,42762.9,42783.0,42498.5,42583.2
1705550400,42583.2,42906.0,42574.4,42895.7
1705564800,42895.5,42905.5,42367.3,42526.4
1705579200,42526.3,42792.7,42336.5,42602.6
1705593600,42602.6,42602.6,40801.0,40990.1
1705608000,40992.7,41338.7,40643.5,41291.9
1705622400,41292.1,41349.6,40690.5,41033.0
1705636800,41033.0,41540.8,41016.1,41252.8
1705651200,41252.8,41485.9,41121.1,41440.2
1705665600,41440.1,41461.0,40693.3,40871.5
1705680000,40875.1,41961.4,40256.7,41797.6
1705694400,41797.7,42178.7,41503.9,41650.2
1705708800,41650.4,41705.0,41445.6,41623.9
1705723200,41623.9,41768.5,41543.7,41637.9
1705737600,41637.8,41654.7,41450.9,41567.2
1705752000,41567.2,41691.4,41468.7,41560.5
1705766400,41560.7,41668.6,41513.1,41623.2
1705780800,41623.2,41855.1,41596.5,41671.8
1705795200,41671.7,41718.6,41606.3,41651.9
1705809600,41649.2,41674.7,41543.8,41621.6
1705824000,41621.8,41812.1,41621.8,41693.7
1705838400,41693.7,41852.6,41582.6,41629.9
1705852800,41629.7,41711.0,41495.1,41703.4
1705867200,41703.4,41797.4,41473.4,41563.7
1705881600,41563.7,41671.7,41072.8,41221.0
1705896000,41221.0,41298.5,40655.4,41017.8
1705910400,41017.8,41031.4,40317.8,40794.9
1705924800,40794.9,41221.8,40350.0,40754.8
1705939200,40756.7,40864.2,39379.6,39784.3
1705953600,39784.3,40306.6,39285.0,39551.0
1705968000,39551.0,40091.3,39489.6,39975.7
1705982400,39975.9,40151.9,39669.7,39788.1
1705996800,39787.2,39870.7,38637.6,38842.3
1706011200,38842.3,39463.6,38545.0,39183.0
1706025600,39183.0,39628.8,38910.3,39125.3
1706040000,39125.3,39899.9,39015.3,39889.0
1706054400,39886.9,40210.9,39545.3,39593.0
1706068800,39592.9,40147.1,39537.4,39943.3
1706083200,39946.9,40533.5,39824.5,40174.2
1706097600,40174.1,40270.4,39731.7,40021.9
1706112000,40021.7,40182.7,39594.4,39782.6
1706126400,39782.6,40186.2,39438.0,40096.0
1706140800,40095.8,40181.4,39924.5,40002.8
1706155200,40002.8,40097.8,39757.9,40092.1
1706169600,40091.9,40284.9,39923.4,40145.2
1706184000,40147.9,40255.8,39599.9,39773.7
1706198400,39773.7,40028.0,39523.4,39957.9
1706212800,39958.1,39963.8,39601.3,39931.9
1706227200,39932.1,40203.8,39789.0,40032.1
1706241600,40031.9,40184.8,39859.8,39938.0
1706256000,39938.2,41315.3,39928.6,41254.9
1706270400,41254.9,41560.0,40883.4,41389.7
1706284800,41389.7,42164.9,41372.1,42026.3
1706299200,42026.5,42200.9,41770.9,41788.5
1706313600,41788.5,41900.0,41679.3,41792.5
1706328000,41792.7,41856.5,41573.9,41687.7
1706342400,41687.9,41781.3,41342.8,41730.6
1706356800,41730.8,41876.7,41676.8,41786.5
1706371200,41786.5,41955.9,41707.8,41882.2
1706385600,41882.1,42166.3,41882.1,42085.0
1706400000,42084.8,42240.0,41930.5,42215.1
1706414400,42215.1,42819.2,42202.9,42388.7
1706428800,42388.7,42673.1,42317.5,42457.7
1706443200,42457.7,42534.4,42135.0,42247.9
1706457600,42248.0,42346.5,41694.2,41755.5
1706472000,41751.5,42083.6,41568.3,42033.8
1706486400,42034.0,42507.7,41882.8,42330.5
1706500800,42330.3,42357.9,41987.3,42059.1
1706515200,42059.1,42377.3,41954.9,42235.1
1706529600,42236.5,42654.4,41801.9,42648.1
1706544000,42648.1,43308.9,42514.2,43012.9
1706558400,43012.7,43368.0,42985.7,43294.4
1706572800,43294.6,43809.8,43125.5,43520.7
1706587200,43520.8,43577.3,43252.6,43361.7
1706601600,43361.6,43561.0,43209.0,43523.7
1706616000,43523.7,43888.7,43140.3,43406.9
1706630400,43407.1,43636.0,43245.4,43582.3
1706644800,43582.1,43796.6,42707.4,42961.4
1706659200,42954.6,43100.2,42567.2,42891.3
1706673600,42891.3,43044.9,42834.4,43010.5
1706688000,43010.5,43055.8,42326.6,42617.6
1706702400,42617.6,43449.6,42486.1,43358.1
1706716800,43358.1,43723.9,43005.3,43296.5
1706731200,43296.5,43325.2,42254.5,42554.6
1706745600,42554.7,42673.0,41909.7,42017.0
1706760000,42017.1,42288.4,41892.5,42182.2
1706774400,42182.0,42348.1,42055.0,42097.7
1706788800,42097.7,42977.2,41961.8,42546.2
1706803200,42546.3,43368.6,42392.1,43251.2
1706817600,43248.9,43317.9,42912.0,43120.5
1706832000,43120.7,43466.4,43057.1,43067.3
1706846400,43067.3,43300.0,42974.3,43132.1
1706860800,43132.3,43248.1,42985.7,43186.0
1706875200,43185.8,43283.6,42573.8,43266.7
1706889600,43266.7,43569.0,42784.0,43056.9
1706904000,43056.9,43226.9,42898.4,43182.3
1706918400,43182.1,43373.6,43136.6,43167.4
1706932800,43167.4,43213.9,43016.2,43033.8
1706947200,43033.5,43113.8,42953.7,42983.5
1706961600,42983.3,43183.7,42851.9,43098.1
1706976000,43097.9,43252.8,42978.6,43028.5
1706990400,43028.5,43085.1,42925.7,42994.5
1707004800,42994.5,43052.9,42875.7,42999.6
1707019200,42999.6,42999.6,42689.7,42811.5
1707033600,42811.7,43091.5,42705.9,43028.7
1707048000,43028.7,43084.8,42804.8,42902.9
1707062400,42902.9,42934.9,42533.6,42599.5
1707076800,42599.3,42954.5,42311.0,42558.5
1707091200,42558.5,42702.4,42230.7,42685.2
1707105600,42685.2,43142.2,42608.1,43055.6
1707120000,43055.8,43308.9,42940.9,43198.1
1707134400,43198.3,43570.0,42615.0,42658.0
1707148800,42659.2,42857.8,42500.0,42757.4
1707163200,42757.4,42793.8,42304.3,42693.5
1707177600,42694.4,42954.0,42558.2,42856.3
1707192000,42856.1,42932.3,42671.5,42896.0
1707206400,42896.0,43136.8,42681.3,42840.4
1707220800,42840.4,43302.6,42671.3,43272.3
1707235200,43272.2,43432.4,43047.6,43313.2
1707249600,43313.0,43366.1,43066.5,43141.4
1707264000,43141.4,43235.7,42822.2,42845.4
1707278400,42845.2,43089.0,42835.3,42959.6
1707292800,42960.3,43246.1,42868.3,42968.2
1707307200,42968.1,43346.3,42914.4,43102.7
1707321600,43102.7,43767.2,43040.6,43656.1
1707336000,43656.1,44405.6,43656.1,44389.1
1707350400,44389.1,44815.6,44369.2,44580.2
1707364800,44581.7,44678.0,44472.7,44558.2
1707379200,44558.2,44927.0,44553.1,44741.5
1707393600,44741.3,45499.9,44641.4,45470.6
1707408000,45470.6,45518.2,44936.5,45312.9
1707422400,45312.9,45663.3,45256.1,45322.2
1707436800,45322.2,46428.2,45276.2,46113.7
1707451200,46113.7,46479.8,45900.9,46259.0
1707465600,46259.2,47361.6,46254.4,47220.8
1707480000,47220.8,47746.3,46723.6,47176.5
1707494400,47176.3,48235.4,47148.0,47519.2
1707508800,47519.4,47699.9,47055.1,47171.4
1707523200,47171.4,47532.4,47082.3,47408.0
1707537600,47410.0,47464.6,47170.0,47182.5
1707552000,47182.6,47306.6,46890.0,47211.3
1707566400,47211.4,47419.5,47122.2,47375.2
1707580800,47375.1,47695.1,47188.5,47550.2
1707595200,47550.2,48211.0,47468.4,47771.1
1707609600,47771.1,48594.7,47589.6,48546.2
1707624000,48546.0,48630.2,48053.8,48181.7
1707638400,48181.7,48449.4,47914.7,48412.0
1707652800,48412.0,48483.9,47927.6,48154.4
1707667200,48154.6,48400.0,47946.1,48290.3
1707681600,48290.3,48379.3,47956.5,48296.7
1707696000,48296.7,48827.9,48001.4,48148.4
1707710400,48148.4,48374.4,47762.7,48209.1
1707724800,48209.3,48317.8,47706.2,47902.5
1707739200,47902.5,49957.8,47838.2,49915.2
1707753600,49915.2,50375.8,49454.4,49563.2
1707768000,49563.0,50266.2,49563.0,49915.2
1707782400,49915.2,50409.7,49732.2,49799.8
1707796800,49801.9,50085.3,49798.0,49955.0
1707811200,49955.0,50222.8,49625.6,49964.8
1707825600,49965.0,49976.3,48413.2,48709.7
1707840000,48709.7,49226.8,48253.0,49004.1
1707854400,49004.1,49737.1,48977.0,49648.1
1707868800,49648.3,49669.4,49293.8,49489.9
1707883200,49489.9,49848.1,49186.7,49799.7
1707897600,49799.7,51793.7,49690.2,51565.5
1707912000,51565.5,52093.6,51325.2,51627.7
1707926400,51627.7,51773.4,51194.9,51683.6
1707940800,51683.8,51858.5,51425.6,51752.2
1707955200,51752.1,52526.6,51614.8,52313.0
1707969600,52311.0,52344.7,51601.7,51754.3
1707984000,51754.3,52464.8,51619.4,52287.7
1707998400,52287.8,52773.5,51670.2,51899.9
1708012800,51899.9,52361.8,51699.4,51982.8
1708027200,51980.5,51986.2,51283.8,51854.9
1708041600,51854.9,52290.0,51781.1,52240.1
1708056000,52240.1,52305.1,51700.0,51726.0
1708070400,51726.0,52362.2,51554.5,52176.6
1708084800,52174.3,52549.9,51561.0,51853.7
1708099200,51853.7,52221.2,51622.0,51716.7
1708113600,51716.7,52189.1,51644.5,52088.3
1708128000,52088.3,52135.3,51817.3,51942.3
1708142400,51942.1,52036.7,51762.5,51879.6
1708156800,51879.4,51879.6,51461.8,51650.4
1708171200,51646.8,51707.1,50585.8,50939.4
1708185600,50939.2,51408.7,50695.3,51358.9
1708200000,51358.7,52000.0,51260.6,51613.0
1708214400,51612.8,51780.1,51116.1,51444.7
1708228800,51444.7,51713.4,51379.6,51631.8
1708243200,51631.8,52045.9,51606.3,51795.0
1708257600,51795.0,51918.6,51485.5,51742.6
1708272000,51742.6,51946.0,51621.3,51735.1
1708286400,51735.1,52391.1,51566.8,52123.0
1708300800,52124.0,52422.0,51880.0,52038.0
1708315200,52038.0,52456.6,51950.6,52355.3
1708329600,52355.2,52418.1,52032.4,52306.4
1708344000,52306.2,52435.9,51988.4,52092.9
1708358400,52092.9,52204.2,51640.6,51784.6
1708372800,51780.3,52087.6,51658.7,51742.8
1708387200,51743.0,51797.3,51247.1,51544.2
1708401600,51544.2,51999.0,51473.6,51808.6
1708416000,51808.6,52374.9,51516.7,52264.0
1708430400,52264.2,52991.6,51303.6,51629.4
1708444800,51629.4,52115.7,50710.2,52065.4
1708459200,52065.4,52500.0,51850.4,52235.3
1708473600,52235.5,52337.8,51958.4,51979.2
1708488000,51979.4,52082.1,51435.4,51541.7
1708502400,51541.9,51761.2,50773.4,50927.3
1708516800,50932.4,51407.8,50460.5,51123.4
1708531200,51123.2,51400.0,50641.4,51058.5
1708545600,51058.5,51921.3,50843.9,51814.2
1708560000,51819.5,51846.3,51136.3,51544.6
1708574400,51544.6,51898.1,51310.1,51813.4
1708588800,51813.4,52024.1,51517.8,51618.8
1708603200,51618.6,51728.9,50920.8,51575.3
1708617600,51573.7,51731.2,51395.7,51520.4
1708632000,51520.2,52086.0,51146.0,51257.1
1708646400,51257.3,51544.5,50933.5,51067.1
1708660800,51066.9,51288.7,50852.3,50907.5
1708675200,50907.5,51221.9,50800.0,51179.8
1708689600,51179.6,51300.0,50742.4,50875.1
1708704000,50877.4,51159.1,50600.0,51068.0
1708718400,51067.8,51125.6,50500.0,50715.0
1708732800,50715.2,50874.6,50549.7,50814.8
1708747200,50814.8,51077.0,50787.4,51044.0
1708761600,51044.0,51148.1,50923.8,51097.8
1708776000,51097.6,51139.8,51000.0,51069.3
1708790400,51069.1,51666.7,51066.4,51534.5
1708804800,51534.3,51640.5,51406.2,51532.7
1708819200,51532.7,51873.8,51399.0,51598.5
1708833600,51598.7,51784.1,51478.7,51702.2
1708848000,51702.4,51758.6,51506.0,51620.6
1708862400,51620.4,51754.5,51389.7,51488.6
1708876800,51488.8,51718.5,51250.0,51637.9
1708891200,51637.9,51945.0,51615.8,51701.3
1708905600,51701.5,51775.6,51371.3,51536.8
1708920000,51536.6,51586.7,51275.8,51283.2
1708934400,51283.1,51363.3,50896.6,51088.9
1708948800,51088.9,52827.7,50950.5,52823.3
1708963200,52813.4,54530.6,52734.3,54480.0
1708977600,54467.0,54917.1,54243.2,54446.6
1708992000,54446.4,57377.2,54421.8,55711.2
1709006400,55711.2,56412.9,55616.0,56025.3
1709020800,56031.9,56810.8,56005.1,56514.2
1709035200,56514.2,57412.7,56426.8,56712.5
1709049600,56712.5,57628.8,56175.1,57316.5
1709064000,57313.6,57342.0,56523.8,57001.5
1709078400,57002.8,57070.4,56654.6,56882.6
1709092800,56882.4,58376.7,56850.7,58215.1
1709107200,58215.1,59491.7,58128.0,58922.9
1709121600,58923.1,61397.0,58869.3,60949.7
1709136000,60949.5,64336.5,58770.7,60924.3
1709150400,60924.3,62610.7,59758.2,62384.1
1709164800,62383.9,62406.0,61013.2,61554.0
1709179200,61554.0,63682.3,61319.3,62679.2
1709193600,62675.9,63354.8,62080.2,62929.2
1709208000,62904.8,63549.3,62012.4,62736.9
1709222400,62737.4,62867.9,60386.0,61604.7
1709236800,61603.4,62258.9,60534.9,61127.8
1709251200,61127.8,61756.0,60764.3,61109.0
1709265600,61109.0,61769.3,61061.1,61404.9
1709280000,61410.7,62245.6,61306.1,61845.0
1709294400,61845.0,62664.9,61113.9,61256.2
1709308800,61256.2,62478.7,61233.1,62202.2
1709323200,62202.2,63099.5,62198.0,62341.5
1709337600,62346.8,62429.6,61907.5,62291.0
1709352000,62291.0,62295.1,61720.4,61994.4
1709366400,61999.5,62126.3,61650.0,61825.5
1709380800,61825.5,62164.6,61518.9,61749.8
1709395200,61770.0,62104.2,61621.7,62100.5
1709409600,62100.3,62192.9,61661.7,61960.2
1709424000,61952.4,61983.7,61625.0,61904.7
1709438400,61904.7,62084.3,61294.0,61566.8
1709452800,61566.8,61893.5,61390.8,61829.0
1709467200,61829.0,62659.8,61808.4,62125.8
1709481600,62125.6,62999.6,62070.4,62725.2
1709496000,62725.2,63262.7,62581.4,63098.4
1709510400,63098.2,64375.1,62603.7,63449.2
1709524800,63449.2,64298.5,63200.1,64032.7
1709539200,64038.1,65640.0,64011.3,65241.9
1709553600,65246.6,66591.3,64501.5,66410.2
1709568000,66413.5,67544.7,66021.4,67389.8
1709582400,67385.4,68544.1,66732.0,68251.7
1709596800,68251.5,68744.9,67541.3,68131.0
1709611200,68131.0,68415.0,65437.5,66183.9
1709625600,66183.2,67204.3,65555.7,66658.1
1709640000,66661.6,69104.0,66350.4,66738.4
1709654400,66760.0,66986.7,58909.2,61446.8
1709668800,61446.8,64296.2,61190.1,63657.7
1709683200,63668.5,64097.2,62732.5,63239.3
1709697600,63239.3,66666.9,63226.5,66657.0
1709712000,66657.2,67634.7,66038.9,67282.3
1709726400,67282.3,67587.7,64733.6,66456.8
1709740800,66460.9,67444.9,66215.1,66719.0
1709755200,66719.0,67343.9,65675.9,66029.0
1709769600,66029.0,66455.3,65524.7,65832.2
1709784000,65832.1,66426.9,65626.4,66346.8
1709798400,66352.9,67273.7,66306.7,66896.5
1709812800,66902.1,67904.5,66480.9,67190.3
1709827200,67190.3,67988.0,66972.3,67450.2
1709841600,67456.7,67876.6,66767.5,66786.5
1709856000,66792.0,67224.5,66704.1,67119.1
1709870400,67121.1,67627.9,66733.0,67234.4
1709884800,67234.4,67752.2,67009.3,67733.2
1709899200,67728.4,70224.8,67151.1,67580.7
1709913600,67584.7,68832.9,66029.0,68832.7
1709928000,68844.9,69338.5,67731.1,68077.5
1709942400,68080.7,68255.4,67816.7,68207.3
1709956800,68208.4,68534.6,68095.4,68241.7
1709971200,68250.0,68431.1,67915.1,68275.2
1709985600,68275.4,68483.7,68065.1,68236.7
1710000000,68236.7,68299.9,67955.7,68164.0
1710014400,68165.4,68395.3,68165.4,68273.4
1710028800,68277.0,69281.6,68166.1,69117.6
1710043200,69117.6,69694.2,69005.0,69342.5
1710057600,69343.2,69916.1,69144.6,69549.5
1710072000,69549.5,69818.0,68584.8,69132.7
1710086400,69132.7,69757.3,69099.6,69382.3
1710100800,69382.3,69452.8,67929.3,68892.5
1710115200,68892.5,68906.8,66884.4,68560.1
1710129600,68555.4,71381.3,68421.8,71143.0
1710144000,71151.1,72258.5,71151.1,71495.9
1710158400,71495.7,72629.9,71307.2,71928.6
1710172800,71949.9,72783.9,71726.0,71957.1
1710187200,71964.2,72707.7,71809.3,72059.1
1710201600,72061.4,72459.8,71424.4,71576.8
1710216000,71573.9,72300.0,71288.0,72084.3
1710230400,72084.3,72362.9,71352.8,72007.3
1710244800,72007.3,73100.0,70731.8,71694.8
1710259200,71694.8,71820.1,68600.0,71292.3
1710273600,71292.1,71497.9,70555.5,71407.4
1710288000,71407.2,72219.5,71286.6,72135.4
1710302400,72135.2,73358.0,71996.5,72851.8
1710316800,72852.0,73613.1,72821.6,73040.4
1710331200,73040.4,73164.8,71591.9,72555.3
1710345600,72555.4,73320.0,72300.0,73306.4
1710360000,73306.4,73374.6,72794.1,73034.3
1710374400,73034.3,73270.6,72453.2,73226.4
1710388800,73220.8,73766.0,72641.7,73189.0
1710403200,73189.0,73496.0,72486.8,72833.3
1710417600,72833.2,72986.8,70527.3,70806.7
1710432000,70807.0,71422.6,68514.6,69381.7
1710446400,69373.7,71659.5,69268.6,71347.5
1710460800,71350.4,72348.2,66758.0,68290.0
1710475200,68291.3,68817.9,67000.0,68384.0
1710489600,68384.0,68565.3,65555.1,67821.9
1710504000,67817.4,68805.0,67469.4,68220.7
1710518400,68215.8,70763.5,67585.7,68936.1
1710532800,68936.1,69705.6,67368.0,69462.1
1710547200,69462.1,70024.0,68884.5,69161.5
1710561600,69161.5,69442.0,68562.0,69402.9
1710576000,69402.9,69410.6,67680.8,68229.3
1710590400,68225.7,68456.2,67467.0,68329.1
1710604800,68329.2,68377.5,66617.2,66870.4
1710619200,66870.4,67511.5,64678.1,65272.4
1710633600,65272.4,66568.7,65085.8,66512.8
1710648000,66512.6,66528.8,64541.4,65584.7
1710662400,65584.7,67477.9,65251.7,66914.0
1710676800,66914.1,68089.6,66391.9,67923.7
1710691200,67922.6,68603.3,67711.2,68478.6
1710705600,68478.7,68876.4,67896.4,68353.6
1710720000,68353.8,68381.3,66792.4,67981.7
1710734400,67978.1,68945.7,67736.7,68172.9
1710748800,68183.5,68406.7,67253.4,68213.8
1710763200,68213.8,68687.3,66678.5,67515.8
1710777600,67515.8,68150.7,66608.4,66987.7
1710792000,66987.9,68062.3,66987.9,67681.9
1710806400,67673.4,68235.8,64789.7,65831.2
1710820800,65826.6,65940.0,63600.0,64668.1
1710835200,64668.3,64677.6,62504.9,63072.7
1710849600,63072.7,64120.4,62375.3,63997.3
1710864000,63997.1,65705.7,63919.5,64349.0
1710878400,64352.9,64476.3,61521.0,61886.6
1710892800,61889.2,63436.2,61605.4,61816.2
1710907200,61817.7,63159.2,60743.6,62901.3
1710921600,62904.7,63922.1,62604.3,63342.0
1710936000,63337.6,64363.7,63030.9,63558.1
1710950400,63558.1,65977.6,62000.0,65755.9
1710964800,65755.9,68080.2,65617.6,67826.3
1710979200,67831.3,68224.8,66361.2,66663.4
1710993600,66663.4,67339.6,66080.0,66970.9
1711008000,66972.5,67653.7,66631.6,67032.3
1711022400,67032.3,67699.3,66068.5,66566.5
1711036800,66565.7,67025.9,64841.9,65160.5
1711051200,65163.7,65906.3,64473.7,65466.2
1711065600,65466.2,66137.3,65068.6,65953.6
1711080000,65953.6,66632.5,65743.7,66180.0
1711094400,66181.8,66371.2,64062.8,64235.7
1711108800,64240.5,64672.8,62535.5,63846.9
1711123200,63846.7,64082.1,62732.3,63817.7
1711137600,63819.3,63929.9,62246.2,63790.3
1711152000,63790.3,64396.4,63020.1,63620.9
1711166400,63621.0,64916.2,63572.9,64607.0
1711180800,64607.2,64869.4,64218.9,64674.9
1711195200,64674.8,65475.8,64300.8,65097.2
1711209600,65097.2,66063.7,64813.6,64898.7
1711224000,64898.7,65249.6,63905.9,63995.5
1711238400,63995.5,64730.2,63955.1,64002.0
1711252800,64012.2,64675.7,63806.9,64659.8
1711267200,64659.8,65433.4,64551.6,65379.5
1711281600,65379.5,65908.3,65217.4,65639.1
1711296000,65639.1,66017.1,64575.0,65788.5
1711310400,65788.5,67649.9,65682.4,67245.3
1711324800,67245.1,67374.2,66410.2,67359.7
1711339200,67359.7,67712.1,66721.5,66810.1
1711353600,66809.9,67331.5,66730.9,66785.2
1711368000,66780.9,70010.9,66758.6,69774.1
1711382400,69781.4,71020.2,69430.6,70968.4
1711396800,70968.4,71149.9,69553.4,69861.9
1711411200,69861.9,70607.8,69721.9,70414.2
1711425600,70414.2,71544.6,70246.0,70446.3
1711440000,70449.3,71262.8,70227.4,70656.7
1711454400,70655.4,71125.6,69263.3,70223.9
1711468800,70224.1,70507.4,69396.9,69480.2
1711483200,69479.7,70324.9,69397.2,70003.3
1711497600,70003.3,70758.3,69845.1,70401.2
1711512000,70403.4,70589.0,69635.9,69723.0
1711526400,69729.3,70362.4,69428.6,70239.6
1711540800,70239.5,70352.4,68822.0,68832.6
1711555200,68832.6,69409.6,68316.1,68624.6
1711569600,68624.4,69599.2,68610.0,69437.0
1711584000,69438.3,69959.8,68872.2,69256.8
1711598400,69253.2,70422.5,69243.7,70357.7
1711612800,70361.5,70940.2,70243.8,70621.1
1711627200,70622.2,71535.2,70316.3,71261.4
1711641600,71264.8,71301.2,70391.7,70761.6
1711656000,70761.8,71040.1,70500.1,70745.7
1711670400,70745.9,70882.2,70272.9,70426.8
1711684800,70426.6,70530.5,69716.0,69763.2
1711699200,69763.0,70300.0,69550.4,70111.6
1711713600,70111.6,70612.5,69004.8,69146.9
1711728000,69154.1,69638.1,69055.9,69626.5
1711742400,69626.7,69885.6,69250.0,69814.2
1711756800,69814.2,70138.9,69677.6,69754.1
1711771200,69753.9,70290.9,69725.9,69814.9
1711785600,69819.1,70163.9,69785.8,70151.4
1711800000,70151.4,70241.6,69894.0,69971.9
1711814400,69971.9,70276.7,69647.2,69866.7
1711828800,69866.7,69876.4,69516.3,69554.2
1711843200,69554.4,70143.5,69532.1,69894.7
1711857600,69894.7,70479.7,69847.2,70286.2
1711872000,70287.7,70462.3,70139.8,70368.7
1711886400,70368.7,70716.6,70251.9,70351.4
1711900800,70358.3,71291.6,70289.0,71049.2
1711915200,71049.2,71379.1,70610.6,71273.1
1711929600,71272.9,71300.8,70504.7,70554.8
1711944000,70554.8,70624.3,68796.1,69524.3
1711958400,69530.3,69770.4,69112.6,69434.6
1711972800,69434.4,70057.2,68079.6,68190.1
1711987200,68186.2,69770.1,67978.5,69586.6
1712001600,69586.8,69879.7,69278.0,69622.0
1712016000,69622.0,69644.2,65654.5,66658.4
1712030400,66651.5,67046.2,66053.2,66415.1
1712044800,66415.1,66665.4,65006.0,65582.9
1712059200,65580.9,66208.7,64556.0,64839.3
1712073600,64845.7,66129.9,64511.6,65855.9
1712088000,65852.5,66053.1,65147.9,65442.8
1712102400,65442.8,66276.5,64435.6,66186.6
1712116800,66174.8,66424.6,65882.6,66084.5
1712131200,66084.3,66599.6,65500.0,66012.7
1712145600,66012.9,66877.0,65587.5,65799.2
1712160000,65794.9,66548.5,65424.8,65716.7
1712174400,65733.5,66237.0,65423.6,65914.3
1712188800,65914.5,66302.5,65409.2,65569.8
1712203200,65569.6,66232.6,65018.5,66038.4
1712217600,66038.4,66428.9,65970.1,66289.5
1712232000,66289.5,67898.0,66268.2,67612.3
1712246400,67618.4,69304.5,67493.7,68459.3
1712260800,68461.0,68524.6,67314.3,68476.7
1712275200,68483.4,68743.9,67452.0,67894.0
1712289600,67894.0,68064.4,66375.8,66917.0
1712304000,66919.9,67680.4,66333.0,66446.2
1712318400,66447.3,68529.7,65914.2,68150.3
1712332800,68170.2,68364.9,67291.3,67373.6
1712347200,67369.9,67930.0,67301.1,67779.4
1712361600,67779.6,68037.6,67427.5,67768.2
1712376000,67768.0,68247.5,67584.8,67969.2
1712390400,67969.2,68090.8,67577.6,67633.6
1712404800,67633.7,68267.2,67505.5,68070.8
1712419200,68070.6,68454.4,67902.2,68205.5
1712433600,68205.7,69684.8,68113.6,68879.6
1712448000,68879.6,69780.0,68798.8,69378.8
1712462400,69378.8,69472.4,69020.5,69337.2
1712476800,69337.4,69541.9,69188.8,69333.7
1712491200,69333.9,69850.0,69182.6,69526.7
1712505600,69526.7,70292.6,68813.3,69059.7
1712520000,69059.7,69472.5,68906.0,69342.2
1712534400,69342.3,69800.5,69052.8,69443.6
1712548800,69443.7,70844.2,69263.8,70677.7
1712563200,70687.3,72708.3,70623.1,72382.5
1712577600,72389.2,72750.0,71168.6,71734.5
1712592000,71734.7,72090.4,71288.2,71723.3
1712606400,71735.4,71989.6,71473.9,71607.6
1712620800,71607.5,71739.2,70835.5,71277.0
1712635200,71277.0,71335.2,70123.0,70357.9
1712649600,70360.8,70857.6,69562.1,70755.8
1712664000,70756.0,70912.6,68486.2,69219.4
1712678400,69219.4,69292.8,68190.1,68951.0
1712692800,68948.6,69376.4,68838.0,69096.6
1712707200,69094.7,69569.3,68415.0,69110.2
1712721600,69112.7,69468.5,68966.3,69286.2
1712736000,69286.2,69295.1,68588.9,68995.7
1712750400,68995.9,69172.6,67453.6,68603.0
1712764800,68603.2,70054.7,68532.1,70054.7
1712779200,70053.1,71165.0,69507.4,70598.3
1712793600,70605.5,71025.7,70253.3,70811.2
1712808000,70811.3,71251.8,70347.7,70700.3
1712822400,70700.1,71223.9,69875.5,69980.0
1712836800,69983.9,71069.2,69530.2,69963.7
1712851200,69970.9,70484.4,69538.2,70405.7
1712865600,70403.6,70705.9,69753.7,69968.4
1712880000,69968.4,70955.3,69963.8,70933.5
1712894400,70933.5,71199.0,70547.6,70736.9
1712908800,70736.9,70918.9,70487.7,70854.9
1712923200,70855.0,70918.9,69175.0,69283.8
1712937600,69283.7,69527.3,64800.0,66792.7
1712952000,66801.4,67400.5,66649.6,67071.3
1712966400,67071.3,67130.8,65710.3,67115.8
1712980800,67115.8,67890.3,66974.1,67388.6
1712995200,67388.8,67799.1,67030.9,67330.8
1713009600,67330.6,67908.7,67125.7,67627.1
1713024000,67627.3,67720.1,63472.9,64747.3
1713038400,64692.6,65560.4,59852.6,63929.3
1713052800,63929.1,64306.7,62135.1,63415.2
1713067200,63415.4,64872.1,63370.4,64428.2
1713081600,64428.2,64847.7,63861.0,64153.8
1713096000,64148.2,64829.8,63424.2,64164.2
1713110400,64164.2,64724.7,62549.8,64146.6
1713124800,64146.8,65831.1,63301.3,65618.6
1713139200,65607.3,65830.4,64906.4,65111.2
1713153600,65115.2,66552.6,64650.4,66222.0
1713168000,66222.0,66833.0,65736.8,65833.5
1713182400,65833.5,66383.7,63807.3,64543.3
1713196800,64546.3,64851.8,62247.1,63264.0
1713211200,63279.8,63598.4,62600.0,63397.6
1713225600,63406.3,63884.7,62700.6,62927.6
1713240000,62925.4,63752.7,61650.0,63462.5
1713254400,63462.6,63577.8,61515.7,63052.6
1713268800,63054.1,63388.3,61673.6,61720.5
1713283200,61716.9,63249.9,61653.6,62683.4
1713297600,62673.5,64332.2,62520.7,63745.4
1713312000,63745.6,64249.8,63524.2,63790.7
1713326400,63790.8,64468.4,63219.9,63250.1
1713340800,63262.5,63551.8,62509.2,62570.8
1713355200,62567.9,62942.7,59834.5,60264.7
1713369600,60264.9,61929.7,59618.4,60971.9
1713384000,60972.1,61718.0,60714.3,61231.2
1713398400,61231.4,62138.2,60900.0,61946.4
1713412800,61946.4,62043.5,60747.2,61137.3
1713427200,61137.3,63029.1,60822.1,62539.7
1713441600,62539.7,64109.8,61557.6,63458.0
1713456000,63458.0,63827.0,62290.4,63454.8
1713470400,63446.7,63810.5,63123.6,63446.4
1713484800,63446.4,63447.2,59533.4,61727.8
1713499200,61727.9,65119.5,61710.4,64494.4
1713513600,64500.0,65390.3,64096.2,64831.3
1713528000,64831.5,65404.3,63766.3,64393.1
1713542400,64393.3,64767.5,63464.3,64274.4
1713556800,64276.6,64445.1,62889.9,63763.3
1713571200,63763.1,64184.6,63047.3,63921.0
1713585600,63920.8,64247.5,63766.9,63925.0
1713600000,63924.8,63948.1,63236.2,63675.6
1713614400,63679.1,64925.3,63524.4,64748.2
1713628800,64748.2,65369.5,64391.6,64813.1
1713643200,64813.3,64982.7,64500.3,64876.4
1713657600,64881.9,65660.0,64560.0,65127.4
1713672000,65127.4,65202.8,64778.7,65093.3
1713686400,65088.2,65415.5,64726.2,65183.6
1713700800,65177.2,65323.7,64720.4,64989.2
1713715200,64989.2,65037.7,64178.1,64480.6
1713729600,64480.6,65109.4,64300.7,64886.1
1713744000,64885.9,66079.8,64467.1,65653.7
1713758400,65653.5,66444.3,65458.5,65927.4
1713772800,65927.3,66167.3,65655.4,65825.3
1713787200,65825.1,66430.7,65587.7,65943.9
1713801600,65953.9,66784.9,65863.0,66476.6
1713816000,66476.6,67200.0,66273.8,66767.2
1713830400,66764.3,67126.3,66352.6,66371.2
1713844800,66371.2,66586.4,65970.7,66057.0
1713859200,66057.0,66268.8,65800.4,66008.7
1713873600,66008.6,67084.3,65759.7,66362.7
1713888000,66362.7,66842.6,66288.3,66418.7
1713902400,66423.0,66423.2,65900.0,66365.7
1713916800,66365.7,66885.3,66339.0,66571.0
1713931200,66571.0,67035.2,66500.1,66568.2
1713945600,66568.4,66694.7,66141.6,66526.8
1713960000,66526.6,66689.6,64452.2,64578.4
1713974400,64578.4,65082.2,63725.9,63940.7
1713988800,63938.9,64404.5,63557.1,64236.8
1714003200,64236.6,64684.5,63802.6,64244.6
1714017600,64244.7,64359.5,63778.9,63976.6
1714032000,63981.9,64158.8,63320.0,63801.7
1714046400,63802.1,64245.2,62723.4,64073.6
1714060800,64071.9,64886.8,63920.0,64697.2
1714075200,64697.2,65229.3,64400.0,64450.7
1714089600,64450.9,64631.1,63837.9,64343.0
1714104000,64345.3,64564.9,63958.4,64221.8
1714118400,64221.8,64532.2,64020.1,64189.0
1714132800,64189.0,64742.0,63284.1,63446.9
1714147200,63450.0,64116.7,63269.9,63699.4
1714161600,63696.7,64066.8,63637.0,63723.4
1714176000,63723.6,63881.4,62328.8,63024.0
1714190400,63023.8,63134.5,62749.8,62915.1
1714204800,62919.5,63006.6,62612.9,62815.2
1714219200,62815.4,63360.8,62756.7,62905.6
1714233600,62905.6,63604.7,62689.8,63309.4
1714248000,63318.6,63500.0,63110.0,63400.7
1714262400,63400.7,64328.6,63400.7,63982.3
1714276800,63982.3,64030.6,63765.9,63874.4
1714291200,63881.4,63944.9,63300.0,63437.1
1714305600,63435.7,63828.5,63354.3,63484.7
1714320000,63484.7,63933.5,63425.0,63672.0
1714334400,63669.7,63698.6,62740.4,63074.4
1714348800,63074.4,63318.3,62107.4,62228.2
1714363200,62228.4,62578.2,61873.0,62357.5
1714377600,62357.5,62636.3,62132.2,62218.1
1714392000,62211.6,63080.0,61745.7,62987.7
1714406400,62993.4,63174.7,62499.3,62932.9
1714420800,62932.9,64187.0,62769.9,63829.8
1714435200,63830.0,64694.3,63092.4,63617.2
1714449600,63617.0,63672.9,63030.0,63095.4
1714464000,63095.4,63192.6,61000.0,61163.2
1714478400,61157.1,61525.7,60513.6,60737.4
1714492800,60737.4,60850.0,59141.7,59256.7
1714507200,59256.7,61027.2,59239.0,60636.1
1714521600,60636.3,60809.3,59536.8,60197.6
1714536000,60197.6,60310.9,57028.3,57434.1
1714550400,57426.9,57865.7,56517.2,57840.3
1714564800,57834.2,58229.8,56650.0,56842.3
1714579200,56842.3,59447.8,56569.5,56922.1
1714593600,56921.9,58500.0,56705.3,58285.3
1714608000,58285.3,58535.0,56919.4,57391.8
1714622400,57391.8,57882.4,57164.1,57627.1
1714636800,57627.3,58623.1,57532.0,58500.5
1714651200,58489.1,59417.3,58195.3,59224.7
1714665600,59222.6,59534.0,58902.9,59313.1
1714680000,59306.2,59584.5,58589.9,59010.1
1714694400,59010.1,59976.9,58772.9,59678.3
1714708800,59678.1,59800.0,59002.6,59132.4
1714723200,59132.4,59525.0,58812.9,59250.7
1714737600,59250.7,62080.4,58947.7,61636.6
1714752000,61640.4,62157.7,61482.2,62020.9
1714766400,62019.0,63297.2,61918.9,62812.8
1714780800,62812.6,63590.4,62513.2,62671.3
1714795200,62667.1,63400.0,62621.4,62899.9
1714809600,62889.8,64500.2,62877.7,63837.6
1714824000,63837.6,64120.5,63404.1,63564.1
1714838400,63566.4,63978.5,63271.8,63861.7
1714852800,63861.7,64160.9,63504.7,63846.6
1714867200,63846.6,64152.5,62830.0,63193.4
1714881600,63193.4,63916.6,63076.0,63701.2
1714896000,63701.2,63891.8,63498.5,63816.4
1714910400,63816.6,64592.3,63585.1,64370.4
1714924800,64370.4,64490.0,63778.5,63824.3
1714939200,63824.3,64188.9,63519.6,63958.9
1714953600,63962.3,64433.0,63656.6,63823.6
1714968000,63827.1,64538.8,63718.7,64496.3
1714982400,64496.5,65488.2,63744.4,64182.6
1714996800,64182.7,64306.4,62900.0,63609.6
1715011200,63609.6,63724.2,62666.0,63181.2
1715025600,63181.2,63582.4,63007.2,63116.5
1715040000,63116.5,63936.9,62800.0,63178.1
1715054400,63173.4,63796.1,63029.5,63622.3
1715068800,63622.3,64349.9,63299.6,63446.5
1715083200,63443.2,64277.0,63023.0,63683.4
1715097600,63683.4,63842.5,62776.4,63006.8
1715112000,63007.0,63139.5,62220.0,62280.6
1715126400,62280.6,62929.6,62055.2,62856.9
1715140800,62856.9,62968.5,62051.2,62160.1
1715155200,62160.1,62474.0,62000.0,62198.1
1715169600,62202.0,62806.7,61741.3,62231.0
1715184000,62231.1,62717.8,61880.2,62128.4
1715198400,62128.3,62198.3,60843.6,61151.1
1715212800,61151.1,61760.5,61096.0,61624.5
1715227200,61624.5,61729.4,61088.7,61208.5
1715241600,61208.6,61405.9,60600.0,61021.6
1715256000,61021.4,62246.2,60831.2,62107.1
1715270400,62106.9,62616.8,61713.5,62392.7
1715284800,62392.5,63386.7,62286.3,63014.9
1715299200,63014.9,63038.5,62600.1,62859.7
1715313600,62859.7,63336.7,62608.3,63019.0
1715328000,63019.0,63263.5,62730.8,63239.8
1715342400,63242.9,63424.2,60627.0,60871.2
1715356800,60871.2,61245.5,60101.6,60664.2
1715371200,60664.2,60964.2,60416.1,60762.6
1715385600,60762.6,61056.8,60620.0,60685.4
1715400000,60682.3,61031.9,60661.9,60963.4
1715414400,60965.1,61006.2,60422.5,60625.4
1715428800,60625.4,61476.7,60574.4,61134.4
1715443200,61134.6,61360.5,60960.4,61091.2
1715457600,61091.4,61112.8,60700.0,60772.6
1715472000,60772.6,61071.2,60743.3,60881.1
1715486400,60881.3,61071.2,60552.5,60769.4
1715500800,60769.2,61314.7,60730.3,61091.3
1715515200,61091.1,61528.6,61027.2,61370.9
1715529600,61370.7,61815.0,61144.6,61364.9
1715544000,61364.7,61493.1,60855.1,61422.6
1715558400,61422.8,61753.6,60707.5,61103.1
1715572800,61103.3,62418.1,60751.3,62286.6
1715587200,62285.3,63239.9,62285.3,62685.7
1715601600,62685.5,63164.3,62400.0,62968.2
1715616000,62968.2,63411.3,62514.0,63093.1
1715630400,63093.1,63116.2,62668.1,62885.7
1715644800,62882.2,63069.4,62370.0,62451.7
1715659200,62451.9,62733.9,61365.2,61973.6
1715673600,61973.8,61990.4,61465.9,61744.7
1715688000,61744.7,62263.5,61081.9,61722.9
1715702400,61728.5,61761.6,61101.0,61532.2
1715716800,61532.0,61733.6,61426.0,61515.7
1715731200,61515.5,61974.4,61282.3,61900.5
1715745600,61900.3,62222.0,61763.8,62145.2
1715760000,62145.4,62943.6,61874.3,62425.1
1715774400,62425.1,65093.0,62367.0,64671.2
1715788800,64671.4,66362.2,64670.2,65944.8
1715803200,65944.6,66418.2,65692.4,66189.0
1715817600,66189.0,66654.6,65805.2,65992.8
1715832000,65992.6,66261.0,65676.6,66138.5
1715846400,66138.3,66613.0,66033.6,66529.0
1715860800,66524.1,66800.0,65400.0,65844.1
1715875200,65844.1,65855.3,64627.1,65194.2
1715889600,65189.9,65500.0,65052.9,65245.0
1715904000,65244.8,65889.9,65101.3,65583.9
1715918400,65583.9,66482.5,65357.5,66365.2
1715932800,66365.0,66569.7,66062.2,66215.1
1715947200,66215.3,67450.0,65817.0,67195.2
1715961600,67197.1,67303.2,66213.2,67051.1
1715976000,67051.1,67073.1,66691.8,67025.0
1715990400,67025.2,67098.8,66745.8,66948.9
1716004800,66948.7,67230.0,66733.8,66899.1
1716019200,66898.9,67381.2,66849.9,67202.9
1716033600,67202.9,67250.2,66588.3,66815.2
1716048000,66815.2,67022.1,66722.0,66923.9
1716062400,66923.7,67063.3,66799.4,66929.0
1716076800,66929.2,67297.0,66851.9,67176.7
1716091200,67176.5,67370.6,66911.7,67357.0
1716105600,67357.2,67792.6,66990.0,67341.9
1716120000,67341.7,67346.1,66693.4,66908.2
1716134400,66908.2,67013.1,65910.2,66066.3
1716148800,66066.3,66475.5,66016.0,66288.0
1716163200,66287.8,66806.2,66087.9,66685.7
1716177600,66685.7,67294.9,66276.3,66810.4
1716192000,66810.2,67370.2,66740.5,66997.6
1716206400,66997.6,67526.4,66754.0,67431.8
1716220800,67431.8,70093.2,67402.8,70068.1
1716235200,70061.3,71649.7,68965.9,71475.3
1716249600,71475.5,72074.8,70723.0,71278.1
1716264000,71278.0,71388.9,70822.9,70888.2
1716278400,70888.2,71424.5,70879.1,71102.3
1716292800,71102.3,71421.5,69634.9,69787.6
1716307200,69787.4,70227.1,69130.7,69241.3
1716321600,69243.5,70318.7,69193.5,70078.6
1716336000,70078.7,70329.7,69772.1,69912.9
1716350400,69912.9,70049.9,69159.8,69676.1
1716364800,69676.3,70226.1,69544.5,69685.2
1716379200,69685.0,70569.8,69396.4,70401.2
1716393600,70401.9,70634.5,69200.0,69592.9
1716408000,69592.9,69925.9,68839.9,69126.6
1716422400,69126.6,69593.8,69126.6,69394.2
1716436800,69394.1,69810.0,69289.6,69677.4
1716451200,69677.4,70009.8,69479.2,69932.1
1716465600,69929.8,70048.0,67555.0,68018.9
1716480000,68019.1,68107.9,66700.0,67161.1
1716494400,67164.1,68329.3,66200.0,67907.0
1716508800,67906.8,67976.5,67581.8,67839.8
1716523200,67840.0,67877.8,66814.0,67118.3
1716537600,67118.3,67483.8,66562.8,67313.0
1716552000,67313.2,68372.5,66887.0,68269.9
1716566400,68269.7,69207.1,67861.4,69073.5
1716580800,69069.1,69160.5,68473.5,68508.0
1716595200,68507.8,68864.6,68461.0,68694.8
1716609600,68694.6,68765.0,68497.0,68698.1
1716624000,68698.1,69548.5,68696.7,69054.2
1716638400,69054.2,69252.5,68779.4,68866.4
1716652800,68866.6,69211.0,68790.1,69106.0
1716667200,69104.2,69316.6,68986.7,69244.4
1716681600,69244.4,69269.4,68756.6,69032.8
1716696000,69032.8,69375.9,68861.8,69302.6
1716710400,69300.8,69500.0,68915.1,69076.5
1716724800,69076.7,69352.1,68590.6,68795.6
1716739200,68795.4,68914.8,68635.1,68852.9
1716753600,68857.5,68859.5,68096.9,68460.3
1716768000,68460.1,69256.0,68420.3,68835.2
1716782400,68835.2,68868.2,68258.4,68599.9
1716796800,68600.0,68891.2,68201.0,68384.5
1716811200,68384.5,70509.2,68325.2,70351.7
1716825600,70351.9,70673.8,69019.0,69221.1
1716840000,69221.1,69864.0,69137.0,69354.6
1716854400,69354.6,69544.4,67694.6,68018.7
1716868800,68018.7,68107.6,67450.0,67637.9
1716883200,67637.9,68844.9,67547.9,68347.5
1716897600,68347.7,68527.9,67486.7,68338.5
1716912000,68343.2,68570.0,67270.0,68391.1
1716926400,68396.3,68692.2,68076.2,68349.9
1716940800,68349.9,68874.0,68229.3,68789.4
1716955200,68789.4,68888.0,67909.1,67909.3
1716969600,67914.3,68016.6,67553.4,67728.3
1716984000,67728.3,68229.2,67287.8,67329.5
1716998400,67329.5,67702.9,67049.0,67220.9
1717012800,67220.9,67784.4,67094.6,67593.7
1717027200,67593.7,68164.3,67420.1,68071.1
1717041600,68071.1,68390.6,67461.5,67546.1
1717056000,67549.0,68085.4,67087.0,67767.8
1717070400,67767.7,68767.3,67710.0,68473.2
1717084800,68473.0,69464.4,68321.7,68620.8
1717099200,68615.4,68625.1,67985.6,68311.4
1717113600,68311.2,68713.5,68223.7,68481.2
1717128000,68482.0,68598.5,68033.0,68128.9
1717142400,68130.3,68417.4,67824.1,68307.7
1717156800,68307.5,69000.0,67155.0,67165.8
1717171200,67166.0,67945.6,66602.8,67620.1
1717185600,67630.3,67754.3,67192.3,67504.7
1717200000,67504.6,67722.6,67391.3,67681.7
1717214400,67681.7,67765.8,67513.8,67576.7
1717228800,67576.9,67716.8,67563.0,67615.8
1717243200,67616.0,67851.0,67597.1,67634.5
1717257600,67634.5,67783.2,67507.4,67705.7
1717272000,67705.5,67837.7,67660.1,67714.9
1717286400,67714.9,67872.6,67593.0,67735.0
1717300800,67735.0,67813.6,67663.8,67664.0
1717315200,67664.0,68280.0,67330.2,68211.5
1717329600,68211.5,68419.6,67755.7,68110.1
1717344000,68110.1,68167.1,67250.4,67695.3
1717358400,67695.3,67944.6,67527.0,67712.7
1717372800,67712.5,68770.9,67576.8,68354.6
1717387200,68354.8,69176.3,68258.3,68869.5
1717401600,68869.5,69296.1,68810.1,69041.2
1717416000,69047.3,70255.6,68459.7,69550.0
1717430400,69559.9,69669.6,68724.5,69172.8
1717444800,69161.0,69468.4,68677.3,68749.9
1717459200,68750.1,69330.8,68596.0,69119.8
1717473600,69119.8,69239.7,68715.3,68953.9
1717488000,68954.1,69151.8,68514.3,68917.9
1717502400,68918.1,70442.4,68809.7,70392.2
1717516800,70392.2,71019.1,70042.1,70376.8
1717531200,70377.0,70681.5,70112.5,70487.1
1717545600,70487.1,71249.4,70382.3,70903.2
1717560000,70892.5,71389.5,70784.0,71148.7
1717574400,71148.9,71188.5,70663.4,70924.8
1717588800,70925.0,71680.0,70353.6,71517.4
1717603200,71517.2,71718.7,70809.1,71223.4
1717617600,71233.9,71302.1,70698.2,71058.3
1717632000,71057.8,71201.6,70844.5,70991.6
1717646400,70991.6,71066.6,70747.6,70978.1
1717660800,70978.1,71125.0,70821.0,71120.8
1717675200,71121.0,71590.3,70940.0,71243.0
1717689600,71241.4,71322.9,70416.3,70430.1
1717704000,70430.0,70891.0,70080.3,70739.2
1717718400,70739.4,70981.7,70619.1,70943.1
1717732800,70943.1,71410.6,70943.1,71070.4
1717747200,71070.4,71668.6,71006.8,71662.6
1717761600,71662.6,71926.2,70582.1,71060.2
1717776000,71060.4,71192.2,68405.0,69200.3
1717790400,69207.2,69463.0,68919.2,69294.7
1717804800,69294.3,69485.4,69231.6,69367.7
1717819200,69367.9,69522.3,69188.1,69522.1
1717833600,69522.1,69522.3,69254.5,69319.3
1717848000,69319.1,69444.2,69105.6,69368.1
1717862400,69368.1,69436.8,69233.7,69399.3
1717876800,69399.5,69423.5,69214.0,69253.8
1717891200,69253.9,69304.2,69061.2,69219.5
1717905600,69219.7,69385.1,69181.9,69246.1
1717920000,69246.1,69351.2,69223.5,69324.0
1717934400,69324.0,69728.1,69193.4,69452.7
1717948800,69452.9,69787.2,69439.8,69651.9
1717963200,69651.7,69764.1,69526.8,69585.5
1717977600,69585.3,69742.8,69355.0,69554.4
1717992000,69554.2,69631.7,69205.5,69258.4
1718006400,69257.4,69515.9,69132.1,69428.4
1718020800,69428.4,70119.0,69176.6,69992.6
1718035200,69992.6,70070.5,69325.5,69441.3
1718049600,69441.1,69637.0,69274.7,69483.3
1718064000,69483.3,69529.7,67845.5,68411.7
1718078400,68405.8,68405.8,67237.7,67507.0
1718092800,67512.5,67609.2,66700.0,66838.8
1718107200,66838.8,67238.2,65911.2,66179.9
1718121600,66176.5,67523.4,66128.6,67343.6
1718136000,67328.7,67527.8,67115.2,67255.4
1718150400,67255.4,67529.9,66836.5,67358.3
1718164800,67358.3,67605.5,67147.4,67397.6
1718179200,67397.4,67990.1,67298.3,67735.6
1718193600,67735.6,69959.1,67688.8,69684.7
1718208000,69688.8,69819.1,67200.0,67490.5
1718222400,67490.7,68601.6,67391.2,68219.1
1718236800,68218.9,68346.0,66924.0,67412.2
1718251200,67412.3,67680.7,67251.1,67680.5
1718265600,67680.5,67924.6,67120.3,67680.9
1718280000,67682.2,68350.0,66286.0,66416.9
1718294400,66417.1,67029.4,66235.0,66563.7
1718308800,66567.6,66934.5,66469.9,66719.1
1718323200,66719.3,66990.4,66421.4,66702.6
1718337600,66702.4,67166.4,66666.6,66862.3
1718352000,66862.1,67214.8,66715.8,66978.4
1718366400,66978.6,67323.3,66279.0,66339.5
1718380800,66339.5,66467.0,65010.9,65470.2
1718395200,65470.0,66577.0,65427.3,65989.9
1718409600,65989.9,66255.9,65935.2,66219.1
1718424000,66219.1,66352.8,66022.1,66029.0
1718438400,66029.2,66286.0,66029.0,66270.5
1718452800,66270.5,66423.6,66117.2,66274.1
1718467200,66274.3,66324.8,66023.6,66110.1
1718481600,66110.1,66234.1,65809.6,66163.5
1718496000,66163.3,66218.4,66008.1,66083.6
1718510400,66083.4,66306.9,65987.0,66220.8
1718524800,66220.7,66716.4,66140.0,66431.3
1718539200,66431.3,66733.2,66416.1,66650.9
1718553600,66650.7,66693.3,66463.9,66513.0
1718568000,66513.0,66914.0,66405.7,66628.7
1718582400,66628.8,66870.6,66037.0,66177.2
1718596800,66177.2,66509.3,65891.4,66133.0
1718611200,66133.0,66273.2,65523.3,65769.4
1718625600,65767.4,65792.9,65073.9,65313.0
1718640000,65312.9,67252.7,65103.3,66630.7
1718654400,66630.7,66699.0,66123.0,66430.8
1718668800,66431.0,66538.9,64525.8,65441.7
1718683200,65432.1,65789.3,65300.0,65629.2
1718697600,65629.4,65707.4,65068.6,65319.0
1718712000,65319.2,65389.7,64124.8,64648.0
1718726400,64648.0,64830.0,63956.3,64377.5
1718740800,64377.5,65259.6,64130.8,65125.8
1718755200,65125.8,65546.1,64754.4,65356.3
1718769600,65356.1,65660.1,65167.0,65282.6
1718784000,65282.4,65497.5,64973.0,65165.5
1718798400,65165.3,65263.6,64747.9,64882.8
1718812800,64880.3,65212.5,64750.8,64836.8
1718827200,64836.8,65046.2,64631.7,64918.0
1718841600,64918.0,65375.6,64789.2,65147.9
1718856000,65147.9,65910.0,65038.3,65805.3
1718870400,65805.1,66431.9,65527.4,66118.9
1718884800,66118.9,66247.0,64593.6,64776.7
1718899200,64776.9,65169.4,64525.0,65015.6
1718913600,65015.4,65145.0,64816.8,64836.1
1718928000,64836.1,65036.2,64299.0,64460.8
1718942400,64462.0,64694.7,64145.0,64157.2
1718956800,64157.4,64322.7,63485.2,63723.5
1718971200,63723.7,64313.6,63323.9,63675.7
1718985600,63675.7,64202.3,63411.2,64180.7
1719000000,64178.5,64399.9,63787.6,64101.0
1719014400,64101.0,64292.4,63885.8,64266.9
1719028800,64267.1,64480.5,64189.4,64470.0
1719043200,64469.8,64481.8,64154.3,64230.2
1719057600,64230.2,64348.3,64198.6,64257.0
1719072000,64257.0,64311.8,64172.6,64246.9
1719086400,64246.9,64288.8,64198.6,64215.0
1719100800,64214.8,64471.4,64214.8,64368.2
1719115200,64368.2,64385.5,64298.5,64364.6
1719129600,64364.4,64385.7,64201.7,64295.3
1719144000,64295.3,64387.6,64018.8,64052.1
1719158400,64052.1,64143.7,63882.7,64103.7
1719172800,64107.2,64113.8,63102.6,63153.2
1719187200,63153.2,63320.0,62600.0,62817.8
1719201600,62817.6,62903.7,62111.0,62407.2
1719216000,62407.0,62912.7,60551.5,61232.9
1719230400,61232.9,61669.4,60631.4,60799.9
1719244800,60799.8,61007.3,59015.9,59285.1
1719259200,59272.2,60366.0,58326.4,60231.9
1719273600,60232.1,61540.5,60194.9,61250.8
1719288000,61250.8,61370.9,60589.5,60636.3
1719302400,60635.9,61514.8,60632.7,61139.2
1719316800,61139.4,62093.5,60908.6,61770.1
1719331200,61770.0,62358.6,61091.1,61935.6
1719345600,61929.6,62100.3,61606.6,61744.4
1719360000,61744.5,62493.3,61579.5,61876.2
1719374400,61883.0,61934.9,61480.7,61682.9
1719388800,61682.9,61714.5,61124.8,61394.2
1719403200,61394.2,61938.5,61148.0,61430.7
1719417600,61430.7,61501.6,60675.0,60953.4
1719432000,60953.2,61089.9,60675.5,60816.1
1719446400,60822.6,61225.4,60729.0,60986.8
1719460800,60986.7,61139.2,60600.0,60754.5
1719475200,60757.1,61400.9,60688.8,61145.3
1719489600,61145.1,62328.1,61103.9,61534.6
1719504000,61534.7,61967.0,61367.0,61405.5
1719518400,61409.1,61666.8,61313.8,61652.9
1719532800,61652.9,62170.3,61437.9,61767.6
1719547200,61767.6,61777.1,61201.0,61294.9
1719561600,61294.9,61749.5,61170.0,61648.8
1719576000,61649.0,61812.2,60706.3,61009.8
1719590400,61013.4,61067.0,60063.9,60095.9
1719604800,60096.4,60410.5,60031.6,60382.5
1719619200,60382.7,60949.9,60356.6,60706.6
1719633600,60706.6,61079.0,60651.3,60994.2
1719648000,60994.2,61225.2,60839.2,61049.2
1719662400,61049.0,61140.5,60896.1,61066.2
1719676800,61066.2,61084.4,60869.6,61001.7
1719691200,61001.8,61061.1,60828.3,60943.3
1719705600,60943.3,61035.2,60713.4,60856.6
1719720000,60856.6,61743.0,60666.4,61475.7
1719734400,61475.7,61660.7,61339.3,61502.8
1719748800,61502.8,61822.0,61280.9,61670.7
1719763200,61674.7,62060.7,61530.7,61973.0
1719777600,61973.2,63069.4,61808.1,62747.6
1719792000,62747.4,63797.9,62549.6,63386.4
1719806400,63388.7,63420.0,63165.4,63226.0
1719820800,63226.2,63274.5,62556.9,62629.3
1719835200,62629.3,63095.0,62480.0,63074.6
1719849600,63074.6,63810.2,62905.7,63171.2
1719864000,63171.2,63368.9,62794.4,62883.8
1719878400,62883.9,63252.5,62770.0,63084.7
1719892800,63084.9,63196.5,62530.0,62588.4
1719907200,62588.4,62813.9,62380.0,62792.1
1719921600,62792.1,63129.0,61812.0,61923.0
1719936000,61923.0,62339.4,61793.9,61912.9
1719950400,61919.8,62160.2,61830.8,62067.6
1719964800,62067.6,62242.3,60569.0,60941.4
1719979200,60941.3,61136.8,60767.1,60822.8
1719993600,60823.0,60947.5,59671.0,60345.2
1720008000,60345.4,60650.0,59712.1,60139.1
1720022400,60139.1,60600.0,59606.7,59617.4
1720036800,59612.6,60323.4,59332.8,60165.7
1720051200,60165.8,60421.8,57777.7,59058.4
1720065600,59058.4,59102.7,58044.3,58193.6
1720080000,58191.1,58461.5,56925.4,57715.8
1720094400,57715.8,58300.0,56723.4,58086.8
1720108800,58093.7,58605.2,57696.9,58233.2
1720123200,58233.0,58761.1,56871.6,57019.5
1720137600,57017.8,57511.0,55000.0,55196.3
1720152000,55196.3,55326.0,53270.7,54357.5
1720166400,54356.4,55612.8,53847.5,55445.7
1720180800,55445.7,56640.0,54799.8,56629.9
1720195200,56632.9,56991.0,55775.3,56424.2
1720209600,56423.4,56885.6,56273.6,56646.7
1720224000,56646.7,57039.4,56203.3,56437.9
1720238400,56437.7,56691.1,56030.7,56601.9
1720252800,56602.1,56901.1,56448.1,56748.6
1720267200,56748.6,57420.0,56517.1,57316.9
1720281600,57316.7,58117.9,57190.7,57868.9
1720296000,57868.7,58515.3,57837.8,58239.7
1720310400,58239.9,58545.2,57844.5,58009.7
1720324800,58009.7,58050.0,57121.3,57421.7
1720339200,57421.7,57972.9,57397.9,57505.4
1720353600,57505.2,57691.7,56612.7,56877.4
1720368000,56877.6,57436.0,56799.9,57194.2
1720382400,57194.0,57380.2,55779.5,55908.9
1720396800,55908.9,56065.2,54300.0,55161.9
1720411200,55155.6,55900.9,54960.9,55848.6
1720425600,55848.6,58219.2,55731.3,57158.1
1720440000,57153.4,57610.2,54923.1,55761.4
1720454400,55759.3,56558.4,55420.0,56482.3
1720468800,56482.3,56973.4,56200.4,56673.8
1720483200,56673.6,57322.4,56245.7,57125.1
1720497600,57125.3,57730.6,56960.6,57075.3
1720512000,57078.8,57838.9,56974.4,57391.8
1720526400,57391.2,58098.6,56865.4,57440.3
1720540800,57440.1,58240.0,57322.6,57820.5
1720555200,57820.5,58275.6,57668.3,58053.9
1720569600,58054.1,58229.9,57344.8,58188.2
1720584000,58188.3,59465.2,58188.2,58988.8
1720598400,58988.7,59052.4,58339.2,58519.8
1720612800,58523.3,58595.7,57500.0,57700.1
1720627200,57697.1,58015.8,57360.0,57387.7
1720641600,57397.2,57867.5,57161.6,57721.7
1720656000,57721.7,58389.4,57020.1,57557.4
1720670400,57557.2,58287.7,57478.0,58164.3
1720684800,58164.5,58860.0,58015.2,58737.2
1720699200,58737.2,59550.7,57232.1,57369.8
1720713600,57369.8,57961.8,57150.4,57353.2
1720728000,57353.2,57590.8,57111.5,57305.5
1720742400,57305.5,57524.0,56501.0,56880.2
1720756800,56880.2,57363.0,56673.0,57051.4
1720771200,57051.4,57282.0,56724.0,57149.7
1720785600,57149.9,58205.0,57015.5,58165.3
1720800000,58159.5,58474.0,57471.3,57535.9
1720814400,57535.9,57918.3,57112.8,57855.0
1720828800,57854.2,57943.1,57708.2,57776.2
1720843200,57776.0,58161.3,57700.8,58122.3
1720857600,58122.3,58811.8,57857.9,58489.8
1720872000,58490.0,58875.6,58388.2,58797.1
1720886400,58796.9,58930.7,58488.1,58575.9
1720900800,58575.8,59816.2,58192.0,59160.3
1720915200,59160.3,59798.9,59151.1,59421.1
1720929600,59421.1,60289.0,59377.0,60009.2
1720944000,60009.0,60350.0,59859.2,60069.1
1720958400,60068.9,60184.2,59437.5,60047.0
1720972800,60047.0,60130.0,59850.0,59869.2
1720987200,59869.4,61458.2,59823.7,60748.5
1721001600,60748.3,62762.5,60602.6,62603.2
1721016000,62603.2,63066.3,62394.2,62810.3
1721030400,62805.5,63210.9,62257.7,62423.4
1721044800,62423.6,63282.9,62414.2,62976.4
1721059200,62976.3,63760.6,62812.5,63310.6
1721073600,63310.6,64895.7,63209.8,64706.0
1721088000,64700.2,64947.8,64416.0,64723.6
1721102400,64723.6,64950.0,62681.3,62877.1
1721116800,62877.3,63817.4,62342.0,63715.2
1721131200,63710.4,64937.8,63034.6,64843.1
1721145600,64839.7,65216.9,64084.4,65133.7
1721160000,65133.7,65352.6,64050.7,65002.8
1721174400,65002.8,66118.4,64895.1,65664.4
1721188800,65664.4,65965.5,65180.4,65225.6
1721203200,65225.6,65462.8,64532.7,64689.8
1721217600,64690.0,65350.0,64504.1,64693.2
1721232000,64693.4,64735.2,63825.0,64532.9
1721246400,64532.9,64631.6,64004.9,64046.2
1721260800,64046.2,65078.8,63862.7,64813.4
1721275200,64818.2,65006.0,64351.5,64632.1
1721289600,64630.5,64911.1,64389.5,64699.8
1721304000,64699.8,65092.9,63332.5,63494.1
1721318400,63494.1,63915.3,63190.9,63499.7
1721332800,63499.7,64084.6,63396.7,63934.5
1721347200,63934.4,64324.3,63250.1,64278.4
1721361600,64272.6,64446.8,63564.8,63664.3
1721376000,63664.3,64143.9,63373.2,64068.8
1721390400,64076.6,65824.7,63990.4,65769.7
1721404800,65769.7,67350.0,65769.5,67118.9
1721419200,67110.4,67309.3,66569.0,66614.9
1721433600,66614.9,66786.0,66186.4,66554.6
1721448000,66554.6,66726.1,66400.1,66518.6
1721462400,66518.3,66693.2,66411.6,66441.0
1721476800,66446.1,66798.6,66228.0,66776.0
1721491200,66776.0,67525.0,66625.0,67177.0
1721505600,67177.2,67391.5,66739.4,67082.1
1721520000,67084.4,67384.0,66917.4,67128.9
1721534400,67128.9,67174.1,66543.4,66660.3
1721548800,66660.5,67006.9,66627.2,66832.9
1721563200,66833.1,67468.0,66558.6,67110.4
1721577600,67110.2,67812.5,65733.3,67374.0
1721592000,67374.0,68336.1,67226.2,68115.6
1721606400,68115.8,68443.2,67704.6,67830.6
1721620800,67830.6,67954.9,67072.2,67177.3
1721635200,67177.3,67561.5,66894.4,67471.1
1721649600,67470.9,67902.4,66525.0,67024.2
1721664000,67024.2,68178.1,66768.5,68162.5
1721678400,68168.8,68249.6,67192.5,67469.2
1721692800,67471.8,67690.7,67164.8,67423.7
1721707200,67423.7,67481.1,66221.7,66542.8
1721721600,66543.0,67109.1,66412.3,66627.6
1721736000,66627.8,67298.0,65904.0,66522.0
1721750400,66521.8,66716.9,65410.0,65478.1
1721764800,65478.3,65995.0,65424.7,65888.1
1721779200,65888.1,66089.7,65428.9,65999.0
1721793600,65999.0,66023.1,65547.6,66023.1
1721808000,66023.1,66576.8,65937.8,66307.8
1721822400,66307.8,67060.5,66050.7,66131.9
1721836800,66131.9,66653.4,65521.4,65608.5
1721851200,65608.5,66025.0,65044.0,65327.0
1721865600,65325.2,65582.8,63796.9,64042.3
1721880000,64042.1,64337.1,63725.0,64074.9
1721894400,64074.9,64410.0,63834.7,64054.6
1721908800,64054.6,64961.5,63400.0,64734.1
1721923200,64734.0,65116.3,64336.4,64629.4
1721937600,64629.3,66100.0,64375.0,65747.2
1721952000,65747.4,67438.3,65667.6,66993.0
1721966400,66992.8,67189.3,66835.6,66863.3
1721980800,66863.5,67461.5,66863.5,67293.2
1721995200,67293.1,67953.2,66855.8,67529.1
1722009600,67528.9,68093.0,67254.7,67943.0
1722024000,67942.8,68175.4,67375.6,67858.8
1722038400,67859.0,68037.4,67588.3,67755.2
1722052800,67755.2,68267.6,67731.5,68001.6
1722067200,68001.6,68220.4,67851.1,68175.5
1722081600,68175.5,69377.9,68156.2,68819.4
1722096000,68819.2,68955.9,67578.6,68205.2
1722110400,68205.2,69161.6,66596.0,67851.1
1722124800,67855.6,68251.8,67231.5,67890.8
1722139200,67890.8,67983.6,67017.3,67491.6
1722153600,67491.8,67949.9,67166.2,67784.2
1722168000,67784.4,68070.5,67524.6,67606.4
1722182400,67606.2,68293.2,67569.6,68080.9
1722196800,68080.9,68219.3,67765.7,68184.4
1722211200,68184.6,69750.0,68040.0,69320.2
1722225600,69320.2,69830.6,69235.5,69493.2
1722240000,69493.4,69795.0,69350.0,69544.5
1722254400,69544.5,70026.0,67647.6,68057.3
1722268800,68057.3,68083.4,66444.0,67249.6
1722283200,67249.9,67494.6,66563.3,66733.5
1722297600,66734.0,66837.5,65818.3,66570.6
1722312000,66570.6,66945.0,66271.9,66891.3
1722326400,66891.3,66939.1,66348.3,66511.5
1722340800,66508.3,66893.5,65517.0,66173.9
1722355200,66174.0,66515.4,65502.6,65875.8
1722369600,65875.6,66313.2,65255.5,66142.8
1722384000,66142.8,66370.4,65846.9,66012.3
1722398400,66011.3,66498.8,65447.6,66174.9
1722412800,66174.7,66331.9,65895.7,66048.7
1722427200,66048.7,66789.0,65923.1,66326.7
1722441600,66326.7,66775.0,64918.0,65207.8
1722456000,65207.8,65371.9,64467.6,64583.3
1722470400,64583.4,64797.8,63703.2,63886.8
1722484800,63886.8,64427.0,63539.3,64266.7
1722499200,64266.7,64644.9,64250.0,64620.5
1722513600,64620.7,64893.0,62639.0,62855.4
1722528000,62855.4,63430.0,62222.2,63364.9
1722542400,63364.9,65618.9,63263.0,65300.1
1722556800,65300.1,65551.7,63622.8,64552.4
1722571200,64551.1,64635.0,63800.0,64106.8
1722585600,64106.9,64947.0,63992.8,64614.4
1722600000,64614.4,65470.2,62390.2,63359.2
1722614400,63359.2,63556.9,62470.0,62596.2
1722628800,62596.2,63152.0,61157.6,61441.5
1722643200,61443.0,61916.1,60451.6,61840.3
1722657600,61840.4,61922.0,61341.1,61606.9
1722672000,61606.7,61950.0,61395.3,61855.9
1722686400,61855.9,62145.7,60802.4,60827.3
1722700800,60827.1,61281.4,59888.0,60211.1
1722715200,60211.1,60801.0,59800.0,60662.8
1722729600,60662.8,61075.9,60273.5,60697.7
1722744000,60697.9,60893.5,60161.5,60327.0
1722758400,60327.0,60967.3,60080.0,60851.3
1722772800,60851.3,61034.7,58914.4,59050.6
1722787200,59051.5,59437.8,57072.9,59198.8
1722801600,59198.6,59570.4,57919.7,58123.5
1722816000,58123.5,58268.2,52250.0,53838.5
1722830400,53838.7,54516.1,49000.0,52620.4
1722844800,52633.4,53157.7,50597.2,51304.8
1722859200,51304.8,54918.1,49515.5,54276.7
1722873600,54268.7,55572.1,52505.0,53431.4
1722888000,53427.4,55209.4,53427.1,53955.5
1722902400,53966.2,56210.2,53900.0,55622.3
1722916800,55622.3,56116.7,55200.5,55958.2
1722931200,55958.2,56067.0,54553.2,55161.5
1722945600,55161.3,56565.0,54307.6,56362.7
1722960000,56353.4,56980.0,56201.7,56713.3
1722974400,56718.1,56869.0,55806.9,55975.3
1722988800,55969.3,57244.9,55529.5,56808.5
1723003200,56808.5,57188.3,56500.0,56880.3
1723017600,56880.4,57667.9,56817.6,56920.0
1723032000,56920.0,57436.1,55635.5,56055.2
1723046400,56055.2,56296.6,54600.5,54719.9
1723060800,54715.5,55549.9,54525.0,55097.3
1723075200,55092.0,57595.4,54702.8,57010.6
1723089600,57010.4,57377.6,56622.9,57186.6
1723104000,57186.4,57688.8,56983.3,57324.4
1723118400,57325.8,59550.0,56722.2,59421.4
1723132800,59422.3,59859.7,59232.7,59411.0
1723147200,59415.6,62766.7,59294.0,61691.4
1723161600,61691.4,61750.0,60772.0,61359.6
1723176000,61359.4,61401.5,60582.4,60859.6
1723190400,60859.7,61198.5,60162.2,60643.2
1723204800,60643.2,61113.8,59512.2,59805.0
1723219200,59804.8,60734.7,59706.3,60666.3
1723233600,60666.1,60978.2,59897.7,60825.0
1723248000,60824.9,61470.4,60250.2,60419.0
1723262400,60419.1,60829.0,60176.5,60818.7
1723276800,60818.7,61092.3,60601.3,60902.9
1723291200,60902.9,60927.0,60385.1,60494.5
1723305600,60494.4,61176.0,60390.0,60995.7
1723320000,60995.9,61152.5,60735.5,60894.0
1723334400,60894.0,61349.3,60860.1,61060.3
1723348800,61060.3,61247.6,60849.5,61231.6
1723363200,61231.4,61800.0,60391.4,60647.0
1723377600,60647.0,60732.7,59909.0,60106.1
1723392000,60106.1,60332.0,59519.8,59605.4
1723406400,59605.4,59654.0,58258.5,58695.3
1723420800,58695.3,59101.8,58070.0,58493.6
1723435200,58490.8,58974.4,57653.0,58644.2
1723449600,58648.3,59943.9,58102.1,59823.8
1723464000,59824.0,60669.0,57759.6,60189.0
1723478400,60183.1,60396.7,58411.6,59024.2
1723492800,59027.7,59740.9,58533.6,59330.8
1723507200,59330.8,59897.6,58869.4,59027.2
1723521600,59027.2,59456.0,58815.2,59221.0
1723536000,59221.0,59298.0,58421.8,58811.4
1723550400,58811.4,59757.9,58667.9,59447.6
1723564800,59447.7,61609.2,59429.2,60800.3
1723579200,60800.4,61124.5,60374.6,60570.0
1723593600,60570.0,61277.8,60408.1,60927.7
1723608000,60929.8,61135.2,60620.5,60897.5
1723622400,60897.3,61420.3,60619.3,61269.9
1723636800,61270.1,61797.9,58820.5,59400.0
1723651200,59399.6,59445.0,58518.5,58877.9
1723665600,58874.0,59170.2,58377.1,58664.1
1723680000,58664.1,59000.0,58010.0,58427.9
1723694400,58428.7,58626.9,57713.1,58048.0
1723708800,58048.0,58847.5,57950.0,58720.8
1723723200,58720.8,59754.6,58534.8,59657.4
1723737600,59657.1,59805.2,56672.2,57029.5
1723752000,57023.3,57854.0,56100.0,57511.9
1723766400,57511.9,58478.0,57074.9,57873.0
1723780800,57873.2,58606.8,57786.9,58435.9
1723795200,58435.9,58643.0,58168.4,58370.1
1723809600,58370.1,58865.1,57488.1,58035.6
1723824000,58033.1,59800.0,57960.6,59647.1
1723838400,59649.1,59675.9,58730.0,58861.3
1723852800,58861.3,59356.8,58776.4,59134.7
1723867200,59134.8,59250.3,59046.7,59236.3
1723881600,59236.1,59466.8,59059.0,59126.1
1723896000,59126.3,59666.4,59084.8,59378.3
1723910400,59378.3,59681.2,59291.4,59461.6
1723924800,59464.8,59483.5,59134.5,59482.3
1723939200,59482.3,60242.3,59267.5,59318.9
1723953600,59318.7,59687.6,59231.8,59558.7
1723968000,59549.2,60178.3,59407.8,60000.2
1723982400,60000.2,60320.5,59629.7,59853.5
1723996800,59853.7,59946.0,59357.0,59696.1
1724011200,59695.9,59861.3,58411.4,58419.9
1724025600,58419.9,58754.0,58188.8,58714.4
1724040000,58714.4,58730.7,58364.3,58480.0
1724054400,58481.7,58652.9,57786.3,58364.5
1724068800,58364.5,58931.0,58039.9,58514.8
1724083200,58509.9,59245.3,58348.8,58934.0
1724097600,58932.1,59581.7,58876.0,59408.6
1724112000,59408.6,60875.6,59335.2,60608.8
1724126400,60609.0,61399.6,60580.7,60909.3
1724140800,60909.3,60967.0,60420.2,60508.2
1724155200,60508.2,60930.2,58673.4,58806.3
1724169600,58803.0,59572.9,58561.0,59488.0
1724184000,59488.0,59698.7,58743.4,58997.7
1724198400,58997.7,59482.2,58746.6,59289.9
1724212800,59289.9,59696.8,59160.0,59666.7
1724227200,59666.7,59870.2,59048.3,59323.6
1724241600,59323.6,60180.1,58816.1,59477.4
1724256000,59477.2,61595.2,59335.8,61531.0
1724270400,61531.3,61780.0,60896.0,61120.8
1724284800,61120.8,61193.2,59656.4,60506.3
1724299200,60506.3,61086.0,60412.7,60954.8
1724313600,60954.6,61376.0,60772.8,61300.9
1724328000,61300.7,61364.5,60090.0,60383.4
1724342400,60377.3,60572.5,60108.0,60284.6
1724356800,60284.6,60686.1,60260.1,60341.5
1724371200,60341.5,60902.3,60300.2,60568.4
1724385600,60568.4,61301.0,60557.7,61042.8
1724400000,61042.8,61288.0,60655.8,60707.1
1724414400,60707.3,62296.7,60707.1,61505.4
1724428800,61497.8,63780.0,61306.4,63573.8
1724443200,63575.3,64974.0,63442.9,64019.7
1724457600,64019.5,64180.8,63619.3,63810.8
1724472000,63810.6,64328.0,63797.8,64280.4
1724486400,64280.2,64448.0,63885.9,63887.9
1724500800,63887.9,64225.8,63834.6,63948.4
1724515200,63948.4,64429.7,63903.7,64171.5
1724529600,64171.3,64311.4,63514.9,64129.9
1724544000,64129.9,64777.0,63974.0,64087.8
1724558400,64087.8,64188.8,63772.0,63854.3
1724572800,63854.3,64012.9,63776.4,63866.2
1724587200,63866.4,64244.0,63794.6,64100.4
1724601600,64100.2,64233.7,63984.4,64158.1
1724616000,64158.2,64971.1,64100.2,64200.9
1724630400,64200.3,64445.1,63763.9,64101.1
1724644800,64100.9,64199.6,63554.0,63616.9
1724659200,63617.1,64023.3,63200.0,63834.6
1724673600,63834.6,63952.6,63057.8,63519.5
1724688000,63519.3,63874.2,63174.4,63317.7
1724702400,63315.3,63561.4,62801.4,62834.2
1724716800,62834.4,63227.3,62587.3,62933.0
1724731200,62933.0,63151.7,62691.2,62873.4
1724745600,62873.4,62968.0,62200.0,62400.1
1724760000,62400.1,62470.0,61447.8,61666.5
1724774400,61658.5,62156.5,61481.5,62069.3
1724788800,62069.1,62071.1,57936.1,59374.2
1724803200,59374.4,59624.9,58884.1,59593.9
1724817600,59594.1,59636.8,58479.3,58554.2
1724832000,58566.8,60171.9,58500.0,59880.0
1724846400,59880.0,60099.9,58381.4,58956.5
1724860800,58956.7,59787.7,57733.2,58854.8
1724875200,58855.0,59570.2,58580.0,58993.0
1724889600,58993.0,59284.0,58818.3,59099.4
1724904000,59099.4,59729.5,59014.4,59523.8
1724918400,59519.5,60450.0,59304.5,60010.4
1724932800,60010.1,61142.2,59924.0,60731.3
1724947200,60731.3,60911.3,58859.8,59220.7
1724961600,59220.5,59611.5,58666.2,59302.7
1724976000,59302.7,59474.0,58856.4,58991.4
1724990400,58991.6,59535.0,58631.2,59220.9
1725004800,59220.7,59623.4,59220.7,59352.5
1725019200,59352.7,59897.6,57877.6,58049.5
1725033600,58059.3,59346.4,57666.0,58652.0
1725048000,58655.0,59247.8,58655.0,59079.9
1725062400,59079.9,59400.0,59011.2,59185.2
1725076800,59185.4,59302.6,59017.7,59050.1
1725091200,59050.1,59196.3,58782.3,59080.4
1725105600,59080.4,59208.0,58850.0,58970.3
1725120000,58970.3,59119.9,58654.7,58823.6
1725134400,58823.7,59099.0,58750.0,58936.0
1725148800,58935.3,59030.1,58239.0,58489.6
1725163200,58489.6,58568.5,57733.5,58430.0
1725177600,58429.9,58473.8,57800.0,58193.8
1725192000,58192.5,58356.0,57200.0,58175.6
1725206400,58175.6,58750.0,57794.0,58471.6
1725220800,58470.7,58594.7,57150.2,57247.2
1725235200,57244.4,57731.3,57067.4,57688.5
1725249600,57686.7,57933.9,57317.0,57505.2
1725264000,57505.0,58641.7,57467.9,58384.5
1725278400,58385.0,58766.8,58061.8,58491.3
1725292800,58491.4,58624.8,58241.0,58402.7
1725307200,58402.9,59400.6,58350.0,59101.8
1725321600,59101.8,59784.9,59005.0,59082.9
1725336000,59082.9,59250.9,58823.3,59063.0
1725350400,59063.0,59153.8,58690.0,59024.4
1725364800,59024.6,59299.9,57527.6,57675.0
1725379200,57675.0,58211.5,57546.0,57990.4
1725393600,57990.5,58202.1,57328.6,57444.3
1725408000,57444.3,57916.8,55555.0,56625.0
1725422400,56625.0,56843.2,56150.4,56699.7
1725436800,56699.8,56858.6,56348.6,56520.3
1725451200,56517.3,58148.0,56129.2,58086.3
1725465600,58075.0,58474.9,57554.3,58009.5
1725480000,58016.6,58325.2,57841.3,57949.0
1725494400,57949.0,58299.2,56878.3,57095.4
1725508800,57095.4,57288.0,56532.3,57128.0
1725523200,57128.0,57215.5,56600.0,56663.5
1725537600,56663.3,57287.1,55772.8,55954.3
1725552000,55954.6,56692.9,55764.9,56020.0
1725566400,56020.2,56254.0,55600.0,56153.7
1725580800,56152.0,56828.2,55948.8,56558.4
1725595200,56560.4,56723.9,55261.9,55765.9
1725609600,55765.7,56222.4,55604.2,55984.5
1725624000,55984.3,57026.9,53811.9,54018.9
1725638400,54024.9,54404.9,53227.5,53516.2
1725652800,53502.9,53966.8,52500.0,53934.7
1725667200,53934.7,54049.4,53722.3,53775.9
1725681600,53775.9,54350.0,53765.2,54237.1
1725696000,54231.7,54454.7,54130.2,54283.1
1725710400,54283.3,54791.3,54283.3,54735.4
1725724800,54735.2,54812.0,53951.2,54361.4
1725739200,54361.6,54399.9,53766.8,54122.7
1725753600,54122.7,54476.3,53936.8,54368.5
1725768000,54368.5,54548.7,54223.2,54415.4
1725782400,54415.4,54699.0,54328.1,54528.2
1725796800,54528.3,54540.9,53612.3,53663.7
1725811200,53658.7,54507.3,53591.9,54310.0
1725825600,54310.0,55295.3,54162.6,54853.2
1725840000,54852.2,55333.3,54660.8,55094.6
1725854400,55094.8,55132.7,54535.3,54946.0
1725868800,54946.0,55524.4,54931.0,55249.2
1725883200,55249.0,55766.5,54777.0,55360.7
1725897600,55360.7,57158.0,55317.5,57054.4
1725912000,57057.8,58131.4,56752.0,57005.0
1725926400,57009.9,57043.5,56519.3,56519.6
1725940800,56519.9,57351.9,56376.8,57209.0
1725955200,57205.3,57389.8,56855.2,57200.3
1725969600,57200.3,57436.7,56500.0,56580.2
1725984000,56578.5,58000.0,56529.8,57922.8
1725998400,57920.9,57947.9,57418.3,57617.3
1726012800,57617.5,57732.8,56652.6,56798.0
1726027200,56798.2,56798.2,56067.7,56678.0
1726041600,56676.7,56853.4,56309.9,56771.2
1726056000,56771.2,57145.4,55535.3,56675.8
1726070400,56673.8,57950.0,56619.8,57552.9
1726084800,57552.9,57652.9,57148.8,57316.1
1726099200,57313.8,58460.0,57300.3,58204.5
1726113600,58205.6,58412.0,57828.9,58094.2
1726128000,58094.2,58300.0,57820.8,58021.2
1726142400,58021.2,58600.1,57311.7,57474.2
1726156800,57470.5,58417.7,57457.2,58359.2
1726171200,58358.8,58359.4,57729.1,58092.3
1726185600,58092.1,58221.7,57798.0,57823.8
1726200000,57823.8,58104.6,57698.6,58077.0
1726214400,58077.2,58311.6,57775.0,57831.0
1726228800,57830.7,59677.7,57600.0,59625.0
1726243200,59615.0,60015.2,59278.5,59691.5
1726257600,59691.5,60627.5,59578.2,60456.8
1726272000,60457.0,60565.0,60250.6,60290.3
1726286400,60289.0,60317.1,59839.7,60129.4
1726300800,60129.3,60152.2,59591.5,59686.1
1726315200,59685.9,60004.3,59612.7,59855.0
1726329600,59855.0,59991.3,59401.0,59786.0
1726344000,59786.0,60132.9,59745.3,59966.7
1726358400,59966.9,60264.1,59954.0,60125.2
1726372800,60125.1,60196.4,60057.6,60167.0
1726387200,60166.8,60176.9,59842.7,59980.0
1726401600,59979.9,60383.3,59848.9,60314.2
1726416000,60314.0,60327.2,59685.4,59863.1
1726430400,59863.0,59924.5,58658.6,59100.6
1726444800,59100.6,59175.0,58093.4,58543.7
1726459200,58543.7,58926.6,58303.8,58866.9
1726473600,58866.9,59140.0,58480.0,58629.3
1726488000,58629.3,58760.9,57536.2,57859.2
1726502400,57865.3,58261.4,57442.2,57925.4
1726516800,57917.2,58382.0,57551.2,58181.5
1726531200,58181.7,58315.7,57584.5,58028.2
1726545600,58028.2,58747.2,58000.0,58652.0
1726560000,58652.2,59263.9,58588.2,59044.9
1726574400,59044.9,61300.0,58824.1,61080.0
1726588800,61080.0,61230.4,59600.0,59938.8
1726603200,59941.1,60385.0,59705.4,60273.6
1726617600,60273.4,60736.8,59850.0,60468.8
1726632000,60468.8,60634.8,60154.6,60383.8
1726646400,60384.0,60384.0,59350.0,59815.7
1726660800,59815.7,60164.7,59283.6,59395.0
1726675200,59394.9,61300.0,59130.2,60033.4
1726689600,60032.6,61750.3,59446.6,61727.0
1726704000,61730.1,62555.0,61526.3,62073.7
1726718400,62073.7,62148.9,61791.0,62058.9
1726732800,62058.8,62758.3,61861.3,62598.6
1726747200,62597.2,63479.8,62549.5,63107.1
1726761600,63112.2,63869.7,62900.0,63218.3
1726776000,63218.3,63218.3,62620.0,62926.2
1726790400,62921.6,63707.9,62530.7,63707.8
1726804800,63707.5,64135.3,63370.7,63508.7
1726819200,63508.7,63701.9,63055.7,63430.3
1726833600,63430.3,63539.2,62528.5,63145.7
1726848000,63145.7,63269.0,62313.6,62787.1
1726862400,62781.3,63312.7,62688.9,63188.8
1726876800,63189.0,63298.7,62812.4,62887.3
1726891200,62887.5,63136.1,62758.5,63070.5
1726905600,63070.5,63133.8,62946.7,63075.6
1726920000,63075.6,63299.2,63017.0,63150.9
1726934400,63151.1,63389.5,63070.6,63190.7
1726948800,63190.7,63589.3,63038.4,63338.2
1726963200,63338.2,63438.2,62805.0,63097.7
1726977600,63097.9,63195.7,62830.0,62939.3
1726992000,62939.1,63042.6,62551.2,62776.7
1727006400,62776.9,62940.9,62428.2,62628.0
1727020800,62626.1,63206.7,62451.1,63136.8
1727035200,63136.8,63997.0,62344.4,63559.6
1727049600,63562.3,64729.4,62528.9,64334.6
1727064000,64334.4,64446.6,63357.0,63523.7
1727078400,63523.7,63683.6,63280.8,63419.7
1727092800,63419.7,63773.6,63050.0,63609.8
1727107200,63606.1,63800.0,63088.3,63289.7
1727121600,63289.5,63497.5,63061.0,63328.6
1727136000,63328.6,63399.2,62700.0,63114.1
1727150400,63113.9,63564.9,62906.2,63522.6
1727164800,63522.4,63899.0,63346.0,63445.8
1727179200,63450.0,63746.0,62706.6,63129.3
1727193600,63134.5,64389.0,63062.4,64252.3
1727208000,64234.4,64709.4,63927.7,64242.6
1727222400,64245.0,64773.7,63900.0,64422.9
1727236800,64422.7,64424.5,63625.2,63826.8
1727251200,63827.0,63933.2,63409.7,63849.6
1727265600,63849.6,64049.5,63274.7,63511.9
1727280000,63511.6,63685.6,63017.3,63202.5
1727294400,63197.6,63566.2,62938.6,63169.6
1727308800,63172.3,63557.5,62682.7,63519.3
1727323200,63519.3,63856.7,63301.9,63814.8
1727337600,63824.8,64468.0,63555.9,64374.3
1727352000,64374.4,65486.2,64118.8,65204.9
1727366400,65204.9,65853.1,64650.8,64661.9
1727380800,64665.9,65239.7,64586.1,65153.1
1727395200,65143.1,65404.6,64810.5,65348.7
1727409600,65348.7,65530.6,65073.2,65465.7
1727424000,65465.7,66001.5,65342.9,65441.6
1727438400,65441.6,66455.9,65321.4,65996.8
1727452800,65996.8,66385.1,65533.5,65647.6
1727467200,65647.6,65960.4,65623.6,65772.0
1727481600,65772.2,66292.9,65719.3,66064.4
1727496000,66064.4,66087.9,65734.9,65812.6
1727510400,65812.4,65812.6,65460.8,65795.4
1727524800,65795.2,65816.4,65419.0,65620.4
1727539200,65620.4,65809.1,65477.4,65710.1
1727553600,65710.1,65943.4,65363.0,65833.5
1727568000,65833.3,65966.1,65617.7,65789.5
1727582400,65789.5,65789.5,65428.8,65451.5
1727596800,65451.5,65698.2,65397.1,65668.5
1727611200,65668.5,65886.4,65550.0,65725.4
1727625600,65725.4,65933.1,65613.7,65906.0
1727640000,65906.0,66078.3,65500.0,65563.8
1727654400,65563.6,65591.6,64127.0,64527.8
1727668800,64527.8,64678.3,64293.3,64514.1
1727683200,64511.6,64530.3,63214.0,63775.0
1727697600,63775.2,64105.4,63496.1,63518.0
1727712000,63518.0,63696.4,63027.7,63443.6
1727726400,63436.7,63811.9,62803.9,63295.2
1727740800,63295.3,63698.2,62959.7,63670.0
1727755200,63669.9,64070.5,63586.9,63996.7
1727769600,63996.7,64044.4,63669.7,63690.2
1727784000,63690.2,63832.7,61750.5,62589.8
1727798400,62590.1,62735.8,61048.2,61715.7
1727812800,61716.2,61724.1,60108.0,60765.5
1727827200,60765.5,61824.5,60696.6,61686.6
1727841600,61686.8,61894.5,61301.0,61680.3
1727856000,61677.8,61866.3,60841.2,61121.0
1727870400,61125.9,61876.7,60519.2,61817.4
1727884800,61817.4,62300.2,59940.6,60150.3
1727899200,60150.3,60946.1,60080.0,60601.4
1727913600,60593.9,61424.7,60485.7,61411.0
1727928000,61411.2,61433.4,60717.8,60880.9
1727942400,60879.4,61031.0,60080.0,60719.2
1727956800,60719.4,60850.0,59802.8,60593.5
1727971200,60593.6,61012.2,59880.1,60986.2
1727985600,60986.0,61062.3,60568.9,60709.4
1728000000,60709.4,61220.0,60409.9,60911.3
1728014400,60911.3,61449.8,60880.3,61387.2
1728028800,61387.2,61589.6,61213.1,61401.7
1728043200,61401.9,61950.3,60751.2,61820.0
1728057600,61820.2,62408.2,61600.4,62320.0
1728072000,62326.4,62480.4,61915.4,62044.2
1728086400,62044.2,62152.2,61651.3,61839.8
1728100800,61839.8,62250.0,61801.9,62050.7
1728115200,62050.8,62314.0,62050.0,62164.6
1728129600,62164.6,62349.3,62065.5,62137.6
1728144000,62137.4,62172.2,61763.4,61834.6
1728158400,61834.4,62131.4,61684.0,62038.4
1728172800,62042.3,62142.3,61853.3,61860.4
1728187200,61860.2,62010.1,61788.5,61929.5
1728201600,61929.5,62193.7,61899.1,62056.9
1728216000,62057.1,62740.4,62025.7,62682.6
1728230400,62682.8,62907.9,62508.7,62589.1
1728244800,62588.3,62872.3,62253.8,62779.0
1728259200,62778.5,63927.0,62607.3,63488.6
1728273600,63488.6,63711.4,63303.5,63525.3
1728288000,63527.5,63698.1,62650.0,63134.8
1728302400,63134.6,64454.0,62825.1,63640.1
1728316800,63640.1,63900.0,62713.4,63364.0
1728331200,63364.4,63393.6,62080.0,62184.6
1728345600,62184.3,62779.7,62103.7,62598.0
1728360000,62597.8,62749.9,61906.9,62275.0
1728374400,62274.8,62617.8,62148.6,62574.9
1728388800,62574.9,63150.0,61824.3,62233.3
1728403200,62233.3,62559.8,61791.3,62202.1
1728417600,62202.1,62525.9,61973.5,62109.0
1728432000,62109.2,62452.0,61955.3,62366.5
1728446400,62366.5,62522.9,62150.0,62222.9
1728460800,62222.7,62240.2,62002.9,62160.3
1728475200,62160.3,62360.9,61589.4,62262.0
1728489600,62261.8,62299.1,60806.5,60989.2
1728504000,60989.9,61094.4,60255.6,60598.2
1728518400,60593.6,60907.2,60303.6,60815.8
1728532800,60816.0,61097.4,60759.3,60842.2
1728547200,60842.4,61271.9,60575.4,61213.6
1728561600,61213.4,61267.1,60376.6,60748.9
1728576000,60750.4,60977.1,58895.7,59689.2
1728590400,59689.0,60269.1,59509.8,60269.1
1728604800,60269.1,60723.0,60032.0,60557.1
1728619200,60557.1,60874.2,60529.6,60625.1
1728633600,60624.9,61221.9,60605.5,61132.1
1728648000,61132.1,62419.3,61081.1,62204.4
1728662400,62209.9,63382.1,62074.3,63050.4
1728676800,63050.2,63121.8,62306.9,62489.3
1728691200,62489.3,63026.0,62444.0,62519.9
1728705600,62519.9,62762.1,62519.7,62720.3
1728720000,62720.3,63226.3,62628.4,62896.2
1728734400,62896.4,63429.9,62776.5,63116.0
1728748800,63116.0,63349.9,62861.4,62954.4
1728763200,62954.4,63335.4,62954.2,63159.9
1728777600,63160.3,63249.3,62630.3,62678.2
1728792000,62678.4,62957.1,62674.1,62808.3
1728806400,62808.1,62920.0,62465.1,62523.9
1728820800,62523.9,62781.8,62007.0,62188.4
1728835200,62187.9,62844.5,62098.7,62694.4
1728849600,62694.6,63126.2,62570.2,62834.2
1728864000,62834.2,64350.0,62420.0,64270.5
1728878400,64265.1,64651.4,63750.0,64588.6
1728892800,64588.8,65167.0,64306.9,64879.8
1728907200,64880.0,66256.8,64633.7,65847.1
1728921600,65847.3,66034.0,65526.2,65892.0
1728936000,65892.0,66605.0,65715.0,66052.3
1728950400,66081.0,66302.3,65309.7,65378.4
1728964800,65378.2,65817.0,65191.3,65644.2
1728979200,65647.2,65835.0,65259.6,65381.0
1728993600,65382.2,67950.0,64739.3,65999.8
1729008000,66003.7,67369.3,65956.1,66950.7
1729022400,66950.9,67149.9,66107.0,67059.8
1729036800,67059.8,67563.1,66739.8,67079.8
1729051200,67080.0,67347.1,66741.8,66958.9
1729065600,66958.9,68411.4,66903.6,67894.5
1729080000,67894.3,68316.6,67117.3,67749.0
1729094400,67748.8,68096.4,67473.1,67712.8
1729108800,67711.0,67958.6,67489.9,67607.4
1729123200,67607.4,67938.9,67390.8,67612.7
1729137600,67608.8,67609.0,67097.6,67321.5
1729152000,67321.5,67545.0,66825.5,66902.6
1729166400,66902.4,67682.3,66682.2,67591.6
1729180800,67591.4,67596.3,66721.8,66849.9
1729195200,66848.4,67495.2,66830.8,67437.8
1729209600,67437.8,68260.0,67195.5,67541.7
1729224000,67541.5,68385.0,67538.6,67978.6
1729238400,67973.1,68068.5,67652.3,67688.0
1729252800,67687.9,68848.1,67623.8,68702.7
1729267200,68702.7,68977.2,68320.5,68574.1
1729281600,68583.4,68668.5,68188.6,68441.4
1729296000,68441.4,68702.7,68304.2,68455.2
1729310400,68455.0,68575.8,68319.8,68363.7
1729324800,68363.6,68487.6,68093.5,68098.3
1729339200,68098.3,68363.0,68092.5,68226.6
1729353600,68226.5,68232.5,68000.0,68180.5
1729368000,68180.5,68421.0,68161.6,68359.6
1729382400,68359.9,68436.5,68085.7,68158.3
1729396800,68158.3,68399.0,68134.9,68324.6
1729411200,68324.4,68435.0,68302.1,68378.6
1729425600,68378.6,68735.2,68055.5,68593.3
1729440000,68593.1,68639.3,68391.1,68499.5
1729454400,68499.5,69418.4,68455.0,69031.9
1729468800,69031.9,69520.0,68585.5,68923.8
1729483200,68924.0,69235.1,68475.0,68488.3
1729497600,68488.3,68650.0,68103.2,68248.5
1729512000,68248.5,68345.3,66842.6,67313.8
1729526400,67313.6,67907.0,66882.7,67719.7
1729540800,67719.6,67900.0,67347.0,67361.3
1729555200,67361.3,67681.4,66573.5,67396.1
1729569600,67395.9,67740.0,67282.8,67346.6
1729584000,67346.6,67460.0,66708.0,67243.1
1729598400,67243.1,67650.0,66595.9,67238.8
1729612800,67238.6,67591.2,66885.1,67433.8
1729627200,67433.6,67818.0,67226.0,67374.9
1729641600,67374.9,67406.6,66838.2,67038.9
1729656000,67039.0,67258.2,66756.5,66814.4
1729670400,66814.4,67007.5,66110.9,66376.7
1729684800,66376.7,66836.6,65887.0,66175.7
1729699200,66175.9,66551.0,65192.7,66437.1
1729713600,66436.9,66762.8,66297.8,66608.9
1729728000,66608.7,67576.3,66460.4,67166.4
1729742400,67166.2,67432.8,67026.2,67080.7
1729756800,67080.4,67288.2,66655.8,67240.4
1729771200,67240.4,67931.7,67216.5,67645.7
1729785600,67645.7,68250.0,67294.9,68247.1
1729800000,68247.1,68800.0,67919.7,68148.2
1729814400,68148.0,68270.0,67725.4,67951.5
1729828800,67948.9,67992.0,67190.5,67479.6
1729843200,67479.7,68122.0,67276.5,68049.7
1729857600,68049.7,68700.0,67386.9,67636.3
1729872000,67630.5,67819.8,65872.7,66805.1
1729886400,66794.3,67351.1,65508.7,66641.6
1729900800,66641.8,66989.3,66372.3,66849.4
1729915200,66849.4,67190.3,66720.1,66954.2
1729929600,66954.2,67228.2,66906.5,67086.6
1729944000,67086.6,67129.9,66700.5,66843.5
1729958400,66843.3,67152.0,66743.4,67141.4
1729972800,67141.3,67417.0,67048.5,67063.1
1729987200,67063.1,67266.7,66865.3,67236.1
1730001600,67236.1,67271.1,67064.3,67146.4
1730016000,67146.2,67212.2,66987.5,67071.3
1730030400,67071.3,67845.9,67068.3,67735.9
1730044800,67735.9,67950.0,67504.3,67797.4
1730059200,67797.4,68289.4,67680.8,67973.7
1730073600,67973.7,68074.1,67583.2,67675.0
1730088000,67675.0,68679.6,67565.6,68368.8
1730102400,68368.6,68772.1,68195.2,68709.0
1730116800,68709.0,69234.3,68363.4,68445.2
1730131200,68441.9,69863.9,68395.1,69580.0
1730145600,69578.4,70274.7,69383.9,69915.9
1730160000,69916.1,71579.6,69711.2,70907.1
1730174400,70907.1,71337.5,70790.5,70949.8
1730188800,70949.8,71537.9,70927.2,71400.5
1730203200,71398.4,72415.7,70882.2,72353.0
1730217600,72353.0,73648.3,72303.6,72499.9
1730232000,72499.9,72957.6,71815.5,72693.2
1730246400,72693.2,72750.0,71977.0,72213.8
1730260800,72213.7,72590.0,72065.2,72195.5
1730275200,72195.7,72575.4,71898.6,71961.5
1730289600,71961.6,72430.5,71420.9,72012.1
1730304000,72005.5,72161.6,71607.3,71787.2
1730318400,71787.2,72972.9,71611.0,72293.7
1730332800,72293.7,72548.8,71975.7,72299.7
1730347200,72299.5,72438.2,72100.0,72365.5
1730361600,72365.5,72650.5,72106.8,72181.3
1730376000,72181.3,72245.0,70421.0,70588.9
1730390400,70587.8,70875.3,70009.7,70070.6
1730404800,70062.3,70595.4,69641.1,70256.5
1730419200,70256.5,70437.8,68787.6,69326.1
1730433600,69326.3,69656.5,69028.2,69235.6
1730448000,69235.6,70183.0,69185.7,69955.8
1730462400,69955.9,71555.2,68982.9,69346.5
1730476800,69346.3,70489.6,68780.0,69233.9
1730491200,69240.3,69596.3,68816.7,69465.2
1730505600,69465.2,69872.0,69428.8,69549.8
1730520000,69549.7,69780.7,69396.7,69775.6
1730534400,69775.6,69802.4,69380.1,69558.7
1730548800,69558.5,69668.9,68985.2,69355.8
1730563200,69355.8,69572.4,69148.1,69460.6
1730577600,69460.8,69528.6,69116.8,69335.5
1730592000,69335.5,69357.0,67801.0,68340.6
1730606400,68340.6,68744.5,68258.1,68361.1
1730620800,68361.1,68571.7,68116.6,68306.2
1730635200,68306.4,68513.1,67425.9,68056.0
1730649600,68053.7,68661.2,67662.1,68639.0
1730664000,68639.0,69376.5,68446.2,68730.1
1730678400,68723.4,69450.6,68098.5,69009.7
1730692800,69009.7,69357.1,68583.1,68583.5
1730707200,68583.7,69046.6,68419.8,68753.0
1730721600,68753.2,69211.0,68154.6,68589.7
1730736000,68592.5,68821.4,67221.3,67805.5
1730750400,67805.5,68067.1,66778.0,67812.5
1730764800,67812.5,68200.0,67421.4,68190.6
1730779200,68190.4,68932.8,68164.5,68846.5
1730793600,68850.7,69062.9,68578.5,68768.2
1730808000,68768.2,70330.5,68627.6,69582.3
1730822400,69582.3,70497.4,68638.1,68943.4
1730836800,68940.8,69854.9,68778.0,69326.5
1730851200,69326.3,75318.6,69244.5,74318.5
1730865600,74318.3,75429.7,73029.3,73360.3
1730880000,73360.3,74444.0,72675.0,74232.6
1730894400,74233.0,74719.1,73400.1,74236.7
1730908800,74239.5,75858.0,74079.0,75771.3
1730923200,75769.5,76360.9,75419.7,75537.8
1730937600,75537.8,75988.9,74925.0,75001.1
1730952000,75000.9,75017.2,74400.0,74723.1
1730966400,74723.1,75193.0,74650.2,74709.5
1730980800,74709.7,76005.1,74383.5,75999.2
1730995200,75999.0,76680.2,75499.9,76458.6
1731009600,76463.0,76859.3,75433.7,75795.2
1731024000,75795.2,76300.0,75476.8,75842.6
1731038400,75842.8,76187.5,75620.7,76116.5
1731052800,76116.6,76282.5,75719.3,75887.4
1731067200,75887.6,76616.9,75561.9,76354.1
1731081600,76354.1,77127.5,75740.6,76840.5
1731096000,76848.3,77031.1,76223.5,76440.3
1731110400,76440.3,76558.8,76089.0,76285.2
1731124800,76286.0,76748.0,76235.5,76487.2
1731139200,76487.4,76698.0,76329.2,76445.7
1731153600,76445.7,76499.9,76150.5,76259.9
1731168000,76260.1,76680.0,75665.0,76162.3
1731182400,76162.3,76898.9,76134.3,76642.7
1731196800,76648.0,77490.0,76464.9,77166.5
1731211200,77166.3,79850.0,77103.1,78789.5
1731225600,78789.5,80271.7,78785.2,79858.6
1731240000,79858.4,80137.4,79132.2,79650.4
1731254400,79650.2,81093.4,79300.0,79700.0
1731268800,79700.0,81673.9,78410.5,80326.1
1731283200,80323.8,81830.1,80185.2,81558.5
1731297600,81555.9,81683.3,80399.0,81053.9
1731312000,81054.0,82337.0,80975.8,82097.3
1731326400,82083.9,84290.5,81417.8,84039.1
1731340800,84037.5,86989.0,83821.8,86101.0
1731355200,86101.1,89700.3,86060.6,88638.4
1731369600,88641.9,89492.9,86602.5,88073.8
1731384000,88069.7,89994.9,87724.9,88986.9
1731398400,88991.2,89484.8,85410.8,87171.4
1731412800,87162.8,87872.1,85090.3,86533.8
1731427200,86557.0,89700.0,85689.7,88655.2
1731441600,88655.2,89813.7,87379.0,87887.8
1731456000,87896.1,88500.0,86956.0,87103.0
1731470400,87105.4,87653.8,86086.8,87307.2
1731484800,87310.4,88058.2,87023.1,87607.1
1731499200,87618.7,92674.0,87447.6,92500.1
1731513600,92480.0,93324.1,89893.1,90157.0
1731528000,90156.6,91097.7,87904.2,90321.3
1731542400,90324.8,90562.7,89461.9,89915.1
1731556800,89924.1,90823.6,89011.3,90737.2
1731571200,90727.9,91615.5,90288.5,91436.4
1731585600,91434.1,91744.3,87800.0,87904.8
1731600000,87901.1,89645.9,87411.4,89419.1
1731614400,89419.1,89419.5,86600.0,87288.9
1731628800,87284.0,88415.6,87207.4,88146.2
1731643200,88140.9,88362.7,86968.9,87589.4
1731657600,87597.0,89715.1,87336.0,89679.8
1731672000,89678.9,90673.2,87735.0,88380.1
1731686400,88370.2,90780.0,88314.8,90331.2
1731700800,90324.0,91810.3,90277.6,90986.8
1731715200,90986.8,91625.0,90715.8,91202.5
1731729600,91200.6,91753.2,91020.2,91098.4
1731744000,91098.4,91555.3,90955.3,91150.0
1731758400,91144.6,91288.6,89975.8,90490.6
1731772800,90490.8,91380.3,90159.8,91104.3
1731787200,91104.3,91162.8,90277.9,90531.0
1731801600,90535.8,90850.3,89320.0,90203.0
1731816000,90205.8,90867.2,90101.1,90521.6
1731830400,90521.6,91453.3,90455.2,90659.1
1731844800,90657.6,91174.7,89867.8,90217.2
1731859200,90224.8,90626.7,89687.3,90041.8
1731873600,90041.8,90210.0,88678.3,89815.0
1731888000,89819.3,90941.9,89590.0,90663.6
1731902400,90663.8,92295.0,90425.6,91689.0
1731916800,91703.2,92230.7,90014.5,90243.1
1731931200,90259.9,92611.0,89355.3,92321.7
1731945600,92321.9,92581.7,89664.0,90576.2
1731960000,90576.2,91950.0,90215.0,90435.3
1731974400,90435.4,91520.2,90322.0,91420.0
1731988800,91419.5,92016.9,91213.2,91604.2
1732003200,91604.2,91934.0,91130.1,91632.8
1732017600,91632.8,92791.6,90940.0,92347.4
1732032000,92349.1,93897.7,92082.0,93193.3
1732046400,93200.8,93525.0,91323.8,92192.7
1732060800,92202.3,92406.9,91383.9,92005.5
1732075200,92005.5,92811.6,91817.6,92801.4
1732089600,92801.4,93652.1,92670.7,93433.1
1732104000,93433.1,94782.9,93257.9,94674.4
1732118400,94674.2,94907.2,93081.5,93973.0
1732132800,93973.0,94650.6,93696.7,94251.7
1732147200,94252.1,95896.1,93983.4,95752.1
1732161600,95755.7,97837.6,95750.0,96900.3
1732176000,96900.1,98367.0,96712.0,97929.8
1732190400,97929.8,98230.1,95590.0,96637.4
1732204800,96637.3,99000.0,96279.8,97814.8
1732219200,97815.0,98708.5,97400.0,98297.0
1732233600,98297.0,99320.7,97789.0,98830.0
1732248000,98830.0,99440.3,98465.0,99182.2
1732262400,99182.2,99314.5,98240.4,98879.8
1732276800,98879.8,98968.6,97120.5,98631.3
1732291200,98631.3,99643.0,98215.3,99069.6
1732305600,99069.6,99446.0,98533.7,98874.7
1732320000,98874.7,98900.0,98284.4,98652.9
1732334400,98651.4,98817.1,98279.0,98557.7
1732348800,98557.7,98631.3,98311.9,98424.3
1732363200,98424.3,98869.0,98383.6,98385.1
1732377600,98385.1,98463.7,97325.1,97510.4
1732392000,97511.1,98026.1,97153.8,97672.6
1732406400,97672.6,98563.6,97620.2,98211.4
1732420800,98211.4,98422.1,97894.9,98400.2
1732435200,98400.2,98440.2,97233.2,97271.5
1732449600,97265.0,97624.5,95931.9,95941.6
1732464000,95940.7,96782.9,95786.7,96337.0
1732478400,96337.0,98371.7,96205.4,97889.3
1732492800,97893.5,98043.4,96868.8,97882.4
1732507200,97882.4,98365.2,97549.2,98061.6
1732521600,98061.6,98969.1,97857.0,98219.9
1732536000,98237.0,98352.7,94612.0,95980.8
1732550400,95975.0,96512.7,94260.7,94660.1
1732564800,94670.6,95324.5,92597.8,93015.4
1732579200,93008.0,94949.7,92780.4,94495.3
1732593600,94495.8,94981.0,93483.4,93775.3
1732608000,93777.9,93781.1,91510.0,92383.7
1732622400,92382.0,93568.2,91753.6,92793.6
1732636800,92801.5,94702.3,91607.4,91705.8
1732651200,91705.8,92361.6,90814.0,91957.8
1732665600,91970.5,93050.0,91722.1,92594.3
1732680000,92594.3,93643.2,92357.6,93583.6
1732694400,93591.2,93871.3,93099.3,93351.2
1732708800,93351.2,95902.1,92831.5,95541.1
1732723200,95537.1,96672.5,95177.3,96630.1
1732737600,96630.3,97269.3,95700.0,95857.0
1732752000,95845.0,96553.8,94806.5,95452.7
1732766400,95458.0,95911.9,95061.6,95303.6
1732780800,95312.9,95790.0,94645.0,95443.3
1732795200,95433.2,96222.2,94850.1,94993.7
1732809600,95002.9,95457.9,94781.0,95140.7
1732824000,95140.7,96040.2,94721.0,95640.1
1732838400,95646.7,96899.1,95350.0,96588.5
1732852800,96588.5,96625.5,95600.3,95629.9
1732867200,95630.1,97367.8,95630.1,97240.3
1732881600,97240.2,98629.2,96761.2,98025.2
1732896000,98025.0,98450.0,96851.4,97328.2
1732910400,97332.5,97685.7,96957.4,97446.4
1732924800,97453.4,97548.9,96199.2,96625.5
1732939200,96625.3,97248.7,96418.0,96772.1
1732953600,96772.1,96950.0,96069.7,96253.3
1732968000,96252.8,96742.6,96235.0,96649.9
1732982400,96649.9,97068.6,96531.6,97002.9
1732996800,97002.9,97030.8,96286.3,96410.9
1733011200,96414.9,96680.7,95700.0,96330.6
1733025600,96336.0,96505.5,96180.9,96467.5
1733040000,96467.5,97410.7,96415.5,97114.0
1733054400,97113.8,97400.0,96682.0,97024.3
1733068800,97024.3,97516.5,96980.7,97179.4
1733083200,97180.9,97952.2,96785.6,97183.0
1733097600,97187.9,98234.5,96357.6,96493.0
1733112000,96493.2,96918.4,95740.4,95990.0
1733126400,95989.8,96207.3,94814.9,95115.3
1733140800,95120.1,97208.4,94782.3,97022.2
1733155200,97028.7,97369.0,94336.1,95812.8
1733169600,95813.0,96351.7,95103.0,95814.2
1733184000,95818.8,96317.3,95395.6,96070.9
1733198400,96070.9,96260.1,95287.8,95547.2
1733212800,95554.7,95669.6,94627.3,94991.1
1733227200,94989.4,96286.0,93588.8,95684.0
1733241600,95684.0,96174.0,94833.1,95456.1
1733256000,95468.2,96124.7,95227.6,95850.2
1733270400,95850.1,96660.3,95223.9,95795.9
1733284800,95795.9,96726.7,95725.3,96598.7
1733299200,96598.9,96980.6,96208.7,96220.9
1733313600,96219.6,96578.3,95388.3,95750.7
1733328000,95760.2,97240.0,94506.5,97200.0
1733342400,97200.0,99064.9,97043.4,98611.9
1733356800,98611.9,104500.1,97925.9,103083.8
1733371200,103083.8,103699.1,101356.2,102274.5
1733385600,102287.6,103192.1,102287.6,102637.3
1733400000,102637.3,103590.0,100954.7,101324.0
1733414400,101338.1,102093.7,98620.0,99080.2
1733428800,99080.3,99489.5,89216.3,96916.6
1733443200,96922.3,98793.6,96326.6,97749.3
1733457600,97750.5,98270.4,97357.5,98133.1
1733472000,98133.3,98707.5,97558.3,98055.6
1733486400,98057.3,99500.7,97415.0,99312.6
1733500800,99316.5,101912.3,98762.9,101464.1
1733515200,101458.2,101938.3,99106.5,99734.0
1733529600,99733.8,100462.9,99233.0,99292.6
1733544000,99287.7,99664.0,98836.3,99388.6
1733558400,99384.1,99819.2,99243.1,99597.7
1733572800,99602.8,99863.3,99020.0,99728.2
1733587200,99735.8,100275.9,99439.8,100070.6
1733601600,100072.2,100404.5,99575.7,99840.9
1733616000,99837.3,100325.0,99600.0,99925.9
1733630400,99925.9,100031.4,99300.0,99657.0
1733644800,99657.0,99882.1,98654.5,99683.4
1733659200,99692.1,100531.7,99340.6,99901.8
1733673600,99908.2,100205.8,99458.6,100121.9
1733688000,100122.0,101476.8,99741.1,101131.6
1733702400,101140.7,101227.7,98421.9,99097.5
1733716800,99092.1,99739.2,98275.1,99583.4
1733731200,99583.4,99695.0,98040.7,98093.2
1733745600,98091.0,100451.6,97444.5,97802.8
1733760000,97804.3,98440.3,96957.9,97061.7
1733774400,97052.7,98050.0,94100.0,97267.8
1733788800,97272.4,98141.6,95555.5,96909.1
1733803200,96892.4,97487.3,95877.8,97180.7
1733817600,97172.8,97920.0,96885.7,97714.2
1733832000,97717.9,98266.4,95645.0,95758.8
1733846400,95691.0,96487.2,94189.4,95834.5
1733860800,95837.9,97195.3,95592.0,96593.0
1733875200,96600.1,97639.8,95659.2,97377.3
1733889600,97383.8,97780.0,97158.9,97330.6
1733904000,97341.0,98479.9,97307.2,98291.1
1733918400,98297.2,100789.2,98053.8,100400.4
1733932800,100467.7,101198.1,99613.3,101129.1
1733947200,101137.5,101908.2,100851.3,101114.3
1733961600,101124.6,101835.0,100264.4,101018.7
1733976000,101013.2,101187.4,100391.9,100498.4
1733990400,100498.4,101117.4,100160.7,100362.3
1734004800,100371.1,101868.4,100362.3,101786.9
1734019200,101787.8,102540.9,99306.0,99462.2
1734033600,99446.3,100488.2,99444.3,99999.6
1734048000,99994.8,100378.0,99140.3,99719.1
1734062400,99719.1,100225.9,99475.4,100117.5
1734076800,100100.8,100768.0,99873.3,100340.8
1734091200,100340.8,101405.3,99673.5,99863.9
1734105600,99856.2,101895.0,99778.7,101469.7
1734120000,101473.5,101849.9,101100.0,101412.6
1734134400,101412.6,102658.5,101145.1,102064.0
1734148800,102065.1,102172.8,101559.9,101815.0
1734163200,101810.1,101900.9,101330.0,101581.5
1734177600,101587.1,101750.0,100817.2,101610.5
1734192000,101609.6,101729.4,100825.8,101325.9
1734206400,101321.3,101489.2,100602.8,101405.0
1734220800,101412.4,102200.0,101228.1,101728.0
1734235200,101728.2,102851.9,101534.1,101725.0
1734249600,101725.0,102666.6,101571.7,102646.1
1734264000,102641.3,103347.0,102475.0,102673.0
1734278400,102673.1,103537.7,102560.0,103258.4
1734292800,103257.7,105450.1,102619.8,104490.6
1734307200,104490.9,106665.8,104274.7,104589.0
1734321600,104604.8,105398.4,104433.1,104981.0
1734336000,104981.0,105019.0,103636.8,103805.5
1734350400,103805.3,106549.0,103313.8,106310.3
1734364800,106315.7,107863.9,105814.8,106593.0
1734379200,106596.9,106654.8,105426.4,106070.6
1734393600,106070.8,107000.0,105668.9,106854.6
1734408000,106854.4,107139.5,106343.6,106822.4
1734422400,106822.4,107538.0,106709.2,106811.4
1734436800,106802.7,108345.8,105722.5,106469.2
1734451200,106469.4,107641.8,106137.5,106493.9
1734465600,106486.5,106915.5,105329.4,106112.1
1734480000,106112.1,106554.2,104560.0,104742.7
1734494400,104742.7,104742.7,103145.7,104218.2
1734508800,104209.6,105005.1,103700.0,104996.4
1734523200,104995.3,105328.5,103615.5,104402.9
1734537600,104418.3,104973.0,102750.0,102785.5
1734552000,102786.2,103047.6,100000.0,100187.7
1734566400,100187.9,101325.7,98767.0,101158.1
1734580800,101157.8,101683.1,100623.7,101624.7
1734595200,101624.7,102609.0,101350.4,102432.5
1734609600,102432.5,102799.7,99525.3,100689.1
1734624000,100689.6,101179.9,96250.2,97205.0
1734638400,97215.9,98382.8,95689.5,97450.0
1734652800,97450.5,97780.6,96000.0,97093.1
1734667200,97086.6,98262.7,96364.0,97799.9
1734681600,97798.9,97845.9,92591.0,92720.7
1734696000,92747.4,97547.5,92258.0,96962.0
1734710400,96964.9,97716.1,96275.6,97052.0
1734724800,97052.2,97807.0,95410.5,97779.3
1734739200,97779.5,97783.6,97159.4,97485.5
1734753600,97487.5,99565.5,97363.8,99011.8
1734768000,99012.6,99170.7,97776.8,98249.1
1734782400,98249.1,98272.7,96308.6,97505.5
1734796800,97502.0,97715.9,96716.7,97271.6
1734811200,97271.6,98046.4,96511.0,97272.4
1734825600,97272.4,97433.8,96557.5,96982.3
1734840000,96975.1,97074.3,95901.0,96205.5
1734854400,96205.3,97341.4,96185.4,97073.0
1734868800,97072.8,97300.0,95113.2,95360.2
1734883200,95360.2,96415.9,94664.3,94819.1
1734897600,94817.8,95813.5,94248.0,95175.1
1734912000,95175.1,96012.7,93690.2,95994.3
1734926400,95994.1,96493.3,94671.7,95385.8
1734940800,95386.0,96500.0,95014.6,95913.9
1734955200,95922.5,96409.3,93100.0,93248.1
1734969600,93234.0,94239.0,92664.3,93018.3
1734984000,92994.2,95480.9,92500.0,94867.7
1734998400,94865.1,94865.1,93537.2,94332.9
1735012800,94339.7,94655.0,93797.6,94225.3
1735027200,94228.2,94624.9,93815.9,94369.6
1735041600,94377.5,98305.9,94048.2,98291.7
1735056000,98284.1,99466.1,97539.5,97576.8
1735070400,97579.7,99082.1,97250.0,98654.4
1735084800,98638.8,98882.4,97717.9,98028.4
1735099200,98029.9,98585.4,97831.1,98086.3
1735113600,98086.3,99355.3,97812.0,97904.1
1735128000,97904.1,98823.2,97623.1,98510.1
1735142400,98518.5,99280.0,98131.5,99022.7
1735156800,99018.2,99568.4,98358.3,99413.0
1735171200,99418.1,99950.0,98476.2,98975.5
1735185600,98975.5,98975.5,97699.4,97707.3
1735200000,97703.3,97764.6,95170.5,95670.6
1735214400,95656.1,96262.5,95216.1,96016.0
1735228800,96012.0,96584.5,95418.2,96084.4
1735243200,96081.6,96092.5,95319.2,95765.0
1735257600,95765.3,96437.0,95393.9,96401.6
1735272000,96409.1,96598.2,94639.6,95099.0
1735286400,95110.3,97515.0,95101.3,96934.9
1735300800,96920.0,97046.3,94010.3,94554.2
1735315200,94538.0,94997.0,93469.8,94725.5
1735329600,94740.3,94811.6,94150.0,94291.3
1735344000,94289.8,94700.0,94116.8,94563.3
1735358400,94563.4,94776.6,94288.2,94368.0
1735372800,94374.4,94894.8,94292.0,94733.3
1735387200,94733.3,95316.0,94350.0,94425.9
1735401600,94424.3,95231.5,94381.0,95010.9
1735416000,95030.1,95749.8,94850.2,95288.5
1735430400,95284.9,95331.5,94801.1,95156.5
1735444800,95156.5,95257.7,94937.7,95252.8
1735459200,95252.8,95296.6,94983.6,95002.0
1735473600,95006.4,95233.7,93990.4,94499.4
1735488000,94500.5,94575.0,93421.0,93587.5
1735502400,93566.7,93927.4,93003.0,93722.1
1735516800,93725.4,94273.6,93342.9,93690.4
1735531200,93690.4,94033.7,93217.0,93717.9
1735545600,93722.5,94031.0,93468.0,93916.5
1735560000,93904.5,94250.0,91530.2,92106.4
1735574400,92098.3,94683.3,91798.6,94410.2
1735588800,94419.7,95004.7,91888.0,92782.6
1735603200,92783.8,92893.7,92026.1,92501.2
1735617600,92495.1,93017.0,92350.0,92838.2
1735632000,92838.2,94752.9,92817.0,94232.1
1735646400,94241.7,96240.0,94232.1,95420.4
1735660800,95422.1,95606.7,93198.0,94170.2
1735675200,94160.0,94206.5,93359.4,93566.5
1735689600,93553.8,94485.8,93479.6,93824.6
1735704000,93822.2,93936.2,93516.4,93677.5
1735718400,93678.9,93749.2,92890.0,93435.3
1735732800,93435.3,94527.0,93395.6,94450.5
1735747200,94450.7,94823.5,93767.2,94620.2
1735761600,94629.1,95160.0,94527.7,94593.6
1735776000,94592.1,95528.8,94391.5,95009.2
1735790400,95012.7,96028.1,94992.6,95832.0
1735804800,95836.8,96881.9,95628.1,96730.4
1735819200,96735.2,97375.0,95933.4,96449.6
1735833600,96449.3,97805.9,96080.0,97328.3
1735848000,97333.4,97850.0,96730.0,96999.9
1735862400,96999.9,97359.5,96665.1,97070.0
1735876800,97070.0,97079.8,96300.2,96330.1
1735891200,96346.4,96838.3,96117.9,96762.3
1735905600,96762.3,97665.8,96480.2,97514.4
1735920000,97514.5,98983.7,97396.4,98604.3
1735934400,98604.7,98750.8,98076.8,98195.7
1735948800,98198.3,98317.6,97801.6,98194.1
1735963200,98193.9,98340.4,97877.0,98259.8
1735977600,98272.3,98302.4,97578.3,97900.3
1735992000,97905.2,98168.1,97524.2,97659.4
1736006400,97659.3,98363.5,97580.6,98172.3
1736020800,98172.1,98793.0,98145.6,98221.1
1736035200,98230.8,98408.0,98050.0,98197.6
1736049600,98199.5,98550.7,98199.5,98259.1
1736064000,98256.2,98271.4,97583.5,97644.0
1736078400,97642.7,98242.4,97283.4,98029.4
1736092800,98025.0,98333.7,97573.3,98086.4
1736107200,98086.4,98849.6,98023.2,98368.8
1736121600,98376.5,99342.5,97929.7,99026.5
1736136000,99026.3,99923.5,99026.3,99311.4
1736150400,99306.8,99638.2,98691.8,99255.5
1736164800,99255.5,102469.0,98716.8,102145.1
1736179200,102145.3,102480.0,101243.6,101810.1
1736193600,101801.8,102355.1,101572.0,102221.1
1736208000,102220.9,102878.7,101503.4,101696.4
1736222400,101701.8,102014.3,101575.0,101684.3
1736236800,101684.2,102007.5,100500.0,100851.0
1736251200,100866.1,100971.1,97151.2,97920.2
1736265600,97936.5,98337.2,96290.0,96452.3
1736280000,96454.9,97208.7,96171.3,96929.6
1736294400,96917.9,97245.4,96224.3,96526.0
1736308800,96523.2,96649.5,95237.6,95646.6
1736323200,95638.5,96132.3,94522.5,95130.0
1736337600,95129.8,96064.5,94612.9,95483.3
1736352000,95480.1,95482.5,92489.8,94232.3
1736366400,94237.4,95276.0,93594.7,95037.7
1736380800,95032.4,95384.4,93426.2,94019.4
1736395200,94018.9,94608.4,93193.9,93217.1
1736409600,93227.7,93855.9,92729.6,93427.1
1736424000,93432.5,94571.4,91809.3,94228.2
1736438400,94229.3,94684.1,91887.6,91887.6
1736452800,91894.8,92700.0,91185.7,92541.7
1736467200,92541.7,93724.0,92449.8,93695.0
1736481600,93696.5,94973.0,93482.0,94483.6
1736496000,94476.4,95262.8,94363.9,95059.1
1736510400,95061.3,95100.0,92222.2,93733.7
1736524800,93735.7,95866.1,93205.0,95311.3
1736539200,95299.2,95447.0,94576.0,94718.8
1736553600,94718.8,94745.6,94087.9,94205.7
1736568000,94203.6,94435.4,93835.1,94251.2
1736582400,94251.3,94800.4,94021.2,94624.4
1736596800,94624.4,94662.1,94296.4,94401.9
1736611200,94401.7,94706.7,93963.8,94238.3
1736625600,94239.0,95036.4,94188.1,94606.2
1736640000,94605.6,94706.4,94304.7,94635.1
1736654400,94635.5,94657.6,94251.0,94326.1
1736668800,94326.3,94397.4,93687.7,94250.7
1736683200,94250.5,95469.1,94167.4,95073.6
1736697600,95077.5,95308.6,94568.3,94657.3
1736712000,94657.3,94802.9,93782.1,94539.1
1736726400,94538.8,95950.0,93894.9,94253.7
1736740800,94253.2,94925.1,93271.4,93582.3
1736755200,93580.0,93652.2,90850.0,90860.2
1736769600,90860.3,93077.3,89082.2,92116.4
1736784000,92133.5,92510.5,91231.0,92302.3
1736798400,92288.6,94722.0,91900.5,94530.7
1736812800,94533.7,95280.0,94347.8,94870.5
1736827200,94876.3,95471.5,94748.2,94868.5
1736841600,94869.7,97354.0,94869.7,96561.6
1736856000,96558.3,97250.0,95769.9,96458.8
1736870400,96458.8,97093.9,95335.6,96539.2
1736884800,96530.0,96928.2,96135.4,96554.4
1736899200,96546.5,97523.0,96485.4,97327.1
1736913600,97327.0,97722.7,96741.0,97304.3
1736928000,97304.4,97530.0,96551.3,96780.1
1736942400,96780.7,99782.9,96555.0,98983.2
1736956800,98998.9,99989.4,98615.0,99844.0
1736971200,99843.8,100709.4,99463.7,100501.3
1736985600,100501.5,100878.1,99200.0,99478.4
1737000000,99488.0,99930.5,99335.6,99805.1
1737014400,99799.8,99836.6,98643.0,99165.1
1737028800,99143.9,99520.9,97364.2,99291.6
1737043200,99291.1,100440.0,99062.8,100408.4
1737057600,100408.4,100627.6,99395.7,99987.3
1737072000,99981.9,102176.7,99951.7,101056.3
1737086400,101056.3,101927.4,100953.9,101436.5
1737100800,101448.8,102587.0,101448.8,102219.7
1737115200,102219.7,104217.1,102179.0,103980.7
1737129600,103981.2,105832.4,103813.9,105816.8
1737144000,105823.7,105843.7,104091.0,104091.0
1737158400,104091.2,104667.6,103052.3,103566.5
1737172800,103566.8,103768.9,102604.1,102833.3
1737187200,102833.2,103875.0,102285.5,103582.2
1737201600,103582.5,104975.0,103127.9,104550.4
1737216000,104569.7,104708.4,103140.0,104401.0
1737230400,104401.8,104761.9,103783.1,104549.8
1737244800,104540.3,105470.3,104018.6,104979.1
1737259200,104978.9,105620.0,104236.7,105167.9
1737273600,105159.0,105479.3,103444.3,104360.0
1737288000,104366.2,105739.5,104305.7,104978.6
1737302400,104968.9,106250.0,104528.9,106248.1
1737316800,106248.1,106476.8,99675.0,101322.6
1737331200,101295.9,102343.2,99505.1,101908.2
1737345600,101903.2,109982.7,101550.0,107197.7
1737360000,107191.6,109270.3,107183.9,108262.7
1737374400,108298.7,108720.0,104520.0,104942.2
1737388800,104942.1,107034.8,100599.0,103673.6
1737403200,103666.2,104323.7,101723.8,102256.7
1737417600,102245.7,103263.9,100119.7,102910.5
1737432000,102902.8,102962.7,101106.1,101980.1
1737446400,101973.9,103969.7,101718.0,103743.3
1737460800,103764.7,105300.0,102800.0,103937.4
1737475200,103911.3,107275.0,103800.0,107056.2
1737489600,107021.1,107213.1,105421.4,106149.2
1737504000,106173.4,106399.4,105454.5,105591.6
1737518400,105585.6,105955.1,105037.7,105074.9
1737532800,105078.4,105479.8,104635.0,105107.5
1737547200,105107.8,105598.9,103619.5,104170.7
1737561600,104175.7,104749.1,103318.6,104610.3
1737576000,104619.0,104812.3,103600.0,103704.8
1737590400,103704.8,103807.0,102107.8,102445.3
1737604800,102445.5,102959.4,101588.7,102689.8
1737619200,102669.6,102669.6,101250.1,101931.3
1737633600,101946.4,106050.0,101323.9,105249.9
1737648000,105211.8,106855.6,103344.9,103750.5
1737662400,103750.7,106421.7,102216.0,103913.2
1737676800,103913.3,104302.5,102752.6,103886.7
1737691200,103886.7,105327.0,103788.6,105030.5
1737705600,105018.8,105757.3,104910.3,105401.5
1737720000,105401.6,106333.3,104652.9,105859.6
1737734400,105855.5,107147.1,105600.0,105765.2
1737748800,105765.0,105781.7,104443.1,104860.3
1737763200,104860.3,105284.0,104359.6,105210.1
1737777600,105210.1,105210.2,104204.1,104376.2
1737792000,104374.2,104700.9,104119.0,104666.5
1737806400,104671.0,105121.0,104453.5,104880.7
1737820800,104890.6,105312.0,104418.4,105039.7
1737835200,105032.9,105261.0,104683.4,104749.8
1737849600,104750.8,105237.6,104513.1,105048.7
1737864000,105048.8,105479.8,104927.6,104986.5
1737878400,104986.1,105227.6,104420.0,104811.6
1737892800,104811.6,105117.0,104690.4,104979.8
1737907200,104979.8,105268.6,104895.8,105082.8
1737921600,105082.8,105210.9,102494.6,102597.2
1737936000,102597.0,103271.0,100685.6,101363.2
1737950400,101363.0,101374.6,97779.0,99011.1
1737964800,99001.0,99507.7,98249.5,98735.2
1737979200,98751.8,102307.2,98707.2,101100.0
1737993600,101100.2,101242.0,98825.7,99682.5
1738008000,99674.3,102431.7,99579.8,102082.7
1738022400,102067.1,102906.0,101327.0,102628.5
1738036800,102628.5,103365.0,102512.6,102795.2
1738051200,102796.1,103208.8,102403.1,102759.4
1738065600,102771.1,103800.0,101794.5,102755.1
1738080000,102757.6,103100.0,101800.0,102410.9
1738094400,102410.9,102525.0,100265.0,101334.7
1738108800,101327.4,102324.0,101322.0,102040.9
1738123200,102033.7,102862.8,101962.5,102750.3
1738137600,102750.1,103048.0,102212.5,102628.1
1738152000,102622.7,102803.7,101572.5,101979.0
1738166400,101977.7,104063.1,101405.6,103608.8
1738180800,103579.9,104805.7,102871.2,103742.0
1738195200,103742.5,105326.7,103280.0,105201.5
1738209600,105199.5,105634.6,104825.0,105151.1
1738224000,105151.3,105566.7,104945.4,105312.9
1738238400,105300.5,106430.0,104658.3,105555.6
1738252800,105562.8,105992.6,104726.0,105704.4
1738267200,105704.0,105810.4,104692.0,104735.8
1738281600,104733.5,105039.1,103930.0,104330.1
1738296000,104330.1,104795.7,103961.4,104176.6
1738310400,104188.6,104852.8,103917.1,104714.3
1738324800,104714.3,106032.8,104110.4,105421.3
1738339200,105445.4,105588.6,102105.0,102285.3
1738353600,102272.9,102457.2,101530.0,102414.1
1738368000,102414.0,102773.2,102152.4,102226.2
1738382400,102221.1,102568.3,102100.3,102157.7
1738396800,102155.9,102277.1,101363.0,102012.7
1738411200,102012.5,102311.5,101715.1,102063.9
1738425600,102063.9,102266.2,101443.4,101657.7
1738440000,101657.1,101657.1,100245.5,100618.8
1738454400,100611.6,101456.3,99141.0,99195.1
1738468800,99191.3,100484.6,99053.8,99610.7
1738483200,99600.0,100103.6,98600.4,98857.7
1738497600,98855.8,99416.9,98141.5,99326.9
1738512000,99341.5,99347.8,96817.3,98250.6
1738526400,98269.2,98615.5,96114.3,97687.8
1738540800,97687.8,97772.4,91247.4,94037.9
1738555200,94041.5,95390.0,92641.7,95302.4
1738569600,95302.8,95933.9,94754.8,95100.8
1738584000,95102.6,99455.3,94142.6,98823.8
1738598400,98819.1,101875.5,98021.1,101875.0
1738612800,101873.4,102481.0,100940.0,101352.2
1738627200,101352.0,101745.3,100567.2,100633.7
1738641600,100633.3,100779.5,98250.1,98452.4
1738656000,98450.3,99411.3,97834.5,98953.6
1738670400,98958.0,100414.8,98239.0,99336.1
1738684800,99355.3,100787.1,98763.6,98854.4
1738699200,98853.4,99405.3,96142.7,97751.4
1738713600,97762.9,98930.7,97132.6,98049.0
1738728000,98037.3,98338.3,97360.6,97854.9
1738742400,97853.0,98215.4,97252.1,98196.7
1738756800,98238.6,99140.0,97750.2,98113.0
1738771200,98102.9,98290.6,96483.5,97367.5
1738785600,97373.3,97703.7,96111.5,96611.1
1738800000,96597.1,97490.8,96428.8,97347.1
1738814400,97383.3,98454.6,97272.9,98210.8
1738828800,98211.0,99120.0,97942.7,98854.9
1738843200,98854.5,99034.5,96921.9,97325.1
1738857600,97324.9,97547.0,95666.1,95981.1
1738872000,95975.5,97087.9,95776.7,96544.5
1738886400,96544.5,97780.1,96400.0,97449.2
1738900800,97449.4,97864.3,96567.6,96738.8
1738915200,96739.9,97753.5,96590.4,97739.5
1738929600,97739.6,100138.0,97191.4,98297.7
1738944000,98301.2,98578.5,96879.2,96885.2
1738958400,96885.2,96927.2,95570.8,96478.5
1738972800,96471.7,96889.0,96311.1,96700.8
1738987200,96687.5,96687.5,95768.4,96201.9
1739001600,96207.2,96300.4,95858.0,96123.4
1739016000,96123.4,96497.1,95675.0,95843.7
1739030400,95854.1,96741.2,95743.3,96580.0
1739044800,96580.2,96704.2,96345.8,96441.3
1739059200,96441.3,97306.8,96337.2,97299.6
1739073600,97308.7,97321.8,96772.3,97054.4
1739088000,97054.4,97308.5,96556.5,96561.4
1739102400,96561.4,96717.9,95679.4,96476.9
1739116800,96476.6,96577.2,95888.9,96047.2
1739131200,96033.6,96752.0,94700.5,96453.1
1739145600,96450.2,97100.0,95251.4,96807.9
1739160000,96816.2,97655.0,96626.4,97430.5
1739174400,97432.0,97966.2,97348.9,97655.3
1739188800,97655.3,98340.7,96859.3,97223.6
1739203200,97236.6,97628.8,96866.8,97366.8
1739217600,97357.7,97493.0,97110.0,97410.5
1739232000,97410.7,98134.6,97410.5,97603.3
1739246400,97603.3,98500.9,97552.8,98265.4
1739260800,98268.3,98337.1,97870.7,98125.3
1739275200,98137.9,98141.2,96580.0,97008.8
1739289600,97008.8,97026.9,94836.9,95010.5
1739304000,95010.8,96494.0,94902.0,95766.4
1739318400,95759.6,96259.4,95072.0,95291.9
1739332800,95298.8,96165.0,95255.0,96060.5
1739347200,96060.7,96461.1,95904.8,96097.5
1739361600,96099.8,96639.0,94060.7,95793.4
1739376000,95793.8,97686.8,95113.6,97196.4
1739390400,97200.7,98135.9,96835.7,97874.0
1739404800,97874.0,98088.0,97368.6,97497.6
1739419200,97504.9,97558.6,95793.6,96066.0
1739433600,96057.4,96347.0,95527.6,95922.3
1739448000,95932.1,96487.3,95350.0,95983.3
1739462400,95983.5,96360.9,95206.9,95627.7
1739476800,95613.2,96771.7,95589.3,96596.9
1739491200,96605.8,97198.6,96372.5,97144.8
1739505600,97152.2,97236.1,96561.9,96931.6
1739520000,96938.5,97197.5,96788.8,96885.8
1739534400,96879.6,97577.8,96269.6,96928.1
1739548800,96927.9,98829.5,96482.0,97940.8
1739563200,97932.0,98263.1,96681.3,97492.3
1739577600,97484.3,97963.5,97212.5,97651.4
1739592000,97655.6,97797.0,97355.3,97357.5
1739606400,97358.9,97750.1,97300.3,97622.3
1739620800,97626.4,97943.3,97417.2,97630.0
1739635200,97634.0,97714.7,97313.3,97536.7
1739649600,97544.7,97755.2,97416.0,97579.8
1739664000,97572.4,97721.0,97420.0,97544.3
1739678400,97544.2,97677.2,97202.3,97249.4
1739692800,97249.3,97405.6,97055.2,97346.4
1739707200,97346.4,97355.8,96678.0,96909.3
1739721600,96909.0,97170.1,96597.0,97062.5
1739736000,97050.7,97298.5,96040.6,96103.9
1739750400,96101.0,96625.0,96034.5,96201.8
1739764800,96201.6,96451.8,95763.7,96065.4
1739779200,96057.0,96391.6,95929.7,96065.4
1739793600,96065.4,97037.4,95550.0,95656.9
1739808000,95656.9,95936.3,95167.1,95521.3
1739822400,95518.4,96411.4,95481.6,95776.0
1739836800,95775.8,96317.2,95551.0,96175.5
1739851200,96175.7,96292.3,95250.0,95455.2
1739865600,95455.2,95877.9,95030.4,95648.4
1739880000,95648.4,96746.0,95189.9,95535.8
1739894400,95540.0,95636.6,93352.5,94090.4
1739908800,94081.8,95660.6,93718.8,95648.4
1739923200,95648.4,95966.2,95042.6,95703.3
1739937600,95703.1,95838.4,95037.7,95678.9
1739952000,95668.7,96465.6,95621.3,96427.9
1739966400,96428.5,96754.4,95523.2,95926.6
1739980800,95927.7,96480.0,95398.7,96188.9
1739995200,96180.8,96882.0,96037.4,96627.9
1740009600,96627.9,97398.2,96402.8,97052.9
1740024000,97052.9,97337.8,96767.5,96859.2
1740038400,96859.0,97358.2,96798.3,97188.7
1740052800,97199.9,98028.8,96797.4,96899.4
1740067200,96901.9,98515.4,96876.7,98403.1
1740081600,98402.9,98705.7,98003.4,98291.0
1740096000,98291.0,98491.4,98071.3,98151.0
1740110400,98151.0,98604.9,98120.8,98170.6
1740124800,98171.5,98925.0,98100.0,98605.0
1740139200,98599.3,99470.4,97200.0,98119.3
1740153600,98119.4,98762.3,95212.5,95229.4
1740168000,95234.9,96140.9,94835.0,96119.6
1740182400,96121.9,96440.6,95710.5,96257.9
1740196800,96257.9,96563.3,96222.5,96255.8
1740211200,96255.8,96585.4,96103.3,96554.2
1740225600,96554.4,96971.8,96474.6,96580.9
1740240000,96580.9,96825.8,96350.0,96631.3
1740254400,96631.3,96693.2,96451.0,96527.4
1740268800,96527.4,96630.7,96356.1,96397.9
1740283200,96397.9,96539.6,96129.0,96492.0
1740297600,96487.6,96487.8,96077.2,96105.9
1740312000,96105.9,96158.5,95414.0,95435.1
1740326400,95434.5,95878.8,95251.4,95751.5
1740340800,95735.6,96328.0,95528.7,96256.5
1740355200,96256.4,96509.7,95294.9,95427.9
1740369600,95422.6,95950.0,95030.8,95866.4
1740384000,95867.3,96168.1,95339.6,95818.4
1740398400,95818.6,96074.6,93804.9,94315.7
1740412800,94320.0,95173.0,93670.0,93931.6
1740427200,93935.9,94576.9,91310.1,91535.8
1740441600,91535.8,92526.3,90858.9,92143.1
1740456000,92143.1,92300.0,88196.3,89300.9
1740470400,89300.9,89985.6,86863.9,89236.1
1740484800,89235.9,89551.1,86032.8,87227.1
1740499200,87227.0,88066.7,86144.8,87936.7
1740513600,87918.6,89443.2,87609.3,88662.1
1740528000,88662.1,89386.6,88123.0,88873.8
1740542400,88876.4,89235.9,88399.8,88705.0
1740556800,88677.6,89294.6,88174.8,88594.3
1740571200,88605.4,88663.5,85400.0,87547.9
1740585600,87552.3,87775.3,83373.1,83849.3
1740600000,83857.9,85398.1,82215.8,84234.7
1740614400,84237.0,85430.6,84022.7,85200.1
1740628800,85195.2,86718.8,84676.6,86251.1
1740643200,86251.3,87078.7,85885.5,86674.5
1740657600,86683.2,86768.8,84642.6,85504.3
1740672000,85504.1,85699.8,83614.0,84117.3
1740686400,84117.3,84910.0,82705.6,84690.1
1740700800,84700.2,84881.5,79500.0,80441.9
1740715200,80442.1,80971.4,78830.9,79202.3
1740729600,79196.6,80829.8,78255.9,80525.0
1740744000,80531.0,84400.0,80042.6,83987.7
1740758400,83981.8,85121.3,83188.1,84428.0
1740772800,84417.3,84781.8,83549.4,84347.9
1740787200,84347.9,85680.6,83807.7,85318.5
1740801600,85311.6,86544.2,84724.8,84739.9
1740816000,84741.8,85489.8,84351.3,84622.3
1740830400,84624.4,84940.9,84325.3,84782.5
1740844800,84792.5,85606.9,84677.8,85476.2
1740859200,85476.9,86278.1,85261.6,86059.0
1740873600,86059.0,86490.7,85608.5,85853.6
1740888000,85855.8,86600.0,85545.9,86218.9
1740902400,86229.7,86250.6,85667.8,86084.1
1740916800,86083.9,88680.3,85062.5,87425.0
1740931200,87428.3,95000.0,87292.4,93511.7
1740945600,93524.4,94864.0,93507.4,94272.5
1740960000,94272.0,94429.0,92429.6,92711.3
1740974400,92726.2,93338.0,91193.8,92371.7
1740988800,92376.0,92891.8,91140.5,92727.6
1741003200,92718.8,93699.0,89126.8,90030.0
1741017600,90030.2,90998.4,85570.0,85586.2
1741032000,85599.5,87027.2,85105.7,86221.1
1741046400,86223.9,86789.2,82489.9,83978.8
1741060800,83985.3,84594.2,83141.5,83190.7
1741075200,83191.7,84359.1,83027.2,83921.9
1741089600,83913.2,84958.0,81478.8,82972.9
1741104000,82972.9,88478.2,82015.4,88200.4
1741118400,88200.0,88968.3,86563.1,87275.9
1741132800,87273.3,87893.2,86383.4,86851.2
1741147200,86851.2,87719.5,86730.2,87612.5
1741161600,87612.7,90635.4,87583.2,89801.6
1741176000,89805.6,90934.8,87884.5,88336.6
1741190400,88336.4,90475.4,87580.6,89737.5
1741204800,89726.6,91058.9,89673.6,90606.5
1741219200,90593.9,92056.4,89975.8,91617.6
1741233600,91609.0,92800.0,91271.8,91356.0
1741248000,91345.9,91685.7,90607.6,91342.6
1741262400,91342.8,91461.5,89104.4,90820.1
1741276800,90820.1,91068.6,87822.4,88522.3
1741291200,88506.4,90764.2,88450.9,89928.0
1741305600,89928.2,91295.8,84630.8,86984.4
1741320000,86977.1,88600.0,86850.4,88358.2
1741334400,88362.5,89723.0,87973.5,88974.9
1741348800,88983.0,91128.8,88015.4,88464.5
1741363200,88450.2,89049.5,86604.8,87826.2
1741377600,87819.2,88524.0,85559.6,86780.1
1741392000,86776.5,86902.7,85209.5,85902.7
1741406400,85902.7,86666.7,85645.6,86181.9
1741420800,86177.2,86465.9,85742.0,85949.6
1741435200,85949.7,86630.9,85800.0,86395.4
1741449600,86395.4,86514.1,85653.5,86235.4
1741464000,86243.2,86500.0,85831.0,86232.9
1741478400,86225.6,86500.0,85950.5,86106.5
1741492800,86110.9,86168.5,85785.7,86010.6
1741507200,86010.1,86113.2,84651.0,85011.6
1741521600,85011.8,85057.6,82717.6,83065.3
1741536000,83057.9,83768.0,82217.2,82625.6
1741550400,82624.8,83504.5,80012.2,80728.9
1741564800,80729.8,82736.1,80050.0,82036.6
1741579200,82042.1,82775.5,81989.1,82310.2
1741593600,82322.0,84073.8,81160.0,83555.4
1741608000,83555.1,83768.8,79157.7,80042.7
1741622400,80033.0,80244.8,77466.8,79060.9
1741636800,79059.7,79874.3,78402.3,78591.6
1741651200,78599.3,79940.8,76592.8,79512.4
1741665600,79512.4,80616.5,79431.9,80421.2
1741680000,80409.7,82100.8,80318.9,81717.5
1741694400,81709.4,82266.9,79054.6,81219.0
1741708800,81205.1,83600.0,80630.7,83095.9
1741723200,83098.4,83303.0,82559.5,82939.8
1741737600,82939.8,83765.0,82100.9,82114.0
1741752000,82114.0,82535.2,81280.3,82428.5
1741766400,82422.4,83079.9,82027.7,82999.9
1741780800,82999.9,84531.5,80610.7,81724.7
1741795200,81721.3,83153.6,81610.9,82905.3
1741809600,82914.8,83895.1,82701.3,83676.5
1741824000,83681.9,84336.7,83306.4,83573.7
1741838400,83561.4,83712.4,82854.0,83163.8
1741852800,83157.5,83493.6,82422.7,82968.6
1741867200,82965.6,83869.6,80955.6,81041.3
1741881600,81049.3,81265.1,79949.8,80218.6
1741896000,80210.6,81484.3,80191.6,81114.1
1741910400,81114.0,82268.9,80811.2,81894.7
1741924800,81901.6,82439.9,81774.1,82156.4
1741939200,82159.1,83350.0,82154.4,83250.5
1741953600,83247.4,85300.0,82650.2,84738.0
1741968000,84741.8,84958.0,83940.0,84546.1
1741982400,84551.9,84554.0,83718.5,83981.9
1741996800,83984.5,84675.7,83968.6,84479.1
1742011200,84481.7,84543.3,83810.8,83828.0
1742025600,83832.3,84181.0,83620.0,84099.5
1742040000,84083.6,84469.2,84000.0,84321.0
1742054400,84321.0,84495.0,84103.7,84300.5
1742068800,84305.0,84455.0,84243.2,84339.8
1742083200,84349.8,84395.1,83747.6,84332.0
1742097600,84332.2,84411.3,83957.5,84267.3
1742112000,84269.4,84331.0,82369.2,82409.3
1742126400,82418.4,83488.4,82397.3,83308.6
1742140800,83308.5,85149.2,82568.6,83102.7
1742155200,83106.3,83452.7,81973.1,82573.3
1742169600,82573.3,83727.9,82508.0,83667.1
1742184000,83672.5,83871.9,82680.0,83570.7
1742198400,83564.9,83776.4,83203.8,83499.1
1742212800,83499.1,84030.3,82439.8,83525.7
1742227200,83520.7,84761.5,83099.9,84465.7
1742241600,84465.6,84475.7,83737.6,84002.0
1742256000,83989.8,84001.9,82945.0,83142.1
1742270400,83135.4,83275.9,82250.0,83150.6
1742284800,83150.5,83449.6,82506.3,82584.6
1742299200,82584.6,82824.3,81134.5,81595.6
1742313600,81599.7,82468.7,81237.0,82302.8
1742328000,82314.7,82806.6,81885.0,82702.1
1742342400,82702.1,83232.5,82536.5,83027.8
1742356800,83027.8,83358.5,82786.0,83189.9
1742371200,83194.5,84111.0,83174.5,83873.9
1742385600,83884.2,84885.7,83501.0,84734.5
1742400000,84737.0,85928.7,83576.0,85429.8
1742414400,85441.6,87000.0,85209.7,86834.1
1742428800,86834.3,87455.8,85578.7,85889.8
1742443200,85889.8,86021.3,85430.6,85814.0
1742457600,85807.9,86332.4,84833.0,85493.6
1742472000,85501.2,86524.8,84560.4,84677.1
1742486400,84676.8,84914.8,83650.0,84161.4
1742500800,84156.2,84593.7,83925.0,84221.4
1742515200,84213.6,84824.5,84166.1,84445.4
1742529600,84457.7,84797.4,83738.0,83944.0
1742544000,83936.3,84324.0,83738.0,84051.7
1742558400,84051.5,84350.0,83173.2,83570.4
1742572800,83563.3,84429.5,83370.2,83953.5
1742587200,83939.6,84569.8,83794.7,84084.6
1742601600,84076.2,84318.2,83964.1,84256.0
1742616000,84256.2,84427.8,84156.6,84276.1
1742630400,84276.3,84544.0,84113.1,84228.1
1742644800,84228.3,84291.3,83966.1,84107.9
1742659200,84108.1,84328.3,84060.2,84173.6
1742673600,84169.4,84209.7,83664.2,83848.3
1742688000,83848.5,84281.4,83800.1,84232.1
1742702400,84232.1,84323.0,84060.2,84266.0
1742716800,84266.0,85059.3,84247.6,84689.3
1742731200,84689.6,85269.2,84573.0,85194.1
1742745600,85194.8,85426.3,84801.4,85018.5
1742760000,85022.7,86127.0,84916.0,86080.4
1742774400,86083.2,86644.3,85535.3,86530.8
1742788800,86532.4,87300.2,86532.4,86879.3
1742803200,86863.0,87898.5,86863.0,87676.5
1742817600,87685.8,88780.8,87150.7,88322.5
1742832000,88322.7,88530.5,87678.4,88221.9
1742846400,88212.7,88482.5,87067.2,87508.4
1742860800,87508.2,87680.9,86348.0,86526.2
1742875200,86516.7,86895.8,86310.3,86460.5
1742889600,86455.2,87487.3,86430.0,87366.3
1742904000,87373.4,88271.4,86917.9,87769.3
1742918400,87782.8,88333.0,87578.1,88115.6
1742932800,88111.3,88547.4,87170.0,87421.4
1742947200,87417.5,87901.9,87023.0,87155.0
1742961600,87155.0,88296.9,87049.0,88135.8
1742976000,88133.9,88271.2,87829.3,87953.6
1742990400,87953.4,88022.0,86435.8,86736.5
1743004800,86736.2,87052.9,85853.3,86562.0
1743019200,86550.8,87387.9,86499.3,86918.0
1743033600,86918.9,87744.1,86799.0,87664.5
1743048000,87664.6,87681.1,87249.6,87404.3
1743062400,87383.5,87599.5,86785.7,86951.8
1743076800,86944.3,87577.7,85800.5,86961.0
1743091200,86957.2,87420.3,86781.8,87033.2
1743105600,87033.2,87748.9,86923.5,87218.1
1743120000,87223.3,87508.9,86744.8,86790.1
1743134400,86796.3,86835.4,85169.9,85226.1
1743148800,85226.1,85453.2,84810.0,85247.9
1743163200,85241.8,85611.4,83950.1,84035.9
1743177600,84034.1,84209.0,83567.3,83791.9
1743192000,83799.5,84518.0,83683.9,84422.1
1743206400,84422.1,84616.0,83688.3,84154.4
1743220800,84154.3,84258.4,83653.9,83732.9
1743235200,83727.8,83952.7,82012.6,82291.6
1743249600,82295.8,82871.2,82138.0,82412.3
1743264000,82413.7,82773.8,81634.3,82773.8
1743278400,82761.3,82787.1,82266.1,82647.3
1743292800,82660.7,83496.7,82500.0,83093.8
1743307200,83084.1,83321.5,82850.1,83079.8
1743321600,83080.0,83535.3,82961.0,83122.7
1743336000,83133.5,83277.8,82566.2,82733.3
1743350400,82724.4,82888.9,82050.0,82543.4
1743364800,82543.4,82758.6,81555.5,82400.1
1743379200,82409.0,82462.3,81277.4,81537.3
1743393600,81545.5,82308.5,81402.4,81943.9
1743408000,81925.4,82277.0,81300.0,82211.9
1743422400,82207.6,83923.0,81660.3,83411.9
1743436800,83414.1,83696.6,82382.6,82447.3
1743451200,82457.4,82873.5,82269.9,82553.6
1743465600,82561.1,83245.9,82430.2,82952.8
1743480000,82959.1,83616.5,82875.3,83453.7
1743494400,83436.4,84499.0,83432.3,83931.4
1743508800,83931.4,85509.0,82546.5,85293.6
1743523200,85297.9,85499.4,84719.4,84967.6
1743537600,84964.6,85591.7,84779.3,85165.1
1743552000,85172.2,85268.6,84509.2,84558.3
1743566400,84558.3,84735.6,83900.0,84429.0
1743580800,84436.0,85466.9,84268.5,84575.4
1743595200,84575.4,87358.2,84462.3,86766.4
1743609600,86774.4,87341.8,86186.7,86918.5
1743624000,86909.9,88548.5,82331.2,82513.6
1743638400,82528.5,83932.3,82172.0,83477.1
1743652800,83483.0,83741.0,83008.4,83461.2
1743667200,83454.9,83798.5,83057.5,83103.5
1743681600,83103.5,83160.9,81180.9,82045.5
1743696000,82045.6,82464.7,81540.0,82015.7
1743710400,82020.5,83329.1,81799.8,83216.2
1743724800,83216.2,83419.2,82586.3,82830.3
1743739200,82830.3,84038.2,82610.1,83998.1
1743753600,84010.2,84750.7,81667.2,82672.7
1743768000,82672.8,83720.5,81851.7,82864.5
1743782400,82871.4,84627.2,82730.6,84010.0
1743796800,84001.0,84472.0,83479.6,83897.3
1743811200,83897.2,84276.2,83418.3,83637.5
1743825600,83637.5,83874.1,83347.4,83528.9
1743840000,83531.2,83911.0,83368.3,83477.1
1743854400,83477.1,83571.1,82375.5,82619.9
1743868800,82620.0,83153.3,82603.9,82866.1
1743883200,82859.4,83684.3,82827.9,83533.1
1743897600,83535.1,83790.0,83165.1,83346.8
1743912000,83347.5,83539.0,83027.6,83028.6
1743926400,83028.5,83174.2,82670.6,82854.2
1743940800,82846.2,82986.1,82211.6,82540.0
1743955200,82534.9,82556.0,78670.2,79606.1
1743969600,79606.1,79880.4,77134.0,78413.1
1743984000,78413.1,79327.6,77350.0,77686.0
1743998400,77686.1,77974.9,74502.4,75116.2
1744012800,75133.4,77577.4,75086.6,76682.5
1744027200,76682.5,81209.2,75780.6,78473.5
1744041600,78475.3,79369.1,77322.3,78119.7
1744056000,78111.5,80204.5,78081.0,79175.7
1744070400,79168.0,80862.4,78783.1,79895.1
1744084800,79895.1,80408.3,79210.1,79491.2
1744099200,79480.8,80073.5,78816.6,79974.8
1744113600,79982.3,80387.9,78157.7,78495.2
1744128000,78476.7,78524.8,76364.7,76871.5
1744142400,76873.6,77288.7,76240.2,76326.0
1744156800,76326.1,76882.7,74607.3,75079.3
1744171200,75068.7,77928.2,74995.5,77672.0
1744185600,77675.5,77853.4,75755.0,76241.6
1744200000,76231.6,78316.7,76022.6,77262.3
1744214400,77266.2,82989.8,77140.8,82319.3
1744228800,82327.7,83586.6,82008.3,82634.5
1744243200,82634.4,82758.4,81471.5,81779.1
1744257600,81774.4,82347.9,81300.0,81597.7
1744272000,81600.0,82123.0,81350.1,81875.4
1744286400,81867.5,82553.1,78599.4,78761.9
1744300800,78761.9,80050.0,78454.7,79636.0
1744315200,79627.4,80023.7,79379.0,79599.4
1744329600,79596.2,80906.5,78966.3,80839.4
1744344000,80839.5,81450.0,80500.9,81255.4
1744358400,81260.1,82973.4,80784.4,82150.3
1744372800,82156.7,83342.2,81342.2,82525.5
1744387200,82539.5,84230.0,82010.9,83853.3
1744401600,83846.3,84332.4,83116.4,83421.8
1744416000,83421.8,83598.5,82773.2,82974.1
1744430400,82972.2,83822.4,82854.3,83712.0
1744444800,83715.1,84032.6,83303.3,83525.0
1744459200,83526.8,85413.5,83476.4,85003.0
1744473600,85003.0,85267.9,84432.4,84946.9
1744488000,84946.9,85915.7,84878.9,85273.8
1744502400,85277.5,86136.5,84728.1,85419.9
1744516800,85428.7,85428.7,84384.5,84409.7
1744531200,84409.7,84956.4,84196.2,84521.7
1744545600,84521.7,84686.5,83465.2,83859.7
1744560000,83854.5,85042.2,83017.0,83989.7
1744574400,83993.6,84444.0,83035.7,83761.8
1744588800,83769.1,85549.0,83681.3,84573.0
1744603200,84573.0,85117.5,84219.3,84587.6
1744617600,84587.5,84968.3,84257.2,84923.6
1744632000,84926.3,85815.0,83697.1,84097.0
1744646400,84100.5,85206.5,83847.2,84902.9
1744660800,84912.5,84972.0,84406.9,84577.4
1744675200,84580.0,85428.3,84330.7,85390.8
1744689600,85390.8,85895.4,85160.8,85741.4
1744704000,85733.3,86050.5,85339.3,85588.3
1744718400,85588.2,86475.3,84622.9,84920.3
1744732800,84920.3,85144.3,83888.1,83972.2
1744747200,83980.1,84230.2,83596.0,83646.3
1744761600,83646.4,83944.5,83100.0,83684.6
1744776000,83684.6,83814.8,83214.2,83357.5
1744790400,83366.4,84115.4,83123.4,84034.3
1744804800,84038.3,85275.0,83489.0,84840.0
1744819200,84851.1,85550.0,83271.3,84333.2
1744833600,84322.6,84682.3,84031.0,84033.4
1744848000,84033.4,84495.3,83788.7,83987.3
1744862400,83986.6,85059.8,83890.0,84679.1
1744876800,84682.4,84768.4,84180.5,84576.7
1744891200,84576.7,84870.6,83716.6,84539.5
1744905600,84554.0,85485.1,84403.7,84844.9
1744920000,84836.2,85139.2,84725.6,84947.6
1744934400,84947.5,85146.6,84725.8,84831.4
1744948800,84831.5,84850.5,84413.3,84667.3
1744963200,84677.2,84775.4,84478.3,84676.0
1744977600,84681.2,84766.8,84327.1,84369.9
1744992000,84369.9,84654.2,84286.0,84575.4
1745006400,84575.3,84707.9,84337.5,84463.2
1745020800,84468.6,84984.7,84365.6,84883.3
1745035200,84886.1,85264.0,84875.7,85218.8
1745049600,85220.7,85454.0,85112.7,85229.1
1745064000,85229.1,85702.9,85070.3,85186.1
1745078400,85186.1,85343.2,84709.9,85106.1
1745092800,85113.4,85383.7,85023.0,85090.8
1745107200,85090.7,85337.0,85051.0,85161.9
1745121600,85161.9,85248.7,84667.9,84779.0
1745136000,84778.7,84795.9,83937.8,84130.3
1745150400,84130.3,84671.6,84097.2,84348.4
1745164800,84345.0,84666.8,84278.5,84646.9
1745179200,84647.2,85307.5,84614.7,85191.0
1745193600,85191.1,87674.8,85149.7,87218.0
1745208000,87218.1,87758.4,87061.4,87452.5
1745222400,87452.7,87797.4,86652.1,86971.9
1745236800,86973.8,88471.0,86791.8,88042.3
1745251200,88042.2,88255.6,86380.4,87401.1
1745265600,87398.4,87626.8,86848.5,87503.4
1745280000,87497.4,88887.0,87051.4,88163.2
1745294400,88155.0,88508.5,87970.1,88487.3
1745308800,88468.9,88705.0,88237.1,88619.4
1745323200,88619.4,91427.5,88475.0,90929.6
1745337600,90932.0,91717.3,90631.0,91406.3
1745352000,91416.3,94160.5,91043.2,93460.8
1745366400,93460.8,93919.6,92622.3,93182.1
1745380800,93182.2,94325.5,93023.9,94154.3
1745395200,94144.6,94536.3,93338.8,93482.5
1745409600,93493.9,94733.1,91949.7,93186.2
1745424000,93186.2,94230.8,92912.0,93483.9
1745438400,93477.4,93911.9,93233.0,93684.1
1745452800,93680.6,93776.3,92629.8,92659.9
1745467200,92659.7,92887.1,92084.5,92184.9
1745481600,92199.6,92646.5,91648.8,92599.6
1745496000,92612.1,93430.7,92414.3,93168.5
1745510400,93175.8,93651.5,92647.3,93543.4
1745524800,93536.3,93979.6,92994.2,93958.2
1745539200,93958.1,94406.8,92803.1,93272.1
1745553600,93272.2,93855.1,92966.7,93756.0
1745568000,93758.8,94627.8,93507.8,94578.7
1745582400,94632.3,95736.2,93880.6,95017.1
1745596800,95025.0,95524.6,94334.2,95230.8
1745611200,95234.6,95294.8,94417.4,94589.5
1745625600,94604.2,95168.9,94513.8,94700.0
1745640000,94700.1,94799.7,94288.6,94520.0
1745654400,94520.7,94687.4,93954.0,94113.1
1745668800,94113.1,94359.7,93828.5,94349.8
1745683200,94329.9,94343.9,93991.4,94257.6
1745697600,94258.7,94852.2,94034.6,94580.9
1745712000,94581.0,95274.9,94012.9,94117.0
1745726400,94113.0,94256.0,93608.8,94032.6
1745740800,94032.7,94283.7,93830.8,93889.7
1745755200,93878.5,94133.9,93550.2,93849.0
1745769600,93843.4,94389.5,93681.5,94384.0
1745784000,94383.9,94492.6,93589.6,93692.2
1745798400,93699.9,93933.7,92733.8,93792.4
1745812800,93806.8,94744.0,93806.8,94635.7
1745827200,94644.6,95479.1,94286.3,95264.4
1745841600,95271.0,95543.1,93545.5,93795.2
1745856000,93778.9,94871.3,93406.5,94737.2
1745870400,94736.2,95125.9,94248.2,94954.4
1745884800,94954.4,95419.5,94383.9,94612.5
1745899200,94612.6,94918.7,94156.1,94868.2
1745913600,94868.2,95243.6,94691.9,95087.8
1745928000,95085.8,95256.3,94461.9,94786.6
1745942400,94785.3,95429.2,94569.3,95248.8
1745956800,95248.8,95358.6,93652.5,94191.6
1745971200,94185.7,95073.3,94072.9,94985.2
1745985600,94994.1,95140.3,94451.5,94584.3
1746000000,94580.7,95193.2,94483.0,95140.2
1746014400,95140.2,95181.3,92862.7,93970.1
1746028800,93948.8,94493.9,93470.3,94118.0
1746043200,94101.8,94732.1,93912.7,94112.1
1746057600,94105.9,94959.9,94062.6,94713.1
1746072000,94722.5,95141.6,94658.6,94980.8
1746086400,94955.2,96363.5,94846.1,96134.1
1746100800,96129.3,97397.5,95772.3,96810.6
1746115200,96810.6,97318.8,96369.6,96493.5
1746129600,96492.8,96846.4,96141.4,96445.9
1746144000,96445.9,97188.9,96431.3,97057.0
1746158400,97079.1,97251.1,96311.4,96322.9
1746172800,96322.1,97050.2,96322.1,96881.6
1746187200,96831.7,97852.0,96599.5,97269.4
1746201600,97269.4,97740.8,96700.0,96871.9
1746216000,96870.2,97081.5,96506.0,96831.2
1746230400,96831.2,96863.9,96249.7,96273.7
1746244800,96273.8,96543.6,96063.7,96288.5
1746259200,96288.6,96383.5,95808.0,95893.9
1746273600,95893.9,96463.4,95847.2,96352.7
1746288000,96356.5,96367.8,95808.2,96316.0
1746302400,96320.0,96401.5,95682.0,95815.0
1746316800,95795.5,96253.4,95521.4,95678.9
1746331200,95681.7,96093.4,95643.7,95842.0
1746345600,95842.0,95887.3,95227.2,95373.3
1746360000,95373.3,95623.4,95174.3,95402.2
1746374400,95407.4,95590.3,95192.4,95532.6
1746388800,95541.8,95708.6,94095.9,94224.7
1746403200,94224.6,94735.6,93430.0,94002.2
1746417600,94002.3,94774.9,93963.3,94695.7
1746432000,94695.7,94729.8,93842.1,93989.9
1746446400,93989.8,94480.9,93553.8,93724.9
1746460800,93725.0,94855.0,93708.1,94286.6
1746475200,94289.5,95141.3,93805.0,94688.5
1746489600,94688.5,94876.6,93970.3,94401.4
1746504000,94401.3,94584.5,94242.6,94334.9
1746518400,94334.9,94344.2,93665.6,93764.2
1746532800,93764.3,94671.6,93331.7,94497.0
1746547200,94507.4,95100.3,94164.2,94902.3
1746561600,94903.7,96860.3,94392.1,96766.9
1746576000,96780.6,97700.0,96171.1,96461.8
1746590400,96461.8,96955.6,96272.7,96929.5
1746604800,96928.0,97064.1,96775.6,96994.6
1746619200,96994.6,97441.2,96668.5,96887.1
1746633600,96889.7,96916.2,95738.4,96132.1
1746648000,96135.4,97349.0,96024.9,96983.3
1746662400,96984.6,99196.5,96820.0,99097.6
1746676800,99101.8,99368.6,98698.8,99210.6
1746691200,99218.8,99846.1,99171.6,99367.9
1746705600,99367.9,101492.6,99055.2,100722.3
1746720000,100726.1,101663.5,100518.0,101218.1
1746734400,101260.2,104282.1,101235.1,103228.2
1746748800,103222.4,103228.7,102298.9,102416.8
1746763200,102416.8,104346.3,102342.0,103604.8
1746777600,103604.8,103912.1,102388.1,102903.3
1746792000,102888.4,103724.8,102354.8,102843.8
1746806400,102844.1,103317.6,102210.2,103131.4
1746820800,103141.2,103356.3,102692.2,102937.2
1746835200,102945.3,103217.4,102768.1,103166.6
1746849600,103173.9,104082.5,102977.9,103720.1
1746864000,103726.9,104065.5,103323.5,103391.1
1746878400,103391.2,103790.6,103046.5,103075.2
1746892800,103077.9,103583.3,102950.7,103150.3
1746907200,103150.2,104949.2,103014.2,104779.4
1746921600,104772.0,104927.5,103389.6,103938.5
1746936000,103936.3,104337.9,103283.3,103336.2
1746950400,103336.3,104724.6,103329.2,104592.7
1746964800,104603.9,104840.5,103728.6,104077.0
1746979200,104077.0,104765.6,103688.4,104362.0
1746993600,104362.6,104525.4,103492.6,104048.8
1747008000,104055.2,105109.1,103661.5,104041.7
1747022400,104041.7,105800.0,103693.5,104402.9
1747036800,104412.4,104679.0,103551.3,103704.2
1747051200,103699.2,104585.4,102307.8,102472.0
1747065600,102457.8,103029.0,100698.5,101806.8
1747080000,101783.4,103078.0,101713.1,102724.5
1747094400,102724.6,102734.1,101353.5,101674.0
1747108800,101651.1,102895.2,101562.3,102598.8
1747123200,102618.3,103778.3,102488.7,103657.8
1747137600,103682.0,103921.4,102761.3,103644.6
1747152000,103652.2,104965.1,103495.7,104743.0
1747166400,104742.9,104888.0,103825.9,104085.0
1747180800,104083.4,104083.4,103402.9,103541.4
1747195200,103541.4,103937.1,103316.9,103647.2
1747209600,103647.2,104108.5,102780.0,103897.9
1747224000,103902.9,104322.5,102785.1,103454.8
1747238400,103454.6,103677.6,102545.0,103252.1
1747252800,103266.4,103613.6,103239.4,103437.0
1747267200,103437.1,103805.0,102663.0,102706.8
1747281600,102694.9,102918.2,101671.8,101737.9
1747296000,101723.3,102376.0,101453.2,102314.1
1747310400,102305.7,103240.4,101311.2,103196.1
1747324800,103196.1,104161.1,102495.8,103091.3
1747339200,103101.3,103943.8,102652.5,103734.4
1747353600,103713.9,104428.6,103430.0,103981.6
1747368000,103990.7,104156.5,103646.6,103662.5
1747382400,103662.6,103858.1,103059.8,103592.5
1747396800,103613.6,104240.0,103280.9,104118.1
1747411200,104133.3,104543.2,103523.0,103946.0
1747425600,103951.8,103968.5,103347.3,103410.0
1747440000,103401.8,103533.5,102555.0,103453.1
1747454400,103457.7,103656.9,103232.2,103386.2
1747468800,103386.2,103506.4,102698.9,102931.9
1747483200,102935.9,103137.4,102584.4,102876.5
1747497600,102876.6,103309.8,102702.3,103098.9
1747512000,103098.9,103433.3,102841.7,103082.7
1747526400,103082.6,103364.2,103053.1,103235.0
1747540800,103239.7,103941.1,103239.7,103875.1
1747555200,103884.8,104056.8,103749.9,103752.7
1747569600,103752.7,105644.8,103652.9,105483.6
1747584000,105476.9,105964.5,103799.3,103827.7
1747598400,103827.5,106645.0,103205.3,106425.8
1747612800,106425.8,107155.4,103503.2,103558.0
1747627200,103573.1,103711.1,102023.9,103154.7
1747641600,103154.8,103379.2,102719.7,102895.5
1747656000,102866.7,104927.2,102089.5,104728.6
1747670400,104753.2,105536.4,104450.8,105475.0
1747684800,105468.8,105803.5,104970.7,105537.5
1747699200,105543.2,106839.5,105483.2,105724.5
1747713600,105731.3,106374.7,104879.4,104991.6
1747728000,104989.1,105377.7,104808.8,105157.1
1747742400,105148.9,105340.0,104135.7,105274.0
1747756800,105284.3,107224.0,105026.2,106979.0
1747771200,106978.9,107296.0,105891.9,106787.9
1747785600,106787.9,107150.0,106138.4,106790.2
1747800000,106790.2,107980.0,106411.0,106464.5
1747814400,106500.0,106750.7,106037.9,106498.3
1747828800,106486.2,109439.8,106270.3,108927.4
1747843200,108947.0,109837.3,106066.8,108561.1
1747857600,108535.9,110787.9,107682.5,109595.6
1747872000,109616.0,111851.9,109139.9,111734.2
1747886400,111734.1,111744.1,110448.1,111016.6
1747900800,111016.6,111344.1,110241.4,110955.2
1747915200,110955.2,111570.0,110496.6,111235.8
1747929600,111251.3,111974.0,110854.9,111133.1
1747944000,111148.4,111671.5,110686.7,111640.4
1747958400,111644.4,111738.0,110963.0,111057.3
1747972800,111049.4,111135.3,110366.3,110701.1
1747987200,110713.5,111328.5,108847.3,109053.6
1748001600,109053.6,109935.2,107277.0,108893.1
1748016000,108894.1,109750.0,107963.4,108652.6
1748030400,108659.1,108677.0,106708.4,107266.5
1748044800,107256.9,108316.4,106839.7,108316.3
1748059200,108318.1,108519.9,107510.1,107550.4
1748073600,107552.6,109440.0,107539.2,109134.6
1748088000,109135.6,109207.7,108477.4,108877.7
1748102400,108877.6,109179.9,108628.8,108918.0
1748116800,108901.7,109076.8,107448.6,107714.7
1748131200,107718.8,108195.6,107137.2,108025.1
1748145600,108016.8,108235.7,107392.3,107619.3
1748160000,107621.6,107634.4,106653.9,107215.4
1748174400,107210.5,107681.5,106514.7,106919.7
1748188800,106924.0,107904.6,106600.0,107658.5
1748203200,107658.4,109267.6,107119.6,108939.9
1748217600,108946.3,109810.3,108625.3,109570.5
1748232000,109573.2,110170.3,109294.4,110029.8
1748246400,110024.3,110120.0,109509.7,109735.2
1748260800,109735.4,110372.4,109388.0,109921.0
1748275200,109946.6,110374.8,108783.7,109086.9
1748289600,109080.8,109841.4,108892.8,109388.0
1748304000,109382.5,109625.3,107459.2,108846.6
1748318400,108840.0,109574.9,108461.3,109453.9
1748332800,109484.4,109822.4,109341.7,109532.6
1748347200,109527.0,110675.6,108599.2,110080.8
1748361600,110091.4,110463.4,109513.9,109835.8
1748376000,109836.3,109841.8,108550.0,108880.5
1748390400,108880.7,109233.7,108347.5,108803.0
1748404800,108800.0,109017.3,108562.3,108745.5
1748419200,108770.9,109068.7,108178.5,108792.3
1748433600,108804.3,108985.1,106945.1,107039.3
1748448000,107058.1,107772.5,106859.2,106866.8
1748462400,106883.2,107967.2,106707.7,107699.3
1748476800,107727.8,108426.3,107346.0,107968.4
1748491200,107968.4,108028.5,106867.2,107791.5
1748505600,107844.8,108848.2,107596.3,108725.1
1748520000,108719.8,108740.0,106384.8,106972.9
1748534400,106988.5,107129.8,105580.9,105671.6
1748548800,105671.6,106408.7,105248.1,105537.0
1748563200,105524.5,106171.2,104561.5,105954.5
1748577600,105954.5,106252.0,104680.8,104978.5
1748592000,104985.2,105909.8,104546.0,105811.7
1748606400,105810.9,105924.0,104964.0,105468.9
1748620800,105482.4,105513.1,103648.5,104581.3
1748635200,104575.1,104818.0,103543.9,103938.3
1748649600,103933.8,104252.9,103011.9,103613.2
1748664000,103613.2,103857.3,103425.9,103682.7
1748678400,103700.7,103747.4,103203.2,103440.5
1748692800,103440.4,104773.0,103425.5,104482.8
1748707200,104482.2,104721.0,104207.2,104639.1
1748721600,104639.1,104842.1,104395.8,104529.1
1748736000,104529.1,104587.1,103857.5,104304.7
1748750400,104324.5,104667.3,104122.2,104227.0
1748764800,104226.9,104407.1,103699.3,104009.7
1748779200,104009.6,104731.9,103690.1,104636.9
1748793600,104637.0,105238.8,104270.3,105058.7
1748808000,105065.3,105800.0,104818.3,105571.2
1748822400,105571.3,105672.6,104510.2,104763.4
1748836800,104758.4,105381.9,104554.3,105322.4
1748851200,105322.4,105863.1,103876.8,104001.3
1748865600,103986.9,104615.7,103590.8,104349.7
1748880000,104382.0,104674.8,103950.3,104360.6
1748894400,104375.8,105885.0,104375.7,105795.4
1748908800,105801.4,106460.1,105283.7,105440.1
1748923200,105440.1,105474.9,105060.4,105132.1
1748937600,105142.2,105300.9,104821.0,105227.4
1748952000,105237.5,106730.4,104958.2,106552.1
1748966400,106545.3,106618.4,105537.7,106168.0
1748980800,106185.7,106185.7,105197.3,105317.3
1748995200,105317.8,105785.0,105063.1,105465.5
1749009600,105493.4,105564.5,105197.1,105249.4
1749024000,105249.3,105923.4,105031.3,105040.7
1749038400,105047.8,105471.3,104120.0,105229.1
1749052800,105262.4,105412.3,104814.7,104878.5
1749067200,104850.0,105006.8,104349.3,104636.6
1749081600,104630.5,105200.0,104584.9,104992.1
1749096000,104991.4,105168.8,104323.1,104464.2
1749110400,104476.4,104855.6,104367.7,104762.5
1749124800,104762.5,105848.0,103834.5,104466.3
1749139200,104472.2,104533.8,101488.5,101852.6
1749153600,101852.7,102112.5,100315.7,101438.9
1749168000,101441.1,102444.8,101039.0,102419.6
1749182400,102419.7,103410.5,102304.0,103081.1
1749196800,103081.1,103928.6,103081.1,103858.2
1749211200,103858.2,105282.9,103440.4,105035.7
1749225600,105037.8,105236.5,104012.7,104184.8
1749240000,104184.8,104584.6,104125.2,104235.1
1749254400,104235.1,104870.6,103826.6,104813.5
1749268800,104820.8,105271.3,104576.5,104815.3
1749283200,104822.6,105206.8,104628.9,105081.9
1749297600,105085.2,105739.9,105085.2,105494.5
1749312000,105497.5,105877.1,105207.0,105672.4
1749326400,105673.9,105860.0,105466.1,105497.3
1749340800,105497.3,105736.7,105342.5,105426.0
1749355200,105426.1,105592.6,105353.1,105381.1
1749369600,105381.2,105666.7,104923.0,105618.5
1749384000,105619.6,106107.5,105444.5,105923.0
1749398400,105923.1,106311.2,105884.4,106233.9
1749412800,106240.0,106443.5,105512.3,105674.2
1749427200,105674.3,105929.9,105242.5,105602.5
1749441600,105602.4,105660.3,105273.0,105505.1
1749456000,105505.1,107766.4,105419.6,107654.8
1749470400,107690.4,107974.2,106779.8,107585.4
1749484800,107575.5,108754.5,107575.5,108507.4
1749499200,108497.8,110616.6,108390.1,110219.4
1749513600,110219.5,110264.8,109325.5,109525.9
1749528000,109546.4,109687.3,109052.9,109171.7
1749542400,109183.7,109830.5,109000.0,109484.6
1749556800,109484.6,109863.9,108271.2,108963.2
1749571200,109003.8,110350.7,108455.0,109466.4
1749585600,109450.0,110256.1,109174.5,110231.9
1749600000,110224.0,110229.8,109494.4,109662.0
1749614400,109652.2,109688.1,109308.1,109388.7
1749628800,109404.4,109611.3,109136.4,109190.3
1749643200,109188.2,110350.3,108936.0,109684.3
1749657600,109688.0,109769.1,108340.2,108699.5
1749672000,108667.8,109171.0,107970.1,108590.8
1749686400,108590.7,108771.6,107667.3,107820.6
1749700800,107820.6,107934.9,107291.1,107570.3
1749715200,107564.6,107787.5,106820.0,106855.5
1749729600,106860.7,107738.8,106522.9,106948.2
1749744000,106947.0,108382.4,106617.7,106741.7
1749758400,106729.1,106907.3,105584.1,105609.7
1749772800,105584.2,105638.5,102650.0,104219.5
1749787200,104234.4,104885.4,103719.2,104810.2
1749801600,104819.3,105427.7,104350.2,104967.2
1749816000,104976.1,105714.2,104069.0,105382.6
1749830400,105388.4,105911.1,104607.3,105067.4
1749844800,105070.9,106137.7,104956.7,106002.1
1749859200,106022.4,106163.5,105148.0,105182.5
1749873600,105180.0,105347.4,104728.3,105022.9
1749888000,105018.2,105090.4,104782.7,105031.1
1749902400,105013.7,105069.8,104555.0,104792.0
1749916800,104786.9,104999.8,104310.0,104590.0
1749931200,104607.5,105439.0,104250.5,105355.4
1749945600,105355.4,105621.0,105214.3,105418.6
1749960000,105418.6,106072.4,105118.3,105394.5
1749974400,105380.4,105448.1,104814.8,104923.9
1749988800,104923.9,105777.1,104896.2,105509.7
1750003200,105509.8,105719.9,105012.1,105231.2
1750017600,105231.2,105555.0,104428.0,105530.9
1750032000,105530.3,105917.2,104917.9,105854.2
1750046400,105854.2,107222.6,105803.8,107006.6
1750060800,107011.9,107181.0,106536.0,106837.6
1750075200,106837.5,107726.2,106421.2,107371.8
1750089600,107390.6,108835.1,107256.7,108586.1
1750104000,108591.8,108946.0,106669.2,106767.7
1750118400,106767.8,107707.1,106087.8,107547.8
1750132800,107547.8,107642.9,106405.8,106722.6
1750147200,106706.3,106787.8,105468.7,105605.8
1750161600,105605.8,105870.0,104087.6,104194.6
1750176000,104190.8,105276.3,103304.2,104611.7
1750190400,104613.8,104823.2,104123.2,104510.4
1750204800,104514.0,105176.2,104316.1,105114.4
1750219200,105114.5,105489.8,104648.0,104912.4
1750233600,104929.6,105271.7,104125.0,104791.0
1750248000,104790.9,105270.8,103743.6,104730.6
1750262400,104720.8,104783.1,103405.7,103749.5
1750276800,103763.3,105068.4,103589.5,104817.9
1750291200,104817.8,105162.9,104385.3,105017.2
1750305600,105030.9,105154.9,104560.7,104579.1
1750320000,104579.2,105012.8,104574.0,104717.1
1750334400,104714.5,104854.2,104019.0,104047.2
1750348800,104047.2,104773.1,103868.5,104185.2
1750363200,104186.0,104850.0,104070.8,104590.0
1750377600,104587.2,104764.6,104328.0,104541.0
1750392000,104541.0,105749.0,104184.0,105749.0
1750406400,105749.9,106469.3,105707.5,105924.8
1750420800,105924.9,106101.4,103819.5,104164.0
1750435200,104177.7,104233.8,102283.7,103242.1
1750449600,103241.6,103770.6,102916.8,103235.4
1750464000,103241.5,103633.2,103058.8,103422.9
1750478400,103422.9,103538.0,103261.8,103407.9
1750492800,103416.0,103943.8,103402.6,103834.3
1750507200,103834.3,103905.0,103229.0,103524.7
1750521600,103518.2,103608.2,102162.8,102218.3
1750536000,102218.1,102858.5,100813.6,102068.9
1750550400,102068.8,103363.9,101783.2,102335.5
1750564800,102335.5,102909.8,102220.8,102390.9
1750579200,102395.2,102773.4,102046.6,102698.6
1750593600,102692.6,102791.7,98838.1,98845.5
1750608000,98845.6,100322.0,98618.8,98827.5
1750622400,98828.6,100984.4,98130.8,100910.6
1750636800,100893.6,101562.0,100428.3,101106.1
1750651200,101113.1,102085.0,100929.3,101882.3
1750665600,101890.0,102039.3,101078.2,101294.3
1750680000,101262.6,102577.0,100750.1,101373.0
1750694400,101382.8,103293.8,99596.7,103116.5
1750708800,103134.3,106017.1,102835.2,105286.6
1750723200,105290.8,105456.5,104665.0,104887.1
1750737600,104871.6,105781.8,104659.6,104902.2
1750752000,104885.9,105530.0,104576.2,105138.6
1750766400,105138.8,105688.5,104758.2,105180.5
1750780800,105183.6,106245.9,105112.7,105600.0
1750795200,105577.4,106089.9,105386.0,106042.1
1750809600,106049.4,106763.5,105760.8,106185.2
1750824000,106190.0,106655.8,105928.4,106551.5
1750838400,106555.0,107187.3,106286.5,107129.5
1750852800,107129.1,108087.1,106719.2,106991.9
1750867200,106985.5,107854.3,106845.1,107696.5
1750881600,107689.2,107960.0,107033.6,107280.9
1750896000,107279.8,108240.3,107036.4,107817.7
1750910400,107818.5,108045.1,107470.6,107764.4
1750924800,107764.4,108122.5,107063.7,107280.9
1750939200,107281.0,107746.0,106488.0,107263.2
1750953600,107266.7,107662.5,106954.1,107443.9
1750968000,107428.5,107955.2,106804.6,106918.9
1750982400,106924.7,107461.2,106374.0,107421.1
1750996800,107425.3,107704.1,106811.9,106830.9
1751011200,106837.3,107113.3,106635.1,106932.9
1751025600,106936.2,107358.8,106322.6,107265.3
1751040000,107256.9,107689.2,106401.0,106743.7
1751054400,106743.7,107224.7,106731.3,107002.5
1751068800,107002.5,107290.4,106750.1,107232.6
1751083200,107252.8,107459.8,107122.9,107432.8
1751097600,107433.6,107446.1,107191.6,107326.9
1751112000,107326.9,107508.0,107028.5,107398.8
1751126400,107398.9,107493.6,107168.3,107168.5
1751140800,107168.4,107321.9,107101.7,107234.5
1751155200,107234.5,107450.0,107105.6,107162.8
1751169600,107162.8,107355.7,107162.5,107355.7
1751184000,107353.5,108450.0,107342.8,108434.0
1751198400,108432.3,108487.9,107586.5,107698.7
1751212800,107717.9,107751.7,107234.4,107338.4
1751227200,107305.2,108391.3,107188.9,108313.7
1751241600,108326.0,108765.1,108185.5,108463.3
1751256000,108463.2,108496.1,107426.0,107572.7
1751270400,107572.7,107913.6,107319.1,107595.8
1751284800,107595.7,107831.1,106674.5,107520.2
1751299200,107523.6,107758.6,107074.1,107678.5
1751313600,107678.4,107705.1,106857.5,107092.5
1751328000,107076.3,107472.8,106954.7,107149.5
1751342400,107149.5,107164.7,106557.0,107114.1
1751356800,107113.4,107122.9,106242.1,106554.4
1751371200,106565.0,107135.9,105568.6,105898.6
1751385600,105901.5,106221.8,105311.2,105322.7
1751400000,105337.2,106042.0,105175.2,105631.7
1751414400,105631.7,106153.1,105042.0,106125.2
1751428800,106130.1,107123.3,106056.4,107011.5
1751443200,107035.4,107787.1,107035.4,107435.5
1751457600,107435.5,108727.9,107137.0,108703.6
1751472000,108703.7,109753.8,108618.9,109638.1
1751486400,109626.9,109627.0,108665.1,108803.1
1751500800,108803.1,109089.5,108494.0,108597.9
1751515200,108600.8,109511.2,108515.6,109238.1
1751529600,109246.8,110256.4,109246.8,109550.4
1751544000,109544.0,110521.5,108710.1,109078.9
1751558400,109085.7,109869.3,108972.4,109759.6
1751572800,109759.5,109961.3,109502.5,109560.1
1751587200,109549.7,109746.7,109060.3,109184.7
1751601600,109184.7,109281.8,108644.7,108647.0
1751616000,108647.1,109064.8,108465.4,108843.2
1751630400,108849.6,108932.5,107450.0,107533.8
1751644800,107520.0,107864.4,107193.4,107418.3
1751659200,107418.3,108191.1,107376.5,107926.3
1751673600,107934.1,108195.1,107675.2,108086.1
1751688000,108086.1,108333.4,107916.7,107982.3
1751702400,107982.2,108158.5,107795.8,108040.0
1751716800,108040.0,108162.6,107896.6,107989.6
1751731200,107999.0,108108.7,107801.0,108076.1
1751745600,108076.1,108158.1,107920.5,108136.3
1751760000,108136.3,108188.2,107950.0,107972.8
1751774400,107972.8,108166.4,107889.5,107980.4
1751788800,107980.3,108085.2,107737.6,108015.9
1751803200,108015.9,109087.6,107974.5,108865.0
1751817600,108865.1,108918.9,108229.9,108495.8
1751832000,108495.8,109676.9,108487.9,109147.0
1751846400,109152.4,109676.8,108625.9,109368.8
1751860800,109368.8,109431.6,108625.4,109021.0
1751875200,109013.1,109064.2,108517.2,108601.4
1751889600,108591.1,108605.7,107896.1,108232.6
1751904000,108228.6,108440.5,107447.9,107986.8
1751918400,107982.0,108257.0,107720.0,108203.0
1751932800,108203.1,108461.3,107369.0,107856.2
1751947200,107856.2,108447.0,107681.0,108437.1
1751961600,108437.1,108949.2,108174.7,108700.3
1751976000,108720.7,109177.0,108154.7,108222.0
1751990400,108222.0,109114.6,108042.1,108731.5
1752004800,108728.1,108932.9,108553.3,108861.0
1752019200,108879.7,109090.1,108284.6,108321.1
1752033600,108321.0,108887.1,108280.9,108651.8
1752048000,108668.2,109080.3,108505.9,109000.1
1752062400,109004.7,109739.4,108457.9,109011.2
1752076800,109011.2,112011.9,108971.9,111714.1
1752091200,111735.4,111925.0,110510.5,111197.4
1752105600,111197.6,111533.8,110832.9,111019.4
1752120000,111019.5,111385.1,110897.3,111174.0
1752134400,111166.8,111350.0,110806.5,110980.5
1752148800,110953.9,111345.0,110435.2,111335.9
1752163200,111341.8,113782.6,111266.9,113228.6
1752177600,113228.5,117900.0,113204.9,115983.5
1752192000,115992.0,116954.5,115205.6,116845.1
1752206400,116832.2,118404.9,116444.2,117541.6
1752220800,117540.5,118860.2,117540.5,117819.0
1752235200,117813.1,118239.3,116734.4,116900.6
1752249600,116929.1,118112.4,116610.3,118045.9
1752264000,118039.6,118039.6,117106.5,117495.3
1752278400,117495.3,117790.0,117111.2,117727.0
1752292800,117750.0,118023.5,117474.2,117693.0
1752307200,117693.0,118168.2,117567.0,117773.6
1752321600,117773.6,117817.5,116892.1,117056.6
1752336000,117085.5,117588.0,117016.4,117519.4
1752350400,117519.4,117519.4,116947.8,117369.4
1752364800,117393.0,117767.2,117175.0,117694.0
1752379200,117694.1,118019.0,117624.2,117945.8
1752393600,117950.1,118095.2,117661.0,118065.9
1752408000,118039.1,119500.0,117943.6,118619.6
1752422400,118623.5,119491.6,118305.9,118909.1
1752436800,118912.8,119350.9,118175.7,119038.1
1752451200,119050.9,121709.9,118870.1,120792.7
1752465600,120800.0,123279.0,120570.9,122741.6
1752480000,122774.4,122796.0,121391.6,121510.9
1752494400,121503.9,122121.3,119629.9,119897.3
1752508800,119881.7,120530.9,119250.5,119943.4
1752523200,119943.4,120447.0,119514.7,119817.4
1752537600,119817.4,119933.2,116853.0,117218.9
1752552000,117219.0,117766.5,116297.1,116811.5
1752566400,116815.9,117262.6,116311.7,117171.0
1752580800,117175.9,118491.4,115726.8,116434.8
1752595200,116434.7,117724.1,116046.6,116417.2
1752609600,116426.9,117968.3,116199.0,117736.3
1752624000,117738.4,118206.7,117018.0,117486.5
1752638400,117485.8,118302.3,117274.3,118186.3
1752652800,118178.3,119300.0,118121.5,118754.7
1752667200,118754.7,119798.9,118162.4,119071.7
1752681600,119087.8,119962.3,118441.7,119230.1
1752696000,119224.3,120090.6,118406.5,118637.2
1752710400,118650.3,119176.3,117668.3,118126.5
1752724800,118105.2,118766.7,117835.5,118317.5
1752739200,118323.0,119255.3,117987.5,117989.5
1752753600,117989.5,119141.7,117442.3,118908.3
1752768000,118908.3,119956.0,118350.0,118998.7
1752782400,118998.6,121000.0,118443.2,119194.6
1752796800,119194.6,120812.7,119014.1,120209.9
1752811200,120233.0,120854.2,119337.4,119396.2
1752825600,119395.9,119516.7,118411.9,119200.3
1752840000,119200.3,119534.0,117289.5,117865.2
1752854400,117865.1,118080.8,117126.6,117396.6
1752868800,117386.5,118063.7,116822.4,117963.9
1752883200,117963.9,118420.3,117657.5,118369.9
1752897600,118375.5,118397.6,118085.1,118204.7
1752912000,118204.7,118524.7,117965.0,118354.2
1752926400,118354.2,118354.7,117600.0,118078.2
1752940800,118058.6,118166.6,117584.6,118017.1
1752955200,118017.1,118147.7,117276.5,117846.4
1752969600,117846.4,118178.4,117643.2,117979.5
1752984000,117979.5,118252.3,117784.3,118046.0
1752998400,118039.5,118306.4,117850.2,117916.2
1753012800,117916.2,118845.7,117754.5,118728.2
1753027200,118729.5,118915.9,117949.9,118189.0
1753041600,118190.7,118294.8,116470.8,117291.2
1753056000,117281.4,118650.4,116525.3,118409.6
1753070400,118425.0,119734.6,118192.1,119406.0
1753084800,119436.8,119569.1,118102.4,118114.5
1753099200,118114.6,119296.1,117806.7,118381.8
1753113600,118394.1,118466.1,116652.1,116793.7
1753128000,116785.8,117674.7,116660.8,117388.4
1753142400,117409.5,117989.7,116114.0,117229.0
1753156800,117240.5,118629.8,116570.4,118031.3
1753171200,118011.9,119257.6,117532.4,119207.8
1753185600,119207.8,119648.3,117606.3,118983.8
1753200000,118997.6,120344.5,118459.1,119334.2
1753214400,119321.8,120307.3,119248.8,120029.0
1753228800,120041.2,120183.7,118550.0,118641.5
1753243200,118645.5,119027.2,118293.0,118375.7
1753257600,118364.7,118644.2,117837.2,118529.3
1753272000,118529.4,118751.3,117307.7,118589.3
1753286400,118562.7,118572.4,117333.0,118380.2
1753300800,118386.3,118766.9,117384.0,118766.7
1753315200,118750.8,119292.2,118490.2,118526.3
1753329600,118534.3,118604.3,117085.6,118413.1
1753344000,118413.2,118838.8,117980.2,118636.4
1753358400,118628.8,119541.4,117825.9,119138.9
1753372800,119156.0,119463.1,118377.4,118949.1
1753387200,118976.4,119021.0,118190.5,118336.3
1753401600,118350.7,118456.0,115316.0,115437.4
1753416000,115402.3,116104.7,114680.3,115289.9
1753430400,115299.5,116775.0,115032.6,116521.7
1753444800,116521.7,116640.5,114870.7,115702.7
1753459200,115700.9,117047.1,115444.0,116689.6
1753473600,116685.0,117634.2,116569.9,117622.6
1753488000,117605.7,117756.2,117144.6,117482.5
1753502400,117482.5,117552.5,117301.6,117319.4
1753516800,117319.6,118247.9,117319.6,117756.4
1753531200,117776.4,118243.1,117734.8,118119.0
1753545600,118119.0,118291.8,117923.3,118206.3
1753560000,118206.3,118246.3,117842.0,117880.0
1753574400,117885.1,118390.0,117793.3,118175.4
1753588800,118183.7,118464.2,118067.7,118113.3
1753603200,118113.2,118292.3,117852.1,118057.9
1753617600,118057.9,118624.7,117866.8,118612.9
1753632000,118612.2,119618.3,118612.1,118975.1
1753646400,118979.7,119814.0,118749.2,119448.1
1753660800,119448.1,119844.0,118980.2,119283.9
1753675200,119283.9,119711.4,118759.7,118908.9
1753689600,118896.1,119110.1,118486.7,118839.7
1753704000,118843.8,119110.0,117909.3,118178.9
1753718400,118167.5,118385.7,117420.5,118067.1
1753732800,118069.6,118337.3,117498.0,118075.5
1753747200,118075.5,118786.8,117424.4,118766.1
1753761600,118756.2,119304.5,118411.3,118880.8
1753776000,118893.8,119052.1,118161.4,118589.3
1753790400,118598.6,119069.2,117234.5,117357.7
1753804800,117357.7,118023.0,116927.5,117501.2
1753819200,117509.1,117967.5,117076.6,117924.9
1753833600,117917.3,118237.3,117389.2,118131.9
1753848000,118131.9,118394.1,117648.7,118101.3
1753862400,118101.4,118460.0,117316.7,117523.4
1753876800,117532.4,118776.3,117329.3,117976.9
1753891200,117979.0,118010.4,115704.5,116876.7
1753905600,116857.2,117862.7,116818.7,117771.2
1753920000,117771.1,118576.3,117742.9,118427.8
1753934400,118438.1,118905.3,118237.9,118650.8
1753948800,118645.1,118746.2,118269.5,118344.7
1753963200,118351.1,118668.4,117780.4,118265.2
1753977600,118265.1,118836.9,116691.4,116716.2
1753992000,116716.4,116923.4,115404.0,115676.6
1754006400,115682.0,115983.8,114152.5,115571.6
1754020800,115565.7,115837.8,114559.1,114993.1
1754035200,114988.3,115264.0,114035.2,115221.0
1754049600,115217.4,115937.8,113823.9,115289.5
1754064000,115289.5,115649.3,113147.0,113249.4
1754078400,113258.4,114017.9,112654.1,113227.6
1754092800,113220.5,113836.2,113117.7,113831.4
1754107200,113831.4,113981.8,113396.3,113896.2
1754121600,113896.2,113963.9,113360.2,113717.5
1754136000,113710.5,113721.5,112741.3,112773.4
1754150400,112779.3,113356.3,111927.6,112170.9
1754164800,112161.7,112994.2,112010.1,112470.4
1754179200,112494.5,113648.3,111830.8,113527.3
1754193600,113526.7,113643.3,113268.6,113631.8
1754208000,113631.7,114188.2,113483.1,113781.2
1754222400,113796.1,114023.8,113508.3,113869.6
1754236800,113858.9,114708.5,113696.9,114230.0
1754251200,114230.0,114546.0,113990.2,114129.8
1754265600,114137.3,114958.0,114045.3,114509.0
1754280000,114509.0,114720.3,114069.7,114597.0
1754294400,114589.5,114706.5,114143.2,114451.7
1754308800,114444.6,115404.9,114045.6,114744.9
1754323200,114744.9,115664.8,114661.9,114707.7
1754337600,114700.4,115292.5,114570.1,114979.3
1754352000,114995.5,115061.1,114193.7,114193.7
1754366400,114193.7,114452.9,113622.8,113917.2
1754380800,113898.6,115042.6,113865.2,114746.2
1754395200,114746.2,114837.7,112579.7,112871.6
1754409600,112861.1,113715.3,112747.2,113548.8
1754424000,113565.4,114155.1,113212.8,114063.3
1754438400,114053.8,114062.6,113331.6,113451.7
1754452800,113445.6,114354.7,113285.2,114147.5
1754467200,114124.0,114374.2,113654.3,114168.1
1754481600,114168.5,115480.9,113501.3,115364.3
1754496000,115352.5,115639.4,114888.5,115183.1
1754510400,115199.1,115199.1,114712.9,114928.1
1754524800,114915.8,115134.2,114340.0,114486.0
1754539200,114486.1,114818.0,114217.9,114731.3
1754553600,114731.2,116762.5,114731.2,116465.2
1754568000,116496.3,116731.0,115975.4,116624.3
1754582400,116619.7,117472.8,115558.5,117402.6
1754596800,117397.8,117570.2,116942.9,117414.2
1754611200,117414.3,117602.6,116637.7,116683.7
1754625600,116683.6,116905.2,116315.0,116754.4
1754640000,116754.1,116871.7,116244.0,116833.1
1754654400,116833.1,117200.0,115815.9,116130.0
1754668800,116133.7,116826.2,115920.2,116360.5
1754683200,116360.6,116904.5,116247.8,116597.5
1754697600,116597.5,116679.1,116291.0,116323.5
1754712000,116323.5,116934.8,116297.5,116677.2
1754726400,116682.6,117892.3,116677.0,117054.3
1754740800,117074.5,117193.4,116635.4,116822.6
1754755200,116822.6,116877.1,116442.7,116491.0
1754769600,116491.0,116964.1,116327.5,116426.8
1754784000,116426.7,118511.8,116415.0,118495.7
1754798400,118502.9,118731.2,117447.5,117789.2
1754812800,117797.6,118489.2,117594.5,118318.9
1754827200,118344.0,119105.8,118194.5,118776.8
1754841600,118759.6,118915.7,118404.2,118620.7
1754856000,118639.2,119317.3,118040.0,119290.0
1754870400,119290.6,122141.8,118956.1,121686.5
1754884800,121686.4,122324.8,121455.7,121529.9
1754899200,121532.7,121821.6,120261.2,120547.5
1754913600,120542.3,120651.7,119367.9,120263.9
1754928000,120263.9,120753.8,118520.9,119037.6
1754942400,119033.1,119141.6,118000.0,118639.1
1754956800,118639.1,119264.1,118558.5,118825.3
1754971200,118825.3,119140.6,118388.3,118960.7
1754985600,118967.9,119023.0,118157.3,118459.3
1755000000,118459.4,119941.7,118222.3,119869.7
1755014400,119889.4,120147.4,119137.0,119603.3
1755028800,119594.1,120275.0,119434.1,120084.0
1755043200,120084.1,120152.0,119035.0,119449.5
1755057600,119441.4,119820.9,118900.0,119556.6
1755072000,119543.9,120724.6,119413.0,120534.5
1755086400,120544.8,122232.6,120093.5,120921.3
1755100800,120922.7,122854.2,120922.7,122769.2
1755115200,122776.4,123735.4,122309.4,123343.2
1755129600,123355.0,124556.5,123289.2,123428.2
1755144000,123413.7,123500.0,121352.9,121768.1
1755158400,121776.0,122054.1,120706.8,120984.2
1755172800,120989.1,121163.5,117450.0,118190.3
1755187200,118184.5,118482.0,117108.8,117884.0
1755201600,117875.3,118454.3,117244.2,118236.3
1755216000,118243.4,119037.4,117969.4,118926.1
1755230400,118918.7,119197.1,118598.3,118939.4
1755244800,118939.2,119130.7,118564.5,118966.2
1755259200,118960.3,119080.9,116736.4,117198.2
1755273600,117198.3,117836.1,116726.6,116856.6
1755288000,116872.6,117676.5,116802.7,117261.7
1755302400,117261.0,117825.3,117152.0,117352.9
1755316800,117383.0,117809.0,117215.3,117522.6
1755331200,117531.3,117640.2,117082.5,117310.5
1755345600,117326.4,117750.5,117268.0,117597.3
1755360000,117597.4,117743.4,117555.0,117587.0
1755374400,117587.0,117637.5,117146.6,117304.5
1755388800,117302.2,117682.3,117099.6,117599.3
1755403200,117599.3,118152.4,117599.2,117929.5
1755417600,117942.3,118427.0,117841.1,118232.2
1755432000,118240.6,118516.4,117993.8,118180.0
1755446400,118185.2,118261.7,117226.2,117501.9
1755460800,117491.9,117912.0,117288.1,117323.4
1755475200,117314.9,117464.4,114910.7,115234.3
1755489600,115232.5,115630.9,114801.9,115146.9
1755504000,115146.8,115331.9,114577.7,114902.5
1755518400,114891.2,116108.0,114745.2,116060.3
1755532800,116060.2,116730.3,115746.4,116235.4
1755547200,116231.7,116941.4,115906.8,116152.1
1755561600,116170.6,116662.6,114733.2,114756.3
1755576000,114756.2,115419.0,114300.0,114916.1
1755590400,114899.5,115588.2,114732.0,115440.9
1755604800,115441.0,115805.7,113469.7,113696.7
1755619200,113711.2,113816.2,112673.2,113044.7
1755633600,113044.7,113492.5,112640.7,112804.4
1755648000,112804.3,113598.7,112491.8,113472.0
1755662400,113472.0,113844.8,113346.1,113447.8
1755676800,113447.8,114000.0,112992.2,113609.9
1755691200,113619.7,114299.0,112311.1,113320.3
1755705600,113326.9,114447.0,113188.4,114223.4
1755720000,114215.4,114599.5,113934.7,114229.9
1755734400,114230.0,114793.0,113809.3,113900.2
1755748800,113900.3,114008.8,113550.0,113840.4
1755763200,113840.0,113981.7,112925.6,113106.4
1755777600,113095.9,113950.0,112543.1,112772.6
1755792000,112782.6,112949.0,111934.6,112176.5
1755806400,112170.3,112834.8,112000.0,112499.2
1755820800,112499.2,113515.0,112300.0,112937.6
1755835200,112937.6,113390.9,112649.9,113032.4
1755849600,113055.1,113270.5,112095.6,112247.6
1755864000,112256.8,117288.6,111612.1,116308.1
1755878400,116316.0,117411.5,116064.8,116602.6
1755892800,116651.6,117150.0,116512.6,116938.5
1755907200,116938.4,117036.8,115426.9,115527.3
1755921600,115515.8,116041.5,115509.9,115765.6
1755936000,115820.1,115878.6,115154.7,115250.1
1755950400,115294.9,115474.3,114469.3,114803.6
1755964800,114753.7,115183.0,114629.1,115100.1
1755979200,115123.0,115424.7,114950.0,115386.1
1755993600,115386.1,115660.1,114905.2,115043.0
1756008000,115000.1,115281.1,114825.0,114859.2
1756022400,114859.2,115077.3,114565.1,114691.7
1756036800,114714.6,114893.0,114307.1,114374.6
1756051200,114367.1,114900.0,110409.9,112582.9
1756065600,112576.4,113627.5,111585.0,113462.5
1756080000,113463.0,113633.9,112087.1,112834.3
1756094400,112839.4,113047.0,111250.0,111488.3
1756108800,111488.4,111844.5,110921.0,111180.5
1756123200,111180.2,112562.8,110544.0,112149.8
1756137600,112150.4,112935.6,110597.0,110661.8
1756152000,110672.2,111079.2,109220.3,110052.0
1756166400,110052.1,110052.1,108618.7,109843.0
1756180800,109863.9,110519.1,109689.8,110269.5
1756195200,110269.7,110424.0,109540.0,109855.0
1756209600,109868.1,110811.2,109320.1,109634.7
1756224000,109629.5,111138.2,109388.2,111055.8
1756238400,111055.8,112337.2,110855.0,111733.7
1756252800,111733.7,111806.4,110856.5,111429.4
1756267200,111357.7,111697.2,110591.1,110720.8
1756281600,110731.6,111350.0,110296.9,111241.4
1756296000,111283.0,112602.5,110941.8,111942.0
1756310400,111975.5,112584.0,111467.3,112062.5
1756324800,112062.5,112437.5,110836.6,111236.9
1756339200,111211.4,111990.0,110797.8,111955.2
1756353600,111960.1,113340.1,111887.8,113078.7
1756368000,113086.1,113315.8,112777.4,112895.6
1756382400,112914.5,113447.6,112334.0,112619.9
1756396800,112614.9,113189.6,111838.6,111844.9
1756411200,111844.9,112558.6,111810.9,112483.2
1756425600,112495.5,112632.5,111245.0,111673.8
1756440000,111676.3,111817.5,109828.9,110008.6
1756454400,109996.5,110252.0,109350.0,110058.9
1756468800,110060.0,111474.9,108045.0,108375.8
1756483200,108366.2,108799.8,107840.8,108142.4
1756497600,108142.4,108516.6,107388.8,108316.0
1756512000,108357.4,108412.3,107279.3,108384.9
1756526400,108386.3,108650.6,108080.1,108487.8
1756540800,108487.7,108760.8,108338.4,108617.6
1756555200,108617.6,108906.8,108108.7,108819.8
1756569600,108819.7,108886.8,108560.8,108787.1
1756584000,108787.1,108821.6,108414.2,108758.2
1756598400,108758.2,109458.1,108736.2,109199.4
1756612800,109199.4,109200.0,108454.3,108637.6
1756627200,108637.6,109079.3,108249.1,108342.2
1756641600,108338.7,108821.1,108120.0,108778.3
1756656000,108778.3,109186.5,108487.6,108899.7
1756670400,108899.7,109206.6,108022.0,108215.3
1756684800,108214.3,108444.0,107350.0,107608.3
1756699200,107608.0,109408.9,107195.0,109408.9
1756713600,109408.9,109893.6,108140.1,108710.4
1756728000,108701.7,109487.0,108520.0,108764.0
1756742400,108759.2,109313.6,108370.2,109157.9
1756756800,109162.6,109396.2,107390.9,109148.0
1756771200,109160.8,110583.0,108850.0,110294.0
1756785600,110271.9,110584.2,109930.8,110211.9
1756800000,110208.0,110693.1,109520.0,109730.6
1756814400,109730.6,111737.8,108314.2,110792.7
1756828800,110792.7,111106.8,110138.0,110721.7
1756843200,110721.8,111500.0,110648.0,111205.2
1756857600,111207.5,111744.0,110821.1,110960.9
1756872000,110954.6,111100.0,110485.4,111038.9
1756886400,111038.9,111683.0,110811.2,111360.4
1756900800,111415.4,112478.9,110952.1,112190.0
1756915200,112151.6,112555.0,111643.6,112166.8
1756929600,112156.8,112240.0,111550.0,111677.2
1756944000,111664.8,112156.5,111087.0,111087.1
1756958400,111122.3,111316.8,110250.0,110394.1
1756972800,110384.3,111086.5,110354.7,110773.4
1756987200,110779.1,111100.0,109272.0,109482.4
1757001600,109438.7,110161.8,109296.0,109714.5
1757016000,109717.4,111734.5,109686.0,110700.6
1757030400,110701.3,111462.3,110368.4,111280.2
1757044800,111280.4,112980.0,111073.9,112891.3
1757059200,112886.5,112950.0,112081.6,112293.7
1757073600,112293.6,113400.0,110250.0,110692.2
1757088000,110695.2,111576.0,110136.0,111559.8
1757102400,111565.9,111667.1,110302.0,110649.5
1757116800,110649.5,111280.0,110502.9,111061.3
1757131200,111061.3,111061.3,110627.9,110799.0
1757145600,110765.5,110946.9,110607.7,110736.0
1757160000,110751.0,110960.0,110300.0,110322.8
1757174400,110322.8,110383.4,109910.0,109984.0
1757188800,109984.0,110250.0,109974.0,110139.3
1757203200,110139.4,110701.1,110104.0,110576.1
1757217600,110576.1,110890.0,110352.4,110732.1
1757232000,110732.2,111315.0,110653.6,111236.3
1757246400,111249.2,111366.0,110977.8,111300.0
1757260800,111300.0,111366.0,110808.9,111231.8
1757275200,111214.3,111585.3,110931.5,111059.2
1757289600,111050.2,111342.7,110575.0,111010.2
1757304000,111010.3,111569.6,110830.0,111223.6
1757318400,111224.7,112168.8,111174.2,112030.0
1757332800,112039.2,112881.0,111830.5,112622.5
1757347200,112618.1,112657.6,111942.1,112070.5
1757361600,112099.7,112482.9,111844.9,112023.2
1757376000,112000.0,112088.2,111065.8,111664.9
1757390400,111654.4,113263.8,111560.5,112940.0
1757404800,112950.2,113161.2,112351.4,112386.3
1757419200,112386.0,112929.7,110732.0,110820.0
1757433600,110820.1,111364.5,110719.0,111296.0
1757448000,111296.0,111699.3,111017.8,111459.4
1757462400,111474.7,111560.7,110877.7,111496.3
1757476800,111502.0,112564.2,111317.7,112516.1
1757491200,112509.4,112822.4,112068.6,112308.1
1757505600,112299.3,114307.9,112293.1,113784.6
1757520000,113819.1,114065.2,113088.8,113529.9
1757534400,113525.5,113985.1,113450.0,113922.7
1757548800,113916.4,114410.1,113598.7,114324.1
1757563200,114324.1,114415.0,113889.0,114062.7
1757577600,114050.5,114150.8,113710.0,113950.1
1757592000,113960.0,114700.0,113384.7,114160.5
1757606400,114162.8,114568.2,114034.5,114337.2
1757620800,114341.1,115451.3,114192.6,115433.8
1757635200,115433.8,116291.9,114992.4,115166.1
1757649600,115166.1,115643.3,115017.7,115059.9
1757664000,115067.8,115259.2,114835.1,114915.8
1757678400,114915.7,115424.7,114709.6,115099.9
1757692800,115099.9,116645.9,114961.3,116561.8
1757707200,116545.9,116567.3,115658.3,115954.3
1757721600,115994.7,116250.0,115550.2,115968.2
1757736000,115968.2,115968.2,115615.9,115775.8
1757750400,115769.3,116164.3,115741.2,115926.5
1757764800,115926.5,116054.1,115545.7,115732.1
1757779200,115732.1,115787.2,115102.9,115762.1
1757793600,115762.1,115969.6,115731.3,115865.3
1757808000,115911.6,116119.2,115590.2,115663.1
1757822400,115663.0,115896.0,115402.4,115727.8
1757836800,115750.9,116140.7,115686.8,115799.7
1757851200,115799.6,115866.3,115117.2,115238.2
1757865600,115231.5,115643.1,115160.9,115610.7
1757880000,115610.6,116078.2,115071.0,115226.9
1757894400,115226.6,115550.1,114751.7,115358.9
1757908800,115358.9,116766.7,115320.1,115755.2
1757923200,115746.6,115791.3,114556.1,114977.0
1757937600,114964.5,115050.0,114292.3,114788.4
1757952000,114778.5,115535.1,114527.1,115249.7
1757966400,115250.0,115582.0,115118.1,115291.6
1757980800,115291.6,115500.3,114894.2,115218.0
1757995200,115240.9,115993.9,114841.6,115735.1
1758009600,115760.0,115955.0,115165.0,115240.0
1758024000,115240.1,115900.0,114662.7,115899.5
1758038400,115900.0,116871.1,115561.1,116744.0
1758052800,116746.5,116939.1,116529.7,116770.9
1758067200,116721.7,117078.3,116296.7,116351.9
1758081600,116296.2,117271.0,116082.1,117094.1
1758096000,117094.0,117165.4,116200.0,116242.6
1758110400,116242.6,116515.4,115370.6,115791.6
1758124800,115788.2,116297.4,114658.4,115572.4
1758139200,115555.2,116971.3,115244.3,116427.4
1758153600,116427.3,117850.0,116041.2,117513.4
1758168000,117525.3,117731.6,116830.7,117066.5
1758182400,117025.6,117374.9,116954.2,117042.5
1758196800,117041.9,117800.0,116909.1,117519.8
1758211200,117518.6,117885.8,117117.5,117429.7
1758225600,117441.2,117623.5,116575.0,116999.9
1758240000,116996.3,117437.0,116831.7,116945.4
1758254400,116895.4,117031.2,116535.1,116874.5
1758268800,116830.0,117092.2,116245.1,116334.9
1758283200,116327.5,116523.3,115399.5,115838.9
1758297600,115827.6,116099.1,115053.5,115054.0
1758312000,115053.5,115623.4,115006.0,115591.2
1758326400,115571.1,115689.6,115353.4,115399.9
1758340800,115399.9,115932.0,115342.2,115915.2
1758355200,115915.3,115918.4,115588.1,115813.6
1758369600,115813.6,116088.6,115732.2,115931.9
1758384000,115932.0,116046.3,115604.8,115604.8
1758398400,115600.1,115891.4,115531.6,115623.3
1758412800,115623.2,115690.5,115374.9,115614.1
1758427200,115614.1,115785.0,115417.0,115785.0
1758441600,115785.0,115819.0,115301.1,115538.8
1758456000,115538.9,115729.3,115401.9,115464.5
1758470400,115470.7,115643.2,115157.0,115411.1
1758484800,115434.3,115519.7,115107.4,115147.4
1758499200,115143.2,115350.1,114052.8,114542.8
1758513600,114598.6,114627.9,111735.9,112477.5
1758528000,112480.3,112938.5,112096.6,112828.6
1758542400,112828.6,113375.4,112334.4,112747.7
1758556800,112753.1,112865.1,111884.5,112080.9
1758571200,112081.0,112962.7,111917.7,112587.4
1758585600,112579.3,112802.6,111242.9,112303.9
1758600000,112310.8,113087.0,111800.0,113005.8
1758614400,113020.2,113238.6,112623.0,112896.6
1758628800,112886.4,113262.6,112421.2,112845.6
1758643200,112795.3,112939.3,111500.0,111577.8
1758657600,111581.7,112196.5,111395.7,111927.5
1758672000,111919.2,112460.4,111613.6,111661.4
1758686400,111671.8,112750.0,110922.4,112556.3
1758700800,112556.3,113133.2,112324.6,112942.0
1758715200,112931.0,113872.7,112739.4,113294.7
1758729600,113313.5,113904.3,113074.0,113323.5
1758744000,113327.8,113600.1,113129.4,113262.0
1758758400,113239.4,113481.0,112145.2,112476.9
1758772800,112475.6,112582.3,111410.5,111728.9
1758787200,111741.9,112230.7,111226.4,111334.2
1758801600,111305.5,111708.9,110555.0,111555.3
1758816000,111555.2,111646.0,108560.3,109348.7
1758830400,109351.1,109639.3,108685.5,108955.5
1758844800,108961.3,109750.0,108750.0,109549.7
1758859200,109549.8,109586.7,108837.1,109248.0
1758873600,109248.0,109671.8,108546.0,109111.0
1758888000,109095.3,109744.5,108700.0,109001.9
1758902400,109004.5,110250.0,108945.5,109137.4
1758916800,109137.5,109649.7,109010.1,109590.1
1758931200,109590.0,109715.6,109251.8,109515.4
1758945600,109515.3,109667.4,109275.0,109361.8
1758960000,109352.4,109471.2,108991.4,109276.3
1758974400,109290.4,109461.0,109120.0,109309.3
1758988800,109302.6,109363.9,109163.2,109353.8
1759003200,109354.9,109657.9,109296.3,109581.8
1759017600,109592.5,109757.5,109259.3,109393.3
1759032000,109393.3,109514.8,109192.0,109457.0
1759046400,109450.3,109553.1,109162.8,109305.2
1759060800,109326.1,109996.2,109128.7,109951.5
1759075200,109992.7,110360.1,109921.1,110284.4
1759089600,110284.4,112315.7,110204.2,112092.2
1759104000,112122.1,112250.0,111524.6,111824.7
1759118400,111824.7,111861.9,111478.1,111797.4
1759132800,111806.1,112399.1,111806.0,112053.0
1759147200,112053.0,114202.8,111838.1,113768.9
1759161600,113800.0,114377.3,113400.0,114183.7
1759176000,114151.8,114377.9,113936.7,114223.3
1759190400,114219.7,114791.3,113961.7,114350.9
1759204800,114299.2,114328.6,113532.3,113710.7
1759219200,113646.8,113736.7,112604.0,113000.4
1759233600,113000.0,113640.5,112773.3,113024.9
1759248000,113025.3,114537.2,112751.0,114280.0
1759262400,114280.1,114728.8,113699.3,114021.5
1759276800,114025.0,114521.0,113888.4,114178.8
1759291200,114181.8,114699.0,114081.2,114465.7
1759305600,114457.6,116764.7,114409.0,116749.9
1759320000,116749.9,117645.5,116286.9,117387.4
1759334400,117394.8,118189.3,116685.0,117367.6
1759348800,117348.1,118675.6,117098.4,118523.1
1759363200,118589.7,119460.9,118323.5,118670.0
1759377600,118667.4,118929.3,118254.4,118421.3
1759392000,118421.3,118895.2,118314.0,118757.4
1759406400,118702.7,119900.0,118456.3,119900.0
1759420800,119900.0,121012.2,119307.1,120769.3
1759435200,120752.3,120858.0,119988.0,120453.8
1759449600,120453.8,120526.4,119764.1,120159.6
1759464000,120178.3,120302.3,119576.0,119604.1
1759478400,119604.1,120517.6,119202.6,120285.7
1759492800,120285.7,122354.5,119832.0,122239.5
1759507200,122239.4,123883.8,121415.6,122620.8
1759521600,122623.8,122698.3,121925.6,122153.2
1759536000,122147.3,122300.0,121650.0,122200.0
1759550400,122224.4,122774.7,122158.6,122248.2
1759564800,122248.2,122527.7,121900.6,121900.6
1759579200,121900.6,122455.3,121622.9,121770.7
1759593600,121778.0,121949.6,121448.7,121924.4
1759608000,121924.4,122404.8,121816.2,122367.6
1759622400,122380.8,124316.9,122080.0,123750.3
1759636800,123713.1,125840.9,123692.8,124680.7
1759651200,124685.3,124865.6,122469.0,123400.4
1759665600,123400.5,123401.3,122611.0,122758.5
1759680000,122750.1,123455.0,122264.0,122534.2
1759694400,122512.0,123510.5,122409.5,123409.7
1759708800,123460.7,124345.4,123025.4,123751.4
1759723200,123734.3,124150.3,123184.3,123396.6
1759737600,123322.8,124542.0,123322.8,124196.9
1759752000,124201.9,125400.0,124125.2,124931.5
1759766400,124930.3,126188.5,124732.5,125364.7
1759780800,125365.3,125513.7,124455.0,124632.9
1759795200,124647.4,125048.0,124030.2,124275.5
1759809600,124269.5,124624.7,123502.6,123650.0
1759824000,123647.1,124472.3,123270.0,124392.3
1759838400,124388.6,125123.5,121120.1,121834.5
1759852800,121828.8,122045.9,120566.0,121590.3
1759867200,121646.0,122244.7,121184.0,121257.5
1759881600,121259.8,122194.4,121167.4,121354.2
1759896000,121357.6,121889.9,121025.0,121588.6
1759910400,121588.6,123165.7,121468.9,122791.9
1759924800,122816.6,123325.8,121621.0,122161.1
1759939200,122171.1,124174.2,122027.2,123398.2
1759953600,123411.6,123691.4,122738.6,123260.4
1759968000,123268.4,123312.7,121390.7,121943.2
1759982400,122001.3,122228.5,121630.7,121850.4
1759996800,121850.4,122818.2,121075.8,122671.3
1760011200,122671.2,123755.0,120608.7,121114.4
1760025600,121057.9,121442.1,119601.9,120922.0
1760040000,120948.1,121730.5,120788.0,121580.2
1760054400,121587.5,121854.7,120850.1,120989.2
1760068800,120977.9,121720.0,120796.8,120842.6
1760083200,120842.8,121733.4,120842.0,121475.7
1760097600,121475.7,122466.7,118400.9,118953.4
1760112000,118974.8,119411.1,115863.8,116572.6
1760126400,116572.6,117128.0,101487.7,112753.5
1760140800,112750.4,113291.2,110985.1,112306.5
1760155200,112243.3,112949.8,110055.0,110440.0
1760169600,110439.3,112350.5,110134.4,112279.4
1760184000,112252.1,112505.1,111720.2,111727.6
1760198400,111750.1,112159.3,110814.5,111180.3
1760212800,111180.3,111346.0,109503.1,110636.0
1760227200,110649.8,111372.9,109528.1,110660.0
1760241600,110663.9,112081.3,110544.7,111479.0
1760256000,111478.9,112071.0,111058.3,111790.8
1760270400,111776.3,113716.4,111108.9,113160.0
1760284800,113155.6,114680.0,113155.6,114309.6
1760299200,114309.5,115759.2,114179.6,114888.4
1760313600,114877.0,115865.7,114555.4,114756.1
1760328000,114756.1,115539.5,114350.9,115340.9
1760342400,115343.7,115399.9,113537.4,114138.3
1760356800,114138.0,115486.2,113788.6,114245.2
1760371200,114256.4,115852.2,114089.3,115767.1
1760385600,115764.3,115815.5,114931.2,115088.9
1760400000,115128.5,115391.2,113202.4,113426.1
1760414400,113426.1,113643.7,111300.0,111671.2
1760428800,111671.3,112117.0,109986.8,111283.3
1760443200,111238.7,112870.7,109788.0,112831.0
1760457600,112841.0,113447.0,111613.1,112551.0
1760472000,112550.6,113531.4,112174.4,112959.4
1760486400,112962.3,113598.2,111741.2,111952.5
1760500800,111990.3,112662.0,111717.0,112545.4
1760515200,112498.3,113491.0,111633.1,111881.4
1760529600,111881.4,112199.9,110327.3,110745.8
1760544000,110767.2,111489.7,110077.7,111219.5
1760558400,111237.8,111519.3,110408.8,110692.2
1760572800,110692.2,111800.0,110288.9,111261.2
1760587200,111278.4,111733.3,110492.4,110553.1
1760601600,110541.0,111669.7,109488.0,111383.9
1760616000,111383.1,111969.1,108263.4,108500.2
1760630400,108500.7,109233.8,107520.0,108149.8
1760644800,108149.7,108438.4,107344.9,108165.4
1760659200,108165.6,109172.8,107873.2,109075.1
1760673600,109117.3,109175.0,105450.9,105596.4
1760688000,105597.4,106597.1,103433.3,105620.5
1760702400,105620.5,106797.2,104433.0,106765.7
1760716800,106757.1,107497.9,106000.0,106369.2
1760731200,106395.7,107394.8,106285.3,106354.5
1760745600,106354.6,107267.4,106240.2,107008.9
1760760000,107000.5,107455.4,106378.7,106666.3
1760774400,106666.3,107174.3,106568.5,107168.7
1760788800,107174.3,107271.4,106649.7,106888.1
1760803200,106916.7,107061.5,106428.6,107035.9
1760817600,106976.9,107280.0,106767.0,107140.1
1760832000,107132.1,107338.2,106675.0,107214.9
1760846400,107193.5,107243.8,106483.6,106757.9
1760860800,106757.9,108194.4,106061.8,107704.3
1760875200,107691.2,108575.7,107295.7,108441.7
1760889600,108444.7,109400.0,108158.4,108841.9
1760904000,108833.3,109322.1,108400.1,108573.6
1760918400,108573.4,110400.0,107361.5,110054.6
1760932800,110067.8,111352.2,109924.1,111187.1
1760947200,111154.2,111578.8,110555.7,110953.5
1760961600,110953.6,111683.1,110527.9,111069.8
1760976000,111069.9,111294.2,109783.9,110727.7
1760990400,110727.8,111234.7,110340.8,110465.6
1761004800,110465.6,110505.5,109012.3,109012.3
1761019200,109021.6,109028.3,107377.3,108048.1
1761033600,108038.5,108778.6,107406.2,108500.0
1761048000,108500.1,113520.2,107813.8,113364.1
1761062400,113367.6,114000.0,111287.7,111734.0
1761076800,111725.0,111788.5,107954.0,108264.7
1761091200,108264.6,108661.5,107746.2,108175.6
1761105600,108175.6,108588.0,107542.5,108199.2
1761120000,108233.4,108320.4,106607.7,107526.7
1761134400,107521.5,109164.9,107373.5,108383.9
1761148800,108368.8,108765.6,107432.1,107838.8
1761163200,107838.8,108043.3,106583.2,107508.9
1761177600,107510.1,108691.7,107456.9,108307.0
1761192000,108330.1,110277.5,108283.5,109251.8
1761206400,109258.5,109875.0,109067.6,109199.1
1761220800,109194.8,110081.5,108620.9,109809.9
1761235200,109801.9,111271.1,109567.1,110176.8
1761249600,110164.9,110165.7,109254.3,110022.9
1761264000,110007.3,110795.1,109916.9,110420.2
1761278400,110420.2,111474.0,110270.1,110983.9
1761292800,110974.6,111475.5,110545.0,111041.1
1761307200,111042.0,112150.0,109653.5,109981.7
1761321600,109981.7,110888.0,109728.0,110582.1
1761336000,110569.9,111107.9,110402.3,110939.4
1761350400,110928.9,111191.6,110586.3,110965.2
1761364800,110965.4,111795.2,110965.4,111485.1
1761379200,111504.8,111798.0,111316.8,111500.4
1761393600,111500.3,111913.3,111262.4,111310.2
1761408000,111310.3,111700.0,111095.1,111542.9
1761422400,111565.7,111654.6,111255.0,111606.0
1761436800,111605.9,111866.6,111181.8,111237.1
1761451200,111237.1,111706.0,111185.0,111702.2
1761465600,111707.4,113456.0,111633.2,113250.8
1761480000,113260.6,114030.0,113195.6,113677.2
1761494400,113689.2,113757.8,113212.0,113556.2
1761508800,113505.8,115685.8,112825.6,114537.7
1761523200,114538.7,115442.9,114322.7,114906.9
1761537600,114927.2,116405.4,114900.0,115480.2
1761552000,115481.0,115588.1,114770.3,115277.9
1761566400,115278.0,115401.1,114405.6,114928.7
1761580800,114948.0,115750.0,114715.2,114889.6
1761595200,114877.2,114877.2,113781.8,114037.6
1761609600,114028.6,114519.8,113500.0,113842.5
1761624000,113841.6,114341.9,113437.7,114108.5
1761638400,114113.9,114583.9,114058.1,114306.2
1761652800,114294.6,116064.6,114056.4,114571.3
1761667200,114576.9,115569.4,113479.9,113661.9
1761681600,113642.5,113674.2,112132.0,112834.9
1761696000,112876.6,112927.8,112007.5,112453.7
1761710400,112453.7,113553.3,112408.3,113490.4
1761724800,113511.0,113581.2,112660.0,113066.5
1761739200,113066.4,113616.3,111310.3,111472.5
1761753600,111473.1,111972.5,109133.9,110561.5
1761768000,110583.8,111757.0,109700.0,109990.0
1761782400,109977.4,110973.9,109670.4,110682.4
1761796800,110705.9,111572.2,107845.2,111333.4
1761811200,111344.8,111399.3,109628.4,109651.2
1761825600,109651.2,109746.3,107232.5,107639.9
1761840000,107644.7,108185.0,106198.5,106500.6
1761854400,106481.8,108300.7,106244.1,108249.4
1761868800,108248.5,110005.7,108212.3,109145.4
1761883200,109149.0,110205.2,109028.6,109395.1
1761897600,109424.9,110530.2,109116.8,110410.5
1761912000,110410.4,111115.7,109284.1,110124.0
1761926400,110107.6,110248.7,108559.0,109790.6
1761940800,109775.2,109780.9,109242.3,109525.4
1761955200,109525.4,110262.2,109339.1,110151.0
1761969600,110158.0,110515.0,109866.0,110028.8
1761984000,110044.4,110233.0,109757.7,110094.3
1761998400,110095.2,110323.3,109651.8,110249.4
1762012800,110249.8,110503.6,110104.4,110225.8
1762027200,110225.9,110500.0,109781.9,110028.2
1762041600,110028.2,110238.9,109825.7,109993.6
1762056000,109993.6,111021.2,109913.7,110863.7
1762070400,110875.3,111184.9,110285.8,111173.3
1762084800,111173.3,111221.2,110002.0,110057.8
1762099200,110047.2,110314.3,109659.8,110155.9
1762113600,110155.9,110683.0,109399.6,110476.9
1762128000,110476.8,110750.0,107837.6,107867.2
1762142400,107873.0,108046.1,106928.6,107415.0
1762156800,107414.6,107887.9,106644.6,107755.8
1762171200,107753.0,108297.6,105407.2,105680.9
1762185600,105694.5,107700.0,105244.9,106999.6
1762200000,107060.8,107115.5,105745.9,106512.3
1762214400,106558.9,107265.4,105793.7,107078.8
1762228800,107133.4,107247.0,104125.2,104426.1
1762243200,104426.1,104675.0,103560.0,104562.8
1762257600,104538.9,104809.1,102861.4,103135.4
1762272000,103135.3,103484.6,99946.5,100501.4
1762286400,100505.3,101863.1,98876.3,101402.9
1762300800,101409.3,102226.1,98911.0,102072.4
1762315200,102072.3,102316.5,101425.7,101940.5
1762329600,101924.1,102186.1,101121.1,102049.4
1762344000,102021.8,103772.2,101865.6,103684.3
1762358400,103700.0,104508.2,102997.2,103929.3
1762372800,103929.2,104507.3,103218.5,103809.7
1762387200,103788.3,103933.7,102673.0,103578.4
1762401600,103573.8,104185.7,102849.1,103129.0
1762416000,103110.4,103425.8,102579.6,103210.1
1762430400,103210.2,103569.3,101550.7,101944.7
1762444800,101982.0,102363.2,100231.8,101315.1
1762459200,101335.5,101614.5,100470.0,101293.2
1762473600,101293.2,102300.0,100679.9,101843.6
1762488000,101847.1,102498.9,101505.4,101984.9
1762502400,101936.4,101990.0,99724.7,100378.1
1762516800,100372.7,101228.7,99178.0,100739.0
1762531200,100739.0,103371.2,100466.0,103362.6
1762545600,103355.4,104058.6,102883.4,103269.3
1762560000,103269.3,103377.9,102480.3,102565.5
1762574400,102576.9,102808.8,101850.0,102351.0
1762588800,102332.8,102648.4,101677.1,101834.6
1762603200,101826.1,102174.5,101402.3,101700.0
1762617600,101695.1,102188.4,101424.7,101968.0
1762632000,101965.2,102459.0,101885.9,102247.5
1762646400,102247.5,102339.6,101320.0,101573.8
1762660800,101601.7,102105.1,101547.8,101916.3
1762675200,101916.4,102296.7,101447.6,102224.9
1762689600,102218.1,104152.0,102000.0,103723.6
1762704000,103685.3,104784.2,103265.3,104775.8
1762718400,104779.8,105479.8,104019.9,104640.8
1762732800,104640.8,106601.4,104208.2,106000.3
1762747200,106000.0,106502.0,105792.0,106454.8
1762761600,106454.8,106570.0,105760.1,106150.1
1762776000,106124.9,106560.0,104610.1,105030.0
1762790400,105041.7,106047.7,104726.6,105740.8
1762804800,105726.1,106251.1,105201.0,105932.8
1762819200,105944.8,107478.1,105450.2,106416.2
1762833600,106416.1,106487.1,104684.9,104729.8
1762848000,104737.4,105475.2,104697.6,105262.7
1762862400,105267.3,105473.2,103129.4,103458.6
1762876800,103442.9,103718.4,102799.0,103066.5
1762891200,103054.2,103192.6,102422.8,103028.0
1762905600,103037.6,103420.4,102613.1,103275.3
1762920000,103293.7,103645.9,102955.3,103073.4
1762934400,103085.3,105181.9,103085.3,104961.8
1762948800,104956.0,105300.0,101866.7,102166.7
1762963200,102150.1,102260.3,100705.1,101224.2
1762977600,101208.4,101970.7,101075.0,101626.8
1762992000,101626.7,102591.8,100840.1,102068.0
1763006400,102069.0,104000.0,101625.0,103443.3
1763020800,103428.6,103781.5,102480.0,102917.6
1763035200,103000.0,103484.0,101107.5,101357.1
1763049600,101342.4,101468.0,98063.9,98624.7
1763064000,98609.2,100470.1,97951.2,99625.5
1763078400,99623.7,99833.8,98651.2,99131.9
1763092800,99131.9,99168.0,95856.5,97072.0
1763107200,97067.3,97510.3,95653.3,96163.8
1763121600,96163.8,97286.8,94510.0,96754.1
1763136000,96763.9,97377.2,94728.9,95758.0
1763150400,95765.0,95899.2,93931.2,94551.8
1763164800,94559.8,96782.2,94529.2,96377.1
1763179200,96375.9,96565.5,95829.7,96285.3
1763193600,96278.0,96330.0,95566.4,95667.6
1763208000,95594.5,96449.3,95511.0,96197.7
1763222400,96186.0,96386.0,95671.6,95955.9
1763236800,95947.5,95995.8,95053.3,95563.2
1763251200,95563.0,95957.8,94790.3,95776.4
1763265600,95776.1,96140.6,95580.9,96062.1
1763280000,96062.0,96603.4,95447.0,95572.4
1763294400,95572.4,95885.4,94319.0,94550.4
1763308800,94555.7,95551.2,93710.0,93983.1
1763323200,93991.6,94716.2,92919.0,94205.6
1763337600,94243.2,95540.4,93717.7,95479.0
1763352000,95480.0,95861.5,94835.8,95618.1
1763366400,95623.1,95976.5,95253.9,95545.0
1763380800,95545.0,96034.8,93551.0,93899.4
1763395200,93899.9,94390.6,91537.0,91645.7
1763409600,91630.1,92360.1,91238.1,92188.5
1763424000,92199.7,92328.9,89700.0,90837.1
1763438400,90832.4,90837.8,89260.0,90473.2
1763452800,90473.1,91559.9,90473.1,91450.8
1763467200,91460.0,93000.0,90881.7,92851.8
1763481600,92852.6,93762.6,92524.0,93140.0
1763496000,93150.0,93391.0,92400.6,92903.8
1763510400,92907.8,92944.8,91621.7,91852.3
1763524800,91852.3,91974.9,89967.9,91802.6
1763539200,91785.7,91921.7,91025.0,91368.5
1763553600,91362.9,92349.9,89812.7,89899.3
1763568000,89881.9,90202.6,88585.4,88830.9
1763582400,88822.4,91579.9,88559.8,91540.1
1763596800,91527.5,92784.7,91127.4,92478.5
1763611200,92435.5,93133.5,91631.7,92269.9
1763625600,92262.8,92398.7,91401.0,91886.8
1763640000,91885.8,92563.5,89764.8,89809.1
1763654400,89800.1,89852.8,86050.0,86886.5
1763668800,86879.7,88232.0,86263.0,86582.7
1763683200,86578.9,87478.3,85301.0,85773.0
1763697600,85779.5,86333.4,81206.0,84015.1
1763712000,84013.8,84671.9,81593.5,82268.5
1763726400,82277.5,85458.0,80586.3,82881.5
1763740800,82883.2,85540.1,82280.0,84162.0
1763755200,84151.9,85374.1,83437.2,85098.2
1763769600,85110.6,85596.7,84165.5,84390.3
1763784000,84383.1,84772.1,83785.8,84552.8
1763798400,84554.4,84554.8,83474.6,84046.1
1763812800,84050.2,84717.0,83563.3,84252.2
1763827200,84252.2,84876.7,84162.7,84578.3
1763841600,84560.4,85247.7,84183.1,84716.9
1763856000,84716.9,86325.9,84631.9,86275.3
1763870400,86285.6,86840.2,85324.9,85764.6
1763884800,85770.7,86459.4,85720.0,86296.6
1763899200,86314.3,87226.5,86223.2,87024.4
1763913600,87024.3,87667.5,86458.9,87282.8
1763928000,87300.0,88117.5,86668.6,86770.7
1763942400,86792.6,88030.7,85889.6,87422.2
1763956800,87420.3,87808.3,86400.0,86973.3
1763971200,87011.8,87011.8,85640.2,86252.5
1763985600,86231.5,86695.0,85202.0,86573.8
1764000000,86575.0,88800.0,86575.0,88309.6
1764014400,88317.9,89190.0,88190.5,88258.6
1764028800,88258.6,88258.6,87409.5,87781.6
1764043200,87766.0,88476.1,87267.0,87341.5
1764057600,87341.5,87593.5,86625.4,87290.6
1764072000,87304.3,87738.3,86055.7,86926.5
1764086400,86926.6,88113.3,86115.7,86842.2
1764100800,86855.8,87874.3,86530.8,87311.3
1764115200,87311.2,88192.1,87013.4,87097.4
1764129600,87097.4,87956.6,86844.0,87904.8
1764144000,87892.7,87892.7,86624.4,87058.5
1764158400,87050.1,87663.5,86277.7,86914.9
1764172800,86931.0,90376.0,86920.3,89905.8
1764187200,89902.6,90640.7,89449.2,90429.9
1764201600,90413.1,91840.0,90021.0,91014.9
1764216000,91021.7,91526.9,90844.8,91373.3
1764230400,91340.9,91920.2,91153.6,91303.9
1764244800,91300.7,91424.1,90399.8,90893.7
1764259200,90885.8,91799.1,90786.3,91498.0
1764273600,91492.9,91576.4,91050.0,91305.5
1764288000,91294.6,91399.0,90619.3,91176.3
1764302400,91150.6,91666.0,90790.2,90875.1
1764316800,90857.8,91987.3,90857.8,91372.9
1764331200,91371.6,93091.0,91330.0,92292.5
1764345600,92298.8,92330.5,90170.0,91095.2
1764360000,91095.2,91205.9,90628.6,90855.3
1764374400,90857.0,91083.0,90488.2,90644.4
1764388800,90642.5,90904.4,90250.0,90534.9
1764403200,90538.3,90726.0,90324.6,90606.9
1764417600,90606.8,91083.0,90476.0,91007.3
1764432000,91010.8,91139.0,90096.0,90636.3
1764446400,90608.3,91038.4,90361.2,90742.8
1764460800,90749.6,91024.9,90405.6,90898.1
1764475200,90898.1,91016.4,90592.9,90902.4
1764489600,90908.0,91569.5,90870.0,91005.6
1764504000,91005.6,91950.0,90941.8,91375.1
1764518400,91376.8,91834.6,91101.3,91396.6
1764532800,91392.2,91593.2,90281.9,90340.2
1764547200,90319.2,90386.2,86139.0,86310.6
1764561600,86305.1,86544.4,85567.1,86493.2
1764576000,86481.5,86917.4,86074.8,86081.9
1764590400,86081.8,86642.2,83783.6,84622.6
1764604800,84646.9,85577.2,84004.7,84960.4
1764619200,84960.0,86833.7,84960.0,86248.4
1764633600,86236.7,87336.2,86133.4,86914.1
1764648000,86916.7,87238.4,86745.7,86946.9
1764662400,86945.8,87597.0,86306.1,87302.5
1764676800,87308.0,91195.2,87005.1,90797.7
1764691200,90812.9,92299.4,90163.0,91839.6
1764705600,91845.1,91965.0,90668.7,91222.3
1764720000,91222.3,93069.5,90964.5,92566.4
1764734400,92566.4,93911.0,92561.5,92949.6
1764748800,92980.4,93347.6,92629.3,92935.1
1764763200,92928.1,93680.0,91630.7,92332.8
1764777600,92332.8,93483.0,91730.0,92968.8
1764792000,92969.1,94142.0,92762.0,93351.5
1764806400,93384.9,94041.6,92616.6,93508.3
1764820800,93508.3,93538.8,92723.2,93368.1
1764835200,93370.7,93573.9,92678.8,92918.6
1764849600,92918.6,93248.7,91747.4,92950.9
1764864000,92949.3,93150.0,90816.7,91939.6
1764878400,91939.5,92693.9,91648.5,92018.0
1764892800,92021.8,92673.6,91900.4,92123.3
1764907200,92115.3,92468.5,91764.8,92237.6
1764921600,92240.7,92240.7,90922.8,91298.1
1764936000,91310.8,91460.0,89852.1,90405.4
1764950400,90392.0,90469.6,87986.8,89565.3
1764964800,89559.1,89724.0,88850.1,89270.7
1764979200,89261.3,89760.0,88998.0,89618.5
1764993600,89623.1,89735.2,89396.5,89531.7
1765008000,89542.1,89693.9,89160.2,89573.1
1765022400,89566.7,90268.0,89412.4,89695.5
1765036800,89695.5,89954.9,89202.7,89351.8
1765051200,89356.1,89570.1,88866.7,89168.3
1765065600,89179.4,89722.0,89120.7,89669.5
1765080000,89677.3,89763.9,89145.7,89321.5
1765094400,89330.4,89497.7,89001.4,89091.6
1765108800,89090.6,89688.3,87670.6,89497.7
1765123200,89498.0,91735.2,89065.4,91370.1
1765137600,91399.9,91473.3,88866.0,90358.1
1765152000,90377.2,91666.3,89795.7,91023.2
1765166400,91026.1,91862.3,90972.9,91501.5
1765180800,91521.0,92268.6,91418.2,91916.9
1765195200,91926.7,92098.1,89548.1,89896.1
1765209600,89896.1,90481.8,89629.0,90073.3
1765224000,90079.1,91345.1,90079.1,90610.8
1765238400,90610.8,90818.1,89763.6,90349.1
1765252800,90364.1,90500.0,89384.2,90468.0
1765267200,90470.8,90597.4,89852.0,90351.1
1765281600,90354.1,92843.9,89966.8,92672.6
1765296000,92670.8,94573.9,92659.8,93780.5
1765310400,93772.5,93833.5,92197.3,92649.9
1765324800,92645.6,92734.6,91915.0,92384.9
1765339200,92377.8,92756.1,92325.6,92741.0
1765353600,92761.5,93200.0,91703.6,92096.7
1765368000,92091.4,92203.2,91510.9,92036.6
1765382400,92036.7,93234.3,91594.9,92882.4
1765396800,92917.8,94456.9,91809.7,91984.7
1765411200,91979.7,92064.6,89346.7,89839.5
1765425600,89848.2,90454.7,89650.0,90214.7
1765440000,90216.8,90481.8,89922.7,90213.4
1765454400,90213.4,90632.0,89205.1,89844.3
1765468800,89825.5,91506.5,89275.2,90798.7
1765483200,90796.1,93549.9,90757.8,92495.2
1765497600,92492.8,92728.6,91390.6,92223.4
1765512000,92222.7,92685.0,92020.0,92382.4
1765526400,92379.6,92614.9,92031.6,92400.0
1765540800,92387.5,92634.1,89702.0,89896.1
1765555200,89879.4,90624.9,89418.3,90170.1
1765569600,90170.1,90375.6,89831.7,90247.7
1765584000,90247.6,90449.5,90059.0,90322.1
1765598400,90322.1,90397.6,90214.7,90267.9
1765612800,90289.3,90610.0,90231.0,90279.6
1765627200,90284.2,90457.0,89871.3,90050.4
1765641600,90050.2,90241.0,89932.0,90132.9
1765656000,90177.1,90264.7,89697.9,90180.7
1765670400,90175.5,90444.0,90058.4,90222.3
1765684800,90222.3,90310.9,90004.1,90187.0
1765699200,90187.0,90262.5,88563.9,89323.8
1765713600,89323.8,89646.8,88820.1,88994.6
1765728000,88994.6,89381.6,88417.4,88613.8
1765742400,88606.7,88794.2,87511.0,88085.3
1765756800,88094.6,89963.4,88014.6,89232.0
1765771200,89227.8,89887.4,89218.4,89688.7
1765785600,89691.5,89947.1,89512.3,89588.2
1765800000,89588.3,89863.0,86574.5,87009.9
1765814400,87014.0,87179.3,85060.7,86089.3
1765828800,86089.4,86445.3,85483.0,86393.4
1765843200,86399.9,86467.6,85333.4,85854.9
1765857600,85858.4,86586.7,85209.0,85957.3
1765872000,85959.6,87310.0,85868.9,87193.0
1765886400,87193.4,88149.8,86046.8,87963.7
1765900800,87953.8,88023.9,87009.1,87529.5
1765915200,87529.5,87908.1,87287.5,87829.0
1765929600,87812.0,87936.9,87101.9,87195.6
1765944000,87213.0,87370.0,86161.2,87015.9
1765958400,86993.7,87111.1,86183.9,86954.2
1765972800,86954.2,90375.2,86747.5,87196.3
1765987200,87205.3,87737.2,85258.0,85972.0
1766001600,85985.8,86410.5,85620.0,86218.8
1766016000,86217.3,86853.6,85807.7,86574.8
1766030400,86586.5,86867.3,86322.9,86798.2
1766044800,86796.3,87410.3,86626.9,87222.6
1766059200,87253.8,89462.4,87061.6,88480.0
1766073600,88470.4,88517.6,84422.3,84451.8
1766088000,84450.2,85764.2,84407.0,85452.6
1766102400,85465.0,87550.0,85060.3,86860.8
1766116800,86858.9,88369.5,86638.2,87905.2
1766131200,87898.6,88353.0,87684.3,88147.0
1766145600,88157.4,89387.5,87466.0,87951.2
1766160000,87925.2,88871.3,86802.0,87814.6
1766174400,87814.7,88409.9,87565.8,88100.0
1766188800,88100.1,88310.8,87909.4,88147.8
1766203200,88147.8,88524.5,88060.1,88246.1
1766217600,88256.4,88406.6,88055.6,88226.1
1766232000,88213.7,88327.6,87753.0,88121.5
1766246400,88124.4,88397.2,88043.4,88196.4
1766260800,88178.9,88437.8,88093.5,88304.4
1766275200,88302.5,88411.2,87803.6,88039.2
1766289600,88025.7,88185.0,88000.7,88122.9
1766304000,88122.1,89064.8,88085.7,88584.2
1766318400,88592.6,88903.6,87535.3,88015.9
1766332800,88013.4,88587.2,87905.3,88431.2
1766347200,88433.9,88801.4,88049.5,88612.7
1766361600,88616.9,89618.0,87834.5,88728.1
1766376000,88702.7,89185.1,88650.2,89153.3
1766390400,89145.6,90080.8,89048.0,89904.4
1766404800,89915.2,90570.0,89118.1,89689.4
1766419200,89697.1,90085.5,87902.3,88005.8
1766433600,88003.6,88811.4,87863.1,88581.9
1766448000,88581.9,88911.0,87736.0,88155.2
1766462400,88118.2,88352.3,87025.1,87534.1
1766476800,87528.7,87860.8,87242.2,87827.6
1766491200,87831.5,87922.8,86547.5,87400.8
1766505600,87400.8,88240.0,87107.6,87756.2
1766520000,87741.7,88355.9,87146.5,87468.3
1766534400,87487.6,87826.0,86801.4,87311.9
1766548800,87329.0,87436.9,86748.0,86849.2
1766563200,86852.8,87334.2,86666.0,87145.1
1766577600,87145.2,87445.0,86359.0,87018.7
1766592000,87011.9,87640.0,86885.8,87503.9
1766606400,87504.9,88000.0,87471.3,87609.8
1766620800,87620.9,87939.0,87457.8,87800.5
1766635200,87793.4,87847.6,87599.6,87792.9
1766649600,87792.9,87873.5,87216.9,87502.7
1766664000,87502.7,88585.0,87358.2,88312.5
1766678400,88326.7,88463.2,87934.2,88129.8
1766692800,88129.8,88145.3,86897.8,87181.3
1766707200,87167.1,89437.1,86814.1,88804.4
1766721600,88800.0,89521.0,88287.2,88427.1
1766736000,88427.1,88902.1,88374.2,88489.8
1766750400,88492.4,89036.0,86619.9,87115.0
1766764800,87118.4,87566.5,86790.9,87453.6
1766779200,87446.4,87757.4,87251.4,87309.6
1766793600,87347.1,87511.6,87186.9,87455.8
1766808000,87455.8,87687.5,87357.0,87480.2
1766822400,87480.2,87645.1,87307.1,87451.1
1766836800,87461.7,87569.1,87262.3,87500.6
1766851200,87498.4,87563.1,87386.7,87539.8
1766865600,87539.9,87972.6,87462.4,87866.3
1766880000,87845.7,87936.4,87666.7,87728.4
1766894400,87693.0,87808.1,87553.8,87715.2
1766908800,87715.1,87998.5,87681.9,87858.6
1766923200,87858.8,88077.0,87754.8,87788.4
1766937600,87788.3,87913.5,87460.3,87500.2
1766952000,87500.1,88017.4,87412.5,87916.5
1766966400,87942.4,90147.5,87765.1,90098.5
1766980800,90094.6,90373.5,89475.6,89571.6
1766995200,89579.8,89796.7,87515.8,87528.2
1767009600,87541.2,88171.7,86772.2,87621.1
1767024000,87617.8,87960.1,87285.0,87315.8
1767038400,87315.8,87570.2,87036.7,87219.4
1767052800,87216.2,87399.4,86784.0,87317.8
1767067200,87332.8,87579.2,87100.8,87467.0
1767081600,87467.0,88200.6,87455.2,87870.8
1767096000,87876.6,89114.7,87781.3,88953.7
1767110400,88982.9,89361.6,87900.0,88172.1
1767124800,88169.0,88540.0,87826.1,88472.9
1767139200,88438.8,88782.3,88125.4,88413.0
1767153600,88413.0,88608.2,88266.2,88568.9
1767168000,88568.9,89000.0,88328.8,88987.6
1767182400,88975.0,89209.3,87728.6,87885.0
1767196800,87903.6,88037.7,87350.0,87497.5
1767211200,87501.4,87867.3,87211.5,87590.8
1767225600,87619.2,88068.5,87611.1,87810.3
1767240000,87813.9,87842.2,87438.9,87621.3
1767254400,87621.3,88004.4,87591.9,87962.4
1767268800,87962.4,88093.3,87740.8,88004.1
1767283200,88004.7,88484.0,87829.4,88307.3
1767297600,88345.1,88894.5,88189.8,88806.5
1767312000,88804.1,89105.8,88319.8,88894.2
1767326400,88891.8,89050.0,88523.6,88810.7
1767340800,88818.0,89906.7,88764.7,89443.1
1767355200,89440.4,90140.3,88428.7,89372.4
1767369600,89364.2,90948.5,89150.0,89886.6
1767384000,89869.0,90377.6,89583.3,89969.4
1767398400,89969.4,90384.1,89896.5,90261.8
1767412800,90272.0,90463.1,89250.0,89548.2
1767427200,89548.2,89954.2,89366.9,89688.5
1767441600,89688.5,90205.0,89611.1,89909.2
1767456000,89913.7,90200.0,89856.3,90085.8
1767470400,90101.9,90734.3,89958.0,90614.0
1767484800,90595.8,91589.5,90593.4,91176.1
1767499200,91171.7,91795.9,91135.4,91500.0
1767513600,91500.0,91590.8,91099.6,91273.4
1767528000,91269.3,91387.2,90959.8,91301.3
1767542400,91299.6,91432.0,90807.0,91084.6
1767556800,91096.0,91574.7,91081.8,91511.9
1767571200,91509.1,93330.0,91490.6,92839.4
1767585600,92835.2,92931.7,92095.5,92473.7
1767600000,92471.3,93143.2,92290.4,93111.0
1767614400,93112.8,93993.1,92368.1,93918.7
1767628800,93918.8,94477.6,93200.4,94259.8
1767643200,94257.5,94766.6,93751.0,93824.8
1767657600,93816.8,94141.9,93461.6,93707.0
1767672000,93707.0,93985.2,93085.3,93223.8
1767686400,93224.4,93878.9,93124.0,93814.9
1767700800,93815.0,94420.0,93281.2,93624.7
1767715200,93624.8,93742.3,91195.8,92066.0
1767729600,92068.5,93843.2,92068.4,93697.3
1767744000,93699.6,93705.3,92194.2,92784.5
1767758400,92794.6,92896.1,92472.6,92816.8
1767772800,92824.5,92946.6,91541.3,92071.9
1767787200,92059.3,92262.8,90971.8,91293.2
1767801600,91296.5,91755.4,90616.4,91158.4
1767816000,91128.5,91469.9,90723.5,91315.9
1767830400,91305.5,91681.3,90575.9,90783.4
1767844800,90778.0,91160.3,89589.1,90504.0
1767859200,90503.9,90748.2,89732.0,90205.5
1767873600,90213.4,90808.5,89272.1,90756.6
1767888000,90748.1,91443.4,90252.8,90909.0
1767902400,90906.1,91468.2,90506.1,91057.5
1767916800,91057.5,91617.7,90789.5,91174.7
1767931200,91174.7,91211.3,90700.0,90700.1
1767945600,90700.0,90830.0,89641.5,90386.3
1767960000,90416.1,92022.6,89784.4,91138.8
1767974400,91138.9,91761.8,90140.0,90290.0
1767988800,90289.5,90705.7,90067.1,90621.8
1768003200,90612.2,90754.3,90481.3,90573.3
1768017600,90573.2,90668.5,90351.3,90627.1
1768032000,90634.9,90817.1,90555.9,90674.7
1768046400,90674.7,90768.0,90477.6,90604.7
1768060800,90622.8,90726.1,90471.9,90591.4
1768075200,90591.3,90645.7,90354.9,90451.6
1768089600,90454.1,90711.7,90409.9,90711.7
1768104000,90714.2,90827.2,90526.0,90682.1
1768118400,90687.5,90851.6,90550.4,90704.1
1768132800,90704.1,91145.0,90633.7,90846.6
1768147200,90851.2,91259.4,90606.1,90658.2
1768161600,90657.0,91016.6,90170.0,90964.4
1768176000,90967.9,92489.8,90623.9,91750.1
1768190400,91759.2,92257.8,91333.0,91365.6
1768204800,91365.0,91595.8,90306.0,90563.0
1768219200,90577.6,91623.7,90085.1,91617.1
1768233600,91594.5,92292.0,90968.1,91820.7
1768248000,91827.9,91999.8,90888.0,91270.2
1768262400,91270.2,91525.0,90992.9,91365.4
1768276800,91365.4,92270.4,91302.4,91936.8
1768291200,91925.3,92666.0,91871.1,91943.6
1768305600,91946.5,93426.7,91707.7,93426.7
1768320000,93419.3,94198.0,93032.0,94187.9
1768334400,94188.0,96760.4,93966.4,95394.3
1768348800,95394.2,95684.9,95063.0,95684.8
1768363200,95684.5,95767.1,94398.0,95185.2
1768377600,95181.7,95296.3,94686.3,94782.7
1768392000,94782.6,97076.4,94625.6,96673.3
1768406400,96684.6,97730.0,96176.4,97221.2
1768420800,97215.6,97900.0,96724.9,96899.4
1768435200,96893.1,96972.7,95721.3,95926.5
1768449600,95925.6,96715.3,95897.4,96609.8
1768464000,96618.9,97174.4,96235.5,96529.7
1768478400,96521.2,97105.2,95400.3,96776.8
1768492800,96723.5,97053.5,95150.0,95479.1
1768507200,95479.2,95822.9,95082.5,95575.6
1768521600,95586.8,95842.7,95264.4,95317.5
1768536000,95317.5,95795.1,95092.7,95589.2
1768550400,95594.8,95819.7,95202.3,95387.1
1768564800,95397.4,95800.0,94243.6,94521.1
1768579200,94526.0,95189.0,94453.7,94976.6
1768593600,94973.1,95558.0,94623.0,95484.8
1768608000,95496.9,95555.2,95149.1,95324.1
1768622400,95324.1,95359.2,94983.8,95051.8
1768636800,95051.8,95307.5,94978.9,95306.1
1768651200,95300.0,95635.6,95133.1,95516.0
1768665600,95516.0,95540.5,95152.5,95239.2
1768680000,95239.0,95383.5,95000.6,95127.0
1768694400,95126.5,95210.9,94812.2,95142.7
1768708800,95142.7,95241.2,94961.6,94977.0
1768723200,94977.0,95276.5,94961.7,95152.4
1768737600,95154.0,95343.9,94852.6,95086.8
1768752000,95050.5,95503.8,95014.3,95333.0
1768766400,95322.5,95509.0,93546.7,93632.7
1768780800,93632.8,93632.8,91800.0,92655.8
1768795200,92651.3,92828.6,92334.2,92769.3
1768809600,92769.3,93315.3,92631.5,93118.2
1768824000,93118.2,93186.5,92653.1,93027.9
1768838400,93024.1,93375.4,92870.8,93047.5
1768852800,93059.1,93303.0,92110.0,92595.9
1768867200,92587.7,92848.6,92192.6,92395.6
1768881600,92400.0,92458.6,90722.0,91143.1
1768896000,91132.5,91418.3,90612.9,91173.6
1768910400,91189.8,91353.2,89811.9,90654.9
1768924800,90653.0,90929.3,89250.0,89695.9
1768939200,89695.9,89842.0,87779.2,88390.4
1768953600,88380.2,89583.0,88203.5,89413.8
1768968000,89413.8,90088.6,89042.5,89166.0
1768982400,89162.4,89454.4,88619.8,88773.0
1768996800,88770.4,90528.9,88114.4,90231.9
1769011200,90231.9,90435.7,87206.4,90338.8
1769025600,90325.2,90359.3,89308.0,89428.5
1769040000,89430.1,90345.8,89430.1,89843.1
1769054400,89840.2,90188.0,89732.0,89762.7
1769068800,89793.8,90141.0,89709.9,89891.6
1769083200,89886.2,90297.7,88459.3,88971.5
1769097600,88971.4,89883.5,88613.5,89752.1
1769112000,89747.0,89918.0,89077.8,89500.5
1769126400,89500.6,89955.6,89383.9,89899.9
1769140800,89900.0,90056.4,89340.1,89500.1
1769155200,89500.1,89608.4,88810.8,89149.9
1769169600,89150.0,89860.0,88518.1,89729.0
1769184000,89723.2,91196.0,89442.4,89903.2
1769198400,89922.9,90136.7,89156.7,89551.6
1769212800,89551.3,89909.5,89366.0,89720.6
1769227200,89720.6,89835.4,89512.7,89598.3
1769241600,89592.8,89677.1,89532.0,89582.2
1769256000,89582.2,89582.2,89113.0,89220.1
1769270400,89222.5,89427.7,89099.1,89310.1
1769284800,89310.1,89460.0,89154.5,89168.1
1769299200,89168.2,89299.5,88782.2,88937.8
1769313600,88937.9,89062.6,88590.0,88648.1
1769328000,88648.1,88743.6,88068.9,88517.2
1769342400,88544.0,88946.9,88316.7,88421.1
1769356800,88417.0,88425.2,86141.0,86448.0
1769371200,86448.1,86971.5,86018.4,86611.6
1769385600,86611.5,87927.7,86443.9,87235.9
1769400000,87237.9,88039.8,87180.9,87955.4
1769414400,87960.6,88378.1,87543.3,87827.6
1769428800,87795.8,88820.9,87275.7,87616.4
1769443200,87622.4,88495.6,86987.0,87983.1
1769457600,87983.1,88643.1,87498.7,88317.9
1769472000,88328.0,88854.8,88140.5,88733.2
1769486400,88727.0,88982.3,88222.3,88300.3
1769500800,88305.7,88380.4,87689.0,87968.1
1769515200,87968.1,88395.7,87526.0,88017.5
1769529600,88017.5,88779.0,87262.4,88383.5
1769544000,88373.5,89500.0,88351.5,89209.9
1769558400,89209.9,89466.0,88930.1,89062.0
1769572800,89060.0,89374.0,88783.2,89091.8
1769587200,89082.4,90125.6,88814.1,90036.0
1769601600,90030.5,90468.7,88852.3,89424.7
1769616000,89424.8,90593.3,88962.0,89380.9
1769630400,89381.4,89860.0,88820.0,89274.8
1769644800,89266.6,89318.4,87651.7,88012.5
1769659200,88012.5,88410.0,87846.9,88303.8
1769673600,88303.8,88473.9,87708.7,87809.0
1769688000,87809.0,88150.7,84320.2,84891.3
1769702400,84891.3,85600.0,83321.0,83973.1
1769716800,83976.8,84708.7,83771.0,84622.4
1769731200,84622.3,84712.6,81029.0,82624.4
1769745600,82624.4,83310.7,82015.1,82774.8
1769760000,82764.9,83283.4,82101.1,83085.8
1769774400,83091.1,83769.4,82333.0,82837.6
1769788800,82837.5,84620.5,81842.2,84174.0
1769803200,84188.2,84492.9,83492.0,84210.8
1769817600,84210.9,84239.9,83785.8,83970.7
1769832000,83970.4,84123.2,83358.3,83510.8
1769846400,83510.8,83608.8,82530.1,82970.8
1769860800,82967.5,83131.3,80750.0,81274.2
1769875200,81274.3,82186.2,75566.6,77689.9
1769889600,77694.3,79215.6,77037.1,78705.6
1769904000,78703.3,79366.0,78266.7,78828.4
1769918400,78828.4,79107.9,77890.8,78328.4
1769932800,78328.4,79191.4,78101.0,78727.9
1769947200,78733.9,78745.3,76738.2,77544.2
1769961600,77548.4,78425.2,76940.2,77157.9
1769976000,77151.8,77767.1,75656.0,76918.1
1769990400,76922.9,78123.8,74560.0,76249.9
1770004800,76270.1,76938.3,74842.0,76620.8
1770019200,76620.8,77934.8,76571.5,77707.9
1770033600,77707.9,79320.0,77489.2,78792.2
1770048000,78792.2,79250.0,78231.9,78285.4
1770062400,78279.6,78944.1,77860.0,78683.0
1770076800,78680.1,79170.6,77620.0,78702.3
1770091200,78702.4,78987.8,77893.0,78736.2
1770105600,78738.4,79040.1,77914.5,78024.5
1770120000,78032.8,78432.3,77000.5,78089.8
1770134400,78092.5,78098.2,72900.0,74893.2
1770148800,74885.7,76931.6,74541.7,75747.5
1770163200,75727.0,76945.6,75409.3,76646.0
1770177600,76646.2,76813.7,76060.2,76470.7
1770192000,76490.6,76573.1,75625.0,75972.3
1770206400,75979.9,76251.2,73753.3,74083.1
1770220800,74108.0,74221.6,72103.6,73895.0
1770235200,73886.7,74142.5,71825.4,73139.3
1770249600,73147.9,73325.0,71115.8,71213.2
1770264000,71232.9,71600.0,70087.3,70697.3
1770278400,70705.1,71946.6,69875.0,70300.1
1770292800,70301.8,70832.9,66657.9,67455.4
1770307200,67464.7,68637.6,65147.0,65232.5
1770321600,65234.9,65683.2,62247.7,62861.2
1770336000,62861.2,65974.2,59881.5,64150.7
1770350400,64149.3,66787.4,63934.7,64780.8
1770364800,64807.5,66740.0,64443.9,66599.9
1770379200,66582.7,69168.1,66063.6,68560.8
1770393600,68554.6,71462.1,68371.6,70663.9
1770408000,70661.5,71722.6,69776.7,70523.7
1770422400,70520.3,70913.7,69674.4,70894.1
1770436800,70897.7,71671.8,67272.9,68044.2
1770451200,68048.2,68794.4,67549.9,67947.1
1770465600,67942.8,69967.6,67873.9,69099.8
1770480000,69118.4,69892.6,68500.0,69341.7
1770494400,69322.7,69690.0,68725.9,69246.6
1770508800,69256.1,69666.7,68844.5,69093.5
1770523200,69069.3,69685.0,68927.7,69674.3
1770537600,69674.8,71198.2,69459.8,70956.6
1770552000,70957.7,71520.6,70647.2,71156.7
1770566400,71148.2,71494.3,70211.0,71381.2
1770580800,71388.5,72259.7,69946.5,70304.8
1770595200,70301.1,71427.3,70000.2,71296.8
1770609600,71272.0,71331.9,70250.9,70380.9
1770624000,70387.9,70582.7,68374.1,68873.7
1770638400,68873.0,69835.9,68274.5,69547.2
1770652800,69529.7,71038.6,69039.2,70908.9
1770667200,70889.0,71085.7,69770.6,70097.5
1770681600,70108.8,70504.5,69150.6,69483.8
1770696000,69461.5,69885.4,68647.0,68876.2
1770710400,68890.8,69390.0,68415.0,68510.0
1770724800,68510.0,69549.9,67877.3,69236.9
1770739200,69237.0,69970.0,68541.8,69040.4
1770753600,69026.0,69087.0,68315.2,68786.1
1770768000,68793.8,69269.0,67959.1,68130.9
1770782400,68126.0,68289.7,66508.9,67013.3
1770796800,67013.9,67097.4,66342.3,67031.7
1770811200,67026.5,68830.2,65711.0,66476.2
1770825600,66468.9,67814.1,65838.6,67554.3
1770840000,67534.2,68324.2,66744.0,67067.7
1770854400,67065.9,68026.2,67010.6,67558.4
1770868800,67545.7,67652.0,66626.9,67177.0
1770883200,67185.9,68268.0,66855.9,68057.5
1770897600,68045.2,68380.0,66966.9,67095.5
1770912000,67101.6,67214.2,65078.6,65736.8
1770926400,65751.6,66470.1,65167.1,66220.9
1770940800,66223.6,66791.9,65828.6,66515.9
1770955200,66522.3,66649.8,65961.2,66195.8
1770969600,66199.8,67195.9,66159.8,67126.2
1770984000,67116.8,69272.7,66819.6,68650.6
1770998400,68649.6,69444.0,68504.6,68897.8
1771012800,68895.7,69066.0,68639.9,68870.0
1771027200,68823.4,69105.8,68741.2,68933.9
1771041600,68945.5,69328.0,68678.6,69183.9
1771056000,69180.3,70551.9,69176.9,70477.5
1771070400,70464.3,70496.9,69181.9,69767.6
1771084800,69750.2,69911.0,69247.8,69811.7
1771099200,69827.9,70233.5,69634.2,69784.2
1771113600,69780.1,69967.0,69223.0,69933.8
1771128000,69933.7,70906.6,69922.6,70795.6
1771142400,70795.5,70952.7,70125.7,70272.0
1771156800,70266.7,70384.5,68733.8,69072.3
1771171200,69068.5,69076.0,68036.2,68253.9
1771185600,68254.7,69058.6,68091.8,68800.0
1771200000,68799.9,69045.0,68115.1,68400.7
1771214400,68399.8,68866.7,68184.4,68566.2
1771228800,68567.7,69034.8,68286.9,68783.8
1771243200,68770.9,70117.9,67250.0,67511.8
1771257600,67519.9,68225.2,67475.0,67872.0
1771272000,67872.0,68969.5,67781.7,68874.3
1771286400,68878.6,69230.1,68341.9,68434.0
1771300800,68434.1,68666.6,67853.9,68347.0
1771315200,68349.6,68458.8,67649.3,67810.0
1771329600,67819.2,68348.4,66580.2,67372.4
1771344000,67379.8,68224.3,66854.9,67755.8
1771358400,67757.3,67891.5,67342.3,67462.5
1771372800,67462.4,67663.7,66848.6,67590.5
1771387200,67586.9,68191.0,67453.9,68074.5
1771401600,68075.3,68444.0,67032.0,67322.1
1771416000,67331.5,68346.2,66673.7,67659.3
1771430400,67659.9,67675.4,65822.5,66150.6
1771444800,66150.6,66538.3,65995.0,66440.3
1771459200,66435.8,66984.0,66295.0,66959.4
1771473600,66959.5,67291.7,66646.6,67182.4
1771488000,67175.8,67175.8,66434.9,66470.9
1771502400,66466.3,66728.9,65595.0,66375.9
1771516800,66372.7,67187.4,65853.4,67019.6
1771531200,67018.5,67151.7,66611.0,66980.1
1771545600,66972.7,67478.7,66900.6,67322.0
1771560000,67322.9,67993.3,67071.9,67782.7
1771574400,67813.0,68294.9,67237.1,67275.9
1771588800,67284.7,68105.7,66402.9,67539.0
1771603200,67544.7,67999.9,66905.6,67606.3
1771617600,67606.1,68215.5,67500.1,67993.2
1771632000,67993.2,68089.0,67485.8,67639.1
1771646400,67636.6,67911.0,67552.8,67834.5
1771660800,67834.6,68277.5,67788.0,68071.9
1771675200,68074.3,68680.8,67884.1,68583.5
1771689600,68591.7,68642.4,68073.3,68502.6
1771704000,68497.6,68579.5,67875.4,67950.0
1771718400,67921.4,68211.9,67759.4,68023.6
1771732800,68022.1,68153.3,67847.7,67986.6
1771747200,67986.6,68227.9,67874.8,68183.5
1771761600,68183.5,68213.2,67265.1,67667.7
1771776000,67667.7,67704.9,67122.3,67388.7
1771790400,67388.7,67730.0,67315.8,67600.1
1771804800,67602.0,67649.9,64222.0,64881.0
1771819200,64911.9,65991.5,64642.2,65923.1
1771833600,65919.8,66586.3,65533.1,66172.7
1771848000,66173.9,66480.0,65492.7,65636.9
1771862400,65636.3,65713.1,64037.4,64261.0
1771876800,64257.8,64976.9,63849.1,64638.3
1771891200,64638.3,64992.7,63321.6,63568.1
1771905600,63568.2,63619.1,62651.5,63175.3
1771920000,63162.8,63410.8,62888.3,63204.6
1771934400,63204.9,64000.0,62420.7,63930.6
1771948800,63936.0,64721.8,63652.1,64392.5
1771963200,64392.6,64571.8,63789.1,64032.3
1771977600,64026.2,66291.0,63874.2,65364.2
1771992000,65365.8,65627.6,64721.8,65006.6
1772006400,65006.6,65686.5,64925.1,65402.0
1772020800,65394.0,67540.0,65275.0,67381.9
1772035200,67375.2,69541.0,67355.4,68989.7
1772049600,68996.7,70000.0,67550.8,67949.9
1772064000,67946.4,68662.9,67685.0,68189.4
1772078400,68189.4,68832.5,67771.6,67788.6
1772092800,67788.7,68687.4,67753.4,68018.1
1772107200,68030.4,68284.2,66712.8,67351.0
1772121600,67352.1,67881.5,66463.3,67549.3
1772136000,67560.9,67799.6,67100.6,67459.9
1772150400,67458.3,67683.5,66836.6,67551.8
1772164800,67562.3,68192.5,67412.9,67630.6
1772179200,67624.1,68132.3,65919.1,66086.7
1772193600,66084.7,66321.2,65618.0,66081.4
1772208000,66068.8,66092.8,65100.0,65348.8
1772222400,65352.3,65932.1,64877.6,65834.0
1772236800,65826.4,66002.3,65677.0,65776.9
1772251200,65776.9,65797.0,65440.3,65653.5
