timestamp,open,high,low,close,volume
1640995200,46218.3,46943.0,46216.2,46809.1,1352.69706136
1641009600,46807.7,47552.0,46631.8,47197.0,2006.37089053
1641024000,47197.1,47337.4,46723.3,46760.5,1626.73167761
1641038400,46760.5,47486.7,46760.5,47217.3,1639.4315417
1641052800,47218.0,47947.9,47180.0,47333.8,3555.71014039
1641067200,47333.8,47816.3,47230.9,47731.4,2047.33232342
1641081600,47731.5,47752.2,47265.5,47330.0,2462.30375553
1641096000,47330.0,47418.7,46761.8,47177.8,2424.19168814
1641110400,47177.8,47500.0,46976.8,47233.7,1480.19220483
1641124800,47233.6,47460.0,47009.1,47346.0,1024.65546577
1641139200,47346.0,47994.1,46666.0,46912.3,2089.25580896
1641153600,46910.1,47472.3,46830.1,47290.0,747.62881842
1641168000,47290.0,47290.1,46718.2,46801.9,1110.7067637
1641182400,46801.9,47206.4,46755.2,47051.3,952.73674084
1641196800,47051.3,47429.7,46786.0,47372.4,3719.18886905
1641211200,47372.4,47570.0,46581.3,46687.2,2704.38247256
1641225600,46687.1,46783.6,46276.2,46375.0,1981.66143366
1641240000,46371.9,46576.5,45688.0,46446.7,2645.9645451
1641254400,46446.7,46546.2,45950.0,46316.7,1772.60332087
1641268800,46316.6,46572.1,46025.0,46546.8,1980.95217733
1641283200,46546.9,46756.5,46295.1,46735.1,1992.94848134
1641297600,46735.2,47600.0,46410.6,46919.9,3310.89255092
1641312000,46919.9,46971.8,45500.0,46052.3,3678.57002604
1641326400,46052.8,46428.2,45756.3,45830.1,1611.48364042
1641340800,45830.0,46554.1,45716.7,46426.3,1530.41676987
1641355200,46426.3,46524.5,46251.6,46404.0,1008.2916277
1641369600,46404.0,47058.0,46112.0,46270.0,1909.84240407
1641384000,46270.0,46837.3,45900.4,46615.4,2850.5535348
1641398400,46615.5,46682.5,44266.2,44677.9,6785.95252114
1641412800,44677.9,44824.6,42444.1,43450.0,7605.44002137
1641427200,43454.3,43786.0,42830.0,42836.0,2764.89770953
1641441600,42840.8,43270.1,42592.5,43236.2,2707.86473014
1641456000,43236.2,43260.7,42416.4,42868.7,1560.32793781
1641470400,42868.6,43235.0,42637.2,42948.1,1821.48681207
1641484800,42948.0,43507.2,42754.2,43435.6,1193.56429124
1641499200,43435.6,43580.1,43016.2,43078.6,481.10579898
1641513600,43078.6,43140.3,41550.0,41798.1,3796.99413668
1641528000,41798.1,41944.1,40981.4,41700.0,4295.9831754
1641542400,41700.1,42888.0,41610.0,42256.4,3317.46195971
1641556800,42256.5,42780.1,40565.8,41324.0,5006.81420685
1641571200,41320.0,42433.0,40921.7,41767.3,4456.31433085
1641585600,41771.9,42054.8,41321.4,41558.3,2567.40200479
1641600000,41558.3,42248.3,41558.3,41809.2,4088.03489102
1641614400,41809.1,41994.2,41744.0,41915.6,3100.72915269
1641628800,41912.0,42200.0,41768.0,41942.1,3626.20599145
1641643200,41942.1,42051.0,41384.4,41615.9,3229.21007573
1641657600,41615.8,41732.5,40515.9,40825.4,2954.09699856
1641672000,40825.3,42301.9,40721.1,41683.5,1361.2308757
1641686400,41683.5,42176.0,41393.0,41831.4,2304.21392115
1641700800,41831.4,42093.6,41688.0,41785.3,1081.08864029
1641715200,41785.3,41985.0,41413.0,41866.9,1566.37557238
1641729600,41865.6,41919.9,41200.0,41616.2,934.56150833
1641744000,41616.3,42742.2,41582.0,42690.5,990.71708996
1641758400,42690.6,42780.0,41773.3,41866.8,630.93918517
1641772800,41866.7,42034.6,41600.0,41971.2,1194.5542563
1641787200,41971.2,42235.5,41825.7,42042.8,1294.13614724
1641801600,42042.8,42110.0,41457.3,41550.0,1845.03636394
1641816000,41550.0,41607.7,39636.1,40975.6,6386.05866511
1641830400,40975.7,42140.4,40544.3,41290.7,4828.49366475
1641844800,41293.8,41989.4,41164.1,41820.0,618.09498326
1641859200,41820.0,42390.0,41541.5,42272.5,1719.00491293
1641873600,42272.6,42359.1,41980.0,42205.5,1394.11130044
1641888000,42209.4,42637.3,41586.3,41824.8,2270.51599755
1641902400,41820.5,42200.0,41268.9,41730.3,1582.43762887
1641916800,41730.3,43099.2,41684.5,42978.9,2771.08212871
1641931200,42978.9,43098.0,42615.5,42725.5,475.09535634
1641945600,42725.5,42954.8,42463.4,42608.3,1204.95339613
1641960000,42608.3,42863.1,42468.0,42570.7,1252.02598015
1641974400,42570.7,43463.2,42521.2,42940.5,2721.03943699
1641988800,42940.6,44074.5,42882.8,43553.3,2894.49393322
1642003200,43556.7,43880.5,43333.0,43741.8,907.17390792
1642017600,43741.9,44350.0,43630.0,43908.9,785.26816986
1642032000,43909.0,44060.3,43428.9,43510.4,1302.23884295
1642046400,43510.5,43795.0,43500.0,43699.5,1071.98337095
1642060800,43701.7,44012.5,43504.0,43610.6,1374.24447714
1642075200,43610.5,44431.1,42882.5,43202.2,3340.05028757
1642089600,43202.3,43500.0,42531.8,42703.4,1131.85351391
1642104000,42703.4,42884.3,42320.0,42565.2,836.1206266
1642118400,42565.2,42780.4,42368.6,42640.5,1287.3460597
1642132800,42638.0,42966.0,42603.5,42656.6,1485.6685571
1642147200,42656.7,42693.0,41833.5,42010.4,2939.02982056
1642161600,42010.4,43347.5,41748.0,43104.1,2203.47262997
1642176000,43104.0,43408.3,42782.7,43091.3,822.99560643
1642190400,43091.3,43453.2,43007.2,43066.2,385.68981493
1642204800,43066.2,43185.4,42862.9,42942.3,987.63710457
1642219200,42942.3,43096.9,42728.4,43093.7,835.16021906
1642233600,43093.2,43284.6,42900.0,43023.9,1141.60379229
1642248000,43023.8,43410.5,42566.4,43410.4,2275.50948675
1642262400,43410.4,43556.8,43243.4,43524.9,801.12198977
1642276800,43525.5,43799.0,43074.5,43079.4,570.18209625
1642291200,43079.5,43150.0,42838.2,42981.3,793.85753678
1642305600,42981.4,43249.2,42864.2,43201.9,847.84393244
1642320000,43201.8,43300.9,42774.4,42974.8,1149.87519171
1642334400,42973.9,43418.0,42600.0,43225.4,2318.41362382
1642348800,43225.5,43477.9,42805.4,42840.4,532.82259852
1642363200,42840.4,43272.2,42756.2,43069.4,197.33186436
1642377600,43070.0,43175.5,42630.9,42645.2,1215.95228945
1642392000,42645.3,42961.1,42317.6,42652.8,1570.2560115
1642406400,42652.8,42900.0,42570.2,42659.3,1082.73062132
1642420800,42659.2,42777.6,42388.9,42478.4,1151.08081893
1642435200,42475.1,42536.0,41822.7,42234.3,950.90263746
1642449600,42235.4,42372.0,41555.5,42204.9,744.44743331
1642464000,42204.9,42435.0,41975.5,42046.8,1204.76145284
1642478400,42046.9,42339.4,41893.8,42059.7,1057.94803846
1642492800,42059.6,42059.6,41454.3,41868.3,1347.35143553
1642507200,41865.0,41943.7,41284.9,41585.5,1257.56862431
1642521600,41585.6,41780.0,41389.3,41700.0,446.55975393
1642536000,41700.1,42690.0,41498.8,42350.3,444.20875033
1642550400,42350.3,42511.5,41576.4,41705.9,1368.18888222
1642564800,41705.9,41853.4,41169.3,41279.6,2391.55599046
1642579200,41279.6,42175.6,41140.0,42039.9,2246.41036097
1642593600,42040.0,42573.0,41829.9,41977.7,1420.63424342
1642608000,41977.7,42350.0,41691.9,41870.0,935.33824163
1642622400,41870.0,41993.8,41553.7,41658.6,442.92305528
1642636800,41658.5,42080.0,41650.6,41927.1,2310.90034285
1642651200,41927.1,42154.0,41766.7,42062.1,1133.66253499
1642665600,42062.2,42235.5,41819.6,42130.9,458.96453604
1642680000,42131.0,43447.6,41929.7,43295.5,2074.70215454
1642694400,43299.9,43497.0,42806.4,42920.6,1491.54253114
1642708800,42920.5,42985.3,40562.6,40676.4,3199.37044022
1642723200,40676.4,41097.6,38231.2,38462.5,9617.21377178
1642737600,38462.6,39166.4,38442.8,39139.8,1610.09651373
1642752000,39139.7,39330.7,38673.0,38898.0,1192.75162208
1642766400,38898.0,39035.2,37688.0,38858.1,3732.49184826
1642780800,38858.2,39057.3,37834.8,37980.5,1847.14581468
1642795200,37983.7,38466.6,35420.4,36458.1,9523.55720151
1642809600,36454.6,36830.1,36005.0,36339.9,3225.68614228
1642824000,36339.9,36430.0,35108.3,35399.9,3964.49615008
1642838400,35396.5,35939.0,34000.0,35403.3,9659.47179898
1642852800,35403.3,36177.8,34808.5,34840.1,2652.92843311
1642867200,34840.0,35497.2,34252.4,34529.5,3678.26129513
1642881600,34533.0,35743.2,34436.6,35063.5,2094.45389508
1642896000,35063.5,35520.0,34820.4,35056.6,2356.52495539
1642910400,35054.6,35744.3,34946.7,35581.0,1922.45888562
1642924800,35581.0,36145.3,35350.3,35683.6,2083.98836694
1642939200,35683.7,36070.4,35057.1,35300.0,1798.09768449
1642953600,35300.0,35453.6,34560.0,34781.6,1195.58292906
1642968000,34781.6,36545.2,34716.7,36257.6,2187.02463997
1642982400,36257.5,36257.6,35170.0,35332.7,2139.83493696
1642996800,35332.6,35473.9,34820.0,34885.5,2256.87270255
1643011200,34885.6,35575.6,33003.0,33698.2,6298.51659881
1643025600,33698.2,34362.2,32928.1,34245.5,7150.77475696
1643040000,34245.6,36425.0,33808.0,36069.0,5508.66342473
1643054400,36069.0,38300.0,35956.4,36667.0,2753.45728493
1643068800,36666.9,36680.0,35968.0,36422.6,2397.07730533
1643083200,36422.5,36486.1,35709.5,36058.3,2141.59233165
1643097600,36057.2,36777.0,36013.1,36400.1,2854.57176874
1643112000,36400.1,37159.4,35975.7,36548.0,2497.24590836
1643126400,36551.9,38118.4,36519.9,37064.0,1654.63570495
1643140800,37064.1,37100.0,36430.6,36952.0,1104.79507199
1643155200,36951.9,37500.0,36558.1,37388.0,2227.20866016
1643169600,37388.0,37972.5,37147.8,37335.9,2561.97015814
1643184000,37337.8,38631.9,37328.6,38072.0,1680.83313871
1643198400,38072.1,38493.6,37610.3,37988.0,1600.30445083
1643212800,37988.1,38900.0,37400.0,37575.9,9433.94008282
1643227200,37575.9,37575.9,36259.6,36809.9,2449.65388023
1643241600,36810.0,37091.8,35524.1,35756.5,1928.66294007
1643256000,35757.5,36301.0,35706.1,36180.6,1666.63526528
1643270400,36184.0,36793.8,35849.9,36699.9,1974.34949932
1643284800,36700.0,37207.8,36500.0,36644.0,1217.84642838
1643299200,36644.1,36781.8,35900.0,36220.1,1623.17369103
1643313600,36220.0,37221.8,35546.3,37166.1,1490.66970377
1643328000,37166.0,37463.9,36630.0,37350.0,1078.0180648
1643342400,37351.0,37487.0,36789.7,36806.4,1095.6749636
1643356800,36806.4,36887.9,36333.3,36446.1,928.16146054
1643371200,36446.1,37301.0,36150.0,37186.5,1654.64008894
1643385600,37186.5,37383.6,36776.3,37222.4,775.84828552
1643400000,37222.4,38000.0,37136.4,37717.5,769.67223366
1643414400,37717.5,37981.7,37460.6,37728.1,546.3901268
1643428800,37728.1,37923.2,37604.0,37838.4,437.76333881
1643443200,37838.4,37920.0,37576.0,37739.0,293.83612529
1643457600,37739.0,38194.5,37305.8,37562.0,1122.29742785
1643472000,37560.0,37950.5,37300.0,37861.9,469.46357644
1643486400,37861.9,38737.6,37842.1,38173.8,1686.01579419
1643500800,38173.8,38276.0,37748.3,37917.9,408.93749475
1643515200,37917.9,38302.0,37914.0,38245.9,544.58299502
1643529600,38245.9,38400.9,37826.0,38113.6,637.76117182
1643544000,38113.5,38160.0,37725.3,37977.2,525.04272552
1643558400,37978.0,38066.0,37444.5,37517.0,404.51397882
1643572800,37516.9,38242.5,37354.8,37894.1,577.4790154
1643587200,37894.1,37950.0,36638.0,37027.9,1266.40167698
1643601600,37027.9,37184.1,36814.0,37118.8,405.12340232
1643616000,37118.7,37348.8,36900.0,37273.0,565.10875549
1643630400,37273.1,37897.0,36815.0,37720.0,1317.47839328
1643644800,37720.9,38750.2,37682.6,38428.0,1919.21176344
1643659200,38427.9,38737.9,38250.0,38468.0,400.51391656
1643673600,38468.0,38649.7,38178.7,38599.0,556.15828577
1643688000,38599.0,38644.0,38228.5,38433.0,535.80489226
1643702400,38433.1,39100.0,38001.0,38433.0,1207.93186699
1643716800,38432.0,39032.9,38190.0,38615.0,1163.93174613
1643731200,38615.1,39300.0,38338.0,38379.1,990.22584276
1643745600,38379.1,38893.0,38373.2,38700.0,341.02262106
1643760000,38700.0,38855.6,38382.5,38559.7,378.30982422
1643774400,38559.6,38559.6,38204.5,38274.0,552.40971751
1643788800,38274.0,38599.9,38225.6,38491.0,292.60840059
1643803200,38491.0,38749.5,37355.5,37427.5,1885.39375923
1643817600,37426.5,37659.9,37076.0,37563.4,928.72598787
1643832000,37563.5,37656.0,36577.0,36899.8,1126.19283107
1643846400,36899.8,37048.0,36734.8,36832.0,885.76145383
1643860800,36832.1,37093.3,36792.6,37024.1,712.07004826
1643875200,37024.1,37102.0,36283.6,36779.3,1270.01024845
1643889600,36779.3,36975.0,36254.0,36914.4,1317.70881185
1643904000,36914.4,37108.9,36450.0,36559.0,597.29065737
1643918400,36558.0,37931.6,36268.4,37320.5,1104.252422
1643932800,37320.4,37451.9,37000.0,37307.9,564.42266619
1643947200,37307.9,38216.0,37253.4,37874.0,1182.42063555
1643961600,37875.9,38244.0,37800.0,37814.0,873.5005682
1643976000,37814.1,39833.0,37300.0,39486.8,4312.68120466
1643990400,39486.9,40881.1,39448.1,40730.1,3141.32851793
1644004800,40730.0,41745.6,40394.0,41574.0,1583.79066812
1644019200,41575.9,41920.0,41179.3,41446.0,1014.75763393
1644033600,41446.0,41740.0,41372.0,41385.1,566.47902311
1644048000,41385.0,41660.6,41207.9,41437.2,848.49683053
1644062400,41437.3,41900.0,41323.2,41770.0,966.34763657
1644076800,41770.0,41860.0,40947.5,41547.8,936.12108079
1644091200,41547.9,41770.0,41350.0,41390.1,294.57453956
1644105600,41390.1,41630.8,41342.0,41449.0,315.61529388
1644120000,41449.1,41710.0,41312.0,41618.0,446.72736217
1644134400,41616.0,41686.7,41451.5,41526.0,249.36521753
1644148800,41526.0,42222.0,41114.1,41514.0,1401.01228032
1644163200,41514.0,41745.6,41422.4,41714.5,357.39023867
1644177600,41714.6,42718.4,41484.2,42380.4,890.72597614
1644192000,42380.4,42950.0,41650.0,42829.9,2263.28067153
1644206400,42829.9,43033.0,42558.1,42726.0,845.76679617
1644220800,42726.1,42758.0,42241.5,42715.8,602.39133678
1644235200,42715.8,43887.8,42479.5,43832.0,1876.36826456
1644249600,43832.0,44515.5,43481.0,44260.4,2088.571906
1644264000,44260.4,44432.6,43743.2,43846.0,753.47543632
1644278400,43846.0,44189.5,43566.0,44174.0,664.02659557
1644292800,44174.1,45486.0,44076.6,44866.7,2810.96978593
1644307200,44866.1,44919.8,43538.8,43991.9,2483.13694473
1644321600,43991.9,43991.9,42888.0,43428.8,2458.16869146
1644336000,43428.7,43688.0,42668.1,43003.5,1280.107856
1644350400,43003.9,44390.0,42954.0,44039.9,1316.91366542
1644364800,44041.2,44337.5,43128.7,43347.9,788.96494451
1644379200,43347.9,43916.0,43128.0,43816.0,611.77954668
1644393600,43816.1,43934.6,43186.9,43722.0,883.04146777
1644408000,43720.1,44440.0,43632.0,43874.6,1271.15054401
1644422400,43874.6,44700.0,43609.9,44468.0,911.9744738
1644436800,44468.0,44822.9,44220.6,44378.7,660.26661989
1644451200,44378.8,44403.4,43567.0,43775.3,863.18386421
1644465600,43775.9,44123.9,43582.0,44090.8,628.79930839
1644480000,44090.8,45180.6,44060.0,44833.2,1292.61938249
1644494400,44833.1,45678.0,43166.4,44947.1,6595.9234119
1644508800,44947.1,45832.2,44340.4,44368.0,2290.24214004
1644523200,44369.9,44589.9,43328.6,43490.7,1349.45887462
1644537600,43492.0,43742.2,42604.1,43342.0,1914.35753682
1644552000,43341.9,43405.9,42824.1,43354.1,724.82929729
1644566400,43354.0,43611.2,42867.3,43358.7,847.11566471
1644580800,43358.1,43923.9,43262.0,43672.0,1063.44701219
1644595200,43671.9,43756.0,42056.0,42739.8,1801.0404019
1644609600,42739.9,42866.1,41928.6,42377.6,1451.75768462
1644624000,42376.0,42496.3,42158.4,42288.9,538.50503769
1644638400,42288.9,42434.0,41741.0,42105.9,775.09928408
1644652800,42105.8,42446.1,41860.0,42401.9,761.08473997
1644667200,42401.9,42438.5,41810.0,42132.0,833.50050671
1644681600,42129.8,43000.0,42000.0,42658.0,846.6944974
1644696000,42658.0,42750.0,41708.9,42216.1,852.73948901
1644710400,42217.1,42520.6,42066.6,42228.1,435.04468548
1644724800,42228.1,42455.9,42121.8,42414.4,280.32758093
1644739200,42414.4,42640.0,42250.3,42467.9,452.25195437
1644753600,42468.0,42771.9,42180.0,42562.6,839.62388152
1644768000,42562.6,42580.8,41868.7,42037.9,780.74103383
1644782400,42037.9,42495.0,41951.0,42053.9,438.26328849
1644796800,42053.9,42172.1,41555.5,41915.0,1216.74249028
1644811200,41913.0,42363.4,41734.1,42312.1,757.95392949
1644825600,42312.1,42406.0,41920.0,42120.8,786.05497557
1644840000,42120.7,42836.9,41962.0,42576.7,1031.65307716
1644854400,42576.8,42820.0,41800.1,42117.9,1351.62759237
1644868800,42117.8,42799.8,41992.1,42532.5,687.60482676
1644883200,42532.5,43678.0,42419.8,43574.1,1388.17838098
1644897600,43574.0,43770.3,43353.5,43691.1,833.87226017
1644912000,43691.1,44428.5,43611.6,44236.0,1318.2112642
1644926400,44236.0,44500.0,44016.0,44196.2,769.18660747
1644940800,44196.2,44255.8,43865.0,44000.0,762.15845562
1644955200,44000.0,44761.3,43955.2,44549.9,726.10895432
1644969600,44550.0,44559.9,43900.0,43980.0,743.08617157
1644984000,43980.1,44189.9,43682.4,44185.5,667.86031705
1644998400,44185.5,44325.1,43882.9,44170.0,628.25134014
1645012800,44169.9,44208.0,43318.1,43599.8,1017.19649456
1645027200,43599.9,44338.0,43360.1,44212.4,766.00115156
1645041600,44212.4,44368.0,43844.1,43880.1,300.65271423
1645056000,43880.1,44153.9,43582.3,43582.5,615.1870293
1645070400,43582.5,43951.5,43354.0,43923.0,583.09087303
1645084800,43920.5,44031.1,42918.0,43169.9,1074.40128767
1645099200,43169.9,43341.9,41700.0,41912.8,2156.2643488
1645113600,41914.3,42098.0,40760.0,41190.1,2485.32708027
1645128000,41190.0,41190.0,40060.0,40514.2,1417.42720542
1645142400,40514.2,40933.9,40291.1,40685.0,986.43753799
1645156800,40685.1,40773.7,40496.0,40668.0,684.29475714
1645171200,40668.0,40958.0,40101.0,40183.1,935.34948281
1645185600,40183.2,40806.7,39638.3,39829.9,2652.69348421
1645200000,39829.8,40450.3,39447.1,40206.0,1706.09831934
1645214400,40208.0,40353.1,39740.0,39984.1,371.11010634
1645228800,39984.0,40303.2,39922.0,40127.9,356.06329003
1645243200,40128.0,40446.4,40074.0,40264.0,524.08864187
1645257600,40264.0,40294.0,39652.2,39842.0,740.18549205
1645272000,39842.0,40069.3,39642.8,39972.1,602.88549184
1645286400,39972.1,40350.0,39853.0,39970.0,525.51134949
1645300800,39971.9,40132.0,39800.0,40072.5,194.45678527
1645315200,40072.6,40118.9,39700.0,39797.9,329.85942018
1645329600,39798.0,39842.0,38577.7,38796.0,1807.12559598
1645344000,38796.0,38840.0,37955.5,38336.0,1322.78972303
1645358400,38336.0,38612.9,38031.1,38340.0,604.95558636
1645372800,38339.5,38497.9,38180.0,38393.2,327.44093236
1645387200,38393.2,38983.7,38050.3,38380.0,601.04016576
1645401600,38380.0,39388.4,38196.0,38920.0,914.25814894
1645416000,38919.6,39493.9,38908.1,39291.1,844.23711368
1645430400,39291.1,39358.0,37348.5,37586.0,1576.06638761
1645444800,37584.0,39294.0,37199.9,38830.0,3600.42845413
1645459200,38830.0,39150.0,37523.2,38136.0,3133.33172766
1645473600,38136.0,38439.9,36800.0,37012.6,2131.56141242
1645488000,37012.7,37470.3,36352.0,36588.0,1899.61661625
1645502400,36588.0,37241.7,36528.8,36772.1,1212.6495658
1645516800,36772.1,37854.0,36747.7,37520.0,1175.00104729
1645531200,37521.9,38309.9,37279.7,37766.0,1714.8512813
1645545600,37765.9,38179.9,37390.0,38064.1,1378.78387226
1645560000,38064.1,38433.0,37762.0,38234.1,736.55351377
1645574400,38234.1,38353.9,37539.3,37749.6,807.82253681
1645588800,37749.7,38218.0,37718.0,38157.2,730.83522575
1645603200,38157.2,39121.3,38084.3,38783.9,1844.67783751
1645617600,38784.0,39250.0,38450.1,38523.5,1046.54874693
1645632000,38523.6,38779.3,37540.0,37617.9,1250.40693523
1645646400,37617.9,37788.0,37038.9,37248.0,1137.16900852
1645660800,37247.9,37415.9,34732.1,34948.3,4743.42130743
1645675200,34948.4,35605.3,34322.0,35319.9,4323.96159063
1645689600,35311.8,35884.3,34823.2,35451.5,2834.81390939
1645704000,35450.5,36122.7,35068.0,35920.0,2861.5983598
1645718400,35918.2,37369.5,35729.6,37306.0,3685.8104415
1645732800,37304.0,39871.3,37282.7,38332.0,6286.72154066
1645747200,38331.6,39023.0,38152.3,38926.0,1351.74879656
1645761600,38926.1,38975.4,38300.0,38482.1,963.82015692
1645776000,38482.1,38871.7,38023.6,38746.0,1305.27379065
1645790400,38746.0,39692.0,38689.9,39416.9,2545.00883238
1645804800,39417.0,39599.8,38526.8,38674.6,1009.7476725
1645819200,38674.7,39598.0,38614.0,39222.0,811.09524721
1645833600,39222.0,40308.0,39082.0,39398.1,1669.87412092
1645848000,39398.0,39467.5,38958.4,39203.2,563.35450044
1645862400,39204.0,39549.9,38584.8,38938.7,976.39144465
1645876800,38938.7,39388.0,38782.8,39216.9,751.80536064
1645891200,39217.0,39437.9,38834.0,39256.4,528.27735484
1645905600,39256.4,39684.5,38902.1,39108.0,685.15953556
1645920000,39108.3,39253.0,38196.3,38597.9,1157.14831578
1645934400,38598.0,38875.6,38457.0,38794.7,799.58579328
1645948800,38793.3,39547.0,38623.5,39478.1,1351.54384264
1645963200,39478.1,39860.0,38546.2,39361.5,1808.37506146
1645977600,39355.2,39446.0,37512.3,37605.9,2588.10244262
1645992000,37605.9,38296.1,36965.8,37698.0,2267.94292693
1646006400,37697.9,38398.0,37450.1,37786.0,1195.00986428
1646020800,37788.0,38462.5,37475.0,38342.7,1203.09474593
1646035200,38342.7,38677.9,38079.4,38327.1,718.81345052
1646049600,38327.1,40900.0,37942.9,40823.1,4383.47769255
1646064000,40823.2,41460.0,40700.0,41332.1,2734.3495122
1646078400,41332.0,44215.8,41257.2,43171.2,4563.07735142
1646092800,43171.1,43746.7,42872.0,43150.0,1385.70966283
1646107200,43149.9,43540.2,42973.9,43486.6,1623.98388602
1646121600,43486.8,43866.4,42833.4,43609.9,1751.66277464
1646136000,43610.0,44949.6,43357.7,43639.7,3710.46250329
1646150400,43640.1,44069.6,43226.0,43719.9,1003.68944142
1646164800,43720.0,44499.2,43692.1,44400.0,805.43794608
1646179200,44400.0,44746.0,43834.0,44336.0,1243.36831446
1646193600,44335.9,44542.0,43670.0,43976.4,906.95733754
1646208000,43976.4,44341.3,43755.7,44106.0,900.66674156
1646222400,44105.3,45333.0,43341.8,44123.9,4301.90605771
1646236800,44124.0,44482.6,43441.9,43702.5,884.29293127
1646251200,43705.9,44372.0,43684.5,43904.1,459.66130167
1646265600,43904.1,44058.2,43200.0,43322.0,869.06524537
1646280000,43322.0,43673.3,42924.6,43476.0,974.46752742
1646294400,43475.9,43619.9,43078.0,43390.1,715.65734313
1646308800,43390.1,44085.9,42353.0,42545.3,2040.71829035
1646323200,42545.3,42742.1,42050.5,42221.3,1078.45968761
1646337600,42223.9,42696.6,41836.0,42454.1,1112.39072947
1646352000,42454.1,42522.0,41063.8,41451.1,1790.22169827
1646366400,41450.1,41504.0,41116.0,41433.2,855.23981028
1646380800,41433.2,41897.2,40856.9,41654.0,2241.40399801
1646395200,41655.9,41838.6,40556.0,40687.3,3087.57341806
1646409600,40687.3,40963.1,39666.0,39782.0,1351.70762489
1646424000,39783.9,39878.3,38555.0,39140.0,1687.9960145
1646438400,39140.0,39182.6,38576.0,39042.1,734.07116429
1646452800,39042.1,39125.8,38666.0,39014.3,909.19442374
1646467200,39014.3,39276.0,38800.0,39127.6,618.00124903
1646481600,39127.6,39381.5,38900.0,39156.1,484.35977561
1646496000,39156.1,39611.0,39118.6,39432.8,1029.19621084
1646510400,39432.7,39585.3,39288.0,39394.0,435.26347129
1646524800,39394.0,39700.0,39275.0,39299.9,435.29808366
1646539200,39299.8,39655.9,38806.8,39386.0,1002.61043417
1646553600,39386.0,39386.0,38092.0,38348.1,1570.8553606
1646568000,38348.1,39045.7,38296.1,38856.0,760.214787
1646582400,38856.1,39360.0,38526.4,38672.0,699.26220099
1646596800,38672.0,39267.4,38144.0,38415.0,946.51522157
1646611200,38415.0,38544.9,37577.1,37870.0,1683.87253956
1646625600,37870.0,38240.7,37764.7,37890.0,718.14596791
1646640000,37890.0,38418.9,37669.2,38346.0,1048.38226271
1646654400,38346.1,39288.0,38346.1,39073.0,2293.53559001
1646668800,39073.1,39550.0,37183.9,37300.0,2624.8131847
1646683200,37302.0,38523.0,37158.8,37995.0,1054.18675729
1646697600,37995.0,38950.0,37877.3,38696.2,1150.29936618
1646712000,38696.2,38838.0,38001.0,38545.9,954.4379497
1646726400,38546.0,39190.0,38466.0,38985.9,1300.27359191
1646740800,38986.0,39218.0,38318.1,38658.0,1992.57390378
1646755200,38659.0,39363.4,38143.4,38764.8,1695.27162512
1646769600,38764.3,38896.8,38393.0,38733.6,673.95632246
1646784000,38733.5,41440.7,38660.2,41213.0,3277.83316631
1646798400,41213.1,41888.0,41213.1,41799.9,2612.81585384
1646812800,41799.9,42436.9,41638.0,42163.7,2350.06436542
1646827200,42163.7,42583.5,41670.0,42520.6,1901.11361605
1646841600,42520.7,42555.0,41786.4,42212.1,726.80769264
1646856000,42212.1,42326.8,41700.0,41951.9,489.30478392
1646870400,41949.0,42044.0,40566.4,40772.0,2309.59532649
1646884800,40772.0,40836.0,38838.8,39229.6,4336.00303243
1646899200,39229.6,39298.7,38780.0,39074.1,1462.19070672
1646913600,39074.1,40300.0,38550.0,39177.9,5198.38949556
1646928000,39178.0,39556.6,38904.0,39434.0,1085.17414722
1646942400,39434.1,39682.8,39064.0,39419.6,718.96662294
1646956800,39419.6,39443.5,38227.5,38710.0,1798.08234836
1646971200,38711.9,39333.6,38334.0,39133.9,1281.06910028
1646985600,39133.9,40213.5,38810.1,39894.2,1994.06011991
1647000000,39894.1,40239.0,38900.0,39078.0,2253.46983036
1647014400,39078.8,39088.0,38529.9,38793.9,1140.07830531
1647028800,38793.9,39197.9,38306.0,38735.1,780.47452776
1647043200,38735.1,39300.0,38666.6,39086.3,489.87673289
1647057600,39086.3,39274.7,38940.1,39108.5,610.59869032
1647072000,39108.6,39278.9,38968.0,39080.2,436.1264266
1647086400,39080.1,39264.6,38682.4,39046.1,677.89849791
1647100800,39046.1,39460.3,38917.9,39028.3,671.04175982
1647115200,39028.3,39209.0,38734.0,38806.1,369.72741005
1647129600,38806.1,39280.0,38704.7,39186.0,548.41273554
1647144000,39186.0,39307.0,39066.0,39082.0,269.05005629
1647158400,39083.9,39133.9,38610.0,38752.4,716.0857761
1647172800,38752.1,39074.0,38378.1,38938.1,1130.64746674
1647187200,38938.1,39075.6,38860.2,38872.9,399.23048399
1647201600,38872.9,38873.0,37573.8,37779.9,1649.6931499
1647216000,37780.0,38340.0,37554.8,38150.0,940.54329141
1647230400,38150.0,39179.9,38129.0,39078.2,1482.18035429
1647244800,39078.2,39309.8,38859.0,38910.0,1114.06673196
1647259200,38910.0,39170.0,38620.2,38968.0,1496.97035195
1647273600,38967.9,39053.0,38415.6,38819.0,1077.68594846
1647288000,38818.9,39936.0,38610.0,39676.2,2163.69271617
1647302400,39676.1,39803.9,38640.0,38767.7,1431.68670316
1647316800,38767.8,38987.0,38111.0,38439.2,1178.23832105
1647331200,38443.2,38788.2,38270.0,38648.0,916.45414498
1647345600,38648.0,39275.8,38479.0,39019.9,1688.35930335
1647360000,39019.1,39800.0,38912.8,39733.8,1310.2569466
1647374400,39733.8,39897.9,39241.0,39289.1,1284.58505389
1647388800,39288.7,41738.1,38820.0,39152.9,8253.08117867
1647403200,39152.9,39660.0,38928.1,39578.0,1432.95417511
1647417600,39577.9,40720.0,39563.9,40516.0,2826.95463326
1647432000,40516.1,41179.1,40250.2,40617.9,2495.19854955
1647446400,40617.9,40950.0,39320.0,40874.9,7148.81172823
1647460800,40874.9,41466.0,40775.0,41119.9,1495.96597564
1647475200,41120.0,41388.0,40830.0,41015.9,919.76201737
1647489600,41016.0,41476.9,40566.0,40726.0,1493.36021921
1647504000,40726.9,40900.0,40512.9,40752.0,1167.54415813
1647518400,40751.9,41235.5,40712.0,40798.0,1885.90222507
1647532800,40799.0,40882.9,40575.0,40866.0,855.49138334
1647547200,40868.0,41065.9,40629.8,40917.9,566.50571545
1647561600,40918.0,40930.0,40246.0,40527.9,1138.50234671
1647576000,40527.8,40896.0,40443.0,40557.8,861.08335382
1647590400,40557.7,40748.0,40144.9,40388.0,1265.6276778
1647604800,40390.0,41055.6,40306.0,40929.9,1931.73230127
1647619200,40930.0,42054.0,40906.6,42029.9,2463.85571465
1647633600,42029.9,42311.0,41640.0,41761.2,890.8029
1647648000,41761.1,41999.9,41515.1,41791.3,831.1422595
1647662400,41791.4,41940.0,41532.0,41607.7,1413.46766609
1647676800,41607.7,41789.0,41578.0,41723.9,471.91601115
1647691200,41723.9,42076.0,41660.8,41940.1,1218.74914621
1647705600,41940.2,42160.0,41806.0,42034.0,913.90399445
1647720000,42034.0,42398.0,41723.3,42205.2,1172.52582473
1647734400,42204.7,42290.7,41765.4,41936.0,1271.64240068
1647748800,41935.9,41998.6,41750.0,41853.9,768.74410346
1647763200,41853.9,41939.9,41580.0,41592.0,740.34057941
1647777600,41592.0,41690.0,41264.8,41345.1,1482.42124993
1647792000,41345.1,41499.0,40909.7,41379.7,1419.00792749
1647806400,41379.7,41666.6,41101.2,41262.0,939.64739363
1647820800,41263.0,41446.0,40480.0,40832.8,2123.73286474
1647835200,40832.7,41130.2,40720.0,41107.6,1043.22130231
1647849600,41107.6,41474.0,41079.6,41242.1,1126.88460743
1647864000,41242.1,41530.0,40749.9,41225.1,3064.01529717
1647878400,41225.2,41235.5,40760.0,41183.3,1398.48397106
1647892800,41183.3,41362.0,40950.0,41008.0,802.43514173
1647907200,41008.0,42500.0,40880.0,42243.2,3563.31963535
1647921600,42243.2,43370.0,42002.1,42222.4,4961.69776592
1647936000,42223.5,43026.4,42092.0,42985.1,1679.70722348
1647950400,42985.2,43200.0,42568.1,42580.7,1763.4858433
1647964800,42580.8,42704.0,42270.0,42288.3,782.19466436
1647979200,42288.2,42875.0,42270.0,42359.5,1081.82331568
1647993600,42359.5,42527.0,41907.0,42081.6,1537.18939186
1648008000,42081.7,42254.4,41756.1,42110.0,1044.09320321
1648022400,42110.1,42344.3,41890.0,42040.8,903.46012185
1648036800,42040.9,42726.0,41890.0,42620.6,2283.25940133
1648051200,42620.1,42760.0,42050.0,42216.1,1217.18497238
1648065600,42216.0,43020.0,42189.4,42884.1,840.9610897
1648080000,42884.1,43269.9,42643.1,42718.9,1553.43593815
1648094400,42718.9,43480.0,42718.9,43084.7,1309.11606368
1648108800,43084.7,43200.0,42866.6,42964.2,1288.93037841
1648123200,42964.1,44020.0,42590.0,43984.0,3571.1582555
1648137600,43984.0,44216.0,43768.8,43910.0,1304.92482653
1648152000,43910.1,44097.2,43810.5,43994.2,482.68929181
1648166400,43994.2,44399.9,43860.0,43966.0,1107.72905606
1648180800,43965.9,44198.0,43901.8,43916.9,1390.37367743
1648195200,43917.0,44655.8,43584.0,44596.1,2031.63018685
1648209600,44596.1,45080.0,44201.1,44324.0,2982.58432027
1648224000,44324.1,44590.0,44022.2,44437.0,1286.28490242
1648238400,44439.8,44605.7,44242.5,44312.7,562.8554727
1648252800,44312.8,44450.0,44079.9,44406.0,609.34061761
1648267200,44405.8,44545.7,44352.0,44512.0,495.76680964
1648281600,44512.0,44577.2,44330.0,44345.8,380.40810418
1648296000,44345.8,44402.9,44160.0,44210.9,561.3134253
1648310400,44210.9,44474.1,44145.7,44363.2,813.26176999
1648324800,44363.8,44789.6,44252.9,44520.1,787.46793821
1648339200,44520.0,44950.0,44491.9,44719.9,953.42699902
1648353600,44719.9,44763.9,44550.0,44741.8,502.8299609
1648368000,44742.0,44754.2,44500.0,44570.0,429.5792761
1648382400,44569.9,44928.0,44432.0,44866.0,762.02485748
1648396800,44864.6,45043.7,44746.0,44835.0,858.93068698
1648411200,44834.9,46942.0,44673.5,46824.1,5174.67574333
1648425600,46824.1,47646.0,46665.2,47040.0,1662.15850471
1648440000,47040.0,47365.9,46760.1,46990.1,1232.48988339
1648454400,46990.1,47380.0,46848.4,47248.0,1032.7427183
1648468800,47249.9,47888.0,47130.0,47421.7,2313.46655505
1648483200,47421.7,48184.8,47316.2,47948.0,1922.53611628
1648497600,47949.9,48094.0,46886.6,47127.9,1668.34101786
1648512000,47128.0,47600.0,47062.1,47339.9,1223.41094769
1648526400,47339.9,47730.8,47310.0,47353.0,1625.5351918
1648540800,47353.0,47958.0,47346.1,47896.5,1470.9833274
1648555200,47896.4,48075.0,47355.0,47441.7,2523.26859584
1648569600,47441.7,47868.0,47106.7,47706.0,1817.93023842
1648584000,47706.0,47728.0,46956.1,47440.0,891.4979438
1648598400,47438.8,47450.0,46544.0,47430.2,2323.4919598
1648612800,47430.0,47580.0,47153.4,47388.7,1163.10685795
1648627200,47388.7,47497.0,47060.1,47320.0,1442.34279409
1648641600,47319.9,47335.0,46870.0,47160.0,1597.67797411
1648656000,47160.0,47690.0,46840.0,47060.1,1746.90966392
1648670400,47061.5,47288.0,46854.0,47059.9,860.80249049
1648684800,47060.0,47418.6,46970.1,47091.9,733.86283518
1648699200,47092.0,47176.3,46911.1,47161.6,816.7867558
1648713600,47161.6,47380.0,47068.0,47146.5,1076.23601684
1648728000,47146.5,47610.0,46222.0,46453.4,3780.85345409
1648742400,46453.4,46504.1,45510.0,45588.8,2280.11894389
1648756800,45588.9,45840.0,45200.0,45513.3,819.45432212
1648771200,45513.3,45640.0,44219.6,44589.9,3643.49980017
1648785600,44589.9,45090.0,44550.0,45013.9,1082.41415619
1648800000,45014.0,45315.9,44998.1,45057.6,1081.61247304
1648814400,45057.6,46707.8,44710.1,46529.6,3264.7467921
1648828800,46531.9,46600.0,45906.0,46365.5,1231.93167599
1648843200,46365.6,46430.0,46085.2,46278.0,495.92741184
1648857600,46277.9,47204.3,46090.0,46598.7,1762.23775233
1648872000,46600.0,46670.0,46420.0,46590.0,596.1688475
1648886400,46590.0,46750.0,46492.0,46546.9,425.30282969
1648900800,46546.6,46934.9,46133.3,46290.0,1988.22163387
1648915200,46290.0,46490.0,45620.0,46124.0,1621.13885182
1648929600,46122.1,46340.0,45770.0,45809.4,822.98789408
1648944000,45809.4,46060.0,45520.0,45949.9,751.13886456
1648958400,45949.9,46588.0,45930.1,46364.7,782.06241909
1648972800,46366.0,46449.7,46080.0,46253.9,434.9586047
1648987200,46250.1,46716.5,46190.0,46409.9,714.620343
1649001600,46409.9,46765.6,46217.9,46401.0,735.56829792
1649016000,46401.0,47440.0,46261.6,46409.9,2117.30946502
1649030400,46410.0,46450.0,45768.1,46006.5,1376.05244626
1649044800,46006.5,46290.0,45842.7,46172.3,633.82012583
1649059200,46172.3,46276.4,45798.6,46162.1,1071.06786706
1649073600,46162.0,46359.9,45561.5,45630.0,1188.59944762
1649088000,45630.0,45940.0,45120.0,45922.7,1609.90359716
1649102400,45922.7,46886.6,45720.0,46587.7,1716.13701848
1649116800,46587.7,46770.0,46424.0,46639.9,567.36993275
1649131200,46639.9,46870.0,46550.0,46702.1,531.74843221
1649145600,46702.2,46736.0,46516.0,46682.5,489.80383367
1649160000,46683.2,47189.5,45670.0,45762.1,3245.66231561
1649174400,45762.2,46190.0,45473.1,46030.0,1192.90212684
1649188800,46030.1,46110.0,45362.7,45496.4,936.99324704
1649203200,45499.1,45501.9,44400.0,45209.9,2665.51664518
1649217600,45210.0,45500.0,45120.4,45277.4,806.6808736
1649232000,45277.3,45450.0,44670.0,44822.4,1298.1590658
1649246400,44822.3,44990.0,43716.8,44166.0,3234.53631297
1649260800,44168.0,44287.2,43190.0,43761.9,4236.66824453
1649275200,43762.0,44030.0,43119.1,43170.8,1051.70220811
1649289600,43170.8,43560.7,42726.6,43291.5,2786.23326096
1649304000,43290.1,43538.4,43216.0,43440.1,927.99191066
1649318400,43440.1,43830.0,43280.0,43754.0,1300.59902472
1649332800,43755.9,43897.9,43019.4,43327.3,1499.37964355
1649347200,43326.7,43810.9,43273.3,43381.9,967.92621453
1649361600,43381.8,43740.0,43210.0,43446.3,452.70647727
1649376000,43440.1,43690.0,43310.0,43610.0,805.3230981
1649390400,43610.1,43764.5,43420.0,43752.0,685.16833137
1649404800,43752.0,43980.0,43262.1,43300.0,1363.97510798
1649419200,43300.0,43955.0,42755.1,43649.3,2416.10948927
1649433600,43649.3,43716.0,42408.0,42732.6,2938.03749555
1649448000,42731.6,42859.9,42112.0,42260.0,1433.23697538
1649462400,42260.0,42470.0,42128.0,42380.1,1296.33551195
1649476800,42380.0,42630.9,42341.0,42475.0,778.41784385
1649491200,42475.1,42540.0,42330.9,42443.7,835.42184381
1649505600,42443.6,42519.8,42189.9,42280.0,796.44589409
1649520000,42280.0,42623.7,42187.3,42513.0,831.74046856
1649534400,42510.0,42795.0,42390.0,42748.8,715.97104832
1649548800,42748.9,42885.1,42590.0,42784.1,571.60754503
1649563200,42784.0,42810.0,42580.6,42639.0,674.42689584
1649577600,42639.0,42715.0,42445.1,42680.0,621.68432044
1649592000,42680.3,42850.0,42530.0,42740.0,760.05739274
1649606400,42740.0,43310.0,42668.2,43240.1,1362.81594924
1649620800,43240.1,43408.5,41870.0,42149.4,2286.33135549
1649635200,42149.3,42410.0,41750.0,42110.0,1854.38725406
1649649600,42109.9,42350.4,42090.5,42307.1,556.65758294
1649664000,42307.0,42350.0,40968.4,41061.5,2911.32679998
1649678400,41062.0,41248.0,40560.0,40580.1,1748.61729084
1649692800,40580.1,40890.0,39768.5,39988.6,3140.05165516
1649707200,39985.3,40258.9,39190.0,39520.0,3262.9593824
1649721600,39520.0,39842.3,39300.0,39740.0,1589.2399081
1649736000,39739.9,40185.9,39631.4,40177.7,1845.64092892
1649750400,40177.7,40452.0,40036.3,40369.9,1499.51456807
1649764800,40370.0,40692.3,39810.0,40180.0,4654.88698282
1649779200,40180.0,40371.3,39270.6,39309.1,1368.67224235
1649793600,39306.0,40280.0,39261.1,40076.4,1472.48576523
1649808000,40076.3,40269.8,39593.8,40080.0,1147.11217957
1649822400,40076.1,40238.5,39871.8,40130.0,991.47825953
1649836800,40129.9,40207.1,39692.9,39715.5,1568.76602182
1649851200,39719.9,41410.0,39630.0,41152.3,3588.11578868
1649865600,41152.4,41555.0,40840.0,41065.6,2306.78980094
1649880000,41065.1,41390.0,41000.0,41140.0,590.91068403
1649894400,41139.9,41489.2,41062.3,41320.0,845.43795939
1649908800,41320.1,41408.0,41160.0,41276.2,724.13110835
1649923200,41276.1,41320.0,40860.0,40920.0,850.6218078
1649937600,40919.9,41301.3,39926.2,39973.5,2927.85939169
1649952000,39973.4,40070.0,39497.5,39767.4,1658.80138141
1649966400,39773.0,40013.3,39668.6,39941.3,562.56345125
1649980800,39941.3,40224.1,39770.0,40200.0,553.73927549
1649995200,40200.0,40450.0,39960.0,40239.9,895.24250509
1650009600,40240.0,40399.0,40032.2,40221.0,838.8030135
1650024000,40222.0,40863.1,39920.0,40414.9,1683.07817446
1650038400,40414.9,40654.2,40233.8,40311.5,754.30213946
1650052800,40311.6,40602.9,40287.1,40550.0,212.12259246
1650067200,40550.0,40700.0,40416.1,40438.8,409.69634369
1650081600,40438.8,40559.9,40373.3,40398.1,301.07757884
1650096000,40398.1,40498.6,40280.9,40417.8,467.65881785
1650110400,40417.8,40577.3,40000.0,40062.8,947.39566691
1650124800,40064.0,40266.5,40010.5,40214.9,370.30957701
1650139200,40214.9,40694.7,40190.0,40377.3,466.78517095
1650153600,40377.3,40422.7,40126.4,40231.2,268.97147067
1650168000,40231.2,40431.3,40231.2,40288.0,240.79280663
1650182400,40288.1,40533.0,40288.0,40467.1,587.72326153
1650196800,40467.0,40592.7,40197.2,40440.8,493.98090682
1650211200,40440.9,40477.9,39820.0,40369.7,737.09573344
1650225600,40369.8,40440.4,39540.7,39676.0,834.73115754
1650240000,39675.1,39889.4,39570.0,39814.9,529.95907131
1650254400,39814.9,39847.5,38519.4,38913.8,2807.77467039
1650268800,38916.2,39120.0,38803.2,39003.9,565.70291915
1650283200,39003.9,39617.5,39003.9,39254.4,1360.14646543
1650297600,39254.6,41100.0,39045.5,40682.9,2726.20886353
1650312000,40683.7,41100.0,40636.3,40794.4,763.13227338
1650326400,40794.4,41263.8,40600.9,40691.7,1054.9931178
1650340800,40691.8,40875.5,40570.0,40685.5,528.44858565
1650355200,40685.5,41028.4,40573.2,40695.9,684.25141203
1650369600,40690.1,41754.3,40654.5,41452.9,1281.57987479
1650384000,41447.1,41545.3,41173.8,41420.1,452.12920632
1650398400,41420.1,41535.5,41215.3,41489.3,272.86202436
1650412800,41489.3,41539.9,41230.7,41400.0,417.45555107
1650427200,41400.0,41638.2,41266.5,41338.2,673.96015913
1650441600,41338.3,42207.4,41300.7,42093.0,1650.38965307
1650456000,42092.9,42174.3,41058.0,41266.1,1712.92453782
1650470400,41262.7,41455.4,40855.0,41185.6,1090.50000298
1650484800,41189.5,41652.5,41142.9,41369.9,471.0122204
1650499200,41367.8,41765.9,41323.8,41691.3,675.2205529
1650513600,41691.4,41938.6,41422.2,41850.1,557.12142442
1650528000,41851.1,42687.9,41743.1,42438.3,1488.05877197
1650542400,42438.2,42970.0,42130.0,42142.1,1485.51750727
1650556800,42142.2,42179.9,41222.0,41224.8,1249.67509126
1650571200,41224.8,41313.4,39747.8,40476.0,2271.38223013
1650585600,40476.0,40665.9,40233.4,40499.5,783.22989348
1650600000,40499.6,40789.3,40300.0,40704.5,896.41091713
1650614400,40704.4,40778.0,40147.7,40580.0,756.07032169
1650628800,40580.0,40638.1,39330.0,39432.6,1909.50244004
1650643200,39432.7,39779.2,39172.1,39505.3,1166.41553172
1650657600,39505.3,39815.4,39396.3,39714.8,519.62170773
1650672000,39714.7,39880.8,39410.2,39464.8,504.78038459
1650686400,39464.8,39672.6,39289.3,39599.2,459.52245322
1650700800,39599.2,39679.1,39502.6,39606.1,451.49997524
1650715200,39606.1,39817.4,39531.5,39787.5,578.97450554
1650729600,39787.5,40000.0,39663.5,39760.2,521.8879633
1650744000,39760.3,39952.7,39333.6,39442.6,474.54544739
1650758400,39442.5,39845.4,39424.2,39787.9,657.12673525
1650772800,39788.0,39820.6,39631.2,39760.7,518.49315861
1650787200,39760.6,39811.3,39543.5,39608.0,358.4142587
1650801600,39608.1,39948.2,39357.2,39659.7,786.02985862
1650816000,39659.7,39803.5,38928.9,39704.3,2223.4691784
1650830400,39704.3,39773.6,39435.1,39454.9,304.20305163
1650844800,39454.9,39500.0,38678.3,39250.0,1205.9341933
1650859200,39250.0,39252.3,38166.0,38449.9,1577.71478438
1650873600,38449.9,38948.8,38210.5,38825.1,1118.45688588
1650888000,38825.1,39423.0,38623.8,38982.7,2352.62827393
1650902400,38982.7,40392.6,38918.7,40236.0,2573.45656268
1650916800,40230.1,40616.0,40057.0,40433.0,982.24140837
1650931200,40433.1,40800.0,40391.8,40537.0,687.61997167
1650945600,40537.0,40700.0,40375.5,40583.5,873.15068405
1650960000,40583.5,40801.0,40245.6,40475.4,859.00338491
1650974400,40470.6,40627.2,38533.4,38562.4,2750.48816136
1650988800,38562.4,38885.6,37832.0,38280.0,2983.10272601
1651003200,38274.6,38450.0,37700.0,38112.8,1238.41161939
1651017600,38112.7,38496.5,37880.0,38340.0,744.98977643
1651032000,38340.0,39150.8,38314.5,39141.0,886.83948093
1651046400,39132.7,39224.0,38642.2,39013.3,1535.85570111
1651060800,39013.3,39472.6,38438.2,39009.9,2104.46014325
1651075200,39009.9,39309.0,38676.7,38866.6,836.3639034
1651089600,38866.6,39398.8,38844.0,39234.3,777.56034708
1651104000,39234.3,39693.7,39154.6,39350.9,984.56544943
1651118400,39350.9,39670.9,39229.5,39390.0,674.75552588
1651132800,39390.0,39880.0,39357.1,39681.3,637.60370683
1651147200,39681.3,40423.4,38877.5,39450.4,3042.13223235
1651161600,39450.4,40374.9,39320.0,39989.8,1279.03192753
1651176000,39987.1,40236.4,39607.2,39744.3,686.73834639
1651190400,39744.2,39926.0,39283.0,39529.2,564.40994068
1651204800,39529.1,39645.0,39370.5,39616.0,594.31273716
1651219200,39616.0,39632.9,38623.3,38753.9,1246.7083459
1651233600,38753.9,39407.0,38638.6,39009.4,1405.33220543
1651248000,39006.8,39079.3,38174.5,38337.0,1629.7641473
1651262400,38329.1,38657.1,38310.0,38598.6,376.97417978
1651276800,38598.6,38783.3,38552.9,38654.4,360.94733161
1651291200,38654.5,38780.0,38503.0,38655.0,352.14423279
1651305600,38655.0,38690.8,38540.0,38580.0,415.18310427
1651320000,38579.9,38636.5,38154.0,38469.1,929.34954757
1651334400,38469.1,38610.0,38203.6,38463.0,502.96313736
1651348800,38462.9,38462.9,37563.1,37638.1,2062.46906302
1651363200,37638.0,38091.9,37386.0,38036.5,807.30144126
1651377600,38036.6,38177.1,37884.2,37969.0,454.79382301
1651392000,37968.9,38094.0,37875.4,37931.7,243.99100292
1651406400,37938.2,38642.8,37840.3,38490.7,863.63771252
1651420800,38490.7,38700.0,37732.9,37810.7,813.76323259
1651435200,37810.8,38625.0,37682.7,38468.4,486.62302463
1651449600,38466.5,38808.3,38366.0,38675.4,493.5118937
1651464000,38675.6,39164.4,38600.0,38877.2,714.39758121
1651478400,38886.6,39079.4,38480.9,38534.9,563.82298424
1651492800,38534.9,39168.4,38238.0,38693.4,2247.84899291
1651507200,38693.4,38866.5,38061.6,38554.6,1324.10199285
1651521600,38558.7,38914.8,38293.5,38529.9,511.205821
1651536000,38530.0,38623.1,38320.1,38526.0,476.32659205
1651550400,38525.9,38574.2,38392.1,38557.5,316.45905687
1651564800,38557.6,38648.0,38257.1,38562.6,380.02923315
1651579200,38564.5,38601.6,38162.2,38330.9,739.03759444
1651593600,38331.0,38396.4,37520.0,37714.9,1224.610087
1651608000,37722.8,38037.6,37535.0,37727.4,392.32738746
1651622400,37727.4,38100.0,37666.4,38019.1,317.83149404
1651636800,38018.1,38748.3,37951.5,38696.1,1218.91619312
1651651200,38696.0,39094.3,38667.5,39006.4,1219.24533517
1651665600,39006.4,39172.7,38672.0,38972.6,1116.04964775
1651680000,38972.6,40033.3,38600.0,39856.3,5494.50958159
1651694400,39856.4,39939.1,39622.0,39698.2,432.55518423
1651708800,39698.2,39796.6,39556.1,39736.8,549.37063079
1651723200,39736.8,39854.7,39522.8,39588.0,646.21235221
1651737600,39588.0,39636.6,39422.7,39495.8,441.62636361
1651752000,39495.8,39550.0,36380.3,36906.2,7492.14959301
1651766400,36909.8,37319.3,35555.0,36304.2,6137.4134127
1651780800,36306.4,36594.9,36122.7,36550.0,1022.99891592
1651795200,36549.9,36666.0,36147.9,36456.7,882.99747941
1651809600,36456.8,36544.8,35835.6,36371.7,1272.45624086
1651824000,36371.7,36512.8,35590.0,35790.0,1671.61495498
1651838400,35790.0,36430.3,35257.5,36002.5,7626.97811969
1651852800,36002.5,36238.7,35836.8,35999.6,1198.83494905
1651867200,36000.9,36119.0,35870.0,36010.0,569.73434205
1651881600,36009.9,36059.9,35756.4,35815.4,420.20847877
1651896000,35815.3,35954.8,35725.4,35920.6,553.75158255
1651910400,35920.7,36143.0,35880.0,36054.8,574.58169676
1651924800,36054.8,36090.9,35871.0,35966.5,470.83596691
1651939200,35966.5,35999.4,35850.0,35877.8,331.74622931
1651953600,35877.7,35877.7,34780.0,35481.8,3016.08206482
1651968000,35482.6,35516.2,34199.0,34490.4,5222.08733752
1651982400,34490.4,34952.7,34333.5,34610.3,1253.35250836
1651996800,34602.5,34875.5,34510.1,34786.5,798.28781701
1652011200,34785.7,34844.6,34307.4,34369.8,1906.96591757
1652025600,34369.8,34752.0,33688.0,34594.3,6076.20750823
1652040000,34594.3,34648.0,33933.5,34048.4,1407.42216897
1652054400,34048.2,34256.2,33282.9,33574.2,4465.30087206
1652068800,33574.2,33848.7,33348.3,33530.0,1394.28076462
1652083200,33529.5,33788.6,32600.0,33117.7,6087.13478117
1652097600,33117.7,33440.8,32055.0,32359.2,7210.74991895
1652112000,32357.5,32594.2,30333.0,30950.0,13188.7461812
1652126400,30950.0,31891.0,30035.0,30084.9,5303.70720345
1652140800,30077.2,31434.2,29735.7,30650.3,7864.3692995
1652155200,30650.4,32650.0,30607.8,31622.8,4062.87305614
1652169600,31622.8,32017.7,31258.8,31629.5,2170.87863619
1652184000,31629.5,32376.7,30847.9,31320.0,3424.3788133
1652198400,31320.0,31803.4,30969.0,31333.4,1703.76546665
1652212800,31333.4,31368.8,30159.5,31014.6,3723.15394382
1652227200,31011.7,31689.9,30631.1,31208.7,2651.46127694
1652241600,31208.6,31928.0,30201.8,30614.0,4938.17756059
1652256000,30613.9,32167.9,30378.1,31539.2,5243.87022266
1652270400,31532.9,31998.9,29055.0,30976.5,18159.95722426
1652284800,30976.5,31125.0,29184.3,29381.7,6579.95366009
1652299200,29375.6,29659.4,27790.9,29094.0,8935.10478187
1652313600,29089.5,30224.4,28359.0,28404.4,5235.19492184
1652328000,28404.9,28624.5,26700.0,28138.4,19024.67510423
1652342400,28138.2,29294.3,27461.7,28489.1,7814.98498711
1652356800,28484.0,29834.0,27920.4,29026.6,5577.78398707
1652371200,29026.6,29954.9,28200.2,28642.2,4333.94255561
1652385600,28642.5,29298.4,28020.3,29037.8,2042.51770795
1652400000,29028.8,30793.0,28762.6,30591.5,3855.81123707
1652414400,30591.5,31073.0,30169.7,30181.3,2524.11303411
1652428800,30181.3,30769.4,30180.0,30663.7,1895.1116026
1652443200,30675.1,31024.2,30232.1,30337.7,3427.34957387
1652457600,30337.7,30529.8,29400.0,30071.3,2363.77957117
1652472000,30079.4,30135.2,29202.4,29291.0,1366.16092062
1652486400,29291.1,29810.0,29218.0,29569.9,1273.0917737
1652500800,29569.3,29610.0,29221.8,29432.5,959.1143407
1652515200,29432.5,29590.0,28828.4,29077.0,1604.1998815
1652529600,29076.9,29264.6,28669.5,28825.3,1069.86920854
1652544000,28825.4,29930.0,28635.0,29340.9,1892.41244294
1652558400,29340.9,30333.3,29300.0,30089.4,1387.95831469
1652572800,30092.7,30267.9,29549.3,29725.8,1041.22136276
1652587200,29725.9,30047.4,29417.6,29822.0,845.01415337
1652601600,29821.9,30310.0,29548.0,30240.9,1053.01320928
1652616000,30240.9,30567.9,29780.0,30009.8,1416.32076438
1652630400,30009.9,30508.2,29944.3,30464.1,989.14212929
1652644800,30459.7,31455.0,30358.2,31330.2,2068.14369688
1652659200,31330.1,31334.4,30213.3,30320.5,1272.62733392
1652673600,30320.6,30493.1,29306.7,29596.7,1891.4647471
1652688000,29597.6,30202.7,29443.4,29954.4,1392.87677201
1652702400,29954.3,30266.3,29330.0,29673.2,2569.04083462
1652716800,29673.3,29988.0,29082.9,29585.0,2495.05883988
1652731200,29581.0,30266.2,29550.8,29874.4,960.23926759
1652745600,29874.4,30526.2,29785.4,30364.1,1138.84747111
1652760000,30364.1,30580.0,30250.0,30408.7,752.22641257
1652774400,30408.0,30788.0,30274.9,30322.5,1689.16464085
1652788800,30322.4,30750.0,29953.3,30150.9,2363.45079326
1652803200,30150.9,30320.0,29435.9,30097.0,2015.70605617
1652817600,30103.1,30675.0,30056.9,30451.8,901.67876961
1652832000,30451.9,30715.0,29731.5,29825.4,1982.00209957
1652846400,29828.5,30090.0,29686.1,29917.5,1156.1292033
1652860800,29917.4,30046.2,29750.0,29830.1,1265.40526099
1652875200,29830.2,29908.1,28877.9,28985.0,3025.68130752
1652889600,28985.1,29538.3,28750.7,29280.0,2259.23867493
1652904000,29280.0,29420.0,28650.6,28709.3,1331.94828161
1652918400,28716.4,29367.2,28680.4,29196.8,2043.88731825
1652932800,29196.8,29450.0,29037.2,29195.9,892.57661783
1652947200,29192.0,29543.8,28860.8,29500.6,1654.1446544
1652961600,29500.6,30539.5,29356.1,30386.3,3246.61759759
1652976000,30388.9,30449.1,29963.4,29968.7,1824.05912598
1652990400,29967.4,30481.8,29936.4,30318.0,696.61433289
1653004800,30318.0,30777.7,30136.9,30172.1,1299.60181935
1653019200,30172.1,30358.9,29853.9,30262.9,1210.86196955
1653033600,30262.9,30540.0,30116.5,30416.4,864.60280915
1653048000,30416.5,30452.2,29079.6,29155.3,2764.03456053
1653062400,29152.3,29359.0,28732.6,29289.1,2421.29124947
1653076800,29285.8,29392.3,29125.0,29195.0,644.88522243
1653091200,29196.1,29342.8,28950.0,29257.9,461.07314754
1653105600,29257.9,29564.9,29210.1,29429.1,375.88635426
1653120000,29429.0,29477.1,29163.7,29289.3,452.49277877
1653134400,29289.3,29650.0,29185.3,29550.7,673.46943872
1653148800,29550.0,29661.2,29391.1,29462.0,470.34529945
1653163200,29462.0,29526.1,29311.1,29443.9,262.41023442
1653177600,29444.8,29544.2,29336.2,29359.9,284.90426574
1653192000,29359.9,29458.3,29255.5,29440.2,427.57164546
1653206400,29440.1,30315.0,29419.1,29901.9,2150.35922038
1653220800,29901.9,30233.2,29682.4,29846.6,1173.0914772
1653235200,29846.5,30180.0,29742.5,29936.4,725.51454131
1653249600,29936.5,30490.0,29906.9,30295.6,1023.54739769
1653264000,30295.6,30459.4,30053.0,30173.7,621.54266567
1653278400,30173.6,30671.3,30111.2,30457.3,1030.92866893
1653292800,30457.3,30613.3,30286.6,30393.9,864.98917924
1653307200,30395.8,30627.9,29963.9,30374.8,1616.6380767
1653321600,30374.8,30529.4,29080.0,29094.5,2145.86718338
1653336000,29092.0,29485.7,28868.6,29113.3,1354.65450677
1653350400,29113.4,29325.0,29060.1,29300.4,358.47669079
1653364800,29300.5,29437.2,29240.8,29404.4,699.35916091
1653379200,29404.4,29430.3,29121.9,29296.0,586.44426716
1653393600,29296.0,29656.3,28666.6,29389.1,2116.91281452
1653408000,29389.0,29593.1,29108.6,29392.1,981.65588018
1653422400,29392.3,29882.7,29241.6,29655.8,1165.83909242
1653436800,29655.8,30225.0,29557.3,30196.9,1210.46539776
1653451200,30197.0,30213.6,29670.0,29703.0,1080.56072371
1653465600,29703.0,29940.0,29355.1,29412.4,1006.11226338
1653480000,29412.4,29907.1,29344.0,29623.3,1404.73741058
1653494400,29623.2,30045.0,29429.2,29594.5,1186.44757865
1653508800,29594.4,29878.6,29540.1,29542.1,450.67394946
1653523200,29542.1,29888.0,29500.0,29836.0,717.29948579
1653537600,29835.9,29875.0,29458.9,29731.2,921.92398848
1653552000,29731.2,29740.9,28880.0,29004.4,2251.18531098
1653566400,29004.3,29505.0,28006.0,29397.0,5736.033478
1653580800,29390.8,29800.0,29370.6,29378.0,1247.8636647
1653595200,29381.5,29691.6,29170.0,29199.5,1358.46698134
1653609600,29199.4,29386.2,28838.2,29025.0,1284.51922581
1653624000,29025.1,29212.0,28630.4,28997.3,3014.92115149
1653638400,28993.8,29141.8,28784.0,28907.5,1242.05073745
1653652800,28907.4,29370.0,28650.0,28850.6,1936.26115111
1653667200,28850.5,29051.3,28290.0,28881.6,2383.67698065
1653681600,28888.1,29018.7,28525.0,28632.7,958.45189378
1653696000,28631.8,28844.4,28530.0,28821.1,1544.3062211
1653710400,28821.1,28945.1,28750.0,28882.1,537.88670908
1653724800,28882.2,28930.0,28765.1,28828.1,362.39836231
1653739200,28826.3,29260.9,28790.6,28987.4,800.33854225
1653753600,28987.3,29065.0,28769.0,29019.2,502.93369903
1653768000,29019.3,29153.2,28956.2,29026.8,269.56567042
1653782400,29026.9,29047.5,28839.9,28978.1,520.3088333
1653796800,28978.1,29065.0,28911.2,29005.8,188.11340858
1653811200,29005.9,29234.9,28955.0,29214.1,550.12063231
1653825600,29214.8,29496.5,29163.8,29212.8,1360.07188197
1653840000,29214.7,29351.2,29077.2,29128.1,328.45298086
1653854400,29125.1,29588.0,29092.3,29467.1,643.13471354
1653868800,29466.9,30412.7,29309.9,30355.8,2514.40605226
1653883200,30355.8,30931.1,30242.4,30635.8,2231.57627424
1653897600,30635.7,30767.0,30570.0,30669.4,868.34054415
1653912000,30669.3,30950.0,30266.7,30633.8,1466.01843315
1653926400,30633.9,30870.0,30571.4,30645.1,859.99550373
1653940800,30645.1,32279.9,30542.7,31733.1,4802.46874806
1653955200,31733.0,31861.3,31438.8,31772.9,997.82808366
1653969600,31772.8,31805.4,31420.1,31578.1,797.00178145
1653984000,31578.2,31836.3,31500.0,31765.4,753.47707971
1653998400,31765.5,32183.5,31234.0,32056.1,1936.51875604
1654012800,32057.4,32408.5,31584.3,31626.7,1830.78163257
1654027200,31626.7,31935.0,31599.1,31798.1,418.59064556
1654041600,31798.2,31980.0,31615.0,31630.5,887.17348917
1654056000,31630.5,31671.0,31371.0,31486.2,783.60743673
1654070400,31486.2,31704.6,31445.6,31605.2,799.24759644
1654084800,31607.5,31899.8,30724.1,30748.0,2567.72263263
1654099200,30747.0,30747.0,30005.0,30128.4,3048.91751772
1654113600,30128.4,30165.0,29318.7,29802.0,2230.79400716
1654128000,29806.5,29903.2,29589.1,29730.0,738.60309603
1654142400,29730.0,30117.3,29650.0,29967.2,590.77342109
1654156800,29967.8,30208.4,29865.0,30174.1,587.77028148
1654171200,30174.1,30384.8,29596.3,30205.8,2014.87755177
1654185600,30209.4,30407.4,29980.0,30287.8,832.89691639
1654200000,30287.8,30705.0,30227.0,30455.4,617.50196897
1654214400,30455.3,30693.0,30356.6,30525.7,418.9714043
1654228800,30525.6,30559.6,30287.3,30445.1,376.77369461
1654243200,30445.2,30526.9,29670.0,29757.6,1428.8971567
1654257600,29757.5,29888.8,29268.7,29504.8,1944.39705341
1654272000,29504.8,29669.2,29400.0,29568.4,500.66042508
1654286400,29568.4,29890.0,29559.2,29700.8,400.3645758
1654300800,29700.8,29762.9,29486.2,29559.2,336.7572758
1654315200,29559.1,29732.4,29546.7,29701.9,308.21707337
1654329600,29701.9,29800.0,29572.4,29680.8,355.60937458
1654344000,29680.7,29982.1,29482.2,29857.7,627.48931789
1654358400,29859.0,29859.0,29616.2,29652.4,285.65565238
1654372800,29652.4,29971.2,29630.2,29866.0,233.89672697
1654387200,29866.0,29896.9,29683.4,29763.7,258.94515599
1654401600,29763.7,29825.5,29644.8,29644.9,321.20525301
1654416000,29644.9,29741.1,29531.0,29718.1,351.70880025
1654430400,29719.9,29978.9,29626.4,29968.1,377.19605448
1654444800,29968.2,30183.0,29761.3,30050.0,858.82485768
1654459200,30050.1,30128.4,29820.0,29916.0,466.27730035
1654473600,29919.2,31274.6,29886.3,31251.9,2177.78974712
1654488000,31251.9,31438.3,31142.4,31290.3,1016.26047605
1654502400,31290.3,31604.9,31277.8,31395.9,962.72651759
1654516800,31396.0,31758.3,31161.5,31537.6,1637.86960907
1654531200,31537.7,31561.1,31051.8,31473.2,843.7372803
1654545600,31473.2,31600.0,31275.0,31370.4,688.75772979
1654560000,31371.2,31381.1,29210.0,29575.0,4159.35369057
1654574400,29570.6,29631.5,29403.8,29585.1,884.02910844
1654588800,29585.1,29736.9,29344.0,29520.6,712.33263734
1654603200,29522.8,30038.7,29400.0,29893.8,1947.31196048
1654617600,29893.7,31423.5,29745.0,31058.5,1933.53091978
1654632000,31058.6,31579.3,30314.6,31119.4,3822.59240342
1654646400,31124.3,31320.0,29852.9,30022.9,2874.72809055
1654660800,30022.9,30683.3,29880.2,30558.9,1372.5748809
1654675200,30563.2,30614.9,30339.6,30411.7,563.03431762
1654689600,30411.8,30892.2,30056.3,30472.2,1951.29615182
1654704000,30469.0,30544.3,29917.0,30136.7,924.44572327
1654718400,30140.7,30496.9,30104.9,30204.0,361.8176704
1654732800,30204.0,30322.0,30072.5,30291.1,562.08815498
1654747200,30291.0,30490.3,30232.6,30486.2,346.29087205
1654761600,30486.6,30697.3,30273.3,30300.0,710.56420251
1654776000,30300.0,30386.2,29941.2,30303.0,1369.60513471
1654790400,30300.4,30455.0,29977.4,30016.6,449.45859339
1654804800,30017.9,30252.5,29957.3,30104.8,375.31549451
1654819200,30106.6,30370.2,29538.8,30118.0,1554.56965725
1654833600,30114.8,30231.0,30048.4,30050.0,561.78307587
1654848000,30050.1,30114.3,29867.6,30018.6,809.21055187
1654862400,30018.6,30199.0,29232.9,29455.6,3605.17431405
1654876800,29455.6,29480.0,28854.4,28978.3,2517.40057729
1654891200,28979.3,29411.1,28968.0,29094.0,617.50029134
1654905600,29094.0,29311.8,29048.1,29270.0,357.20935566
1654920000,29270.1,29436.7,29251.1,29325.3,356.57530465
1654934400,29325.4,29344.0,28585.0,28734.5,1703.72144658
1654948800,28730.0,28862.9,28253.4,28411.4,1997.24986142
1654963200,28411.4,28799.4,28102.4,28599.7,1282.85338574
1654977600,28596.0,28688.2,28250.3,28421.7,583.30014323
1654992000,28421.8,28550.1,27288.0,27560.0,3360.26487642
1655006400,27556.8,27672.0,27191.6,27650.1,1260.73691795
1655020800,27650.0,27710.8,27349.8,27456.3,654.39820927
1655035200,27459.6,28339.4,26893.3,28090.3,2945.44102911
1655049600,28090.2,28237.0,27421.4,27424.4,1262.63282257
1655064000,27424.3,27552.1,26566.4,26579.4,2194.42727606
1655078400,26583.2,26892.7,24888.0,25511.7,7243.75402089
1655092800,25511.6,26258.3,24570.3,24802.8,5439.46014848
1655107200,24803.3,24932.3,23486.0,23725.5,8797.94188884
1655121600,23723.3,24381.5,22590.5,23270.2,10161.476599
1655136000,23270.2,24200.0,23105.9,23205.7,5438.33608413
1655150400,23206.7,23781.1,21929.5,22485.3,4429.48470953
1655164800,22485.4,22790.3,20845.0,22121.0,11904.00510436
1655179200,22121.0,23356.0,21775.1,22878.6,8492.08589547
1655193600,22878.7,22987.8,21731.0,21993.5,3858.10519358
1655208000,21993.5,22810.7,21800.0,22684.2,5426.06470561
1655222400,22681.8,22780.0,22119.4,22187.6,2670.64634851
1655236800,22190.1,22322.3,21363.6,22134.8,3077.38065636
1655251200,22134.8,22298.7,21404.8,21454.1,2554.44426618
1655265600,21454.0,21487.3,20628.6,20717.9,7821.83176207
1655280000,20722.1,21287.3,20111.0,21172.9,9609.4242595
1655294400,21176.3,21793.8,21045.9,21415.4,4567.94001853
1655308800,21417.0,22432.5,20246.6,21635.5,14088.48613998
1655323200,21635.5,22816.2,21443.2,22581.2,3175.07893993
1655337600,22583.0,22992.4,22168.7,22210.7,2775.89294521
1655352000,22210.5,22363.2,21646.3,21763.3,1674.48001687
1655366400,21763.3,21887.4,20864.2,21042.7,2910.49738468
1655380800,21042.7,21506.7,20748.0,21069.7,4614.12741505
1655395200,21072.3,21467.6,20814.3,20880.3,2593.7174167
1655409600,20880.3,21045.6,20226.5,20399.1,2308.84893222
1655424000,20398.4,21055.4,20245.0,20383.0,3407.22907828
1655438400,20383.1,21282.0,20327.2,21098.0,2984.20831098
1655452800,21100.3,21366.0,20846.3,20975.4,2281.03908426
1655467200,20975.3,21045.6,20392.0,20659.8,3503.47897565
1655481600,20659.7,20793.7,20441.0,20519.2,1388.28916954
1655496000,20519.2,20725.7,20368.0,20468.0,1238.78148148
1655510400,20468.0,20770.0,20320.0,20453.4,1859.33109089
1655524800,20457.8,20533.3,19032.7,19265.7,11799.26707486
1655539200,19260.9,19548.1,18725.9,19246.2,8099.0314431
1655553600,19247.1,19288.6,18930.9,18954.0,2089.78872453
1655568000,18954.1,19093.8,18035.3,18060.5,6149.48321448
1655582400,18064.2,19498.4,17618.0,18971.8,9371.09182525
1655596800,18971.9,19199.9,18223.5,18309.2,4319.0378563
1655611200,18312.7,18615.8,17964.4,18300.1,4794.55498112
1655625600,18302.2,20053.5,18270.4,19693.3,8679.02995232
1655640000,19693.3,19933.6,19113.5,19821.7,5400.33876334
1655654400,19825.9,20400.0,19377.0,20126.0,5052.79519524
1655668800,20126.6,20825.5,20058.1,20574.5,4284.05363374
1655683200,20571.1,20654.5,19637.8,19973.9,2550.71075916
1655697600,19976.5,20251.2,19774.1,20081.3,1596.70334681
1655712000,20081.5,21026.2,20021.7,20802.9,4341.96716657
1655726400,20802.9,21086.9,20362.2,20826.8,3006.82529127
1655740800,20826.9,20833.8,19835.4,20079.9,3225.82371661
1655755200,20079.9,20788.4,20006.0,20576.8,1736.39309668
1655769600,20578.4,20781.9,20354.3,20613.2,2017.89459418
1655784000,20613.3,21324.0,20476.8,21120.5,3434.99616254
1655798400,21117.7,21477.5,20910.6,20964.0,2936.73682978
1655812800,20963.8,21724.7,20852.8,21388.1,3858.61265883
1655827200,21392.4,21550.0,20876.9,20894.7,1782.86577218
1655841600,20894.7,21070.2,20550.0,20722.2,1768.30551582
1655856000,20723.4,20736.0,20263.7,20317.6,2260.87829348
1655870400,20317.5,20596.6,19962.1,20097.1,2666.08106933
1655884800,20097.1,20671.8,20044.5,20501.8,1697.44564711
1655899200,20506.4,20895.1,20031.5,20085.4,5072.13408897
1655913600,20082.2,20384.4,19842.1,20115.9,3574.50535475
1655928000,20114.1,20242.7,19767.0,19988.9,1793.82353228
1655942400,19989.0,20612.3,19889.1,20215.4,2463.94952839
1655956800,20215.3,20657.4,20156.3,20461.2,2022.80624478
1655971200,20458.0,20809.3,20454.5,20642.0,2923.48891903
1655985600,20641.6,20843.0,20288.5,20350.5,2483.90162494
1656000000,20353.4,20947.8,20171.9,20910.2,1666.49593094
1656014400,20910.2,21239.5,20675.1,21111.4,2676.56998161
1656028800,21111.3,21370.0,20973.3,21074.0,1701.43837338
1656043200,21074.0,21169.6,20733.4,20914.3,1611.55006177
1656057600,20914.4,21329.9,20746.2,21171.5,2003.96739757
1656072000,21171.5,21465.1,20820.0,20884.8,3035.80524625
1656086400,20881.1,21268.4,20793.5,21252.6,2280.66724706
1656100800,21252.5,21556.1,21146.4,21237.1,1603.56920165
1656115200,21239.9,21378.3,21126.6,21299.1,1344.16347913
1656129600,21300.6,21612.9,21168.3,21504.3,1829.60507899
1656144000,21504.4,21555.2,21320.5,21340.7,1306.23754669
1656158400,21340.7,21374.9,20904.1,20960.9,1934.90542896
1656172800,20961.0,21257.8,20918.5,21207.7,1146.35530597
1656187200,21207.7,21586.1,21150.0,21492.1,985.77151021
1656201600,21488.7,21543.9,21275.0,21424.6,998.16218713
1656216000,21427.1,21527.4,21335.0,21395.1,916.08457547
1656230400,21398.3,21800.0,21363.4,21709.0,1764.72597401
1656244800,21709.1,21886.0,21200.0,21330.4,3672.88933254
1656259200,21327.5,21446.8,21133.1,21282.7,816.72547442
1656273600,21280.7,21431.3,20960.0,21040.8,1832.8396754
1656288000,21040.8,21195.4,20927.0,21171.9,1285.98403372
1656302400,21171.9,21397.6,21143.5,21360.0,1172.30746091
1656316800,21360.0,21538.5,21289.2,21305.8,1503.08271151
1656331200,21305.7,21344.1,20588.0,20756.6,4051.86003723
1656345600,20755.5,20940.3,20500.0,20855.3,1445.16357074
1656360000,20855.3,20968.0,20682.8,20736.0,906.95016815
1656374400,20735.9,20874.5,20502.7,20732.4,1418.91651845
1656388800,20732.4,20931.8,20700.0,20880.8,945.31848689
1656403200,20880.7,21213.5,20869.6,20998.5,2298.32792481
1656417600,20998.4,21130.9,20591.8,20607.8,1860.43027257
1656432000,20607.8,20768.8,20216.8,20256.1,2669.92879429
1656446400,20253.7,20453.7,20205.5,20280.4,973.96035372
1656460800,20280.4,20399.7,20150.0,20290.0,1613.05034827
1656475200,20290.1,20378.7,19901.4,20095.4,3081.03978249
1656489600,20095.1,20230.7,19857.0,20104.1,1930.84742889
1656504000,20104.2,20188.0,19900.0,20089.9,1946.50575341
1656518400,20086.3,20268.8,19930.1,20226.7,1104.58056502
1656532800,20225.0,20441.3,20054.5,20115.3,1370.70203194
1656547200,20119.9,20165.9,19950.0,20074.3,696.46408469
1656561600,20071.9,20091.7,19313.8,19434.5,2044.92689818
1656576000,19434.6,19439.4,18926.7,19101.6,2751.59494424
1656590400,19101.7,19335.6,18743.6,19141.4,2824.29306525
1656604800,19143.8,19287.2,18856.2,18928.0,1195.78507005
1656619200,18926.9,19980.0,18616.0,19945.6,3414.58040683
1656633600,19944.7,20934.6,19665.5,19730.9,5621.75066854
1656648000,19731.7,19773.9,19314.8,19580.2,3068.49341907
1656662400,19580.2,19825.0,18975.9,19190.9,3536.65744662
1656676800,19189.8,19666.5,19129.7,19293.3,2585.8942164
1656691200,19292.5,19546.9,19252.8,19391.2,1394.03686453
1656705600,19390.4,19689.5,19220.8,19276.5,1361.17997749
1656720000,19280.4,19386.9,19064.2,19131.7,1134.05136887
1656734400,19131.2,19298.6,19108.6,19128.0,702.36284884
1656748800,19128.1,19280.6,18980.0,19196.6,1141.32518247
1656763200,19196.6,19450.0,19150.8,19230.0,1597.84100033
1656777600,19228.5,19409.8,19192.2,19274.2,968.73381676
1656792000,19274.2,19379.0,19198.5,19251.0,532.65498329
1656806400,19250.9,19304.0,19169.4,19265.6,455.04361207
1656820800,19264.9,19395.4,18789.3,19138.4,2042.05155523
1656835200,19138.8,19156.7,18935.1,19090.0,633.71205671
1656849600,19090.0,19125.7,18963.7,19048.1,756.64745705
1656864000,19048.2,19570.9,19017.6,19493.0,1135.14555661
1656878400,19491.5,19650.8,19214.0,19317.0,1196.44837468
1656892800,19317.0,19341.8,19055.3,19104.4,895.40642501
1656907200,19103.1,19187.3,19082.5,19119.9,409.41984524
1656921600,19119.2,19844.5,19110.8,19807.8,2140.35244745
1656936000,19808.2,20130.5,19503.5,19801.6,2483.61436543
1656950400,19801.7,20050.0,19674.7,19830.1,1321.19435554
1656964800,19830.2,20358.0,19731.7,20235.9,1433.75242052
1656979200,20235.6,20482.3,20157.2,20309.6,1453.31926567
1656993600,20310.1,20460.1,20175.8,20213.3,1235.60364728
1657008000,20213.3,20216.5,19466.6,19521.3,2403.88296679
1657022400,19522.5,19592.6,19301.0,19522.0,1991.13373931
1657036800,19522.0,20530.8,19484.7,20400.0,2640.84242941
1657051200,20398.7,20747.6,20100.0,20177.8,2949.95802168
1657065600,20177.8,20384.0,19764.2,19947.3,1899.43596307
1657080000,19947.4,20320.0,19868.2,20160.0,1827.34363769
1657094400,20157.2,20291.8,20041.7,20103.3,1245.1463165
1657108800,20104.5,20370.9,19959.2,20147.6,1608.02010856
1657123200,20147.7,20477.7,20131.4,20326.7,1549.12985917
1657137600,20327.6,20676.6,20275.2,20564.6,1359.79429426
1657152000,20563.0,20595.8,20386.7,20480.2,1045.83388656
1657166400,20480.3,20493.5,20256.6,20439.4,797.77137098
1657180800,20439.5,20616.5,20390.7,20510.0,934.11344715
1657195200,20509.9,21037.9,20377.7,20887.3,2048.85570515
1657209600,20887.4,21839.7,20835.1,21809.9,2852.16237191
1657224000,21811.3,21835.4,21528.1,21620.2,1321.12034686
1657238400,21622.4,22528.9,21579.2,22126.8,3754.90510771
1657252800,22126.5,22238.8,21715.8,21790.8,1712.94816497
1657267200,21793.1,21821.1,21320.0,21582.5,1968.21799062
1657281600,21582.5,22124.6,21189.5,21961.1,3642.73960536
1657296000,21961.1,21970.0,21550.0,21809.8,1308.23018022
1657310400,21814.0,22035.3,21585.1,21600.0,1249.00256904
1657324800,21594.9,21691.3,21400.6,21607.5,1289.89356867
1657339200,21608.2,21731.6,21490.0,21652.3,747.95646083
1657353600,21652.3,21770.0,21326.5,21446.4,879.20149547
1657368000,21444.9,21712.6,21382.0,21551.2,787.90987134
1657382400,21551.2,21975.4,21522.0,21627.1,1273.47804672
1657396800,21624.6,21751.4,21552.8,21591.1,608.25356628
1657411200,21590.6,21605.6,21134.6,21293.1,1460.05643605
1657425600,21293.5,21370.9,21159.4,21338.9,894.36818225
1657440000,21338.9,21428.1,21175.5,21305.0,721.37807517
1657454400,21305.0,21346.5,20832.6,20900.2,1710.57181605
1657468800,20900.1,21037.6,20655.0,20921.8,1281.55333582
1657483200,20916.6,21172.9,20690.9,20859.7,955.08249622
1657497600,20861.5,20864.3,20463.2,20546.2,1706.08995082
1657512000,20546.1,20604.8,20361.5,20441.6,967.77006949
1657526400,20440.8,20626.6,20416.1,20476.3,691.84560424
1657540800,20476.3,20754.3,20269.8,20438.1,1464.24851622
1657555200,20438.1,20705.0,20405.0,20508.2,864.07862037
1657569600,20506.4,20556.7,19878.6,19965.0,1543.79706885
1657584000,19964.0,20010.0,19795.5,19943.1,1631.91889635
1657598400,19943.2,20055.2,19620.0,19731.8,1668.90818237
1657612800,19732.1,19835.5,19561.5,19777.3,1834.40341599
1657627200,19777.4,20004.9,19700.0,19883.8,1644.58762961
1657641600,19883.9,20001.2,19282.7,19398.2,2315.35366905
1657656000,19398.2,19551.0,19249.7,19331.7,1539.37360653
1657670400,19330.8,19580.6,19270.0,19473.6,920.98341728
1657684800,19473.7,19866.0,19420.1,19706.5,1557.08963598
1657699200,19706.6,19923.3,19670.0,19840.0,1405.86637631
1657713600,19840.1,20108.8,18915.4,19453.8,8122.87896884
1657728000,19454.6,20047.2,19234.5,19650.5,3450.32993667
1657742400,19649.8,20353.1,19587.1,20239.5,2098.57804848
1657756800,20237.6,20425.3,20171.4,20221.9,1930.59607413
1657771200,20222.0,20270.0,19896.2,19989.5,1246.72025707
1657785600,19989.7,20053.3,19648.3,19738.6,1009.48525958
1657800000,19738.6,20469.5,19620.0,20389.1,4218.26827215
1657814400,20389.0,20899.0,20150.0,20612.3,3270.45662785
1657828800,20611.4,20714.9,20447.1,20594.8,626.70836414
1657843200,20591.3,20822.9,20388.0,20613.4,2521.83490732
1657857600,20613.8,20931.0,20500.0,20833.3,1332.98647991
1657872000,20833.3,21040.7,20722.9,20774.2,2243.38579515
1657886400,20774.2,21080.0,20770.0,20798.2,2816.46471943
1657900800,20799.1,21187.9,20639.3,21164.5,1882.71411653
1657915200,21166.3,21200.0,20762.1,20831.7,1322.21795506
1657929600,20831.8,20862.3,20610.8,20735.9,794.01853025
1657944000,20736.7,20758.7,20481.5,20550.0,1248.8448832
1657958400,20549.5,20683.6,20544.2,20620.6,774.74419986
1657972800,20618.5,20955.3,20590.0,20945.5,2554.60898045
1657987200,20944.5,21588.0,20927.8,21189.5,6928.75620615
1658001600,21190.4,21349.9,20922.5,21200.0,1407.36055039
1658016000,21200.0,21450.0,21093.0,21322.1,1858.84439471
1658030400,21322.1,21668.0,21238.7,21467.2,2248.05154508
1658044800,21466.6,21550.0,21226.2,21453.8,2324.43613244
1658059200,21456.8,21500.0,21088.1,21173.7,1711.96042089
1658073600,21173.7,21364.2,20821.4,21035.5,2057.78884634
1658088000,21035.4,21084.7,20755.2,20799.1,690.66924393
1658102400,20799.2,21385.0,20771.3,21285.0,1858.53960906
1658116800,21284.9,22400.0,21170.0,22245.8,4781.21734115
1658131200,22246.8,22516.6,21975.4,22137.4,2896.24440152
1658145600,22137.3,22777.0,21903.8,22672.7,3673.76515618
1658160000,22676.2,22712.9,21400.0,21620.1,5352.81891461
1658174400,21621.1,22650.0,21437.2,22437.1,5346.16081699
1658188800,22435.3,22958.2,21818.1,21896.4,6666.02608562
1658203200,21900.0,22126.0,21581.0,21767.5,3775.63732748
1658217600,21766.6,22222.0,21698.6,21977.9,4048.56894692
1658232000,21978.2,23194.9,21975.9,23131.1,8462.11221698
1658246400,23131.1,23699.9,22958.4,23400.0,7769.7110404
1658260800,23402.3,23836.9,23168.0,23398.4,2745.05832599
1658275200,23398.4,23520.0,22919.6,23443.3,2621.64468252
1658289600,23442.3,23862.4,23310.9,23386.0,3162.23662004
1658304000,23385.9,23888.0,23311.7,23728.2,2950.36229478
1658318400,23728.2,24269.7,23572.7,24168.7,5722.05042612
1658332800,24168.6,24198.9,23422.2,23663.5,5222.27665969
1658347200,23660.4,23788.8,22912.4,23221.7,4215.46741638
1658361600,23221.8,23435.3,22633.6,22773.2,2943.39533174
1658376000,22773.1,23084.5,22637.7,22931.0,2060.67220799
1658390400,22931.1,23073.8,22453.7,22607.6,2835.94784602
1658404800,22607.7,22847.0,22332.9,22645.0,3198.91849871
1658419200,22645.0,23200.0,22637.7,23196.6,2496.94438723
1658433600,23195.8,23296.4,22942.0,23153.5,1648.43890804
1658448000,23153.4,23355.0,22867.6,22914.8,1259.74061831
1658462400,22914.7,23316.8,22811.4,23113.9,2829.19759406
1658476800,23114.8,23650.1,23074.6,23611.7,4101.80314317
1658491200,23611.7,23752.3,23231.7,23291.6,6503.49400245
1658505600,23291.7,23356.7,22551.2,22587.5,3340.56962399
1658520000,22587.5,22780.0,22502.5,22683.6,1080.99407905
1658534400,22683.7,22899.9,22549.8,22806.2,705.23541631
1658548800,22806.2,22997.2,22678.9,22772.1,1092.03091976
1658563200,22771.2,22875.6,22205.8,22225.4,3113.36149948
1658577600,22226.5,22381.5,22066.0,22217.5,3433.06102582
1658592000,22217.4,22336.8,21950.0,22275.5,4540.39204701
1658606400,22275.5,22558.1,22225.1,22452.3,1129.20225922
1658620800,22453.2,22665.8,22290.6,22332.3,755.85545038
1658635200,22331.7,22850.0,22256.0,22705.2,3071.97074779
1658649600,22705.1,22817.0,22482.9,22658.5,1087.97615016
1658664000,22657.5,22900.0,22438.6,22845.0,2347.96713882
1658678400,22845.1,22850.0,22629.1,22702.5,2336.75040832
1658692800,22702.4,23007.9,22520.7,22581.4,2733.23575253
1658707200,22581.3,22662.8,21778.3,21868.0,2200.19574557
1658721600,21868.1,21995.3,21744.8,21965.1,1108.50367381
1658736000,21964.9,22112.2,21870.9,21937.1,1258.88094445
1658750400,21939.6,21996.6,21687.5,21893.5,1889.97780283
1658764800,21893.6,22013.6,21549.9,21900.0,16108.44829796
1658779200,21900.0,22264.2,21257.0,21310.5,35755.53627309
1658793600,21310.6,21350.0,20838.4,21135.2,7838.32385675
1658808000,21135.4,21252.7,21019.3,21067.9,2518.07524793
1658822400,21067.9,21158.4,20935.6,21092.1,1021.4179459
1658836800,21092.0,21190.1,20709.8,20741.9,3466.1340681
1658851200,20741.9,21078.1,20737.3,20915.4,1349.58983318
1658865600,20915.3,21294.2,20815.6,21252.6,1981.1224436
1658880000,21251.6,21280.3,21044.8,21071.9,1011.34139021
1658894400,21071.9,21451.5,21060.6,21345.2,1667.0333836
1658908800,21345.3,21432.9,21136.4,21202.6,1273.27541762
1658923200,21202.5,21546.3,21162.9,21533.0,1573.77776799
1658937600,21533.1,23100.6,21455.0,22765.4,8274.03027926
1658952000,22765.4,22995.7,22578.4,22955.0,1993.1456552
1658966400,22955.1,23446.7,22707.4,23135.9,2584.89959463
1658980800,23135.8,23263.3,22854.7,22928.6,1265.55863896
1658995200,22928.6,23133.2,22823.6,23113.8,1191.05321493
1659009600,23114.0,23990.0,22588.4,23747.6,6036.53121988
1659024000,23747.6,24100.9,23678.0,23791.6,2899.11994178
1659038400,23792.6,24200.0,23724.4,23846.2,2136.96712566
1659052800,23845.2,23945.6,23706.4,23914.4,1322.00343051
1659067200,23913.3,24444.0,23824.0,23936.8,2698.12070106
1659081600,23936.7,24130.0,23540.8,23719.3,2803.57836973
1659096000,23719.2,24230.1,23407.9,24010.4,4611.84217307
1659110400,24010.5,24036.7,23600.0,23900.2,3170.99531993
1659124800,23899.0,24136.9,23682.5,23771.5,1779.5869281
1659139200,23771.5,23966.9,23670.0,23803.3,1284.52452049
1659153600,23803.4,23909.9,23618.0,23879.7,786.56192163
1659168000,23879.8,24053.0,23737.2,23952.1,2119.30948169
1659182400,23952.2,24666.0,23917.2,24523.8,3881.83092245
1659196800,24523.9,24594.1,23856.8,23915.7,1417.60093963
1659211200,23914.9,24072.4,23501.4,23637.5,1837.91967901
1659225600,23637.5,23878.5,23524.3,23735.9,1074.18654976
1659240000,23736.0,23836.8,23666.7,23713.2,888.06619754
1659254400,23713.2,23852.8,23559.1,23799.2,884.68078122
1659268800,23799.2,23861.5,23606.6,23771.6,774.59607814
1659283200,23772.6,24193.5,23378.1,23845.2,4438.93609577
1659297600,23845.3,23887.2,23230.8,23297.2,2220.56878696
1659312000,23293.5,23464.7,23259.9,23381.0,707.011659
1659326400,23380.0,23417.0,23114.3,23322.3,915.28693245
1659340800,23322.9,23376.0,22943.5,23229.8,1708.26329109
1659355200,23229.6,23499.8,22963.3,23325.2,1850.51341627
1659369600,23324.9,23348.5,22838.2,22949.2,8716.4189201
1659384000,22950.4,23410.8,22910.5,23264.5,1256.58748589
1659398400,23265.8,23437.0,22800.0,22850.2,1899.49030109
1659412800,22850.3,22934.0,22720.3,22891.3,2689.51023723
1659427200,22891.3,22967.6,22646.6,22879.9,2568.28719878
1659441600,22881.4,23163.7,22666.0,22976.8,2924.71147161
1659456000,22977.4,23467.8,22877.1,22947.2,3856.32085863
1659470400,22948.1,23146.2,22910.2,22981.3,729.26255648
1659484800,22982.4,23067.3,22685.9,22862.5,1101.88076465
1659499200,22863.2,23070.4,22806.2,22984.9,798.24452076
1659513600,22983.7,23450.0,22983.7,23401.2,2240.50433978
1659528000,23401.1,23639.2,23208.9,23361.4,4950.56754283
1659542400,23361.3,23574.8,23262.8,23459.6,4397.01435066
1659556800,23459.6,23481.9,22726.3,22822.3,1756.64621501
1659571200,22822.2,23219.3,22794.8,23092.1,1217.85809395
1659585600,23093.1,23180.1,22817.9,22942.6,1169.61173483
1659600000,22942.4,22950.0,22766.0,22884.0,1334.2316548
1659614400,22883.9,23136.0,22755.0,22925.3,1820.6330159
1659628800,22927.3,22975.0,22373.4,22450.0,6122.3426999
1659643200,22450.0,22668.3,22448.4,22618.9,2398.65237491
1659657600,22620.0,23200.0,22590.9,23168.4,2546.53431618
1659672000,23170.0,23435.4,23066.8,23185.8,4455.60703917
1659686400,23186.2,23436.4,23100.4,23403.6,1680.33864982
1659700800,23404.3,23450.0,22888.0,23000.0,9374.48597105
1659715200,23000.1,23098.1,22757.1,22936.6,4575.27710176
1659729600,22935.5,23317.0,22849.6,23310.0,2195.53581648
1659744000,23311.0,23349.9,23151.6,23174.0,608.03015722
1659758400,23173.9,23232.0,23150.0,23201.9,501.59622533
1659772800,23201.9,23250.0,23107.0,23159.0,729.92431227
1659787200,23158.9,23230.0,23157.9,23200.7,311.53778875
1659801600,23200.8,23250.0,23000.0,23186.8,1104.52668484
1659816000,23186.1,23215.1,22910.5,22948.2,789.38669886
1659830400,22949.1,23047.0,22850.0,22990.8,656.11797889
1659844800,22990.9,23025.1,22950.0,23013.6,902.66565284
1659859200,23013.6,23045.4,22893.1,23036.6,982.35281229
1659873600,23036.6,23183.2,23014.8,23019.2,786.32818275
1659888000,23019.3,23296.4,22990.6,23155.5,815.78993342
1659902400,23156.6,23398.6,23064.0,23174.1,537.01906562
1659916800,23174.1,23346.2,23157.9,23307.7,609.12322655
1659931200,23306.6,23845.2,23280.0,23807.6,2751.84114302
1659945600,23805.7,24180.0,23770.2,24165.5,5039.18356854
1659960000,24165.4,24240.7,23904.4,23992.3,5483.67488541
1659974400,23992.9,24005.5,23796.3,23928.8,758.33868602
1659988800,23928.8,24110.3,23676.0,23815.4,1280.75371506
1660003200,23815.4,23868.1,23602.3,23829.8,812.26130719
1660017600,23829.9,23926.9,23755.5,23876.6,931.9841769
1660032000,23876.6,23888.7,23186.6,23264.1,3077.32211099
1660046400,23263.5,23329.3,22866.0,23076.9,2264.18467156
1660060800,23074.7,23129.5,22976.6,23059.3,642.94196554
1660075200,23057.4,23260.0,23056.2,23147.3,613.089889
1660089600,23147.3,23147.3,22658.7,22862.1,2707.8497251
1660104000,22862.1,23016.2,22831.2,22967.8,646.92558055
1660118400,22967.6,23209.0,22967.6,23123.1,1001.39421957
1660132800,23123.2,24178.2,23008.5,23993.4,9854.0379826
1660147200,23993.5,24089.6,23479.4,23636.3,2278.26355834
1660161600,23636.3,24200.0,23628.1,23954.6,2097.95023315
1660176000,23954.7,24490.0,23920.4,24322.9,3509.38214424
1660190400,24322.9,24733.8,24286.3,24430.0,4411.62439375
1660204800,24429.3,24676.8,24350.0,24557.8,1960.11818192
1660219200,24557.9,24908.2,24287.2,24341.5,11037.13559837
1660233600,24341.6,24412.4,24080.0,24223.7,1691.85786495
1660248000,24223.6,24326.8,23857.3,23937.1,1086.75585717
1660262400,23937.1,24099.9,23765.0,24014.0,1048.37968079
1660276800,24013.9,24053.9,23877.1,23959.8,649.5009881
1660291200,23959.7,24141.5,23575.3,23674.6,1922.19791909
1660305600,23674.5,24004.8,23654.1,23982.2,1182.15674789
1660320000,23982.2,24276.3,23950.3,24176.7,942.19428369
1660334400,24176.5,24448.1,24051.2,24400.0,1312.74119101
1660348800,24400.0,24804.7,24335.4,24796.0,2486.56090163
1660363200,24795.6,24880.0,24558.0,24568.9,2090.83968573
1660377600,24568.9,24650.1,24292.4,24437.9,2410.50625789
1660392000,24437.9,24599.9,24301.4,24513.7,668.95733481
1660406400,24513.8,24587.4,24340.3,24401.3,522.74801294
1660420800,24401.3,24541.2,24325.9,24441.2,368.47343615
1660435200,24441.4,24633.0,24341.1,24570.4,771.32344838
1660449600,24570.4,25035.3,24498.5,24874.2,2544.72895644
1660464000,24874.1,24880.1,24520.0,24562.0,1341.25993665
1660478400,24562.1,24590.0,24400.0,24525.4,826.56422066
1660492800,24525.4,24562.1,24140.3,24284.3,1770.03971243
1660507200,24284.3,24430.6,24176.7,24301.4,766.83272315
1660521600,24301.2,25205.0,24166.3,24868.1,2991.88547334
1660536000,24869.2,24980.0,23940.4,24028.3,3378.99420948
1660550400,24028.3,24307.3,23877.7,24052.6,1699.34494035
1660564800,24052.5,24265.0,23904.1,24230.0,2691.2736386
1660579200,24230.1,24281.9,23971.6,23982.8,4342.27669579
1660593600,23982.7,24170.0,23773.1,24095.2,2205.33613502
1660608000,24094.6,24243.5,23860.0,24083.5,2012.01007011
1660622400,24083.5,24142.6,23802.3,24066.6,3453.32270617
1660636800,24066.6,24153.1,23972.4,24038.8,1902.5967877
1660651200,24038.7,24099.0,23671.2,23901.8,1991.69652596
1660665600,23901.8,24060.8,23691.6,23933.6,1206.98688276
1660680000,23933.6,23990.0,23811.1,23857.2,734.36783285
1660694400,23857.3,24076.8,23828.6,24005.0,1669.96452969
1660708800,24003.2,24440.2,23763.2,23791.7,3725.94460419
1660723200,23791.6,23922.4,23700.0,23749.0,2406.61239507
1660737600,23747.6,23758.1,23324.5,23395.3,4818.01671556
1660752000,23393.6,23635.0,23237.8,23275.2,1235.65905848
1660766400,23276.2,23410.5,23180.6,23340.4,750.36795605
1660780800,23340.4,23513.7,23291.5,23439.1,825.74203837
1660795200,23439.2,23466.6,23331.0,23410.5,422.9280217
1660809600,23410.5,23577.2,23344.6,23527.8,507.68140581
1660824000,23527.9,23600.0,23359.0,23455.0,710.25433751
1660838400,23455.1,23466.7,23239.1,23351.9,966.26732262
1660852800,23349.8,23441.1,23113.0,23193.0,1008.20201187
1660867200,23193.1,23201.9,22712.2,22770.0,2440.54325971
1660881600,22770.0,22837.9,21200.0,21904.7,7600.36822952
1660896000,21905.3,21913.1,21270.0,21471.7,5630.47397446
1660910400,21471.6,21590.2,21250.0,21445.0,4242.0079504
1660924800,21444.9,21666.0,21155.9,21332.6,3653.49167079
1660939200,21330.9,21380.5,20789.0,20835.1,5091.38334009
1660953600,20835.2,21185.8,20797.0,21140.0,1600.95540281
1660968000,21140.0,21363.4,21082.4,21308.0,1696.36748897
1660982400,21308.0,21310.7,21119.2,21235.8,2484.06206936
1660996800,21235.9,21343.3,21198.7,21296.2,1894.67075304
1661011200,21297.4,21352.1,20945.3,20987.9,2691.77159213
1661025600,20989.1,21245.2,20767.7,21138.3,1339.45380976
1661040000,21138.3,21332.6,21119.4,21209.2,863.34383259
1661054400,21209.2,21279.9,21070.0,21248.7,683.57438843
1661068800,21249.5,21563.8,21229.5,21525.5,1879.47890637
1661083200,21525.4,21582.0,21305.9,21422.4,2124.72151463
1661097600,21422.4,21554.1,21331.6,21511.4,747.53210645
1661112000,21511.5,21788.8,21300.0,21515.8,2508.70210942
1661126400,21515.8,21527.5,21362.9,21420.2,418.24856459
1661140800,21420.0,21490.0,21066.3,21105.6,2423.70660851
1661155200,21105.6,21333.7,20893.4,21249.0,4143.73164088
1661169600,21249.6,21434.3,21087.4,21403.0,1554.86807467
1661184000,21403.0,21542.4,20967.8,21056.1,1606.36282528
1661198400,21057.1,21422.2,21051.4,21406.8,979.40432314
1661212800,21402.1,21466.0,21224.9,21237.8,1384.22309056
1661227200,21237.9,21314.4,20888.0,21302.6,2104.18231965
1661241600,21302.6,21556.5,21285.4,21452.4,2079.54257051
1661256000,21453.5,21674.5,21328.7,21469.5,2041.09194278
1661270400,21469.6,21604.1,21363.9,21520.1,882.91266113
1661284800,21520.5,21650.0,21435.2,21525.1,569.73394627
1661299200,21525.4,21551.3,21153.0,21264.3,1645.20528067
1661313600,21264.4,21501.5,21242.1,21314.0,1252.87214485
1661328000,21314.5,21825.8,21268.6,21440.1,1325.21587805
1661342400,21440.1,21640.5,21377.5,21614.1,1513.52412334
1661356800,21614.1,21891.0,21607.8,21705.9,1624.77166745
1661371200,21707.0,21757.0,21364.7,21366.1,1152.26171527
1661385600,21366.2,21633.7,21315.8,21469.7,813.06850849
1661400000,21469.6,21759.3,21466.4,21739.2,980.63178063
1661414400,21739.1,21812.5,21612.1,21724.4,739.41921878
1661428800,21724.4,21776.8,21487.0,21567.5,1334.79593064
1661443200,21567.2,21645.4,21424.5,21601.4,1041.00720704
1661457600,21602.0,21683.0,21515.2,21564.2,282.88668478
1661472000,21563.2,21610.6,21436.4,21552.5,554.25037785
1661486400,21552.4,21563.1,21331.5,21451.4,977.25833264
1661500800,21451.3,21466.2,21111.2,21195.5,1468.07429326
1661515200,21195.5,21881.6,20599.9,20777.9,13110.4210789
1661529600,20778.7,20831.9,20531.2,20642.6,3214.03905434
1661544000,20644.1,20745.6,20087.9,20243.6,4334.59979076
1661558400,20242.9,20400.0,20135.6,20201.9,1560.80544946
1661572800,20201.9,20276.7,19927.8,20272.5,2534.00614616
1661587200,20272.5,20281.4,20136.0,20208.3,817.31323545
1661601600,20208.3,20240.0,19784.9,19980.1,2318.11870533
1661616000,19980.1,20094.2,19841.8,20018.1,1482.70493831
1661630400,20018.0,20100.0,19860.0,20036.0,982.39578916
1661644800,20035.5,20164.0,19928.3,19997.0,734.61187208
1661659200,19996.2,20081.2,19940.8,20052.8,454.04888392
1661673600,20054.7,20104.1,19945.7,20032.1,610.27714889
1661688000,20032.1,20055.0,19808.3,20018.9,2528.98356873
1661702400,20018.9,20153.3,19956.2,19970.2,678.39797847
1661716800,19971.1,20047.7,19523.9,19557.1,1698.99116919
1661731200,19557.2,19963.1,19555.1,19863.3,1689.06746789
1661745600,19863.6,19935.1,19745.5,19895.4,669.68468802
1661760000,19895.3,19919.2,19767.5,19821.8,663.21903323
1661774400,19821.8,20388.0,19806.6,20258.7,2800.66204816
1661788800,20258.7,20428.0,20084.3,20095.5,1359.00101449
1661803200,20096.3,20346.1,20078.0,20292.2,553.24193477
1661817600,20291.3,20292.2,20112.3,20272.0,627.49389518
1661832000,20272.9,20570.1,20258.8,20434.7,1592.42390882
1661846400,20434.7,20511.8,20334.7,20402.6,558.9619962
1661860800,20402.6,20443.8,19636.5,19755.9,2664.84976783
1661875200,19756.9,20093.9,19541.2,19949.1,2385.50433976
1661889600,19947.3,20056.7,19746.1,19807.9,998.18380044
1661904000,19808.0,20462.3,19802.1,20404.3,1314.37006405
1661918400,20404.3,20488.0,20192.0,20258.8,1028.38928014
1661932800,20257.7,20406.2,20125.5,20315.6,1159.80526518
1661947200,20315.6,20420.0,19875.5,20144.9,1519.40424966
1661961600,20145.0,20332.9,19885.1,20226.4,1168.46524898
1661976000,20226.4,20292.8,19972.1,20050.7,558.00389106
1661990400,20050.2,20204.3,19922.3,20025.5,871.50896471
1662004800,20024.6,20135.6,19805.5,19896.7,979.3162207
1662019200,19896.5,20124.6,19825.5,20072.1,724.46087745
1662033600,20072.1,20096.1,19659.3,19784.5,1633.61297077
1662048000,19784.6,19939.9,19566.2,19871.4,1512.62280471
1662062400,19871.5,20175.8,19844.7,20133.0,1040.2132409
1662076800,20131.6,20244.4,19958.2,20155.0,882.90934183
1662091200,20154.8,20292.7,20040.0,20114.0,569.51169807
1662105600,20114.0,20171.2,19990.0,20086.9,596.53338148
1662120000,20087.0,20435.0,20026.1,20359.3,5953.21782834
1662134400,20359.3,20380.0,19757.9,19909.3,2130.28480146
1662148800,19908.4,20017.7,19860.0,19954.3,527.80687495
1662163200,19954.3,20050.9,19873.5,19899.0,349.53666938
1662177600,19899.0,19965.1,19760.0,19819.9,484.86029407
1662192000,19819.4,19867.0,19730.0,19800.2,698.37661987
1662206400,19800.1,19900.0,19750.1,19770.3,500.34712348
1662220800,19770.4,19832.3,19654.5,19710.5,484.80210154
1662235200,19710.4,19847.6,19682.8,19833.7,228.95659866
1662249600,19833.7,19856.5,19745.4,19774.2,183.87568334
1662264000,19774.0,19808.5,19623.7,19636.1,454.91421934
1662278400,19635.0,19853.0,19590.0,19847.7,818.46931208
1662292800,19848.7,19940.0,19652.3,19791.6,934.36740649
1662307200,19791.7,19951.9,19724.0,19881.6,668.20615617
1662321600,19881.6,20023.5,19819.8,20001.1,583.41588463
1662336000,20001.1,20057.7,19815.0,19883.8,491.05451599
1662350400,19886.0,19910.3,19685.0,19749.7,410.28109194
1662364800,19749.6,19803.7,19637.8,19701.3,607.83225141
1662379200,19700.5,19950.0,19668.4,19854.7,867.23693714
1662393600,19854.7,19912.2,19671.1,19711.8,735.19975593
1662408000,19711.3,19868.7,19697.4,19791.9,457.73474104
1662422400,19792.4,20182.6,19665.0,19792.2,1958.14373819
1662436800,19792.2,19947.1,19736.2,19908.5,1095.03101307
1662451200,19908.7,20030.2,19863.0,19915.8,790.33047636
1662465600,19916.3,19998.9,19668.0,19819.6,1277.68976206
1662480000,19819.5,19853.7,18741.0,18827.4,8834.64312164
1662494400,18828.3,19074.2,18659.3,18792.0,2002.383889
1662508800,18790.2,18873.7,18505.7,18744.7,1781.05276257
1662523200,18743.6,18840.8,18673.2,18800.7,867.95988906
1662537600,18800.7,18859.0,18698.1,18738.3,597.1031853
1662552000,18738.9,18961.9,18680.4,18870.9,1389.86480984
1662566400,18871.0,19195.3,18853.1,18994.2,2091.2237131
1662580800,18991.7,19457.6,18989.8,19289.1,1964.48468679
1662595200,19289.0,19380.8,19151.0,19215.9,913.89245982
1662609600,19215.8,19383.1,19054.1,19177.0,1236.04593471
1662624000,19176.6,19394.8,19144.5,19311.5,2459.89614652
1662638400,19311.6,19374.6,19012.5,19250.7,3060.04249643
1662652800,19250.8,19354.5,19094.4,19354.5,850.35643832
1662667200,19352.8,19456.7,19252.9,19318.6,708.72254758
1662681600,19318.6,19955.3,19295.5,19945.2,2429.99694375
1662696000,19946.2,20830.0,19933.7,20630.7,6338.61701467
1662710400,20630.8,21190.5,20628.7,20940.3,3811.00449906
1662724800,20939.6,21342.0,20920.6,21265.5,2814.2876404
1662739200,21265.5,21440.7,21133.3,21289.7,1843.99044178
1662753600,21290.9,21664.6,21192.3,21364.0,2345.14242708
1662768000,21364.0,21393.8,21166.5,21304.9,1035.26108468
1662782400,21303.9,21671.4,21251.2,21281.1,1901.44974446
1662796800,21281.4,21391.2,21257.7,21288.5,644.41907477
1662811200,21288.1,21368.0,21119.7,21220.8,1003.98246559
1662825600,21220.8,21645.0,21175.4,21580.0,1139.29307625
1662840000,21580.1,21800.0,21364.7,21647.7,1649.78257716
1662854400,21648.4,21681.5,21455.0,21545.4,892.94789308
1662868800,21545.1,21641.5,21352.9,21607.6,846.73965685
1662883200,21608.7,21729.0,21559.9,21613.9,906.68613114
1662897600,21613.9,21752.7,21456.1,21640.9,995.35826114
1662912000,21642.0,21880.0,21530.4,21621.2,848.34355866
1662926400,21620.4,21848.8,21457.4,21829.7,1497.12190525
1662940800,21829.4,22374.0,21540.9,21657.2,4643.90373884
1662955200,21658.7,22229.7,21631.4,22192.1,1446.05914461
1662969600,22192.8,22490.0,21973.0,22315.3,3363.29364471
1662984000,22313.9,22483.8,22011.4,22117.4,4840.87986747
1662998400,22117.4,22454.5,22018.9,22422.0,1471.17819465
1663012800,22425.2,22480.5,22255.9,22396.5,669.50026186
1663027200,22396.6,22444.1,22064.5,22232.4,1232.80969117
1663041600,22232.5,22680.0,22181.0,22275.1,2150.13252324
1663056000,22275.1,22719.7,22190.0,22528.6,2088.91052678
1663070400,22528.0,22800.0,20760.0,20832.2,13818.03200668
1663084800,20832.9,20924.0,20048.2,20282.8,4051.08964559
1663099200,20282.2,20413.2,19864.9,20171.8,3317.8499524
1663113600,20170.9,20525.0,20045.2,20325.9,2788.41692903
1663128000,20323.8,20402.2,20138.6,20243.8,847.97516152
1663142400,20242.6,20417.7,20071.6,20224.3,1074.79680862
1663156800,20224.4,20385.0,20076.4,20176.9,2139.45582227
1663171200,20176.9,20241.5,19615.0,19952.2,2937.0069928
1663185600,19952.2,20390.8,19853.9,20226.5,940.18248483
1663200000,20226.7,20265.8,19922.3,20021.1,1618.87690832
1663214400,20021.1,20325.6,19959.1,20203.1,2508.59250519
1663228800,20203.1,20226.2,20025.4,20149.6,1351.59347221
1663243200,20149.6,20191.3,19472.9,19736.9,3108.43312056
1663257600,19736.5,19945.7,19650.2,19785.4,812.88275784
1663272000,19785.3,19890.4,19571.9,19699.5,546.8908027
1663286400,19699.5,19812.0,19583.8,19746.2,651.63447978
1663300800,19746.1,19855.5,19730.4,19743.8,574.16707018
1663315200,19743.9,19890.3,19614.0,19868.4,853.69619667
1663329600,19868.4,19874.5,19446.6,19662.1,1804.70574452
1663344000,19662.1,19662.1,19320.0,19617.0,1589.39944842
1663358400,19617.0,19817.1,19616.7,19802.8,711.1881599
1663372800,19802.9,20069.6,19770.6,19883.5,1043.8993814
1663387200,19884.4,19984.0,19791.2,19844.3,494.6490529
1663401600,19845.0,19912.7,19809.3,19812.1,367.06025651
1663416000,19812.0,20027.9,19752.0,19965.2,1774.34334195
1663430400,19965.1,20192.0,19942.2,20011.1,2319.43896005
1663444800,20011.4,20150.0,19943.2,20114.5,466.95813436
1663459200,20114.5,20115.4,19954.7,19998.0,407.10971282
1663473600,19998.0,20094.9,19958.2,20050.9,1332.22690246
1663488000,20050.7,20095.7,19761.0,19924.3,755.94890613
1663502400,19924.0,20024.6,19729.8,19815.0,1917.67069569
1663516800,19814.2,19877.4,19563.8,19723.1,1904.78246143
1663531200,19723.1,19748.9,19340.0,19413.9,1519.24690676
1663545600,19413.9,19514.0,18666.4,18777.9,4302.58144922
1663560000,18777.4,18874.9,18235.2,18468.5,4139.52333249
1663574400,18468.6,18799.5,18372.3,18683.8,2166.98712898
1663588800,18684.5,19427.5,18678.3,19080.7,4968.8161832
1663603200,19081.2,19548.9,18880.0,19516.1,4569.94524093
1663617600,19515.1,19684.0,19417.3,19534.6,1266.27528406
1663632000,19535.4,19632.3,19168.5,19364.5,1195.97046956
1663646400,19365.8,19586.0,19221.5,19359.8,1152.89671541
1663660800,19359.7,19424.2,19153.5,19222.5,1040.60097485
1663675200,19222.3,19262.5,18781.4,19236.0,2101.76311271
1663689600,19236.1,19322.8,18727.3,18993.2,1658.85445105
1663704000,18991.1,19088.4,18785.0,18875.6,696.12587952
1663718400,18875.0,19062.7,18834.3,19024.7,578.64385156
1663732800,19024.8,19133.5,18795.8,18948.2,908.5167496
1663747200,18948.2,19203.4,18827.5,19164.7,1363.32419741
1663761600,19166.0,19475.1,19086.1,19194.5,1994.9000166
1663776000,19193.7,19995.0,18600.0,19004.5,14700.17500179
1663790400,19004.5,19068.5,18144.5,18462.0,5412.46091281
1663804800,18461.1,18787.0,18360.0,18688.8,2244.62540991
1663819200,18689.2,18968.6,18620.3,18933.5,3041.71975529
1663833600,18933.5,19282.2,18904.1,19231.1,2480.3679465
1663848000,19232.3,19321.8,18798.3,18986.2,2877.67993963
1663862400,18987.0,19491.4,18781.1,19307.7,1768.0314743
1663876800,19308.4,19526.8,19161.2,19399.4,1493.34075522
1663891200,19399.6,19466.2,19227.4,19391.5,843.21843034
1663905600,19391.6,19496.0,19202.5,19224.0,1372.68658771
1663920000,19224.0,19268.0,18837.9,18860.0,1713.98498257
1663934400,18859.9,19079.5,18533.4,18716.3,2404.98247838
1663948800,18714.9,18849.3,18571.1,18812.5,1368.21658335
1663963200,18812.5,19404.3,18800.9,19289.1,1826.77553636
1663977600,19289.1,19308.4,19020.5,19122.5,993.54352897
1663992000,19122.6,19186.6,18926.5,18995.2,813.9944909
1664006400,18995.0,19114.5,18943.0,19057.0,668.12032058
1664020800,19055.3,19228.9,19015.4,19121.8,767.53576183
1664035200,19122.7,19192.7,19056.0,19105.9,430.11241299
1664049600,19105.7,19150.8,18810.2,18921.6,715.04284777
1664064000,18922.2,19059.8,18915.4,19052.2,547.85681952
1664078400,19052.3,19132.3,18942.2,19099.3,679.34201302
1664092800,19099.3,19188.0,18980.9,19118.3,485.57703887
1664107200,19118.3,19144.0,18846.4,18990.2,1048.17732155
1664121600,18990.1,19127.6,18866.3,18916.5,901.84671961
1664136000,18916.3,18950.8,18635.0,18809.2,1004.58446756
1664150400,18809.2,18946.2,18727.4,18871.0,1297.42033334
1664164800,18869.7,18932.6,18687.6,18911.2,993.28860395
1664179200,18911.2,19318.9,18805.1,18875.2,2426.96851586
1664193600,18876.3,19276.4,18823.2,19114.3,1821.40639558
1664208000,19114.4,19266.1,18971.7,19203.9,874.2524417
1664222400,19202.5,19244.0,19073.8,19228.4,580.84323916
1664236800,19228.4,20298.6,19190.9,20101.4,5539.75345847
1664251200,20101.5,20345.3,19958.9,20179.8,2002.65772797
1664265600,20179.7,20333.5,20096.1,20230.3,1185.30664952
1664280000,20229.5,20380.3,19871.3,19886.6,2056.15387926
1664294400,19887.7,19950.0,18820.0,19080.9,4573.6780884
1664308800,19080.1,19168.4,18930.0,19080.0,1233.65117993
1664323200,19080.1,19235.7,18461.9,18745.6,3002.1830351
1664337600,18745.5,18881.7,18624.9,18783.3,1051.11685846
1664352000,18783.2,19150.0,18566.7,18954.5,3051.64578278
1664366400,18954.6,19498.0,18947.1,19488.9,2473.15340378
1664380800,19488.9,19665.4,19261.4,19544.0,2637.82980738
1664395200,19544.4,19777.0,19388.7,19414.1,1285.11060644
1664409600,19414.1,19604.4,19282.0,19509.2,1241.9162673
1664424000,19509.1,19626.7,19270.0,19361.4,1467.06845814
1664438400,19361.3,19547.4,19300.0,19466.2,1116.95791212
1664452800,19465.5,19475.0,18842.4,19291.1,3747.12042569
1664467200,19291.0,19647.8,19122.0,19404.2,2042.65459527
1664481600,19405.0,19615.6,19380.1,19589.4,629.11450696
1664496000,19589.6,19699.0,19314.0,19399.5,1190.67449752
1664510400,19398.7,19633.7,19390.6,19568.8,1252.70556119
1664524800,19568.7,19630.0,19403.6,19435.2,832.22435039
1664539200,19435.1,20176.8,19155.4,19750.6,6023.910184
1664553600,19751.7,19869.8,19467.8,19477.6,1944.84144536
1664568000,19477.1,19539.2,19245.5,19421.7,1166.13657268
1664582400,19422.6,19481.6,19353.8,19418.7,508.89918439
1664596800,19418.7,19422.0,19258.3,19311.9,683.3837191
1664611200,19311.5,19368.3,19160.1,19310.9,720.34861228
1664625600,19311.2,19399.3,19244.8,19333.5,585.47090438
1664640000,19333.1,19352.9,19207.5,19268.6,434.6283353
1664654400,19268.6,19339.8,19201.8,19311.3,357.23523888
1664668800,19311.4,19345.4,19239.3,19309.8,327.11780379
1664683200,19309.8,19396.7,19234.2,19285.7,587.46016901
1664697600,19285.8,19298.7,19041.5,19196.2,760.33326742
1664712000,19195.8,19249.2,19069.2,19143.9,540.39244749
1664726400,19144.7,19345.6,19133.4,19258.5,550.41188673
1664740800,19259.0,19298.4,18920.0,19055.1,1400.9877197
1664755200,19055.2,19255.1,18963.7,19170.2,710.24898692
1664769600,19170.1,19310.3,19057.6,19197.2,1282.53693228
1664784000,19197.3,19253.4,19124.0,19250.5,435.12984468
1664798400,19249.6,19492.7,19135.9,19335.2,1789.24501231
1664812800,19335.3,19646.2,19312.2,19543.2,2020.1606747
1664827200,19541.9,19725.0,19511.2,19629.6,810.53041931
1664841600,19628.6,19721.7,19492.9,19597.0,856.81201464
1664856000,19597.1,19974.5,19558.1,19967.9,4962.46338271
1664870400,19966.3,20167.8,19814.3,19936.3,2650.15100311
1664884800,19936.4,20270.0,19907.0,20097.8,4831.20154235
1664899200,20098.0,20268.0,19873.6,20217.8,1462.77217072
1664913600,20218.3,20462.4,20149.6,20335.1,2836.34980813
1664928000,20336.6,20361.3,20150.1,20189.6,786.55943931
1664942400,20189.6,20297.3,20074.5,20224.0,872.58085163
1664956800,20224.1,20240.6,19959.2,20025.9,1117.08796672
1664971200,20027.1,20068.2,19731.2,19999.1,1974.72118501
1664985600,20000.1,20346.7,19952.9,20118.4,1556.53433911
1665000000,20119.9,20212.9,19958.6,20158.6,676.90247441
1665014400,20158.6,20439.0,20146.6,20358.6,1833.25942642
1665028800,20358.6,20447.9,20162.2,20223.3,1206.24268486
1665043200,20222.4,20258.1,20086.3,20243.0,805.71129403
1665057600,20243.1,20321.7,19881.0,20016.1,1937.05394232
1665072000,20014.1,20256.5,19953.2,20010.1,3253.07926507
1665086400,20010.1,20070.2,19855.7,19961.1,594.52471178
1665100800,19962.1,20052.8,19945.3,19984.5,385.16318279
1665115200,19984.4,20010.7,19811.1,19928.2,744.37547016
1665129600,19928.2,20050.1,19920.3,20000.1,1620.01517128
1665144000,20000.1,20050.0,19473.6,19579.0,5296.77341067
1665158400,19579.0,19607.4,19320.5,19462.5,2920.22832116
1665172800,19463.0,19640.4,19446.9,19529.6,1580.7661217
1665187200,19529.6,19626.2,19495.4,19503.2,760.56232162
1665201600,19503.3,19544.6,19427.1,19498.9,538.91848827
1665216000,19499.0,19544.4,19452.8,19536.7,574.06959767
1665230400,19536.6,19538.6,19416.4,19488.8,350.01078708
1665244800,19488.9,19531.3,19439.3,19469.0,226.35088812
1665259200,19469.1,19481.0,19215.9,19413.2,965.25776145
1665273600,19413.3,19449.5,19332.1,19369.3,309.34797281
1665288000,19368.3,19435.5,19323.0,19407.7,364.5352694
1665302400,19407.7,19549.5,19375.0,19468.0,541.41478925
1665316800,19468.0,19547.4,19463.8,19536.2,606.4475867
1665331200,19536.2,19558.9,19340.0,19467.1,1870.60116502
1665345600,19467.2,19496.4,19369.8,19441.3,503.17874061
1665360000,19441.3,19522.7,19405.3,19451.5,550.51715706
1665374400,19451.5,19480.1,19371.4,19410.3,529.12309553
1665388800,19410.3,19416.4,19127.3,19333.2,1502.31304191
1665403200,19333.4,19437.5,19225.1,19271.4,1201.17453431
1665417600,19270.1,19356.6,19103.0,19212.1,1230.1590204
1665432000,19212.3,19278.7,19020.0,19129.1,1170.32195891
1665446400,19130.1,19130.1,18954.0,19043.0,1507.60661852
1665460800,19043.4,19115.0,19010.7,19083.1,628.31508408
1665475200,19083.0,19159.9,19032.0,19150.5,649.63345616
1665489600,19150.5,19263.9,18849.5,19145.2,6631.53179943
1665504000,19146.9,19181.3,18921.7,18996.2,694.68715486
1665518400,18996.1,19062.9,18989.3,19061.1,324.61529028
1665532800,19060.5,19127.9,19026.1,19048.8,457.58968927
1665547200,19048.8,19198.6,19044.9,19114.7,664.18665045
1665561600,19114.6,19199.9,19092.6,19117.0,458.01851321
1665576000,19117.1,19183.1,18957.1,19140.1,2072.7863397
1665590400,19140.1,19173.5,19041.2,19137.3,565.03132474
1665604800,19137.3,19233.7,19133.2,19155.2,366.88311245
1665619200,19155.2,19172.7,19019.0,19089.0,636.33076364
1665633600,19089.1,19113.0,18952.5,19009.2,897.6838503
1665648000,19009.2,19039.5,18563.1,18753.4,3037.90814362
1665662400,18753.4,19082.5,18155.0,18955.1,15032.47772557
1665676800,18957.8,19507.0,18904.4,19370.7,3742.45848549
1665691200,19370.6,19496.0,19327.5,19377.8,928.41369687
1665705600,19377.8,19954.8,19339.2,19812.7,2700.81710036
1665720000,19812.8,19845.6,19570.0,19642.1,1171.84287329
1665734400,19641.6,19742.5,19530.0,19597.8,1303.8804192
1665748800,19597.9,19849.9,19308.2,19357.6,2393.76918187
1665763200,19357.1,19403.9,19111.4,19167.6,1341.40634508
1665777600,19168.5,19213.1,19075.8,19178.8,513.98806074
1665792000,19178.8,19227.4,19136.4,19204.5,547.18247876
1665806400,19203.9,19209.7,19138.3,19168.1,248.49056675
1665820800,19168.2,19179.9,19035.5,19165.9,858.92136795
1665835200,19165.8,19196.4,19101.0,19129.3,449.41589505
1665849600,19129.3,19162.7,19056.7,19098.3,597.32318863
1665864000,19098.4,19130.5,18975.7,19070.6,507.80283146
1665878400,19070.5,19174.9,19065.7,19121.7,263.18061774
1665892800,19121.7,19160.6,19113.3,19136.1,218.46125608
1665907200,19136.1,19193.3,19090.0,19145.4,334.38804422
1665921600,19145.4,19170.0,19100.9,19158.0,399.44318381
1665936000,19158.1,19380.9,19121.2,19377.0,902.09459513
1665950400,19377.0,19421.7,19105.0,19263.4,1944.59667627
1665964800,19263.4,19305.1,19160.2,19188.5,486.96313508
1665979200,19188.6,19316.4,19165.0,19295.4,401.98835813
1665993600,19295.4,19543.8,19244.9,19458.8,1440.10355273
1666008000,19458.8,19675.2,19421.9,19532.7,3248.0669757
1666022400,19532.6,19589.4,19441.2,19526.0,783.83863942
1666036800,19525.9,19621.8,19471.5,19547.6,560.29699635
1666051200,19547.7,19620.1,19481.3,19547.4,506.17367754
1666065600,19547.5,19709.2,19534.6,19667.4,2155.15142308
1666080000,19667.4,19671.4,19476.2,19563.5,913.78774627
1666094400,19564.5,19677.5,19278.0,19372.1,2555.54542257
1666108800,19372.1,19438.0,19090.1,19217.0,3342.6450189
1666123200,19217.0,19427.5,19198.2,19330.1,572.83545542
1666137600,19330.0,19358.6,19216.0,19285.7,467.99574355
1666152000,19285.7,19304.4,19149.6,19219.6,443.41020877
1666166400,19219.6,19277.1,19147.1,19201.5,482.23130099
1666180800,19201.5,19302.3,19069.1,19267.3,1078.69325383
1666195200,19267.2,19276.8,19096.1,19228.9,850.68584435
1666209600,19228.8,19246.4,19088.3,19126.9,543.37598064
1666224000,19126.6,19161.1,18902.1,19041.3,1153.40852582
1666238400,19043.3,19206.9,19042.0,19144.1,680.2643213
1666252800,19144.1,19252.3,19108.0,19209.3,676.23528341
1666267200,19209.1,19346.2,19131.2,19255.9,1026.7966616
1666281600,19256.0,19256.0,18967.8,19063.9,1005.73048068
1666296000,19063.3,19096.7,18932.8,19043.9,828.45765546
1666310400,19043.9,19132.5,19001.7,19050.9,518.48596683
1666324800,19051.0,19081.3,18990.0,19030.2,468.04818124
1666339200,19030.3,19040.0,18900.3,18944.3,792.38098509
1666353600,18944.3,19168.8,18648.9,19165.0,2523.45894375
1666368000,19165.1,19250.0,19093.3,19189.6,889.60852723
1666382400,19189.5,19248.4,19139.2,19161.9,355.49466145
1666396800,19162.1,19181.7,19115.0,19152.1,308.02677266
1666411200,19152.1,19173.9,19135.0,19163.1,357.246693
1666425600,19163.5,19185.7,19140.9,19180.0,209.84678666
1666440000,19180.1,19252.0,19157.7,19235.3,454.77944023
1666454400,19235.3,19247.3,19137.0,19184.8,201.23887565
1666468800,19184.9,19222.3,19175.8,19202.7,113.11297716
1666483200,19202.8,19217.9,19167.6,19197.1,170.90048938
1666497600,19197.1,19218.9,19151.0,19163.3,209.47964678
1666512000,19163.2,19187.3,19130.7,19156.2,208.02163632
1666526400,19156.2,19209.3,19070.1,19193.0,471.99281316
1666540800,19193.1,19527.4,19171.4,19499.8,1378.80975276
1666555200,19499.8,19691.9,19447.1,19570.5,1203.846178
1666569600,19570.7,19598.8,19341.3,19391.2,1124.61256416
1666584000,19391.2,19391.2,19250.3,19321.9,888.54608284
1666598400,19322.0,19444.2,19293.8,19423.1,459.58566897
1666612800,19423.2,19452.0,19161.0,19303.6,2520.93685917
1666627200,19303.7,19422.0,19224.2,19342.0,487.76059498
1666641600,19342.1,19415.2,19306.6,19332.3,282.01773787
1666656000,19331.4,19361.8,19246.8,19341.9,371.81232298
1666670400,19342.0,19374.0,19274.1,19308.5,262.38939689
1666684800,19307.6,19323.8,19242.6,19299.9,304.21943121
1666699200,19300.0,19807.9,19264.0,19747.5,2127.98302263
1666713600,19747.6,20412.3,19721.1,20271.4,7316.69998885
1666728000,20271.8,20293.2,19983.6,20082.5,1935.77425733
1666742400,20082.5,20307.5,20053.2,20251.6,1260.92204594
1666756800,20251.6,20377.6,20136.1,20345.5,1515.90717016
1666771200,20345.4,20790.2,20283.5,20609.4,4242.78062104
1666785600,20609.3,21020.5,20344.2,20845.0,4824.22076904
1666800000,20845.1,20989.9,20639.5,20761.0,2665.28446878
1666814400,20761.5,20906.0,20694.4,20770.8,1630.86304766
1666828800,20769.2,20847.5,20590.9,20752.4,960.28754858
1666843200,20752.4,20870.3,20682.2,20713.2,616.24281622
1666857600,20713.1,20750.0,20457.6,20623.3,1285.17131011
1666872000,20623.2,20768.7,20435.3,20562.2,5149.98249997
1666886400,20562.1,20675.0,20495.1,20628.7,709.61276885
1666900800,20629.3,20633.3,20200.0,20290.4,2943.9957196
1666915200,20291.5,20334.3,20164.0,20295.9,1499.51033349
1666929600,20295.9,20306.2,20049.9,20078.9,3728.7748402
1666944000,20079.0,20246.2,20027.6,20176.1,971.07358606
1666958400,20175.3,20587.1,20000.0,20481.5,3170.41875045
1666972800,20482.2,20746.8,20450.8,20609.0,1445.61442572
1666987200,20610.0,20735.3,20569.0,20592.5,400.14600629
1667001600,20592.5,20800.0,20556.9,20752.8,1277.871191
1667016000,20752.9,20777.7,20618.7,20772.4,759.0720964
1667030400,20772.0,21080.0,20653.9,20697.2,3895.34851682
1667044800,20697.2,20943.1,20679.1,20923.1,2865.00263363
1667059200,20923.1,20979.5,20760.6,20838.2,1953.90476595
1667073600,20838.2,20899.0,20705.1,20808.1,776.12377908
1667088000,20808.2,20835.1,20702.6,20773.0,641.27881589
1667102400,20773.1,20927.7,20741.3,20850.6,1860.40706213
1667116800,20850.7,20885.2,20634.3,20774.0,1045.17980748
1667131200,20773.8,20777.8,20608.8,20679.0,849.65303218
1667145600,20679.1,20696.5,20536.1,20644.9,1057.32016726
1667160000,20645.0,20737.4,20509.7,20626.7,444.28751084
1667174400,20627.0,20673.2,20430.0,20520.6,700.25815227
1667188800,20520.6,20590.2,20457.2,20547.3,399.59670151
1667203200,20547.4,20846.0,20452.8,20733.1,970.10431325
1667217600,20733.2,20752.2,20241.1,20400.0,2439.55729127
1667232000,20400.0,20527.4,20331.0,20369.9,851.48068654
1667246400,20370.6,20520.5,20356.8,20491.0,364.63477513
1667260800,20491.1,20585.2,20439.3,20483.8,475.25276125
1667275200,20483.8,20661.3,20466.4,20598.6,600.57638281
1667289600,20598.6,20694.6,20492.3,20525.2,1092.42399661
1667304000,20525.7,20569.3,20332.2,20447.5,1051.51178908
1667318400,20447.4,20515.9,20375.8,20450.0,534.52365691
1667332800,20450.0,20500.3,20433.3,20483.2,262.0145718
1667347200,20484.0,20555.5,20406.6,20520.4,378.72353962
1667361600,20521.0,20559.7,20357.9,20426.3,595.93643903
1667376000,20426.4,20536.7,20334.6,20434.2,658.88571831
1667390400,20434.2,20455.0,20361.6,20407.6,590.25426567
1667404800,20407.5,20800.0,20100.0,20253.8,5653.56210307
1667419200,20252.8,20282.0,20056.5,20151.9,1043.03797027
1667433600,20152.0,20337.4,20124.8,20310.6,975.38574265
1667448000,20310.9,20393.5,20279.5,20302.3,597.72618585
1667462400,20302.3,20337.3,20055.0,20130.4,804.70455815
1667476800,20130.2,20334.5,20032.2,20252.4,1173.27959621
1667491200,20252.4,20313.6,20181.8,20261.0,340.67039945
1667505600,20261.0,20267.8,20162.8,20206.3,366.07007982
1667520000,20206.2,20328.0,20184.1,20324.4,377.20529082
1667534400,20324.3,20686.4,20309.4,20609.9,1371.31241996
1667548800,20609.9,20665.0,20547.8,20555.2,891.5377345
1667563200,20555.2,21300.0,20367.6,20836.2,6172.49742396
1667577600,20836.3,21106.9,20675.2,21106.9,1605.95361883
1667592000,21106.9,21205.0,21055.1,21145.1,583.32275434
1667606400,21145.2,21475.9,21084.2,21447.7,1444.57868425
1667620800,21447.7,21464.8,21365.0,21384.6,485.01623046
1667635200,21384.6,21422.9,21238.9,21402.9,708.70378025
1667649600,21402.9,21417.6,21211.2,21301.9,625.83571626
1667664000,21302.8,21344.5,21263.3,21333.2,318.11291815
1667678400,21333.2,21379.0,21238.7,21300.5,398.04099442
1667692800,21300.4,21362.6,21173.8,21233.8,642.08441889
1667707200,21233.8,21250.4,21148.7,21194.2,318.75220688
1667721600,21194.2,21309.9,21178.9,21256.7,840.54643085
1667736000,21256.7,21289.0,21191.0,21244.2,263.83083032
1667750400,21244.3,21280.0,21154.5,21197.8,624.71293132
1667764800,21197.9,21212.0,20880.0,20908.9,1082.07076406
1667779200,20908.9,21067.3,20821.3,20913.9,839.35244007
1667793600,20913.9,20919.7,20615.2,20632.2,1528.3362376
1667808000,20632.1,20808.0,20548.2,20731.6,1065.18590952
1667822400,20731.6,20799.3,20625.8,20767.6,703.33004113
1667836800,20767.5,20897.0,20656.1,20846.5,564.13261574
1667851200,20846.6,20888.4,20385.9,20587.3,1034.67480961
1667865600,20587.6,20668.2,20122.0,20151.2,1622.51413838
1667880000,20151.3,20241.5,19338.4,19798.5,5498.27133437
1667894400,19798.4,19799.4,19586.5,19701.4,891.33510046
1667908800,19701.4,19745.7,19220.0,19526.0,4962.95804683
1667923200,19526.0,20690.8,16888.0,18255.9,42346.91877907
1667937600,18255.9,18721.6,17800.0,18545.0,6630.08834646
1667952000,18545.1,18585.7,18000.0,18310.4,2967.41760111
1667966400,18311.2,18506.6,18170.9,18236.9,2248.98308996
1667980800,18236.9,18253.2,17260.0,17815.2,8051.07627576
1667995200,17816.2,18025.0,16920.0,17124.0,9476.37737629
1668009600,17123.9,17327.9,16431.2,16779.5,5486.16253977
1668024000,16779.6,16900.0,15511.1,15921.0,15188.29227233
1668038400,15920.9,16577.0,15753.5,16372.1,4414.48473721
1668052800,16372.0,16922.7,16207.6,16760.8,4268.20484006
1668067200,16760.8,16963.6,16269.7,16402.3,3595.51330564
1668081600,16403.8,17965.8,16392.4,17553.3,10248.15328893
1668096000,17557.2,17993.5,17125.6,17457.0,3273.23658949
1668110400,17456.9,18193.4,17373.1,17601.1,3480.6041588
1668124800,17601.6,17696.4,16883.2,17062.7,2907.35035381
1668139200,17064.0,17499.0,17003.3,17411.1,2905.94303487
1668153600,17411.0,17544.2,17226.6,17351.1,1891.0738954
1668168000,17351.4,17544.4,16366.0,16873.5,6199.11796734
1668182400,16873.6,17042.1,16540.0,16855.4,1752.17854873
1668196800,16851.6,17144.0,16560.0,17063.8,1464.70759533
1668211200,17070.0,17120.5,16779.5,16907.7,915.21074147
1668225600,16909.3,16937.2,16631.2,16823.1,1491.01764106
1668240000,16823.1,16974.5,16723.0,16871.5,885.73796
1668254400,16871.8,16995.5,16758.0,16931.6,722.88412598
1668268800,16932.2,16963.2,16829.2,16897.2,368.63844203
1668283200,16897.1,16897.1,16757.9,16813.1,411.11230208
1668297600,16813.2,16955.0,16786.1,16918.1,447.60936764
1668312000,16918.0,16927.0,16562.3,16774.4,1035.72438619
1668326400,16774.5,16793.8,16437.7,16660.7,1284.18581266
1668340800,16659.5,16710.0,16523.3,16575.7,542.95582331
1668355200,16575.8,16621.3,16467.2,16561.5,817.48417769
1668369600,16560.5,16588.7,16241.4,16336.5,1027.45624759
1668384000,16333.8,16410.0,15915.0,16139.8,2308.25840403
1668398400,16139.8,16885.0,15820.0,16823.2,3483.37618422
1668412800,16821.7,16916.0,16635.4,16753.5,1622.51001886
1668427200,16753.4,17198.7,16425.2,16592.1,3457.32522525
1668441600,16592.1,16676.4,16189.6,16263.0,1260.78427808
1668456000,16261.3,16767.1,16201.0,16623.5,892.28654179
1668470400,16621.7,16899.1,16533.0,16831.0,1319.56556692
1668484800,16830.8,16940.1,16644.0,16848.6,903.06617984
1668499200,16848.7,17000.0,16701.4,16779.2,1311.91200241
1668513600,16780.2,17125.5,16727.9,16984.3,3119.71983402
1668528000,16984.2,17068.0,16624.0,16854.6,2554.55886806
1668542400,16858.4,16937.3,16747.0,16896.8,705.75868308
1668556800,16895.6,17000.0,16766.2,16970.4,1037.46662539
1668571200,16970.5,16976.0,16803.2,16825.2,1068.82116185
1668585600,16826.1,16851.5,16655.0,16707.7,1156.10190505
1668600000,16708.1,16722.0,16381.3,16436.3,2141.67470183
1668614400,16438.6,16648.0,16408.2,16562.7,1079.44819798
1668628800,16560.5,16778.0,16492.5,16660.0,739.3112558
1668643200,16660.1,16750.0,16513.7,16525.9,588.42587617
1668657600,16525.8,16622.2,16420.0,16609.5,601.14153866
1668672000,16610.1,16635.8,16472.7,16597.6,763.51856954
1668686400,16597.6,16720.0,16435.0,16536.6,1158.88147804
1668700800,16538.7,16755.0,16520.7,16620.8,607.69226357
1668715200,16620.8,16744.2,16611.2,16692.4,426.84399531
1668729600,16692.5,16988.8,16679.7,16854.0,1968.20972398
1668744000,16853.9,16863.3,16730.8,16749.7,1096.51288344
1668758400,16749.8,16848.9,16685.7,16750.8,1986.8228203
1668772800,16751.6,16818.4,16610.7,16694.7,1063.36041437
1668787200,16695.5,16733.9,16555.1,16658.1,909.90526103
1668801600,16657.6,16729.4,16621.4,16699.1,394.86091948
1668816000,16700.9,16707.5,16575.4,16629.4,674.17975796
1668830400,16629.5,16650.0,16557.5,16603.5,530.22204939
1668844800,16603.5,16678.0,16585.1,16673.7,377.13073999
1668859200,16675.5,16684.0,16635.0,16658.2,249.87430193
1668873600,16657.8,16665.3,16609.3,16626.5,238.82343547
1668888000,16626.6,16818.6,16626.5,16707.7,569.72472804
1668902400,16702.8,16750.0,16670.0,16682.7,313.67536256
1668916800,16682.7,16742.0,16673.0,16721.9,224.05907683
1668931200,16722.8,16734.6,16461.7,16523.0,1084.39564388
1668945600,16522.2,16622.1,16458.0,16581.8,617.12521684
1668960000,16580.9,16610.8,16531.4,16594.0,229.07870993
1668974400,16594.0,16598.0,16178.0,16282.7,1140.5127639
1668988800,16282.1,16293.7,15901.5,16076.4,2325.74090321
1669003200,16075.9,16331.5,15962.4,16040.2,1740.33759315
1669017600,16041.5,16173.3,15972.9,16087.0,948.66768731
1669032000,16087.1,16300.1,16032.0,16133.8,2522.91698162
1669046400,16133.8,16150.1,15588.9,15728.7,3697.80391303
1669060800,15724.3,15892.9,15450.0,15783.5,1800.60024766
1669075200,15783.6,15990.0,15749.7,15846.7,1306.85069971
1669089600,15846.8,15883.2,15624.2,15763.3,1508.91302198
1669104000,15763.9,15824.8,15665.0,15752.3,1203.338962
1669118400,15751.9,16315.3,15691.6,16237.4,2474.32817768
1669132800,16240.4,16287.4,16052.5,16168.1,1000.48389768
1669147200,16166.8,16268.4,16086.9,16227.1,755.65243302
1669161600,16227.5,16590.0,16165.4,16586.0,2689.72560544
1669176000,16588.8,16661.0,16440.0,16578.2,1624.74820773
1669190400,16579.9,16673.3,16500.0,16586.0,1080.76853957
1669204800,16583.6,16602.1,16346.7,16426.1,1131.69606842
1669219200,16426.2,16720.4,16325.0,16475.8,1035.73414559
1669233600,16472.9,16669.6,16429.1,16606.8,477.31427764
1669248000,16604.9,16810.8,16536.4,16712.1,1280.84674913
1669262400,16711.6,16736.8,16610.0,16622.2,995.12839257
1669276800,16622.6,16635.1,16497.0,16579.0,1457.94654755
1669291200,16578.9,16605.0,16463.7,16558.1,560.19189232
1669305600,16558.1,16674.4,16520.6,16576.7,822.80372808
1669320000,16576.8,16637.6,16538.3,16602.8,285.51686652
1669334400,16602.8,16620.5,16472.0,16492.1,443.89312471
1669348800,16492.1,16502.0,16350.1,16467.3,962.82279165
1669363200,16466.8,16593.6,16414.2,16532.6,756.5561062
1669377600,16534.0,16582.0,16443.5,16511.1,1023.35033014
1669392000,16513.2,16552.4,16461.9,16525.1,542.69126179
1669406400,16525.2,16630.3,16484.4,16522.4,380.10677407
1669420800,16520.2,16700.0,16512.3,16623.1,745.49281681
1669435200,16623.1,16655.2,16533.6,16587.8,577.30061957
1669449600,16587.8,16637.0,16559.5,16581.8,469.79018873
1669464000,16581.8,16681.3,16481.7,16513.2,889.34475749
1669478400,16513.6,16533.3,16422.5,16488.5,575.84044756
1669492800,16488.6,16546.1,16382.9,16458.4,353.31445007
1669507200,16459.7,16570.2,16451.6,16529.6,368.203993
1669521600,16529.6,16598.3,16528.3,16563.7,344.56772097
1669536000,16563.7,16596.3,16513.2,16553.5,508.57297901
1669550400,16553.4,16584.9,16520.4,16575.0,483.13986309
1669564800,16575.0,16579.0,16523.1,16555.4,179.79689248
1669579200,16555.4,16597.2,16400.0,16427.4,559.46255011
1669593600,16429.8,16484.3,16055.1,16181.2,2230.71415978
1669608000,16181.2,16249.9,16140.0,16227.7,427.11569594
1669622400,16227.3,16270.8,16172.0,16217.7,689.58077432
1669636800,16215.3,16314.2,16123.5,16145.8,903.05905318
1669651200,16146.9,16393.5,16000.0,16223.4,1334.83487198
1669665600,16225.0,16269.6,16193.2,16215.0,275.5893722
1669680000,16215.1,16310.6,16101.4,16286.9,861.22028513
1669694400,16287.0,16537.2,16282.6,16463.6,1562.73138224
1669708800,16463.7,16546.2,16432.5,16498.1,1011.61747449
1669723200,16497.9,16507.0,16333.8,16392.7,947.3712802
1669737600,16392.6,16478.0,16347.3,16426.1,726.39266497
1669752000,16426.1,16525.2,16424.5,16442.8,411.17844163
1669766400,16442.8,17091.6,16430.7,16847.7,4118.0765215
1669780800,16845.7,16918.9,16822.9,16884.6,963.32089817
1669795200,16884.7,16928.4,16843.6,16875.8,1755.77547163
1669809600,16875.8,16891.0,16768.8,16865.4,2958.30589583
1669824000,16865.7,17146.6,16712.7,17059.8,1763.02126677
1669838400,17059.7,17255.0,17028.8,17164.8,1398.25280941
1669852800,17164.7,17230.6,17089.5,17146.4,1288.96316549
1669867200,17146.3,17164.5,17051.3,17067.0,953.70859422
1669881600,17067.0,17133.9,17042.3,17103.3,728.90784487
1669896000,17103.3,17335.5,16900.8,16978.2,2303.62751235
1669910400,16980.6,16998.3,16905.1,16956.7,589.80774157
1669924800,16956.7,16984.8,16865.2,16980.1,565.39436119
1669939200,16979.9,17045.8,16863.5,16903.2,793.93419824
1669953600,16903.2,16974.3,16885.0,16955.0,721.2127547
1669968000,16955.0,17051.7,16938.8,16993.8,938.85710175
1669982400,16993.8,17104.1,16776.8,16942.0,3421.76159859
1669996800,16940.9,16999.1,16907.0,16989.5,344.48833493
1670011200,16989.6,17094.0,16982.8,17091.3,1391.2919175
1670025600,17091.4,17169.2,17010.0,17019.8,610.37768949
1670040000,17019.8,17030.4,16928.5,16963.5,522.90320474
1670054400,16963.5,16984.0,16891.5,16945.6,591.80215399
1670068800,16945.6,16980.9,16923.7,16962.6,303.24844259
1670083200,16962.6,16981.4,16939.0,16955.0,191.20506521
1670097600,16955.0,16957.6,16865.0,16887.1,436.95395817
1670112000,16886.8,17049.2,16883.2,16962.2,384.03708057
1670126400,16962.2,17087.2,16962.2,16998.9,536.6134793
1670140800,16998.3,17048.8,16906.1,16948.6,338.702781
1670155200,16949.0,17066.3,16915.1,17030.5,2034.06367046
1670169600,17030.6,17155.0,16972.9,17091.6,1852.57396491
1670184000,17091.6,17200.0,17077.3,17109.0,1562.64120354
1670198400,17109.0,17341.6,17080.9,17194.9,2235.7325109
1670212800,17195.0,17420.1,17192.7,17312.3,1456.32305577
1670227200,17312.2,17386.6,17284.0,17311.7,1295.49249391
1670241600,17311.6,17313.3,17020.7,17084.7,1872.97532712
1670256000,17084.7,17128.6,16870.7,16928.9,1590.52031205
1670270400,16926.1,16989.6,16902.5,16966.6,310.24650246
1670284800,16967.4,17100.3,16967.4,17001.2,2485.08814144
1670299200,17001.3,17023.0,16960.4,17005.1,275.53830056
1670313600,17005.1,17041.7,16910.2,16983.9,699.55730213
1670328000,16983.9,17030.4,16932.0,16984.1,550.9335009
1670342400,16984.2,17017.8,16915.9,16971.4,478.15844334
1670356800,16971.5,17110.8,16956.0,17087.9,690.29842793
1670371200,17089.0,17141.4,17022.4,17027.2,678.71377084
1670385600,17027.3,17044.8,16730.8,16765.9,1987.34285922
1670400000,16765.9,16835.3,16686.0,16796.2,993.06494149
1670414400,16795.1,16897.8,16768.6,16838.2,736.9043117
1670428800,16838.3,16848.4,16782.2,16814.8,287.11554605
1670443200,16816.2,16865.9,16798.0,16837.0,159.1406612
1670457600,16837.1,16887.7,16781.2,16832.4,279.80594908
1670472000,16832.4,16846.4,16788.0,16826.7,370.45360677
1670486400,16826.6,16865.2,16733.3,16849.7,709.94934748
1670500800,16850.5,16957.0,16803.2,16918.6,1217.77446672
1670515200,16918.7,17296.9,16912.4,17252.8,1899.19107936
1670529600,17252.9,17293.0,17159.4,17226.0,563.26030306
1670544000,17226.0,17292.8,17191.4,17204.0,443.9366276
1670558400,17204.1,17232.2,17193.5,17211.8,385.49146653
1670572800,17211.8,17266.0,17200.3,17244.4,547.93150154
1670587200,17244.4,17353.9,17067.2,17179.2,1993.36944743
1670601600,17179.3,17189.8,17123.5,17144.0,517.51174002
1670616000,17144.0,17154.5,17063.8,17127.2,313.22186661
1670630400,17127.3,17167.6,17119.4,17146.3,206.79241325
1670644800,17146.3,17174.4,17131.0,17154.9,237.00285304
1670659200,17154.9,17170.8,17113.7,17168.1,231.01428412
1670673600,17168.1,17229.4,17140.2,17212.3,560.34396525
1670688000,17212.3,17230.0,17161.3,17177.2,453.0883514
1670702400,17176.5,17182.3,17092.0,17127.9,218.16468453
1670716800,17128.0,17173.5,17125.9,17156.7,215.10460641
1670731200,17156.7,17199.9,17154.9,17181.9,220.24940065
1670745600,17181.8,17183.5,17139.4,17167.3,187.89661744
1670760000,17167.4,17167.9,17125.3,17154.9,488.9601168
1670774400,17155.0,17269.3,17140.0,17180.3,597.40604221
1670788800,17180.3,17180.3,17072.1,17082.3,681.49796042
1670803200,17083.1,17087.2,16870.6,16916.6,1341.02671081
1670817600,16916.6,16946.2,16903.9,16925.0,396.38167036
1670832000,16925.0,17006.3,16903.6,16988.4,547.67850462
1670846400,16988.5,17052.7,16919.6,17008.0,904.88456588
1670860800,17008.0,17046.7,16982.3,17044.9,462.94272419
1670875200,17044.9,17238.0,17044.9,17207.1,819.08604024
1670889600,17207.9,17236.9,17123.1,17150.8,308.68049828
1670904000,17151.5,17204.8,17083.1,17162.6,842.86611659
1670918400,17162.5,17522.0,17155.7,17446.8,2513.32208447
1670932800,17445.6,17999.0,17400.0,17753.1,6668.26025339
1670947200,17753.2,17834.1,17622.2,17744.2,837.88249704
1670961600,17744.3,17818.0,17710.1,17780.0,450.97522391
1670976000,17780.1,17846.9,17753.3,17786.0,819.42529084
1670990400,17786.1,17820.0,17742.1,17812.1,718.32903539
1671004800,17812.2,17886.2,17800.0,17829.1,956.8836677
1671019200,17829.1,18110.9,17821.6,18061.0,2172.9145429
1671033600,18061.8,18377.1,17713.0,17793.8,9826.79353016
1671048000,17793.8,17941.6,17661.0,17806.8,1446.5034177
1671062400,17806.8,17851.7,17566.2,17730.6,1596.44995241
1671076800,17730.3,17747.8,17686.9,17694.9,433.26449971
1671091200,17695.4,17727.5,17615.3,17724.2,798.6902625
1671105600,17724.2,17728.6,17377.1,17428.2,2288.72587188
1671120000,17428.1,17470.0,17325.0,17443.3,1479.03813816
1671134400,17443.2,17456.8,17277.0,17359.2,586.06228271
1671148800,17359.2,17430.6,17350.8,17425.6,306.18222964
1671163200,17425.7,17527.5,17377.3,17504.4,1002.44995211
1671177600,17504.4,17518.2,16917.6,17025.2,3521.19484586
1671192000,17025.2,17080.5,16882.5,16971.5,1302.4841946
1671206400,16971.4,16977.6,16724.9,16865.5,3180.96367689
1671220800,16865.4,16954.6,16530.0,16629.2,2959.48421825
1671235200,16631.4,16726.6,16581.8,16674.4,932.15091056
1671249600,16674.4,16766.1,16655.0,16741.3,1626.23341354
1671264000,16741.4,16752.4,16662.2,16703.5,471.16497592
1671278400,16703.6,16721.6,16647.7,16700.7,877.08593824
1671292800,16700.6,16718.0,16650.1,16689.8,193.79956283
1671307200,16689.8,16795.7,16683.2,16778.8,583.78025788
1671321600,16778.8,16783.2,16704.0,16729.2,175.37028651
1671336000,16735.6,16900.0,16724.3,16748.4,143.5222057
1671350400,16746.1,16781.5,16729.2,16729.2,3.3094439
1671364800,16729.2,16729.2,16729.2,16729.2,0.0
1671379200,16749.0,16769.5,16718.0,16751.8,95.08682535
1671393600,16751.8,16869.3,16727.2,16738.7,361.19482086
1671408000,16737.5,16812.9,16624.7,16676.4,641.47116441
1671422400,16676.4,16744.3,16671.3,16719.5,368.7129446
1671436800,16719.5,16780.7,16707.3,16735.2,549.64664323
1671451200,16735.0,16760.9,16666.0,16670.1,624.48642308
1671465600,16670.0,16699.8,16520.2,16557.6,1901.99498922
1671480000,16557.0,16646.4,16248.6,16440.0,1773.54721638
1671494400,16440.0,16860.0,16400.0,16726.7,1907.77680534
1671508800,16726.8,16878.2,16691.8,16801.8,1064.47282995
1671523200,16801.6,16855.9,16765.1,16813.5,1562.07615967
1671537600,16813.5,17061.4,16709.4,16919.8,1889.58120539
1671552000,16920.3,16935.2,16773.2,16899.7,653.41974136
1671566400,16899.7,16925.2,16839.4,16893.8,267.93794844
1671580800,16894.9,16920.6,16794.7,16838.7,292.6636231
1671595200,16838.7,16854.9,16770.3,16816.1,358.6198825
1671609600,16816.2,16895.2,16799.3,16883.4,295.09823111
1671624000,16883.4,16921.1,16725.5,16860.7,1037.31161997
1671638400,16860.7,16866.1,16733.7,16756.6,398.24217191
1671652800,16755.8,16833.3,16735.2,16830.7,223.82847733
1671667200,16830.5,16862.3,16812.8,16854.6,228.48368381
1671681600,16854.6,16857.0,16787.5,16827.7,223.17414633
1671696000,16827.6,16866.6,16803.1,16834.6,490.54631197
1671710400,16834.7,16844.4,16614.4,16637.2,1055.74975922
1671724800,16637.5,16669.7,16568.2,16664.9,516.68193697
1671739200,16664.9,16867.7,16651.5,16824.4,1193.79576915
1671753600,16824.4,16897.3,16777.5,16835.2,518.98802258
1671768000,16835.2,16859.3,16809.1,16851.9,457.49740655
1671782400,16852.0,16892.0,16814.4,16848.3,623.23666145
1671796800,16848.4,16965.7,16722.4,16835.8,1749.16107613
1671811200,16835.0,16859.7,16818.8,16847.7,237.01523045
1671825600,16847.7,16851.2,16771.3,16784.7,471.07656348
1671840000,16784.1,16844.7,16783.9,16844.6,260.61122431
1671854400,16844.7,16856.8,16810.1,16849.8,326.77186529
1671868800,16849.8,16849.8,16822.0,16827.0,308.77208943
1671883200,16827.0,16840.0,16816.3,16838.3,141.89792792
1671897600,16838.4,16864.0,16825.9,16844.6,109.61300607
1671912000,16845.4,16855.9,16815.0,16837.5,143.42951916
1671926400,16837.6,16851.5,16827.0,16834.5,277.3395248
1671940800,16834.5,16835.7,16803.5,16823.5,283.16254621
1671955200,16823.4,16834.9,16817.0,16822.4,123.19143189
1671969600,16822.4,16856.3,16717.9,16795.2,527.87252426
1671984000,16795.3,16821.1,16731.3,16795.0,265.58592832
1671998400,16795.0,16851.3,16758.7,16837.7,243.68777433
1672012800,16837.7,16903.1,16824.3,16898.8,532.25470283
1672027200,16898.8,16922.9,16843.0,16848.6,448.19572128
1672041600,16848.6,16872.5,16822.5,16865.6,295.11278272
1672056000,16865.7,16868.8,16793.9,16810.5,315.1696185
1672070400,16810.6,16860.3,16802.1,16843.1,218.77840986
1672084800,16843.2,16945.8,16823.6,16922.1,259.52923374
1672099200,16922.1,16968.9,16841.0,16876.5,399.47624747
1672113600,16876.6,16893.4,16855.9,16869.0,275.81901029
1672128000,16869.0,16880.5,16812.6,16834.8,395.25478913
1672142400,16834.7,16838.8,16738.4,16802.0,766.87774449
1672156800,16801.9,16805.3,16594.0,16688.3,1134.55132862
1672171200,16688.3,16721.8,16655.8,16706.9,471.68841345
1672185600,16707.0,16752.9,16560.8,16653.3,713.21384769
1672200000,16652.8,16675.4,16587.1,16647.3,488.63115025
1672214400,16647.3,16688.9,16634.0,16679.7,445.74126911
1672228800,16679.7,16783.8,16572.6,16579.0,1039.91400208
1672243200,16579.0,16665.6,16567.8,16596.4,305.11949541
1672257600,16596.3,16615.9,16471.3,16548.9,788.60298539
1672272000,16549.0,16589.8,16493.9,16559.9,468.71655277
1672286400,16560.0,16588.6,16538.0,16558.8,1049.20875767
1672300800,16558.1,16629.1,16522.5,16601.2,682.74086911
1672315200,16601.2,16665.0,16596.6,16619.1,550.21498399
1672329600,16619.2,16656.1,16595.2,16614.2,242.1551408
1672344000,16614.3,16654.8,16560.8,16639.2,259.67997336
1672358400,16639.0,16649.2,16583.9,16601.4,292.18688499
1672372800,16601.4,16614.5,16432.4,16472.3,1805.64372494
1672387200,16472.2,16531.6,16462.3,16497.6,556.95362713
1672401600,16497.9,16576.0,16340.9,16558.8,1492.23156986
1672416000,16559.1,16577.1,16520.1,16528.3,358.64124635
1672430400,16528.4,16676.3,16528.3,16613.3,707.40580162
1672444800,16613.3,16620.0,16556.9,16556.9,201.36178424
1672459200,16557.0,16570.9,16537.9,16570.1,226.23882375
1672473600,16570.2,16585.0,16545.9,16572.6,331.81881995
1672488000,16572.6,16644.9,16552.0,16595.0,727.86945276
1672502400,16595.0,16614.8,16572.9,16572.9,250.54211375
1672516800,16573.0,16577.0,16477.6,16544.9,404.83964433
1672531200,16546.1,16562.8,16512.7,16538.5,360.81511577
1672545600,16538.6,16552.0,16502.0,16531.1,277.63561205
1672560000,16531.1,16558.5,16510.0,16558.4,140.79160421
1672574400,16558.5,16574.0,16537.2,16560.2,134.33840444
1672588800,16560.0,16623.8,16559.9,16604.7,165.98561573
1672603200,16604.6,16625.0,16590.0,16615.1,104.06464428
1672617600,16615.1,16710.7,16548.1,16662.9,1021.04786629
1672632000,16663.0,16765.5,16623.8,16720.3,842.61479694
1672646400,16720.2,16768.4,16704.3,16736.0,619.73067613
1672660800,16736.1,16750.0,16672.3,16735.5,504.08590782
1672675200,16735.4,16741.0,16708.4,16735.6,161.60503566
1672689600,16735.7,16799.3,16664.4,16673.3,370.28353686
1672704000,16673.3,16711.0,16652.3,16692.9,210.74503982
1672718400,16693.0,16774.0,16683.2,16730.6,291.40024755
1672732800,16730.7,16758.5,16699.8,16722.5,258.29369866
1672747200,16722.6,16771.6,16621.3,16679.8,852.53211079
1672761600,16679.8,16688.6,16610.4,16646.2,467.60222296
1672776000,16646.2,16695.2,16644.7,16676.8,365.6714719
1672790400,16676.8,16877.4,16655.4,16865.3,1402.73087443
1672804800,16866.3,16910.0,16843.1,16873.3,879.46717988
1672819200,16873.2,16915.3,16834.1,16838.5,756.57376015
1672833600,16838.6,16864.1,16768.9,16855.0,725.39109157
1672848000,16855.8,16988.0,16791.5,16841.0,1127.58182566
1672862400,16841.0,16866.6,16780.0,16852.0,288.28550701
1672876800,16852.0,16877.8,16812.9,16828.0,344.88933383
1672891200,16828.0,16848.3,16793.2,16823.0,285.93774579
1672905600,16822.9,16837.2,16785.0,16834.2,365.80198543
1672920000,16834.3,16879.2,16760.1,16846.8,630.25803169
1672934400,16846.8,16876.7,16801.2,16866.1,440.39293328
1672948800,16866.2,16869.1,16823.0,16832.5,315.0574274
1672963200,16832.5,16868.0,16804.4,16833.5,244.72062439
1672977600,16833.3,16834.8,16780.0,16793.3,358.32625546
1672992000,16793.3,16810.0,16708.9,16741.5,573.25573633
1673006400,16741.5,16846.6,16680.7,16843.2,1580.18868263
1673020800,16843.3,16962.1,16809.9,16938.5,611.63458317
1673035200,16938.5,17034.5,16890.4,16950.6,895.1113106
1673049600,16950.7,16980.0,16935.2,16953.2,315.04296191
1673064000,16953.2,16954.0,16924.6,16947.9,150.91393001
1673078400,16947.9,16953.1,16914.2,16922.9,216.12940117
1673092800,16923.0,16947.0,16908.7,16941.1,383.02982748
1673107200,16941.1,16945.3,16917.1,16945.3,110.93553545
1673121600,16945.3,16950.0,16931.8,16945.5,107.01045804
1673136000,16945.6,16954.9,16915.0,16944.7,202.03898778
1673150400,16944.7,16955.7,16937.2,16954.9,167.08269791
1673164800,16954.9,16965.7,16927.8,16927.8,190.76525128
1673179200,16927.8,17019.2,16921.4,17000.8,458.12974277
1673193600,17000.8,17022.9,16921.3,16929.4,329.17446325
1673208000,16929.3,17179.7,16927.0,17129.3,1176.08607703
1673222400,17129.3,17252.3,17107.2,17198.2,1301.40261837
1673236800,17198.3,17255.2,17185.0,17202.1,603.24471934
1673251200,17202.0,17283.6,17189.4,17239.9,1100.53198532
1673265600,17240.0,17333.0,17196.7,17273.5,1154.77367766
1673280000,17273.4,17395.7,17271.9,17296.8,1172.82274133
1673294400,17296.8,17308.6,17133.3,17181.2,1163.55609149
1673308800,17181.1,17234.2,17150.3,17208.0,354.4713835
1673323200,17208.0,17233.0,17190.8,17202.8,378.5341547
1673337600,17202.8,17282.8,17191.8,17255.1,535.52570521
1673352000,17254.9,17371.2,17213.2,17323.7,1056.17164533
1673366400,17324.6,17448.0,17282.9,17427.8,1272.15955778
1673380800,17427.8,17486.4,17403.0,17439.0,881.99242047
1673395200,17439.0,17502.8,17369.0,17414.2,668.84019703
1673409600,17414.2,17459.0,17389.0,17445.5,601.08304589
1673424000,17445.6,17470.4,17410.4,17437.8,354.7622111
1673438400,17437.8,17437.8,17320.9,17334.7,651.18102108
1673452800,17334.5,17555.0,17328.7,17548.3,807.76494561
1673467200,17548.4,18000.0,17511.9,17945.2,2207.24773895
1673481600,17945.1,18379.9,17909.0,18222.7,3623.84177102
1673496000,18222.7,18237.8,18077.2,18137.2,1123.59936589
1673510400,18137.3,18218.1,18073.1,18198.9,1151.49090337
1673524800,18198.2,18350.0,17932.0,18087.7,5765.53563929
1673539200,18087.0,19056.9,18060.4,18883.0,5809.87820023
1673553600,18883.0,19112.6,18759.1,18844.2,1908.69701765
1673568000,18844.2,18885.0,18715.9,18875.7,1024.93672369
1673582400,18875.7,18878.6,18781.1,18818.2,789.31626553
1673596800,18818.2,19050.0,18810.3,18922.5,1399.36517699
1673611200,18922.6,19306.4,18811.5,19260.2,3080.93594832
1673625600,19260.2,19400.0,19060.4,19361.0,2155.5690696
1673640000,19362.4,20004.0,19319.9,19928.4,3915.73213701
1673654400,19928.5,21482.8,19895.0,20976.6,10354.59986232
1673668800,20972.8,21044.2,20786.8,20905.4,1495.59758019
1673683200,20904.2,21050.7,20239.1,20724.7,4928.200993
1673697600,20724.7,21200.0,20536.3,20792.4,4807.90517093
1673712000,20788.5,20921.4,20660.1,20788.7,2207.86390174
1673726400,20787.6,21079.9,20767.7,20950.7,1185.10082343
1673740800,20950.7,20996.7,20555.3,20718.3,1716.98242082
1673755200,20720.9,20781.0,20666.6,20736.2,720.97941519
1673769600,20736.3,20763.4,20572.6,20726.3,932.83496764
1673784000,20726.4,20998.0,20657.8,20911.7,1536.32984609
1673798400,20911.7,21063.8,20658.1,20867.6,2097.79896449
1673812800,20867.7,20954.0,20734.2,20874.4,571.3014981
1673827200,20873.1,21431.8,20779.0,21076.8,2885.61630197
1673841600,21076.8,21266.3,21045.8,21111.0,1124.77508507
1673856000,21111.0,21111.0,20640.3,20818.3,2519.89356231
1673870400,20818.3,21067.9,20603.0,20993.9,2308.0127265
1673884800,20993.9,21400.0,20917.1,21307.8,2340.6056866
1673899200,21309.8,21465.3,21046.7,21183.8,1987.43788857
1673913600,21183.9,21292.9,20839.7,21121.9,1399.30741237
1673928000,21121.9,21228.7,21059.5,21134.7,598.48301842
1673942400,21134.7,21243.5,21081.0,21220.5,734.18146832
1673956800,21220.4,21634.5,21016.2,21173.4,5303.26401321
1673971200,21173.4,21411.0,21083.4,21332.6,1948.30349596
1673985600,21332.6,21403.4,21121.8,21125.5,1128.13601727
1674000000,21127.0,21370.0,21100.3,21258.8,1152.54842727
1674014400,21258.9,21318.1,21230.9,21304.0,720.46936192
1674028800,21304.1,21311.9,21145.0,21205.6,1111.55798452
1674043200,21205.7,21664.6,20837.9,21035.1,5154.70321575
1674057600,21035.1,21135.6,20400.0,20900.0,6935.21433834
1674072000,20901.2,20932.8,20623.8,20674.2,2849.18723853
1674086400,20672.5,20814.6,20660.0,20747.4,1193.61769362
1674100800,20747.5,20872.3,20745.0,20816.7,615.82326348
1674115200,20819.0,20846.2,20706.7,20743.1,747.26559032
1674129600,20743.1,20956.3,20662.3,20873.8,1013.77998556
1674144000,20873.9,21137.4,20792.5,21092.3,754.17216249
1674158400,21092.3,21179.1,20920.0,21072.7,796.57005349
1674172800,21072.7,21215.3,21011.4,21088.3,489.69863017
1674187200,21087.3,21123.3,20860.4,20956.2,687.68710161
1674201600,20956.7,20990.0,20902.9,20963.1,361.78321145
1674216000,20963.2,21245.5,20954.7,21144.9,670.84223955
1674230400,21145.0,21521.2,21143.6,21496.9,1246.28689972
1674244800,21495.4,22747.0,21495.4,22665.6,6252.74592524
1674259200,22665.7,22789.2,22428.6,22546.5,1394.16494387
1674273600,22546.4,22669.9,22513.4,22637.0,543.40440807
1674288000,22637.1,23327.8,22568.9,22903.0,4495.28891318
1674302400,22904.8,23274.9,22849.4,22996.0,2253.15871432
1674316800,22995.5,23379.0,22982.7,23275.1,2372.36730021
1674331200,23275.2,23300.9,22681.7,22779.0,2039.36835562
1674345600,22780.0,22976.6,22610.3,22760.6,1238.76907416
1674360000,22758.4,22962.3,22721.1,22895.2,708.90309576
1674374400,22894.4,22930.0,22729.4,22780.0,623.59341965
1674388800,22784.7,23074.4,22639.9,22788.7,1657.23331878
1674403200,22788.7,22956.1,22678.0,22718.4,1170.84158038
1674417600,22720.0,22787.0,22306.6,22708.5,2129.38483793
1674432000,22708.4,22823.7,22655.6,22661.8,497.99737165
1674446400,22661.8,22788.0,22609.5,22692.4,572.9149488
1674460800,22692.5,22955.0,22664.2,22903.1,941.98003474
1674475200,22903.2,23123.2,22498.1,22852.0,3379.53746721
1674489600,22852.1,23185.2,22658.0,22794.8,1388.99704428
1674504000,22794.7,23043.4,22760.8,22914.8,654.24504122
1674518400,22914.9,23143.1,22865.6,23082.6,689.92556229
1674532800,23082.5,23159.8,23010.7,23053.7,472.3030436
1674547200,23053.6,23089.5,22773.3,22919.3,1465.52334456
1674561600,22919.3,23031.3,22700.0,22928.1,1842.01528031
1674576000,22928.2,23083.8,22787.2,23016.9,786.26338083
1674590400,23018.6,23079.6,22457.1,22629.6,2178.15296668
1674604800,22629.6,22700.0,22332.1,22642.6,1585.9014512
1674619200,22642.7,22768.0,22604.3,22713.1,665.43435978
1674633600,22713.1,22738.6,22468.7,22598.0,905.59053966
1674648000,22597.9,22745.1,22344.9,22579.1,1446.94312679
1674662400,22579.2,22760.7,22518.3,22752.3,1068.55259934
1674676800,22750.6,23818.7,22750.6,23052.6,5566.88058039
1674691200,23060.8,23284.0,23046.9,23133.7,977.2056706
1674705600,23134.0,23192.4,22900.0,22967.7,993.10316616
1674720000,22967.8,23046.1,22847.6,22988.3,1010.57183101
1674734400,22988.3,23240.8,22860.4,22958.1,1825.79096208
1674748800,22957.7,23106.4,22858.7,23069.8,824.09837029
1674763200,23070.3,23164.7,22967.9,23010.0,537.49544165
1674777600,23010.1,23072.8,22526.3,22771.8,2393.00388625
1674792000,22771.9,23104.5,22764.2,23072.7,1572.13257439
1674806400,23072.8,23080.0,22906.6,22966.0,730.91596115
1674820800,22966.0,23142.4,22841.0,22934.4,1405.03577174
1674835200,22933.3,23283.8,22925.7,23252.8,1331.05317511
1674849600,23252.9,23500.0,22955.9,23074.8,1608.60888439
1674864000,23074.8,23185.0,23045.2,23120.2,517.24312815
1674878400,23120.2,23132.7,22954.6,22991.9,559.7630612
1674892800,22992.0,23017.1,22896.1,22981.3,680.60584909
1674907200,22981.4,23041.2,22879.4,23013.3,752.83665028
1674921600,23013.8,23050.0,22976.5,23038.9,207.56084327
1674936000,23038.9,23044.2,22943.1,23025.1,303.34224804
1674950400,23025.1,23495.0,22970.7,23192.4,2188.82237276
1674964800,23193.8,23265.5,23150.3,23202.9,321.22788927
1674979200,23202.9,23619.7,23158.2,23429.5,2145.34277706
1674993600,23430.8,23652.4,23353.3,23527.0,1484.45275962
1675008000,23526.9,23963.0,23475.1,23898.5,1564.09997606
1675022400,23898.5,23911.5,23605.0,23740.0,1243.33351001
1675036800,23743.7,23798.1,23569.5,23698.1,827.96954976
1675051200,23698.2,23761.9,23601.4,23647.4,420.60441726
1675065600,23643.9,23672.1,23016.8,23079.3,3437.63419298
1675080000,23077.2,23297.0,22959.7,23176.2,1657.92623887
1675094400,23176.2,23244.7,22614.2,22780.0,2544.05327698
1675108800,22780.0,22835.6,22483.0,22825.1,1755.5805245
1675123200,22825.0,22912.4,22718.7,22832.9,633.70850623
1675137600,22833.0,22987.8,22745.1,22977.9,1131.39223536
1675152000,22977.8,22993.2,22812.5,22865.8,719.57829346
1675166400,22866.9,23209.9,22853.8,23122.3,1180.3495863
1675180800,23123.5,23223.0,23085.3,23169.0,490.31406228
1675195200,23167.2,23347.7,22819.0,23127.6,1571.13746732
1675209600,23130.0,23184.5,22991.1,23127.5,552.96806275
1675224000,23127.5,23167.4,23022.9,23077.8,448.87681936
1675238400,23077.7,23097.3,22918.9,23074.9,667.32833455
1675252800,23075.0,23141.1,22943.0,22984.1,818.84293783
1675267200,22984.0,23494.1,22756.0,23381.0,3389.65730071
1675281600,23381.1,23850.0,23323.4,23728.7,1976.59698444
1675296000,23729.0,24252.7,23694.5,23857.1,2595.21230366
1675310400,23857.2,23919.0,23664.4,23781.2,1539.36729943
1675324800,23781.2,23853.0,23750.1,23822.6,702.59738107
1675339200,23822.6,23941.3,23525.0,23838.2,2588.76720715
1675353600,23843.9,24148.1,23729.2,23807.1,1407.448972
1675368000,23807.2,23925.0,23362.5,23487.8,1557.54803531
1675382400,23490.2,23587.4,23414.2,23535.0,809.82287949
1675396800,23535.1,23563.3,23438.1,23453.0,500.20940897
1675411200,23452.9,23537.4,23325.7,23533.4,1082.87885168
1675425600,23533.4,23708.3,23221.0,23601.0,2752.95318301
1675440000,23603.6,23722.5,23303.2,23310.1,871.65623506
1675454400,23310.0,23469.1,23211.0,23431.2,499.59076778
1675468800,23431.3,23460.0,23333.4,23340.0,384.00292841
1675483200,23340.0,23357.5,23255.4,23330.4,302.29421017
1675497600,23327.7,23372.0,23292.4,23363.4,240.75302965
1675512000,23363.4,23583.6,23342.8,23420.4,1049.70052482
1675526400,23420.4,23469.1,23362.5,23427.2,261.1842951
1675540800,23427.3,23446.0,23263.0,23324.7,362.18832573
1675555200,23324.8,23370.2,23229.3,23344.2,598.34897596
1675569600,23344.2,23432.1,23329.8,23380.8,238.25778265
1675584000,23380.8,23415.9,23346.2,23357.8,195.51850096
1675598400,23357.8,23373.7,23008.0,23099.2,2130.85936699
1675612800,23099.1,23159.6,22754.6,22891.6,1941.69757077
1675627200,22891.7,23032.1,22800.4,22933.1,628.82958422
1675641600,22933.3,23093.0,22831.4,22895.5,509.33724445
1675656000,22895.5,22925.0,22617.6,22878.2,1356.15088778
1675670400,22878.2,22934.3,22736.0,22877.4,699.98004626
1675684800,22879.4,23053.0,22745.2,23042.1,957.54251033
1675699200,23044.0,23158.5,22927.8,23031.0,732.32335468
1675713600,23028.4,23029.8,22638.0,22761.7,669.27831904
1675728000,22761.7,22897.9,22747.1,22878.0,506.99680756
1675742400,22878.6,22984.8,22865.1,22913.1,491.38913443
1675756800,22911.3,23059.7,22868.2,22977.9,580.17142594
1675771200,22977.9,23037.7,22880.9,22909.1,639.4000309
1675785600,22909.1,23349.9,22768.2,23095.8,2476.10704595
1675800000,23093.3,23300.0,23029.2,23246.1,783.64937784
1675814400,23246.1,23457.1,23231.0,23261.0,860.55058391
1675828800,23257.3,23285.3,23187.0,23234.2,499.16229148
1675843200,23234.3,23237.6,23136.3,23159.9,626.51571834
1675857600,23159.9,23199.1,22860.0,22869.9,1180.24921798
1675872000,22866.3,23049.9,22673.8,22874.7,1423.54902106
1675886400,22874.7,22977.5,22781.6,22960.0,318.75967392
1675900800,22960.0,23009.9,22428.0,22516.6,2592.54012913
1675915200,22516.6,22731.9,22358.0,22677.9,1618.1819806
1675929600,22677.8,22769.6,22657.8,22686.7,674.10641059
1675944000,22686.6,22840.9,22561.9,22614.7,1120.32794516
1675958400,22613.8,22621.4,21877.0,22032.1,3955.63314142
1675972800,22032.0,22083.8,21678.0,21795.0,3710.49026665
1675987200,21795.0,21933.3,21758.4,21821.0,787.35071808
1676001600,21821.1,21925.0,21625.0,21913.0,1173.61861471
1676016000,21912.2,21927.7,21715.8,21731.7,522.08873484
1676030400,21731.7,21899.7,21518.0,21655.7,1712.57002657
1676044800,21651.9,21793.9,21561.6,21772.9,923.67975239
1676059200,21773.3,21790.4,21440.0,21628.3,926.79140882
1676073600,21628.4,21721.5,21600.1,21680.1,499.55434867
1676088000,21680.1,21709.0,21646.3,21691.5,199.33259573
1676102400,21691.5,21701.0,21656.6,21695.8,198.9167386
1676116800,21695.9,21769.8,21665.1,21733.8,425.35266394
1676131200,21733.9,21735.9,21620.4,21658.2,452.25952674
1676145600,21658.2,21898.5,21646.4,21856.2,484.99885224
1676160000,21856.2,21881.0,21766.9,21777.4,424.35039226
1676174400,21778.5,21811.3,21760.0,21798.1,188.98981842
1676188800,21798.1,21950.0,21798.1,21891.5,514.0003187
1676203200,21891.5,22000.0,21764.0,21943.1,1322.87744204
1676217600,21943.1,22083.5,21914.2,21992.5,1065.79888963
1676232000,21992.6,22023.6,21628.5,21784.5,986.09939623
1676246400,21784.7,21867.7,21628.3,21809.9,527.13492762
1676260800,21809.9,21895.2,21799.0,21870.9,611.98963931
1676275200,21871.0,21876.2,21421.9,21605.1,2053.53375528
1676289600,21607.9,21708.3,21561.0,21566.4,1568.81670443
1676304000,21567.3,21675.8,21356.5,21608.3,2076.45813574
1676318400,21608.4,21847.7,21566.3,21776.8,781.78307264
1676332800,21776.9,21814.5,21681.7,21698.0,362.78674721
1676347200,21697.9,21784.6,21688.0,21765.4,446.9009044
1676361600,21765.5,21871.2,21673.7,21805.5,796.70759671
1676376000,21805.4,22319.8,21540.0,22039.6,5239.37079189
1676390400,22041.7,22242.5,21919.3,22208.0,1153.80945695
1676404800,22211.1,22278.3,22125.1,22197.9,562.77653171
1676419200,22197.6,22197.6,22048.0,22099.0,450.40633799
1676433600,22101.0,22171.8,22075.0,22107.8,422.61776234
1676448000,22107.8,22487.8,22089.1,22441.9,1234.27152938
1676462400,22439.4,22908.1,22439.4,22811.3,2809.07327004
1676476800,22807.7,23360.0,22746.1,23319.1,1721.69352614
1676491200,23324.4,24381.4,23299.1,24328.8,6313.78270529
1676505600,24329.2,24911.9,24285.1,24733.2,3033.59649479
1676520000,24733.3,24756.1,24443.7,24618.7,1726.58142991
1676534400,24618.6,24662.4,24509.7,24572.1,727.86895042
1676548800,24572.1,25080.0,24286.8,25070.9,3045.34275128
1676563200,25071.4,25249.9,24610.0,24876.4,2873.58735232
1676577600,24871.1,24877.7,23502.4,23512.2,4262.85164519
1676592000,23509.8,23912.8,23337.1,23835.1,2329.45781391
1676606400,23835.1,23881.6,23612.3,23634.1,1084.60341465
1676620800,23632.8,23861.4,23528.1,23790.5,1474.31955667
1676635200,23790.2,24281.0,23708.7,24130.2,3632.20984924
1676649600,24126.2,24556.8,23911.7,24525.9,3163.12617637
1676664000,24525.9,25025.0,24055.0,24571.8,3612.17070425
1676678400,24570.7,24784.1,24508.8,24608.5,948.64281031
1676692800,24608.6,24673.6,24427.6,24518.8,626.31081698
1676707200,24519.0,24604.2,24438.1,24521.2,465.41842594
1676721600,24521.2,24729.9,24486.2,24666.0,824.65396404
1676736000,24666.0,24875.0,24568.2,24605.3,774.84346773
1676750400,24607.1,24664.4,24503.6,24633.7,309.30228222
1676764800,24633.7,24765.6,24624.1,24678.6,316.6332537
1676779200,24678.6,24846.1,24564.7,24579.6,878.90700101
1676793600,24579.7,24708.8,24559.4,24671.1,672.64451158
1676808000,24671.2,25046.0,24658.0,24922.9,1423.47641925
1676822400,24923.4,25187.0,24279.8,24514.3,3908.20214385
1676836800,24519.3,24575.8,24182.1,24276.0,949.8822881
1676851200,24276.1,24467.1,23836.5,24416.0,2186.4939187
1676865600,24416.1,24553.5,24402.1,24502.2,750.40771363
1676880000,24502.3,24985.7,24377.2,24884.7,2610.05318763
1676894400,24887.0,25129.2,24725.2,24944.5,2425.46585903
1676908800,24944.6,24953.7,24620.7,24874.8,1213.87226906
1676923200,24877.9,24889.5,24650.7,24843.1,419.77092195
1676937600,24843.0,25100.0,24783.5,24925.9,985.07009989
1676952000,24926.0,25049.3,24852.6,25000.1,728.74073166
1676966400,25004.1,25320.0,24547.0,24569.9,3687.90685126
1676980800,24567.9,24781.6,24390.5,24557.6,1922.10485016
1676995200,24557.6,24750.6,24279.8,24605.3,1814.06340048
1677009600,24605.4,24636.0,24150.2,24450.0,2023.27630637
1677024000,24450.0,24471.0,23866.0,24200.8,1879.02112576
1677038400,24200.9,24220.1,23931.0,24061.4,1267.39543172
1677052800,24060.2,24206.4,23866.0,24162.1,1165.86067891
1677067200,24162.1,24230.8,23636.1,23716.8,2186.72302446
1677081600,23714.0,23968.8,23579.5,23791.9,1539.23287164
1677096000,23794.6,24213.2,23738.4,24190.0,950.67340586
1677110400,24190.0,24602.9,24121.9,24455.6,1972.25006051
1677124800,24455.7,24530.7,24314.2,24379.2,874.79550273
1677139200,24379.0,24493.2,23650.8,23780.1,2943.32108816
1677153600,23780.1,24226.7,23605.3,23950.2,3515.80782074
1677168000,23950.1,24050.0,23725.0,23970.6,1746.10057433
1677182400,23972.8,24066.0,23757.8,23938.8,552.96460147
1677196800,23938.9,24131.0,23889.8,23954.4,749.43233718
1677211200,23954.5,23980.0,23773.4,23832.4,1051.54997017
1677225600,23832.4,23970.8,23757.3,23886.9,1006.95538266
1677240000,23887.0,24025.2,23333.9,23349.0,3378.75621854
1677254400,23350.1,23353.8,22836.1,23178.5,4368.35412522
1677268800,23181.8,23330.2,22979.5,23190.1,1435.50489273
1677283200,23190.2,23217.8,23050.0,23074.2,726.5721608
1677297600,23077.7,23124.0,23023.5,23121.8,562.69206255
1677312000,23121.8,23152.4,22914.5,22983.8,1078.72323956
1677326400,22983.8,23081.2,22863.7,23000.5,796.9963209
1677340800,23002.8,23083.1,22917.0,22990.2,584.06871673
1677355200,22986.3,23185.1,22729.4,23157.2,1269.97607457
1677369600,23157.3,23249.6,23060.7,23214.9,513.58933785
1677384000,23215.0,23223.5,23094.0,23153.5,358.56141366
1677398400,23153.5,23288.9,23116.2,23252.9,629.45913188
1677412800,23253.0,23332.9,23130.0,23247.9,790.44182875
1677427200,23248.0,23542.7,23132.3,23501.3,1122.98303388
1677441600,23503.6,23686.7,23329.9,23557.4,1395.40557594
1677456000,23552.7,23638.7,23436.0,23551.3,724.75152304
1677470400,23550.7,23556.3,23350.3,23421.7,996.92312335
1677484800,23419.6,23448.8,23339.7,23429.8,634.97749473
1677499200,23429.9,23891.2,23380.5,23555.9,2353.58184299
1677513600,23556.0,23614.6,23162.2,23280.1,2577.70932922
1677528000,23280.0,23576.0,23101.0,23491.2,1068.29817756
1677542400,23491.2,23548.9,23354.0,23463.2,444.14036996
1677556800,23464.4,23468.1,23216.8,23235.6,718.32269662
1677571200,23236.4,23417.8,23208.0,23396.4,460.11402396
1677585600,23396.4,23575.0,23321.6,23521.0,1126.01979914
1677600000,23521.1,23600.0,23202.3,23259.4,801.03046543
1677614400,23261.8,23349.3,23025.5,23136.0,1149.43242177
1677628800,23143.1,23500.0,23009.7,23444.1,1106.85611298
1677643200,23444.0,23846.0,23427.7,23718.0,1570.06994798
1677657600,23717.9,24009.0,23667.6,23739.9,1737.97798161
1677672000,23739.8,23882.6,23570.3,23712.4,1753.17327056
1677686400,23712.3,23751.2,23331.7,23357.5,1345.62086307
1677700800,23354.3,23672.0,23300.3,23632.4,842.68906394
1677715200,23632.0,23792.7,23431.3,23497.9,870.53958175
1677729600,23498.8,23544.5,23341.8,23391.1,740.53687868
1677744000,23391.9,23465.5,23342.0,23418.1,693.65330122
1677758400,23418.1,23434.2,23181.5,23361.1,1787.88771116
1677772800,23361.0,23500.0,23233.9,23469.4,697.91531677
1677787200,23464.6,23566.7,23392.2,23466.0,720.64978758
1677801600,23465.9,23472.9,21898.0,22319.0,9781.06240286
1677816000,22319.1,22407.0,22252.1,22361.6,1948.04888715
1677830400,22361.6,22474.5,22305.0,22343.8,1261.13737391
1677844800,22343.9,22503.7,22156.3,22336.4,2066.88320379
1677859200,22336.5,22446.1,22230.2,22358.6,1079.66984918
1677873600,22357.9,22377.3,22150.0,22354.5,1019.27311127
1677888000,22354.4,22391.0,22325.3,22350.6,433.58283257
1677902400,22350.6,22403.8,22271.6,22356.4,453.48885617
1677916800,22356.5,22370.0,22328.5,22349.3,304.62585921
1677931200,22349.4,22396.2,22310.0,22315.5,373.10533533
1677945600,22315.6,22346.0,22229.1,22245.4,430.94166475
1677960000,22245.5,22364.7,22164.5,22349.7,962.91339414
1677974400,22349.6,22666.4,22185.5,22386.5,1918.83396909
1677988800,22386.7,22469.4,22368.4,22376.7,481.96501565
1678003200,22374.9,22445.7,22318.0,22391.8,466.64238649
1678017600,22390.1,22490.0,22390.0,22438.8,493.19450379
1678032000,22438.9,22456.2,22378.8,22404.0,213.03879193
1678046400,22403.1,22566.9,22329.4,22427.6,632.84639265
1678060800,22427.6,22509.1,22261.3,22387.5,879.75366593
1678075200,22387.6,22435.1,22315.0,22388.7,859.34000763
1678089600,22388.7,22448.2,22358.0,22381.3,883.14332079
1678104000,22381.3,22598.0,22360.1,22560.0,1511.74255704
1678118400,22560.0,22584.9,22357.2,22395.5,1416.13525778
1678132800,22393.2,22449.3,22317.0,22409.2,406.65881982
1678147200,22409.2,22553.3,22379.4,22456.8,662.6683117
1678161600,22456.9,22473.9,22412.5,22418.8,493.54029544
1678176000,22418.8,22426.5,22330.0,22347.6,623.58713158
1678190400,22348.7,22488.1,21934.6,22320.2,4233.96691155
1678204800,22320.2,22390.0,22057.9,22128.2,1133.90176958
1678219200,22126.9,22231.3,21950.0,22201.5,1160.57658941
1678233600,22201.5,22287.0,22087.2,22152.8,595.45982187
1678248000,22151.3,22166.5,21847.9,21971.4,1717.5639049
1678262400,21971.2,22139.0,21948.0,22070.0,950.24513088
1678276800,22070.0,22228.9,21872.0,22144.1,1985.99823675
1678291200,22144.1,22219.6,21940.5,22002.6,681.36067412
1678305600,22001.2,22132.1,21570.6,21706.7,3079.67372751
1678320000,21706.8,21806.6,21634.7,21769.2,1073.42770316
1678334400,21770.0,21771.2,21668.1,21687.1,1017.53367295
1678348800,21687.1,21700.0,21535.1,21670.1,1451.51892706
1678363200,21670.1,21830.0,21557.7,21646.1,1616.54673822
1678377600,21645.1,21672.4,20763.1,20857.1,7016.26762689
1678392000,20857.0,20868.0,20037.0,20367.2,7926.72213644
1678406400,20364.8,20368.3,19770.6,20050.8,5984.45096052
1678420800,20050.8,20061.0,19775.3,19950.2,4661.99947998
1678435200,19950.3,19972.5,19529.7,19760.3,5352.80208854
1678449600,19760.3,20299.0,19662.9,20007.1,8268.92344602
1678464000,20005.5,20304.2,19826.8,20021.6,2777.12877707
1678478400,20024.1,20241.2,19850.3,20152.6,2432.13327389
1678492800,20152.6,20688.9,20143.1,20391.6,6642.53623776
1678507200,20391.7,20434.8,19824.0,19856.1,5334.3677214
1678521600,19855.1,20222.0,19769.1,20085.9,3877.67733026
1678536000,20085.9,20207.6,20032.2,20066.1,1917.32551079
1678550400,20066.0,20331.8,19985.0,20220.5,2231.02193375
1678564800,20220.5,20533.7,20220.5,20454.7,1903.28243406
1678579200,20454.7,20497.1,20305.0,20373.6,1593.09299211
1678593600,20373.6,20435.7,20263.2,20342.3,827.26895828
1678608000,20342.3,20485.0,20332.4,20439.7,748.17286509
1678622400,20439.7,20458.7,20283.3,20356.1,1196.91443545
1678636800,20356.1,21331.8,20340.2,20770.4,5414.0994414
1678651200,20775.8,22160.0,20756.4,21995.2,6756.40570539
1678665600,21995.3,22652.1,21868.8,22238.4,5794.50341542
1678680000,22239.2,22500.0,22230.2,22468.0,2081.0869007
1678694400,22467.9,22538.3,21820.7,22108.1,3200.28104324
1678708800,22107.4,24509.3,21965.1,24007.0,19712.66643723
1678723200,24013.3,24420.0,23776.1,24305.8,6739.16280331
1678737600,24305.8,24332.0,23902.5,24116.0,2869.57041356
1678752000,24116.1,24493.6,23989.8,24368.9,2177.04533083
1678766400,24371.5,24855.7,24148.7,24253.2,4184.55124338
1678780800,24253.2,24844.8,24125.0,24753.4,4843.08275445
1678795200,24751.5,26424.2,24496.3,25899.7,20593.52324762
1678809600,25899.7,26005.9,24207.0,25049.4,8974.15822631
1678824000,25056.4,25204.7,23957.5,24676.0,6123.11418109
1678838400,24675.2,25086.1,24307.6,24716.7,3210.24840597
1678852800,24716.7,24925.7,24601.2,24880.8,1258.52256062
1678867200,24878.9,24925.6,24268.0,24766.2,4533.01654496
1678881600,24767.8,25227.1,24369.8,24467.4,10017.68871194
1678896000,24467.5,24515.0,23873.0,24367.3,5386.87629078
1678910400,24370.4,24636.5,24223.3,24279.9,1602.4742509
1678924800,24279.9,24435.0,24125.2,24266.1,1594.80900378
1678939200,24263.6,24679.8,24182.6,24615.1,2274.86643797
1678953600,24615.0,25062.0,24373.4,24827.7,5364.62304175
1678968000,24827.1,25037.4,24512.3,24884.6,4196.00101927
1678982400,24884.7,25179.5,24611.8,24950.9,2704.31902188
1678996800,24951.7,25092.9,24623.0,25005.4,1942.79291438
1679011200,25002.1,25897.3,24894.0,25778.2,4880.27103952
1679025600,25780.0,26216.0,25654.0,26060.4,4098.93644215
1679040000,26057.1,26965.7,25921.9,26915.3,7480.69327153
1679054400,26915.2,26925.6,26118.0,26421.2,3906.6785017
1679068800,26417.8,26856.6,26243.3,26837.2,2765.21752739
1679083200,26840.1,27768.1,26584.2,27395.6,7628.22756916
1679097600,27394.5,27713.8,27064.0,27303.9,3871.86427489
1679112000,27304.0,27604.9,27218.4,27364.7,1653.81923935
1679126400,27364.7,27500.0,27057.4,27447.3,1904.51395652
1679140800,27447.5,27643.4,27050.0,27223.8,2702.78478521
1679155200,27225.2,27489.0,26565.5,27328.9,3768.42893115
1679169600,27331.9,27452.0,26804.6,26905.0,1754.74116271
1679184000,26905.0,27254.6,26905.0,27200.6,792.99232641
1679198400,27200.6,27282.3,26825.6,26972.5,937.94915281
1679212800,26972.4,27197.2,26881.4,27160.0,909.47940121
1679227200,27160.1,27768.1,27091.9,27550.6,3173.21973298
1679241600,27542.4,28400.3,27472.4,28249.2,6354.14830581
1679256000,28251.9,28389.0,27737.1,27966.6,2438.40057422
1679270400,27966.3,28050.0,27133.4,27270.7,2909.50563887
1679284800,27270.7,28255.0,27142.7,28176.1,2339.41595213
1679299200,28179.6,28490.0,27920.0,28183.2,3558.06004961
1679313600,28183.1,28257.8,27610.0,27693.6,3416.74758288
1679328000,27695.5,28039.2,27465.8,27783.4,1980.45785443
1679342400,27783.2,28183.5,27581.0,27718.5,1565.53476485
1679356800,27716.5,27942.8,27664.6,27782.5,1287.71113294
1679371200,27782.5,27959.2,27300.1,27500.8,2579.21340427
1679385600,27500.9,28173.3,27397.4,28040.4,2525.22540622
1679400000,28041.5,28240.7,27718.1,28037.1,2517.54376298
1679414400,28040.1,28448.8,27931.0,28120.6,2422.78866783
1679428800,28120.6,28207.0,27911.2,28108.8,939.99997864
1679443200,28104.4,28280.9,27942.6,28155.1,763.53279276
1679457600,28155.0,28286.8,28026.0,28098.0,985.02058438
1679472000,28097.9,28208.5,27967.2,28123.3,974.33468822
1679486400,28123.3,28750.0,28100.3,28592.4,4337.0847014
1679500800,28592.4,28890.0,26627.2,26672.9,13316.01158736
1679515200,26671.3,27433.1,26603.6,27249.6,3434.38615907
1679529600,27249.7,27428.2,27114.3,27358.9,1341.34048643
1679544000,27358.2,27700.0,27253.3,27628.5,1824.39975163
1679558400,27628.6,27741.1,27441.2,27581.1,1485.8707056
1679572800,27581.1,28775.4,27278.6,28581.7,7086.09723803
1679587200,28581.7,28643.5,27769.2,28367.9,4610.27377954
1679601600,28367.7,28445.9,27967.3,28293.7,2085.37657978
1679616000,28295.2,28375.0,28134.7,28220.6,1123.81623098
1679630400,28220.6,28339.2,28100.9,28274.1,988.42681273
1679644800,28274.1,28298.0,27300.0,27576.3,3189.91693588
1679659200,27579.5,28272.6,27550.0,28015.4,5132.13052338
1679673600,28015.4,28053.9,27514.0,27819.5,3532.59222544
1679688000,27819.7,27858.7,26976.8,27452.4,3153.53980526
1679702400,27452.4,27660.0,27421.5,27575.9,806.6388397
1679716800,27577.3,27607.4,27378.3,27485.9,625.21861277
1679731200,27485.9,27538.9,27315.8,27457.3,845.96713209
1679745600,27457.4,27792.8,27355.0,27648.3,1320.33318083
1679760000,27648.2,27728.9,27155.3,27186.2,1492.53546217
1679774400,27184.9,27525.6,27152.8,27462.4,604.06307256
1679788800,27461.8,27648.0,27413.3,27532.9,616.89899304
1679803200,27532.9,27575.0,27460.7,27504.0,426.63945087
1679817600,27504.0,27950.0,27485.8,27865.5,1259.92333419
1679832000,27865.5,28221.4,27697.6,27803.4,2448.73743055
1679846400,27803.3,27933.9,27625.6,27827.2,771.90370001
1679860800,27827.2,28144.6,27683.2,27969.9,1192.88434771
1679875200,27969.8,28021.2,27777.7,27887.8,873.46345536
1679889600,27887.9,27938.7,27666.2,27807.5,912.2907637
1679904000,27808.4,27989.9,27771.8,27889.0,610.76852627
1679918400,27889.0,27924.4,26503.0,26899.1,5958.91245766
1679932800,26901.1,27310.9,26860.3,26968.8,2322.55388139
1679947200,26969.7,27248.7,26882.9,27127.0,877.29316433
1679961600,27127.1,27175.3,26815.0,26970.9,1462.70349081
1679976000,26970.4,27145.3,26876.4,26961.9,1589.04632621
1679990400,26961.8,27145.0,26625.8,27051.4,4087.42456379
1680004800,27051.5,27199.7,26836.3,26997.5,1700.46367143
1680019200,26998.0,27508.0,26745.5,27418.7,2422.97392412
1680033600,27423.0,27485.7,27081.0,27265.6,858.2914727
1680048000,27261.6,27475.1,27243.3,27368.2,2099.27052737
1680062400,27368.3,28182.2,27347.6,28086.9,3838.50217946
1680076800,28087.0,28644.5,28040.1,28356.5,4030.9684122
1680091200,28356.5,28590.0,28237.8,28444.0,2280.49621577
1680105600,28444.0,28453.3,28137.5,28419.5,1832.70873671
1680120000,28420.0,28522.8,28208.7,28349.3,940.29295677
1680134400,28349.4,29183.7,28062.9,28486.5,6483.33562409
1680148800,28485.1,28777.5,28442.9,28721.7,1405.16340841
1680163200,28722.3,28753.3,28497.0,28650.0,851.56693777
1680177600,28646.0,28691.3,28171.3,28301.4,2595.56025027
1680192000,28300.7,28300.7,27680.1,27980.4,3558.06162768
1680206400,27988.5,28196.8,27794.0,28027.2,1767.71829703
1680220800,28027.2,28377.6,27920.0,28171.1,1640.30423966
1680235200,28170.1,28217.5,27503.0,27740.9,3162.02467761
1680249600,27741.4,27992.0,27685.8,27931.0,1150.23635222
1680264000,27931.0,28674.4,27871.4,28492.2,4056.14198349
1680278400,28492.3,28540.6,28260.1,28469.7,1008.02608004
1680292800,28466.1,28633.0,28338.2,28466.3,875.72903366
1680307200,28466.4,28831.6,28409.4,28540.2,1047.49074364
1680321600,28539.0,28623.2,28352.6,28430.5,715.56242265
1680336000,28430.5,28482.5,28362.5,28374.8,426.25846296
1680350400,28374.8,28444.2,28216.4,28402.0,590.8435063
1680364800,28402.1,28435.9,28284.6,28384.4,449.16775906
1680379200,28384.5,28579.6,28380.9,28457.0,507.14342662
1680393600,28457.1,28526.0,28353.3,28474.5,430.79600291
1680408000,28474.8,28489.7,28380.3,28413.8,287.77897145
1680422400,28413.7,28449.9,28306.3,28354.1,462.61176657
1680436800,28354.1,28361.0,28025.0,28124.7,1399.08825468
1680451200,28124.7,28232.9,27850.0,27938.3,1837.76469408
1680465600,27938.3,28200.0,27860.2,28168.6,675.25739801
1680480000,28170.0,28182.6,27560.0,27749.5,2048.89681795
1680494400,27750.4,27963.2,27583.3,27961.1,1276.21844694
1680508800,27961.6,28566.5,27960.8,28251.5,3848.02328784
1680523200,28251.5,28376.6,27946.4,28045.6,2000.98102821
1680537600,28048.3,28237.9,27881.2,28077.6,1438.23556351
1680552000,28080.3,28094.2,27202.9,27801.0,3298.6878542
1680566400,27800.1,27967.5,27666.6,27853.5,1154.63962452
1680580800,27854.5,28150.0,27772.5,28027.4,1137.01966766
1680595200,28027.5,28445.0,27933.5,28285.9,2232.94850822
1680609600,28285.9,28395.2,27954.5,28028.1,2354.55222456
1680624000,28027.5,28256.1,27970.9,28190.4,724.53611027
1680638400,28190.3,28306.0,28080.0,28168.8,485.85431154
1680652800,28168.9,28795.0,28101.0,28546.7,2866.2348287
1680667200,28546.8,28625.0,28459.9,28529.9,622.49742853
1680681600,28529.9,28601.5,28451.0,28556.8,828.43556727
1680696000,28556.9,28757.9,27860.0,28034.6,3707.40477442
1680710400,28034.6,28314.2,27808.0,28238.0,2067.26993123
1680724800,28237.9,28300.0,28128.8,28169.5,421.60920156
1680739200,28167.9,28180.7,27881.4,28131.7,800.37456719
1680753600,28131.7,28133.3,27907.1,27907.1,745.10202087
1680768000,27908.6,28023.9,27697.5,27949.8,1201.40517293
1680782400,27949.8,28183.3,27748.3,28097.5,1571.73051344
1680796800,28099.9,28165.1,27952.6,28018.1,536.16047022
1680811200,28016.1,28124.4,27897.2,28034.8,613.22503856
1680825600,28034.7,28103.7,27931.0,28039.0,488.42958588
1680840000,28039.1,28068.4,27770.5,27836.1,909.18635367
1680854400,27836.4,27966.8,27792.9,27840.0,712.84129927
1680868800,27840.0,28000.0,27796.4,27945.9,696.7575457
1680883200,27944.5,27954.4,27859.0,27902.8,282.42696852
1680897600,27903.0,27981.0,27839.3,27906.6,348.73318935
1680912000,27906.6,28064.8,27862.5,28021.4,437.50744563
1680926400,28021.5,28155.7,27976.8,28085.4,852.46954696
1680940800,28085.4,28116.5,27991.6,28011.9,518.00678023
1680955200,28012.0,28054.3,27948.1,28013.9,653.84420437
1680969600,28014.0,28024.0,27869.1,27920.7,375.32246589
1680984000,27920.7,27984.5,27883.7,27940.0,288.00481317
1680998400,27940.1,28088.1,27924.6,28028.6,427.28755601
1681012800,28028.6,28074.1,27837.3,27904.5,619.52354621
1681027200,27904.5,27945.6,27790.0,27934.8,500.00658885
1681041600,27932.2,27973.4,27800.0,27888.3,373.69824359
1681056000,27888.4,28292.2,27874.3,28141.4,893.65261861
1681070400,28141.5,28529.9,28084.7,28318.9,1512.30139558
1681084800,28318.9,28426.6,28247.7,28276.5,783.01985676
1681099200,28276.6,28314.4,28200.0,28286.8,644.59027815
1681113600,28286.9,28375.6,28277.2,28304.6,533.57986863
1681128000,28304.7,28575.1,28166.6,28439.6,1154.82709457
1681142400,28439.7,29331.8,28376.2,29170.4,4856.37262593
1681156800,29170.7,29843.3,29069.7,29635.9,3542.18211557
1681171200,29635.9,30444.0,29590.0,30110.9,5334.4973798
1681185600,30110.9,30171.2,29790.1,30100.1,1551.09302647
1681200000,30100.2,30145.7,29981.0,30055.8,1224.33985513
1681214400,30055.8,30278.4,29971.4,30195.3,1711.68080245
1681228800,30194.7,30568.9,30030.5,30127.4,1665.47067148
1681243200,30127.4,30271.6,29908.0,30199.1,1003.45176166
1681257600,30199.1,30351.4,29826.0,29919.5,2154.33781545
1681272000,29919.6,30067.1,29852.2,29985.6,1010.8007903
1681286400,29985.6,30046.1,29893.7,30013.4,774.24039906
1681300800,30013.4,30484.3,29637.1,29961.8,4533.02777945
1681315200,29963.0,30090.3,29755.0,29796.5,1286.20470432
1681329600,29797.6,29980.1,29764.8,29887.4,685.79073828
1681344000,29891.6,30211.9,29857.2,30072.5,855.21492768
1681358400,30072.6,30133.0,29994.4,30070.3,791.9477595
1681372800,30070.3,30390.0,30040.8,30163.0,1896.70465501
1681387200,30162.9,30595.3,30140.2,30436.7,2084.94398516
1681401600,30436.2,30546.4,30263.5,30337.6,1015.05847231
1681416000,30335.9,30397.2,30200.1,30380.6,586.88425705
1681430400,30380.6,30939.4,30313.0,30700.5,3742.43043991
1681444800,30700.5,31043.4,30662.3,30736.6,2112.12787723
1681459200,30735.1,30827.4,30653.4,30804.5,1407.17976847
1681473600,30805.6,30856.7,30088.5,30240.0,3785.8022447
1681488000,30238.1,30351.4,29970.0,30328.0,1391.54181646
1681502400,30328.0,30520.0,30276.4,30467.6,638.3331045
1681516800,30467.7,30597.7,30279.9,30380.3,572.54350062
1681531200,30380.4,30469.1,30342.9,30431.9,537.08071163
1681545600,30432.0,30469.0,30360.8,30384.4,329.27584271
1681560000,30384.4,30450.0,30288.9,30327.8,546.68074464
1681574400,30327.9,30345.6,30205.4,30333.7,567.34834153
1681588800,30333.6,30360.0,30239.1,30294.1,232.52655471
1681603200,30293.0,30331.1,30118.8,30248.7,640.88858266
1681617600,30248.8,30392.1,30245.2,30347.3,363.70644915
1681632000,30347.3,30356.0,30214.5,30225.4,569.79006707
1681646400,30223.9,30361.9,30157.1,30330.5,725.12754962
1681660800,30331.3,30556.8,30260.0,30310.5,842.96941978
1681675200,30310.4,30409.8,30182.9,30308.5,534.27825025
1681689600,30301.6,30315.8,29733.6,29979.6,2689.94783869
1681704000,29979.6,30007.7,29838.4,29843.9,630.36210525
1681718400,29843.9,29924.4,29255.2,29571.6,2375.68697586
1681732800,29567.0,29595.0,29233.2,29355.9,1694.92785809
1681747200,29354.8,29577.4,29330.0,29463.7,794.13189211
1681761600,29463.8,29535.4,29383.0,29427.8,456.61335343
1681776000,29427.8,29507.7,29097.6,29445.4,1365.36327166
1681790400,29445.5,29801.3,29434.3,29770.9,1116.87769673
1681804800,29770.9,30390.0,29691.2,30379.9,2191.29998363
1681819200,30380.0,30492.4,30105.8,30185.0,2071.76543845
1681833600,30185.1,30274.0,29949.3,30225.3,1110.78040638
1681848000,30225.4,30460.7,30156.6,30380.2,873.40829263
1681862400,30380.8,30414.2,30127.2,30214.6,831.30792467
1681876800,30214.6,30339.9,29987.0,30077.6,1083.71584366
1681891200,30077.6,30082.6,28936.0,29311.5,8525.12134314
1681905600,29311.6,29501.5,29083.8,29258.3,2208.08677026
1681920000,29264.3,29363.9,29076.1,29228.8,1124.80670525
1681934400,29226.5,29316.0,28555.0,28804.3,4782.21627806
1681948800,28803.6,29002.4,28551.1,28859.1,2102.72756034
1681963200,28859.7,29088.8,28818.1,28868.3,1174.42099133
1681977600,28868.4,28951.8,28588.0,28610.2,1369.47529005
1681992000,28611.6,28955.1,28316.4,28510.1,3322.37260608
1682006400,28510.1,28659.2,27999.5,28104.9,3580.89424955
1682020800,28102.7,28365.6,28009.4,28245.5,1266.84458821
1682035200,28246.0,28372.0,28089.8,28317.6,1082.72164214
1682049600,28317.6,28344.9,27812.9,28156.6,2971.25695593
1682064000,28156.6,28234.5,27917.7,28065.9,1385.58378807
1682078400,28066.0,28304.4,27968.4,28041.3,1822.3346966
1682092800,28041.3,28092.0,27188.3,27274.2,4742.18946179
1682107200,27274.1,27407.0,27122.9,27260.4,1924.66168238
1682121600,27260.7,27363.6,27142.8,27316.7,856.71442613
1682136000,27316.8,27394.5,27225.2,27276.6,628.0009793
1682150400,27277.8,27322.0,27184.3,27287.2,769.5165463
1682164800,27287.3,27560.0,27229.9,27486.0,937.55385454
1682179200,27488.2,27780.3,27479.8,27616.7,1221.72732635
1682193600,27616.7,27883.9,27565.1,27811.4,1030.63107577
1682208000,27811.4,27814.2,27426.4,27563.8,1003.85622645
1682222400,27563.9,27752.6,27536.2,27720.8,607.62466384
1682236800,27720.9,27769.2,27484.5,27646.0,540.14918596
1682251200,27645.9,27730.8,27300.0,27472.3,1087.86488622
1682265600,27472.8,27688.0,27337.3,27457.9,752.14333109
1682280000,27464.0,27653.8,27404.3,27588.2,483.38659416
1682294400,27588.2,27999.7,27430.1,27788.6,1883.28173124
1682308800,27788.7,27794.4,27349.1,27454.8,836.99176492
1682323200,27454.8,27550.0,27155.4,27549.9,2272.10740752
1682337600,27550.0,27717.1,27215.6,27260.7,1918.20394813
1682352000,27259.2,27578.9,26902.6,27381.2,2376.96612037
1682366400,27384.9,27562.9,27326.5,27508.1,595.97872399
1682380800,27508.2,27589.5,27322.1,27350.5,689.79426373
1682395200,27350.0,27458.8,27243.2,27265.5,743.02043034
1682409600,27265.4,27435.7,27161.6,27389.9,2208.27959606
1682424000,27391.8,27469.8,27210.0,27339.3,1140.02364318
1682438400,27339.3,27784.3,27313.1,27611.5,1463.91604174
1682452800,27612.7,28387.9,27612.7,28296.5,2222.2290162
1682467200,28298.6,28475.8,28252.7,28310.5,1806.94274238
1682481600,28310.4,28588.1,28300.4,28375.7,1325.74767433
1682496000,28375.6,29153.9,28367.6,28952.6,3388.09534672
1682510400,28955.1,30040.1,28955.1,29818.6,6832.74915337
1682524800,29817.3,29899.7,27685.3,27886.3,7531.53513837
1682539200,27884.1,28744.7,27219.6,28412.8,8323.64349799
1682553600,28412.9,29477.0,28379.0,28885.0,5812.05528871
1682568000,28887.4,29277.1,28631.8,28888.1,1950.76105921
1682582400,28888.1,29149.6,28780.2,28934.0,1274.00554493
1682596800,28934.1,29581.3,28666.0,29148.1,4006.93597712
1682611200,29148.1,29898.6,29015.1,29674.9,3070.92538125
1682625600,29670.5,29779.1,29255.0,29473.3,1642.2343717
1682640000,29474.5,29593.4,29331.0,29424.9,1140.44191681
1682654400,29424.9,29568.4,29400.7,29487.5,863.94539986
1682668800,29486.9,29495.9,29130.3,29240.2,1756.47446129
1682683200,29240.2,29470.4,28889.2,29148.3,2826.85767929
1682697600,29148.2,29446.2,29105.8,29334.0,1033.41636523
1682712000,29333.1,29433.4,29267.9,29310.1,481.94496623
1682726400,29310.2,29394.4,29191.3,29341.7,710.72156414
1682740800,29341.8,29445.0,29288.6,29345.0,539.62515582
1682755200,29344.9,29359.9,29240.0,29330.3,444.87180109
1682769600,29330.3,29395.7,29223.8,29273.9,438.94093428
1682784000,29271.1,29320.0,29031.5,29240.1,639.13926505
1682798400,29240.2,29268.2,29141.1,29228.9,310.69193323
1682812800,29229.0,29233.9,29091.0,29179.9,324.54804481
1682827200,29180.0,29297.8,29171.6,29266.7,380.16486183
1682841600,29266.8,29349.2,29166.6,29201.1,411.48255414
1682856000,29201.2,29966.4,29188.0,29661.9,3018.09476226
1682870400,29661.8,29867.1,29192.8,29362.9,1386.32480226
1682884800,29362.9,29490.0,29154.0,29239.8,1182.38040234
1682899200,29235.8,29337.3,28365.3,28562.3,4539.34504178
1682913600,28561.9,28710.5,28247.7,28627.7,1760.97220216
1682928000,28628.1,28665.0,28485.6,28527.8,826.81214625
1682942400,28527.8,28629.8,28071.2,28170.1,3184.50304163
1682956800,28170.2,28404.8,27805.2,27838.1,2727.49860583
1682971200,27842.0,28157.5,27662.3,28073.1,1387.10976006
1682985600,28073.1,28142.8,27915.8,28043.2,868.33770201
1683000000,28043.9,28162.4,27870.3,28058.9,610.79958258
1683014400,28060.0,28134.6,27937.8,28086.3,1202.81331827
1683028800,28086.3,28769.0,27907.4,28534.9,4256.33798375
1683043200,28535.2,28886.3,28431.5,28681.6,1398.57253523
1683057600,28693.7,28829.7,28618.8,28666.0,705.70258906
1683072000,28666.5,28685.6,28302.2,28516.6,1040.42248478
1683086400,28515.6,28681.7,28431.7,28651.3,812.4475559
1683100800,28653.3,28771.7,28530.9,28545.8,717.37643322
1683115200,28540.4,28579.1,28107.2,28306.8,2642.12527943
1683129600,28306.4,28800.6,28200.6,28325.8,3269.31069345
1683144000,28315.9,29284.2,28285.7,29033.8,2813.05121109
1683158400,29033.0,29189.2,28955.0,29096.1,992.38209383
1683172800,29096.1,29238.9,29038.0,29056.1,684.17013455
1683187200,29057.3,29380.0,28980.6,29156.7,985.09149242
1683201600,29156.7,29235.5,28668.9,28866.2,2038.81781351
1683216000,28866.2,28973.3,28673.5,28888.9,739.31108542
1683230400,28895.8,28918.9,28750.9,28842.0,362.31675886
1683244800,28844.1,29553.3,28820.9,29197.9,2344.79856902
1683259200,29198.7,29272.4,29041.6,29063.9,899.77014461
1683273600,29063.9,29193.8,29021.4,29148.5,841.24343803
1683288000,29155.3,29442.7,28732.0,29357.0,3592.70244062
1683302400,29357.0,29690.2,29314.1,29567.4,2574.53121818
1683316800,29563.0,29650.0,29453.6,29507.8,481.38449513
1683331200,29507.9,29844.0,29340.0,29360.2,1597.32933566
1683345600,29361.0,29435.9,29255.9,29361.9,707.52880803
1683360000,29362.5,29366.0,29126.6,29268.9,1031.37359976
1683374400,29266.6,29269.4,28338.2,28577.1,3763.6619412
1683388800,28577.0,28963.0,28541.1,28841.9,1047.14571085
1683403200,28838.6,28878.7,28640.0,28848.4,527.52320015
1683417600,28850.0,29150.0,28745.4,28802.4,1278.86465504
1683432000,28804.0,28952.5,28787.1,28906.6,530.34595396
1683446400,28906.6,28960.2,28701.5,28836.9,642.88599215
1683460800,28837.0,29092.5,28837.0,28947.2,1043.47005901
1683475200,28949.6,29032.4,28771.9,28907.0,768.86281622
1683489600,28906.5,28951.7,28390.0,28425.2,1303.00109726
1683504000,28429.5,28628.4,28012.0,28195.2,3759.50515424
1683518400,28195.1,28266.0,27817.0,27970.8,1908.6800388
1683532800,27971.0,27990.0,27568.1,27926.8,2269.79999997
1683547200,27926.8,28080.6,27677.9,27888.2,2018.5638073
1683561600,27888.2,27928.2,27239.9,27340.0,3371.80180591
1683576000,27338.5,27696.1,27260.1,27666.1,754.88778832
1683590400,27666.2,27749.6,27542.3,27628.3,874.1135117
1683604800,27628.2,27665.7,27442.4,27665.6,1131.22717245
1683619200,27662.8,27725.0,27520.0,27678.1,869.28780045
1683633600,27678.0,27817.0,27359.0,27395.9,1925.98680492
1683648000,27396.0,27760.2,27350.0,27716.1,1221.64021959
1683662400,27713.4,27774.3,27520.9,27629.0,530.933351
1683676800,27628.3,27855.9,27621.9,27682.7,1037.29888681
1683691200,27682.8,27722.6,27529.3,27542.4,525.84272691
1683705600,27542.6,27680.0,27476.0,27675.2,617.54195397
1683720000,27677.2,28318.9,27638.0,28153.8,4400.10066936
1683734400,28153.7,28298.0,26700.0,27686.7,8473.65068728
1683748800,27691.4,27978.0,27170.7,27598.8,2435.20469285
1683763200,27598.8,27618.9,27366.4,27448.6,2207.40252764
1683777600,27447.2,27552.7,27389.2,27451.8,769.19447262
1683792000,27451.7,27485.1,27269.8,27404.7,1474.87119724
1683806400,27405.6,27629.1,26946.7,27177.6,3700.52559422
1683820800,27178.4,27214.7,26701.5,26839.4,2046.3619495
1683835200,26841.9,27061.9,26804.2,26968.0,715.83503041
1683849600,26969.9,27092.0,26529.3,26584.1,2041.49842882
1683864000,26584.2,26708.6,26118.0,26308.1,3539.61990242
1683878400,26312.9,26438.0,26234.2,26348.8,1236.02702124
1683892800,26348.8,26613.0,26268.1,26314.3,1469.57453641
1683907200,26315.9,26486.6,25791.7,26453.2,3315.38589542
1683921600,26457.9,26899.9,26359.5,26794.0,2001.90779761
1683936000,26794.0,26986.1,26689.6,26807.9,1250.32198656
1683950400,26807.9,26868.9,26690.2,26773.0,532.86864485
1683964800,26774.5,26879.5,26747.5,26825.2,425.4794061
1683979200,26825.3,26904.8,26738.0,26815.5,753.96434847
1683993600,26815.1,27052.4,26771.3,26840.6,733.53710046
1684008000,26839.6,26946.6,26744.7,26770.9,396.91018254
1684022400,26772.6,26873.9,26554.7,26865.8,932.38574102
1684036800,26865.8,26899.9,26792.8,26854.8,401.17205301
1684051200,26854.9,26891.9,26794.4,26811.4,324.96245261
1684065600,26808.7,27199.0,26743.4,27081.8,1358.67956375
1684080000,27081.9,27131.0,26821.6,26881.6,788.79755016
1684094400,26880.0,26955.6,26841.2,26915.7,350.81652671
1684108800,26914.8,27302.8,26722.7,27230.5,2937.14296956
1684123200,27230.5,27539.9,27182.0,27409.3,1748.72351653
1684137600,27409.4,27484.1,27309.0,27333.4,655.65106408
1684152000,27333.5,27535.8,27219.1,27396.7,1198.12378116
1684166400,27396.8,27665.1,27315.4,27420.8,1379.91758012
1684180800,27422.0,27422.0,27130.0,27164.6,683.13972671
1684195200,27160.8,27302.9,26850.3,27135.0,2208.63737783
1684209600,27135.0,27250.0,26992.1,27249.9,763.54927462
1684224000,27250.0,27285.5,26996.3,27060.0,1520.80530156
1684238400,27060.0,27135.9,26900.0,27041.0,1709.89398224
1684252800,27041.1,27152.6,26880.0,26931.7,810.01336411
1684267200,26931.7,27050.4,26895.6,27034.0,288.31030785
1684281600,27033.4,27243.2,26980.2,27062.9,849.29336907
1684296000,27062.9,27107.7,26759.7,26845.5,1413.99285673
1684310400,26845.5,26910.6,26575.0,26637.1,2596.57308131
1684324800,26637.1,26837.8,26536.8,26797.8,1469.51731747
1684339200,26798.3,27443.7,26742.6,27380.5,2171.63037902
1684353600,27383.3,27548.3,27273.0,27405.3,1100.58407405
1684368000,27405.3,27482.8,27288.6,27364.9,539.43027862
1684382400,27364.9,27449.9,27154.0,27389.0,1044.42695066
1684396800,27388.9,27437.3,27340.8,27400.0,744.15109272
1684411200,27399.6,27468.2,26998.3,27086.6,1859.40479721
1684425600,27086.6,27109.4,26361.3,26733.9,3653.92786225
1684440000,26732.9,27061.9,26690.0,26818.6,574.42486066
1684454400,26818.6,26931.2,26747.7,26835.1,617.00406868
1684468800,26835.1,26962.0,26813.9,26858.1,668.09432351
1684483200,26858.1,26932.7,26796.3,26858.2,667.22052563
1684497600,26861.0,27197.1,26616.0,26885.8,2248.19547608
1684512000,26884.5,26972.9,26781.3,26836.4,686.18063868
1684526400,26836.5,26923.8,26809.5,26885.3,162.51560664
1684540800,26884.9,26913.3,26829.5,26867.0,154.28443555
1684555200,26867.0,26874.9,26838.4,26856.5,159.11813605
1684569600,26856.5,26918.9,26856.4,26881.7,348.3235253
1684584000,26881.9,26980.0,26878.4,26948.0,584.64661152
1684598400,26948.0,27150.1,26915.8,27065.2,829.01611895
1684612800,27065.3,27132.8,26968.6,27104.6,240.53963333
1684627200,27104.6,27285.0,27063.0,27179.5,855.48250125
1684641600,27179.0,27180.6,27045.9,27059.1,646.10827561
1684656000,27059.0,27090.5,26770.5,26835.2,1083.04340641
1684670400,26831.1,26979.9,26808.1,26900.0,477.75376676
1684684800,26900.0,26930.4,26833.1,26902.4,315.54595323
1684699200,26902.5,26924.5,26654.8,26745.6,1027.71308818
1684713600,26745.6,26783.7,26537.0,26648.9,1357.51661849
1684728000,26649.0,26926.0,26645.7,26848.0,914.68372252
1684742400,26848.1,26906.0,26771.5,26828.5,476.77416979
1684756800,26828.6,27112.6,26701.1,26874.7,2160.30315349
1684771200,26874.6,26934.8,26780.4,26867.3,744.79035674
1684785600,26867.4,26975.1,26829.0,26847.6,297.32213891
1684800000,26847.7,27433.6,26797.3,27380.0,3762.64641177
1684814400,27380.0,27500.0,27202.6,27308.1,2026.82485496
1684828800,27308.1,27356.8,27256.0,27340.6,1001.43163475
1684843200,27340.6,27387.5,27180.8,27324.5,997.45015063
1684857600,27324.5,27330.9,27103.2,27189.1,1106.23317242
1684872000,27189.2,27260.7,27156.9,27225.4,635.25480913
1684886400,27225.4,27225.4,26674.2,26789.9,2126.57201236
1684900800,26789.9,26823.7,26609.1,26678.4,1603.33445203
1684915200,26678.2,26841.0,26670.6,26743.6,994.92594419
1684929600,26744.0,26744.0,26077.7,26315.8,6937.31470335
1684944000,26315.8,26398.8,26158.4,26256.1,1267.14600145
1684958400,26255.1,26489.8,26239.4,26327.8,804.0752569
1684972800,26326.9,26394.0,25868.0,26181.0,2560.32586775
1684987200,26181.0,26289.9,26118.2,26128.4,699.04092079
1685001600,26128.5,26344.3,26124.3,26297.2,848.83011825
1685016000,26297.1,26499.5,26166.9,26223.5,1941.45251742
1685030400,26226.2,26636.9,26204.4,26468.0,1604.4594333
1685044800,26468.0,26547.5,26432.0,26472.8,388.44221779
1685059200,26472.7,26538.9,26342.6,26439.3,753.27203626
1685073600,26439.3,26530.0,26333.3,26502.7,480.67308713
1685088000,26502.6,26544.9,26424.2,26462.7,699.12870191
1685102400,26462.8,26939.9,26359.4,26755.4,2952.14840388
1685116800,26755.4,26840.3,26607.0,26768.8,869.61286414
1685131200,26769.5,26804.6,26675.5,26704.3,289.00051021
1685145600,26704.3,26781.3,26630.5,26752.5,271.88692912
1685160000,26752.6,26785.5,26708.6,26722.7,274.48185676
1685174400,26722.8,26732.0,26668.0,26697.4,386.75202665
1685188800,26697.5,26785.7,26551.4,26689.3,849.41695069
1685203200,26689.3,26849.8,26622.9,26730.6,419.31917174
1685217600,26730.7,26888.0,26725.4,26855.4,283.13075121
1685232000,26855.4,27244.3,26762.9,27183.4,2216.8981088
1685246400,27183.5,27283.7,27129.3,27220.0,729.29923701
1685260800,27220.0,27387.6,27141.2,27156.5,949.04384677
1685275200,27156.6,27274.8,27100.0,27272.0,709.62682922
1685289600,27272.0,27793.9,27211.8,27527.9,2795.40854885
1685304000,27528.0,28277.7,27528.0,28069.2,3399.95019113
1685318400,28069.3,28454.9,27908.3,27952.8,3345.96241352
1685332800,27952.8,28051.3,27840.8,27911.3,1979.64376184
1685347200,27911.4,27974.1,27750.0,27917.2,731.83360908
1685361600,27915.2,27954.2,27589.5,27635.4,1096.72867374
1685376000,27633.6,27742.7,27531.8,27641.1,1063.70286414
1685390400,27641.0,27823.0,27554.5,27737.4,475.99723218
1685404800,27737.4,27944.0,27588.8,27832.5,589.34609686
1685419200,27831.1,27854.6,27677.6,27735.8,613.7898628
1685433600,27735.8,28043.8,27714.2,28029.9,821.21588601
1685448000,28024.9,28030.0,27630.0,27677.1,1586.7248158
1685462400,27677.0,27862.0,27556.4,27855.3,1346.39909152
1685476800,27855.6,27859.8,27655.8,27696.3,396.16968859
1685491200,27696.4,27843.2,27570.0,27657.3,708.38724845
1685505600,27657.4,27679.6,26975.5,27164.0,4612.59734714
1685520000,27164.0,27210.4,26989.9,27097.1,1586.39172167
1685534400,27099.0,27225.4,26829.7,26906.5,2570.29454958
1685548800,26906.5,27121.1,26838.1,27004.6,1029.75458514
1685563200,27009.7,27297.8,27001.9,27210.0,727.98341563
1685577600,27210.0,27349.6,26606.2,26779.1,2666.53916233
1685592000,26779.2,26876.5,26754.0,26800.6,481.8268571
1685606400,26800.6,26950.0,26788.0,26890.2,548.11745772
1685620800,26890.2,26980.2,26792.3,26898.4,927.47982545
1685635200,26898.5,27178.0,26653.0,26864.7,1706.74542284
1685649600,26865.9,26943.5,26709.0,26818.2,524.0613514
1685664000,26818.3,27017.3,26502.4,26996.3,1612.28986656
1685678400,26999.9,27215.5,26949.3,27046.4,1415.49536122
1685692800,27047.4,27183.2,27046.2,27131.0,611.21678588
1685707200,27131.0,27256.9,26856.1,27096.3,2139.81076488
1685721600,27096.4,27285.7,27005.8,27243.0,834.59746798
1685736000,27243.6,27297.7,27146.3,27241.5,449.8483068
1685750400,27241.5,27241.5,27092.9,27141.5,443.28390526
1685764800,27141.5,27214.3,27108.1,27174.4,245.73947318
1685779200,27174.3,27187.6,27117.7,27134.7,325.84553087
1685793600,27134.8,27333.0,27128.5,27305.5,502.16227934
1685808000,27302.0,27319.4,27015.3,27099.5,794.88867901
1685822400,27098.5,27125.0,26917.2,27069.2,450.37288241
1685836800,27069.2,27105.2,26949.9,27062.0,398.10373017
1685851200,27060.2,27163.9,27026.1,27151.5,361.65039626
1685865600,27151.4,27250.7,27125.8,27195.3,431.60503117
1685880000,27195.3,27298.0,27160.0,27177.6,777.09369652
1685894400,27177.6,27222.2,27155.5,27212.5,240.36470956
1685908800,27212.5,27466.1,27042.0,27118.1,1208.10139777
1685923200,27118.1,27127.7,26795.3,26847.1,1511.4394978
1685937600,26847.2,26874.7,26741.6,26836.0,865.88840562
1685952000,26836.0,26848.0,26666.0,26775.0,1092.383773
1685966400,26775.0,26816.5,25951.3,25985.3,4776.51394891
1685980800,25985.1,26069.6,25379.3,25629.1,9457.99932689
1685995200,25629.1,25856.1,25508.0,25727.8,1232.50663113
1686009600,25727.9,25790.0,25599.0,25730.0,1399.00321231
1686024000,25730.0,25821.8,25709.0,25727.0,976.16993925
1686038400,25727.1,25796.0,25637.0,25685.3,1041.36292361
1686052800,25685.3,26150.0,25350.0,26066.0,5936.64125196
1686067200,26066.1,27228.8,26066.1,27082.1,6382.41494359
1686081600,27082.2,27365.0,26884.5,27234.9,3353.87252305
1686096000,27234.9,27399.3,26728.3,26907.0,3703.1230541
1686110400,26907.0,26975.1,26762.4,26800.6,1987.81235209
1686124800,26800.6,26962.7,26350.7,26893.5,2493.49046019
1686139200,26893.4,26906.5,26250.0,26346.2,3331.03630042
1686153600,26343.3,26555.9,26236.1,26477.6,2033.54824015
1686168000,26485.8,26494.2,26126.0,26340.2,946.5499229
1686182400,26340.4,26467.6,26211.6,26343.6,846.77623476
1686196800,26343.6,26518.1,26286.0,26444.6,612.44933863
1686211200,26444.1,26504.1,26371.4,26431.6,521.54575402
1686225600,26431.6,26850.0,26301.1,26733.0,2192.01689558
1686240000,26728.5,26736.7,26420.3,26540.0,720.05178411
1686254400,26538.6,26650.6,26490.7,26500.8,359.93979612
1686268800,26501.3,26596.6,26276.8,26482.4,1407.90539993
1686283200,26483.0,26581.6,26424.3,26499.0,873.17675687
1686297600,26498.9,26685.5,26491.5,26610.1,1187.52224766
1686312000,26610.1,26780.7,26453.1,26477.3,1245.38305373
1686326400,26477.2,26532.1,26383.8,26405.2,722.82784556
1686340800,26407.3,26502.1,26394.9,26482.9,476.13088204
1686355200,26483.1,26534.0,26267.3,26325.9,1012.29183022
1686369600,26326.0,26353.0,25455.0,25649.9,7876.22952033
1686384000,25650.0,25749.3,25562.8,25730.5,1589.70798893
1686398400,25730.5,25730.5,25576.1,25632.0,1417.32075907
1686412800,25632.1,26150.4,25348.7,25749.7,6157.72677919
1686427200,25749.7,25929.6,25680.0,25839.6,1281.69104475
1686441600,25839.6,25866.8,25697.8,25728.0,731.6790959
1686456000,25728.1,25833.0,25637.6,25741.0,898.24090415
1686470400,25741.1,25845.0,25700.0,25801.0,526.12356567
1686484800,25801.1,25807.7,25680.7,25752.2,374.87772022
1686499200,25754.4,26107.6,25742.1,26031.3,1352.69710162
1686513600,26031.3,26206.0,25745.6,25929.2,1487.29578364
1686528000,25929.3,26030.0,25608.8,25792.9,1537.63336726
1686542400,25791.1,25907.6,25750.3,25803.7,646.84480283
1686556800,25803.6,26104.6,25782.9,25990.5,1248.51565892
1686571200,25992.3,25997.8,25735.5,25823.9,1287.66973933
1686585600,25823.9,25967.6,25650.4,25827.0,1022.07356908
1686600000,25826.9,25971.5,25800.4,25904.7,538.93910229
1686614400,25904.7,26156.7,25816.2,26064.5,1895.72734894
1686628800,26066.1,26134.3,25978.8,26071.2,804.50274118
1686643200,26071.3,26283.8,26060.2,26192.0,1804.60450078
1686657600,26192.0,26438.0,25721.4,25759.6,4539.84114008
1686672000,25759.5,25977.7,25739.3,25902.4,679.1867003
1686686400,25894.3,25957.3,25809.4,25938.1,575.40582906
1686700800,25938.0,26058.0,25914.7,25985.0,734.97605281
1686715200,25985.1,26004.2,25836.0,25900.8,706.58379157
1686729600,25900.8,26029.4,25884.5,25976.0,378.25752648
1686744000,25977.3,26083.6,25927.5,25986.7,775.76277137
1686758400,25986.7,26098.3,25765.0,25873.9,1616.15841654
1686772800,25874.0,25880.9,24791.0,25129.1,7233.21109497
1686787200,25129.1,25205.4,25031.0,25064.4,1218.91122446
1686801600,25064.4,25066.1,24869.4,24982.8,4285.5199559
1686816000,24982.8,25050.4,24783.0,25014.5,1705.44963606
1686830400,25015.7,25102.3,24920.3,24960.3,1792.04019381
1686844800,24960.3,25518.7,24930.2,25463.0,2272.64002713
1686859200,25458.0,25760.0,25219.4,25597.5,2391.40538775
1686873600,25597.5,25604.4,25434.0,25560.1,798.80849688
1686888000,25560.1,25627.5,25476.2,25534.0,1068.75801832
1686902400,25534.0,25623.2,25468.5,25474.6,901.54497961
1686916800,25474.5,25906.5,25171.2,25836.9,4466.77276365
1686931200,25842.5,26529.0,25774.8,26386.4,4324.07365449
1686945600,26386.3,26456.0,26289.8,26345.8,832.89774054
1686960000,26345.8,26373.2,26182.8,26261.4,812.70257206
1686974400,26261.5,26880.0,26242.2,26593.5,4549.01362056
1686988800,26593.6,26658.6,26474.3,26512.8,729.73969626
1687003200,26509.2,26587.8,26300.8,26414.5,1406.70607608
1687017600,26414.6,26539.5,26383.0,26479.0,399.83430812
1687032000,26479.1,26598.7,26468.1,26515.5,348.78481228
1687046400,26515.4,26550.1,26378.9,26548.1,413.12746968
1687060800,26548.1,26678.0,26477.2,26586.1,760.2268195
1687075200,26586.0,26599.3,26460.0,26501.9,408.34160354
1687089600,26501.9,26574.7,26442.8,26559.9,682.88139004
1687104000,26560.0,26658.0,26523.0,26650.0,514.22237045
1687118400,26650.0,26705.7,26255.1,26345.5,2253.08571137
1687132800,26345.4,26472.2,26258.1,26404.8,754.40334409
1687147200,26404.7,26478.5,26371.0,26430.0,451.99595827
1687161600,26430.0,26459.9,26367.9,26448.4,483.78679372
1687176000,26448.5,26578.0,26351.1,26445.3,890.96795781
1687190400,26445.4,27087.7,26310.0,26678.9,5274.11351745
1687204800,26679.0,26870.5,26653.1,26845.1,1070.78709125
1687219200,26845.1,27180.0,26798.3,26895.9,2743.19057855
1687233600,26896.0,27031.8,26747.1,26834.0,1264.36146722
1687248000,26834.0,26908.0,26704.6,26908.0,640.78179121
1687262400,26908.1,27131.1,26656.0,27073.0,2254.0518972
1687276800,27073.1,28143.0,27001.0,27987.4,10100.24083102
1687291200,27987.4,28405.2,27871.9,28303.3,3619.54100208
1687305600,28303.4,29112.5,28259.4,28716.9,7507.79255818
1687320000,28716.9,29013.6,28685.7,28874.1,2460.18967841
1687334400,28874.4,29236.1,28792.8,28932.4,3432.64662169
1687348800,28932.3,30000.0,28876.4,29855.6,8991.74397869
1687363200,29855.5,30819.7,29765.7,30119.9,8921.64236307
1687377600,30118.0,30200.0,29800.0,29998.1,2531.85786732
1687392000,29998.2,30507.8,29895.4,30300.1,2584.20812743
1687406400,30300.0,30354.4,30008.5,30102.4,1760.24259902
1687420800,30102.5,30248.3,29838.0,29927.0,1970.55087461
1687435200,29929.9,30351.4,29531.1,29855.7,4800.62122774
1687449600,29855.6,30240.0,29828.5,30210.2,1969.39831987
1687464000,30214.1,30259.0,29877.8,29888.0,934.62142849
1687478400,29886.9,30058.0,29800.0,30009.9,1183.56162953
1687492800,30009.9,30084.4,29922.4,29933.1,1280.1747223
1687507200,29933.1,30198.0,29909.2,30144.0,1301.35218913
1687521600,30144.0,31456.0,29928.6,31241.4,9306.56393527
1687536000,31241.3,31420.0,30620.0,30888.0,8390.8799206
1687550400,30885.0,30949.5,30458.7,30690.2,1953.22964805
1687564800,30690.3,30795.0,30406.5,30726.9,1553.92605232
1687579200,30726.9,30754.1,30560.0,30567.9,746.59788883
1687593600,30567.9,30739.5,30553.0,30684.9,568.75309472
1687608000,30684.9,30800.1,30297.3,30397.2,1620.84963995
1687622400,30397.4,30693.4,30253.2,30627.8,995.36198404
1687636800,30624.9,30624.9,30413.8,30530.0,706.85443371
1687651200,30530.0,30777.6,30467.1,30745.0,1056.8309972
1687665600,30745.0,31044.5,30667.0,30728.5,2236.48695547
1687680000,30728.5,30770.5,30588.2,30717.9,884.1501797
1687694400,30718.0,30736.0,30464.7,30588.1,1363.22088738
1687708800,30588.2,30656.0,30331.5,30428.5,1006.86578954
1687723200,30430.4,30571.1,30280.0,30467.5,635.9189554
1687737600,30467.6,30550.0,29962.0,30292.4,2513.69174509
1687752000,30292.5,30579.3,30164.5,30406.0,1439.14633656
1687766400,30406.0,30426.5,30135.6,30323.3,1119.34745966
1687780800,30323.2,30661.0,30258.2,30418.5,2241.19241579
1687795200,30418.4,30431.2,29913.2,30251.0,3173.63196927
1687809600,30251.0,30296.0,30103.2,30267.6,691.14740917
1687824000,30267.7,30498.0,30230.1,30369.3,1144.34290501
1687838400,30369.4,30466.0,30237.1,30408.9,952.21186425
1687852800,30408.9,30788.7,30333.9,30731.9,1645.77470352
1687867200,30732.0,30999.0,30373.8,30500.8,4161.43221709
1687881600,30500.8,30766.0,30455.5,30653.9,1725.26575673
1687896000,30653.9,30733.3,30554.0,30692.9,1514.33186723
1687910400,30693.0,30708.9,30333.4,30452.4,1006.63487042
1687924800,30452.4,30488.0,30148.8,30188.1,1646.00224677
1687939200,30188.0,30388.0,30146.0,30308.4,701.33286836
1687953600,30308.4,30494.3,30008.0,30412.6,2970.0032606
1687968000,30412.7,30470.5,29843.0,30097.8,2582.84810524
1687982400,30097.9,30211.6,29948.1,30073.0,1133.41852842
1687996800,30072.9,30246.6,30047.3,30175.3,844.18405687
1688011200,30175.4,30428.5,30141.2,30349.9,834.20413633
1688025600,30349.8,30751.3,30341.2,30670.0,2466.47461213
1688040000,30670.0,30839.9,30404.1,30477.8,2150.50605913
1688054400,30477.8,30664.0,30417.4,30584.4,1302.06613764
1688068800,30584.4,30638.0,30234.9,30453.5,1073.81361014
1688083200,30453.6,30875.7,30351.0,30740.7,2032.6812869
1688097600,30740.8,31290.0,30619.1,30765.5,4788.13608891
1688112000,30765.6,30939.6,30718.9,30907.8,1431.42593171
1688126400,30907.9,31129.2,29419.0,30068.2,14158.44085351
1688140800,30068.2,30728.5,29923.8,30375.6,4203.22998094
1688155200,30375.0,30544.0,30346.2,30475.5,971.81716344
1688169600,30475.4,30533.6,30376.6,30398.0,704.19183949
1688184000,30398.0,30466.9,30325.2,30465.0,738.02335369
1688198400,30464.9,30597.9,30424.2,30524.9,620.66827385
1688212800,30524.8,30665.6,30508.2,30572.1,681.72559918
1688227200,30572.2,30634.3,30545.4,30613.8,405.18494445
1688241600,30613.8,30615.1,30553.5,30588.1,152.49848237
1688256000,30588.1,30651.4,30463.1,30510.1,471.20785285
1688270400,30512.0,30556.0,30475.0,30510.4,379.92946668
1688284800,30510.5,30556.6,30484.6,30544.8,294.11587495
1688299200,30544.9,30630.4,30162.7,30499.4,1326.95611216
1688313600,30499.4,30700.0,30369.6,30559.8,707.33507053
1688328000,30559.8,30800.4,30425.1,30615.6,1478.09174259
1688342400,30615.7,30800.0,30591.8,30761.8,1066.55977625
1688356800,30761.7,30799.9,30612.8,30669.8,1000.05974631
1688371200,30669.8,30702.9,30588.0,30626.8,812.05250796
1688385600,30624.0,31180.0,30572.0,31071.7,2281.74507505
1688400000,31071.6,31389.0,30829.7,31263.3,2742.97340404
1688414400,31263.3,31302.9,30890.1,31161.0,1393.30036932
1688428800,31161.1,31324.9,31100.0,31198.0,1104.07443148
1688443200,31198.0,31216.8,30890.7,30908.3,1070.8087104
1688457600,30906.9,31082.0,30868.8,31069.7,1115.63938593
1688472000,31069.7,31083.0,30886.7,30966.2,697.55178681
1688486400,30964.2,31132.0,30625.3,30700.6,1556.17266125
1688500800,30700.6,30846.8,30670.0,30765.9,363.26339741
1688515200,30766.0,30877.5,30751.0,30868.1,463.35127031
1688529600,30868.5,30874.8,30766.6,30777.8,523.44435862
1688544000,30777.8,30800.0,30342.2,30403.1,1937.87207018
1688558400,30403.0,30442.8,30200.0,30358.3,1913.60671758
1688572800,30358.3,30604.0,30336.2,30433.1,905.21800396
1688587200,30439.1,30539.9,30391.4,30505.0,528.50743722
1688601600,30505.0,30561.9,30331.2,30498.8,638.07005323
1688616000,30498.8,30857.1,30443.0,30800.3,1465.12442766
1688630400,30800.2,31550.0,30686.0,30848.1,6053.15112265
1688644800,30848.1,30883.3,29888.0,30403.7,5755.63220143
1688659200,30405.9,30465.3,30163.5,30310.0,1006.42643459
1688673600,30308.1,30343.5,29855.0,29893.0,1330.31955927
1688688000,29893.1,30167.6,29705.2,30140.0,2106.65711592
1688702400,30140.1,30304.5,29936.2,30009.1,1367.09760369
1688716800,30009.1,30197.1,29976.0,30119.9,848.01403259
1688731200,30119.5,30446.7,30044.1,30389.5,2202.03898725
1688745600,30389.5,30451.0,30115.2,30243.5,694.95780713
1688760000,30243.4,30348.6,30211.2,30344.8,433.59581512
1688774400,30344.9,30383.3,30256.3,30279.2,389.61036502
1688788800,30279.3,30280.0,30144.1,30193.3,464.08428483
1688803200,30193.3,30315.1,30158.9,30200.9,511.55449055
1688817600,30200.9,30241.0,30154.6,30209.7,353.16040785
1688832000,30209.8,30326.8,30043.6,30111.5,504.57265823
1688846400,30111.6,30297.8,30057.8,30286.3,265.32842792
1688860800,30286.4,30405.9,30252.9,30289.7,442.94610834
1688875200,30289.7,30304.6,30236.8,30268.2,236.24918205
1688889600,30268.2,30313.0,30244.1,30271.7,199.42168452
1688904000,30271.7,30454.0,30188.0,30351.0,686.69045309
1688918400,30351.0,30351.1,30203.9,30243.5,490.19304319
1688932800,30243.6,30254.1,30067.1,30162.8,543.01502355
1688947200,30164.9,30257.9,29946.7,30160.3,1270.10567585
1688961600,30160.3,30165.8,30051.8,30115.9,438.95190094
1688976000,30116.0,30247.3,30001.0,30241.5,684.92615174
1688990400,30241.6,30364.8,30141.2,30315.7,1522.92767543
1689004800,30315.8,30837.7,30244.0,30834.7,1659.37101081
1689019200,30837.8,31045.7,30188.8,30414.2,3023.6566394
1689033600,30414.2,30600.0,30356.7,30476.4,856.73877273
1689048000,30476.4,30657.0,30438.0,30539.0,893.30755276
1689062400,30538.9,30566.0,30348.0,30408.8,826.06241136
1689076800,30408.8,30812.5,30291.4,30597.9,2274.93499248
1689091200,30598.0,30686.0,30407.3,30583.9,1184.90825095
1689105600,30583.9,30649.6,30505.4,30622.0,541.43168773
1689120000,30622.0,30675.5,30504.0,30595.1,756.47422869
1689134400,30595.1,30847.0,30572.0,30742.0,1132.02854781
1689148800,30742.1,30810.3,30660.7,30775.4,609.93687497
1689163200,30776.3,30980.0,30474.0,30522.8,3598.29924151
1689177600,30520.3,30537.4,30211.0,30288.1,1818.4031899
1689192000,30284.7,30421.5,30243.2,30381.5,552.42501725
1689206400,30381.5,30439.0,30277.8,30301.2,528.33132441
1689220800,30301.3,30427.3,30257.1,30366.1,802.22046743
1689235200,30366.1,30638.8,30348.4,30545.0,1453.40207852
1689249600,30545.0,31192.2,30466.8,30913.8,4009.65371562
1689264000,30918.0,31830.0,30717.9,31620.1,7839.35691831
1689278400,31612.2,31696.6,31005.0,31454.5,2992.31683271
1689292800,31456.3,31637.8,31334.6,31459.9,1396.21790781
1689307200,31459.9,31468.6,31078.3,31098.1,1386.38086967
1689321600,31098.1,31288.6,31082.9,31208.5,1301.08912963
1689336000,31208.6,31358.6,31052.0,31240.6,1538.57417244
1689350400,31240.6,31275.6,29900.7,30117.9,7283.69257559
1689364800,30116.5,30320.0,29990.0,30310.1,1427.28298203
1689379200,30310.1,30395.0,30234.0,30288.4,1028.33066759
1689393600,30288.4,30359.8,30256.2,30335.9,553.72026058
1689408000,30335.9,30370.0,30280.6,30313.2,549.72047125
1689422400,30313.3,30361.0,30245.1,30300.5,759.4247524
1689436800,30300.5,30350.0,30253.9,30329.0,265.8834248
1689451200,30328.0,30328.0,30267.4,30291.8,150.77457453
1689465600,30291.9,30333.8,30059.6,30182.0,1233.51100178
1689480000,30181.9,30307.6,30133.3,30262.1,959.36502479
1689494400,30262.0,30348.0,30262.0,30303.4,447.68724012
1689508800,30303.4,30440.0,30271.0,30377.4,660.94999514
1689523200,30377.5,30397.5,30195.4,30248.6,636.61977706
1689537600,30248.6,30357.1,30129.3,30231.3,445.83721675
1689552000,30231.4,30330.8,30175.3,30306.9,512.65074877
1689566400,30306.9,30325.5,30233.4,30279.6,423.72571658
1689580800,30279.6,30319.5,29958.2,30162.0,1561.56111907
1689595200,30161.7,30305.3,30034.4,30175.1,1090.12589732
1689609600,30175.2,30237.4,29653.1,29881.4,2712.86834399
1689624000,29881.4,30286.6,29881.0,30136.3,823.74945873
1689638400,30136.3,30239.6,30074.4,30074.4,565.15731473
1689652800,30074.4,30122.1,29925.5,29968.0,1012.09419806
1689667200,29968.1,30108.6,29806.6,29885.1,1386.63917931
1689681600,29885.1,30031.9,29676.4,29911.0,2377.92242432
1689696000,29910.8,29962.1,29500.0,29714.9,2072.66093158
1689710400,29714.9,29865.6,29692.0,29858.0,375.12967286
1689724800,29858.1,30076.2,29839.6,30063.1,983.03013834
1689739200,30063.1,30187.7,29967.6,30001.3,734.86211683
1689753600,30001.3,30045.7,29869.8,30015.7,415.81189994
1689768000,30015.7,30129.2,29757.4,29954.4,1289.64464894
1689782400,29954.4,30099.9,29872.0,30045.0,745.1477458
1689796800,30046.0,30056.8,29833.2,29911.8,435.56774415
1689811200,29911.7,30047.7,29882.0,29946.0,396.39001145
1689825600,29950.9,30237.6,29926.0,30202.0,821.76322322
1689840000,30202.0,30416.0,30166.6,30283.3,1361.30820485
1689854400,30283.4,30318.8,29621.0,29806.7,2864.63597287
1689868800,29806.8,29869.4,29560.7,29757.8,1606.72300886
1689883200,29757.9,29886.9,29671.3,29808.3,662.09888109
1689897600,29808.4,29951.2,29728.2,29899.3,724.87638393
1689912000,29899.3,29907.6,29747.8,29766.0,532.54300921
1689926400,29766.0,29848.8,29721.5,29781.4,491.06518315
1689940800,29781.5,29913.0,29779.7,29862.5,1084.39114178
1689955200,29862.5,30059.0,29775.2,29875.4,941.01517702
1689969600,29878.7,29954.9,29832.0,29900.4,340.28911589
1689984000,29900.4,29997.7,29892.3,29902.1,355.57637085
1689998400,29902.1,29987.8,29849.6,29943.4,294.3482671
1690012800,29943.5,29977.1,29868.7,29888.1,324.83683613
1690027200,29886.0,29909.7,29830.3,29904.5,309.94709852
1690041600,29904.6,29911.9,29801.2,29835.0,271.12050383
1690056000,29836.0,29840.0,29630.0,29787.5,822.53549721
1690070400,29787.5,29895.0,29730.0,29845.1,386.88111969
1690084800,29845.2,29981.6,29844.5,29908.0,570.55937928
1690099200,29912.0,29963.9,29884.7,29892.0,269.67039893
1690113600,29892.1,29931.2,29855.0,29898.5,198.02936859
1690128000,29898.5,30350.0,29898.4,30090.1,1402.80422369
1690142400,30090.1,30143.9,29922.6,30082.8,464.43232099
1690156800,30082.8,30100.0,29674.0,29717.8,1001.2981487
1690171200,29717.8,29870.7,29661.5,29830.1,736.91829711
1690185600,29830.1,29834.4,28950.0,29269.3,5964.24439142
1690200000,29269.3,29269.3,28866.7,29094.9,3135.49147711
1690214400,29094.9,29159.6,28999.2,29117.4,992.29838914
1690228800,29116.4,29211.8,29090.2,29177.4,495.96135073
1690243200,29177.4,29185.3,29053.8,29109.7,575.29826957
1690257600,29109.7,29163.7,29074.0,29142.6,615.59358567
1690272000,29142.9,29282.0,29121.7,29127.2,701.36047707
1690286400,29127.3,29344.5,29081.0,29181.0,1098.42072151
1690300800,29181.1,29374.0,29181.0,29199.8,626.26901763
1690315200,29199.8,29256.0,29182.9,29226.6,246.54934891
1690329600,29226.7,29410.2,29100.0,29242.2,877.16680891
1690344000,29242.1,29319.3,29190.8,29215.9,632.51284303
1690358400,29216.0,29242.1,29163.9,29176.7,387.68661771
1690372800,29176.8,29360.3,29166.4,29322.0,1180.47100868
1690387200,29322.0,29500.0,29191.5,29401.9,1758.95685527
1690401600,29402.0,29679.0,29283.5,29351.1,2551.83585848
1690416000,29351.2,29450.0,29301.2,29408.0,847.44900153
1690430400,29408.1,29500.0,29377.7,29413.0,659.31320083
1690444800,29413.1,29566.4,29393.8,29507.4,744.48952868
1690459200,29507.4,29507.4,29230.5,29290.3,898.5179255
1690473600,29290.4,29331.7,29084.7,29161.7,951.22454254
1690488000,29161.8,29238.0,29131.8,29222.1,253.18378751
1690502400,29222.2,29311.3,29186.0,29254.4,409.00762407
1690516800,29254.4,29264.6,29133.7,29138.6,653.90342502
1690531200,29138.7,29243.8,29129.5,29209.3,508.31159271
1690545600,29209.3,29539.6,29207.3,29391.4,1426.74301138
1690560000,29391.4,29405.6,29198.8,29318.2,943.22000395
1690574400,29318.2,29366.4,29284.1,29314.8,211.52142266
1690588800,29314.9,29394.9,29296.6,29372.8,484.87874293
1690603200,29372.9,29407.7,29294.1,29295.4,259.69482716
1690617600,29295.4,29330.4,29257.3,29267.2,340.29115211
1690632000,29267.2,29338.1,29256.3,29296.3,373.38287399
1690646400,29296.3,29346.8,29291.8,29337.7,143.6467407
1690660800,29337.7,29378.1,29337.7,29352.1,95.89686558
1690675200,29352.2,29355.8,29308.0,29318.0,114.52801434
1690689600,29318.0,29330.8,29260.2,29295.6,252.33071724
1690704000,29295.7,29322.0,29235.5,29312.4,232.23581751
1690718400,29312.4,29448.8,29281.0,29351.7,729.589119
1690732800,29351.8,29410.1,29112.2,29200.1,922.47079017
1690747200,29200.1,29287.9,29030.0,29282.1,670.34209781
1690761600,29282.1,29530.0,29263.3,29424.2,1124.22694255
1690776000,29428.0,29445.0,29365.7,29379.6,377.09626808
1690790400,29379.7,29422.9,29336.7,29407.9,377.37604652
1690804800,29408.0,29476.8,29228.5,29246.9,834.06307615
1690819200,29246.9,29277.8,29111.1,29163.3,747.93996452
1690833600,29163.4,29300.0,29121.1,29233.3,549.05318026
1690848000,29233.2,29343.8,28697.6,28835.9,2337.62897408
1690862400,28836.0,28966.7,28807.5,28934.1,692.62934415
1690876800,28934.2,28994.1,28857.7,28860.8,440.83853484
1690891200,28861.3,28978.0,28570.1,28951.7,1924.01248841
1690905600,28951.7,29334.8,28862.1,29272.6,1739.75321787
1690920000,29272.6,29739.3,29181.6,29707.1,2865.97249827
1690934400,29708.0,30039.6,29624.2,29635.8,3874.93024525
1690948800,29635.8,29721.0,29569.7,29580.8,942.69963224
1690963200,29580.9,29582.5,29387.3,29563.9,1837.87330759
1690977600,29564.0,29606.0,29174.0,29324.0,1828.74008761
1690992000,29324.0,29362.9,28923.8,29148.2,2532.90990198
1691006400,29148.2,29232.8,29068.5,29184.6,523.53047961
1691020800,29184.5,29274.3,29132.1,29180.0,424.5698297
1691035200,29181.0,29190.0,29021.4,29044.4,688.62729174
1691049600,29044.3,29197.9,28970.0,29143.5,614.25848061
1691064000,29143.6,29430.4,29078.2,29258.6,1283.87078241
1691078400,29258.6,29371.3,29142.0,29284.7,823.28083301
1691092800,29282.1,29362.1,29164.3,29192.4,669.37507871
1691107200,29192.5,29252.0,29100.0,29158.0,568.98239139
1691121600,29158.0,29253.5,29131.4,29211.9,450.96196062
1691136000,29212.0,29261.0,29134.3,29166.5,539.01348217
1691150400,29166.6,29329.1,29126.9,29272.1,927.56731213
1691164800,29272.0,29285.3,28950.0,29032.4,1270.47219938
1691179200,29032.4,29122.4,28802.2,29112.9,1007.60754083
1691193600,29112.9,29152.9,29065.3,29094.0,512.05714181
1691208000,29094.0,29097.4,29036.1,29053.0,287.19169856
1691222400,29053.0,29088.3,29038.7,29046.0,531.55858895
1691236800,29046.0,29088.3,28981.3,29039.9,656.55561472
1691251200,29040.0,29099.0,29006.6,29070.6,181.55202889
1691265600,29070.5,29092.1,29055.0,29072.0,99.76767742
1691280000,29072.1,29080.6,29034.6,29062.9,301.59328285
1691294400,29062.9,29108.9,29042.3,29091.9,230.14885411
1691308800,29092.0,29137.3,29043.1,29079.1,334.52786169
1691323200,29079.1,29079.1,28989.6,29009.0,309.06499551
1691337600,29008.9,29104.2,28993.1,29087.9,340.32876796
1691352000,29088.0,29200.0,29038.5,29086.8,486.56812046
1691366400,29086.9,29228.0,29021.1,29161.8,484.14504736
1691380800,29161.9,29198.0,29051.9,29092.1,497.59109111
1691395200,29092.0,29148.1,29044.0,29092.1,354.2942294
1691409600,29092.0,29144.9,28790.0,28858.9,1512.26915314
1691424000,28858.9,29187.5,28701.0,29152.4,1553.24451121
1691438400,29153.3,29279.0,29120.0,29214.3,443.08094863
1691452800,29214.4,29263.3,29144.8,29197.0,438.7734979
1691467200,29197.1,29331.4,29185.0,29187.5,619.95788724
1691481600,29188.2,29438.6,29171.6,29436.1,1090.42254643
1691496000,29437.4,29674.5,29351.1,29536.7,2425.74212368
1691510400,29536.7,29959.0,29535.6,29881.6,2526.61058254
1691524800,29881.6,30242.7,29692.0,29773.2,1870.17466785
1691539200,29771.2,29882.5,29652.1,29712.0,1338.0228185
1691553600,29712.0,29819.1,29670.0,29817.9,849.93282781
1691568000,29817.9,29912.4,29745.0,29888.4,805.62375016
1691582400,29888.4,30137.9,29677.6,29760.2,1845.66168484
1691596800,29760.8,29775.4,29394.0,29414.3,1289.71365735
1691611200,29414.3,29626.5,29375.9,29583.9,524.36544805
1691625600,29584.0,29659.9,29565.7,29581.3,570.22843439
1691640000,29581.4,29616.0,29493.9,29511.9,1186.20011545
1691654400,29512.0,29557.2,29475.0,29502.0,867.93673072
1691668800,29502.1,29733.4,29390.0,29467.0,2029.1218408
1691683200,29467.1,29473.6,29330.2,29439.8,839.19605765
1691697600,29439.8,29481.5,29421.5,29455.2,241.09655124
1691712000,29455.3,29502.4,29349.2,29405.7,787.42911869
1691726400,29405.7,29483.1,29379.2,29413.5,913.39138789
1691740800,29413.5,29449.9,29351.5,29446.5,646.48864001
1691755200,29446.4,29566.4,29354.0,29396.0,1110.14127527
1691769600,29396.0,29430.0,29250.8,29399.7,729.19772971
1691784000,29399.9,29443.4,29395.4,29429.6,217.780414
1691798400,29429.6,29461.8,29379.2,29401.0,195.9217656
1691812800,29401.1,29427.6,29380.2,29417.9,380.25741386
1691827200,29417.9,29430.2,29389.4,29423.2,553.48870755
1691841600,29423.2,29455.0,29406.8,29439.5,325.5699575
1691856000,29439.5,29483.6,29412.6,29415.5,164.48424555
1691870400,29415.6,29434.0,29400.0,29430.1,117.22951654
1691884800,29430.1,29457.0,29399.9,29420.5,172.74548561
1691899200,29420.5,29420.5,29364.9,29397.9,205.79090785
1691913600,29398.0,29410.0,29369.1,29382.0,594.44243314
1691928000,29382.0,29392.7,29360.0,29372.1,350.53568586
1691942400,29372.0,29468.1,29329.1,29441.2,314.77291766
1691956800,29441.2,29447.7,29271.7,29302.0,506.03245146
1691971200,29302.1,29421.8,29100.0,29395.3,1752.07223031
1691985600,29395.3,29470.3,29392.1,29420.8,762.12141219
1692000000,29420.9,29493.0,29384.0,29410.0,784.64439994
1692014400,29410.0,29673.0,29330.0,29600.6,1468.34000193
1692028800,29600.7,29695.0,29255.0,29362.8,1240.31575314
1692043200,29362.8,29472.2,29336.4,29432.0,346.45455996
1692057600,29432.0,29456.9,29371.1,29398.6,613.02736919
1692072000,29398.7,29433.3,29349.9,29408.9,800.11564836
1692086400,29408.9,29454.5,29356.4,29364.7,872.95020975
1692100800,29364.7,29497.7,29314.2,29331.7,902.62815135
1692115200,29331.7,29369.6,29076.9,29180.0,1717.43053424
1692129600,29180.0,29243.4,29136.0,29201.4,433.1375926
1692144000,29201.4,29259.7,29187.5,29227.7,562.66314402
1692158400,29227.7,29232.0,29110.3,29194.1,1723.01066796
1692172800,29194.1,29217.1,29101.5,29163.9,489.52332798
1692187200,29163.9,29207.8,29044.0,29105.8,1058.12751936
1692201600,29103.4,29232.0,28950.8,29113.7,1534.20907723
1692216000,29111.4,29141.9,28721.0,28730.8,1894.2032235
1692230400,28730.9,28779.1,28326.0,28653.9,4863.1848558
1692244800,28653.9,28703.5,28600.0,28620.1,826.69412491
1692259200,28620.2,28634.7,28481.5,28542.1,1263.2913858
1692273600,28542.1,28567.4,27865.8,27928.9,6104.48226179
1692288000,27929.0,28084.2,27676.6,27896.8,3207.20678899
1692302400,27896.8,27921.0,24220.0,26621.0,24185.84642887
1692316800,26620.1,26822.7,26322.0,26397.8,3329.88425247
1692331200,26397.7,26606.3,26143.8,26425.0,3946.38641041
1692345600,26425.0,26607.0,26385.2,26492.1,1958.61000634
1692360000,26492.1,26500.0,25931.4,26000.0,3579.09061286
1692374400,26000.0,26319.8,25600.1,26066.1,5970.73250919
1692388800,26066.1,26243.3,26009.6,26055.6,1213.63906536
1692403200,26055.6,26154.8,25928.6,25967.5,839.31742956
1692417600,25967.9,26009.6,25805.7,25918.1,714.8806703
1692432000,25918.0,26000.4,25890.0,25903.5,477.97737893
1692446400,25903.6,26222.1,25876.5,26215.3,1111.01586226
1692460800,26215.2,26274.7,26031.6,26128.9,963.08606417
1692475200,26128.9,26158.6,26034.0,26101.8,362.19806254
1692489600,26101.8,26207.3,26050.0,26104.2,388.10493522
1692504000,26104.3,26161.3,26050.0,26086.9,249.96006667
1692518400,26086.9,26197.5,26061.0,26180.1,482.4531354
1692532800,26180.1,26215.5,25971.1,26105.8,757.0559947
1692547200,26105.9,26164.8,26008.1,26137.8,449.07999221
1692561600,26137.9,26299.8,26137.9,26190.8,489.17780611
1692576000,26190.8,26199.2,26073.5,26092.1,477.44366477
1692590400,26092.0,26192.0,26001.4,26025.3,992.86450053
1692604800,26025.2,26088.5,25887.6,26032.9,738.20815796
1692619200,26033.0,26199.1,25813.2,25941.7,1825.48043361
1692633600,25941.7,26170.6,25937.5,26100.0,814.54221286
1692648000,26097.7,26260.0,26084.0,26128.1,722.87059355
1692662400,26128.1,26142.5,26025.8,26057.6,300.34599612
1692676800,26057.7,26117.2,26002.4,26106.2,225.08380314
1692691200,26106.1,26110.7,26028.9,26052.5,393.58660179
1692705600,26052.5,26099.9,25915.2,25936.3,819.39037882
1692720000,25936.3,26053.4,25724.3,25780.9,1865.68957521
1692734400,25780.8,26067.9,25320.0,26056.7,2940.07581139
1692748800,26056.8,26189.2,25993.4,26007.9,702.428367
1692763200,26008.0,26186.5,25979.5,26055.6,917.29752606
1692777600,26055.5,26097.0,25897.9,25939.7,745.03073538
1692792000,25939.7,26185.4,25818.0,26145.9,1909.17560874
1692806400,26146.0,26816.4,26127.0,26626.0,3995.3597714
1692820800,26626.3,26723.7,26221.5,26436.1,1535.66365122
1692835200,26433.0,26545.9,26352.0,26442.4,581.21992918
1692849600,26442.4,26512.0,26386.4,26473.9,767.77441533
1692864000,26473.8,26573.3,26414.4,26446.0,806.24565549
1692878400,26446.0,26446.1,26000.0,26001.9,2059.25242603
1692892800,26001.9,26163.2,25861.1,26038.5,1672.79468421
1692907200,26038.6,26210.0,25937.6,26179.9,492.15984131
1692921600,26179.9,26191.9,26016.5,26107.6,471.43148737
1692936000,26107.6,26113.1,25973.7,25979.5,690.27501062
1692950400,25979.5,26127.0,25979.4,26100.4,611.91164212
1692964800,26100.4,26309.9,25782.2,25932.3,2400.38528008
1692979200,25932.3,26063.9,25834.3,25973.8,479.87477577
1692993600,25973.8,26087.1,25959.0,26061.6,377.72407352
1693008000,26061.7,26124.3,26032.1,26086.6,264.37331385
1693022400,26086.6,26089.3,26049.0,26049.9,156.57954613
1693036800,26050.0,26066.5,26004.0,26049.8,253.37187206
1693051200,26049.8,26079.5,25989.6,26055.4,199.26086474
1693065600,26055.3,26062.0,26008.6,26035.9,155.61615521
1693080000,26036.0,26050.0,25994.1,26022.2,112.38566859
1693094400,26022.2,26035.9,25971.7,26022.1,118.99285836
1693108800,26022.1,26051.9,26022.0,26044.0,117.33001532
1693123200,26044.1,26097.7,26030.7,26060.1,184.87153423
1693137600,26060.1,26179.8,26054.0,26123.2,385.90888927
1693152000,26123.2,26179.7,26034.8,26124.1,371.48386503
1693166400,26124.0,26132.7,26038.8,26102.0,178.93566859
1693180800,26102.0,26103.5,25990.0,26014.6,519.5581922
1693195200,26014.7,26036.0,25874.2,25934.4,573.51284986
1693209600,25934.4,26007.2,25864.5,26005.4,442.51028834
1693224000,26005.4,26250.0,25994.0,26104.5,1065.97546489
1693238400,26104.5,26194.0,25920.1,25998.6,451.46564329
1693252800,25992.6,26177.4,25948.1,26116.1,316.4162987
1693267200,26116.2,26206.7,26066.1,26082.0,478.73886573
1693281600,26082.1,26097.1,25992.1,26004.3,662.34188722
1693296000,26004.3,26047.3,25925.0,25979.0,547.13052545
1693310400,25976.7,27696.0,25966.1,27420.5,11474.15168264
1693324800,27420.5,28163.5,27354.8,27832.6,6811.50649762
1693339200,27832.5,27886.4,27538.3,27720.1,1412.86718842
1693353600,27718.4,27771.3,27283.5,27394.1,2002.65178774
1693368000,27394.1,27475.2,27370.6,27439.6,843.87805812
1693382400,27439.7,27496.6,27310.0,27342.6,883.94570733
1693396800,27342.7,27464.2,27010.0,27204.0,2427.20846523
1693411200,27204.1,27285.6,27072.2,27177.2,720.17838633
1693425600,27177.2,27339.5,27177.1,27299.9,498.41931839
1693440000,27300.0,27300.0,27179.1,27217.8,606.2778123
1693454400,27217.8,27292.3,27212.2,27260.0,490.36059658
1693468800,27260.0,27605.5,27192.0,27306.6,1566.61075129
1693483200,27306.5,27315.9,26789.3,26923.5,2837.62101817
1693497600,26923.5,26925.7,25912.3,26166.0,6618.73590207
1693512000,26164.8,26191.4,25655.2,25938.6,3013.73285988
1693526400,25938.6,26096.0,25928.0,26081.3,591.06230183
1693540800,26081.3,26094.5,25977.3,25991.1,563.72584354
1693555200,25991.1,26071.0,25962.0,26045.6,537.0678984
1693569600,26045.5,26152.0,25557.0,25810.4,2652.87845467
1693584000,25810.4,25960.8,25329.0,25646.2,3789.44212811
1693598400,25646.2,25936.4,25571.8,25806.3,865.02806741
1693612800,25806.4,25842.0,25756.1,25800.1,356.45687483
1693627200,25800.1,25850.7,25765.6,25796.4,380.17843115
1693641600,25796.3,25862.8,25778.1,25815.6,576.23338059
1693656000,25815.6,25986.0,25790.4,25898.2,637.06827335
1693670400,25898.2,25939.5,25760.0,25835.8,574.94358227
1693684800,25835.8,25904.4,25817.0,25870.7,145.97506575
1693699200,25870.8,25907.9,25826.1,25865.1,157.8394539
1693713600,25865.0,25951.0,25865.0,25950.0,287.73151964
1693728000,25950.0,25951.8,25877.1,25943.8,255.27622033
1693742400,25943.8,26083.6,25801.6,25872.1,967.65417079
1693756800,25872.0,26038.6,25806.0,26010.0,668.92604293
1693771200,26010.1,26138.0,25928.6,25971.9,521.75416052
1693785600,25972.0,26103.3,25879.6,25989.4,518.37651256
1693800000,25989.4,26019.9,25915.8,25963.1,418.07653079
1693814400,25963.0,26008.7,25870.0,25894.1,779.3642662
1693828800,25894.0,25964.1,25727.1,25815.2,1106.13692962
1693843200,25815.2,25946.7,25811.8,25894.1,303.81926362
1693857600,25894.0,25921.1,25633.4,25827.3,1091.84993535
1693872000,25827.3,25844.9,25559.2,25688.8,911.68974836
1693886400,25688.7,25756.0,25676.2,25735.4,358.11522842
1693900800,25735.5,25806.8,25655.9,25781.0,533.25514763
1693915200,25781.1,25911.1,25623.9,25758.7,1960.20574156
1693929600,25758.6,25843.1,25684.3,25684.4,421.34824844
1693944000,25684.3,25804.5,25674.9,25791.9,284.69752707
1693958400,25792.0,25864.7,25772.1,25782.7,361.29136274
1693972800,25782.9,25792.0,25727.6,25730.2,524.0244427
1693987200,25730.1,25779.1,25711.4,25734.7,490.20038347
1694001600,25734.7,25779.1,25538.4,25592.1,980.60560199
1694016000,25591.0,26053.4,25369.7,25688.0,3282.71552756
1694030400,25687.9,25785.3,25652.9,25761.4,316.14431838
1694044800,25761.4,25839.9,25723.8,25837.0,413.25702666
1694059200,25837.0,25849.5,25746.1,25763.5,261.79856868
1694073600,25763.6,25764.6,25693.0,25709.9,340.41261015
1694088000,25709.9,25833.8,25616.9,25776.1,1086.54775248
1694102400,25776.9,25979.7,25772.4,25883.4,1112.81545288
1694116800,25880.0,26450.9,25860.0,26259.8,3662.31261014
1694131200,26259.7,26442.4,26202.9,26253.9,1302.873034
1694145600,26253.9,26386.0,26191.2,26259.5,779.65709294
1694160000,26259.6,26268.5,25646.0,25842.0,2481.58799456
1694174400,25842.1,25950.0,25795.0,25846.3,792.76741143
1694188800,25846.1,25897.1,25722.5,25897.1,1055.78833923
1694203200,25897.0,25936.0,25848.8,25915.3,368.59650759
1694217600,25915.3,25915.3,25848.7,25874.9,386.12742157
1694232000,25874.9,25894.6,25837.8,25882.1,182.70674714
1694246400,25882.0,25905.1,25847.5,25860.5,397.59111532
1694260800,25860.5,25928.2,25793.2,25893.6,455.16116013
1694275200,25893.5,25946.6,25848.6,25871.4,187.39858985
1694289600,25871.5,25919.3,25858.6,25905.5,197.4009681
1694304000,25905.6,25906.8,25832.0,25866.4,444.50729629
1694318400,25866.4,25874.1,25756.2,25853.0,531.29401606
1694332800,25854.7,25870.9,25792.4,25798.1,303.57299583
1694347200,25798.1,25837.3,25712.1,25774.5,402.88561441
1694361600,25774.5,25860.0,25562.3,25803.1,1190.80970487
1694376000,25802.1,26038.1,25773.4,25841.1,1180.08919431
1694390400,25841.0,25877.4,25661.4,25739.5,500.16445363
1694404800,25739.5,25905.6,25720.2,25814.5,595.11086072
1694419200,25814.5,25830.5,25573.3,25604.0,1323.98806657
1694433600,25604.0,25760.7,24942.9,25114.0,6816.79984718
1694448000,25112.9,25243.3,24995.1,25020.9,1680.43687745
1694462400,25019.5,25216.7,24900.0,25165.5,984.99087101
1694476800,25165.6,25956.8,25135.5,25800.4,3971.85377036
1694491200,25800.4,25988.2,25615.9,25825.2,2852.32946803
1694505600,25825.3,26344.4,25735.6,26100.5,3588.93992535
1694520000,26101.9,26397.7,26037.7,26209.2,2899.4374546
1694534400,26209.2,26585.3,25883.1,26062.2,3448.82190084
1694548800,26062.1,26157.8,25798.3,25843.7,1199.46068289
1694563200,25843.7,25990.3,25768.0,25881.6,805.28528784
1694577600,25881.5,26106.5,25853.3,25877.0,1043.81459025
1694592000,25877.9,26247.4,25864.3,26200.4,1121.8036594
1694606400,26206.7,26393.8,26027.6,26246.1,2674.5503919
1694620800,26247.7,26409.5,26053.7,26141.7,1740.39481206
1694635200,26141.7,26307.8,26141.7,26222.0,329.75497366
1694649600,26222.1,26549.4,26123.0,26265.9,2297.43942169
1694664000,26265.8,26394.1,26166.6,26346.4,1029.23311409
1694678400,26346.3,26489.0,26271.1,26446.0,665.24852399
1694692800,26446.6,26800.0,26342.6,26696.4,3608.20568393
1694707200,26697.4,26876.0,26551.2,26678.0,1505.46302261
1694721600,26678.1,26729.4,26478.2,26527.8,549.15481404
1694736000,26527.8,26625.9,26453.2,26614.4,573.07928378
1694750400,26614.5,26662.2,26550.1,26566.2,583.62710388
1694764800,26566.1,26690.7,26384.6,26428.9,925.65549467
1694779200,26428.3,26525.4,26215.6,26320.9,1420.81819809
1694793600,26322.8,26448.3,26314.6,26402.6,572.08060028
1694808000,26402.7,26900.0,26375.0,26603.1,1812.39228417
1694822400,26603.1,26785.0,26573.6,26620.6,690.87294749
1694836800,26620.5,26626.7,26470.1,26499.9,661.74884913
1694851200,26500.0,26584.8,26451.1,26524.9,496.0256982
1694865600,26525.0,26580.9,26483.5,26510.4,260.766556
1694880000,26510.5,26624.0,26501.4,26533.3,263.12868531
1694894400,26533.3,26585.6,26512.3,26564.2,159.93528071
1694908800,26564.8,26564.8,26419.9,26527.8,600.61253991
1694923200,26527.9,26568.7,26493.6,26496.0,186.09398867
1694937600,26496.1,26621.8,26494.5,26568.0,250.64454997
1694952000,26568.0,26598.0,26525.8,26548.7,416.71753298
1694966400,26548.8,26549.9,26463.8,26504.7,224.87759967
1694980800,26504.7,26536.1,26401.6,26528.3,335.47118499
1694995200,26528.3,26750.0,26377.0,26658.3,1357.93398467
1695009600,26658.4,26799.9,26567.9,26710.8,553.98058555
1695024000,26710.9,27241.5,26682.0,27201.1,2833.73824245
1695038400,27201.5,27415.2,27138.8,27271.8,2565.33269412
1695052800,27271.8,27311.0,26630.9,26816.0,2848.73355713
1695067200,26818.3,26880.0,26724.4,26760.3,492.65854961
1695081600,26760.3,26836.9,26669.0,26820.3,775.70891748
1695096000,26820.4,26874.8,26750.1,26847.6,912.19116313
1695110400,26847.6,27500.0,26847.6,27238.0,2607.62444183
1695124800,27238.1,27485.0,26884.8,27425.1,3283.92461306
1695139200,27425.6,27486.9,27075.1,27187.5,1073.86417707
1695153600,27187.8,27227.6,26992.7,27209.9,683.18910259
1695168000,27209.8,27386.5,27088.0,27119.6,1310.28486368
1695182400,27119.5,27160.4,26943.9,27105.1,815.9905547
1695196800,27105.1,27190.4,26946.0,27103.9,2047.03995872
1695211200,27104.0,27238.4,26997.7,27180.2,1098.00623739
1695225600,27180.2,27297.8,26786.4,26925.9,2214.60035393
1695240000,26929.9,27245.9,26918.0,27120.3,1002.1993299
1695254400,27120.3,27157.3,26936.6,27035.5,1133.6755583
1695268800,27035.5,27100.5,26980.0,26991.2,426.67306898
1695283200,26991.1,27014.7,26622.5,26731.6,2164.88926198
1695297600,26731.7,26775.3,26366.6,26587.1,2942.74432051
1695312000,26587.2,26698.9,26550.9,26598.0,748.02563663
1695326400,26599.8,26622.8,26500.0,26566.1,476.51858588
1695340800,26566.0,26670.4,26469.4,26629.3,1269.65625538
1695355200,26629.3,26705.5,26578.9,26675.0,1256.07252066
1695369600,26675.5,26746.0,26587.4,26640.9,1163.1169271
1695384000,26640.9,26697.0,26556.4,26633.2,1945.09965297
1695398400,26633.2,26647.4,26528.0,26538.0,671.25416303
1695412800,26538.1,26596.3,26490.1,26579.9,371.99662399
1695427200,26580.0,26617.2,26526.1,26532.3,569.50142558
1695441600,26532.3,26587.3,26509.9,26586.7,614.79458057
1695456000,26586.8,26595.8,26557.4,26578.0,580.37022646
1695470400,26578.3,26588.0,26548.0,26577.8,488.25468376
1695484800,26577.8,26638.2,26558.1,26610.1,203.22549463
1695499200,26610.0,26615.3,26558.0,26576.2,105.28267386
1695513600,26576.3,26591.0,26558.0,26571.8,116.85083303
1695528000,26571.8,26573.8,26548.5,26563.2,158.74399623
1695542400,26563.3,26611.8,26563.2,26598.8,185.67090538
1695556800,26598.8,26628.0,26563.2,26576.7,219.91359589
1695571200,26576.8,26737.4,26320.3,26451.0,1566.30937727
1695585600,26451.0,26521.5,26108.5,26248.5,1299.87034563
1695600000,26247.8,26333.2,25989.6,26156.0,2177.90327532
1695614400,26156.0,26191.8,26040.9,26184.7,701.79847347
1695628800,26184.7,26225.9,26019.3,26074.6,884.94538903
1695643200,26074.6,26301.4,25995.6,26244.5,1430.18347649
1695657600,26244.5,26430.1,26220.5,26329.6,1102.74574283
1695672000,26329.6,26446.0,26262.2,26302.7,461.73729381
1695686400,26302.7,26400.0,26234.5,26353.3,431.80840688
1695700800,26353.4,26364.0,26250.0,26271.1,416.15635144
1695715200,26271.1,26329.4,26188.8,26272.0,504.84344586
1695729600,26272.0,26304.1,26083.0,26124.4,1140.78752189
1695744000,26124.5,26296.0,26114.1,26244.1,734.84766974
1695758400,26243.2,26283.9,26096.6,26220.3,774.07065411
1695772800,26220.3,26290.9,26204.1,26281.1,657.94716647
1695787200,26280.2,26291.3,26235.6,26244.8,502.15623995
1695801600,26244.8,26848.0,26221.0,26774.2,3489.49493808
1695816000,26771.6,26852.1,26163.5,26300.1,4880.28034748
1695830400,26300.1,26313.7,26109.5,26269.2,991.05914795
1695844800,26269.3,26382.7,26226.6,26371.9,488.17490284
1695859200,26371.9,26552.5,26343.6,26379.0,1114.10002462
1695873600,26379.0,26503.8,26348.0,26455.5,1010.02737074
1695888000,26455.5,26630.0,26389.4,26476.5,1174.5437357
1695902400,26476.5,27088.2,26468.8,27027.3,4514.33510617
1695916800,27028.0,27316.0,26860.0,27109.6,3902.91953846
1695931200,27109.6,27166.7,26901.0,27023.7,774.7812529
1695945600,27023.8,27152.1,26877.3,26960.0,895.38360033
1695960000,26960.0,27249.7,26900.1,27176.9,1498.42688888
1695974400,27177.0,27182.0,26966.8,26971.4,800.96376812
1695988800,26971.5,27113.7,26658.0,26887.8,3077.01308527
1696003200,26887.8,26954.6,26749.7,26922.1,920.67680575
1696017600,26926.7,26986.1,26870.0,26909.9,348.49604788
1696032000,26910.0,26945.9,26888.1,26914.7,297.73136307
1696046400,26914.7,26960.9,26912.2,26930.1,242.80685676
1696060800,26930.1,27003.3,26923.2,26939.7,383.33803144
1696075200,26939.6,27089.4,26906.1,26994.8,715.08516786
1696089600,26994.9,27044.0,26975.5,27024.0,351.86442747
1696104000,27024.0,27084.2,26950.0,26961.7,188.59318257
1696118400,26961.7,27055.2,26954.6,27047.0,212.76562114
1696132800,27047.1,27162.7,27023.4,27110.1,825.48501518
1696147200,27110.1,27288.0,27089.8,27191.5,1042.97729301
1696161600,27191.5,27229.3,27083.1,27153.0,725.07197875
1696176000,27152.1,27157.9,27035.0,27100.9,371.60535977
1696190400,27100.9,28500.0,27035.3,27995.2,5630.65956852
1696204800,27995.3,28229.9,27825.9,28129.9,3011.32789572
1696219200,28129.9,28432.0,27918.0,28316.0,2885.93562094
1696233600,28316.0,28489.0,28194.1,28198.9,2486.61552952
1696248000,28198.9,28600.0,27980.8,28026.1,3250.1731138
1696262400,28026.2,28125.1,27633.3,27968.9,2930.57514989
1696276800,27968.9,27969.0,27280.4,27497.2,2494.97647084
1696291200,27495.0,27634.4,27380.6,27601.7,1372.71382299
1696305600,27601.7,27666.8,27518.8,27540.2,826.1957394
1696320000,27540.2,27637.2,27471.2,27559.5,842.27806901
1696334400,27559.5,27580.0,27232.0,27339.1,2024.99721612
1696348800,27339.0,27482.4,27248.3,27270.0,786.55234892
1696363200,27275.3,27466.6,27159.2,27425.8,813.30926189
1696377600,27425.9,27507.1,27200.4,27429.4,1096.76949866
1696392000,27429.5,27452.9,27351.1,27452.9,307.25473394
1696406400,27453.0,27642.1,27430.5,27570.4,712.46549389
1696420800,27570.4,27631.6,27326.6,27402.9,1014.30737861
1696435200,27402.9,27841.0,27397.8,27618.2,1212.9744321
1696449600,27618.2,27831.0,27564.5,27782.0,644.79992434
1696464000,27782.1,27896.0,27651.1,27651.2,774.51928915
1696478400,27651.2,27700.0,27552.0,27604.6,495.84283786
1696492800,27604.7,27770.6,27594.5,27729.7,608.40854798
1696507200,27729.7,28127.0,27396.6,27549.7,4100.56644841
1696521600,27549.7,27615.1,27350.0,27471.9,1853.51956933
1696536000,27472.0,27508.5,27386.6,27410.0,351.80398229
1696550400,27410.0,27595.4,27396.7,27561.6,631.75461012
1696564800,27561.7,27652.0,27464.4,27644.0,822.4549953
1696579200,27644.0,27799.5,27592.0,27755.6,1290.2002859
1696593600,27759.5,28049.6,27173.6,27946.0,4582.35778686
1696608000,27946.1,28044.8,27791.6,27951.3,1719.22943649
1696622400,27951.3,28316.0,27881.1,27932.0,1500.98821896
1696636800,27932.1,27964.1,27846.3,27903.8,895.00080713
1696651200,27903.8,27941.5,27876.0,27887.6,326.06521473
1696665600,27887.6,28023.4,27881.0,27941.1,585.96811185
1696680000,27941.2,27986.7,27901.8,27942.0,632.24255029
1696694400,27942.1,27964.0,27848.2,27862.3,324.45277033
1696708800,27862.4,27960.8,27851.4,27956.0,221.34389622
1696723200,27956.1,28092.0,27945.4,28063.2,471.2185709
1696737600,28063.3,28075.8,27878.0,27907.9,795.11509945
1696752000,27908.0,27940.0,27774.8,27807.5,909.41697315
1696766400,27807.6,28006.8,27686.1,27898.1,986.96624967
1696780800,27898.2,27947.3,27810.8,27891.6,355.6544815
1696795200,27891.7,27980.7,27797.2,27920.0,525.34888831
1696809600,27920.0,27987.9,27796.0,27921.9,529.51149762
1696824000,27921.9,27945.5,27809.2,27816.2,929.47370567
1696838400,27816.3,27839.8,27406.0,27465.1,2858.31374694
1696852800,27465.1,27575.7,27375.2,27443.5,1364.25607777
1696867200,27443.6,27743.9,27260.0,27614.3,2056.26351472
1696881600,27614.3,27651.0,27553.4,27588.0,575.91563535
1696896000,27588.0,27699.8,27497.7,27632.3,945.8815445
1696910400,27632.3,27700.0,27578.8,27649.8,941.06481559
1696924800,27649.8,27733.6,27500.2,27505.9,1137.60888296
1696939200,27505.9,27628.0,27338.2,27409.8,2020.12972176
1696953600,27409.8,27512.0,27295.6,27397.9,1328.0855556
1696968000,27397.9,27469.8,27319.9,27388.7,720.71955276
1696982400,27388.7,27473.0,27000.0,27008.0,3013.55460172
1696996800,27007.9,27135.8,26954.1,27017.8,1730.22332402
1697011200,27017.8,27330.5,27011.4,27195.7,1340.99586315
1697025600,27195.7,27259.9,26707.5,26775.7,2242.53132968
1697040000,26775.6,26793.1,26530.0,26760.9,3288.90474035
1697054400,26760.9,26883.0,26680.7,26878.9,582.83470073
1697068800,26878.8,26945.0,26733.2,26845.9,735.50783304
1697083200,26846.0,26931.4,26783.3,26807.3,1479.12796723
1697097600,26807.3,26868.7,26658.8,26837.8,1304.94014047
1697112000,26837.9,26865.1,26620.2,26674.7,1132.16910501
1697126400,26674.7,26799.0,26551.6,26715.4,1329.22976077
1697140800,26715.4,26776.8,26707.3,26761.3,229.98315907
1697155200,26761.3,26880.0,26751.7,26781.6,522.61255072
1697169600,26781.7,26940.5,26776.8,26874.5,600.28187372
1697184000,26874.4,26903.8,26738.4,26820.4,709.66205463
1697198400,26820.4,26974.4,26682.2,26704.4,1046.01512595
1697212800,26704.4,26810.2,26680.8,26782.5,655.97067052
1697227200,26782.6,27132.0,26749.0,26864.9,2170.31790528
1697241600,26865.0,26989.6,26848.1,26931.6,460.15281976
1697256000,26931.7,26941.0,26844.0,26869.0,332.87303368
1697270400,26869.0,26900.0,26850.0,26874.1,359.00474697
1697284800,26874.2,26952.0,26852.0,26948.4,1023.17064203
1697299200,26948.4,26958.0,26849.2,26866.4,821.72494863
1697313600,26866.5,26886.4,26782.6,26852.5,501.62070358
1697328000,26852.6,26909.8,26816.9,26879.9,414.38858075
1697342400,26880.0,26890.8,26868.4,26885.6,205.93572221
1697356800,26885.0,26921.2,26845.0,26852.2,466.25418453
1697371200,26852.1,26966.7,26808.0,26899.5,565.5951741
1697385600,26899.5,27080.0,26886.0,27044.0,654.42513173
1697400000,27044.0,27288.0,27014.0,27153.0,1394.44614629
1697414400,27153.0,27284.8,27108.2,27233.4,1004.36214671
1697428800,27233.4,27982.0,27188.3,27849.2,6239.69507233
1697443200,27850.0,27905.3,27637.3,27750.0,1734.80288122
1697457600,27749.9,30535.8,27710.0,28066.0,23229.47940467
1697472000,28066.0,28808.0,28060.4,28467.3,3023.27028404
1697486400,28469.3,28642.9,28227.3,28503.6,1144.22954764
1697500800,28503.1,28546.5,28236.0,28271.6,1733.26966899
1697515200,28276.3,28471.0,28069.9,28426.6,1455.71857646
1697529600,28426.7,28613.9,28353.8,28426.2,1222.30188196
1697544000,28426.2,28575.0,28133.7,28461.5,2536.78390471
1697558400,28462.6,28613.9,28307.7,28516.7,1300.034549
1697572800,28516.7,28558.8,28375.8,28394.0,509.08779919
1697587200,28394.1,28518.9,28326.0,28517.3,721.01355137
1697601600,28517.3,28993.8,28438.3,28494.1,3463.80361164
1697616000,28494.1,28599.0,28212.0,28348.0,1175.31641437
1697630400,28346.1,28409.9,28134.1,28249.3,1563.41771817
1697644800,28249.4,28432.0,28229.2,28244.1,1081.5451778
1697659200,28244.2,28372.2,28184.7,28322.0,770.5549259
1697673600,28322.0,28422.0,28103.6,28258.3,1288.14929811
1697688000,28258.3,28347.1,28228.2,28329.3,507.22966919
1697702400,28329.3,28514.6,28282.1,28454.4,1299.88035828
1697716800,28454.5,28816.2,28421.0,28677.1,2801.57409275
1697731200,28679.1,28943.1,28455.1,28758.9,2072.59380023
1697745600,28754.2,28886.4,28598.0,28717.8,1199.33249027
1697760000,28717.9,29410.4,28575.0,29237.4,3581.95901934
1697774400,29237.5,29420.0,29128.0,29242.3,1978.61906801
1697788800,29242.2,30267.9,29230.4,29843.8,7183.93514179
1697803200,29843.9,29916.5,29388.8,29550.9,5708.33693949
1697817600,29550.9,29589.7,29316.0,29565.6,969.50821241
1697832000,29565.7,29791.9,29512.0,29667.8,599.65630246
1697846400,29667.8,29701.5,29465.4,29604.2,649.98000845
1697860800,29604.3,29728.0,29539.2,29697.2,606.4383841
1697875200,29696.7,29876.7,29632.3,29807.5,608.81772574
1697889600,29807.5,29983.8,29676.9,29933.8,1108.01522474
1697904000,29933.7,30390.8,29843.6,30143.4,2507.74478056
1697918400,30143.5,30162.0,29850.0,29912.8,713.85437823
1697932800,29912.7,30082.3,29843.3,29912.2,873.56102106
1697947200,29912.1,30300.0,29632.5,29816.1,2282.68140002
1697961600,29816.1,29994.6,29781.2,29914.5,615.75426936
1697976000,29914.6,29976.6,29786.1,29827.1,812.08759997
1697990400,29827.1,29951.9,29805.0,29846.1,699.64091433
1698004800,29846.1,30071.0,29720.1,29994.6,870.4868965
1698019200,29994.7,30815.4,29887.1,30736.3,5197.94014754
1698033600,30739.9,30988.0,30426.4,30516.0,3523.05309736
1698048000,30517.1,30776.0,30354.3,30660.3,1700.70866859
1698062400,30663.4,30974.2,30400.0,30885.0,2946.60354108
1698076800,30884.9,31433.9,30690.2,31357.8,6592.62796178
1698091200,31357.8,35919.2,31322.0,33074.4,16008.95771563
1698105600,33074.3,35272.9,32835.0,34058.4,10901.68108636
1698120000,34056.2,34555.0,33718.1,34000.0,5305.69572659
1698134400,34000.0,34888.0,33952.5,34556.4,5075.34564263
1698148800,34557.7,34853.9,33250.0,33674.8,6418.23382857
1698163200,33674.8,34420.0,33378.0,33798.5,3169.02924854
1698177600,33799.4,34305.9,33483.4,33923.6,2286.97754402
1698192000,33921.5,34381.8,33777.5,34000.0,1310.29264135
1698206400,33999.9,34200.0,33680.8,33861.8,1560.0238198
1698220800,33861.9,34463.6,33782.0,34199.9,1734.80436906
1698235200,34198.2,35049.6,34198.2,34843.1,3797.47512557
1698249600,34843.2,35148.7,34385.9,34733.3,2097.13306348
1698264000,34738.8,34845.4,34240.4,34493.9,1185.96159059
1698278400,34493.9,34828.0,34422.1,34795.6,882.26955999
1698292800,34795.6,34815.5,34408.9,34651.1,1328.00365033
1698307200,34651.2,34752.9,33961.8,34106.4,2201.87633689
1698321600,34106.5,34370.8,33857.4,34048.0,2207.37537147
1698336000,34046.0,34124.0,33748.4,34040.9,1180.60476659
1698350400,34042.1,34284.0,34016.0,34153.2,491.5181409
1698364800,34153.2,34178.3,33788.0,34120.1,1187.50442312
1698379200,34120.9,34245.8,33920.0,33941.3,1266.98225219
1698393600,33941.4,34181.2,33937.0,34047.3,848.5324345
1698408000,34045.0,34200.0,33824.5,34002.4,2441.1721857
1698422400,34003.0,34033.3,33358.1,33706.3,2489.29847377
1698436800,33701.9,33947.2,33679.3,33892.0,605.92858221
1698451200,33895.0,34166.9,33860.7,34064.0,961.60562871
1698465600,34064.1,34181.6,34023.0,34048.7,704.0013529
1698480000,34048.8,34523.6,34029.9,34177.6,1732.44210075
1698494400,34177.7,34240.0,33915.0,34195.3,1173.59642462
1698508800,34195.3,34230.8,34076.6,34111.8,359.23015003
1698523200,34111.9,34203.6,34060.5,34079.3,264.567706
1698537600,34079.3,34101.1,33951.3,33972.8,355.78493995
1698552000,33972.8,34139.0,33930.6,34080.9,364.39891035
1698566400,34080.9,34330.0,34076.0,34259.7,699.08542631
1698580800,34259.7,34559.7,34259.7,34448.3,1389.20961392
1698595200,34447.4,34752.2,34367.4,34561.3,1437.08914774
1698609600,34561.4,34728.4,34404.6,34522.8,736.25925986
1698624000,34522.8,34570.5,34156.6,34269.6,1379.11817787
1698638400,34269.6,34350.6,34104.4,34191.6,1375.66267855
1698652800,34193.5,34682.1,34160.4,34611.0,2378.63784754
1698667200,34613.2,34868.0,34472.6,34656.5,2868.59555939
1698681600,34656.5,34658.1,34016.5,34440.8,2437.57524324
1698696000,34440.4,34576.6,34319.2,34482.6,781.43750493
1698710400,34480.4,34607.2,34200.0,34208.3,1310.34522099
1698724800,34210.0,34347.0,34076.7,34146.1,1308.78175142
1698739200,34146.1,34542.1,34025.5,34491.4,1491.38555782
1698753600,34489.4,34518.8,34124.7,34272.5,2086.84864902
1698768000,34272.5,34600.0,34223.4,34538.0,1603.61763007
1698782400,34536.8,34739.0,34428.5,34638.6,1667.14862303
1698796800,34638.7,34670.3,34400.0,34420.9,765.77013092
1698811200,34420.9,34500.0,34317.2,34446.1,754.1068377
1698825600,34451.6,34500.0,34341.5,34430.1,707.28312067
1698840000,34430.1,35200.0,34054.9,34291.8,6810.47980912
1698854400,34291.3,34742.2,34277.9,34562.0,2121.36945428
1698868800,34558.6,35699.5,34535.6,35423.2,4677.96505926
1698883200,35423.8,35989.0,35364.6,35572.6,3590.11044309
1698897600,35568.8,35601.8,35062.6,35278.3,2614.42148088
1698912000,35277.1,35482.6,35092.0,35373.4,1437.89019852
1698926400,35373.4,35462.9,34533.8,34637.9,4924.77724062
1698940800,34637.9,35023.4,34289.6,34998.2,2522.28294586
1698955200,34999.4,35097.2,34700.5,34943.9,1307.24577968
1698969600,34943.8,34943.9,34368.0,34686.0,1826.39531945
1698984000,34682.1,34699.6,34302.9,34464.0,2063.36176367
1698998400,34464.0,34615.2,34120.0,34252.0,2320.31604806
1699012800,34252.1,34850.6,34151.0,34762.9,2620.31274436
1699027200,34763.0,34824.2,34325.0,34530.3,1997.42294631
1699041600,34531.2,34746.4,34486.2,34714.9,938.86984229
1699056000,34714.9,34780.9,34635.7,34707.3,897.49403402
1699070400,34707.4,35063.3,34584.1,34767.1,1667.19306272
1699084800,34768.3,34882.8,34680.6,34712.3,672.54123404
1699099200,34712.3,34816.5,34644.9,34709.8,569.81225408
1699113600,34709.9,34797.7,34690.0,34730.4,384.06523209
1699128000,34730.5,35262.2,34712.1,35065.0,1616.98129397
1699142400,35064.9,35313.8,34935.7,35281.8,1383.96254095
1699156800,35285.6,35316.2,35044.0,35165.5,1021.02191488
1699171200,35165.6,35188.5,35007.8,35092.1,677.83701276
1699185600,35092.0,35168.1,34756.0,34884.9,1404.8766005
1699200000,34885.0,35290.5,34866.8,34987.8,1273.50709516
1699214400,34987.9,35420.0,34407.1,35011.7,2779.53205081
1699228800,35011.9,35118.0,34831.9,34980.1,1064.19360813
1699243200,34980.2,35028.8,34731.3,34905.0,1057.6234457
1699257600,34905.1,35277.4,34825.1,35235.8,1261.31776229
1699272000,35235.9,35254.0,34903.0,35079.3,2069.6385824
1699286400,35081.4,35110.4,34802.6,35058.5,1410.91336592
1699300800,35058.6,35149.4,34897.6,35047.2,812.77791129
1699315200,35047.3,35056.4,34795.7,34919.7,883.8884247
1699329600,34919.8,34975.7,34825.0,34940.3,854.6160781
1699344000,34940.6,34980.8,34555.9,34620.5,2001.93845912
1699358400,34626.0,34844.7,34521.2,34723.5,1414.07649546
1699372800,34723.6,35586.0,34563.4,35455.7,4107.30148389
1699387200,35455.9,35899.0,35202.3,35399.8,2657.22580167
1699401600,35399.7,35422.4,35199.9,35269.8,1011.25975198
1699416000,35269.6,35360.0,35152.6,35227.4,887.94321881
1699430400,35227.3,35436.0,35182.0,35327.1,922.8985195
1699444800,35327.1,35466.0,35083.6,35221.2,1494.87966501
1699459200,35220.9,35777.0,35179.7,35620.5,1954.68042365
1699473600,35620.6,36123.0,35385.0,35625.3,5308.61844485
1699488000,35624.2,36665.7,35538.8,36440.0,5855.50551055
1699502400,36439.2,36860.8,36411.5,36531.0,2867.8135918
1699516800,36531.1,36998.0,36531.0,36808.0,2306.55910991
1699531200,36809.1,38028.1,36762.7,37087.1,10973.86619707
1699545600,37087.0,37212.6,35532.2,36379.9,10208.88466381
1699560000,36379.8,36780.4,36129.3,36701.3,2666.08759447
1699574400,36702.2,36916.9,36444.2,36735.4,1611.47286379
1699588800,36735.4,36811.5,36431.6,36440.4,1477.76059078
1699603200,36440.4,37138.5,36322.3,37079.8,1909.10301313
1699617600,37078.1,37255.0,36810.8,37084.1,2933.39985739
1699632000,37085.2,37461.4,37084.4,37236.9,1856.99893441
1699646400,37237.0,37542.4,37070.1,37303.3,1172.12251262
1699660800,37305.9,37399.8,36900.0,37041.1,1412.60677428
1699675200,37041.8,37130.3,36922.0,37010.8,809.70098415
1699689600,37010.9,37061.5,36906.0,36988.3,658.34403079
1699704000,36988.2,37270.3,36953.7,37049.9,919.675096
1699718400,37050.0,37178.0,37029.7,37156.1,450.87864707
1699732800,37156.1,37167.1,36630.0,37131.4,1335.54483293
1699747200,37131.5,37184.0,36732.0,36990.0,777.31607679
1699761600,36989.9,37178.8,36911.5,37125.9,847.16077536
1699776000,37125.9,37135.0,37030.3,37060.9,646.40034307
1699790400,37060.8,37222.6,36929.8,37154.5,941.52299347
1699804800,37154.4,37216.8,37050.2,37101.7,486.83199229
1699819200,37101.9,37209.9,36936.3,37063.3,555.23108686
1699833600,37063.2,37420.0,36852.0,36914.5,1663.44249711
1699848000,36914.4,37051.0,36760.0,36959.8,1169.8529123
1699862400,36959.7,37040.8,36685.0,36813.0,950.34652135
1699876800,36813.1,36945.9,36532.0,36838.2,2291.65450058
1699891200,36836.6,37032.4,36603.7,36848.2,1049.67764221
1699905600,36848.4,36876.0,36330.1,36469.9,1941.66889405
1699920000,36469.9,36486.0,36191.3,36446.0,1696.27426642
1699934400,36446.0,36720.7,36383.0,36686.6,911.88304269
1699948800,36686.5,36745.8,36239.9,36263.8,1928.35927141
1699963200,36263.9,36688.0,35742.0,36143.9,5469.27055678
1699977600,36146.0,36414.2,34471.6,35292.7,7138.79832387
1699992000,35292.7,35672.0,35210.0,35544.4,2435.10143231
1700006400,35544.3,35661.4,35357.0,35386.0,2131.8401275
1700020800,35388.0,35665.9,35376.9,35578.1,1112.06956525
1700035200,35578.1,36282.2,35578.1,36243.0,2913.52101568
1700049600,36244.9,36422.4,36003.4,36411.9,2223.01283377
1700064000,36411.7,37800.0,36256.1,37499.9,7714.65188316
1700078400,37499.9,37967.9,37305.8,37856.9,3314.96219488
1700092800,37856.9,37931.4,37338.0,37454.8,1920.45427282
1700107200,37453.7,37613.6,37321.5,37437.6,1596.90976665
1700121600,37435.9,37541.7,37120.0,37247.8,1836.9436078
1700136000,37247.7,37319.9,36214.7,36401.9,4429.81905076
1700150400,36400.1,36638.0,35500.0,35921.2,3991.46659821
1700164800,35921.2,36270.7,35660.6,36162.7,1789.20493912
1700179200,36162.7,36671.0,36092.9,36488.8,2062.99093699
1700193600,36488.8,36525.6,36127.5,36238.8,2197.13697136
1700208000,36242.0,36464.0,36120.8,36369.2,1558.38141348
1700222400,36369.2,36614.6,35843.3,36042.8,3454.78614902
1700236800,36043.2,36896.6,35909.1,36325.1,4593.66202402
1700251200,36325.1,36734.0,36306.9,36610.0,1473.89902036
1700265600,36610.4,36613.7,36362.2,36377.8,674.90692406
1700280000,36377.8,36430.0,36172.9,36418.4,1511.77646819
1700294400,36418.5,36537.7,36377.5,36401.7,686.45598258
1700308800,36401.7,36685.0,36352.1,36665.7,1807.80769753
1700323200,36665.8,36850.0,36592.9,36679.8,902.03316817
1700337600,36679.7,36708.7,36443.1,36575.9,528.12438668
1700352000,36576.0,36580.0,36394.9,36524.1,574.69750988
1700366400,36524.0,36675.9,36489.9,36616.6,745.53764292
1700380800,36616.8,36707.3,36382.2,36458.6,623.03763685
1700395200,36458.6,36575.9,36387.4,36571.1,558.79451024
1700409600,36574.2,36988.0,36510.8,36951.8,1502.86109049
1700424000,36952.0,37500.0,36808.0,37365.3,2589.44277931
1700438400,37365.3,37386.1,37044.3,37116.4,1284.52306831
1700452800,37116.5,37262.9,37041.2,37246.0,1036.05910688
1700467200,37246.2,37420.4,37060.1,37149.8,1557.32175067
1700481600,37149.9,37500.0,36598.7,37462.7,3321.28324892
1700496000,37458.2,37758.0,36727.0,37568.4,4939.0339622
1700510400,37568.5,37606.7,37272.1,37449.4,1439.83614588
1700524800,37449.5,37653.9,37309.0,37468.6,1373.60426345
1700539200,37468.7,37482.0,37240.6,37280.1,1063.86669454
1700553600,37280.1,37417.2,37144.2,37170.0,982.24834758
1700568000,37170.0,37227.2,36230.3,36974.9,7749.41879587
1700582400,36974.8,37516.3,36574.6,36981.6,4387.14091933
1700596800,36981.8,37168.7,35727.7,35739.0,4633.49201277
1700611200,35738.9,36388.0,35621.1,36382.1,2896.59805501
1700625600,36382.2,36561.5,36300.0,36444.7,1338.75150004
1700640000,36444.7,36781.0,36391.4,36468.8,1761.73988342
1700654400,36468.7,36652.1,36241.9,36480.1,2645.15765893
1700668800,36480.1,37440.0,36371.6,37298.7,5188.62099906
1700683200,37296.0,37868.0,37216.9,37409.8,3689.94241217
1700697600,37409.8,37539.5,37249.9,37303.3,1282.41057642
1700712000,37303.3,37417.9,37263.2,37371.4,823.17481775
1700726400,37371.5,37642.6,37140.0,37369.9,1884.25027433
1700740800,37368.5,37530.7,36867.5,36949.4,2179.90718295
1700755200,36949.5,37353.6,36913.6,37280.0,1285.91599931
1700769600,37280.1,37390.9,37207.5,37297.0,469.77109068
1700784000,37297.0,37482.2,37252.1,37316.1,808.70797865
1700798400,37316.0,37568.0,37299.9,37524.0,1056.87828908
1700812800,37523.9,38148.4,37421.6,37742.0,3962.44227255
1700827200,37742.0,38424.6,37600.0,38216.7,5220.69550593
1700841600,38216.7,38350.0,37547.6,37760.0,3449.31756062
1700856000,37760.1,37950.1,37579.3,37718.1,1664.10004014
1700870400,37718.1,37843.6,37673.3,37796.6,791.78628478
1700884800,37796.6,37830.3,37716.5,37801.4,578.38151601
1700899200,37801.4,37829.6,37591.0,37652.0,676.17703815
1700913600,37652.0,37734.5,37618.5,37702.1,377.99598003
1700928000,37702.1,37836.3,37702.0,37818.3,324.00125268
1700942400,37818.3,37888.0,37717.8,37780.8,344.74274651
1700956800,37780.9,37788.0,37669.2,37734.5,251.10342097
1700971200,37734.6,37800.0,37696.2,37788.3,338.5077343
1700985600,37788.3,37822.1,37649.9,37679.3,630.22639335
1701000000,37679.4,37679.4,37269.0,37439.7,2454.47976416
1701014400,37439.7,37506.8,37110.8,37378.0,1765.82990003
1701028800,37378.1,37750.0,37312.5,37444.1,1571.98850347
1701043200,37445.8,37562.4,37192.2,37300.0,1707.7036685
1701057600,37300.0,37416.8,37009.7,37281.6,1708.5516157
1701072000,37281.7,37457.1,36868.0,37031.2,2642.61797981
1701086400,37031.2,37098.0,36729.5,36748.9,3807.78535368
1701100800,36749.0,37141.7,36710.0,36879.0,2429.25261133
1701115200,36878.9,37284.1,36794.6,37244.3,1023.1057565
1701129600,37244.4,37355.1,37100.2,37129.1,1653.78129428
1701144000,37129.1,37152.0,36874.0,37108.3,1415.92367885
1701158400,37108.2,37259.1,36929.5,37248.1,1046.55316625
1701172800,37248.2,37579.3,37143.8,37517.5,1948.6037303
1701187200,37517.6,38391.6,37517.6,38121.0,5075.32992253
1701201600,38116.6,38285.9,37670.0,37815.9,1870.04137205
1701216000,37816.0,38095.9,37675.3,37943.9,1335.95394718
1701230400,37943.9,38237.9,37868.7,38101.3,1414.51319045
1701244800,38101.3,38487.0,37901.0,38101.3,2426.99401395
1701259200,38101.3,38287.5,37562.7,37826.9,3123.98058847
1701273600,37826.9,37939.8,37636.2,37875.0,1414.59089872
1701288000,37875.0,37888.0,37582.0,37853.3,1064.24633452
1701302400,37853.3,38054.2,37688.2,38052.6,736.92429311
1701316800,38052.4,38144.0,37763.1,37792.5,981.29921188
1701331200,37792.5,37904.0,37583.0,37879.2,1550.03462214
1701345600,37879.2,37969.0,37419.5,37616.6,2584.2730517
1701360000,37617.7,37810.0,37526.4,37756.0,712.75770475
1701374400,37756.1,37809.9,37606.0,37727.2,371.64047969
1701388800,37729.1,38080.0,37612.0,38046.0,1624.57170774
1701403200,38046.1,38360.1,38025.7,38244.2,2838.32786998
1701417600,38242.3,38842.1,38218.7,38578.8,3775.53976433
1701432000,38578.8,38629.9,38208.2,38413.5,2393.35166437
1701446400,38413.5,38989.7,38392.1,38761.5,3612.61438251
1701460800,38761.5,38901.2,38631.8,38683.5,938.39898473
1701475200,38683.5,38794.0,38633.2,38781.4,856.32353171
1701489600,38781.3,38826.0,38699.5,38699.5,672.35768866
1701504000,38699.4,38793.2,38647.7,38738.1,428.07664337
1701518400,38738.0,38868.0,38710.0,38808.0,809.98910406
1701532800,38805.9,39828.5,38706.3,39420.8,5151.92313513
1701547200,39418.1,39715.3,39280.4,39450.1,1802.03255475
1701561600,39448.0,39555.4,39275.8,39378.3,939.96592291
1701576000,39382.0,39487.5,39319.5,39476.5,559.87187681
1701590400,39479.0,39546.9,39400.0,39477.4,508.32917072
1701604800,39477.4,39808.0,39375.9,39765.5,1796.09615994
1701619200,39764.1,39838.5,39428.8,39563.4,1159.42060833
1701633600,39563.4,40273.0,39551.5,39972.2,2679.07382714
1701648000,39972.1,40876.1,39970.0,40705.8,3914.04431828
1701662400,40705.8,41744.0,40690.0,41440.7,4696.10185378
1701676800,41440.7,42155.0,41350.0,41594.1,7125.3627857
1701691200,41594.1,41903.8,41119.4,41270.1,6169.80411607
1701705600,41270.1,42090.9,41174.3,41989.5,2496.36159923
1701720000,41989.6,42449.9,41716.8,41987.2,3136.04051348
1701734400,41988.8,41988.8,41619.8,41829.9,2322.42662797
1701748800,41829.8,41920.1,41414.0,41524.5,2568.74173354
1701763200,41524.4,41756.0,41422.3,41727.5,1407.33635835
1701777600,41727.4,42500.0,41691.9,42264.9,3160.76851776
1701792000,42262.7,44151.5,42122.1,43814.9,11838.30234978
1701806400,43815.0,44496.2,43421.2,44070.0,3563.87082731
1701820800,44070.0,44144.0,43570.0,43737.0,2806.22806504
1701835200,43737.0,43855.4,43446.1,43685.1,2512.89799524
1701849600,43685.0,44293.8,43362.4,43839.3,4204.32388162
1701864000,43838.3,44278.1,43728.0,43778.2,4139.51857705
1701878400,43779.8,44145.7,43730.4,43992.1,2379.14095897
1701892800,43990.1,44071.7,43600.0,43760.1,1558.51421461
1701907200,43765.9,44000.0,43706.0,43930.0,840.84041964
1701921600,43929.9,44050.0,43836.1,43891.9,1059.68846449
1701936000,43891.9,43904.3,42836.0,43191.8,4696.21064141
1701950400,43191.9,43927.6,42955.0,43656.8,2888.34854127
1701964800,43666.0,43755.0,43068.1,43202.9,2446.2146658
1701979200,43202.9,43451.5,43090.8,43273.2,1490.6321127
1701993600,43270.0,43522.5,43260.2,43367.6,986.10864304
1702008000,43365.1,43550.0,43102.0,43160.6,1660.14775471
1702022400,43160.1,43746.3,43083.7,43656.5,2276.75681857
1702036800,43656.4,44035.7,43486.9,43757.2,2675.29874803
1702051200,43758.7,43989.9,43638.1,43955.6,1858.96504762
1702065600,43955.6,44726.8,43955.6,44179.8,2274.67876261
1702080000,44179.8,44288.3,44042.1,44142.2,919.7639872
1702094400,44149.9,44360.7,44100.6,44175.2,766.80509794
1702108800,44175.1,44193.6,43730.7,43812.9,1573.36098864
1702123200,43812.0,44136.6,43740.0,44047.4,2396.16277606
1702137600,44047.3,44089.9,43888.0,43922.8,724.59570295
1702152000,43922.8,44094.1,43600.0,43720.1,3112.39566116
1702166400,43722.1,43872.0,43674.1,43846.0,859.53320375
1702180800,43846.0,44028.3,43824.7,43966.0,703.08473074
1702195200,43966.1,44039.7,43610.0,43737.9,1000.56469907
1702209600,43736.6,43974.0,43726.1,43911.7,963.36734162
1702224000,43911.8,43939.3,43740.0,43794.1,435.95666625
1702238400,43794.1,44050.0,43600.0,43792.2,1430.47758655
1702252800,43792.6,43814.7,40200.0,42305.9,12036.24374921
1702267200,42305.8,42321.9,41617.3,42128.4,3820.38344359
1702281600,42128.7,42487.0,41978.4,42343.1,2067.33319746
1702296000,42343.1,42392.0,41660.0,41801.0,3761.38835041
1702310400,41801.1,41861.5,40228.7,40784.5,7585.49513795
1702324800,40783.1,41350.0,40555.5,41250.9,2849.06512828
1702339200,41248.3,41935.6,41180.0,41737.6,2396.97960025
1702353600,41737.7,42061.4,41369.6,41916.1,2388.04193368
1702368000,41916.1,42100.0,41554.1,41584.1,1974.04865449
1702382400,41584.1,42067.6,41153.7,41353.9,3328.53964978
1702396800,41354.0,41453.8,40682.0,41140.8,2938.36746087
1702411200,41140.8,41553.2,41042.9,41490.4,1171.54072264
1702425600,41490.4,41501.7,40516.8,40836.7,2818.31186613
1702440000,40836.6,41245.2,40630.8,41117.6,2076.54616952
1702454400,41120.7,41283.9,40958.2,41009.7,1042.84581832
1702468800,41009.7,41961.8,40986.1,41935.5,2211.02367057
1702483200,41935.5,42898.1,41713.2,42733.9,3632.98799079
1702497600,42734.0,43500.0,42573.3,42869.6,3390.50144606
1702512000,42869.5,42940.0,42669.2,42717.6,1774.27084101
1702526400,42717.5,43110.3,42684.0,42900.1,1510.48903729
1702540800,42900.0,43300.0,42687.2,43265.4,2054.83033822
1702555200,43265.5,43359.6,41202.0,42445.6,7372.417519
1702569600,42445.6,43436.7,42444.0,43100.0,4325.76566888
1702584000,43100.1,43184.1,42854.7,43025.5,1415.29030991
1702598400,43025.6,43086.1,42447.1,42792.5,2009.48055254
1702612800,42792.6,42870.4,42505.9,42708.0,1488.61737212
1702627200,42707.9,43029.9,42634.3,42780.1,1358.83722181
1702641600,42780.1,42789.1,41652.5,41901.0,3296.19101856
1702656000,41901.4,42191.9,41695.4,42096.5,2086.40027232
1702670400,42096.6,42271.3,41880.6,41939.1,1609.82730964
1702684800,41943.1,42403.6,41613.2,42333.1,1625.4172917
1702699200,42333.1,42353.7,42129.1,42224.3,906.53239495
1702713600,42224.2,42336.1,42098.6,42325.2,679.05993578
1702728000,42325.2,42608.6,42246.0,42602.8,1687.1672701
1702742400,42605.4,42717.4,42330.1,42351.6,1206.22235607
1702756800,42351.7,42411.5,42111.0,42273.0,914.09231769
1702771200,42272.9,42301.7,41856.1,41930.2,1132.26057142
1702785600,41930.1,42062.0,41774.0,41886.7,1179.19445137
1702800000,41886.7,42020.6,41662.0,41958.3,1039.75184275
1702814400,41958.3,42012.0,41520.0,41809.8,1442.68798018
1702828800,41809.9,42430.0,41689.9,42107.3,2194.16067947
1702843200,42107.4,42200.1,41252.6,41376.1,1722.62928076
1702857600,41374.4,41461.9,40801.0,41087.5,2963.33527334
1702872000,41087.5,41312.2,41000.0,41127.9,2013.16290891
1702886400,41127.9,41254.5,40544.4,41107.0,3850.43998438
1702900800,41107.0,41749.7,40889.5,41266.8,3217.2256244
1702915200,41268.9,41735.7,41149.3,41700.8,1506.43859786
1702929600,41700.1,42772.0,41576.8,42653.9,3457.05947126
1702944000,42652.1,43487.5,42575.7,43074.7,3791.73638944
1702958400,43076.6,43129.9,42802.1,43042.6,1743.01564795
1702972800,43042.6,43266.0,42945.4,42977.5,1435.78752636
1702987200,42979.3,43048.5,42235.1,42483.0,3217.86654404
1703001600,42483.0,42653.3,41811.3,42343.3,2998.99931927
1703016000,42349.7,42530.7,42125.1,42279.0,1379.52796349
1703030400,42279.1,42497.2,42200.2,42425.4,1011.30149455
1703044800,42425.4,43022.0,42376.0,42920.1,2400.02709731
1703059200,42920.0,42999.8,42681.8,42867.7,1516.36061144
1703073600,42864.0,44300.0,42760.1,44037.4,6505.15003581
1703088000,44037.4,44256.8,43469.7,43739.5,3514.94066976
1703102400,43739.5,43809.3,43228.7,43670.1,2310.54983478
1703116800,43670.2,43733.3,43293.0,43649.8,1745.71605188
1703131200,43649.9,43883.0,43457.0,43760.9,1225.40180082
1703145600,43763.6,44104.1,43575.3,43930.0,2109.99283055
1703160000,43929.9,44248.2,43377.5,43823.6,3447.40019284
1703174400,43824.3,43924.1,43347.6,43596.1,2728.15196794
1703188800,43596.1,44119.7,43559.5,43859.8,1201.0180647
1703203200,43859.9,44258.8,43725.4,44006.8,1571.08254119
1703217600,44006.8,44406.3,43529.9,43580.0,2617.82685562
1703232000,43580.0,43836.6,43462.7,43752.6,1822.75011024
1703246400,43752.6,43816.0,43415.0,43671.3,1441.0058685
1703260800,43671.3,43996.0,43478.2,43646.0,1714.20085245
1703275200,43646.1,44045.4,43623.7,43970.7,654.12524212
1703289600,43970.7,43990.0,43450.4,43520.2,1230.19319296
1703304000,43520.1,43649.0,43288.0,43556.8,889.78722625
1703318400,43556.7,43668.7,43489.8,43550.3,830.33635068
1703332800,43550.4,43858.9,43546.0,43755.8,805.50092843
1703347200,43757.5,43852.5,43692.9,43700.4,474.09255693
1703361600,43700.5,43834.1,43636.5,43703.9,508.34810833
1703376000,43703.8,43910.7,43605.2,43832.8,656.99160836
1703390400,43833.0,43944.3,43414.0,43650.1,1032.19456103
1703404800,43650.0,43698.1,43400.7,43636.0,672.70407921
1703419200,43636.0,43874.0,43564.0,43680.2,731.05538926
1703433600,43680.2,43717.9,43547.5,43619.4,360.09214857
1703448000,43619.4,43624.0,42521.9,42986.1,3303.95043959
1703462400,42986.1,43155.2,42725.7,43150.6,1182.83609509
1703476800,43150.6,43338.0,43096.5,43214.3,1346.0427136
1703491200,43214.3,43298.5,43051.2,43172.0,997.89068862
1703505600,43172.0,43807.9,43092.1,43616.8,1917.74281818
1703520000,43616.8,43706.6,43345.1,43469.8,1033.92739868
1703534400,43469.8,43718.5,43325.6,43569.2,839.13349303
1703548800,43569.2,43590.7,43364.6,43445.2,973.14353274
1703563200,43445.2,43472.0,42546.0,42766.7,3893.41898046
1703577600,42766.7,42797.4,42111.0,42682.1,2684.45293815
1703592000,42682.1,42822.5,42257.2,42392.8,1457.51770401
1703606400,42392.8,42434.6,41610.0,42104.6,4077.16059842
1703620800,42104.6,42590.6,42051.8,42513.2,1242.67462549
1703635200,42513.2,42549.7,42111.1,42229.4,1283.41910891
1703649600,42229.8,42545.4,42199.7,42461.7,1248.16115273
1703664000,42461.6,43227.7,42403.0,43021.8,2689.61431103
1703678400,43021.9,43149.5,42706.6,42977.9,2720.6620055
1703692800,42979.6,43227.0,42866.6,43154.1,1186.8558771
1703707200,43154.1,43691.5,43117.0,43431.9,1661.86177135
1703721600,43431.9,43788.6,43306.1,43409.0,1700.50576107
1703736000,43409.0,43620.9,42804.0,43047.8,1713.27472783
1703750400,43047.8,43194.5,42869.9,43065.3,1176.42740323
1703764800,43065.3,43131.7,42398.0,42444.9,3389.55232772
1703779200,42445.2,42754.7,42267.5,42605.0,1978.37902587
1703793600,42605.0,42741.7,42337.5,42562.6,2037.74722474
1703808000,42562.6,42812.7,42105.3,42696.4,2649.64911066
1703822400,42696.4,42773.8,42212.7,42260.5,1985.80221244
1703836800,42260.5,42931.7,42250.8,42862.7,2155.36257976
1703851200,42862.6,43113.6,42125.0,42266.2,2991.38136912
1703865600,42266.1,42355.9,41619.0,42114.3,4188.81458079
1703880000,42114.4,42250.0,41267.1,42064.1,2677.47867961
1703894400,42064.0,42208.0,41820.4,41975.7,1163.59679353
1703908800,41975.7,42156.3,41926.7,41950.0,1107.71906946
1703923200,41950.1,41989.8,41521.6,41893.2,1726.09428878
1703937600,41893.2,42449.6,41879.3,42374.8,1933.34547738
1703952000,42374.7,42611.5,42248.4,42362.3,2184.20915672
1703966400,42362.3,42406.5,42086.0,42147.5,950.19482108
1703980800,42147.5,42432.2,41971.6,42174.0,1279.38907523
1703995200,42174.1,42678.9,42153.0,42539.5,1302.77019631
1704009600,42539.7,42888.0,42369.5,42522.0,2341.12243703
1704024000,42522.0,42658.5,42346.0,42457.5,1337.70932786
1704038400,42457.6,42720.0,42430.1,42612.1,726.90376847
1704052800,42615.8,42680.8,42066.0,42283.0,1232.51791673
1704067200,42284.0,42777.7,42209.0,42335.7,1149.59486537
1704081600,42335.7,42504.7,42182.0,42495.2,1032.98985081
1704096000,42495.3,42760.2,42454.1,42689.5,946.73242616
1704110400,42689.5,42848.0,42574.3,42782.8,1125.77586452
1704124800,42783.9,43551.3,42662.9,43525.0,2152.97645462
1704139200,43524.9,44200.0,43365.5,44186.8,2800.67177887
1704153600,44186.9,45500.0,44153.3,45405.8,7124.48396378
1704168000,45407.8,45700.0,45117.0,45454.5,2650.97254429
1704182400,45457.9,45884.6,45190.2,45433.0,2630.12812692
1704196800,45433.0,45800.0,44828.0,45183.9,5098.70833598
1704211200,45184.0,45389.2,44765.1,45032.7,3045.83542669
1704225600,45035.8,45284.9,44601.1,44955.9,2175.50347801
1704240000,44955.9,45415.2,44861.8,45262.3,1293.41011882
1704254400,45262.4,45379.0,44940.0,45010.1,1521.1683708
1704268800,45010.0,45515.8,43410.6,43698.7,5731.07751773
1704283200,43698.0,43709.9,40157.3,42985.9,23187.9633085
1704297600,42990.0,43567.6,41759.0,42592.0,7802.5900778
1704312000,42590.1,42963.0,42520.7,42839.6,2882.46667902
1704326400,42839.5,43231.5,42614.7,43102.4,2080.35690405
1704340800,43111.1,43275.1,42759.1,42759.1,2621.31626538
1704355200,42760.4,43238.0,42653.5,43178.1,2319.11808364
1704369600,43179.9,44349.7,43095.3,44057.7,4690.29466537
1704384000,44057.8,44438.4,43788.0,43958.1,3550.15886322
1704398400,43958.1,44888.0,43900.4,44153.9,5387.37104506
1704412800,44151.3,44281.8,42250.1,43464.4,6448.82699977
1704427200,43464.4,43927.2,43190.3,43772.4,2686.45103535
1704441600,43772.4,44324.7,43466.4,43769.9,2724.27049977
1704456000,43770.0,44119.5,43111.1,43500.2,4422.82240286
1704470400,43500.1,43817.5,43082.6,43600.9,3253.54654468
1704484800,43597.6,44393.0,43582.9,44145.4,3461.04012556
1704499200,44146.4,44208.2,43818.4,43930.5,960.91373492
1704513600,43930.5,43972.3,43392.2,43648.8,1946.41582112
1704528000,43648.7,43767.1,43545.4,43670.0,850.87162618
1704542400,43670.1,43922.1,43531.9,43865.1,745.84235351
1704556800,43867.5,44149.0,43827.0,43906.0,840.23291962
1704571200,43906.1,43980.7,43637.6,43970.3,1167.44790183
1704585600,43968.2,44262.9,43839.2,43942.9,1481.86855397
1704600000,43943.0,44097.9,43844.7,44087.0,1091.95935778
1704614400,44087.0,44172.0,43880.2,44067.8,1492.29093415
1704628800,44067.7,44481.2,43940.0,44048.1,2319.0481157
1704643200,44048.1,44261.5,43666.0,44246.9,1251.14713575
1704657600,44246.9,44267.8,43580.2,43929.9,1910.94840884
1704672000,43930.0,43985.9,43180.1,43518.7,3415.45384974
1704686400,43518.7,44377.6,43410.0,43974.4,4068.21523308
1704700800,43974.3,44721.3,43638.7,44634.0,2668.77557843
1704715200,44630.3,45400.0,44333.9,44968.0,7722.03009041
1704729600,44967.9,47300.0,44793.4,46985.2,8857.1905002
1704744000,46997.9,47211.0,46658.1,46952.0,3485.48221724
1704758400,46952.0,47144.0,46239.7,46925.8,3846.42499396
1704772800,46925.8,46940.0,46600.0,46826.2,1934.38733053
1704787200,46826.2,46885.1,46378.7,46614.1,1694.92461897
1704801600,46615.9,47050.0,45439.7,46865.5,7317.57365083
1704816000,46865.5,46973.8,46500.0,46875.7,2605.30571629
1704830400,46877.9,48023.7,44641.0,46109.3,16060.98924566
1704844800,46109.4,46235.5,45617.5,46119.9,3661.12310455
1704859200,46119.9,46180.9,45726.2,45760.1,1570.2798267
1704873600,45760.0,45861.9,44900.0,45510.7,3482.11076366
1704888000,45510.7,45660.1,44289.5,45547.0,9848.49647766
1704902400,45548.3,46741.0,45178.3,46490.8,6806.59761318
1704916800,46490.8,47695.0,44777.6,46645.9,19481.45547195
1704931200,46645.9,46750.0,46200.0,46495.5,3558.98609943
1704945600,46491.5,46497.9,45608.1,46096.4,3518.41382812
1704960000,46096.4,47163.0,46043.9,47062.2,3157.85576909
1704974400,47062.2,48988.0,46475.1,46775.8,13535.78409402
1704988800,46775.8,47000.0,45569.7,46698.4,6720.92266964
1705003200,46698.4,46975.0,46084.1,46338.9,4190.62334648
1705017600,46338.9,46519.9,45900.0,45990.4,2622.55315728
1705032000,45990.1,46370.4,45700.5,46000.0,3274.55549873
1705046400,46000.0,46263.3,45522.3,45952.0,2422.41575555
1705060800,45955.8,46109.0,44337.9,44467.3,6361.09845939
1705075200,44466.9,44666.0,43206.4,43473.2,9595.56571371
1705089600,43475.9,43990.4,41360.9,42784.0,8745.97207063
1705104000,42784.1,42996.2,42437.7,42611.0,2708.40503834
1705118400,42611.0,43250.0,42556.1,43107.3,2747.40762627
1705132800,43105.9,43250.0,42509.7,42624.1,2146.06807799
1705147200,42624.0,43248.2,42509.6,43154.0,2158.42477147
1705161600,43156.1,43186.9,42720.5,42782.0,1677.92044366
1705176000,42782.1,43045.3,42700.0,42848.8,566.87714447
1705190400,42848.7,42891.9,42650.5,42684.3,910.94717897
1705204800,42684.3,43061.5,42543.9,43015.8,1466.3172986
1705219200,43015.9,43079.3,42762.4,42827.9,722.31748449
1705233600,42829.8,43009.3,42711.8,42906.2,880.96257801
1705248000,42906.2,43015.9,42635.4,42658.0,1252.46337524
1705262400,42658.0,42745.5,41721.0,41731.1,4307.98623903
1705276800,41733.2,42639.9,41715.2,42570.1,2689.81411202
1705291200,42570.1,42823.6,42498.5,42722.1,2158.92490552
1705305600,42720.6,42777.1,42532.5,42703.0,1368.13490895
1705320000,42703.0,42953.7,42164.0,42278.3,3304.44335009
1705334400,42278.3,43388.0,42251.0,42989.9,2593.69340549
1705348800,42990.0,43114.8,42345.0,42525.6,1303.9719391
1705363200,42514.5,42945.3,42470.3,42927.7,1203.10442258
1705377600,42927.7,42972.9,42608.7,42786.9,1181.13232208
1705392000,42787.0,43158.5,42721.1,42899.7,1359.14158733
1705406400,42899.8,43317.5,42045.4,43253.7,5078.14745382
1705420800,43253.6,43440.2,42836.5,43169.7,2067.05270802
1705435200,43169.8,43585.0,43053.3,43139.8,2287.67982094
1705449600,43139.7,43200.0,42844.3,42844.4,1089.63036561
1705464000,42844.4,42919.1,42612.3,42654.0,890.26586816
1705478400,42654.0,42855.3,42560.0,42682.0,975.08385435
1705492800,42682.0,42927.2,42370.4,42476.4,2815.31540053
1705507200,42476.5,42752.1,42205.1,42611.4,1497.22223082
1705521600,42611.4,42869.0,42445.0,42777.1,1792.64094819
1705536000,42777.1,42786.3,42511.0,42590.0,639.51088123
1705550400,42590.0,42924.3,42583.7,42914.2,981.44570948
1705564800,42914.2,42925.5,42388.1,42544.0,1169.77056997
1705579200,42544.0,42808.1,42357.1,42619.1,1533.8603882
1705593600,42619.1,42619.2,40807.1,41022.0,6250.05651647
1705608000,41018.3,41370.2,40678.3,41326.0,3890.9750018
1705622400,41325.9,41369.2,40755.5,41060.1,2640.03412778
1705636800,41060.1,41573.3,41038.7,41283.5,2007.32001289
1705651200,41283.5,41513.4,41151.0,41477.1,1220.51299491
1705665600,41477.1,41503.4,40726.7,40898.5,3200.74782329
1705680000,40898.6,41982.0,40258.2,41818.1,4743.96245632
1705694400,41818.1,42187.2,41500.0,41660.0,1864.12085639
1705708800,41660.1,41702.9,41452.0,41634.1,722.38970871
1705723200,41634.1,41786.1,41562.2,41651.5,573.77446617
1705737600,41654.8,41668.9,41456.2,41581.7,759.50782151
1705752000,41581.7,41696.0,41481.5,41569.9,693.42444367
1705766400,41566.4,41678.9,41524.0,41634.6,452.58833343
1705780800,41634.6,41875.0,41616.0,41693.8,520.28783996
1705795200,41693.8,41750.0,41628.3,41684.6,478.67051556
1705809600,41684.5,41703.1,41566.4,41651.7,306.98683712
1705824000,41651.6,41827.6,41651.6,41722.6,465.03371482
1705838400,41722.6,41883.2,41611.1,41656.2,817.73568571
1705852800,41658.0,41734.7,41525.2,41727.5,412.37277717
1705867200,41727.7,41817.2,41501.0,41582.9,453.49618899
1705881600,41582.4,41689.8,41063.1,41200.1,1843.37754807
1705896000,41200.1,41320.2,40684.8,41045.9,2729.31228567
1705910400,41046.0,41053.9,40350.8,40814.4,3648.59426287
1705924800,40812.0,41245.5,40349.7,40772.0,3401.77017596
1705939200,40773.5,40873.7,39414.0,39818.0,6665.4190241
1705953600,39818.0,40334.0,39400.0,39571.0,3960.69212491
1705968000,39571.1,40119.0,39512.1,39999.9,1871.8266131
1705982400,39999.9,40194.3,39671.4,39786.2,1648.41187195
1705996800,39786.2,39867.2,38650.1,38849.5,5246.38246575
1706011200,38849.5,39467.4,38554.0,39204.1,3331.30864816
1706025600,39204.1,39645.1,38910.0,39147.6,2199.02987963
1706040000,39147.6,39915.8,39031.5,39900.2,2333.84782673
1706054400,39899.4,40250.0,39570.7,39614.6,2205.4454817
1706068800,39617.7,40176.2,39561.2,39982.5,1447.78623852
1706083200,39988.0,40588.0,39853.3,40200.0,2625.79093521
1706097600,40200.0,40299.5,39762.4,40049.9,4153.96191984
1706112000,40049.9,40200.0,39608.3,39809.0,1562.68903917
1706126400,39808.9,40176.0,39497.3,40085.1,1425.0670362
1706140800,40085.2,40177.5,39909.1,40000.0,1768.67991189
1706155200,40000.0,40133.3,39788.0,40124.1,1254.96737732
1706169600,40124.1,40306.0,39954.8,40177.7,1115.77413994
1706184000,40178.9,40284.3,39626.3,39801.1,1998.5789067
1706198400,39801.1,40047.9,39538.9,39991.1,2051.21191546
1706212800,39992.0,39998.1,39630.1,39962.6,1088.69190784
1706227200,39962.7,40249.9,39825.2,40069.9,1502.21390439
1706241600,40070.0,40215.0,39900.4,39975.8,1632.34829566
1706256000,39975.7,41349.7,39966.0,41288.1,4803.53179866
1706270400,41288.2,41588.8,40905.1,41418.1,5022.01977243
1706284800,41418.1,42200.0,41403.0,42067.9,3875.82764497
1706299200,42063.8,42249.9,41806.2,41819.9,2238.86422877
1706313600,41820.5,41933.3,41701.5,41816.1,1274.71448836
1706328000,41816.1,41888.0,41598.1,41710.3,892.75777165
1706342400,41710.2,41801.2,41380.4,41765.2,1548.31302201
1706356800,41765.2,41900.0,41704.7,41820.5,606.00643683
1706371200,41822.0,41988.0,41741.9,41913.6,582.8448321
1706385600,41914.0,42199.9,41914.0,42120.2,605.59544387
1706400000,42120.1,42241.8,41930.0,42227.4,1121.58633231
1706414400,42227.5,42838.2,42220.7,42390.5,1958.81176533
1706428800,42390.4,42699.9,42327.8,42474.1,1406.29910204
1706443200,42474.3,42544.5,42150.8,42260.2,994.95929341
1706457600,42260.3,42352.5,41718.1,41785.9,730.1743487
1706472000,41785.9,42080.0,41617.2,42033.2,809.87604906
1706486400,42036.7,42503.6,41873.3,42327.3,1428.42342178
1706500800,42327.2,42345.9,41992.5,42055.2,724.05278861
1706515200,42058.1,42381.2,41959.6,42245.7,807.05437459
1706529600,42245.8,42648.6,41799.5,42641.6,2719.63596689
1706544000,42641.5,43300.0,42520.0,43004.0,5060.54731238
1706558400,43003.9,43300.0,42978.6,43296.9,1574.34282597
1706572800,43297.0,43788.0,43135.2,43524.2,3508.35781387
1706587200,43524.1,43575.3,43252.9,43366.4,1154.79108272
1706601600,43366.5,43555.0,43225.8,43530.6,1830.3724847
1706616000,43530.6,43884.4,43115.7,43377.1,3867.4920223
1706630400,43377.1,43591.7,43220.9,43549.9,2558.15041962
1706644800,43550.1,43758.0,42690.1,42941.8,2910.32939772
1706659200,42941.8,43110.0,42654.6,42929.1,1854.77004657
1706673600,42929.1,43081.0,42871.2,43048.7,1018.90814223
1706688000,43048.6,43100.0,42352.8,42644.2,1929.05211672
1706702400,42644.1,43464.5,42517.6,43354.2,4499.79187743
1706716800,43353.2,43748.8,43034.8,43330.0,2641.70263845
1706731200,43328.5,43360.6,42288.8,42576.0,2614.79198967
1706745600,42576.0,42683.9,41868.2,42007.5,2687.32295801
1706760000,42007.4,42295.1,41888.9,42187.8,1417.22851348
1706774400,42187.8,42327.9,42042.9,42076.8,1239.2339082
1706788800,42076.8,42946.1,41945.4,42511.6,3130.83319487
1706803200,42511.5,43286.2,42358.9,43217.0,2013.24484316
1706817600,43217.0,43279.4,42873.4,43086.8,1115.91229083
1706832000,43086.8,43428.7,43022.2,43030.6,1202.4449414
1706846400,43030.0,43272.6,42942.6,43088.1,1320.00821136
1706860800,43088.1,43200.0,42943.9,43147.0,1050.96938441
1706875200,43147.0,43248.2,42546.8,43234.8,2969.73765851
1706889600,43234.7,43485.2,42774.0,43062.1,1783.07694874
1706904000,43062.1,43233.1,42891.3,43197.2,512.36818983
1706918400,43197.3,43380.0,43142.0,43171.3,428.64819966
1706932800,43171.2,43227.8,43034.0,43053.2,361.29708285
1706947200,43053.2,43124.1,42973.1,42995.4,437.52062201
1706961600,42995.4,43196.4,42877.2,43121.6,516.20672584
1706976000,43121.7,43281.8,43013.7,43058.0,622.81266906
1706990400,43058.1,43103.2,42953.0,43013.6,273.54479682
1707004800,43013.6,43070.9,42896.8,43027.6,257.82552352
1707019200,43027.6,43031.4,42724.1,42840.0,1421.03581349
1707033600,42840.1,43114.0,42735.8,43055.2,612.77092695
1707048000,43055.3,43116.8,42842.0,42936.0,450.59182239
1707062400,42936.1,42970.0,42571.0,42629.9,649.33801505
1707076800,42635.7,42985.7,42188.0,42590.0,1290.28559201
1707091200,42588.0,42725.8,42256.5,42719.4,1245.58256164
1707105600,42716.8,43172.5,42635.4,43073.4,1957.05721973
1707120000,43073.4,43273.8,42948.7,43195.0,1019.6859976
1707134400,43195.1,43571.8,42593.9,42639.3,2118.13480239
1707148800,42639.3,42866.7,42500.0,42767.3,1177.07213412
1707163200,42767.2,42798.5,42323.0,42707.1,1491.93403961
1707177600,42707.1,42958.3,42570.8,42849.4,743.84833326
1707192000,42849.4,42926.8,42665.9,42893.2,576.00279976
1707206400,42893.2,43117.5,42670.0,42826.9,1227.28013648
1707220800,42822.1,43276.8,42652.7,43247.7,1820.11556296
1707235200,43245.4,43388.0,43004.0,43276.3,1023.25114191
1707249600,43276.3,43320.0,43030.2,43095.5,537.47071126
1707264000,43100.0,43191.8,42787.8,42803.1,820.55152521
1707278400,42803.2,43050.0,42794.5,42917.7,754.4843655
1707292800,42917.7,43200.0,42840.1,42931.6,1073.00716216
1707307200,42931.6,43322.0,42872.4,43070.4,1624.3992328
1707321600,43070.5,43719.7,43009.6,43612.5,2199.7912703
1707336000,43612.5,44422.1,43612.4,44349.7,2857.25552437
1707350400,44345.8,44780.0,44330.0,44543.6,2338.60295138
1707364800,44543.7,44640.5,44428.2,44515.8,959.10980907
1707379200,44515.9,44890.0,44513.3,44701.3,1815.793164
1707393600,44701.6,45477.5,44605.9,45434.9,3291.84171731
1707408000,45434.9,45498.0,44893.4,45281.9,2030.75952034
1707422400,45282.0,45611.0,45219.3,45287.5,1525.31639521
1707436800,45287.5,46409.7,45245.0,46060.1,2915.17654341
1707451200,46060.2,46423.7,45859.5,46207.3,1632.11043377
1707465600,46207.3,47308.0,46202.6,47179.9,2840.77398583
1707480000,47180.0,47760.7,46670.1,47158.5,6538.5803682
1707494400,47158.6,48219.9,47128.3,47503.9,4606.75746225
1707508800,47503.4,47690.8,47038.2,47132.2,1859.42868519
1707523200,47132.2,47500.0,47042.0,47376.7,983.59576756
1707537600,47378.7,47435.8,47142.9,47145.4,506.54586772
1707552000,47145.5,47270.6,46841.6,47180.0,875.49023895
1707566400,47180.0,47382.0,47100.0,47346.7,841.5351135
1707580800,47346.8,47660.0,47153.2,47527.9,627.64311325
1707595200,47528.0,48175.5,47456.6,47747.7,1280.1853304
1707609600,47747.8,48566.0,47566.0,48516.1,1531.35821543
1707624000,48521.7,48594.4,48058.7,48180.0,1322.51061084
1707638400,48179.9,48438.4,47922.5,48408.9,887.17500901
1707652800,48409.0,48467.2,47917.3,48148.4,889.74183858
1707667200,48148.4,48399.9,47949.9,48283.0,828.09325935
1707681600,48283.1,48372.4,47967.2,48299.9,719.35534871
1707696000,48299.9,48828.0,48009.1,48145.2,1725.16781639
1707710400,48145.3,48382.0,47708.5,48205.8,1189.04098848
1707724800,48205.7,48314.3,47705.7,47902.0,1204.63768532
1707739200,47903.9,49952.9,47839.2,49917.2,4449.68885576
1707753600,49917.3,50333.3,49394.9,49533.8,5060.8168218
1707768000,49533.8,50276.3,49533.8,49920.0,2027.72313668
1707782400,49919.9,50385.1,49739.4,49790.0,1635.21092815
1707796800,49793.0,50121.9,49789.7,49988.2,996.94496821
1707811200,49990.9,50246.5,49650.0,49983.6,1383.80679608
1707825600,49986.9,49995.5,48400.0,48723.1,5637.48181129
1707840000,48724.0,49270.6,48300.0,49040.0,3183.11709382
1707854400,49040.0,49796.9,49018.0,49694.6,2069.79992407
1707868800,49700.4,49718.7,49332.0,49520.4,925.80993083
1707883200,49520.4,49875.0,49228.3,49835.4,1278.96686448
1707897600,49835.4,51754.3,49734.7,51553.0,6025.2038236
1707912000,51553.0,52045.7,51297.0,51590.9,4015.00567709
1707926400,51596.7,51748.4,51192.5,51681.9,2301.03838299
1707940800,51681.9,51893.1,51464.7,51795.6,1334.80399476
1707955200,51797.6,52500.0,51720.0,52349.0,3047.1241756
1707969600,52349.0,52367.4,51632.7,51784.4,1601.16793013
1707984000,51784.4,52507.0,51640.2,52327.5,1896.63265484
1707998400,52327.5,52813.0,51703.5,51948.0,4035.52139345
1708012800,51948.0,52386.8,51718.3,52005.0,2897.59663718
1708027200,52006.0,52012.0,51309.5,51880.4,2108.68893945
1708041600,51880.4,52333.3,51808.0,52274.2,1474.32870554
1708056000,52274.3,52348.5,51725.0,51745.9,1977.34921536
1708070400,51745.9,52425.0,51562.5,52211.9,1775.06929473
1708084800,52211.9,52574.2,51588.0,51878.8,3232.6774574
1708099200,51878.8,52256.0,51666.0,51755.6,1899.61314289
1708113600,51755.7,52223.2,51685.7,52126.7,1183.14036446
1708128000,52126.7,52165.9,51850.0,51974.8,626.94601842
1708142400,51974.8,52058.9,51791.8,51912.7,471.50484261
1708156800,51912.8,51912.8,51502.1,51691.0,1459.15258478
1708171200,51690.9,51740.3,50618.6,50980.1,3007.16226693
1708185600,50980.1,51444.0,50738.1,51395.0,1086.51150699
1708200000,51395.0,52044.8,51290.6,51646.0,1183.2843974
1708214400,51646.0,51796.5,51154.0,51479.8,1039.76133801
1708228800,51479.9,51742.6,51401.1,51671.4,579.88043669
1708243200,51671.5,52070.0,51644.8,51824.9,903.89865022
1708257600,51824.9,51950.0,51533.4,51781.4,712.59584145
1708272000,51781.5,51980.0,51648.0,51761.3,653.65164959
1708286400,51760.1,52399.5,51594.7,52138.3,1439.81658547
1708300800,52138.5,52445.7,51900.0,52064.1,995.43869206
1708315200,52064.1,52489.2,51987.0,52396.1,1235.45637822
1708329600,52396.1,52455.4,52066.7,52338.1,994.15625305
1708344000,52338.1,52460.7,52028.7,52127.6,1108.68613435
1708358400,52127.6,52230.5,51680.1,51822.1,1516.01538685
1708372800,51820.9,52111.1,51698.6,51775.6,946.32169474
1708387200,51775.5,51826.6,51290.0,51576.9,1543.33438698
1708401600,51576.9,52044.1,51508.4,51838.9,1294.63113662
1708416000,51838.9,52391.0,51552.3,52293.1,1671.31059558
1708430400,52293.2,53006.0,51345.0,51676.9,6295.17118739
1708444800,51676.9,52143.9,50752.3,52099.9,3953.15748035
1708459200,52099.9,52526.6,51893.0,52265.4,1946.74214718
1708473600,52265.5,52371.4,51989.5,52002.0,870.07305162
1708488000,52002.0,52112.2,51433.6,51565.5,1223.08275385
1708502400,51565.6,51787.3,50810.0,50965.3,2520.68938491
1708516800,50964.1,51444.0,50533.8,51156.8,3646.93346983
1708531200,51156.9,51428.0,50650.0,51060.9,1970.07720721
1708545600,51060.8,51954.9,50859.0,51848.0,1779.10772755
1708560000,51848.1,51879.9,51150.0,51583.5,1171.06107495
1708574400,51583.5,51912.0,51349.5,51825.6,1328.8612773
1708588800,51825.6,52036.4,51520.0,51625.5,1831.63752923
1708603200,51625.5,51731.2,50936.0,51602.5,2467.63839602
1708617600,51602.4,51747.4,51400.0,51515.6,1214.68388359
1708632000,51515.6,52080.0,51169.0,51290.0,2181.47472011
1708646400,51290.1,51547.3,50963.7,51100.0,1324.30637399
1708660800,51100.0,51318.3,50875.0,50917.4,1581.92865594
1708675200,50917.4,51256.0,50829.8,51215.2,1567.31871828
1708689600,51215.2,51331.9,50788.0,50908.6,3058.55779477
1708704000,50908.6,51195.2,50630.5,51100.1,1757.76239782
1708718400,51100.2,51165.6,50513.1,50748.2,934.23035229
1708732800,50749.9,50915.0,50574.0,50849.5,976.87415996
1708747200,50849.6,51105.4,50825.0,51078.9,802.16429416
1708761600,51078.9,51170.9,50950.9,51123.1,550.1935892
1708776000,51123.1,51178.0,51026.9,51101.0,642.04702964
1708790400,51101.0,51700.0,51096.9,51558.7,1330.64064989
1708804800,51558.7,51671.9,51438.0,51563.6,725.03057507
1708819200,51567.4,51910.0,51437.6,51625.0,1187.07620768
1708833600,51625.0,51808.0,51508.9,51722.2,518.68062737
1708848000,51722.1,51781.1,51526.3,51644.0,614.74963472
1708862400,51644.1,51786.7,51430.0,51522.1,870.23303093
1708876800,51520.9,51743.2,51266.4,51672.3,1035.70060223
1708891200,51672.3,51984.8,51641.9,51731.4,1090.27567263
1708905600,51731.4,51808.0,51405.6,51558.1,820.89595733
1708920000,51558.1,51607.9,51289.2,51293.2,959.23982524
1708934400,51293.2,51376.1,50902.2,51091.4,1594.09588835
1708948800,51091.5,52848.0,50940.5,52843.2,3602.06301077
1708963200,52843.2,54532.6,52744.2,54488.7,5528.09091876
1708977600,54485.6,54923.0,54256.0,54471.0,2559.60247376
1708992000,54473.9,57500.0,54451.0,55672.2,5859.1374491
1709006400,55672.2,56450.2,55584.0,56050.5,2701.46858495
1709020800,56050.5,56822.1,56024.1,56531.7,2172.11919293
1709035200,56531.7,57430.8,56451.4,56747.9,4266.84903285
1709049600,56748.0,57614.3,56201.7,57337.4,2803.15893716
1709064000,57337.4,57366.1,56564.5,57038.6,2264.33425551
1709078400,57042.9,57103.4,56700.0,56920.6,1112.89420927
1709092800,56920.6,58372.5,56890.9,58246.0,2413.18262455
1709107200,58245.9,59500.0,58159.0,58946.0,4727.52365838
1709121600,58946.1,61364.7,58893.3,60966.9,6316.81001357
1709136000,60966.8,64085.2,58666.0,60945.8,15738.92372117
1709150400,60945.8,62650.0,59775.6,62426.1,5036.19924313
1709164800,62427.0,62436.8,61010.0,61554.8,2802.47044861
1709179200,61554.8,63661.0,61330.0,62700.1,4264.59568272
1709193600,62705.3,63359.5,62099.9,62943.7,2742.53586929
1709208000,62943.7,63520.9,62043.0,62764.2,2893.02269472
1709222400,62764.2,62881.0,60372.0,61611.8,4306.18568541
1709236800,61601.3,62291.6,60584.3,61149.9,3126.00482628
1709251200,61150.0,61756.1,60773.3,61105.3,1898.72602733
1709265600,61103.3,61772.1,61058.3,61441.9,1983.39409786
1709280000,61442.0,62288.7,61313.9,61864.6,1743.94327888
1709294400,61864.6,62677.6,61132.7,61272.5,3349.85498839
1709308800,61272.6,62498.0,61242.5,62215.2,2414.08103585
1709323200,62216.7,63114.4,62216.7,62376.9,2181.00387278
1709337600,62376.9,62441.0,61941.5,62305.6,1396.29081188
1709352000,62305.7,62309.9,61700.0,62017.0,1497.9957885
1709366400,62017.0,62123.4,61642.6,61825.1,981.11836497
1709380800,61825.0,62160.0,61559.7,61776.7,1274.93404693
1709395200,61776.7,62111.9,61632.8,62111.9,597.58060135
1709409600,62111.9,62196.5,61693.9,62010.0,808.31040643
1709424000,62008.0,62008.0,61641.4,61930.1,829.33916823
1709438400,61930.2,62100.0,61307.0,61587.7,1633.5332793
1709452800,61589.9,61911.6,61401.1,61836.0,1002.29971962
1709467200,61836.2,62642.7,61818.0,62172.1,1960.43784763
1709481600,62172.1,62991.9,62090.3,62731.3,1490.68345595
1709496000,62731.3,63248.5,62580.0,63112.7,1143.58793887
1709510400,63112.6,64266.5,62273.2,63462.1,4534.17258771
1709524800,63462.2,64325.0,63215.6,64066.3,1941.16995178
1709539200,64066.4,65560.0,64019.1,65230.2,4713.26192734
1709553600,65230.3,66600.0,64503.7,66454.1,5251.54748309
1709568000,66454.1,67520.9,66050.0,67400.0,5195.39573567
1709582400,67400.0,68500.0,66772.3,68244.4,3893.31287604
1709596800,68244.4,68700.1,67539.5,68112.0,3361.44135859
1709611200,68111.7,68386.4,64970.4,66140.2,5980.23031363
1709625600,66140.2,67148.0,65530.0,66655.6,2677.88576759
1709640000,66655.7,69080.0,66378.9,66778.0,6744.06459148
1709654400,66778.1,67003.1,59000.0,61447.4,15208.66930429
1709668800,61452.4,64353.0,61214.0,63719.5,7119.98851795
1709683200,63719.5,64141.9,62775.8,63268.5,3201.9425538
1709697600,63268.5,66784.2,63263.2,66679.4,5555.74774885
1709712000,66679.4,67647.4,66048.0,67297.7,3735.86451323
1709726400,67296.3,67599.0,64537.3,66485.7,7815.2592516
1709740800,66488.1,67470.7,66231.1,66746.2,2315.08172262
1709755200,66744.1,67374.7,65700.3,66078.0,1951.43078403
1709769600,66078.0,66471.7,65544.0,65861.9,1778.96421484
1709784000,65855.6,66465.2,65656.0,66385.0,1553.45730671
1709798400,66390.7,67278.7,66336.6,66899.9,2022.57113223
1709812800,66900.0,67896.6,66524.0,67261.8,3172.68129834
1709827200,67252.2,67996.0,67001.8,67495.5,2005.5556206
1709841600,67495.6,67916.0,66815.1,66829.0,1287.7552963
1709856000,66829.0,67258.4,66750.0,67152.6,997.8266392
1709870400,67152.6,67650.0,66780.0,67225.1,1573.50175086
1709884800,67225.2,67759.5,67031.8,67739.8,1295.30160975
1709899200,67745.7,70040.0,67126.0,67618.1,8242.06981762
1709913600,67622.1,68874.9,66063.3,68873.9,7728.2904228
1709928000,68874.0,69383.0,67800.0,68125.0,3038.26943163
1709942400,68124.9,68285.6,67858.9,68242.9,1001.18261266
1709956800,68242.9,68553.7,68128.3,68297.1,768.64739706
1709971200,68292.4,68462.5,67932.1,68302.0,1035.99111828
1709985600,68306.8,68530.6,68101.7,68288.8,732.10656596
1710000000,68288.7,68331.7,68000.0,68196.1,687.09087523
1710014400,68196.1,68435.4,68196.1,68311.6,388.49360279
1710028800,68311.6,69260.0,68203.4,69125.4,1948.1381207
1710043200,69123.0,69666.4,69018.0,69362.8,1312.17754836
1710057600,69363.0,69910.7,69164.0,69565.9,2156.06707522
1710072000,69565.9,69830.5,68639.3,69191.5,2075.03980437
1710086400,69191.5,69783.4,69116.7,69412.4,1176.73453982
1710100800,69412.4,69464.9,68050.0,68953.6,1760.45057648
1710115200,68953.7,68957.8,66944.1,68597.7,3470.97620071
1710129600,68597.6,71250.0,68448.0,70928.0,4747.77655987
1710144000,70928.0,72200.0,70919.6,71493.3,4061.55309394
1710158400,71493.3,72665.3,71335.2,72008.0,4245.05146504
1710172800,72008.1,72800.0,71761.0,71982.8,3897.16521446
1710187200,71982.8,72778.5,71837.9,72084.4,1185.17041962
1710201600,72084.4,72466.9,71362.3,71615.5,1845.96018177
1710216000,71615.4,72343.9,71312.3,72121.7,2024.01264041
1710230400,72121.7,72363.1,71400.1,72024.5,1776.66018089
1710244800,72024.2,73095.2,70777.0,71702.0,5326.78938244
1710259200,71702.0,71835.0,68600.0,71341.5,8060.62825137
1710273600,71341.6,71541.7,70600.0,71450.1,1521.90287938
1710288000,71450.0,72216.4,71321.8,72061.0,2023.46130169
1710302400,72061.1,73196.2,71920.0,72852.6,2433.87223565
1710316800,72863.8,73625.6,72824.8,73069.4,1981.28494519
1710331200,73069.6,73185.9,71622.7,72624.1,3264.9917566
1710345600,72624.2,73378.8,72346.3,73346.8,1969.77199287
1710360000,73359.8,73417.9,72830.6,73082.7,963.78065333
1710374400,73082.7,73294.8,72500.0,73265.7,1410.5151967
1710388800,73265.6,73787.1,72683.0,73228.4,2308.04586363
1710403200,73228.3,73532.0,72599.9,72884.1,1381.92487397
1710417600,72884.1,73047.3,70581.4,70843.3,5473.63477795
1710432000,70843.3,71462.8,68600.0,69418.4,6819.34726156
1710446400,69410.4,71714.1,69300.8,71399.3,2496.20014616
1710460800,71399.4,72432.0,66700.9,68220.0,7318.58614208
1710475200,68220.0,68865.7,66920.6,68449.9,5025.4937894
1710489600,68449.9,68609.1,65588.0,67762.1,6565.32124804
1710504000,67756.0,68747.9,67414.0,68165.3,3391.43338404
1710518400,68165.3,70659.3,67515.0,68970.4,4795.80938907
1710532800,68971.8,69755.0,67408.0,69500.0,2661.95878819
1710547200,69500.0,70050.0,68927.5,69203.2,1793.7090649
1710561600,69203.2,69461.5,68604.1,69434.8,1217.41439703
1710576000,69434.8,69442.7,67729.8,68263.8,1930.28090127
1710590400,68253.4,68497.6,67520.0,68385.8,1959.26737985
1710604800,68385.9,68415.8,66666.6,66908.2,3059.6088266
1710619200,66908.2,67542.0,64742.5,65308.1,4410.69499588
1710633600,65308.2,66585.3,65138.0,66544.0,2924.56925847
1710648000,66544.0,66560.0,64541.7,65635.8,3402.32586833
1710662400,65635.8,67524.5,65280.0,66959.9,3329.41396024
1710676800,66959.9,68128.0,66433.1,67963.8,2527.51278912
1710691200,67963.7,68684.9,67751.9,68531.4,1609.27051182
1710705600,68531.4,68910.5,67953.2,68399.1,1365.23248419
1710720000,68399.1,68427.0,66800.0,67974.1,2589.65084917
1710734400,67974.1,68974.0,67705.6,68219.1,2003.28622095
1710748800,68219.1,68484.8,67304.1,68253.4,1882.80861337
1710763200,68253.3,68620.7,66635.0,67480.0,3761.22263056
1710777600,67478.3,68074.0,66560.0,66936.4,2734.17319758
1710792000,66941.8,67999.9,66941.8,67611.9,1342.13322996
1710806400,67611.9,68121.6,64853.5,65880.1,5805.42711503
1710820800,65874.2,65984.9,63583.1,64699.9,4689.74853151
1710835200,64699.9,64708.4,62511.7,63084.9,7440.34963132
1710849600,63084.9,64156.2,62393.7,64056.9,5367.94979601
1710864000,64053.4,65765.0,63972.1,64398.4,5206.52100834
1710878400,64398.4,64511.5,61558.8,61936.4,3985.38572271
1710892800,61936.4,63460.0,61650.5,61861.1,4362.62105019
1710907200,61868.4,63199.9,60767.5,62954.4,5392.22943603
1710921600,62959.8,63960.0,62637.3,63393.4,2916.43781723
1710936000,63393.3,64420.0,63069.6,63607.7,4369.19097567
1710950400,63604.5,66000.0,62026.3,65780.5,6259.65232954
1710964800,65783.8,68096.0,65655.0,67825.1,3496.78690199
1710979200,67834.0,68247.2,66349.7,66663.5,3515.82998008
1710993600,66663.5,67331.3,66083.5,66993.9,2663.19752994
1711008000,66994.0,67656.4,66629.6,67044.4,2145.88159204
1711022400,67054.8,67688.0,66067.9,66571.2,3111.33323563
1711036800,66571.3,67000.0,64854.1,65227.8,4066.41654438
1711051200,65227.8,65944.3,64520.0,65507.9,1905.93821464
1711065600,65504.0,66170.1,65120.0,65972.3,2121.39779161
1711080000,65972.3,66641.9,65763.6,66178.2,1272.01602044
1711094400,66182.0,66369.0,64056.6,64236.0,2444.7014278
1711108800,64232.2,64684.3,62579.8,63883.9,5402.95140454
1711123200,63883.9,64125.4,62716.4,63861.7,2442.66438055
1711137600,63864.1,63982.0,62200.0,63801.5,1810.22805945
1711152000,63801.5,64361.6,63008.0,63565.2,1358.0999116
1711166400,63558.8,64866.9,63513.6,64574.1,1250.8731037
1711180800,64574.1,64844.2,64184.7,64639.9,1036.84271562
1711195200,64640.7,65420.3,64275.9,65099.9,1547.73599224
1711209600,65099.9,66000.0,64787.7,64874.0,1303.27974482
1711224000,64872.1,65200.0,63888.8,63987.1,772.10546089
1711238400,63987.2,64719.1,63910.4,63954.8,1139.29153334
1711252800,63958.1,64593.1,63765.9,64586.6,1177.50176393
1711267200,64586.6,65390.6,64478.0,65337.3,1501.82426409
1711281600,65337.4,65944.7,65168.5,65673.1,1797.70844204
1711296000,65674.5,66049.9,64609.2,65841.9,1912.61528475
1711310400,65834.6,67631.0,65733.3,67211.9,1846.28442155
1711324800,67211.9,67344.7,66374.5,67344.7,1664.10792145
1711339200,67344.8,67736.2,66725.0,66832.0,2508.08641369
1711353600,66832.0,67333.0,66740.8,66806.1,1439.31458327
1711368000,66806.0,70016.0,66781.0,69785.7,5657.95852506
1711382400,69785.8,71000.0,69434.4,70961.9,3187.63365039
1711396800,70962.0,71142.0,69571.4,69869.8,2431.5025231
1711411200,69869.8,70611.5,69732.8,70429.5,1357.83638077
1711425600,70429.4,71547.3,70275.0,70493.7,1999.23910395
1711440000,70493.6,71284.0,70263.9,70692.0,1803.59680954
1711454400,70686.1,71148.0,69283.8,70257.0,3973.0102624
1711468800,70253.8,70508.3,69412.5,69470.0,2807.17114919
1711483200,69471.9,70309.9,69402.7,69995.6,865.07366779
1711497600,69995.7,70735.2,69819.9,70393.9,2123.33600396
1711512000,70396.0,70582.0,69646.7,69729.0,1509.07199293
1711526400,69733.7,70349.9,69410.8,70221.7,1725.61088864
1711540800,70220.6,71777.0,68538.0,68882.1,6675.11347811
1711555200,68883.7,69428.4,68400.0,68653.8,2774.98830946
1711569600,68653.8,69631.9,68626.1,69466.4,1750.04045614
1711584000,69468.1,69987.5,68908.0,69293.7,1348.95349762
1711598400,69291.7,70469.0,69274.7,70396.0,1868.08576639
1711612800,70396.2,70967.9,70290.0,70645.5,2502.52025879
1711627200,70640.0,71541.1,70322.0,71289.8,3042.65693555
1711641600,71295.3,71323.8,70406.0,70800.4,1818.8913226
1711656000,70804.7,71074.2,70520.2,70785.1,655.56703486
1711670400,70785.2,70928.8,70300.0,70450.3,1059.72401661
1711684800,70448.1,70547.4,69739.2,69768.6,2204.70056669
1711699200,69768.6,70400.0,69571.5,70141.9,1698.09862701
1711713600,70140.0,70630.7,69001.1,69176.6,2831.69826888
1711728000,69176.7,69664.8,69091.0,69663.5,971.53931319
1711742400,69661.5,69925.9,69285.8,69857.7,462.24218701
1711756800,69857.7,70206.3,69714.2,69780.0,492.83799089
1711771200,69779.9,70322.6,69753.9,69858.0,907.98516787
1711785600,69858.1,70180.0,69813.6,70175.7,505.56345848
1711800000,70175.8,70266.0,69915.5,70002.0,510.37395322
1711814400,70001.9,70286.0,69645.8,69886.3,705.10862803
1711828800,69886.4,69900.0,69542.7,69591.1,378.3632502
1711843200,69598.0,70160.3,69566.7,69914.6,985.90339744
1711857600,69919.3,70467.9,69874.2,70306.6,828.74897442
1711872000,70306.6,70462.1,70152.0,70385.4,453.49369688
1711886400,70386.5,70733.5,70290.0,70394.0,951.33983166
1711900800,70394.0,71228.4,70318.6,71021.8,1210.43246744
1711915200,71021.9,71400.1,70625.0,71290.5,821.37503497
1711929600,71286.0,71304.6,70529.3,70590.0,1089.38717564
1711944000,70590.1,70657.6,68852.6,69600.1,3948.2707905
1711958400,69600.1,69814.8,69166.0,69463.9,1522.05980795
1711972800,69463.9,70093.3,68119.4,68230.0,3860.70198306
1711987200,68226.0,69819.2,68050.3,69642.8,2410.81484583
1712001600,69642.8,69916.0,69322.5,69652.8,1100.20126977
1712016000,69652.9,69680.5,65621.7,66707.1,5479.31383098
1712030400,66701.2,67111.1,66086.8,66467.9,2692.51314538
1712044800,66468.0,66700.0,65060.0,65617.1,4228.31564783
1712059200,65617.1,66254.8,64588.8,64876.0,4599.54873887
1712073600,64883.1,66191.0,64566.4,65919.0,2490.05649834
1712088000,65918.3,66111.2,65209.7,65474.6,1249.39343789
1712102400,65468.8,66299.0,64403.1,66228.3,2633.91845811
1712116800,66220.3,66476.2,65929.0,66139.9,1316.12116418
1712131200,66139.9,66636.8,65533.9,66056.7,1967.20865203
1712145600,66056.7,66908.3,65630.9,65836.7,2690.02158659
1712160000,65835.0,66593.5,65462.6,65777.2,1628.22868559
1712174400,65777.5,66293.6,65478.2,65966.7,942.70938065
1712188800,65964.3,66363.9,65466.0,65613.6,1534.69082643
1712203200,65613.7,66277.9,65060.3,66083.2,1935.1806856
1712217600,66083.3,66478.1,66012.8,66345.8,1280.17385643
1712232000,66344.0,67937.7,66322.9,67649.8,3081.09859508
1712246400,67649.9,69319.4,67532.9,68486.3,4285.79808684
1712260800,68490.4,68567.4,67301.4,68500.0,2151.26346254
1712275200,68494.2,68747.9,67433.9,67874.1,1735.63943208
1712289600,67874.1,68036.1,66368.3,66932.7,2215.02970633
1712304000,66932.8,67674.0,66369.3,66481.9,1851.34312466
1712318400,66483.2,68577.9,65958.8,68201.4,4236.65278655
1712332800,68197.8,68380.0,67304.0,67406.8,1886.88117312
1712347200,67406.7,67986.3,67342.8,67833.5,553.43446305
1712361600,67833.5,68064.0,67460.7,67791.9,588.76308032
1712376000,67792.0,68229.5,67617.2,68004.3,793.70240423
1712390400,68004.4,68125.0,67620.0,67669.7,464.22284457
1712404800,67666.1,68309.0,67539.4,68112.8,810.2982601
1712419200,68106.2,68482.3,67941.7,68264.5,550.60261324
1712433600,68264.4,69696.0,68173.9,68896.7,1258.06015196
1712448000,68896.8,69784.3,68817.7,69407.9,1191.89341594
1712462400,69413.8,69498.9,69062.4,69363.9,678.82289353
1712476800,69363.9,69562.0,69201.0,69356.0,798.19947917
1712491200,69357.8,69880.0,69208.0,69555.9,1115.24867467
1712505600,69560.0,70329.3,68866.8,69066.1,1785.13494286
1712520000,69068.8,69479.5,68900.0,69358.0,531.83365263
1712534400,69354.5,69846.2,69045.7,69460.3,1095.14212671
1712548800,69460.1,70852.4,69273.9,70712.9,2105.96795308
1712563200,70712.9,72650.0,70644.0,72395.1,5635.6399849
1712577600,72395.1,72799.0,71245.4,71782.2,3399.89666774
1712592000,71776.1,72126.4,71300.0,71750.0,1670.88036845
1712606400,71751.6,72016.6,71496.0,71633.8,988.24691592
1712620800,71637.0,71757.8,70858.0,71291.9,1615.74397614
1712635200,71294.0,71363.6,70155.0,70396.0,1812.78534533
1712649600,70396.0,70896.0,69566.9,70802.3,2357.88205816
1712664000,70802.3,70977.1,68518.0,69264.6,4114.55160911
1712678400,69264.9,69324.8,68154.9,69000.2,2571.61209627
1712692800,69000.0,69431.9,68887.2,69141.9,603.4786486
1712707200,69142.0,69600.1,68469.3,69153.8,1908.53000994
1712721600,69146.1,69516.6,69005.2,69340.2,945.13975348
1712736000,69340.2,69340.2,68634.5,69044.3,1269.39939476
1712750400,69044.3,69211.9,67506.8,68656.0,4125.70677224
1712764800,68650.0,70088.0,68576.0,70082.5,3001.44551344
1712779200,70087.9,71190.5,69574.9,70635.9,1997.5654237
1712793600,70637.1,71060.0,70285.7,70847.2,1306.47087267
1712808000,70847.3,71315.9,70375.0,70736.3,1387.214504
1712822400,70737.0,71254.7,69880.3,69988.0,1638.25089789
1712836800,69988.1,71079.9,69555.6,70001.3,3000.96222676
1712851200,70001.4,70529.3,69544.8,70459.5,1586.40748945
1712865600,70458.0,70748.0,69789.3,70012.0,790.16611188
1712880000,70012.1,70999.7,69995.2,70984.1,1300.74830982
1712894400,70979.3,71230.0,70575.3,70755.4,1251.45933513
1712908800,70758.3,70974.5,70503.9,70903.6,1682.90808195
1712923200,70903.6,70973.6,69231.6,69346.1,3473.10570431
1712937600,69346.2,69589.0,64845.4,66839.9,11170.25561503
1712952000,66839.7,67440.0,66700.0,67120.7,1761.54227133
1712966400,67120.7,67166.0,65742.0,67146.0,2534.31833139
1712980800,67145.9,67940.0,67007.1,67444.1,2127.26234527
1712995200,67444.1,67832.5,67085.1,67355.7,1177.29304163
1713009600,67352.8,67928.4,67167.7,67672.1,1058.59008187
1713024000,67668.2,67758.3,63539.7,64787.9,5589.00989914
1713038400,64784.0,65639.9,60000.0,63928.3,16184.00115436
1713052800,63928.3,64400.0,62113.1,63437.1,5263.04589329
1713067200,63431.3,64874.1,63387.5,64456.5,4238.0576987
1713081600,64460.3,64880.0,63873.3,64172.1,2368.79341573
1713096000,64164.5,64843.9,63448.0,64173.3,3330.97663988
1713110400,64180.1,64742.8,62568.6,64166.0,4088.38465716
1713124800,64164.8,65856.8,63322.0,65670.0,2820.75304126
1713139200,65666.0,65887.9,64930.0,65143.6,1939.33543274
1713153600,65147.7,66581.1,64689.0,66256.0,2984.73649935
1713168000,66258.2,66867.2,65818.3,65861.6,2183.5805448
1713182400,65861.5,66415.3,63808.7,64568.1,3863.16571499
1713196800,64572.0,64868.3,62282.5,63301.8,4801.80330386
1713211200,63307.9,63640.2,62634.5,63429.7,1519.25506883
1713225600,63429.7,63917.5,62742.6,62957.2,2644.35027741
1713240000,62957.2,63792.2,61648.4,63517.3,3236.96400335
1713254400,63517.4,63671.6,61568.1,63095.9,3055.41522864
1713268800,63095.9,63427.8,61732.0,61758.9,3636.11568755
1713283200,61760.1,63279.9,61688.0,62718.1,3012.95409228
1713297600,62711.4,64376.9,62557.6,63796.0,1597.85663311
1713312000,63796.1,64298.4,63573.9,63837.1,1170.43102621
1713326400,63837.1,64523.1,63070.8,63300.0,3367.64679999
1713340800,63300.0,63589.5,62540.8,62600.0,2195.54743761
1713355200,62600.0,62973.4,59862.7,60299.4,8118.64777695
1713369600,60295.9,61963.2,59632.6,61023.9,5261.02749679
1713384000,61020.1,61763.5,60771.0,61274.5,1035.03522073
1713398400,61274.5,62239.2,60940.0,61994.7,1795.16544261
1713412800,61994.6,62084.0,60804.6,61182.6,2095.99644057
1713427200,61182.6,63090.6,60857.1,62600.0,3475.92214459
1713441600,62600.0,64133.8,61600.0,63498.2,4258.20191328
1713456000,63498.2,63876.0,62315.5,63487.6,2239.60715737
1713470400,63490.0,63829.2,63150.0,63480.0,1208.00140713
1713484800,63480.1,63480.1,59587.2,61784.0,7574.02550032
1713499200,61780.5,65192.3,61760.0,64541.4,6553.29406409
1713513600,64536.1,65426.1,64141.9,64872.9,3401.90052753
1713528000,64866.6,65440.0,63822.2,64439.7,3338.92842551
1713542400,64438.6,64822.6,63511.5,64332.7,2566.53128922
1713556800,64332.8,64493.6,62937.0,63814.1,1768.27973763
1713571200,63816.0,64251.1,63091.2,63953.8,1627.20707764
1713585600,63955.7,64270.0,63816.0,63964.8,737.7933627
1713600000,63964.9,63998.8,63276.9,63710.0,1093.43559926
1713614400,63710.0,64968.4,63570.9,64806.0,1012.19523593
1713628800,64806.0,65422.9,64451.5,64861.4,1481.87213081
1713643200,64864.1,65038.1,64522.1,64938.1,559.25595517
1713657600,64938.1,65704.5,64601.0,65172.0,1591.26906656
1713672000,65170.1,65250.9,64837.6,65146.0,853.84519231
1713686400,65146.0,65450.0,64781.0,65230.7,821.26701098
1713700800,65230.8,65377.5,64784.7,65043.9,915.21490254
1713715200,65043.9,65094.0,64211.1,64537.6,1667.31187024
1713729600,64537.7,65179.9,64356.7,64937.9,993.73944666
1713744000,64938.0,66082.0,64508.2,65702.8,2440.83895932
1713758400,65707.9,66488.0,65510.4,65982.0,1772.15024336
1713772800,65982.0,66213.3,65701.6,65886.1,1165.08521072
1713787200,65886.0,66482.0,65638.7,66002.4,1891.54689415
1713801600,66002.5,66832.9,65918.0,66541.3,1976.38629165
1713816000,66545.3,67248.0,66329.8,66812.9,1621.95376195
1713830400,66813.0,67183.0,66417.8,66430.9,1001.49592215
1713844800,66432.0,66655.3,66022.2,66104.0,1250.10588878
1713859200,66103.9,66315.7,65847.0,66054.0,1068.18333813
1713873600,66050.2,67142.7,65808.5,66422.7,1980.63720603
1713888000,66425.3,66907.1,66352.9,66484.1,741.75738122
1713902400,66482.2,66483.9,65972.9,66413.9,613.93004845
1713916800,66413.9,66900.0,66393.1,66617.5,796.35486118
1713931200,66617.6,67078.2,66555.2,66627.1,840.87152488
1713945600,66623.9,66749.8,66212.8,66573.7,757.16245897
1713960000,66575.3,66736.4,64507.7,64615.5,3817.37097239
1713974400,64613.9,65133.0,63767.0,63978.0,2450.06861878
1713988800,63972.1,64445.2,63602.8,64282.6,1299.60585538
1714003200,64278.6,64742.4,63858.5,64288.0,963.8279861
1714017600,64288.0,64398.0,63818.9,64033.4,1191.7633095
1714032000,64033.4,64211.9,63333.3,63856.3,3322.6900718
1714046400,63856.3,64310.8,62747.4,64132.1,6847.05223203
1714060800,64129.6,64974.4,63971.1,64750.0,2445.47432603
1714075200,64749.9,65289.8,64452.1,64505.7,1455.100457
1714089600,64500.2,64674.7,63875.4,64386.0,1278.96116433
1714104000,64386.1,64614.0,64020.3,64278.1,1284.21290631
1714118400,64278.0,64583.2,64063.7,64244.1,958.55852161
1714132800,64244.0,64814.8,63333.3,63503.7,3147.95291107
1714147200,63503.8,64171.0,63313.9,63747.9,1190.96886266
1714161600,63747.9,64114.0,63691.4,63774.1,543.85254735
1714176000,63774.2,63925.0,62380.6,63078.1,2276.727358
1714190400,63078.1,63175.7,62800.0,62971.5,651.70886956
1714204800,62972.2,63063.0,62672.0,62860.2,467.09238362
1714219200,62860.1,63412.9,62810.2,62955.8,951.51734785
1714233600,62955.7,63650.2,62744.3,63362.7,1481.97045314
1714248000,63362.8,63561.9,63149.8,63460.0,455.77415105
1714262400,63460.1,64380.0,63460.1,64026.2,941.92816063
1714276800,64026.2,64077.5,63800.0,63919.9,719.79810842
1714291200,63919.9,63986.2,63303.8,63485.0,844.52275286
1714305600,63484.1,63875.6,63412.1,63536.4,802.92088717
1714320000,63536.4,63976.2,63478.1,63724.9,500.66048311
1714334400,63724.8,63743.0,62775.2,63122.0,1172.24035142
1714348800,63127.9,63369.8,62123.5,62272.3,2500.89986414
1714363200,62277.9,62633.2,61919.3,62408.1,2071.88409859
1714377600,62408.1,62678.5,62170.9,62260.0,959.17273459
1714392000,62258.4,63124.9,61787.8,63045.3,3036.46805924
1714406400,63045.2,63222.9,62547.0,62994.4,1055.02925176
1714420800,62988.1,64225.9,62800.0,63869.9,1525.97346246
1714435200,63870.0,64732.0,63133.5,63650.8,1925.27442692
1714449600,63650.9,63708.5,63069.9,63140.0,925.97464491
1714464000,63139.9,63237.9,61020.0,61200.3,3701.86264068
1714478400,61200.4,61591.7,60555.0,60793.9,3166.42178144
1714492800,60793.7,60906.4,59177.6,59290.0,3772.72225038
1714507200,59291.9,61066.2,59274.0,60675.1,1951.8557769
1714521600,60675.1,60846.7,59580.0,60240.5,1559.98639654
1714536000,60240.5,60351.8,57068.7,57506.1,6207.01102444
1714550400,57506.0,57913.0,56555.0,57898.0,4953.15100134
1714564800,57898.1,58281.9,56680.0,56885.3,3594.45438311
1714579200,56882.1,59488.7,56604.3,56953.9,7436.62054164
1714593600,56953.9,58559.9,56741.8,58341.8,2766.07097849
1714608000,58341.9,58589.9,56953.1,57428.1,2485.8934552
1714622400,57433.1,57950.6,57210.0,57674.9,1083.38517015
1714636800,57675.0,58673.8,57573.6,58554.4,2090.36137059
1714651200,58554.3,59460.3,58233.3,59266.3,4421.9753129
1714665600,59270.0,59574.9,58939.5,59347.2,1240.28211595
1714680000,59343.7,59661.6,58643.5,59062.2,1221.7227728
1714694400,59062.2,60029.6,58800.0,59725.9,1672.66092715
1714708800,59725.9,59843.8,59052.0,59188.0,974.41929553
1714723200,59187.2,59579.8,58849.5,59295.1,955.93016797
1714737600,59295.2,62121.0,58977.2,61690.0,6442.33250518
1714752000,61690.7,62222.0,61534.1,62072.0,2526.646484
1714766400,62070.1,63349.9,61974.9,62875.9,2142.38981218
1714780800,62876.0,63630.8,62548.5,62725.9,1497.71384095
1714795200,62725.9,63449.9,62684.7,62949.2,1224.62150168
1714809600,62949.1,64545.3,62921.3,63882.3,2296.52669997
1714824000,63882.3,64173.7,63457.8,63612.4,1225.75678669
1714838400,63615.6,64019.2,63333.1,63920.3,630.05264611
1714852800,63920.4,64220.0,63536.0,63894.1,575.81220414
1714867200,63894.2,64197.2,62884.7,63235.7,1386.6036836
1714881600,63238.5,63960.3,63118.5,63745.1,860.26087096
1714896000,63745.1,63942.1,63550.0,63863.3,771.54300705
1714910400,63863.2,64652.4,63628.5,64432.0,1646.72338893
1714924800,64430.2,64549.8,63818.2,63880.7,940.32588284
1714939200,63880.7,64233.0,63564.8,64017.7,662.11753302
1714953600,64017.7,64476.5,63705.3,63870.1,886.45368908
1714968000,63870.1,64579.7,63769.1,64529.5,1329.3144409
1714982400,64533.4,65518.0,63800.0,64213.9,3712.63621428
1714996800,64214.0,64324.9,62930.0,63632.4,4109.59333054
1715011200,63633.7,63749.8,62697.2,63226.0,1993.29170161
1715025600,63227.6,63624.9,63048.5,63175.6,614.86798113
1715040000,63173.5,63986.9,62833.2,63230.2,2107.64955209
1715054400,63228.2,63845.3,63088.0,63667.6,1335.95691191
1715068800,63666.9,64411.8,63348.0,63499.2,1965.21274091
1715083200,63499.7,64332.9,63075.4,63741.9,1861.55335767
1715097600,63742.0,63895.9,62800.0,63063.0,1203.15586649
1715112000,63060.2,63192.7,62226.3,62318.2,1411.09272827
1715126400,62318.1,62990.6,62077.7,62902.1,1369.32138669
1715140800,62902.1,63029.4,62080.0,62212.0,1203.79474729
1715155200,62211.9,62518.0,62041.0,62243.7,980.55424867
1715169600,62248.8,62834.6,61787.8,62278.0,1866.09838261
1715184000,62279.4,62761.4,61945.2,62170.0,794.45353619
1715198400,62173.7,62244.0,60880.0,61193.9,1575.25850831
1715212800,61187.5,61810.2,61140.1,61676.0,733.89425892
1715227200,61673.0,61777.0,61123.7,61259.9,981.72521603
1715241600,61260.0,61444.0,60625.0,61060.0,1122.86711541
1715256000,61056.6,62294.0,60888.0,62157.8,1813.92183815
1715270400,62157.7,62686.8,61747.0,62452.4,1536.1054748
1715284800,62450.0,63427.7,62340.1,63069.0,1326.48620238
1715299200,63069.0,63088.7,62647.7,62912.1,992.89559687
1715313600,62912.2,63372.9,62668.1,63068.1,1165.0559987
1715328000,63068.1,63313.0,62800.0,63292.0,1063.27079081
1715342400,63292.0,63470.5,60690.0,60925.0,4893.94603787
1715356800,60924.0,61299.9,60180.0,60708.1,2415.17300248
1715371200,60708.1,61003.1,60463.5,60800.2,585.55549886
1715385600,60802.0,61098.9,60653.9,60729.9,667.93423769
1715400000,60729.9,61078.0,60711.9,61019.9,434.91511973
1715414400,61019.9,61066.0,60468.1,60680.7,449.51677441
1715428800,60680.6,61525.0,60634.8,61176.1,746.74399764
1715443200,61182.3,61399.7,61013.7,61139.9,284.22006526
1715457600,61136.2,61153.8,60755.9,60826.0,273.64240358
1715472000,60826.6,61106.3,60801.6,60932.8,236.83136928
1715486400,60932.8,61116.5,60604.0,60821.1,480.28489836
1715500800,60821.1,61364.2,60788.2,61136.1,654.33522995
1715515200,61136.2,61570.0,61072.6,61411.7,776.98268067
1715529600,61417.9,61874.9,61174.5,61406.4,771.31478367
1715544000,61407.3,61546.4,60891.5,61470.1,366.86962195
1715558400,61477.2,61800.0,60758.9,61164.5,1711.9207664
1715572800,61162.7,62470.0,60799.5,62337.9,1990.03946849
1715587200,62337.9,63299.8,62337.9,62730.8,2645.610441
1715601600,62730.9,63230.5,62430.1,63009.9,1711.69312147
1715616000,63009.9,63459.3,62566.1,63175.9,1425.69887456
1715630400,63168.7,63195.4,62689.4,62934.8,314.94634449
1715644800,62932.0,63114.6,62411.0,62490.6,1730.61251564
1715659200,62490.6,62782.6,61412.9,62029.7,2070.89027996
1715673600,62030.8,62042.5,61520.9,61798.0,743.98707594
1715688000,61798.1,62300.0,61120.2,61779.8,3103.73775778
1715702400,61779.9,61818.3,61150.6,61589.6,1446.68221326
1715716800,61588.7,61784.8,61480.8,61573.0,423.48463759
1715731200,61573.0,62020.0,61338.0,61947.2,635.7485427
1715745600,61947.3,62275.2,61818.7,62191.4,937.39414954
1715760000,62191.4,62999.9,61926.2,62467.1,1929.49464968
1715774400,62467.2,65068.2,62408.2,64714.1,5899.15702039
1715788800,64714.2,66412.4,64714.2,66000.2,2461.93413112
1715803200,66000.1,66490.8,65748.3,66212.7,1304.28411796
1715817600,66212.6,66666.0,65783.0,65979.0,1231.33130608
1715832000,65979.1,66278.7,65666.0,66144.3,1208.57461455
1715846400,66144.2,66580.2,66013.4,66507.0,1103.67855518
1715860800,66506.8,66789.0,65370.4,65826.1,2682.81539376
1715875200,65826.2,65831.9,64610.0,65188.8,2319.6955678
1715889600,65187.1,65508.3,65053.6,65235.9,533.04882806
1715904000,65235.9,65883.3,65100.0,65591.2,771.67612838
1715918400,65589.3,66491.3,65362.8,66388.1,1927.95542185
1715932800,66388.0,66565.4,66069.0,66218.6,951.90150724
1715947200,66218.5,67459.0,65828.3,67199.0,2183.88140095
1715961600,67199.9,67303.3,66208.0,67056.0,1645.36343711
1715976000,67052.0,67057.9,66676.7,67017.9,402.68388919
1715990400,67018.0,67076.9,66736.8,66943.9,520.74162401
1716004800,66943.9,67249.3,66730.7,66877.3,576.48374057
1716019200,66877.3,67389.1,66837.2,67186.5,684.49716262
1716033600,67186.5,67237.9,66588.1,66813.6,796.64643897
1716048000,66813.6,66999.7,66713.1,66909.4,212.93797785
1716062400,66909.4,67037.1,66794.0,66911.0,213.51219562
1716076800,66911.1,67287.9,66838.5,67159.4,392.18897644
1716091200,67160.0,67333.0,66928.6,67322.5,397.81018058
1716105600,67325.6,67750.7,66960.1,67330.9,1149.4811626
1716120000,67330.9,67335.4,66659.9,66887.5,873.9609703
1716134400,66887.4,66997.8,65839.1,66026.9,885.11983296
1716148800,66026.9,66459.0,66000.0,66271.6,314.9289518
1716163200,66271.6,66771.3,66060.6,66674.7,684.57944204
1716177600,66674.7,67295.0,66279.6,66833.9,1711.74199183
1716192000,66832.7,67358.5,66753.8,66994.4,957.32682843
1716206400,66994.5,67500.0,66756.4,67413.8,958.85408869
1716220800,67413.8,70097.6,67380.3,70009.1,4430.74069234
1716235200,70009.5,71571.6,68900.0,71429.7,4340.37403873
1716249600,71430.2,71979.0,70694.6,71281.0,3760.71408253
1716264000,71281.1,71391.2,70830.9,70875.5,1817.83379844
1716278400,70875.4,71446.8,70852.1,71122.7,2065.18777002
1716292800,71119.0,71457.9,69646.7,69821.5,3310.30669827
1716307200,69821.5,70272.1,69161.0,69294.7,1786.96398208
1716321600,69297.3,70388.3,69250.0,70144.7,740.36646021
1716336000,70144.7,70367.6,69821.3,69952.0,952.93861357
1716350400,69952.1,70061.6,69189.5,69721.3,1521.92973872
1716364800,69721.0,70268.0,69637.8,69732.3,967.30731695
1716379200,69732.3,70596.4,69440.0,70451.6,1784.86236158
1716393600,70452.5,70665.8,69238.0,69642.0,1311.83075993
1716408000,69642.1,69966.0,68888.0,69173.5,1177.21401348
1716422400,69173.5,69627.4,69173.5,69446.0,833.6590308
1716436800,69446.0,69861.8,69328.4,69734.1,1136.06342046
1716451200,69734.0,70058.1,69525.9,69978.0,1179.75485196
1716465600,69977.2,70087.6,67602.3,68075.5,4144.08897829
1716480000,68075.6,68172.1,66758.1,67203.1,1606.14257753
1716494400,67205.7,68379.6,66256.3,67967.5,3057.18736648
1716508800,67967.4,68017.5,67616.3,67881.4,960.2110768
1716523200,67884.5,67925.2,66850.0,67165.3,1983.7225114
1716537600,67165.3,67524.2,66608.8,67353.6,812.60295508
1716552000,67353.6,68421.8,66921.8,68332.0,1537.92346137
1716566400,68332.0,69250.0,67901.1,69122.9,1722.26624427
1716580800,69121.1,69219.9,68509.9,68559.9,427.81430001
1716595200,68560.0,68910.5,68499.7,68755.3,381.86141218
1716609600,68755.3,68829.7,68618.5,68749.6,283.18320185
1716624000,68749.6,69639.3,68729.5,69099.5,930.75105653
1716638400,69099.6,69299.9,68837.4,68938.6,621.986913
1716652800,68938.6,69265.7,68840.1,69155.6,202.30530249
1716667200,69155.7,69364.0,69046.4,69290.4,175.21283936
1716681600,69290.5,69312.2,68809.9,69074.3,352.87707912
1716696000,69074.3,69445.1,68919.8,69347.1,387.87600649
1716710400,69347.0,69556.6,68969.6,69130.7,459.49075119
1716724800,69130.7,69391.4,68669.8,68846.4,826.84682953
1716739200,68847.2,68965.5,68692.7,68899.9,261.35891293
1716753600,68900.0,68908.4,68150.2,68506.3,631.93783851
1716768000,68506.3,69300.0,68476.0,68882.0,709.59040242
1716782400,68882.1,68927.4,68322.5,68655.0,655.39714606
1716796800,68654.9,68929.8,68256.3,68441.8,612.68844068
1716811200,68440.7,70550.0,68380.0,70370.8,1809.91347773
1716825600,70370.8,70688.0,69063.7,69264.1,1439.92789509
1716840000,69264.2,69904.0,69172.0,69416.1,597.65007667
1716854400,69416.1,69614.4,67756.5,68050.8,2535.43873107
1716868800,68050.9,68135.0,67485.0,67687.4,1365.95224205
1716883200,67687.4,68889.9,67586.9,68391.5,1183.4083353
1716897600,68391.5,68567.4,67526.2,68379.4,1201.20456926
1716912000,68380.8,68617.0,67264.3,68429.7,1067.31767928
1716926400,68431.1,68670.8,68130.8,68405.9,488.91395284
1716940800,68406.0,68926.3,68272.0,68840.0,1177.73873065
1716955200,68840.0,68934.6,67944.3,67944.7,717.85266432
1716969600,67944.7,68035.0,67600.0,67771.9,1061.94462779
1716984000,67773.6,68272.4,67300.0,67380.0,1443.02318119
1716998400,67380.1,67769.9,67137.5,67266.2,1030.74000778
1717012800,67267.4,67843.2,67142.1,67647.7,325.31916474
1717027200,67647.6,68229.2,67469.8,68131.6,924.90650813
1717041600,68130.4,68429.9,67520.9,67587.2,1343.28419049
1717056000,67587.2,68115.7,67123.9,67799.7,1438.78610245
1717070400,67799.5,68823.9,67733.3,68532.1,2367.4539455
1717084800,68532.0,69515.0,68350.6,68666.2,1552.42362041
1717099200,68666.3,68673.1,68039.6,68357.9,406.39518535
1717113600,68358.5,68748.7,68277.1,68533.0,1198.71001131
1717128000,68533.1,68654.7,68070.1,68169.5,784.54446522
1717142400,68169.5,68462.3,67870.7,68356.0,591.63475485
1717156800,68355.9,69049.6,67200.1,67209.6,2443.48426345
1717171200,67209.7,68002.3,66654.1,67681.2,1713.10449418
1717185600,67684.6,67814.3,67236.0,67542.5,524.5580437
1717200000,67542.6,67761.2,67441.6,67716.3,284.7576135
1717214400,67716.3,67800.0,67557.9,67620.4,528.04149261
1717228800,67620.5,67754.5,67599.8,67661.6,226.94069266
1717243200,67661.6,67872.0,67644.2,67683.9,444.23316834
1717257600,67684.0,67851.9,67548.0,67754.7,464.97864568
1717272000,67754.6,67890.0,67711.0,67757.8,205.45536206
1717286400,67757.8,67913.6,67637.9,67788.0,268.72046514
1717300800,67788.1,67866.7,67717.4,67720.0,235.96014134
1717315200,67720.0,68328.3,67380.1,68254.2,628.58396391
1717329600,68254.2,68472.3,67795.1,68147.1,738.76708023
1717344000,68147.2,68214.1,67267.1,67740.7,632.01189998
1717358400,67740.7,68003.0,67581.3,67767.7,256.02326529
1717372800,67767.6,68800.0,67613.4,68392.2,1388.46427019
1717387200,68394.2,69224.9,68294.5,68914.6,1878.83006244
1717401600,68914.6,69333.0,68849.3,69087.3,942.9024312
1717416000,69087.4,70299.4,68516.4,69613.3,3187.88428746
1717430400,69613.4,69706.3,68803.1,69218.5,826.29650576
1717444800,69218.4,69500.0,68732.0,68800.7,480.31861604
1717459200,68800.7,69370.3,68650.2,69167.9,898.23679167
1717473600,69168.0,69276.2,68757.8,69011.3,907.06122962
1717488000,69011.2,69189.9,68560.1,68957.3,817.54300303
1717502400,68957.5,70500.0,68843.8,70447.9,2538.07291174
1717516800,70448.0,71071.9,70087.6,70435.9,2273.63109323
1717531200,70437.5,70742.8,70167.6,70532.3,865.17620892
1717545600,70532.2,71306.1,70424.1,70956.0,1515.87176708
1717560000,70955.9,71371.3,70822.7,71200.7,1449.28111801
1717574400,71200.8,71243.1,70700.0,70967.2,599.75227456
1717588800,70970.6,71717.9,70376.0,71567.3,2201.67435694
1717603200,71567.2,71754.7,70865.5,71286.4,1593.9730546
1717617600,71286.5,71368.0,70708.0,71112.0,636.12194185
1717632000,71105.5,71241.1,70900.3,71049.2,356.37191926
1717646400,71049.3,71111.3,70802.3,71020.4,496.3095062
1717660800,71020.3,71188.0,70853.9,71162.7,583.76272949
1717675200,71162.8,71651.5,71001.1,71302.2,1179.23511109
1717689600,71302.3,71382.5,70450.6,70478.8,1173.92717672
1717704000,70479.1,70948.4,70120.0,70791.4,655.55103706
1717718400,70791.4,71027.3,70666.6,70995.9,446.0494557
1717732800,70996.0,71450.0,70995.9,71104.0,892.13088702
1717747200,71104.1,71720.0,71048.1,71717.3,1148.64171444
1717761600,71717.3,71997.0,70601.0,71108.6,3129.07448547
1717776000,71108.6,71212.1,68300.0,69256.0,4404.79044162
1717790400,69260.1,69536.4,68972.0,69348.0,651.00473558
1717804800,69348.0,69529.9,69289.0,69422.5,470.98185091
1717819200,69422.6,69589.6,69228.1,69589.5,402.67189381
1717833600,69589.6,69589.6,69308.6,69365.9,395.49838041
1717848000,69364.2,69497.1,69136.4,69420.8,471.39248592
1717862400,69420.9,69504.2,69297.2,69452.6,881.31250322
1717876800,69452.7,69475.0,69281.2,69311.5,315.94554667
1717891200,69311.5,69351.4,69134.0,69261.8,191.22696764
1717905600,69261.8,69435.1,69234.6,69304.8,188.68699166
1717920000,69304.9,69404.2,69285.8,69368.8,146.11723534
1717934400,69368.9,69775.0,69253.0,69508.5,539.24992414
1717948800,69508.6,69850.0,69493.8,69707.2,399.32018424
1717963200,69707.3,69818.0,69591.5,69641.8,175.19572126
1717977600,69641.8,69798.9,69413.8,69613.7,347.65216452
1717992000,69613.8,69701.4,69203.5,69292.0,549.36127148
1718006400,69292.6,69560.0,69156.1,69472.0,458.35239526
1718020800,69472.1,70186.2,69216.7,70058.6,971.0350391
1718035200,70058.6,70120.0,69384.6,69496.3,692.5708307
1718049600,69496.3,69685.3,69333.0,69545.0,710.65789283
1718064000,69545.0,69583.5,67891.0,68464.8,3632.59408824
1718078400,68464.8,68464.8,67300.9,67568.9,3353.1683462
1718092800,67576.2,67661.7,66728.7,66901.7,1699.15560981
1718107200,66902.5,67280.0,66000.0,66230.3,2555.06473658
1718121600,66230.2,67585.0,66153.9,67400.1,1476.00029615
1718136000,67402.1,67578.0,67168.8,67314.5,494.29922651
1718150400,67312.2,67602.7,66892.4,67409.9,948.91410768
1718164800,67409.9,67606.7,67200.1,67459.2,1385.25704873
1718179200,67459.1,68055.0,67351.3,67785.5,1029.53785419
1718193600,67786.5,70000.0,67744.1,69728.9,2948.19714693
1718208000,69734.9,69871.7,67244.0,67536.4,2949.3936362
1718222400,67538.5,68666.6,67427.6,68269.8,622.13087309
1718236800,68267.6,68401.4,66950.1,67463.9,1306.42367079
1718251200,67463.9,67743.9,67314.2,67738.3,1112.07074004
1718265600,67737.5,67981.4,67173.8,67745.4,731.36139203
1718280000,67744.9,68458.0,66333.0,66460.0,2715.94077417
1718294400,66458.1,67070.0,66258.0,66606.8,1237.4238028
1718308800,66602.0,66987.5,66522.1,66775.7,314.820836
1718323200,66775.6,67032.0,66468.3,66748.0,714.87307857
1718337600,66748.0,67210.7,66710.0,66908.8,853.29199295
1718352000,66908.9,67266.0,66776.0,67038.8,512.12910534
1718366400,67039.9,67366.3,66338.0,66388.3,1444.04418049
1718380800,66389.9,66524.9,65068.0,65516.0,2491.5892956
1718395200,65515.9,66633.3,65472.4,66045.8,773.86682252
1718409600,66045.7,66293.6,65973.7,66266.4,398.45101133
1718424000,66266.4,66417.6,66059.5,66074.9,534.30792664
1718438400,66074.9,66344.9,66074.8,66316.1,336.80709849
1718452800,66316.0,66485.2,66162.7,66317.5,379.19621948
1718467200,66317.5,66365.6,66071.2,66156.0,194.23312403
1718481600,66156.1,66300.0,65857.0,66223.4,359.74241685
1718496000,66223.5,66271.4,66061.0,66135.7,159.62328534
1718510400,66135.7,66355.2,66034.9,66268.0,148.97635824
1718524800,66267.9,66772.0,66186.1,66486.2,487.83241268
1718539200,66486.2,66796.7,66474.7,66705.4,400.58927322
1718553600,66707.9,66744.3,66517.8,66561.3,323.67412598
1718568000,66561.4,66985.4,66465.0,66677.9,320.17082135
1718582400,66677.9,66914.7,66144.1,66225.9,796.72559912
1718596800,66228.0,66567.6,65938.1,66178.7,784.99250561
1718611200,66182.1,66321.0,65557.7,65807.3,983.83091169
1718625600,65807.3,65832.2,65124.3,65365.2,1601.84800633
1718640000,65365.2,67301.4,65133.6,66690.0,1875.94044818
1718654400,66690.1,66771.8,66170.0,66492.1,615.8890353
1718668800,66492.1,66592.8,64542.9,65499.9,3560.99594582
1718683200,65499.9,65843.1,65338.9,65675.9,985.33124856
1718697600,65675.9,65764.6,65112.0,65366.1,949.84719367
1718712000,65366.1,65440.2,64256.0,64702.3,2261.45452053
1718726400,64705.8,64901.3,64051.5,64418.0,1506.93668428
1718740800,64412.5,65300.0,64189.1,65177.1,771.15254769
1718755200,65177.1,65600.0,64807.5,65411.0,1156.76528441
1718769600,65411.0,65727.2,65138.0,65333.7,613.24626816
1718784000,65333.8,65547.5,65014.0,65208.0,815.77759971
1718798400,65208.1,65309.5,64762.0,64929.0,855.11209752
1718812800,64929.0,65284.0,64800.0,64888.0,476.93281048
1718827200,64888.0,65090.9,64666.2,64965.8,261.93338643
1718841600,64965.9,65412.1,64832.0,65196.4,453.50258635
1718856000,65196.4,65979.1,65084.7,65860.2,1203.6758348
1718870400,65861.0,66493.9,65578.0,66171.7,1106.59656249
1718884800,66171.8,66298.7,64656.0,64832.0,1664.55964671
1718899200,64831.3,65214.9,64560.0,65066.9,850.99804812
1718913600,65066.8,65195.5,64863.6,64880.2,264.87712047
1718928000,64880.1,65076.8,64358.0,64504.0,1171.77250377
1718942400,64507.9,64748.8,64201.3,64210.0,1426.66950891
1718956800,64214.0,64372.8,63518.1,63764.8,1941.04804428
1718971200,63764.5,64387.9,63383.3,63724.1,1901.49869387
1718985600,63727.9,64266.1,63461.5,64230.7,880.46532309
1719000000,64230.7,64466.0,63837.6,64145.4,407.0222117
1719014400,64145.4,64350.0,63933.3,64327.3,468.93164439
1719028800,64327.3,64543.9,64245.7,64515.1,541.88440948
1719043200,64515.1,64530.0,64205.5,64274.9,281.92256396
1719057600,64275.0,64398.8,64242.5,64302.9,212.65006772
1719072000,64303.0,64357.8,64233.9,64295.5,145.6556513
1719086400,64295.6,64343.6,64247.3,64263.0,77.40480391
1719100800,64263.0,64524.7,64263.0,64409.0,326.1204779
1719115200,64410.0,64439.4,64340.0,64415.1,399.10234595
1719129600,64415.1,64437.2,64251.2,64341.8,214.93573263
1719144000,64341.8,64446.4,64067.9,64097.9,312.54752573
1719158400,64098.0,64186.4,63929.9,64154.4,183.70203311
1719172800,64154.3,64160.0,63155.2,63211.9,1501.42925085
1719187200,63212.0,63366.7,62674.3,62857.9,1950.79535678
1719201600,62853.8,62947.9,62161.9,62460.6,1478.89570395
1719216000,62463.0,62970.6,60588.6,61286.0,4062.83121579
1719230400,61284.7,61695.9,60683.1,60850.0,1629.20263099
1719244800,60849.9,61050.0,59050.0,59316.0,4405.64888835
1719259200,59304.2,60443.1,58378.0,60290.6,2763.99828902
1719273600,60290.1,61599.9,60251.2,61304.0,1705.49241588
1719288000,61304.1,61419.6,60628.0,60685.4,1201.56238164
1719302400,60685.5,61597.8,60670.0,61189.2,1178.27665314
1719316800,61188.5,62151.6,60971.1,61820.6,2101.0063703
1719331200,61820.7,62422.7,61145.1,61974.1,1756.95408268
1719345600,61973.4,62163.9,61664.0,61806.1,587.22554962
1719360000,61804.1,62483.9,61639.4,61930.8,1016.97857151
1719374400,61930.9,61989.9,61525.8,61733.3,670.06567345
1719388800,61733.3,61767.1,61162.6,61446.0,928.75506954
1719403200,61444.1,61983.9,61188.2,61480.0,1103.47187304
1719417600,61480.0,61553.8,60712.6,60996.7,1379.06726761
1719432000,60998.0,61150.8,60717.3,60866.1,593.80115904
1719446400,60866.2,61292.0,60765.0,61039.8,597.30042719
1719460800,61039.9,61189.8,60620.7,60798.0,688.39745294
1719475200,60798.1,61449.5,60738.0,61189.9,809.46022304
1719489600,61189.8,62390.0,61144.2,61590.1,2861.8944533
1719504000,61590.1,62019.2,61411.2,61454.1,776.36442043
1719518400,61456.1,61709.6,61360.0,61706.6,342.65987747
1719532800,61706.5,62233.9,61500.0,61825.0,946.44149441
1719547200,61825.1,61836.4,61234.4,61336.0,1044.18846234
1719561600,61336.0,61800.0,61207.5,61692.0,678.691815
1719576000,61695.9,61880.0,60730.0,61060.0,2002.97150911
1719590400,61060.0,61116.6,60090.0,60137.7,2107.92771872
1719604800,60134.0,60461.7,60055.5,60436.0,808.40230601
1719619200,60436.1,61000.0,60398.0,60761.2,1050.88508042
1719633600,60761.1,61136.0,60700.3,61050.0,548.57547234
1719648000,61050.0,61218.2,60891.1,61104.1,514.35139754
1719662400,61104.1,61179.2,60950.0,61115.1,347.17107603
1719676800,61115.2,61133.3,60916.6,61048.2,233.42726972
1719691200,61048.3,61099.9,60835.5,60986.7,190.1988953
1719705600,60986.7,61082.0,60758.4,60899.5,330.78969244
1719720000,60899.5,61799.9,60710.1,61529.9,1011.64767112
1719734400,61529.9,61708.0,61386.4,61553.2,546.82846884
1719748800,61553.3,61865.0,61329.4,61719.8,556.57421505
1719763200,61720.0,62108.0,61579.4,62026.4,556.84538836
1719777600,62024.0,63066.7,61822.0,62774.2,1009.42379255
1719792000,62774.3,63822.3,62571.0,63431.2,1772.2737247
1719806400,63431.2,63470.4,63217.6,63276.7,617.57499943
1719820800,63276.8,63320.0,62600.0,62667.8,862.9610822
1719835200,62667.8,63159.2,62531.4,63142.1,1100.37356074
1719849600,63142.1,63860.2,62962.2,63226.1,1669.35413232
1719864000,63224.9,63426.5,62807.7,62906.3,620.21040209
1719878400,62906.2,63294.0,62785.8,63130.8,450.98680689
1719892800,63130.8,63248.0,62583.4,62628.3,567.81479811
1719907200,62628.3,62860.0,62430.4,62826.8,588.1868034
1719921600,62826.9,63181.4,61835.1,61949.9,1838.49852157
1719936000,61950.0,62374.7,61820.0,61942.1,704.86507516
1719950400,61942.2,62188.7,61876.4,62145.0,513.76510122
1719964800,62145.1,62290.0,60608.7,60992.9,1873.44519304
1719979200,60993.0,61186.2,60814.5,60869.4,798.52627134
1719993600,60863.4,60984.9,59571.1,60378.5,3053.07507468
1720008000,60378.6,60750.0,59755.1,60183.0,1652.48329424
1720022400,60181.4,60659.9,59654.1,59668.0,1053.37938386
1720036800,59664.1,60377.1,59375.1,60217.7,763.17182164
1720051200,60217.6,60493.1,57800.9,59106.0,3210.47916412
1720065600,59106.1,59154.1,58100.1,58230.1,1399.20219109
1720080000,58230.1,58496.7,56957.4,57765.2,3858.47774702
1720094400,57765.2,58346.9,56759.5,58143.3,3189.80679191
1720108800,58143.3,58663.8,57752.1,58282.1,1309.15069698
1720123200,58282.1,58822.0,56867.0,57050.0,1328.89643206
1720137600,57050.0,57548.4,54893.7,55233.9,5253.98115244
1720152000,55233.9,55371.2,53269.0,54402.4,6479.92122279
1720166400,54402.4,55656.8,53888.8,55490.9,2982.41336737
1720180800,55491.0,56687.6,54843.9,56670.1,3985.04462262
1720195200,56675.9,57069.7,55823.4,56472.0,2753.44990835
1720209600,56468.0,56870.1,56318.2,56633.5,434.03920045
1720224000,56630.1,57013.8,56182.2,56407.2,767.84679624
1720238400,56407.3,56679.7,56025.7,56602.4,764.27571862
1720252800,56600.1,56888.0,56438.6,56734.4,410.6262319
1720267200,56734.5,57454.5,56510.2,57320.2,1163.99960874
1720281600,57322.7,58120.1,57182.1,57863.8,1051.7994043
1720296000,57863.8,58479.8,57820.6,58236.4,539.19420309
1720310400,58236.5,58448.0,57835.1,57964.0,708.60507351
1720324800,57964.0,58012.5,57073.8,57370.0,903.95832527
1720339200,57373.7,57918.8,57354.0,57454.0,682.22955743
1720353600,57448.8,57638.9,56573.4,56826.0,1253.70550067
1720368000,56828.0,57399.9,56750.2,57159.9,458.30417984
1720382400,57156.7,57321.6,55730.7,55862.0,942.05322068
1720396800,55867.9,56026.0,54289.4,55157.6,2737.59897283
1720411200,55156.0,55901.4,54962.1,55853.8,1254.5029082
1720425600,55853.8,58214.7,55735.5,57158.1,3378.64660106
1720440000,57154.1,57630.7,54918.8,55760.9,3624.16634611
1720454400,55764.4,56569.3,55416.9,56476.1,1126.3169675
1720468800,56472.2,56965.2,56196.1,56720.5,777.42796735
1720483200,56716.1,57370.8,56291.7,57154.6,1321.51909897
1720497600,57168.0,57764.2,57000.0,57113.4,1428.1220016
1720512000,57119.2,57907.4,57019.8,57438.4,1067.66382246
1720526400,57429.2,58131.3,56900.0,57476.9,2204.94216396
1720540800,57476.9,58303.0,57363.3,57862.1,1479.64096039
1720555200,57862.1,58263.9,57701.9,58043.1,582.39339293
1720569600,58043.1,58205.9,57332.1,58186.0,777.65524056
1720584000,58177.8,59476.3,58177.8,58977.8,2606.89921839
1720598400,58976.0,59039.9,58312.1,58490.1,911.90187644
1720612800,58490.1,58571.8,57486.6,57700.1,2371.95834825
1720627200,57705.8,58012.1,57350.0,57390.0,785.311412
1720641600,57395.9,57874.5,57159.7,57720.2,720.47553365
1720656000,57720.2,58386.2,57029.2,57564.7,1406.27834056
1720670400,57564.8,58300.0,57482.2,58181.6,754.12331515
1720684800,58186.0,58888.0,58052.0,58769.8,910.13567771
1720699200,58769.8,59579.9,57260.8,57405.8,3764.65704854
1720713600,57403.0,57993.9,57168.3,57378.1,792.11732732
1720728000,57375.0,57621.8,57150.0,57342.6,508.34927733
1720742400,57338.7,57571.2,56537.3,56916.2,1409.65199397
1720756800,56916.1,57413.2,56707.0,57105.2,725.75917908
1720771200,57104.6,57335.4,56764.8,57208.9,798.77009951
1720785600,57205.7,58277.2,57092.2,58211.9,2100.33237354
1720800000,58212.5,58527.6,57500.8,57580.1,1744.78309547
1720814400,57578.1,57913.9,57144.1,57898.1,765.42580166
1720828800,57898.7,57989.6,57757.2,57821.3,303.07914307
1720843200,57819.9,58233.9,57757.3,58163.2,478.13836756
1720857600,58163.1,58849.8,57914.7,58542.0,1117.05228846
1720872000,58542.0,58902.5,58430.8,58838.1,1213.02431367
1720886400,58838.1,58972.9,58565.0,58622.6,285.25891577
1720900800,58626.3,59866.0,58259.6,59209.9,1297.15117308
1720915200,59203.6,59840.0,59195.1,59466.0,843.95365622
1720929600,59460.5,60329.8,59421.8,60062.1,1745.78123177
1720944000,60062.1,60407.5,59901.8,60105.3,735.03824129
1720958400,60107.5,60238.4,59468.1,60088.2,883.12089079
1720972800,60088.2,60187.9,59888.0,59908.2,233.37827919
1720987200,59908.2,61444.8,59875.0,60784.1,1932.0329254
1721001600,60784.1,62803.3,60650.0,62650.0,2892.60016926
1721016000,62649.9,63095.7,62433.3,62847.9,1608.28641943
1721030400,62847.9,63271.4,62279.3,62455.9,1302.03032792
1721044800,62454.1,63329.6,62435.4,63031.4,1593.600268
1721059200,63031.4,63810.2,62855.6,63353.0,2169.2354004
1721073600,63355.0,64915.2,63251.2,64726.7,2638.75833883
1721088000,64725.7,64972.5,64444.9,64753.3,1253.86879165
1721102400,64753.2,65000.0,62719.2,62914.9,2855.30150089
1721116800,62913.4,63856.5,62369.8,63750.0,1964.57434369
1721131200,63750.0,64963.1,63071.4,64888.2,2374.82942496
1721145600,64874.7,65214.1,64111.0,65173.6,2024.95067501
1721160000,65169.9,65400.0,64153.8,65046.5,1366.77044379
1721174400,65046.6,66117.5,64931.8,65692.2,1683.21077299
1721188800,65694.0,65996.0,65200.4,65264.2,1125.17264346
1721203200,65260.1,65510.0,64558.5,64726.0,1146.30025803
1721217600,64725.7,65403.2,64533.3,64728.9,1369.43428149
1721232000,64729.0,64775.3,63849.4,64586.2,1831.98707638
1721246400,64589.1,64678.0,64060.0,64086.0,487.38485429
1721260800,64086.1,65142.5,63905.4,64859.8,1194.20249624
1721275200,64859.9,65059.9,64391.6,64671.6,638.44595621
1721289600,64671.6,64955.8,64444.0,64758.7,604.86134002
1721304000,64758.6,65110.8,63400.0,63537.4,2202.87871674
1721318400,63537.3,63961.1,63230.9,63555.4,1003.32580477
1721332800,63558.0,64132.7,63440.1,63991.2,512.24596901
1721347200,63991.3,64370.6,63300.1,64324.9,1118.92259045
1721361600,64325.0,64493.7,63610.1,63701.4,916.725192
1721376000,63701.3,64184.8,63410.8,64113.9,1210.20167855
1721390400,64113.9,65899.2,64028.4,65836.7,2826.59767112
1721404800,65836.6,67395.4,65826.4,67163.8,3187.22062713
1721419200,67157.7,67354.0,66615.4,66659.9,699.4605485
1721433600,66660.0,66824.9,66225.5,66602.7,820.38190662
1721448000,66601.1,66762.9,66438.4,66558.3,311.27111289
1721462400,66558.3,66737.0,66457.0,66480.1,287.01936144
1721476800,66480.2,66838.5,66278.3,66827.1,466.51292612
1721491200,66825.9,67619.6,66668.0,67223.8,1165.3279779
1721505600,67223.7,67432.8,66770.1,67137.7,638.52227901
1721520000,67136.1,67413.9,66949.1,67175.9,340.08600831
1721534400,67176.0,67226.0,66592.0,66713.0,690.88393445
1721548800,66710.2,67069.0,66680.2,66874.6,314.31542677
1721563200,66874.7,67500.0,66617.8,67167.5,760.48459861
1721577600,67167.6,67750.0,65764.5,67417.9,2519.46042496
1721592000,67422.0,68372.1,67262.2,68163.9,1375.13760432
1721606400,68162.7,68482.1,67751.9,67881.5,1069.52693965
1721620800,67881.5,68006.9,67128.0,67237.9,1015.78064656
1721635200,67236.0,67600.0,66944.1,67516.0,638.42828225
1721649600,67514.8,67958.4,66576.0,67065.3,1489.80072535
1721664000,67065.4,68260.0,66814.4,68227.9,1051.13366905
1721678400,68230.2,68254.3,67228.3,67524.6,775.91871826
1721692800,67524.7,67751.7,67214.7,67469.7,526.95411631
1721707200,67469.7,67524.0,66256.3,66584.0,1438.47710559
1721721600,66584.0,67163.9,66450.0,66675.9,718.18334854
1721736000,66675.4,67342.0,65956.0,66583.0,2469.6617784
1721750400,66575.9,66764.6,65420.0,65527.8,1422.62048935
1721764800,65524.1,66060.2,65472.0,65938.4,888.17668373
1721779200,65938.5,66144.9,65471.4,66050.6,740.03774863
1721793600,66050.6,66079.9,65604.7,66075.8,732.56991111
1721808000,66075.9,66600.0,65997.9,66367.4,989.74186995
1721822400,66367.4,67102.0,66096.0,66177.5,1489.00107417
1721836800,66179.5,66711.8,65568.0,65652.4,1144.3497613
1721851200,65654.0,66079.4,65100.0,65373.6,1135.71118276
1721865600,65372.1,65627.9,63855.0,64091.4,3098.15946449
1721880000,64091.4,64391.4,63771.8,64125.1,1109.86341893
1721894400,64125.0,64480.0,63852.3,64093.8,1295.34643366
1721908800,64093.8,65000.0,63450.1,64778.0,2507.71336971
1721923200,64778.0,65174.5,64384.0,64683.7,1594.30983323
1721937600,64680.0,66173.2,64412.1,65801.9,1363.04181949
1721952000,65802.0,67482.6,65718.0,67039.9,2367.1908496
1721966400,67040.0,67185.0,66874.0,66904.8,1071.99161149
1721980800,66904.8,67500.0,66904.8,67331.2,1329.79365681
1721995200,67332.2,67995.6,66880.2,67562.9,2260.81543846
1722009600,67562.0,68158.7,67306.5,67994.1,966.08181761
1722024000,67994.2,68218.0,67400.1,67908.9,680.77205624
1722038400,67909.0,68076.9,67629.9,67797.8,490.56341158
1722052800,67797.8,68300.0,67774.8,68040.2,461.98547697
1722067200,68040.1,68268.0,67900.0,68215.2,413.70111946
1722081600,68215.2,69409.5,68199.0,68862.5,1910.59299168
1722096000,68862.6,68998.0,67671.9,68254.5,1392.29929322
1722110400,68254.6,69200.0,66646.6,67897.1,4275.09376894
1722124800,67898.6,68288.6,67255.2,67930.8,711.63942472
1722139200,67930.9,68025.2,67051.1,67541.4,1499.80982703
1722153600,67541.4,67992.8,67202.1,67836.1,548.93976767
1722168000,67836.1,68115.3,67572.7,67645.8,572.7692894
1722182400,67650.0,68328.4,67604.3,68113.9,370.60881964
1722196800,68113.8,68273.7,67809.3,68239.5,369.3100841
1722211200,68239.5,69800.0,68166.0,69354.1,2576.23237417
1722225600,69354.6,69888.0,69270.4,69540.4,1549.31951979
1722240000,69542.0,69852.0,69355.8,69576.1,986.48142216
1722254400,69576.1,70050.0,67673.3,68100.0,4160.1300889
1722268800,68100.1,68118.5,66428.0,67307.9,3802.08344686
1722283200,67308.0,67552.0,66600.0,66786.1,872.51756127
1722297600,66783.8,66885.5,65868.0,66614.5,1743.89027241
1722312000,66614.5,67012.0,66319.3,66955.6,1016.1919093
1722326400,66951.7,66998.3,66400.6,66562.1,828.32646692
1722340800,66562.1,66945.1,65550.0,66217.9,2189.76527084
1722355200,66218.0,66555.1,65550.0,65920.9,1284.47392534
1722369600,65923.9,66359.7,65300.0,66190.1,852.60941641
1722384000,66188.1,66412.5,65883.4,66056.3,505.74744973
1722398400,66056.3,66555.5,65500.0,66227.9,1011.31673975
1722412800,66228.0,66379.2,65952.1,66098.0,592.90444502
1722427200,66098.1,66849.5,65978.0,66385.9,1258.22347754
1722441600,66386.0,66838.0,64888.0,65258.1,1813.38007966
1722456000,65254.1,65431.9,64516.4,64630.0,1932.54632896
1722470400,64630.0,64846.1,63751.5,63936.1,2300.9356689
1722484800,63936.0,64491.5,63580.0,64322.0,1385.97199144
1722499200,64323.2,64700.0,64306.0,64682.2,692.61439233
1722513600,64683.3,64948.8,62661.5,62902.0,3547.48780992
1722528000,62903.5,63493.2,62280.0,63414.1,2898.1281461
1722542400,63412.3,65654.0,63331.8,65356.0,2343.00287721
1722556800,65356.0,65598.9,63666.6,64605.5,1689.87660925
1722571200,64604.1,64680.0,63804.0,64156.0,997.04497589
1722585600,64155.9,64978.3,64041.6,64662.1,1154.00588566
1722600000,64662.0,65547.4,62440.0,63418.6,4970.77344457
1722614400,63419.4,63615.3,62514.1,62640.0,1878.59094708
1722628800,62641.1,63194.0,61230.0,61489.9,3412.34211066
1722643200,61490.0,61970.0,60504.1,61885.8,2095.39782426
1722657600,61889.3,61971.0,61393.5,61666.0,780.7993744
1722672000,61663.7,61999.3,61452.1,61910.8,784.65127645
1722686400,61910.8,62197.7,60827.3,60878.3,1306.02205433
1722700800,60878.3,61297.1,59925.8,60250.1,2721.43058373
1722715200,60248.7,60858.2,59837.5,60710.0,1818.91614508
1722729600,60712.0,61143.6,60328.3,60741.7,768.99087289
1722744000,60738.1,60933.4,60254.4,60371.1,607.46389529
1722758400,60366.1,61009.6,60102.6,60898.0,723.9510093
1722772800,60898.0,61098.4,58947.2,59087.7,2479.85957099
1722787200,59088.0,59494.9,57123.4,59252.8,4159.16779302
1722801600,59250.1,59588.0,58007.0,58160.1,1022.8103923
1722816000,58161.3,58310.0,52199.0,53887.8,13774.54981678
1722830400,53882.1,54567.0,48934.8,52672.1,14905.7379396
1722844800,52672.2,53223.5,50638.4,51340.1,6388.11808717
1722859200,51343.6,54978.9,49555.1,54318.0,16089.3985658
1722873600,54307.2,55573.4,52552.0,53470.1,5725.70021929
1722888000,53463.8,55201.9,53451.7,54018.0,2442.65200844
1722902400,54014.0,56330.9,53938.3,55668.8,3861.33898708
1722916800,55668.8,56160.0,55255.0,56007.4,2128.76732422
1722931200,56004.1,56114.3,54605.8,55208.2,2733.76959678
1722945600,55210.9,56615.4,54379.5,56412.6,4527.40968373
1722960000,56409.7,57073.6,56237.3,56761.0,2280.74205017
1722974400,56763.7,56935.6,55799.0,56022.0,1535.12011361
1722988800,56019.3,57280.0,55570.0,56863.8,2353.02490802
1723003200,56863.9,57246.0,56546.5,56925.8,1584.74242789
1723017600,56927.0,57736.3,56868.5,56968.6,3088.91796785
1723032000,56966.0,57481.4,55653.7,56092.7,2745.96097462
1723046400,56092.7,56325.7,54671.0,54756.1,2135.09242916
1723060800,54763.2,55613.6,54563.6,55142.7,1698.14860104
1723075200,55137.6,57649.6,54727.6,57055.8,3454.28190217
1723089600,57055.9,57421.7,56668.0,57192.0,1517.80862491
1723104000,57193.9,57688.0,56976.8,57321.5,1079.14777716
1723118400,57321.6,59516.0,56691.2,59429.9,5697.08640073
1723132800,59434.1,59876.0,59240.8,59415.3,2129.135098
1723147200,59420.0,62750.0,59300.0,61686.1,3091.89329284
1723161600,61692.0,61752.6,60771.3,61360.1,1669.7323551
1723176000,61360.1,61396.0,60589.1,60862.1,1203.15876414
1723190400,60862.0,61210.0,60180.0,60662.0,1404.8944177
1723204800,60658.1,61126.1,59532.7,59812.9,3008.43091861
1723219200,59812.9,60774.1,59730.0,60687.0,1094.60044197
1723233600,60686.0,60985.5,59922.8,60838.2,1356.11476305
1723248000,60837.9,61476.0,60278.0,60438.2,933.00885106
1723262400,60440.5,60855.0,60250.0,60847.4,320.79161507
1723276800,60847.5,61114.2,60626.4,60923.8,779.75196308
1723291200,60923.8,60945.2,60411.5,60523.9,534.40128422
1723305600,60523.9,61210.6,60408.0,61013.7,498.5391956
1723320000,61013.7,61164.4,60757.7,60921.3,292.82862384
1723334400,60921.2,61400.0,60892.0,61090.0,801.62846143
1723348800,61090.0,61273.4,60880.4,61262.6,433.53959526
1723363200,61264.5,61885.7,60431.0,60668.0,1211.77941106
1723377600,60666.1,60765.4,59936.3,60127.9,1234.91773969
1723392000,60128.0,60358.4,59550.9,59629.9,619.93285621
1723406400,59630.0,59678.0,58300.4,58711.7,2011.06162027
1723420800,58711.6,59080.0,58073.6,58515.9,1638.15820845
1723435200,58515.8,59000.0,57592.9,58674.1,1842.20312083
1723449600,58670.1,59973.9,58120.1,59851.9,1948.10483551
1723464000,59850.1,60692.8,57784.8,60207.2,4144.22964588
1723478400,60204.0,60409.1,58440.3,59044.0,1961.88559561
1723492800,59048.0,59750.8,58536.3,59348.0,1343.34309892
1723507200,59348.0,59931.7,58873.8,59048.0,1012.04493615
1723521600,59048.0,59482.7,58831.3,59243.9,485.44745891
1723536000,59243.9,59340.0,58398.1,58832.0,1084.23407468
1723550400,58832.0,59776.2,58706.3,59480.1,1551.96578255
1723564800,59480.1,61575.9,59460.0,60827.4,3424.59550732
1723579200,60827.4,61140.0,60388.0,60584.6,757.69258801
1723593600,60584.6,61300.0,60429.1,60944.1,783.66392344
1723608000,60950.3,61158.0,60635.7,60919.8,613.06675137
1723622400,60919.9,61454.7,60643.7,61293.9,910.74337611
1723636800,61294.1,61839.8,58817.2,59443.8,3849.9921446
1723651200,59443.8,59478.0,58613.3,58899.8,1254.03830736
1723665600,58892.0,59194.0,58441.2,58686.9,779.98953035
1723680000,58684.0,59048.3,58010.6,58445.5,1395.43761096
1723694400,58445.5,58642.1,57718.1,58063.9,1267.37286437
1723708800,58064.0,58872.4,57966.1,58742.0,1010.4814969
1723723200,58741.9,59774.0,58543.2,59675.8,2455.72153564
1723737600,59676.0,59850.0,56678.0,57046.6,3049.40193992
1723752000,57044.1,57888.0,56093.7,57544.0,1827.09209724
1723766400,57542.1,58508.0,57094.1,57892.0,1134.57679035
1723780800,57892.0,58634.3,57804.9,58464.0,1051.32088998
1723795200,58463.9,58682.2,58218.7,58410.1,1518.05688358
1723809600,58407.5,58910.0,57515.0,58074.1,2763.94079538
1723824000,58068.1,59821.0,57994.0,59681.6,2157.61091595
1723838400,59683.3,59717.6,58726.1,58880.4,817.63347999
1723852800,58880.5,59384.2,58804.9,59161.0,524.18871939
1723867200,59161.0,59275.3,59046.7,59251.9,345.84066196
1723881600,59248.7,59479.9,59057.0,59137.1,439.09299081
1723896000,59137.1,59656.0,59102.1,59394.3,721.42880528
1723910400,59394.3,59716.8,59300.0,59478.9,332.78453713
1723924800,59478.8,59503.4,59147.8,59499.7,140.80176671
1723939200,59499.8,60270.9,59300.0,59340.9,1331.10864103
1723953600,59340.9,59702.0,59257.0,59575.3,519.41912523
1723968000,59575.3,60196.0,59427.0,60020.7,1002.92958836
1723982400,60020.8,60288.4,59676.3,59863.4,707.71346374
1723996800,59867.7,59950.0,59352.5,59702.0,361.31072421
1724011200,59708.0,59874.0,58400.3,58434.7,830.76056418
1724025600,58433.8,58766.8,58218.7,58736.8,1264.85707154
1724040000,58736.7,58753.7,58378.1,58509.9,573.46727829
1724054400,58511.2,58674.0,57800.0,58395.6,1232.15854819
1724068800,58392.0,58969.9,58058.0,58540.0,1014.42196415
1724083200,58538.5,59292.0,58373.9,58972.0,824.49332909
1724097600,58965.9,59610.7,58911.2,59443.8,630.92927574
1724112000,59438.5,60922.0,59348.7,60627.5,2357.24229545
1724126400,60624.5,61419.6,60586.0,60930.6,1903.17162054
1724140800,60930.6,60978.0,60428.4,60521.0,951.04948266
1724155200,60521.0,60958.9,58697.0,58831.4,3633.32171133
1724169600,58823.4,59596.0,58541.2,59514.0,1152.79456794
1724184000,59508.1,59716.0,58819.1,59006.5,765.50702527
1724198400,59004.3,59513.7,58781.7,59320.9,805.82500047
1724212800,59320.9,59736.7,59187.6,59713.0,549.66140158
1724227200,59712.9,59923.9,59100.0,59358.8,793.49033906
1724241600,59358.8,60200.0,58815.9,59518.7,2225.62346638
1724256000,59522.0,61651.9,59372.0,61572.0,2258.26282174
1724270400,61572.1,61832.3,60912.8,61156.0,1645.32175548
1724284800,61156.0,61227.4,59667.6,60550.5,1582.72837692
1724299200,60550.5,61111.5,60455.5,60985.0,713.41593853
1724313600,60985.0,61401.2,60800.0,61333.3,1053.62447612
1724328000,61332.0,61393.1,60101.0,60407.1,2154.31101815
1724342400,60404.0,60590.7,60128.1,60307.6,944.73063819
1724356800,60308.0,60700.0,60283.3,60380.0,527.2366706
1724371200,60381.4,60970.5,60340.0,60594.2,647.62088644
1724385600,60594.2,61362.5,60585.2,61074.1,779.68470877
1724400000,61072.6,61340.0,60683.3,60738.1,834.89785612
1724414400,60738.1,62325.6,60738.1,61534.0,3783.38660153
1724428800,61535.2,63828.8,61343.1,63622.5,5157.63991783
1724443200,63624.8,65000.0,63490.6,64048.1,3358.17434577
1724457600,64048.2,64200.0,63631.8,63840.1,845.98978056
1724472000,63838.1,64345.9,63834.0,64312.9,790.25926117
1724486400,64312.8,64508.9,63895.1,63912.0,720.78009527
1724500800,63910.9,64259.2,63878.0,63984.1,761.42266651
1724515200,63987.8,64490.6,63888.8,64205.4,1029.08770795
1724529600,64205.4,64339.0,63513.7,64160.0,787.78234662
1724544000,64154.1,64660.0,64000.0,64106.9,1090.21054475
1724558400,64106.9,64209.8,63788.0,63872.1,623.90987547
1724572800,63872.1,64021.9,63780.1,63884.4,345.43016501
1724587200,63884.4,64296.6,63800.0,64133.5,473.69068919
1724601600,64132.1,64258.0,64000.0,64184.5,241.98354861
1724616000,64184.5,65010.2,64131.1,64227.5,1454.86183139
1724630400,64227.5,64482.8,63767.0,64116.9,906.99754004
1724644800,64116.2,64212.0,63581.3,63624.9,832.38023358
1724659200,63625.0,64049.5,63229.9,63851.4,1029.29922268
1724673600,63851.5,63972.0,63065.5,63534.0,1397.41199041
1724688000,63532.6,63890.8,63188.0,63345.6,1316.65116464
1724702400,63338.7,63559.6,62800.0,62818.3,770.09982072
1724716800,62830.4,63213.9,62654.4,62971.9,1326.92455541
1724731200,62972.0,63200.0,62736.0,62907.9,704.39724457
1724745600,62907.9,63005.6,62230.0,62428.7,1243.39691783
1724760000,62422.3,62500.0,61445.1,61704.0,2156.5650009
1724774400,61699.1,62199.9,61513.5,62108.5,767.59841628
1724788800,62106.5,62108.6,58000.0,59404.8,4735.26397253
1724803200,59406.9,59651.9,58911.5,59624.2,1647.39942027
1724817600,59624.2,59660.0,58509.8,58588.7,1345.54488632
1724832000,58588.7,60235.3,58528.2,59936.0,1691.48982273
1724846400,59936.0,60160.1,58418.4,59002.4,1958.35792175
1724860800,59003.6,59831.4,57825.1,58898.8,2624.86482411
1724875200,58898.0,59608.1,58616.5,59034.0,939.17184812
1724889600,59036.9,59321.9,58872.4,59151.7,960.84934223
1724904000,59152.0,59760.7,59064.2,59577.9,699.8257258
1724918400,59576.0,60480.3,59363.2,60062.0,1197.27842559
1724932800,60062.1,61186.4,59984.4,60777.4,1960.52267135
1724947200,60776.3,60959.2,58914.5,59256.1,1614.1463767
1724961600,59260.0,59636.3,58700.5,59352.1,680.79093496
1724976000,59352.0,59490.8,58912.1,59033.7,704.75519048
1724990400,59033.8,59584.0,58665.7,59266.7,1069.73271919
1725004800,59266.7,59677.3,59266.1,59397.3,795.54859987
1725019200,59397.3,59948.1,57936.5,58088.0,3415.84072579
1725033600,58093.1,59374.9,57650.0,58690.0,1396.29653463
1725048000,58690.1,59304.6,58690.1,59135.6,467.90582444
1725062400,59134.1,59461.5,59064.1,59237.5,392.89969955
1725076800,59237.5,59352.6,59064.5,59089.1,218.43162536
1725091200,59091.8,59185.0,58831.3,59125.0,300.94319182
1725105600,59128.3,59242.9,58890.0,59013.8,358.10491625
1725120000,59013.8,59142.6,58725.4,58865.1,363.55283463
1725134400,58865.2,59144.5,58787.9,58974.5,282.94936329
1725148800,58974.2,59083.4,58271.3,58527.4,588.83679663
1725163200,58527.4,58600.0,57772.3,58472.6,1111.38052388
1725177600,58477.6,58508.0,57829.2,58236.7,705.19502115
1725192000,58236.0,58371.2,57168.5,58214.1,1885.77836368
1725206400,58214.1,58799.9,57872.2,58518.0,805.03327417
1725220800,58518.0,58664.1,57193.9,57296.1,1255.27024851
1725235200,57294.9,57766.1,57116.2,57740.1,1221.66064512
1725249600,57740.0,57986.9,57356.0,57550.0,651.06238957
1725264000,57550.0,58666.6,57512.1,58427.1,1674.04586658
1725278400,58427.1,58817.4,58100.3,58535.7,1069.20801396
1725292800,58536.0,58666.6,58294.1,58449.0,360.88942689
1725307200,58448.9,59433.8,58379.9,59143.2,872.34073473
1725321600,59142.2,59817.0,59025.1,59121.4,864.40927603
1725336000,59121.4,59263.2,58873.9,59104.2,691.18306794
1725350400,59104.2,59195.3,58716.0,59066.6,449.90026383
1725364800,59066.6,59360.3,57562.1,57724.0,1954.81838206
1725379200,57721.5,58251.4,57590.9,58047.6,878.01015294
1725393600,58050.0,58246.2,57401.0,57484.0,568.60026705
1725408000,57480.1,57947.9,55568.0,56661.9,3321.41652605
1725422400,56662.0,56883.7,56168.0,56748.9,1274.9535619
1725436800,56748.0,56899.8,56438.0,56565.9,632.64362857
1725451200,56564.0,58165.1,56179.6,58128.7,2673.39084953
1725465600,58128.2,58522.1,57640.1,58056.4,1421.91958804
1725480000,58060.3,58408.1,57822.3,57970.0,529.29410513
1725494400,57970.0,58329.9,56900.0,57127.1,2009.47838268
1725508800,57127.4,57286.4,56534.8,57151.9,1120.38419432
1725523200,57150.6,57237.9,56611.1,56693.5,822.27273392
1725537600,56692.0,57370.5,55809.6,55976.1,3044.08011756
1725552000,55979.5,56719.2,55787.2,56051.2,1188.06763331
1725566400,56049.2,56272.0,55631.0,56176.0,723.04360752
1725580800,56176.0,56863.5,55980.1,56586.0,1144.22737997
1725595200,56586.0,56748.0,55273.4,55796.6,1415.27276406
1725609600,55796.6,56269.7,55633.9,56000.0,957.89955486
1725624000,56000.0,57054.8,53805.4,54044.0,6239.71059628
1725638400,54044.1,54434.1,53260.1,53535.9,3870.11713677
1725652800,53536.0,53972.0,52528.6,53958.8,2523.19963454
1725667200,53958.8,54097.4,53734.1,53813.8,905.01776787
1725681600,53815.9,54397.6,53799.9,54289.0,1175.76174076
1725696000,54288.9,54492.1,54172.5,54327.9,726.995272
1725710400,54328.0,54832.0,54328.0,54784.1,1073.94144851
1725724800,54784.1,54853.0,53979.4,54400.1,668.28820805
1725739200,54400.2,54437.8,53803.8,54155.8,567.42701456
1725753600,54161.2,54517.7,53966.6,54399.4,412.67194023
1725768000,54399.4,54581.5,54265.1,54440.5,467.95023258
1725782400,54441.9,54746.7,54355.0,54560.0,751.34707326
1725796800,54560.0,54573.9,53646.1,53687.9,1257.74471813
1725811200,53686.9,54530.0,53626.2,54333.0,607.71983848
1725825600,54333.0,55320.1,54135.7,54875.9,1353.80193445
1725840000,54876.0,55368.6,54690.6,55117.9,1390.8566348
1725854400,55118.0,55155.3,54588.7,54966.7,825.77608237
1725868800,54966.7,55555.0,54952.1,55263.9,1430.91314261
1725883200,55263.9,55805.2,54805.1,55383.9,2550.35622629
1725897600,55384.0,57187.4,55344.0,57096.1,3932.81034675
1725912000,57090.3,58135.0,56812.1,57030.8,1713.63474052
1725926400,57030.9,57066.0,56527.1,56527.1,951.80111546
1725940800,56527.1,57301.6,56387.1,57220.3,1463.99518764
1725955200,57218.1,57385.5,56897.5,57220.4,1205.69702428
1725969600,57220.5,57470.6,56527.8,56592.2,1800.44932424
1725984000,56592.2,58045.8,56560.0,57951.7,1873.36879085
1725998400,57952.1,57980.6,57450.0,57639.7,503.6798374
1726012800,57639.8,57750.0,56679.0,56827.6,1340.09158707
1726027200,56822.0,56822.0,56075.2,56716.0,1277.59257674
1726041600,56715.9,56875.3,56346.4,56795.8,1009.20876507
1726056000,56795.9,57173.9,55555.0,56700.4,3282.7473456
1726070400,56700.0,57988.0,56645.5,57588.0,2077.52754359
1726084800,57585.2,57678.0,57214.0,57338.3,350.4889899
1726099200,57335.3,58483.5,57328.2,58229.8,1804.1442356
1726113600,58231.2,58430.0,57840.1,58138.1,778.65525046
1726128000,58138.1,58349.8,57892.3,58064.1,637.44568819
1726142400,58064.2,58588.8,57335.0,57514.2,2867.92092904
1726156800,57512.0,58457.2,57494.2,58395.9,812.46986317
1726171200,58393.9,58396.0,57770.8,58132.5,565.36021534
1726185600,58132.5,58252.6,57828.1,57849.9,616.98464907
1726200000,57850.0,58143.9,57744.0,58115.7,463.05461216
1726214400,58115.8,58349.5,57821.9,57876.0,696.27474015
1726228800,57876.0,59717.0,57635.4,59660.1,2772.62286085
1726243200,59658.1,59999.3,59312.1,59737.6,2468.32428703
1726257600,59740.9,60644.7,59627.6,60500.1,1584.96506142
1726272000,60500.0,60612.2,60288.8,60328.9,645.77766058
1726286400,60324.4,60350.0,59900.4,60145.0,945.20908622
1726300800,60143.4,60165.8,59600.0,59705.9,764.83910688
1726315200,59705.9,60028.0,59632.0,59875.3,661.94381274
1726329600,59875.3,59988.0,59355.9,59812.3,764.26294077
1726344000,59812.3,60145.1,59776.0,59991.8,372.63377079
1726358400,59991.9,60270.9,59985.0,60157.7,330.94997191
1726372800,60155.8,60219.0,60068.8,60193.8,251.37624793
1726387200,60193.7,60205.3,59876.1,60008.2,327.41440731
1726401600,60008.2,60407.3,59868.1,60334.2,530.15070741
1726416000,60334.2,60354.0,59701.6,59879.7,723.49091876
1726430400,59879.7,59941.9,58692.8,59126.2,1549.29154525
1726444800,59126.3,59209.9,58120.0,58573.6,1578.07689189
1726459200,58573.6,58967.3,58318.3,58901.5,768.94801347
1726473600,58907.4,59179.9,58506.4,58661.6,848.25841395
1726488000,58659.9,58790.7,57565.3,57881.8,2095.78000702
1726502400,57881.6,58268.3,57431.1,57951.9,1966.39413973
1726516800,57942.1,58428.4,57602.1,58211.9,823.92075488
1726531200,58212.0,58346.5,57615.7,58066.1,799.01761732
1726545600,58066.1,58786.6,58028.1,58700.0,758.43753085
1726560000,58700.1,59300.0,58634.1,59090.7,1306.46950267
1726574400,59090.7,61343.1,58872.1,61134.0,4235.63700944
1726588800,61133.4,61268.0,59627.3,59971.9,2181.12657616
1726603200,59972.0,60454.5,59742.5,60314.6,824.96294874
1726617600,60314.7,60771.0,59877.7,60517.9,1038.69118241
1726632000,60518.0,60698.0,60200.0,60427.0,726.03855504
1726646400,60427.0,60428.0,59379.9,59851.2,1329.36074514
1726660800,59851.9,60160.1,59312.1,59430.0,1375.93010127
1726675200,59430.0,61355.6,59179.7,60061.5,4970.91407335
1726689600,60066.0,61807.8,59468.3,61767.7,2138.55620856
1726704000,61770.7,62588.8,61558.0,62112.1,2996.90929108
1726718400,62112.1,62173.8,61817.0,62099.5,1101.73234558
1726732800,62099.8,62734.8,61889.3,62644.6,1341.60279612
1726747200,62643.4,63509.1,62556.9,63156.2,2871.15488538
1726761600,63157.6,63858.1,62923.0,63253.8,2139.91816328
1726776000,63254.3,63260.0,62654.4,62956.3,1012.69609853
1726790400,62956.4,63750.0,62614.0,63738.0,1430.91787853
1726804800,63741.4,64142.8,63390.5,63516.0,2344.86372464
1726819200,63516.1,63704.1,63100.1,63441.2,1190.38599675
1726833600,63441.1,63548.0,62574.5,63160.0,2208.82631143
1726848000,63159.9,63285.9,62338.0,62806.1,1166.45150428
1726862400,62806.2,63300.5,62702.0,63200.0,850.24525398
1726876800,63199.9,63300.0,62812.3,62888.0,407.24393758
1726891200,62888.0,63128.0,62750.6,63082.5,470.37644225
1726905600,63082.5,63139.0,62958.0,63084.2,206.63879951
1726920000,63084.3,63305.0,63029.3,63170.1,491.11860928
1726934400,63170.2,63399.0,63084.4,63204.0,392.81986008
1726948800,63204.1,63569.1,63046.4,63348.0,409.26793388
1726963200,63348.1,63450.0,62800.0,63114.8,656.49660766
1726977600,63114.9,63205.9,62837.4,62944.1,388.2411945
1726992000,62944.2,63035.0,62551.0,62779.3,707.22740666
1727006400,62779.4,62940.0,62466.5,62656.1,549.53716999
1727020800,62656.0,63229.8,62470.2,63164.1,586.65673149
1727035200,63164.1,64019.0,62364.8,63574.2,1672.52981119
1727049600,63577.5,64750.0,62560.0,64358.7,2287.52397142
1727064000,64358.7,64467.8,63382.1,63551.9,1247.9572928
1727078400,63551.9,63695.9,63305.2,63428.6,691.46500728
1727092800,63429.8,63807.5,63060.2,63616.1,1859.43599756
1727107200,63616.0,63823.0,63102.0,63300.0,809.39829806
1727121600,63305.8,63504.0,63092.2,63336.1,570.32735468
1727136000,63334.1,63404.0,62702.3,63122.0,1360.80861198
1727150400,63122.1,63576.0,62941.1,63565.9,793.78903041
1727164800,63565.9,63950.0,63379.1,63475.9,1125.19863069
1727179200,63476.0,63776.6,62728.1,63160.0,2106.23269913
1727193600,63161.0,64384.2,63093.1,64297.2,1529.34536727
1727208000,64297.2,64698.0,63976.9,64275.8,1440.67986284
1727222400,64275.8,64822.2,63993.1,64456.0,1240.34433776
1727236800,64456.0,64462.9,63643.0,63850.9,988.01131277
1727251200,63850.9,63914.0,63406.0,63837.9,980.33751359
1727265600,63838.0,64000.0,63320.0,63499.0,1858.24254615
1727280000,63499.3,63669.9,63000.0,63187.7,1241.99978395
1727294400,63183.6,63569.4,62950.0,63154.9,594.96762443
1727308800,63154.9,63545.3,62671.0,63509.9,1199.13443523
1727323200,63510.0,63874.0,63329.7,63852.4,888.34012769
1727337600,63852.5,64500.0,63590.0,64400.5,1532.56532628
1727352000,64400.0,65556.6,64154.1,65233.0,3465.73710825
1727366400,65234.0,65831.9,64679.6,64698.2,1679.92229649
1727380800,64699.9,65246.0,64625.8,65163.4,867.73995758
1727395200,65163.4,65420.0,64820.0,65366.0,1022.2845183
1727409600,65366.1,65546.5,65070.9,65464.7,1617.50938572
1727424000,65464.7,65997.2,65342.0,65436.4,1283.95022247
1727438400,65436.5,66500.0,65316.1,66000.1,2501.73190104
1727452800,66000.0,66364.0,65520.1,65651.3,1461.06903572
1727467200,65650.3,65969.8,65620.0,65774.1,328.2903361
1727481600,65774.0,66269.7,65718.0,66071.9,500.06937115
1727496000,66072.0,66097.9,65729.9,65816.6,571.63439083
1727510400,65816.6,65816.7,65446.1,65799.9,574.78631645
1727524800,65800.0,65814.8,65414.6,65619.0,597.5781322
1727539200,65619.1,65820.0,65490.0,65730.3,246.01923791
1727553600,65730.4,66000.0,65420.0,65853.3,410.26188072
1727568000,65853.4,65982.0,65650.0,65820.6,404.5690595
1727582400,65820.7,65820.7,65440.0,65474.0,486.55715116
1727596800,65474.0,65735.4,65440.0,65699.1,423.59991565
1727611200,65699.1,65857.8,65555.0,65756.2,622.6955755
1727625600,65756.2,65970.0,65648.1,65953.9,262.57051888
1727640000,65954.0,66079.6,65526.1,65603.5,377.37849077
1727654400,65603.6,65623.7,64194.6,64551.1,2729.12605397
1727668800,64551.2,64712.0,64320.0,64563.9,1110.48703072
1727683200,64564.0,64580.0,63250.0,63822.0,2650.99922337
1727697600,63822.0,64153.6,63537.9,63558.8,1756.4971421
1727712000,63558.8,63733.7,63055.6,63485.4,1344.34920906
1727726400,63486.6,63854.4,62850.0,63327.5,963.51081496
1727740800,63327.6,63744.0,63000.0,63718.3,1129.58119089
1727755200,63718.3,64128.0,63644.0,64044.9,856.99378843
1727769600,64045.0,64102.2,63722.0,63725.0,676.31729361
1727784000,63725.1,63811.9,61798.1,62629.6,5300.70716814
1727798400,62629.6,62777.0,61070.0,61754.5,4320.12726669
1727812800,61754.6,61769.6,60160.1,60814.5,2543.03231147
1727827200,60814.5,61876.3,60733.7,61742.0,1291.48676068
1727841600,61742.1,61942.7,61350.0,61726.4,945.32867904
1727856000,61726.4,61920.7,60888.0,61163.6,1162.18501804
1727870400,61163.7,61925.9,60526.9,61875.5,2298.54068099
1727884800,61875.5,62375.6,60000.0,60186.1,2420.93907491
1727899200,60186.1,60991.8,60130.0,60642.1,1342.85594096
1727913600,60642.1,61471.3,60530.0,61460.8,881.4912747
1727928000,61460.8,61479.0,60815.7,60927.0,836.49818309
1727942400,60926.2,61070.5,60125.9,60768.0,1671.66328297
1727956800,60765.5,60898.2,59800.0,60636.3,2618.14416236
1727971200,60636.4,61056.0,59910.0,61031.4,2722.33583305
1727985600,61029.9,61100.0,60610.2,60753.8,456.88453444
1728000000,60752.8,61272.0,60462.0,60956.2,922.06057051
1728014400,60956.3,61500.0,60934.0,61439.9,948.43269572
1728028800,61439.9,61644.0,61260.2,61446.0,777.14272047
1728043200,61446.0,62010.4,60784.5,61884.0,2629.49463084
1728057600,61884.1,62471.3,61643.4,62369.9,1173.07050821
1728072000,62371.6,62480.8,61970.1,62094.1,481.78050302
1728086400,62093.4,62205.8,61687.0,61872.3,517.18982587
1728100800,61874.7,62270.0,61810.6,62067.3,387.7397633
1728115200,62067.3,62331.6,62067.3,62188.5,219.21416446
1728129600,62188.6,62382.9,62096.1,62167.2,470.55003527
1728144000,62167.3,62189.0,61788.0,61854.8,342.78123433
1728158400,61854.9,62111.1,61706.0,62058.6,210.91773005
1728172800,62058.6,62159.9,61886.0,61886.1,233.8827573
1728187200,61886.1,62023.8,61820.0,61950.5,169.52715402
1728201600,61950.4,62168.3,61922.5,62099.9,413.67423179
1728216000,62099.9,62797.1,62064.4,62724.8,787.29675795
1728230400,62724.9,62986.9,62550.0,62634.0,516.98570355
1728244800,62634.0,62919.9,62305.6,62825.3,505.30607746
1728259200,62825.4,63980.0,62660.9,63533.0,1861.47251558
1728273600,63533.0,63726.9,63322.0,63542.1,632.11757156
1728288000,63542.2,63713.5,62658.0,63139.9,1564.05837328
1728302400,63140.0,64466.9,62824.0,63658.0,3263.12455464
1728316800,63658.0,63916.5,62738.0,63385.3,1166.27466256
1728331200,63384.2,63414.6,62126.0,62222.1,1210.08201787
1728345600,62222.0,62818.0,62158.0,62626.4,715.57020126
1728360000,62626.9,62780.0,62002.9,62315.5,836.25052415
1728374400,62315.6,62663.4,62188.0,62624.6,437.43809784
1728388800,62624.5,63200.0,61866.0,62287.5,2427.36458227
1728403200,62287.5,62596.0,61870.0,62245.5,1284.42828256
1728417600,62245.9,62571.9,62018.3,62155.9,373.03795696
1728432000,62156.0,62494.0,61994.9,62388.1,535.71033688
1728446400,62388.1,62549.2,62200.0,62273.6,312.21306891
1728460800,62273.5,62290.0,62040.0,62196.1,991.90739889
1728475200,62196.2,62411.4,61634.0,62309.9,1758.33535856
1728489600,62310.0,62346.5,60832.5,61028.5,1789.74105787
1728504000,61029.5,61120.0,60302.0,60637.5,889.45560519
1728518400,60637.5,60954.8,60365.7,60864.7,644.7817059
1728532800,60864.8,61154.0,60812.6,60892.9,644.68980203
1728547200,60892.9,61315.8,60625.0,61258.2,884.60128586
1728561600,61258.1,61315.9,60450.0,60795.2,1616.77194497
1728576000,60796.0,61035.1,58935.6,59725.9,2778.76575871
1728590400,59725.8,60322.4,59583.6,60322.4,881.05707986
1728604800,60322.5,60774.3,60088.0,60610.0,689.48504311
1728619200,60610.1,60923.0,60572.3,60672.0,690.29330345
1728633600,60672.0,61264.0,60650.0,61172.2,822.38361445
1728648000,61172.3,62466.0,61127.5,62267.1,2991.66207652
1728662400,62267.2,63419.5,62130.0,63088.0,2605.78972453
1728676800,63086.8,63171.9,62349.2,62546.0,856.54189227
1728691200,62546.1,63098.8,62477.4,62572.6,615.68599049
1728705600,62572.7,62827.2,62570.0,62755.6,550.48580027
1728720000,62755.6,63269.4,62669.0,62948.0,537.08188506
1728734400,62948.0,63488.0,62821.3,63166.1,1530.35373344
1728748800,63166.2,63400.0,62912.0,63000.0,331.10483071
1728763200,63000.1,63389.8,63000.0,63209.9,283.99931184
1728777600,63209.4,63294.5,62659.2,62713.9,607.80799729
1728792000,62715.5,63000.0,62711.0,62853.9,390.39774726
1728806400,62850.8,62971.3,62521.7,62567.0,376.78814279
1728820800,62567.1,62834.9,62050.0,62230.1,1154.26869102
1728835200,62230.0,62884.9,62169.4,62735.9,505.87904
1728849600,62737.5,63141.7,62604.3,62872.0,309.12762039
1728864000,62872.1,64400.0,62453.4,64309.9,2031.596472
1728878400,64309.9,64682.5,63779.4,64620.0,2798.73975293
1728892800,64619.9,65171.2,64344.0,64922.6,2054.53783408
1728907200,64922.7,66294.0,64653.9,65878.1,4012.65196961
1728921600,65878.0,66087.9,65530.9,65948.0,2085.61481369
1728936000,65948.0,66577.1,65733.5,66089.8,1582.03623896
1728950400,66089.9,66332.6,65333.7,65406.0,934.63900932
1728964800,65406.1,65855.9,65228.3,65661.3,991.71114742
1728979200,65662.5,65860.7,65280.1,65403.0,880.41681377
1728993600,65403.1,67963.6,64781.5,66023.1,7011.94710906
1729008000,66023.1,67388.0,65982.7,66974.1,3506.8457878
1729022400,66974.1,67178.8,66136.6,67072.1,1073.25315596
1729036800,67072.1,67564.5,66755.1,67094.1,1244.02254226
1729051200,67093.5,67356.1,66770.1,66984.6,844.06860228
1729065600,66984.7,68422.6,66918.0,67913.9,3067.40540783
1729080000,67914.0,68318.2,67128.4,67759.3,2569.06878137
1729094400,67759.5,68107.9,67480.2,67728.7,1146.53709452
1729108800,67725.3,67963.9,67500.1,67614.3,575.88575461
1729123200,67614.4,67941.0,67407.6,67598.0,658.2838466
1729137600,67598.0,67598.0,67079.9,67299.9,1159.14387916
1729152000,67300.0,67526.0,66813.1,66874.6,1203.1057924
1729166400,66874.5,67681.7,66670.0,67590.5,2209.29007108
1729180800,67590.5,67595.5,66720.0,66845.7,1453.473875
1729195200,66845.9,67497.7,66824.2,67426.5,617.05114998
1729209600,67426.5,68265.6,67188.5,67550.1,1336.26810211
1729224000,67550.2,68387.0,67536.1,67967.6,1313.89544659
1729238400,67967.6,68056.7,67674.0,67699.9,864.65127329
1729252800,67700.0,68880.0,67642.0,68744.2,3091.85723087
1729267200,68744.5,69000.0,68358.0,68603.0,1706.0897586
1729281600,68604.5,68696.0,68211.0,68431.4,556.48679693
1729296000,68431.4,68700.0,68300.1,68452.0,408.46486162
1729310400,68452.1,68572.0,68301.8,68350.7,310.9772316
1729324800,68350.7,68474.3,68080.0,68083.3,400.13274487
1729339200,68083.4,68351.9,68080.0,68227.7,419.17466868
1729353600,68227.8,68245.9,68006.0,68176.8,304.04367334
1729368000,68176.9,68425.2,68162.6,68366.2,294.43880441
1729382400,68366.3,68445.9,68100.0,68190.4,270.4205322
1729396800,68190.5,68434.1,68163.7,68366.1,342.92116464
1729411200,68366.1,68494.6,68341.0,68413.8,234.32339613
1729425600,68413.9,68765.2,68208.0,68631.9,920.88640463
1729440000,68632.0,68664.8,68418.0,68509.6,416.83980842
1729454400,68509.7,69425.0,68462.0,69035.6,1357.06251172
1729468800,69035.7,69546.0,68604.3,68940.0,1591.60349514
1729483200,68940.0,69192.7,68467.2,68512.4,967.79691137
1729497600,68512.4,68664.9,68140.9,68241.4,1096.48793992
1729512000,68241.4,68339.8,66842.8,67331.5,4040.25653013
1729526400,67331.5,67925.9,66889.3,67755.9,1941.4196982
1729540800,67756.0,67922.0,67344.0,67371.7,986.88320771
1729555200,67371.8,67688.0,66555.0,67393.9,1729.96591726
1729569600,67394.0,67790.5,67282.0,67400.7,962.34871668
1729584000,67400.7,67523.9,66746.0,67300.0,1624.9573839
1729598400,67300.1,67697.2,66640.0,67283.5,2472.4173084
1729612800,67283.6,67639.8,66917.4,67481.0,1451.57102175
1729627200,67480.0,67838.0,67285.7,67421.2,561.92436411
1729641600,67421.3,67470.3,66888.8,67079.8,815.18035637
1729656000,67079.9,67299.9,66800.0,66856.1,596.81904592
1729670400,66856.2,67048.8,66199.8,66422.0,1553.93540887
1729684800,66422.5,66898.3,65923.1,66220.0,1725.77505411
1729699200,66220.1,66566.0,65251.0,66474.8,2404.23117471
1729713600,66477.2,66812.0,66338.0,66666.0,684.209419
1729728000,66666.1,67616.4,66514.0,67215.1,1585.19828554
1729742400,67215.1,67475.5,67074.3,67124.8,878.18670414
1729756800,67124.1,67328.8,66728.0,67293.9,792.55175978
1729771200,67294.0,67984.0,67261.0,67697.7,1900.75699443
1729785600,67697.8,68330.0,67350.7,68298.0,1202.72873658
1729800000,68297.9,68850.3,67951.6,68198.5,956.23301677
1729814400,68198.6,68278.0,67833.0,68006.8,675.51166186
1729828800,68006.8,68048.9,67250.0,67529.9,1159.53230991
1729843200,67529.9,68173.9,67312.9,68108.3,911.31141532
1729857600,68108.7,68771.9,67445.5,67687.5,2175.78201361
1729872000,67687.5,67870.2,66000.0,66847.3,4040.51669257
1729886400,66847.3,67391.3,65588.7,66710.0,2358.7947243
1729900800,66710.0,67041.6,66442.0,66912.0,1178.15614903
1729915200,66912.8,67239.9,66781.9,67008.0,690.48749415
1729929600,67008.0,67263.9,66954.1,67132.2,380.64382805
1729944000,67132.2,67178.5,66744.3,66886.2,555.7529355
1729958400,66886.1,67195.9,66788.9,67187.4,448.24496085
1729972800,67187.5,67482.7,67076.9,67095.9,362.28197315
1729987200,67095.8,67324.4,66936.9,67290.8,231.29384689
1730001600,67290.9,67322.0,67119.3,67203.4,134.98383824
1730016000,67203.4,67270.0,67042.0,67125.8,220.00180482
1730030400,67125.9,67852.1,67122.0,67786.0,711.82110559
1730044800,67785.9,68000.0,67544.4,67845.3,553.17399049
1730059200,67845.4,68344.0,67722.5,68022.9,857.01648851
1730073600,68022.2,68119.9,67678.0,67726.0,574.95202722
1730088000,67726.1,68678.5,67618.0,68420.0,1038.0580159
1730102400,68420.0,68838.0,68235.4,68761.7,954.34078749
1730116800,68761.8,69285.0,68431.2,68491.5,2618.55784635
1730131200,68490.8,69910.0,68450.0,69632.4,2487.01310016
1730145600,69632.1,70332.9,69426.1,69961.2,1888.33426613
1730160000,69961.3,71600.0,69754.6,70945.2,3216.37187816
1730174400,70945.1,71360.6,70835.9,71018.0,1151.58622276
1730188800,71017.9,71585.0,70977.6,71457.9,1275.65443153
1730203200,71457.9,72440.3,70927.7,72398.3,3667.26048875
1730217600,72398.1,73650.0,72350.4,72538.9,4752.46006117
1730232000,72538.9,73000.0,71886.7,72746.0,1603.53233633
1730246400,72746.0,72799.9,72014.4,72245.7,1590.82325426
1730260800,72245.8,72628.6,72100.0,72232.0,1026.31968993
1730275200,72232.1,72600.0,71928.4,71987.6,1024.35145038
1730289600,71988.0,72466.0,71440.0,72060.2,2333.20037848
1730304000,72060.2,72200.0,71650.0,71815.5,1051.99728439
1730318400,71814.2,72962.0,71640.2,72345.2,1550.8899851
1730332800,72345.2,72596.0,72023.6,72349.8,813.76631333
1730347200,72349.9,72477.9,72142.0,72414.9,629.17113516
1730361600,72415.0,72696.0,72138.1,72218.0,1145.33700574
1730376000,72218.1,72278.0,70444.0,70628.0,5232.35487283
1730390400,70627.9,70907.9,70033.5,70096.1,1653.22190295
1730404800,70092.9,70648.6,69688.0,70302.2,1292.1584358
1730419200,70302.3,70471.8,68829.9,69364.0,2209.47425873
1730433600,69364.1,69699.0,69082.8,69274.0,680.16752996
1730448000,69274.1,70231.9,69226.9,70004.6,1236.50122814
1730462400,70004.7,71629.9,69030.1,69391.0,4541.72439629
1730476800,69391.5,70514.5,68800.2,69265.9,2747.41370988
1730491200,69265.8,69628.0,68861.7,69495.5,728.52957439
1730505600,69495.6,69914.2,69478.1,69599.9,579.09015155
1730520000,69600.0,69828.0,69446.0,69821.9,316.76662751
1730534400,69821.9,69848.0,69414.0,69604.1,347.28513749
1730548800,69604.2,69707.9,69017.8,69391.3,840.00986097
1730563200,69391.4,69607.1,69223.4,69504.5,395.42771605
1730577600,69504.6,69568.0,69155.1,69371.0,376.31126952
1730592000,69371.0,69386.0,67825.2,68374.9,1976.79349523
1730606400,68375.0,68787.4,68300.0,68398.0,780.70500539
1730620800,68398.0,68607.4,68200.5,68347.8,522.59125655
1730635200,68347.9,68560.0,67458.0,68100.0,1872.28776893
1730649600,68100.0,68699.4,67682.6,68679.9,1133.48274622
1730664000,68679.9,69350.0,68500.0,68769.3,1382.10742696
1730678400,68770.0,69499.0,68233.4,69046.3,1269.72083633
1730692800,69046.4,69400.0,68617.9,68620.5,812.79848571
1730707200,68620.5,69046.0,68471.4,68794.1,856.36763815
1730721600,68794.2,69260.0,68206.1,68645.5,1390.54858181
1730736000,68645.5,68809.0,67240.7,67849.4,2194.70727512
1730750400,67849.4,68109.6,66822.5,67850.0,1911.74911754
1730764800,67850.1,68258.4,67471.4,68239.4,933.5188599
1730779200,68239.5,68974.8,68212.9,68899.9,916.84555384
1730793600,68899.9,69102.1,68616.0,68812.6,1091.7653431
1730808000,68812.6,70329.9,68663.2,69632.1,3579.98844706
1730822400,69632.7,70554.9,68709.0,68989.9,2514.40131633
1730836800,68990.0,69908.6,68830.0,69372.7,1489.04419009
1730851200,69372.8,75242.2,69289.9,74356.1,10751.09429327
1730865600,74356.0,75409.6,73089.0,73376.1,8149.441298
1730880000,73376.1,74497.5,72700.0,74273.6,4054.63015388
1730894400,74277.2,74777.1,73486.0,74296.4,3410.43110832
1730908800,74299.6,75850.0,74116.5,75814.1,3441.13665261
1730923200,75814.2,76388.0,75502.1,75584.8,2416.03328842
1730937600,75584.9,76031.7,75000.0,75040.0,2266.6999007
1730952000,75040.1,75056.4,74429.0,74768.6,1378.75443465
1730966400,74768.6,75160.0,74672.0,74752.0,806.11940656
1730980800,74751.9,76071.4,74516.0,76056.3,1830.40358401
1730995200,76056.5,76700.0,75550.6,76510.0,2513.91549705
1731009600,76510.0,76848.1,75484.3,75860.3,1822.72953429
1731024000,75860.4,76364.0,75583.4,75898.9,1181.74503986
1731038400,75898.9,76224.9,75683.5,76156.5,1868.04664369
1731052800,76156.5,76320.0,75759.0,75936.7,1005.76887211
1731067200,75937.1,76588.0,75614.4,76418.8,1951.48312773
1731081600,76418.9,77179.1,75800.2,76906.0,2156.32140952
1731096000,76906.0,77087.9,76279.5,76499.1,1311.11451398
1731110400,76499.1,76625.7,76132.9,76340.0,741.37141503
1731124800,76340.1,76799.9,76288.1,76531.8,925.46328465
1731139200,76531.8,76735.9,76378.0,76489.3,538.47317399
1731153600,76489.3,76543.3,76272.1,76321.2,562.29893781
1731168000,76321.3,76724.0,75714.2,76209.0,1055.89383523
1731182400,76209.1,76915.8,76173.6,76675.0,701.96544551
1731196800,76675.1,77516.1,76494.1,77204.7,2003.69666185
1731211200,77204.8,79787.2,77136.1,78827.7,4983.38581444
1731225600,78827.7,80045.0,78827.7,79841.6,2124.67223969
1731240000,79841.6,80100.0,79172.0,79687.3,2212.97194099
1731254400,79687.2,81055.2,79317.8,79742.9,2977.51541352
1731268800,79743.0,81568.0,78500.0,80360.0,2693.00682039
1731283200,80358.8,81848.0,80212.1,81610.1,2261.57891879
1731297600,81610.1,81730.6,80430.2,81104.4,1606.89566892
1731312000,81104.0,82373.9,81012.0,82136.1,1997.30743253
1731326400,82136.0,84288.0,81460.4,84068.2,4639.3540996
1731340800,84068.1,86675.3,83825.6,86091.6,5419.15167791
1731355200,86091.7,89575.0,86038.2,88640.0,6803.6668651
1731369600,88640.1,89483.8,86557.2,88060.0,4947.59227925
1731384000,88056.1,89970.2,87714.4,89011.8,4121.18529276
1731398400,89011.8,89400.0,85323.0,87156.1,6587.36404878
1731412800,87156.0,87855.0,85091.8,86611.9,5706.92327753
1731427200,86611.8,89750.0,85725.7,88697.9,4210.88897634
1731441600,88698.0,89852.0,87400.0,87944.5,3241.44433275
1731456000,87944.6,88558.0,87028.0,87139.1,2331.03872562
1731470400,87139.1,87693.9,86126.1,87357.6,2495.90635025
1731484800,87357.7,88088.2,87078.9,87666.5,1257.99396192
1731499200,87660.1,92666.0,87487.5,92525.6,6811.24039006
1731513600,92525.7,93263.0,89938.0,90176.9,5947.67802742
1731528000,90176.8,91157.3,87977.0,90378.4,3536.2771535
1731542400,90378.4,90568.0,89500.0,89936.2,1913.12107377
1731556800,89936.1,90865.9,89106.2,90781.0,2064.00619963
1731571200,90780.0,91663.0,90332.1,91483.8,2650.3077376
1731585600,91483.8,91777.7,87837.7,87954.9,4276.31696148
1731600000,87954.9,89690.8,87526.2,89464.0,2429.84355617
1731614400,89463.9,89463.9,86666.6,87330.0,2755.72571573
1731628800,87330.0,88500.0,87248.2,88201.9,1271.28911492
1731643200,88201.9,88387.9,87070.9,87623.9,1603.40610642
1731657600,87625.2,89766.6,87372.8,89731.9,1938.14886484
1731672000,89732.0,90707.5,87763.3,88439.9,3797.0071508
1731686400,88439.9,90833.0,88376.1,90374.2,2311.95283853
1731700800,90374.8,91851.2,90327.5,91022.9,2193.15109749
1731715200,91022.9,91700.0,90832.1,91248.1,931.24205465
1731729600,91248.1,91784.6,91059.1,91117.9,647.4061259
1731744000,91117.8,91587.9,90972.4,91169.9,716.54026737
1731758400,91166.2,91316.0,90060.1,90527.8,1370.10068975
1731772800,90527.8,91388.0,90200.0,91108.4,667.41668845
1731787200,91108.4,91185.1,90273.8,90583.3,619.35789119
1731801600,90583.9,90899.9,89354.3,90247.9,1347.1927426
1731816000,90248.0,90887.9,90140.4,90564.4,795.37626106
1731830400,90564.5,91489.9,90481.4,90688.1,1326.68878225
1731844800,90688.1,91190.8,89912.8,90260.0,1053.94647305
1731859200,90260.1,90644.0,89690.3,90048.9,978.27626118
1731873600,90048.9,90222.7,88714.2,89860.0,1247.79504193
1731888000,89860.8,90936.3,89632.4,90655.9,1050.98196237
1731902400,90655.9,92279.1,90440.3,91716.4,2463.69278882
1731916800,91721.4,92256.2,90040.8,90277.1,2932.11603806
1731931200,90280.2,92644.1,89375.0,92333.3,4741.63861187
1731945600,92339.1,92592.6,89675.2,90608.9,3045.48360819
1731960000,90608.9,91979.9,90220.9,90464.0,2137.66096116
1731974400,90463.9,91559.1,90348.0,91428.8,1211.37871938
1731988800,91429.5,92019.9,91238.1,91624.7,1307.84371646
1732003200,91627.5,91950.0,91190.4,91660.0,1523.09758905
1732017600,91660.1,92800.0,90986.9,92380.7,4139.63798666
1732032000,92382.5,93888.0,92128.0,93225.7,3014.26348191
1732046400,93225.6,93569.0,91304.1,92307.9,2050.31989022
1732060800,92307.9,92423.9,91479.7,92043.9,1276.96791285
1732075200,92043.9,92848.0,91857.2,92842.4,979.57485781
1732089600,92842.3,93666.0,92719.0,93453.1,1776.15579505
1732104000,93453.1,94800.0,93301.9,94724.9,3713.09363408
1732118400,94724.8,94818.0,93128.0,94015.7,2574.16932009
1732132800,94015.7,94604.2,93759.0,94286.8,1029.34382174
1732147200,94287.0,95910.2,94000.0,95792.6,2998.50152748
1732161600,95792.7,97850.0,95791.1,96908.2,4813.68645792
1732176000,96908.1,98400.0,96729.1,97975.9,2600.86339445
1732190400,97976.0,98255.6,95588.0,96659.9,4756.09694407
1732204800,96659.9,98960.0,96300.0,97815.7,2654.87886395
1732219200,97815.7,98727.5,97513.1,98317.2,1764.8413079
1732233600,98317.2,99300.0,97827.0,98841.4,1946.37675154
1732248000,98841.4,99408.0,98500.4,99169.5,1766.10374713
1732262400,99169.4,99260.2,98240.7,98876.0,1609.59787505
1732276800,98876.0,98949.9,97152.5,98650.5,3106.86298412
1732291200,98648.1,99588.0,98200.0,99071.1,2515.98618308
1732305600,99071.2,99456.7,98550.0,98891.8,1280.76649307
1732320000,98891.8,98908.0,98293.9,98648.2,937.91492625
1732334400,98648.3,98794.9,98280.2,98541.2,683.03295395
1732348800,98541.2,98625.0,98300.0,98420.7,664.44467115
1732363200,98420.8,98828.0,98377.0,98377.2,1563.48203227
1732377600,98377.3,98457.0,97300.0,97500.1,1893.19010498
1732392000,97500.1,98032.8,97135.3,97666.5,736.07887596
1732406400,97666.5,98569.3,97617.3,98192.1,885.59986498
1732420800,98192.1,98411.7,97880.8,98397.9,564.0294849
1732435200,98398.0,98449.0,97232.1,97271.7,1091.7286032
1732449600,97271.7,97600.0,95920.4,95920.9,2066.88961733
1732464000,95920.4,96758.5,95745.5,96315.1,1093.17148793
1732478400,96315.1,98375.0,96194.5,97899.9,1046.73470377
1732492800,97902.5,98049.0,96860.8,97879.2,778.98559087
1732507200,97879.2,98357.9,97539.7,98053.5,1098.3092771
1732521600,98053.5,98876.0,97852.1,98181.2,1586.01691177
1732536000,98181.2,98312.9,94583.0,95995.1,4475.92833308
1732550400,95995.1,96498.4,94400.0,94645.6,2229.83670287
1732564800,94651.9,95300.0,92601.6,93002.0,2991.31485001
1732579200,93002.0,94925.9,92752.0,94471.5,1734.77158618
1732593600,94471.5,94999.9,93478.3,93783.8,1160.31930637
1732608000,93783.7,93783.8,91466.0,92360.4,3553.12521055
1732622400,92360.1,93568.9,91749.9,92815.1,2511.97034776
1732636800,92815.1,94666.6,91577.1,91687.2,2153.02336592
1732651200,91687.1,92354.8,90800.0,91960.1,1795.0859148
1732665600,91960.1,93046.6,91784.0,92584.0,1268.14605081
1732680000,92584.0,93648.6,92356.6,93596.9,1768.09254976
1732694400,93596.8,93880.0,93104.0,93363.5,1226.52897122
1732708800,93363.4,95858.0,92843.0,95544.3,2835.74788509
1732723200,95544.3,96629.4,95180.0,96627.9,2057.06964054
1732737600,96627.9,97203.8,95734.9,95848.1,1308.26440645
1732752000,95848.1,96567.7,94800.0,95471.4,1156.88106578
1732766400,95466.2,95908.8,95075.5,95300.0,967.14837938
1732780800,95300.0,95789.0,94610.0,95456.0,1300.40105757
1732795200,95455.9,96231.1,94812.3,94998.4,1144.59139046
1732809600,94998.4,95449.5,94813.3,95126.3,530.25212447
1732824000,95126.4,96023.9,94703.2,95636.7,685.16382448
1732838400,95636.7,96867.9,95357.7,96609.8,1333.90327224
1732852800,96603.9,96628.9,95590.0,95616.4,1218.52751227
1732867200,95614.8,97358.6,95614.7,97239.6,1334.46507866
1732881600,97239.7,98628.0,96759.1,98003.1,2333.18868315
1732896000,98008.0,98439.7,96850.1,97332.0,1443.88738143
1732910400,97332.0,97636.0,96981.6,97456.1,548.51773439
1732924800,97456.1,97460.0,96300.1,96641.2,822.28217176
1732939200,96641.2,97241.4,96519.2,96777.2,1026.64788796
1732953600,96777.1,96964.0,96080.1,96268.7,770.81383722
1732968000,96268.8,96738.2,96241.9,96646.7,599.07254561
1732982400,96646.6,97065.9,96516.3,97014.7,395.81370644
1732996800,97014.7,97043.9,96319.7,96409.0,236.45553676
1733011200,96409.1,96672.4,95678.0,96335.7,1303.34525358
1733025600,96335.7,96510.3,96183.3,96464.9,372.13234517
1733040000,96464.8,97222.0,96414.8,97119.9,1111.58725984
1733054400,97119.9,97406.8,96671.0,97029.4,780.23463989
1733068800,97029.5,97533.0,96958.6,97178.4,490.57365524
1733083200,97178.5,97841.7,96794.0,97190.2,915.703904
1733097600,97190.2,98174.4,96357.5,96481.6,1510.71786422
1733112000,96481.7,96930.1,95753.1,95996.1,1601.71696064
1733126400,95996.1,96112.4,94818.0,95110.4,2018.72839381
1733140800,95110.4,97200.0,94770.0,97035.8,1793.30609944
1733155200,97035.7,97352.0,94388.5,95820.0,2053.19581628
1733169600,95820.1,96332.4,95111.0,95828.1,677.2053783
1733184000,95828.2,96302.6,95406.0,96070.1,792.43929529
1733198400,96070.1,96252.0,95275.0,95551.0,899.45293702
1733212800,95551.0,95661.0,94625.7,95001.0,1209.55725175
1733227200,95001.0,96249.9,93583.8,95683.9,3469.80767798
1733241600,95684.0,96164.0,94852.0,95435.5,1232.90751384
1733256000,95435.5,96117.6,95258.2,95857.3,1348.02283655
1733270400,95857.4,96636.0,95213.8,95775.9,1227.64424115
1733284800,95776.0,96700.0,95708.0,96583.2,1130.33828684
1733299200,96583.3,96965.1,96200.0,96200.2,993.45118537
1733313600,96200.2,96564.0,95360.6,95746.3,1702.70211636
1733328000,95746.4,97222.0,94580.0,97205.8,2306.29836305
1733342400,97206.9,99000.0,97117.3,98580.7,5583.45576132
1733356800,98580.6,104056.0,97884.0,102950.0,7247.59557935
1733371200,102949.9,103535.3,101324.1,102247.9,3523.53219575
1733385600,102247.9,103132.0,102247.9,102565.0,1280.56105605
1733400000,102565.1,103548.0,100944.0,101308.1,3118.8039631
1733414400,101308.1,102028.0,98634.4,99025.9,2822.69567223
1733428800,99026.0,99483.9,89711.9,96960.0,9577.27388186
1733443200,96960.0,98812.2,96243.3,97745.5,2804.91556155
1733457600,97745.5,98285.4,97365.5,98147.2,1495.08659001
1733472000,98147.9,98700.0,97640.3,98058.9,1205.86300123
1733486400,98059.8,99494.4,97500.1,99312.2,2646.50235569
1733500800,99312.2,101793.0,98752.0,101440.0,2394.95051147
1733515200,101440.0,101901.8,99023.6,99734.0,1443.99478895
1733529600,99734.1,100439.0,99280.0,99303.3,755.04776389
1733544000,99303.4,99680.0,98846.2,99397.0,815.35530877
1733558400,99396.9,99824.4,99252.0,99600.0,549.48786496
1733572800,99600.1,99799.5,99022.1,99733.3,704.18796541
1733587200,99733.4,100263.7,99434.7,100066.5,551.46128082
1733601600,100066.5,100433.0,99600.0,99835.4,478.46107692
1733616000,99835.5,100323.3,99643.5,99924.5,568.11661651
1733630400,99924.6,100031.3,99336.8,99665.0,531.00106656
1733644800,99665.0,99842.1,98663.2,99689.8,838.42268744
1733659200,99689.8,100500.0,99341.3,99907.1,1155.29212585
1733673600,99907.2,100199.9,99464.9,100110.9,497.09766711
1733688000,100111.0,101362.7,99730.1,101107.7,743.76583397
1733702400,101107.8,101221.7,98444.3,99099.9,1553.58786844
1733716800,99100.0,99744.0,98300.0,99576.1,1179.33366969
1733731200,99576.2,99699.9,98029.8,98075.8,1432.53601771
1733745600,98075.2,100424.4,97512.2,97805.4,3035.86200004
1733760000,97807.9,98391.8,97001.0,97071.9,1781.12087128
1733774400,97074.4,97552.0,94000.0,97267.2,5545.80934682
1733788800,97275.7,98138.3,95557.4,96923.0,2324.11785725
1733803200,96925.7,97499.9,95890.0,97197.3,1301.12823422
1733817600,97197.3,97921.1,96943.0,97720.6,881.83098132
1733832000,97720.6,98300.0,95626.3,95655.9,2681.63659122
1733846400,95656.0,96498.7,94244.3,95846.7,3555.9833543
1733860800,95848.5,97196.3,95605.9,96593.2,1469.16206965
1733875200,96593.2,97631.7,95666.6,97389.5,1471.21951093
1733889600,97392.1,97779.2,97172.4,97331.9,759.75182209
1733904000,97331.8,98463.6,97304.1,98294.1,1202.39756693
1733918400,98294.1,100790.0,98063.7,100374.1,3565.50766505
1733932800,100374.2,101152.9,99602.9,101125.4,2415.61150572
1733947200,101125.5,101884.0,100863.8,101117.4,1255.76765229
1733961600,101117.4,101824.7,100337.0,101035.4,1443.61652971
1733976000,101035.5,101193.9,100404.0,100491.2,994.52783858
1733990400,100491.2,101118.1,100177.1,100364.1,893.30025035
1734004800,100364.9,101862.9,100356.2,101795.4,2536.12690254
1734019200,101795.5,102538.9,99307.1,99477.4,2659.82282157
1734033600,99477.4,100482.9,99457.0,100001.1,1281.71939653
1734048000,100001.2,100348.0,99200.0,99738.3,1457.84242296
1734062400,99738.4,100239.2,99501.0,100140.1,1140.60085308
1734076800,100140.1,100790.0,99893.6,100356.1,884.8217098
1734091200,100356.1,101385.0,99700.0,99874.9,1821.95190851
1734105600,99872.6,101911.4,99792.0,101471.4,2232.55574359
1734120000,101471.5,101906.1,101089.9,101418.6,1156.53601834
1734134400,101418.6,102666.0,101143.1,102080.1,1380.89190287
1734148800,102080.1,102160.1,101584.8,101811.5,610.16838062
1734163200,101811.5,101864.0,101324.3,101589.2,320.35087886
1734177600,101589.3,101742.5,100816.5,101624.2,680.08479269
1734192000,101624.2,101730.3,100833.3,101330.0,436.76985387
1734206400,101330.1,101495.6,100606.9,101421.3,393.81680273
1734220800,101422.0,102190.0,101228.0,101733.2,485.16675448
1734235200,101733.2,102858.6,101515.4,101732.9,1321.45140283
1734249600,101732.9,102684.7,101585.9,102653.4,683.71909553
1734264000,102653.5,103360.7,102466.6,102696.9,1205.38258363
1734278400,102696.9,103500.0,102580.5,103258.8,624.41651308
1734292800,103258.9,105333.0,102621.0,104477.4,2037.34640052
1734307200,104477.5,106660.8,104278.7,104588.5,3163.93515448
1734321600,104588.6,105434.3,104473.6,104972.4,841.7711951
1734336000,104973.9,105020.3,103636.0,103767.0,1099.68841676
1734350400,103767.1,106495.7,103307.9,106319.9,2823.95922834
1734364800,106324.7,107796.3,105810.7,106591.0,2276.63104552
1734379200,106591.1,106660.7,105461.5,106066.0,1034.94186035
1734393600,106066.1,107035.5,105672.0,106874.5,1189.82414099
1734408000,106874.6,107135.9,106375.2,106810.4,934.81533758
1734422400,106810.5,107500.0,106720.0,106804.9,1232.02484699
1734436800,106804.9,108365.0,105718.0,106471.0,3403.01496209
1734451200,106471.1,107636.3,106137.9,106483.8,1256.61507432
1734465600,106483.8,106924.0,105306.4,106128.4,1062.71445163
1734480000,106128.4,106500.0,104580.3,104760.0,1690.37412701
1734494400,104760.0,104760.0,103113.2,104235.5,2273.10544323
1734508800,104235.5,105028.0,103706.2,105008.9,1191.64393994
1734523200,105003.1,105357.2,103599.9,104427.3,2426.47938053
1734537600,104432.5,104983.4,102810.5,102810.5,2383.28919931
1734552000,102810.5,102984.0,100000.0,100213.1,5009.57753574
1734566400,100208.2,101345.3,98770.1,101174.7,4521.51218786
1734580800,101175.3,101722.4,100623.9,101657.9,1588.99663859
1734595200,101657.9,102640.0,101360.6,102459.9,1551.48920325
1734609600,102459.9,102805.0,99500.0,100676.1,3584.71861905
1734624000,100676.1,101199.9,96238.4,97207.8,7170.11938589
1734638400,97202.8,98416.2,95682.2,97458.1,3706.84962661
1734652800,97458.1,97815.9,95986.8,97113.1,2679.59284721
1734667200,97111.8,98240.0,96349.9,97816.6,3238.98537206
1734681600,97816.5,97880.4,92595.9,92719.9,7330.41016136
1734696000,92720.0,97558.4,92268.0,96989.3,4816.22917442
1734710400,96988.9,97718.7,96300.0,97116.6,2213.8442291
1734724800,97116.7,97840.0,95400.0,97806.4,1460.41022719
1734739200,97809.1,97812.2,97181.5,97494.0,873.11219995
1734753600,97494.1,99553.7,97379.5,99031.6,2383.16167295
1734768000,99031.5,99190.0,97788.2,98265.2,1157.55810837
1734782400,98265.2,98298.4,96396.1,97524.1,1537.24434251
1734796800,97524.0,97727.1,96803.4,97272.3,646.61220438
1734811200,97276.3,98053.6,96529.2,97283.3,634.91455483
1734825600,97289.2,97459.4,96550.0,96989.3,545.04629453
1734840000,96985.4,97078.6,95888.1,96215.0,724.03593987
1734854400,96216.2,97356.9,96194.1,97093.2,659.64023541
1734868800,97093.2,97300.0,95131.0,95370.9,1365.23792928
1734883200,95370.9,96448.2,94683.6,94831.8,902.15246225
1734897600,94836.2,95850.2,94258.1,95173.4,928.89102145
1734912000,95173.4,96030.7,93699.2,96014.3,1893.24014203
1734926400,96014.2,96508.4,94700.0,95410.3,1301.44609741
1734940800,95410.4,96538.4,95040.0,95924.1,819.46744046
1734955200,95924.1,96403.7,93112.0,93256.3,2581.04250738
1734969600,93253.9,94261.0,92688.0,93037.4,1799.24166312
1734984000,93037.4,95513.3,92525.0,94884.1,1542.36958955
1734998400,94884.1,94884.1,93555.9,94359.2,792.14319087
1735012800,94359.2,94656.5,93811.4,94224.6,1181.13760157
1735027200,94224.6,94639.3,93835.4,94389.5,1034.43080575
1735041600,94389.4,98319.7,94061.2,98306.8,2405.05833171
1735056000,98306.7,99480.2,97555.7,97580.1,2683.00669249
1735070400,97580.0,99083.9,97249.2,98661.3,859.21237634
1735084800,98656.1,98883.0,97722.8,98033.3,856.35002562
1735099200,98033.3,98586.4,97846.4,98085.0,551.09112819
1735113600,98085.1,99347.3,97756.0,97903.9,1414.30942571
1735128000,97907.9,98838.0,97626.1,98532.9,1156.34299825
1735142400,98533.3,99288.0,98135.7,99018.8,535.53949475
1735156800,99018.8,99599.0,98373.9,99440.3,823.60552669
1735171200,99440.4,99968.9,98500.0,99000.0,1056.18467
1735185600,99000.0,99000.1,97718.0,97732.3,913.05219537
1735200000,97731.3,97776.0,95179.4,95692.3,2539.83827391
1735214400,95692.2,96278.7,95202.8,96039.7,1264.93018534
1735228800,96039.2,96617.2,95436.5,96103.9,966.61488182
1735243200,96101.9,96119.5,95302.5,95783.3,542.43031062
1735257600,95777.9,96446.4,95392.4,96412.1,694.01510689
1735272000,96412.2,96613.2,94666.1,95100.0,1839.74446908
1735286400,95099.9,97561.4,95099.9,96953.9,1551.43734473
1735300800,96953.9,97044.9,94012.9,94576.5,2004.44386625
1735315200,94576.7,95000.0,93500.0,94746.6,1609.29187682
1735329600,94749.0,94826.6,94131.0,94304.1,722.12510375
1735344000,94303.6,94714.8,94143.0,94589.4,420.03870617
1735358400,94589.5,94797.0,94304.0,94386.0,430.88006654
1735372800,94385.9,94900.0,94308.0,94756.1,349.55606113
1735387200,94755.9,95331.2,94370.4,94444.1,525.08023904
1735401600,94444.1,95245.5,94394.9,95040.6,411.32528189
1735416000,95040.6,95750.0,94882.6,95305.3,308.65781517
1735430400,95304.1,95346.6,94810.0,95168.4,387.70557056
1735444800,95172.0,95300.0,94969.9,95265.9,397.76539767
1735459200,95266.0,95307.6,95000.0,95020.5,459.74975852
1735473600,95020.6,95236.2,94000.1,94505.4,882.68153011
1735488000,94505.5,94575.6,93401.3,93612.6,1366.74975529
1735502400,93612.6,93944.6,93000.0,93737.6,1351.25498252
1735516800,93737.6,94280.5,93361.3,93721.3,1197.88221079
1735531200,93721.3,94054.4,93200.0,93734.9,786.23585941
1735545600,93734.9,94061.2,93473.2,93930.9,1017.63528378
1735560000,93930.8,94266.0,91540.0,92123.0,3128.56871097
1735574400,92122.7,94692.1,91807.0,94418.5,2356.31731837
1735588800,94418.5,95041.2,91899.9,92796.4,1684.01399031
1735603200,92796.4,92906.3,92030.2,92513.6,1099.34012159
1735617600,92513.6,93031.9,92352.3,92853.3,865.90800885
1735632000,92853.3,94744.0,92832.0,94225.4,1689.91532841
1735646400,94228.8,96258.9,94228.8,95417.8,2287.64538603
1735660800,95417.9,95590.0,93200.0,94170.7,1319.21904806
1735675200,94170.7,94220.0,93379.6,93585.1,659.19682574
1735689600,93585.0,94495.2,93500.0,93835.3,660.37812753
1735704000,93835.4,93936.1,93531.2,93684.0,237.4243469
1735718400,93684.0,93761.3,92888.0,93456.0,853.05425969
1735732800,93456.1,94527.0,93402.6,94442.9,1238.8761189
1735747200,94442.9,94856.6,93740.4,94629.9,481.73467645
1735761600,94630.0,95192.1,94526.6,94589.5,558.69011492
1735776000,94589.5,95531.2,94390.4,94996.3,1294.01563197
1735790400,94996.4,96000.0,94976.0,95825.9,1226.93723867
1735804800,95826.0,96880.0,95632.0,96739.0,932.78268794
1735819200,96739.1,97428.4,95940.0,96476.5,2625.65745224
1735833600,96473.0,97777.1,96043.8,97316.8,1546.73090615
1735848000,97324.4,97847.6,96677.6,96988.4,529.79723486
1735862400,96988.4,97346.6,96646.2,97068.4,548.99961703
1735876800,97068.4,97071.4,96288.1,96311.5,677.90850618
1735891200,96311.6,96843.6,96100.1,96767.5,747.69275921
1735905600,96767.5,97660.0,96469.4,97524.4,1354.19626811
1735920000,97525.0,98977.9,97392.5,98591.6,1598.99590782
1735934400,98591.6,98779.3,98078.2,98183.4,601.60147029
1735948800,98183.9,98315.5,97789.9,98194.0,444.04283354
1735963200,98194.0,98358.0,97865.6,98273.4,469.83713023
1735977600,98273.3,98302.1,97548.0,97895.5,664.57650952
1735992000,97895.4,98167.9,97527.2,97665.3,591.78631089
1736006400,97665.3,98352.7,97580.6,98162.7,333.73747392
1736020800,98162.7,98785.7,98151.9,98221.9,436.65141989
1736035200,98221.9,98391.8,98041.7,98188.8,209.2504806
1736049600,98188.9,98532.9,98188.8,98267.2,366.68259703
1736064000,98267.2,98267.3,97577.0,97642.0,518.58961514
1736078400,97642.1,98276.8,97260.8,98029.8,571.57753203
1736092800,98029.8,98332.0,97561.9,98078.3,282.2758008
1736107200,98078.4,98842.4,98024.9,98363.9,403.10660872
1736121600,98363.9,99300.0,97924.0,99035.1,989.35974469
1736136000,99035.1,99900.0,99035.1,99317.5,921.84574432
1736150400,99317.5,99632.7,98700.0,99259.5,648.4345696
1736164800,99259.5,102476.0,98706.7,102149.4,2887.04907815
1736179200,102149.9,102479.3,101224.8,101807.2,1286.03121046
1736193600,101807.2,102330.0,101579.6,102230.6,1114.07179439
1736208000,102224.5,102750.0,101508.0,101703.1,620.66855022
1736222400,101703.2,102020.4,101580.3,101675.8,638.85656925
1736236800,101675.8,101999.9,100484.6,100844.1,1055.16956782
1736251200,100844.1,100966.6,97097.6,97942.8,4000.40555134
1736265600,97952.2,98352.2,96300.1,96451.9,2172.09236702
1736280000,96451.9,97215.5,96176.6,96957.9,922.39083279
1736294400,96958.0,97290.7,96230.1,96526.8,1148.84027449
1736308800,96526.8,96650.0,95183.0,95658.8,2204.15856304
1736323200,95658.8,96148.4,94529.0,95140.5,1234.73867812
1736337600,95136.5,96081.9,94626.5,95481.4,1542.75295579
1736352000,95481.5,95497.5,92500.2,94247.3,2479.26903903
1736366400,94248.5,95298.0,93600.0,95037.0,885.0441289
1736380800,95042.7,95391.9,93436.4,94022.3,1336.54366288
1736395200,94022.3,94625.0,93200.0,93228.3,1508.7878681
1736409600,93228.3,93878.0,92751.6,93466.6,1189.74419247
1736424000,93466.6,94590.2,91800.0,94247.1,2032.63776578
1736438400,94247.1,94694.1,91900.0,91912.7,1611.50433668
1736452800,91910.0,92722.8,91200.0,92553.1,1479.90949616
1736467200,92553.0,93737.8,92459.7,93720.1,750.39832013
1736481600,93720.1,94990.0,93500.9,94498.1,1120.24080993
1736496000,94498.0,95264.4,94382.1,95065.4,1248.15330375
1736510400,95066.2,95125.2,92222.0,93734.9,4132.29634583
1736524800,93735.0,95853.1,93185.4,95323.0,1650.57299957
1736539200,95323.0,95448.4,94583.0,94726.5,499.75442699
1736553600,94724.5,94746.2,94100.0,94209.7,487.26159258
1736568000,94209.7,94437.6,93829.6,94253.6,291.10589252
1736582400,94252.5,94798.0,94029.8,94625.6,333.20195859
1736596800,94625.7,94650.0,94300.0,94413.0,344.16582968
1736611200,94412.9,94722.1,93968.9,94245.4,352.40824489
1736625600,94245.4,95039.2,94188.5,94612.5,246.64788205
1736640000,94612.5,94725.6,94300.1,94629.1,196.30986387
1736654400,94629.1,94663.0,94244.3,94332.7,183.22471006
1736668800,94332.7,94397.3,93711.8,94261.7,337.39441198
1736683200,94257.9,95465.0,94173.5,95073.9,740.58498436
1736697600,95073.9,95309.9,94563.5,94657.0,269.5285238
1736712000,94657.0,94808.5,93800.0,94549.9,418.90795735
1736726400,94549.9,95947.2,93900.0,94264.0,1257.16912476
1736740800,94264.1,94920.0,93266.6,93592.7,762.25787312
1736755200,93592.6,93656.7,90833.1,90872.3,3648.19150388
1736769600,90872.3,93096.9,89111.0,92123.5,6116.71075577
1736784000,92123.6,92535.9,91242.5,92303.8,1453.32914013
1736798400,92314.2,94724.8,91900.1,94538.5,1277.55308196
1736812800,94538.6,95293.5,94350.0,94869.1,1250.81463863
1736827200,94869.1,95492.4,94742.6,94866.5,752.70711675
1736841600,94866.4,97384.0,94866.0,96548.6,2899.81771866
1736856000,96548.6,97292.4,95759.5,96475.7,2488.79532602
1736870400,96475.7,97110.1,95340.1,96545.1,1385.54356261
1736884800,96539.1,96926.9,96141.0,96559.9,518.1818576
1736899200,96560.0,97557.1,96500.0,97317.1,1204.1941027
1736913600,97317.1,97720.6,96748.0,97294.9,838.44202267
1736928000,97294.9,97533.9,96531.1,96771.2,834.58455488
1736942400,96771.2,99773.0,96547.1,98985.9,3049.21786553
1736956800,98985.8,99967.0,98602.7,99846.0,1283.84982727
1736971200,99846.1,100687.0,99416.9,100497.0,1245.55348998
1736985600,100495.2,100880.0,99162.9,99470.4,1354.49367688
1737000000,99470.4,99909.2,99312.0,99814.0,634.37450374
1737014400,99812.9,99831.7,98632.0,99156.1,1238.49493743
1737028800,99156.0,99517.6,97311.1,99299.9,2290.95923952
1737043200,99299.9,100443.9,99063.4,100415.1,1946.10147145
1737057600,100415.2,100642.0,99351.4,99990.8,940.86155871
1737072000,99990.9,102164.0,99950.1,101047.1,2215.51175785
1737086400,101047.1,101893.7,100950.4,101430.2,991.33576647
1737100800,101430.2,102597.7,101430.2,102229.8,1726.89703306
1737115200,102229.8,104248.3,102193.6,104013.6,2767.2984122
1737129600,104013.6,105845.7,103835.0,105838.0,3294.1575541
1737144000,105840.0,105847.4,104080.0,104084.4,1697.68511776
1737158400,104084.5,104666.0,103046.1,103589.2,1047.96443549
1737172800,103589.2,103783.1,102600.1,102827.7,1816.21449177
1737187200,102827.5,103896.7,102288.0,103592.1,1160.67666048
1737201600,103592.1,104984.0,103128.3,104561.4,1156.88669592
1737216000,104561.4,104719.5,103148.1,104384.9,1034.11276812
1737230400,104384.9,104750.0,103752.2,104551.6,921.07281974
1737244800,104551.6,105458.0,104010.3,104977.9,955.70413203
1737259200,104977.9,105633.9,104260.0,105164.9,1493.6233923
1737273600,105164.9,105462.0,103426.7,104365.0,2235.70209106
1737288000,104365.1,105730.7,104308.1,104933.5,1980.44863392
1737302400,104933.5,106235.6,104523.5,106217.0,989.41981985
1737316800,106216.9,106448.6,99639.4,101334.0,6216.56672028
1737331200,101334.0,102343.5,99526.4,101919.6,3914.11979181
1737345600,101903.0,109800.0,101550.0,107148.3,7956.20579046
1737360000,107156.4,109222.2,107109.3,108245.1,3031.29912782
1737374400,108245.2,108716.1,104486.1,104940.7,4067.02202723
1737388800,104950.3,107040.7,100555.1,103681.2,8415.37735056
1737403200,103681.7,104350.4,101723.7,102264.3,1831.77863356
1737417600,102263.9,103250.0,100111.0,102922.6,3046.43077663
1737432000,102922.6,102967.8,101107.2,101994.8,2861.35242623
1737446400,101994.8,103969.5,101733.2,103750.1,1736.49156486
1737460800,103750.1,105312.5,102800.0,103954.2,2607.62913592
1737475200,103954.2,107285.8,103816.1,107022.0,4353.89822067
1737489600,107022.1,107200.0,105425.3,106150.1,2256.78896271
1737504000,106150.1,106416.3,105446.6,105607.0,1100.96409107
1737518400,105607.0,105956.2,105037.8,105071.3,1200.760588
1737532800,105071.3,105466.2,104628.6,105103.4,997.38459887
1737547200,105107.0,105610.9,103638.5,104188.0,1939.17295418
1737561600,104189.0,104759.2,103308.3,104631.6,1725.88418077
1737576000,104631.7,104822.9,103625.8,103704.1,1000.62120467
1737590400,103704.2,103821.9,102109.5,102455.6,1352.50436362
1737604800,102455.6,102968.0,101500.0,102709.5,1309.44975694
1737619200,102709.4,102711.6,101233.0,101943.6,1031.48065556
1737633600,101943.6,106062.1,101322.3,105272.7,5383.70444705
1737648000,105272.9,106863.1,103359.4,103766.6,3659.50893431
1737662400,103766.6,106415.3,102213.2,103914.8,6025.73451991
1737676800,103914.8,104311.0,102750.0,103897.1,1269.85374087
1737691200,103897.1,105360.0,103802.2,105041.3,1378.42672199
1737705600,105041.3,105763.3,104916.7,105422.3,956.15422976
1737720000,105424.6,106333.3,104658.7,105862.2,1310.13647157
1737734400,105862.1,107146.3,105583.1,105766.4,1596.83109643
1737748800,105766.3,105774.4,104416.1,104866.1,1088.55009407
1737763200,104866.2,105290.5,104352.9,105216.1,623.62299325
1737777600,105216.1,105216.7,104218.1,104399.9,545.24029114
1737792000,104399.8,104721.3,104106.1,104672.2,348.80075334
1737806400,104672.1,105132.8,104450.0,104897.2,459.8548687
1737820800,104897.3,105300.0,104433.2,105042.7,630.01756534
1737835200,105042.8,105253.2,104685.0,104740.3,335.91819141
1737849600,104740.3,105243.6,104510.1,105059.9,392.03413714
1737864000,105060.0,105526.6,104917.9,104993.7,318.1556625
1737878400,104993.6,105227.1,104429.1,104820.0,472.65311721
1737892800,104820.1,105109.7,104700.3,104972.6,266.89858018
1737907200,104972.5,105270.4,104900.0,105081.6,239.64703433
1737921600,105081.7,105204.0,102500.0,102604.5,1417.30020325
1737936000,102600.7,103272.2,100696.6,101388.9,2783.45875319
1737950400,101389.0,101397.8,97751.6,99036.4,4617.02214788
1737964800,99036.1,99531.9,98273.6,98753.0,1885.77421037
1737979200,98753.0,102349.0,98708.1,101101.3,4017.73266101
1737993600,101101.3,101246.9,98859.0,99699.9,2277.92949292
1738008000,99699.8,102438.9,99609.2,102076.1,1708.31999895
1738022400,102076.1,102903.3,101333.4,102627.5,1381.11801317
1738036800,102627.6,103373.6,102525.8,102794.9,1177.97087702
1738051200,102795.0,103200.5,102381.2,102761.6,1008.75932705
1738065600,102761.6,103848.0,101812.3,102776.8,1968.74191052
1738080000,102776.7,103114.5,101818.1,102428.4,1860.94540602
1738094400,102427.9,102535.8,100274.4,101349.3,1270.37823777
1738108800,101345.2,102318.5,101331.0,102043.2,578.55228729
1738123200,102043.3,102857.9,101961.9,102749.9,628.59752512
1738137600,102749.9,103008.0,102194.7,102629.9,709.88007368
1738152000,102629.9,102815.0,101580.7,101975.5,1112.90224824
1738166400,101975.5,104049.8,101416.9,103593.6,2705.58183379
1738180800,103595.9,104795.1,102855.4,103733.3,1757.84805212
1738195200,103735.3,105314.2,103282.8,105200.6,1232.88651864
1738209600,105200.0,105617.2,104817.1,105142.7,1116.32366762
1738224000,105142.7,105553.4,104932.0,105302.3,956.73961497
1738238400,105302.2,106450.3,104660.1,105564.0,2517.25068183
1738252800,105564.0,106000.0,104750.0,105706.1,1257.23538815
1738267200,105709.3,105817.9,104684.7,104727.2,767.64215531
1738281600,104727.2,105037.5,103900.0,104322.1,946.36412737
1738296000,104324.3,104807.0,103963.8,104194.6,955.06107547
1738310400,104194.5,104850.0,103907.5,104729.2,765.68834002
1738324800,104729.3,106000.0,104106.1,105438.0,2196.85030406
1738339200,105437.9,105574.6,102112.2,102294.3,2442.75691457
1738353600,102293.9,102490.7,101542.4,102439.9,2115.97813693
1738368000,102440.0,102788.0,102188.9,102240.9,658.63502077
1738382400,102240.9,102593.0,102102.0,102172.4,579.40638552
1738396800,102173.1,102282.9,101389.6,102030.0,1211.16896224
1738411200,102030.1,102329.3,101726.5,102074.3,402.84456718
1738425600,102074.2,102289.0,101448.2,101673.6,342.44770874
1738440000,101673.5,101673.6,100270.0,100633.2,1302.71492258
1738454400,100633.1,101461.7,99155.8,99197.3,1629.10765034
1738468800,99197.3,100500.0,99026.5,99640.0,930.02488869
1738483200,99640.0,100114.6,98619.7,98873.5,999.01459165
1738497600,98873.4,99437.5,98170.0,99348.2,1160.94885937
1738512000,99348.2,99369.8,96825.0,98258.1,2636.46797102
1738526400,98262.8,98620.9,96137.6,97698.9,2139.69156973
1738540800,97698.9,97779.2,91182.6,94045.1,14686.29756023
1738555200,94045.2,95413.8,92645.4,95314.0,2732.01628759
1738569600,95316.7,95938.6,94756.0,95113.0,1710.59017863
1738584000,95113.1,99490.0,94104.5,98831.9,4744.03164074
1738598400,98832.0,101888.0,98011.0,101887.9,3171.58287263
1738612800,101887.9,102500.0,100927.8,101337.5,2543.91232179
1738627200,101337.6,101743.9,100549.9,100629.3,1189.94739038
1738641600,100629.3,100779.3,98253.1,98450.0,2964.33021502
1738656000,98450.1,99430.7,97843.9,98974.5,1284.41122334
1738670400,98974.6,100416.5,98272.8,99355.3,2060.50198069
1738684800,99357.6,100780.9,98779.6,98864.0,1724.00093495
1738699200,98866.0,99453.5,96136.2,97767.9,3082.7894548
1738713600,97768.0,98941.3,97142.1,98052.1,1585.87546195
1738728000,98052.2,98350.0,97358.1,97875.9,1181.67502003
1738742400,97873.9,98239.5,97275.0,98208.8,883.26255641
1738756800,98208.9,99166.6,97762.2,98114.6,1372.1115636
1738771200,98114.6,98300.0,96500.0,97377.2,1380.28960619
1738785600,97377.3,97725.0,96156.0,96616.1,1009.46403905
1738800000,96615.7,97499.8,96439.9,97348.0,766.71239933
1738814400,97348.1,98440.0,97270.1,98205.0,700.4523799
1738828800,98205.0,99132.2,97915.5,98873.9,1339.52665959
1738843200,98874.0,99044.7,96934.0,97338.6,1680.67793842
1738857600,97338.7,97546.5,95680.0,95984.7,1767.94636556
1738872000,95984.7,97083.3,95798.6,96554.7,673.27894088
1738886400,96554.8,97835.0,96409.1,97465.7,757.81972593
1738900800,97464.1,97893.3,96587.1,96754.5,1048.65601171
1738915200,96754.6,97759.2,96611.7,97749.0,748.69313895
1738929600,97748.9,100149.8,97165.0,98302.1,4591.79960871
1738944000,98305.1,98595.7,96871.4,96900.4,1748.44043644
1738958400,96900.0,96939.6,95601.0,96504.1,1783.79934122
1738972800,96504.0,96888.7,96333.4,96698.1,739.59688536
1738987200,96698.1,96698.1,95781.1,96207.1,530.3736179
1739001600,96207.1,96298.0,95864.6,96127.3,291.82278973
1739016000,96127.3,96510.5,95683.0,95855.6,544.82140617
1739030400,95855.6,96750.0,95750.0,96585.5,391.69880151
1739044800,96585.5,96700.0,96358.0,96458.1,179.24219967
1739059200,96458.1,97319.7,96355.2,97318.6,742.95482507
1739073600,97318.6,97329.0,96778.0,97065.8,384.02961089
1739088000,97065.8,97298.6,96553.0,96558.0,502.21626548
1739102400,96558.0,96712.2,95688.0,96488.7,737.83249145
1739116800,96488.8,96584.2,95900.0,96071.6,294.89569005
1739131200,96071.5,96777.0,94705.8,96475.9,1344.65958026
1739145600,96475.9,97135.7,95254.0,96805.8,1478.64954658
1739160000,96805.9,97662.3,96620.0,97436.5,1167.70954095
1739174400,97436.4,97968.0,97359.4,97659.9,1151.89183717
1739188800,97660.0,98358.3,96852.2,97224.0,1850.51214018
1739203200,97226.0,97655.9,96857.7,97386.1,824.07895584
1739217600,97386.0,97499.9,97129.1,97431.7,362.6875463
1739232000,97431.7,98146.6,97401.4,97621.6,860.94342515
1739246400,97621.6,98489.7,97535.0,98274.0,764.64169237
1739260800,98273.9,98344.0,97880.7,98145.9,702.77716446
1739275200,98145.9,98161.9,96565.6,97020.2,1257.73182959
1739289600,97024.3,97049.6,94859.5,95034.7,1658.94129514
1739304000,95032.2,96508.6,94904.1,95779.9,930.3326516
1739318400,95779.9,96272.4,95100.1,95308.0,627.48873275
1739332800,95308.0,96168.5,95268.0,96069.1,810.82371129
1739347200,96066.1,96466.1,95908.1,96099.8,534.22204358
1739361600,96099.9,96637.4,94021.3,95805.1,3383.78603936
1739376000,95805.1,97707.7,95120.2,97200.3,1562.67476549
1739390400,97200.4,98136.1,96849.9,97870.1,1309.93925138
1739404800,97870.1,98091.4,97373.0,97503.9,646.81116007
1739419200,97504.0,97562.5,95800.0,96075.0,1198.67226532
1739433600,96075.1,96336.0,95555.0,95930.0,1083.29915003
1739448000,95930.0,96480.0,95330.3,95999.9,1435.79068482
1739462400,95996.0,96383.9,95209.4,95628.6,1007.93666046
1739476800,95628.7,96800.1,95606.8,96617.0,769.75070507
1739491200,96617.0,97209.9,96377.5,97147.3,587.8124394
1739505600,97147.3,97250.0,96569.4,96940.9,587.6866159
1739520000,96941.0,97200.0,96800.0,96888.2,522.98522321
1739534400,96888.2,97583.1,96274.5,96936.1,1430.36566242
1739548800,96938.0,98843.9,96494.4,97946.0,2425.14952924
1739563200,97946.1,98277.5,96700.0,97504.0,725.00517761
1739577600,97504.1,97987.2,97222.0,97664.3,836.55312193
1739592000,97664.3,97796.0,97349.4,97350.0,379.92150188
1739606400,97350.0,97735.9,97304.2,97622.0,268.22789508
1739620800,97623.0,97946.3,97422.2,97639.0,398.14627013
1739635200,97639.1,97720.0,97318.4,97536.1,185.44758123
1739649600,97539.0,97754.0,97420.2,97587.3,288.00948001
1739664000,97587.4,97722.2,97418.0,97554.0,484.11477699
1739678400,97554.0,97699.9,97215.5,97258.2,563.59655311
1739692800,97260.3,97411.4,97066.9,97350.2,574.85345125
1739707200,97350.1,97357.3,96685.7,96913.6,646.89101699
1739721600,96913.7,97179.7,96622.3,97064.8,263.11229315
1739736000,97064.8,97300.0,96048.4,96105.6,665.95976464
1739750400,96105.6,96634.1,96010.1,96211.7,652.66627007
1739764800,96211.8,96458.2,95778.9,96056.3,1157.39841047
1739779200,96056.3,96400.0,95928.0,96073.4,598.6247992
1739793600,96073.5,97047.4,95558.1,95656.1,1112.71608511
1739808000,95656.1,95943.8,95188.8,95541.2,1169.46593702
1739822400,95540.1,96419.2,95499.8,95778.3,350.94547395
1739836800,95778.3,96323.3,95548.0,96198.0,385.46947206
1739851200,96198.0,96298.0,95250.0,95459.8,779.66015191
1739865600,95459.9,95874.0,95072.6,95627.5,652.89367201
1739880000,95627.6,96750.0,95200.0,95542.0,2130.33381759
1739894400,95542.0,95644.7,93363.3,94101.8,2228.06583313
1739908800,94101.9,95670.5,93742.4,95656.6,1227.28693759
1739923200,95665.1,95964.3,95000.0,95719.8,697.64213331
1739937600,95719.7,95848.0,95050.3,95684.8,723.46630651
1739952000,95684.9,96474.9,95625.3,96437.2,1086.20306585
1739966400,96437.3,96710.5,95514.7,95940.2,1268.86540478
1739980800,95940.1,96485.8,95403.7,96206.3,788.49767238
1739995200,96205.3,96899.9,96055.6,96644.3,816.91722161
1740009600,96644.4,97388.0,96415.2,97067.2,593.37593368
1740024000,97067.1,97359.1,96776.2,96862.7,655.3786551
1740038400,96862.8,97388.0,96800.0,97203.4,617.63295522
1740052800,97203.3,98038.0,96788.8,96907.3,1489.09681686
1740067200,96907.4,98525.0,96874.1,98422.9,1465.17370634
1740081600,98422.9,98722.0,98007.0,98307.9,750.42786859
1740096000,98308.0,98500.0,98081.2,98163.9,629.06935107
1740110400,98164.0,98600.0,98121.9,98173.9,596.91536149
1740124800,98173.9,98926.6,98100.1,98623.8,1245.52741996
1740139200,98623.9,99485.9,97174.0,98110.0,3462.53116692
1740153600,98109.9,98760.0,95234.1,95272.4,3916.11092398
1740168000,95272.4,96194.0,94858.5,96172.9,1874.09335616
1740182400,96172.9,96447.6,95760.4,96282.1,807.16183022
1740196800,96282.1,96581.6,96251.6,96287.3,645.46955974
1740211200,96287.2,96613.8,96131.2,96569.8,716.35828153
1740225600,96568.3,96983.3,96487.6,96581.4,822.12148731
1740240000,96581.4,96814.0,96358.0,96643.9,350.27640533
1740254400,96644.0,96710.7,96477.4,96552.1,237.88636694
1740268800,96552.1,96648.0,96368.0,96418.1,217.19354351
1740283200,96418.1,96550.0,96126.3,96509.1,358.47425179
1740297600,96509.1,96509.2,96080.0,96113.0,470.0639823
1740312000,96113.1,96160.5,95400.1,95451.7,747.07169542
1740326400,95451.7,95884.4,95250.1,95763.9,421.32860683
1740340800,95763.9,96333.3,95540.2,96264.7,516.84816592
1740355200,96264.7,96513.7,95302.0,95428.0,1219.27561025
1740369600,95428.1,95954.9,95070.7,95868.4,1201.20397512
1740384000,95868.4,96179.1,95357.9,95823.1,858.4237496
1740398400,95823.1,96094.4,93827.1,94338.1,2404.88594163
1740412800,94334.1,95191.6,93650.0,93940.1,1201.01180799
1740427200,93941.4,94568.2,91333.8,91534.5,3911.70413455
1740441600,91534.5,92545.9,90888.0,92162.9,2058.10561071
1740456000,92162.9,92327.5,88189.0,89310.6,5536.74911932
1740470400,89318.3,89994.0,86879.6,89252.3,5984.66753768
1740484800,89252.2,89555.0,86050.0,87241.6,6072.10891146
1740499200,87243.9,88062.5,86168.9,87928.4,3380.59115308
1740513600,87928.4,89470.2,87614.9,88680.7,2792.5231561
1740528000,88680.7,89415.5,88128.1,88895.6,1339.75797257
1740542400,88895.6,89249.9,88400.0,88718.1,1266.73893924
1740556800,88718.1,89300.3,88150.0,88611.9,1227.48355246
1740571200,88612.0,88678.0,85425.5,87559.9,4557.99989684
1740585600,87564.7,87799.9,83361.0,83854.1,5193.22364153
1740600000,83854.1,85419.5,82236.0,84254.0,4065.93955224
1740614400,84254.0,85454.9,84034.1,85214.0,2505.01053282
1740628800,85214.0,86732.8,84680.0,86269.9,1929.62016913
1740643200,86269.9,87090.3,85849.0,86690.0,1683.28178802
1740657600,86690.0,86780.0,84649.8,85499.6,3259.15367355
1740672000,85500.8,85699.6,83620.0,84124.3,2142.08039509
1740686400,84124.4,84938.0,82725.7,84717.4,2224.83527327
1740700800,84717.7,84903.1,79510.0,80454.9,7311.30441008
1740715200,80455.9,80973.5,78855.1,79216.1,6274.45608346
1740729600,79216.1,80844.8,78258.5,80521.9,3673.89489205
1740744000,80520.5,84433.3,80076.0,83997.2,6215.05241371
1740758400,83997.1,85121.9,83181.7,84443.4,3690.85856609
1740772800,84443.4,84784.5,83586.7,84339.4,1083.23488807
1740787200,84346.0,85678.0,83812.9,85331.2,2032.81527876
1740801600,85331.2,86547.3,84724.6,84736.1,2176.55584436
1740816000,84736.1,85500.0,84349.2,84621.1,1239.30141433
1740830400,84621.2,84938.1,84318.1,84790.0,994.77145529
1740844800,84790.0,85588.0,84690.2,85480.0,716.15240228
1740859200,85480.0,86268.0,85278.1,86056.1,608.1498936
1740873600,86056.1,86496.0,85606.9,85859.2,1169.9106056
1740888000,85859.1,86600.0,85522.4,86233.6,1138.54179415
1740902400,86233.6,86257.2,85657.1,86092.3,769.26201224
1740916800,86092.3,88675.6,85040.8,87427.9,2900.70266099
1740931200,87428.0,95000.0,87310.8,93524.0,8572.16123206
1740945600,93524.0,94862.3,93497.5,94269.5,2660.67964648
1740960000,94269.5,94426.0,92444.1,92714.0,2969.20348049
1740974400,92713.9,93345.9,91155.8,92363.9,2833.57200699
1740988800,92365.9,92909.0,91100.0,92742.1,1600.4854687
1741003200,92742.1,93706.0,89108.0,90031.0,5464.25079128
1741017600,90031.1,90999.9,85501.9,85587.8,4593.09891405
1741032000,85587.9,87030.7,85111.5,86219.7,2998.81452476
1741046400,86219.8,86800.0,82480.0,83980.1,5612.84727009
1741060800,83981.7,84589.2,83138.6,83191.7,1893.5307618
1741075200,83191.7,84382.2,83039.3,83939.9,1348.23027539
1741089600,83939.8,84970.0,81501.0,82980.2,4755.60786164
1741104000,82981.9,88500.0,82000.4,88207.2,3895.1351198
1741118400,88207.1,88948.4,86500.0,87277.9,2463.82534992
1741132800,87276.6,87892.6,86356.5,86851.9,1629.83138893
1741147200,86855.9,87731.3,86737.8,87617.6,1311.1205911
1741161600,87617.6,90663.1,87592.1,89805.3,2963.45746928
1741176000,89805.4,90932.4,87923.2,88342.1,4208.56233697
1741190400,88338.0,90477.1,87589.2,89745.5,2170.53382625
1741204800,89745.5,91052.9,89674.6,90608.7,899.90941236
1741219200,90608.7,92028.1,89986.0,91613.6,2404.64063573
1741233600,91614.1,92812.3,91262.1,91351.1,1764.23380426
1741248000,91351.0,91678.9,90610.0,91360.1,1423.17658089
1741262400,91360.2,91462.8,89111.9,90822.5,2733.98915586
1741276800,90824.0,91068.3,87838.0,88527.6,2920.90251449
1741291200,88529.2,90787.3,88466.7,89930.0,1644.94750474
1741305600,89930.0,91290.3,84640.0,86988.1,6740.58040015
1741320000,86988.1,88619.9,86850.7,88362.1,2716.05989829
1741334400,88362.1,89717.7,87969.9,88978.4,1634.14128353
1741348800,88982.0,91100.0,88007.0,88451.9,5231.66606321
1741363200,88444.0,89040.0,86548.0,87822.1,3786.44109076
1741377600,87822.9,88533.9,85573.3,86797.1,3170.10417817
1741392000,86797.2,86891.3,85217.8,85916.1,1793.69209123
1741406400,85916.1,86661.3,85655.0,86192.2,780.34518376
1741420800,86192.1,86457.1,85753.5,85961.8,632.72363886
1741435200,85961.8,86688.6,85811.9,86398.1,1108.86950882
1741449600,86398.1,86508.7,85660.6,86229.8,625.05527254
1741464000,86229.9,86503.9,85854.5,86227.9,357.08216862
1741478400,86227.9,86511.7,85956.0,86115.6,457.01795567
1741492800,86115.5,86163.7,85800.0,86007.1,368.21980868
1741507200,86007.0,86103.2,84626.4,85021.9,1496.6411623
1741521600,85018.1,85062.9,82740.5,83070.1,3036.0071386
1741536000,83070.1,83758.2,82222.0,82631.0,2172.67322
1741550400,82632.5,83537.0,80000.0,80743.3,2682.42162312
1741564800,80745.0,82749.9,80034.0,82048.4,3547.64878972
1741579200,82048.4,82803.3,81970.0,82321.0,1219.80269411
1741593600,82322.6,84069.4,81154.7,83590.7,3059.98417887
1741608000,83584.8,83786.1,79155.0,80039.5,5480.07687796
1741622400,80037.9,80246.9,77464.0,79063.8,4795.99376542
1741636800,79072.0,79887.8,78407.0,78595.8,1477.09259633
1741651200,78595.9,79949.8,76600.0,79524.1,4705.3560176
1741665600,79524.1,80618.4,79444.1,80428.1,1517.85191824
1741680000,80428.1,82100.0,80324.0,81718.5,2981.62224682
1741694400,81718.5,82267.0,79056.6,81229.5,6719.15854623
1741708800,81228.7,83631.8,80650.0,83103.1,2912.88254968
1741723200,83107.0,83312.0,82560.0,82943.2,1010.53102314
1741737600,82942.7,83777.0,82104.2,82133.5,1605.63305019
1741752000,82132.2,82533.8,81288.3,82433.9,1557.06859922
1741766400,82433.9,83073.7,82025.2,83005.9,1583.1083161
1741780800,83006.0,84499.0,80597.7,81733.3,5543.03857791
1741795200,81731.8,83155.4,81614.0,82915.5,1853.01541158
1741809600,82916.1,83903.3,82711.5,83691.9,692.94942822
1741824000,83691.9,84333.3,83316.1,83576.5,1206.65801813
1741838400,83574.1,83702.3,82856.0,83159.8,1223.74439565
1741852800,83159.7,83528.6,82400.0,82970.0,1270.44953547
1741867200,82970.4,83890.0,80953.6,81043.9,2959.9361875
1741881600,81041.2,81265.2,79940.0,80211.4,1806.57166967
1741896000,80209.9,81489.9,80188.3,81119.5,708.42578572
1741910400,81119.6,82266.6,80826.8,81898.7,1009.83657824
1741924800,81899.2,82457.1,81770.1,82178.6,1239.5830129
1741939200,82178.6,83360.3,82168.0,83258.0,1231.20147576
1741953600,83258.1,85300.0,82635.2,84734.0,4225.7321976
1741968000,84734.1,84958.0,83956.8,84554.9,1519.96092683
1741982400,84554.9,84555.5,83714.4,83988.7,612.3152983
1741996800,83988.6,84679.9,83968.1,84484.9,735.03846706
1742011200,84485.0,84558.9,83789.4,83830.8,740.71851571
1742025600,83830.8,84180.0,83609.2,84099.2,528.23795763
1742040000,84099.3,84475.5,84008.0,84334.1,515.01108055
1742054400,84334.1,84491.0,84103.7,84295.1,267.39508522
1742068800,84295.1,84466.1,84223.7,84342.0,182.60283466
1742083200,84342.1,84390.8,83734.5,84336.1,592.15518538
1742097600,84336.1,84419.9,83968.1,84276.0,423.44032156
1742112000,84275.9,84337.6,82357.0,82404.8,1389.35472502
1742126400,82406.1,83490.0,82392.4,83316.6,1399.56829145
1742140800,83316.5,85154.0,82557.2,83097.5,2103.76710357
1742155200,83097.6,83450.6,82000.0,82578.1,1378.66080141
1742169600,82578.1,83725.5,82522.4,83676.0,667.73919823
1742184000,83676.0,83875.0,82668.0,83558.4,1005.53374081
1742198400,83560.0,83782.9,83202.2,83511.9,895.93419182
1742212800,83512.0,84019.2,82444.3,83538.1,3355.59469399
1742227200,83538.2,84764.3,83108.2,84479.7,1663.63829464
1742241600,84477.3,84508.0,83750.0,84011.9,596.00012149
1742256000,84011.9,84030.1,82956.5,83140.9,985.95837598
1742270400,83140.9,83278.4,82250.0,83162.4,2018.7349979
1742284800,83162.4,83455.6,82502.1,82580.9,1096.86014268
1742299200,82580.9,82827.3,81144.0,81600.1,2483.75622241
1742313600,81600.1,82484.8,81240.0,82316.6,1148.613597
1742328000,82314.1,82813.2,81877.8,82709.7,522.68793504
1742342400,82709.8,83244.2,82539.9,83034.0,866.5108149
1742356800,83033.9,83360.3,82786.9,83199.9,827.0439626
1742371200,83199.9,84100.0,83178.1,83881.9,1578.62493763
1742385600,83881.9,84893.5,83513.0,84737.9,1858.00561301
1742400000,84738.0,85947.0,83570.0,85433.8,3767.89612114
1742414400,85432.2,87024.0,85212.0,86841.0,1594.90194036
1742428800,86843.7,87446.9,85626.2,85889.9,1655.52007097
1742443200,85889.9,86016.0,85429.0,85811.9,666.72201747
1742457600,85811.8,86326.8,84770.4,85502.6,1321.46645258
1742472000,85502.6,86529.1,84570.0,84692.6,2259.23714774
1742486400,84687.4,84921.0,83642.0,84160.7,2328.71494845
1742500800,84161.9,84610.8,83914.2,84225.9,577.58492711
1742515200,84223.3,84844.0,84178.1,84443.5,523.08300152
1742529600,84443.4,84800.0,83728.0,83944.6,933.48456995
1742544000,83944.6,84346.8,83734.1,84053.7,785.82786237
1742558400,84053.8,84370.9,83170.6,83576.1,1845.21847623
1742572800,83570.3,84444.0,83376.1,83962.1,776.39307372
1742587200,83962.1,84583.3,83812.0,84086.5,396.21017296
1742601600,84086.5,84328.0,83980.2,84247.9,475.49482326
1742616000,84248.0,84422.0,84158.7,84273.9,414.70573667
1742630400,84273.9,84533.3,84122.1,84238.9,464.8300811
1742644800,84237.0,84297.4,83978.1,84117.9,286.14419277
1742659200,84117.9,84327.9,84070.0,84175.1,153.80605898
1742673600,84175.1,84210.0,83650.0,83850.0,260.29650066
1742688000,83850.0,84278.6,83812.0,84233.7,238.26620557
1742702400,84234.4,84320.0,84065.5,84273.9,293.49998647
1742716800,84274.0,85054.0,84245.7,84698.0,931.45026513
1742731200,84698.1,85266.6,84578.0,85194.0,982.68991919
1742745600,85194.0,85421.0,84813.0,85024.3,480.06053144
1742760000,85024.3,86131.0,84922.2,86083.3,860.19453509
1742774400,86083.4,86639.8,85530.0,86531.3,1250.6305158
1742788800,86531.3,87300.0,86531.3,86865.4,1737.7718814
1742803200,86865.3,87897.7,86852.8,87682.5,1328.8326322
1742817600,87682.6,88769.2,87134.9,88330.0,1785.35663205
1742832000,88330.0,88533.3,87682.5,88216.7,1052.02172721
1742846400,88216.6,88478.0,87035.0,87496.7,2073.07245606
1742860800,87496.7,87684.2,86317.8,86513.9,1406.17369766
1742875200,86513.9,86882.9,86303.3,86456.0,1176.704851
1742889600,86455.9,87500.0,86410.0,87376.1,1179.0447673
1742904000,87378.0,88262.0,86929.3,87768.1,1684.86699055
1742918400,87768.1,88328.0,87577.2,88114.4,959.90616915
1742932800,88112.1,88545.7,87134.5,87414.6,848.22786507
1742947200,87414.6,87898.0,87027.7,87159.0,698.49929255
1742961600,87159.0,88284.0,87048.0,88140.0,795.13136719
1742976000,88139.8,88267.9,87816.6,87956.8,1144.20305623
1742990400,87956.8,88020.0,86434.3,86740.8,2388.32303614
1743004800,86740.7,87056.4,85860.0,86552.0,1427.75763902
1743019200,86550.0,87400.0,86504.1,86926.2,959.38743421
1743033600,86926.3,87765.2,86799.9,87673.6,1098.49540817
1743048000,87673.6,87693.3,87241.3,87403.1,678.8140628
1743062400,87403.0,87599.9,86700.0,86940.1,1074.39722443
1743076800,86940.1,87570.8,85800.0,86970.9,2477.49903499
1743091200,86969.6,87425.9,86800.0,87062.7,751.18255616
1743105600,87062.7,87724.0,86931.8,87228.0,594.24525248
1743120000,87228.0,87504.4,86700.0,86793.8,2010.60924003
1743134400,86793.9,86838.7,85156.1,85202.0,2702.61632588
1743148800,85202.0,85440.0,84808.8,85249.9,1656.3839916
1743163200,85249.9,85631.5,83958.9,84051.5,2967.63495263
1743177600,84051.5,84216.2,83585.0,83795.9,1478.66540443
1743192000,83796.0,84544.9,83700.0,84427.3,1008.12069786
1743206400,84427.4,84626.7,83700.0,84154.3,681.62885543
1743220800,84154.2,84254.2,83663.1,83741.4,529.93239265
1743235200,83741.3,83957.9,82011.0,82293.2,1886.07377801
1743249600,82293.2,82893.9,82128.8,82418.4,813.15435982
1743264000,82418.4,82770.4,81644.2,82770.4,1256.79256873
1743278400,82770.4,82797.6,82260.0,82650.1,360.76897729
1743292800,82650.0,83513.4,82493.1,83080.3,730.36350423
1743307200,83080.3,83322.0,82865.2,83083.1,447.87522405
1743321600,83083.0,83535.4,82975.0,83126.0,538.23532543
1743336000,83127.8,83273.2,82528.8,82735.2,693.3745878
1743350400,82736.5,82914.5,82040.0,82549.9,2105.78578846
1743364800,82550.0,82760.2,81569.3,82398.2,652.42764422
1743379200,82398.4,82456.5,81268.5,81535.4,1072.25620762
1743393600,81535.9,82304.7,81407.4,81941.3,862.08147582
1743408000,81941.3,82275.3,81300.0,82204.4,971.91569358
1743422400,82202.6,83929.6,81666.6,83423.0,2298.51851729
1743436800,83420.7,83694.1,82394.5,82459.7,746.84320467
1743451200,82459.7,82895.4,82263.6,82556.9,492.75842277
1743465600,82556.9,83252.8,82429.6,82964.9,802.4256366
1743480000,82964.9,83599.9,82885.7,83452.7,647.54355845
1743494400,83452.8,84502.4,83431.9,83923.4,1700.6837999
1743508800,83923.4,85500.0,82536.2,85286.8,3200.50098787
1743523200,85288.2,85487.2,84697.2,84968.5,1242.39567238
1743537600,84968.5,85555.0,84768.2,85168.2,1013.44281315
1743552000,85168.3,85273.1,84507.4,84549.9,963.97938729
1743566400,84550.0,84735.1,83900.0,84420.6,858.62124163
1743580800,84420.7,85450.0,84260.0,84569.8,793.21630473
1743595200,84569.9,87344.0,84466.6,86752.4,3747.08037316
1743609600,86755.0,87328.5,86174.0,86896.0,1338.77938917
1743624000,86896.1,88500.0,82320.1,82513.2,6457.99497426
1743638400,82514.1,83937.3,82169.7,83483.7,2011.09728015
1743652800,83484.0,83742.0,83001.4,83456.1,1065.08244649
1743667200,83457.9,83791.1,83041.5,83093.1,929.09330921
1743681600,83093.0,83142.0,81203.0,82046.1,3487.96285952
1743696000,82046.1,82469.6,81543.7,82016.1,2213.87361075
1743710400,82016.0,83331.4,81798.8,83216.3,1015.3156039
1743724800,83216.4,83416.9,82590.1,82816.6,881.83796167
1743739200,82816.6,84026.4,82618.1,83999.7,1354.15202189
1743753600,83999.8,84725.0,81667.0,82682.0,3543.698463
1743768000,82682.0,83700.0,81840.6,82860.1,4559.28202783
1743782400,82862.0,84613.2,82736.8,84000.2,2404.9103312
1743796800,84000.1,84460.0,83479.7,83889.0,864.7377322
1743811200,83889.1,84268.7,83421.0,83630.8,579.8287146
1743825600,83630.0,83866.6,83331.9,83527.7,418.48243463
1743840000,83527.7,83915.4,83353.5,83469.0,1157.56796312
1743854400,83468.9,83566.9,82383.0,82620.5,1248.77630413
1743868800,82620.1,83149.5,82609.4,82862.4,273.7432729
1743883200,82862.4,83684.1,82820.1,83534.2,284.06045551
1743897600,83539.6,83793.7,83160.8,83346.0,467.08510217
1743912000,83345.9,83530.0,83025.1,83028.1,365.12381817
1743926400,83028.0,83168.0,82652.0,82843.6,651.92684848
1743940800,82842.5,83000.0,82216.0,82547.6,2094.19142547
1743955200,82547.6,82565.8,78688.7,79614.4,4010.95328975
1743969600,79614.5,79891.3,77142.8,78426.0,4444.30880424
1743984000,78427.1,79340.0,77350.0,77689.0,2171.54186744
1743998400,77688.9,77981.0,74501.6,75124.0,5976.34633249
1744012800,75124.0,77565.5,75088.9,76690.0,3011.96985399
1744027200,76691.5,81213.5,75775.5,78480.1,10081.43750153
1744041600,78480.0,79371.2,77293.5,78120.0,2902.63685455
1744056000,78127.8,80210.0,78100.1,79174.4,1077.74514968
1744070400,79174.4,80860.0,78776.7,79904.8,1553.0450371
1744084800,79904.8,80413.4,79216.0,79487.0,1071.42419842
1744099200,79486.0,80070.0,78818.4,79985.6,1222.51717747
1744113600,79985.6,80395.0,78176.6,78497.0,2704.77224407
1744128000,78496.9,78524.9,76353.0,76867.4,3186.8075346
1744142400,76867.5,77287.0,76243.3,76329.9,1347.25887944
1744156800,76329.9,76875.7,74627.5,75078.8,3161.5960799
1744171200,75073.5,77949.0,75000.0,77688.1,2664.29989705
1744185600,77688.0,77870.0,75774.2,76238.3,2911.30854394
1744200000,76238.4,78318.9,76030.3,77261.4,3675.74642721
1744214400,77269.2,82986.2,77134.6,82335.3,9040.42018678
1744228800,82335.3,83583.1,82000.1,82618.4,2161.41597801
1744243200,82618.3,82749.0,81466.7,81774.0,2239.97583361
1744257600,81774.0,82341.7,81300.0,81593.9,1358.70804413
1744272000,81594.0,82115.6,81331.7,81874.0,986.20410598
1744286400,81873.9,82521.8,78606.1,78750.7,5127.0832081
1744300800,78750.6,80041.4,78462.0,79641.8,3322.84837252
1744315200,79640.0,80033.2,79378.7,79599.5,722.18361543
1744329600,79592.0,80909.0,78970.9,80845.8,1957.87133521
1744344000,80844.9,81442.0,80512.1,81255.6,1447.45358339
1744358400,81255.6,82976.0,80780.1,82135.6,2652.57896266
1744372800,82139.1,83333.0,81342.8,82527.9,3289.34657852
1744387200,82528.0,84219.2,82012.6,83849.5,2349.70462199
1744401600,83849.5,84300.0,83143.8,83416.0,751.89231964
1744416000,83414.1,83566.5,82764.9,82968.1,1077.97212804
1744430400,82968.1,83800.0,82850.0,83715.9,1805.58175197
1744444800,83715.9,84023.2,83290.8,83520.4,652.97996152
1744459200,83520.4,85400.0,83468.5,84996.2,2356.56180379
1744473600,84996.2,85253.8,84422.0,84932.9,695.5282924
1744488000,84932.9,85888.0,84870.0,85268.0,882.05910739
1744502400,85268.1,86100.0,84716.0,85416.7,1433.64561729
1744516800,85416.7,85427.6,84376.4,84418.0,2110.69833754
1744531200,84417.9,84955.9,84204.0,84520.6,641.98551788
1744545600,84520.6,84696.1,83458.0,83850.8,2460.51022022
1744560000,83850.8,85024.0,83020.2,83983.3,1511.39856048
1744574400,83983.9,84436.7,83040.0,83760.0,1037.25076654
1744588800,83758.1,85534.4,83688.2,84569.3,1634.15789032
1744603200,84568.9,85106.8,84226.9,84586.0,826.68999027
1744617600,84586.1,84968.0,84254.0,84929.8,1229.04047022
1744632000,84929.8,85808.1,83711.0,84102.0,3260.66446679
1744646400,84106.7,85206.0,83859.3,84900.2,1469.82039245
1744660800,84900.2,84963.9,84413.2,84586.6,599.69093119
1744675200,84586.7,85416.6,84335.1,85380.6,789.25491745
1744689600,85380.7,85879.9,85157.1,85732.9,1077.90789546
1744704000,85732.9,86000.0,85334.5,85582.2,1345.57179735
1744718400,85584.0,86460.0,84625.1,84915.7,2437.30941773
1744732800,84917.7,85142.8,83900.0,83970.5,1348.988922
1744747200,83970.6,84228.4,83603.2,83650.7,1070.26138915
1744761600,83650.6,83948.2,83107.6,83679.9,998.44414724
1744776000,83679.9,83814.9,83216.7,83364.1,895.03254937
1744790400,83364.1,84118.5,83131.0,84044.8,823.08308658
1744804800,84045.4,85280.5,83500.3,84849.5,1639.20898662
1744819200,84849.9,85550.0,83276.6,84338.2,1803.95492267
1744833600,84336.4,84683.0,84024.1,84029.7,421.50335358
1744848000,84029.8,84496.3,83800.0,83998.0,519.60942502
1744862400,83998.0,85050.0,83895.7,84667.2,1050.88391231
1744876800,84667.1,84764.3,84177.7,84572.0,541.10424115
1744891200,84572.1,84869.0,83722.0,84544.6,1311.34542304
1744905600,84544.7,85489.0,84409.0,84849.9,2562.35305927
1744920000,84849.3,85148.4,84726.0,84955.0,504.19830092
1744934400,84955.1,85138.0,84724.9,84838.0,365.5921098
1744948800,84838.0,84852.3,84409.0,84666.1,598.71631714
1744963200,84666.1,84774.5,84476.1,84670.1,268.61127422
1744977600,84670.1,84771.9,84335.0,84375.2,528.57210972
1744992000,84375.2,84662.3,84300.0,84570.9,215.08736681
1745006400,84571.0,84690.3,84348.0,84468.6,355.92649909
1745020800,84468.6,85000.0,84370.0,84881.1,1043.31531571
1745035200,84881.2,85268.5,84881.2,85217.8,635.55906828
1745049600,85217.9,85465.0,85109.8,85225.9,906.84952818
1745064000,85226.0,85661.0,85076.0,85190.0,799.46004649
1745078400,85190.0,85329.9,84713.2,85096.1,435.39669485
1745092800,85096.2,85380.0,85018.5,85087.8,148.40476068
1745107200,85087.9,85350.1,85039.9,85172.0,383.84172998
1745121600,85172.0,85251.2,84645.9,84790.2,2364.52354495
1745136000,84790.2,84796.3,83941.7,84128.4,1420.48810981
1745150400,84128.4,84689.0,84100.1,84345.4,1450.91755677
1745164800,84345.4,84665.0,84259.4,84648.5,244.68811209
1745179200,84648.6,85300.0,84620.0,85183.7,845.15474388
1745193600,85183.8,87654.3,85143.4,87202.0,3791.08374622
1745208000,87202.1,87738.0,87050.0,87436.1,1076.37139793
1745222400,87436.1,87789.2,86637.6,86972.9,919.27823455
1745236800,86972.8,88466.0,86779.7,88042.5,3239.15179122
1745251200,88042.6,88260.0,86400.0,87410.2,2618.13496465
1745265600,87410.3,87624.9,86875.9,87516.1,545.95915124
1745280000,87512.1,88878.0,87062.8,88159.1,1980.33890031
1745294400,88156.8,88490.0,87965.5,88481.2,748.21184294
1745308800,88481.2,88698.0,88245.0,88615.9,833.73144162
1745323200,88615.5,91427.2,88480.0,90925.9,5258.25485782
1745337600,90926.0,91698.6,90612.0,91420.0,2036.97499919
1745352000,91419.2,94086.3,91049.5,93447.9,3162.25201281
1745366400,93448.0,93899.0,92602.0,93176.1,1624.25370747
1745380800,93176.2,94299.9,93022.0,94144.0,1767.95265854
1745395200,94144.0,94500.0,93330.6,93473.9,1635.11971616
1745409600,93473.8,94779.6,91935.8,93188.5,3320.38387959
1745424000,93188.5,94212.1,92903.2,93490.1,1220.81141439
1745438400,93490.0,93910.8,93223.2,93676.1,583.50773564
1745452800,93676.0,93773.1,92627.3,92659.2,875.59142827
1745467200,92659.3,92897.0,92089.8,92198.9,1151.29200135
1745481600,92198.8,92665.5,91662.9,92623.2,2164.89220671
1745496000,92623.3,93471.5,92434.5,93205.8,1403.22275285
1745510400,93205.8,93670.2,92670.1,93563.0,1107.50500895
1745524800,93560.1,93998.0,93026.0,93973.9,880.80769254
1745539200,93974.0,94433.3,92842.0,93316.0,1537.22288811
1745553600,93316.1,93874.7,93010.1,93773.5,1700.61126021
1745568000,93773.5,94640.8,93536.9,94625.0,1206.17461357
1745582400,94627.8,95768.4,93937.7,95067.6,3176.63174492
1745596800,95067.6,95550.0,94378.2,95283.8,1225.08359789
1745611200,95286.0,95342.0,94450.1,94640.0,473.50044645
1745625600,94645.1,95208.8,94555.1,94737.5,574.62259601
1745640000,94737.4,94840.0,94380.0,94562.1,708.89524066
1745654400,94562.1,94731.5,94000.0,94144.5,875.0191367
1745668800,94144.5,94399.9,93870.1,94366.0,907.52669021
1745683200,94366.0,94384.0,94023.9,94307.3,626.9041008
1745697600,94307.3,94900.0,94086.7,94631.8,620.38267302
1745712000,94631.8,95310.0,94050.0,94166.0,934.13654555
1745726400,94166.0,94299.0,93657.9,94080.7,734.24545826
1745740800,94081.9,94333.2,93885.6,93918.3,441.15674927
1745755200,93916.6,94186.0,93610.3,93902.1,511.06116447
1745769600,93902.1,94449.9,93718.3,94435.9,601.61904735
1745784000,94436.0,94544.0,93650.0,93744.0,475.04390804
1745798400,93744.0,93979.3,92774.1,93849.9,1659.66089364
1745812800,93849.9,94797.4,93849.9,94688.1,999.65867634
1745827200,94688.1,95550.1,94334.1,95313.8,2363.52348609
1745841600,95313.9,95600.0,93588.0,93840.0,2284.95738996
1745856000,93838.5,94933.3,93450.0,94799.9,1297.02016135
1745870400,94795.2,95178.0,94292.1,95014.6,748.89203781
1745884800,95014.6,95465.2,94440.0,94655.8,1142.67064736
1745899200,94655.9,94973.0,94200.0,94930.0,739.83610533
1745913600,94930.0,95294.0,94746.0,95126.3,804.781173
1745928000,95126.3,95300.0,94527.1,94840.4,998.31147332
1745942400,94840.5,95464.9,94655.6,95306.7,908.22979197
1745956800,95306.7,95410.1,93729.9,94242.0,1811.81489508
1745971200,94242.0,95111.0,94128.1,95036.0,763.58704422
1745985600,95036.0,95186.0,94500.0,94626.0,704.82039122
1746000000,94626.0,95236.0,94526.0,95181.5,534.25329228
1746014400,95181.6,95220.0,92914.1,94009.3,3013.12462899
1746028800,94007.3,94537.0,93528.1,94160.0,690.09743533
1746043200,94169.8,94786.3,93981.8,94163.1,631.62705677
1746057600,94163.1,95000.0,94125.5,94779.9,1023.84587607
1746072000,94780.0,95180.0,94702.8,95007.5,754.76959795
1746086400,95007.6,96394.0,94900.0,96183.5,1730.78030397
1746100800,96183.5,97426.0,95800.0,96849.8,3054.58352408
1746115200,96849.9,97365.2,96402.6,96555.4,2743.85410067
1746129600,96550.0,96894.7,96188.0,96488.2,652.53416838
1746144000,96488.0,97240.0,96468.0,97109.9,743.77085164
1746158400,97110.0,97300.0,96315.8,96362.4,1735.06092156
1746172800,96362.3,97100.0,96353.9,96933.3,1622.30202392
1746187200,96933.3,97896.0,96650.0,97331.1,1870.287618
1746201600,97331.1,97799.9,96756.0,96919.8,1093.65058252
1746216000,96920.0,97140.0,96555.2,96891.6,403.08276657
1746230400,96891.7,96929.3,96303.7,96336.0,917.10243674
1746244800,96336.0,96600.0,96123.0,96328.0,497.05478333
1746259200,96328.0,96444.3,95850.0,95944.0,1268.92642855
1746273600,95944.1,96514.0,95892.0,96428.0,591.09472319
1746288000,96428.0,96434.2,95875.7,96359.9,338.57633958
1746302400,96360.0,96448.0,95751.6,95861.6,435.6108887
1746316800,95860.1,96299.9,95600.0,95736.0,877.19222883
1746331200,95736.0,96148.0,95700.0,95895.3,384.14432534
1746345600,95895.3,95939.3,95294.2,95430.0,648.3759601
1746360000,95430.0,95696.9,95234.0,95467.6,412.48098233
1746374400,95467.6,95640.4,95242.5,95583.3,272.12481724
1746388800,95584.0,95760.4,94123.2,94273.7,1655.06616377
1746403200,94273.8,94800.0,93489.1,94044.0,1692.39888285
1746417600,94044.1,94825.6,94017.6,94759.9,747.10403104
1746432000,94760.0,94796.0,93900.1,94046.0,737.46313719
1746446400,94046.1,94550.0,93614.1,93782.8,1065.48969523
1746460800,93782.9,94916.8,93766.0,94351.0,561.63265655
1746475200,94350.0,95217.5,93873.5,94737.3,985.83806166
1746489600,94737.3,94935.0,94018.0,94466.4,580.83574119
1746504000,94466.5,94636.0,94305.9,94390.0,433.60250798
1746518400,94392.0,94400.0,93720.1,93814.0,839.12618497
1746532800,93814.1,94737.9,93390.1,94567.9,1822.6084109
1746547200,94568.0,95170.0,94214.5,94972.1,1173.28630939
1746561600,94972.0,96900.0,94454.1,96833.9,2207.00209086
1746576000,96834.0,97731.8,96213.3,96517.4,2138.20909683
1746590400,96517.5,97009.6,96324.0,96988.0,591.1451206
1746604800,96988.0,97118.0,96830.0,97053.0,590.58766703
1746619200,97053.0,97497.8,96715.2,96937.0,1056.02032213
1746633600,96937.0,96959.3,95788.9,96186.1,1326.38188778
1746648000,96187.9,97396.9,96072.2,97026.0,759.38458839
1746662400,97026.0,99233.9,96872.0,99148.6,2940.50584736
1746676800,99148.7,99421.9,98728.0,99263.7,1424.4807889
1746691200,99263.7,99900.0,99215.0,99419.3,1711.50828531
1746705600,99419.3,101546.6,99090.4,100763.4,3140.48648786
1746720000,100763.3,101714.2,100594.9,101317.0,1614.29893605
1746734400,101318.0,104295.8,101290.0,103270.0,2585.86695757
1746748800,103269.9,103274.0,102349.7,102451.1,1182.97370068
1746763200,102451.0,104366.0,102376.2,103630.0,2469.27177662
1746777600,103629.9,103942.0,102415.9,102962.6,1730.08752786
1746792000,102962.7,103791.1,102400.1,102904.0,1560.27024823
1746806400,102904.7,103373.0,102300.0,103199.9,966.06139091
1746820800,103195.9,103418.0,102738.7,102986.0,371.85979956
1746835200,102986.1,103272.9,102824.2,103222.0,400.01950028
1746849600,103222.1,104122.0,103035.2,103777.9,987.97912882
1746864000,103778.0,104091.1,103368.0,103432.2,779.88653174
1746878400,103432.3,103830.0,103100.6,103143.3,561.00467928
1746892800,103143.3,103631.1,103010.0,103195.5,971.33363863
1746907200,103195.5,104999.0,103064.9,104820.0,996.07452629
1746921600,104819.9,104968.1,103422.3,104000.0,1100.19260002
1746936000,104000.1,104400.0,103333.3,103380.7,690.06574222
1746950400,103380.0,104785.7,103370.1,104656.0,779.48715679
1746964800,104656.1,104900.0,103783.1,104134.6,1839.35406443
1746979200,104134.7,104833.2,103750.1,104416.0,530.28124164
1746993600,104416.1,104590.0,103571.4,104126.0,737.22705005
1747008000,104126.9,105150.0,103714.0,104099.9,1088.51883334
1747022400,104100.0,105850.0,103750.0,104481.1,2361.13746924
1747036800,104481.1,104736.5,103626.2,103767.8,1118.66923661
1747051200,103767.8,104651.8,102391.0,102520.1,2794.42640619
1747065600,102520.1,103082.1,100733.0,101859.5,1720.97855477
1747080000,101858.0,103136.9,101775.7,102790.0,478.97538391
1747094400,102790.1,102790.1,101418.1,101713.5,1171.68153752
1747108800,101713.4,102950.0,101613.4,102670.0,1093.12295818
1747123200,102669.9,103834.1,102540.1,103724.9,1046.79605774
1747137600,103729.8,103987.9,102804.1,103685.6,2029.33153151
1747152000,103685.5,104986.0,103534.9,104788.7,1578.38934427
1747166400,104788.7,104934.1,103875.6,104127.7,561.8489155
1747180800,104122.3,104129.4,103454.0,103593.2,701.1795002
1747195200,103593.2,103995.9,103388.0,103713.9,1012.39653185
1747209600,103711.9,104155.9,102856.9,103956.0,1343.11587291
1747224000,103955.9,104357.6,102851.0,103518.0,1277.11611822
1747238400,103518.1,103724.1,102608.3,103329.6,716.60055155
1747252800,103330.0,103671.6,103296.8,103500.0,303.28612738
1747267200,103500.1,103867.9,102710.0,102742.0,710.59822522
1747281600,102742.1,102970.0,101721.4,101788.0,1333.53329865
1747296000,101788.0,102443.9,101505.2,102375.9,984.38388743
1747310400,102375.9,103288.0,101355.2,103254.9,2034.86531181
1747324800,103254.1,104195.7,102555.1,103161.5,1437.83413167
1747339200,103160.0,103985.0,102710.6,103766.7,815.30601439
1747353600,103766.5,104464.0,103467.1,104023.3,903.08130973
1747368000,104025.4,104200.0,103694.0,103705.0,835.78493751
1747382400,103705.1,103914.0,103100.0,103672.0,656.12425375
1747396800,103672.0,104285.7,103339.3,104187.9,1079.13258242
1747411200,104188.0,104555.0,103585.6,104023.3,910.33282732
1747425600,104025.5,104036.0,103391.6,103461.2,560.42710226
1747440000,103461.2,103579.8,102600.0,103505.5,862.13920481
1747454400,103506.5,103729.1,103286.0,103450.0,697.27505937
1747468800,103449.9,103571.3,102750.1,102998.0,837.48484665
1747483200,102998.0,103187.9,102613.9,102950.0,817.09549718
1747497600,102950.1,103372.5,102763.0,103153.0,454.84163019
1747512000,103153.0,103480.0,102901.0,103133.6,250.72002901
1747526400,103133.7,103419.4,103100.1,103282.6,192.8893205
1747540800,103282.6,103976.3,103279.6,103927.9,864.716899
1747555200,103928.0,104087.9,103785.2,103802.2,537.6164333
1747569600,103803.9,105666.6,103698.6,105515.9,1676.8069228
1747584000,105515.9,106000.0,103858.6,103882.9,1708.11770204
1747598400,103882.4,106669.0,103270.7,106468.7,1902.84549303
1747612800,106468.9,107140.1,103546.2,103609.4,2058.11431756
1747627200,103610.0,103772.0,102080.4,103222.1,2992.366943
1747641600,103222.0,103445.1,102780.0,102960.5,780.12928434
1747656000,102960.5,104969.7,102155.7,104796.0,2009.01847102
1747670400,104796.0,105583.3,104498.3,105518.1,1448.20133438
1747684800,105513.7,105838.2,105024.7,105568.1,650.53303666
1747699200,105568.1,106867.0,105529.7,105755.7,1463.54605318
1747713600,105755.7,106400.0,104920.0,105018.3,1059.61746769
1747728000,105014.8,105434.9,104848.0,105206.0,1371.12705836
1747742400,105206.1,105401.7,104180.0,105340.4,1307.5487181
1747756800,105341.4,107254.2,105089.6,107017.9,1532.87744032
1747771200,107018.0,107308.7,105939.9,106846.1,1173.70266891
1747785600,106846.0,107210.0,106183.0,106838.0,971.51774188
1747800000,106839.0,107997.3,106444.1,106509.9,1926.87082539
1747814400,106506.1,106796.0,106086.1,106528.5,802.34609979
1747828800,106528.1,109458.0,106319.7,108972.0,2735.21989361
1747843200,108973.9,109860.0,106115.5,108618.1,4412.40613593
1747857600,108612.8,110804.2,107719.3,109642.8,2235.24396356
1747872000,109646.0,111880.0,109179.5,111773.9,2891.93400243
1747886400,111774.0,111791.5,110457.3,111038.3,2251.67904531
1747900800,111038.4,111333.0,110262.1,110983.7,1033.29499695
1747915200,110982.1,111616.0,110550.0,111317.8,1576.95775277
1747929600,111318.0,111963.0,110916.4,111200.0,1626.95407894
1747944000,111203.5,111728.0,110756.0,111701.9,479.40188953
1747958400,111702.0,111800.0,111016.0,111111.0,757.55405612
1747972800,111111.1,111191.4,110406.1,110721.9,1277.9841512
1747987200,110722.0,111378.0,108856.1,109085.3,1450.33580739
1748001600,109083.7,109999.9,107313.9,108940.6,3365.27716534
1748016000,108942.4,109812.2,108004.9,108714.5,2307.34852553
1748030400,108714.5,108730.1,106800.0,107324.0,1173.2036892
1748044800,107324.1,108371.9,106880.0,108370.0,621.50415405
1748059200,108370.0,108581.8,107567.7,107600.8,1086.54334731
1748073600,107600.8,109488.6,107600.8,109196.0,879.30635175
1748088000,109196.0,109279.9,108540.0,108939.3,726.3249004
1748102400,108939.3,109221.9,108680.0,108944.4,836.60871648
1748116800,108944.3,109120.5,107500.0,107767.2,900.6890302
1748131200,107767.3,108258.0,107192.4,108091.3,864.704938
1748145600,108091.3,108299.1,107440.1,107682.1,418.53587689
1748160000,107682.0,107698.0,106703.2,107250.0,1224.47314117
1748174400,107249.8,107743.8,106600.0,106973.3,898.52407517
1748188800,106973.3,107937.3,106648.2,107709.4,350.10976318
1748203200,107709.3,109315.3,107172.5,109004.9,985.92710566
1748217600,109004.9,109850.0,108666.7,109621.9,936.02391967
1748232000,109621.9,110214.8,109360.3,110089.0,922.01154662
1748246400,110089.1,110179.9,109556.1,109783.9,479.22590811
1748260800,109784.0,110411.2,109471.7,110004.9,982.83370016
1748275200,110007.1,110450.0,108851.1,109123.5,1616.02629167
1748289600,109123.4,109890.0,108932.1,109437.9,389.2052744
1748304000,109436.7,109677.9,107505.2,108886.4,1570.03966466
1748318400,108886.5,109634.0,108536.9,109539.7,704.02441789
1748332800,109540.0,109892.0,109420.8,109588.2,750.51398538
1748347200,109588.3,110729.0,108621.2,110145.7,2537.50926573
1748361600,110146.2,110512.0,109570.1,109885.1,1215.69342379
1748376000,109885.1,109903.0,108600.0,108936.0,647.75165367
1748390400,108936.0,109282.0,108400.0,108856.7,681.8198327
1748404800,108856.8,109086.8,108629.6,108816.2,556.81824301
1748419200,108816.2,109139.3,108250.0,108865.5,895.17337822
1748433600,108865.5,109060.0,107036.0,107113.1,1878.66005136
1748448000,107113.2,107846.1,106933.4,106934.7,1321.01851333
1748462400,106934.1,108048.5,106800.0,107783.9,673.5956862
1748476800,107783.9,108485.1,107412.6,108035.9,1010.46314579
1748491200,108036.0,108104.0,106930.8,107883.3,869.59034422
1748505600,107883.4,108897.5,107683.0,108781.2,1474.55171281
1748520000,108781.2,108800.0,106455.0,107034.0,5023.18250237
1748534400,107034.0,107180.0,105632.1,105723.5,2823.7540279
1748548800,105723.5,106479.2,105311.8,105586.1,756.91996381
1748563200,105586.1,106228.5,104600.0,106026.2,1301.12928344
1748577600,106026.2,106322.9,104710.5,105031.5,1518.2536951
1748592000,105031.6,105985.0,104595.4,105874.7,1074.19060174
1748606400,105874.8,105996.8,105043.7,105538.8,1134.54543331
1748620800,105538.8,105565.4,103700.1,104636.9,1685.5028177
1748635200,104636.8,104894.2,103621.1,103999.9,820.14914504
1748649600,104000.0,104299.9,103078.7,103675.4,962.32919295
1748664000,103675.5,103921.2,103480.1,103761.3,442.40592446
1748678400,103761.2,103822.2,103282.1,103504.7,390.76295317
1748692800,103504.8,104850.5,103486.0,104554.2,855.05782557
1748707200,104554.2,104795.3,104265.2,104705.3,280.72235493
1748721600,104705.9,104907.5,104473.3,104596.8,336.872418
1748736000,104596.8,104647.3,103926.4,104380.2,447.45096799
1748750400,104380.3,104740.2,104189.7,104284.5,261.11033052
1748764800,104284.6,104481.0,103738.3,104084.3,1321.62395296
1748779200,104084.4,104808.0,103768.8,104711.9,372.99781822
1748793600,104712.0,105299.9,104333.5,105125.8,678.47168935
1748808000,105125.9,105874.2,104899.6,105641.5,483.0182326
1748822400,105641.6,105740.4,104565.3,104837.9,447.45168684
1748836800,104837.8,105452.9,104612.9,105396.8,543.69959625
1748851200,105396.8,105945.0,103942.2,104054.6,921.46192521
1748865600,104054.7,104699.9,103668.8,104434.0,1159.12039349
1748880000,104434.9,104737.7,104031.2,104431.9,505.22144938
1748894400,104432.0,105938.1,104432.0,105847.3,1015.28237368
1748908800,105848.9,106526.3,105344.8,105490.9,803.89404074
1748923200,105490.9,105522.5,105115.7,105184.6,541.67215545
1748937600,105184.6,105365.0,104871.7,105291.3,380.17468812
1748952000,105291.4,106804.0,105028.0,106630.2,1857.90536252
1748966400,106630.2,106688.0,105587.6,106240.7,1140.48512988
1748980800,106240.6,106260.0,105258.0,105386.7,602.33179755
1748995200,105386.7,105844.9,105129.8,105524.1,497.61533208
1749009600,105524.2,105622.7,105250.0,105309.5,499.05163101
1749024000,105309.4,105988.0,105100.0,105103.9,552.60019122
1749038400,105104.0,105550.0,104181.4,105302.7,1350.64447861
1749052800,105302.7,105483.7,104865.1,104909.6,589.57957611
1749067200,104908.3,105056.4,104406.5,104680.5,349.93500937
1749081600,104688.8,105237.5,104650.6,105038.0,325.31713376
1749096000,105038.0,105230.0,104375.8,104525.8,435.43828227
1749110400,104525.8,104916.6,104425.4,104810.6,448.41033525
1749124800,104810.7,105914.9,103900.0,104539.6,1860.5911515
1749139200,104540.1,104604.3,101566.6,101919.5,3874.87415905
1749153600,101921.4,102200.1,100400.0,101500.0,2332.1251218
1749168000,101499.9,102521.6,101083.0,102496.0,1072.72449473
1749182400,102496.0,103477.5,102377.7,103149.0,1307.1058252
1749196800,103149.0,103999.9,103149.0,103928.9,910.52369762
1749211200,103928.9,105330.8,103506.7,105094.2,1743.93083962
1749225600,105094.7,105288.4,104065.7,104228.4,2303.03535391
1749240000,104228.5,104626.3,104167.7,104295.5,271.64829762
1749254400,104295.5,104929.9,103876.8,104877.5,438.95329041
1749268800,104878.9,105323.6,104642.3,104858.8,507.5250206
1749283200,104858.8,105267.0,104679.4,105143.5,354.67726484
1749297600,105139.9,105799.0,105139.9,105558.3,625.20967442
1749312000,105558.4,105888.0,105262.8,105729.9,425.29099044
1749326400,105729.9,105916.7,105528.8,105553.6,163.09810248
1749340800,105553.6,105790.4,105399.9,105475.8,202.21651214
1749355200,105475.9,105644.3,105399.9,105427.7,164.85528656
1749369600,105427.7,105738.3,104969.6,105673.4,392.45669514
1749384000,105673.4,106158.7,105509.4,105975.1,710.74676095
1749398400,105975.0,106366.0,105940.8,106301.8,254.22514298
1749412800,106301.8,106499.5,105565.4,105729.1,397.46250805
1749427200,105729.2,105973.6,105315.2,105667.6,447.37371158
1749441600,105667.7,105729.6,105313.4,105557.7,472.57389485
1749456000,105557.6,107815.6,105469.1,107761.7,1584.58221872
1749470400,107761.7,108034.8,106857.8,107638.1,1400.73195025
1749484800,107638.2,108772.3,107638.1,108570.4,842.36302369
1749499200,108569.7,110650.0,108447.8,110267.0,1770.7480874
1749513600,110266.9,110311.6,109375.0,109579.3,711.16173127
1749528000,109579.4,109738.6,109088.9,109212.0,769.00732097
1749542400,109212.0,109858.9,109048.8,109549.4,751.70829065
1749556800,109550.2,109888.8,108344.1,109023.9,1233.49538278
1749571200,109024.0,110393.0,108521.7,109509.5,703.87441872
1749585600,109509.4,110298.6,109243.7,110274.1,515.66955335
1749600000,110274.1,110288.9,109542.3,109719.1,333.32285532
1749614400,109719.2,109748.3,109367.4,109439.2,401.0768965
1749628800,109439.2,109663.9,109182.7,109245.7,320.70661666
1749643200,109245.7,110399.9,109011.4,109743.3,1416.61960876
1749657600,109743.3,109825.4,108400.0,108749.2,951.07674331
1749672000,108743.5,109223.3,108050.1,108645.7,606.45594896
1749686400,108645.7,108827.6,107715.3,107864.2,1370.07331163
1749700800,107863.7,107999.7,107333.2,107630.9,653.59465747
1749715200,107630.8,107848.6,106887.7,106910.1,648.34953141
1749729600,106910.2,107821.1,106600.0,107017.6,1124.36438149
1749744000,107017.6,108439.0,106680.0,106795.9,2853.4615857
1749758400,106795.8,106980.5,105661.4,105663.8,1162.78419862
1749772800,105663.8,105697.1,102640.0,104287.7,3830.53484026
1749787200,104287.8,104973.5,103785.7,104897.3,1425.61675366
1749801600,104897.4,105472.0,104426.6,105037.8,842.99074536
1749816000,105039.5,105764.8,104108.6,105431.0,2078.69457772
1749830400,105431.1,105977.1,104666.6,105101.9,912.91352033
1749844800,105100.6,106188.0,105017.2,106066.1,397.33637471
1749859200,106066.1,106219.2,105202.6,105241.2,439.80851974
1749873600,105241.2,105433.7,104791.3,105070.9,451.26390575
1749888000,105070.8,105139.5,104830.7,105091.0,232.69406181
1749902400,105089.1,105129.8,104614.0,104833.1,342.88062096
1749916800,104833.1,105060.2,104363.7,104651.4,927.51248044
1749931200,104652.0,105491.1,104305.7,105410.9,352.28140174
1749945600,105410.9,105677.0,105260.0,105478.4,220.33782456
1749960000,105478.4,106140.0,105199.9,105430.1,407.46659043
1749974400,105430.2,105498.2,104868.1,104980.0,332.85477492
1749988800,104980.0,105839.2,104953.7,105568.0,1075.77342734
1750003200,105568.0,105776.9,105066.5,105301.5,700.7269424
1750017600,105301.5,105616.0,104500.0,105579.9,483.97195743
1750032000,105580.0,105975.8,104972.2,105919.2,504.74009909
1750046400,105919.3,107265.8,105867.1,107061.9,1179.39105039
1750060800,107061.9,107239.1,106582.6,106896.4,557.95628136
1750075200,106896.4,107787.1,106503.6,107436.0,1005.14029492
1750089600,107438.1,108899.1,107312.0,108653.9,938.63568268
1750104000,108654.0,108974.7,106700.9,106803.8,1159.01886688
1750118400,106806.0,107761.7,106127.1,107595.9,929.0229019
1750132800,107596.0,107712.5,106480.0,106768.8,587.64374859
1750147200,106768.7,106838.6,105504.1,105634.7,1152.87506511
1750161600,105634.8,105867.3,104138.3,104244.1,2830.52861168
1750176000,104244.1,105353.6,103368.1,104684.1,2846.88785273
1750190400,104682.0,104903.7,104204.6,104564.0,571.32099155
1750204800,104565.1,105246.6,104366.7,105184.5,527.32832215
1750219200,105184.5,105544.2,104715.4,104977.7,763.24371375
1750233600,104979.4,105313.6,104180.6,104849.1,671.45583604
1750248000,104849.1,105329.7,103812.0,104796.1,1512.42627575
1750262400,104796.0,104836.0,103500.0,103820.0,1125.49412693
1750276800,103822.1,105140.0,103647.9,104890.1,488.59140389
1750291200,104890.0,105225.8,104445.6,105093.0,442.04964592
1750305600,105094.2,105224.9,104625.1,104648.1,307.24010724
1750320000,104648.0,105078.1,104630.0,104768.0,259.05132013
1750334400,104768.1,104916.0,104081.0,104104.1,629.39044686
1750348800,104104.1,104838.6,103920.1,104251.2,711.56898146
1750363200,104251.2,104916.6,104138.1,104652.4,272.55775985
1750377600,104652.1,104822.3,104390.4,104595.3,375.04101955
1750392000,104595.4,105809.6,104230.8,105805.8,675.03816548
1750406400,105805.9,106520.0,105756.0,105979.8,1156.41709327
1750420800,105980.0,106147.4,103882.6,104222.1,1539.99531306
1750435200,104224.0,104281.2,102340.7,103308.2,1839.80579894
1750449600,103308.2,103831.1,102956.2,103304.6,771.53068117
1750464000,103304.6,103702.0,103127.5,103492.8,293.77766713
1750478400,103492.8,103600.0,103291.8,103468.1,847.20090755
1750492800,103468.1,103991.6,103461.3,103880.0,527.87968891
1750507200,103879.9,103966.1,103290.6,103566.1,1056.45718758
1750521600,103566.1,103657.2,102207.7,102256.3,504.88588738
1750536000,102254.4,102898.9,100866.0,102124.4,1774.62887476
1750550400,102126.3,103396.6,101822.3,102384.9,1117.36335192
1750564800,102384.9,102954.0,102232.9,102442.1,1092.59406599
1750579200,102442.1,102820.0,102072.6,102739.2,502.62349125
1750593600,102739.3,102830.0,98900.4,98911.3,3973.68806288
1750608000,98911.2,100375.9,98680.0,98884.1,1722.61470985
1750622400,98884.1,101030.3,98188.4,100949.2,1838.20657374
1750636800,100948.1,101606.0,100474.6,101163.1,869.29622562
1750651200,101163.2,102156.3,100974.0,101935.7,841.73245102
1750665600,101935.7,102085.9,101107.1,101297.9,761.66988068
1750680000,101298.0,102625.0,100808.0,101431.5,2084.85215137
1750694400,101431.6,103323.0,99636.6,103160.9,2389.018712
1750708800,103167.5,106052.1,102880.8,105356.0,2697.37104042
1750723200,105355.9,105514.4,104706.8,104920.0,1860.9313444
1750737600,104919.4,105827.4,104702.3,104935.0,1429.82847258
1750752000,104934.7,105568.5,104625.1,105175.3,739.04759153
1750766400,105175.3,105739.0,104804.1,105238.1,1344.87408049
1750780800,105241.8,106290.8,105182.8,105650.0,907.67521677
1750795200,105648.0,106128.1,105442.1,106094.1,494.86277725
1750809600,106094.2,106808.8,105820.1,106237.9,879.892208
1750824000,106237.9,106710.0,106000.0,106600.0,607.5918038
1750838400,106600.1,107228.0,106340.1,107191.2,1654.78981625
1750852800,107191.2,108130.0,106737.5,107034.6,1899.64046811
1750867200,107034.5,107900.0,106912.1,107757.5,1020.83593385
1750881600,107754.9,108000.0,107075.0,107335.5,520.78783838
1750896000,107335.6,108290.0,107095.2,107858.9,626.34050012
1750910400,107860.0,108086.0,107519.9,107812.7,428.29416049
1750924800,107812.7,108196.3,107124.8,107340.2,1181.43589343
1750939200,107340.3,107766.6,106546.8,107316.0,1440.95587644
1750953600,107316.0,107684.8,107012.0,107544.0,644.04811231
1750968000,107541.3,108007.0,106826.5,106962.8,597.37075587
1750982400,106962.9,107500.0,106437.3,107475.9,562.3901137
1750996800,107476.0,107742.0,106850.6,106866.6,936.47846197
1751011200,106866.7,107164.8,106681.5,106999.4,718.9630139
1751025600,106999.4,107457.8,106377.0,107312.9,1421.45585977
1751040000,107313.0,107727.9,106450.0,106811.3,947.2321715
1751054400,106811.5,107278.0,106800.0,107054.0,341.13156663
1751068800,107054.5,107343.0,106806.4,107292.0,299.09102604
1751083200,107292.1,107504.6,107173.1,107486.2,389.24764501
1751097600,107486.2,107504.1,107227.9,107367.8,705.92257461
1751112000,107367.9,107550.0,107052.9,107451.5,288.10592104
1751126400,107451.6,107552.4,107224.3,107224.3,207.41588088
1751140800,107224.4,107382.0,107156.0,107302.7,108.0136777
1751155200,107302.7,107512.0,107169.2,107214.5,181.40692654
1751169600,107214.5,107425.6,107210.0,107413.9,167.44561751
1751184000,107413.9,108499.0,107406.5,108479.4,738.65454837
1751198400,108479.3,108539.0,107650.0,107744.1,992.31679944
1751212800,107744.0,107787.4,107303.0,107400.0,401.27868678
1751227200,107400.0,108440.0,107236.0,108361.5,445.17272807
1751241600,108361.5,108800.0,108250.2,108506.0,569.7890654
1751256000,108506.0,108542.0,107464.7,107621.0,664.4624399
1751270400,107620.9,107965.8,107395.1,107662.3,446.37906419
1751284800,107662.3,107887.7,106736.9,107575.1,1384.6804649
1751299200,107575.0,107809.5,107121.2,107736.1,582.46165357
1751313600,107736.1,107771.4,106918.2,107140.0,385.65150814
1751328000,107140.1,107547.9,107026.0,107196.9,310.55933978
1751342400,107196.8,107216.7,106621.1,107184.1,640.04284006
1751356800,107184.1,107184.1,106315.7,106614.1,673.5901983
1751371200,106614.1,107184.0,105633.3,105961.9,2060.12094129
1751385600,105962.0,106289.4,105386.6,105392.6,620.78438154
1751400000,105392.7,106106.0,105239.2,105688.1,373.17548079
1751414400,105688.1,106211.6,105100.0,106190.0,539.80037178
1751428800,106190.0,107188.5,106131.3,107080.1,860.97607678
1751443200,107080.9,107843.8,107080.9,107479.9,950.69459991
1751457600,107480.0,108770.0,107181.8,108745.3,1728.01776781
1751472000,108745.3,109750.0,108654.2,109675.9,1881.0782715
1751486400,109675.8,109675.9,108727.2,108838.9,357.78915697
1751500800,108838.9,109121.9,108526.1,108638.0,421.84340838
1751515200,108638.0,109560.8,108564.0,109273.9,575.5750245
1751529600,109273.9,110278.0,109273.9,109598.6,1013.05084601
1751544000,109598.6,110529.0,108758.0,109128.2,1867.93986726
1751558400,109128.3,109913.0,109020.5,109796.7,485.06299719
1751572800,109796.7,110000.0,109536.1,109593.4,210.78423576
1751587200,109593.5,109777.8,109105.4,109240.1,396.67563379
1751601600,109240.1,109327.5,108702.9,108703.0,465.70074873
1751616000,108703.0,109113.5,108529.0,108897.9,455.6952912
1751630400,108898.0,108976.0,107507.3,107592.2,1124.931821
1751644800,107592.1,107925.9,107255.7,107483.9,532.4547404
1751659200,107484.0,108278.9,107444.0,107985.4,247.94426677
1751673600,107985.5,108280.0,107750.1,108156.2,265.57729953
1751688000,108156.3,108432.7,107986.9,108057.8,337.90061342
1751702400,108057.9,108222.0,107869.5,108104.1,176.96400307
1751716800,108104.1,108234.0,107962.0,108057.9,124.95430593
1751731200,108058.0,108173.3,107849.8,108143.9,189.21645921
1751745600,108144.0,108225.7,107988.4,108199.7,153.93208644
1751760000,108199.8,108263.4,108002.9,108038.3,196.77037678
1751774400,108038.4,108217.9,107945.8,108029.6,214.76647821
1751788800,108029.5,108139.0,107804.1,108079.7,222.8393324
1751803200,108079.8,109134.4,108040.0,108909.9,656.96794273
1751817600,108910.0,108964.0,108281.6,108544.9,253.67990377
1751832000,108545.0,109719.6,108534.0,109202.6,485.58918161
1751846400,109202.6,109707.9,108676.7,109393.1,458.51746317
1751860800,109393.1,109460.0,108668.0,109068.0,464.44322532
1751875200,109068.0,109094.8,108580.7,108653.1,302.87182763
1751889600,108653.1,108685.4,107966.0,108301.9,755.0241396
1751904000,108300.7,108506.7,107506.5,108054.0,528.50729153
1751918400,108055.0,108303.0,107777.5,108262.1,173.26433068
1751932800,108262.1,108527.5,107421.4,107900.0,530.27291206
1751947200,107900.1,108488.0,107742.1,108483.9,300.00448019
1751961600,108483.9,109000.0,108216.1,108755.9,435.8070174
1751976000,108756.0,109218.8,108210.0,108264.9,766.53361896
1751990400,108266.0,109154.0,108097.6,108766.1,606.23394897
1752004800,108766.1,108976.8,108612.0,108926.0,195.62169712
1752019200,108926.0,109142.7,108336.0,108373.1,363.40050722
1752033600,108373.1,108949.4,108333.4,108721.9,468.97723454
1752048000,108721.9,109138.0,108560.6,109066.0,350.24200691
1752062400,109066.0,109790.0,108500.0,109079.9,1125.36047086
1752076800,109080.0,112000.0,109032.3,111751.8,2002.1780474
1752091200,111751.8,111951.3,110556.0,111239.3,1099.96506882
1752105600,111239.3,111587.9,110888.0,111080.9,994.10349198
1752120000,111080.8,111440.0,110955.1,111225.1,655.05185959
1752134400,111225.2,111408.9,110880.0,111035.9,489.14963374
1752148800,111036.0,111416.0,110504.4,111412.0,1298.82511866
1752163200,111412.0,113800.0,111336.0,113290.0,2923.17640435
1752177600,113288.1,117548.2,113260.0,116015.9,3507.68643206
1752192000,116016.0,116985.5,115208.1,116899.1,1171.09561125
1752206400,116899.1,118409.0,116480.0,117537.9,2530.03366611
1752220800,117537.8,118868.0,117533.4,117814.0,1085.13841063
1752235200,117814.1,118250.0,116726.8,116921.2,1306.0980288
1752249600,116921.3,118158.0,116608.9,118107.3,1331.02937269
1752264000,118107.2,118107.2,117156.1,117542.3,613.72627137
1752278400,117542.2,117850.0,117140.9,117782.9,416.31926628
1752292800,117784.0,118072.7,117510.0,117745.9,746.78777615
1752307200,117746.0,118230.5,117629.4,117818.0,1368.54587953
1752321600,117818.0,117871.9,116916.6,117112.0,2203.12969941
1752336000,117112.1,117650.0,117052.2,117568.0,306.11144113
1752350400,117568.0,117568.7,117005.0,117437.1,206.37455223
1752364800,117438.0,117826.0,117222.5,117752.2,243.34943843
1752379200,117752.2,118067.8,117676.0,117999.9,251.44427758
1752393600,118000.0,118139.5,117698.7,118086.9,264.65260467
1752408000,118086.9,119449.9,117992.0,118678.1,1466.31610951
1752422400,118678.1,119500.0,118370.0,118970.1,527.62750522
1752436800,118970.1,119383.7,118248.4,119096.0,432.46799981
1752451200,119095.9,121656.4,118906.5,120780.7,1835.89967813
1752465600,120780.8,123226.0,120560.0,122744.0,2330.04234908
1752480000,122745.9,122763.9,121360.1,121461.2,1071.57051628
1752494400,121461.1,122115.9,119600.1,119882.0,1666.56972214
1752508800,119881.9,120524.0,119226.6,119938.1,1785.98155978
1752523200,119939.2,120448.0,119520.0,119848.7,355.72121622
1752537600,119848.7,119950.0,116846.1,117158.1,3058.53618836
1752552000,117158.1,117750.7,116285.8,116790.0,2029.67136783
1752566400,116789.9,117216.6,116268.0,117115.1,1172.95240087
1752580800,117115.1,118450.0,115726.7,116385.7,3030.88780317
1752595200,116385.7,117726.7,116007.5,116404.0,1401.05162401
1752609600,116403.9,117966.0,116180.6,117752.7,694.53821305
1752624000,117752.6,118204.9,117018.2,117480.1,670.09728506
1752638400,117480.1,118301.7,117276.0,118195.1,535.30660437
1752652800,118195.1,119299.9,118117.4,118769.9,709.18242479
1752667200,118769.9,119814.2,118176.6,119106.0,1745.22418029
1752681600,119106.3,119948.7,118461.9,119241.5,969.49363426
1752696000,119241.5,120069.3,118404.4,118629.7,685.31456064
1752710400,118629.7,119183.8,117677.1,118120.1,958.79563711
1752724800,118120.0,118785.7,117854.3,118327.7,791.40586131
1752739200,118327.7,119224.0,117958.6,117978.0,717.76523258
1752753600,117978.1,119100.0,117444.0,118875.9,1232.4219165
1752768000,118876.0,119870.6,118327.7,118963.9,740.8487533
1752782400,118964.0,120941.8,118385.1,119178.0,1142.18082204
1752796800,119178.0,120776.0,119005.4,120219.4,872.96064135
1752811200,120219.5,120822.7,119290.0,119352.0,1343.16921046
1752825600,119351.8,119470.5,118375.7,119168.0,1276.48576196
1752840000,119168.1,119515.1,117292.6,117844.4,1618.10246846
1752854400,117844.5,118057.9,117122.6,117368.1,1020.90764653
1752868800,117368.1,118033.2,116811.0,117934.0,661.96857581
1752883200,117934.1,118417.2,117614.2,118361.0,493.09056167
1752897600,118361.1,118400.9,118034.8,118172.1,1073.10532499
1752912000,118172.0,118492.0,117941.1,118327.9,464.68217012
1752926400,118328.0,118333.0,117633.9,118052.1,343.84141203
1752940800,118052.1,118162.0,117569.3,118005.9,276.77295439
1752955200,118005.8,118148.0,117267.9,117838.2,265.56145998
1752969600,117838.3,118166.9,117648.3,117969.5,274.34913161
1752984000,117969.5,118218.3,117756.7,118017.8,287.28258826
1752998400,118017.7,118287.0,117822.1,117889.9,561.22819978
1753012800,117890.0,118811.8,117715.9,118683.9,959.04432626
1753027200,118683.9,118865.9,117948.6,118160.1,436.75128436
1753041600,118160.1,118268.0,116462.0,117260.1,950.78744495
1753056000,117260.1,118613.9,116520.0,118398.0,710.61140061
1753070400,118398.0,119669.0,118164.2,119365.2,951.09070389
1753084800,119365.3,119500.0,118072.0,118075.9,626.81530405
1753099200,118077.1,119227.4,117769.2,118318.1,1236.51590912
1753113600,118318.0,118396.0,116666.0,116761.3,1092.55916251
1753128000,116763.5,117647.3,116666.0,117378.1,395.01310109
1753142400,117378.1,117976.7,116116.0,117219.1,1143.74781016
1753156800,117219.1,118592.0,116560.8,117999.9,1229.93875226
1753171200,117999.9,119187.9,117488.1,119152.7,1747.60349097
1753185600,119152.7,119600.0,117544.1,118922.4,2102.24122222
1753200000,118922.4,120234.9,118401.4,119272.0,1273.20564128
1753214400,119271.3,120249.3,119201.9,119954.9,1187.82679339
1753228800,119955.0,120080.0,118506.0,118610.0,1020.24664696
1753243200,118610.0,119037.9,118288.0,118353.1,1224.00426047
1753257600,118353.1,118624.0,117821.8,118528.1,707.66060591
1753272000,118528.1,118730.1,117313.6,118578.1,1327.75959586
1753286400,118578.1,118578.1,117332.6,118395.9,660.35278843
1753300800,118396.0,118759.3,117379.3,118757.9,530.68022791
1753315200,118757.9,119264.7,118470.1,118494.0,592.97243133
1753329600,118496.0,118589.3,117072.0,118398.7,1488.73511297
1753344000,118398.8,118812.0,117939.9,118598.0,1060.53373116
1753358400,118597.9,119500.0,117824.8,119110.1,1431.4895589
1753372800,119110.2,119412.5,118353.4,118951.2,539.11781602
1753387200,118951.3,119022.9,118181.1,118341.8,768.16701984
1753401600,118341.9,118462.5,115336.0,115414.1,4431.59368464
1753416000,115414.1,116120.0,114712.4,115324.1,3870.63824184
1753430400,115324.1,116784.0,114991.8,116528.1,2954.36399081
1753444800,116528.1,116651.9,114905.0,115722.1,2195.48159467
1753459200,115718.1,117040.8,115449.8,116688.0,741.17685333
1753473600,116685.3,117682.5,116570.3,117615.8,629.77287727
1753488000,117615.9,117754.5,117129.7,117498.0,474.05403816
1753502400,117498.1,117570.6,117303.0,117331.2,387.87684268
1753516800,117331.3,118220.0,117331.2,117778.0,478.28377848
1753531200,117778.1,118233.2,117753.7,118126.5,520.08743402
1753545600,118126.6,118290.0,117928.5,118227.1,283.47087861
1753560000,118227.1,118289.6,117861.1,117917.3,286.54458099
1753574400,117917.9,118386.0,117818.0,118186.1,261.36019439
1753588800,118186.0,118458.0,118078.0,118112.2,254.76624837
1753603200,118112.2,118306.5,117828.9,118079.9,358.43011877
1753617600,118079.9,118600.0,117884.9,118600.0,606.74881944
1753632000,118600.0,119573.3,118599.9,118959.9,1459.86649109
1753646400,118960.0,119786.0,118726.0,119439.3,544.3907084
1753660800,119440.0,119828.0,118947.3,119286.4,554.36219253
1753675200,119286.4,119695.9,118762.0,118884.0,595.08668239
1753689600,118884.0,119096.9,118486.9,118823.8,483.00967066
1753704000,118823.8,119099.8,117914.4,118170.4,859.4994549
1753718400,118170.5,118384.0,117400.4,118073.9,673.82440633
1753732800,118074.0,118357.6,117499.9,118073.9,321.56869464
1753747200,118073.9,118804.0,117450.0,118769.6,709.91258334
1753761600,118769.5,119300.0,118420.0,118893.4,588.49487904
1753776000,118893.3,119055.9,118162.9,118599.9,577.75714516
1753790400,118599.9,119088.0,117266.6,117384.1,959.48096425
1753804800,117384.1,118053.0,116954.4,117520.0,716.77425595
1753819200,117521.4,117998.0,117089.9,117944.1,375.78744726
1753833600,117944.0,118263.0,117418.0,118161.7,332.38476052
1753848000,118161.6,118421.9,117674.9,118128.1,375.85897813
1753862400,118128.0,118489.0,117359.7,117577.0,493.45651592
1753876800,117577.6,118800.0,117355.3,118007.0,947.21163708
1753891200,118007.0,118055.0,115716.3,116914.1,1856.84667994
1753905600,116914.1,117920.9,116872.1,117836.4,643.83382605
1753920000,117836.4,118615.9,117779.1,118475.3,694.61876974
1753934400,118475.3,118936.8,118282.0,118679.9,612.71642987
1753948800,118679.9,118773.6,118293.2,118374.0,371.31978573
1753963200,118374.1,118708.8,117826.0,118314.0,881.28894597
1753977600,118313.9,118887.4,116745.5,116781.1,1053.1395109
1753992000,116781.0,116983.5,115500.0,115754.8,1583.9118831
1754006400,115754.8,116063.2,114300.1,115645.9,2204.96251829
1754020800,115646.0,115924.9,114628.9,115080.0,1212.84003999
1754035200,115080.1,115344.0,114116.5,115298.2,1127.77475319
1754049600,115298.2,116018.4,113929.2,115352.6,2282.55882516
1754064000,115352.6,115700.0,113218.0,113315.2,1608.04554396
1754078400,113308.2,114090.6,112724.3,113294.3,1209.24386959
1754092800,113294.4,113922.8,113188.3,113907.9,447.6546255
1754107200,113907.9,114061.3,113448.2,113986.2,550.69870997
1754121600,113986.2,114045.1,113434.0,113782.4,384.88682229
1754136000,113782.4,113796.0,112817.1,112843.9,679.49006953
1754150400,112839.5,113426.4,112005.4,112230.1,993.7091336
1754164800,112230.1,113067.6,112076.3,112559.9,370.37871304
1754179200,112560.0,113736.5,111903.1,113600.1,845.73088142
1754193600,113600.1,113718.2,113333.3,113700.1,300.49534464
1754208000,113700.0,114250.0,113532.5,113851.3,389.98603964
1754222400,113851.4,114100.0,113577.4,113943.4,343.88306853
1754236800,113943.3,114780.4,113749.1,114306.0,435.05055253
1754251200,114306.0,114624.0,114064.0,114202.0,237.27804562
1754265600,114202.1,115016.0,114109.1,114577.6,492.96909212
1754280000,114577.5,114785.5,114152.6,114660.9,413.79127431
1754294400,114660.0,114770.0,114213.2,114503.9,403.19617857
1754308800,114504.0,115486.1,114132.0,114823.7,984.9134293
1754323200,114823.8,115738.9,114728.5,114778.0,681.22072373
1754337600,114778.1,115350.6,114632.1,115053.6,339.23169122
1754352000,115053.7,115128.4,114243.1,114243.1,850.62034172
1754366400,114243.2,114517.0,113710.1,113983.9,652.34140192
1754380800,113983.9,115100.0,113932.8,114828.1,401.90573531
1754395200,114828.1,114908.8,112653.0,112931.8,1325.31661357
1754409600,112930.1,113776.6,112812.7,113628.0,623.28929715
1754424000,113630.1,114234.9,113298.6,114126.8,248.17955913
1754438400,114126.8,114142.1,113409.0,113514.1,259.47801599
1754452800,113514.1,114425.0,113357.6,114233.2,386.32699836
1754467200,114233.2,114424.0,113731.3,114241.6,505.29619613
1754481600,114241.5,115546.1,113580.9,115416.2,913.19888157
1754496000,115416.1,115711.0,114950.0,115266.0,516.88701368
1754510400,115266.0,115284.9,114782.2,114999.8,393.11007466
1754524800,114999.6,115200.0,114400.0,114549.6,319.02808856
1754539200,114549.6,114885.1,114260.7,114796.2,326.06121685
1754553600,114796.2,116822.0,114791.8,116524.0,1699.71415321
1754568000,116524.1,116800.0,116032.0,116700.0,872.66303267
1754582400,116700.0,117535.5,115625.0,117465.0,756.52383691
1754596800,117464.6,117636.4,117007.1,117478.0,478.51246533
1754611200,117478.1,117663.8,116684.1,116746.1,1711.40420176
1754625600,116746.0,116991.9,116392.0,116807.2,910.66628518
1754640000,116807.1,116934.9,116321.7,116896.1,245.04843289
1754654400,116896.1,117271.1,115888.0,116204.2,762.13299227
1754668800,116204.2,116900.0,116000.0,116434.5,566.30076604
1754683200,116434.1,116980.0,116308.0,116665.9,264.5459902
1754697600,116666.0,116760.8,116348.8,116388.0,361.22175852
1754712000,116388.1,117016.9,116360.0,116748.1,882.2272809
1754726400,116748.1,117923.2,116744.0,117115.9,931.75594463
1754740800,117116.0,117240.8,116700.1,116888.9,726.08846247
1754755200,116889.0,116947.9,116501.0,116542.5,431.56148822
1754769600,116542.5,117022.3,116369.2,116470.0,428.43626736
1754784000,116470.1,118502.9,116457.9,118502.0,1266.59869273
1754798400,118502.1,118738.5,117459.4,117815.9,1155.98261934
1754812800,117816.0,118500.0,117616.0,118321.9,623.52063638
1754827200,118322.0,119100.0,118210.3,118787.0,1125.45919261
1754841600,118787.0,118931.5,118400.9,118648.1,287.21375154
1754856000,118648.1,119317.7,118078.6,119287.8,568.68642739
1754870400,119287.7,122152.0,118984.0,121711.2,2410.23329876
1754884800,121711.2,122335.8,121461.3,121530.7,1384.08184672
1754899200,121530.8,121817.6,120251.2,120554.0,1091.36452107
1754913600,120554.0,120656.0,119364.6,120302.0,1282.99144311
1754928000,120302.1,120792.8,118605.8,119085.9,849.21497845
1754942400,119085.9,119210.4,118036.2,118686.1,758.06876042
1754956800,118686.1,119304.4,118600.0,118865.0,475.16773845
1754971200,118865.1,119184.6,118430.6,119000.5,897.18761604
1754985600,119000.6,119075.3,118203.7,118504.9,930.89855799
1755000000,118504.8,119961.9,118268.8,119934.7,1643.89288557
1755014400,119934.7,120187.5,119153.6,119649.9,888.53701487
1755028800,119649.9,120320.0,119485.7,120132.0,570.1687588
1755043200,120132.1,120195.9,119078.0,119486.1,747.56650951
1755057600,119486.1,119858.4,118929.1,119582.3,747.49737284
1755072000,119582.4,120735.7,119448.0,120566.1,1015.25217158
1755086400,120566.1,122210.5,120102.0,120914.0,2212.77064859
1755100800,120914.0,122842.2,120914.0,122753.0,1077.3071739
1755115200,122748.0,123700.0,122296.8,123308.0,1314.35227947
1755129600,123308.1,124500.0,123258.4,123344.0,1819.92654161
1755144000,123344.1,123428.0,121308.1,121717.2,1533.17263534
1755158400,121717.3,122037.8,120700.0,120959.2,784.5076393
1755172800,120959.1,121173.9,117475.2,118237.9,4169.37670555
1755187200,118237.9,118529.5,117156.1,117933.0,1206.88428005
1755201600,117932.9,118528.8,117305.9,118298.5,583.24912487
1755216000,118298.5,119090.3,118026.1,118970.1,497.10324801
1755230400,118970.1,119229.5,118629.4,118973.5,903.84673533
1755244800,118973.6,119161.0,118607.2,119002.7,359.87113942
1755259200,119002.1,119135.9,116819.0,117278.5,1421.44260128
1755273600,117278.6,117885.3,116800.0,116929.8,1082.02740852
1755288000,116929.7,117770.0,116850.0,117338.1,319.83285123
1755302400,117338.0,117899.1,117226.0,117431.9,600.00507276
1755316800,117432.0,117890.7,117295.4,117611.8,1113.04404429
1755331200,117611.8,117700.1,117136.3,117385.1,850.94584826
1755345600,117385.9,117835.6,117326.0,117687.7,541.38652187
1755360000,117687.8,117832.0,117626.0,117680.3,172.51861769
1755374400,117680.3,117718.2,117215.9,117386.1,164.24465152
1755388800,117386.1,117765.9,117180.0,117681.7,225.08633692
1755403200,117681.7,118237.0,117681.7,118014.7,416.41340896
1755417600,118014.7,118489.7,117921.0,118307.1,339.6664033
1755432000,118307.2,118585.5,118062.0,118243.5,275.1189935
1755446400,118243.6,118326.6,117311.3,117589.9,339.30172312
1755460800,117590.0,118000.0,117377.5,117409.6,173.40966676
1755475200,117409.6,117555.6,115000.1,115322.3,2055.37653513
1755489600,115320.0,115728.5,114890.1,115224.0,1000.53548076
1755504000,115223.9,115410.5,114652.5,114957.3,764.47374381
1755518400,114957.3,116182.3,114828.0,116152.0,932.70042898
1755532800,116151.9,116811.4,115826.9,116312.0,425.06735115
1755547200,116312.0,117004.0,115980.1,116234.4,466.40563194
1755561600,116234.4,116732.0,114800.0,114818.0,942.38008852
1755576000,114816.3,115489.1,114375.9,114998.7,937.78986472
1755590400,114998.9,115653.2,114800.1,115503.3,459.2495712
1755604800,115503.3,115876.8,113577.3,113789.2,1579.04356077
1755619200,113789.2,113899.8,112757.5,113123.3,1124.04675731
1755633600,113123.2,113569.0,112710.9,112865.6,529.11871788
1755648000,112864.1,113648.0,112568.0,113526.4,735.69082403
1755662400,113526.5,113848.4,113430.6,113487.8,771.06910835
1755676800,113487.9,114069.6,113058.1,113666.5,729.50175102
1755691200,113666.6,114324.0,112371.6,113362.1,1478.84236294
1755705600,113362.1,114465.0,113264.0,114283.9,932.27349097
1755720000,114281.6,114625.0,114000.0,114279.6,703.99989013
1755734400,114279.7,114824.5,113908.3,113964.9,683.40550643
1755748800,113965.0,114051.4,113574.0,113892.4,704.42432948
1755763200,113894.0,113993.2,112986.6,113138.3,1061.08891074
1755777600,113137.5,113988.0,112608.0,112792.0,1533.69423111
1755792000,112792.1,112975.0,112006.0,112197.9,704.41018619
1755806400,112194.0,112874.7,112058.1,112511.4,384.82110357
1755820800,112511.5,113533.3,112329.8,112938.7,869.81566963
1755835200,112938.7,113400.0,112714.5,113097.3,864.85619461
1755849600,113097.2,113316.3,112162.2,112312.0,538.71788414
1755864000,112312.1,117302.3,111684.0,116374.4,3155.14388052
1755878400,116374.4,117420.0,116109.3,116646.0,1550.36107061
1755892800,116648.0,117181.0,116561.6,116943.7,533.79544289
1755907200,116943.8,117031.5,115456.5,115568.1,957.2514262
1755921600,115568.2,116047.8,115545.6,115804.0,877.92765111
1755936000,115803.9,115868.5,115213.4,115307.2,446.46665547
1755950400,115308.8,115490.9,114540.4,114819.3,630.75164851
1755964800,114819.4,115200.0,114679.0,115138.5,288.18471299
1755979200,115138.6,115429.7,115000.0,115424.1,199.74082665
1755993600,115424.1,115666.6,114944.1,115035.5,386.14883346
1756008000,115035.6,115290.0,114841.9,114890.0,573.19347682
1756022400,114890.1,115059.8,114600.1,114735.9,365.59049176
1756036800,114735.9,114893.7,114350.7,114406.6,1061.93484935
1756051200,114406.7,114916.0,110481.8,112608.0,3115.54739079
1756065600,112607.9,113701.2,111657.0,113490.0,1085.15069419
1756080000,113491.9,113662.8,112150.0,112901.7,1202.81580212
1756094400,112901.7,113055.3,111284.5,111510.3,1015.13208842
1756108800,111510.3,111857.3,110912.9,111216.0,1752.93608563
1756123200,111216.0,112580.1,110589.0,112204.0,1483.33857863
1756137600,112204.0,112943.9,110658.0,110704.0,878.40295556
1756152000,110704.3,111094.0,109284.7,110119.0,1907.14474452
1756166400,110119.0,110122.0,108680.6,109884.0,2229.55118327
1756180800,109884.0,110554.9,109770.0,110300.1,1318.73011586
1756195200,110300.0,110459.4,109563.0,109880.0,762.25628796
1756209600,109880.0,110824.8,109390.3,109672.0,1119.30807975
1756224000,109672.1,111159.4,109446.0,111112.0,664.14553497
1756238400,111112.0,112373.0,110908.8,111771.8,512.81279719
1756252800,111771.9,111833.6,110920.0,111428.1,473.02613229
1756267200,111428.1,111752.9,110638.7,110736.0,626.23044599
1756281600,110736.0,111374.4,110355.8,111316.9,473.10445592
1756296000,111316.9,112625.3,111012.2,112008.2,1034.87826047
1756310400,112008.3,112600.0,111548.0,112088.0,542.43928365
1756324800,112086.1,112455.0,110920.0,111254.1,864.40912313
1756339200,111254.1,112059.9,110869.6,112007.9,415.53235413
1756353600,112007.9,113368.8,111951.0,113126.5,1141.36682629
1756368000,113126.4,113358.9,112826.4,112924.8,1107.90420203
1756382400,112924.7,113484.9,112374.1,112675.1,1132.61039964
1756396800,112675.2,113182.7,111890.7,111896.3,1048.17506405
1756411200,111896.4,112578.0,111858.2,112564.0,273.40803581
1756425600,112564.1,112642.0,111303.4,111714.0,448.01324635
1756440000,111714.1,111883.1,109900.8,110016.1,2036.72355146
1756454400,110016.1,110273.5,109400.0,110093.2,1097.93877763
1756468800,110093.2,111510.5,108092.1,108390.1,2375.31732982
1756483200,108390.0,108843.0,107929.9,108215.9,838.94916075
1756497600,108212.9,108556.3,107474.9,108385.7,526.89488976
1756512000,108385.8,108448.1,107343.7,108438.0,1272.72283978
1756526400,108438.0,108691.2,108114.2,108539.6,1853.15033971
1756540800,108539.9,108783.9,108408.2,108714.0,661.76200164
1756555200,108714.1,108922.9,108200.0,108871.7,809.66658626
1756569600,108868.9,108906.5,108604.9,108835.9,220.09002055
1756584000,108836.0,108841.4,108474.1,108815.0,170.27242177
1756598400,108815.1,109486.0,108798.0,109226.0,405.60179702
1756612800,109226.0,109240.0,108520.0,108709.8,299.89941226
1756627200,108709.7,109100.3,108308.2,108384.6,342.56129394
1756641600,108384.6,108844.6,108193.5,108801.7,449.18472693
1756656000,108801.7,109235.9,108549.7,108931.1,331.25472655
1756670400,108931.0,109231.2,108064.9,108248.3,476.73032531
1756684800,108248.0,108480.0,107400.0,107652.6,704.60939171
1756699200,107652.0,109435.2,107250.0,109435.1,843.7826593
1756713600,109435.1,109911.0,108187.4,108779.6,911.90379938
1756728000,108777.5,109522.0,108567.0,108787.1,743.26347783
1756742400,108787.1,109326.9,108386.4,109220.0,443.0377688
1756756800,109220.0,109454.0,107458.0,109235.9,695.11537945
1756771200,109236.0,110622.6,108888.9,110331.4,785.61299319
1756785600,110331.4,110618.7,110000.0,110235.9,878.06568164
1756800000,110236.0,110699.9,109569.8,109748.0,1011.80446263
1756814400,109748.0,111773.1,108386.5,110837.9,2749.06743656
1756828800,110837.9,111124.0,110178.0,110808.1,1019.35410839
1756843200,110808.1,111537.8,110720.1,111233.7,306.61652277
1756857600,111234.0,111780.0,110886.0,111042.2,662.05638595
1756872000,111042.2,111149.9,110530.0,111094.8,1042.0711847
1756886400,111094.8,111710.9,110882.0,111440.0,506.09559581
1756900800,111440.1,112519.2,111032.0,112215.5,951.62541564
1756915200,112215.5,112571.3,111681.7,112196.0,447.70132734
1756929600,112197.0,112257.0,111620.3,111700.0,227.13052174
1756944000,111700.0,112180.0,111130.4,111156.0,389.40252869
1756958400,111157.7,111323.1,110292.1,110468.1,485.58292261
1756972800,110468.0,111142.8,110428.0,110809.9,462.62449871
1756987200,110810.0,111124.9,109312.3,109496.1,1241.01802228
1757001600,109495.8,110194.0,109344.5,109794.6,534.86150624
1757016000,109794.6,111763.5,109741.6,110721.1,548.84586785
1757030400,110720.1,111490.7,110435.6,111315.9,397.23549615
1757044800,111316.0,113015.6,111144.4,112956.0,1233.84458819
1757059200,112956.0,112995.9,112132.0,112364.1,867.21147888
1757073600,112364.1,113400.0,110280.9,110712.3,2713.7605815
1757088000,110712.4,111615.4,110215.8,111609.5,430.31528811
1757102400,111609.5,111700.0,110362.0,110673.3,575.90696866
1757116800,110673.4,111356.1,110561.2,111085.9,1051.90281575
1757131200,111086.0,111086.0,110700.0,110841.1,264.75244834
1757145600,110841.0,110974.3,110675.5,110790.7,174.87248057
1757160000,110790.8,111004.4,110345.8,110384.1,307.31267025
1757174400,110384.1,110412.4,109967.1,110049.9,1291.3185632
1757188800,110049.9,110293.3,110038.1,110192.1,115.56965938
1757203200,110192.1,110741.1,110181.0,110637.8,175.18976281
1757217600,110637.8,110956.3,110473.5,110770.3,1340.9171175
1757232000,110770.2,111379.9,110722.0,111299.9,1419.64635095
1757246400,111300.0,111415.1,111045.8,111336.4,258.57067721
1757260800,111336.4,111372.9,110866.9,111257.9,147.28135196
1757275200,111257.9,111610.2,111002.0,111137.6,202.5283758
1757289600,111137.6,111370.0,110608.8,111048.0,990.64219021
1757304000,111048.0,111602.0,110904.7,111267.9,492.75841024
1757318400,111268.0,112231.8,111241.8,112056.0,754.79810322
1757332800,112056.1,112920.4,111869.2,112638.2,829.63387681
1757347200,112638.5,112678.0,111981.7,112110.7,477.34783979
1757361600,112110.7,112510.0,111900.0,112063.4,243.22715194
1757376000,112063.5,112106.0,111117.9,111702.7,576.37790202
1757390400,111702.8,113277.5,111622.9,112981.7,1927.87686487
1757404800,112981.7,113170.0,112411.4,112433.0,468.06796864
1757419200,112433.1,112961.3,110762.0,110869.9,2171.04567374
1757433600,110869.9,111396.2,110772.1,111302.3,530.8183446
1757448000,111302.4,111730.0,111092.4,111541.9,295.83747097
1757462400,111542.0,111579.3,110923.1,111549.9,429.13003176
1757476800,111550.0,112590.1,111370.3,112549.9,1838.84721021
1757491200,112549.9,112852.6,112102.1,112308.0,639.25255365
1757505600,112308.4,114318.0,112308.4,113850.1,2280.00220258
1757520000,113852.1,114088.0,113154.1,113568.0,788.27473672
1757534400,113569.0,114028.0,113516.8,113957.7,563.38518959
1757548800,113957.7,114450.1,113657.9,114417.0,1257.08449515
1757563200,114417.1,114462.0,113935.3,114082.4,569.21442918
1757577600,114082.5,114200.0,113775.0,114015.9,633.99222597
1757592000,114016.0,114731.4,113417.5,114186.0,1794.99614444
1757606400,114186.1,114629.9,114092.0,114425.9,365.97505697
1757620800,114425.9,115480.0,114264.0,115477.9,498.40735049
1757635200,115477.9,116325.2,115050.2,115200.1,1051.23501956
1757649600,115200.0,115666.6,115082.0,115089.5,1002.53851786
1757664000,115089.5,115276.8,114880.1,114933.5,538.03748824
1757678400,114933.6,115476.0,114750.1,115120.8,632.24049496
1757692800,115120.8,116666.0,115038.5,116643.6,1126.06186046
1757707200,116643.6,116643.6,115753.6,116030.1,553.42183662
1757721600,116030.1,116285.3,115588.0,115977.8,660.42602219
1757736000,115977.8,115977.9,115657.8,115780.5,721.65676554
1757750400,115780.5,116194.0,115780.5,115976.7,334.62961699
1757764800,115976.7,116065.4,115600.1,115782.5,359.1021782
1757779200,115782.5,115823.1,115116.5,115792.6,478.5373326
1757793600,115793.2,115995.0,115793.2,115924.4,115.35780402
1757808000,115924.5,116122.0,115648.5,115676.0,325.5004962
1757822400,115676.0,115939.3,115464.7,115802.0,216.97273916
1757836800,115802.0,116164.4,115753.0,115801.2,345.51203425
1757851200,115801.3,115879.3,115167.0,115224.0,490.51663743
1757865600,115224.1,115670.4,115200.0,115635.3,353.05240527
1757880000,115635.4,116083.0,115131.3,115268.3,398.7328384
1757894400,115268.4,115580.8,114822.5,115442.0,419.98321945
1757908800,115442.1,116773.1,115397.0,115809.9,1852.18099924
1757923200,115810.0,115814.0,114623.3,115054.6,1189.22967097
1757937600,115054.7,115094.0,114370.0,114841.1,1030.93153241
1757952000,114841.1,115575.9,114601.1,115304.0,848.69436583
1757966400,115304.3,115607.9,115208.0,115350.6,241.06615391
1757980800,115350.6,115526.4,114952.0,115300.5,323.08811322
1757995200,115300.5,116016.0,114937.5,115833.5,1470.34199867
1758009600,115833.6,115983.0,115203.4,115291.0,630.30772659
1758024000,115291.1,115920.0,114708.0,115919.9,765.56132318
1758038400,115920.0,116893.5,115610.8,116814.8,1105.77949511
1758052800,116814.8,116969.3,116600.0,116797.7,335.73681042
1758067200,116797.8,117080.0,116370.0,116370.1,446.54464085
1758081600,116370.2,117282.0,116159.6,117159.0,722.1663952
1758096000,117159.0,117220.3,116242.5,116257.4,541.32226208
1758110400,116257.6,116532.5,115458.0,115884.7,1086.98537778
1758124800,115884.7,116320.0,114722.0,115638.0,2355.78764657
1758139200,115638.9,116999.9,115318.3,116451.3,1441.66299293
1758153600,116451.3,117900.0,116095.4,117591.0,1054.7869223
1758168000,117590.9,117767.4,116893.2,117085.6,1181.09471262
1758182400,117085.7,117420.7,117011.1,117076.6,422.8003173
1758196800,117076.6,117850.0,116946.9,117596.6,1331.71214971
1758211200,117596.6,117910.0,117198.4,117466.1,551.59728808
1758225600,117466.1,117666.4,116647.0,117081.1,444.61675026
1758240000,117081.0,117469.0,116875.0,116980.0,436.35417708
1758254400,116979.9,117104.0,116640.0,116914.9,420.45840265
1758268800,116914.9,117100.0,116303.7,116396.1,671.99232319
1758283200,116396.1,116537.6,115466.1,115880.1,891.76313907
1758297600,115880.0,116142.0,115100.0,115123.2,598.74211218
1758312000,115123.2,115659.9,115088.0,115630.1,238.49497335
1758326400,115630.1,115729.6,115416.0,115454.0,166.89326554
1758340800,115454.0,115985.0,115408.0,115962.0,432.90547995
1758355200,115962.0,115962.0,115652.5,115892.1,183.48414824
1758369600,115892.0,116136.9,115806.1,115989.9,190.46854562
1758384000,115990.0,116096.1,115680.8,115681.0,160.72516185
1758398400,115682.0,115940.0,115586.2,115685.9,336.84470588
1758412800,115686.0,115730.1,115446.0,115668.6,228.95841241
1758427200,115668.7,115820.0,115477.9,115820.0,198.93973201
1758441600,115819.9,115826.0,115340.0,115617.9,284.8448114
1758456000,115617.9,115756.0,115475.0,115534.1,173.95042296
1758470400,115534.0,115671.2,115212.0,115487.9,191.58559773
1758484800,115488.0,115550.0,115162.2,115236.0,155.78123517
1758499200,115236.0,115382.8,114152.0,114655.0,1368.15112839
1758513600,114655.0,114655.1,111514.3,112523.1,3302.56058629
1758528000,112523.9,112974.2,112166.8,112879.2,715.76714015
1758542400,112879.2,113442.4,112382.1,112828.9,1001.46610638
1758556800,112829.0,112897.9,111936.0,112120.0,609.60648763
1758571200,112120.0,112986.0,111979.8,112656.0,379.58901442
1758585600,112656.1,112840.0,111481.5,112333.9,675.87789752
1758600000,112334.0,113119.6,111866.3,113093.9,508.02175929
1758614400,113093.9,113275.0,112689.1,112979.0,317.03872144
1758628800,112977.8,113290.8,112484.2,112872.0,380.7977149
1758643200,112872.0,112966.0,111538.8,111658.0,682.82888298
1758657600,111658.0,112232.4,111466.0,112004.6,206.14549188
1758672000,112004.6,112504.5,111678.0,111687.5,504.61616234
1758686400,111687.5,112794.9,111020.0,112594.4,784.41184879
1758700800,112594.7,113186.0,112389.1,113030.2,812.65704738
1758715200,113030.1,113894.9,112805.4,113350.9,768.09521103
1758729600,113350.9,113946.0,113152.1,113420.8,346.04378583
1758744000,113424.1,113640.2,113179.5,113303.1,420.06338082
1758758400,113303.1,113514.0,112222.2,112541.5,726.55800999
1758772800,112541.5,112625.0,111440.2,111770.8,1335.30835107
1758787200,111770.8,112250.0,111277.0,111361.6,484.86588271
1758801600,111361.6,111730.7,110620.0,111586.9,1365.06128574
1758816000,111587.0,111671.7,108625.1,109374.1,1790.3232637
1758830400,109374.1,109681.4,108749.2,108990.8,412.89133428
1758844800,108990.9,109811.1,108809.9,109573.0,759.62578258
1758859200,109573.1,109633.2,108896.0,109308.0,1688.719474
1758873600,109308.0,109696.0,108617.3,109133.0,766.04931012
1758888000,109133.0,109784.8,108766.4,109029.9,1076.94781684
1758902400,109030.0,110294.3,109020.7,109164.2,713.43145672
1758916800,109164.2,109685.9,109090.1,109639.9,212.29056688
1758931200,109640.0,109755.4,109320.0,109549.1,343.95805242
1758945600,109549.1,109732.8,109333.3,109404.0,326.93459417
1758960000,109404.0,109505.0,109064.9,109313.9,400.91490971
1758974400,109314.0,109502.0,109190.0,109392.1,308.33434941
1758988800,109392.1,109438.7,109234.1,109413.7,218.31522244
1759003200,109413.8,109700.0,109349.0,109630.7,359.0157921
1759017600,109630.8,109783.3,109324.0,109447.1,288.80002799
1759032000,109447.2,109542.6,109260.1,109515.0,197.62560219
1759046400,109515.0,109591.3,109250.0,109382.0,335.06062501
1759060800,109382.1,110035.6,109200.0,110035.6,523.84187307
1759075200,110035.5,110399.0,110007.1,110338.7,293.12825517
1759089600,110338.7,112354.8,110290.0,112172.1,732.6174625
1759104000,112171.0,112314.9,111585.0,111878.5,751.83471264
1759118400,111878.6,111910.9,111558.4,111868.3,548.73418539
1759132800,111868.2,112447.6,111864.1,112115.0,2543.19998183
1759147200,112115.0,114239.2,111908.1,113819.0,1560.08697449
1759161600,113819.1,114400.0,113442.5,114269.0,732.73890354
1759176000,114268.1,114425.7,114020.5,114313.0,400.73337821
1759190400,114313.0,114800.0,114032.3,114374.9,627.58862831
1759204800,114375.0,114375.0,113595.0,113717.0,2012.71970898
1759219200,113717.0,113770.0,112666.9,113046.8,700.74008268
1759233600,113046.8,113681.0,112857.9,113120.3,758.03067403
1759248000,113120.4,114606.8,112787.2,114359.3,1107.93805762
1759262400,114359.2,114767.5,113760.0,114047.2,471.98037153
1759276800,114047.1,114555.0,113955.4,114179.8,542.67480104
1759291200,114179.8,114742.1,114142.0,114534.6,508.82682614
1759305600,114534.6,116787.1,114480.0,116782.0,1633.56585899
1759320000,116782.0,117657.0,116361.0,117425.0,1294.58533055
1759334400,117426.0,118200.0,116724.0,117443.0,1887.27802768
1759348800,117443.1,118655.7,117165.3,118607.7,741.1625123
1759363200,118607.7,119458.9,118375.0,118739.6,1669.52913575
1759377600,118739.6,118937.5,118279.1,118488.0,772.08809775
1759392000,118488.0,118941.5,118359.3,118774.5,702.48921106
1759406400,118772.8,119920.0,118500.0,119919.9,2134.14600496
1759420800,119919.9,121039.9,119368.4,120841.7,1822.35285116
1759435200,120841.7,120927.7,120073.3,120540.8,643.29779136
1759449600,120540.8,120560.0,119833.5,120239.2,710.54428611
1759464000,120239.2,120341.7,119610.9,119638.1,1599.31175835
1759478400,119638.2,120519.7,119257.0,120344.8,761.09131726
1759492800,120344.9,122367.2,119870.7,122271.2,1635.10743647
1759507200,122271.3,123888.0,121486.9,122671.3,3390.32649164
1759521600,122664.6,122733.8,122007.2,122239.4,494.08680487
1759536000,122239.4,122336.6,121682.6,122245.0,647.48036104
1759550400,122247.0,122800.0,122223.0,122304.0,1486.04768181
1759564800,122304.0,122540.2,121967.5,121978.4,886.17412375
1759579200,121978.4,122519.9,121709.0,121797.7,528.49217579
1759593600,121797.8,121969.3,121519.4,121969.3,358.09424792
1759608000,121969.3,122435.8,121877.2,122396.9,279.65076711
1759622400,122397.0,124358.6,122133.9,123779.0,1487.17242965
1759636800,123779.1,125790.0,123738.6,124711.8,2581.79995908
1759651200,124711.8,124844.0,122510.7,123468.1,1571.53583662
1759665600,123468.0,123468.1,122667.6,122807.0,712.80421956
1759680000,122807.0,123472.1,122300.1,122605.4,1409.86105891
1759694400,122605.5,123558.5,122484.2,123480.1,548.18496494
1759708800,123480.1,124372.0,123088.0,123833.8,1076.66863978
1759723200,123831.4,124173.9,123280.7,123393.3,759.34566402
1759737600,123393.3,124556.0,123391.6,124222.8,1181.94857661
1759752000,124222.9,125420.6,124173.0,124999.8,1418.6791674
1759766400,124999.8,126200.0,124790.2,125411.0,1587.05963695
1759780800,125410.1,125552.7,124517.8,124673.0,667.49552596
1759795200,124674.9,125091.4,124089.1,124329.7,746.78801385
1759809600,124329.6,124660.0,123564.0,123676.1,999.57105341
1759824000,123676.1,124513.1,123323.8,124447.1,819.24354635
1759838400,124447.1,125139.2,121182.7,121859.5,2567.70069558
1759852800,121859.6,122099.9,120592.0,121639.0,1808.23064219
1759867200,121640.0,122292.0,121255.2,121344.9,494.06480255
1759881600,121344.9,122242.3,121221.0,121372.4,760.65369797
1759896000,121373.6,121916.8,121072.1,121611.1,1016.91156236
1759910400,121611.0,123214.5,121521.0,122884.0,885.72294922
1759924800,122884.0,123351.6,121666.6,122194.9,939.51641103
1759939200,122194.9,124200.0,122113.4,123430.1,1268.93832799
1759953600,123430.1,123719.9,122808.0,123304.1,334.98532581
1759968000,123304.1,123349.0,121473.1,122035.9,626.66531851
1759982400,122036.0,122270.3,121718.5,121900.8,495.27392772
1759996800,121900.7,122844.8,121144.1,122730.3,857.04121587
1760011200,122730.4,123793.6,120687.4,121161.3,2202.64250894
1760025600,121161.3,121492.6,119651.4,120961.0,1241.62154957
1760040000,120961.6,121789.3,120855.7,121656.4,447.01590175
1760054400,121656.5,121886.8,120910.7,121037.8,610.92283568
1760068800,121037.8,121766.0,120860.0,120936.8,1444.07696484
1760083200,120936.9,121778.6,120922.6,121565.7,584.53231005
1760097600,121565.7,122564.1,118485.6,119017.0,3107.60719188
1760112000,119017.0,119460.8,115952.9,116665.9,2871.77363672
1760126400,116666.0,117198.1,101500.0,112769.0,15092.58536451
1760140800,112770.0,113298.5,110962.2,112262.0,4675.07491042
1760155200,112262.1,112951.1,110100.0,110412.9,3562.01731916
1760169600,110413.0,112359.1,110143.6,112260.2,2176.95065503
1760184000,112260.1,112502.3,111785.6,111785.6,1346.29443739
1760198400,111785.6,112197.6,110850.5,111184.3,855.19974556
1760212800,111187.0,111383.1,109568.2,110654.0,1154.84857093
1760227200,110654.0,111408.3,109588.0,110698.1,1397.73041605
1760241600,110698.2,112121.2,110614.0,111537.4,1113.39490512
1760256000,111537.4,112117.6,111132.6,111843.0,889.59529152
1760270400,111842.9,113766.0,111173.1,113199.0,3107.2131626
1760284800,113199.1,114700.0,113199.1,114339.1,2144.39271359
1760299200,114339.1,115766.0,114242.3,114972.6,1492.95407616
1760313600,114972.6,115960.0,114617.5,114821.1,1276.81596144
1760328000,114821.1,115571.5,114415.6,115407.8,1144.39786949
1760342400,115406.7,115434.0,113603.6,114187.8,990.52465427
1760356800,114187.8,115550.0,113811.0,114337.1,1790.81489772
1760371200,114337.1,115887.6,114234.0,115791.8,1022.04639028
1760385600,115798.7,115877.9,115011.9,115174.9,538.18440939
1760400000,115174.9,115417.2,113280.0,113500.5,1180.55055591
1760414400,113500.6,113699.7,111365.9,111738.8,2474.14038046
1760428800,111732.5,112142.6,110047.7,111325.1,1914.44825038
1760443200,111325.0,112910.7,109872.7,112894.6,2785.45734724
1760457600,112894.5,113557.2,111704.5,112612.0,2840.22393719
1760472000,112617.9,113578.5,112228.8,113036.0,684.91579775
1760486400,113035.1,113619.9,111811.7,112027.1,1690.62619101
1760500800,112027.2,112700.0,111743.5,112574.0,972.95014469
1760515200,112574.0,113511.1,111652.8,111904.6,2187.87883014
1760529600,111904.5,112248.6,110354.5,110802.6,2006.36578153
1760544000,110802.6,111554.0,110158.7,111268.0,1097.30737897
1760558400,111265.4,111556.0,110471.4,110763.2,838.82006418
1760572800,110763.1,111864.0,110367.8,111332.0,1048.69190712
1760587200,111334.0,111774.0,110549.9,110569.9,1176.27339805
1760601600,110569.9,111724.6,109605.7,111407.5,2099.64297955
1760616000,111407.6,112000.0,108345.4,108557.9,2973.29330218
1760630400,108557.9,109260.5,107580.0,108200.9,3291.30797064
1760644800,108198.7,108507.3,107430.9,108195.1,883.45339468
1760659200,108195.1,109237.5,107932.8,109180.0,991.80361439
1760673600,109180.0,109244.2,105500.0,105629.1,2864.61627542
1760688000,105629.1,106620.2,103514.5,105685.8,4432.30583251
1760702400,105685.8,106845.5,104531.7,106794.2,2561.85594241
1760716800,106794.2,107571.4,106080.0,106460.9,1445.26711377
1760731200,106468.6,107449.9,106359.9,106430.8,614.1804454
1760745600,106430.9,107305.4,106330.6,107085.0,868.97195308
1760760000,107085.0,107500.0,106443.3,106699.0,1075.0713808
1760774400,106704.0,107248.5,106624.3,107217.8,678.10194045
1760788800,107217.9,107307.2,106730.0,106947.0,407.46262591
1760803200,106947.0,107094.6,106469.9,107072.9,430.12064555
1760817600,107073.0,107337.6,106837.4,107175.6,303.57158247
1760832000,107175.5,107372.0,106732.3,107274.9,620.09081477
1760846400,107275.0,107289.2,106555.5,106782.7,417.69474362
1760860800,106782.6,108262.2,106110.5,107783.0,3280.88490274
1760875200,107783.1,108625.0,107375.0,108480.0,1057.61724667
1760889600,108480.0,109450.0,108238.1,108916.7,762.61055913
1760904000,108916.7,109376.4,108475.7,108649.8,641.85047244
1760918400,108649.6,110422.6,107425.6,110144.0,1653.52349859
1760932800,110143.9,111406.5,109948.1,111182.1,2135.58415414
1760947200,111182.2,111666.6,110630.5,111029.9,1257.21505119
1760961600,111029.9,111719.3,110600.0,111153.9,1522.5471386
1760976000,111154.0,111317.5,109851.5,110800.3,2074.9853879
1760990400,110800.1,111275.0,110425.0,110544.4,610.95156833
1761004800,110544.5,110544.5,109068.8,109068.8,1013.16556004
1761019200,109068.8,109068.8,107476.8,108091.1,2279.78740984
1761033600,108091.1,108819.0,107476.8,108569.8,1830.92878315
1761048000,108569.9,113558.0,107901.9,113426.5,3839.78027073
1761062400,113426.6,114013.6,111343.0,111790.9,2747.2715553
1761076800,111792.3,111816.7,108035.5,108310.0,2685.46024754
1761091200,108310.0,108684.4,107833.9,108219.6,1151.12393593
1761105600,108219.7,108644.1,107600.0,108330.3,1250.66240944
1761120000,108330.3,108392.2,106650.9,107550.7,1922.98851845
1761134400,107550.7,109150.0,107450.0,108412.8,3702.25283756
1761148800,108412.8,108800.0,107460.1,107867.0,2173.25573389
1761163200,107867.4,108075.0,106666.6,107584.0,1328.1278282
1761177600,107584.0,108750.0,107517.1,108375.0,966.53715883
1761192000,108375.0,110300.3,108354.7,109269.5,1393.11653953
1761206400,109269.5,109901.6,109106.6,109263.2,927.60149389
1761220800,109260.2,110110.7,108700.0,109899.9,2020.14632406
1761235200,109899.9,111291.9,109631.7,110204.9,1641.78326109
1761249600,110205.1,110210.4,109350.0,110073.8,1049.94748476
1761264000,110073.9,110833.9,109988.1,110451.9,828.09612176
1761278400,110452.0,111548.1,110338.0,111053.9,1607.13162402
1761292800,111053.9,111497.5,110604.2,111075.5,1209.23148313
1761307200,111075.6,112188.0,109700.6,110056.0,2893.71874871
1761321600,110056.1,110942.0,109808.8,110613.1,680.11885463
1761336000,110613.2,111130.4,110482.9,111010.0,499.11198601
1761350400,111009.9,111243.3,110663.3,111023.1,387.48363166
1761364800,111023.1,111825.4,111023.0,111501.1,651.82530671
1761379200,111501.1,111838.0,111391.0,111569.9,586.8576798
1761393600,111570.0,111950.0,111325.8,111391.9,574.85347798
1761408000,111392.0,111742.5,111176.0,111631.4,495.50476345
1761422400,111631.2,111694.3,111349.4,111650.0,269.70168916
1761436800,111650.0,111917.8,111260.3,111266.0,418.1533077
1761451200,111266.0,111725.1,111250.2,111719.9,242.8102834
1761465600,111719.9,113499.0,111702.5,113299.9,1429.62505835
1761480000,113299.9,114047.7,113272.0,113699.7,1340.01404883
1761494400,113699.8,113787.4,113280.0,113591.9,568.94840284
1761508800,113591.9,115590.0,112900.0,114554.6,1405.77705613
1761523200,114555.7,115495.5,114366.0,114984.4,913.35148176
1761537600,114984.4,116400.0,114951.6,115550.8,1578.28504172
1761552000,115550.8,115602.0,114825.5,115353.1,1010.14900105
1761566400,115353.1,115442.3,114500.0,114959.8,2170.68757291
1761580800,114959.9,115800.0,114792.8,114949.3,1271.80988078
1761595200,114949.9,114949.9,113850.0,114111.7,1307.31873622
1761609600,114111.8,114535.6,113573.5,113917.8,1052.87922228
1761624000,113917.9,114366.8,113440.3,114179.5,888.17341061
1761638400,114179.4,114659.9,114097.6,114339.7,783.28687671
1761652800,114339.6,116100.0,114138.0,114646.0,2273.83774882
1761667200,114644.1,115590.0,113567.0,113690.0,1429.04953981
1761681600,113690.0,113700.1,112200.0,112892.9,1442.29879339
1761696000,112892.9,112975.0,112084.7,112510.6,1007.72627663
1761710400,112509.3,113561.1,112487.8,113559.9,1116.04577507
1761724800,113560.0,113618.0,112730.0,113131.1,1333.62467767
1761739200,113131.1,113652.8,111405.1,111514.5,3054.88797641
1761753600,111514.5,112020.0,109145.5,110651.4,3617.84933862
1761768000,110654.0,111790.0,109721.8,110024.2,934.79371226
1761782400,110024.2,111000.0,109723.2,110756.1,744.61109343
1761796800,110755.7,111600.0,107909.5,111367.2,2379.34571209
1761811200,111367.3,111433.9,109685.1,109716.9,1041.67727101
1761825600,109717.0,109788.1,107323.9,107716.1,2913.06358185
1761840000,107716.2,108215.7,106308.9,106536.4,1687.79435268
1761854400,106536.5,108348.5,106316.6,108311.6,1069.12609807
1761868800,108311.7,110028.0,108269.2,109219.1,1392.53193032
1761883200,109219.1,110214.3,109092.2,109434.1,1174.18384846
1761897600,109434.1,110550.2,109201.6,110429.1,1774.16415212
1761912000,110424.8,111172.7,109377.3,110188.7,2446.39219042
1761926400,110180.8,110299.0,108630.3,109825.1,2758.18402626
1761940800,109825.1,109825.1,109314.0,109604.1,687.91996333
1761955200,109604.1,110297.5,109390.0,110232.4,643.01971173
1761969600,110232.4,110548.0,109949.0,110072.7,615.69647837
1761984000,110072.7,110267.1,109806.6,110136.0,630.70088332
1761998400,110136.0,110351.2,109714.6,110300.2,597.49399171
1762012800,110299.4,110522.0,110175.0,110301.0,337.64069073
1762027200,110301.1,110521.9,109862.0,110096.0,251.09748755
1762041600,110096.0,110259.3,109880.4,110050.3,288.62677327
1762056000,110050.4,111039.9,110016.9,110892.9,691.73727963
1762070400,110893.0,111237.0,110345.7,111196.0,1076.32370416
1762084800,111196.0,111245.5,110096.8,110117.0,643.09159018
1762099200,110117.1,110340.2,109747.7,110178.0,726.6941554
1762113600,110178.3,110750.0,109500.0,110550.0,868.81699185
1762128000,110550.0,110757.5,107910.0,107938.0,2817.45891453
1762142400,107938.0,108069.9,107016.0,107480.1,1900.08177781
1762156800,107480.1,107919.0,106762.0,107793.6,1359.22555965
1762171200,107794.4,108319.9,105500.0,105746.9,3356.62298036
1762185600,105747.0,107757.1,105305.0,107083.5,1674.62052308
1762200000,107083.6,107167.7,105822.8,106584.3,693.1051339
1762214400,106584.1,107283.7,105856.6,107150.7,1000.15477443
1762228800,107150.8,107291.6,104155.5,104498.8,2854.9863975
1762243200,104498.7,104694.4,103606.3,104581.7,1707.70301892
1762257600,104581.7,104851.9,102926.1,103205.9,2439.96739174
1762272000,103205.9,103500.8,100000.0,100533.1,4002.81888178
1762286400,100533.1,101888.8,98941.2,101490.4,3531.93480791
1762300800,101491.5,102275.3,98968.4,102145.8,3574.02512632
1762315200,102145.8,102352.9,101493.9,101996.4,1597.80537824
1762329600,101996.5,102210.6,101172.0,102074.0,1140.98042384
1762344000,102074.0,103802.4,101920.1,103730.4,1891.93108255
1762358400,103730.4,104546.5,103076.6,104007.0,1172.37752858
1762372800,104007.0,104543.2,103299.2,103883.0,705.34056883
1762387200,103882.9,103957.0,102717.4,103654.7,1098.11770803
1762401600,103654.7,104210.0,102925.6,103188.9,1221.93435561
1762416000,103188.8,103450.0,102646.7,103237.9,731.87438829
1762430400,103238.0,103636.2,101625.0,102015.2,1864.18421618
1762444800,102014.0,102395.3,100257.0,101389.7,2741.39890563
1762459200,101389.6,101650.0,100543.4,101349.9,1102.62446769
1762473600,101350.0,102344.9,100750.7,101913.9,1500.75122822
1762488000,101913.9,102528.0,101580.9,102036.0,1130.7631223
1762502400,102036.1,102072.1,99803.9,100403.1,1871.42607223
1762516800,100403.1,101260.4,99267.9,100802.5,3029.56022015
1762531200,100802.6,103400.0,100511.0,103393.2,1845.55738055
1762545600,103393.2,104082.6,102930.5,103335.4,903.06229816
1762560000,103335.4,103410.0,102523.8,102587.6,857.75681828
1762574400,102587.6,102831.2,101912.0,102350.3,645.66027103
1762588800,102350.3,102688.4,101725.0,101860.7,474.6959944
1762603200,101860.7,102207.0,101474.3,101725.1,737.07889566
1762617600,101724.0,102226.1,101524.5,101980.8,570.30284136
1762632000,101980.8,102496.4,101951.3,102320.1,250.39903537
1762646400,102320.1,102353.9,101375.0,101659.3,662.26752487
1762660800,101659.3,102135.1,101635.5,101943.1,575.80178747
1762675200,101943.1,102315.5,101515.0,102243.9,725.32053513
1762689600,102243.9,104187.6,102058.0,103753.1,1424.64508006
1762704000,103753.0,104830.9,103333.1,104806.1,879.753639
1762718400,104806.2,105478.0,104081.3,104722.4,866.84731576
1762732800,104722.5,106663.2,104274.5,106034.9,1846.09999226
1762747200,106038.0,106530.5,105846.7,106464.6,1055.87232551
1762761600,106464.6,106614.0,105840.2,106188.3,944.95315878
1762776000,106188.2,106600.0,104680.0,105078.8,1910.53904148
1762790400,105080.4,106088.0,104794.9,105823.1,1162.37732904
1762804800,105823.1,106300.0,105283.6,106012.0,1114.19179899
1762819200,106012.0,107500.0,105500.0,106472.9,2485.45754474
1762833600,106473.8,106559.0,104755.0,104803.1,1759.7803943
1762848000,104803.1,105500.0,104775.1,105307.9,761.35470258
1762862400,105308.0,105500.0,103200.0,103472.9,2375.09722111
1762876800,103472.9,103743.5,102852.8,103130.3,1197.78592348
1762891200,103131.4,103233.3,102500.0,103061.7,842.33484161
1762905600,103062.2,103448.2,102680.0,103322.8,829.27003117
1762920000,103322.8,103649.9,103028.8,103126.5,538.51009222
1762934400,103126.5,105199.9,103126.5,105024.5,1821.57534765
1762948800,105024.9,105332.8,102000.0,102182.0,2172.99049545
1762963200,102181.9,102300.2,100800.0,101296.5,2045.64789033
1762977600,101296.5,102000.0,101141.0,101658.0,671.47899625
1762992000,101658.0,102613.7,100907.8,102131.9,1458.9877727
1763006400,102132.0,104039.0,101666.6,103476.0,1950.42933316
1763020800,103476.1,103813.6,102559.2,102938.1,1408.11546284
1763035200,102938.0,103486.2,101200.0,101388.5,2711.82747115
1763049600,101388.3,101535.9,98150.1,98680.5,4281.54292704
1763064000,98680.4,100499.9,98000.9,99688.7,1674.43163384
1763078400,99688.7,99876.3,98703.6,99149.4,1314.45618227
1763092800,99149.5,99187.9,95925.8,97154.4,3807.4827185
1763107200,97154.4,97541.9,95708.1,96180.1,1511.40359632
1763121600,96180.0,97339.6,94551.0,96802.9,4895.48329375
1763136000,96803.0,97407.5,94800.0,95776.0,2011.19327373
1763150400,95777.6,95940.5,94000.1,94581.9,1773.87095372
1763164800,94581.9,96818.1,94558.9,96412.1,1194.84479484
1763179200,96412.0,96586.1,95908.2,96336.7,709.92210539
1763193600,96336.8,96355.0,95633.1,95701.0,565.46783978
1763208000,95701.0,96475.7,95577.0,96265.2,539.81125656
1763222400,96265.2,96403.1,95719.0,96013.7,529.39965263
1763236800,96013.8,96024.8,95126.0,95603.0,362.41843074
1763251200,95603.1,95975.0,94854.4,95820.3,599.56804185
1763265600,95820.3,96185.0,95650.2,96092.6,589.06908409
1763280000,96092.7,96626.6,95509.3,95638.8,722.84149931
1763294400,95638.8,95918.2,94383.1,94589.7,858.75315218
1763308800,94589.7,95569.9,93784.8,94032.1,2009.8067104
1763323200,94032.1,94745.8,93000.0,94269.5,1564.29899054
1763337600,94269.5,95584.3,93778.4,95508.2,1160.27061228
1763352000,95508.3,95880.4,94893.0,95652.6,1082.98417333
1763366400,95652.6,96020.0,95290.0,95570.2,887.61653756
1763380800,95570.1,96055.8,93560.3,93958.8,2460.75218777
1763395200,93960.3,94418.9,91600.0,91685.5,2748.38540179
1763409600,91686.8,92397.0,91313.7,92226.8,1735.73193777
1763424000,92226.8,92372.9,89688.4,90841.1,3562.34267924
1763438400,90841.0,90860.3,89281.8,90508.1,2893.17280678
1763452800,90509.8,91605.9,90509.8,91523.9,2306.10182745
1763467200,91524.5,93024.7,90932.0,92906.2,2416.1398033
1763481600,92906.3,93836.5,92585.4,93176.9,1401.99667768
1763496000,93177.1,93417.9,92463.5,92967.1,566.71974487
1763510400,92967.1,92992.3,91682.5,91892.3,1221.49261209
1763524800,91892.1,92016.4,90030.8,91861.7,1752.05432497
1763539200,91861.7,91950.1,91074.4,91403.0,865.59445325
1763553600,91403.1,92387.6,89875.0,89951.1,1783.49893337
1763568000,89947.7,90227.4,88630.0,88882.9,2253.97795761
1763582400,88883.0,91597.0,88611.7,91561.1,1409.36196711
1763596800,91561.0,92805.7,91191.9,92441.9,1218.55246078
1763611200,92441.7,93158.5,91700.0,92323.0,1290.32489354
1763625600,92323.0,92408.6,91435.0,91937.1,1013.72736843
1763640000,91937.1,92550.0,89810.3,89862.5,1783.46081997
1763654400,89862.5,89909.7,86100.0,86922.8,6155.54828585
1763668800,86922.7,88259.1,86332.0,86636.1,1752.97564552
1763683200,86638.0,87504.5,85349.1,85831.5,2171.55266208
1763697600,85831.3,86350.9,81330.7,84061.1,6062.93164793
1763712000,84062.3,84709.7,81660.0,82321.0,4269.9545669
1763726400,82320.0,85498.1,80636.3,82938.3,5417.68856788
1763740800,82938.2,85569.8,82337.3,84214.1,3329.64772583
1763755200,84213.9,85411.6,83457.3,85135.0,1044.60218988
1763769600,85135.0,85618.8,84214.6,84449.9,1025.86180197
1763784000,84449.9,84798.6,83836.2,84583.2,821.24115799
1763798400,84583.1,84588.0,83503.5,84098.5,1809.89148107
1763812800,84098.6,84750.0,83617.7,84282.9,910.13015822
1763827200,84282.9,84901.7,84223.2,84605.0,457.66407217
1763841600,84605.1,85269.8,84236.3,84741.1,482.21839088
1763856000,84741.2,86348.0,84679.3,86308.5,1134.13341827
1763870400,86308.6,86872.8,85416.6,85769.2,1134.80193157
1763884800,85769.3,86482.4,85763.3,86343.4,894.2255091
1763899200,86343.5,87240.0,86277.0,87084.1,1104.00111786
1763913600,87084.0,87678.9,86506.1,87322.3,944.96631458
1763928000,87322.4,88129.3,86733.3,86846.6,856.34668329
1763942400,86846.7,88065.5,85948.8,87451.3,1356.75472518
1763956800,87451.3,87837.0,86450.0,87045.4,1233.53255924
1763971200,87045.5,87045.5,85685.8,86277.3,1315.67052682
1763985600,86277.2,86747.5,85278.2,86615.8,1747.86324572
1764000000,86615.8,88840.5,86615.7,88333.6,2013.70052257
1764014400,88330.9,89230.5,88240.3,88281.8,998.89975582
1764028800,88281.8,88290.2,87459.9,87812.1,1106.02575345
1764043200,87812.0,88507.3,87333.0,87397.5,1072.76449362
1764057600,87397.6,87621.7,86675.1,87365.0,1335.89021318
1764072000,87365.1,87765.2,86118.2,86987.9,1544.81238055
1764086400,86988.1,88141.6,86182.5,86878.0,1129.15026292
1764100800,86878.1,87882.1,86582.8,87359.1,630.08229867
1764115200,87359.1,88224.2,87075.9,87120.0,823.97460227
1764129600,87120.1,87975.0,86902.0,87934.8,779.96203339
1764144000,87934.8,87939.6,86675.2,87098.7,806.08482674
1764158400,87097.0,87685.7,86317.4,86965.0,1532.37064779
1764172800,86965.0,90423.6,86949.3,89961.9,2303.80626405
1764187200,89962.0,90646.1,89510.7,90482.1,1088.99763014
1764201600,90482.1,91878.4,90090.0,91078.5,2103.67658118
1764216000,91078.4,91538.4,90888.0,91396.1,995.03355449
1764230400,91396.2,91949.5,91219.4,91368.8,1405.33270248
1764244800,91368.8,91450.8,90440.0,90959.9,1263.10881767
1764259200,90959.8,91837.0,90852.0,91536.8,585.39299183
1764273600,91536.8,91605.0,91111.0,91330.3,404.32805974
1764288000,91330.2,91413.5,90654.6,91211.0,787.76528744
1764302400,91211.0,91709.9,90837.8,90902.7,1519.9609841
1764316800,90902.0,92000.0,90899.0,91432.4,1218.68913796
1764331200,91432.5,93079.0,91370.0,92356.1,1837.84305854
1764345600,92356.1,92374.2,90213.9,91146.8,1295.74184697
1764360000,91146.9,91237.8,90700.0,90890.5,776.66038143
1764374400,90890.6,91116.6,90537.0,90675.0,293.88140847
1764388800,90675.9,90920.0,90315.0,90563.8,920.28725718
1764403200,90563.8,90730.1,90373.5,90675.0,1099.9768685
1764417600,90675.1,91101.0,90531.1,91068.0,555.22585429
1764432000,91068.0,91171.0,90168.0,90646.0,470.88769539
1764446400,90646.1,91050.0,90406.9,90801.9,303.53156623
1764460800,90801.9,91051.4,90465.7,90918.3,221.92224367
1764475200,90918.3,91049.7,90675.9,90959.9,796.03891801
1764489600,90960.0,91624.2,90924.8,91048.0,729.43386694
1764504000,91048.0,91972.1,91003.1,91439.9,480.40505351
1764518400,91440.0,91855.0,91158.0,91464.0,283.21249316
1764532800,91464.0,91628.5,90351.3,90367.3,577.15936496
1764547200,90367.2,90421.5,86179.7,86359.9,3590.4462486
1764561600,86360.0,86578.5,85615.6,86556.7,1671.30376748
1764576000,86552.0,86940.9,86138.5,86145.8,1920.00610477
1764590400,86145.8,86666.5,83833.4,84687.0,2885.47709055
1764604800,84687.1,85567.0,84050.0,85025.9,1284.93606061
1764619200,85025.8,86857.1,85009.8,86283.3,1011.73474223
1764633600,86283.4,87355.0,86183.3,86975.0,857.49985828
1764648000,86974.9,87266.0,86816.0,87006.4,1005.45800557
1764662400,87006.4,87609.0,86352.1,87366.1,1108.83163944
1764676800,87366.1,91194.9,87031.6,90847.4,2857.55350822
1764691200,90847.4,92299.4,90214.8,91896.0,1848.65849613
1764705600,91895.9,92000.0,90719.5,91284.0,1070.47001038
1764720000,91283.9,93076.3,91004.0,92624.3,1476.61592035
1764734400,92624.3,93959.3,92624.2,92995.9,2122.82725727
1764748800,92996.1,93389.3,92666.6,93006.9,1141.99266035
1764763200,93006.9,93688.0,91690.8,92379.9,2460.99446957
1764777600,92380.1,93500.0,91798.6,93026.1,1059.25282012
1764792000,93026.3,94162.8,92827.2,93423.0,1126.7746566
1764806400,93423.0,94074.9,92675.0,93533.0,1354.40680355
1764820800,93532.9,93577.9,92777.3,93397.1,1033.8666109
1764835200,93397.1,93612.0,92732.3,92939.2,1180.68472052
1764849600,92939.2,93250.0,91800.0,92968.9,1276.68373501
1764864000,92968.7,93178.0,90887.6,91976.4,1280.71690354
1764878400,91977.5,92705.4,91686.2,92062.7,728.09462279
1764892800,92062.7,92696.1,91970.0,92158.1,593.79688728
1764907200,92158.1,92482.6,91806.9,92249.8,609.08870812
1764921600,92249.8,92254.3,90972.1,91342.9,897.31919755
1764936000,91342.8,91497.8,89900.0,90456.0,1601.14106944
1764950400,90456.1,90499.9,88040.4,89639.1,1930.81349853
1764964800,89639.0,89742.4,88907.0,89330.8,415.07946803
1764979200,89330.9,89800.0,89040.3,89677.2,448.5785119
1764993600,89677.2,89766.1,89465.2,89583.0,706.10027164
1765008000,89583.9,89740.7,89203.1,89629.5,1020.08151175
1765022400,89629.5,90279.8,89467.9,89756.4,631.51379995
1765036800,89756.5,89981.0,89258.2,89409.2,322.44333214
1765051200,89409.2,89622.0,88914.1,89233.9,299.18380615
1765065600,89234.0,89745.9,89183.6,89720.9,254.67008835
1765080000,89720.9,89789.3,89200.7,89382.0,661.99434844
1765094400,89382.0,89540.0,89062.5,89158.6,608.70014917
1765108800,89158.6,89714.5,87731.7,89554.8,1324.87711746
1765123200,89554.7,91759.5,89112.0,91423.0,1021.53505452
1765137600,91423.1,91514.7,88985.0,90394.1,879.59584077
1765152000,90394.1,91688.0,89868.4,91074.4,759.01991885
1765166400,91074.4,91875.3,91025.9,91560.1,776.85506638
1765180800,91560.2,92288.0,91481.9,91958.0,751.05966336
1765195200,91957.9,92113.2,89612.7,89962.0,1900.71405121
1765209600,89962.0,90511.3,89678.2,90117.5,878.34762824
1765224000,90117.6,91385.8,90117.6,90639.9,534.22071414
1765238400,90642.0,90847.8,89812.5,90409.0,680.36209177
1765252800,90409.0,90530.9,89500.0,90499.0,1697.19574703
1765267200,90503.2,90612.7,89908.4,90382.0,1166.26765766
1765281600,90382.0,92888.0,89999.1,92706.6,1858.60777806
1765296000,92706.6,94600.0,92697.3,93805.0,2287.75652774
1765310400,93805.1,93851.5,92255.1,92682.5,1086.78625759
1765324800,92682.4,92782.6,91964.3,92410.2,749.04697374
1765339200,92410.2,92784.9,92388.0,92784.9,790.85186116
1765353600,92785.0,93257.1,91780.1,92131.0,2332.57268789
1765368000,92131.1,92231.0,91567.6,92069.9,896.51043575
1765382400,92070.0,93283.2,91685.5,92959.6,1888.25152913
1765396800,92959.7,94495.2,91873.8,92013.7,1387.71086819
1765411200,92013.6,92082.8,89389.8,89881.1,1524.50514273
1765425600,89881.0,90483.3,89688.0,90271.0,948.765505
1765440000,90270.9,90523.3,89964.9,90234.8,1634.27681113
1765454400,90234.8,90642.7,89255.9,89875.1,1284.71717697
1765468800,89875.0,91541.2,89333.3,90835.6,983.47999979
1765483200,90835.6,93564.4,90802.5,92522.3,1582.51526568
1765497600,92522.2,92752.5,91280.4,92275.1,960.75581402
1765512000,92274.9,92719.3,92078.6,92427.1,635.75710664
1765526400,92427.2,92635.6,92088.5,92411.9,507.91783522
1765540800,92411.8,92666.5,89777.7,89941.4,1646.97148433
1765555200,89933.7,90659.9,89466.6,90197.1,1405.84672713
1765569600,90197.1,90392.3,89888.8,90268.1,354.55583231
1765584000,90268.1,90469.9,90112.4,90341.9,347.46710145
1765598400,90341.9,90421.0,90246.5,90330.0,904.37881725
1765612800,90330.1,90638.2,90300.0,90341.7,672.02687354
1765627200,90341.7,90486.0,89930.1,90100.7,579.82579344
1765641600,90100.6,90275.0,89990.0,90182.5,121.69022689
1765656000,90182.4,90279.0,89764.8,90241.1,194.01422667
1765670400,90241.1,90475.0,90125.0,90266.5,247.44828139
1765684800,90266.6,90346.3,90051.0,90256.1,271.05268045
1765699200,90256.0,90307.6,88632.9,89355.0,1336.28775728
1765713600,89355.1,89662.6,88880.0,89027.7,482.96309624
1765728000,89027.7,89397.9,88465.9,88644.0,518.04872521
1765742400,88644.1,88833.0,87564.5,88162.9,697.07338155
1765756800,88163.0,90021.9,88072.3,89285.9,829.11515137
1765771200,89286.0,89922.9,89279.0,89747.0,655.19388926
1765785600,89747.0,89984.3,89588.0,89645.2,459.33034975
1765800000,89645.3,89879.9,86626.6,87042.9,1828.26346789
1765814400,87044.6,87222.0,85147.7,86149.1,1376.05152407
1765828800,86149.0,86470.0,85529.4,86432.9,588.11518471
1765843200,86433.0,86524.6,85378.5,85865.7,653.74306834
1765857600,85865.7,86603.5,85265.2,86009.3,1042.00125567
1765872000,86009.4,87336.7,85930.0,87256.0,635.14345374
1765886400,87255.9,88180.0,86109.0,87968.9,2011.70949677
1765900800,87968.9,88050.0,87062.5,87592.3,770.16421299
1765915200,87592.1,87930.1,87345.0,87863.0,261.19511818
1765929600,87863.0,87948.8,87155.1,87216.0,558.77950366
1765944000,87216.1,87390.9,86211.5,87043.1,776.4417658
1765958400,87043.0,87130.0,86242.2,86970.7,554.29914568
1765972800,86977.2,90375.0,86811.3,87231.9,2852.00908564
1765987200,87231.7,87776.3,85328.4,86017.2,1456.90804859
1766001600,86017.4,86465.7,85660.1,86248.1,488.35675211
1766016000,86248.1,86872.9,85865.8,86622.0,535.14513321
1766030400,86621.9,86895.3,86388.0,86834.1,462.80045829
1766044800,86834.0,87453.1,86684.6,87276.7,638.787926
1766059200,87276.7,89480.0,87118.9,88513.7,2965.81431124
1766073600,88513.7,88531.0,84480.0,84481.1,2681.33140702
1766088000,84483.5,85838.6,84456.2,85506.1,844.33795463
1766102400,85506.1,87568.0,85120.0,86899.0,1176.85586909
1766116800,86890.0,88400.0,86687.4,87954.6,1106.27757594
1766131200,87954.6,88370.0,87741.0,88193.3,514.11137991
1766145600,88193.3,89426.3,87515.4,87957.9,1796.04864428
1766160000,87958.0,88882.3,86846.8,87833.2,1147.91434578
1766174400,87836.1,88427.9,87603.6,88143.1,748.11496287
1766188800,88143.0,88342.9,87965.9,88219.5,253.38358631
1766203200,88219.5,88574.9,88120.0,88276.9,276.18097871
1766217600,88277.0,88429.0,88111.0,88276.3,204.03397274
1766232000,88276.3,88344.3,87800.0,88175.0,461.5943073
1766246400,88175.1,88420.0,88107.0,88233.9,183.98372388
1766260800,88234.0,88451.5,88148.0,88366.1,132.7205914
1766275200,88366.0,88437.0,87877.7,88089.8,278.20459082
1766289600,88089.9,88210.2,88052.0,88183.8,157.47245376
1766304000,88183.8,89081.6,88150.0,88610.0,836.57409535
1766318400,88610.0,88934.2,87607.6,88071.1,1039.48247899
1766332800,88071.0,88613.5,87958.6,88496.0,718.97154401
1766347200,88496.0,88829.6,88100.0,88656.1,334.06734533
1766361600,88656.2,89673.3,87886.9,88779.7,1307.15949197
1766376000,88779.7,89213.6,88726.3,89164.4,638.92363838
1766390400,89164.7,90125.0,89090.0,89940.9,962.27229452
1766404800,89940.6,90598.0,89195.0,89733.9,1666.27951149
1766419200,89733.9,90118.0,87964.0,88059.1,996.35990492
1766433600,88059.0,88828.6,87923.5,88621.2,466.16908056
1766448000,88621.3,88938.2,87796.4,88169.5,765.2263836
1766462400,88169.5,88372.0,87047.8,87579.2,900.89223907
1766476800,87579.2,87884.6,87301.1,87852.1,824.23255585
1766491200,87852.0,87950.0,86578.9,87444.9,1317.73894407
1766505600,87444.9,88273.0,87165.9,87751.9,1028.49765915
1766520000,87751.9,88364.9,87177.9,87487.4,556.20411356
1766534400,87487.5,87871.4,86870.6,87345.9,566.88714365
1766548800,87345.9,87465.8,86792.8,86917.1,402.62671736
1766563200,86917.0,87350.0,86720.9,87207.1,315.25686179
1766577600,87207.0,87488.0,86400.0,87043.1,944.1425125
1766592000,87043.1,87685.4,86919.0,87559.0,587.64705311
1766606400,87559.1,88054.8,87521.5,87669.9,303.81805059
1766620800,87670.0,87957.6,87517.7,87841.4,197.33481912
1766635200,87841.3,87860.0,87659.7,87829.9,245.86749806
1766649600,87829.9,87884.3,87262.0,87515.0,305.19044367
1766664000,87514.9,88603.5,87403.0,88367.1,517.0285961
1766678400,88367.2,88472.0,88000.3,88150.0,247.59977666
1766692800,88150.0,88170.6,86947.4,87232.0,487.93872961
1766707200,87232.1,89432.5,86893.8,88832.0,1475.65061109
1766721600,88832.0,89569.3,88354.5,88479.9,1116.59151099
1766736000,88480.0,88914.0,88420.7,88532.0,619.47382512
1766750400,88532.0,89052.0,86666.0,87139.0,1517.46142744
1766764800,87139.0,87581.3,86816.7,87497.1,740.19735243
1766779200,87497.0,87791.7,87300.0,87362.0,448.83349895
1766793600,87362.0,87532.9,87245.1,87510.0,172.74207784
1766808000,87510.0,87719.1,87417.8,87539.9,843.92490473
1766822400,87539.9,87690.6,87370.0,87467.4,481.35505093
1766836800,87467.3,87591.1,87319.3,87559.5,215.50388325
1766851200,87559.5,87588.3,87446.8,87574.0,158.54854334
1766865600,87574.1,87981.4,87503.1,87872.1,226.34637188
1766880000,87872.1,87948.6,87709.0,87739.1,216.94416138
1766894400,87739.1,87830.0,87610.3,87732.9,204.30832477
1766908800,87732.9,88031.1,87722.0,87886.2,1470.34318237
1766923200,87886.3,88088.0,87782.9,87839.2,584.60902517
1766937600,87839.2,87930.0,87501.1,87521.0,248.80527438
1766952000,87520.9,88049.3,87442.1,87951.0,281.19348918
1766966400,87951.0,90168.2,87814.0,90117.0,1907.75519623
1766980800,90117.1,90389.4,89506.0,89612.3,1231.46567768
1766995200,89612.3,89846.0,87571.1,87571.2,1368.65562789
1767009600,87571.2,88194.3,86804.2,87686.7,1612.37504817
1767024000,87686.6,87996.1,87308.9,87352.0,565.6362512
1767038400,87352.0,87593.7,87074.0,87232.1,426.9828027
1767052800,87232.1,87419.0,86825.6,87366.0,611.06552239
1767067200,87366.0,87625.7,87147.1,87496.0,384.99545502
1767081600,87496.1,88228.7,87496.1,87899.2,708.15213197
1767096000,87899.3,89152.5,87837.0,89005.0,1217.32260947
1767110400,89000.6,89400.0,87967.5,88223.1,889.67192735
1767124800,88223.1,88576.3,87875.0,88496.6,417.98003641
1767139200,88496.5,88822.7,88177.6,88456.8,532.8875083
1767153600,88456.8,88639.9,88332.0,88614.2,339.54803422
1767168000,88614.3,89052.1,88379.8,89017.1,672.86301301
1767182400,89017.0,89217.5,87777.3,87945.0,1099.87309781
1767196800,87945.0,88048.5,87399.2,87542.1,781.95624901
1767211200,87542.0,87880.0,87240.0,87638.9,354.94816821
1767225600,87638.8,88085.2,87620.9,87845.4,280.0050547
1767240000,87849.0,87855.0,87551.9,87637.0,412.34682633
1767254400,87637.0,88022.5,87626.0,88022.1,278.82382242
1767268800,88022.0,88109.0,87806.0,88034.0,314.60081813
1767283200,88034.1,88507.9,87878.4,88385.9,380.93028667
1767297600,88385.9,88920.5,88244.0,88847.1,350.3023302
1767312000,88847.0,89118.9,88382.0,88946.3,821.30122393
1767326400,88946.4,89086.9,88577.0,88854.8,539.50947752
1767340800,88854.9,89941.3,88811.0,89501.9,1304.5328895
1767355200,89502.0,90170.3,88459.7,89411.0,1904.44899922
1767369600,89410.9,90960.0,89200.3,89894.8,1808.29978804
1767384000,89900.0,90391.3,89620.8,89986.9,586.36139289
1767398400,89987.0,90407.7,89950.1,90325.5,360.83619862
1767412800,90325.4,90478.6,89321.2,89583.0,604.53265525
1767427200,89583.0,89989.0,89434.6,89754.1,361.11282822
1767441600,89754.0,90233.0,89667.3,89971.4,296.13479502
1767456000,89972.9,90215.2,89921.7,90128.4,160.27720201
1767470400,90128.5,90736.1,90026.1,90633.0,363.39132285
1767484800,90632.9,91612.7,90632.9,91235.9,991.79139601
1767499200,91235.9,91820.0,91192.3,91524.1,744.81338151
1767513600,91524.1,91622.9,91181.0,91308.3,1323.38585985
1767528000,91308.2,91412.1,91021.2,91332.9,572.0751817
1767542400,91332.9,91450.0,90875.0,91150.8,447.40758767
1767556800,91150.8,91588.0,91137.0,91537.1,253.94491923
1767571200,91537.0,93411.5,91523.0,92886.0,1772.0071728
1767585600,92886.0,92964.0,92165.1,92526.0,899.55143886
1767600000,92526.0,93160.9,92337.1,93133.0,656.91050416
1767614400,93133.1,94010.0,92413.1,93957.1,1531.49945895
1767628800,93957.0,94510.0,93259.4,94302.8,1379.82644834
1767643200,94302.8,94793.7,93801.8,93870.9,725.25012798
1767657600,93871.0,94160.0,93526.9,93768.3,472.72798989
1767672000,93768.4,93999.0,93140.0,93258.1,664.33815818
1767686400,93258.1,93906.0,93179.2,93843.3,1220.82904903
1767700800,93843.4,94446.6,93345.6,93648.1,1414.33061408
1767715200,93648.2,93768.7,91277.7,92103.2,1915.94386196
1767729600,92103.3,93853.5,92103.2,93750.0,862.07222665
1767744000,93750.0,93750.0,92248.5,92814.4,910.92035877
1767758400,92814.4,92922.1,92508.4,92883.6,430.84167792
1767772800,92883.6,92962.3,91600.0,92088.7,1950.48277146
1767787200,92088.7,92287.9,91019.3,91347.0,1522.76030953
1767801600,91347.0,91788.3,90670.0,91186.0,1063.0225558
1767816000,91186.0,91483.0,90781.1,91370.9,569.01039217
1767830400,91373.7,91669.7,90615.2,90813.0,578.19730359
1767844800,90812.9,91182.9,89630.4,90551.1,1472.81458525
1767859200,90551.0,90792.6,89770.8,90221.1,1425.05425056
1767873600,90221.2,90831.9,89327.8,90790.5,1152.2770748
1767888000,90790.5,91467.3,90321.5,90933.6,931.23959684
1767902400,90933.6,91493.3,90574.3,91097.2,478.77434392
1767916800,91097.2,91628.6,90855.2,91223.9,620.61350245
1767931200,91224.0,91235.2,90753.0,90753.1,372.53774693
1767945600,90753.1,90851.1,89700.0,90452.0,1179.98359774
1767960000,90452.0,92020.2,89841.8,91183.9,2025.55833399
1767974400,91183.8,91781.9,90183.7,90334.4,907.93749508
1767988800,90334.3,90721.2,90124.7,90636.0,286.73088768
1768003200,90636.0,90776.0,90518.4,90639.1,184.96573567
1768017600,90639.0,90689.4,90409.0,90679.9,316.96170451
1768032000,90679.8,90836.3,90591.0,90727.0,1125.03307665
1768046400,90727.0,90790.6,90536.0,90661.2,381.03810592
1768060800,90661.1,90742.0,90511.3,90621.3,133.36469228
1768075200,90621.2,90654.7,90396.3,90504.9,272.82414791
1768089600,90504.9,90733.1,90449.3,90733.0,128.99211449
1768104000,90733.1,90859.9,90586.3,90713.0,222.13204147
1768118400,90712.9,90816.4,90620.0,90751.8,758.22039351
1768132800,90751.9,91199.8,90711.4,90875.0,414.18442516
1768147200,90875.0,91284.6,90680.0,90693.1,244.45694309
1768161600,90693.1,91039.8,90230.3,91012.0,490.2363038
1768176000,91008.3,92520.6,90697.7,91805.4,1300.15632039
1768190400,91805.5,92281.7,91400.0,91415.1,886.09584328
1768204800,91415.1,91628.9,90375.0,90630.1,1076.14424722
1768219200,90630.1,91679.6,90132.1,91666.9,1029.06045237
1768233600,91666.0,92316.7,91007.1,91864.9,1490.19925005
1768248000,91864.9,92048.4,90948.4,91304.0,558.43666694
1768262400,91304.0,91548.9,91054.3,91412.0,476.11578588
1768276800,91412.1,92270.8,91349.9,91949.7,1195.80450887
1768291200,91949.7,92666.0,91908.4,92001.0,964.41235292
1768305600,92001.1,93456.0,91790.0,93455.9,1682.51753684
1768320000,93455.9,94243.6,93080.7,94224.1,1734.68070241
1768334400,94224.2,96543.0,94060.0,95411.8,3408.92318278
1768348800,95411.8,95722.5,95142.8,95722.3,1023.3559364
1768363200,95722.3,95796.8,94521.7,95201.9,1467.64645536
1768377600,95201.9,95310.5,94750.0,94797.7,1100.10972977
1768392000,94797.7,97088.0,94688.1,96755.6,2598.61411781
1768406400,96755.5,97776.0,96229.5,97257.8,3915.97979125
1768420800,97257.8,97925.4,96758.1,96945.9,1305.70369928
1768435200,96946.0,96999.6,95780.0,95990.5,1129.16365178
1768449600,95990.5,96762.9,95965.4,96634.5,923.48805352
1768464000,96634.6,97189.9,96293.1,96597.0,639.08637811
1768478400,96597.1,97150.0,95451.0,96742.1,1469.62259295
1768492800,96742.0,97074.5,95188.0,95511.6,1362.9586644
1768507200,95511.7,95875.0,95132.9,95607.0,529.63137961
1768521600,95607.0,95852.7,95336.2,95356.0,358.90421249
1768536000,95356.0,95836.3,95160.0,95650.7,831.51426765
1768550400,95650.7,95845.9,95265.3,95431.4,514.12613115
1768564800,95431.5,95813.0,94303.6,94589.3,1190.07260737
1768579200,94589.2,95221.5,94514.1,95007.7,550.67428782
1768593600,95007.4,95600.0,94686.0,95560.0,424.70509199
1768608000,95560.1,95585.9,95196.5,95369.0,312.00685758
1768622400,95369.0,95380.5,95027.4,95101.1,330.64616702
1768636800,95101.1,95318.9,95000.0,95318.8,268.51701922
1768651200,95318.9,95638.0,95195.0,95571.0,383.71901209
1768665600,95571.0,95571.0,95221.0,95295.4,209.55364806
1768680000,95295.4,95415.0,95052.0,95153.9,223.83319718
1768694400,95153.9,95250.0,94878.1,95190.9,386.46130533
1768708800,95191.0,95256.2,95030.0,95036.1,211.54630167
1768723200,95036.0,95299.9,95030.0,95165.9,192.63743714
1768737600,95166.0,95375.0,94919.0,95113.9,354.0852233
1768752000,95114.0,95513.0,95068.0,95378.0,216.09896769
1768766400,95378.1,95529.0,93600.0,93674.1,950.79430121
1768780800,93674.0,93674.0,91900.0,92693.4,2935.05884333
1768795200,92693.3,92857.1,92378.1,92834.2,1036.96015941
1768809600,92834.2,93368.6,92693.3,93190.1,1423.71676789
1768824000,93190.1,93229.0,92700.0,93063.0,542.44398174
1768838400,93063.0,93400.0,92900.0,93104.1,464.51411233
1768852800,93104.1,93344.4,92160.1,92628.0,620.72611747
1768867200,92627.9,92870.0,92253.7,92446.3,533.88655482
1768881600,92446.4,92478.2,90800.0,91188.3,2369.75440181
1768896000,91188.3,91438.2,90684.8,91226.7,1785.33148226
1768910400,91226.7,91374.9,89852.0,90681.1,1909.21597935
1768924800,90681.1,90973.8,89300.0,89728.1,1254.11690253
1768939200,89728.1,89847.9,87806.2,88418.6,1349.24883004
1768953600,88418.6,89589.0,88250.4,89431.2,1723.71131218
1768968000,89431.2,90111.4,89092.9,89212.8,1082.73808274
1768982400,89212.5,89480.9,88694.5,88792.2,798.79298672
1768996800,88788.1,90592.0,88178.1,90279.5,2514.70401132
1769011200,90279.5,90454.2,87258.7,90358.0,2383.67296447
1769025600,90358.1,90381.8,89360.0,89456.1,819.70968478
1769040000,89456.1,90355.0,89456.1,89890.5,658.25172842
1769054400,89890.5,90208.2,89746.9,89802.7,730.06365424
1769068800,89802.8,90149.0,89750.0,89942.7,1304.59862107
1769083200,89942.8,90333.4,88515.3,89003.2,1126.62356243
1769097600,89003.3,89922.0,88680.0,89778.3,665.69445709
1769112000,89777.7,89943.4,89142.7,89560.2,356.5133092
1769126400,89560.2,89984.9,89454.4,89927.1,519.75595555
1769140800,89927.2,90096.9,89406.7,89542.1,992.88223107
1769155200,89542.1,89632.5,88869.5,89211.0,1503.35442784
1769169600,89211.0,89858.9,88563.6,89754.2,841.49186602
1769184000,89754.3,91222.0,89484.0,89980.0,1524.96911498
1769198400,89980.0,90155.0,89217.9,89608.0,454.67233539
1769212800,89608.1,89933.1,89427.6,89777.0,217.52014796
1769227200,89777.0,89849.3,89552.4,89608.0,365.96169324
1769241600,89607.9,89687.0,89549.2,89587.9,211.22197422
1769256000,89587.9,89597.5,89178.5,89279.9,251.15979405
1769270400,89280.0,89460.0,89169.6,89335.8,171.99296599
1769284800,89335.7,89507.2,89215.0,89227.6,148.99854169
1769299200,89227.5,89326.0,88850.0,88959.8,224.55947556
1769313600,88959.9,89086.9,88633.6,88662.0,762.11997608
1769328000,88661.9,88764.0,88133.5,88574.9,405.84278445
1769342400,88575.0,88974.0,88378.8,88456.1,431.4195335
1769356800,88456.1,88456.1,86181.6,86503.3,1795.76509348
1769371200,86503.3,87012.2,86090.0,86666.8,992.50449205
1769385600,86666.8,87970.3,86515.2,87273.6,999.42948352
1769400000,87273.7,88073.2,87240.0,87998.8,1126.27071814
1769414400,87998.8,88385.7,87599.1,87858.1,657.82942554
1769428800,87858.1,88857.0,87333.7,87643.0,1683.28847331
1769443200,87643.1,88545.0,87041.1,88017.6,893.8814197
1769457600,88017.6,88664.7,87549.5,88347.9,492.99495234
1769472000,88348.0,88885.0,88200.0,88784.0,479.27833076
1769486400,88784.0,88996.0,88268.1,88322.6,668.41913765
1769500800,88322.6,88393.4,87750.0,87991.3,1043.36716001
1769515200,87990.6,88456.9,87577.4,88038.9,697.32969603
1769529600,88039.0,88837.4,87311.7,88414.7,1126.07335789
1769544000,88412.7,89526.3,88377.5,89250.0,921.17363935
1769558400,89250.1,89495.0,88986.9,89119.3,397.12364979
1769572800,89119.2,89394.0,88840.0,89129.6,611.43108277
1769587200,89129.6,90156.9,88811.0,90070.6,1025.71913177
1769601600,90070.5,90488.0,88906.9,89480.5,1791.18078997
1769616000,89480.5,90606.1,89023.5,89397.2,1644.07767894
1769630400,89396.3,89898.0,88875.0,89299.9,546.69401794
1769644800,89299.9,89348.7,87702.5,88060.0,1040.65405704
1769659200,88060.1,88427.0,87903.2,88352.9,563.17848991
1769673600,88352.8,88500.0,87745.3,87831.1,1088.81886194
1769688000,87831.2,88169.6,84389.9,84950.5,3164.45338307
1769702400,84951.0,85631.3,83371.0,84016.2,2832.56236912
1769716800,84016.3,84739.1,83833.6,84654.7,1028.6567438
1769731200,84654.7,84735.7,81010.0,82681.2,3743.95824017
1769745600,82681.3,83327.4,82053.9,82806.0,2538.14767146
1769760000,82805.9,83306.4,82153.6,83149.8,1017.94227898
1769774400,83149.7,83796.7,82383.4,82885.4,1878.89894952
1769788800,82882.1,84631.3,81888.9,84247.9,2124.06891967
1769803200,84247.9,84500.0,83535.5,84253.2,1369.17670334
1769817600,84253.3,84276.9,83821.6,84013.0,613.68183604
1769832000,84013.0,84140.0,83412.1,83552.0,1205.7297232
1769846400,83551.9,83629.9,82581.0,83024.8,1579.25553781
1769860800,83024.9,83150.0,80831.6,81302.0,2224.3814115
1769875200,81302.0,82216.0,75678.0,77756.0,7402.04967633
1769889600,77756.1,79230.8,77079.5,78738.9,2029.18084439
1769904000,78739.0,79422.0,78289.4,78864.1,938.10542826
1769918400,78864.1,79116.0,77967.6,78358.1,1271.01829999
1769932800,78358.0,79232.0,78150.6,78754.8,864.12069493
1769947200,78754.9,78774.7,76780.0,77600.9,1859.38516811
1769961600,77601.9,78443.4,77001.0,77176.1,1048.27344447
1769976000,77176.0,77796.8,75715.3,76978.0,2477.58215373
1769990400,76978.0,78153.7,74612.0,76298.4,3523.49876359
1770004800,76306.0,76950.0,74908.3,76648.0,2754.93111296
1770019200,76649.0,77969.9,76621.2,77761.0,2008.3631017
1770033600,77761.0,79335.5,77554.5,78851.7,3069.21235388
1770048000,78845.1,79292.0,78277.7,78326.7,1642.46907279
1770062400,78325.9,78972.4,77890.7,78737.9,998.90284248
1770076800,78734.1,79196.9,77636.2,78747.2,814.08059322
1770091200,78750.0,78999.0,77936.7,78779.8,1879.47448088
1770105600,78779.8,79079.6,77942.9,78080.0,1169.95056683
1770120000,78081.0,78463.3,77057.0,78134.1,1709.01002619
1770134400,78134.1,78140.0,72917.8,74940.1,4710.53568276
1770148800,74940.0,76969.0,74583.4,75778.0,1750.94080358
1770163200,75778.0,76974.4,75469.3,76707.1,939.64006839
1770177600,76707.1,76843.7,76110.8,76522.0,1278.45282323
1770192000,76522.0,76615.1,75675.6,76025.0,1233.23522186
1770206400,76025.1,76271.4,73801.0,74140.1,2578.06241763
1770220800,74142.4,74242.3,72140.0,73923.1,3431.10026025
1770235200,73926.0,74156.3,71877.5,73168.1,1672.19199102
1770249600,73166.0,73333.0,71150.4,71226.0,2556.40744161
1770264000,71226.1,71629.4,70146.0,70755.1,3603.64838466
1770278400,70755.8,71974.9,69900.0,70324.1,2775.75116459
1770292800,70327.1,70874.0,66700.3,67482.9,7657.3036691
1770307200,67488.0,68688.0,65191.5,65264.9,6430.39151776
1770321600,65266.5,65704.1,62277.0,62913.2,10644.01379147
1770336000,62913.1,66000.0,60000.0,64175.3,10946.1319679
1770350400,64175.3,66818.7,63962.0,64851.4,4796.75437229
1770364800,64851.4,66767.2,64472.1,66623.3,3697.50331151
1770379200,66623.2,69190.9,66111.0,68629.0,4721.63239805
1770393600,68629.0,71500.0,68424.3,70731.0,4639.48528419
1770408000,70730.1,71745.8,69835.5,70571.8,2163.8503732
1770422400,70569.6,70920.1,69709.8,70920.0,1601.42169226
1770436800,70920.0,71690.0,67350.0,68096.9,4562.47263269
1770451200,68098.1,68800.0,67611.7,67984.8,2141.91632744
1770465600,67984.8,70000.9,67915.3,69159.9,2360.07025244
1770480000,69159.9,69888.0,68548.7,69371.9,2243.53164968
1770494400,69371.8,69733.3,68782.0,69296.3,714.65648687
1770508800,69296.1,69707.9,68888.9,69101.1,773.35879831
1770523200,69101.1,69709.3,68971.0,69701.9,845.81252218
1770537600,69701.9,71213.5,69507.9,70988.0,1755.866253
1770552000,70989.0,71553.0,70700.0,71181.5,1348.25886776
1770566400,71181.5,71525.4,70255.1,71421.2,861.36357012
1770580800,71423.0,72288.0,70000.0,70334.0,1468.44420086
1770595200,70332.8,71444.9,70062.8,71305.4,1187.91691931
1770609600,71305.4,71363.1,70317.4,70423.9,1139.5629531
1770624000,70423.9,70610.4,68428.5,68935.0,1874.60462587
1770638400,68935.1,69868.8,68309.4,69567.1,1656.82412169
1770652800,69564.1,71069.6,69100.0,70962.5,1347.78964843
1770667200,70959.0,71125.5,69815.9,70136.4,833.6499507
1770681600,70141.0,70533.2,69202.7,69515.7,806.04163992
1770696000,69515.6,69907.9,68680.6,68924.0,1200.86862584
1770710400,68923.9,69422.2,68466.0,68530.9,1055.62479943
1770724800,68530.2,69588.5,67911.6,69288.1,2037.70852944
1770739200,69288.2,69990.0,68619.2,69068.8,982.09154214
1770753600,69068.8,69143.0,68363.7,68841.3,678.43534788
1770768000,68841.3,69291.6,68000.1,68187.9,788.41623575
1770782400,68187.7,68326.1,66560.0,67039.5,2193.06405987
1770796800,67039.6,67125.0,66380.1,67067.9,945.56248756
1770811200,67067.6,68832.4,65759.1,66522.0,3559.15437553
1770825600,66518.5,67854.8,65877.6,67588.1,1608.2366844
1770840000,67588.0,68360.7,66789.1,67081.7,1092.97179298
1770854400,67085.8,68047.3,67051.6,67588.0,901.51202809
1770868800,67588.1,67682.3,66653.9,67212.2,1210.06449945
1770883200,67212.3,68296.0,66894.1,68078.5,1428.35909614
1770897600,68077.6,68421.6,67005.0,67131.0,1724.69671472
1770912000,67133.0,67235.2,65120.1,65793.9,2558.58350988
1770926400,65794.0,66488.0,65220.1,66281.4,655.70148646
1770940800,66277.2,66800.0,65871.9,66557.1,750.89930772
1770955200,66556.9,66677.8,66009.8,66215.7,1089.95431013
1770969600,66215.8,67231.8,66195.7,67177.0,1660.20042481
1770984000,67175.9,69310.0,66866.6,68704.0,2938.8235457
1770998400,68698.6,69486.5,68536.5,68939.9,1407.07590438
1771012800,68939.7,69078.0,68686.3,68850.0,578.18756047
1771027200,68850.9,69136.5,68766.7,68976.8,638.76520722
1771041600,68976.8,69333.3,68730.0,69208.7,792.5853588
1771056000,69208.6,70576.8,69203.8,70511.0,1176.98152689
1771070400,70503.1,70533.6,69200.0,69793.3,1424.92739019
1771084800,69793.3,69931.6,69295.0,69872.6,348.46145537
1771099200,69872.7,70250.0,69643.1,69821.7,468.24361999
1771113600,69821.8,69989.9,69253.7,69950.1,525.0533008
1771128000,69952.0,70919.5,69921.2,70823.1,1159.68092227
1771142400,70823.1,70969.2,70169.4,70294.0,650.81044127
1771156800,70294.0,70417.5,68776.6,69094.9,1159.43241079
1771171200,69096.0,69103.5,68060.0,68294.8,1308.9439101
1771185600,68294.8,69083.3,68129.8,68837.9,527.59463569
1771200000,68838.0,69073.1,68153.9,68426.4,482.14168581
1771214400,68426.5,68897.7,68235.2,68592.5,514.09560341
1771228800,68592.5,69060.9,68344.1,68813.3,536.27183293
1771243200,68813.3,70118.0,67288.0,67538.9,2307.99143048
1771257600,67541.8,68241.0,67510.6,67915.2,700.50841619
1771272000,67915.2,68984.0,67830.3,68895.1,560.90354354
1771286400,68895.1,69249.1,68387.5,68476.1,578.1650138
1771300800,68476.1,68711.1,67901.2,68383.6,535.73259445
1771315200,68387.0,68480.0,67691.0,67855.0,611.56377816
1771329600,67855.1,68368.1,66622.8,67398.0,1564.22542146
1771344000,67397.5,68239.9,66869.0,67800.8,1181.73209986
1771358400,67800.1,67942.0,67392.3,67509.0,336.36213615
1771372800,67509.0,67708.5,66869.3,67623.6,466.89331733
1771387200,67623.6,68221.4,67497.0,68113.1,631.62314533
1771401600,68113.1,68470.9,67083.3,67372.7,762.67354258
1771416000,67372.8,68344.6,66718.8,67695.9,1342.51954749
1771430400,67696.0,67711.3,65876.1,66181.3,1577.63365451
1771444800,66181.4,66550.0,66078.2,66466.6,601.87592209
1771459200,66465.4,66995.3,66346.1,66980.0,521.93998691
1771473600,66980.0,67326.4,66690.0,67214.1,745.36179202
1771488000,67214.0,67214.0,66480.1,66507.5,698.91194445
1771502400,66507.6,66752.8,65641.2,66408.5,1918.76796452
1771516800,66407.1,67201.0,65898.5,67056.9,1083.42519466
1771531200,67054.2,67173.5,66656.2,67003.2,380.69561305
1771545600,67002.3,67485.7,66947.8,67360.9,648.27066177
1771560000,67361.0,68015.9,67116.1,67823.3,970.79260867
1771574400,67823.2,68333.3,67289.7,67327.8,1097.67300106
1771588800,67327.9,68096.4,66458.3,67579.2,2409.78526764
1771603200,67579.3,68000.0,66963.1,67644.5,1720.3613021
1771617600,67645.0,68239.5,67521.0,68014.0,542.42572053
1771632000,68014.1,68098.1,67540.0,67673.8,471.71367532
1771646400,67673.9,67930.0,67592.0,67858.9,276.0146831
1771660800,67858.9,68315.3,67812.1,68092.9,613.95563507
1771675200,68092.9,68706.9,67918.1,68615.0,707.23115449
1771689600,68617.1,68666.8,68105.3,68554.3,546.35905233
1771704000,68554.3,68610.0,67895.6,67977.1,777.12119524
1771718400,67977.2,68227.5,67810.0,68047.8,497.57207737
1771732800,68047.8,68198.8,67877.9,68008.4,226.97882273
1771747200,68008.3,68246.4,67907.7,68217.0,371.97386929
1771761600,68217.0,68234.0,67305.7,67691.3,1123.31800779
1771776000,67691.3,67726.5,67187.8,67425.1,451.55592882
1771790400,67425.1,67746.6,67344.5,67637.0,337.04790679
1771804800,67637.1,67686.1,64280.0,64935.1,4378.95288028
1771819200,64935.1,66018.8,64680.0,65961.0,1654.00532879
1771833600,65960.0,66600.0,65574.2,66211.5,1307.57283467
1771848000,66211.6,66521.4,65515.1,65660.0,1692.35837398
1771862400,65658.1,65728.7,64072.7,64290.1,2371.38404465
1771876800,64290.1,65016.0,63888.0,64658.1,1273.1040303
1771891200,64658.1,65007.9,63337.7,63593.4,2155.95016456
1771905600,63593.5,63632.0,62709.0,63201.0,2320.87744499
1771920000,63201.0,63437.2,62927.2,63226.0,966.33866129
1771934400,63226.1,64026.2,62500.2,63972.4,1894.06165364
1771948800,63972.4,64738.0,63700.0,64431.1,1352.16177363
1771963200,64431.1,64584.5,63828.5,64057.6,582.42988527
1771977600,64060.0,66312.5,63910.1,65397.8,2643.94845927
1771992000,65397.8,65658.4,64757.2,65027.0,1510.13923435
1772006400,65026.9,65694.6,64962.3,65426.0,1152.54427415
1772020800,65425.9,67571.2,65320.0,67403.1,3020.54115853
1772035200,67403.0,69545.4,67386.3,69036.4,3277.06156647
1772049600,69038.1,69999.9,67600.0,67989.9,1941.23975607
1772064000,67990.0,68706.1,67735.0,68217.0,1255.44221138
1772078400,68217.1,68854.8,67816.4,67827.3,1549.6796007
1772092800,67827.2,68714.2,67800.0,68042.5,1890.4731161
1772107200,68042.5,68299.9,66766.4,67379.8,2172.87018801
1772121600,67379.8,67927.8,66500.0,67587.6,1821.05219905
1772136000,67587.6,67820.5,67148.7,67482.3,744.27141733
1772150400,67482.3,67704.4,66883.5,67596.3,1675.59186234
1772164800,67596.3,68221.0,67463.5,67681.2,1712.86211823
1772179200,67681.1,68139.5,65959.0,66125.9,2743.05028651
1772193600,66125.9,66344.0,65667.6,66100.8,1901.44587628
1772208000,66100.7,66125.7,65118.0,65397.1,1335.92450691
1772222400,65397.1,65950.0,64924.0,65873.2,612.94283009
1772236800,65873.2,66016.0,65719.4,65794.5,375.83679528
1772251200,65794.5,65817.9,63020.1,63833.6,4088.80018427
1772265600,63831.7,64300.0,63365.1,63844.9,1742.60723711
1772280000,63845.6,65373.6,63829.5,64837.1,2001.72396312
1772294400,64837.0,66679.4,64677.9,66358.7,1300.59729343
1772308800,66354.0,67758.9,66185.0,66969.0,1542.32349809
1772323200,66969.1,68194.4,66057.1,67504.1,2227.6179585
1772337600,67504.1,67611.9,66774.7,67139.4,1332.14867499
1772352000,67139.4,67299.9,66205.5,66468.5,1214.88534097
1772366400,66468.5,67363.7,66130.8,66841.6,1365.86572397
1772380800,66844.4,67111.5,65717.4,65960.1,1767.34295058
1772395200,65960.0,66495.0,65051.5,65770.6,1716.75116344
1772409600,65771.2,67083.5,65757.5,66819.9,1409.05975638
1772424000,66820.0,66997.0,65541.0,66018.6,946.6104248
1772438400,66018.7,66724.1,65654.2,66371.9,1002.27061169
1772452800,66371.9,69603.8,65276.0,69117.1,3816.49527219
1772467200,69117.2,70100.0,68558.7,68959.9,2446.03395057
1772481600,68958.5,69532.7,68553.1,68832.3,1190.73203828
1772496000,68832.2,69250.0,68218.9,68374.6,1069.71949423
1772510400,68375.0,68569.2,67788.1,68169.9,1862.97492114
1772524800,68169.9,68307.6,66344.7,67031.5,2248.44687423
1772539200,67031.4,67967.3,66149.5,67724.9,2212.45699329
1772553600,67722.2,68990.0,67483.6,68435.3,2404.53323597
1772568000,68436.8,68860.0,67813.5,68332.0,952.90178525
1772582400,68332.0,68897.7,67401.1,67729.1,1032.91707963
1772596800,67727.1,69653.9,67461.3,69490.9,2227.06736078
1772611200,69491.0,71900.0,69137.4,71111.4,5818.04142515
1772625600,71111.3,73476.0,70594.5,73391.9,3752.14288943
1772640000,73392.0,74096.0,72537.3,73617.9,2911.08497277
1772654400,73618.4,73719.7,72320.1,72678.3,1159.77011788
1772668800,72678.4,73298.6,72334.4,72499.9,930.42573907
1772683200,72500.0,73106.9,71786.0,72063.0,1768.58189258
1772697600,72063.0,73559.7,71753.9,72927.6,3033.74241433
1772712000,72927.6,73076.7,71156.2,71647.0,2410.83506504
1772726400,71648.3,71650.9,70644.5,70917.6,1789.30914822
1772740800,70917.7,71566.0,70786.2,70884.4,1031.47232537
1772755200,70886.0,71419.3,70386.4,71082.1,1109.80699982
1772769600,71081.1,71182.2,70140.8,71062.7,2454.62446316
1772784000,71062.7,71069.0,70193.8,70214.3,1640.1751521
1772798400,70211.8,70346.1,68171.6,68492.1,3453.14268877
1772812800,68492.2,68791.6,67745.2,68125.4,1748.6724281
1772827200,68125.5,68436.8,67777.0,68117.1,731.93419154
1772841600,68116.6,68544.8,68058.0,68100.0,394.38283678
1772856000,68100.1,68152.0,67433.6,67855.0,1804.95257931
1772870400,67855.1,68236.1,67726.9,68003.6,872.02412365
1772884800,68003.7,68090.3,67619.0,67880.9,506.95804649
1772899200,67881.0,67949.3,66919.1,67084.4,580.00580419
1772913600,67081.1,67478.0,67070.0,67263.0,300.42306704
1772928000,67263.1,67490.0,66840.0,67010.0,527.90419747
1772942400,67010.1,67460.0,66543.1,67318.0,821.40741317
1772956800,67315.4,68195.4,67154.3,67516.0,1190.34801825
1772971200,67516.0,67659.5,66807.0,67209.0,865.67216399
1772985600,67208.1,67463.9,66748.1,67333.1,462.2776286
1773000000,67333.0,67529.0,65616.3,65973.2,1474.07991167
1773014400,65973.2,67670.0,65833.3,67204.5,1418.60362965
1773028800,67204.5,68062.0,66880.0,67554.1,1442.24345949
1773043200,67554.1,68452.0,67324.8,67757.5,3804.42922854
1773057600,67757.5,69477.4,67751.9,68866.2,2390.02970722
1773072000,68865.7,69522.0,68234.0,68985.7,1475.21611518
1773086400,68985.1,69145.6,68373.7,68423.3,741.64222242
1773100800,68423.2,70589.6,68389.9,69430.0,2092.30427313
1773115200,69430.1,70529.2,69430.1,70396.7,1419.49038422
1773129600,70397.1,71293.0,70373.1,70601.2,1433.24635365
1773144000,70595.0,71782.3,69277.0,71344.1,2233.7372289
1773158400,71344.0,71696.7,69720.0,70052.6,1703.49996046
1773172800,70040.9,70410.0,69454.5,69950.0,685.65813347
1773187200,69950.0,70166.0,69491.7,69550.5,637.04323566
1773201600,69552.8,69705.3,69500.1,69679.0,62.77363183
