timestamp,open,high,low,close,volume
1640995200,26.669,27.449,26.669,27.181,369492.01146
1641009600,27.184,27.515,26.839,27.361,368862.863672
1641024000,27.359,27.428,26.86,27.031,323969.558461
1641038400,27.036,27.723,26.919,27.591,351603.625641
1641052800,27.594,28.077,27.465,27.961,515495.237962
1641067200,27.962,28.631,27.962,28.599,476628.544165
1641081600,28.592,28.627,28.061,28.188,387564.807941
1641096000,28.19,28.5,27.822,28.346,456107.016458
1641110400,28.353,28.931,28.181,28.896,474609.969232
1641124800,28.899,29.811,28.664,29.712,803653.053023
1641139200,29.707,30.625,29.268,29.915,1386057.458369
1641153600,29.915,30.141,29.585,29.689,532325.074186
1641168000,29.689,30.289,28.748,28.813,951224.824817
1641182400,28.791,29.111,28.626,28.895,660872.718085
1641196800,28.901,30.081,28.778,30.013,755503.896896
1641211200,30.014,30.901,29.775,30.163,1300056.211503
1641225600,30.15,30.33,29.171,29.895,1096175.351142
1641240000,29.895,30.696,29.27,30.104,1005225.372018
1641254400,30.108,30.586,29.547,29.863,1101859.809518
1641268800,29.869,30.158,29.672,29.836,716771.954527
1641283200,29.836,30.064,29.25,30.021,892728.778669
1641297600,30.029,30.308,29.484,29.74,1217886.970505
1641312000,29.743,30.116,28.733,29.181,1245615.036286
1641326400,29.19,29.599,28.68,28.686,633216.964093
1641340800,28.689,29.526,28.395,29.437,694522.26111
1641355200,29.441,29.938,29.289,29.693,458241.264474
1641369600,29.69,30.39,29.5,29.785,851717.980512
1641384000,29.769,30.306,29.511,30.039,970828.098013
1641398400,30.043,30.067,27.81,28.0,1458050.601645
1641412800,27.982,28.169,25.06,26.697,2758898.963562
1641427200,26.716,26.961,25.57,25.59,1294592.374595
1641441600,25.596,26.435,25.5,26.408,1236107.502753
1641456000,26.398,26.438,25.61,25.94,1159885.467597
1641470400,25.936,26.385,25.582,26.11,1193001.58783
1641484800,26.115,27.309,25.939,27.173,991888.970862
1641499200,27.177,27.347,26.596,26.706,777079.046417
1641513600,26.711,26.852,25.0,25.083,1279733.937722
1641528000,25.085,25.358,24.236,24.924,1737788.414384
1641542400,24.933,26.038,24.826,25.515,1197704.842969
1641556800,25.512,25.925,24.454,25.053,1804649.349365
1641571200,25.05,26.024,24.592,25.491,1263836.607182
1641585600,25.5,25.645,24.726,24.897,647762.01753
1641600000,24.904,25.479,24.78,25.332,725426.750914
1641614400,25.333,25.546,25.136,25.309,468356.597481
1641628800,25.307,25.487,25.027,25.24,591514.300218
1641643200,25.243,25.3,24.482,24.656,720374.294363
1641657600,24.66,24.845,23.121,23.403,1698237.631715
1641672000,23.404,24.499,23.227,23.991,1051778.843664
1641686400,23.987,24.527,23.678,24.117,773653.049654
1641700800,24.114,24.381,24.01,24.071,397764.407148
1641715200,24.075,24.883,23.756,24.709,685483.507169
1641729600,24.719,24.808,24.081,24.382,568651.584005
1641744000,24.391,25.32,24.323,25.257,780282.560557
1641758400,25.277,25.309,24.458,24.639,529538.318935
1641772800,24.634,24.949,24.341,24.903,569588.42167
1641787200,24.902,25.214,24.821,24.967,462583.477845
1641801600,24.97,25.034,24.248,24.349,565642.700167
1641816000,24.345,24.412,22.4,23.293,2291795.286613
1641830400,23.296,24.035,22.796,23.23,1702027.236918
1641844800,23.248,23.799,23.086,23.711,667058.014167
1641859200,23.727,24.29,23.49,24.285,676319.359462
1641873600,24.288,24.38,23.864,24.226,415659.590531
1641888000,24.234,24.505,23.705,23.901,615040.912975
1641902400,23.901,24.847,23.83,24.796,971410.678621
1641916800,24.798,26.036,24.798,25.68,1312405.040441
1641931200,25.686,25.773,25.397,25.559,396161.355494
1641945600,25.56,25.897,25.456,25.724,467565.717181
1641960000,25.726,26.178,25.553,25.771,474773.208929
1641974400,25.769,26.387,25.709,26.152,782431.5781
1641988800,26.151,27.403,26.12,27.115,1330440.32292
1642003200,27.118,27.508,26.799,27.351,671409.389744
1642017600,27.371,27.572,27.172,27.319,423262.747518
1642032000,27.321,27.682,26.46,26.598,644952.164793
1642046400,26.598,27.122,26.574,26.835,370725.478239
1642060800,26.836,27.157,26.561,26.688,498461.508631
1642075200,26.683,27.492,26.12,26.433,1177367.097867
1642089600,26.438,26.76,25.94,26.08,942560.547515
1642104000,26.085,26.255,25.714,25.798,578595.302719
1642118400,25.792,27.698,25.537,27.296,1197627.663255
1642132800,27.296,27.472,26.795,26.948,820820.769885
1642147200,26.952,26.975,26.115,26.338,1019772.685128
1642161600,26.332,27.488,26.058,27.245,1234767.932899
1642176000,27.249,27.335,26.791,27.038,684366.82501
1642190400,27.043,27.876,26.97,27.743,609650.801235
1642204800,27.742,27.861,27.204,27.415,484884.92819
1642219200,27.417,27.452,27.05,27.279,316061.398087
1642233600,27.278,27.614,27.196,27.383,313639.101169
1642248000,27.385,27.447,26.83,27.398,599168.374081
1642262400,27.398,28.399,27.358,28.262,602085.892574
1642276800,28.257,28.391,27.6,27.6,478728.212266
1642291200,27.6,28.466,27.566,28.173,616138.065464
1642305600,28.169,28.361,27.778,28.147,486369.639562
1642320000,28.156,28.442,27.778,27.847,504582.160084
1642334400,27.846,28.163,27.267,27.772,881043.336645
1642348800,27.793,28.235,27.584,27.63,487528.88069
1642363200,27.619,27.808,27.407,27.686,325251.949012
1642377600,27.691,27.754,26.48,26.502,1003631.758521
1642392000,26.51,26.919,26.23,26.647,666858.615954
1642406400,26.65,26.878,26.485,26.539,481178.599317
1642420800,26.535,26.652,25.877,25.983,704479.301116
1642435200,25.981,26.226,25.511,25.804,862870.461937
1642449600,25.81,25.884,25.102,25.688,752421.748431
1642464000,25.694,26.066,25.317,25.437,733360.273759
1642478400,25.429,25.557,25.108,25.367,569609.397536
1642492800,25.366,25.372,24.458,24.933,874888.922247
1642507200,24.931,24.997,24.25,24.603,866793.679674
1642521600,24.6,24.961,24.472,24.87,550690.350266
1642536000,24.874,25.366,24.661,25.136,556208.691345
1642550400,25.131,25.304,24.458,24.601,638713.410692
1642564800,24.616,24.767,23.686,23.861,689702.758083
1642579200,23.862,24.418,23.736,24.411,787693.289084
1642593600,24.41,24.8,24.152,24.32,755208.488345
1642608000,24.312,24.49,23.932,24.288,555708.371433
1642622400,24.279,24.37,23.988,24.056,325761.031953
1642636800,24.061,24.564,23.957,24.409,380930.581149
1642651200,24.416,24.795,24.383,24.619,345396.726765
1642665600,24.62,24.686,24.301,24.515,394260.97304
1642680000,24.519,25.602,24.356,25.389,952905.794754
1642694400,25.408,25.544,24.935,24.984,615237.195773
1642708800,24.979,25.027,22.845,22.993,1652238.031465
1642723200,22.99,23.486,21.873,22.058,1779806.704785
1642737600,22.052,22.592,22.047,22.454,922168.877144
1642752000,22.453,22.678,22.193,22.331,762106.626288
1642766400,22.344,22.361,21.059,22.102,1871329.551972
1642780800,22.098,22.254,21.536,21.557,1006437.238786
1642795200,21.565,21.757,19.041,19.672,3035862.980994
1642809600,19.658,20.154,19.238,19.528,1621695.02868
1642824000,19.512,19.674,17.116,17.301,2595624.393561
1642838400,17.31,18.871,16.0,18.436,3528156.624593
1642852800,18.434,19.309,17.526,17.595,2082802.160865
1642867200,17.606,18.4,17.187,17.559,2151615.267961
1642881600,17.555,18.893,17.435,18.263,1342798.580714
1642896000,18.264,18.92,18.038,18.259,1046822.095979
1642910400,18.262,18.857,17.917,18.708,1021433.497781
1642924800,18.704,19.192,18.511,18.611,1498480.118687
1642939200,18.61,18.944,17.737,18.111,1316690.026553
1642953600,18.123,18.353,17.725,17.888,1056986.369897
1642968000,17.887,19.058,17.774,18.814,1070405.307856
1642982400,18.818,18.82,17.683,17.85,887204.182573
1642996800,17.851,17.976,17.078,17.182,909629.710712
1643011200,17.187,17.615,16.186,16.423,2849636.537032
1643025600,16.423,17.1,15.83,17.007,3136471.21806
1643040000,17.005,17.815,16.63,17.555,2381532.14059
1643054400,17.55,18.375,17.491,18.012,1371217.678956
1643068800,18.013,18.1,17.645,17.883,859157.390301
1643083200,17.883,17.946,17.371,17.717,695728.907179
1643097600,17.71,18.375,17.67,18.158,947815.754437
1643112000,18.166,18.936,17.774,18.503,1658305.590263
1643126400,18.507,19.04,18.396,18.729,1225398.394409
1643140800,18.723,18.753,18.213,18.303,758354.904236
1643155200,18.31,18.836,18.166,18.798,706309.834153
1643169600,18.799,19.014,18.429,18.631,627445.60209
1643184000,18.639,19.002,18.637,18.969,802466.255668
1643198400,18.968,19.481,18.593,19.179,1269901.432537
1643212800,19.179,20.066,18.388,18.927,2892681.501647
1643227200,18.928,18.929,17.521,18.077,1691772.331578
1643241600,18.073,18.2,17.134,17.356,1255136.087447
1643256000,17.358,17.69,17.308,17.564,763808.531526
1643270400,17.564,18.023,17.406,17.967,796927.874126
1643284800,17.964,18.416,17.812,18.108,1050249.613485
1643299200,18.108,18.285,17.709,17.902,908040.991565
1643313600,17.907,18.194,17.268,18.116,1198017.149833
1643328000,18.114,18.492,17.72,18.343,813422.308899
1643342400,18.351,18.469,17.865,17.904,629765.563056
1643356800,17.903,18.064,17.5,17.65,856371.509327
1643371200,17.656,17.999,17.35,17.938,1133547.933311
1643385600,17.939,18.297,17.726,17.959,873377.133425
1643400000,17.959,18.442,17.858,18.34,671754.574731
1643414400,18.34,18.513,18.079,18.43,428965.642466
1643428800,18.43,18.797,18.367,18.736,370001.50179
1643443200,18.739,18.786,18.501,18.567,262653.187183
1643457600,18.565,18.916,18.26,18.419,614680.953375
1643472000,18.417,18.745,18.254,18.627,482018.22047
1643486400,18.626,19.067,18.553,18.742,681184.204084
1643500800,18.741,18.744,18.395,18.555,375426.329951
1643515200,18.558,19.0,18.509,18.872,514555.762595
1643529600,18.871,18.984,18.7,18.855,446191.644122
1643544000,18.854,18.93,18.348,18.509,433264.165456
1643558400,18.518,18.629,17.863,17.947,546046.724742
1643572800,17.941,18.367,17.8,18.151,605666.409548
1643587200,18.145,18.197,17.367,17.535,812545.2626
1643601600,17.527,17.541,17.124,17.513,524309.641374
1643616000,17.516,17.823,17.476,17.69,418071.585865
1643630400,17.69,18.71,17.459,18.666,907812.910382
1643644800,18.67,19.196,18.436,19.11,1418022.633732
1643659200,19.113,19.6,19.042,19.377,892705.240091
1643673600,19.378,19.87,19.167,19.767,571965.586681
1643688000,19.765,19.773,19.249,19.42,436257.226538
1643702400,19.428,19.787,19.145,19.597,861433.515561
1643716800,19.591,19.91,19.28,19.673,970162.276883
1643731200,19.675,20.005,19.551,19.629,854018.784765
1643745600,19.626,19.879,19.548,19.57,523357.857028
1643760000,19.568,20.58,19.452,20.324,779383.341148
1643774400,20.314,20.352,19.969,20.043,508214.432253
1643788800,20.049,20.46,19.93,20.396,452847.274126
1643803200,20.397,20.56,19.168,19.224,1179678.218683
1643817600,19.221,19.607,18.824,19.499,894525.996458
1643832000,19.495,19.524,18.527,18.763,1133852.77645
1643846400,18.763,18.887,18.277,18.349,805058.348837
1643860800,18.348,18.597,18.298,18.553,321308.339664
1643875200,18.548,18.712,18.035,18.34,726342.002894
1643889600,18.343,18.689,17.975,18.59,899640.278507
1643904000,18.59,18.738,18.219,18.313,644998.442034
1643918400,18.315,18.957,18.169,18.919,706073.20286
1643932800,18.915,18.961,18.745,18.82,411082.329429
1643947200,18.821,19.401,18.72,19.201,619523.474026
1643961600,19.208,19.56,19.201,19.303,563517.284589
1643976000,19.302,19.895,18.905,19.687,1443836.175177
1643990400,19.686,20.355,19.666,20.246,1083737.488249
1644004800,20.248,20.541,20.017,20.487,566941.266292
1644019200,20.493,22.118,20.315,21.764,1072235.466244
1644033600,21.764,22.285,21.674,21.699,1073503.91378
1644048000,21.694,22.0,21.518,21.633,555309.437974
1644062400,21.634,21.95,21.463,21.821,665081.84391
1644076800,21.82,21.875,20.868,21.194,823560.86839
1644091200,21.192,21.512,21.077,21.331,366853.625886
1644105600,21.329,21.901,21.318,21.48,430977.508739
1644120000,21.479,21.582,21.05,21.406,469560.99551
1644134400,21.397,21.527,21.214,21.318,331536.781659
1644148800,21.32,21.967,20.783,21.108,902652.320053
1644163200,21.112,21.382,21.0,21.304,541849.237517
1644177600,21.303,21.932,21.088,21.902,582642.236274
1644192000,21.911,22.28,21.391,22.198,815164.427123
1644206400,22.197,22.471,22.072,22.216,671285.610068
1644220800,22.222,22.526,21.814,22.415,672827.620612
1644235200,22.411,22.608,21.627,22.579,1213737.02195
1644249600,22.576,22.7,22.207,22.416,903295.451523
1644264000,22.42,22.6,22.212,22.365,523761.62321
1644278400,22.362,22.91,21.884,22.648,915196.740995
1644292800,22.647,23.2,22.5,22.5,1175876.368481
1644307200,22.501,22.57,21.327,21.736,1366856.955582
1644321600,21.735,21.735,21.087,21.423,1307759.219278
1644336000,21.423,21.544,21.063,21.228,1008519.937896
1644350400,21.229,21.77,21.18,21.669,905784.798134
1644364800,21.668,21.865,21.197,21.298,484578.651495
1644379200,21.298,21.633,21.051,21.557,404453.117236
1644393600,21.562,21.81,21.334,21.777,501798.891088
1644408000,21.777,22.197,21.709,21.934,763396.268509
1644422400,21.932,22.178,21.789,22.113,541094.802533
1644436800,22.108,22.245,21.861,21.942,416609.357471
1644451200,21.937,22.02,21.446,21.51,462174.517268
1644465600,21.51,21.792,21.468,21.792,276986.349488
1644480000,21.794,22.459,21.683,22.249,684534.050001
1644494400,22.244,22.327,20.55,21.724,2432743.028035
1644508800,21.727,22.007,20.867,20.892,1147922.802453
1644523200,20.898,21.054,20.49,20.503,704295.68321
1644537600,20.509,20.698,20.032,20.441,777984.950488
1644552000,20.439,20.55,20.167,20.521,455210.048989
1644566400,20.521,20.691,20.266,20.447,514273.91569
1644580800,20.449,20.723,20.334,20.526,770949.447742
1644595200,20.521,20.563,19.3,19.541,1248933.37468
1644609600,19.534,19.601,18.582,18.974,1017498.001917
1644624000,18.976,19.147,18.631,18.751,448452.87017
1644638400,18.753,18.979,18.251,18.695,610584.968441
1644652800,18.699,18.991,18.462,18.921,655618.698275
1644667200,18.915,18.935,18.41,18.772,567761.911564
1644681600,18.768,19.421,18.656,18.989,797412.766545
1644696000,18.994,19.135,18.49,18.825,620958.131616
1644710400,18.83,19.176,18.686,19.129,398546.422622
1644724800,19.127,19.284,18.953,19.086,271840.385478
1644739200,19.09,19.184,18.819,19.043,298712.165047
1644753600,19.044,19.156,18.7,19.017,363920.509345
1644768000,19.022,19.04,18.391,18.518,574934.650869
1644782400,18.524,18.919,18.453,18.735,413565.307797
1644796800,18.743,18.896,18.024,18.277,644759.217264
1644811200,18.275,18.424,18.038,18.424,455004.688686
1644825600,18.424,18.499,18.16,18.313,489912.817337
1644840000,18.316,18.934,18.111,18.684,793297.720475
1644854400,18.689,18.912,18.327,18.435,784654.678462
1644868800,18.438,18.82,18.343,18.699,404853.487811
1644883200,18.693,19.342,18.637,19.194,571809.432155
1644897600,19.197,19.406,19.113,19.373,402088.221422
1644912000,19.374,19.874,19.373,19.703,712854.010247
1644926400,19.706,20.151,19.648,19.994,562584.990362
1644940800,19.996,20.018,19.585,19.776,407647.77618
1644955200,19.772,20.336,19.744,20.176,339560.208881
1644969600,20.177,20.177,19.754,19.812,294532.324294
1644984000,19.808,19.93,19.414,19.905,284744.962592
1644998400,19.909,19.988,19.577,19.756,253015.42837
1645012800,19.757,19.813,19.06,19.254,638247.467027
1645027200,19.257,20.119,19.099,20.09,546810.989413
1645041600,20.094,20.191,19.709,19.768,475376.026758
1645056000,19.767,20.007,19.365,19.372,281320.629509
1645070400,19.371,19.58,19.132,19.528,315987.143745
1645084800,19.526,19.599,18.982,19.112,662946.805279
1645099200,19.114,19.22,18.432,18.609,874471.767633
1645113600,18.612,18.747,17.907,18.302,1008911.463573
1645128000,18.297,18.297,17.802,18.159,583252.891743
1645142400,18.163,18.398,17.964,18.386,544733.329709
1645156800,18.386,18.542,18.25,18.399,347778.875866
1645171200,18.407,18.61,18.047,18.138,467227.542044
1645185600,18.146,18.381,17.61,17.866,985373.43135
1645200000,17.865,18.14,17.617,17.984,724515.900907
1645214400,17.986,18.031,17.637,17.818,350770.387864
1645228800,17.814,18.132,17.743,17.99,178895.138044
1645243200,17.993,18.225,17.956,18.077,226133.244026
1645257600,18.081,18.11,17.358,17.535,393815.607213
1645272000,17.535,17.81,17.339,17.775,381480.190564
1645286400,17.775,18.003,17.583,17.614,362102.968369
1645300800,17.611,17.915,17.522,17.844,196792.838487
1645315200,17.845,17.864,17.383,17.439,242171.245783
1645329600,17.441,17.469,16.666,16.992,795750.084646
1645344000,16.994,17.179,16.714,17.158,773980.753609
1645358400,17.161,17.364,16.688,16.978,688724.178877
1645372800,16.976,17.105,16.723,17.029,383067.550461
1645387200,17.029,17.279,16.715,16.911,405938.911217
1645401600,16.906,17.536,16.811,17.293,488799.722266
1645416000,17.295,17.665,17.295,17.65,355600.926891
1645430400,17.646,17.734,16.479,16.667,701551.129725
1645444800,16.667,17.551,16.31,17.126,1539674.410898
1645459200,17.126,17.298,16.38,16.67,1199265.057536
1645473600,16.675,16.781,16.027,16.185,1425732.024526
1645488000,16.182,16.464,15.8,15.901,1239249.735754
1645502400,15.908,16.218,15.834,15.914,759272.333976
1645516800,15.92,16.494,15.901,16.339,788536.086144
1645531200,16.339,16.722,16.165,16.538,918717.789072
1645545600,16.538,16.613,16.041,16.366,728807.127834
1645560000,16.367,16.653,16.147,16.602,545010.155144
1645574400,16.605,16.711,16.094,16.217,650071.276419
1645588800,16.218,16.962,16.181,16.936,843429.002556
1645603200,16.937,17.392,16.869,17.231,990825.195357
1645617600,17.234,17.513,16.932,16.966,897675.132173
1645632000,16.973,17.378,16.269,16.286,1002575.171459
1645646400,16.285,16.325,15.919,15.973,830990.185053
1645660800,15.974,16.175,14.666,14.824,1968808.416666
1645675200,14.823,15.046,14.109,14.519,2663126.29654
1645689600,14.511,14.81,14.041,14.393,1782018.782026
1645704000,14.399,15.538,14.247,15.391,2200555.546435
1645718400,15.391,16.112,15.121,16.068,1478304.585816
1645732800,16.063,16.754,15.684,16.165,1565425.585765
1645747200,16.165,16.348,15.868,16.217,902301.997025
1645761600,16.214,16.255,15.843,16.117,667299.841852
1645776000,16.114,16.184,15.792,16.114,859380.605494
1645790400,16.117,16.734,16.105,16.545,1440633.426833
1645804800,16.546,16.641,16.168,16.39,682947.134251
1645819200,16.378,17.523,16.302,17.257,940254.349143
1645833600,17.258,18.2,17.17,17.901,1353853.829613
1645848000,17.901,18.249,17.628,18.029,779542.795759
1645862400,18.027,18.779,17.569,18.401,1129054.433358
1645876800,18.403,18.457,18.072,18.139,660517.270097
1645891200,18.148,18.577,17.777,18.465,626840.290335
1645905600,18.466,18.695,17.822,18.03,732132.727262
1645920000,18.028,18.088,17.392,17.651,719602.553366
1645934400,17.646,17.998,17.516,17.837,356090.934142
1645948800,17.828,18.601,17.623,18.506,836611.957224
1645963200,18.504,18.72,17.671,18.564,1280796.300278
1645977600,18.56,18.565,17.3,17.385,947566.632708
1645992000,17.379,17.703,17.073,17.503,1134487.517694
1646006400,17.498,17.67,17.148,17.364,597502.215467
1646020800,17.365,17.535,16.628,17.092,905960.882284
1646035200,17.09,17.276,16.821,16.987,668647.578941
1646049600,16.988,17.951,16.749,17.921,1770039.106364
1646064000,17.925,18.094,17.524,17.735,1287235.64972
1646078400,17.734,19.108,17.728,18.938,1736912.769064
1646092800,18.939,19.307,18.567,18.665,1120215.633185
1646107200,18.663,18.888,18.331,18.829,654780.30317
1646121600,18.83,19.008,18.371,18.837,941361.98895
1646136000,18.839,19.561,18.584,18.834,1837647.717469
1646150400,18.836,19.031,18.478,18.688,744102.539079
1646164800,18.687,19.002,18.662,18.895,558474.431912
1646179200,18.895,19.21,18.391,19.097,979714.457607
1646193600,19.096,19.258,18.568,18.74,835126.244527
1646208000,18.745,19.069,18.564,18.951,754830.814749
1646222400,18.948,19.171,18.356,18.657,1689074.35511
1646236800,18.657,18.765,18.365,18.545,667924.858845
1646251200,18.544,18.834,18.454,18.606,531139.036026
1646265600,18.609,18.663,18.038,18.18,893705.355427
1646280000,18.181,18.44,18.042,18.332,554783.989728
1646294400,18.331,18.42,18.099,18.323,539753.09024
1646308800,18.325,18.633,18.015,18.116,1010753.887399
1646323200,18.124,18.231,17.78,18.064,927596.13321
1646337600,18.053,18.113,17.772,18.024,536466.638465
1646352000,18.023,18.061,17.113,17.34,933463.092796
1646366400,17.334,17.388,17.14,17.269,472913.508367
1646380800,17.272,17.548,16.976,17.432,630458.977348
1646395200,17.436,17.549,16.963,17.026,986744.138667
1646409600,17.021,17.257,16.721,16.781,534765.929532
1646424000,16.787,16.85,16.5,16.778,595413.150004
1646438400,16.782,16.8,16.189,16.583,602941.114955
1646452800,16.583,16.892,16.466,16.82,349822.71563
1646467200,16.824,17.248,16.706,17.021,364156.897694
1646481600,17.021,17.462,16.843,17.316,549180.712684
1646496000,17.317,17.799,17.194,17.423,552699.918135
1646510400,17.418,17.477,17.247,17.314,255529.042197
1646524800,17.315,17.454,16.878,16.956,291991.304518
1646539200,16.955,17.171,16.672,17.051,368482.225083
1646553600,17.053,17.053,16.521,16.724,569770.601994
1646568000,16.727,16.986,16.682,16.962,373946.336686
1646582400,16.962,17.354,16.867,17.178,601928.830355
1646596800,17.179,17.586,16.904,16.984,688968.139765
1646611200,16.987,16.999,16.263,16.401,845438.332905
1646625600,16.405,16.644,16.324,16.405,390117.028954
1646640000,16.407,16.542,16.166,16.519,445219.863325
1646654400,16.519,17.136,16.514,16.898,751352.065989
1646668800,16.898,17.077,16.03,16.12,1033261.845937
1646683200,16.126,16.575,16.0,16.4,802579.31971
1646697600,16.403,16.737,16.31,16.697,637873.123289
1646712000,16.695,16.838,16.354,16.635,556071.728093
1646726400,16.633,16.942,16.605,16.892,478065.2318
1646740800,16.905,16.999,16.637,16.826,861119.079355
1646755200,16.827,17.262,16.652,17.136,911239.845754
1646769600,17.132,17.168,16.768,16.963,398229.412803
1646784000,16.968,17.799,16.882,17.739,779341.71135
1646798400,17.738,17.885,17.565,17.832,573171.857031
1646812800,17.839,17.985,17.675,17.812,574296.842694
1646827200,17.81,17.974,17.654,17.966,593808.828971
1646841600,17.968,18.083,17.544,17.76,542886.30818
1646856000,17.753,17.986,17.567,17.86,332646.491765
1646870400,17.858,17.933,17.355,17.357,499239.038071
1646884800,17.357,17.413,16.667,16.973,756241.159682
1646899200,16.972,17.1,16.827,16.931,400996.890701
1646913600,16.929,17.258,16.677,16.923,740107.354545
1646928000,16.919,17.168,16.887,17.114,435615.78158
1646942400,17.111,17.147,16.849,16.962,206709.742741
1646956800,16.966,17.08,16.68,17.043,504596.564891
1646971200,17.043,17.864,16.94,17.738,891308.355556
1646985600,17.74,18.255,17.582,18.233,1191770.160586
1647000000,18.231,18.489,17.743,17.896,1105599.098979
1647014400,17.904,18.392,17.449,17.979,1039212.507385
1647028800,17.979,18.034,17.672,17.692,538853.29638
1647043200,17.694,18.44,17.674,18.121,695150.777651
1647057600,18.12,18.679,18.02,18.293,595826.012544
1647072000,18.292,18.421,18.072,18.192,456990.215134
1647086400,18.195,18.413,17.936,18.285,488942.300739
1647100800,18.29,18.739,18.215,18.44,621692.664347
1647115200,18.436,18.508,18.086,18.137,438954.316859
1647129600,18.137,18.397,18.018,18.21,528754.132459
1647144000,18.21,18.271,18.02,18.137,238053.108483
1647158400,18.135,18.16,17.816,17.876,297032.816007
1647172800,17.876,17.967,17.586,17.758,462966.756243
1647187200,17.757,18.054,17.714,17.863,341738.409362
1647201600,17.847,17.938,17.128,17.224,639488.887233
1647216000,17.217,17.375,17.012,17.34,532208.522476
1647230400,17.343,17.734,17.339,17.703,497733.62397
1647244800,17.705,17.857,17.551,17.556,311154.815477
1647259200,17.55,17.662,17.384,17.541,399300.411353
1647273600,17.538,17.627,17.162,17.321,390749.12196
1647288000,17.328,17.805,17.232,17.694,381047.348098
1647302400,17.695,17.795,17.377,17.421,455436.456683
1647316800,17.418,17.45,17.061,17.195,423872.553924
1647331200,17.194,17.326,17.052,17.26,341765.851988
1647345600,17.262,17.566,17.13,17.475,436359.283365
1647360000,17.474,18.006,17.441,17.95,555119.026072
1647374400,17.947,18.05,17.757,17.805,373450.382106
1647388800,17.805,18.675,17.732,17.964,1152290.151848
1647403200,17.963,18.249,17.846,18.206,385628.839367
1647417600,18.205,18.477,18.076,18.262,498422.47621
1647432000,18.263,18.413,18.096,18.246,471873.308037
1647446400,18.246,18.59,17.692,18.582,1048072.294234
1647460800,18.581,19.185,18.518,19.046,665608.40998
1647475200,19.044,19.343,18.741,19.115,497425.978342
1647489600,19.113,19.3,18.866,18.968,367251.05329
1647504000,18.966,19.072,18.742,18.803,347529.468189
1647518400,18.8,19.127,18.768,18.864,563787.164886
1647532800,18.866,18.924,18.631,18.859,368352.007428
1647547200,18.863,18.863,18.666,18.747,288577.9762
1647561600,18.748,18.841,18.367,18.423,378473.93007
1647576000,18.417,18.665,18.369,18.476,196840.84462
1647590400,18.477,18.655,18.331,18.39,273341.147659
1647604800,18.391,18.635,18.133,18.577,497491.098097
1647619200,18.573,19.081,18.559,19.075,444012.483144
1647633600,19.075,19.2,18.848,18.946,256386.153124
1647648000,18.945,19.317,18.86,19.036,367885.067254
1647662400,19.036,19.085,18.88,18.912,192531.206717
1647676800,18.915,19.325,18.888,19.255,236987.284971
1647691200,19.258,19.75,19.231,19.581,654574.809201
1647705600,19.578,19.794,19.4,19.492,347581.291804
1647720000,19.494,19.7,19.175,19.396,378861.06506
1647734400,19.397,19.468,19.086,19.241,269238.88356
1647748800,19.243,19.396,19.046,19.157,212721.323226
1647763200,19.161,19.222,18.671,18.701,404853.872444
1647777600,18.702,18.871,18.538,18.604,361803.254563
1647792000,18.605,18.786,18.326,18.77,439170.662175
1647806400,18.768,18.87,18.503,18.65,267995.651824
1647820800,18.652,18.917,18.402,18.609,416393.04287
1647835200,18.609,18.942,18.494,18.898,307197.853668
1647849600,18.898,19.067,18.817,18.876,281137.114634
1647864000,18.879,19.05,18.604,18.994,648224.972355
1647878400,18.991,19.001,18.6,18.806,360219.470004
1647892800,18.805,18.888,18.667,18.745,161539.829913
1647907200,18.744,19.677,18.677,19.601,691483.36664
1647921600,19.601,19.95,19.574,19.747,828141.487274
1647936000,19.75,20.206,19.688,20.146,581036.387689
1647950400,20.146,20.184,19.801,19.934,564590.416487
1647964800,19.933,20.055,19.786,19.791,315806.019159
1647979200,19.792,20.484,19.78,20.221,649369.164523
1647993600,20.214,20.737,19.8,20.265,793846.128288
1648008000,20.263,20.496,20.075,20.288,471930.265044
1648022400,20.289,20.419,19.964,20.226,441198.405109
1648036800,20.227,20.98,20.116,20.856,830492.657024
1648051200,20.856,20.954,20.384,20.668,562690.266133
1648065600,20.665,21.133,20.65,21.022,474431.997277
1648080000,21.023,21.226,20.708,20.819,638826.474209
1648094400,20.815,21.164,20.78,20.963,420509.133029
1648108800,20.964,20.977,20.5,20.697,567875.376253
1648123200,20.695,21.177,20.252,21.147,979830.362045
1648137600,21.143,21.5,20.96,21.179,672440.631481
1648152000,21.183,21.384,21.069,21.255,386469.986353
1648166400,21.252,21.383,20.968,21.077,593722.957903
1648180800,21.079,21.224,20.762,20.805,467829.785319
1648195200,20.805,21.201,20.552,21.123,490786.386843
1648209600,21.123,21.178,20.571,20.686,598529.595641
1648224000,20.685,20.791,20.195,20.617,474426.375768
1648238400,20.621,20.793,20.454,20.536,174673.165104
1648252800,20.538,20.649,20.247,20.47,269337.774413
1648267200,20.471,20.913,20.449,20.842,222021.05331
1648281600,20.844,20.98,20.687,20.894,264841.936915
1648296000,20.887,20.958,20.717,20.847,205709.579959
1648310400,20.851,20.977,20.807,20.853,147393.177949
1648324800,20.852,21.027,20.716,20.911,205021.342347
1648339200,20.912,21.16,20.868,21.003,211113.990238
1648353600,21.003,21.207,20.915,21.162,202536.539701
1648368000,21.161,21.172,20.94,20.993,174499.345993
1648382400,20.993,21.15,20.719,21.114,266299.129752
1648396800,21.116,21.5,21.038,21.461,267182.214346
1648411200,21.463,22.489,21.3,22.466,742021.730811
1648425600,22.467,22.973,22.231,22.928,668848.973389
1648440000,22.93,22.985,22.622,22.831,461794.903786
1648454400,22.836,23.328,22.7,22.997,565221.35315
1648468800,22.999,23.287,22.82,22.824,633944.95325
1648483200,22.825,22.967,22.571,22.763,516669.145694
1648497600,22.76,22.877,21.797,21.975,620177.202039
1648512000,21.976,22.395,21.925,22.21,473966.925532
1648526400,22.21,22.765,22.151,22.452,419564.949169
1648540800,22.446,22.841,22.391,22.837,363798.792774
1648555200,22.839,22.949,22.191,22.256,702274.413723
1648569600,22.262,22.637,21.858,22.462,731874.441961
1648584000,22.46,22.529,21.881,22.452,499875.474564
1648598400,22.435,22.537,21.627,22.257,608040.277382
1648612800,22.261,22.492,22.051,22.38,388161.280309
1648627200,22.381,22.474,22.147,22.32,481752.992911
1648641600,22.321,22.392,21.86,22.125,656120.744022
1648656000,22.115,23.0,22.048,22.27,859610.397938
1648670400,22.279,22.636,22.173,22.456,384989.912956
1648684800,22.46,22.928,22.343,22.601,452931.295858
1648699200,22.601,22.862,22.526,22.804,320003.137209
1648713600,22.796,23.063,22.73,22.751,525747.066474
1648728000,22.751,22.939,21.643,21.848,1099483.994832
1648742400,21.848,21.887,21.244,21.32,840933.287654
1648756800,21.326,21.625,21.088,21.335,417095.766831
1648771200,21.329,21.648,20.601,20.928,930142.495973
1648785600,20.931,21.413,20.893,21.387,423087.910385
1648800000,21.385,21.504,21.043,21.067,494684.576258
1648814400,21.063,22.057,20.627,21.981,938071.460591
1648828800,21.982,22.103,21.698,22.012,554871.750265
1648843200,22.008,22.164,21.807,22.068,290969.30239
1648857600,22.068,22.5,21.949,22.285,543869.730198
1648872000,22.287,22.505,22.206,22.389,294371.986281
1648886400,22.393,23.4,22.326,23.203,564469.818028
1648900800,23.195,23.86,22.618,22.766,1473719.138749
1648915200,22.766,23.167,22.436,22.935,758443.973757
1648929600,22.932,23.417,22.548,22.613,557536.279287
1648944000,22.599,23.393,22.516,22.68,836405.351865
1648958400,22.687,23.295,22.624,23.133,498913.955542
1648972800,23.148,23.432,22.887,23.121,449192.894513
1648987200,23.117,23.371,22.951,23.09,445724.800598
1649001600,23.09,23.203,22.931,23.056,329494.848314
1649016000,23.058,23.57,23.033,23.208,408558.71411
1649030400,23.206,23.22,22.717,22.814,474774.036623
1649044800,22.82,22.988,22.667,22.869,329240.961206
1649059200,22.872,22.877,22.259,22.657,488583.138127
1649073600,22.656,22.737,21.925,22.054,834389.47853
1649088000,22.058,22.39,21.612,22.347,727760.510613
1649102400,22.358,22.9,22.203,22.9,427989.979197
1649116800,22.9,23.097,22.772,22.821,403090.087339
1649131200,22.835,23.048,22.724,22.93,228376.588087
1649145600,22.932,23.0,22.759,22.915,268982.74377
1649160000,22.917,23.114,22.112,22.325,787854.809453
1649174400,22.324,22.394,22.043,22.31,574284.198023
1649188800,22.309,22.345,21.7,21.782,334486.02006
1649203200,21.782,21.819,20.828,21.481,810380.810002
1649217600,21.486,21.752,21.367,21.507,317290.169613
1649232000,21.509,21.577,20.822,20.937,589750.339146
1649246400,20.934,21.138,20.06,20.329,994818.196972
1649260800,20.33,20.425,19.71,20.351,973226.950064
1649275200,20.349,20.441,19.753,19.836,440014.134658
1649289600,19.836,20.178,19.458,19.963,750540.417179
1649304000,19.969,20.283,19.859,20.225,309674.42004
1649318400,20.221,20.5,20.025,20.413,419554.192833
1649332800,20.414,20.514,19.718,19.997,566509.646734
1649347200,19.997,20.5,19.966,20.352,378171.662023
1649361600,20.352,20.648,20.204,20.392,266545.9606
1649376000,20.389,20.574,20.28,20.487,294469.916801
1649390400,20.488,20.54,20.211,20.445,223391.865502
1649404800,20.445,20.515,20.027,20.075,333406.995622
1649419200,20.078,20.366,19.72,20.309,742144.919031
1649433600,20.313,20.363,19.706,19.858,460533.291234
1649448000,19.858,19.943,19.134,19.418,435649.933788
1649462400,19.416,19.669,19.285,19.54,346304.420046
1649476800,19.537,19.75,19.52,19.671,205246.180478
1649491200,19.673,19.725,19.52,19.646,185352.175597
1649505600,19.65,19.781,19.4,19.426,268506.178863
1649520000,19.413,19.686,19.4,19.525,224955.934764
1649534400,19.521,19.823,19.415,19.75,178912.713688
1649548800,19.757,19.97,19.592,19.841,214720.008453
1649563200,19.837,19.897,19.659,19.683,164250.702591
1649577600,19.683,19.763,19.448,19.562,227752.673899
1649592000,19.563,19.668,19.36,19.559,257284.806159
1649606400,19.559,20.248,19.472,20.109,485979.26064
1649620800,20.109,20.211,19.151,19.221,515407.039872
1649635200,19.219,19.288,18.743,18.895,589542.090036
1649649600,18.896,19.054,18.801,18.858,238663.770954
1649664000,18.861,18.898,17.705,17.951,938153.062932
1649678400,17.947,18.058,17.551,17.648,726355.759579
1649692800,17.643,17.915,17.54,17.622,572920.789359
1649707200,17.621,17.669,16.989,17.2,666868.634349
1649721600,17.2,17.515,17.172,17.311,468805.682485
1649736000,17.305,17.813,17.269,17.714,368846.052633
1649750400,17.726,17.863,17.531,17.807,420596.595013
1649764800,17.807,18.038,17.573,17.729,751325.69026
1649779200,17.731,17.836,17.164,17.203,411248.200234
1649793600,17.197,17.886,17.171,17.772,401243.381688
1649808000,17.773,17.935,17.582,17.826,345989.636904
1649822400,17.828,18.0,17.742,17.85,364988.510583
1649836800,17.851,17.916,17.457,17.475,316371.092787
1649851200,17.472,18.283,17.373,18.111,758147.870901
1649865600,18.111,18.285,18.016,18.106,427826.972382
1649880000,18.109,18.301,18.083,18.197,284030.913316
1649894400,18.197,18.482,18.123,18.326,288732.624695
1649908800,18.328,18.396,18.114,18.25,211067.82409
1649923200,18.249,18.335,17.979,18.035,293913.399344
1649937600,18.038,18.406,17.625,17.667,644611.10911
1649952000,17.662,17.79,17.474,17.599,426387.820618
1649966400,17.592,17.975,17.554,17.916,232708.908609
1649980800,17.914,18.286,17.789,18.243,292239.40852
1649995200,18.241,18.282,17.974,18.16,342478.85031
1650009600,18.158,18.337,18.065,18.219,284527.700644
1650024000,18.221,18.451,17.91,18.146,401534.101402
1650038400,18.146,18.291,18.031,18.159,241315.863125
1650052800,18.155,18.394,18.115,18.344,164652.965432
1650067200,18.349,18.595,18.27,18.327,243039.528464
1650081600,18.333,18.423,18.267,18.346,155864.559898
1650096000,18.338,18.411,18.242,18.343,153243.389682
1650110400,18.337,18.552,18.202,18.252,271379.558628
1650124800,18.246,18.637,18.177,18.347,254883.792205
1650139200,18.349,18.697,18.303,18.6,220446.315681
1650153600,18.599,18.819,18.502,18.538,272802.861457
1650168000,18.536,18.611,18.506,18.554,154746.539915
1650182400,18.555,18.737,18.539,18.601,152027.721659
1650196800,18.597,18.678,18.42,18.561,204655.996424
1650211200,18.565,18.585,18.071,18.256,307091.179747
1650225600,18.263,18.34,17.659,17.733,423369.42428
1650240000,17.734,17.987,17.674,17.888,298340.727683
1650254400,17.887,17.924,17.106,17.231,531970.714459
1650268800,17.226,17.509,17.125,17.425,353053.196728
1650283200,17.428,17.768,17.428,17.588,454007.259159
1650297600,17.588,18.369,17.399,18.265,568996.564268
1650312000,18.268,18.365,18.127,18.152,278780.671592
1650326400,18.153,18.349,18.075,18.162,308257.001055
1650340800,18.16,18.287,18.083,18.1,192814.795603
1650355200,18.102,18.403,18.045,18.249,241776.476053
1650369600,18.246,18.785,18.221,18.575,597545.651098
1650384000,18.576,18.888,18.532,18.812,397129.514183
1650398400,18.806,18.946,18.753,18.881,295852.386575
1650412800,18.882,18.911,18.57,18.666,361249.42169
1650427200,18.665,19.16,18.547,19.123,406253.428392
1650441600,19.123,19.394,19.06,19.275,557130.244226
1650456000,19.279,19.547,18.881,19.089,755030.001436
1650470400,19.085,19.135,18.648,18.83,465278.271861
1650484800,18.837,19.396,18.752,19.095,390586.138358
1650499200,19.091,19.45,19.039,19.339,362583.911907
1650513600,19.342,19.399,18.982,19.31,328759.367351
1650528000,19.316,19.527,19.107,19.409,428652.67054
1650542400,19.414,19.675,19.235,19.307,550520.732464
1650556800,19.306,19.319,18.702,18.747,477401.545153
1650571200,18.746,18.795,18.03,18.176,582921.524583
1650585600,18.174,18.389,18.074,18.277,369652.052401
1650600000,18.276,18.525,18.161,18.344,252022.427602
1650614400,18.342,18.51,18.127,18.403,330725.04752
1650628800,18.402,18.497,18.071,18.208,519016.527801
1650643200,18.207,18.43,18.125,18.256,321977.140853
1650657600,18.255,18.414,18.218,18.278,171819.61105
1650672000,18.279,18.396,18.156,18.222,221509.039277
1650686400,18.231,18.395,17.949,18.372,276899.132904
1650700800,18.371,18.795,18.329,18.641,314952.355459
1650715200,18.639,18.988,18.52,18.902,391340.772157
1650729600,18.908,19.258,18.859,18.913,404544.699813
1650744000,18.913,19.092,18.642,18.698,241290.246927
1650758400,18.699,19.159,18.67,19.053,298587.41403
1650772800,19.056,19.117,18.859,18.935,172440.049563
1650787200,18.937,18.954,18.593,18.636,222077.242568
1650801600,18.633,18.667,18.367,18.479,405122.936272
1650816000,18.483,18.497,18.07,18.373,407093.952929
1650830400,18.377,18.456,18.132,18.163,219020.397397
1650844800,18.164,18.2,17.55,17.836,538496.708029
1650859200,17.836,17.858,17.099,17.199,570833.317965
1650873600,17.196,17.455,17.12,17.451,459119.693927
1650888000,17.456,17.713,17.352,17.498,612770.860824
1650902400,17.497,18.017,17.479,18.016,507084.350204
1650916800,18.008,18.244,17.917,18.103,287638.118506
1650931200,18.105,18.316,17.965,17.998,351015.768067
1650945600,18.002,18.126,17.789,17.896,267109.359015
1650960000,17.896,18.071,17.771,17.856,349891.349263
1650974400,17.854,17.949,16.961,17.088,707705.318605
1650988800,17.095,17.208,16.617,16.855,681226.811086
1651003200,16.853,16.988,16.403,16.671,418279.152493
1651017600,16.673,16.922,16.477,16.796,315829.561348
1651032000,16.793,17.254,16.775,17.228,246478.905812
1651046400,17.228,17.276,16.776,16.974,395002.153641
1651060800,16.969,17.243,16.661,16.934,641788.032606
1651075200,16.935,17.081,16.732,16.817,327677.696162
1651089600,16.826,17.032,16.803,16.943,168097.487525
1651104000,16.944,17.168,16.817,16.913,284191.018171
1651118400,16.915,17.061,16.821,16.943,188976.32971
1651132800,16.943,17.404,16.921,17.189,316489.598223
1651147200,17.19,17.326,16.75,16.881,607596.235029
1651161600,16.878,17.275,16.759,17.06,391471.731246
1651176000,17.061,17.228,16.901,16.987,213878.125416
1651190400,16.986,17.068,16.766,16.891,217393.392633
1651204800,16.893,16.977,16.723,16.954,172539.166958
1651219200,16.953,16.963,16.247,16.358,399876.729624
1651233600,16.362,16.668,16.288,16.591,466332.979124
1651248000,16.59,16.636,16.0,16.127,474099.268431
1651262400,16.121,16.23,16.0,16.188,235088.436356
1651276800,16.189,16.447,16.17,16.261,214449.685427
1651291200,16.267,16.379,16.205,16.224,121816.593969
1651305600,16.222,16.276,16.024,16.109,227072.833498
1651320000,16.105,16.151,15.534,15.785,531538.396569
1651334400,15.78,15.893,15.527,15.687,388878.812863
1651348800,15.68,15.687,14.136,14.497,1051306.052883
1651363200,14.494,14.971,14.487,14.891,675486.075714
1651377600,14.892,15.07,14.755,14.911,336567.120964
1651392000,14.912,15.096,14.885,14.897,326842.912635
1651406400,14.896,15.388,14.844,15.312,419755.571044
1651420800,15.317,15.523,14.876,14.994,459261.856456
1651435200,14.991,15.484,14.932,15.352,372735.626374
1651449600,15.353,15.592,15.263,15.384,307309.259579
1651464000,15.385,15.577,15.284,15.335,263517.006938
1651478400,15.336,15.366,14.792,14.838,353785.707082
1651492800,14.836,15.106,14.66,14.965,803982.32729
1651507200,14.964,15.071,14.561,14.91,595367.101268
1651521600,14.915,15.273,14.771,14.965,271858.947083
1651536000,14.969,15.234,14.88,15.156,233318.893075
1651550400,15.158,15.194,15.012,15.164,213326.061696
1651564800,15.163,15.207,14.861,15.151,287393.107854
1651579200,15.147,15.17,14.86,15.011,378779.706192
1651593600,15.013,15.053,14.539,14.617,437120.395363
1651608000,14.628,14.877,14.512,14.728,233464.491985
1651622400,14.73,15.046,14.662,14.995,166168.857795
1651636800,14.999,15.33,14.918,15.266,331764.89196
1651651200,15.266,15.51,15.248,15.417,455870.200164
1651665600,15.415,15.472,14.974,15.113,368820.76422
1651680000,15.111,16.145,15.04,16.057,1331395.093629
1651694400,16.062,16.346,16.053,16.33,340821.778062
1651708800,16.33,16.45,16.224,16.317,319185.077926
1651723200,16.319,16.375,16.077,16.173,233837.690485
1651737600,16.174,16.218,15.783,15.907,378095.383586
1651752000,15.909,16.035,14.208,14.468,1500006.728613
1651766400,14.471,14.663,14.022,14.447,1354970.305999
1651780800,14.445,14.656,14.325,14.582,548373.522282
1651795200,14.579,14.611,14.267,14.523,405094.818959
1651809600,14.524,14.663,14.125,14.377,529935.64562
1651824000,14.375,14.566,14.017,14.138,686041.645465
1651838400,14.137,14.53,13.8,14.213,1737787.446587
1651852800,14.216,14.401,14.134,14.291,474244.049605
1651867200,14.296,14.493,14.173,14.331,253341.091102
1651881600,14.329,14.376,14.036,14.065,319499.863614
1651896000,14.068,14.246,13.909,14.194,366625.529407
1651910400,14.196,14.335,14.14,14.229,252909.8424
1651924800,14.229,14.259,14.085,14.183,205273.235312
1651939200,14.186,14.198,14.062,14.112,174401.884764
1651953600,14.111,14.153,13.372,13.745,668520.299736
1651968000,13.748,13.88,13.266,13.497,783082.621807
1651982400,13.495,13.723,13.445,13.457,306696.776407
1651996800,13.457,13.636,13.341,13.562,320677.366202
1652011200,13.562,13.609,13.23,13.38,486150.402066
1652025600,13.381,13.555,13.035,13.462,679047.191032
1652040000,13.46,13.531,13.157,13.252,340031.395858
1652054400,13.252,13.485,12.849,13.013,664166.813955
1652068800,13.013,13.152,12.598,12.629,576949.112598
1652083200,12.626,12.663,11.788,12.033,1373458.438758
1652097600,12.034,12.161,11.37,11.487,1579152.161457
1652112000,11.493,11.677,10.72,11.087,2315313.370984
1652126400,11.091,11.57,10.503,10.628,1373999.334893
1652140800,10.625,11.338,10.305,10.94,1888524.359371
1652155200,10.937,12.445,10.889,11.701,1631536.925858
1652169600,11.7,11.987,11.549,11.91,923331.730646
1652184000,11.909,12.347,11.297,11.686,1582231.729389
1652198400,11.691,12.109,11.438,11.554,1001406.392102
1652212800,11.554,11.565,10.789,11.352,1042819.592856
1652227200,11.351,11.653,11.016,11.298,1052693.240829
1652241600,11.301,11.415,10.211,10.497,1826705.446342
1652256000,10.496,11.295,10.377,10.456,1450256.33589
1652270400,10.455,10.777,8.0,9.829,7647484.831003
1652284800,9.826,10.0,8.735,8.779,3280195.60005
1652299200,8.777,9.166,8.181,9.088,2393507.258666
1652313600,9.087,9.528,8.231,8.268,1893767.783955
1652328000,8.267,8.491,7.32,8.077,3178315.806697
1652342400,8.082,8.7,7.786,8.216,1873076.661058
1652356800,8.214,9.28,7.946,8.791,1773622.584616
1652371200,8.784,9.258,8.552,8.791,1097590.344599
1652385600,8.782,9.17,8.2,8.711,919625.50524
1652400000,8.703,9.838,8.559,9.697,1760787.427767
1652414400,9.696,10.345,9.526,9.979,1757962.427744
1652428800,9.977,11.393,9.977,11.282,1512316.995382
1652443200,11.285,11.778,10.883,11.183,1056384.677765
1652457600,11.185,11.36,10.559,10.664,635358.871912
1652472000,10.666,11.222,10.233,10.452,481636.610102
1652486400,10.455,11.077,10.326,10.736,549486.826826
1652500800,10.736,10.736,10.18,10.491,433308.242313
1652515200,10.496,10.954,9.872,10.275,603570.196993
1652529600,10.266,10.35,9.762,9.868,553867.143238
1652544000,9.866,11.35,9.812,10.867,759498.613736
1652558400,10.872,11.562,10.868,11.302,492411.20673
1652572800,11.304,11.486,10.762,10.941,531027.704151
1652587200,10.937,11.293,10.87,10.964,426479.659392
1652601600,10.964,11.266,10.853,11.181,521491.474201
1652616000,11.185,11.28,10.578,10.781,680433.121368
1652630400,10.786,11.534,10.685,11.446,417052.389267
1652644800,11.45,11.86,11.369,11.808,553390.370453
1652659200,11.806,11.808,11.161,11.239,493621.251522
1652673600,11.244,11.46,10.616,10.872,549477.987998
1652688000,10.867,11.16,10.631,10.863,433830.656717
1652702400,10.87,11.126,10.366,10.607,635363.985743
1652716800,10.61,10.822,10.401,10.63,449588.823591
1652731200,10.631,10.982,10.53,10.632,309787.122398
1652745600,10.632,11.08,10.597,11.015,350973.55835
1652760000,11.005,11.249,10.921,11.068,362749.522303
1652774400,11.063,11.298,10.874,10.9,478770.195488
1652788800,10.899,11.336,10.657,10.798,602306.58878
1652803200,10.801,10.955,10.434,10.788,582699.936503
1652817600,10.784,11.178,10.756,11.042,387887.724207
1652832000,11.033,11.175,10.471,10.546,458515.835344
1652846400,10.541,10.628,10.375,10.49,594564.176713
1652860800,10.494,10.53,10.281,10.378,544814.550729
1652875200,10.383,10.392,9.676,9.867,791444.218738
1652889600,9.867,10.147,9.717,10.075,498616.398881
1652904000,10.068,10.079,9.435,9.484,500582.348608
1652918400,9.483,9.767,9.222,9.7,598542.706529
1652932800,9.696,9.885,9.533,9.724,257840.582523
1652947200,9.722,10.085,9.4,10.038,244362.823619
1652961600,10.04,10.41,9.71,10.219,522411.797896
1652976000,10.222,10.253,9.947,9.95,196899.672711
1652990400,9.947,10.126,9.818,10.025,252655.712668
1653004800,10.027,10.262,9.9,9.954,211747.676465
1653019200,9.966,10.115,9.644,9.916,321859.120086
1653033600,9.91,10.185,9.87,10.141,212415.3855
1653048000,10.144,10.154,9.526,9.622,376730.419658
1653062400,9.617,9.784,9.444,9.767,228327.311268
1653076800,9.76,9.813,9.645,9.662,156269.822914
1653091200,9.663,9.771,9.468,9.744,186811.397587
1653105600,9.745,9.857,9.666,9.818,85045.255865
1653120000,9.825,9.876,9.713,9.765,95612.582826
1653134400,9.766,9.918,9.67,9.911,142901.750735
1653148800,9.909,10.1,9.848,9.918,173555.570349
1653163200,9.92,10.056,9.844,9.99,70266.483497
1653177600,9.992,10.065,9.87,9.977,100794.588427
1653192000,9.975,10.125,9.95,10.071,121969.798494
1653206400,10.071,10.332,10.036,10.091,251734.89752
1653220800,10.092,10.26,10.01,10.077,113957.157777
1653235200,10.074,10.165,9.938,9.982,90734.490273
1653249600,9.978,10.248,9.978,10.167,169302.462822
1653264000,10.155,10.296,9.984,10.075,115707.228697
1653278400,10.069,10.44,10.049,10.341,164869.141452
1653292800,10.335,10.465,10.24,10.409,164836.85602
1653307200,10.42,10.66,10.253,10.593,308297.236583
1653321600,10.594,10.737,10.057,10.186,306364.147817
1653336000,10.182,10.495,9.802,9.888,299554.555591
1653350400,9.889,10.055,9.833,10.013,120535.947808
1653364800,10.013,10.029,9.87,9.989,92498.615081
1653379200,9.986,9.996,9.686,9.866,160456.147724
1653393600,9.865,10.078,9.564,9.988,256828.857586
1653408000,9.982,10.146,9.877,10.022,354318.2225
1653422400,10.021,10.27,9.955,10.185,137292.300149
1653436800,10.188,10.335,10.017,10.279,152631.608927
1653451200,10.287,10.288,9.887,9.988,155462.46324
1653465600,9.988,10.141,9.868,9.962,143909.420231
1653480000,9.956,10.145,9.816,9.939,261200.447872
1653494400,9.933,10.035,9.776,9.93,156066.871063
1653508800,9.93,10.057,9.832,9.874,91166.504615
1653523200,9.872,10.004,9.787,9.907,118019.133688
1653537600,9.904,9.907,9.553,9.735,234093.796959
1653552000,9.735,9.741,9.085,9.207,419452.177093
1653566400,9.207,9.508,8.826,9.374,648715.849561
1653580800,9.372,9.555,9.143,9.157,236490.387887
1653595200,9.156,9.422,9.115,9.138,180656.914143
1653609600,9.135,9.214,8.696,9.014,410848.058176
1653624000,9.018,9.066,8.569,8.859,499481.787491
1653638400,8.854,10.0,8.764,9.672,1025838.461395
1653652800,9.671,10.002,9.434,9.556,594770.144003
1653667200,9.549,9.624,9.021,9.26,606520.339331
1653681600,9.262,9.379,9.039,9.119,225039.911305
1653696000,9.12,9.343,8.96,9.25,213251.832485
1653710400,9.254,9.431,9.105,9.176,306123.57462
1653724800,9.176,9.505,9.138,9.379,313815.038455
1653739200,9.372,9.6,9.328,9.455,204590.787369
1653753600,9.453,9.707,9.337,9.647,175817.972849
1653768000,9.651,9.8,9.57,9.645,122443.202022
1653782400,9.649,9.69,9.328,9.417,256729.890664
1653796800,9.414,9.498,9.343,9.44,96631.623536
1653811200,9.444,9.644,9.4,9.625,213011.674471
1653825600,9.627,10.03,9.61,9.812,413133.554352
1653840000,9.814,9.943,9.804,9.857,120014.312752
1653854400,9.845,10.027,9.761,9.987,190535.533899
1653868800,9.985,10.435,9.912,10.254,310891.325945
1653883200,10.255,10.677,10.177,10.462,348161.194822
1653897600,10.459,10.482,10.113,10.178,270231.903148
1653912000,10.172,10.406,10.023,10.3,235884.934887
1653926400,10.302,10.394,10.168,10.296,148904.232549
1653940800,10.293,10.79,10.254,10.469,382793.321616
1653955200,10.471,10.649,10.31,10.519,286716.196768
1653969600,10.518,10.597,10.232,10.376,217334.408913
1653984000,10.379,10.492,10.195,10.407,181000.00018
1653998400,10.407,10.494,9.957,10.415,425983.856767
1654012800,10.412,10.497,10.177,10.271,258312.906315
1654027200,10.268,10.574,10.268,10.353,172493.680562
1654041600,10.357,10.4,10.094,10.117,220326.412884
1654056000,10.107,10.5,10.034,10.308,253575.897295
1654070400,10.308,10.583,10.235,10.385,225152.301452
1654084800,10.398,10.747,10.016,10.036,489513.199319
1654099200,10.03,10.03,9.575,9.61,446250.763917
1654113600,9.606,9.621,9.257,9.458,320074.093406
1654128000,9.457,9.583,9.297,9.41,277901.215059
1654142400,9.414,9.544,9.35,9.482,151297.195838
1654156800,9.487,9.642,9.436,9.633,174363.250743
1654171200,9.631,9.672,9.378,9.598,312044.556157
1654185600,9.6,9.954,9.568,9.872,272545.295442
1654200000,9.875,10.058,9.812,9.882,215613.805265
1654214400,9.88,9.919,9.734,9.797,124744.932046
1654228800,9.8,9.914,9.752,9.773,168961.005609
1654243200,9.777,9.853,9.3,9.326,372228.274398
1654257600,9.331,9.41,9.203,9.255,275635.113762
1654272000,9.253,9.45,9.23,9.321,190173.581436
1654286400,9.322,9.503,9.294,9.371,95969.386038
1654300800,9.373,9.421,9.127,9.212,189919.948919
1654315200,9.208,9.417,9.202,9.38,113948.479228
1654329600,9.383,9.458,9.304,9.322,70189.056836
1654344000,9.326,9.491,9.206,9.438,124202.245422
1654358400,9.434,9.481,9.346,9.372,64711.423317
1654372800,9.372,9.56,9.366,9.446,70298.364536
1654387200,9.449,9.488,9.265,9.389,92712.72506
1654401600,9.39,9.403,9.308,9.317,63891.520449
1654416000,9.316,9.382,9.251,9.326,93816.947728
1654430400,9.326,9.456,9.276,9.45,88696.880491
1654444800,9.446,9.542,9.375,9.501,131587.408459
1654459200,9.505,9.554,9.316,9.348,76597.197236
1654473600,9.35,9.846,9.32,9.828,212693.8534
1654488000,9.829,9.886,9.689,9.867,173300.165969
1654502400,9.871,9.937,9.767,9.775,180250.850432
1654516800,9.776,9.861,9.633,9.704,244526.60754
1654531200,9.707,9.71,9.443,9.575,122362.719686
1654545600,9.573,9.579,9.398,9.504,90390.655644
1654560000,9.505,9.517,8.833,9.092,585244.688686
1654574400,9.095,9.138,9.025,9.07,103247.829276
1654588800,9.07,9.161,8.957,9.001,131782.122808
1654603200,9.001,9.228,8.935,9.112,136926.454419
1654617600,9.11,9.454,9.048,9.339,131635.334587
1654632000,9.337,9.5,8.986,9.223,245941.463092
1654646400,9.227,9.397,8.971,9.033,246037.861198
1654660800,9.03,9.212,8.974,9.146,171001.235135
1654675200,9.145,9.189,9.05,9.093,121926.524875
1654689600,9.093,9.243,8.98,9.144,165593.033107
1654704000,9.14,9.167,8.891,9.016,123448.462098
1654718400,9.012,9.115,8.965,8.999,70172.296586
1654732800,9.006,9.112,8.914,9.09,83655.776126
1654747200,9.09,9.3,9.062,9.244,177949.0905
1654761600,9.249,9.377,9.167,9.178,145653.147168
1654776000,9.177,9.371,9.075,9.264,273075.018978
1654790400,9.266,9.468,9.17,9.187,234524.642245
1654804800,9.189,9.318,9.16,9.233,86898.73771
1654819200,9.234,9.37,9.013,9.277,187967.347391
1654833600,9.28,9.373,9.153,9.226,165914.288748
1654848000,9.225,9.24,9.007,9.115,163335.82227
1654862400,9.112,9.197,8.642,8.857,625926.513617
1654876800,8.85,8.858,8.58,8.702,268140.039073
1654891200,8.704,8.819,8.52,8.662,98688.83345
1654905600,8.661,8.799,8.632,8.754,94417.292728
1654920000,8.755,8.85,8.687,8.833,85026.396154
1654934400,8.833,8.85,8.247,8.349,334840.593682
1654948800,8.348,8.398,7.906,8.047,447839.921007
1654963200,8.052,8.318,8.003,8.158,203299.679121
1654977600,8.159,8.221,7.949,8.038,107388.034393
1654992000,8.041,8.11,7.553,7.678,387999.911776
1655006400,7.677,7.778,7.5,7.714,215993.867277
1655020800,7.716,7.795,7.543,7.681,202142.96018
1655035200,7.678,8.113,7.462,7.993,349887.949082
1655049600,7.993,8.039,7.745,7.791,166925.730441
1655064000,7.779,7.836,7.388,7.4,172413.414891
1655078400,7.4,7.483,6.901,7.091,973304.13353
1655092800,7.096,7.331,6.661,6.763,570464.829245
1655107200,6.768,6.812,6.35,6.553,936845.849364
1655121600,6.554,7.023,6.553,6.959,737804.007472
1655136000,6.96,7.219,6.842,7.018,561685.08604
1655150400,7.018,7.216,6.777,7.045,519039.779815
1655164800,7.042,7.408,6.678,7.25,1317923.948383
1655179200,7.251,7.555,7.043,7.512,854073.784882
1655193600,7.514,7.532,7.151,7.212,517470.284955
1655208000,7.219,7.514,7.085,7.46,553409.716037
1655222400,7.458,7.506,7.234,7.298,224879.623599
1655236800,7.299,7.443,7.053,7.365,234883.059714
1655251200,7.367,7.698,7.335,7.403,460148.275545
1655265600,7.405,7.405,7.002,7.076,446463.796042
1655280000,7.073,7.349,6.841,7.192,687442.722651
1655294400,7.19,7.413,7.113,7.304,530124.840017
1655308800,7.303,8.15,6.875,7.867,1234846.50917
1655323200,7.872,8.813,7.817,8.505,824341.09848
1655337600,8.498,8.556,8.197,8.21,459659.900986
1655352000,8.21,8.333,7.823,7.874,299564.720302
1655366400,7.881,7.939,7.409,7.518,390989.973888
1655380800,7.518,7.716,7.232,7.426,496509.156435
1655395200,7.427,7.552,7.138,7.208,368296.407959
1655409600,7.208,7.417,6.973,7.127,304095.643608
1655424000,7.125,7.397,7.032,7.113,290826.318605
1655438400,7.114,7.432,7.071,7.328,271439.973768
1655452800,7.329,7.44,7.186,7.331,295390.954588
1655467200,7.33,7.461,7.187,7.302,295293.84546
1655481600,7.299,7.343,7.157,7.275,141365.75156
1655496000,7.274,7.421,7.254,7.277,143055.870102
1655510400,7.275,7.415,7.098,7.223,216469.855497
1655524800,7.225,7.261,6.753,6.786,429532.424516
1655539200,6.782,6.869,6.624,6.769,568278.753626
1655553600,6.769,6.914,6.75,6.83,261859.68553
1655568000,6.827,6.935,6.546,6.566,294592.27777
1655582400,6.571,7.232,6.461,7.051,501778.330678
1655596800,7.049,7.153,6.768,6.883,406426.017714
1655611200,6.88,7.092,6.802,6.926,392501.101944
1655625600,6.929,7.341,6.882,7.228,512549.122357
1655640000,7.228,7.375,7.102,7.36,312337.960657
1655654400,7.351,7.58,7.143,7.421,331388.415701
1655668800,7.421,7.643,7.414,7.527,260443.056352
1655683200,7.527,7.57,7.164,7.314,247194.67513
1655697600,7.314,7.4,7.209,7.354,157200.89064
1655712000,7.353,8.022,7.338,7.974,570521.909707
1655726400,7.974,7.99,7.723,7.842,332005.156533
1655740800,7.843,7.856,7.624,7.745,161576.347238
1655755200,7.747,7.958,7.631,7.877,133613.133398
1655769600,7.876,7.936,7.709,7.924,177357.317069
1655784000,7.924,8.27,7.908,8.092,404734.974559
1655798400,8.092,8.245,7.939,7.959,332859.718307
1655812800,7.959,8.277,7.945,8.083,291497.163922
1655827200,8.084,8.164,7.789,7.805,173019.215683
1655841600,7.804,7.881,7.676,7.76,150088.632041
1655856000,7.76,7.775,7.455,7.476,228607.897678
1655870400,7.473,7.63,7.383,7.402,174389.853559
1655884800,7.404,7.664,7.357,7.593,162910.091081
1655899200,7.595,7.819,7.458,7.52,216338.231032
1655913600,7.519,7.672,7.422,7.557,145714.802342
1655928000,7.558,7.602,7.382,7.39,103090.386778
1655942400,7.392,7.649,7.36,7.503,134300.995289
1655956800,7.502,7.708,7.491,7.572,143981.953277
1655971200,7.572,7.693,7.512,7.612,214861.153225
1655985600,7.611,7.777,7.484,7.56,227988.260022
1656000000,7.561,7.746,7.455,7.729,189147.763188
1656014400,7.729,7.818,7.618,7.781,187133.581877
1656028800,7.78,8.1,7.723,7.989,289096.773462
1656043200,7.987,8.03,7.803,7.914,222231.79877
1656057600,7.914,8.168,7.909,8.06,278945.985552
1656072000,8.052,8.2,7.99,8.083,489365.55847
1656086400,8.083,8.192,8.0,8.186,108167.266844
1656100800,8.186,8.35,8.114,8.191,173824.386482
1656115200,8.189,8.303,8.066,8.184,105169.623223
1656129600,8.184,8.32,8.118,8.28,108706.26943
1656144000,8.279,8.375,8.156,8.173,120518.247418
1656158400,8.172,8.204,7.797,7.81,210935.486613
1656172800,7.809,8.049,7.796,8.018,66407.939764
1656187200,8.018,8.179,7.963,8.137,80958.108287
1656201600,8.137,8.221,7.994,8.08,136191.846775
1656216000,8.081,8.288,8.041,8.222,165436.307798
1656230400,8.222,8.497,8.149,8.381,249477.471017
1656244800,8.38,8.492,8.029,8.129,257069.457918
1656259200,8.127,8.164,7.912,8.036,140367.019562
1656273600,8.035,8.278,7.813,7.834,160980.572678
1656288000,7.838,8.028,7.806,8.0,139054.067085
1656302400,8.0,8.098,7.926,8.086,111656.201642
1656316800,8.085,8.206,8.078,8.09,137945.263544
1656331200,8.091,8.169,7.801,7.952,235943.64727
1656345600,7.95,7.951,7.689,7.776,175661.313078
1656360000,7.776,7.899,7.71,7.747,107008.035207
1656374400,7.744,7.841,7.474,7.573,280829.889913
1656388800,7.574,7.748,7.549,7.719,157888.039504
1656403200,7.718,7.899,7.695,7.86,220233.423867
1656417600,7.86,7.998,7.581,7.582,299557.95253
1656432000,7.583,7.656,7.42,7.469,320539.20839
1656446400,7.468,7.531,7.26,7.316,164573.32866
1656460800,7.315,7.458,7.263,7.305,323733.077251
1656475200,7.3,7.329,7.053,7.249,455745.99495
1656489600,7.248,7.31,7.124,7.206,240986.14774
1656504000,7.207,7.269,7.014,7.192,326223.98122
1656518400,7.192,7.209,7.035,7.149,245015.671341
1656532800,7.15,7.221,6.954,7.039,342951.71584
1656547200,7.039,7.046,6.832,6.926,332241.417431
1656561600,6.926,6.977,6.769,6.812,452063.709536
1656576000,6.812,6.816,6.644,6.753,365153.874764
1656590400,6.752,6.918,6.64,6.83,368132.812231
1656604800,6.83,6.948,6.733,6.815,181238.374854
1656619200,6.814,7.102,6.672,7.065,431138.649675
1656633600,7.065,7.256,6.828,6.846,953147.83295
1656648000,6.846,6.865,6.543,6.795,677701.138465
1656662400,6.796,6.884,6.633,6.708,476661.366526
1656676800,6.708,6.841,6.649,6.707,362010.388036
1656691200,6.708,6.843,6.688,6.829,234113.101559
1656705600,6.83,6.937,6.703,6.757,196486.180235
1656720000,6.753,6.819,6.627,6.666,283778.462288
1656734400,6.666,6.756,6.663,6.686,145621.706091
1656748800,6.685,6.84,6.638,6.806,211436.766021
1656763200,6.806,6.87,6.709,6.754,264587.766475
1656777600,6.754,6.91,6.729,6.852,142971.170358
1656792000,6.852,6.903,6.804,6.824,71565.182071
1656806400,6.823,6.871,6.73,6.786,113164.604191
1656820800,6.783,6.855,6.613,6.714,234889.85545
1656835200,6.714,6.747,6.663,6.719,101744.625727
1656849600,6.72,6.763,6.631,6.681,111162.245803
1656864000,6.68,6.918,6.663,6.909,175528.773836
1656878400,6.91,6.986,6.801,6.854,164635.914912
1656892800,6.853,6.896,6.666,6.705,179363.580218
1656907200,6.704,6.784,6.66,6.725,109957.225223
1656921600,6.723,6.988,6.703,6.961,236309.68794
1656936000,6.962,7.151,6.925,7.0,485166.879154
1656950400,6.998,7.087,6.964,7.013,194723.999276
1656964800,7.014,7.219,6.977,7.17,272671.777814
1656979200,7.17,7.225,6.777,7.047,467495.39094
1656993600,7.046,7.124,6.981,7.041,232758.728808
1657008000,7.042,7.044,6.79,6.817,443082.118324
1657022400,6.817,6.822,6.6,6.725,526946.660883
1657036800,6.725,6.948,6.675,6.891,384538.14595
1657051200,6.891,6.988,6.804,6.842,301121.48496
1657065600,6.841,6.933,6.693,6.816,377085.863797
1657080000,6.815,6.899,6.771,6.841,267896.701969
1657094400,6.841,6.979,6.797,6.879,295738.558409
1657108800,6.879,6.968,6.845,6.902,247073.577358
1657123200,6.902,6.96,6.797,6.871,241379.346531
1657137600,6.871,7.014,6.837,6.926,242207.343404
1657152000,6.925,7.015,6.889,6.932,205611.645052
1657166400,6.932,6.97,6.881,6.963,127911.676927
1657180800,6.963,7.075,6.961,7.038,273125.784924
1657195200,7.035,7.158,6.969,7.12,383590.727093
1657209600,7.121,7.32,7.115,7.306,397204.314722
1657224000,7.306,7.353,7.216,7.304,223199.553011
1657238400,7.305,7.465,7.247,7.341,300109.531596
1657252800,7.342,7.386,7.158,7.22,269548.128531
1657267200,7.219,7.23,6.968,7.041,345559.236453
1657281600,7.041,7.173,6.939,7.119,592230.693719
1657296000,7.118,7.168,7.022,7.127,220250.225575
1657310400,7.126,7.193,7.017,7.04,167440.526895
1657324800,7.039,7.145,7.039,7.102,161389.782171
1657339200,7.102,7.3,7.071,7.267,263694.773851
1657353600,7.267,7.361,7.211,7.222,250404.468034
1657368000,7.221,7.264,7.183,7.216,185672.731425
1657382400,7.215,7.345,7.209,7.263,159289.838102
1657396800,7.26,7.322,7.24,7.256,100558.152156
1657411200,7.256,7.271,7.013,7.047,293716.743565
1657425600,7.046,7.1,6.973,7.091,181928.309968
1657440000,7.091,7.12,6.958,7.021,154342.459994
1657454400,7.021,7.043,6.751,6.817,828701.548073
1657468800,6.818,6.897,6.757,6.884,159229.089254
1657483200,6.884,6.921,6.809,6.857,143139.098293
1657497600,6.858,6.861,6.695,6.786,283277.179084
1657512000,6.785,6.811,6.71,6.771,175191.138895
1657526400,6.764,6.903,6.758,6.813,175015.788737
1657540800,6.812,6.91,6.701,6.795,430448.862305
1657555200,6.795,6.896,6.774,6.837,155888.603519
1657569600,6.837,6.841,6.5,6.525,536202.971407
1657584000,6.525,6.621,6.5,6.542,459167.570808
1657598400,6.543,6.622,6.424,6.462,298642.714302
1657612800,6.462,6.508,6.328,6.478,720869.126075
1657627200,6.478,6.555,6.446,6.515,243973.007231
1657641600,6.514,6.562,6.333,6.379,281785.039051
1657656000,6.378,6.426,6.25,6.28,252756.643657
1657670400,6.28,6.395,6.223,6.363,186357.586038
1657684800,6.364,6.46,6.352,6.458,180732.804994
1657699200,6.459,6.51,6.43,6.47,188662.73033
1657713600,6.47,6.55,5.973,6.239,1855079.295764
1657728000,6.239,6.4,6.179,6.282,282111.440217
1657742400,6.284,6.49,6.273,6.464,286391.520668
1657756800,6.465,6.516,6.435,6.462,242974.372294
1657771200,6.461,6.514,6.41,6.438,681262.996409
1657785600,6.437,6.453,6.291,6.341,183578.236029
1657800000,6.344,6.544,6.289,6.536,354614.158448
1657814400,6.536,6.767,6.495,6.719,383207.97397
1657828800,6.72,6.764,6.634,6.724,162267.69208
1657843200,6.724,6.811,6.655,6.72,237661.793761
1657857600,6.72,6.799,6.674,6.784,231837.095207
1657872000,6.784,6.942,6.778,6.838,359892.845224
1657886400,6.838,6.943,6.804,6.822,304606.771509
1657900800,6.821,6.954,6.751,6.945,305936.826688
1657915200,6.946,6.99,6.774,6.797,195420.301589
1657929600,6.797,6.814,6.688,6.758,243781.689275
1657944000,6.758,6.768,6.56,6.588,226262.97846
1657958400,6.587,6.644,6.578,6.62,146231.520324
1657972800,6.62,6.849,6.609,6.84,281141.710543
1657987200,6.838,7.184,6.833,7.093,762185.170419
1658001600,7.094,7.219,7.035,7.192,246174.235114
1658016000,7.191,7.256,7.074,7.171,302417.080251
1658030400,7.172,7.329,7.139,7.208,288948.304093
1658044800,7.209,7.235,7.07,7.137,313936.194894
1658059200,7.137,7.158,6.995,7.025,221199.954135
1658073600,7.025,7.141,6.878,7.008,264621.536644
1658088000,7.008,7.058,6.907,6.92,138611.746336
1658102400,6.92,7.256,6.904,7.196,434269.391446
1658116800,7.196,7.57,7.134,7.527,644560.919642
1658131200,7.527,7.63,7.384,7.443,568859.765829
1658145600,7.443,7.727,7.361,7.68,520909.542279
1658160000,7.679,7.687,7.238,7.326,491396.387978
1658174400,7.327,7.721,7.268,7.657,397925.525508
1658188800,7.656,7.99,7.562,7.602,1632190.894119
1658203200,7.603,7.708,7.488,7.563,598382.806461
1658217600,7.564,7.814,7.531,7.726,415978.457246
1658232000,7.725,7.921,7.628,7.801,708495.721223
1658246400,7.805,8.033,7.786,7.843,740253.693407
1658260800,7.843,7.976,7.748,7.793,301150.234319
1658275200,7.793,7.929,7.65,7.894,334786.701332
1658289600,7.895,8.081,7.817,7.822,467479.734135
1658304000,7.82,7.972,7.694,7.837,416047.170996
1658318400,7.836,8.0,7.708,7.945,1056205.06155
1658332800,7.945,7.966,7.61,7.686,503988.757534
1658347200,7.685,7.732,7.362,7.47,576987.512572
1658361600,7.467,7.545,7.194,7.257,427111.104981
1658376000,7.257,7.414,7.172,7.361,242120.218934
1658390400,7.36,7.434,7.271,7.321,211514.95434
1658404800,7.321,7.437,7.21,7.325,631450.158538
1658419200,7.325,7.548,7.32,7.547,298507.747597
1658433600,7.544,7.594,7.453,7.527,216035.133275
1658448000,7.527,7.639,7.405,7.432,479647.040862
1658462400,7.435,7.721,7.366,7.674,366932.946569
1658476800,7.675,7.851,7.642,7.811,463857.895573
1658491200,7.811,7.835,7.5,7.526,443349.323175
1658505600,7.525,7.613,7.311,7.334,403293.909506
1658520000,7.335,7.383,7.262,7.292,213171.111463
1658534400,7.292,7.455,7.214,7.354,464777.75944
1658548800,7.354,7.496,7.353,7.409,222959.652033
1658563200,7.409,7.455,7.164,7.168,412289.22601
1658577600,7.169,7.294,7.131,7.253,273390.13074
1658592000,7.251,7.28,7.081,7.205,303782.185936
1658606400,7.204,7.372,7.195,7.326,172722.002128
1658620800,7.325,7.54,7.306,7.34,369709.951683
1658635200,7.34,7.5,7.333,7.461,406325.237777
1658649600,7.46,7.543,7.37,7.446,559059.354949
1658664000,7.443,7.493,7.317,7.491,433307.880659
1658678400,7.491,7.497,7.38,7.423,141903.529889
1658692800,7.422,7.583,7.359,7.397,222605.07612
1658707200,7.397,7.441,7.018,7.06,763705.616318
1658721600,7.06,7.125,7.014,7.109,189106.041223
1658736000,7.108,7.197,7.067,7.136,184879.58302
1658750400,7.136,7.139,6.957,7.053,816489.23341
1658764800,7.053,7.116,6.827,6.953,353468.639946
1658779200,6.954,7.087,6.723,6.753,519202.409505
1658793600,6.754,6.767,6.6,6.714,458999.168807
1658808000,6.714,6.76,6.62,6.666,235584.083155
1658822400,6.663,6.72,6.61,6.671,345711.978824
1658836800,6.67,6.718,6.525,6.543,456184.232227
1658851200,6.544,6.647,6.521,6.593,239636.234369
1658865600,6.592,6.791,6.562,6.776,249576.579737
1658880000,6.777,6.799,6.649,6.66,189332.222362
1658894400,6.662,6.852,6.662,6.803,238413.708367
1658908800,6.804,6.847,6.713,6.729,167307.477103
1658923200,6.73,6.862,6.71,6.82,495870.437081
1658937600,6.82,7.283,6.717,7.243,1215454.697437
1658952000,7.243,7.761,7.23,7.701,1525279.372679
1658966400,7.7,7.937,7.667,7.708,1262549.326784
1658980800,7.708,7.762,7.557,7.568,734278.456089
1658995200,7.568,7.691,7.515,7.683,485237.309649
1659009600,7.683,7.966,7.454,7.863,1283130.741017
1659024000,7.863,7.978,7.821,7.89,546253.926747
1659038400,7.891,8.076,7.827,7.856,417801.630336
1659052800,7.856,8.17,7.755,8.127,773964.751021
1659067200,8.128,8.259,7.924,7.996,732933.400535
1659081600,7.996,8.148,7.814,7.915,416721.247024
1659096000,7.914,8.335,7.77,8.255,844670.980597
1659110400,8.256,8.29,7.98,8.221,518096.550074
1659124800,8.221,8.418,8.141,8.183,367494.292154
1659139200,8.184,8.442,8.154,8.386,503860.7474
1659153600,8.387,8.52,8.229,8.46,392822.568358
1659168000,8.462,8.845,8.444,8.634,708942.621564
1659182400,8.634,8.707,8.515,8.658,559891.881462
1659196800,8.659,8.813,8.42,8.45,514794.178425
1659211200,8.449,8.486,8.159,8.2,750430.968537
1659225600,8.2,8.357,8.15,8.188,1105760.784018
1659240000,8.188,8.331,8.188,8.252,252340.630847
1659254400,8.25,8.357,8.077,8.314,307910.111985
1659268800,8.313,8.394,8.254,8.367,409892.122723
1659283200,8.368,9.187,8.334,8.997,1839532.796034
1659297600,8.997,9.207,8.614,8.624,701598.494785
1659312000,8.624,8.988,8.573,8.909,513490.760897
1659326400,8.913,8.945,8.609,8.801,447842.850999
1659340800,8.801,8.839,8.375,8.495,455991.568663
1659355200,8.492,8.591,8.282,8.462,693411.774213
1659369600,8.462,8.478,8.083,8.19,506706.518801
1659384000,8.19,8.264,8.02,8.179,348613.993534
1659398400,8.177,8.276,7.68,7.695,864446.226701
1659412800,7.694,7.872,7.671,7.828,405706.023438
1659427200,7.827,7.972,7.712,7.899,419806.475774
1659441600,7.899,8.099,7.746,8.005,671175.58704
1659456000,8.005,8.225,7.874,7.93,623535.860705
1659470400,7.931,8.038,7.875,7.927,231685.022121
1659484800,7.927,7.973,7.672,7.914,562704.788285
1659499200,7.914,8.046,7.888,7.986,329247.567285
1659513600,7.987,8.183,7.986,8.152,320355.87065
1659528000,8.153,8.328,8.138,8.276,380321.879052
1659542400,8.276,8.412,8.253,8.378,297474.198782
1659556800,8.378,8.445,7.948,7.992,439291.189542
1659571200,7.992,8.246,7.974,8.185,311229.853657
1659585600,8.185,8.273,7.966,8.091,297015.008834
1659600000,8.091,8.112,8.005,8.056,290043.776635
1659614400,8.055,8.239,7.965,8.14,352132.38378
1659628800,8.14,8.21,7.88,7.965,452873.61709
1659643200,7.965,8.104,7.96,8.092,122189.673823
1659657600,8.092,8.415,8.066,8.383,367759.624748
1659672000,8.383,8.512,8.344,8.368,253226.329995
1659686400,8.366,8.55,8.344,8.529,273653.619802
1659700800,8.529,8.557,8.264,8.372,493465.598266
1659715200,8.372,8.68,8.337,8.517,453180.782002
1659729600,8.515,8.84,8.481,8.807,249445.822392
1659744000,8.807,8.833,8.605,8.641,238201.84719
1659758400,8.642,8.81,8.628,8.781,239929.22551
1659772800,8.782,8.88,8.658,8.686,228502.955381
1659787200,8.686,8.777,8.644,8.703,218425.275649
1659801600,8.702,8.738,8.54,8.622,493505.165587
1659816000,8.622,8.631,8.488,8.522,146458.65254
1659830400,8.521,8.571,8.347,8.53,178851.498548
1659844800,8.53,8.569,8.418,8.487,113619.598175
1659859200,8.487,8.536,8.409,8.535,133181.785484
1659873600,8.535,8.63,8.509,8.548,189192.027024
1659888000,8.55,8.934,8.51,8.76,326168.545973
1659902400,8.758,8.844,8.592,8.653,200798.965672
1659916800,8.651,8.849,8.633,8.778,241538.098267
1659931200,8.778,9.098,8.773,9.074,281460.673827
1659945600,9.071,9.385,9.068,9.326,987756.71711
1659960000,9.328,9.362,9.129,9.192,362872.646826
1659974400,9.192,9.299,9.089,9.266,216609.027829
1659988800,9.266,9.36,9.057,9.271,308910.684212
1660003200,9.27,9.473,9.102,9.202,344950.480278
1660017600,9.202,9.274,9.076,9.16,228313.865936
1660032000,9.159,9.161,8.829,8.881,446819.371112
1660046400,8.881,9.045,8.645,8.699,520690.563088
1660060800,8.698,8.816,8.673,8.778,225243.437693
1660075200,8.777,8.968,8.771,8.9,200364.888748
1660089600,8.899,8.92,8.547,8.614,412080.84016
1660104000,8.617,8.73,8.571,8.689,260113.617065
1660118400,8.689,8.808,8.673,8.785,195759.97461
1660132800,8.785,9.646,8.709,9.527,1458689.707053
1660147200,9.528,9.639,9.441,9.507,335571.453095
1660161600,9.508,9.611,9.441,9.526,169517.357525
1660176000,9.527,9.648,9.439,9.485,424183.993462
1660190400,9.486,9.535,9.318,9.375,367943.521997
1660204800,9.379,9.447,9.303,9.378,212440.886618
1660219200,9.377,9.565,9.252,9.278,506143.209996
1660233600,9.277,9.364,9.21,9.3,203679.211954
1660248000,9.301,9.323,9.126,9.199,172249.658659
1660262400,9.199,9.285,9.031,9.245,204016.63946
1660276800,9.244,9.277,9.11,9.228,132742.01385
1660291200,9.228,9.381,9.043,9.106,366013.030099
1660305600,9.107,9.465,9.098,9.377,375161.910785
1660320000,9.376,9.467,9.315,9.404,151140.501259
1660334400,9.403,9.5,9.307,9.476,169898.111596
1660348800,9.476,9.59,9.39,9.57,268079.04907
1660363200,9.57,9.687,9.467,9.475,224007.621303
1660377600,9.475,9.553,9.427,9.494,194449.456785
1660392000,9.493,9.55,9.403,9.481,229117.175124
1660406400,9.481,9.52,9.343,9.35,185093.515689
1660420800,9.349,9.413,9.249,9.299,123242.612919
1660435200,9.301,9.386,9.222,9.354,228882.5583
1660449600,9.354,9.56,9.32,9.502,187005.780516
1660464000,9.501,9.517,9.339,9.365,157345.875607
1660478400,9.364,9.364,9.114,9.188,304989.769584
1660492800,9.189,9.218,8.815,8.959,506072.333826
1660507200,8.958,9.023,8.885,8.951,144674.325469
1660521600,8.953,9.383,8.874,9.264,369154.546064
1660536000,9.267,9.284,8.71,8.748,451357.612495
1660550400,8.749,8.896,8.691,8.788,212289.624461
1660564800,8.788,8.935,8.71,8.92,179486.989267
1660579200,8.92,8.971,8.765,8.788,176083.735483
1660593600,8.789,8.846,8.624,8.786,253175.698357
1660608000,8.786,8.895,8.635,8.795,201864.513294
1660622400,8.796,8.827,8.643,8.754,115648.163604
1660636800,8.755,8.906,8.709,8.868,156316.446321
1660651200,8.868,8.957,8.641,8.802,277504.965052
1660665600,8.801,8.939,8.682,8.846,209323.680417
1660680000,8.846,8.936,8.775,8.836,119430.006135
1660694400,8.836,9.027,8.819,8.962,271505.759708
1660708800,8.963,9.168,8.808,8.819,396556.651549
1660723200,8.818,8.903,8.722,8.754,261695.857981
1660737600,8.754,8.754,8.316,8.401,564752.966644
1660752000,8.401,8.532,8.367,8.413,239782.823554
1660766400,8.414,8.503,8.32,8.376,160294.980733
1660780800,8.376,8.49,8.26,8.426,263734.535154
1660795200,8.426,8.503,8.375,8.484,115563.433553
1660809600,8.484,8.513,8.405,8.488,138614.421787
1660824000,8.488,8.6,8.429,8.491,170979.14698
1660838400,8.49,8.502,8.3,8.378,189361.734795
1660852800,8.376,8.447,7.98,8.085,468618.865302
1660867200,8.085,8.09,7.755,7.805,472064.569844
1660881600,7.804,7.87,7.284,7.518,833539.897623
1660896000,7.518,7.603,7.36,7.483,475691.537028
1660910400,7.483,7.57,7.375,7.533,274996.060154
1660924800,7.533,7.682,7.4,7.493,265380.419909
1660939200,7.493,7.521,7.224,7.305,522594.916522
1660953600,7.305,7.475,7.273,7.405,387777.694467
1660968000,7.404,7.521,7.372,7.484,335651.499254
1660982400,7.484,7.49,7.387,7.418,144305.832302
1660996800,7.417,7.453,7.371,7.417,176680.304146
1661011200,7.417,7.433,7.087,7.143,454733.890518
1661025600,7.144,7.276,7.032,7.228,391217.170654
1661040000,7.228,7.305,7.2,7.227,163533.350773
1661054400,7.227,7.392,7.169,7.372,176003.217612
1661068800,7.372,7.5,7.318,7.444,361445.061201
1661083200,7.444,7.469,7.339,7.4,136502.890342
1661097600,7.4,7.479,7.369,7.437,135698.755645
1661112000,7.438,7.529,7.3,7.438,279269.147705
1661126400,7.438,7.446,7.335,7.337,121502.747658
1661140800,7.336,7.379,7.11,7.136,295568.641002
1661155200,7.136,7.258,7.0,7.169,460853.016055
1661169600,7.17,7.284,7.064,7.263,240692.891824
1661184000,7.263,7.305,7.139,7.202,172475.816425
1661198400,7.203,7.413,7.203,7.402,183294.102462
1661212800,7.402,7.475,7.364,7.401,181099.816539
1661227200,7.4,7.43,7.185,7.394,235379.454147
1661241600,7.394,7.715,7.393,7.627,476132.713807
1661256000,7.628,7.687,7.509,7.59,340787.732664
1661270400,7.59,7.653,7.523,7.623,136156.82115
1661284800,7.624,7.693,7.58,7.643,197874.956569
1661299200,7.644,7.688,7.429,7.468,218574.421624
1661313600,7.467,7.573,7.417,7.482,117259.755404
1661328000,7.481,7.63,7.479,7.597,152187.681314
1661342400,7.598,7.689,7.508,7.668,180307.209108
1661356800,7.669,7.774,7.646,7.67,247592.896371
1661371200,7.669,7.723,7.558,7.564,157575.720177
1661385600,7.564,7.699,7.525,7.56,128506.98582
1661400000,7.559,7.759,7.553,7.728,287850.194359
1661414400,7.729,7.742,7.631,7.682,174693.896241
1661428800,7.681,7.705,7.45,7.536,264164.685794
1661443200,7.537,7.593,7.485,7.59,153882.621443
1661457600,7.591,7.644,7.518,7.582,95015.549312
1661472000,7.582,7.582,7.469,7.555,156408.962058
1661486400,7.554,7.57,7.365,7.442,120822.086548
1661500800,7.442,7.497,7.294,7.379,245949.092755
1661515200,7.379,7.685,7.129,7.198,924319.910216
1661529600,7.197,7.207,7.023,7.096,272259.491204
1661544000,7.095,7.146,6.863,6.924,510091.19105
1661558400,6.923,6.99,6.871,6.938,236219.391523
1661572800,6.937,7.042,6.798,7.036,286874.700052
1661587200,7.038,7.064,6.978,7.029,224871.170576
1661601600,7.029,7.07,6.905,6.982,210420.981396
1661616000,6.982,7.07,6.897,7.026,237570.8542
1661630400,7.025,7.104,6.983,7.045,169761.607889
1661644800,7.045,7.127,6.975,7.037,157975.301064
1661659200,7.038,7.118,7.01,7.088,117255.31308
1661673600,7.088,7.112,7.035,7.068,103223.82811
1661688000,7.069,7.092,6.947,7.089,194524.185977
1661702400,7.09,7.151,7.049,7.067,186620.021112
1661716800,7.066,7.104,6.811,6.863,288693.693196
1661731200,6.863,7.005,6.781,6.964,245865.874511
1661745600,6.965,6.982,6.897,6.968,103972.066492
1661760000,6.968,6.971,6.908,6.944,106849.752934
1661774400,6.945,7.285,6.938,7.223,440063.525409
1661788800,7.224,7.256,7.137,7.164,142911.886896
1661803200,7.165,7.315,7.155,7.272,143370.006228
1661817600,7.272,7.29,7.183,7.255,118308.497552
1661832000,7.256,7.363,7.252,7.306,124070.60704
1661846400,7.305,7.377,7.225,7.258,160053.051638
1661860800,7.258,7.276,6.957,7.032,327958.154585
1661875200,7.033,7.103,6.879,7.02,256467.327851
1661889600,7.021,7.093,6.977,7.009,129793.801922
1661904000,7.01,7.277,7.01,7.247,187085.724137
1661918400,7.247,7.29,7.162,7.173,160101.313569
1661932800,7.174,7.261,7.111,7.2,129807.138071
1661947200,7.201,7.245,6.999,7.104,232125.049274
1661961600,7.103,7.148,6.981,7.096,167329.704423
1661976000,7.097,7.138,6.981,7.032,114979.578869
1661990400,7.032,7.084,6.942,6.992,140402.432942
1662004800,6.992,7.048,6.912,6.959,184938.653721
1662019200,6.959,7.087,6.923,7.066,149853.329114
1662033600,7.066,7.08,6.86,6.959,288088.369506
1662048000,6.959,7.072,6.925,7.058,148396.643836
1662062400,7.058,7.207,7.058,7.182,152643.938326
1662076800,7.183,7.299,7.118,7.261,194147.801214
1662091200,7.261,7.303,7.195,7.278,158132.00931
1662105600,7.276,7.305,7.204,7.261,164433.692683
1662120000,7.262,7.571,7.246,7.547,631464.601731
1662134400,7.548,7.568,7.26,7.309,309182.408383
1662148800,7.309,7.379,7.273,7.299,127659.017711
1662163200,7.299,7.31,7.174,7.226,199150.414319
1662177600,7.227,7.312,7.18,7.232,195664.764699
1662192000,7.232,7.276,7.209,7.223,110833.934164
1662206400,7.223,7.295,7.218,7.25,102955.619603
1662220800,7.251,7.303,7.2,7.248,93742.311388
1662235200,7.247,7.289,7.236,7.287,45931.277244
1662249600,7.288,7.407,7.274,7.306,150781.201381
1662264000,7.306,7.338,7.2,7.201,280476.679713
1662278400,7.2,7.281,7.14,7.277,213192.966832
1662292800,7.277,7.333,7.156,7.242,188839.610391
1662307200,7.241,7.299,7.207,7.278,302544.991006
1662321600,7.278,7.414,7.253,7.378,147175.551038
1662336000,7.379,7.591,7.379,7.585,299857.547312
1662350400,7.586,7.636,7.446,7.469,268135.914558
1662364800,7.47,7.548,7.44,7.488,151450.462505
1662379200,7.488,7.581,7.47,7.522,232150.409423
1662393600,7.522,7.56,7.265,7.275,225012.298327
1662408000,7.275,7.4,7.264,7.371,184540.626027
1662422400,7.371,7.671,7.367,7.529,446917.186922
1662436800,7.529,7.623,7.513,7.58,161163.437592
1662451200,7.581,7.69,7.535,7.62,162154.909454
1662465600,7.619,7.658,7.461,7.572,299744.799642
1662480000,7.573,7.593,6.875,6.925,889342.362427
1662494400,6.925,6.962,6.813,6.876,310333.607483
1662508800,6.876,6.933,6.752,6.875,378920.046632
1662523200,6.874,6.978,6.849,6.972,193062.376624
1662537600,6.971,7.001,6.936,6.968,204582.388995
1662552000,6.969,7.175,6.936,7.11,508498.096117
1662566400,7.11,7.226,7.07,7.127,271519.774363
1662580800,7.126,7.296,7.126,7.197,311395.238405
1662595200,7.199,7.249,7.163,7.18,196891.695615
1662609600,7.18,7.232,7.059,7.117,213385.491332
1662624000,7.114,7.326,7.035,7.235,576173.193124
1662638400,7.235,7.329,7.073,7.251,557492.464145
1662652800,7.252,7.428,7.169,7.422,286110.466268
1662667200,7.424,7.45,7.355,7.386,183702.160663
1662681600,7.387,7.575,7.358,7.546,289446.445082
1662696000,7.546,7.732,7.524,7.712,497391.791961
1662710400,7.713,7.878,7.69,7.795,570166.281175
1662724800,7.794,7.943,7.759,7.793,695561.254441
1662739200,7.792,7.928,7.666,7.74,418150.766787
1662753600,7.739,7.874,7.668,7.756,266277.459844
1662768000,7.757,7.84,7.703,7.735,225874.931688
1662782400,7.737,7.879,7.627,7.673,320087.013528
1662796800,7.673,7.749,7.635,7.696,227780.345516
1662811200,7.697,7.75,7.584,7.657,261313.137813
1662825600,7.658,7.756,7.633,7.727,198528.680411
1662840000,7.728,7.839,7.676,7.776,234632.149969
1662854400,7.775,7.837,7.711,7.721,141337.775011
1662868800,7.72,7.777,7.61,7.714,160548.489614
1662883200,7.714,7.741,7.675,7.707,138907.934295
1662897600,7.705,7.9,7.681,7.733,326723.982508
1662912000,7.735,7.832,7.71,7.73,158384.804299
1662926400,7.729,7.745,7.542,7.701,305666.912231
1662940800,7.702,7.883,7.565,7.616,502523.17595
1662955200,7.617,7.78,7.607,7.764,196955.489936
1662969600,7.763,8.022,7.726,7.918,666505.725093
1662984000,7.917,8.051,7.661,7.714,511401.558428
1662998400,7.712,7.761,7.607,7.747,287040.76558
1663012800,7.746,7.786,7.634,7.663,181029.476289
1663027200,7.663,7.674,7.464,7.62,371092.470541
1663041600,7.621,7.715,7.582,7.662,298154.53406
1663056000,7.662,7.896,7.611,7.884,359904.349823
1663070400,7.884,7.954,7.205,7.233,1233132.301129
1663084800,7.232,7.28,7.055,7.161,337869.617249
1663099200,7.162,7.214,7.03,7.069,256759.821509
1663113600,7.066,7.225,7.028,7.195,283101.952538
1663128000,7.194,7.231,7.063,7.146,168376.785393
1663142400,7.146,7.203,7.09,7.166,205870.769097
1663156800,7.167,7.301,7.098,7.207,390368.620964
1663171200,7.208,7.243,7.012,7.154,298214.833853
1663185600,7.151,7.245,7.115,7.207,189568.98258
1663200000,7.205,7.238,6.955,7.041,390103.84053
1663214400,7.042,7.221,6.927,7.172,556764.311846
1663228800,7.172,7.172,7.05,7.096,145247.982015
1663243200,7.096,7.143,6.887,6.945,661122.207428
1663257600,6.947,7.038,6.908,6.971,224474.079361
1663272000,6.973,7.004,6.873,6.931,248521.766387
1663286400,6.932,6.974,6.845,6.915,283146.024363
1663300800,6.915,6.941,6.885,6.889,161388.300825
1663315200,6.89,6.921,6.813,6.921,197426.541396
1663329600,6.921,6.923,6.753,6.844,323367.575795
1663344000,6.843,6.892,6.7,6.817,326180.981632
1663358400,6.817,6.909,6.816,6.905,138024.154781
1663372800,6.906,7.06,6.904,6.987,240978.331656
1663387200,6.986,7.029,6.968,7.024,105651.235963
1663401600,7.024,7.035,6.949,6.955,96445.171971
1663416000,6.955,7.089,6.924,7.076,99575.671085
1663430400,7.076,7.151,7.076,7.112,117940.452589
1663444800,7.116,7.16,7.009,7.06,125313.433461
1663459200,7.06,7.065,6.958,6.973,161174.493211
1663473600,6.974,7.046,6.972,6.994,128332.324546
1663488000,6.994,7.022,6.851,6.901,200556.204713
1663502400,6.901,6.909,6.794,6.811,188947.843805
1663516800,6.811,6.831,6.708,6.781,236568.625837
1663531200,6.777,6.78,6.3,6.444,657416.191121
1663545600,6.444,6.555,6.255,6.303,508517.557979
1663560000,6.302,6.336,6.106,6.197,570410.677015
1663574400,6.197,6.278,6.15,6.255,294625.668398
1663588800,6.255,6.45,6.254,6.343,435260.690503
1663603200,6.343,6.407,6.232,6.395,192251.832366
1663617600,6.396,6.444,6.369,6.385,141690.926951
1663632000,6.386,6.418,6.254,6.325,164720.033666
1663646400,6.325,6.408,6.281,6.326,120325.464893
1663660800,6.324,6.357,6.239,6.29,151751.884834
1663675200,6.291,6.367,6.169,6.358,308137.331724
1663689600,6.359,6.383,6.212,6.301,229336.099349
1663704000,6.302,6.323,6.207,6.287,104855.745864
1663718400,6.287,6.36,6.258,6.329,102193.399706
1663732800,6.329,6.38,6.141,6.249,226847.875259
1663747200,6.249,6.363,6.223,6.353,190346.184553
1663761600,6.354,6.417,6.257,6.282,294469.200539
1663776000,6.282,6.578,6.147,6.259,1018633.33494
1663790400,6.259,6.273,5.969,6.124,591009.934678
1663804800,6.123,6.247,6.08,6.214,203482.508728
1663819200,6.215,6.349,6.212,6.342,147875.156301
1663833600,6.341,6.477,6.328,6.467,199570.057655
1663848000,6.467,6.486,6.315,6.371,242423.855334
1663862400,6.371,6.523,6.313,6.455,163046.646854
1663876800,6.457,6.522,6.397,6.445,162110.900564
1663891200,6.446,6.625,6.388,6.556,260497.259876
1663905600,6.556,6.64,6.459,6.477,294510.022672
1663920000,6.477,6.509,6.257,6.289,399510.461562
1663934400,6.288,6.436,6.192,6.306,383021.337041
1663948800,6.305,6.341,6.235,6.333,204459.457415
1663963200,6.332,6.483,6.293,6.434,219942.862228
1663977600,6.434,6.515,6.383,6.433,312714.616596
1663992000,6.433,6.498,6.384,6.409,161925.934008
1664006400,6.409,6.461,6.371,6.416,101421.672845
1664020800,6.415,6.478,6.41,6.452,109215.801668
1664035200,6.452,6.472,6.408,6.427,107923.092726
1664049600,6.427,6.444,6.238,6.271,211933.825758
1664064000,6.27,6.339,6.255,6.338,139522.451267
1664078400,6.337,6.355,6.28,6.345,80387.887765
1664092800,6.345,6.378,6.261,6.337,130885.290712
1664107200,6.337,6.344,6.216,6.275,161025.493158
1664121600,6.275,6.316,6.167,6.237,145868.60472
1664136000,6.235,6.244,6.082,6.203,154102.983934
1664150400,6.203,6.399,6.176,6.308,290408.079198
1664164800,6.308,6.333,6.154,6.267,503849.56468
1664179200,6.268,6.448,6.263,6.4,386245.390548
1664193600,6.396,6.559,6.372,6.542,441719.908301
1664208000,6.541,6.579,6.448,6.53,208498.812142
1664222400,6.531,6.574,6.495,6.558,149240.817728
1664236800,6.558,6.786,6.54,6.753,402849.082202
1664251200,6.754,6.805,6.731,6.736,224745.697298
1664265600,6.736,6.764,6.681,6.717,229119.115225
1664280000,6.716,6.772,6.634,6.639,224244.762868
1664294400,6.64,6.659,6.247,6.355,470637.617614
1664308800,6.354,6.406,6.314,6.373,115350.360826
1664323200,6.374,6.417,6.171,6.262,313996.800879
1664337600,6.263,6.314,6.234,6.307,151991.29734
1664352000,6.307,6.354,6.219,6.332,181730.471029
1664366400,6.332,6.447,6.304,6.44,224480.244389
1664380800,6.439,6.467,6.349,6.427,161908.396513
1664395200,6.428,6.468,6.37,6.388,162306.167525
1664409600,6.389,6.454,6.366,6.435,164141.910454
1664424000,6.436,6.476,6.344,6.389,145498.927199
1664438400,6.388,6.49,6.372,6.448,166729.160148
1664452800,6.447,6.448,6.259,6.364,345627.772223
1664467200,6.364,6.411,6.326,6.376,138010.088502
1664481600,6.377,6.443,6.37,6.436,127763.327832
1664496000,6.434,6.476,6.397,6.41,180181.488096
1664510400,6.411,6.53,6.406,6.512,174600.32888
1664524800,6.512,6.536,6.409,6.425,158290.553666
1664539200,6.423,6.571,6.348,6.449,428888.925958
1664553600,6.449,6.483,6.235,6.24,298995.512472
1664568000,6.239,6.331,6.219,6.323,235846.670101
1664582400,6.323,6.335,6.286,6.322,162230.695962
1664596800,6.321,6.327,6.27,6.322,90770.806136
1664611200,6.323,6.328,6.27,6.303,116818.528942
1664625600,6.302,6.319,6.274,6.293,97724.313658
1664640000,6.292,6.298,6.213,6.273,129164.631036
1664654400,6.272,6.294,6.237,6.272,69484.810113
1664668800,6.272,6.321,6.259,6.309,106735.2411
1664683200,6.309,6.326,6.277,6.298,65416.172806
1664697600,6.298,6.312,6.15,6.221,154182.006948
1664712000,6.219,6.233,6.186,6.223,85139.009947
1664726400,6.222,6.319,6.217,6.301,126803.381925
1664740800,6.302,6.315,6.127,6.158,185750.338732
1664755200,6.157,6.264,6.086,6.234,193062.040711
1664769600,6.235,6.269,6.182,6.226,163149.869156
1664784000,6.226,6.307,6.212,6.296,87925.537672
1664798400,6.296,6.368,6.253,6.319,209236.51884
1664812800,6.32,6.375,6.295,6.327,132211.538337
1664827200,6.329,6.403,6.327,6.368,156739.781168
1664841600,6.368,6.405,6.345,6.384,86518.098985
1664856000,6.385,6.45,6.345,6.437,160369.304526
1664870400,6.438,6.471,6.398,6.445,105205.058887
1664884800,6.446,6.51,6.446,6.472,184404.268196
1664899200,6.473,6.492,6.397,6.483,137724.466091
1664913600,6.484,6.535,6.469,6.491,114853.223829
1664928000,6.492,6.505,6.379,6.395,114693.067349
1664942400,6.396,6.47,6.394,6.421,86291.220828
1664956800,6.421,6.425,6.321,6.335,110244.10204
1664971200,6.334,6.339,6.27,6.333,209281.516445
1664985600,6.335,6.414,6.318,6.388,141622.387245
1665000000,6.389,6.443,6.377,6.436,94493.838771
1665014400,6.435,6.52,6.435,6.487,218629.813255
1665028800,6.487,6.52,6.424,6.448,169933.025907
1665043200,6.447,6.471,6.409,6.466,119508.53587
1665057600,6.467,6.492,6.353,6.376,163841.649649
1665072000,6.375,6.42,6.353,6.386,119243.836977
1665086400,6.386,6.386,6.317,6.343,107574.333
1665100800,6.343,6.387,6.338,6.371,82343.764041
1665115200,6.371,6.393,6.342,6.364,94126.873492
1665129600,6.364,6.389,6.351,6.374,76854.332833
1665144000,6.373,6.387,6.26,6.305,324245.567918
1665158400,6.305,6.317,6.255,6.314,82580.743849
1665172800,6.312,6.34,6.305,6.328,48373.532046
1665187200,6.329,6.393,6.326,6.366,89499.488598
1665201600,6.367,6.376,6.337,6.358,61470.354954
1665216000,6.359,6.369,6.336,6.367,53015.354805
1665230400,6.366,6.367,6.316,6.335,48627.885134
1665244800,6.335,6.358,6.315,6.32,34850.392756
1665259200,6.32,6.337,6.269,6.309,49351.003926
1665273600,6.309,6.325,6.284,6.302,54781.685029
1665288000,6.302,6.363,6.289,6.352,89843.112448
1665302400,6.353,6.412,6.338,6.394,98219.813619
1665316800,6.396,6.464,6.379,6.462,106342.078887
1665331200,6.463,6.492,6.453,6.472,113521.380698
1665345600,6.472,6.483,6.432,6.476,58651.484673
1665360000,6.478,6.544,6.435,6.445,182408.927316
1665374400,6.444,6.472,6.392,6.413,92326.077543
1665388800,6.413,6.417,6.28,6.359,179638.196229
1665403200,6.358,6.403,6.321,6.345,110750.424321
1665417600,6.346,6.38,6.298,6.351,98729.260851
1665432000,6.35,6.369,6.241,6.253,166376.554499
1665446400,6.253,6.253,6.123,6.196,193499.852732
1665460800,6.195,6.213,6.173,6.201,94057.750129
1665475200,6.201,6.219,6.163,6.211,78512.190279
1665489600,6.213,6.244,6.139,6.227,92904.225332
1665504000,6.228,6.248,6.169,6.196,88282.537768
1665518400,6.195,6.208,6.155,6.18,46198.840071
1665532800,6.18,6.221,6.165,6.185,97615.145773
1665547200,6.185,6.234,6.184,6.204,73900.82952
1665561600,6.204,6.244,6.194,6.205,59309.079314
1665576000,6.205,6.224,6.143,6.188,145835.089979
1665590400,6.188,6.193,6.126,6.164,57091.631694
1665604800,6.164,6.188,6.147,6.174,44273.377024
1665619200,6.172,6.179,6.019,6.095,186765.541531
1665633600,6.094,6.103,5.821,5.885,381738.413881
1665648000,5.884,5.93,5.705,5.864,498427.489316
1665662400,5.864,6.021,5.617,6.007,709744.308078
1665676800,6.007,6.147,5.989,6.117,193235.512192
1665691200,6.117,6.157,6.109,6.111,71528.545621
1665705600,6.11,6.272,6.087,6.237,274555.308828
1665720000,6.238,6.247,6.19,6.203,79687.2983
1665734400,6.204,6.244,6.178,6.178,133609.345645
1665748800,6.18,6.263,6.106,6.11,223394.328701
1665763200,6.11,6.12,6.031,6.052,135918.826363
1665777600,6.052,6.067,6.012,6.043,58745.517565
1665792000,6.043,6.073,6.037,6.066,61156.345139
1665806400,6.066,6.096,6.049,6.081,59881.60646
1665820800,6.078,6.083,6.022,6.079,65590.461095
1665835200,6.079,6.1,6.049,6.076,78052.981011
1665849600,6.077,6.097,6.035,6.075,72397.990067
1665864000,6.075,6.092,6.031,6.052,56051.270194
1665878400,6.052,6.149,6.049,6.122,127626.11002
1665892800,6.123,6.154,6.121,6.129,69794.353936
1665907200,6.13,6.189,6.13,6.155,73397.091238
1665921600,6.155,6.169,6.126,6.163,79950.177663
1665936000,6.164,6.238,6.134,6.232,76798.020364
1665950400,6.233,6.247,6.126,6.185,89254.37086
1665964800,6.184,6.207,6.126,6.142,84459.917491
1665979200,6.142,6.216,6.134,6.188,95185.752703
1665993600,6.187,6.232,6.158,6.211,93306.353789
1666008000,6.212,6.27,6.191,6.226,167277.773014
1666022400,6.228,6.241,6.182,6.219,83085.39459
1666036800,6.22,6.293,6.207,6.252,108719.089209
1666051200,6.253,6.299,6.2,6.243,134451.546482
1666065600,6.244,6.271,6.22,6.262,84354.607125
1666080000,6.261,6.261,6.136,6.186,143647.338816
1666094400,6.187,6.223,6.089,6.14,180544.718399
1666108800,6.139,6.167,6.067,6.149,123676.251465
1666123200,6.149,6.197,6.132,6.155,76679.732885
1666137600,6.155,6.175,6.106,6.135,88600.736238
1666152000,6.135,6.137,6.065,6.108,76459.47878
1666166400,6.107,6.147,6.073,6.107,99129.290408
1666180800,6.107,6.241,6.082,6.236,162644.712337
1666195200,6.236,6.254,6.168,6.229,122654.320785
1666209600,6.23,6.244,6.068,6.105,224886.426954
1666224000,6.103,6.11,5.992,6.07,188770.217884
1666238400,6.069,6.153,6.068,6.113,121567.378456
1666252800,6.114,6.145,6.089,6.127,70354.838214
1666267200,6.127,6.147,6.085,6.113,172039.8429
1666281600,6.113,6.113,5.895,5.962,219495.181309
1666296000,5.961,5.972,5.824,5.882,239054.384807
1666310400,5.883,5.89,5.783,5.865,229472.198467
1666324800,5.865,5.881,5.823,5.835,104857.449453
1666339200,5.836,5.864,5.727,5.82,423831.798149
1666353600,5.821,5.898,5.74,5.856,487234.129101
1666368000,5.857,5.891,5.788,5.867,207691.429872
1666382400,5.866,5.878,5.823,5.836,132216.981476
1666396800,5.837,5.851,5.789,5.81,123885.606003
1666411200,5.809,5.831,5.77,5.814,133471.960257
1666425600,5.813,5.871,5.805,5.847,149327.761875
1666440000,5.847,5.875,5.818,5.837,252226.871589
1666454400,5.837,5.843,5.8,5.83,117001.373622
1666468800,5.83,5.86,5.817,5.844,92657.757497
1666483200,5.845,5.881,5.806,5.861,161374.0364
1666497600,5.861,5.87,5.828,5.839,96354.721305
1666512000,5.839,5.856,5.78,5.794,127672.447375
1666526400,5.794,5.831,5.754,5.824,130799.609961
1666540800,5.823,5.949,5.812,5.921,115855.624126
1666555200,5.923,5.977,5.896,5.96,177620.494424
1666569600,5.962,5.99,5.864,5.869,161431.695408
1666584000,5.869,5.869,5.806,5.837,174200.993839
1666598400,5.837,5.91,5.816,5.907,165156.679639
1666612800,5.907,5.908,5.807,5.867,256446.537712
1666627200,5.866,5.911,5.85,5.887,125821.077175
1666641600,5.887,5.949,5.869,5.914,82029.410186
1666656000,5.916,5.956,5.896,5.934,155464.486254
1666670400,5.935,5.965,5.909,5.947,75957.686977
1666684800,5.947,5.965,5.916,5.952,82807.28583
1666699200,5.952,6.181,5.939,6.152,347254.229816
1666713600,6.151,6.625,6.151,6.546,1156254.407799
1666728000,6.545,6.559,6.402,6.436,243493.811551
1666742400,6.436,6.522,6.429,6.49,162090.640496
1666756800,6.49,6.549,6.468,6.517,217338.311478
1666771200,6.517,6.613,6.484,6.518,221845.511978
1666785600,6.518,6.589,6.412,6.476,381923.568674
1666800000,6.476,6.504,6.431,6.464,178935.219482
1666814400,6.465,6.5,6.428,6.466,138284.612961
1666828800,6.465,6.54,6.451,6.505,226001.497253
1666843200,6.505,6.642,6.462,6.52,295271.425086
1666857600,6.52,6.537,6.43,6.457,201410.909497
1666872000,6.455,6.543,6.401,6.43,322846.452265
1666886400,6.428,6.472,6.377,6.452,149987.195346
1666900800,6.451,6.457,6.28,6.33,211522.70632
1666915200,6.33,6.404,6.263,6.374,291860.159875
1666929600,6.374,6.419,6.325,6.365,218564.219695
1666944000,6.366,6.41,6.362,6.377,161812.181253
1666958400,6.376,6.492,6.33,6.445,448649.606517
1666972800,6.446,6.552,6.441,6.518,208060.65022
1666987200,6.519,6.585,6.498,6.515,103927.355211
1667001600,6.516,6.668,6.496,6.664,187046.689702
1667016000,6.664,6.688,6.557,6.599,189335.540791
1667030400,6.598,6.697,6.529,6.567,345173.837675
1667044800,6.567,6.594,6.491,6.531,233122.478143
1667059200,6.531,6.775,6.513,6.675,552190.427114
1667073600,6.676,6.699,6.564,6.636,129309.880801
1667088000,6.635,6.653,6.575,6.631,180134.108324
1667102400,6.631,6.74,6.588,6.737,166964.517465
1667116800,6.736,6.743,6.542,6.615,274207.949725
1667131200,6.614,6.63,6.526,6.541,206692.969618
1667145600,6.54,6.631,6.518,6.612,143886.724609
1667160000,6.612,6.661,6.541,6.654,112213.785104
1667174400,6.653,6.794,6.573,6.758,306824.014062
1667188800,6.758,6.764,6.635,6.734,232261.489737
1667203200,6.734,6.833,6.652,6.787,299930.508502
1667217600,6.788,6.805,6.587,6.647,415645.102789
1667232000,6.647,6.703,6.605,6.638,195411.810183
1667246400,6.639,6.665,6.57,6.622,163233.852469
1667260800,6.622,6.695,6.596,6.627,119932.817377
1667275200,6.626,6.713,6.6,6.688,139157.370721
1667289600,6.688,6.714,6.598,6.628,152402.253069
1667304000,6.628,6.637,6.477,6.516,281011.688537
1667318400,6.515,6.529,6.462,6.494,79727.772607
1667332800,6.493,6.496,6.453,6.457,65095.10465
1667347200,6.456,6.467,6.4,6.445,138082.329278
1667361600,6.445,6.466,6.325,6.362,131173.902931
1667376000,6.361,6.468,6.285,6.355,245306.706607
1667390400,6.355,6.399,6.32,6.327,150506.991834
1667404800,6.326,6.528,6.253,6.29,646170.304843
1667419200,6.288,6.319,6.162,6.255,215450.779961
1667433600,6.255,6.442,6.229,6.431,184412.160866
1667448000,6.432,6.534,6.424,6.436,285745.561952
1667462400,6.438,6.496,6.35,6.386,199605.643977
1667476800,6.386,6.483,6.324,6.446,251349.41715
1667491200,6.447,6.522,6.441,6.499,232816.177941
1667505600,6.5,6.506,6.411,6.423,167429.756223
1667520000,6.422,6.629,6.389,6.595,390701.043418
1667534400,6.595,6.725,6.576,6.689,381382.574016
1667548800,6.689,6.78,6.677,6.687,293039.06892
1667563200,6.686,6.966,6.597,6.747,904232.291369
1667577600,6.746,7.003,6.713,6.991,382213.448358
1667592000,6.992,7.097,6.952,7.056,357468.745203
1667606400,7.057,7.239,7.016,7.076,591133.615535
1667620800,7.076,7.1,7.016,7.066,143142.089086
1667635200,7.065,7.094,6.961,7.064,187672.462026
1667649600,7.064,7.137,6.973,7.114,161128.199665
1667664000,7.113,7.248,7.048,7.133,234861.858959
1667678400,7.132,7.132,6.939,7.027,158857.805925
1667692800,7.025,7.073,6.949,7.07,177542.740365
1667707200,7.07,7.07,6.952,7.006,86952.558027
1667721600,7.006,7.137,6.987,7.102,133968.868159
1667736000,7.103,7.147,7.021,7.096,143077.027734
1667750400,7.096,7.141,6.975,7.022,189246.309164
1667764800,7.022,7.04,6.79,6.813,196896.953879
1667779200,6.812,6.939,6.79,6.872,162412.970168
1667793600,6.872,6.918,6.663,6.666,218286.704741
1667808000,6.668,6.847,6.656,6.812,147040.400227
1667822400,6.813,7.139,6.806,7.136,345047.359177
1667836800,7.136,7.415,7.084,7.346,448538.638683
1667851200,7.345,7.361,7.037,7.117,317618.082116
1667865600,7.118,7.2,6.705,6.729,598907.307656
1667880000,6.729,6.788,6.362,6.643,764809.355809
1667894400,6.64,6.673,6.524,6.569,262191.321991
1667908800,6.568,6.623,6.411,6.583,244826.507071
1667923200,6.582,6.969,5.81,6.204,2441285.983807
1667937600,6.204,6.393,6.049,6.311,1058920.196534
1667952000,6.312,6.384,6.07,6.196,830495.580239
1667966400,6.196,6.327,6.103,6.275,719146.526211
1667980800,6.276,6.28,5.893,6.253,1040775.678783
1667995200,6.254,6.322,5.964,5.993,733727.773994
1668009600,5.992,6.082,5.8,5.936,659662.07076
1668024000,5.935,5.991,5.346,5.415,746316.353303
1668038400,5.415,5.687,5.33,5.592,660896.631898
1668052800,5.592,5.824,5.543,5.758,664363.410837
1668067200,5.758,5.784,5.587,5.654,522562.771608
1668081600,5.654,6.163,5.642,6.058,1134201.358783
1668096000,6.057,6.172,5.842,5.952,382793.687976
1668110400,5.951,6.067,5.885,5.973,274208.917271
1668124800,5.973,6.002,5.672,5.718,371596.415213
1668139200,5.719,5.846,5.681,5.826,218615.942696
1668153600,5.825,5.862,5.763,5.827,240997.522254
1668168000,5.826,5.921,5.531,5.633,497102.256334
1668182400,5.634,5.671,5.51,5.636,350442.650343
1668196800,5.636,5.784,5.568,5.749,193802.206851
1668211200,5.749,5.834,5.706,5.787,203578.450207
1668225600,5.787,5.791,5.563,5.696,284887.124017
1668240000,5.696,5.735,5.641,5.72,142442.890964
1668254400,5.72,5.809,5.67,5.777,221688.891197
1668268800,5.778,5.851,5.762,5.832,148542.554973
1668283200,5.831,5.875,5.731,5.78,189062.298878
1668297600,5.78,5.873,5.757,5.847,147513.75104
1668312000,5.848,5.968,5.798,5.883,260215.997584
1668326400,5.883,5.889,5.673,5.787,208762.079836
1668340800,5.786,5.895,5.732,5.837,287118.847483
1668355200,5.838,5.845,5.72,5.799,146385.264805
1668369600,5.799,5.803,5.626,5.75,154064.816476
1668384000,5.751,5.788,5.467,5.535,358269.324674
1668398400,5.535,5.808,5.448,5.795,291661.36509
1668412800,5.792,5.843,5.757,5.789,251549.21771
1668427200,5.788,5.894,5.672,5.823,327246.901756
1668441600,5.824,5.876,5.692,5.718,166114.408691
1668456000,5.718,5.883,5.706,5.864,115828.343642
1668470400,5.864,5.904,5.8,5.879,126665.923068
1668484800,5.878,5.915,5.824,5.909,81416.664267
1668499200,5.906,5.955,5.879,5.934,96696.545126
1668513600,5.934,6.047,5.931,6.008,217485.804233
1668528000,6.007,6.033,5.888,5.921,140731.202772
1668542400,5.922,5.938,5.889,5.923,55469.323819
1668556800,5.923,5.989,5.874,5.989,111540.71142
1668571200,5.99,5.992,5.923,5.937,55362.135075
1668585600,5.937,5.944,5.796,5.802,193380.659839
1668600000,5.8,5.81,5.632,5.661,184701.744957
1668614400,5.66,5.726,5.616,5.676,110790.227875
1668628800,5.674,5.736,5.642,5.708,100288.432432
1668643200,5.707,5.731,5.65,5.664,92927.137926
1668657600,5.665,5.707,5.596,5.68,123658.850467
1668672000,5.68,5.688,5.614,5.65,74534.281209
1668686400,5.651,5.699,5.57,5.652,138511.540391
1668700800,5.652,5.717,5.636,5.679,72384.425547
1668715200,5.68,5.711,5.651,5.673,60502.961715
1668729600,5.672,5.775,5.67,5.745,125354.641218
1668744000,5.744,5.748,5.708,5.713,60158.57534
1668758400,5.713,5.736,5.677,5.733,71842.625653
1668772800,5.732,5.75,5.681,5.705,71234.657506
1668787200,5.705,5.717,5.627,5.659,80408.335972
1668801600,5.66,5.66,5.61,5.643,48177.554196
1668816000,5.643,5.658,5.59,5.608,51515.403013
1668830400,5.611,5.614,5.529,5.555,117940.323839
1668844800,5.554,5.579,5.542,5.579,46303.255985
1668859200,5.58,5.607,5.55,5.593,81540.417725
1668873600,5.594,5.609,5.569,5.569,43281.444122
1668888000,5.571,5.639,5.56,5.603,54371.51607
1668902400,5.604,5.657,5.594,5.597,46958.060533
1668916800,5.599,5.63,5.597,5.616,46760.615668
1668931200,5.616,5.622,5.43,5.465,208645.086605
1668945600,5.459,5.5,5.426,5.469,158755.135781
1668960000,5.469,5.471,5.4,5.453,115354.553648
1668974400,5.455,5.455,5.252,5.294,195208.620938
1668988800,5.294,5.298,5.142,5.24,255406.863017
1669003200,5.239,5.288,5.185,5.214,151260.851476
1669017600,5.215,5.236,5.172,5.206,146032.320357
1669032000,5.207,5.276,5.187,5.236,150219.020371
1669046400,5.238,5.246,5.066,5.136,193877.140636
1669060800,5.135,5.233,5.127,5.187,157130.25776
1669075200,5.187,5.258,5.162,5.18,164924.865588
1669089600,5.181,5.192,4.981,5.058,292385.574836
1669104000,5.059,5.059,4.995,5.019,123893.316202
1669118400,5.02,5.313,5.009,5.297,336454.696502
1669132800,5.296,5.318,5.214,5.241,137605.411659
1669147200,5.242,5.295,5.241,5.284,70673.027658
1669161600,5.285,5.414,5.253,5.399,204864.652779
1669176000,5.401,5.447,5.377,5.445,124165.425622
1669190400,5.446,5.483,5.374,5.396,208451.697522
1669204800,5.396,5.401,5.315,5.377,200601.154955
1669219200,5.376,5.443,5.316,5.396,137595.235126
1669233600,5.397,5.455,5.375,5.437,136915.66417
1669248000,5.437,5.48,5.392,5.472,258450.303022
1669262400,5.473,5.518,5.448,5.479,267739.925578
1669276800,5.479,5.483,5.37,5.392,236459.510454
1669291200,5.391,5.4,5.35,5.379,140832.534196
1669305600,5.379,5.423,5.362,5.377,106751.823783
1669320000,5.378,5.411,5.333,5.389,101984.860696
1669334400,5.388,5.39,5.27,5.289,149277.67735
1669348800,5.29,5.31,5.248,5.298,105430.843807
1669363200,5.3,5.385,5.275,5.334,108557.117932
1669377600,5.334,5.37,5.26,5.286,204222.355801
1669392000,5.285,5.31,5.252,5.286,71458.491519
1669406400,5.285,5.315,5.263,5.266,63381.32084
1669420800,5.268,5.354,5.241,5.314,157934.206458
1669435200,5.313,5.349,5.3,5.347,89032.865052
1669449600,5.348,5.438,5.337,5.399,181111.008483
1669464000,5.4,5.456,5.335,5.394,204995.502299
1669478400,5.395,5.416,5.299,5.334,112907.609037
1669492800,5.334,5.342,5.261,5.302,49907.684044
1669507200,5.302,5.378,5.299,5.376,57253.26037
1669521600,5.377,5.439,5.365,5.407,71130.777893
1669536000,5.408,5.419,5.319,5.36,160486.603717
1669550400,5.361,5.42,5.36,5.414,90616.199932
1669564800,5.414,5.43,5.38,5.404,69132.594904
1669579200,5.404,5.411,5.26,5.3,144819.414514
1669593600,5.3,5.317,5.058,5.122,458317.359755
1669608000,5.121,5.186,5.114,5.179,118630.377764
1669622400,5.18,5.204,5.158,5.197,106634.879619
1669636800,5.196,5.207,5.105,5.124,154166.888377
1669651200,5.127,5.231,5.08,5.165,156720.447959
1669665600,5.165,5.185,5.104,5.133,78227.699333
1669680000,5.133,5.194,5.096,5.17,236004.950587
1669694400,5.171,5.286,5.169,5.265,216250.963125
1669708800,5.265,5.311,5.26,5.294,93177.067817
1669723200,5.293,5.318,5.245,5.277,176413.069228
1669737600,5.277,5.354,5.227,5.3,136278.984817
1669752000,5.3,5.341,5.293,5.308,79589.684201
1669766400,5.308,5.504,5.308,5.355,333156.840991
1669780800,5.355,5.432,5.353,5.426,113757.212762
1669795200,5.427,5.449,5.36,5.403,105959.111692
1669809600,5.406,5.421,5.36,5.421,126262.542215
1669824000,5.422,5.462,5.294,5.417,248236.340454
1669838400,5.418,5.494,5.416,5.467,131714.567396
1669852800,5.467,5.481,5.394,5.434,146468.300758
1669867200,5.434,5.439,5.374,5.374,104422.465512
1669881600,5.373,5.403,5.368,5.403,80104.898045
1669896000,5.401,5.446,5.318,5.382,239272.692719
1669910400,5.381,5.402,5.351,5.382,80023.399934
1669924800,5.38,5.41,5.353,5.41,76815.397212
1669939200,5.408,5.485,5.37,5.426,252707.15779
1669953600,5.423,5.445,5.386,5.427,114507.715326
1669968000,5.428,5.62,5.424,5.615,354892.879596
1669982400,5.613,5.683,5.528,5.645,444050.052812
1669996800,5.644,5.657,5.592,5.624,137930.611768
1670011200,5.624,5.65,5.611,5.623,157693.945979
1670025600,5.623,5.708,5.582,5.594,291552.671729
1670040000,5.593,5.622,5.553,5.556,185249.837576
1670054400,5.556,5.598,5.536,5.593,151728.444197
1670068800,5.592,5.597,5.548,5.557,80906.161396
1670083200,5.557,5.586,5.534,5.554,68502.557626
1670097600,5.553,5.555,5.481,5.493,101097.639536
1670112000,5.494,5.555,5.488,5.524,62061.603411
1670126400,5.525,5.602,5.519,5.584,99229.278785
1670140800,5.584,5.593,5.508,5.518,119412.283752
1670155200,5.518,5.555,5.511,5.546,63651.010372
1670169600,5.547,5.585,5.536,5.555,80234.755025
1670184000,5.555,5.611,5.523,5.592,111420.399508
1670198400,5.592,5.698,5.581,5.68,150724.617583
1670212800,5.681,5.73,5.674,5.702,145221.744427
1670227200,5.704,5.728,5.666,5.672,115712.944281
1670241600,5.672,5.672,5.53,5.544,160667.32436
1670256000,5.544,5.568,5.439,5.474,185208.831311
1670270400,5.473,5.504,5.45,5.487,95700.944924
1670284800,5.487,5.515,5.467,5.498,84307.88538
1670299200,5.495,5.502,5.469,5.489,66312.586122
1670313600,5.489,5.503,5.425,5.468,99425.708593
1670328000,5.467,5.496,5.444,5.479,128439.864299
1670342400,5.479,5.488,5.447,5.47,63165.184555
1670356800,5.469,5.516,5.437,5.501,97542.648964
1670371200,5.502,5.522,5.464,5.477,140480.855398
1670385600,5.477,5.485,5.245,5.254,369076.936386
1670400000,5.254,5.333,5.237,5.305,239292.153975
1670414400,5.304,5.351,5.296,5.325,218169.434553
1670428800,5.326,5.328,5.266,5.281,157410.81971
1670443200,5.28,5.308,5.256,5.296,125011.502414
1670457600,5.297,5.325,5.264,5.305,171710.096792
1670472000,5.306,5.309,5.276,5.299,124658.275651
1670486400,5.299,5.323,5.252,5.316,157817.2835
1670500800,5.316,5.337,5.29,5.317,127461.617244
1670515200,5.317,5.459,5.304,5.451,156368.98932
1670529600,5.453,5.455,5.404,5.429,88156.599067
1670544000,5.429,5.44,5.395,5.404,84856.468503
1670558400,5.405,5.417,5.385,5.411,82772.577028
1670572800,5.411,5.419,5.387,5.397,88422.897383
1670587200,5.397,5.423,5.316,5.355,237730.413454
1670601600,5.355,5.36,5.26,5.282,129020.960392
1670616000,5.281,5.303,5.269,5.3,51043.441969
1670630400,5.299,5.302,5.28,5.296,60337.131879
1670644800,5.297,5.3,5.283,5.286,46071.158252
1670659200,5.287,5.302,5.26,5.298,62583.904989
1670673600,5.299,5.321,5.275,5.32,67513.189652
1670688000,5.32,5.328,5.293,5.304,43919.958653
1670702400,5.305,5.306,5.261,5.279,48182.255395
1670716800,5.278,5.294,5.272,5.291,46819.763191
1670731200,5.291,5.302,5.278,5.281,80706.12359
1670745600,5.28,5.282,5.272,5.281,47320.308084
1670760000,5.281,5.299,5.27,5.297,51466.628841
1670774400,5.296,5.322,5.28,5.294,177680.988216
1670788800,5.294,5.294,5.128,5.165,266129.124037
1670803200,5.162,5.163,5.011,5.094,357294.288418
1670817600,5.096,5.146,5.086,5.126,131654.974854
1670832000,5.127,5.16,5.117,5.158,89271.83625
1670846400,5.159,5.161,5.117,5.127,235345.947123
1670860800,5.13,5.145,5.119,5.132,83676.863339
1670875200,5.133,5.204,5.124,5.176,175366.511802
1670889600,5.177,5.189,5.114,5.118,189682.448215
1670904000,5.119,5.13,4.995,5.066,373413.950747
1670918400,5.065,5.162,5.06,5.153,234735.051675
1670932800,5.154,5.341,5.145,5.264,667502.61208
1670947200,5.264,5.283,5.216,5.256,190023.860396
1670961600,5.256,5.289,5.252,5.287,107552.436552
1670976000,5.287,5.312,5.261,5.283,174274.902728
1670990400,5.283,5.309,5.265,5.295,255371.525274
1671004800,5.295,5.312,5.269,5.305,206364.803102
1671019200,5.305,5.35,5.292,5.342,227443.621371
1671033600,5.343,5.359,5.164,5.212,476601.236288
1671048000,5.209,5.241,5.176,5.214,261932.035039
1671062400,5.215,5.22,5.118,5.175,271891.854113
1671076800,5.176,5.192,5.163,5.179,142302.363407
1671091200,5.18,5.223,5.174,5.219,118988.171982
1671105600,5.219,5.253,5.198,5.219,176551.464478
1671120000,5.219,5.225,5.148,5.216,111428.116133
1671134400,5.215,5.247,5.199,5.23,144773.646572
1671148800,5.231,5.25,5.205,5.216,158699.30234
1671163200,5.216,5.24,5.185,5.233,105981.18277
1671177600,5.234,5.251,5.066,5.098,528821.671514
1671192000,5.095,5.1,5.016,5.053,325442.781409
1671206400,5.053,5.054,4.997,5.04,291979.746025
1671220800,5.04,5.055,4.502,4.653,1099371.318972
1671235200,4.653,4.705,4.582,4.654,589388.592778
1671249600,4.654,4.706,4.644,4.698,260932.313891
1671264000,4.699,4.703,4.662,4.675,251074.446853
1671278400,4.676,4.698,4.663,4.688,212866.621903
1671292800,4.688,4.692,4.651,4.671,156863.334712
1671307200,4.671,4.726,4.664,4.709,112880.575161
1671321600,4.709,4.717,4.671,4.687,67592.802615
1671336000,4.702,4.711,4.684,4.684,11139.816378
1671350400,4.684,4.687,4.684,4.687,187.654939
1671364800,4.687,4.687,4.687,4.687,0.0
1671379200,4.687,4.687,4.644,4.666,66694.542759
1671393600,4.666,4.698,4.646,4.656,80962.047864
1671408000,4.656,4.705,4.57,4.605,131787.05165
1671422400,4.605,4.64,4.598,4.618,84434.579801
1671436800,4.618,4.639,4.609,4.624,148619.362785
1671451200,4.624,4.653,4.6,4.621,120511.936865
1671465600,4.621,4.625,4.46,4.517,328965.242759
1671480000,4.519,4.546,4.413,4.481,165141.927455
1671494400,4.48,4.598,4.461,4.558,275707.466084
1671508800,4.558,4.623,4.548,4.605,221414.995557
1671523200,4.606,4.624,4.588,4.611,124362.686456
1671537600,4.612,4.655,4.563,4.621,194118.79641
1671552000,4.621,4.627,4.577,4.599,81459.382419
1671566400,4.6,4.622,4.582,4.607,53484.420734
1671580800,4.608,4.617,4.516,4.529,96975.150731
1671595200,4.527,4.53,4.484,4.519,105362.136888
1671609600,4.518,4.536,4.471,4.524,146275.02556
1671624000,4.528,4.528,4.45,4.492,233541.821212
1671638400,4.492,4.5,4.445,4.457,79579.754124
1671652800,4.454,4.487,4.447,4.487,52101.366759
1671667200,4.486,4.501,4.465,4.487,52469.842055
1671681600,4.487,4.488,4.419,4.436,95600.530141
1671696000,4.435,4.499,4.427,4.48,152737.628778
1671710400,4.483,4.496,4.374,4.392,189447.464818
1671724800,4.392,4.419,4.372,4.41,150854.004151
1671739200,4.413,4.537,4.409,4.533,165029.234629
1671753600,4.533,4.55,4.484,4.521,245567.454246
1671768000,4.523,4.539,4.496,4.518,124292.726299
1671782400,4.519,4.532,4.5,4.51,96667.384094
1671796800,4.509,4.52,4.456,4.49,199791.778841
1671811200,4.49,4.503,4.48,4.486,67004.698164
1671825600,4.485,4.496,4.461,4.474,55988.466449
1671840000,4.474,4.493,4.472,4.481,57411.649617
1671854400,4.482,4.487,4.451,4.473,101925.853468
1671868800,4.473,4.473,4.431,4.446,56418.599666
1671883200,4.445,4.461,4.44,4.46,27587.596165
1671897600,4.461,4.473,4.455,4.462,33024.94269
1671912000,4.463,4.467,4.441,4.453,32280.149966
1671926400,4.453,4.472,4.448,4.456,49178.840799
1671940800,4.456,4.46,4.434,4.44,58140.654924
1671955200,4.441,4.449,4.432,4.443,43065.677249
1671969600,4.441,4.464,4.403,4.44,130358.036258
1671984000,4.44,4.442,4.396,4.432,101112.790273
1671998400,4.433,4.498,4.423,4.494,94369.987821
1672012800,4.493,4.503,4.468,4.493,82641.358884
1672027200,4.495,4.501,4.477,4.483,66390.136509
1672041600,4.483,4.51,4.467,4.505,80682.214885
1672056000,4.507,4.52,4.5,4.506,77505.915804
1672070400,4.505,4.54,4.504,4.531,68037.526447
1672084800,4.531,4.579,4.52,4.573,65526.99409
1672099200,4.573,4.584,4.508,4.511,68290.203523
1672113600,4.514,4.532,4.511,4.526,34945.60431
1672128000,4.526,4.576,4.499,4.536,156582.534567
1672142400,4.536,4.539,4.475,4.493,226313.331923
1672156800,4.493,4.504,4.457,4.49,259540.761741
1672171200,4.492,4.493,4.464,4.479,262822.9528
1672185600,4.479,4.483,4.405,4.435,193294.74869
1672200000,4.435,4.445,4.263,4.355,484079.147008
1672214400,4.355,4.364,4.335,4.35,336344.577266
1672228800,4.35,4.388,4.32,4.32,326879.943561
1672243200,4.32,4.363,4.29,4.296,416532.680061
1672257600,4.299,4.318,4.242,4.287,167219.577514
1672272000,4.287,4.309,4.226,4.307,238701.812
1672286400,4.308,4.324,4.292,4.322,87424.843162
1672300800,4.323,4.348,4.295,4.336,96663.367184
1672315200,4.336,4.355,4.322,4.337,97030.66385
1672329600,4.338,4.347,4.296,4.312,90639.299521
1672344000,4.311,4.321,4.239,4.307,180296.39216
1672358400,4.307,4.326,4.276,4.295,94236.619059
1672372800,4.295,4.3,4.225,4.251,299352.389722
1672387200,4.25,4.284,4.248,4.275,103894.296599
1672401600,4.274,4.302,4.238,4.293,152461.534175
1672416000,4.293,4.334,4.287,4.321,52728.948429
1672430400,4.322,4.342,4.291,4.325,64989.40674
1672444800,4.325,4.334,4.307,4.312,56161.816406
1672459200,4.312,4.348,4.312,4.342,58454.640796
1672473600,4.341,4.364,4.336,4.348,58855.585341
1672488000,4.348,4.394,4.34,4.367,158320.57045
1672502400,4.368,4.374,4.336,4.347,72500.242958
1672516800,4.347,4.349,4.3,4.311,105109.026623
1672531200,4.31,4.315,4.278,4.304,142501.496902
1672545600,4.303,4.31,4.278,4.306,118372.70335
1672560000,4.307,4.345,4.29,4.337,110549.893445
1672574400,4.338,4.344,4.318,4.339,38344.22155
1672588800,4.34,4.379,4.334,4.357,58305.460229
1672603200,4.359,4.387,4.358,4.371,65559.349426
1672617600,4.372,4.452,4.317,4.445,232858.829713
1672632000,4.444,4.495,4.425,4.471,289177.965565
1672646400,4.473,4.521,4.471,4.488,143078.587158
1672660800,4.487,4.515,4.47,4.5,115170.778013
1672675200,4.5,4.539,4.488,4.517,114200.4493
1672689600,4.518,4.524,4.477,4.493,55785.276936
1672704000,4.492,4.509,4.465,4.493,81244.411888
1672718400,4.495,4.544,4.483,4.512,128184.994403
1672732800,4.512,4.54,4.49,4.522,71373.581138
1672747200,4.523,4.546,4.489,4.511,181099.199172
1672761600,4.511,4.524,4.48,4.511,68853.745443
1672776000,4.51,4.53,4.503,4.526,47152.579661
1672790400,4.526,4.688,4.526,4.677,369205.773048
1672804800,4.678,4.682,4.642,4.664,158834.543317
1672819200,4.662,4.675,4.626,4.634,98236.572494
1672833600,4.633,4.661,4.609,4.659,105341.304195
1672848000,4.659,4.671,4.613,4.621,123310.580289
1672862400,4.618,4.634,4.586,4.633,69765.513971
1672876800,4.632,4.65,4.585,4.6,112685.636237
1672891200,4.601,4.64,4.567,4.588,106592.14011
1672905600,4.589,4.591,4.55,4.583,113948.409804
1672920000,4.582,4.596,4.545,4.578,77415.114561
1672934400,4.576,4.607,4.562,4.604,46965.432218
1672948800,4.605,4.639,4.595,4.621,96344.225033
1672963200,4.621,4.664,4.616,4.638,164899.634935
1672977600,4.635,4.646,4.549,4.577,229213.567733
1672992000,4.578,4.609,4.563,4.603,127213.147421
1673006400,4.603,4.68,4.563,4.67,228521.814344
1673020800,4.672,4.686,4.651,4.677,99692.834271
1673035200,4.678,4.706,4.649,4.683,88414.220276
1673049600,4.685,4.705,4.672,4.687,106771.524785
1673064000,4.687,4.691,4.656,4.671,53727.384982
1673078400,4.671,4.676,4.647,4.647,37244.611365
1673092800,4.648,4.666,4.634,4.662,54744.833649
1673107200,4.662,4.679,4.642,4.674,72117.050294
1673121600,4.675,4.68,4.649,4.666,48852.690958
1673136000,4.667,4.678,4.604,4.635,97190.286685
1673150400,4.635,4.645,4.628,4.637,35983.217862
1673164800,4.637,4.69,4.636,4.665,175208.19018
1673179200,4.665,4.759,4.664,4.75,166300.123804
1673193600,4.753,4.757,4.706,4.729,98941.35331
1673208000,4.729,4.826,4.72,4.825,207696.128359
1673222400,4.825,4.923,4.8,4.904,512557.221531
1673236800,4.904,4.958,4.886,4.911,267435.246221
1673251200,4.91,5.06,4.886,4.97,485960.776323
1673265600,4.972,5.079,4.938,5.038,463707.972444
1673280000,5.039,5.055,4.938,4.945,375801.209716
1673294400,4.944,4.955,4.862,4.887,315038.889768
1673308800,4.887,4.939,4.824,4.889,190520.399801
1673323200,4.889,4.912,4.872,4.886,87994.279959
1673337600,4.887,4.929,4.875,4.903,97167.485144
1673352000,4.902,4.933,4.862,4.92,174751.973187
1673366400,4.921,4.962,4.886,4.956,108421.312515
1673380800,4.958,4.972,4.889,4.92,123390.795502
1673395200,4.92,4.941,4.84,4.864,116139.881012
1673409600,4.863,4.891,4.85,4.883,110015.55251
1673424000,4.883,4.915,4.86,4.904,177099.034649
1673438400,4.903,4.912,4.835,4.849,177105.508917
1673452800,4.847,5.026,4.828,5.022,218068.906147
1673467200,5.023,5.14,4.947,5.131,368974.62201
1673481600,5.133,5.178,5.093,5.144,319310.011594
1673496000,5.146,5.169,5.086,5.12,195019.391537
1673510400,5.12,5.121,5.043,5.082,112449.014825
1673524800,5.082,5.181,5.016,5.073,529047.021986
1673539200,5.072,5.236,5.059,5.199,322430.124327
1673553600,5.201,5.257,5.183,5.233,177605.279153
1673568000,5.233,5.249,5.166,5.232,121767.857106
1673582400,5.233,5.27,5.208,5.217,183325.335205
1673596800,5.22,5.283,5.207,5.213,238197.309687
1673611200,5.214,5.3,5.162,5.284,254720.687012
1673625600,5.286,5.292,5.223,5.272,330108.708823
1673640000,5.275,5.421,5.256,5.398,445426.479196
1673654400,5.399,5.726,5.396,5.636,1014453.169914
1673668800,5.636,6.556,5.595,6.214,1561915.474815
1673683200,6.211,6.393,5.838,6.05,1386068.613545
1673697600,6.049,6.263,5.94,6.115,765965.239182
1673712000,6.114,6.159,5.971,6.005,477939.762829
1673726400,6.007,6.063,5.939,6.03,299522.308101
1673740800,6.028,6.066,5.778,5.886,684889.103938
1673755200,5.887,5.927,5.803,5.871,175125.393389
1673769600,5.872,5.978,5.771,5.944,293412.191024
1673784000,5.943,6.053,5.889,6.025,420507.345668
1673798400,6.025,6.03,5.848,5.914,392849.358856
1673812800,5.914,5.973,5.879,5.93,162337.139364
1673827200,5.929,6.088,5.862,5.964,401855.218908
1673841600,5.966,6.052,5.93,5.966,236562.594093
1673856000,5.968,5.975,5.64,5.777,650736.775631
1673870400,5.778,5.816,5.609,5.766,465242.354101
1673884800,5.764,5.888,5.734,5.866,300056.750515
1673899200,5.867,5.91,5.783,5.811,200582.56158
1673913600,5.811,5.857,5.692,5.785,303591.334363
1673928000,5.785,6.107,5.78,6.006,520156.256762
1673942400,6.005,6.036,5.925,5.988,309908.360671
1673956800,5.989,6.213,5.92,6.008,972984.593847
1673971200,6.009,6.123,5.931,6.122,451370.350292
1673985600,6.122,6.127,5.93,5.954,246257.799761
1674000000,5.955,6.073,5.936,6.029,286817.648685
1674014400,6.03,6.068,5.991,6.013,212445.586863
1674028800,6.017,6.018,5.872,5.917,284197.473197
1674043200,5.916,6.217,5.675,5.831,1187250.87923
1674057600,5.829,5.866,5.538,5.741,1128467.645985
1674072000,5.74,5.882,5.566,5.652,1596886.923126
1674086400,5.647,5.759,5.643,5.74,198432.692519
1674100800,5.742,5.797,5.735,5.74,141107.341851
1674115200,5.743,5.799,5.702,5.725,195556.830061
1674129600,5.724,5.8,5.661,5.741,348176.430122
1674144000,5.741,5.818,5.707,5.799,233192.904658
1674158400,5.798,5.842,5.77,5.803,112316.788276
1674172800,5.803,5.883,5.77,5.853,227317.259429
1674187200,5.854,5.881,5.797,5.838,233372.311649
1674201600,5.838,5.84,5.756,5.763,119619.97111
1674216000,5.763,5.916,5.754,5.853,277875.279665
1674230400,5.854,6.007,5.842,5.992,289518.639979
1674244800,5.992,6.298,5.992,6.248,644059.39852
1674259200,6.249,6.315,6.158,6.236,561898.334065
1674273600,6.234,6.289,6.194,6.256,220363.268134
1674288000,6.257,6.344,6.0,6.198,949360.489745
1674302400,6.197,6.255,6.112,6.147,458886.783819
1674316800,6.148,6.407,6.148,6.36,794315.115729
1674331200,6.36,6.466,6.212,6.239,599764.922706
1674345600,6.24,6.308,6.138,6.209,323815.89961
1674360000,6.209,6.296,6.202,6.257,143955.184399
1674374400,6.256,6.311,6.221,6.254,192261.830227
1674388800,6.254,6.419,6.202,6.307,483803.864764
1674403200,6.31,6.682,6.258,6.297,564814.398545
1674417600,6.295,6.299,6.08,6.207,628717.773915
1674432000,6.206,6.372,6.198,6.29,327008.031309
1674446400,6.294,6.346,6.246,6.282,203948.515812
1674460800,6.284,6.42,6.261,6.419,595327.232931
1674475200,6.419,6.605,6.3,6.547,1622134.354241
1674489600,6.55,6.826,6.479,6.68,1197522.622009
1674504000,6.68,6.766,6.547,6.561,728480.75411
1674518400,6.561,6.71,6.531,6.659,445849.517005
1674532800,6.662,6.678,6.577,6.607,173847.696877
1674547200,6.609,6.649,6.476,6.51,270338.932571
1674561600,6.515,6.522,6.416,6.485,309350.316557
1674576000,6.487,6.519,6.374,6.511,230957.199325
1674590400,6.508,6.523,6.101,6.19,562745.53702
1674604800,6.192,6.207,6.01,6.193,515581.296866
1674619200,6.192,6.281,6.165,6.261,166366.450247
1674633600,6.261,6.294,6.149,6.175,218117.16992
1674648000,6.175,6.296,6.109,6.169,466867.424321
1674662400,6.168,6.248,6.131,6.243,190490.248453
1674676800,6.243,6.569,6.242,6.399,701856.457656
1674691200,6.402,6.5,6.391,6.425,213306.661623
1674705600,6.427,6.499,6.357,6.396,229623.321808
1674720000,6.396,6.433,6.302,6.352,162050.750469
1674734400,6.354,6.562,6.325,6.406,744589.360523
1674748800,6.407,6.492,6.318,6.456,334968.150649
1674763200,6.455,6.516,6.436,6.47,218323.408576
1674777600,6.471,6.513,6.269,6.377,373411.009901
1674792000,6.378,6.462,6.362,6.451,123750.207934
1674806400,6.454,6.477,6.373,6.428,141356.547541
1674820800,6.426,6.469,6.342,6.406,234792.183003
1674835200,6.404,6.533,6.402,6.533,220964.737495
1674849600,6.532,6.622,6.48,6.585,318448.032432
1674864000,6.587,6.665,6.557,6.59,284754.823953
1674878400,6.591,6.64,6.458,6.517,222441.090458
1674892800,6.518,6.53,6.466,6.502,141688.528737
1674907200,6.501,6.508,6.329,6.441,328029.747794
1674921600,6.441,6.459,6.379,6.422,98627.162454
1674936000,6.423,6.426,6.322,6.398,122189.98352
1674950400,6.395,6.523,6.326,6.492,292379.489126
1674964800,6.495,6.517,6.478,6.499,148968.30975
1674979200,6.499,6.624,6.484,6.59,177180.863797
1674993600,6.59,6.617,6.553,6.571,205008.975452
1675008000,6.571,6.698,6.518,6.685,309374.162809
1675022400,6.684,6.688,6.577,6.611,178928.056653
1675036800,6.612,6.649,6.519,6.558,208850.150164
1675051200,6.559,6.589,6.46,6.479,140362.081942
1675065600,6.476,6.502,6.219,6.27,548168.261971
1675080000,6.27,6.333,6.236,6.286,231731.163001
1675094400,6.284,6.34,6.009,6.142,532970.63617
1675108800,6.138,6.195,6.056,6.19,192944.697758
1675123200,6.189,6.262,6.143,6.218,234504.66447
1675137600,6.218,6.268,6.162,6.258,133399.134386
1675152000,6.257,6.27,6.16,6.205,138813.084628
1675166400,6.207,6.312,6.192,6.275,291407.61397
1675180800,6.276,6.322,6.261,6.305,174216.914732
1675195200,6.305,6.316,6.191,6.26,368435.981963
1675209600,6.259,6.283,6.221,6.245,118121.38277
1675224000,6.242,6.272,6.153,6.209,123012.318683
1675238400,6.209,6.215,6.109,6.157,217390.269745
1675252800,6.158,6.209,6.031,6.062,222529.024925
1675267200,6.062,6.349,6.028,6.299,550789.465847
1675281600,6.304,6.49,6.286,6.466,439436.823482
1675296000,6.468,6.586,6.452,6.54,431954.538998
1675310400,6.541,6.587,6.472,6.493,203572.191934
1675324800,6.492,6.573,6.486,6.561,219982.598808
1675339200,6.558,6.668,6.521,6.634,445922.23354
1675353600,6.634,6.93,6.63,6.714,768399.45563
1675368000,6.711,6.734,6.466,6.544,388063.614592
1675382400,6.546,6.646,6.507,6.628,244985.794072
1675396800,6.628,6.773,6.614,6.68,239993.864135
1675411200,6.681,6.847,6.647,6.817,449002.462814
1675425600,6.819,7.05,6.728,6.96,1056341.316254
1675440000,6.961,7.128,6.928,6.982,605728.28193
1675454400,6.982,7.039,6.924,7.007,226989.036138
1675468800,7.007,7.04,6.87,6.88,237705.403854
1675483200,6.88,6.893,6.818,6.874,159406.097348
1675497600,6.872,6.912,6.853,6.897,108816.873189
1675512000,6.898,7.073,6.898,6.947,270988.152982
1675526400,6.945,6.969,6.888,6.937,131189.543252
1675540800,6.935,6.985,6.841,6.873,144239.809131
1675555200,6.875,6.895,6.77,6.814,271046.995775
1675569600,6.814,6.89,6.809,6.856,80940.750723
1675584000,6.855,6.885,6.797,6.814,147429.456197
1675598400,6.812,6.84,6.6,6.629,537426.632189
1675612800,6.629,6.671,6.53,6.592,288097.191008
1675627200,6.59,6.653,6.514,6.639,104536.362457
1675641600,6.638,6.79,6.628,6.666,159904.862125
1675656000,6.663,6.784,6.563,6.746,204572.236341
1675670400,6.747,6.774,6.605,6.708,138089.555654
1675684800,6.708,6.755,6.611,6.755,170843.722391
1675699200,6.755,6.776,6.643,6.655,176066.032132
1675713600,6.656,6.656,6.419,6.497,262145.792394
1675728000,6.494,6.61,6.475,6.599,135218.464862
1675742400,6.6,6.666,6.591,6.624,104793.950135
1675756800,6.624,6.73,6.595,6.711,164267.5031
1675771200,6.711,6.748,6.652,6.684,192972.095422
1675785600,6.684,6.85,6.59,6.775,423019.380588
1675800000,6.777,6.948,6.749,6.939,259482.544545
1675814400,6.939,7.018,6.923,6.938,205827.879286
1675828800,6.938,6.951,6.848,6.904,138402.363452
1675843200,6.903,6.904,6.829,6.892,114641.374663
1675857600,6.893,6.911,6.754,6.761,252944.164082
1675872000,6.76,6.81,6.618,6.723,326588.484349
1675886400,6.722,6.772,6.654,6.757,127525.31867
1675900800,6.759,6.869,6.513,6.561,527404.126023
1675915200,6.559,6.693,6.519,6.686,296937.836921
1675929600,6.686,6.992,6.681,6.828,594301.14869
1675944000,6.824,6.953,6.768,6.85,511687.285376
1675958400,6.85,6.892,6.266,6.409,1039244.276057
1675972800,6.405,6.405,6.085,6.235,651353.909037
1675987200,6.234,6.282,6.207,6.247,173331.625363
1676001600,6.248,6.288,6.167,6.287,231976.130018
1676016000,6.287,6.306,6.203,6.21,213056.078667
1676030400,6.214,6.277,6.127,6.201,263527.668243
1676044800,6.202,6.306,6.146,6.289,169197.665495
1676059200,6.29,6.295,6.118,6.183,144496.395773
1676073600,6.183,6.236,6.156,6.222,77640.699223
1676088000,6.223,6.241,6.178,6.206,58617.361478
1676102400,6.208,6.223,6.193,6.206,43041.341279
1676116800,6.208,6.256,6.187,6.234,107149.885263
1676131200,6.236,6.236,6.168,6.212,85604.333265
1676145600,6.213,6.291,6.195,6.277,55930.135197
1676160000,6.275,6.277,6.235,6.236,55560.341364
1676174400,6.236,6.259,6.222,6.246,35703.359542
1676188800,6.247,6.333,6.242,6.326,118960.6637
1676203200,6.326,6.341,6.262,6.326,142359.127968
1676217600,6.325,6.383,6.318,6.356,139046.693899
1676232000,6.357,6.372,6.069,6.182,228918.522637
1676246400,6.182,6.217,6.038,6.172,305470.94257
1676260800,6.172,6.242,6.166,6.218,192104.697656
1676275200,6.216,6.217,5.954,6.045,521978.474634
1676289600,6.045,6.091,5.995,6.0,225306.097878
1676304000,6.0,6.051,5.879,6.023,268903.685042
1676318400,6.022,6.144,5.998,6.144,113204.681697
1676332800,6.142,6.153,6.075,6.088,130293.949507
1676347200,6.088,6.127,6.083,6.117,127267.46186
1676361600,6.122,6.152,6.057,6.094,94279.262705
1676376000,6.096,6.262,6.009,6.201,866048.961089
1676390400,6.201,6.256,6.142,6.254,278393.716487
1676404800,6.254,6.26,6.204,6.228,100713.134305
1676419200,6.227,6.239,6.159,6.181,174478.803903
1676433600,6.181,6.211,6.174,6.19,73831.030239
1676448000,6.189,6.269,6.164,6.268,211351.430681
1676462400,6.268,6.352,6.267,6.303,341941.336033
1676476800,6.305,6.423,6.273,6.423,172343.456538
1676491200,6.423,6.617,6.412,6.611,420813.791955
1676505600,6.613,6.684,6.556,6.628,394358.38211
1676520000,6.629,6.667,6.565,6.598,228318.881665
1676534400,6.599,6.624,6.532,6.559,159592.656323
1676548800,6.56,6.653,6.468,6.65,302678.070765
1676563200,6.652,6.731,6.54,6.678,448994.966435
1676577600,6.677,6.742,6.318,6.328,421332.715589
1676592000,6.329,6.573,6.291,6.571,220419.137935
1676606400,6.571,6.824,6.571,6.644,932849.504236
1676620800,6.644,6.787,6.617,6.759,399211.815372
1676635200,6.759,6.9,6.683,6.838,640415.244965
1676649600,6.836,7.396,6.811,7.375,1702553.565869
1676664000,7.377,7.416,7.147,7.285,631210.141449
1676678400,7.284,7.375,7.158,7.318,422167.340332
1676692800,7.317,7.341,7.207,7.246,335080.802692
1676707200,7.243,7.256,7.112,7.189,261910.322996
1676721600,7.188,7.293,7.176,7.212,362030.526862
1676736000,7.21,7.308,7.141,7.217,328169.597444
1676750400,7.218,7.267,7.168,7.233,131257.276895
1676764800,7.232,7.323,7.184,7.202,289783.262979
1676779200,7.201,7.552,7.188,7.395,739265.206211
1676793600,7.399,7.789,7.351,7.652,891046.619742
1676808000,7.654,7.796,7.601,7.727,786564.117328
1676822400,7.729,7.897,7.422,7.55,1058991.356181
1676836800,7.549,7.608,7.415,7.441,312184.894358
1676851200,7.442,7.52,7.243,7.492,464334.650846
1676865600,7.494,7.543,7.435,7.499,279348.190519
1676880000,7.499,7.563,7.404,7.537,373731.514434
1676894400,7.539,7.57,7.449,7.51,314974.401325
1676908800,7.511,7.565,7.381,7.516,345139.867935
1676923200,7.517,7.57,7.477,7.551,158098.281762
1676937600,7.55,7.573,7.436,7.455,186414.162954
1676952000,7.453,7.499,7.416,7.478,135325.077946
1676966400,7.482,7.532,7.242,7.281,488529.775503
1676980800,7.285,7.353,7.239,7.274,281932.211797
1676995200,7.272,7.367,7.22,7.311,206318.189502
1677009600,7.311,7.321,7.117,7.248,223457.654774
1677024000,7.249,7.268,7.026,7.194,351292.670011
1677038400,7.195,7.199,7.044,7.115,319324.662152
1677052800,7.115,7.377,6.844,7.099,782148.936001
1677067200,7.099,7.132,6.882,6.928,502653.094219
1677081600,6.924,7.091,6.884,7.034,308338.571691
1677096000,7.038,7.187,7.008,7.184,168372.888801
1677110400,7.185,7.36,7.17,7.33,291510.24252
1677124800,7.332,7.382,7.262,7.319,267397.516187
1677139200,7.319,7.335,7.119,7.156,301144.388253
1677153600,7.154,7.328,7.122,7.205,336254.256411
1677168000,7.206,7.21,7.039,7.115,201107.044032
1677182400,7.113,7.157,7.012,7.093,108789.566424
1677196800,7.096,7.145,7.045,7.052,184082.581663
1677211200,7.053,7.086,7.01,7.051,163874.145065
1677225600,7.051,7.072,6.919,7.007,177224.65487
1677240000,7.007,7.039,6.6,6.71,788756.034133
1677254400,6.712,6.729,6.53,6.646,823670.343798
1677268800,6.645,6.685,6.469,6.614,317542.207512
1677283200,6.613,6.651,6.59,6.609,113091.185974
1677297600,6.611,6.615,6.531,6.6,96913.902779
1677312000,6.599,6.641,6.54,6.592,122394.305194
1677326400,6.589,6.619,6.519,6.575,183895.711465
1677340800,6.575,6.609,6.413,6.467,198128.124995
1677355200,6.467,6.547,6.34,6.545,251808.814495
1677369600,6.545,6.619,6.503,6.607,139207.928699
1677384000,6.608,6.618,6.544,6.58,92139.45886
1677398400,6.58,6.617,6.559,6.599,90853.395126
1677412800,6.598,6.612,6.538,6.606,112772.641911
1677427200,6.607,6.703,6.56,6.696,149303.893932
1677441600,6.693,6.727,6.61,6.693,208206.877321
1677456000,6.693,6.706,6.643,6.668,101705.929771
1677470400,6.669,6.671,6.586,6.611,137960.850098
1677484800,6.61,6.626,6.545,6.604,103540.178747
1677499200,6.608,6.782,6.572,6.692,357132.654732
1677513600,6.693,6.705,6.491,6.529,330265.615486
1677528000,6.524,6.608,6.489,6.581,108494.830275
1677542400,6.581,6.599,6.525,6.582,92659.435231
1677556800,6.585,6.588,6.443,6.447,136755.543659
1677571200,6.446,6.484,6.42,6.469,135886.344848
1677585600,6.468,6.52,6.433,6.482,186308.689539
1677600000,6.48,6.512,6.365,6.389,171649.053049
1677614400,6.388,6.426,6.275,6.348,179759.305602
1677628800,6.349,6.532,6.313,6.526,189294.659065
1677643200,6.526,6.592,6.514,6.536,333076.393768
1677657600,6.536,6.598,6.519,6.547,166001.174605
1677672000,6.548,6.572,6.483,6.525,257130.798401
1677686400,6.523,6.524,6.376,6.392,143286.258738
1677700800,6.385,6.541,6.379,6.534,102682.362677
1677715200,6.534,6.557,6.351,6.401,207650.673264
1677729600,6.4,6.439,6.363,6.387,75337.159897
1677744000,6.387,6.402,6.336,6.357,103810.722001
1677758400,6.359,6.37,6.222,6.312,229444.32719
1677772800,6.311,6.341,6.25,6.327,135465.947144
1677787200,6.327,6.336,6.268,6.333,77758.741475
1677801600,6.334,6.338,5.773,6.039,1312595.298741
1677816000,6.042,6.116,6.011,6.042,290187.639837
1677830400,6.043,6.084,6.033,6.039,160825.960887
1677844800,6.037,6.09,6.004,6.048,229630.036053
1677859200,6.047,6.08,6.022,6.046,110747.394385
1677873600,6.046,6.06,5.983,6.037,129558.865822
1677888000,6.036,6.055,5.969,5.978,134970.360143
1677902400,5.977,6.0,5.914,5.988,116563.752564
1677916800,5.988,6.033,5.976,6.014,63601.199917
1677931200,6.014,6.022,5.968,5.971,52217.532586
1677945600,5.97,5.982,5.866,5.882,92216.52656
1677960000,5.885,5.917,5.722,5.916,252713.00553
1677974400,5.917,6.04,5.885,5.999,287311.329475
1677988800,6.001,6.024,5.964,5.978,54762.784504
1678003200,5.98,6.022,5.944,6.007,80614.26175
1678017600,6.008,6.061,6.007,6.038,75989.986341
1678032000,6.037,6.039,5.99,6.018,53828.397981
1678046400,6.017,6.051,5.936,5.974,109967.094966
1678060800,5.976,5.997,5.858,5.933,191134.419281
1678075200,5.932,5.948,5.871,5.93,125780.996898
1678089600,5.927,5.97,5.893,5.929,117239.876214
1678104000,5.928,6.038,5.908,6.03,136973.778794
1678118400,6.031,6.04,5.946,5.957,87889.379234
1678132800,5.954,5.96,5.894,5.92,92182.224846
1678147200,5.921,6.017,5.888,5.956,152925.052144
1678161600,5.957,5.962,5.917,5.925,43789.42197
1678176000,5.925,5.934,5.814,5.815,243859.695498
1678190400,5.819,5.886,5.738,5.857,410420.309801
1678204800,5.855,5.911,5.8,5.815,172395.180249
1678219200,5.813,5.86,5.743,5.846,138553.518952
1678233600,5.846,5.942,5.805,5.832,163094.971062
1678248000,5.833,5.845,5.631,5.687,327015.764389
1678262400,5.693,5.744,5.678,5.702,155694.510611
1678276800,5.702,5.71,5.559,5.683,584616.891326
1678291200,5.681,5.711,5.623,5.686,208940.284362
1678305600,5.687,5.766,5.5,5.599,310404.778598
1678320000,5.597,5.649,5.564,5.636,199555.926261
1678334400,5.638,5.667,5.592,5.611,131186.083971
1678348800,5.611,5.7,5.564,5.687,182569.283154
1678363200,5.687,5.794,5.664,5.74,309908.374176
1678377600,5.739,5.8,5.463,5.497,565070.840026
1678392000,5.498,5.499,5.245,5.385,1172780.571553
1678406400,5.386,5.457,5.287,5.378,303266.269762
1678420800,5.379,5.452,5.351,5.379,373186.047768
1678435200,5.379,5.381,5.144,5.288,636885.628416
1678449600,5.288,5.563,5.266,5.475,803512.963443
1678464000,5.475,5.548,5.442,5.529,240802.036136
1678478400,5.524,5.583,5.437,5.55,207818.408064
1678492800,5.548,5.678,5.535,5.587,642377.436759
1678507200,5.589,5.599,5.272,5.314,728896.807148
1678521600,5.315,5.42,5.284,5.308,399934.630632
1678536000,5.307,5.345,5.232,5.255,263585.428572
1678550400,5.254,5.396,5.224,5.366,729626.924258
1678564800,5.367,5.473,5.36,5.463,327628.768865
1678579200,5.461,5.498,5.405,5.459,187838.003972
1678593600,5.46,5.506,5.432,5.455,137449.58165
1678608000,5.454,5.514,5.446,5.472,154898.955168
1678622400,5.472,5.474,5.362,5.391,191167.504833
1678636800,5.39,5.666,5.367,5.576,601589.999802
1678651200,5.577,5.906,5.572,5.894,743436.191317
1678665600,5.896,6.04,5.849,5.876,800881.408382
1678680000,5.878,5.941,5.878,5.906,320111.021627
1678694400,5.904,5.911,5.718,5.784,836813.517761
1678708800,5.779,6.111,5.708,6.024,1805210.794692
1678723200,6.024,6.124,5.968,6.082,589139.128215
1678737600,6.081,6.144,6.03,6.101,193647.811285
1678752000,6.102,6.149,6.057,6.14,219256.290015
1678766400,6.139,6.197,6.031,6.042,670303.394198
1678780800,6.042,6.129,5.98,6.084,254840.758268
1678795200,6.083,6.538,6.054,6.516,1807122.384493
1678809600,6.513,6.532,6.226,6.345,679184.360379
1678824000,6.344,6.363,6.086,6.222,517552.830426
1678838400,6.221,6.373,6.151,6.289,429038.538128
1678852800,6.289,6.364,6.242,6.316,215904.092353
1678867200,6.314,6.344,6.088,6.188,370107.553027
1678881600,6.188,6.247,5.937,5.968,792444.910802
1678896000,5.97,5.98,5.778,5.916,565910.677204
1678910400,5.916,5.953,5.822,5.873,527462.308535
1678924800,5.872,5.939,5.763,5.91,196922.674855
1678939200,5.915,6.0,5.86,5.977,188496.047987
1678953600,5.978,6.088,5.946,6.071,358597.283884
1678968000,6.068,6.087,5.914,6.06,329441.470616
1678982400,6.061,6.14,6.025,6.118,205777.499137
1678996800,6.118,6.118,5.987,6.088,148866.356411
1679011200,6.087,6.239,6.025,6.203,303398.51354
1679025600,6.205,6.283,6.159,6.264,166182.820433
1679040000,6.265,6.543,6.247,6.533,300488.169301
1679054400,6.536,6.54,6.272,6.37,516627.54654
1679068800,6.369,6.466,6.326,6.429,203472.726399
1679083200,6.433,6.632,6.369,6.622,405399.931023
1679097600,6.621,6.7,6.526,6.675,496905.715296
1679112000,6.676,6.679,6.575,6.648,257713.519725
1679126400,6.648,6.655,6.525,6.606,254130.401652
1679140800,6.605,6.639,6.397,6.477,560092.885034
1679155200,6.477,6.515,6.305,6.442,451131.909365
1679169600,6.444,6.49,6.283,6.314,181442.40132
1679184000,6.314,6.484,6.313,6.472,211861.02059
1679198400,6.471,6.497,6.325,6.421,166480.959626
1679212800,6.422,6.459,6.353,6.448,118935.212167
1679227200,6.449,6.572,6.408,6.504,231127.090251
1679241600,6.501,6.602,6.49,6.543,360623.913591
1679256000,6.546,6.56,6.41,6.451,248293.596691
1679270400,6.454,6.483,6.265,6.287,311086.380889
1679284800,6.287,6.437,6.22,6.424,207217.286416
1679299200,6.426,6.468,6.379,6.435,214361.983545
1679313600,6.435,6.449,6.331,6.339,193743.064104
1679328000,6.34,6.374,6.098,6.149,318319.024932
1679342400,6.151,6.212,6.05,6.093,289845.918036
1679356800,6.091,6.186,6.071,6.148,179143.82227
1679371200,6.149,6.169,6.007,6.042,243322.61414
1679385600,6.044,6.176,5.999,6.153,284097.14128
1679400000,6.153,6.35,6.132,6.245,330794.288696
1679414400,6.244,6.319,6.132,6.282,222329.976878
1679428800,6.283,6.458,6.27,6.365,389754.338734
1679443200,6.365,6.383,6.255,6.323,135528.848995
1679457600,6.323,6.371,6.28,6.307,143633.753033
1679472000,6.305,6.318,6.216,6.242,162895.430993
1679486400,6.242,6.385,6.216,6.3,270469.069772
1679500800,6.298,6.336,5.911,5.949,906867.804004
1679515200,5.954,6.062,5.9,6.05,231642.146671
1679529600,6.055,6.107,5.994,6.065,129154.148903
1679544000,6.066,6.175,6.045,6.166,139092.175676
1679558400,6.166,6.2,6.149,6.188,145608.710091
1679572800,6.189,6.39,6.098,6.374,423766.034333
1679587200,6.378,6.419,6.237,6.323,323589.289981
1679601600,6.32,6.326,6.212,6.321,116818.386671
1679616000,6.322,6.338,6.282,6.284,92675.541019
1679630400,6.283,6.327,6.253,6.322,75795.047068
1679644800,6.321,6.329,6.053,6.087,287791.452044
1679659200,6.087,6.177,6.039,6.075,447641.18555
1679673600,6.073,6.111,5.958,6.078,215613.327104
1679688000,6.075,6.085,5.95,6.021,140224.347451
1679702400,6.02,6.08,6.002,6.06,56519.924269
1679716800,6.061,6.069,5.996,6.02,85415.28964
1679731200,6.019,6.035,5.974,6.013,110245.042956
1679745600,6.013,6.042,5.97,6.018,87269.823684
1679760000,6.018,6.031,5.829,5.848,210646.833618
1679774400,5.849,5.915,5.836,5.905,118832.375391
1679788800,5.904,5.99,5.877,5.965,64708.298732
1679803200,5.966,6.017,5.947,6.0,68530.926999
1679817600,6.001,6.064,5.985,6.044,121222.177238
1679832000,6.048,6.107,6.011,6.026,155298.554922
1679846400,6.026,6.038,5.967,6.014,67140.722279
1679860800,6.012,6.069,5.976,6.043,93479.858265
1679875200,6.043,6.052,5.982,5.997,57284.4608
1679889600,5.997,6.007,5.938,5.962,68509.625524
1679904000,5.962,6.021,5.947,6.016,79239.125763
1679918400,6.018,6.115,5.742,5.85,523927.356032
1679932800,5.849,5.895,5.786,5.82,155880.810606
1679947200,5.82,5.88,5.792,5.869,78932.242176
1679961600,5.866,5.889,5.787,5.813,105224.973796
1679976000,5.816,5.914,5.809,5.869,128541.736603
1679990400,5.87,5.926,5.814,5.92,128403.934096
1680004800,5.922,6.006,5.907,5.966,193497.305666
1680019200,5.967,6.114,5.905,6.088,187837.12085
1680033600,6.1,6.1,6.02,6.057,76820.282378
1680048000,6.058,6.137,6.049,6.107,106040.636621
1680062400,6.106,6.26,6.092,6.222,307578.194549
1680076800,6.224,6.284,6.21,6.27,213871.196746
1680091200,6.27,6.279,6.142,6.206,172513.801016
1680105600,6.206,6.219,6.158,6.207,110710.292742
1680120000,6.204,6.209,6.118,6.182,68359.453441
1680134400,6.183,6.297,6.07,6.168,453325.716769
1680148800,6.168,6.218,6.143,6.188,119283.781181
1680163200,6.188,6.194,6.106,6.168,123393.931847
1680177600,6.166,6.166,6.097,6.113,176974.552427
1680192000,6.112,6.112,6.027,6.081,205318.839359
1680206400,6.081,6.125,6.066,6.117,80373.691963
1680220800,6.121,6.25,6.101,6.216,156212.952953
1680235200,6.215,6.247,6.117,6.196,202574.248115
1680249600,6.196,6.269,6.149,6.188,163169.776844
1680264000,6.189,6.37,6.174,6.328,379093.061454
1680278400,6.327,6.383,6.304,6.324,140917.11244
1680292800,6.325,6.347,6.299,6.336,69975.475194
1680307200,6.34,6.394,6.322,6.334,97589.694497
1680321600,6.334,6.335,6.23,6.266,110902.652723
1680336000,6.267,6.299,6.223,6.266,122597.458894
1680350400,6.267,6.309,6.232,6.264,115357.617622
1680364800,6.262,6.276,6.189,6.266,93118.130786
1680379200,6.267,6.37,6.267,6.345,93825.519392
1680393600,6.346,6.431,6.308,6.4,151953.739048
1680408000,6.401,6.447,6.387,6.403,179298.339795
1680422400,6.403,6.414,6.339,6.343,127417.965858
1680436800,6.342,6.394,6.268,6.344,257670.002703
1680451200,6.341,6.36,6.177,6.217,165466.788627
1680465600,6.219,6.286,6.207,6.265,80228.664823
1680480000,6.266,6.269,6.089,6.181,239550.13102
1680494400,6.18,6.253,6.164,6.253,91844.689189
1680508800,6.254,6.397,6.254,6.345,361635.745562
1680523200,6.346,6.389,6.273,6.323,242176.519291
1680537600,6.324,6.505,6.287,6.449,384149.017367
1680552000,6.45,6.461,6.122,6.417,423111.90181
1680566400,6.417,6.477,6.366,6.411,293589.449693
1680580800,6.414,6.442,6.377,6.404,168143.768041
1680595200,6.405,6.498,6.405,6.482,320301.488738
1680609600,6.483,6.518,6.405,6.433,265599.796593
1680624000,6.433,6.523,6.424,6.515,121704.679159
1680638400,6.515,6.533,6.394,6.438,110738.551944
1680652800,6.438,6.588,6.4,6.561,339556.407229
1680667200,6.561,6.562,6.507,6.535,88073.595232
1680681600,6.534,6.564,6.489,6.496,104168.621136
1680696000,6.5,6.528,6.32,6.379,372283.939369
1680710400,6.38,6.408,6.327,6.391,148127.615795
1680724800,6.389,6.416,6.377,6.407,55013.981817
1680739200,6.405,6.413,6.292,6.406,126067.564433
1680753600,6.406,6.408,6.296,6.304,146306.56842
1680768000,6.307,6.334,6.255,6.323,161716.809953
1680782400,6.324,6.417,6.312,6.358,177840.654499
1680796800,6.358,6.378,6.304,6.334,56097.764647
1680811200,6.33,6.352,6.269,6.281,101473.038509
1680825600,6.28,6.318,6.216,6.233,147511.30424
1680840000,6.234,6.257,6.142,6.162,217846.158069
1680854400,6.161,6.214,6.135,6.16,165247.694005
1680868800,6.16,6.219,6.139,6.201,174059.070884
1680883200,6.201,6.218,6.151,6.173,92405.023436
1680897600,6.173,6.198,6.143,6.177,53142.077055
1680912000,6.177,6.177,6.106,6.162,116749.491228
1680926400,6.165,6.233,6.156,6.203,99188.081835
1680940800,6.203,6.212,6.177,6.192,32641.229404
1680955200,6.191,6.222,6.175,6.206,31817.4117
1680969600,6.207,6.211,6.089,6.13,95665.665687
1680984000,6.129,6.151,6.106,6.13,38725.379737
1680998400,6.131,6.242,6.13,6.173,96772.070262
1681012800,6.174,6.194,6.104,6.13,99046.335823
1681027200,6.132,6.14,6.095,6.135,151220.306902
1681041600,6.135,6.15,6.095,6.135,70525.498306
1681056000,6.134,6.209,6.107,6.19,73674.375767
1681070400,6.194,6.259,6.17,6.21,101426.290869
1681084800,6.21,6.225,6.119,6.16,80437.697648
1681099200,6.161,6.182,6.143,6.178,29920.04874
1681113600,6.18,6.188,6.162,6.165,39009.299161
1681128000,6.166,6.171,6.12,6.148,91085.292078
1681142400,6.149,6.256,6.121,6.226,191578.15076
1681156800,6.224,6.312,6.186,6.289,140290.641926
1681171200,6.29,6.343,6.274,6.335,247287.417063
1681185600,6.334,6.47,6.313,6.444,208031.573172
1681200000,6.447,6.451,6.385,6.415,86557.59416
1681214400,6.414,6.479,6.392,6.437,160860.39587
1681228800,6.439,6.492,6.387,6.422,141683.763848
1681243200,6.422,6.44,6.397,6.417,80431.056762
1681257600,6.415,6.467,6.209,6.247,305216.150555
1681272000,6.247,6.324,6.228,6.296,164941.020645
1681286400,6.298,6.305,6.264,6.281,66683.321446
1681300800,6.281,6.438,6.26,6.392,378580.6889
1681315200,6.395,6.431,6.318,6.352,196484.725449
1681329600,6.354,6.422,6.354,6.403,50033.13589
1681344000,6.404,6.414,6.349,6.409,88930.3969
1681358400,6.409,6.426,6.382,6.414,60469.650724
1681372800,6.415,6.489,6.393,6.465,210336.244232
1681387200,6.462,6.581,6.462,6.56,230226.160735
1681401600,6.561,6.618,6.533,6.587,178837.568487
1681416000,6.59,6.651,6.538,6.638,138526.560361
1681430400,6.636,6.843,6.628,6.786,420723.656653
1681444800,6.787,6.839,6.717,6.73,235581.289966
1681459200,6.731,6.783,6.724,6.773,191274.936192
1681473600,6.772,6.772,6.541,6.559,375050.053854
1681488000,6.556,6.758,6.539,6.747,192001.021227
1681502400,6.748,6.763,6.701,6.73,83649.9351
1681516800,6.731,6.734,6.633,6.659,135640.728091
1681531200,6.659,6.717,6.637,6.702,127105.772936
1681545600,6.7,6.792,6.688,6.772,171530.591017
1681560000,6.772,6.818,6.723,6.765,149347.363423
1681574400,6.764,6.873,6.74,6.787,284123.35905
1681588800,6.786,6.827,6.734,6.801,62244.092344
1681603200,6.805,6.827,6.71,6.751,119441.783383
1681617600,6.749,6.812,6.741,6.786,99141.79872
1681632000,6.786,6.798,6.675,6.686,143632.069467
1681646400,6.685,6.78,6.681,6.774,113592.788912
1681660800,6.774,6.877,6.735,6.803,179064.573477
1681675200,6.802,6.871,6.746,6.83,119310.811261
1681689600,6.825,6.834,6.623,6.723,213198.540969
1681704000,6.725,6.739,6.677,6.706,169493.952713
1681718400,6.707,6.731,6.622,6.689,219747.679086
1681732800,6.687,6.74,6.637,6.686,256977.921088
1681747200,6.687,6.726,6.67,6.7,98807.255671
1681761600,6.699,6.725,6.658,6.692,48702.896389
1681776000,6.699,6.723,6.574,6.713,160842.95768
1681790400,6.714,6.837,6.708,6.835,159668.262744
1681804800,6.835,6.963,6.821,6.951,217797.981937
1681819200,6.948,6.982,6.845,6.879,627771.625691
1681833600,6.881,6.927,6.81,6.866,155005.725735
1681848000,6.863,6.932,6.84,6.915,77053.595508
1681862400,6.917,6.92,6.83,6.846,67188.315304
1681876800,6.845,6.903,6.78,6.826,434174.258369
1681891200,6.828,6.833,6.297,6.475,1268358.9945
1681905600,6.475,6.54,6.443,6.465,264781.540992
1681920000,6.468,6.493,6.378,6.394,201950.965452
1681934400,6.404,6.422,6.232,6.314,293520.369678
1681948800,6.308,6.43,6.289,6.392,168356.608265
1681963200,6.396,6.434,6.375,6.394,78717.077149
1681977600,6.397,6.436,6.323,6.336,322189.156171
1681992000,6.34,6.417,6.234,6.241,477357.061706
1682006400,6.24,6.244,6.075,6.106,445757.992609
1682020800,6.108,6.146,6.062,6.11,148865.134444
1682035200,6.113,6.176,6.09,6.149,125949.228851
1682049600,6.149,6.161,6.002,6.121,304489.030873
1682064000,6.122,6.134,6.023,6.047,447242.068514
1682078400,6.047,6.099,5.991,6.027,150760.620602
1682092800,6.026,6.037,5.78,5.832,515367.420505
1682107200,5.824,5.856,5.779,5.85,137932.88091
1682121600,5.85,5.884,5.822,5.88,60035.133856
1682136000,5.88,5.922,5.865,5.888,72519.518658
1682150400,5.89,5.921,5.869,5.912,53343.157483
1682164800,5.912,5.977,5.895,5.943,110909.791003
1682179200,5.947,5.974,5.929,5.949,112718.35501
1682193600,5.95,5.962,5.926,5.946,80787.61626
1682208000,5.947,5.948,5.849,5.919,131420.439317
1682222400,5.918,5.96,5.915,5.959,39600.39781
1682236800,5.956,5.971,5.921,5.954,55773.081028
1682251200,5.955,5.972,5.837,5.873,150148.132483
1682265600,5.874,5.914,5.764,5.828,182980.199808
1682280000,5.825,5.962,5.807,5.906,139854.591093
1682294400,5.907,6.044,5.86,5.978,191359.783949
1682308800,5.982,6.009,5.892,5.922,120836.122671
1682323200,5.927,5.972,5.869,5.971,98132.205347
1682337600,5.972,5.989,5.844,5.85,130710.889213
1682352000,5.85,5.96,5.797,5.924,165747.399956
1682366400,5.926,5.948,5.882,5.884,43735.159438
1682380800,5.885,5.913,5.847,5.865,80640.778608
1682395200,5.866,5.897,5.82,5.833,71897.93597
1682409600,5.833,5.88,5.807,5.866,117386.579399
1682424000,5.867,5.89,5.779,5.798,132513.374758
1682438400,5.798,5.882,5.787,5.84,151168.058942
1682452800,5.841,6.01,5.839,5.997,135774.469427
1682467200,5.999,6.046,5.955,5.991,109786.941193
1682481600,5.994,6.05,5.994,6.02,108747.1241
1682496000,6.021,6.124,6.014,6.075,196385.552784
1682510400,6.076,6.22,6.076,6.207,372404.604126
1682524800,6.206,6.209,5.703,5.759,811447.848383
1682539200,5.758,5.882,5.592,5.85,773652.596435
1682553600,5.849,6.017,5.83,5.912,308365.802812
1682568000,5.91,5.981,5.848,5.906,146445.512191
1682582400,5.907,5.924,5.873,5.901,89341.069133
1682596800,5.901,6.001,5.843,5.945,219910.801405
1682611200,5.954,6.049,5.92,6.016,235681.898027
1682625600,6.018,6.043,5.917,5.972,146046.702335
1682640000,5.971,5.979,5.917,5.92,119490.413891
1682654400,5.921,5.967,5.909,5.939,124682.98321
1682668800,5.938,5.939,5.839,5.847,153476.961113
1682683200,5.845,5.888,5.773,5.882,240999.460373
1682697600,5.882,5.952,5.874,5.908,133063.314343
1682712000,5.91,5.95,5.909,5.946,43323.689731
1682726400,5.946,5.999,5.925,5.988,60322.091209
1682740800,5.983,6.004,5.949,5.95,80452.422375
1682755200,5.954,5.986,5.931,5.979,66403.24349
1682769600,5.979,6.032,5.977,5.991,105946.333887
1682784000,5.994,6.056,5.922,6.053,103707.82743
1682798400,6.051,6.051,6.001,6.041,42229.192073
1682812800,6.041,6.041,5.955,5.976,77040.83682
1682827200,5.979,6.029,5.975,6.008,25086.220051
1682841600,6.01,6.07,6.008,6.016,87713.737296
1682856000,6.016,6.086,5.982,6.035,125259.559054
1682870400,6.035,6.069,5.902,5.939,124853.826593
1682884800,5.938,5.938,5.847,5.877,63067.816839
1682899200,5.879,5.909,5.738,5.838,178858.432179
1682913600,5.835,5.858,5.801,5.84,30656.169768
1682928000,5.842,5.858,5.8,5.804,49402.972081
1682942400,5.806,5.828,5.744,5.747,93858.67086
1682956800,5.748,5.75,5.603,5.621,177482.97292
1682971200,5.619,5.671,5.596,5.666,86124.54613
1682985600,5.666,5.67,5.622,5.668,41488.248405
1683000000,5.67,5.709,5.65,5.696,29297.100346
1683014400,5.7,5.705,5.65,5.669,51686.190937
1683028800,5.67,5.739,5.623,5.698,134457.449367
1683043200,5.699,5.757,5.682,5.734,36204.467809
1683057600,5.736,5.739,5.707,5.713,22045.867046
1683072000,5.714,5.715,5.642,5.674,34401.585158
1683086400,5.675,5.697,5.654,5.684,26249.277809
1683100800,5.687,5.694,5.625,5.627,41469.238086
1683115200,5.627,5.633,5.556,5.603,329153.437362
1683129600,5.605,5.714,5.591,5.65,104896.615902
1683144000,5.652,5.811,5.644,5.776,86411.95199
1683158400,5.776,5.797,5.733,5.774,47576.270198
1683172800,5.777,5.791,5.735,5.743,44166.078466
1683187200,5.747,5.785,5.737,5.752,31750.583307
1683201600,5.752,5.756,5.666,5.667,91466.137037
1683216000,5.665,5.694,5.619,5.635,67991.701554
1683230400,5.636,5.671,5.625,5.671,24201.352493
1683244800,5.669,5.788,5.665,5.731,83398.300928
1683259200,5.735,5.757,5.714,5.752,67271.106331
1683273600,5.754,5.792,5.741,5.752,62353.170868
1683288000,5.754,5.869,5.664,5.82,274875.316275
1683302400,5.821,5.901,5.821,5.864,135317.060005
1683316800,5.867,5.88,5.843,5.847,30887.221885
1683331200,5.848,5.895,5.783,5.808,102515.427536
1683345600,5.808,5.831,5.755,5.758,71900.099725
1683360000,5.756,5.785,5.704,5.784,110353.311017
1683374400,5.783,5.783,5.584,5.602,218944.771656
1683388800,5.603,5.696,5.591,5.664,82953.529674
1683403200,5.664,5.667,5.626,5.636,37416.657723
1683417600,5.634,5.681,5.603,5.617,52769.654514
1683432000,5.617,5.664,5.604,5.652,36859.686679
1683446400,5.651,5.673,5.63,5.66,33894.45453
1683460800,5.663,5.693,5.655,5.667,65760.687512
1683475200,5.669,5.686,5.639,5.673,40661.924722
1683489600,5.673,5.7,5.609,5.63,81947.075122
1683504000,5.629,5.647,5.366,5.465,471807.558883
1683518400,5.465,5.472,5.344,5.387,209544.727702
1683532800,5.387,5.451,5.357,5.431,124001.620829
1683547200,5.434,5.464,5.391,5.416,103759.730294
1683561600,5.417,5.425,5.165,5.3,422333.480179
1683576000,5.298,5.379,5.28,5.369,75600.436489
1683590400,5.369,5.411,5.334,5.381,68573.236598
1683604800,5.381,5.394,5.336,5.379,50741.886993
1683619200,5.379,5.379,5.304,5.345,86646.402098
1683633600,5.346,5.364,5.297,5.304,49940.95307
1683648000,5.3,5.366,5.292,5.312,53344.500079
1683662400,5.318,5.338,5.296,5.325,26682.525475
1683676800,5.325,5.376,5.322,5.327,40395.998109
1683691200,5.326,5.367,5.32,5.322,80350.777975
1683705600,5.32,5.334,5.302,5.334,59410.751602
1683720000,5.331,5.501,5.305,5.483,410718.170362
1683734400,5.484,5.502,5.206,5.439,531252.105885
1683748800,5.436,5.521,5.434,5.464,97463.62589
1683763200,5.463,5.47,5.38,5.385,49678.082494
1683777600,5.384,5.465,5.369,5.433,80642.734079
1683792000,5.433,5.433,5.36,5.367,92414.152485
1683806400,5.366,5.418,5.269,5.299,208519.611583
1683820800,5.295,5.318,5.181,5.264,150387.156322
1683835200,5.263,5.305,5.243,5.277,51474.613005
1683849600,5.279,5.312,5.155,5.182,142662.080589
1683864000,5.182,5.249,5.145,5.217,151557.088474
1683878400,5.217,5.265,5.211,5.219,68616.182312
1683892800,5.219,5.282,5.212,5.224,73695.200471
1683907200,5.224,5.255,5.115,5.251,196279.270507
1683921600,5.249,5.35,5.236,5.338,77862.713289
1683936000,5.341,5.387,5.314,5.366,97168.68341
1683950400,5.366,5.374,5.344,5.371,44346.269458
1683964800,5.372,5.396,5.362,5.368,39403.431616
1683979200,5.368,5.382,5.312,5.34,71852.022826
1683993600,5.338,5.382,5.32,5.347,65362.704007
1684008000,5.348,5.372,5.332,5.347,30948.762248
1684022400,5.347,5.38,5.314,5.376,40519.772192
1684036800,5.378,5.389,5.36,5.372,47378.964659
1684051200,5.372,5.373,5.349,5.365,25376.633935
1684065600,5.366,5.447,5.35,5.42,113732.086663
1684080000,5.421,5.433,5.316,5.331,85859.607897
1684094400,5.331,5.37,5.313,5.348,39490.62119
1684108800,5.349,5.406,5.266,5.389,167693.444401
1684123200,5.389,5.43,5.371,5.415,94433.391178
1684137600,5.416,5.426,5.38,5.381,65487.233014
1684152000,5.382,5.397,5.335,5.373,88523.784974
1684166400,5.377,5.408,5.326,5.349,67614.456928
1684180800,5.346,5.353,5.304,5.314,55031.661824
1684195200,5.313,5.338,5.233,5.276,154495.924779
1684209600,5.278,5.304,5.256,5.299,42637.318616
1684224000,5.301,5.311,5.26,5.282,56387.754736
1684238400,5.285,5.293,5.231,5.277,121264.310497
1684252800,5.278,5.306,5.254,5.262,58296.136968
1684267200,5.26,5.304,5.242,5.297,26162.831111
1684281600,5.295,5.361,5.278,5.348,76169.839521
1684296000,5.348,5.377,5.281,5.297,81168.707992
1684310400,5.298,5.317,5.245,5.251,46644.20902
1684324800,5.251,5.283,5.221,5.259,97367.606684
1684339200,5.258,5.426,5.241,5.407,103227.477518
1684353600,5.407,5.438,5.386,5.418,59080.925913
1684368000,5.42,5.466,5.391,5.457,96359.878033
1684382400,5.458,5.464,5.401,5.435,45189.365235
1684396800,5.435,5.454,5.411,5.429,40019.888566
1684411200,5.429,5.431,5.347,5.375,103955.884749
1684425600,5.372,5.395,5.247,5.299,146679.390647
1684440000,5.298,5.372,5.29,5.338,29954.714571
1684454400,5.338,5.365,5.328,5.351,28769.164236
1684468800,5.351,5.378,5.346,5.355,29109.247727
1684483200,5.354,5.365,5.342,5.346,16790.591903
1684497600,5.346,5.393,5.309,5.364,74584.030002
1684512000,5.363,5.379,5.328,5.346,126970.019945
1684526400,5.346,5.387,5.345,5.373,150010.794159
1684540800,5.375,5.383,5.332,5.374,76145.910578
1684555200,5.374,5.376,5.346,5.363,26856.332181
1684569600,5.364,5.409,5.364,5.39,28358.350931
1684584000,5.39,5.431,5.389,5.426,23250.251526
1684598400,5.425,5.446,5.402,5.421,37403.016438
1684612800,5.424,5.425,5.401,5.41,28135.721074
1684627200,5.411,5.433,5.382,5.387,24270.673047
1684641600,5.388,5.405,5.382,5.383,25448.932087
1684656000,5.385,5.386,5.317,5.326,53258.394305
1684670400,5.326,5.345,5.27,5.289,72575.036134
1684684800,5.289,5.309,5.275,5.304,31486.177673
1684699200,5.305,5.308,5.246,5.271,47007.378692
1684713600,5.276,5.294,5.224,5.279,81089.85912
1684728000,5.279,5.314,5.272,5.289,32470.929554
1684742400,5.292,5.337,5.288,5.318,58778.092542
1684756800,5.318,5.337,5.29,5.308,34768.629762
1684771200,5.307,5.326,5.281,5.315,36484.41887
1684785600,5.313,5.33,5.304,5.311,18259.448129
1684800000,5.312,5.45,5.293,5.424,120223.990879
1684814400,5.424,5.443,5.37,5.384,46031.651596
1684828800,5.385,5.406,5.37,5.379,27748.692479
1684843200,5.379,5.396,5.351,5.389,42061.326102
1684857600,5.389,5.393,5.352,5.37,32369.851521
1684872000,5.37,5.417,5.368,5.401,29142.26565
1684886400,5.402,5.402,5.275,5.298,74850.636857
1684900800,5.297,5.332,5.278,5.286,59276.843828
1684915200,5.286,5.312,5.276,5.288,33448.603126
1684929600,5.287,5.304,5.195,5.239,175232.854668
1684944000,5.24,5.252,5.196,5.235,36855.012324
1684958400,5.235,5.274,5.233,5.254,27604.750562
1684972800,5.255,5.261,5.141,5.24,111990.856193
1684987200,5.24,5.259,5.224,5.249,123162.23923
1685001600,5.249,5.271,5.249,5.267,90818.377141
1685016000,5.269,5.3,5.228,5.231,63987.201626
1685030400,5.232,5.293,5.225,5.257,39035.026463
1685044800,5.257,5.261,5.236,5.245,27071.702104
1685059200,5.246,5.252,5.203,5.216,117714.890867
1685073600,5.217,5.243,5.187,5.242,34140.333528
1685088000,5.244,5.244,5.22,5.224,38366.823605
1685102400,5.225,5.273,5.208,5.263,64858.531468
1685116800,5.266,5.266,5.216,5.256,56012.557678
1685131200,5.257,5.264,5.238,5.246,44265.740203
1685145600,5.246,5.276,5.232,5.265,25528.695787
1685160000,5.268,5.293,5.265,5.275,23606.038917
1685174400,5.275,5.289,5.258,5.278,20701.116308
1685188800,5.279,5.373,5.255,5.321,134612.652848
1685203200,5.322,5.334,5.302,5.316,83230.048894
1685217600,5.317,5.344,5.315,5.335,17470.827413
1685232000,5.336,5.386,5.313,5.373,63211.346812
1685246400,5.375,5.386,5.364,5.38,21819.173836
1685260800,5.38,5.409,5.364,5.374,42228.786693
1685275200,5.375,5.4,5.367,5.388,60965.073454
1685289600,5.388,5.448,5.373,5.426,64438.765215
1685304000,5.427,5.562,5.426,5.502,99753.654301
1685318400,5.503,5.538,5.462,5.465,81077.083468
1685332800,5.467,5.501,5.443,5.474,61440.164311
1685347200,5.474,5.49,5.452,5.49,85015.32095
1685361600,5.489,5.49,5.429,5.435,60500.388757
1685376000,5.434,5.478,5.414,5.457,67249.827764
1685390400,5.457,5.48,5.442,5.459,23270.424883
1685404800,5.459,5.493,5.439,5.48,28655.780377
1685419200,5.48,5.491,5.441,5.451,40186.121147
1685433600,5.451,5.53,5.45,5.501,88377.050889
1685448000,5.5,5.51,5.419,5.435,67921.459045
1685462400,5.436,5.462,5.409,5.454,44558.579316
1685476800,5.455,5.464,5.432,5.441,20195.3013
1685491200,5.442,5.461,5.401,5.435,54393.819881
1685505600,5.435,5.439,5.3,5.334,274306.361895
1685520000,5.334,5.34,5.304,5.311,36548.882931
1685534400,5.311,5.332,5.269,5.279,93593.418867
1685548800,5.281,5.318,5.269,5.295,32963.0722
1685563200,5.292,5.321,5.291,5.315,43360.202591
1685577600,5.314,5.336,5.201,5.239,134539.298878
1685592000,5.239,5.241,5.208,5.217,49259.179553
1685606400,5.218,5.244,5.21,5.231,48544.52786
1685620800,5.23,5.247,5.217,5.229,96693.246074
1685635200,5.23,5.263,5.191,5.226,104735.82979
1685649600,5.225,5.233,5.191,5.208,23033.259449
1685664000,5.205,5.266,5.156,5.254,110998.117055
1685678400,5.257,5.304,5.246,5.26,96294.647605
1685692800,5.261,5.288,5.261,5.269,35782.068944
1685707200,5.269,5.277,5.205,5.245,115244.199405
1685721600,5.245,5.28,5.217,5.274,62917.135063
1685736000,5.275,5.298,5.265,5.278,40033.036996
1685750400,5.277,5.278,5.241,5.266,21289.354402
1685764800,5.261,5.29,5.255,5.285,35701.806792
1685779200,5.286,5.298,5.28,5.286,43677.182703
1685793600,5.287,5.302,5.26,5.291,68417.824994
1685808000,5.292,5.299,5.238,5.255,43118.755959
1685822400,5.25,5.339,5.247,5.339,41810.168
1685836800,5.34,5.385,5.31,5.337,102703.599528
1685851200,5.337,5.357,5.325,5.354,40924.691188
1685865600,5.355,5.368,5.342,5.347,55044.017781
1685880000,5.348,5.363,5.326,5.334,41421.071818
1685894400,5.335,5.358,5.311,5.339,40118.50765
1685908800,5.339,5.372,5.306,5.316,45036.584756
1685923200,5.314,5.32,5.259,5.266,90274.095964
1685937600,5.265,5.299,5.237,5.295,100693.486811
1685952000,5.298,5.319,5.271,5.307,54194.011985
1685966400,5.308,5.311,5.02,5.021,440647.524701
1685980800,5.023,5.069,4.875,5.055,581562.624201
1685995200,5.053,5.085,5.012,5.065,51385.53602
1686009600,5.065,5.083,5.03,5.073,50651.740881
1686024000,5.07,5.093,5.065,5.069,46165.891624
1686038400,5.071,5.089,5.059,5.065,33026.167974
1686052800,5.066,5.117,4.986,5.084,173194.453393
1686067200,5.087,5.26,5.085,5.25,136485.083094
1686081600,5.25,5.267,5.194,5.205,76142.496697
1686096000,5.203,5.213,5.137,5.171,76919.992572
1686110400,5.172,5.213,5.155,5.173,78299.654191
1686124800,5.174,5.188,5.068,5.138,94408.71939
1686139200,5.139,5.14,5.012,5.037,149737.505794
1686153600,5.037,5.05,4.995,5.045,71012.089545
1686168000,5.043,5.043,4.976,5.023,113956.207593
1686182400,5.023,5.057,4.976,5.005,76790.728748
1686196800,5.005,5.038,4.987,5.024,58697.55238
1686211200,5.024,5.024,4.984,5.01,74062.398029
1686225600,5.01,5.054,4.997,5.042,89576.994305
1686240000,5.044,5.048,4.988,5.028,82848.881869
1686254400,5.027,5.044,5.016,5.022,38399.051102
1686268800,5.022,5.026,4.956,5.009,77042.23361
1686283200,5.008,5.02,4.975,4.99,18077.243134
1686297600,4.989,5.029,4.986,5.025,30101.113911
1686312000,5.029,5.07,5.023,5.032,61327.867704
1686326400,5.031,5.049,4.931,4.937,51937.178579
1686340800,4.934,5.0,4.933,4.983,57361.443711
1686355200,4.983,4.987,4.8,4.817,258195.296194
1686369600,4.818,4.84,4.087,4.342,1977408.774473
1686384000,4.345,4.493,4.323,4.482,354092.60514
1686398400,4.481,4.481,4.402,4.412,185761.240736
1686412800,4.414,4.539,4.379,4.503,304298.683042
1686427200,4.503,4.539,4.474,4.517,121495.203196
1686441600,4.518,4.525,4.464,4.487,105020.314594
1686456000,4.488,4.491,4.436,4.442,65642.677096
1686470400,4.443,4.502,4.43,4.488,78195.032948
1686484800,4.488,4.496,4.44,4.451,87457.501914
1686499200,4.45,4.526,4.448,4.516,233609.079984
1686513600,4.515,4.551,4.474,4.524,111291.185709
1686528000,4.523,4.523,4.412,4.486,114042.108505
1686542400,4.488,4.516,4.453,4.464,51446.925645
1686556800,4.464,4.554,4.454,4.521,79967.789485
1686571200,4.523,4.534,4.489,4.51,82192.068884
1686585600,4.51,4.55,4.456,4.52,112115.522321
1686600000,4.52,4.542,4.514,4.534,59691.278154
1686614400,4.534,4.611,4.496,4.6,124523.019589
1686628800,4.603,4.642,4.561,4.615,85321.717469
1686643200,4.615,4.669,4.603,4.657,70565.458875
1686657600,4.66,4.719,4.535,4.557,245357.735955
1686672000,4.557,4.619,4.554,4.606,70344.013646
1686686400,4.604,4.632,4.591,4.628,20205.095317
1686700800,4.628,4.652,4.617,4.64,50203.257812
1686715200,4.641,4.643,4.608,4.621,61419.997607
1686729600,4.62,4.679,4.615,4.676,37885.127397
1686744000,4.676,4.704,4.664,4.676,60906.169747
1686758400,4.673,4.804,4.67,4.728,184610.823379
1686772800,4.727,4.731,4.507,4.57,348547.25072
1686787200,4.569,4.619,4.554,4.611,110398.945479
1686801600,4.612,4.617,4.397,4.407,295320.156208
1686816000,4.406,4.426,4.303,4.362,253615.098812
1686830400,4.364,4.412,4.333,4.334,105084.389364
1686844800,4.335,4.393,4.274,4.393,153899.857502
1686859200,4.394,4.542,4.358,4.377,233071.903197
1686873600,4.377,4.389,4.33,4.381,62479.183626
1686888000,4.382,4.402,4.364,4.375,46239.055207
1686902400,4.376,4.395,4.315,4.345,97182.37566
1686916800,4.341,4.385,4.276,4.375,144776.303528
1686931200,4.376,4.468,4.358,4.417,191791.047324
1686945600,4.419,4.429,4.381,4.418,29531.790366
1686960000,4.422,4.437,4.397,4.42,47606.109837
1686974400,4.422,4.535,4.412,4.506,178782.520329
1686988800,4.509,4.542,4.499,4.537,59588.323628
1687003200,4.537,4.557,4.494,4.552,95414.271479
1687017600,4.551,4.565,4.507,4.515,33151.943352
1687032000,4.515,4.548,4.507,4.531,23061.8822
1687046400,4.531,4.534,4.48,4.533,44305.162563
1687060800,4.527,4.556,4.507,4.532,36773.940405
1687075200,4.536,4.667,4.533,4.612,118668.289021
1687089600,4.611,4.623,4.583,4.594,70679.556177
1687104000,4.594,4.607,4.572,4.606,33704.36424
1687118400,4.607,4.61,4.503,4.537,122756.34737
1687132800,4.537,4.588,4.507,4.568,35888.666697
1687147200,4.567,4.582,4.535,4.536,37814.827563
1687161600,4.542,4.554,4.514,4.521,46352.209786
1687176000,4.524,4.544,4.46,4.488,84471.67201
1687190400,4.487,4.546,4.433,4.499,189246.606768
1687204800,4.5,4.532,4.495,4.531,52355.659187
1687219200,4.53,4.567,4.498,4.499,55309.494573
1687233600,4.499,4.507,4.47,4.483,52796.090342
1687248000,4.485,4.485,4.454,4.482,35861.267669
1687262400,4.483,4.491,4.372,4.42,176781.903509
1687276800,4.421,4.638,4.404,4.636,259183.909927
1687291200,4.637,4.678,4.613,4.66,92191.924557
1687305600,4.663,4.766,4.634,4.725,146910.801277
1687320000,4.726,4.755,4.684,4.713,156347.276473
1687334400,4.712,4.717,4.648,4.691,90707.469412
1687348800,4.691,4.77,4.668,4.726,203828.096452
1687363200,4.726,4.862,4.714,4.803,202098.30374
1687377600,4.801,4.853,4.762,4.823,92811.407611
1687392000,4.821,4.98,4.812,4.927,144136.653504
1687406400,4.928,4.93,4.82,4.908,96805.597264
1687420800,4.909,4.946,4.783,4.826,183439.474274
1687435200,4.824,4.895,4.751,4.796,142366.918774
1687449600,4.796,4.894,4.795,4.852,66724.570722
1687464000,4.851,4.865,4.809,4.827,22792.477495
1687478400,4.825,4.889,4.821,4.875,79826.235566
1687492800,4.876,4.942,4.864,4.886,223236.255838
1687507200,4.886,4.932,4.861,4.928,89813.726763
1687521600,4.927,5.109,4.862,5.089,292337.941087
1687536000,5.089,5.132,5.01,5.101,321246.464807
1687550400,5.101,5.139,5.016,5.1,92180.576418
1687564800,5.1,5.139,5.064,5.098,142328.120314
1687579200,5.098,5.123,5.032,5.042,97067.429649
1687593600,5.041,5.062,5.031,5.048,67932.053716
1687608000,5.05,5.068,4.901,4.992,168444.5767
1687622400,4.989,5.022,4.939,5.0,102528.707311
1687636800,5.0,5.013,4.957,5.008,41256.737826
1687651200,5.01,5.136,5.002,5.132,81187.161318
1687665600,5.131,5.208,5.104,5.205,199109.147742
1687680000,5.203,5.244,5.154,5.173,142166.20595
1687694400,5.177,5.203,5.102,5.133,151010.581284
1687708800,5.126,5.173,5.098,5.131,73888.217882
1687723200,5.129,5.206,5.12,5.194,92947.302131
1687737600,5.193,5.219,5.069,5.186,232027.702869
1687752000,5.185,5.226,5.113,5.183,184673.947536
1687766400,5.183,5.214,5.121,5.187,154646.671807
1687780800,5.184,5.241,5.151,5.189,206200.555359
1687795200,5.193,5.222,5.072,5.137,191329.107132
1687809600,5.135,5.148,5.003,5.025,189128.138702
1687824000,5.026,5.1,4.997,5.078,102507.782806
1687838400,5.078,5.111,5.044,5.102,45829.487552
1687852800,5.104,5.122,5.058,5.119,62355.463233
1687867200,5.121,5.153,5.04,5.067,103293.550924
1687881600,5.067,5.127,5.052,5.106,38373.410269
1687896000,5.105,5.126,5.079,5.095,36378.827235
1687910400,5.096,5.1,5.012,5.07,106575.696924
1687924800,5.069,5.096,4.953,4.979,100251.019144
1687939200,4.971,5.015,4.961,4.982,48450.027538
1687953600,4.985,5.038,4.956,5.004,67322.788471
1687968000,5.001,5.009,4.746,4.872,209074.478244
1687982400,4.875,4.909,4.845,4.878,70989.352654
1687996800,4.879,4.943,4.87,4.917,29187.323846
1688011200,4.917,4.952,4.913,4.941,32029.033114
1688025600,4.942,4.997,4.924,4.995,65565.864864
1688040000,4.995,5.24,4.956,5.023,645545.095231
1688054400,5.025,5.057,4.967,4.987,79041.322973
1688068800,4.986,5.003,4.925,4.985,74786.01174
1688083200,4.985,5.113,4.911,5.099,290392.213176
1688097600,5.103,5.189,5.025,5.077,240976.228619
1688112000,5.081,5.175,5.064,5.169,175373.420819
1688126400,5.17,5.27,4.775,4.973,688564.382201
1688140800,4.973,5.174,4.948,5.126,289257.867164
1688155200,5.119,5.189,5.102,5.184,81943.291893
1688169600,5.18,5.238,5.151,5.195,253833.344513
1688184000,5.197,5.224,5.111,5.223,162515.781484
1688198400,5.223,5.327,5.217,5.299,229820.9638
1688212800,5.3,5.367,5.276,5.286,162129.584798
1688227200,5.288,5.342,5.247,5.34,154220.543827
1688241600,5.337,5.365,5.308,5.351,82648.404977
1688256000,5.35,5.355,5.223,5.243,146348.383131
1688270400,5.241,5.292,5.231,5.276,48055.27083
1688284800,5.276,5.29,5.231,5.29,71796.464793
1688299200,5.29,5.402,5.26,5.344,293090.920976
1688313600,5.344,5.408,5.323,5.381,157719.314862
1688328000,5.38,5.532,5.38,5.5,224419.413543
1688342400,5.495,5.632,5.487,5.576,243665.416311
1688356800,5.574,5.596,5.46,5.494,249557.865319
1688371200,5.495,5.513,5.44,5.458,80038.848487
1688385600,5.453,5.514,5.394,5.491,142256.594425
1688400000,5.492,5.496,5.413,5.465,140024.663687
1688414400,5.469,5.472,5.376,5.429,36778.74388
1688428800,5.428,5.492,5.399,5.483,70381.308749
1688443200,5.484,5.494,5.435,5.44,59678.836088
1688457600,5.439,5.507,5.392,5.494,79577.193372
1688472000,5.495,5.512,5.422,5.426,165528.380621
1688486400,5.425,5.443,5.252,5.314,237632.27723
1688500800,5.313,5.37,5.306,5.347,39816.440856
1688515200,5.347,5.379,5.332,5.377,33918.917546
1688529600,5.377,5.377,5.332,5.343,43397.460561
1688544000,5.342,5.349,5.172,5.203,214154.160325
1688558400,5.202,5.229,5.117,5.171,177401.673351
1688572800,5.17,5.252,5.157,5.183,70385.819489
1688587200,5.186,5.225,5.163,5.205,48597.41291
1688601600,5.205,5.23,5.164,5.201,39505.856534
1688616000,5.203,5.292,5.194,5.265,93621.112045
1688630400,5.265,5.365,5.204,5.238,237673.868807
1688644800,5.234,5.242,5.041,5.145,244091.60304
1688659200,5.146,5.155,5.079,5.1,46141.507721
1688673600,5.099,5.106,5.01,5.015,82045.519721
1688688000,5.015,5.094,4.975,5.094,124515.584982
1688702400,5.095,5.12,5.065,5.081,50580.3795
1688716800,5.081,5.142,5.069,5.117,43146.118073
1688731200,5.118,5.18,5.081,5.151,126519.35014
1688745600,5.15,5.155,5.071,5.103,58041.982177
1688760000,5.102,5.12,5.08,5.12,27624.902697
1688774400,5.12,5.169,5.106,5.139,37356.438732
1688788800,5.139,5.165,5.114,5.149,68794.48787
1688803200,5.148,5.196,5.14,5.167,75724.588795
1688817600,5.168,5.189,5.146,5.154,51859.041652
1688832000,5.154,5.171,5.064,5.068,89563.144695
1688846400,5.066,5.129,5.054,5.129,23630.709453
1688860800,5.13,5.16,5.116,5.146,42753.213287
1688875200,5.147,5.148,5.093,5.113,49832.430024
1688889600,5.113,5.122,5.094,5.105,30032.406281
1688904000,5.105,5.125,5.064,5.094,71364.788219
1688918400,5.092,5.106,5.063,5.083,29684.908691
1688932800,5.084,5.11,5.059,5.079,43204.144719
1688947200,5.08,5.082,4.983,5.035,92391.006087
1688961600,5.032,5.06,5.019,5.06,27624.906478
1688976000,5.061,5.093,5.0,5.093,77957.29082
1688990400,5.093,5.125,5.06,5.108,74776.365436
1689004800,5.11,5.205,5.085,5.191,48354.807276
1689019200,5.196,5.23,5.1,5.132,97789.526712
1689033600,5.131,5.151,5.091,5.125,70926.371007
1689048000,5.125,5.178,5.122,5.146,26784.514773
1689062400,5.147,5.156,5.091,5.124,50351.115037
1689076800,5.122,5.175,5.11,5.152,54832.017204
1689091200,5.152,5.173,5.128,5.166,33038.182471
1689105600,5.167,5.216,5.165,5.212,55738.392662
1689120000,5.213,5.363,5.206,5.25,159967.977875
1689134400,5.25,5.265,5.224,5.253,116956.693728
1689148800,5.253,5.265,5.232,5.243,47369.505106
1689163200,5.242,5.288,5.17,5.18,112498.339953
1689177600,5.18,5.199,5.108,5.113,63315.021811
1689192000,5.113,5.154,5.1,5.147,37222.749649
1689206400,5.148,5.161,5.103,5.113,38530.095212
1689220800,5.113,5.182,5.095,5.161,92694.520623
1689235200,5.162,5.263,5.156,5.255,75021.729858
1689249600,5.255,5.4,5.217,5.356,297299.049513
1689264000,5.359,5.553,5.325,5.524,666209.236596
1689278400,5.524,5.553,5.379,5.545,277481.2711
1689292800,5.546,5.741,5.546,5.664,488245.172054
1689307200,5.666,5.683,5.534,5.549,220127.639563
1689321600,5.547,5.644,5.531,5.626,118483.024632
1689336000,5.627,5.681,5.578,5.655,124500.216646
1689350400,5.653,5.683,5.29,5.338,523713.990469
1689364800,5.33,5.458,5.32,5.451,57959.90052
1689379200,5.452,5.452,5.392,5.401,58100.551468
1689393600,5.401,5.562,5.384,5.546,85349.424718
1689408000,5.547,5.549,5.469,5.482,69711.827866
1689422400,5.483,5.516,5.443,5.487,83845.267677
1689436800,5.485,5.498,5.448,5.465,31895.805243
1689451200,5.465,5.465,5.398,5.43,40653.984684
1689465600,5.431,5.448,5.319,5.351,97862.939742
1689480000,5.353,5.396,5.344,5.381,25985.084047
1689494400,5.379,5.406,5.365,5.395,28643.565642
1689508800,5.397,5.415,5.359,5.384,68722.980203
1689523200,5.383,5.394,5.305,5.309,48882.033215
1689537600,5.31,5.365,5.26,5.311,42671.045235
1689552000,5.312,5.4,5.289,5.393,55776.297514
1689566400,5.393,5.416,5.37,5.394,63173.261608
1689580800,5.394,5.413,5.18,5.269,158431.748952
1689595200,5.27,5.318,5.201,5.283,62684.551124
1689609600,5.275,5.303,5.174,5.219,98518.664549
1689624000,5.219,5.307,5.197,5.303,62839.249393
1689638400,5.302,5.391,5.296,5.346,151920.747316
1689652800,5.346,5.353,5.2,5.227,101689.952597
1689667200,5.227,5.275,5.184,5.184,82612.9517
1689681600,5.189,5.241,5.161,5.196,90492.504373
1689696000,5.193,5.219,5.091,5.13,95235.511004
1689710400,5.13,5.185,5.127,5.182,25828.542749
1689724800,5.183,5.252,5.163,5.232,72603.597811
1689739200,5.232,5.256,5.207,5.213,34538.047008
1689753600,5.213,5.213,5.154,5.199,31408.269847
1689768000,5.2,5.231,5.13,5.182,58667.275719
1689782400,5.179,5.247,5.147,5.218,34245.19163
1689796800,5.218,5.227,5.164,5.197,18191.486255
1689811200,5.192,5.281,5.186,5.239,79949.572141
1689825600,5.239,5.312,5.224,5.312,66215.814801
1689840000,5.313,5.452,5.313,5.452,270352.62417
1689854400,5.452,5.49,5.257,5.303,249714.966665
1689868800,5.298,5.324,5.258,5.297,106740.352047
1689883200,5.299,5.36,5.233,5.353,91353.977974
1689897600,5.353,5.706,5.337,5.656,541693.987101
1689912000,5.657,5.66,5.43,5.431,298014.94152
1689926400,5.431,5.544,5.43,5.478,123795.652693
1689940800,5.48,5.533,5.443,5.471,149881.816482
1689955200,5.469,5.54,5.441,5.486,108005.239076
1689969600,5.485,5.517,5.455,5.486,56150.665998
1689984000,5.488,5.518,5.44,5.441,95541.662951
1689998400,5.442,5.466,5.37,5.419,97429.815643
1690012800,5.419,5.421,5.292,5.372,277173.57516
1690027200,5.372,5.381,5.347,5.373,50051.486366
1690041600,5.373,5.377,5.335,5.356,38236.24185
1690056000,5.356,5.376,5.261,5.313,87210.074268
1690070400,5.314,5.424,5.274,5.423,86762.878239
1690084800,5.424,5.472,5.387,5.423,134905.292919
1690099200,5.423,5.491,5.404,5.409,92399.047781
1690113600,5.41,5.428,5.368,5.376,33075.264602
1690128000,5.378,5.484,5.375,5.437,108804.038868
1690142400,5.438,5.46,5.367,5.392,65551.482463
1690156800,5.391,5.415,5.294,5.31,79403.540881
1690171200,5.31,5.37,5.272,5.335,58830.628472
1690185600,5.333,5.334,5.05,5.2,479127.08501
1690200000,5.2,5.214,5.119,5.176,246690.206667
1690214400,5.175,5.248,5.162,5.211,114815.986736
1690228800,5.212,5.245,5.193,5.212,19310.801868
1690243200,5.21,5.255,5.197,5.22,54782.572431
1690257600,5.222,5.224,5.169,5.178,70133.447696
1690272000,5.18,5.229,5.163,5.199,54899.809658
1690286400,5.2,5.205,5.127,5.157,102190.582224
1690300800,5.158,5.201,5.142,5.163,30651.4436
1690315200,5.163,5.185,5.142,5.175,21603.099263
1690329600,5.178,5.2,5.115,5.176,75268.657243
1690344000,5.177,5.214,5.169,5.195,98259.011379
1690358400,5.196,5.203,5.16,5.177,49426.248204
1690372800,5.177,5.238,5.175,5.227,86310.823163
1690387200,5.229,5.273,5.18,5.259,106138.537118
1690401600,5.26,5.295,5.217,5.236,37850.761416
1690416000,5.236,5.288,5.217,5.267,87261.258291
1690430400,5.27,5.345,5.246,5.291,207575.605765
1690444800,5.291,5.314,5.273,5.29,65194.588147
1690459200,5.29,5.295,5.216,5.235,52942.049785
1690473600,5.235,5.25,5.182,5.21,42537.905086
1690488000,5.211,5.247,5.2,5.237,26489.487843
1690502400,5.238,5.243,5.206,5.217,85330.776303
1690516800,5.217,5.219,5.165,5.178,124174.572733
1690531200,5.178,5.24,5.16,5.225,51232.835137
1690545600,5.226,5.272,5.212,5.245,114120.589777
1690560000,5.247,5.247,5.195,5.208,38867.471812
1690574400,5.209,5.22,5.196,5.218,15793.053315
1690588800,5.22,5.25,5.204,5.231,49834.404759
1690603200,5.23,5.255,5.228,5.231,29442.596374
1690617600,5.231,5.244,5.224,5.227,18018.023416
1690632000,5.226,5.246,5.222,5.232,33863.635113
1690646400,5.232,5.258,5.226,5.25,28639.438227
1690660800,5.25,5.257,5.235,5.248,24861.128143
1690675200,5.247,5.277,5.235,5.256,62374.027955
1690689600,5.258,5.268,5.235,5.238,29269.949694
1690704000,5.237,5.252,5.207,5.226,110770.39806
1690718400,5.227,5.261,5.208,5.248,84750.916686
1690732800,5.249,5.249,5.116,5.142,182020.934603
1690747200,5.14,5.198,5.088,5.184,153698.546245
1690761600,5.184,5.259,5.172,5.209,52022.97053
1690776000,5.213,5.216,5.167,5.175,81209.173709
1690790400,5.175,5.207,5.162,5.172,84924.318823
1690804800,5.171,5.186,5.121,5.127,113879.805016
1690819200,5.126,5.16,5.046,5.079,112977.44979
1690833600,5.079,5.118,5.048,5.106,48565.706335
1690848000,5.109,5.131,4.948,5.036,321863.07608
1690862400,5.033,5.085,5.022,5.066,83589.107443
1690876800,5.065,5.101,5.061,5.069,122870.683231
1690891200,5.07,5.107,5.029,5.098,106494.115243
1690905600,5.101,5.152,5.085,5.138,42239.32159
1690920000,5.14,5.206,5.123,5.205,83328.616518
1690934400,5.207,5.22,5.161,5.164,69836.870995
1690948800,5.167,5.173,5.129,5.137,54629.127861
1690963200,5.136,5.178,5.118,5.164,52674.17011
1690977600,5.164,5.173,5.05,5.094,223799.145348
1690992000,5.093,5.101,5.009,5.069,143742.114957
1691006400,5.069,5.078,5.045,5.06,15991.715605
1691020800,5.059,5.076,5.029,5.031,45014.146411
1691035200,5.031,5.036,4.993,5.007,84920.974784
1691049600,5.007,5.036,4.98,5.028,63410.89322
1691064000,5.031,5.056,5.007,5.024,63402.797521
1691078400,5.025,5.048,5.002,5.012,42944.338116
1691092800,5.011,5.028,4.932,4.979,113728.190538
1691107200,4.98,5.001,4.967,4.992,42792.280743
1691121600,4.992,5.012,4.974,4.989,38276.438954
1691136000,4.989,5.012,4.978,4.997,39627.684882
1691150400,4.997,5.044,4.992,5.027,56993.68671
1691164800,5.028,5.04,4.949,4.98,94500.262065
1691179200,4.98,5.003,4.939,4.995,74913.818894
1691193600,4.994,4.995,4.949,4.969,20204.286971
1691208000,4.968,4.968,4.944,4.96,17998.510082
1691222400,4.96,4.972,4.951,4.955,25228.974358
1691236800,4.955,4.969,4.931,4.944,48026.183138
1691251200,4.943,4.973,4.93,4.956,20241.019921
1691265600,4.956,4.981,4.953,4.975,14848.376776
1691280000,4.976,5.01,4.963,5.002,27532.467307
1691294400,5.005,5.024,4.995,5.0,52431.016406
1691308800,4.999,5.021,4.991,5.003,35196.183447
1691323200,5.004,5.016,4.959,4.964,66423.386585
1691337600,4.967,5.009,4.959,5.001,14821.6256
1691352000,5.0,5.044,4.995,5.006,75352.883592
1691366400,5.006,5.05,4.989,5.024,37187.236562
1691380800,5.022,5.034,4.976,5.011,75019.074393
1691395200,5.011,5.015,4.986,5.014,24099.182659
1691409600,5.015,5.015,4.918,4.935,99958.718893
1691424000,4.932,4.965,4.825,4.953,174248.798609
1691438400,4.954,4.978,4.946,4.97,18817.692076
1691452800,4.97,4.972,4.935,4.954,31653.428975
1691467200,4.956,4.988,4.947,4.967,34889.347706
1691481600,4.966,5.014,4.964,5.014,33757.335935
1691496000,5.015,5.045,5.003,5.028,94392.207251
1691510400,5.029,5.094,5.024,5.051,61884.565196
1691524800,5.049,5.1,5.044,5.061,37162.165728
1691539200,5.06,5.076,5.028,5.042,29073.072097
1691553600,5.04,5.053,5.028,5.046,29231.987293
1691568000,5.047,5.068,5.039,5.057,39359.16847
1691582400,5.057,5.105,5.038,5.05,138594.193072
1691596800,5.052,5.06,5.01,5.015,44753.250068
1691611200,5.017,5.062,4.999,5.059,27171.543677
1691625600,5.06,5.066,5.044,5.046,19017.225015
1691640000,5.045,5.046,5.01,5.013,25332.572245
1691654400,5.014,5.023,4.995,5.006,45654.116099
1691668800,5.004,5.059,5.0,5.011,60902.239351
1691683200,5.013,5.017,4.978,4.992,34141.236402
1691697600,4.993,5.007,4.986,5.006,17938.271321
1691712000,5.007,5.02,4.987,4.996,44098.526665
1691726400,4.997,5.015,4.993,5.001,51545.60031
1691740800,5.001,5.011,4.991,5.008,16756.479405
1691755200,5.01,5.021,4.97,4.975,45345.4009
1691769600,4.974,4.995,4.956,4.994,28298.297836
1691784000,4.996,5.01,4.992,5.008,11251.202095
1691798400,5.009,5.021,4.996,5.001,18993.435788
1691812800,5.0,5.012,4.997,5.01,6392.461686
1691827200,5.01,5.034,5.005,5.027,35486.475162
1691841600,5.028,5.035,5.018,5.03,17505.162919
1691856000,5.031,5.041,5.018,5.027,21971.505424
1691870400,5.028,5.042,5.021,5.039,11938.867659
1691884800,5.04,5.043,5.028,5.034,9632.340338
1691899200,5.034,5.042,5.018,5.037,44450.43384
1691913600,5.036,5.039,5.028,5.035,25122.044781
1691928000,5.035,5.035,5.012,5.016,41867.635277
1691942400,5.016,5.041,5.001,5.039,28148.01263
1691956800,5.042,5.043,4.969,4.988,40807.682397
1691971200,4.986,5.009,4.954,5.005,44847.243706
1691985600,5.006,5.02,4.998,5.005,37387.711584
1692000000,5.005,5.017,4.989,4.996,30970.802496
1692014400,4.995,5.053,4.98,5.041,126046.748517
1692028800,5.043,5.05,4.972,4.977,42318.222327
1692043200,4.979,5.001,4.972,4.99,56953.957974
1692057600,4.989,4.998,4.969,4.975,28989.740122
1692072000,4.974,4.976,4.949,4.969,53380.80376
1692086400,4.969,4.983,4.961,4.961,25903.219124
1692100800,4.96,4.973,4.941,4.951,50224.69305
1692115200,4.952,4.957,4.606,4.779,592826.544991
1692129600,4.777,4.827,4.765,4.819,81014.782536
1692144000,4.818,4.84,4.806,4.828,62108.8303
1692158400,4.829,4.837,4.781,4.789,58336.051788
1692172800,4.789,4.792,4.765,4.777,36407.049466
1692187200,4.777,4.779,4.709,4.721,164513.464185
1692201600,4.72,4.759,4.699,4.706,66858.887621
1692216000,4.707,4.715,4.529,4.673,393782.061663
1692230400,4.673,4.723,4.583,4.713,106326.81404
1692244800,4.714,4.823,4.713,4.757,312001.682674
1692259200,4.759,4.799,4.738,4.765,140698.234477
1692273600,4.764,4.798,4.646,4.674,309582.138647
1692288000,4.67,4.734,4.629,4.702,181166.318257
1692302400,4.702,4.705,4.183,4.429,891637.098245
1692316800,4.429,4.476,4.379,4.404,206881.577566
1692331200,4.405,4.515,4.365,4.504,131981.298779
1692345600,4.504,4.522,4.479,4.507,107411.750387
1692360000,4.508,4.559,4.487,4.505,103240.029301
1692374400,4.504,4.554,4.446,4.505,141568.049732
1692388800,4.506,4.548,4.506,4.512,19412.56424
1692403200,4.512,4.537,4.478,4.49,28738.809013
1692417600,4.488,4.497,4.454,4.48,32484.086837
1692432000,4.482,4.495,4.473,4.479,32628.391858
1692446400,4.479,4.531,4.474,4.531,47876.27745
1692460800,4.53,4.552,4.507,4.532,47561.984928
1692475200,4.535,4.542,4.501,4.516,22301.562833
1692489600,4.519,4.527,4.489,4.496,24244.372996
1692504000,4.496,4.499,4.466,4.482,26703.121512
1692518400,4.484,4.53,4.479,4.529,17201.672042
1692532800,4.529,4.532,4.468,4.489,39222.555134
1692547200,4.491,4.515,4.471,4.5,28379.042656
1692561600,4.501,4.528,4.501,4.52,11989.628687
1692576000,4.52,4.538,4.492,4.496,49824.434279
1692590400,4.496,4.514,4.477,4.486,32270.619178
1692604800,4.489,4.506,4.453,4.499,179481.469071
1692619200,4.5,4.507,4.355,4.394,146011.580182
1692633600,4.394,4.45,4.38,4.436,57223.362586
1692648000,4.438,4.471,4.426,4.426,31035.82214
1692662400,4.426,4.448,4.421,4.429,14731.387676
1692676800,4.43,4.44,4.406,4.433,17171.169935
1692691200,4.434,4.442,4.386,4.395,166932.797269
1692705600,4.395,4.426,4.358,4.369,114836.81628
1692720000,4.367,4.38,4.286,4.323,77475.985286
1692734400,4.324,4.431,4.233,4.422,116279.323242
1692748800,4.424,4.434,4.395,4.396,35301.782834
1692763200,4.396,4.437,4.38,4.412,25271.467867
1692777600,4.412,4.425,4.404,4.416,72748.388564
1692792000,4.416,4.464,4.393,4.457,185731.295741
1692806400,4.457,4.538,4.447,4.514,125300.109412
1692820800,4.515,4.518,4.454,4.49,59059.610064
1692835200,4.489,4.509,4.486,4.508,60909.691949
1692849600,4.508,4.516,4.493,4.496,16147.90838
1692864000,4.497,4.502,4.465,4.471,63353.146903
1692878400,4.47,4.471,4.386,4.39,136671.597839
1692892800,4.389,4.427,4.371,4.405,122039.891746
1692907200,4.408,4.429,4.366,4.425,22486.308672
1692921600,4.423,4.437,4.37,4.407,46846.475785
1692936000,4.409,4.414,4.355,4.407,31764.270053
1692950400,4.409,4.48,4.406,4.455,125531.211045
1692964800,4.455,4.483,4.414,4.457,173322.981652
1692979200,4.455,4.494,4.425,4.465,94837.171178
1692993600,4.463,4.491,4.452,4.489,18344.368353
1693008000,4.49,4.505,4.476,4.501,42612.95064
1693022400,4.5,4.508,4.484,4.491,41875.136097
1693036800,4.491,4.508,4.478,4.504,13316.421159
1693051200,4.504,4.513,4.498,4.501,30495.103082
1693065600,4.501,4.503,4.484,4.497,19453.307035
1693080000,4.496,4.514,4.495,4.506,26417.6624
1693094400,4.506,4.525,4.504,4.52,25235.144088
1693108800,4.52,4.533,4.507,4.518,23190.402933
1693123200,4.519,4.529,4.509,4.513,19510.509586
1693137600,4.513,4.547,4.498,4.502,101439.439064
1693152000,4.505,4.506,4.461,4.498,25969.373534
1693166400,4.499,4.506,4.475,4.49,12002.95381
1693180800,4.49,4.492,4.437,4.469,106827.710046
1693195200,4.47,4.482,4.418,4.45,82413.462795
1693209600,4.451,4.459,4.416,4.459,129661.86297
1693224000,4.459,4.587,4.458,4.564,212149.793227
1693238400,4.565,4.603,4.549,4.581,96989.049499
1693252800,4.582,4.622,4.567,4.613,24676.397187
1693267200,4.61,4.682,4.595,4.599,145645.091218
1693281600,4.6,4.627,4.574,4.574,79595.486615
1693296000,4.574,4.585,4.537,4.572,157040.16393
1693310400,4.571,4.806,4.539,4.685,747000.274067
1693324800,4.686,4.74,4.666,4.687,143542.695979
1693339200,4.688,4.699,4.65,4.671,91290.030108
1693353600,4.677,4.677,4.6,4.623,81900.259938
1693368000,4.622,4.624,4.583,4.603,42934.621014
1693382400,4.604,4.61,4.568,4.57,85824.360859
1693396800,4.57,4.59,4.514,4.545,175149.372721
1693411200,4.546,4.575,4.537,4.544,44242.18401
1693425600,4.545,4.555,4.528,4.535,36730.544195
1693440000,4.535,4.535,4.476,4.485,34190.724522
1693454400,4.486,4.505,4.478,4.491,52690.200686
1693468800,4.491,4.518,4.469,4.491,148793.201859
1693483200,4.491,4.491,4.35,4.37,290657.159605
1693497600,4.37,4.377,4.236,4.312,565763.42462
1693512000,4.309,4.31,4.234,4.269,345052.422217
1693526400,4.269,4.295,4.261,4.28,146983.651548
1693540800,4.279,4.28,4.248,4.258,173076.327922
1693555200,4.258,4.274,4.245,4.27,149323.642287
1693569600,4.27,4.28,4.196,4.222,179814.714358
1693584000,4.222,4.24,4.135,4.201,223850.802218
1693598400,4.207,4.237,4.198,4.217,26140.446117
1693612800,4.218,4.231,4.205,4.23,22959.077471
1693627200,4.231,4.248,4.219,4.234,32552.983077
1693641600,4.234,4.26,4.232,4.243,69744.311336
1693656000,4.243,4.274,4.223,4.252,31072.038782
1693670400,4.25,4.26,4.203,4.247,43910.578616
1693684800,4.245,4.268,4.238,4.26,13864.666203
1693699200,4.263,4.284,4.252,4.281,28742.207736
1693713600,4.283,4.3,4.27,4.295,33046.198015
1693728000,4.295,4.296,4.266,4.278,28631.176656
1693742400,4.278,4.286,4.246,4.252,55922.878136
1693756800,4.253,4.293,4.226,4.279,53124.220937
1693771200,4.279,4.29,4.256,4.261,20844.936734
1693785600,4.262,4.32,4.252,4.284,72551.346964
1693800000,4.284,4.292,4.26,4.278,53752.226555
1693814400,4.279,4.295,4.26,4.262,91621.932389
1693828800,4.262,4.267,4.191,4.233,154372.696158
1693843200,4.232,4.277,4.229,4.249,79214.439644
1693857600,4.249,4.26,4.192,4.26,48892.457138
1693872000,4.26,4.263,4.199,4.235,41640.38549
1693886400,4.235,4.254,4.235,4.25,17484.459329
1693900800,4.251,4.279,4.236,4.274,123050.30538
1693915200,4.276,4.302,4.259,4.277,113006.213217
1693929600,4.279,4.285,4.237,4.237,52620.700604
1693944000,4.238,4.269,4.228,4.255,39601.190174
1693958400,4.255,4.272,4.24,4.252,28834.288991
1693972800,4.252,4.256,4.232,4.236,74891.844289
1693987200,4.236,4.245,4.233,4.244,64401.228814
1694001600,4.244,4.254,4.203,4.218,139215.125061
1694016000,4.217,4.289,4.172,4.226,201252.741448
1694030400,4.228,4.275,4.224,4.271,21016.450575
1694044800,4.272,4.284,4.259,4.28,52045.372253
1694059200,4.281,4.285,4.249,4.254,45734.454701
1694073600,4.254,4.265,4.239,4.24,78468.846955
1694088000,4.239,4.267,4.233,4.252,170517.06008
1694102400,4.252,4.281,4.25,4.272,67963.816109
1694116800,4.272,4.309,4.262,4.291,81576.078614
1694131200,4.293,4.33,4.287,4.306,61748.691941
1694145600,4.304,4.318,4.284,4.294,71045.583954
1694160000,4.293,4.293,4.199,4.232,155148.131118
1694174400,4.232,4.242,4.21,4.223,172758.019527
1694188800,4.223,4.253,4.217,4.244,72964.056646
1694203200,4.246,4.252,4.23,4.252,24899.827519
1694217600,4.25,4.255,4.238,4.249,17151.920519
1694232000,4.251,4.277,4.248,4.268,34768.502007
1694246400,4.268,4.28,4.26,4.271,52037.229963
1694260800,4.272,4.278,4.253,4.263,49101.642342
1694275200,4.263,4.263,4.235,4.25,34636.688167
1694289600,4.251,4.251,4.236,4.237,15126.13083
1694304000,4.237,4.238,4.197,4.211,64900.132482
1694318400,4.211,4.211,4.099,4.18,264947.590051
1694332800,4.181,4.192,4.153,4.154,37401.101589
1694347200,4.152,4.197,4.103,4.138,121925.249636
1694361600,4.137,4.168,4.104,4.156,95648.594826
1694376000,4.155,4.182,4.148,4.149,54617.749607
1694390400,4.149,4.156,4.081,4.119,69115.183977
1694404800,4.119,4.134,4.105,4.116,63163.30204
1694419200,4.118,4.12,3.959,4.008,492183.733119
1694433600,4.008,4.039,3.967,4.015,335176.139922
1694448000,4.011,4.031,3.907,3.936,150701.749594
1694462400,3.936,3.99,3.921,3.988,88908.789187
1694476800,3.988,4.064,3.966,4.028,179175.834779
1694491200,4.028,4.046,3.995,4.012,92794.909697
1694505600,4.013,4.095,3.992,4.043,209694.702223
1694520000,4.044,4.045,3.977,4.006,240408.957106
1694534400,4.005,4.055,3.953,3.99,124136.816758
1694548800,3.989,4.006,3.98,3.984,22910.226878
1694563200,3.987,4.012,3.97,3.984,39832.909758
1694577600,3.983,4.109,3.95,3.976,776001.46294
1694592000,3.975,4.033,3.971,4.022,251751.124541
1694606400,4.022,4.054,3.99,4.028,150723.381368
1694620800,4.029,4.036,3.987,4.0,63920.11591
1694635200,4.001,4.029,3.996,3.999,33004.482733
1694649600,3.999,4.075,3.997,4.007,121534.110829
1694664000,4.005,4.027,3.972,4.012,106284.790648
1694678400,4.013,4.046,4.004,4.036,139571.017213
1694692800,4.037,4.072,4.012,4.045,239588.609671
1694707200,4.048,4.087,4.028,4.069,50933.657849
1694721600,4.071,4.087,4.049,4.055,35357.052787
1694736000,4.058,4.099,4.045,4.087,61957.392034
1694750400,4.088,4.097,4.063,4.066,71425.141439
1694764800,4.066,4.098,4.066,4.072,210242.346805
1694779200,4.072,4.122,4.067,4.114,139211.662831
1694793600,4.116,4.135,4.093,4.109,48424.098332
1694808000,4.11,4.173,4.11,4.138,133824.543353
1694822400,4.14,4.224,4.136,4.197,148363.567441
1694836800,4.198,4.225,4.185,4.191,56030.379592
1694851200,4.194,4.201,4.161,4.168,56649.573733
1694865600,4.166,4.173,4.134,4.154,38468.867132
1694880000,4.154,4.162,4.138,4.143,51655.5086
1694894400,4.144,4.188,4.144,4.185,25845.985103
1694908800,4.185,4.186,4.11,4.137,115366.338111
1694923200,4.137,4.139,4.109,4.11,61988.777369
1694937600,4.11,4.142,4.108,4.118,68675.93518
1694952000,4.118,4.137,4.112,4.13,39119.508496
1694966400,4.129,4.133,4.079,4.099,54371.919411
1694980800,4.097,4.1,4.043,4.07,118819.317532
1694995200,4.071,4.127,4.014,4.122,157770.21818
1695009600,4.124,4.143,4.106,4.125,114515.903661
1695024000,4.128,4.203,4.113,4.194,202890.150765
1695038400,4.195,4.217,4.173,4.181,250648.237935
1695052800,4.18,4.19,4.094,4.126,134743.596954
1695067200,4.125,4.13,4.096,4.106,46996.470753
1695081600,4.106,4.117,4.077,4.109,53173.176513
1695096000,4.108,4.126,4.094,4.096,114665.356606
1695110400,4.095,4.169,4.092,4.129,384915.004163
1695124800,4.13,4.148,4.084,4.134,128526.597924
1695139200,4.135,4.156,4.117,4.141,54336.102408
1695153600,4.139,4.165,4.124,4.151,38576.55898
1695168000,4.152,4.168,4.121,4.13,92851.45491
1695182400,4.13,4.134,4.105,4.117,38508.083181
1695196800,4.117,4.134,4.083,4.105,247663.318328
1695211200,4.107,4.117,4.075,4.109,108664.252283
1695225600,4.108,4.157,4.062,4.104,140831.845251
1695240000,4.102,4.155,4.1,4.139,46072.782324
1695254400,4.139,4.165,4.127,4.152,67205.880721
1695268800,4.151,4.154,4.1,4.109,91268.242585
1695283200,4.108,4.119,4.021,4.052,324489.586784
1695297600,4.052,4.052,4.005,4.039,101727.827056
1695312000,4.039,4.041,4.019,4.027,35451.443893
1695326400,4.027,4.028,3.999,4.013,48931.890062
1695340800,4.012,4.037,3.976,4.022,69224.725399
1695355200,4.023,4.032,4.005,4.024,48825.081805
1695369600,4.023,4.032,4.016,4.027,147790.150246
1695384000,4.028,4.034,4.002,4.009,150535.146401
1695398400,4.007,4.021,3.994,4.005,114363.126131
1695412800,4.005,4.028,4.0,4.019,38637.762042
1695427200,4.019,4.039,4.003,4.009,61675.453566
1695441600,4.009,4.019,4.001,4.013,17970.002978
1695456000,4.014,4.017,4.005,4.01,20660.961415
1695470400,4.014,4.02,4.0,4.009,20636.779353
1695484800,4.009,4.034,4.0,4.031,43714.46491
1695499200,4.029,4.035,4.018,4.032,13329.262194
1695513600,4.033,4.033,4.009,4.021,28453.352257
1695528000,4.02,4.023,4.009,4.016,29477.349487
1695542400,4.016,4.045,4.015,4.045,41431.335814
1695556800,4.045,4.058,4.036,4.04,52226.567776
1695571200,4.042,4.058,4.014,4.015,66580.849868
1695585600,4.014,4.031,3.967,3.992,60872.374409
1695600000,3.99,4.023,3.947,3.999,67743.870582
1695614400,3.999,4.064,3.994,4.061,150141.296229
1695628800,4.062,4.07,4.02,4.029,187823.690914
1695643200,4.028,4.082,4.024,4.067,144916.536576
1695657600,4.069,4.089,4.057,4.069,86672.620536
1695672000,4.071,4.081,4.053,4.067,42183.18885
1695686400,4.068,4.098,4.057,4.06,183135.55938
1695700800,4.06,4.062,4.033,4.045,70679.656018
1695715200,4.047,4.051,4.02,4.036,139880.15296
1695729600,4.037,4.037,3.998,4.01,246285.795081
1695744000,4.01,4.023,3.997,4.016,42851.590677
1695758400,4.017,4.02,3.973,4.014,41610.082948
1695772800,4.013,4.019,3.985,4.007,68423.845289
1695787200,4.008,4.008,3.991,3.999,56149.191686
1695801600,4.0,4.07,3.993,4.058,356880.307647
1695816000,4.061,4.073,3.977,4.007,205806.416412
1695830400,4.008,4.014,3.985,3.995,68792.212181
1695844800,3.996,4.003,3.969,3.992,62277.996955
1695859200,3.992,4.014,3.986,3.992,46648.003883
1695873600,3.994,4.034,3.982,4.025,105290.752856
1695888000,4.025,4.048,4.011,4.041,200993.414005
1695902400,4.041,4.083,4.036,4.078,180763.635256
1695916800,4.078,4.1,4.052,4.079,80238.68998
1695931200,4.081,4.088,4.054,4.073,31011.133242
1695945600,4.074,4.086,4.059,4.075,45308.157226
1695960000,4.075,4.12,4.066,4.109,188758.079374
1695974400,4.109,4.112,4.074,4.078,180051.171234
1695988800,4.078,4.109,4.053,4.094,277831.4747
1696003200,4.095,4.096,4.067,4.077,68250.687357
1696017600,4.078,4.085,4.07,4.075,23890.943463
1696032000,4.075,4.087,4.071,4.076,28133.882092
1696046400,4.077,4.089,4.075,4.078,27286.965598
1696060800,4.077,4.094,4.075,4.083,53355.356104
1696075200,4.083,4.112,4.083,4.098,89369.610234
1696089600,4.1,4.112,4.088,4.107,47495.037363
1696104000,4.108,4.118,4.095,4.105,28633.73515
1696118400,4.104,4.125,4.102,4.116,101938.968309
1696132800,4.117,4.158,4.109,4.141,42297.429478
1696147200,4.139,4.21,4.132,4.2,170783.308521
1696161600,4.2,4.214,4.182,4.189,62311.035225
1696176000,4.192,4.196,4.159,4.196,160723.570809
1696190400,4.195,4.289,4.187,4.262,157789.909458
1696204800,4.266,4.279,4.239,4.265,95716.655002
1696219200,4.267,4.29,4.244,4.277,142200.867774
1696233600,4.278,4.299,4.227,4.23,64726.10029
1696248000,4.23,4.257,4.148,4.167,119238.412878
1696262400,4.165,4.195,4.057,4.155,230227.11409
1696276800,4.154,4.158,4.084,4.119,55751.017968
1696291200,4.12,4.161,4.115,4.158,62218.133865
1696305600,4.159,4.159,4.121,4.124,41355.890576
1696320000,4.124,4.147,4.123,4.135,36874.998238
1696334400,4.134,4.139,4.074,4.084,80686.223671
1696348800,4.083,4.101,4.045,4.065,75909.410733
1696363200,4.066,4.087,4.053,4.076,68539.601435
1696377600,4.076,4.076,3.957,4.034,216069.468616
1696392000,4.034,4.05,4.005,4.048,133237.602906
1696406400,4.048,4.059,4.031,4.039,53843.871981
1696420800,4.041,4.051,3.99,4.011,55940.96754
1696435200,4.01,4.059,4.0,4.035,78882.003148
1696449600,4.035,4.054,4.028,4.043,32090.98445
1696464000,4.043,4.054,4.023,4.035,27828.561571
1696478400,4.032,4.052,4.028,4.038,20916.973964
1696492800,4.037,4.082,4.022,4.048,76907.404261
1696507200,4.048,4.074,4.0,4.025,187864.490748
1696521600,4.024,4.037,4.004,4.019,61406.547595
1696536000,4.018,4.031,4.014,4.021,16336.346891
1696550400,4.024,4.054,4.021,4.038,74272.007995
1696564800,4.039,4.058,4.032,4.055,24870.076381
1696579200,4.055,4.057,4.032,4.035,30532.617161
1696593600,4.035,4.077,3.996,4.063,108595.540975
1696608000,4.063,4.092,4.054,4.072,47286.593331
1696622400,4.075,4.1,4.064,4.069,45323.803871
1696636800,4.069,4.075,4.061,4.068,42674.567595
1696651200,4.067,4.099,4.066,4.096,42830.196596
1696665600,4.098,4.111,4.086,4.088,39097.860119
1696680000,4.088,4.093,4.073,4.077,43841.894622
1696694400,4.077,4.078,4.046,4.051,21491.124401
1696708800,4.051,4.057,4.05,4.052,9216.757028
1696723200,4.052,4.072,4.051,4.071,23010.485489
1696737600,4.072,4.072,4.028,4.034,53665.899893
1696752000,4.034,4.034,4.002,4.013,74056.207278
1696766400,4.013,4.038,4.006,4.021,79963.615603
1696780800,4.02,4.03,4.013,4.016,34820.372218
1696795200,4.016,4.022,4.0,4.012,29988.548472
1696809600,4.011,4.029,4.0,4.026,33576.353416
1696824000,4.024,4.025,3.984,3.99,91940.80012
1696838400,3.99,3.991,3.767,3.847,767133.577555
1696852800,3.84,3.871,3.836,3.847,109287.842319
1696867200,3.848,3.863,3.753,3.856,216691.168799
1696881600,3.856,3.879,3.826,3.879,100323.572623
1696896000,3.879,3.896,3.821,3.854,92515.482346
1696910400,3.855,3.863,3.834,3.838,62933.214975
1696924800,3.838,3.856,3.808,3.812,149614.986217
1696939200,3.812,3.838,3.8,3.809,97874.549522
1696953600,3.809,3.822,3.797,3.816,48868.084202
1696968000,3.817,3.827,3.771,3.811,77309.513937
1696982400,3.813,3.823,3.709,3.746,190514.944183
1696996800,3.746,3.769,3.737,3.738,105425.175497
1697011200,3.739,3.78,3.735,3.768,88128.678914
1697025600,3.768,3.788,3.712,3.733,170475.1057
1697040000,3.732,3.741,3.7,3.723,116529.123783
1697054400,3.722,3.741,3.704,3.74,42042.188398
1697068800,3.74,3.742,3.702,3.722,56815.992682
1697083200,3.723,3.732,3.706,3.709,44858.268295
1697097600,3.711,3.715,3.62,3.693,236928.234907
1697112000,3.692,3.696,3.651,3.664,94406.081197
1697126400,3.667,3.676,3.622,3.666,173154.084703
1697140800,3.666,3.678,3.65,3.677,46681.435576
1697155200,3.676,3.692,3.672,3.678,89973.702639
1697169600,3.679,3.698,3.668,3.693,39838.554136
1697184000,3.695,3.696,3.68,3.69,50557.155034
1697198400,3.69,3.719,3.674,3.687,102159.372333
1697212800,3.688,3.709,3.687,3.704,66369.383047
1697227200,3.708,3.776,3.708,3.721,113529.70896
1697241600,3.721,3.744,3.718,3.74,28346.120411
1697256000,3.74,3.744,3.717,3.726,39822.278992
1697270400,3.727,3.736,3.722,3.734,23510.674639
1697284800,3.737,3.76,3.733,3.758,69145.395272
1697299200,3.758,3.762,3.732,3.738,55929.079263
1697313600,3.738,3.748,3.731,3.733,43947.963409
1697328000,3.734,3.748,3.726,3.729,44635.739374
1697342400,3.729,3.731,3.706,3.717,85280.248837
1697356800,3.717,3.776,3.714,3.743,160525.005048
1697371200,3.741,3.758,3.728,3.739,83876.78615
1697385600,3.74,3.767,3.737,3.76,41030.323356
1697400000,3.76,3.776,3.748,3.752,100014.433245
1697414400,3.751,3.761,3.737,3.756,61226.584404
1697428800,3.758,3.821,3.752,3.8,178073.787388
1697443200,3.801,3.809,3.754,3.785,94526.969285
1697457600,3.787,3.905,3.737,3.763,521452.450849
1697472000,3.764,3.801,3.752,3.784,93955.655351
1697486400,3.784,3.815,3.77,3.776,66516.122782
1697500800,3.778,3.78,3.738,3.74,143815.525722
1697515200,3.74,3.753,3.727,3.75,68003.471494
1697529600,3.749,3.752,3.721,3.73,69803.68295
1697544000,3.731,3.731,3.632,3.696,146435.743043
1697558400,3.695,3.704,3.645,3.674,166258.166102
1697572800,3.675,3.675,3.657,3.67,233723.01255
1697587200,3.671,3.671,3.648,3.665,146083.479701
1697601600,3.665,3.708,3.661,3.674,223119.179808
1697616000,3.674,3.722,3.668,3.697,164057.810412
1697630400,3.699,3.701,3.662,3.683,75412.168272
1697644800,3.683,3.689,3.651,3.654,62601.277749
1697659200,3.654,3.665,3.628,3.652,89989.85623
1697673600,3.651,3.658,3.557,3.615,262608.609436
1697688000,3.615,3.624,3.603,3.616,61456.040896
1697702400,3.617,3.631,3.606,3.624,93249.243093
1697716800,3.625,3.649,3.617,3.632,63281.729017
1697731200,3.632,3.66,3.612,3.642,96472.430243
1697745600,3.643,3.661,3.628,3.649,80496.626949
1697760000,3.649,3.716,3.638,3.707,147031.311411
1697774400,3.71,3.74,3.697,3.724,163705.798672
1697788800,3.724,3.804,3.724,3.757,324887.646995
1697803200,3.758,3.769,3.699,3.711,237082.019743
1697817600,3.712,3.717,3.676,3.712,135697.151026
1697832000,3.713,3.731,3.709,3.717,37869.835956
1697846400,3.718,3.739,3.708,3.723,63993.593073
1697860800,3.723,3.769,3.722,3.764,110393.68002
1697875200,3.765,3.817,3.751,3.81,191018.359328
1697889600,3.811,3.877,3.78,3.863,291794.940109
1697904000,3.863,3.979,3.85,3.941,328071.303665
1697918400,3.941,3.956,3.892,3.907,119398.529658
1697932800,3.91,3.954,3.86,3.874,156671.864629
1697947200,3.874,3.94,3.817,3.87,336402.824441
1697961600,3.87,3.88,3.82,3.827,102760.911101
1697976000,3.832,3.859,3.81,3.819,70095.875033
1697990400,3.819,3.902,3.815,3.854,160363.707575
1698004800,3.854,3.973,3.854,3.966,117053.590459
1698019200,3.966,4.041,3.948,4.033,360893.450153
1698033600,4.034,4.057,3.941,3.967,299330.044944
1698048000,3.967,4.035,3.918,4.033,435662.221513
1698062400,4.033,4.133,3.975,4.095,384720.978397
1698076800,4.095,4.199,4.079,4.197,456906.308183
1698091200,4.195,4.373,4.169,4.358,715426.190201
1698105600,4.358,4.422,4.298,4.298,696689.276692
1698120000,4.298,4.394,4.214,4.254,418997.032827
1698134400,4.253,4.315,4.241,4.296,388533.177229
1698148800,4.296,4.38,4.098,4.154,680678.753025
1698163200,4.153,4.227,4.12,4.181,274308.50984
1698177600,4.18,4.223,4.142,4.188,214440.502295
1698192000,4.188,4.281,4.165,4.206,166627.159426
1698206400,4.207,4.26,4.138,4.179,284404.752091
1698220800,4.181,4.232,4.149,4.2,393136.458059
1698235200,4.199,4.337,4.199,4.332,295418.02281
1698249600,4.333,4.355,4.239,4.325,186781.284951
1698264000,4.323,4.328,4.245,4.289,102961.760138
1698278400,4.292,4.366,4.27,4.366,120849.162491
1698292800,4.367,4.385,4.247,4.385,281335.345053
1698307200,4.381,4.448,4.266,4.308,507236.572267
1698321600,4.302,4.355,4.145,4.201,416369.543991
1698336000,4.201,4.242,4.168,4.238,186711.884271
1698350400,4.236,4.251,4.207,4.234,58602.627779
1698364800,4.235,4.238,4.12,4.177,172083.610543
1698379200,4.18,4.191,4.122,4.124,87477.415372
1698393600,4.125,4.178,4.104,4.119,132948.240397
1698408000,4.12,4.186,4.105,4.164,208355.259242
1698422400,4.164,4.177,4.043,4.122,255460.851291
1698436800,4.122,4.152,4.117,4.137,76011.067992
1698451200,4.133,4.2,4.131,4.198,59111.040563
1698465600,4.199,4.208,4.167,4.178,99218.559168
1698480000,4.178,4.224,4.171,4.199,93965.172159
1698494400,4.2,4.206,4.15,4.191,140488.654944
1698508800,4.192,4.192,4.151,4.154,75632.007804
1698523200,4.154,4.197,4.153,4.182,45250.244938
1698537600,4.182,4.194,4.125,4.163,104190.218717
1698552000,4.164,4.185,4.154,4.178,73346.632357
1698566400,4.177,4.208,4.171,4.195,72111.423119
1698580800,4.196,4.288,4.192,4.267,172752.972271
1698595200,4.268,4.3,4.241,4.291,121189.164472
1698609600,4.292,4.354,4.282,4.316,118711.746103
1698624000,4.317,4.336,4.269,4.279,152109.706431
1698638400,4.28,4.295,4.234,4.245,97357.123543
1698652800,4.245,4.368,4.236,4.328,376279.453332
1698667200,4.327,4.359,4.306,4.356,208724.021643
1698681600,4.356,4.376,4.268,4.373,170538.359055
1698696000,4.377,4.532,4.336,4.523,391609.426928
1698710400,4.525,4.61,4.477,4.483,533995.573392
1698724800,4.483,4.54,4.421,4.425,304875.319445
1698739200,4.428,4.515,4.384,4.503,231784.025578
1698753600,4.502,4.502,4.265,4.36,493645.976668
1698768000,4.363,4.462,4.341,4.425,364326.307454
1698782400,4.425,4.467,4.407,4.449,162542.351791
1698796800,4.449,4.497,4.405,4.419,132377.146139
1698811200,4.42,4.428,4.339,4.366,165991.042073
1698825600,4.367,4.385,4.326,4.359,97561.558544
1698840000,4.359,4.451,4.323,4.362,272908.210897
1698854400,4.362,4.759,4.359,4.672,715212.035616
1698868800,4.671,4.806,4.671,4.728,615116.723343
1698883200,4.728,4.798,4.703,4.744,324109.745391
1698897600,4.747,4.754,4.615,4.652,317644.543902
1698912000,4.647,4.748,4.603,4.701,296872.186414
1698926400,4.697,4.787,4.573,4.588,571747.531236
1698940800,4.589,4.683,4.513,4.669,484583.441514
1698955200,4.667,4.676,4.589,4.63,139736.125097
1698969600,4.63,4.63,4.457,4.516,645118.452498
1698984000,4.517,4.562,4.467,4.555,157130.631877
1698998400,4.556,4.586,4.482,4.53,184871.196705
1699012800,4.527,4.639,4.499,4.621,274649.008706
1699027200,4.624,4.643,4.557,4.587,153244.729906
1699041600,4.581,4.63,4.574,4.611,121149.192
1699056000,4.611,4.639,4.584,4.631,155725.467031
1699070400,4.631,4.674,4.607,4.647,153479.544214
1699084800,4.647,4.669,4.625,4.637,137227.288577
1699099200,4.635,4.78,4.628,4.643,482008.554841
1699113600,4.643,4.675,4.638,4.666,170671.701948
1699128000,4.667,4.726,4.636,4.683,95690.707996
1699142400,4.684,4.77,4.654,4.757,283782.108546
1699156800,4.762,4.84,4.737,4.793,400015.215414
1699171200,4.793,4.829,4.744,4.805,368218.306638
1699185600,4.808,4.91,4.702,4.776,606914.313986
1699200000,4.777,4.87,4.764,4.809,178466.144744
1699214400,4.809,4.839,4.653,4.763,279310.491881
1699228800,4.762,4.85,4.748,4.789,252284.28068
1699243200,4.791,4.804,4.677,4.779,225924.050185
1699257600,4.779,4.899,4.744,4.871,325003.960449
1699272000,4.871,4.899,4.808,4.869,370975.808889
1699286400,4.868,4.96,4.819,4.922,407040.788841
1699300800,4.922,4.995,4.887,4.968,203589.824843
1699315200,4.969,4.994,4.855,4.942,324480.87206
1699329600,4.942,5.0,4.906,4.966,464880.452404
1699344000,4.967,4.983,4.842,4.87,350864.731353
1699358400,4.871,4.916,4.72,4.784,415531.348279
1699372800,4.788,4.942,4.72,4.91,344320.210974
1699387200,4.916,4.988,4.9,4.925,300608.252985
1699401600,4.925,4.951,4.859,4.876,156507.14684
1699416000,4.878,4.952,4.867,4.906,179958.761951
1699430400,4.905,4.961,4.892,4.937,174877.054234
1699444800,4.937,5.094,4.916,4.95,989171.788415
1699459200,4.946,5.054,4.936,5.051,302243.899301
1699473600,5.052,5.085,4.994,5.033,204280.781744
1699488000,5.032,5.14,5.013,5.107,263305.128829
1699502400,5.109,5.154,5.08,5.082,207027.470855
1699516800,5.082,5.16,5.059,5.101,246196.024517
1699531200,5.099,5.263,5.071,5.15,676118.091105
1699545600,5.151,5.184,4.446,4.879,1644002.441775
1699560000,4.874,5.101,4.776,5.087,294678.192844
1699574400,5.092,5.213,5.07,5.109,415655.627633
1699588800,5.107,5.153,5.064,5.084,201589.534815
1699603200,5.084,5.196,4.999,5.178,380317.996553
1699617600,5.181,5.184,4.944,5.03,468957.262294
1699632000,5.031,5.198,5.027,5.15,392137.448049
1699646400,5.152,5.316,5.127,5.3,365425.232823
1699660800,5.3,5.343,5.183,5.191,565415.540755
1699675200,5.189,5.263,5.087,5.212,394264.792579
1699689600,5.214,5.353,5.189,5.259,388030.642646
1699704000,5.259,5.499,5.233,5.472,914379.931828
1699718400,5.474,5.67,5.473,5.656,803929.876552
1699732800,5.656,5.682,5.477,5.555,578160.17768
1699747200,5.559,5.638,5.344,5.601,523528.66829
1699761600,5.6,5.755,5.487,5.713,637569.914336
1699776000,5.715,5.857,5.675,5.799,498155.265213
1699790400,5.806,5.829,5.671,5.766,648206.403979
1699804800,5.767,5.78,5.639,5.716,173442.093633
1699819200,5.704,5.822,5.648,5.707,188213.861138
1699833600,5.709,5.888,5.624,5.654,484327.611614
1699848000,5.653,5.762,5.539,5.706,344155.680885
1699862400,5.707,5.74,5.552,5.592,230090.235488
1699876800,5.591,5.621,5.425,5.589,498116.360858
1699891200,5.59,5.623,5.427,5.525,261981.81634
1699905600,5.53,5.53,5.324,5.349,476902.014329
1699920000,5.351,5.379,5.217,5.37,359716.251017
1699934400,5.369,5.513,5.35,5.472,178229.030683
1699948800,5.472,5.525,5.279,5.294,335076.001736
1699963200,5.291,5.461,5.233,5.341,504475.576127
1699977600,5.345,5.399,5.0,5.142,598228.623364
1699992000,5.141,5.262,5.126,5.197,316040.144438
1700006400,5.199,5.26,5.185,5.203,161225.634568
1700020800,5.205,5.32,5.203,5.305,290234.483219
1700035200,5.306,5.46,5.293,5.439,317279.039884
1700049600,5.439,5.453,5.371,5.445,353177.804005
1700064000,5.446,5.628,5.398,5.627,582327.64499
1700078400,5.628,5.639,5.53,5.563,248551.794629
1700092800,5.565,5.643,5.543,5.586,177964.275275
1700107200,5.583,5.8,5.549,5.713,667067.086171
1700121600,5.712,5.775,5.579,5.606,468390.361524
1700136000,5.604,5.608,5.413,5.47,611488.613356
1700150400,5.47,5.549,5.274,5.41,358730.040628
1700164800,5.411,5.43,5.308,5.353,174013.305481
1700179200,5.352,5.486,5.336,5.455,268556.12194
1700193600,5.457,5.598,5.35,5.366,304890.981769
1700208000,5.365,5.455,5.276,5.31,308889.552587
1700222400,5.308,5.371,5.055,5.072,686930.084029
1700236800,5.073,5.269,5.059,5.207,328001.704689
1700251200,5.209,5.287,5.194,5.244,126560.261692
1700265600,5.246,5.246,5.124,5.133,241137.392845
1700280000,5.134,5.185,4.993,5.104,245594.06133
1700294400,5.104,5.169,5.072,5.132,116178.518061
1700308800,5.132,5.232,5.059,5.227,250833.943292
1700323200,5.229,5.282,5.21,5.259,180202.582211
1700337600,5.263,5.296,5.235,5.289,94294.061031
1700352000,5.29,5.296,5.177,5.29,225283.317917
1700366400,5.289,5.303,5.261,5.291,86008.489559
1700380800,5.293,5.313,5.196,5.23,117405.918061
1700395200,5.23,5.31,5.2,5.29,165496.255561
1700409600,5.29,5.483,5.269,5.476,355619.437778
1700424000,5.478,5.482,5.393,5.434,208823.514834
1700438400,5.435,5.48,5.396,5.455,141391.997922
1700452800,5.459,5.48,5.385,5.469,198410.856499
1700467200,5.469,5.57,5.444,5.487,445026.787324
1700481600,5.486,5.491,5.316,5.438,552139.904479
1700496000,5.437,5.454,5.318,5.349,257227.845723
1700510400,5.35,5.372,5.256,5.302,204149.50952
1700524800,5.303,5.327,5.193,5.249,286355.188138
1700539200,5.249,5.271,5.193,5.2,439120.488239
1700553600,5.202,5.232,5.162,5.191,184308.862439
1700568000,5.19,5.208,5.031,5.143,756318.429719
1700582400,5.143,5.185,4.907,5.027,779537.399335
1700596800,5.032,5.061,4.83,4.859,1631993.956733
1700611200,4.858,5.053,4.846,5.028,272133.617319
1700625600,5.027,5.081,5.004,5.052,175207.408231
1700640000,5.054,5.11,5.051,5.073,197569.085631
1700654400,5.073,5.118,5.044,5.085,319819.595615
1700668800,5.086,5.247,5.061,5.219,545473.990073
1700683200,5.222,5.289,5.144,5.173,450310.625488
1700697600,5.174,5.217,5.145,5.168,161157.846708
1700712000,5.17,5.2,5.146,5.173,133748.358666
1700726400,5.172,5.219,5.13,5.157,202548.818306
1700740800,5.157,5.169,5.082,5.105,205611.719752
1700755200,5.107,5.149,5.096,5.104,133135.645862
1700769600,5.104,5.146,5.102,5.138,63828.725062
1700784000,5.138,5.188,5.121,5.168,123732.474865
1700798400,5.167,5.246,5.152,5.226,156614.920822
1700812800,5.228,5.257,5.177,5.212,593567.364323
1700827200,5.211,5.27,5.166,5.247,287242.301561
1700841600,5.247,5.293,5.198,5.228,237309.694219
1700856000,5.23,5.292,5.209,5.24,126575.557357
1700870400,5.244,5.33,5.21,5.302,152980.943262
1700884800,5.304,5.318,5.265,5.313,126031.505959
1700899200,5.314,5.327,5.24,5.268,109518.508492
1700913600,5.266,5.387,5.259,5.348,201022.605991
1700928000,5.348,5.361,5.331,5.345,117921.388915
1700942400,5.343,5.353,5.312,5.33,68222.890859
1700956800,5.33,5.354,5.296,5.326,112240.019748
1700971200,5.327,5.414,5.311,5.362,95789.538574
1700985600,5.363,5.37,5.321,5.331,88755.160685
1701000000,5.332,5.373,5.258,5.273,277452.584736
1701014400,5.276,5.306,5.146,5.303,446758.046155
1701028800,5.302,5.384,5.289,5.326,182743.153869
1701043200,5.329,5.375,5.247,5.286,176816.664935
1701057600,5.287,5.332,5.209,5.25,415278.917861
1701072000,5.249,5.263,5.132,5.15,210557.229703
1701086400,5.151,5.165,5.073,5.085,285125.265008
1701100800,5.081,5.155,5.038,5.071,227990.755209
1701115200,5.071,5.171,5.038,5.157,128794.282309
1701129600,5.157,5.189,5.141,5.164,147706.034188
1701144000,5.164,5.212,5.12,5.163,587517.796226
1701158400,5.165,5.21,5.105,5.2,222467.063788
1701172800,5.201,5.234,5.161,5.222,120295.743525
1701187200,5.226,5.313,5.207,5.278,260382.492356
1701201600,5.28,5.302,5.237,5.273,142979.761692
1701216000,5.274,5.315,5.254,5.275,132744.860846
1701230400,5.278,5.304,5.246,5.281,156199.507973
1701244800,5.28,5.386,5.275,5.35,534234.593606
1701259200,5.349,5.377,5.192,5.23,397976.238539
1701273600,5.231,5.243,5.175,5.197,162773.239802
1701288000,5.199,5.199,5.147,5.162,152519.696176
1701302400,5.161,5.188,5.119,5.18,185010.772311
1701316800,5.179,5.19,5.143,5.172,132153.078656
1701331200,5.172,5.204,5.126,5.201,117196.312849
1701345600,5.202,5.5,5.18,5.498,853279.400064
1701360000,5.496,5.579,5.399,5.455,717695.813626
1701374400,5.455,5.502,5.422,5.471,188582.476728
1701388800,5.474,5.497,5.413,5.495,274366.740638
1701403200,5.495,5.525,5.442,5.453,183907.920108
1701417600,5.453,5.48,5.42,5.45,233064.621398
1701432000,5.451,5.453,5.37,5.428,209632.763403
1701446400,5.427,5.479,5.412,5.472,133123.864747
1701460800,5.473,5.48,5.439,5.472,57088.163039
1701475200,5.472,5.488,5.451,5.482,74089.071087
1701489600,5.481,5.508,5.462,5.494,51608.420287
1701504000,5.494,5.541,5.492,5.525,125606.041098
1701518400,5.524,5.538,5.459,5.482,104069.317194
1701532800,5.482,5.575,5.454,5.55,223045.264088
1701547200,5.551,5.604,5.548,5.561,115236.096535
1701561600,5.563,5.609,5.521,5.543,152141.975766
1701576000,5.545,5.552,5.504,5.536,85336.682911
1701590400,5.536,5.536,5.468,5.5,137797.516206
1701604800,5.502,5.57,5.43,5.507,216440.723532
1701619200,5.508,5.53,5.434,5.468,98071.564669
1701633600,5.469,5.622,5.463,5.541,185159.532954
1701648000,5.54,5.625,5.53,5.605,276723.199514
1701662400,5.606,5.7,5.605,5.647,664669.852082
1701676800,5.647,5.724,5.409,5.574,897752.260382
1701691200,5.58,5.663,5.473,5.49,436483.993396
1701705600,5.487,5.579,5.483,5.566,101889.358713
1701720000,5.567,5.634,5.55,5.633,130939.23285
1701734400,5.635,5.695,5.552,5.606,188360.580584
1701748800,5.606,5.689,5.559,5.631,575975.848307
1701763200,5.631,5.734,5.513,5.535,474044.392642
1701777600,5.534,5.634,5.514,5.627,193868.237033
1701792000,5.629,5.829,5.601,5.783,482969.016391
1701806400,5.784,5.95,5.739,5.905,481025.795818
1701820800,5.908,5.996,5.851,5.872,560807.705018
1701835200,5.875,5.952,5.769,5.945,374673.754712
1701849600,5.946,6.025,5.789,5.947,704583.020811
1701864000,5.946,6.16,5.934,6.128,741513.392022
1701878400,6.13,6.2,6.074,6.076,502219.314984
1701892800,6.078,6.1,5.99,6.044,305708.024904
1701907200,6.046,6.135,6.031,6.058,253933.02478
1701921600,6.059,6.196,6.046,6.126,401392.722736
1701936000,6.125,6.137,5.901,5.967,804571.210325
1701950400,5.968,6.129,5.955,6.099,405673.356292
1701964800,6.1,6.3,6.058,6.195,466655.827414
1701979200,6.2,6.277,6.181,6.241,193232.605492
1701993600,6.242,6.268,6.167,6.22,168724.293691
1702008000,6.22,6.322,6.21,6.234,235578.833592
1702022400,6.234,6.38,6.225,6.375,359952.88278
1702036800,6.376,6.701,6.374,6.679,1055673.167769
1702051200,6.679,6.818,6.597,6.654,492367.84425
1702065600,6.656,6.917,6.634,6.837,326415.646
1702080000,6.839,7.514,6.831,7.414,1452097.35603
1702094400,7.413,7.6,7.369,7.563,750731.257797
1702108800,7.564,7.692,7.319,7.59,875246.113325
1702123200,7.588,7.632,7.281,7.316,694095.834507
1702137600,7.319,7.35,7.055,7.283,465705.700204
1702152000,7.285,7.285,7.015,7.102,272036.848471
1702166400,7.104,7.328,7.102,7.261,306531.971501
1702180800,7.259,7.322,7.156,7.2,225719.246567
1702195200,7.2,7.207,6.956,7.087,452128.039266
1702209600,7.089,7.263,7.089,7.219,191097.629612
1702224000,7.218,7.236,7.104,7.176,146316.80486
1702238400,7.179,7.356,7.174,7.345,288733.065588
1702252800,7.348,7.36,6.18,6.848,1423438.620679
1702267200,6.845,6.913,6.63,6.662,652031.170123
1702281600,6.661,6.758,6.6,6.756,372964.331844
1702296000,6.756,6.815,6.574,6.682,594588.944841
1702310400,6.681,6.736,6.396,6.518,853916.663261
1702324800,6.523,6.763,6.49,6.707,295566.147141
1702339200,6.706,7.046,6.697,6.906,512123.092303
1702353600,6.907,7.286,6.859,7.253,696139.206195
1702368000,7.251,7.289,7.074,7.143,482261.943656
1702382400,7.14,7.339,7.027,7.14,761926.078172
1702396800,7.136,7.174,6.828,7.047,513341.990348
1702411200,7.046,7.135,6.891,7.134,350569.648722
1702425600,7.132,7.249,6.726,6.777,675967.108202
1702440000,6.773,6.851,6.61,6.764,358675.531103
1702454400,6.769,6.869,6.742,6.756,272223.97161
1702468800,6.753,7.082,6.735,7.047,396254.923305
1702483200,7.046,7.293,6.921,7.271,489013.911168
1702497600,7.276,7.648,7.233,7.6,766832.977819
1702512000,7.604,7.633,7.351,7.433,585575.627166
1702526400,7.434,7.506,7.349,7.411,342775.5226
1702540800,7.413,7.565,7.271,7.54,393804.249639
1702555200,7.541,7.574,6.908,7.26,682922.384641
1702569600,7.259,7.595,7.259,7.398,810784.542142
1702584000,7.396,7.768,7.338,7.508,516575.313989
1702598400,7.51,7.564,7.415,7.431,355857.291184
1702612800,7.441,7.452,7.187,7.21,284011.071537
1702627200,7.208,7.369,7.174,7.318,235686.241234
1702641600,7.318,7.327,7.025,7.091,372487.335913
1702656000,7.096,7.191,7.039,7.063,313695.221683
1702670400,7.062,7.077,6.922,6.951,299945.706978
1702684800,6.954,7.09,6.861,7.085,222260.962254
1702699200,7.084,7.168,7.059,7.093,133442.058343
1702713600,7.093,7.197,7.091,7.195,104096.504682
1702728000,7.195,7.32,7.153,7.278,288843.97742
1702742400,7.276,7.352,7.041,7.057,362786.618533
1702756800,7.055,7.113,7.005,7.094,146682.922383
1702771200,7.093,7.162,7.01,7.077,133141.439449
1702785600,7.079,7.156,6.953,6.973,184485.087118
1702800000,6.974,7.07,6.94,6.997,164672.150091
1702814400,6.996,7.014,6.841,6.925,271675.666015
1702828800,6.927,7.007,6.826,6.902,190401.26431
1702843200,6.902,6.941,6.747,6.789,121974.362413
1702857600,6.789,6.857,6.625,6.719,184855.581068
1702872000,6.722,6.775,6.636,6.66,137435.488267
1702886400,6.66,6.719,6.37,6.537,476509.691454
1702900800,6.538,6.7,6.469,6.598,288148.100176
1702915200,6.599,6.719,6.577,6.696,158689.755422
1702929600,6.695,6.889,6.644,6.883,173073.217923
1702944000,6.885,6.997,6.836,6.929,201196.645337
1702958400,6.929,6.99,6.879,6.979,112446.693342
1702972800,6.976,7.047,6.835,6.835,277940.679133
1702987200,6.835,6.892,6.694,6.768,277972.989739
1703001600,6.768,6.825,6.61,6.728,127804.523823
1703016000,6.73,6.762,6.673,6.708,60416.43708
1703030400,6.708,6.777,6.618,6.768,126557.867463
1703044800,6.768,6.911,6.759,6.903,239859.374996
1703059200,6.903,7.055,6.873,6.995,343633.284824
1703073600,6.991,7.137,6.949,7.075,395518.963383
1703088000,7.08,7.083,6.952,6.968,299478.736665
1703102400,6.968,6.987,6.832,6.952,208178.552086
1703116800,6.953,7.19,6.916,7.126,496991.05408
1703131200,7.127,7.477,7.114,7.44,705411.461727
1703145600,7.441,7.618,7.405,7.565,696195.179973
1703160000,7.566,7.839,7.472,7.547,1068709.450893
1703174400,7.546,8.315,7.528,8.245,1460225.567024
1703188800,8.245,8.435,8.132,8.419,769680.179901
1703203200,8.421,8.575,8.17,8.231,1024349.092029
1703217600,8.232,8.237,7.84,7.944,856326.810137
1703232000,7.944,8.13,7.842,8.13,463795.458232
1703246400,8.131,8.132,7.906,8.071,442452.23412
1703260800,8.069,8.115,7.897,7.919,182658.115181
1703275200,7.925,8.002,7.902,7.955,135243.520974
1703289600,7.955,7.959,7.582,7.62,471218.826523
1703304000,7.616,7.757,7.586,7.73,250716.651228
1703318400,7.728,7.959,7.715,7.831,363575.800663
1703332800,7.835,7.932,7.799,7.818,176886.890676
1703347200,7.818,7.993,7.801,7.954,234464.721606
1703361600,7.956,8.45,7.876,8.324,614459.43998
1703376000,8.325,8.961,8.314,8.799,1187999.615906
1703390400,8.8,8.805,8.328,8.589,674220.616212
1703404800,8.591,9.155,8.51,9.054,1114782.228949
1703419200,9.053,9.22,8.838,8.936,916425.925353
1703433600,8.935,9.032,8.775,8.872,561051.836001
1703448000,8.874,8.943,8.5,8.611,537938.904558
1703462400,8.612,8.917,8.501,8.745,633153.217732
1703476800,8.742,9.4,8.716,9.2,1550379.808643
1703491200,9.199,9.313,9.005,9.143,1168688.552056
1703505600,9.139,9.274,9.049,9.168,697507.958208
1703520000,9.168,9.362,8.909,9.17,694436.502513
1703534400,9.167,9.313,9.013,9.193,345655.498192
1703548800,9.192,9.6,9.192,9.298,660183.579118
1703563200,9.299,9.408,8.94,9.101,850098.926191
1703577600,9.096,9.183,8.855,9.167,710060.277328
1703592000,9.164,9.211,8.817,8.855,585342.48333
1703606400,8.856,8.933,8.3,8.64,803239.197992
1703620800,8.64,8.847,8.638,8.819,322492.932162
1703635200,8.821,8.828,8.403,8.464,425905.363595
1703649600,8.461,8.693,8.459,8.677,347320.348084
1703664000,8.679,8.988,8.674,8.833,570193.082494
1703678400,8.833,9.013,8.664,8.915,388461.580303
1703692800,8.919,9.017,8.764,8.799,335690.005044
1703707200,8.799,8.863,8.603,8.695,182087.296631
1703721600,8.697,8.911,8.55,8.571,461608.325381
1703736000,8.564,8.686,8.416,8.567,416439.773332
1703750400,8.571,8.752,8.534,8.693,206274.365571
1703764800,8.689,8.705,8.269,8.378,603083.813197
1703779200,8.378,8.496,8.336,8.439,192992.8573
1703793600,8.441,8.503,8.304,8.43,167208.389735
1703808000,8.43,8.508,8.125,8.434,451284.48267
1703822400,8.435,8.492,8.2,8.3,332591.31343
1703836800,8.308,8.623,8.3,8.566,588828.542545
1703851200,8.566,8.681,8.298,8.362,485096.052981
1703865600,8.363,8.413,8.144,8.273,396973.855253
1703880000,8.269,8.299,8.035,8.293,196417.476961
1703894400,8.291,8.447,8.268,8.36,197763.520602
1703908800,8.363,8.487,8.303,8.316,173019.003302
1703923200,8.316,8.348,8.094,8.198,193165.448774
1703937600,8.204,8.386,8.173,8.382,182768.958616
1703952000,8.383,8.402,8.275,8.307,144320.939021
1703966400,8.305,8.423,8.288,8.346,97903.886756
1703980800,8.347,8.415,8.152,8.211,172529.881415
1703995200,8.208,8.599,8.204,8.563,340799.33583
1704009600,8.564,8.646,8.442,8.466,296391.160512
1704024000,8.468,8.561,8.409,8.488,272346.298218
1704038400,8.49,8.538,8.417,8.437,172967.616871
1704052800,8.436,8.446,8.023,8.203,282210.11597
1704067200,8.204,8.324,8.114,8.147,186201.104532
1704081600,8.148,8.18,8.059,8.17,126399.395208
1704096000,8.17,8.269,8.143,8.238,112273.304516
1704110400,8.241,8.38,8.207,8.38,160467.512883
1704124800,8.381,8.599,8.303,8.594,193965.041801
1704139200,8.597,8.64,8.466,8.596,221697.042725
1704153600,8.595,8.767,8.533,8.671,289751.009449
1704168000,8.675,8.706,8.616,8.702,218362.1437
1704182400,8.702,8.807,8.593,8.643,380422.974473
1704196800,8.644,8.754,8.392,8.417,419994.162973
1704211200,8.417,8.507,8.363,8.433,204563.459274
1704225600,8.435,8.483,8.316,8.411,124297.19668
1704240000,8.41,8.548,8.388,8.438,120019.812061
1704254400,8.439,8.574,8.428,8.448,139971.973566
1704268800,8.445,8.551,8.078,8.14,423297.739398
1704283200,8.141,8.147,6.291,7.759,3213881.991882
1704297600,7.759,7.778,7.524,7.68,602019.06214
1704312000,7.678,7.818,7.583,7.629,176346.040192
1704326400,7.627,7.697,7.471,7.645,260616.066929
1704340800,7.645,7.752,7.598,7.598,146367.316504
1704355200,7.6,7.711,7.503,7.665,196767.063883
1704369600,7.668,7.961,7.631,7.886,437830.969703
1704384000,7.886,7.972,7.779,7.884,202875.285727
1704398400,7.885,8.0,7.814,7.877,148364.700132
1704412800,7.88,7.953,7.519,7.702,390159.219943
1704427200,7.706,7.744,7.617,7.621,230307.36824
1704441600,7.622,7.674,7.431,7.45,301139.016154
1704456000,7.45,7.537,7.237,7.352,426291.072458
1704470400,7.35,7.388,7.177,7.302,258956.79511
1704484800,7.302,7.45,7.297,7.447,129442.887606
1704499200,7.448,7.449,7.286,7.295,119904.329476
1704513600,7.298,7.338,6.939,7.119,360032.905917
1704528000,7.119,7.223,7.075,7.189,147696.028162
1704542400,7.192,7.271,7.1,7.236,99004.489084
1704556800,7.236,7.313,7.157,7.195,127868.245068
1704571200,7.197,7.225,7.024,7.133,135992.095176
1704585600,7.131,7.249,7.071,7.121,214532.998385
1704600000,7.13,7.325,7.126,7.291,143092.818413
1704614400,7.291,7.324,7.121,7.192,114823.685975
1704628800,7.188,7.291,7.112,7.147,158399.983119
1704643200,7.147,7.229,7.03,7.212,136061.736161
1704657600,7.215,7.221,6.816,6.9,198469.242111
1704672000,6.899,6.962,6.506,6.69,560151.98813
1704686400,6.688,6.992,6.643,6.941,318519.370951
1704700800,6.939,7.141,6.85,7.14,321329.949123
1704715200,7.138,7.265,7.111,7.234,334051.115222
1704729600,7.232,7.496,7.176,7.485,325418.125669
1704744000,7.488,7.506,7.363,7.486,179995.35707
1704758400,7.484,7.528,7.309,7.32,259347.084925
1704772800,7.316,7.52,7.315,7.456,223868.279923
1704787200,7.457,7.514,7.278,7.314,222549.104545
1704801600,7.309,7.349,6.985,7.136,504659.471711
1704816000,7.137,7.153,6.957,7.033,131105.1581
1704830400,7.036,7.197,6.909,7.126,624754.81057
1704844800,7.127,7.224,7.084,7.134,170025.75332
1704859200,7.14,7.19,7.069,7.072,147616.861154
1704873600,7.073,7.227,6.983,7.137,205508.84477
1704888000,7.134,7.142,6.795,7.082,491180.18935
1704902400,7.079,7.263,7.007,7.254,212787.562437
1704916800,7.253,8.087,7.112,7.988,1159935.551742
1704931200,7.986,8.25,7.922,8.217,624140.027309
1704945600,8.218,8.395,7.855,8.341,656243.43809
1704960000,8.335,8.444,8.271,8.399,361895.314757
1704974400,8.398,8.581,8.139,8.234,893810.641747
1704988800,8.237,8.282,8.027,8.226,300320.736312
1705003200,8.225,8.322,8.052,8.149,156841.063236
1705017600,8.149,8.214,8.03,8.076,160806.534078
1705032000,8.075,8.197,8.027,8.07,181866.453
1705046400,8.066,8.131,7.961,8.066,219710.709486
1705060800,8.063,8.213,7.833,7.892,428644.339195
1705075200,7.892,7.949,7.555,7.765,483927.65943
1705089600,7.764,7.813,7.312,7.564,325552.931652
1705104000,7.567,7.645,7.37,7.587,280274.915581
1705118400,7.586,7.747,7.576,7.693,156486.605025
1705132800,7.693,7.741,7.585,7.645,149244.381644
1705147200,7.641,7.753,7.575,7.704,151353.395561
1705161600,7.708,7.74,7.62,7.621,146330.753429
1705176000,7.623,7.689,7.595,7.617,125848.700809
1705190400,7.615,7.624,7.5,7.511,127010.007086
1705204800,7.51,7.67,7.461,7.609,97951.739972
1705219200,7.612,7.698,7.569,7.583,108381.199526
1705233600,7.578,7.674,7.533,7.669,106528.490291
1705248000,7.67,7.697,7.466,7.476,86090.736022
1705262400,7.476,7.547,7.315,7.32,182948.073141
1705276800,7.321,7.646,7.304,7.606,141106.964917
1705291200,7.605,7.684,7.511,7.531,103859.743768
1705305600,7.532,7.683,7.504,7.577,159937.228802
1705320000,7.583,7.668,7.406,7.422,161456.620071
1705334400,7.416,7.694,7.412,7.623,122979.859667
1705348800,7.627,7.671,7.436,7.507,89413.998706
1705363200,7.514,7.624,7.502,7.594,98909.350408
1705377600,7.597,7.604,7.478,7.55,114725.153484
1705392000,7.551,7.689,7.463,7.523,202609.122225
1705406400,7.524,7.589,7.341,7.511,274101.49988
1705420800,7.514,7.545,7.395,7.46,101971.691632
1705435200,7.462,7.601,7.452,7.492,120004.651835
1705449600,7.493,7.596,7.463,7.493,110405.860023
1705464000,7.497,7.512,7.363,7.377,209619.161708
1705478400,7.372,7.428,7.35,7.392,124527.899999
1705492800,7.394,7.466,7.323,7.342,172392.959179
1705507200,7.343,7.379,7.26,7.337,107678.169223
1705521600,7.341,7.374,7.257,7.348,99649.797268
1705536000,7.347,7.393,7.229,7.349,133309.155228
1705550400,7.347,7.381,7.289,7.34,126846.339675
1705564800,7.341,7.353,7.178,7.21,219800.083572
1705579200,7.206,7.246,7.109,7.215,210514.219015
1705593600,7.21,7.228,6.821,6.873,510333.656055
1705608000,6.872,7.06,6.858,7.02,210979.115529
1705622400,7.019,7.05,6.826,6.951,147489.150758
1705636800,6.952,7.05,6.933,7.001,146677.611666
1705651200,6.997,7.035,6.962,7.001,104623.472913
1705665600,6.999,7.006,6.775,6.801,313362.28648
1705680000,6.8,6.879,6.57,6.855,471429.429302
1705694400,6.855,6.919,6.817,6.894,150999.310468
1705708800,6.891,6.891,6.779,6.83,105429.238353
1705723200,6.831,6.95,6.821,6.9,100836.660221
1705737600,6.905,6.93,6.799,6.855,96214.668923
1705752000,6.857,6.886,6.802,6.862,105085.294594
1705766400,6.861,6.888,6.797,6.842,93542.144918
1705780800,6.842,6.929,6.833,6.911,102595.622081
1705795200,6.912,6.975,6.86,6.92,122752.161299
1705809600,6.921,6.925,6.857,6.901,49232.558735
1705824000,6.904,6.93,6.888,6.899,60178.227092
1705838400,6.897,6.97,6.862,6.888,98821.656438
1705852800,6.888,6.913,6.842,6.908,80587.532473
1705867200,6.909,6.913,6.802,6.814,71196.811897
1705881600,6.815,6.849,6.675,6.72,122468.291728
1705896000,6.722,6.759,6.639,6.719,84427.482641
1705910400,6.719,6.81,6.545,6.583,408931.450333
1705924800,6.584,6.681,6.418,6.517,327036.210899
1705939200,6.519,6.566,6.292,6.378,420957.281023
1705953600,6.377,6.492,6.32,6.339,392479.018654
1705968000,6.343,6.453,6.316,6.418,88201.590203
1705982400,6.422,6.453,6.285,6.312,99919.45637
1705996800,6.314,6.344,5.973,6.096,560049.967677
1706011200,6.095,6.236,5.974,6.23,350457.414971
1706025600,6.225,6.348,6.19,6.199,161825.069073
1706040000,6.2,6.365,6.156,6.363,113964.217538
1706054400,6.361,6.409,6.26,6.272,118924.98687
1706068800,6.276,6.425,6.262,6.376,66110.231645
1706083200,6.38,6.539,6.371,6.478,147719.784391
1706097600,6.475,6.542,6.371,6.424,149045.669962
1706112000,6.424,6.453,6.295,6.344,123422.614362
1706126400,6.34,6.476,6.293,6.462,69707.211518
1706140800,6.462,6.497,6.415,6.473,72098.533388
1706155200,6.475,6.536,6.406,6.507,84207.083798
1706169600,6.506,6.571,6.435,6.53,157785.571302
1706184000,6.527,6.535,6.355,6.39,112122.056558
1706198400,6.388,6.509,6.348,6.446,77563.258709
1706212800,6.448,6.494,6.412,6.438,47100.84223
1706227200,6.438,6.487,6.361,6.445,96692.275827
1706241600,6.446,6.462,6.362,6.374,80823.329385
1706256000,6.372,6.615,6.37,6.597,194466.705383
1706270400,6.6,6.629,6.506,6.622,175511.109765
1706284800,6.619,6.726,6.619,6.677,149817.154753
1706299200,6.673,6.73,6.637,6.671,71438.192287
1706313600,6.671,6.721,6.668,6.689,74668.783315
1706328000,6.692,6.694,6.547,6.567,108329.493285
1706342400,6.566,6.658,6.53,6.647,66384.796739
1706356800,6.646,6.714,6.622,6.689,97400.696855
1706371200,6.691,6.713,6.639,6.682,66350.000987
1706385600,6.685,6.752,6.655,6.665,83673.323896
1706400000,6.67,6.74,6.654,6.737,87245.487345
1706414400,6.735,6.795,6.691,6.701,115265.245465
1706428800,6.702,6.777,6.679,6.73,99806.779305
1706443200,6.732,6.737,6.626,6.654,133436.6505
1706457600,6.654,6.685,6.571,6.599,77746.307058
1706472000,6.601,6.872,6.568,6.871,147324.074274
1706486400,6.872,6.961,6.755,6.934,194168.31756
1706500800,6.926,7.002,6.804,6.816,157752.645434
1706515200,6.814,6.859,6.763,6.828,140405.056055
1706529600,6.828,6.865,6.706,6.824,157714.820943
1706544000,6.823,7.175,6.78,7.107,377205.689096
1706558400,7.109,7.297,7.019,7.034,350273.225159
1706572800,7.031,7.087,6.957,7.004,183606.308314
1706587200,7.006,7.059,6.943,7.014,123894.325362
1706601600,7.015,7.073,6.99,7.047,127223.288796
1706616000,7.049,7.064,6.908,7.006,191455.657851
1706630400,7.006,7.033,6.941,7.006,95979.356818
1706644800,7.007,7.04,6.82,6.838,159547.673734
1706659200,6.839,6.864,6.752,6.805,288762.558588
1706673600,6.806,6.888,6.79,6.872,76098.772118
1706688000,6.87,6.879,6.665,6.763,125479.622359
1706702400,6.76,6.798,6.616,6.795,182039.088732
1706716800,6.792,6.854,6.759,6.82,166067.100844
1706731200,6.818,6.825,6.585,6.655,141262.332047
1706745600,6.652,6.693,6.532,6.651,180108.393219
1706760000,6.651,6.695,6.617,6.653,53812.146688
1706774400,6.653,6.698,6.633,6.642,59042.977267
1706788800,6.645,6.787,6.63,6.732,115715.19524
1706803200,6.731,6.815,6.683,6.801,113365.961154
1706817600,6.809,6.81,6.754,6.792,51128.936432
1706832000,6.792,6.843,6.772,6.793,66242.554251
1706846400,6.793,6.878,6.768,6.867,76258.766422
1706860800,6.868,6.95,6.852,6.903,135899.656254
1706875200,6.906,7.006,6.763,6.993,210272.959685
1706889600,6.994,7.024,6.905,6.938,102281.385107
1706904000,6.938,6.961,6.876,6.946,46257.887974
1706918400,6.947,7.01,6.911,6.913,134305.753789
1706932800,6.914,6.949,6.853,6.869,69352.429697
1706947200,6.871,6.957,6.86,6.893,96963.482032
1706961600,6.892,6.923,6.812,6.884,107573.870139
1706976000,6.884,6.917,6.866,6.9,28483.15319
1706990400,6.903,6.905,6.819,6.824,74718.405453
1707004800,6.824,6.825,6.741,6.819,68413.227438
1707019200,6.818,6.818,6.713,6.738,125367.892654
1707033600,6.739,6.822,6.712,6.805,88053.343303
1707048000,6.802,6.816,6.766,6.781,42123.797567
1707062400,6.782,6.785,6.679,6.744,63984.62886
1707076800,6.741,6.791,6.644,6.666,86964.980008
1707091200,6.667,6.851,6.591,6.841,262171.53488
1707105600,6.842,6.919,6.822,6.918,93081.780637
1707120000,6.919,6.979,6.889,6.964,91217.383291
1707134400,6.964,6.976,6.782,6.797,141937.606454
1707148800,6.795,6.823,6.744,6.791,77987.059644
1707163200,6.789,6.795,6.669,6.735,68919.232423
1707177600,6.733,6.796,6.673,6.752,94314.900155
1707192000,6.755,6.771,6.702,6.745,61063.806653
1707206400,6.746,6.784,6.639,6.71,100372.372499
1707220800,6.706,6.784,6.651,6.769,124962.148304
1707235200,6.767,6.799,6.703,6.799,79544.024648
1707249600,6.8,6.832,6.779,6.807,52546.481803
1707264000,6.809,6.823,6.732,6.732,52763.842602
1707278400,6.735,6.76,6.676,6.691,61793.60664
1707292800,6.691,6.766,6.67,6.706,75799.383741
1707307200,6.706,6.85,6.704,6.806,114477.014746
1707321600,6.802,6.914,6.786,6.892,154672.781867
1707336000,6.892,6.963,6.892,6.94,109747.107735
1707350400,6.941,6.991,6.938,6.955,143947.716744
1707364800,6.958,6.975,6.905,6.95,85789.351672
1707379200,6.95,6.981,6.894,6.904,161832.242611
1707393600,6.901,7.08,6.87,7.048,199645.724841
1707408000,7.046,7.065,6.908,7.014,150295.683019
1707422400,7.013,7.11,7.009,7.015,151002.04998
1707436800,7.012,7.118,6.957,7.051,331812.402931
1707451200,7.054,7.106,7.036,7.098,85613.787131
1707465600,7.098,7.189,7.059,7.163,175110.319428
1707480000,7.163,7.333,7.131,7.211,386069.546974
1707494400,7.21,7.212,7.116,7.15,196662.657414
1707508800,7.151,7.228,7.151,7.197,89847.403091
1707523200,7.196,7.279,7.169,7.25,76122.630495
1707537600,7.254,7.262,7.175,7.179,75106.756002
1707552000,7.18,7.216,7.055,7.104,133551.905419
1707566400,7.108,7.149,7.072,7.142,61972.576222
1707580800,7.142,7.216,7.116,7.21,78831.165116
1707595200,7.212,7.29,7.193,7.198,70586.140427
1707609600,7.201,7.252,7.153,7.247,125323.455879
1707624000,7.249,7.303,7.236,7.284,126658.183517
1707638400,7.283,7.343,7.233,7.3,132506.782545
1707652800,7.3,7.31,7.164,7.202,115948.464093
1707667200,7.205,7.228,7.131,7.189,95274.476359
1707681600,7.189,7.205,7.077,7.099,79417.450904
1707696000,7.101,7.167,6.992,7.067,116781.117032
1707710400,7.074,7.12,6.999,7.097,124026.664617
1707724800,7.097,7.129,6.979,7.014,92817.145879
1707739200,7.011,7.265,7.0,7.248,137355.670866
1707753600,7.25,7.376,7.194,7.22,379498.525225
1707768000,7.222,7.354,7.222,7.339,116403.900484
1707782400,7.339,7.453,7.277,7.297,190705.924782
1707796800,7.299,7.41,7.297,7.403,118418.707951
1707811200,7.395,7.447,7.319,7.381,134551.049863
1707825600,7.378,7.383,7.117,7.2,345026.342587
1707840000,7.203,7.271,7.154,7.226,91178.814435
1707854400,7.227,7.366,7.227,7.359,86895.598118
1707868800,7.354,7.586,7.273,7.504,330145.289486
1707883200,7.505,7.646,7.486,7.591,240857.558314
1707897600,7.593,7.71,7.559,7.661,327822.849117
1707912000,7.662,7.677,7.547,7.579,232991.725499
1707926400,7.577,7.661,7.513,7.645,122788.490288
1707940800,7.643,7.68,7.626,7.649,72196.332393
1707955200,7.648,7.739,7.578,7.671,156291.659351
1707969600,7.67,7.671,7.528,7.638,135443.099734
1707984000,7.646,7.93,7.617,7.904,320813.631191
1707998400,7.907,7.953,7.756,7.792,365494.274848
1708012800,7.793,7.835,7.691,7.757,181007.597354
1708027200,7.756,7.783,7.63,7.778,127680.731339
1708041600,7.78,7.818,7.714,7.818,150720.456798
1708056000,7.818,7.865,7.718,7.724,129963.120554
1708070400,7.723,7.844,7.7,7.767,159369.541198
1708084800,7.767,7.866,7.538,7.643,289105.368615
1708099200,7.644,7.705,7.547,7.573,126813.762529
1708113600,7.57,7.675,7.562,7.65,89205.726457
1708128000,7.65,7.687,7.5,7.578,131480.56779
1708142400,7.578,7.667,7.544,7.661,77342.223025
1708156800,7.666,7.671,7.527,7.596,125739.779012
1708171200,7.603,7.632,7.341,7.455,329503.15353
1708185600,7.459,7.558,7.428,7.555,110666.137735
1708200000,7.558,7.709,7.54,7.704,100794.879089
1708214400,7.703,7.845,7.703,7.742,189242.78518
1708228800,7.738,7.824,7.677,7.783,110396.558764
1708243200,7.777,7.857,7.74,7.774,180626.658309
1708257600,7.771,7.813,7.715,7.777,130008.614059
1708272000,7.777,7.86,7.741,7.791,161363.402537
1708286400,7.79,7.92,7.728,7.86,111985.460839
1708300800,7.86,7.893,7.783,7.811,117392.146397
1708315200,7.811,7.907,7.748,7.887,346980.589305
1708329600,7.889,7.895,7.72,7.824,295894.205123
1708344000,7.824,7.826,7.664,7.739,291241.318996
1708358400,7.738,7.806,7.651,7.778,202354.358281
1708372800,7.779,8.167,7.751,8.027,440804.52165
1708387200,8.027,8.117,7.817,7.819,361382.17191
1708401600,7.819,7.94,7.794,7.844,126514.638179
1708416000,7.847,7.857,7.625,7.844,346476.886873
1708430400,7.846,7.943,7.4,7.568,859058.861101
1708444800,7.571,7.651,7.438,7.649,250966.407829
1708459200,7.648,7.83,7.62,7.73,121369.474763
1708473600,7.73,7.73,7.57,7.614,177131.800637
1708488000,7.614,7.622,7.371,7.424,225119.505986
1708502400,7.422,7.468,7.224,7.317,255718.765672
1708516800,7.316,7.434,7.229,7.378,265346.342681
1708531200,7.378,7.425,7.245,7.359,114120.732263
1708545600,7.352,7.487,7.31,7.469,112297.214041
1708560000,7.468,7.469,7.276,7.384,153175.611209
1708574400,7.382,7.553,7.346,7.528,162621.072001
1708588800,7.527,7.609,7.494,7.529,236541.112393
1708603200,7.529,7.606,7.4,7.568,265188.376025
1708617600,7.57,7.641,7.518,7.561,226883.370108
1708632000,7.561,7.685,7.464,7.481,176302.812407
1708646400,7.481,7.535,7.354,7.38,177429.875228
1708660800,7.379,7.462,7.321,7.347,134827.535646
1708675200,7.345,7.396,7.28,7.358,174344.447625
1708689600,7.357,7.52,7.273,7.406,659802.790818
1708704000,7.41,7.627,7.3,7.615,359942.715599
1708718400,7.613,7.648,7.448,7.562,155305.700861
1708732800,7.565,7.642,7.431,7.598,250457.28066
1708747200,7.599,7.817,7.578,7.793,337056.65977
1708761600,7.791,7.824,7.711,7.751,246670.963217
1708776000,7.751,7.853,7.713,7.781,307082.509854
1708790400,7.783,7.848,7.738,7.824,203208.573911
1708804800,7.825,7.89,7.773,7.82,131194.221789
1708819200,7.819,7.85,7.7,7.76,214541.615497
1708833600,7.763,7.785,7.714,7.743,106874.523656
1708848000,7.744,7.764,7.677,7.754,109107.942752
1708862400,7.756,7.805,7.719,7.731,231897.918424
1708876800,7.731,7.836,7.698,7.833,120818.348848
1708891200,7.835,7.945,7.765,7.923,255137.488034
1708905600,7.922,7.929,7.793,7.847,221064.377756
1708920000,7.848,7.893,7.735,7.746,298420.309368
1708934400,7.746,7.758,7.602,7.643,272574.821266
1708948800,7.65,7.891,7.587,7.857,305742.566639
1708963200,7.855,8.088,7.851,8.076,436890.771075
1708977600,8.075,8.118,8.014,8.108,203985.050026
1708992000,8.109,8.18,8.023,8.043,667632.629154
1709006400,8.047,8.168,8.034,8.036,191125.416882
1709020800,8.038,8.167,8.035,8.098,204755.680248
1709035200,8.096,8.25,8.011,8.043,510548.937076
1709049600,8.043,8.226,7.993,8.215,274996.088661
1709064000,8.217,8.447,8.203,8.365,284538.041674
1709078400,8.368,8.44,8.248,8.251,219762.860855
1709092800,8.251,8.365,8.189,8.359,332417.39517
1709107200,8.358,8.594,8.325,8.403,569523.459867
1709121600,8.404,8.638,8.355,8.421,440303.400257
1709136000,8.42,8.714,7.7,8.122,1462180.04696
1709150400,8.122,8.383,8.025,8.343,294939.20869
1709164800,8.343,8.504,8.262,8.43,348180.033646
1709179200,8.43,8.669,8.401,8.64,408588.539169
1709193600,8.636,8.898,8.61,8.726,468720.87526
1709208000,8.726,8.877,8.623,8.822,290170.939195
1709222400,8.822,8.866,8.433,8.559,457315.314556
1709236800,8.557,8.595,8.028,8.262,499069.161244
1709251200,8.263,8.429,8.263,8.354,217717.204043
1709265600,8.354,8.445,8.338,8.351,221696.73109
1709280000,8.35,8.475,8.303,8.421,156936.313019
1709294400,8.417,8.526,8.28,8.291,276366.173259
1709308800,8.292,8.446,8.272,8.371,180123.097557
1709323200,8.373,8.672,8.367,8.662,180294.58358
1709337600,8.663,8.98,8.576,8.945,434880.811387
1709352000,8.95,9.05,8.791,8.923,464199.346323
1709366400,8.924,9.033,8.808,8.96,429098.203922
1709380800,8.961,9.198,8.951,9.023,489325.654256
1709395200,9.021,9.3,9.014,9.224,264437.495279
1709409600,9.228,9.465,9.102,9.461,226123.915343
1709424000,9.462,9.47,9.21,9.371,412021.468324
1709438400,9.372,9.4,8.54,8.94,754034.054786
1709452800,8.943,9.18,8.844,9.173,591988.639298
1709467200,9.172,9.33,9.133,9.301,394173.282689
1709481600,9.302,9.909,9.233,9.666,920598.998405
1709496000,9.667,9.899,9.654,9.778,418956.484226
1709510400,9.781,9.98,9.567,9.694,559342.179865
1709524800,9.693,9.914,9.631,9.791,387100.381399
1709539200,9.792,10.172,9.778,9.968,888612.392543
1709553600,9.973,10.308,9.8,10.155,707129.871588
1709568000,10.154,10.17,9.63,9.931,577749.620704
1709582400,9.938,10.079,9.761,9.866,275566.41965
1709596800,9.864,9.985,9.763,9.8,484062.928939
1709611200,9.8,10.696,9.65,10.535,1212485.426733
1709625600,10.538,10.763,10.464,10.467,594209.990521
1709640000,10.467,10.575,10.11,10.283,959692.592672
1709654400,10.29,10.36,8.079,8.918,2185743.200594
1709668800,8.918,9.394,8.684,9.322,1037240.712392
1709683200,9.319,9.382,8.923,9.097,482662.058127
1709697600,9.097,10.3,9.097,10.26,740518.117372
1709712000,10.259,10.289,9.876,10.131,502721.619402
1709726400,10.136,10.146,9.686,9.982,590398.059027
1709740800,9.983,10.45,9.975,10.227,473243.939948
1709755200,10.225,10.558,10.176,10.54,358091.860051
1709769600,10.54,10.998,10.44,10.496,695756.505199
1709784000,10.5,10.583,10.237,10.412,344776.077562
1709798400,10.413,10.531,10.351,10.456,201971.818969
1709812800,10.453,10.518,10.245,10.424,354352.652913
1709827200,10.423,10.49,10.303,10.432,183552.568491
1709841600,10.45,10.505,10.346,10.402,154280.344374
1709856000,10.405,10.67,10.338,10.412,304850.986676
1709870400,10.411,10.45,10.261,10.324,169299.962957
1709884800,10.325,10.481,10.28,10.432,259182.834172
1709899200,10.432,10.564,10.082,10.218,649782.121975
1709913600,10.217,10.682,9.957,10.487,841196.572547
1709928000,10.487,10.7,10.407,10.642,335453.384374
1709942400,10.643,10.8,10.527,10.639,286119.538959
1709956800,10.639,10.776,10.594,10.702,196087.813584
1709971200,10.702,10.953,10.596,10.894,369166.278112
1709985600,10.89,10.933,10.622,10.757,249237.366789
1710000000,10.757,10.775,10.432,10.437,324191.829611
1710014400,10.437,10.527,10.412,10.494,139940.287616
1710028800,10.497,10.579,10.426,10.447,247034.71827
1710043200,10.452,10.558,10.417,10.538,147971.58243
1710057600,10.542,10.563,10.327,10.409,410467.847537
1710072000,10.408,10.44,10.037,10.172,357060.553042
1710086400,10.173,10.318,10.164,10.285,149574.522109
1710100800,10.284,10.301,9.964,10.261,185986.906755
1710115200,10.261,10.376,9.766,10.352,542640.285258
1710129600,10.347,10.542,10.227,10.524,438425.602853
1710144000,10.526,11.0,10.515,10.726,621023.116327
1710158400,10.726,10.973,10.67,10.857,535053.508138
1710172800,10.857,11.243,10.708,11.024,727770.335373
1710187200,11.032,11.214,11.004,11.037,186966.976836
1710201600,11.042,11.149,10.847,10.862,377919.419052
1710216000,10.864,10.972,10.672,10.725,301204.117975
1710230400,10.723,10.744,10.424,10.615,392203.452856
1710244800,10.63,10.846,10.451,10.653,488276.03729
1710259200,10.664,10.798,10.026,10.772,588344.21705
1710273600,10.773,10.777,10.512,10.739,213032.781765
1710288000,10.738,10.954,10.64,10.927,232413.508871
1710302400,10.924,11.089,10.829,11.002,268051.484541
1710316800,11.005,11.317,11.003,11.009,450816.569035
1710331200,11.014,11.102,10.65,10.817,404576.291063
1710345600,10.817,11.057,10.76,11.03,242735.062073
1710360000,11.026,11.39,10.897,11.37,337845.771093
1710374400,11.37,11.394,11.078,11.178,338733.884189
1710388800,11.173,11.38,10.97,11.325,302404.394362
1710403200,11.321,11.95,11.228,11.697,1095970.73388
1710417600,11.695,11.768,11.011,11.163,840107.062754
1710432000,11.166,11.642,10.676,10.968,679251.384283
1710446400,10.969,11.596,10.959,11.557,273503.588536
1710460800,11.562,11.709,10.361,10.77,751202.061545
1710475200,10.773,10.928,10.457,10.793,585047.305933
1710489600,10.796,10.815,9.976,10.388,939376.323224
1710504000,10.392,10.591,10.307,10.416,278144.070291
1710518400,10.416,11.031,10.234,10.671,637368.166479
1710532800,10.676,10.872,10.399,10.816,274342.92503
1710547200,10.815,10.9,10.614,10.685,233148.697473
1710561600,10.687,10.745,10.412,10.664,247954.980164
1710576000,10.667,10.671,10.259,10.35,331836.951415
1710590400,10.35,10.384,10.074,10.291,316700.749572
1710604800,10.291,10.293,9.72,9.857,398761.088272
1710619200,9.853,9.999,9.5,9.686,366508.042706
1710633600,9.684,9.862,9.516,9.85,259895.714136
1710648000,9.85,9.851,9.2,9.469,306923.113204
1710662400,9.47,9.94,9.433,9.842,293238.606916
1710676800,9.842,10.081,9.667,10.049,237266.329194
1710691200,10.043,10.242,9.94,10.237,234676.385979
1710705600,10.234,10.25,10.011,10.083,126727.436415
1710720000,10.084,10.085,9.722,10.002,220293.20636
1710734400,10.001,10.4,9.9,10.366,270565.172961
1710748800,10.365,10.453,10.12,10.19,312761.020797
1710763200,10.188,10.204,9.703,9.876,395080.407097
1710777600,9.876,10.011,9.602,9.742,205014.445492
1710792000,9.745,10.033,9.745,9.901,109767.203513
1710806400,9.9,9.992,9.231,9.413,333079.513022
1710820800,9.407,9.447,8.889,9.196,509977.356496
1710835200,9.199,9.199,8.7,9.122,469148.414335
1710849600,9.125,9.24,8.95,9.203,246058.339342
1710864000,9.202,9.272,9.075,9.199,173372.265368
1710878400,9.197,9.22,8.603,8.781,217645.691895
1710892800,8.761,8.993,8.699,8.718,291535.607612
1710907200,8.722,9.141,8.488,9.085,371348.091653
1710921600,9.079,9.303,9.033,9.282,262291.575063
1710936000,9.277,9.365,8.879,8.92,284334.176383
1710950400,8.923,9.314,8.558,9.283,390838.338594
1710964800,9.285,9.565,9.246,9.485,249452.564551
1710979200,9.485,9.58,9.383,9.435,174922.517113
1710993600,9.439,9.5,9.201,9.335,142527.275614
1711008000,9.335,9.469,9.3,9.392,169968.247514
1711022400,9.393,9.465,9.232,9.312,135996.225847
1711036800,9.312,9.533,9.069,9.221,223170.92073
1711051200,9.22,9.346,9.098,9.181,171283.544634
1711065600,9.18,9.254,9.016,9.24,129058.401209
1711080000,9.245,9.367,9.2,9.294,143380.057053
1711094400,9.295,9.355,9.019,9.06,125380.365053
1711108800,9.058,9.118,8.718,8.891,453223.80384
1711123200,8.896,8.977,8.804,8.895,163637.680607
1711137600,8.895,8.938,8.693,8.934,122176.313319
1711152000,8.938,9.1,8.853,8.968,104970.675984
1711166400,8.964,9.105,8.947,9.059,88303.462976
1711180800,9.058,9.112,9.001,9.097,74986.201668
1711195200,9.098,9.225,9.066,9.161,136117.222091
1711209600,9.164,9.194,9.111,9.127,76950.191423
1711224000,9.135,9.147,8.963,8.973,48993.251374
1711238400,8.969,9.138,8.96,9.0,73062.438703
1711252800,9.002,9.133,8.955,9.097,90137.975699
1711267200,9.093,9.224,9.081,9.196,82674.368961
1711281600,9.197,9.27,9.171,9.216,100841.54086
1711296000,9.216,9.297,9.062,9.258,82977.884476
1711310400,9.254,9.434,9.239,9.371,75438.099792
1711324800,9.375,9.467,9.288,9.456,89575.176516
1711339200,9.46,9.507,9.34,9.352,149204.603606
1711353600,9.352,9.548,9.35,9.435,102434.421752
1711368000,9.436,9.752,9.391,9.727,234451.517667
1711382400,9.728,9.831,9.669,9.788,173932.941362
1711396800,9.789,9.828,9.643,9.738,113651.966503
1711411200,9.738,9.931,9.711,9.914,138477.297639
1711425600,9.917,10.058,9.894,9.905,153557.840855
1711440000,9.905,10.038,9.856,9.924,131065.914677
1711454400,9.919,9.951,9.596,9.801,351822.572187
1711468800,9.803,9.861,9.531,9.557,203638.59248
1711483200,9.562,9.747,9.562,9.69,113947.487942
1711497600,9.69,9.795,9.645,9.7,129664.426647
1711512000,9.702,9.734,9.488,9.526,164693.478839
1711526400,9.525,9.615,9.375,9.602,230577.794749
1711540800,9.604,9.819,9.309,9.383,553248.27911
1711555200,9.385,9.562,9.309,9.409,119244.689862
1711569600,9.406,9.498,9.394,9.444,58751.893568
1711584000,9.448,9.513,9.3,9.375,87858.518386
1711598400,9.364,9.613,9.358,9.612,105849.019727
1711612800,9.61,9.655,9.512,9.571,111856.723322
1711627200,9.575,9.614,9.411,9.598,250546.523015
1711641600,9.599,9.621,9.436,9.49,144409.982602
1711656000,9.492,9.582,9.44,9.522,65727.302509
1711670400,9.522,9.545,9.366,9.425,91577.072434
1711684800,9.427,9.614,9.346,9.372,107650.336919
1711699200,9.371,9.565,9.369,9.554,184263.781056
1711713600,9.555,9.812,9.502,9.58,426364.346107
1711728000,9.582,9.692,9.477,9.519,162364.846834
1711742400,9.521,9.618,9.395,9.601,104144.831465
1711756800,9.601,9.691,9.556,9.579,81802.475872
1711771200,9.578,9.698,9.51,9.517,105782.502619
1711785600,9.517,9.608,9.473,9.6,71693.199276
1711800000,9.6,9.61,9.487,9.523,65442.705208
1711814400,9.521,9.557,9.416,9.5,69143.865267
1711828800,9.493,9.525,9.389,9.432,73279.217269
1711843200,9.432,9.513,9.416,9.455,43099.20121
1711857600,9.456,9.582,9.439,9.573,73210.600486
1711872000,9.573,9.608,9.54,9.559,76229.867989
1711886400,9.56,9.602,9.543,9.571,71409.419714
1711900800,9.575,9.607,9.506,9.579,53627.315805
1711915200,9.58,9.65,9.536,9.646,66388.084324
1711929600,9.647,9.692,9.592,9.665,235351.099627
1711944000,9.661,9.738,9.092,9.352,510248.880204
1711958400,9.342,9.343,9.177,9.189,190710.529075
1711972800,9.187,9.343,8.947,9.008,405357.453047
1711987200,9.004,9.164,8.918,9.157,178901.960723
1712001600,9.156,9.192,9.112,9.145,79339.957011
1712016000,9.144,9.145,8.596,8.743,462662.373367
1712030400,8.745,8.866,8.647,8.743,176949.148708
1712044800,8.744,8.77,8.376,8.516,367628.140805
1712059200,8.51,8.61,8.377,8.459,196942.377895
1712073600,8.455,8.673,8.424,8.603,97762.331308
1712088000,8.596,8.666,8.539,8.582,80464.868757
1712102400,8.58,8.696,8.34,8.641,214566.636115
1712116800,8.641,8.76,8.599,8.697,157683.3231
1712131200,8.695,8.778,8.616,8.677,217256.23364
1712145600,8.677,8.758,8.532,8.539,206907.554623
1712160000,8.536,8.605,8.377,8.405,175280.896819
1712174400,8.405,8.47,8.285,8.415,84667.125394
1712188800,8.415,8.553,8.332,8.34,107399.666369
1712203200,8.344,8.512,8.265,8.452,133304.700553
1712217600,8.456,8.533,8.445,8.467,174318.106107
1712232000,8.466,8.667,8.459,8.613,231182.303989
1712246400,8.617,8.712,8.505,8.515,162899.145679
1712260800,8.515,8.522,8.363,8.49,102316.233962
1712275200,8.489,8.509,8.276,8.418,123761.170047
1712289600,8.422,8.425,8.201,8.278,119273.312005
1712304000,8.282,8.405,8.119,8.134,192448.968326
1712318400,8.129,8.405,8.079,8.401,163379.420933
1712332800,8.4,8.439,8.321,8.377,136806.865148
1712347200,8.371,8.444,8.356,8.378,64938.283623
1712361600,8.377,8.451,8.335,8.446,105963.309313
1712376000,8.447,8.476,8.406,8.428,76286.126708
1712390400,8.427,8.497,8.393,8.395,50551.824955
1712404800,8.393,8.44,8.332,8.429,93112.05728
1712419200,8.427,8.478,8.391,8.413,134370.075233
1712433600,8.412,8.56,8.399,8.494,88984.770748
1712448000,8.494,8.657,8.458,8.639,94080.495698
1712462400,8.644,8.666,8.599,8.614,72757.247425
1712476800,8.615,8.673,8.585,8.668,56334.353801
1712491200,8.663,8.74,8.635,8.649,123965.864864
1712505600,8.65,8.737,8.531,8.555,97538.151538
1712520000,8.558,8.713,8.553,8.703,55321.041592
1712534400,8.704,8.713,8.569,8.615,84729.464499
1712548800,8.619,8.832,8.578,8.777,115971.145082
1712563200,8.779,9.006,8.765,8.979,298808.584292
1712577600,8.978,9.092,8.94,9.021,200687.094235
1712592000,9.019,9.094,8.955,8.998,138199.234381
1712606400,9.003,9.091,8.982,9.045,74470.330154
1712620800,9.045,9.112,8.928,8.975,225660.453389
1712635200,8.975,9.073,8.797,8.849,177552.309342
1712649600,8.849,9.007,8.72,8.994,161273.494855
1712664000,9.003,9.099,8.648,8.872,272561.066532
1712678400,8.872,8.935,8.748,8.847,234593.44574
1712692800,8.832,8.855,8.632,8.659,72304.336941
1712707200,8.655,8.701,8.404,8.567,160516.796149
1712721600,8.568,8.619,8.503,8.531,106860.729364
1712736000,8.532,8.536,8.35,8.427,179306.685428
1712750400,8.425,8.443,8.12,8.31,479182.576046
1712764800,8.306,8.434,8.237,8.368,428658.662194
1712779200,8.369,8.483,8.349,8.408,106257.481171
1712793600,8.41,8.439,8.342,8.427,80656.974882
1712808000,8.429,8.525,8.342,8.465,168181.358679
1712822400,8.465,8.522,8.24,8.255,131357.581619
1712836800,8.256,8.362,8.183,8.29,190491.200922
1712851200,8.289,8.322,8.192,8.277,80427.408507
1712865600,8.277,8.387,8.254,8.384,138158.553643
1712880000,8.383,8.489,8.374,8.454,119316.572296
1712894400,8.454,8.49,8.37,8.393,51920.142869
1712908800,8.391,8.464,8.323,8.431,212795.380698
1712923200,8.432,8.466,8.115,8.13,434604.911554
1712937600,8.131,8.157,6.363,6.92,3350729.287566
1712952000,6.917,7.275,6.885,7.237,761413.092548
1712966400,7.237,7.303,6.961,7.145,459402.622782
1712980800,7.145,7.329,7.1,7.245,313587.589769
1712995200,7.243,7.33,7.143,7.219,195016.862613
1713009600,7.217,7.274,7.064,7.11,283344.099068
1713024000,7.109,7.131,6.179,6.418,1872165.161817
1713038400,6.42,6.563,5.7,6.39,2894675.984971
1713052800,6.39,6.424,6.195,6.387,1017756.741095
1713067200,6.389,6.782,6.347,6.774,721728.372368
1713081600,6.773,6.819,6.572,6.607,496098.413667
1713096000,6.606,6.718,6.44,6.561,542041.898569
1713110400,6.562,6.743,6.362,6.608,886753.943296
1713124800,6.603,6.93,6.49,6.858,325637.811182
1713139200,6.855,6.855,6.662,6.744,205220.846099
1713153600,6.742,7.167,6.666,7.12,385712.907254
1713168000,7.121,7.207,7.055,7.074,244427.459871
1713182400,7.072,7.165,6.744,6.876,546270.690321
1713196800,6.877,6.922,6.436,6.707,619287.298115
1713211200,6.706,6.767,6.582,6.707,178175.994072
1713225600,6.708,6.754,6.552,6.6,183371.828773
1713240000,6.603,6.822,6.424,6.762,216418.197567
1713254400,6.764,6.802,6.475,6.696,320386.149583
1713268800,6.696,6.696,6.373,6.415,323769.137929
1713283200,6.414,6.671,6.373,6.599,240723.428689
1713297600,6.593,6.758,6.59,6.699,76816.218046
1713312000,6.698,6.735,6.617,6.693,100385.305019
1713326400,6.692,6.78,6.599,6.649,150462.666117
1713340800,6.646,6.679,6.532,6.535,70097.686925
1713355200,6.54,6.615,6.352,6.4,410926.939834
1713369600,6.399,6.737,6.327,6.623,210276.248275
1713384000,6.63,6.705,6.536,6.58,81094.307992
1713398400,6.578,6.724,6.447,6.671,128100.809307
1713412800,6.671,6.707,6.48,6.524,97109.566526
1713427200,6.526,6.75,6.473,6.69,224149.070663
1713441600,6.688,6.793,6.568,6.751,230355.045347
1713456000,6.75,6.798,6.616,6.758,97164.153284
1713470400,6.763,6.829,6.728,6.781,96735.916643
1713484800,6.78,6.783,6.274,6.501,562635.938008
1713499200,6.498,6.862,6.481,6.719,324011.592539
1713513600,6.72,6.919,6.681,6.827,392074.561609
1713528000,6.834,6.837,6.702,6.805,147332.353382
1713542400,6.806,6.826,6.71,6.791,101092.351961
1713556800,6.79,6.801,6.578,6.675,145754.448024
1713571200,6.681,6.764,6.61,6.737,86740.25847
1713585600,6.735,6.839,6.724,6.816,72151.612163
1713600000,6.817,6.817,6.711,6.749,62085.199285
1713614400,6.749,6.969,6.72,6.968,68320.81432
1713628800,6.969,7.251,6.945,7.244,206042.226633
1713643200,7.25,7.281,7.177,7.245,116035.055939
1713657600,7.243,7.291,7.138,7.207,147117.569313
1713672000,7.205,7.236,7.15,7.183,49132.015411
1713686400,7.186,7.214,7.127,7.185,110292.145165
1713700800,7.183,7.188,7.05,7.117,105377.262687
1713715200,7.118,7.129,6.962,7.088,123011.643481
1713729600,7.089,7.207,7.068,7.134,81249.746891
1713744000,7.139,7.317,7.088,7.273,181946.448371
1713758400,7.273,7.53,7.262,7.436,191787.232921
1713772800,7.437,7.584,7.413,7.44,225428.417645
1713787200,7.438,7.482,7.342,7.448,221236.321541
1713801600,7.449,7.493,7.381,7.488,162319.037506
1713816000,7.488,7.565,7.463,7.466,128811.289532
1713830400,7.467,7.536,7.361,7.382,218712.073264
1713844800,7.385,7.478,7.318,7.362,103836.688206
1713859200,7.363,7.451,7.333,7.366,110690.513213
1713873600,7.367,7.541,7.32,7.406,276730.853186
1713888000,7.413,7.438,7.336,7.385,190303.425063
1713902400,7.385,7.39,7.205,7.244,155720.576866
1713916800,7.241,7.313,7.214,7.289,81525.626528
1713931200,7.289,7.459,7.279,7.421,220821.029204
1713945600,7.42,7.501,7.41,7.433,130078.349207
1713960000,7.429,7.448,7.016,7.034,399568.837835
1713974400,7.03,7.131,6.962,7.048,149719.40796
1713988800,7.041,7.056,6.858,6.931,136109.759532
1714003200,6.934,7.003,6.848,6.929,89260.32444
1714017600,6.921,6.98,6.832,6.884,94842.34122
1714032000,6.883,6.905,6.736,6.827,259456.21712
1714046400,6.822,6.928,6.704,6.918,154827.011492
1714060800,6.917,6.965,6.876,6.932,90507.280623
1714075200,6.93,6.978,6.825,6.863,52477.168419
1714089600,6.863,6.896,6.73,6.843,71821.537398
1714104000,6.845,6.922,6.811,6.854,74708.453847
1714118400,6.854,6.92,6.831,6.885,73472.320117
1714132800,6.882,6.951,6.721,6.812,243649.425967
1714147200,6.812,6.873,6.776,6.847,63323.577885
1714161600,6.847,6.897,6.714,6.767,98014.140619
1714176000,6.767,6.79,6.506,6.718,239833.376291
1714190400,6.716,6.772,6.659,6.663,77032.470455
1714204800,6.662,6.698,6.587,6.613,99368.099504
1714219200,6.614,6.729,6.6,6.647,68583.131466
1714233600,6.647,6.867,6.63,6.8,184581.574994
1714248000,6.798,6.82,6.735,6.809,79260.051374
1714262400,6.812,6.951,6.804,6.917,86456.822999
1714276800,6.917,6.947,6.882,6.928,64065.06267
1714291200,6.928,6.937,6.804,6.813,78382.275164
1714305600,6.811,6.884,6.801,6.85,56111.463336
1714320000,6.85,6.916,6.84,6.862,97220.646442
1714334400,6.862,6.885,6.69,6.731,102586.718654
1714348800,6.731,6.825,6.651,6.661,126118.798398
1714363200,6.66,6.73,6.51,6.577,120032.840337
1714377600,6.574,6.581,6.485,6.509,196962.025395
1714392000,6.506,6.639,6.472,6.629,182312.806963
1714406400,6.629,6.638,6.521,6.562,66816.106881
1714420800,6.562,6.664,6.497,6.588,88564.545137
1714435200,6.59,6.669,6.461,6.57,148980.056481
1714449600,6.572,6.604,6.528,6.542,115435.854729
1714464000,6.542,6.562,6.249,6.274,346391.601412
1714478400,6.273,6.301,6.123,6.154,269601.778958
1714492800,6.151,6.179,6.035,6.111,323222.067801
1714507200,6.112,6.496,6.112,6.427,938558.567831
1714521600,6.424,6.498,6.34,6.459,370781.201563
1714536000,6.457,6.563,6.272,6.295,723863.16834
1714550400,6.294,6.52,6.129,6.501,702008.322697
1714564800,6.5,6.646,6.474,6.497,515329.261878
1714579200,6.493,6.931,6.435,6.729,1032205.115746
1714593600,6.732,6.934,6.695,6.897,395699.16308
1714608000,6.897,6.952,6.694,6.87,420454.357364
1714622400,6.869,6.941,6.829,6.876,129350.846956
1714636800,6.875,7.1,6.859,7.047,338239.431037
1714651200,7.047,7.063,6.89,7.005,239790.342077
1714665600,7.006,7.379,6.98,7.259,390892.803741
1714680000,7.26,7.411,7.252,7.273,223278.904785
1714694400,7.273,7.323,7.198,7.21,121827.584397
1714708800,7.21,7.258,7.044,7.051,227569.992672
1714723200,7.052,7.095,7.005,7.065,127641.189994
1714737600,7.062,7.279,7.028,7.257,361979.384051
1714752000,7.259,7.319,7.217,7.278,119084.49337
1714766400,7.277,7.387,7.24,7.247,98156.215985
1714780800,7.247,7.254,7.14,7.16,111171.481049
1714795200,7.16,7.204,7.139,7.14,151561.102775
1714809600,7.139,7.243,7.113,7.139,164707.430519
1714824000,7.139,7.236,7.126,7.192,150164.178519
1714838400,7.193,7.203,7.146,7.195,38408.779767
1714852800,7.196,7.21,7.116,7.126,53083.294826
1714867200,7.126,7.153,7.04,7.091,115361.481901
1714881600,7.091,7.105,7.027,7.079,104359.145599
1714896000,7.08,7.141,7.045,7.072,91961.33518
1714910400,7.07,7.253,7.016,7.244,162175.881277
1714924800,7.245,7.33,7.202,7.284,189302.440578
1714939200,7.286,7.402,7.276,7.306,110024.601548
1714953600,7.306,7.335,7.224,7.249,182863.440474
1714968000,7.251,7.398,7.237,7.388,136442.973124
1714982400,7.391,7.474,7.23,7.293,286321.545183
1714996800,7.294,7.31,7.061,7.179,238657.028039
1715011200,7.178,7.243,7.117,7.193,142809.736156
1715025600,7.192,7.225,7.119,7.12,49682.585132
1715040000,7.12,7.197,7.023,7.091,119429.90771
1715054400,7.088,7.184,7.074,7.168,92634.369258
1715068800,7.17,7.294,7.131,7.135,147598.387661
1715083200,7.133,7.272,7.129,7.194,127034.071562
1715097600,7.197,7.225,7.095,7.123,93142.733617
1715112000,7.124,7.16,6.984,6.994,97771.753481
1715126400,6.991,7.108,6.92,7.085,131983.392641
1715140800,7.089,7.095,6.986,7.014,89969.904679
1715155200,7.012,7.128,6.931,6.951,131990.027981
1715169600,6.95,7.188,6.892,7.152,234376.30652
1715184000,7.154,7.167,7.008,7.055,104085.714343
1715198400,7.058,7.092,6.93,6.984,129262.451272
1715212800,6.985,7.066,6.973,7.046,81234.905798
1715227200,7.044,7.072,6.901,6.923,77824.500043
1715241600,6.922,6.941,6.783,6.844,193596.151653
1715256000,6.846,6.982,6.832,6.961,153556.114225
1715270400,6.961,7.043,6.946,7.04,82588.839463
1715284800,7.042,7.091,7.002,7.051,72589.680633
1715299200,7.051,7.116,6.999,7.109,69981.305719
1715313600,7.111,7.151,7.053,7.125,95925.537237
1715328000,7.127,7.138,7.067,7.133,63944.504116
1715342400,7.132,7.134,6.805,6.863,398202.271556
1715356800,6.86,6.882,6.754,6.813,177013.402313
1715371200,6.812,6.836,6.687,6.744,69143.871338
1715385600,6.747,6.811,6.714,6.731,36621.60224
1715400000,6.728,6.796,6.712,6.767,30708.244112
1715414400,6.767,6.776,6.633,6.677,131426.746278
1715428800,6.679,6.789,6.679,6.731,65625.345866
1715443200,6.731,6.743,6.694,6.727,70988.54851
1715457600,6.727,6.728,6.652,6.661,35530.540144
1715472000,6.662,6.716,6.651,6.699,34480.789922
1715486400,6.699,6.723,6.64,6.651,31809.461746
1715500800,6.655,6.75,6.646,6.734,56849.954932
1715515200,6.736,6.763,6.722,6.751,37620.352993
1715529600,6.754,6.792,6.667,6.685,65377.657081
1715544000,6.685,6.688,6.587,6.619,50271.372993
1715558400,6.62,6.69,6.432,6.512,184775.203517
1715572800,6.51,6.702,6.447,6.694,111101.936428
1715587200,6.694,6.787,6.684,6.73,198948.818276
1715601600,6.735,6.78,6.675,6.762,97492.291632
1715616000,6.762,6.825,6.641,6.705,100408.862024
1715630400,6.704,6.711,6.651,6.671,46120.789414
1715644800,6.671,6.698,6.605,6.645,56511.757834
1715659200,6.644,6.671,6.489,6.609,151358.537624
1715673600,6.609,6.662,6.58,6.651,70875.59243
1715688000,6.65,6.69,6.535,6.646,177664.415774
1715702400,6.647,6.65,6.498,6.554,89765.738455
1715716800,6.55,6.581,6.47,6.485,33629.737042
1715731200,6.488,6.541,6.461,6.522,41769.393341
1715745600,6.526,6.533,6.467,6.523,65127.692031
1715760000,6.522,6.676,6.488,6.553,268719.342371
1715774400,6.547,6.939,6.521,6.863,514635.210822
1715788800,6.868,7.011,6.838,7.009,212141.044735
1715803200,7.008,7.032,6.927,6.96,97678.650534
1715817600,6.959,7.02,6.928,6.98,132668.941244
1715832000,6.979,6.994,6.938,6.956,218322.270526
1715846400,6.956,6.973,6.884,6.909,119233.980283
1715860800,6.907,6.967,6.815,6.928,233452.514423
1715875200,6.929,7.003,6.89,6.96,164988.266645
1715889600,6.959,7.066,6.887,7.027,196486.472511
1715904000,7.026,7.088,7.0,7.005,105609.91698
1715918400,7.005,7.3,7.004,7.275,378605.965055
1715932800,7.274,7.289,7.203,7.204,258839.072996
1715947200,7.204,7.261,7.141,7.236,320157.454842
1715961600,7.235,7.27,7.179,7.2,217776.717462
1715976000,7.198,7.218,7.177,7.198,123421.662124
1715990400,7.197,7.23,7.15,7.207,73472.284756
1716004800,7.207,7.218,7.155,7.198,62901.871769
1716019200,7.198,7.23,7.171,7.184,58100.309037
1716033600,7.182,7.184,7.064,7.133,140622.577468
1716048000,7.132,7.185,7.122,7.173,31640.184511
1716062400,7.173,7.183,7.119,7.159,39291.489066
1716076800,7.157,7.181,7.121,7.156,42910.394462
1716091200,7.154,7.157,7.074,7.109,30581.721589
1716105600,7.108,7.125,7.047,7.104,78643.340705
1716120000,7.105,7.106,6.963,7.031,132844.733551
1716134400,7.03,7.039,6.917,6.933,75230.813727
1716148800,6.928,6.971,6.889,6.932,48868.877973
1716163200,6.933,6.973,6.852,6.947,103203.497809
1716177600,6.948,7.071,6.877,7.0,97109.338597
1716192000,7.0,7.067,6.997,7.014,43122.579838
1716206400,7.015,7.053,6.952,7.049,83811.776107
1716220800,7.05,7.451,7.033,7.411,393955.713725
1716235200,7.413,7.585,7.324,7.575,368543.948244
1716249600,7.576,7.66,7.466,7.491,340373.852259
1716264000,7.491,7.556,7.431,7.547,245115.117662
1716278400,7.545,7.603,7.52,7.584,141733.070107
1716292800,7.584,7.672,7.498,7.53,235791.846656
1716307200,7.529,7.658,7.488,7.536,190761.241402
1716321600,7.538,7.638,7.533,7.612,117512.939288
1716336000,7.612,7.699,7.57,7.61,186970.53905
1716350400,7.609,7.661,7.459,7.641,118815.222991
1716364800,7.639,7.683,7.538,7.567,123054.566856
1716379200,7.567,7.656,7.425,7.611,155780.367897
1716393600,7.609,7.629,7.434,7.446,144434.570861
1716408000,7.448,7.51,7.384,7.47,85571.981589
1716422400,7.47,7.596,7.466,7.585,60482.397749
1716436800,7.588,7.604,7.517,7.585,57976.041066
1716451200,7.587,7.59,7.412,7.509,241049.527644
1716465600,7.508,7.543,7.17,7.209,633733.124822
1716480000,7.207,7.214,7.013,7.131,426044.220587
1716494400,7.131,7.262,6.881,7.203,703835.786012
1716508800,7.198,7.315,7.185,7.259,94076.732202
1716523200,7.26,7.277,7.016,7.113,187733.114609
1716537600,7.111,7.222,7.03,7.219,80774.844305
1716552000,7.219,7.387,7.202,7.261,214601.584476
1716566400,7.262,7.318,7.179,7.267,145225.982233
1716580800,7.269,7.293,7.219,7.245,92350.597719
1716595200,7.246,7.314,7.222,7.309,80967.091942
1716609600,7.308,7.331,7.264,7.295,72592.638089
1716624000,7.297,7.342,7.271,7.304,52327.238722
1716638400,7.299,7.35,7.262,7.334,73236.750752
1716652800,7.334,7.401,7.331,7.365,93007.821651
1716667200,7.363,7.438,7.336,7.426,72469.53967
1716681600,7.425,7.52,7.41,7.475,137867.98062
1716696000,7.474,7.474,7.383,7.436,55916.122262
1716710400,7.434,7.491,7.367,7.446,121427.241124
1716724800,7.448,7.639,7.419,7.581,287387.528036
1716739200,7.582,7.629,7.492,7.55,145389.235078
1716753600,7.551,7.594,7.474,7.557,82433.966456
1716768000,7.557,7.576,7.477,7.488,115586.920882
1716782400,7.493,7.502,7.378,7.408,99433.37845
1716796800,7.41,7.49,7.41,7.483,99994.338745
1716811200,7.483,7.737,7.457,7.727,235118.162559
1716825600,7.725,7.776,7.512,7.557,273607.936319
1716840000,7.55,7.682,7.546,7.64,82827.922298
1716854400,7.64,7.664,7.479,7.535,433297.890148
1716868800,7.536,7.541,7.319,7.334,246340.691142
1716883200,7.335,7.483,7.324,7.395,212588.231357
1716897600,7.395,7.415,7.277,7.39,333958.337089
1716912000,7.389,7.439,7.303,7.433,150842.262339
1716926400,7.435,7.491,7.345,7.368,122477.784034
1716940800,7.37,7.41,7.306,7.388,89040.483955
1716955200,7.389,7.565,7.381,7.406,208854.92607
1716969600,7.41,7.484,7.318,7.374,392405.686143
1716984000,7.377,7.412,7.212,7.227,358249.822054
1716998400,7.226,7.275,7.177,7.184,196737.111237
1717012800,7.184,7.214,7.141,7.179,128490.165839
1717027200,7.179,7.242,7.146,7.231,109959.149707
1717041600,7.232,7.236,6.948,6.973,179025.637494
1717056000,6.97,7.083,6.926,7.046,95400.594335
1717070400,7.048,7.114,7.025,7.07,165791.454496
1717084800,7.068,7.139,7.027,7.057,174392.146787
1717099200,7.053,7.053,6.968,6.995,89533.80599
1717113600,6.997,7.018,6.953,7.004,110106.7862
1717128000,7.005,7.018,6.918,6.993,78313.828586
1717142400,6.991,7.021,6.964,6.996,44627.063514
1717156800,6.996,7.054,6.856,6.864,193979.213762
1717171200,6.859,7.005,6.805,6.989,133359.963153
1717185600,6.993,7.015,6.954,6.984,66281.718734
1717200000,6.987,7.005,6.957,6.998,45137.151612
1717214400,6.996,7.045,6.992,7.011,78631.367602
1717228800,7.012,7.092,7.004,7.066,136187.700115
1717243200,7.065,7.134,7.063,7.093,102962.992061
1717257600,7.092,7.104,7.061,7.074,48833.558257
1717272000,7.073,7.11,7.05,7.061,30118.903205
1717286400,7.063,7.096,7.053,7.083,23805.834705
1717300800,7.083,7.119,7.038,7.038,75784.623969
1717315200,7.043,7.094,6.989,7.088,58060.141217
1717329600,7.09,7.126,7.048,7.083,51020.103175
1717344000,7.086,7.097,6.918,7.002,84145.625941
1717358400,7.001,7.027,6.957,6.989,51638.17258
1717372800,6.99,7.106,6.934,7.073,62173.853471
1717387200,7.076,7.173,7.027,7.133,110417.444396
1717401600,7.134,7.176,7.098,7.121,67546.656506
1717416000,7.122,7.189,7.02,7.133,281370.347601
1717430400,7.138,7.144,7.059,7.1,145632.591391
1717444800,7.102,7.118,7.001,7.01,66983.00309
1717459200,7.012,7.033,6.964,7.03,74280.374617
1717473600,7.032,7.033,6.98,7.003,75287.259296
1717488000,7.004,7.028,6.942,7.009,87280.251697
1717502400,7.007,7.209,6.981,7.168,165112.827282
1717516800,7.168,7.221,7.131,7.191,158912.06017
1717531200,7.191,7.233,7.171,7.18,70352.766168
1717545600,7.183,7.24,7.174,7.212,78272.925682
1717560000,7.214,7.297,7.181,7.261,110316.895452
1717574400,7.26,7.26,7.173,7.205,125904.70315
1717588800,7.206,7.236,7.15,7.229,93234.109713
1717603200,7.229,7.293,7.206,7.272,103503.27754
1717617600,7.272,7.289,7.215,7.251,75403.512257
1717632000,7.252,7.277,7.207,7.207,86331.915837
1717646400,7.208,7.216,7.148,7.173,96647.489931
1717660800,7.173,7.22,7.163,7.218,67597.5926
1717675200,7.219,7.287,7.178,7.251,120555.040766
1717689600,7.25,7.263,7.12,7.124,146481.716082
1717704000,7.125,7.157,7.057,7.146,110256.581272
1717718400,7.147,7.151,7.073,7.099,58157.783174
1717732800,7.099,7.193,7.094,7.152,66985.426899
1717747200,7.153,7.272,7.127,7.264,73808.551961
1717761600,7.264,7.29,7.082,7.216,317287.772626
1717776000,7.216,7.219,6.024,6.593,1774581.842382
1717790400,6.593,6.67,6.573,6.658,191344.307953
1717804800,6.658,6.683,6.609,6.627,188501.504784
1717819200,6.626,6.639,6.6,6.624,65145.379566
1717833600,6.624,6.624,6.423,6.442,226017.541303
1717848000,6.443,6.481,6.359,6.467,372230.535008
1717862400,6.467,6.487,6.381,6.396,111060.504463
1717876800,6.395,6.412,6.338,6.384,127146.701806
1717891200,6.384,6.44,6.376,6.427,83291.179745
1717905600,6.426,6.449,6.379,6.422,52250.332982
1717920000,6.425,6.502,6.414,6.463,107826.663286
1717934400,6.465,6.498,6.426,6.471,106663.778163
1717948800,6.471,6.53,6.462,6.529,48781.403396
1717963200,6.529,6.538,6.494,6.526,58156.054051
1717977600,6.529,6.541,6.44,6.464,73567.762337
1717992000,6.462,6.475,6.358,6.366,104969.622539
1718006400,6.368,6.533,6.366,6.489,102242.813382
1718020800,6.488,6.581,6.422,6.55,165915.733199
1718035200,6.552,6.569,6.495,6.515,97887.452479
1718049600,6.512,6.541,6.471,6.506,54220.391131
1718064000,6.507,6.527,6.341,6.439,290497.97706
1718078400,6.441,6.46,6.291,6.367,171904.506502
1718092800,6.364,6.421,6.338,6.357,104051.867572
1718107200,6.357,6.377,6.218,6.302,482513.132977
1718121600,6.301,6.461,6.244,6.425,266803.407594
1718136000,6.424,6.429,6.34,6.377,142324.732217
1718150400,6.376,6.424,6.275,6.405,153491.854665
1718164800,6.404,6.437,6.379,6.404,51875.606456
1718179200,6.403,6.443,6.365,6.378,78415.510337
1718193600,6.379,6.711,6.378,6.705,457399.925556
1718208000,6.708,6.928,6.606,6.705,820297.056928
1718222400,6.704,6.814,6.674,6.736,112691.345211
1718236800,6.736,6.741,6.476,6.544,142874.076128
1718251200,6.542,6.598,6.498,6.528,127422.724514
1718265600,6.527,6.537,6.446,6.469,104759.28605
1718280000,6.469,6.565,6.365,6.38,301045.402825
1718294400,6.382,6.496,6.344,6.46,112269.411291
1718308800,6.459,6.467,6.335,6.359,53964.440586
1718323200,6.361,6.416,6.298,6.354,98841.782363
1718337600,6.354,6.473,6.353,6.439,151714.363219
1718352000,6.438,6.49,6.4,6.404,186834.083283
1718366400,6.408,6.413,6.2,6.222,261225.492293
1718380800,6.222,6.229,5.982,6.115,577909.013088
1718395200,6.115,6.206,6.08,6.164,184125.014405
1718409600,6.164,6.176,6.109,6.168,116066.799102
1718424000,6.166,6.259,6.153,6.223,80604.897109
1718438400,6.223,6.24,6.19,6.206,36476.328156
1718452800,6.204,6.252,6.187,6.229,126790.504127
1718467200,6.227,6.247,6.175,6.195,38910.496159
1718481600,6.196,6.237,6.157,6.224,30711.472492
1718496000,6.224,6.237,6.17,6.185,55523.840887
1718510400,6.184,6.247,6.15,6.212,27317.17093
1718524800,6.211,6.227,6.165,6.216,51617.282407
1718539200,6.216,6.352,6.203,6.345,143277.212487
1718553600,6.343,6.381,6.31,6.365,141829.986823
1718568000,6.365,6.427,6.347,6.396,112865.216689
1718582400,6.396,6.417,6.296,6.308,109152.943685
1718596800,6.307,6.346,6.205,6.273,133334.916021
1718611200,6.273,6.286,6.111,6.204,238310.322194
1718625600,6.203,6.23,6.091,6.106,127118.696438
1718640000,6.105,6.309,5.986,6.246,295380.028785
1718654400,6.244,6.244,6.057,6.069,110678.062047
1718668800,6.07,6.087,5.415,5.764,1903899.344984
1718683200,5.763,5.862,5.737,5.861,322409.553346
1718697600,5.86,5.95,5.813,5.866,448291.919767
1718712000,5.865,5.879,5.68,5.8,652641.570732
1718726400,5.799,5.8,5.589,5.68,365500.959787
1718740800,5.682,5.797,5.645,5.772,240776.857671
1718755200,5.771,5.894,5.731,5.859,244005.111945
1718769600,5.86,5.983,5.847,5.96,319243.830969
1718784000,5.963,5.994,5.879,5.903,291746.069452
1718798400,5.903,5.935,5.787,5.809,131749.972628
1718812800,5.808,5.911,5.777,5.83,97113.269403
1718827200,5.832,5.87,5.777,5.804,74833.967527
1718841600,5.799,5.916,5.771,5.817,134195.624386
1718856000,5.818,5.973,5.786,5.934,118813.888926
1718870400,5.939,5.973,5.861,5.89,296973.995779
1718884800,5.892,5.897,5.642,5.654,407942.568534
1718899200,5.652,5.738,5.6,5.722,188834.453019
1718913600,5.726,5.738,5.64,5.641,89557.597736
1718928000,5.643,5.708,5.579,5.698,160415.733597
1718942400,5.699,5.736,5.619,5.659,102841.878571
1718956800,5.659,5.708,5.562,5.697,184151.708985
1718971200,5.697,5.723,5.586,5.651,345826.421157
1718985600,5.65,5.679,5.549,5.621,114478.044311
1719000000,5.625,5.667,5.583,5.61,53831.490808
1719014400,5.611,5.611,5.542,5.574,47873.41397
1719028800,5.574,5.66,5.561,5.654,216805.240408
1719043200,5.655,5.756,5.632,5.726,165111.851176
1719057600,5.728,5.804,5.718,5.747,164745.005065
1719072000,5.75,5.763,5.738,5.754,68986.744656
1719086400,5.76,5.765,5.736,5.75,35413.655441
1719100800,5.75,5.79,5.729,5.771,154502.689651
1719115200,5.774,5.782,5.748,5.757,33222.389124
1719129600,5.757,5.817,5.747,5.78,194020.913711
1719144000,5.78,5.783,5.693,5.705,116406.475763
1719158400,5.705,5.708,5.639,5.69,77193.295907
1719172800,5.694,5.694,5.583,5.652,174142.731577
1719187200,5.65,5.728,5.616,5.693,150114.877688
1719201600,5.691,5.699,5.546,5.605,192440.308038
1719216000,5.606,5.64,5.372,5.588,577915.107942
1719230400,5.584,5.721,5.524,5.544,204216.929284
1719244800,5.539,5.698,5.536,5.588,377613.540513
1719259200,5.591,5.739,5.533,5.727,349212.381874
1719273600,5.727,5.835,5.707,5.802,155728.790342
1719288000,5.806,5.82,5.77,5.806,126855.729651
1719302400,5.812,5.87,5.721,5.865,265089.180841
1719316800,5.866,5.973,5.849,5.94,221791.90188
1719331200,5.942,5.953,5.867,5.905,101959.137776
1719345600,5.906,5.912,5.836,5.841,38176.435696
1719360000,5.841,5.875,5.8,5.823,68750.118975
1719374400,5.824,5.891,5.786,5.882,126356.015132
1719388800,5.882,5.9,5.844,5.88,119297.255497
1719403200,5.878,5.947,5.841,5.855,286198.820533
1719417600,5.857,5.872,5.759,5.872,241412.386008
1719432000,5.872,5.885,5.786,5.799,58733.233317
1719446400,5.799,5.799,5.734,5.756,85616.409184
1719460800,5.759,5.821,5.709,5.802,256577.138377
1719475200,5.803,5.956,5.794,5.935,491526.079843
1719489600,5.936,6.379,5.929,6.289,1777931.284396
1719504000,6.29,6.379,6.236,6.343,648081.320638
1719518400,6.343,6.356,6.27,6.287,127173.232528
1719532800,6.287,6.31,6.24,6.255,135372.443548
1719547200,6.253,6.292,6.218,6.288,83386.341739
1719561600,6.283,6.411,6.261,6.369,197260.10143
1719576000,6.368,6.44,6.287,6.309,404932.273288
1719590400,6.309,6.39,6.237,6.26,277590.841399
1719604800,6.263,6.299,6.158,6.192,87278.199885
1719619200,6.19,6.303,6.188,6.257,140691.347868
1719633600,6.257,6.257,6.197,6.218,46161.189259
1719648000,6.219,6.226,6.128,6.136,135586.025088
1719662400,6.137,6.139,6.075,6.109,44099.660131
1719676800,6.116,6.128,6.065,6.121,53417.862227
1719691200,6.123,6.126,6.067,6.08,52501.733406
1719705600,6.08,6.117,6.021,6.087,101914.135603
1719720000,6.087,6.203,6.06,6.152,172118.402287
1719734400,6.152,6.174,6.092,6.113,75582.395426
1719748800,6.113,6.16,6.087,6.142,93493.912826
1719763200,6.139,6.216,6.113,6.199,131855.015532
1719777600,6.198,6.259,6.151,6.214,78963.991723
1719792000,6.215,6.342,6.196,6.273,191941.282716
1719806400,6.274,6.342,6.272,6.305,235945.04935
1719820800,6.308,6.391,6.292,6.359,467527.202523
1719835200,6.363,6.393,6.276,6.358,509467.958623
1719849600,6.356,6.417,6.316,6.381,163033.159736
1719864000,6.38,6.448,6.328,6.333,222998.91294
1719878400,6.332,6.452,6.324,6.45,212262.680589
1719892800,6.452,6.532,6.365,6.376,471759.373904
1719907200,6.375,6.428,6.327,6.4,182254.50772
1719921600,6.4,6.487,6.317,6.38,318476.139903
1719936000,6.378,6.567,6.316,6.508,542334.957198
1719950400,6.511,6.607,6.487,6.531,705079.113338
1719964800,6.53,6.544,6.283,6.334,451921.853183
1719979200,6.332,6.391,6.295,6.305,223545.493971
1719993600,6.303,6.32,6.1,6.133,411703.819642
1720008000,6.133,6.219,6.059,6.214,238818.43779
1720022400,6.213,6.227,6.032,6.065,137275.062928
1720036800,6.066,6.1,5.998,6.082,295745.006716
1720051200,6.082,6.135,5.758,5.909,730096.29413
1720065600,5.907,5.949,5.839,5.84,433969.604541
1720080000,5.84,5.883,5.757,5.812,368404.048725
1720094400,5.813,5.852,5.607,5.839,519435.988289
1720108800,5.837,5.858,5.737,5.738,117126.172925
1720123200,5.741,5.81,5.541,5.552,396271.579542
1720137600,5.555,5.561,4.922,5.052,1993218.056117
1720152000,5.051,5.399,4.907,5.39,2406980.949024
1720166400,5.387,5.622,5.224,5.608,1073220.534795
1720180800,5.607,5.887,5.495,5.865,1592084.030381
1720195200,5.862,5.917,5.757,5.793,808398.351292
1720209600,5.793,5.837,5.653,5.686,456129.502807
1720224000,5.687,5.796,5.633,5.684,636230.0318
1720238400,5.681,5.881,5.632,5.829,505550.911048
1720252800,5.834,5.998,5.771,5.991,727373.608447
1720267200,5.995,6.047,5.873,6.008,436488.343013
1720281600,6.008,6.31,5.999,6.267,870074.092568
1720296000,6.261,6.266,6.201,6.241,61603.271722
1720310400,6.242,6.275,6.173,6.243,74800.976002
1720324800,6.247,6.314,6.166,6.213,467948.449051
1720339200,6.213,6.299,6.177,6.216,294383.479783
1720353600,6.21,6.228,5.993,6.028,267034.132596
1720368000,6.026,6.146,6.001,6.105,48119.491512
1720382400,6.105,6.106,5.884,5.907,72162.008784
1720396800,5.91,5.957,5.697,5.926,324350.516608
1720411200,5.921,6.05,5.888,5.939,340166.73293
1720425600,5.936,6.298,5.926,6.162,166469.165561
1720440000,6.162,6.189,5.813,5.978,269879.633471
1720454400,5.981,6.029,5.924,5.965,83289.504304
1720468800,5.964,5.986,5.887,5.943,73587.129845
1720483200,5.943,6.001,5.842,5.933,136922.748175
1720497600,5.937,6.123,5.887,6.085,577576.305543
1720512000,6.086,6.189,6.061,6.113,151542.190731
1720526400,6.111,6.161,6.036,6.152,175175.350226
1720540800,6.148,6.165,6.039,6.076,106447.454551
1720555200,6.077,6.127,6.058,6.116,52566.829844
1720569600,6.116,6.176,6.05,6.175,88116.27785
1720584000,6.174,6.263,6.137,6.158,174890.490137
1720598400,6.155,6.172,6.087,6.112,194235.882273
1720612800,6.109,6.162,6.058,6.13,305467.820007
1720627200,6.13,6.178,6.08,6.104,67997.654477
1720641600,6.109,6.115,6.057,6.097,50150.876578
1720656000,6.097,6.148,6.011,6.066,116652.111222
1720670400,6.064,6.142,6.055,6.135,44276.942064
1720684800,6.133,6.167,6.106,6.158,129592.807834
1720699200,6.157,6.246,5.988,6.005,318730.190389
1720713600,6.006,6.041,5.936,5.941,65391.242956
1720728000,5.94,5.956,5.896,5.903,85281.667126
1720742400,5.903,5.939,5.832,5.893,118854.075093
1720756800,5.893,5.921,5.84,5.861,50283.244899
1720771200,5.859,5.876,5.802,5.828,53802.570262
1720785600,5.827,6.014,5.824,6.001,79195.762265
1720800000,6.002,6.1,5.979,6.0,107968.365725
1720814400,6.003,6.102,5.958,6.101,32674.72611
1720828800,6.103,6.131,6.075,6.126,53580.035113
1720843200,6.126,6.281,6.119,6.262,135594.780417
1720857600,6.262,6.288,6.199,6.224,89527.742206
1720872000,6.232,6.275,6.178,6.27,51769.399972
1720886400,6.27,6.303,6.235,6.302,39359.123619
1720900800,6.299,6.302,6.191,6.233,49690.014199
1720915200,6.233,6.269,6.161,6.188,81323.116875
1720929600,6.189,6.251,6.175,6.226,104757.644528
1720944000,6.226,6.325,6.226,6.243,93133.823843
1720958400,6.241,6.291,6.183,6.287,70896.051683
1720972800,6.289,6.29,6.216,6.233,124158.899349
1720987200,6.232,6.357,6.23,6.32,120515.603352
1721001600,6.319,6.517,6.31,6.512,267122.620546
1721016000,6.514,6.537,6.456,6.502,231694.562176
1721030400,6.503,6.514,6.311,6.322,456905.927252
1721044800,6.322,6.387,6.296,6.326,302779.850042
1721059200,6.322,6.426,6.301,6.392,184955.190342
1721073600,6.392,6.507,6.388,6.487,240803.931307
1721088000,6.487,6.514,6.428,6.476,183360.738594
1721102400,6.477,6.486,6.191,6.214,274488.415495
1721116800,6.211,6.29,6.127,6.276,187436.187974
1721131200,6.276,6.482,6.228,6.46,249232.760806
1721145600,6.461,6.481,6.356,6.383,153341.338985
1721160000,6.383,6.397,6.298,6.334,158273.588364
1721174400,6.337,6.479,6.333,6.416,156249.055431
1721188800,6.418,6.5,6.415,6.47,134849.970229
1721203200,6.469,6.509,6.393,6.435,181661.327157
1721217600,6.433,6.533,6.376,6.382,230073.603127
1721232000,6.381,6.398,6.283,6.37,222703.279705
1721246400,6.374,6.385,6.245,6.255,99964.087302
1721260800,6.255,6.406,6.255,6.369,152607.460769
1721275200,6.367,6.395,6.27,6.273,148041.192284
1721289600,6.276,6.286,6.124,6.194,335877.130698
1721304000,6.192,6.278,6.077,6.086,333116.817736
1721318400,6.083,6.144,6.018,6.089,131250.158257
1721332800,6.091,6.128,6.057,6.093,93683.664091
1721347200,6.093,6.136,5.982,6.136,160985.829308
1721361600,6.135,6.249,6.065,6.096,376857.992167
1721376000,6.09,6.142,6.053,6.12,115768.490313
1721390400,6.123,6.255,6.106,6.245,180784.433516
1721404800,6.245,6.321,6.242,6.321,126580.86742
1721419200,6.322,6.349,6.309,6.336,63665.588253
1721433600,6.338,6.37,6.291,6.327,203127.179788
1721448000,6.327,6.363,6.313,6.321,66583.756775
1721462400,6.319,6.341,6.259,6.261,61770.001092
1721476800,6.261,6.345,6.223,6.329,140013.854227
1721491200,6.329,6.395,6.309,6.328,135357.569517
1721505600,6.328,6.348,6.305,6.333,50915.896615
1721520000,6.332,6.374,6.325,6.345,62422.303533
1721534400,6.341,6.349,6.233,6.259,121802.068803
1721548800,6.257,6.303,6.253,6.27,67690.013684
1721563200,6.269,6.335,6.211,6.289,129848.722815
1721577600,6.289,6.341,6.102,6.269,198479.975975
1721592000,6.267,6.449,6.263,6.432,123988.773696
1721606400,6.432,6.474,6.364,6.37,153482.664837
1721620800,6.37,6.374,6.219,6.249,119721.197299
1721635200,6.25,6.319,6.209,6.315,106844.229061
1721649600,6.312,6.352,6.203,6.224,130367.597554
1721664000,6.223,6.232,6.167,6.227,126540.283593
1721678400,6.232,6.238,6.081,6.098,141450.44784
1721692800,6.097,6.165,6.084,6.123,62065.561032
1721707200,6.121,6.134,5.981,6.0,174219.199938
1721721600,6.001,6.139,5.995,6.049,135849.591983
1721736000,6.05,6.059,5.936,5.946,308451.761417
1721750400,5.945,5.95,5.802,5.935,336287.202913
1721764800,5.938,5.959,5.897,5.918,92742.566282
1721779200,5.917,5.951,5.877,5.944,86208.542068
1721793600,5.945,5.97,5.894,5.964,51013.397464
1721808000,5.963,5.996,5.947,5.991,59388.790677
1721822400,5.987,5.993,5.892,5.897,135562.926513
1721836800,5.897,5.929,5.822,5.83,136566.673211
1721851200,5.834,5.85,5.65,5.748,247316.436114
1721865600,5.748,5.778,5.561,5.637,361605.449894
1721880000,5.639,5.714,5.612,5.7,123043.699919
1721894400,5.701,5.769,5.678,5.718,158048.94247
1721908800,5.717,5.752,5.636,5.674,166365.276212
1721923200,5.674,5.761,5.595,5.643,131760.537279
1721937600,5.649,5.76,5.542,5.758,106455.357311
1721952000,5.755,5.835,5.729,5.798,145843.466775
1721966400,5.799,5.873,5.788,5.864,147359.595522
1721980800,5.862,5.892,5.824,5.825,149278.070399
1721995200,5.825,5.871,5.771,5.821,158754.165306
1722009600,5.819,5.871,5.81,5.856,70650.212562
1722024000,5.856,5.873,5.825,5.869,62077.685604
1722038400,5.868,5.87,5.814,5.829,46793.173734
1722052800,5.828,5.901,5.825,5.875,39916.850526
1722067200,5.874,5.888,5.848,5.877,30449.476376
1722081600,5.876,5.943,5.799,5.837,159060.094509
1722096000,5.834,5.867,5.772,5.837,91063.076953
1722110400,5.835,5.892,5.714,5.825,228195.274711
1722124800,5.822,5.843,5.77,5.79,38404.309838
1722139200,5.79,5.791,5.687,5.751,200654.056904
1722153600,5.752,5.773,5.732,5.739,71872.068756
1722168000,5.741,5.764,5.699,5.709,52399.489879
1722182400,5.71,5.759,5.673,5.747,143718.982611
1722196800,5.751,5.757,5.684,5.724,56953.248721
1722211200,5.72,5.868,5.72,5.827,125883.927385
1722225600,5.832,5.866,5.809,5.86,133428.122669
1722240000,5.857,5.878,5.816,5.817,75951.495957
1722254400,5.816,5.852,5.68,5.72,413726.392016
1722268800,5.719,5.73,5.655,5.7,146520.63183
1722283200,5.702,5.709,5.625,5.655,55176.505022
1722297600,5.651,5.715,5.61,5.689,80771.690035
1722312000,5.69,5.725,5.657,5.7,41990.820731
1722326400,5.699,5.705,5.662,5.691,73566.132107
1722340800,5.691,5.709,5.624,5.648,95626.845332
1722355200,5.647,5.67,5.499,5.558,287727.357316
1722369600,5.561,5.569,5.481,5.52,127823.193426
1722384000,5.518,5.532,5.472,5.517,155718.661698
1722398400,5.516,5.555,5.456,5.527,183663.330783
1722412800,5.527,5.552,5.512,5.545,57490.483579
1722427200,5.545,5.559,5.458,5.46,179156.902918
1722441600,5.461,5.522,5.391,5.442,238496.239876
1722456000,5.44,5.442,5.336,5.389,93478.42016
1722470400,5.389,5.422,5.35,5.362,149815.732587
1722484800,5.361,5.379,5.262,5.358,171373.83037
1722499200,5.361,5.381,5.336,5.367,101286.539422
1722513600,5.366,5.385,5.131,5.161,319111.313715
1722528000,5.164,5.214,5.026,5.203,319496.847404
1722542400,5.2,5.368,5.173,5.345,110682.648358
1722556800,5.339,5.369,5.224,5.282,92071.365126
1722571200,5.282,5.288,5.153,5.243,75688.670036
1722585600,5.244,5.28,5.185,5.235,155245.833639
1722600000,5.236,5.287,5.0,5.123,347692.886241
1722614400,5.12,5.135,5.065,5.108,133604.806239
1722628800,5.111,5.152,5.05,5.126,86824.361832
1722643200,5.121,5.153,4.999,5.135,176557.788017
1722657600,5.136,5.208,5.122,5.183,109883.916465
1722672000,5.18,5.184,5.144,5.163,83865.343883
1722686400,5.163,5.203,5.05,5.058,91568.737368
1722700800,5.052,5.073,4.857,4.887,297285.00679
1722715200,4.888,5.066,4.869,5.043,206830.594627
1722729600,5.043,5.097,5.022,5.068,129141.601521
1722744000,5.069,5.078,4.95,4.958,118596.422713
1722758400,4.956,4.999,4.9,4.904,158108.805155
1722772800,4.902,4.909,4.716,4.719,362509.295485
1722787200,4.72,4.789,4.533,4.768,535973.553866
1722801600,4.764,4.828,4.673,4.687,165835.297797
1722816000,4.688,4.724,3.925,4.012,2523658.459669
1722830400,4.013,4.053,3.587,4.016,2391240.01309
1722844800,4.017,4.02,3.722,3.89,712699.223934
1722859200,3.888,4.253,3.783,4.236,938644.566012
1722873600,4.237,4.29,4.072,4.125,373917.940315
1722888000,4.125,4.284,4.121,4.197,243859.65534
1722902400,4.199,4.422,4.191,4.343,256810.45301
1722916800,4.346,4.455,4.329,4.438,221550.097831
1722931200,4.435,4.439,4.31,4.346,196465.927645
1722945600,4.342,4.493,4.271,4.489,499892.970155
1722960000,4.491,4.601,4.473,4.549,292408.566264
1722974400,4.549,4.585,4.482,4.51,171951.696757
1722988800,4.511,4.634,4.48,4.546,229455.384798
1723003200,4.542,4.597,4.531,4.568,211854.483887
1723017600,4.57,4.624,4.536,4.544,380219.342066
1723032000,4.544,4.645,4.404,4.511,532006.920307
1723046400,4.51,4.613,4.471,4.582,308609.424985
1723060800,4.582,4.617,4.489,4.579,313300.258047
1723075200,4.579,4.824,4.476,4.735,309293.925713
1723089600,4.735,4.781,4.707,4.719,192435.418485
1723104000,4.719,4.745,4.611,4.615,273840.627972
1723118400,4.615,4.773,4.577,4.75,349444.356988
1723132800,4.749,4.789,4.721,4.76,169217.000293
1723147200,4.763,4.905,4.742,4.883,331184.484596
1723161600,4.882,4.926,4.824,4.831,154591.82769
1723176000,4.831,4.832,4.763,4.816,124965.913865
1723190400,4.817,4.839,4.748,4.786,112129.524343
1723204800,4.786,4.845,4.732,4.76,208748.541807
1723219200,4.761,4.841,4.751,4.799,89159.464304
1723233600,4.799,4.814,4.75,4.785,57473.648824
1723248000,4.785,4.832,4.735,4.745,81326.387758
1723262400,4.748,4.776,4.731,4.771,22175.501031
1723276800,4.774,4.782,4.732,4.768,57017.360742
1723291200,4.77,4.778,4.735,4.748,32193.69929
1723305600,4.749,4.764,4.726,4.752,57330.476532
1723320000,4.752,4.78,4.747,4.753,33460.77891
1723334400,4.754,4.815,4.747,4.783,48016.004019
1723348800,4.783,4.788,4.751,4.788,21614.430712
1723363200,4.789,4.829,4.704,4.715,59841.404296
1723377600,4.713,4.723,4.599,4.621,84627.315661
1723392000,4.621,4.646,4.564,4.57,71280.791911
1723406400,4.565,4.566,4.466,4.497,74772.817003
1723420800,4.498,4.56,4.496,4.526,69581.464497
1723435200,4.526,4.555,4.45,4.539,43960.613916
1723449600,4.54,4.659,4.501,4.648,117666.523399
1723464000,4.649,4.682,4.463,4.643,195785.613024
1723478400,4.644,4.661,4.499,4.538,52282.390573
1723492800,4.539,4.609,4.493,4.59,86134.764629
1723507200,4.586,4.616,4.511,4.518,97537.580021
1723521600,4.518,4.543,4.495,4.502,63009.535939
1723536000,4.501,4.516,4.398,4.45,104216.846886
1723550400,4.452,4.527,4.444,4.508,91175.996517
1723564800,4.508,4.613,4.504,4.557,132085.571005
1723579200,4.553,4.567,4.531,4.547,47812.272709
1723593600,4.547,4.553,4.496,4.524,64067.537824
1723608000,4.524,4.535,4.485,4.51,53729.203757
1723622400,4.51,4.549,4.495,4.51,76072.798296
1723636800,4.507,4.554,4.374,4.443,218044.246925
1723651200,4.441,4.441,4.351,4.382,130080.890108
1723665600,4.381,4.407,4.359,4.384,52307.351203
1723680000,4.382,4.408,4.365,4.396,60789.424256
1723694400,4.397,4.419,4.365,4.402,82095.653435
1723708800,4.4,4.425,4.376,4.424,72108.067299
1723723200,4.423,4.482,4.419,4.452,153497.77326
1723737600,4.453,4.47,4.252,4.275,189584.609638
1723752000,4.273,4.306,4.228,4.278,98959.81305
1723766400,4.278,4.315,4.243,4.28,53877.023309
1723780800,4.28,4.386,4.275,4.369,65596.534648
1723795200,4.371,4.375,4.304,4.31,62495.716287
1723809600,4.312,4.332,4.213,4.255,199975.239461
1723824000,4.252,4.341,4.24,4.334,129719.243714
1723838400,4.332,4.358,4.284,4.291,75993.86957
1723852800,4.291,4.32,4.275,4.288,23248.105505
1723867200,4.289,4.318,4.279,4.308,16879.489258
1723881600,4.31,4.327,4.296,4.307,31898.69351
1723896000,4.308,4.359,4.304,4.328,41904.311611
1723910400,4.326,4.368,4.323,4.36,20270.814999
1723924800,4.361,4.385,4.346,4.369,18135.963882
1723939200,4.367,4.4,4.352,4.36,109025.968335
1723953600,4.359,4.384,4.347,4.375,25618.72814
1723968000,4.373,4.431,4.354,4.43,60868.605574
1723982400,4.429,4.465,4.399,4.429,60649.347305
1723996800,4.429,4.526,4.377,4.505,124449.824437
1724011200,4.504,4.516,4.383,4.389,224730.974346
1724025600,4.388,4.427,4.346,4.411,231278.314681
1724040000,4.408,4.43,4.378,4.412,134551.160918
1724054400,4.412,4.428,4.358,4.424,221560.258475
1724068800,4.423,4.503,4.419,4.45,226020.523512
1724083200,4.45,4.492,4.397,4.487,85617.918708
1724097600,4.485,4.494,4.455,4.481,20383.028419
1724112000,4.48,4.6,4.469,4.566,107685.158926
1724126400,4.575,4.591,4.556,4.577,92855.546291
1724140800,4.582,4.582,4.523,4.528,52820.501764
1724155200,4.529,4.572,4.456,4.5,128448.984637
1724169600,4.497,4.561,4.477,4.552,25673.039147
1724184000,4.555,4.576,4.517,4.523,24662.180151
1724198400,4.523,4.573,4.497,4.56,46361.6796
1724212800,4.56,4.616,4.56,4.589,68549.925605
1724227200,4.59,4.594,4.531,4.54,79444.350566
1724241600,4.535,4.598,4.494,4.552,101236.140238
1724256000,4.551,4.727,4.534,4.727,147824.178689
1724270400,4.727,4.748,4.647,4.664,157143.376263
1724284800,4.666,4.673,4.596,4.654,146700.098681
1724299200,4.655,4.678,4.65,4.664,175918.262184
1724313600,4.667,4.696,4.645,4.692,41285.17287
1724328000,4.69,4.713,4.621,4.633,112301.576063
1724342400,4.633,4.655,4.608,4.61,68035.593967
1724356800,4.613,4.709,4.613,4.692,119889.595085
1724371200,4.69,4.765,4.684,4.717,162683.826654
1724385600,4.718,4.763,4.704,4.755,131775.631395
1724400000,4.755,4.782,4.704,4.722,234081.618602
1724414400,4.721,4.823,4.686,4.79,148646.575029
1724428800,4.79,4.896,4.771,4.863,305234.152483
1724443200,4.867,4.955,4.864,4.891,208311.855721
1724457600,4.894,4.918,4.855,4.865,94353.12181
1724472000,4.865,4.88,4.847,4.874,58631.384359
1724486400,4.875,4.981,4.871,4.925,125160.025724
1724500800,4.927,4.979,4.91,4.959,147444.112618
1724515200,4.956,5.102,4.954,5.067,320612.121351
1724529600,5.067,5.073,4.914,4.981,140624.322465
1724544000,4.98,4.995,4.846,4.899,83216.32555
1724558400,4.899,4.905,4.748,4.773,76136.593097
1724572800,4.773,4.833,4.746,4.802,63754.24127
1724587200,4.803,4.895,4.792,4.865,132753.057015
1724601600,4.864,4.895,4.81,4.825,67834.506176
1724616000,4.828,4.894,4.81,4.819,60708.20102
1724630400,4.821,4.864,4.756,4.819,51095.467893
1724644800,4.819,4.826,4.72,4.723,55737.919195
1724659200,4.721,4.766,4.694,4.721,92092.853105
1724673600,4.721,4.728,4.625,4.659,105556.287235
1724688000,4.657,4.672,4.542,4.557,121848.973272
1724702400,4.558,4.596,4.532,4.56,77766.278209
1724716800,4.56,4.64,4.559,4.611,303466.953963
1724731200,4.612,4.674,4.601,4.618,177443.210717
1724745600,4.618,4.64,4.5,4.525,94087.544226
1724760000,4.526,4.569,4.497,4.525,86957.031372
1724774400,4.527,4.582,4.502,4.546,123467.267549
1724788800,4.549,4.549,4.24,4.384,325003.031924
1724803200,4.378,4.378,4.318,4.357,112440.683509
1724817600,4.353,4.381,4.301,4.301,112189.635852
1724832000,4.302,4.453,4.277,4.383,209334.712928
1724846400,4.384,4.418,4.276,4.307,160825.185892
1724860800,4.303,4.335,4.166,4.268,105196.724117
1724875200,4.271,4.344,4.215,4.255,80269.867937
1724889600,4.257,4.296,4.247,4.282,52700.759531
1724904000,4.282,4.325,4.264,4.306,36196.329952
1724918400,4.306,4.345,4.278,4.312,56858.303993
1724932800,4.311,4.403,4.305,4.389,73491.47411
1724947200,4.389,4.39,4.192,4.221,104967.472022
1724961600,4.218,4.253,4.179,4.252,52949.214685
1724976000,4.252,4.28,4.221,4.255,130966.679142
1724990400,4.25,4.334,4.244,4.299,51468.491138
1725004800,4.305,4.331,4.275,4.275,33450.007546
1725019200,4.274,4.315,4.103,4.12,160611.210299
1725033600,4.119,4.277,4.105,4.23,71357.842641
1725048000,4.227,4.291,4.226,4.278,26830.675409
1725062400,4.277,4.312,4.276,4.294,29258.213927
1725076800,4.295,4.318,4.288,4.288,27485.844471
1725091200,4.287,4.299,4.259,4.284,20652.487957
1725105600,4.283,4.287,4.252,4.27,25895.396721
1725120000,4.272,4.276,4.219,4.242,23451.845899
1725134400,4.239,4.273,4.227,4.259,13836.223112
1725148800,4.256,4.259,4.187,4.221,31554.939199
1725163200,4.222,4.226,4.143,4.196,66934.308656
1725177600,4.205,4.206,4.158,4.193,23600.165241
1725192000,4.194,4.2,4.108,4.186,81012.81252
1725206400,4.184,4.222,4.102,4.197,243820.237178
1725220800,4.198,4.218,4.034,4.074,106247.107447
1725235200,4.071,4.126,4.069,4.115,63819.109772
1725249600,4.116,4.133,4.049,4.073,31942.592282
1725264000,4.074,4.21,4.074,4.188,61276.808229
1725278400,4.189,4.203,4.123,4.156,59926.516007
1725292800,4.157,4.18,4.135,4.168,133731.934723
1725307200,4.167,4.24,4.166,4.21,126428.428315
1725321600,4.212,4.282,4.204,4.259,155558.666942
1725336000,4.262,4.271,4.236,4.266,78735.893455
1725350400,4.268,4.276,4.227,4.263,48093.767022
1725364800,4.263,4.285,4.098,4.108,181483.433061
1725379200,4.106,4.156,4.097,4.107,45346.4127
1725393600,4.107,4.138,4.057,4.057,50350.021577
1725408000,4.064,4.098,3.869,4.037,209895.727644
1725422400,4.038,4.091,4.034,4.084,216391.00664
1725436800,4.085,4.089,4.015,4.015,38854.948901
1725451200,4.017,4.164,4.006,4.161,247536.282922
1725465600,4.16,4.198,4.099,4.127,160340.23986
1725480000,4.131,4.182,4.1,4.112,159951.144727
1725494400,4.112,4.128,4.01,4.017,52787.146877
1725508800,4.016,4.077,4.001,4.07,74853.186428
1725523200,4.069,4.087,4.041,4.045,43990.293941
1725537600,4.043,4.086,3.973,3.999,97742.433341
1725552000,4.0,4.045,3.978,4.014,70428.82818
1725566400,4.019,4.049,3.994,4.023,28648.391255
1725580800,4.023,4.081,4.01,4.066,58850.858182
1725595200,4.067,4.074,3.949,3.999,89839.118473
1725609600,4.001,4.037,3.974,4.017,90461.984855
1725624000,4.019,4.096,3.943,4.011,211317.652061
1725638400,4.009,4.009,3.912,3.93,126264.293511
1725652800,3.925,3.964,3.819,3.958,123283.527758
1725667200,3.96,3.991,3.935,3.976,86398.819123
1725681600,3.979,4.054,3.975,4.041,43608.748236
1725696000,4.038,4.062,4.038,4.061,62063.641893
1725710400,4.063,4.131,4.054,4.12,66975.074096
1725724800,4.121,4.134,4.078,4.115,119800.814378
1725739200,4.115,4.117,4.049,4.079,35746.17728
1725753600,4.078,4.116,4.058,4.11,33519.324285
1725768000,4.114,4.142,4.106,4.133,23648.086947
1725782400,4.139,4.2,4.12,4.188,26297.952467
1725796800,4.191,4.196,4.113,4.116,85422.170338
1725811200,4.12,4.162,4.092,4.127,39794.033134
1725825600,4.126,4.208,4.119,4.163,64445.857347
1725840000,4.164,4.184,4.119,4.14,72607.772815
1725854400,4.142,4.196,4.114,4.193,52562.731894
1725868800,4.192,4.208,4.171,4.173,86884.598285
1725883200,4.171,4.209,4.16,4.196,74169.728186
1725897600,4.197,4.322,4.197,4.322,96166.712064
1725912000,4.321,4.34,4.279,4.286,67209.705294
1725926400,4.287,4.288,4.235,4.237,34804.131759
1725940800,4.237,4.269,4.228,4.258,33727.160137
1725955200,4.262,4.266,4.204,4.242,38352.192892
1725969600,4.242,4.25,4.201,4.201,49072.817599
1725984000,4.2,4.271,4.198,4.257,44205.903416
1725998400,4.255,4.265,4.234,4.251,47303.075427
1726012800,4.251,4.256,4.175,4.181,73242.958094
1726027200,4.18,4.18,4.114,4.15,58640.462749
1726041600,4.15,4.16,4.107,4.15,81422.75573
1726056000,4.145,4.19,4.06,4.125,158282.463042
1726070400,4.12,4.191,4.12,4.161,59319.156065
1726084800,4.161,4.197,4.156,4.192,51593.539425
1726099200,4.192,4.262,4.192,4.24,85170.081769
1726113600,4.24,4.263,4.198,4.212,58997.208805
1726128000,4.208,4.228,4.207,4.222,30707.606562
1726142400,4.223,4.279,4.195,4.218,185723.5515
1726156800,4.217,4.296,4.217,4.291,50287.864519
1726171200,4.29,4.3,4.268,4.295,25656.991843
1726185600,4.294,4.309,4.276,4.291,52117.880727
1726200000,4.291,4.313,4.283,4.302,63333.273716
1726214400,4.3,4.341,4.296,4.303,117351.024988
1726228800,4.302,4.426,4.238,4.423,239133.711672
1726243200,4.419,4.467,4.402,4.424,113923.684456
1726257600,4.425,4.472,4.414,4.424,278917.170526
1726272000,4.42,4.44,4.401,4.427,142201.200998
1726286400,4.425,4.435,4.378,4.395,96415.058039
1726300800,4.392,4.404,4.349,4.365,104360.029881
1726315200,4.361,4.41,4.356,4.403,48644.187862
1726329600,4.401,4.422,4.375,4.413,63636.414543
1726344000,4.41,4.446,4.404,4.437,47020.723804
1726358400,4.437,4.518,4.437,4.499,182769.673493
1726372800,4.499,4.526,4.468,4.515,109403.541003
1726387200,4.515,4.539,4.481,4.495,111969.042346
1726401600,4.491,4.556,4.478,4.539,178428.961938
1726416000,4.544,4.551,4.461,4.474,93365.329653
1726430400,4.472,4.477,4.355,4.394,95041.874053
1726444800,4.392,4.392,4.238,4.285,156372.684306
1726459200,4.28,4.35,4.28,4.345,54899.03244
1726473600,4.344,4.364,4.285,4.314,42985.384872
1726488000,4.31,4.319,4.218,4.236,83908.030819
1726502400,4.237,4.245,4.183,4.221,95007.851001
1726516800,4.218,4.228,4.15,4.196,104028.3617
1726531200,4.194,4.205,4.137,4.176,104061.642424
1726545600,4.176,4.227,4.164,4.204,63657.728969
1726560000,4.202,4.219,4.158,4.174,100052.454141
1726574400,4.171,4.289,4.161,4.255,315546.644437
1726588800,4.252,4.255,4.13,4.161,222855.952532
1726603200,4.162,4.177,4.143,4.158,85544.687061
1726617600,4.158,4.177,4.112,4.164,120645.312272
1726632000,4.163,4.17,4.122,4.131,107299.226059
1726646400,4.13,4.134,4.028,4.063,148390.670532
1726660800,4.06,4.081,3.979,3.993,190131.517791
1726675200,3.99,4.123,3.973,4.057,548867.829284
1726689600,4.058,4.178,4.032,4.178,136424.354558
1726704000,4.178,4.266,4.177,4.226,206486.557589
1726718400,4.227,4.24,4.209,4.24,120089.113859
1726732800,4.239,4.242,4.179,4.216,109884.591458
1726747200,4.217,4.297,4.2,4.279,312748.208719
1726761600,4.278,4.35,4.269,4.3,262495.715833
1726776000,4.301,4.308,4.233,4.253,112400.442946
1726790400,4.254,4.333,4.191,4.333,149966.8636
1726804800,4.332,4.401,4.329,4.393,247253.529541
1726819200,4.393,4.395,4.314,4.328,117044.060317
1726833600,4.327,4.343,4.262,4.31,230532.729041
1726848000,4.311,4.314,4.238,4.28,83883.978522
1726862400,4.282,4.341,4.28,4.34,47498.361914
1726876800,4.34,4.367,4.313,4.327,119400.670289
1726891200,4.327,4.344,4.284,4.343,63273.109434
1726905600,4.344,4.349,4.307,4.333,71272.029252
1726920000,4.334,4.433,4.334,4.425,168383.805516
1726934400,4.424,4.453,4.405,4.42,92393.543131
1726948800,4.422,4.478,4.411,4.462,108634.846562
1726963200,4.462,4.484,4.389,4.407,141665.43641
1726977600,4.407,4.425,4.359,4.375,124128.044526
1726992000,4.377,4.408,4.325,4.348,69703.138204
1727006400,4.349,4.374,4.306,4.324,67166.750402
1727020800,4.323,4.353,4.281,4.339,61260.635108
1727035200,4.341,4.357,4.235,4.312,84657.547666
1727049600,4.311,4.442,4.233,4.4,186075.81808
1727064000,4.4,4.415,4.346,4.364,126480.646103
1727078400,4.364,4.383,4.335,4.367,193314.945407
1727092800,4.371,4.451,4.346,4.419,117263.56513
1727107200,4.418,4.437,4.37,4.411,99069.52173
1727121600,4.413,4.461,4.397,4.456,121236.025165
1727136000,4.457,4.494,4.4,4.491,217469.43988
1727150400,4.492,4.539,4.451,4.528,133888.494823
1727164800,4.527,4.597,4.513,4.589,89054.247999
1727179200,4.59,4.61,4.485,4.496,296015.027243
1727193600,4.498,4.597,4.498,4.591,69318.525984
1727208000,4.59,4.684,4.572,4.634,274584.679155
1727222400,4.636,4.683,4.621,4.674,231530.841974
1727236800,4.676,4.687,4.59,4.604,83823.060603
1727251200,4.604,4.678,4.603,4.675,89606.285694
1727265600,4.675,4.751,4.654,4.7,158593.996911
1727280000,4.7,4.772,4.698,4.708,149192.521942
1727294400,4.71,4.733,4.622,4.635,135216.038825
1727308800,4.637,4.674,4.565,4.662,144484.076347
1727323200,4.663,4.812,4.66,4.807,174459.295743
1727337600,4.809,4.815,4.759,4.765,152980.899743
1727352000,4.766,4.852,4.754,4.837,242897.058522
1727366400,4.838,4.876,4.78,4.78,84425.529806
1727380800,4.78,4.82,4.758,4.817,74547.253356
1727395200,4.815,4.932,4.809,4.93,120201.958202
1727409600,4.931,4.963,4.878,4.885,89310.903379
1727424000,4.887,4.917,4.85,4.883,88289.456119
1727438400,4.882,4.938,4.876,4.9,167823.700463
1727452800,4.898,4.942,4.862,4.864,174283.26157
1727467200,4.865,4.911,4.853,4.884,152575.1315
1727481600,4.884,4.94,4.87,4.896,253559.819118
1727496000,4.895,4.919,4.809,4.823,105475.75487
1727510400,4.821,4.849,4.752,4.822,190024.317152
1727524800,4.823,4.838,4.774,4.804,127328.015944
1727539200,4.801,4.818,4.779,4.809,49344.652965
1727553600,4.808,4.822,4.746,4.795,52894.769629
1727568000,4.796,4.831,4.773,4.816,142406.067106
1727582400,4.815,4.815,4.708,4.71,170593.111498
1727596800,4.711,4.746,4.692,4.737,99169.362558
1727611200,4.74,4.781,4.683,4.781,216086.850268
1727625600,4.781,4.836,4.758,4.836,70448.136778
1727640000,4.837,4.859,4.742,4.767,180030.140259
1727654400,4.766,4.77,4.635,4.691,288136.348131
1727668800,4.69,4.732,4.65,4.714,133382.864104
1727683200,4.711,4.711,4.583,4.63,166815.604003
1727697600,4.63,4.649,4.513,4.513,320008.586631
1727712000,4.517,4.562,4.5,4.515,82527.113006
1727726400,4.52,4.552,4.399,4.433,208269.92984
1727740800,4.432,4.539,4.394,4.53,171727.714984
1727755200,4.529,4.561,4.515,4.536,140485.830764
1727769600,4.537,4.542,4.507,4.508,74496.112784
1727784000,4.508,4.519,4.191,4.294,683453.875141
1727798400,4.293,4.313,4.05,4.167,624484.53784
1727812800,4.167,4.2,4.1,4.157,197380.350204
1727827200,4.154,4.246,4.128,4.23,217119.107324
1727841600,4.229,4.27,4.186,4.251,179250.957744
1727856000,4.249,4.26,4.124,4.151,139581.642051
1727870400,4.148,4.18,4.093,4.158,336176.691593
1727884800,4.157,4.2,4.005,4.063,213518.163329
1727899200,4.062,4.129,4.047,4.104,90239.361816
1727913600,4.101,4.17,4.065,4.17,67794.637189
1727928000,4.168,4.173,4.081,4.083,66076.174041
1727942400,4.083,4.097,4.002,4.042,123910.115519
1727956800,4.041,4.091,3.991,4.058,196836.101568
1727971200,4.058,4.123,4.005,4.123,109422.834948
1727985600,4.121,4.135,4.09,4.131,41174.021537
1728000000,4.131,4.165,4.108,4.123,102718.882318
1728014400,4.122,4.17,4.119,4.146,84624.593202
1728028800,4.147,4.172,4.133,4.168,72107.588916
1728043200,4.167,4.195,4.118,4.174,179154.402263
1728057600,4.176,4.211,4.16,4.185,100628.811448
1728072000,4.186,4.212,4.164,4.193,67635.211497
1728086400,4.194,4.234,4.153,4.16,61741.964622
1728100800,4.161,4.21,4.153,4.181,75874.659519
1728115200,4.181,4.208,4.181,4.199,52715.910445
1728129600,4.201,4.212,4.161,4.176,93790.803453
1728144000,4.176,4.176,4.122,4.128,93209.913556
1728158400,4.129,4.145,4.078,4.139,107166.320522
1728172800,4.139,4.165,4.121,4.124,44616.015888
1728187200,4.123,4.144,4.099,4.136,36291.832168
1728201600,4.135,4.149,4.121,4.143,27129.288737
1728216000,4.147,4.195,4.133,4.18,173706.816775
1728230400,4.181,4.193,4.154,4.159,47804.203387
1728244800,4.158,4.196,4.148,4.192,30878.620859
1728259200,4.19,4.271,4.173,4.256,248753.720302
1728273600,4.256,4.27,4.219,4.245,109812.01735
1728288000,4.245,4.257,4.131,4.186,140016.48915
1728302400,4.182,4.256,4.16,4.201,133130.757597
1728316800,4.203,4.246,4.147,4.205,167519.708697
1728331200,4.206,4.232,4.127,4.129,184120.588707
1728345600,4.13,4.182,4.116,4.174,149001.968244
1728360000,4.175,4.184,4.091,4.12,90658.205259
1728374400,4.119,4.163,4.106,4.156,66470.456055
1728388800,4.155,4.174,4.045,4.113,397691.768834
1728403200,4.112,4.143,4.079,4.098,165962.401132
1728417600,4.101,4.133,4.075,4.104,54703.843012
1728432000,4.103,4.144,4.091,4.115,71289.246814
1728446400,4.115,4.149,4.103,4.113,98264.169689
1728460800,4.112,4.121,4.089,4.1,93491.893566
1728475200,4.099,4.109,4.033,4.102,230725.855651
1728489600,4.1,4.103,4.033,4.052,78732.76541
1728504000,4.044,4.048,3.952,4.025,182614.479536
1728518400,4.026,4.068,3.999,4.061,131017.880818
1728532800,4.06,4.078,4.04,4.041,50459.8213
1728547200,4.04,4.072,3.991,4.071,135360.339438
1728561600,4.069,4.075,4.003,4.056,206447.280561
1728576000,4.056,4.059,3.965,4.034,186879.677434
1728590400,4.03,4.076,4.024,4.074,65642.221001
1728604800,4.072,4.114,4.054,4.102,59771.515757
1728619200,4.103,4.115,4.074,4.104,46690.227507
1728633600,4.104,4.133,4.091,4.127,86282.122625
1728648000,4.127,4.171,4.123,4.169,251766.139423
1728662400,4.17,4.195,4.149,4.177,135884.609777
1728676800,4.179,4.192,4.158,4.17,44431.853942
1728691200,4.171,4.202,4.152,4.166,57758.981646
1728705600,4.167,4.21,4.165,4.204,42597.077625
1728720000,4.206,4.25,4.204,4.239,89939.675373
1728734400,4.242,4.262,4.222,4.23,99361.669109
1728748800,4.234,4.252,4.189,4.205,41815.390159
1728763200,4.203,4.222,4.192,4.204,34247.732935
1728777600,4.205,4.215,4.157,4.158,56417.044761
1728792000,4.161,4.203,4.161,4.188,37749.648184
1728806400,4.191,4.2,4.158,4.159,51409.851193
1728820800,4.16,4.186,4.087,4.108,125067.220475
1728835200,4.105,4.15,4.096,4.127,86020.844777
1728849600,4.125,4.172,4.119,4.161,28716.113963
1728864000,4.164,4.258,4.134,4.256,122384.733966
1728878400,4.259,4.282,4.216,4.271,186255.550127
1728892800,4.272,4.295,4.246,4.279,113808.872763
1728907200,4.282,4.357,4.272,4.343,155405.413993
1728921600,4.343,4.375,4.326,4.351,155544.332312
1728936000,4.353,4.4,4.346,4.376,179776.820588
1728950400,4.379,4.427,4.365,4.374,78869.153364
1728964800,4.376,4.431,4.367,4.421,109406.606652
1728979200,4.424,4.535,4.365,4.381,221317.646701
1728993600,4.381,4.525,4.29,4.363,353320.610797
1729008000,4.369,4.447,4.363,4.387,115264.253335
1729022400,4.386,4.409,4.312,4.407,151891.261456
1729036800,4.407,4.41,4.359,4.375,79594.240232
1729051200,4.376,4.387,4.302,4.311,74118.87263
1729065600,4.313,4.386,4.307,4.365,180318.056977
1729080000,4.366,4.38,4.296,4.32,225973.329193
1729094400,4.321,4.334,4.287,4.313,120073.323956
1729108800,4.31,4.351,4.309,4.317,35784.703591
1729123200,4.314,4.351,4.305,4.332,98375.446431
1729137600,4.33,4.332,4.229,4.247,124423.172641
1729152000,4.246,4.258,4.182,4.19,112363.666245
1729166400,4.188,4.255,4.185,4.241,93903.11779
1729180800,4.238,4.238,4.146,4.179,165629.94799
1729195200,4.179,4.202,4.174,4.193,79165.35028
1729209600,4.194,4.25,4.174,4.213,90771.213037
1729224000,4.214,4.266,4.213,4.265,62164.540348
1729238400,4.266,4.271,4.212,4.212,49337.871252
1729252800,4.215,4.267,4.2,4.263,102493.607611
1729267200,4.262,4.297,4.236,4.276,93873.719355
1729281600,4.277,4.31,4.248,4.31,45265.475652
1729296000,4.311,4.481,4.309,4.399,191153.586681
1729310400,4.4,4.413,4.371,4.375,99702.874947
1729324800,4.376,4.394,4.327,4.33,78934.050522
1729339200,4.33,4.411,4.33,4.407,204288.861798
1729353600,4.406,4.433,4.386,4.407,92035.119698
1729368000,4.407,4.441,4.406,4.431,53558.001523
1729382400,4.432,4.441,4.358,4.384,68361.682628
1729396800,4.383,4.432,4.377,4.408,68989.424028
1729411200,4.407,4.426,4.389,4.418,110296.956678
1729425600,4.421,4.558,4.409,4.549,314553.127505
1729440000,4.55,4.586,4.518,4.529,151214.517973
1729454400,4.533,4.594,4.527,4.579,195729.405901
1729468800,4.579,4.614,4.512,4.535,314328.117303
1729483200,4.539,4.577,4.504,4.508,181926.814709
1729497600,4.509,4.53,4.456,4.472,100736.713848
1729512000,4.472,4.489,4.355,4.376,212199.242212
1729526400,4.377,4.401,4.333,4.398,132961.080075
1729540800,4.397,4.409,4.376,4.376,54182.271716
1729555200,4.378,4.429,4.325,4.404,179477.220385
1729569600,4.403,4.436,4.392,4.393,86142.383117
1729584000,4.393,4.395,4.311,4.35,216760.479731
1729598400,4.349,4.368,4.272,4.33,130985.605716
1729612800,4.328,4.335,4.292,4.319,44061.06817
1729627200,4.316,4.348,4.3,4.323,59768.173142
1729641600,4.323,4.333,4.248,4.283,106196.07577
1729656000,4.282,4.311,4.239,4.249,86070.169975
1729670400,4.248,4.269,4.207,4.216,100608.848045
1729684800,4.214,4.25,4.159,4.193,195579.785991
1729699200,4.192,4.2,4.104,4.2,222922.954349
1729713600,4.192,4.218,4.173,4.212,54154.804542
1729728000,4.211,4.261,4.194,4.216,110056.49107
1729742400,4.216,4.26,4.186,4.189,134117.786723
1729756800,4.187,4.206,4.143,4.18,106481.508637
1729771200,4.181,4.212,4.172,4.196,111755.832504
1729785600,4.195,4.224,4.169,4.224,81885.862718
1729800000,4.223,4.252,4.197,4.208,53145.677329
1729814400,4.208,4.22,4.157,4.161,116599.707809
1729828800,4.16,4.165,4.105,4.122,159225.100348
1729843200,4.123,4.17,4.115,4.159,176963.827303
1729857600,4.159,4.194,4.116,4.143,147490.059335
1729872000,4.141,4.165,4.037,4.096,138714.501374
1729886400,4.097,4.125,3.843,3.995,389687.092424
1729900800,3.996,4.056,3.945,4.029,132020.456986
1729915200,4.03,4.061,4.018,4.036,41098.839288
1729929600,4.035,4.053,4.02,4.043,37345.823062
1729944000,4.042,4.054,3.979,4.004,72165.674463
1729958400,4.005,4.023,3.985,4.011,214564.406284
1729972800,4.011,4.057,4.007,4.035,51502.825548
1729987200,4.036,4.042,4.008,4.037,103181.051416
1730001600,4.037,4.042,4.01,4.025,135906.787731
1730016000,4.025,4.037,4.009,4.014,41902.51817
1730030400,4.013,4.092,4.011,4.089,125813.923771
1730044800,4.091,4.111,4.082,4.107,76686.822921
1730059200,4.108,4.137,4.104,4.13,75024.516793
1730073600,4.13,4.144,4.094,4.096,107710.188167
1730088000,4.096,4.164,4.074,4.151,85046.295214
1730102400,4.156,4.227,4.156,4.197,165355.257083
1730116800,4.197,4.2,4.016,4.016,303548.629321
1730131200,4.015,4.097,4.003,4.076,171478.304871
1730145600,4.076,4.157,4.071,4.134,155419.748844
1730160000,4.133,4.207,4.127,4.189,365402.526662
1730174400,4.19,4.204,4.131,4.137,97369.081582
1730188800,4.137,4.182,4.12,4.162,252763.121362
1730203200,4.162,4.182,4.141,4.176,190443.924543
1730217600,4.177,4.251,4.164,4.174,195626.20356
1730232000,4.175,4.201,4.135,4.195,167035.628826
1730246400,4.194,4.203,4.148,4.201,135583.428815
1730260800,4.204,4.216,4.171,4.193,110396.410892
1730275200,4.194,4.22,4.139,4.143,160272.900572
1730289600,4.146,4.211,4.12,4.198,276692.913212
1730304000,4.199,4.213,4.141,4.15,150221.04214
1730318400,4.15,4.206,4.139,4.192,187989.102967
1730332800,4.192,4.215,4.16,4.184,86824.070587
1730347200,4.186,4.186,4.132,4.153,99742.794025
1730361600,4.154,4.154,4.086,4.1,157574.965592
1730376000,4.099,4.101,3.973,3.999,438918.180868
1730390400,3.999,3.999,3.902,3.91,216439.825495
1730404800,3.909,3.971,3.903,3.96,104125.55676
1730419200,3.958,3.972,3.881,3.951,127515.200971
1730433600,3.952,3.974,3.889,3.92,46032.560438
1730448000,3.921,3.951,3.918,3.931,51666.41181
1730462400,3.929,3.996,3.846,3.894,431474.330167
1730476800,3.893,3.95,3.883,3.923,72875.27029
1730491200,3.923,3.929,3.859,3.912,40145.559481
1730505600,3.909,3.94,3.906,3.914,127547.326995
1730520000,3.915,3.946,3.899,3.92,47835.668485
1730534400,3.919,3.923,3.89,3.897,29881.898276
1730548800,3.896,3.901,3.821,3.859,182680.629477
1730563200,3.858,3.889,3.852,3.881,98323.205919
1730577600,3.878,3.914,3.876,3.908,62159.312605
1730592000,3.907,3.931,3.735,3.792,327219.403649
1730606400,3.79,3.838,3.79,3.827,80615.286196
1730620800,3.827,3.832,3.744,3.751,86462.55337
1730635200,3.751,3.773,3.665,3.733,264984.031014
1730649600,3.732,3.787,3.71,3.785,194623.104314
1730664000,3.786,3.822,3.771,3.785,96149.945522
1730678400,3.786,3.838,3.749,3.805,139147.584041
1730692800,3.805,3.822,3.771,3.775,88881.705113
1730707200,3.775,3.81,3.745,3.798,127836.514606
1730721600,3.799,3.827,3.768,3.801,131296.457356
1730736000,3.796,3.803,3.747,3.783,126600.194222
1730750400,3.784,3.793,3.679,3.752,227755.363022
1730764800,3.751,3.804,3.746,3.8,148507.693416
1730779200,3.8,3.837,3.79,3.833,113665.332689
1730793600,3.832,3.861,3.824,3.842,91439.791903
1730808000,3.843,3.919,3.831,3.869,308671.381542
1730822400,3.869,3.917,3.825,3.838,236199.21262
1730836800,3.839,3.9,3.827,3.858,68012.270545
1730851200,3.857,4.093,3.856,4.081,1657368.539441
1730865600,4.082,4.131,4.017,4.067,699369.083689
1730880000,4.069,4.103,4.006,4.091,244886.047753
1730894400,4.089,4.103,4.029,4.048,412614.019529
1730908800,4.047,4.09,4.025,4.083,228812.696547
1730923200,4.086,4.126,4.035,4.11,2013562.228268
1730937600,4.112,4.197,4.096,4.17,396772.004499
1730952000,4.169,4.172,4.059,4.085,291484.394223
1730966400,4.084,4.121,4.047,4.061,288346.645577
1730980800,4.063,4.15,4.048,4.149,279126.615987
1730995200,4.148,4.168,4.105,4.136,309303.4141
1731009600,4.137,4.178,4.121,4.165,165021.055451
1731024000,4.166,4.218,4.116,4.149,307423.475877
1731038400,4.148,4.392,4.144,4.323,842490.893876
1731052800,4.321,4.332,4.252,4.291,606223.5503
1731067200,4.292,4.384,4.286,4.34,605212.149843
1731081600,4.341,4.392,4.24,4.334,500299.25529
1731096000,4.334,4.346,4.264,4.325,304586.010985
1731110400,4.323,4.344,4.264,4.267,231491.29197
1731124800,4.27,4.39,4.27,4.367,281306.073889
1731139200,4.366,4.395,4.337,4.39,258641.571024
1731153600,4.386,4.394,4.317,4.373,431788.450415
1731168000,4.374,4.43,4.314,4.397,273922.291894
1731182400,4.397,4.641,4.396,4.629,493530.668495
1731196800,4.633,4.858,4.585,4.836,827727.31464
1731211200,4.834,5.15,4.798,4.92,2021040.53465
1731225600,4.921,5.17,4.921,5.157,1015956.543493
1731240000,5.157,5.448,5.08,5.242,2035956.489322
1731254400,5.242,5.475,5.207,5.312,1352148.022136
1731268800,5.314,5.332,4.972,5.239,961163.753401
1731283200,5.241,5.376,5.195,5.255,831654.703114
1731297600,5.254,5.269,4.973,5.079,1214234.255544
1731312000,5.079,5.169,5.032,5.164,679192.942652
1731326400,5.165,5.27,5.05,5.2,937364.270035
1731340800,5.199,5.291,5.169,5.246,659955.826463
1731355200,5.24,5.785,5.226,5.709,1414813.492888
1731369600,5.709,5.728,5.435,5.57,1410145.498517
1731384000,5.569,5.599,5.407,5.58,1001627.331072
1731398400,5.58,5.839,5.161,5.368,2372111.638526
1731412800,5.368,5.461,5.119,5.288,1495602.540648
1731427200,5.288,5.428,5.202,5.357,1011501.043277
1731441600,5.357,5.43,5.28,5.308,425679.900146
1731456000,5.308,5.373,5.079,5.083,902284.148592
1731470400,5.083,5.165,4.91,5.081,821311.566242
1731484800,5.083,5.114,4.974,5.065,316438.32417
1731499200,5.067,5.443,5.008,5.373,3485045.921696
1731513600,5.373,5.406,5.03,5.054,1198036.468963
1731528000,5.055,5.129,4.954,5.072,1532760.974414
1731542400,5.072,5.094,4.985,5.078,776644.188425
1731556800,5.078,5.214,5.041,5.123,912537.263541
1731571200,5.121,5.154,4.914,5.003,1039608.174298
1731585600,5.003,5.02,4.771,4.828,1487300.406411
1731600000,4.826,4.934,4.8,4.922,688687.88788
1731614400,4.92,4.933,4.682,4.775,1124885.542434
1731628800,4.775,4.856,4.723,4.845,621939.603099
1731643200,4.844,4.895,4.705,4.859,802589.271429
1731657600,4.859,4.974,4.809,4.965,835371.006391
1731672000,4.966,5.057,4.857,4.922,1386317.47445
1731686400,4.919,5.075,4.892,5.05,532892.001873
1731700800,5.051,5.173,5.049,5.161,713516.868857
1731715200,5.159,5.269,5.133,5.265,844022.774476
1731729600,5.265,5.318,5.208,5.244,964374.78063
1731744000,5.244,5.496,5.223,5.492,1124065.707204
1731758400,5.492,5.569,5.36,5.464,1482430.551388
1731772800,5.462,5.791,5.418,5.709,1672150.188851
1731787200,5.71,5.8,5.652,5.783,1632597.753322
1731801600,5.783,6.146,5.512,5.728,4095743.678501
1731816000,5.725,5.75,5.582,5.671,1075535.566696
1731830400,5.67,5.699,5.47,5.478,1141036.00355
1731844800,5.478,5.596,5.472,5.544,670696.70478
1731859200,5.544,5.6,5.401,5.437,529415.549353
1731873600,5.438,5.465,5.31,5.423,650645.910168
1731888000,5.424,5.802,5.395,5.762,1195139.974223
1731902400,5.762,5.98,5.729,5.905,1940672.365745
1731916800,5.91,5.948,5.702,5.732,1184131.456763
1731931200,5.732,5.885,5.631,5.844,1252804.784384
1731945600,5.844,5.997,5.703,5.828,1319943.768407
1731960000,5.833,6.095,5.768,6.009,907294.466124
1731974400,6.008,6.044,5.891,6.027,551514.452363
1731988800,6.03,6.043,5.823,5.827,753971.222908
1732003200,5.827,5.883,5.742,5.883,489716.53642
1732017600,5.883,6.032,5.763,5.838,770467.426384
1732032000,5.838,5.896,5.778,5.828,553157.030826
1732046400,5.828,5.851,5.661,5.807,650623.276791
1732060800,5.807,5.882,5.649,5.742,749083.909437
1732075200,5.739,5.883,5.674,5.813,419531.060718
1732089600,5.81,6.071,5.803,6.063,1463034.05002
1732104000,6.062,6.077,5.85,5.926,798784.294775
1732118400,5.924,5.953,5.533,5.6,678107.470581
1732132800,5.6,5.824,5.58,5.72,351598.618545
1732147200,5.722,5.797,5.476,5.552,800071.910728
1732161600,5.552,5.763,5.544,5.703,732170.226753
1732176000,5.704,5.751,5.56,5.724,645390.282011
1732190400,5.721,5.967,5.709,5.773,1006410.647644
1732204800,5.774,5.903,5.759,5.829,614034.490439
1732219200,5.827,5.947,5.81,5.93,484123.700453
1732233600,5.932,6.249,5.878,6.157,1888767.19706
1732248000,6.157,6.271,6.075,6.086,1080579.536446
1732262400,6.085,6.186,6.001,6.172,830957.415151
1732276800,6.174,6.366,5.956,6.357,1490148.270841
1732291200,6.355,6.418,6.235,6.357,1408500.666714
1732305600,6.352,6.684,6.306,6.629,1130522.296872
1732320000,6.629,7.26,6.587,7.194,2976269.923044
1732334400,7.195,7.704,7.179,7.622,2486639.585796
1732348800,7.625,7.994,7.532,7.931,1753077.475105
1732363200,7.922,8.992,7.851,8.844,3421452.082948
1732377600,8.849,9.44,8.363,8.638,3474264.528076
1732392000,8.64,8.706,8.264,8.515,1353059.380372
1732406400,8.517,10.514,8.512,9.402,7694809.743505
1732420800,9.402,9.466,8.761,9.129,1817186.056209
1732435200,9.12,9.149,8.47,8.474,1793769.47246
1732449600,8.478,8.789,8.037,8.237,3276959.41089
1732464000,8.237,8.569,8.167,8.481,1253020.735937
1732478400,8.481,9.03,8.444,8.823,1536275.029304
1732492800,8.824,8.827,8.406,8.717,1168487.673087
1732507200,8.719,9.363,8.701,9.195,1543312.176165
1732521600,9.193,9.238,8.879,8.977,1194392.049476
1732536000,8.977,8.993,8.35,8.577,1477145.263877
1732550400,8.58,8.643,8.35,8.501,709960.823353
1732564800,8.503,8.581,8.11,8.233,547369.350604
1732579200,8.233,8.467,8.18,8.331,480896.508001
1732593600,8.333,8.445,8.155,8.223,362520.092353
1732608000,8.223,8.228,7.548,7.849,1611165.026622
1732622400,7.842,8.03,7.753,7.877,999064.216075
1732636800,7.878,8.166,7.778,8.007,808074.461844
1732651200,8.004,8.145,7.953,8.066,346474.525893
1732665600,8.066,8.17,7.839,8.059,545918.706745
1732680000,8.055,8.305,7.978,8.285,609208.828184
1732694400,8.285,8.44,8.161,8.296,839048.268742
1732708800,8.294,8.482,8.145,8.4,955585.445859
1732723200,8.401,8.456,8.22,8.384,443904.611443
1732737600,8.382,8.567,8.329,8.458,424078.111649
1732752000,8.457,8.503,8.107,8.209,904217.498441
1732766400,8.21,8.272,8.11,8.168,349418.700142
1732780800,8.168,8.247,8.103,8.198,631296.367812
1732795200,8.196,8.268,8.004,8.03,466758.346403
1732809600,8.031,8.585,8.031,8.577,687782.804558
1732824000,8.574,8.751,8.424,8.615,565549.550809
1732838400,8.615,8.749,8.513,8.568,531626.394015
1732852800,8.57,8.59,8.438,8.45,294196.690795
1732867200,8.451,8.802,8.449,8.706,819619.213313
1732881600,8.71,9.013,8.609,8.7,945071.033899
1732896000,8.702,8.771,8.577,8.714,620015.008839
1732910400,8.72,9.076,8.615,9.024,539219.053867
1732924800,9.023,9.031,8.603,8.674,718332.985923
1732939200,8.675,8.897,8.647,8.868,564839.745468
1732953600,8.869,9.145,8.749,8.887,1362270.016127
1732968000,8.881,8.987,8.769,8.852,564831.446554
1732982400,8.851,9.12,8.782,9.115,490360.932767
1732996800,9.115,9.222,8.94,8.945,423963.063977
1733011200,8.947,9.153,8.693,8.845,591723.173356
1733025600,8.846,8.852,8.745,8.807,190383.03945
1733040000,8.806,9.22,8.773,9.171,492600.287633
1733054400,9.17,9.237,9.031,9.107,615633.927607
1733068800,9.109,9.22,8.95,9.134,434051.415988
1733083200,9.133,9.39,8.975,9.289,827314.384268
1733097600,9.288,9.518,9.06,9.11,1237138.988697
1733112000,9.108,9.206,8.909,9.039,964898.371562
1733126400,9.037,9.099,8.454,8.538,1856380.803681
1733140800,8.538,9.185,8.503,9.13,1303652.307215
1733155200,9.132,9.258,8.765,9.219,589482.485127
1733169600,9.221,10.199,9.202,10.01,1513961.896907
1733184000,10.014,10.39,9.819,10.135,1159440.272172
1733198400,10.137,10.341,9.783,9.853,1498170.127119
1733212800,9.857,10.122,9.759,10.055,1243223.519221
1733227200,10.054,10.114,9.048,9.573,3238404.939195
1733241600,9.569,9.745,9.318,9.557,806907.344329
1733256000,9.559,9.908,9.542,9.785,606866.412097
1733270400,9.787,10.045,9.667,9.96,858160.324759
1733284800,9.957,10.096,9.928,10.047,555056.667944
1733299200,10.048,11.267,9.987,10.989,2986836.261044
1733313600,10.988,11.65,10.915,10.976,2697603.682049
1733328000,10.979,11.326,10.348,11.068,1605360.661555
1733342400,11.071,11.111,10.402,10.512,1574770.712064
1733356800,10.513,10.623,9.897,10.269,1868586.161062
1733371200,10.271,10.748,10.201,10.719,864244.220792
1733385600,10.719,11.158,10.596,11.107,1306092.975992
1733400000,11.106,11.181,10.69,10.896,932228.421977
1733414400,10.903,11.232,10.751,10.808,908258.256249
1733428800,10.805,10.92,10.163,10.369,1178436.730618
1733443200,10.369,10.749,10.237,10.593,583179.447164
1733457600,10.595,10.753,10.466,10.499,403697.424583
1733472000,10.504,10.617,10.091,10.234,824175.689711
1733486400,10.232,10.667,10.013,10.549,1412823.22824
1733500800,10.553,10.776,10.422,10.719,720776.430574
1733515200,10.718,10.88,10.582,10.665,992606.201963
1733529600,10.666,10.719,10.451,10.504,497902.789548
1733544000,10.503,10.759,10.406,10.499,465528.221224
1733558400,10.498,10.578,10.305,10.441,606614.999919
1733572800,10.44,10.836,10.424,10.756,550474.510251
1733587200,10.757,10.93,10.51,10.67,610174.331755
1733601600,10.684,10.782,10.544,10.593,285444.320028
1733616000,10.593,10.809,10.544,10.574,347717.376728
1733630400,10.574,10.626,10.35,10.47,410151.813767
1733644800,10.469,10.498,10.194,10.458,345058.603527
1733659200,10.459,10.555,10.282,10.341,495329.413292
1733673600,10.342,10.407,10.222,10.303,467810.497836
1733688000,10.312,10.44,10.244,10.392,281525.74944
1733702400,10.395,10.398,9.938,10.048,700583.084381
1733716800,10.048,10.152,9.705,9.873,733583.309026
1733731200,9.874,9.875,9.394,9.458,1093733.378536
1733745600,9.457,9.842,9.364,9.492,708355.745367
1733760000,9.499,9.664,9.443,9.489,420586.223709
1733774400,9.488,9.521,7.433,8.471,4114914.69281
1733788800,8.474,8.722,7.935,8.317,1287827.416019
1733803200,8.315,8.658,8.103,8.576,864907.028724
1733817600,8.573,8.702,8.457,8.641,875318.038495
1733832000,8.646,8.662,7.865,7.883,1383831.54345
1733846400,7.887,8.126,7.586,8.109,1120408.954716
1733860800,8.105,8.469,8.072,8.394,456532.730631
1733875200,8.395,8.418,8.026,8.371,538923.838674
1733889600,8.372,8.443,8.258,8.271,378135.562024
1733904000,8.275,8.649,8.262,8.609,536712.480293
1733918400,8.609,9.267,8.608,9.193,1970437.370977
1733932800,9.195,9.223,8.948,9.033,496141.48296
1733947200,9.033,9.134,8.99,8.995,282937.033504
1733961600,8.996,9.424,8.926,9.269,598340.444171
1733976000,9.267,9.673,9.257,9.315,1039371.313838
1733990400,9.312,9.411,9.033,9.098,636247.722619
1734004800,9.1,9.398,9.1,9.235,1013907.793909
1734019200,9.233,9.398,8.938,8.97,584406.602609
1734033600,8.97,9.161,8.913,9.062,365733.983146
1734048000,9.062,9.232,8.843,9.133,390568.943746
1734062400,9.132,9.154,8.78,8.884,506160.468984
1734076800,8.886,9.175,8.838,9.025,459720.096068
1734091200,9.026,9.205,8.83,8.838,666763.49279
1734105600,8.837,9.064,8.798,9.044,446407.737719
1734120000,9.045,9.139,8.937,9.09,214114.215686
1734134400,9.088,9.211,9.001,9.024,237682.942764
1734148800,9.026,9.105,8.966,8.971,195081.66242
1734163200,8.971,9.035,8.738,8.756,536429.82073
1734177600,8.747,8.775,8.46,8.646,397908.682815
1734192000,8.642,8.661,8.412,8.497,324077.683857
1734206400,8.498,8.59,8.352,8.557,285857.028568
1734220800,8.552,8.663,8.456,8.507,164705.195337
1734235200,8.509,8.641,8.366,8.43,190541.254963
1734249600,8.429,8.77,8.421,8.726,438313.12057
1734264000,8.726,9.264,8.684,9.044,851876.540234
1734278400,9.045,9.109,8.916,8.96,233950.08104
1734292800,8.961,9.104,8.643,9.026,408255.554287
1734307200,9.028,9.21,8.826,8.918,678724.398616
1734321600,8.928,8.989,8.814,8.881,178754.830996
1734336000,8.885,8.908,8.604,8.631,375307.570837
1734350400,8.636,8.933,8.587,8.909,573398.512455
1734364800,8.91,9.169,8.891,8.945,790654.997986
1734379200,8.946,8.989,8.72,8.754,271678.628916
1734393600,8.757,8.791,8.623,8.762,311935.278783
1734408000,8.764,8.765,8.604,8.641,159101.123259
1734422400,8.642,8.977,8.638,8.889,462677.628471
1734436800,8.889,8.96,8.533,8.606,746575.060565
1734451200,8.604,8.866,8.52,8.664,561306.149617
1734465600,8.666,8.727,8.382,8.488,483901.134215
1734480000,8.49,8.547,8.351,8.361,402241.388728
1734494400,8.361,8.371,8.135,8.23,543584.039244
1734508800,8.224,8.388,8.159,8.363,463276.643976
1734523200,8.363,8.367,8.085,8.185,470643.027285
1734537600,8.183,8.472,8.095,8.095,415210.176988
1734552000,8.095,8.156,7.553,7.679,2008924.278927
1734566400,7.678,7.771,7.16,7.656,1518450.579989
1734580800,7.651,7.672,7.566,7.64,369324.907995
1734595200,7.64,7.8,7.516,7.731,539072.096873
1734609600,7.73,7.755,7.274,7.434,666650.654629
1734624000,7.433,7.688,6.834,6.955,2200692.05535
1734638400,6.961,7.152,6.76,6.939,658396.176261
1734652800,6.94,7.274,6.83,7.121,453660.345354
1734667200,7.121,7.184,6.815,6.956,344868.566531
1734681600,6.954,6.955,6.043,6.079,2014563.019835
1734696000,6.075,6.939,6.064,6.861,1467769.829996
1734710400,6.862,7.273,6.808,7.186,744364.432215
1734724800,7.182,7.358,7.045,7.291,321587.432694
1734739200,7.291,7.394,7.224,7.311,301954.611402
1734753600,7.314,7.801,7.307,7.704,614711.491827
1734768000,7.704,7.722,7.369,7.452,416744.83382
1734782400,7.453,7.455,6.956,7.121,650923.027929
1734796800,7.124,7.139,6.836,6.955,321864.58603
1734811200,6.956,7.057,6.866,6.974,239277.468777
1734825600,6.976,7.039,6.872,6.977,253765.732139
1734840000,6.976,7.017,6.764,6.959,238068.502414
1734854400,6.959,7.266,6.959,7.101,296182.541715
1734868800,7.099,7.144,6.814,6.892,403061.374578
1734883200,6.89,7.037,6.741,6.765,188858.239788
1734897600,6.768,6.932,6.684,6.842,210515.788668
1734912000,6.842,7.086,6.652,7.067,419507.79503
1734926400,7.067,7.133,6.804,6.906,416130.571507
1734940800,6.904,7.052,6.862,6.982,197902.918779
1734955200,6.982,7.07,6.839,6.863,472314.217161
1734969600,6.863,7.135,6.85,7.052,491743.11648
1734984000,7.048,7.568,7.046,7.385,558267.385188
1734998400,7.384,7.389,7.154,7.328,261803.501124
1735012800,7.324,7.356,7.185,7.229,184528.934802
1735027200,7.229,7.316,7.188,7.302,238007.262217
1735041600,7.303,7.64,7.234,7.565,521984.669383
1735056000,7.565,7.625,7.45,7.451,323893.117211
1735070400,7.452,7.612,7.366,7.549,193204.86741
1735084800,7.55,7.57,7.418,7.46,206682.095264
1735099200,7.462,7.513,7.39,7.404,157466.139381
1735113600,7.402,7.676,7.393,7.404,267444.55804
1735128000,7.409,7.561,7.355,7.445,230578.10874
1735142400,7.458,7.537,7.357,7.518,144064.62831
1735156800,7.521,7.586,7.416,7.502,310252.847915
1735171200,7.502,7.594,7.324,7.347,215305.407225
1735185600,7.339,7.339,7.151,7.163,300443.126864
1735200000,7.165,7.177,6.928,7.036,377756.866243
1735214400,7.034,7.067,6.94,6.96,182625.889851
1735228800,6.958,7.053,6.875,6.982,173846.958816
1735243200,6.975,7.053,6.881,6.934,138639.557142
1735257600,6.934,7.068,6.873,7.023,176973.298358
1735272000,7.022,7.114,6.888,6.953,224848.743187
1735286400,6.953,7.308,6.953,7.219,284401.007381
1735300800,7.22,7.233,6.837,6.872,286052.454064
1735315200,6.872,7.072,6.815,6.987,258925.372812
1735329600,6.995,7.002,6.867,6.91,104628.963186
1735344000,6.91,6.938,6.83,6.923,201978.916761
1735358400,6.923,6.939,6.781,6.818,123717.208115
1735372800,6.815,6.903,6.809,6.893,99086.454803
1735387200,6.895,7.062,6.845,6.947,218021.750251
1735401600,6.949,7.123,6.933,7.045,77144.319393
1735416000,7.046,7.183,7.029,7.117,128007.37051
1735430400,7.113,7.134,7.034,7.119,98385.609414
1735444800,7.12,7.146,7.037,7.141,93478.95375
1735459200,7.145,7.152,7.038,7.04,109514.710472
1735473600,7.038,7.108,6.944,6.987,286954.230804
1735488000,6.99,6.99,6.884,6.93,182654.756889
1735502400,6.93,6.937,6.811,6.87,84097.028547
1735516800,6.868,7.109,6.837,6.959,162679.1088
1735531200,6.96,7.06,6.901,6.962,176212.372756
1735545600,6.962,7.015,6.766,6.839,212390.922192
1735560000,6.84,6.946,6.558,6.613,482904.708343
1735574400,6.613,6.896,6.539,6.855,254520.876356
1735588800,6.855,6.942,6.612,6.708,221390.520417
1735603200,6.706,6.706,6.589,6.608,142571.909008
1735617600,6.608,6.652,6.564,6.609,112380.489522
1735632000,6.608,6.812,6.604,6.703,250864.207217
1735646400,6.703,6.928,6.703,6.844,214204.003063
1735660800,6.845,6.857,6.624,6.698,184643.232816
1735675200,6.698,6.72,6.616,6.641,103353.125291
1735689600,6.641,6.753,6.634,6.664,100303.055722
1735704000,6.664,6.685,6.625,6.647,40543.867411
1735718400,6.649,6.661,6.52,6.624,173039.565809
1735732800,6.621,6.81,6.617,6.8,182124.799121
1735747200,6.801,7.038,6.728,6.996,247825.493433
1735761600,6.996,7.142,6.996,7.048,213363.202276
1735776000,7.051,7.227,7.049,7.161,272045.476455
1735790400,7.163,7.269,7.125,7.229,199851.888112
1735804800,7.228,7.359,7.177,7.293,187418.865661
1735819200,7.294,7.335,7.161,7.188,270987.796271
1735833600,7.195,7.253,7.108,7.16,107002.457326
1735848000,7.167,7.205,7.103,7.177,63555.954939
1735862400,7.178,7.348,7.132,7.332,111560.262233
1735876800,7.324,7.336,7.193,7.22,93592.250705
1735891200,7.219,7.793,7.219,7.687,464059.714998
1735905600,7.687,7.939,7.683,7.867,519843.607177
1735920000,7.869,7.995,7.747,7.753,462364.715052
1735934400,7.752,7.775,7.637,7.755,144317.266283
1735948800,7.755,7.845,7.632,7.77,203011.235758
1735963200,7.77,7.823,7.692,7.758,129106.384436
1735977600,7.758,7.758,7.636,7.695,123760.088933
1735992000,7.693,7.881,7.603,7.69,350850.213588
1736006400,7.688,7.757,7.664,7.687,99814.609273
1736020800,7.684,7.74,7.649,7.676,67010.831922
1736035200,7.678,7.711,7.574,7.609,125874.238801
1736049600,7.606,7.736,7.598,7.65,82942.590044
1736064000,7.655,7.665,7.504,7.548,153790.055387
1736078400,7.545,7.611,7.462,7.572,192022.195
1736092800,7.573,7.648,7.535,7.609,122298.014143
1736107200,7.612,7.73,7.575,7.674,132784.659275
1736121600,7.674,7.827,7.54,7.81,248799.520832
1736136000,7.817,7.836,7.675,7.704,180878.516577
1736150400,7.709,7.765,7.585,7.706,174469.440039
1736164800,7.701,7.881,7.602,7.88,315777.54768
1736179200,7.882,7.994,7.696,7.81,417992.08428
1736193600,7.814,7.841,7.685,7.769,121910.355521
1736208000,7.77,7.789,7.653,7.715,118489.047081
1736222400,7.723,7.849,7.659,7.771,161792.596692
1736236800,7.77,7.89,7.653,7.724,164495.536231
1736251200,7.727,7.86,7.189,7.307,894503.14211
1736265600,7.306,7.396,7.045,7.099,365756.295308
1736280000,7.1,7.162,7.005,7.013,463503.246251
1736294400,7.011,7.133,6.868,6.945,289929.140157
1736308800,6.943,6.964,6.712,6.871,283792.187275
1736323200,6.87,7.012,6.795,6.869,361054.765361
1736337600,6.871,6.942,6.771,6.851,348196.575585
1736352000,6.85,6.857,6.422,6.649,587549.596077
1736366400,6.65,6.792,6.606,6.758,174566.157109
1736380800,6.758,6.845,6.679,6.736,212403.328773
1736395200,6.73,6.764,6.56,6.571,141741.197481
1736409600,6.57,6.716,6.551,6.69,307877.56569
1736424000,6.685,6.839,6.465,6.793,508010.272834
1736438400,6.792,6.837,6.529,6.545,261514.322397
1736452800,6.544,6.616,6.454,6.555,171232.858381
1736467200,6.558,6.661,6.541,6.627,88186.823737
1736481600,6.628,6.809,6.582,6.765,126711.182703
1736496000,6.758,6.794,6.679,6.726,257661.70248
1736510400,6.725,6.79,6.483,6.629,675505.801523
1736524800,6.63,6.81,6.556,6.772,198803.824235
1736539200,6.771,6.783,6.7,6.734,103979.163115
1736553600,6.741,6.769,6.647,6.659,81908.249008
1736568000,6.662,6.701,6.619,6.638,70574.46004
1736582400,6.645,6.728,6.594,6.709,72629.72012
1736596800,6.704,6.712,6.616,6.637,80653.129423
1736611200,6.644,6.667,6.587,6.638,53532.033063
1736625600,6.642,6.876,6.629,6.74,109256.244741
1736640000,6.742,6.818,6.711,6.783,71035.661007
1736654400,6.784,6.788,6.664,6.722,46021.681726
1736668800,6.726,6.754,6.612,6.68,66801.131137
1736683200,6.676,6.76,6.645,6.739,73286.424629
1736697600,6.738,6.763,6.676,6.693,38661.515021
1736712000,6.694,6.709,6.545,6.633,62616.315693
1736726400,6.632,6.81,6.425,6.459,458748.158543
1736740800,6.451,6.57,6.347,6.405,1246961.466291
1736755200,6.406,6.414,6.059,6.061,1033444.923036
1736769600,6.061,6.355,5.997,6.284,700538.237881
1736784000,6.286,6.318,6.12,6.196,240138.087466
1736798400,6.194,6.481,6.159,6.397,164985.389015
1736812800,6.398,6.459,6.368,6.411,138985.619806
1736827200,6.41,6.5,6.399,6.401,89574.902493
1736841600,6.402,6.589,6.402,6.465,273948.055585
1736856000,6.465,6.571,6.392,6.521,322431.892142
1736870400,6.52,6.682,6.466,6.625,218411.659045
1736884800,6.63,6.69,6.568,6.663,99479.382896
1736899200,6.67,6.739,6.614,6.701,126729.158996
1736913600,6.705,6.802,6.639,6.775,98371.230203
1736928000,6.776,6.838,6.56,6.594,218864.988499
1736942400,6.595,7.071,6.557,7.016,864868.390014
1736956800,7.018,7.095,6.877,7.026,350264.272089
1736971200,7.026,7.197,6.963,7.165,402911.162832
1736985600,7.166,7.193,6.989,7.06,280209.670329
1737000000,7.066,7.087,7.015,7.017,75443.469606
1737014400,7.015,7.091,6.846,7.079,483901.375628
1737028800,7.077,7.391,6.985,7.239,904210.598124
1737043200,7.238,7.354,7.209,7.327,267625.593917
1737057600,7.326,7.349,7.094,7.152,185657.42642
1737072000,7.156,7.413,7.156,7.29,380025.487952
1737086400,7.289,7.416,7.25,7.33,385313.837429
1737100800,7.328,7.444,7.29,7.398,294979.221949
1737115200,7.397,7.447,7.291,7.409,435329.434243
1737129600,7.412,7.501,7.356,7.481,401717.924401
1737144000,7.48,7.601,7.468,7.503,261783.727776
1737158400,7.513,7.585,7.239,7.285,335143.781179
1737172800,7.283,7.32,6.981,7.039,450176.92838
1737187200,7.038,7.11,6.925,7.092,231037.363286
1737201600,7.094,7.121,6.963,7.01,393764.170643
1737216000,7.016,7.028,6.843,6.979,379340.279677
1737230400,6.98,7.062,6.877,7.045,185237.353557
1737244800,7.047,7.237,7.008,7.04,334747.699061
1737259200,7.04,7.053,6.763,6.794,629834.784183
1737273600,6.793,6.793,6.413,6.462,845181.951983
1737288000,6.462,6.903,6.452,6.817,415944.241495
1737302400,6.814,6.905,6.762,6.825,256334.107637
1737316800,6.826,6.842,6.102,6.246,1169876.206156
1737331200,6.245,6.371,6.056,6.305,858691.170701
1737345600,6.3,7.092,6.228,6.771,953503.555844
1737360000,6.772,6.867,6.606,6.692,287180.839661
1737374400,6.694,6.701,6.418,6.501,486422.973033
1737388800,6.503,6.611,6.15,6.433,1184990.505163
1737403200,6.431,6.48,6.286,6.381,181442.334228
1737417600,6.38,6.405,6.196,6.277,349965.545853
1737432000,6.282,6.356,6.153,6.319,129055.857313
1737446400,6.32,6.542,6.281,6.525,228020.012102
1737460800,6.524,6.612,6.475,6.568,247586.031299
1737475200,6.563,6.844,6.547,6.716,260054.321231
1737489600,6.724,6.762,6.599,6.623,134410.04581
1737504000,6.624,6.694,6.561,6.609,154390.027164
1737518400,6.611,6.627,6.556,6.586,146917.397903
1737532800,6.589,6.641,6.494,6.629,198941.423445
1737547200,6.629,6.657,6.484,6.524,110393.638618
1737561600,6.518,6.602,6.46,6.521,98732.644175
1737576000,6.524,6.559,6.412,6.443,102065.051098
1737590400,6.443,6.472,6.294,6.355,147295.580492
1737604800,6.355,6.368,6.279,6.363,68237.705414
1737619200,6.361,6.377,6.242,6.316,110615.394536
1737633600,6.313,6.483,6.243,6.401,352247.600983
1737648000,6.403,6.502,6.211,6.232,203592.651561
1737662400,6.229,6.415,6.191,6.351,301663.495506
1737676800,6.353,6.369,6.201,6.283,192263.150688
1737691200,6.277,6.503,6.26,6.417,122774.618114
1737705600,6.419,6.497,6.399,6.462,134069.312915
1737720000,6.461,6.544,6.409,6.468,171391.453577
1737734400,6.469,6.502,6.409,6.431,115088.099333
1737748800,6.434,6.45,6.286,6.321,123776.124939
1737763200,6.318,6.387,6.246,6.381,119886.336095
1737777600,6.379,6.383,6.29,6.295,130458.729345
1737792000,6.296,6.337,6.263,6.327,167963.114207
1737806400,6.324,6.38,6.283,6.374,133062.984297
1737820800,6.367,6.408,6.342,6.359,87657.337609
1737835200,6.363,6.395,6.313,6.318,64064.651136
1737849600,6.324,6.352,6.264,6.327,84362.369456
1737864000,6.325,6.395,6.32,6.36,91547.828658
1737878400,6.359,6.383,6.278,6.375,142730.336578
1737892800,6.371,6.391,6.337,6.351,100336.066523
1737907200,6.352,6.464,6.321,6.453,152210.907394
1737921600,6.453,6.471,6.164,6.178,283651.689337
1737936000,6.177,6.213,5.88,5.986,536220.848999
1737950400,5.984,5.984,5.487,5.704,962939.80674
1737964800,5.704,5.731,5.574,5.634,345652.173348
1737979200,5.635,5.904,5.597,5.842,338422.381546
1737993600,5.841,5.861,5.685,5.752,159612.111384
1738008000,5.762,6.019,5.759,5.949,191604.380939
1738022400,5.954,6.003,5.877,5.974,119890.754317
1738036800,5.971,6.036,5.915,5.931,119931.764692
1738051200,5.932,5.971,5.888,5.922,145976.252734
1738065600,5.922,5.955,5.812,5.899,311954.500196
1738080000,5.899,5.905,5.747,5.808,209837.319229
1738094400,5.804,5.828,5.6,5.652,162634.309652
1738108800,5.649,5.801,5.637,5.779,85088.140249
1738123200,5.776,5.847,5.758,5.831,56320.28739
1738137600,5.83,5.849,5.706,5.734,91946.330422
1738152000,5.738,5.745,5.601,5.649,124882.618243
1738166400,5.647,5.824,5.543,5.76,309212.280144
1738180800,5.753,5.882,5.674,5.767,460454.314097
1738195200,5.769,5.959,5.722,5.953,121867.459024
1738209600,5.956,5.986,5.896,5.92,89741.428191
1738224000,5.922,6.011,5.895,6.007,107291.366485
1738238400,6.008,6.255,5.983,6.216,361761.570112
1738252800,6.218,6.253,6.132,6.179,158004.980452
1738267200,6.18,6.206,6.111,6.125,93980.788546
1738281600,6.126,6.181,6.03,6.06,104969.500266
1738296000,6.064,6.313,6.031,6.212,108432.104767
1738310400,6.213,6.306,6.135,6.299,239094.78048
1738324800,6.301,6.488,6.287,6.47,552646.690128
1738339200,6.467,6.499,6.238,6.265,248130.84732
1738353600,6.262,6.454,6.192,6.321,590257.505591
1738368000,6.319,6.442,6.295,6.398,261664.249408
1738382400,6.399,6.491,6.34,6.404,202226.492994
1738396800,6.41,6.429,6.246,6.4,232289.788402
1738411200,6.4,6.412,6.181,6.23,137307.188219
1738425600,6.231,6.262,6.053,6.09,152781.207523
1738440000,6.09,6.092,5.858,5.906,304834.741887
1738454400,5.907,6.046,5.706,5.723,260993.254862
1738468800,5.716,5.874,5.702,5.808,206106.234044
1738483200,5.806,5.913,5.61,5.633,200869.356443
1738497600,5.628,5.734,5.566,5.647,262652.944439
1738512000,5.649,5.652,5.085,5.294,1190203.265491
1738526400,5.295,5.36,4.857,5.152,1033997.422992
1738540800,5.153,5.156,3.762,4.333,5184533.32126
1738555200,4.339,4.727,4.137,4.706,1787198.631233
1738569600,4.706,4.785,4.515,4.687,836502.654071
1738584000,4.687,4.94,4.487,4.911,1071647.235932
1738598400,4.911,5.179,4.867,5.167,678970.318038
1738612800,5.167,5.279,4.992,5.177,303741.311488
1738627200,5.176,5.227,4.995,5.034,288386.138961
1738641600,5.032,5.061,4.635,4.645,674157.779847
1738656000,4.645,4.894,4.631,4.776,535363.857241
1738670400,4.777,4.917,4.724,4.798,854187.759098
1738684800,4.8,4.945,4.748,4.748,494106.853425
1738699200,4.751,4.801,4.58,4.74,543298.923847
1738713600,4.741,4.798,4.691,4.743,263573.596587
1738728000,4.744,4.805,4.694,4.75,211665.874462
1738742400,4.75,4.829,4.699,4.829,294616.309724
1738756800,4.826,4.863,4.725,4.813,519073.421749
1738771200,4.812,4.829,4.628,4.765,424087.410685
1738785600,4.766,4.793,4.629,4.687,163986.44502
1738800000,4.69,4.781,4.669,4.754,141125.033872
1738814400,4.754,4.838,4.74,4.783,160727.805146
1738828800,4.784,4.823,4.715,4.754,247250.666622
1738843200,4.754,4.76,4.493,4.532,634576.95116
1738857600,4.532,4.599,4.471,4.503,506847.112276
1738872000,4.497,4.592,4.44,4.491,225333.322975
1738886400,4.491,4.627,4.485,4.583,221789.229634
1738900800,4.587,4.621,4.507,4.585,381758.316082
1738915200,4.585,4.727,4.565,4.715,263015.483477
1738929600,4.714,4.937,4.687,4.834,1139658.563482
1738944000,4.834,4.837,4.667,4.68,342894.594924
1738958400,4.68,4.684,4.451,4.593,319892.709823
1738972800,4.592,4.652,4.555,4.572,219826.029264
1738987200,4.572,4.632,4.503,4.6,113127.748905
1739001600,4.601,4.619,4.508,4.535,137977.751127
1739016000,4.534,4.623,4.499,4.573,132285.804562
1739030400,4.574,4.679,4.55,4.668,211436.235786
1739044800,4.669,4.764,4.648,4.745,125413.286312
1739059200,4.744,4.847,4.714,4.83,206726.69399
1739073600,4.828,4.83,4.715,4.792,194106.31043
1739088000,4.793,4.877,4.757,4.795,217644.852717
1739102400,4.794,4.845,4.696,4.804,289207.084719
1739116800,4.805,4.851,4.716,4.728,109350.891582
1739131200,4.726,4.784,4.512,4.765,357149.518556
1739145600,4.762,4.887,4.609,4.783,333698.463041
1739160000,4.779,4.842,4.734,4.822,204664.022513
1739174400,4.82,4.887,4.801,4.845,208379.197933
1739188800,4.844,4.92,4.774,4.835,434119.961859
1739203200,4.835,4.913,4.822,4.862,388249.132813
1739217600,4.861,4.89,4.819,4.845,89202.150859
1739232000,4.846,4.991,4.843,4.985,277010.079469
1739246400,4.986,5.211,4.969,5.143,755798.385541
1739260800,5.139,5.184,5.032,5.093,396998.411767
1739275200,5.094,5.106,4.885,4.975,860458.037454
1739289600,4.971,5.006,4.749,4.768,450723.751074
1739304000,4.763,4.876,4.756,4.808,388424.147196
1739318400,4.808,4.871,4.785,4.817,167438.212473
1739332800,4.811,4.851,4.779,4.824,104557.118487
1739347200,4.822,4.997,4.815,4.954,898363.992515
1739361600,4.955,5.223,4.751,5.092,1782532.060555
1739376000,5.096,5.329,5.012,5.283,741943.192634
1739390400,5.283,5.319,5.188,5.229,525862.237372
1739404800,5.23,5.277,5.185,5.216,273845.433487
1739419200,5.216,5.218,5.066,5.145,251316.03054
1739433600,5.147,5.195,5.091,5.154,283653.783436
1739448000,5.157,5.207,5.068,5.162,476907.933969
1739462400,5.161,5.197,5.078,5.139,423963.959348
1739476800,5.14,5.192,5.113,5.131,120304.021174
1739491200,5.132,5.244,5.099,5.231,115937.843907
1739505600,5.233,5.243,5.136,5.176,243111.705568
1739520000,5.176,5.295,5.176,5.224,543358.585515
1739534400,5.222,5.276,5.154,5.225,406583.492335
1739548800,5.225,5.38,5.187,5.29,847269.989243
1739563200,5.291,5.311,5.129,5.171,251618.261032
1739577600,5.171,5.22,5.115,5.187,128711.950836
1739592000,5.189,5.206,5.095,5.104,163987.021852
1739606400,5.103,5.125,5.033,5.06,193099.496763
1739620800,5.064,5.118,5.0,5.046,231737.632387
1739635200,5.049,5.125,5.014,5.057,77904.904542
1739649600,5.064,5.066,4.977,5.022,97454.285982
1739664000,5.022,5.047,4.944,4.975,107124.443749
1739678400,4.976,5.016,4.885,4.909,180561.19433
1739692800,4.911,5.02,4.899,5.015,154297.138766
1739707200,5.015,5.027,4.878,4.943,428364.747642
1739721600,4.944,4.96,4.827,4.896,178480.166015
1739736000,4.894,4.931,4.858,4.879,107331.799731
1739750400,4.879,4.955,4.877,4.895,104916.917362
1739764800,4.895,4.931,4.79,4.882,452067.768646
1739779200,4.875,4.985,4.857,4.952,339792.514592
1739793600,4.951,5.071,4.891,4.905,318537.542141
1739808000,4.901,4.945,4.776,4.867,261493.394636
1739822400,4.861,4.934,4.857,4.89,371255.394469
1739836800,4.89,4.915,4.842,4.905,198085.012867
1739851200,4.904,4.918,4.679,4.721,345403.023557
1739865600,4.716,4.807,4.672,4.769,774957.619436
1739880000,4.769,4.836,4.619,4.657,680636.933517
1739894400,4.657,4.701,4.559,4.674,567786.572615
1739908800,4.675,4.771,4.653,4.77,113360.29649
1739923200,4.771,4.796,4.705,4.776,306360.097018
1739937600,4.779,4.826,4.698,4.796,140018.311872
1739952000,4.794,4.846,4.757,4.836,253721.091589
1739966400,4.838,4.893,4.784,4.822,574309.030792
1739980800,4.822,4.888,4.805,4.866,352641.938733
1739995200,4.866,4.906,4.824,4.887,99862.649246
1740009600,4.886,5.0,4.88,4.977,395829.914009
1740024000,4.977,5.04,4.939,4.939,257432.053033
1740038400,4.942,4.993,4.927,4.964,183574.944936
1740052800,4.965,5.034,4.917,4.925,584598.151833
1740067200,4.926,5.064,4.918,5.042,447988.43774
1740081600,5.042,5.068,5.013,5.044,266109.360808
1740096000,5.048,5.063,5.023,5.027,153126.493322
1740110400,5.027,5.096,5.027,5.04,261248.563544
1740124800,5.04,5.181,5.033,5.157,394140.864601
1740139200,5.156,5.337,5.093,5.205,1146646.670866
1740153600,5.205,5.297,4.949,4.983,752225.000626
1740168000,4.981,5.125,4.973,5.059,272855.64476
1740182400,5.061,5.216,5.043,5.137,261320.116588
1740196800,5.137,5.2,5.078,5.096,123104.855076
1740211200,5.095,5.126,5.074,5.094,141011.885973
1740225600,5.093,5.133,5.025,5.07,368832.356508
1740240000,5.07,5.144,5.07,5.092,280766.412717
1740254400,5.093,5.093,5.034,5.042,79952.469994
1740268800,5.042,5.132,5.031,5.064,167467.486123
1740283200,5.065,5.114,5.035,5.104,134947.911424
1740297600,5.104,5.119,5.012,5.014,128143.135058
1740312000,5.012,5.035,4.947,4.952,234706.43328
1740326400,4.952,4.994,4.93,4.94,109911.426201
1740340800,4.941,4.981,4.907,4.955,95700.872086
1740355200,4.956,4.981,4.787,4.796,193302.16269
1740369600,4.795,4.832,4.741,4.802,201079.521179
1740384000,4.801,4.802,4.661,4.731,402348.373546
1740398400,4.731,4.761,4.606,4.669,489905.427115
1740412800,4.668,4.71,4.58,4.621,140410.440297
1740427200,4.62,4.677,4.33,4.416,938096.111622
1740441600,4.415,4.465,4.302,4.394,634823.44435
1740456000,4.396,4.426,4.138,4.264,842941.497267
1740470400,4.264,4.413,4.188,4.408,618627.347266
1740484800,4.408,4.517,4.328,4.429,890639.62254
1740499200,4.431,4.64,4.372,4.637,701784.555991
1740513600,4.637,4.759,4.613,4.64,494964.057534
1740528000,4.641,4.747,4.593,4.708,278066.295791
1740542400,4.708,4.8,4.688,4.765,373564.647006
1740556800,4.764,4.871,4.719,4.803,472209.161335
1740571200,4.807,4.903,4.681,4.846,593229.018421
1740585600,4.847,4.93,4.647,4.686,537780.708759
1740600000,4.689,4.867,4.615,4.755,517459.772705
1740614400,4.756,4.91,4.715,4.853,291474.863562
1740628800,4.852,5.037,4.808,5.001,285558.717981
1740643200,5.002,5.183,4.97,5.066,802343.44176
1740657600,5.069,5.168,5.028,5.084,669757.517697
1740672000,5.084,5.109,4.906,4.922,406262.260225
1740686400,4.924,4.956,4.845,4.935,479351.333293
1740700800,4.935,4.935,4.595,4.602,847155.819348
1740715200,4.604,4.626,4.491,4.535,1091798.613279
1740729600,4.537,4.677,4.454,4.578,933788.70669
1740744000,4.576,4.797,4.486,4.74,1914091.053976
1740758400,4.744,4.759,4.662,4.722,263137.482777
1740772800,4.72,4.742,4.677,4.713,229614.723038
1740787200,4.714,4.82,4.689,4.728,315888.20201
1740801600,4.727,4.772,4.619,4.62,188663.702183
1740816000,4.621,4.687,4.557,4.585,304511.088157
1740830400,4.587,4.595,4.526,4.579,217988.295127
1740844800,4.577,4.655,4.565,4.648,103669.617379
1740859200,4.649,4.731,4.626,4.665,130690.144337
1740873600,4.663,4.711,4.64,4.682,200011.722998
1740888000,4.683,4.701,4.627,4.629,116806.052592
1740902400,4.628,4.667,4.599,4.635,198054.636707
1740916800,4.636,4.847,4.568,4.749,450110.947166
1740931200,4.75,5.178,4.742,5.106,1706423.923425
1740945600,5.106,5.229,5.07,5.203,633244.702723
1740960000,5.205,5.249,5.053,5.094,618249.747794
1740974400,5.099,5.149,4.894,4.966,408798.795578
1740988800,4.965,4.977,4.805,4.911,231300.38217
1741003200,4.91,5.023,4.8,4.863,451954.478154
1741017600,4.865,4.913,4.457,4.495,950597.348502
1741032000,4.497,4.555,4.435,4.474,463139.198419
1741046400,4.473,4.514,4.146,4.226,1291449.353066
1741060800,4.224,4.34,4.217,4.249,503334.882328
1741075200,4.247,4.312,4.211,4.231,496881.295894
1741089600,4.227,4.359,4.106,4.222,816538.155083
1741104000,4.223,4.386,4.014,4.375,731927.849135
1741118400,4.376,4.423,4.28,4.329,256472.860819
1741132800,4.328,4.398,4.279,4.291,184615.898244
1741147200,4.291,4.343,4.279,4.34,124084.984067
1741161600,4.339,4.484,4.333,4.4,242303.367055
1741176000,4.401,4.442,4.31,4.367,423254.801313
1741190400,4.366,4.495,4.332,4.486,220413.404047
1741204800,4.487,4.549,4.487,4.523,163181.189651
1741219200,4.526,4.559,4.453,4.558,251320.507724
1741233600,4.559,4.663,4.522,4.53,339170.236443
1741248000,4.531,4.603,4.521,4.574,262733.720401
1741262400,4.575,4.581,4.428,4.496,263596.452585
1741276800,4.499,4.514,4.343,4.38,287682.93314
1741291200,4.376,4.495,4.375,4.43,420117.623477
1741305600,4.43,4.477,4.214,4.376,651466.839736
1741320000,4.375,4.553,4.37,4.55,179813.265961
1741334400,4.549,4.638,4.523,4.626,451864.683902
1741348800,4.629,4.677,4.518,4.578,741740.483821
1741363200,4.577,4.626,4.461,4.553,591791.776394
1741377600,4.552,4.579,4.372,4.414,473887.080822
1741392000,4.413,4.445,4.312,4.391,185178.736807
1741406400,4.391,4.423,4.355,4.381,272505.514738
1741420800,4.38,4.411,4.291,4.331,381810.708507
1741435200,4.332,4.405,4.33,4.342,223120.756479
1741449600,4.342,4.375,4.258,4.357,252835.351942
1741464000,4.357,4.359,4.268,4.288,143046.078056
1741478400,4.291,4.351,4.269,4.309,269460.033944
1741492800,4.308,4.348,4.291,4.319,127512.734467
1741507200,4.319,4.319,4.199,4.223,410376.52967
1741521600,4.223,4.27,4.134,4.163,391567.085298
1741536000,4.162,4.19,3.98,4.06,666330.109733
1741550400,4.061,4.094,3.988,4.016,283046.770498
1741564800,4.019,4.225,3.973,4.203,576942.288415
1741579200,4.202,4.25,4.148,4.169,288102.374739
1741593600,4.17,4.285,4.123,4.218,443050.286372
1741608000,4.219,4.239,3.994,4.066,524221.200516
1741622400,4.065,4.082,3.775,3.938,915987.01637
1741636800,3.937,3.976,3.864,3.869,546234.972257
1741651200,3.872,3.929,3.657,3.885,893332.727605
1741665600,3.885,3.992,3.88,3.947,268899.474679
1741680000,3.947,4.024,3.938,3.997,525167.017052
1741694400,3.997,4.022,3.817,3.975,1222704.727915
1741708800,3.975,4.123,3.934,4.105,630452.280854
1741723200,4.105,4.114,4.033,4.042,216993.425596
1741737600,4.044,4.096,3.948,3.953,390772.428813
1741752000,3.953,4.014,3.914,3.99,295862.143038
1741766400,3.99,4.067,3.949,4.017,586809.74047
1741780800,4.017,4.096,3.848,3.932,604202.859073
1741795200,3.927,3.986,3.919,3.971,178628.367545
1741809600,3.971,4.0,3.948,3.969,230739.29406
1741824000,3.972,4.031,3.927,3.972,469133.105748
1741838400,3.973,3.987,3.912,3.949,246700.006181
1741852800,3.949,4.07,3.921,4.069,431898.117863
1741867200,4.068,4.11,3.944,3.961,462754.951842
1741881600,3.961,3.966,3.825,3.886,472374.734599
1741896000,3.887,4.005,3.877,3.981,120341.833222
1741910400,3.982,4.061,3.969,4.028,257842.148703
1741924800,4.028,4.05,4.015,4.028,162668.629447
1741939200,4.028,4.193,4.023,4.162,423682.168965
1741953600,4.161,4.204,4.098,4.168,610404.409621
1741968000,4.17,4.222,4.169,4.19,502275.79908
1741982400,4.182,4.228,4.159,4.185,328700.56538
1741996800,4.187,4.252,4.185,4.238,232033.209536
1742011200,4.237,4.309,4.227,4.258,376375.201598
1742025600,4.259,4.351,4.246,4.349,250012.957661
1742040000,4.347,4.427,4.344,4.379,405371.883475
1742054400,4.382,4.404,4.334,4.355,179091.495667
1742068800,4.357,4.4,4.344,4.349,137375.308898
1742083200,4.349,4.361,4.294,4.334,129754.057592
1742097600,4.333,4.357,4.302,4.313,118786.48711
1742112000,4.314,4.325,4.185,4.198,323413.248456
1742126400,4.198,4.262,4.194,4.238,227714.128395
1742140800,4.238,4.342,4.202,4.229,200904.453285
1742155200,4.23,4.364,4.227,4.298,149844.264054
1742169600,4.299,4.467,4.298,4.435,295090.547599
1742184000,4.435,4.444,4.342,4.393,224106.531245
1742198400,4.389,4.436,4.36,4.371,233734.006645
1742212800,4.371,4.42,4.325,4.375,346658.125145
1742227200,4.376,4.436,4.34,4.403,226278.678846
1742241600,4.404,4.435,4.366,4.37,255782.435458
1742256000,4.37,4.37,4.261,4.266,198235.967977
1742270400,4.263,4.313,4.233,4.3,302830.342563
1742284800,4.3,4.339,4.254,4.264,299935.991438
1742299200,4.263,4.333,4.256,4.291,453720.661706
1742313600,4.288,4.399,4.242,4.385,294052.369727
1742328000,4.388,4.488,4.359,4.45,268805.015553
1742342400,4.451,4.533,4.437,4.526,295320.26813
1742356800,4.526,4.555,4.496,4.508,270373.205234
1742371200,4.513,4.558,4.473,4.535,353380.133161
1742385600,4.537,4.589,4.49,4.536,354224.392013
1742400000,4.535,4.597,4.454,4.563,374970.739167
1742414400,4.564,4.58,4.505,4.539,222355.181967
1742428800,4.542,4.569,4.469,4.474,223169.600217
1742443200,4.474,4.479,4.436,4.47,137241.674695
1742457600,4.472,4.501,4.384,4.398,302371.572275
1742472000,4.399,4.455,4.383,4.39,146214.392826
1742486400,4.388,4.407,4.326,4.344,231672.615136
1742500800,4.343,4.404,4.341,4.399,389270.859903
1742515200,4.399,4.541,4.39,4.465,335415.011889
1742529600,4.464,4.566,4.464,4.509,332827.972194
1742544000,4.508,4.536,4.409,4.427,393270.681506
1742558400,4.423,4.471,4.38,4.445,272393.392634
1742572800,4.447,4.578,4.422,4.515,286005.882793
1742587200,4.517,4.585,4.49,4.496,154658.570699
1742601600,4.499,4.503,4.442,4.46,112668.197693
1742616000,4.46,4.53,4.45,4.473,178171.67226
1742630400,4.475,4.509,4.448,4.464,162848.755208
1742644800,4.468,4.484,4.416,4.466,462155.227077
1742659200,4.465,4.545,4.453,4.526,237757.574198
1742673600,4.526,4.532,4.428,4.446,113267.60458
1742688000,4.445,4.468,4.431,4.453,171164.380336
1742702400,4.454,4.488,4.403,4.458,211968.621519
1742716800,4.458,4.487,4.422,4.472,128548.059791
1742731200,4.474,4.497,4.452,4.453,189348.717246
1742745600,4.452,4.469,4.399,4.468,132957.556968
1742760000,4.47,4.517,4.446,4.502,160707.969475
1742774400,4.502,4.571,4.47,4.552,251672.329003
1742788800,4.551,4.749,4.551,4.709,347474.535524
1742803200,4.71,4.774,4.688,4.693,255104.452087
1742817600,4.693,4.752,4.662,4.726,217296.831089
1742832000,4.726,4.73,4.668,4.69,186643.035389
1742846400,4.693,4.703,4.582,4.622,362851.709615
1742860800,4.619,4.677,4.584,4.601,238602.770473
1742875200,4.598,4.645,4.587,4.612,140150.82751
1742889600,4.615,4.684,4.615,4.673,155532.051327
1742904000,4.674,4.72,4.652,4.667,360742.205583
1742918400,4.668,4.684,4.632,4.661,288332.139952
1742932800,4.66,4.687,4.607,4.637,116698.816486
1742947200,4.637,4.696,4.595,4.607,312095.842319
1742961600,4.605,4.728,4.6,4.719,384158.092205
1742976000,4.72,4.767,4.682,4.754,238212.831766
1742990400,4.754,4.762,4.614,4.711,497385.015815
1743004800,4.712,4.738,4.606,4.671,364202.86685
1743019200,4.667,4.733,4.647,4.694,349079.748045
1743033600,4.695,4.757,4.685,4.736,260977.850831
1743048000,4.737,4.743,4.664,4.673,120291.386449
1743062400,4.674,4.687,4.58,4.582,272892.90128
1743076800,4.58,4.659,4.496,4.572,613278.257469
1743091200,4.572,4.615,4.55,4.588,396549.461215
1743105600,4.588,4.668,4.583,4.623,106208.06768
1743120000,4.625,4.646,4.556,4.573,209904.388254
1743134400,4.572,4.575,4.307,4.308,612568.627898
1743148800,4.308,4.333,4.25,4.291,601668.327619
1743163200,4.291,4.355,4.242,4.294,713215.332467
1743177600,4.29,4.318,4.248,4.268,226403.674832
1743192000,4.27,4.31,4.249,4.281,96739.251588
1743206400,4.281,4.304,4.168,4.231,249867.023015
1743220800,4.232,4.242,4.126,4.141,111650.637618
1743235200,4.141,4.179,4.051,4.081,441362.228201
1743249600,4.081,4.116,4.06,4.07,185266.089009
1743264000,4.071,4.095,4.006,4.07,351829.695608
1743278400,4.07,4.071,3.995,4.051,156121.033999
1743292800,4.05,4.15,4.029,4.107,220999.978482
1743307200,4.108,4.136,4.089,4.127,110569.812568
1743321600,4.129,4.172,4.091,4.1,169601.347278
1743336000,4.099,4.112,4.028,4.064,170415.771466
1743350400,4.063,4.122,4.0,4.083,165383.1952
1743364800,4.083,4.086,3.988,4.043,139677.808808
1743379200,4.044,4.082,3.974,4.019,143036.574825
1743393600,4.019,4.086,3.979,4.001,201235.210772
1743408000,4.001,4.041,3.948,4.028,167782.508546
1743422400,4.028,4.094,3.964,4.058,370255.813616
1743436800,4.056,4.084,4.018,4.036,62634.720219
1743451200,4.038,4.058,4.009,4.021,63673.818331
1743465600,4.02,4.092,4.016,4.08,138582.505263
1743480000,4.082,4.167,4.079,4.143,140090.415257
1743494400,4.146,4.26,4.146,4.193,313696.089689
1743508800,4.193,4.283,4.131,4.253,296745.091629
1743523200,4.253,4.263,4.147,4.154,186235.506604
1743537600,4.154,4.197,4.131,4.171,121752.553866
1743552000,4.171,4.176,4.063,4.11,195566.560771
1743566400,4.108,4.121,4.016,4.069,264719.455619
1743580800,4.065,4.135,4.05,4.065,229021.901408
1743595200,4.066,4.238,4.045,4.211,625071.975735
1743609600,4.212,4.227,4.119,4.151,228089.571066
1743624000,4.151,4.236,3.911,3.964,752967.343519
1743638400,3.966,4.108,3.942,4.04,200492.41352
1743652800,4.039,4.068,3.976,4.0,177393.38755
1743667200,4.001,4.026,3.929,3.944,189532.109578
1743681600,3.941,3.962,3.845,3.958,626644.781329
1743696000,3.957,4.063,3.946,4.025,305079.313751
1743710400,4.027,4.08,4.004,4.054,154019.227603
1743724800,4.058,4.072,3.988,4.02,191828.194851
1743739200,4.022,4.095,3.981,4.085,163860.233712
1743753600,4.087,4.132,3.946,4.023,332389.992369
1743768000,4.022,4.123,3.992,4.056,378606.050906
1743782400,4.059,4.099,4.021,4.044,206695.604116
1743796800,4.043,4.078,4.011,4.035,72927.844897
1743811200,4.034,4.069,4.014,4.024,72844.814355
1743825600,4.025,4.028,3.99,4.005,86928.870139
1743840000,4.004,4.016,3.981,3.985,71424.493402
1743854400,3.984,3.99,3.898,3.913,235224.393672
1743868800,3.913,3.954,3.904,3.927,76061.250284
1743883200,3.928,3.964,3.922,3.956,69401.873952
1743897600,3.957,3.976,3.915,3.932,135880.22801
1743912000,3.934,3.961,3.909,3.92,59347.381161
1743926400,3.921,3.946,3.907,3.941,117933.174629
1743940800,3.939,3.943,3.838,3.893,310218.56318
1743955200,3.894,3.9,3.685,3.738,661987.821423
1743969600,3.737,3.758,3.601,3.685,756802.061786
1743984000,3.685,3.707,3.442,3.501,926931.648677
1743998400,3.501,3.545,3.283,3.334,1343857.680528
1744012800,3.332,3.481,3.305,3.403,520620.537562
1744027200,3.404,3.735,3.385,3.602,1450936.139538
1744041600,3.598,3.65,3.516,3.565,636047.169889
1744056000,3.566,3.653,3.563,3.592,146546.52653
1744070400,3.592,3.706,3.574,3.651,577680.511233
1744084800,3.652,3.682,3.58,3.6,157391.102153
1744099200,3.6,3.678,3.568,3.671,162795.440003
1744113600,3.673,3.687,3.57,3.594,308620.837007
1744128000,3.593,3.596,3.393,3.405,538953.193484
1744142400,3.405,3.45,3.342,3.376,299716.95129
1744156800,3.377,3.421,3.248,3.356,672561.933205
1744171200,3.355,3.491,3.347,3.478,297443.863803
1744185600,3.479,3.491,3.364,3.385,540658.397417
1744200000,3.385,3.455,3.34,3.37,599321.869918
1744214400,3.372,3.738,3.363,3.691,1222496.740042
1744228800,3.695,3.753,3.629,3.643,392785.048999
1744243200,3.642,3.649,3.506,3.55,273705.831074
1744257600,3.55,3.61,3.519,3.557,241244.815156
1744272000,3.557,3.563,3.455,3.502,773839.240695
1744286400,3.501,3.566,3.392,3.413,687480.907532
1744300800,3.41,3.469,3.393,3.453,348081.76086
1744315200,3.452,3.495,3.449,3.462,103486.980705
1744329600,3.463,3.541,3.45,3.531,225631.14126
1744344000,3.531,3.543,3.479,3.504,451419.656188
1744358400,3.505,3.547,3.486,3.511,234635.420996
1744372800,3.512,3.553,3.487,3.529,296314.541774
1744387200,3.529,3.595,3.523,3.569,164554.020639
1744401600,3.571,3.599,3.541,3.559,63013.027925
1744416000,3.557,3.571,3.525,3.546,67596.834979
1744430400,3.55,3.589,3.537,3.575,95967.290314
1744444800,3.575,3.607,3.57,3.599,67897.958689
1744459200,3.599,3.756,3.59,3.727,274873.217733
1744473600,3.726,3.739,3.682,3.702,186794.531148
1744488000,3.703,3.745,3.697,3.713,122467.131429
1744502400,3.713,3.736,3.671,3.687,165037.632348
1744516800,3.686,3.691,3.633,3.638,115103.457112
1744531200,3.638,3.768,3.626,3.732,283552.713219
1744545600,3.733,3.762,3.643,3.705,237778.264868
1744560000,3.703,3.816,3.657,3.704,332640.356663
1744574400,3.704,3.765,3.616,3.668,350292.278225
1744588800,3.669,3.772,3.666,3.691,305686.908231
1744603200,3.693,3.735,3.633,3.665,161192.082945
1744617600,3.668,3.79,3.641,3.776,343169.750641
1744632000,3.778,3.798,3.684,3.708,628565.990627
1744646400,3.706,3.765,3.678,3.734,222580.162
1744660800,3.735,3.738,3.663,3.675,119035.039123
1744675200,3.674,3.704,3.635,3.699,167125.296552
1744689600,3.7,3.702,3.651,3.7,133290.494032
1744704000,3.696,3.735,3.636,3.658,219965.371978
1744718400,3.657,3.723,3.579,3.603,302862.936167
1744732800,3.604,3.62,3.554,3.583,182033.355507
1744747200,3.58,3.607,3.517,3.519,209042.429883
1744761600,3.518,3.572,3.505,3.556,157635.589463
1744776000,3.552,3.559,3.511,3.519,165971.77907
1744790400,3.518,3.554,3.486,3.526,208789.005863
1744804800,3.526,3.612,3.485,3.556,259992.326053
1744819200,3.557,3.606,3.469,3.576,284699.56708
1744833600,3.575,3.618,3.539,3.557,148733.736525
1744848000,3.556,3.594,3.54,3.561,90331.335292
1744862400,3.561,3.698,3.551,3.657,360132.606327
1744876800,3.659,3.68,3.619,3.641,340066.906501
1744891200,3.641,3.658,3.57,3.639,271247.256886
1744905600,3.641,3.686,3.606,3.633,301811.416924
1744920000,3.634,3.663,3.61,3.633,154278.800468
1744934400,3.635,3.662,3.611,3.66,88381.408806
1744948800,3.663,3.689,3.644,3.677,131231.527858
1744963200,3.677,3.726,3.673,3.716,187896.267117
1744977600,3.717,3.748,3.676,3.688,200329.241877
1744992000,3.686,3.712,3.682,3.696,49906.542994
1745006400,3.695,3.716,3.676,3.676,59291.737307
1745020800,3.677,3.74,3.646,3.729,241838.169256
1745035200,3.73,3.738,3.715,3.73,171105.860789
1745049600,3.73,3.737,3.72,3.736,146400.642247
1745064000,3.738,3.752,3.717,3.732,216542.395426
1745078400,3.73,3.787,3.716,3.779,223303.065588
1745092800,3.781,3.892,3.779,3.879,259581.962362
1745107200,3.88,3.922,3.867,3.914,316393.829336
1745121600,3.914,3.952,3.869,3.881,348023.169451
1745136000,3.882,3.884,3.81,3.827,327129.90424
1745150400,3.826,3.873,3.788,3.862,225002.629146
1745164800,3.863,3.915,3.857,3.89,135172.824386
1745179200,3.891,3.926,3.873,3.881,96130.00652
1745193600,3.881,3.955,3.874,3.908,395663.618854
1745208000,3.908,3.968,3.892,3.953,219404.23534
1745222400,3.953,3.983,3.885,3.899,360618.848195
1745236800,3.899,3.942,3.87,3.885,262767.187326
1745251200,3.885,3.897,3.789,3.842,259573.55576
1745265600,3.84,3.842,3.77,3.781,113624.733681
1745280000,3.781,3.812,3.724,3.751,223571.263934
1745294400,3.752,3.781,3.691,3.765,289183.487925
1745308800,3.765,3.797,3.728,3.783,255817.507853
1745323200,3.782,3.931,3.761,3.865,761834.552995
1745337600,3.865,3.922,3.853,3.908,137727.412346
1745352000,3.906,4.04,3.896,4.009,518981.420498
1745366400,4.009,4.098,3.998,4.092,367940.567625
1745380800,4.092,4.117,4.053,4.099,384973.845659
1745395200,4.099,4.199,4.08,4.11,464977.17206
1745409600,4.114,4.173,4.01,4.079,1110177.194837
1745424000,4.079,4.151,4.042,4.069,292850.295414
1745438400,4.069,4.114,4.062,4.092,75037.550352
1745452800,4.093,4.102,3.978,3.982,194295.600136
1745467200,3.981,4.045,3.965,3.981,307278.305768
1745481600,3.98,4.023,3.931,4.001,334699.134189
1745496000,3.996,4.17,3.984,4.126,541545.264318
1745510400,4.128,4.245,4.12,4.208,872447.624212
1745524800,4.211,4.287,4.21,4.269,308325.889833
1745539200,4.268,4.373,4.216,4.259,742455.060278
1745553600,4.257,4.363,4.239,4.33,262799.930006
1745568000,4.33,4.349,4.262,4.302,348322.122902
1745582400,4.303,4.327,4.226,4.305,579515.939746
1745596800,4.305,4.323,4.255,4.273,233060.371091
1745611200,4.276,4.304,4.23,4.253,172507.716726
1745625600,4.256,4.365,4.256,4.268,553005.160126
1745640000,4.266,4.331,4.243,4.307,232485.000783
1745654400,4.306,4.341,4.231,4.237,431435.780492
1745668800,4.238,4.292,4.202,4.284,256812.510294
1745683200,4.285,4.296,4.261,4.279,90126.986326
1745697600,4.279,4.302,4.256,4.262,114322.298809
1745712000,4.265,4.292,4.151,4.179,301179.19438
1745726400,4.179,4.189,4.11,4.144,281753.160686
1745740800,4.144,4.161,4.106,4.114,185218.814958
1745755200,4.114,4.14,4.074,4.094,405373.759123
1745769600,4.094,4.14,4.056,4.14,637109.031105
1745784000,4.14,4.149,4.088,4.088,585490.834535
1745798400,4.089,4.127,4.011,4.115,275177.569167
1745812800,4.117,4.235,4.11,4.223,468338.221837
1745827200,4.224,4.266,4.184,4.23,529395.560183
1745841600,4.231,4.234,4.088,4.113,422162.410657
1745856000,4.113,4.247,4.089,4.242,450307.045039
1745870400,4.242,4.268,4.211,4.243,313813.470967
1745884800,4.244,4.315,4.244,4.276,252605.911319
1745899200,4.278,4.331,4.238,4.302,148213.639879
1745913600,4.298,4.312,4.241,4.253,201700.868031
1745928000,4.253,4.291,4.199,4.273,176634.300935
1745942400,4.274,4.283,4.226,4.228,119446.686947
1745956800,4.232,4.233,4.103,4.149,344413.785288
1745971200,4.147,4.173,4.091,4.17,251304.9663
1745985600,4.17,4.175,4.09,4.116,145777.652492
1746000000,4.113,4.174,4.084,4.16,137473.102233
1746014400,4.16,4.16,4.028,4.077,593060.99492
1746028800,4.076,4.113,4.038,4.076,160868.185944
1746043200,4.075,4.139,4.064,4.065,165364.07201
1746057600,4.066,4.13,4.063,4.099,217250.805104
1746072000,4.101,4.123,4.077,4.119,79965.553654
1746086400,4.118,4.189,4.109,4.177,152073.582476
1746100800,4.179,4.216,4.121,4.159,302635.126561
1746115200,4.157,4.207,4.142,4.171,128699.093761
1746129600,4.168,4.224,4.154,4.179,127723.797069
1746144000,4.178,4.289,4.169,4.243,267470.746396
1746158400,4.243,4.251,4.172,4.186,152508.337077
1746172800,4.187,4.233,4.166,4.173,171537.172372
1746187200,4.174,4.241,4.159,4.203,162349.87889
1746201600,4.205,4.231,4.127,4.14,132749.308326
1746216000,4.139,4.171,4.131,4.161,63829.844729
1746230400,4.161,4.163,4.101,4.137,73640.593164
1746244800,4.137,4.171,4.133,4.142,72993.862289
1746259200,4.144,4.151,4.075,4.084,225347.634068
1746273600,4.086,4.145,4.085,4.113,70793.227801
1746288000,4.115,4.115,4.013,4.069,121269.885603
1746302400,4.07,4.075,4.027,4.029,66719.803137
1746316800,4.028,4.054,3.987,4.005,309383.247715
1746331200,4.006,4.042,3.983,4.022,267778.936104
1746345600,4.023,4.028,3.952,3.966,148927.555222
1746360000,3.964,3.997,3.923,3.963,340549.086811
1746374400,3.962,3.969,3.896,3.942,174081.08501
1746388800,3.942,3.975,3.906,3.919,225938.363588
1746403200,3.92,4.007,3.915,3.971,167657.988344
1746417600,3.973,4.021,3.956,3.981,128268.003032
1746432000,3.979,3.992,3.895,3.914,368966.830522
1746446400,3.916,3.938,3.888,3.897,246766.601722
1746460800,3.897,3.985,3.897,3.935,83030.51123
1746475200,3.939,3.959,3.884,3.918,125506.411576
1746489600,3.918,3.931,3.86,3.917,192444.646992
1746504000,3.918,3.929,3.883,3.893,80260.686001
1746518400,3.891,3.901,3.823,3.84,259994.993532
1746532800,3.84,3.932,3.827,3.91,371483.068648
1746547200,3.909,3.963,3.886,3.936,72874.974872
1746561600,3.936,3.977,3.847,3.971,250972.687994
1746576000,3.972,4.007,3.934,3.965,220336.33296
1746590400,3.964,3.985,3.933,3.983,87165.982827
1746604800,3.983,4.003,3.966,3.975,108529.318444
1746619200,3.98,3.98,3.914,3.922,215246.079762
1746633600,3.923,3.94,3.88,3.901,248128.811725
1746648000,3.901,3.987,3.892,3.966,125336.053244
1746662400,3.969,4.17,3.967,4.17,250488.497848
1746676800,4.171,4.266,4.171,4.212,405167.229134
1746691200,4.213,4.322,4.213,4.247,472675.969219
1746705600,4.247,4.349,4.203,4.298,412051.805904
1746720000,4.299,4.334,4.278,4.327,375047.930275
1746734400,4.331,4.493,4.315,4.456,610719.312828
1746748800,4.452,4.552,4.434,4.475,425529.855243
1746763200,4.477,4.637,4.447,4.605,479701.730842
1746777600,4.604,4.75,4.551,4.688,660137.590423
1746792000,4.684,4.762,4.626,4.732,469379.498434
1746806400,4.73,4.863,4.693,4.76,422786.399607
1746820800,4.763,4.819,4.746,4.8,183875.146066
1746835200,4.799,5.039,4.797,4.982,732296.060753
1746849600,4.979,5.133,4.928,5.062,493275.332668
1746864000,5.063,5.209,5.036,5.048,561043.668037
1746878400,5.051,5.116,4.986,5.003,316441.574401
1746892800,5.004,5.137,4.986,5.074,278881.129398
1746907200,5.074,5.325,5.041,5.309,377796.20672
1746921600,5.309,5.364,5.046,5.127,643069.02546
1746936000,5.128,5.212,4.952,5.003,432731.091743
1746950400,5.004,5.115,4.977,5.108,283144.622365
1746964800,5.109,5.122,4.997,5.055,468506.507027
1746979200,5.052,5.152,4.987,5.103,285581.777115
1746993600,5.106,5.149,5.058,5.097,131830.506197
1747008000,5.098,5.158,5.018,5.147,226144.451744
1747022400,5.147,5.394,5.095,5.266,419230.251749
1747036800,5.27,5.31,5.176,5.197,442815.759964
1747051200,5.198,5.373,5.057,5.103,665957.682042
1747065600,5.105,5.184,4.885,5.051,404990.292386
1747080000,5.049,5.116,5.016,5.07,129634.698718
1747094400,5.07,5.07,4.822,4.843,561817.708125
1747108800,4.841,5.013,4.832,4.97,238082.351385
1747123200,4.972,5.064,4.943,5.004,304723.304966
1747137600,5.003,5.074,4.954,5.045,383583.424837
1747152000,5.045,5.274,5.039,5.211,364710.371221
1747166400,5.211,5.236,5.158,5.194,180106.217837
1747180800,5.194,5.268,5.121,5.195,195130.160553
1747195200,5.195,5.249,5.137,5.149,262081.156774
1747209600,5.149,5.165,5.018,5.126,747177.522832
1747224000,5.126,5.132,4.973,5.022,381908.696905
1747238400,5.021,5.044,4.954,5.016,181029.036746
1747252800,5.014,5.029,4.948,4.98,123844.453646
1747267200,4.984,5.027,4.886,4.903,172015.342001
1747281600,4.904,4.93,4.757,4.762,373453.481464
1747296000,4.763,4.853,4.718,4.789,439298.225066
1747310400,4.787,4.849,4.685,4.838,722256.166839
1747324800,4.838,4.932,4.747,4.807,422952.556726
1747339200,4.807,4.842,4.677,4.775,405793.637582
1747353600,4.778,4.881,4.75,4.873,322616.423974
1747368000,4.873,4.913,4.819,4.881,151443.940625
1747382400,4.884,4.957,4.796,4.932,204906.592827
1747396800,4.933,4.942,4.849,4.909,310267.379286
1747411200,4.908,4.927,4.807,4.843,115688.889657
1747425600,4.84,4.841,4.711,4.756,568777.324734
1747440000,4.754,4.769,4.606,4.683,542478.920546
1747454400,4.683,4.763,4.675,4.73,152476.256351
1747468800,4.73,4.749,4.656,4.685,118470.269787
1747483200,4.687,4.701,4.605,4.662,113286.424436
1747497600,4.662,4.68,4.571,4.593,236094.231633
1747512000,4.593,4.682,4.556,4.615,200080.165321
1747526400,4.613,4.646,4.582,4.611,154924.482796
1747540800,4.608,4.758,4.608,4.752,143120.223773
1747555200,4.753,4.802,4.735,4.746,100176.077579
1747569600,4.746,4.92,4.72,4.91,273169.039424
1747584000,4.911,4.919,4.586,4.587,464976.056336
1747598400,4.586,4.814,4.509,4.793,432895.081735
1747612800,4.795,4.82,4.543,4.552,277111.678923
1747627200,4.552,4.581,4.413,4.5,301063.831152
1747641600,4.5,4.535,4.462,4.525,136323.398884
1747656000,4.524,4.585,4.438,4.561,250178.092581
1747670400,4.559,4.653,4.521,4.599,198228.478394
1747684800,4.6,4.613,4.559,4.597,121381.295174
1747699200,4.598,4.728,4.575,4.648,215042.095141
1747713600,4.65,4.686,4.579,4.595,129860.577843
1747728000,4.595,4.611,4.53,4.571,121594.705941
1747742400,4.57,4.608,4.52,4.601,121354.618574
1747756800,4.602,4.657,4.525,4.637,269166.583223
1747771200,4.635,4.704,4.617,4.676,162470.160247
1747785600,4.679,4.752,4.621,4.727,213281.946356
1747800000,4.727,4.773,4.67,4.682,324741.936755
1747814400,4.685,4.719,4.623,4.681,183006.164443
1747828800,4.683,4.777,4.651,4.76,418657.239395
1747843200,4.761,4.882,4.61,4.753,904645.702003
1747857600,4.753,4.802,4.706,4.74,298286.932023
1747872000,4.74,4.862,4.731,4.845,252918.535408
1747886400,4.846,4.864,4.784,4.857,227440.374593
1747900800,4.858,4.95,4.847,4.879,215551.89258
1747915200,4.881,4.977,4.843,4.93,273486.36572
1747929600,4.933,4.964,4.888,4.902,128754.466117
1747944000,4.903,4.958,4.881,4.949,97913.902679
1747958400,4.95,5.111,4.929,5.107,708205.03296
1747972800,5.108,5.119,4.901,4.923,312698.30676
1747987200,4.923,5.015,4.718,4.745,362629.800671
1748001600,4.746,4.818,4.599,4.714,1129794.477877
1748016000,4.715,4.769,4.675,4.69,245060.26446
1748030400,4.691,4.691,4.531,4.561,313779.361998
1748044800,4.562,4.634,4.541,4.616,106960.34343
1748059200,4.614,4.631,4.565,4.589,77697.406933
1748073600,4.593,4.631,4.576,4.607,66211.860102
1748088000,4.609,4.614,4.559,4.569,73325.346489
1748102400,4.57,4.612,4.545,4.592,73064.144714
1748116800,4.594,4.606,4.512,4.545,183686.719882
1748131200,4.544,4.563,4.456,4.52,252819.210372
1748145600,4.519,4.549,4.494,4.51,92895.197968
1748160000,4.513,4.513,4.428,4.459,186809.999978
1748174400,4.457,4.491,4.351,4.411,220539.047526
1748188800,4.413,4.462,4.369,4.446,98828.621984
1748203200,4.447,4.53,4.399,4.525,144877.67146
1748217600,4.526,4.575,4.496,4.561,161344.812244
1748232000,4.564,4.617,4.547,4.607,200057.966651
1748246400,4.607,4.609,4.51,4.518,725430.414026
1748260800,4.518,4.553,4.463,4.527,433704.731504
1748275200,4.528,4.547,4.427,4.454,156240.068248
1748289600,4.446,4.5,4.434,4.469,91986.432148
1748304000,4.47,4.494,4.371,4.428,160886.82847
1748318400,4.428,4.537,4.427,4.52,108940.957973
1748332800,4.523,4.574,4.523,4.56,133931.00778
1748347200,4.56,4.62,4.494,4.582,247503.414525
1748361600,4.585,4.614,4.551,4.555,113795.384026
1748376000,4.555,4.587,4.516,4.535,144959.759269
1748390400,4.536,4.561,4.485,4.548,153341.354533
1748404800,4.548,4.573,4.494,4.535,74663.983498
1748419200,4.539,4.618,4.504,4.615,170837.068233
1748433600,4.617,4.662,4.473,4.489,336280.484122
1748448000,4.491,4.557,4.418,4.424,93077.916284
1748462400,4.424,4.598,4.421,4.588,89620.307646
1748476800,4.589,4.682,4.563,4.626,272752.256972
1748491200,4.627,4.636,4.525,4.554,235767.180331
1748505600,4.558,4.598,4.538,4.585,84489.050828
1748520000,4.584,4.588,4.455,4.498,265806.631056
1748534400,4.498,4.52,4.403,4.435,218849.799508
1748548800,4.435,4.468,4.33,4.333,271354.611671
1748563200,4.331,4.358,4.101,4.212,872731.278116
1748577600,4.213,4.225,4.141,4.188,224865.104275
1748592000,4.189,4.225,4.163,4.217,244356.075566
1748606400,4.217,4.224,4.158,4.177,290749.439666
1748620800,4.177,4.196,4.042,4.185,369732.086578
1748635200,4.184,4.186,4.008,4.05,195412.738303
1748649600,4.051,4.065,3.895,3.96,583999.220052
1748664000,3.96,4.013,3.925,3.986,210123.41124
1748678400,3.986,4.016,3.965,3.978,66710.897545
1748692800,3.981,4.12,3.975,4.079,144376.426612
1748707200,4.079,4.118,4.069,4.095,61017.16502
1748721600,4.098,4.117,4.069,4.077,60791.372234
1748736000,4.077,4.087,4.028,4.067,74218.536696
1748750400,4.066,4.1,4.038,4.048,58128.069683
1748764800,4.046,4.049,3.971,4.024,129116.362137
1748779200,4.026,4.065,3.991,4.047,62943.08787
1748793600,4.05,4.087,3.993,4.041,132585.628534
1748808000,4.04,4.081,4.024,4.067,79798.374545
1748822400,4.067,4.089,4.003,4.02,54041.836769
1748836800,4.021,4.05,4.01,4.016,110192.121653
1748851200,4.015,4.025,3.952,3.973,183893.572906
1748865600,3.972,4.056,3.965,4.033,161854.357438
1748880000,4.035,4.061,4.012,4.037,90463.031997
1748894400,4.037,4.171,4.037,4.149,178702.754876
1748908800,4.149,4.221,4.142,4.148,149835.206822
1748923200,4.148,4.189,4.123,4.164,96630.097339
1748937600,4.164,4.181,4.136,4.152,162406.399817
1748952000,4.152,4.205,4.132,4.182,278606.283953
1748966400,4.185,4.207,4.166,4.194,107142.390533
1748980800,4.196,4.196,4.095,4.138,129362.979204
1748995200,4.138,4.206,4.124,4.19,148587.030723
1749009600,4.193,4.214,4.172,4.184,112890.733794
1749024000,4.183,4.204,4.127,4.13,127906.69268
1749038400,4.131,4.137,4.039,4.108,518965.172298
1749052800,4.108,4.108,4.033,4.041,137814.78937
1749067200,4.04,4.046,3.985,4.008,155518.976462
1749081600,4.005,4.048,3.999,4.035,63317.609647
1749096000,4.035,4.058,4.009,4.03,67982.498699
1749110400,4.031,4.039,3.987,4.006,62166.678659
1749124800,4.005,4.076,3.962,4.02,143462.51185
1749139200,4.019,4.021,3.829,3.894,460483.397873
1749153600,3.897,3.913,3.742,3.815,630156.174418
1749168000,3.815,3.921,3.803,3.917,171787.867632
1749182400,3.914,3.924,3.878,3.88,177954.247669
1749196800,3.88,3.919,3.873,3.91,95122.519008
1749211200,3.911,3.991,3.908,3.969,206276.153082
1749225600,3.967,3.981,3.88,3.891,121347.788692
1749240000,3.891,3.912,3.877,3.885,78241.455284
1749254400,3.885,3.98,3.868,3.978,71298.531577
1749268800,3.978,4.032,3.959,4.027,200950.400918
1749283200,4.028,4.035,3.986,4.027,105505.707232
1749297600,4.026,4.057,4.025,4.04,66667.398668
1749312000,4.04,4.046,4.003,4.015,39804.346193
1749326400,4.016,4.053,4.016,4.03,52593.692594
1749340800,4.03,4.04,4.012,4.02,22965.297961
1749355200,4.019,4.057,4.015,4.022,70113.886968
1749369600,4.021,4.046,3.977,4.043,150950.635755
1749384000,4.046,4.099,4.03,4.077,201324.695538
1749398400,4.078,4.113,4.061,4.078,79521.927825
1749412800,4.08,4.083,4.017,4.025,90932.270725
1749427200,4.023,4.039,3.986,4.007,84796.826354
1749441600,4.005,4.011,3.962,3.986,141607.92368
1749456000,3.987,4.076,3.974,4.054,228189.472485
1749470400,4.057,4.058,3.982,4.022,310497.261753
1749484800,4.022,4.095,4.022,4.066,172653.286574
1749499200,4.065,4.16,4.063,4.152,267404.685334
1749513600,4.152,4.215,4.143,4.149,254384.059879
1749528000,4.15,4.154,4.095,4.126,116551.330533
1749542400,4.127,4.24,4.102,4.235,275263.867915
1749556800,4.232,4.311,4.191,4.238,642890.242968
1749571200,4.24,4.315,4.226,4.274,253725.883207
1749585600,4.274,4.316,4.232,4.294,268851.802694
1749600000,4.294,4.312,4.238,4.274,207826.297315
1749614400,4.273,4.336,4.252,4.315,255600.500235
1749628800,4.315,4.325,4.212,4.231,245370.921082
1749643200,4.23,4.346,4.215,4.334,602583.426583
1749657600,4.334,4.341,4.22,4.246,742218.797905
1749672000,4.245,4.27,4.147,4.189,358397.335831
1749686400,4.189,4.203,4.124,4.141,310917.298504
1749700800,4.141,4.148,4.059,4.059,284371.791924
1749715200,4.058,4.084,4.003,4.015,297493.220564
1749729600,4.016,4.105,4.007,4.025,237476.167187
1749744000,4.026,4.096,3.969,3.982,245056.542323
1749758400,3.979,3.995,3.907,3.92,290668.351405
1749772800,3.92,3.92,3.663,3.78,1348962.441545
1749787200,3.779,3.832,3.753,3.822,225577.957908
1749801600,3.823,3.856,3.783,3.845,438418.708119
1749816000,3.844,3.856,3.783,3.823,279452.439067
1749830400,3.825,3.858,3.752,3.767,240859.65469
1749844800,3.767,3.845,3.759,3.841,195071.686663
1749859200,3.837,3.846,3.795,3.819,153885.903484
1749873600,3.817,3.83,3.787,3.812,106273.702384
1749888000,3.81,3.812,3.778,3.806,74901.231101
1749902400,3.805,3.815,3.748,3.765,311380.483177
1749916800,3.762,3.77,3.717,3.743,122715.166459
1749931200,3.742,3.793,3.72,3.78,75117.233895
1749945600,3.782,3.795,3.769,3.787,70596.454644
1749960000,3.786,3.817,3.767,3.775,78460.869039
1749974400,3.776,3.79,3.753,3.78,51253.034678
1749988800,3.782,3.835,3.772,3.803,103133.022133
1750003200,3.806,3.81,3.765,3.785,48945.309696
1750017600,3.786,3.828,3.734,3.821,124034.548209
1750032000,3.822,3.858,3.786,3.843,116044.848801
1750046400,3.844,3.906,3.841,3.903,139804.472841
1750060800,3.904,3.917,3.877,3.905,148927.613683
1750075200,3.906,3.961,3.888,3.936,149232.484055
1750089600,3.938,3.99,3.938,3.973,109378.999947
1750104000,3.974,3.992,3.839,3.849,253584.653255
1750118400,3.847,3.896,3.772,3.87,162909.34044
1750132800,3.871,3.875,3.825,3.834,84825.151693
1750147200,3.832,3.834,3.76,3.775,211714.311315
1750161600,3.775,3.79,3.7,3.726,231133.299814
1750176000,3.726,3.768,3.664,3.747,289113.442666
1750190400,3.748,3.756,3.697,3.719,46175.892629
1750204800,3.721,3.761,3.718,3.752,61708.871417
1750219200,3.753,3.785,3.741,3.749,61716.33952
1750233600,3.751,3.76,3.637,3.691,216588.201962
1750248000,3.691,3.698,3.587,3.638,469320.119784
1750262400,3.636,3.647,3.574,3.6,285646.087015
1750276800,3.603,3.675,3.59,3.625,126314.223205
1750291200,3.626,3.667,3.584,3.608,531549.737367
1750305600,3.609,3.618,3.563,3.573,130955.055365
1750320000,3.573,3.59,3.555,3.58,226906.949353
1750334400,3.58,3.596,3.526,3.528,246711.485915
1750348800,3.528,3.58,3.495,3.555,186233.158487
1750363200,3.558,3.574,3.537,3.548,73022.638835
1750377600,3.548,3.565,3.506,3.513,82071.021005
1750392000,3.511,3.543,3.459,3.541,317455.339715
1750406400,3.54,3.566,3.498,3.548,180633.533414
1750420800,3.547,3.577,3.464,3.475,242453.771322
1750435200,3.474,3.477,3.332,3.425,581098.625457
1750449600,3.422,3.456,3.392,3.436,189983.864758
1750464000,3.439,3.466,3.434,3.456,152531.004122
1750478400,3.459,3.496,3.444,3.482,150542.724339
1750492800,3.486,3.509,3.459,3.463,86815.249384
1750507200,3.463,3.467,3.387,3.411,138034.026001
1750521600,3.41,3.424,3.346,3.348,264133.824758
1750536000,3.348,3.382,3.21,3.323,745904.681364
1750550400,3.326,3.364,3.235,3.259,254811.603209
1750564800,3.259,3.324,3.248,3.285,139483.455343
1750579200,3.286,3.305,3.246,3.283,125260.35761
1750593600,3.281,3.297,3.127,3.174,724465.887868
1750608000,3.171,3.204,3.133,3.146,395489.408415
1750622400,3.146,3.16,3.016,3.154,936032.372249
1750636800,3.154,3.183,3.124,3.179,178392.955674
1750651200,3.179,3.248,3.167,3.215,282106.188229
1750665600,3.216,3.229,3.17,3.193,304671.301112
1750680000,3.194,3.3,3.179,3.207,449299.621208
1750694400,3.209,3.296,3.112,3.284,444646.242928
1750708800,3.285,3.422,3.278,3.416,790536.265208
1750723200,3.416,3.432,3.386,3.4,300646.376579
1750737600,3.402,3.486,3.386,3.414,257748.048828
1750752000,3.416,3.451,3.384,3.428,139595.495106
1750766400,3.429,3.478,3.416,3.448,232401.506178
1750780800,3.45,3.523,3.416,3.431,238060.279035
1750795200,3.432,3.463,3.42,3.439,72880.110474
1750809600,3.438,3.459,3.408,3.425,206637.961272
1750824000,3.426,3.444,3.398,3.431,119227.372529
1750838400,3.43,3.442,3.374,3.423,136787.472342
1750852800,3.423,3.459,3.352,3.362,378925.084606
1750867200,3.361,3.414,3.347,3.396,208711.348302
1750881600,3.394,3.419,3.341,3.353,112148.325395
1750896000,3.352,3.434,3.335,3.381,238573.34325
1750910400,3.383,3.396,3.334,3.375,285986.019741
1750924800,3.375,3.381,3.316,3.328,215097.349818
1750939200,3.328,3.332,3.271,3.315,320137.566411
1750953600,3.313,3.331,3.286,3.322,106848.408679
1750968000,3.322,3.358,3.292,3.298,146228.069909
1750982400,3.299,3.355,3.275,3.345,169352.694989
1750996800,3.345,3.377,3.288,3.295,235872.699411
1751011200,3.297,3.331,3.295,3.312,85372.032183
1751025600,3.312,3.362,3.292,3.356,210748.520257
1751040000,3.358,3.396,3.294,3.326,197868.160723
1751054400,3.326,3.38,3.319,3.36,231386.156574
1751068800,3.36,3.387,3.349,3.36,107195.707012
1751083200,3.36,3.36,3.34,3.355,174100.337062
1751097600,3.356,3.363,3.331,3.358,91503.876826
1751112000,3.358,3.376,3.339,3.374,56403.49124
1751126400,3.376,3.418,3.366,3.405,187352.022511
1751140800,3.405,3.426,3.392,3.409,65702.850026
1751155200,3.408,3.425,3.38,3.381,69910.138152
1751169600,3.383,3.411,3.379,3.41,30249.927247
1751184000,3.411,3.437,3.41,3.433,52546.307648
1751198400,3.433,3.442,3.394,3.4,114940.262164
1751212800,3.4,3.439,3.395,3.433,66854.120823
1751227200,3.433,3.581,3.402,3.543,315647.693058
1751241600,3.543,3.561,3.472,3.479,211323.497706
1751256000,3.478,3.481,3.414,3.461,98339.586333
1751270400,3.46,3.467,3.412,3.422,170792.694471
1751284800,3.422,3.433,3.351,3.396,599484.749226
1751299200,3.396,3.46,3.383,3.457,245315.101084
1751313600,3.457,3.465,3.395,3.4,315375.753659
1751328000,3.399,3.42,3.372,3.385,158518.415557
1751342400,3.385,3.385,3.314,3.357,329566.799418
1751356800,3.357,3.357,3.324,3.335,264665.367607
1751371200,3.335,3.363,3.31,3.334,327489.992702
1751385600,3.334,3.351,3.281,3.283,143834.651589
1751400000,3.282,3.3,3.257,3.281,344016.387621
1751414400,3.281,3.315,3.243,3.302,139209.583003
1751428800,3.302,3.341,3.296,3.315,94571.484911
1751443200,3.315,3.337,3.295,3.325,160154.470113
1751457600,3.326,3.433,3.318,3.432,266072.823924
1751472000,3.432,3.59,3.432,3.582,1053485.272653
1751486400,3.58,3.626,3.539,3.545,616033.725988
1751500800,3.545,3.572,3.532,3.535,177731.222493
1751515200,3.537,3.664,3.534,3.652,509590.683125
1751529600,3.654,3.66,3.579,3.59,305132.813569
1751544000,3.59,3.626,3.493,3.505,769082.285159
1751558400,3.506,3.551,3.504,3.544,188766.227534
1751572800,3.547,3.567,3.531,3.539,179352.51607
1751587200,3.54,3.561,3.502,3.515,310290.404679
1751601600,3.514,3.524,3.444,3.446,268933.629759
1751616000,3.447,3.463,3.412,3.438,253414.832481
1751630400,3.438,3.444,3.35,3.352,488761.691047
1751644800,3.352,3.355,3.314,3.331,152267.616742
1751659200,3.33,3.395,3.324,3.357,211412.658883
1751673600,3.358,3.383,3.336,3.368,96909.055662
1751688000,3.368,3.39,3.345,3.374,69764.279361
1751702400,3.374,3.383,3.347,3.364,55038.744119
1751716800,3.365,3.366,3.339,3.345,75815.50537
1751731200,3.346,3.351,3.308,3.338,81579.928796
1751745600,3.34,3.363,3.33,3.355,39005.451227
1751760000,3.356,3.358,3.336,3.344,33695.713036
1751774400,3.344,3.357,3.327,3.346,111007.158565
1751788800,3.347,3.37,3.337,3.37,96289.417106
1751803200,3.37,3.424,3.347,3.391,400714.022944
1751817600,3.391,3.407,3.369,3.392,172181.218167
1751832000,3.393,3.449,3.358,3.394,328971.086249
1751846400,3.395,3.439,3.378,3.414,224173.090308
1751860800,3.415,3.428,3.381,3.411,84999.866326
1751875200,3.411,3.416,3.371,3.386,85859.650082
1751889600,3.384,3.427,3.366,3.391,261099.339282
1751904000,3.394,3.407,3.347,3.381,174778.240243
1751918400,3.38,3.38,3.323,3.37,107487.692522
1751932800,3.368,3.387,3.334,3.348,216016.432838
1751947200,3.346,3.359,3.331,3.356,124411.806218
1751961600,3.357,3.401,3.327,3.385,163460.721807
1751976000,3.385,3.417,3.364,3.371,292772.555347
1751990400,3.373,3.467,3.36,3.439,353893.327769
1752004800,3.44,3.476,3.431,3.448,285399.831194
1752019200,3.449,3.455,3.416,3.417,299374.860045
1752033600,3.419,3.487,3.417,3.484,504311.26843
1752048000,3.485,3.53,3.472,3.522,188519.911167
1752062400,3.525,3.566,3.492,3.524,393004.198689
1752076800,3.526,3.635,3.5,3.624,425705.761901
1752091200,3.626,3.658,3.586,3.62,267706.358929
1752105600,3.62,3.649,3.59,3.639,229747.378549
1752120000,3.64,3.683,3.624,3.658,267284.263372
1752134400,3.66,3.698,3.647,3.67,218473.354487
1752148800,3.67,3.685,3.617,3.63,316678.582434
1752163200,3.631,3.758,3.623,3.718,341671.438046
1752177600,3.714,3.892,3.713,3.881,708267.267026
1752192000,3.882,3.933,3.811,3.917,553822.029209
1752206400,3.915,4.015,3.888,3.908,934307.222787
1752220800,3.909,3.999,3.909,3.936,317250.940259
1752235200,3.937,4.109,3.933,3.974,561698.648068
1752249600,3.977,4.084,3.959,4.076,262224.567711
1752264000,4.074,4.074,3.829,3.906,306845.980678
1752278400,3.907,4.013,3.849,4.013,387733.813562
1752292800,4.014,4.065,3.902,3.987,384872.27358
1752307200,3.987,4.024,3.96,3.988,191639.866609
1752321600,3.99,4.004,3.794,3.824,398738.254585
1752336000,3.824,3.912,3.808,3.899,206862.694136
1752350400,3.901,3.905,3.832,3.891,99325.22228
1752364800,3.892,3.929,3.876,3.921,125130.271176
1752379200,3.921,4.001,3.897,4.0,142696.457701
1752393600,4.001,4.012,3.936,3.968,281405.473507
1752408000,3.968,4.069,3.955,4.01,510743.122564
1752422400,4.011,4.059,3.974,4.018,123766.942339
1752436800,4.022,4.042,3.939,3.985,147278.512882
1752451200,3.986,4.162,3.973,4.142,324284.865874
1752465600,4.142,4.196,4.075,4.152,399550.271439
1752480000,4.153,4.155,4.078,4.086,828178.893184
1752494400,4.084,4.13,3.968,4.001,1405657.795719
1752508800,4.002,4.037,3.931,3.944,310077.395967
1752523200,3.946,3.975,3.901,3.95,149254.374436
1752537600,3.951,3.986,3.805,3.832,279029.147106
1752552000,3.834,3.897,3.801,3.865,171653.317512
1752566400,3.865,3.9,3.833,3.884,123828.004027
1752580800,3.885,3.964,3.837,3.945,292718.461172
1752595200,3.947,4.099,3.945,3.949,569814.859359
1752609600,3.948,4.098,3.936,4.083,212535.451081
1752624000,4.083,4.126,4.012,4.043,229621.220154
1752638400,4.044,4.145,4.013,4.127,389857.102787
1752652800,4.128,4.14,4.095,4.119,910331.296608
1752667200,4.119,4.186,4.083,4.133,428726.452691
1752681600,4.133,4.235,4.112,4.17,339394.123232
1752696000,4.171,4.268,4.137,4.158,490616.249502
1752710400,4.156,4.216,4.066,4.098,526972.340882
1752724800,4.093,4.225,4.081,4.185,514075.381599
1752739200,4.19,4.277,4.18,4.224,467061.867542
1752753600,4.226,4.269,4.14,4.188,756408.397334
1752768000,4.188,4.207,4.1,4.121,370199.402426
1752782400,4.122,4.304,4.074,4.259,1044561.756013
1752796800,4.259,4.437,4.234,4.434,1870508.310401
1752811200,4.434,4.623,4.408,4.484,1877252.50624
1752825600,4.484,4.539,4.377,4.423,941956.799777
1752840000,4.424,4.492,4.249,4.293,617989.270257
1752854400,4.293,4.358,4.221,4.255,273774.522991
1752868800,4.255,4.271,4.133,4.227,536727.760685
1752883200,4.226,4.299,4.131,4.297,495740.241949
1752897600,4.299,4.335,4.271,4.285,199364.592601
1752912000,4.284,4.303,4.216,4.23,171109.265405
1752926400,4.23,4.251,4.165,4.222,213116.329718
1752940800,4.221,4.404,4.202,4.387,397633.915527
1752955200,4.387,4.452,4.309,4.41,310050.061429
1752969600,4.411,4.437,4.358,4.389,228057.050192
1752984000,4.392,4.441,4.347,4.414,1314235.110934
1752998400,4.414,4.508,4.414,4.49,267539.152556
1753012800,4.488,4.553,4.461,4.538,475633.425481
1753027200,4.54,4.586,4.47,4.524,492921.082518
1753041600,4.528,4.537,4.381,4.481,476961.466252
1753056000,4.482,4.548,4.393,4.536,399558.97184
1753070400,4.537,4.604,4.503,4.582,396611.454129
1753084800,4.581,4.622,4.512,4.583,471736.802583
1753099200,4.585,4.674,4.551,4.594,499936.463645
1753113600,4.596,4.598,4.43,4.445,776940.524502
1753128000,4.446,4.519,4.427,4.5,262349.621089
1753142400,4.499,4.538,4.361,4.417,1035276.23661
1753156800,4.417,4.44,4.308,4.387,1042980.651719
1753171200,4.387,4.415,4.278,4.407,736034.038918
1753185600,4.408,4.498,4.331,4.42,541388.630099
1753200000,4.421,4.474,4.356,4.369,335148.712511
1753214400,4.368,4.552,4.354,4.548,294420.361816
1753228800,4.55,4.55,4.444,4.473,372431.22879
1753243200,4.473,4.536,4.43,4.446,353859.679485
1753257600,4.445,4.462,4.327,4.365,500610.740812
1753272000,4.365,4.375,4.121,4.241,1903070.575555
1753286400,4.24,4.241,4.075,4.139,655564.988852
1753300800,4.139,4.165,4.0,4.111,638848.517041
1753315200,4.111,4.2,4.085,4.14,347602.268473
1753329600,4.144,4.155,3.894,4.008,1572018.096995
1753344000,4.007,4.04,3.914,4.02,559872.829632
1753358400,4.019,4.14,3.939,4.084,906271.534856
1753372800,4.085,4.112,3.985,4.06,425427.280712
1753387200,4.06,4.097,3.985,4.0,290251.14719
1753401600,4.002,4.014,3.864,3.927,413943.727142
1753416000,3.925,3.981,3.883,3.938,261400.684897
1753430400,3.938,4.059,3.926,4.05,385069.497654
1753444800,4.049,4.077,3.896,3.954,448350.021312
1753459200,3.954,4.025,3.931,3.996,391305.19386
1753473600,3.996,4.1,3.995,4.088,204117.061373
1753488000,4.088,4.13,4.067,4.121,179705.740126
1753502400,4.12,4.125,4.088,4.093,71166.77598
1753516800,4.094,4.117,4.084,4.103,233683.248983
1753531200,4.104,4.144,4.087,4.142,435899.756541
1753545600,4.143,4.193,4.103,4.193,184497.233309
1753560000,4.192,4.193,4.119,4.121,131447.632163
1753574400,4.125,4.194,4.114,4.161,137372.183896
1753588800,4.163,4.206,4.154,4.163,121209.807442
1753603200,4.164,4.188,4.115,4.151,212941.093271
1753617600,4.151,4.185,4.137,4.169,267548.649237
1753632000,4.17,4.22,4.164,4.178,179637.980459
1753646400,4.181,4.255,4.164,4.24,133111.95393
1753660800,4.241,4.268,4.183,4.245,221093.931297
1753675200,4.247,4.31,4.228,4.272,187707.105525
1753689600,4.271,4.286,4.208,4.223,154629.161264
1753704000,4.225,4.236,4.049,4.071,465005.145466
1753718400,4.072,4.093,3.975,4.008,383852.085347
1753732800,4.008,4.013,3.931,3.965,232911.278388
1753747200,3.964,4.003,3.906,3.994,354369.756202
1753761600,3.994,4.083,3.968,4.076,234547.980927
1753776000,4.075,4.075,3.96,3.994,259372.846418
1753790400,3.994,4.042,3.891,3.917,255684.785635
1753804800,3.916,3.923,3.839,3.857,321530.642846
1753819200,3.857,3.916,3.821,3.906,238035.716093
1753833600,3.905,3.921,3.836,3.898,166369.382726
1753848000,3.896,3.909,3.855,3.87,100007.14816
1753862400,3.87,3.888,3.737,3.759,410402.454771
1753876800,3.76,3.858,3.734,3.82,430579.094947
1753891200,3.821,3.858,3.626,3.781,795321.118194
1753905600,3.779,3.813,3.736,3.808,137923.590155
1753920000,3.807,3.882,3.8,3.876,113130.91715
1753934400,3.875,3.904,3.865,3.886,103588.072159
1753948800,3.886,3.921,3.88,3.888,133036.209755
1753963200,3.89,3.891,3.744,3.788,319845.608213
1753977600,3.79,3.871,3.736,3.75,255221.193692
1753992000,3.749,3.764,3.666,3.681,224274.401573
1754006400,3.683,3.725,3.586,3.693,836906.725907
1754020800,3.692,3.692,3.617,3.657,423272.190195
1754035200,3.654,3.659,3.567,3.652,542094.540838
1754049600,3.652,3.693,3.544,3.645,378173.314097
1754064000,3.644,3.672,3.537,3.627,254457.074101
1754078400,3.624,3.632,3.445,3.548,409262.61976
1754092800,3.547,3.6,3.538,3.597,105049.884384
1754107200,3.598,3.63,3.51,3.589,191935.119714
1754121600,3.586,3.592,3.515,3.556,142690.198174
1754136000,3.552,3.574,3.486,3.496,230523.02233
1754150400,3.497,3.536,3.427,3.481,335494.869504
1754164800,3.479,3.53,3.476,3.509,104677.875374
1754179200,3.509,3.557,3.458,3.541,102124.231829
1754193600,3.541,3.581,3.529,3.575,75906.22886
1754208000,3.577,3.618,3.571,3.606,158033.29563
1754222400,3.608,3.617,3.568,3.589,231742.36962
1754236800,3.59,3.615,3.572,3.597,120728.543229
1754251200,3.599,3.627,3.587,3.603,138413.066893
1754265600,3.603,3.666,3.598,3.623,142917.163722
1754280000,3.623,3.654,3.607,3.635,148404.07667
1754294400,3.635,3.645,3.61,3.621,272236.62221
1754308800,3.621,3.71,3.614,3.693,255714.879429
1754323200,3.693,3.758,3.669,3.681,255505.626009
1754337600,3.681,3.735,3.674,3.719,110829.282143
1754352000,3.72,3.724,3.661,3.661,182865.264562
1754366400,3.663,3.679,3.587,3.598,246225.765319
1754380800,3.598,3.705,3.592,3.701,211850.392313
1754395200,3.7,3.705,3.561,3.578,483852.500636
1754409600,3.577,3.617,3.571,3.583,130649.052605
1754424000,3.586,3.626,3.538,3.623,122100.780808
1754438400,3.62,3.62,3.56,3.574,86870.547231
1754452800,3.572,3.646,3.553,3.634,116047.587523
1754467200,3.635,3.642,3.594,3.608,229028.371161
1754481600,3.608,3.682,3.573,3.679,187005.172927
1754496000,3.679,3.698,3.643,3.674,121388.719704
1754510400,3.675,3.686,3.66,3.675,46265.629842
1754524800,3.676,3.697,3.644,3.648,117619.274816
1754539200,3.647,3.693,3.643,3.683,323511.580396
1754553600,3.684,3.79,3.673,3.787,482799.759112
1754568000,3.788,3.805,3.741,3.766,350684.673523
1754582400,3.766,3.787,3.691,3.787,141538.837957
1754596800,3.788,3.872,3.783,3.865,194912.161799
1754611200,3.867,3.93,3.808,3.877,3938747.30601
1754625600,3.878,3.952,3.841,3.921,343036.196322
1754640000,3.921,3.944,3.887,3.916,141224.725306
1754654400,3.915,3.965,3.858,3.884,277066.99743
1754668800,3.884,3.989,3.881,3.989,286506.229989
1754683200,3.987,3.998,3.957,3.977,98931.440257
1754697600,3.979,4.025,3.971,3.999,132515.353282
1754712000,4.001,4.092,3.991,4.074,372978.60422
1754726400,4.075,4.111,4.07,4.099,204160.357631
1754740800,4.1,4.146,4.052,4.075,861456.581045
1754755200,4.077,4.14,4.077,4.128,160308.062013
1754769600,4.13,4.165,4.107,4.136,229943.610619
1754784000,4.139,4.182,4.087,4.136,336729.130764
1754798400,4.136,4.167,4.007,4.011,388116.345075
1754812800,4.011,4.056,3.964,3.991,327683.567801
1754827200,3.991,4.084,3.975,4.056,222602.623059
1754841600,4.055,4.091,4.034,4.074,280358.795358
1754856000,4.075,4.081,4.012,4.047,197979.151399
1754870400,4.048,4.158,4.033,4.13,279065.785997
1754884800,4.131,4.159,4.04,4.051,304688.526318
1754899200,4.049,4.074,3.913,3.934,338631.049047
1754913600,3.935,3.986,3.885,3.963,485561.83281
1754928000,3.963,4.022,3.88,3.909,723409.640116
1754942400,3.907,3.924,3.817,3.855,186046.603571
1754956800,3.854,3.935,3.846,3.898,215645.2311
1754971200,3.897,3.935,3.853,3.921,746899.081707
1754985600,3.922,3.922,3.836,3.884,167887.334695
1755000000,3.884,4.097,3.871,4.094,818253.159563
1755014400,4.095,4.233,4.072,4.171,615613.055142
1755028800,4.174,4.21,4.13,4.157,244621.553931
1755043200,4.157,4.199,4.096,4.188,400147.405435
1755057600,4.186,4.226,4.132,4.202,306521.17604
1755072000,4.2,4.292,4.198,4.261,489572.529803
1755086400,4.262,4.318,4.185,4.218,580065.425855
1755100800,4.222,4.252,4.176,4.248,542233.534112
1755115200,4.25,4.318,4.221,4.277,371339.608263
1755129600,4.277,4.369,4.247,4.332,389689.5939
1755144000,4.335,4.349,4.214,4.254,400913.486188
1755158400,4.256,4.257,4.165,4.196,316753.790662
1755172800,4.195,4.226,3.913,4.027,1895005.308612
1755187200,4.024,4.026,3.936,3.991,277047.971127
1755201600,3.99,4.0,3.903,3.986,202173.344711
1755216000,3.986,4.05,3.966,4.038,206682.440446
1755230400,4.034,4.104,3.997,4.031,337520.060474
1755244800,4.032,4.042,3.976,3.991,282991.98309
1755259200,3.991,4.037,3.831,3.86,712912.761138
1755273600,3.86,3.911,3.818,3.831,493768.584083
1755288000,3.831,3.937,3.821,3.896,220811.927445
1755302400,3.894,3.956,3.89,3.906,117740.307183
1755316800,3.911,3.939,3.89,3.935,180741.757595
1755331200,3.936,3.965,3.895,3.898,179269.231325
1755345600,3.9,3.997,3.894,3.981,244565.60343
1755360000,3.983,3.99,3.937,3.948,146254.209368
1755374400,3.948,3.984,3.942,3.965,151830.401858
1755388800,3.966,3.989,3.927,3.98,159772.055421
1755403200,3.981,4.036,3.979,4.023,257684.986576
1755417600,4.025,4.097,4.02,4.09,354123.600066
1755432000,4.09,4.171,4.051,4.171,307748.534974
1755446400,4.171,4.194,4.044,4.063,377746.908979
1755460800,4.063,4.103,4.05,4.052,196749.35151
1755475200,4.052,4.062,3.849,3.899,675063.61067
1755489600,3.897,3.933,3.836,3.861,437373.192509
1755504000,3.863,3.928,3.832,3.92,783186.971647
1755518400,3.919,3.98,3.866,3.919,393022.254853
1755532800,3.918,3.957,3.877,3.929,206220.127524
1755547200,3.93,3.974,3.899,3.914,131176.698853
1755561600,3.914,3.962,3.812,3.826,730739.695106
1755576000,3.823,3.854,3.785,3.838,676845.14015
1755590400,3.838,3.898,3.811,3.889,156451.691984
1755604800,3.888,3.907,3.77,3.774,790136.222444
1755619200,3.774,3.805,3.72,3.741,676087.600401
1755633600,3.741,3.786,3.712,3.721,166496.77725
1755648000,3.72,3.777,3.694,3.755,256665.165935
1755662400,3.754,3.789,3.753,3.77,271951.912109
1755676800,3.771,3.816,3.732,3.778,464738.000138
1755691200,3.779,3.865,3.71,3.821,571941.476187
1755705600,3.821,3.904,3.817,3.901,173374.52722
1755720000,3.903,3.907,3.877,3.884,102269.743767
1755734400,3.885,3.921,3.857,3.881,158032.438395
1755748800,3.88,3.898,3.842,3.872,86349.564492
1755763200,3.873,3.875,3.82,3.832,175518.550868
1755777600,3.831,3.872,3.783,3.796,295469.140951
1755792000,3.795,3.847,3.773,3.799,127595.45335
1755806400,3.799,3.84,3.779,3.797,84917.630886
1755820800,3.798,3.853,3.77,3.798,136302.520823
1755835200,3.798,3.85,3.797,3.84,140095.796237
1755849600,3.841,3.853,3.751,3.752,148643.321429
1755864000,3.753,4.003,3.686,3.959,1264708.811593
1755878400,3.959,4.114,3.959,4.098,1061967.263272
1755892800,4.1,4.205,4.1,4.179,489954.106981
1755907200,4.18,4.191,4.026,4.047,554658.756365
1755921600,4.048,4.184,4.047,4.146,296084.642856
1755936000,4.146,4.163,4.122,4.141,153281.645108
1755950400,4.141,4.173,4.121,4.156,178263.372483
1755964800,4.158,4.242,4.134,4.235,216458.392417
1755979200,4.237,4.265,4.182,4.227,427768.239742
1755993600,4.226,4.241,4.138,4.162,216773.839235
1756008000,4.163,4.171,4.077,4.09,192180.681369
1756022400,4.09,4.112,4.013,4.034,262948.072429
1756036800,4.036,4.107,4.022,4.062,180512.793899
1756051200,4.063,4.283,4.043,4.134,921198.859207
1756065600,4.135,4.16,4.04,4.108,342847.099647
1756080000,4.109,4.145,4.035,4.101,219628.971081
1756094400,4.102,4.109,3.898,3.912,511109.624162
1756108800,3.913,3.939,3.852,3.899,735388.464626
1756123200,3.899,3.931,3.861,3.87,341655.218751
1756137600,3.87,3.896,3.771,3.777,419714.519628
1756152000,3.779,3.797,3.69,3.733,590616.845411
1756166400,3.735,3.81,3.708,3.79,314734.389493
1756180800,3.79,3.823,3.756,3.794,285579.069699
1756195200,3.794,3.814,3.762,3.781,118516.646158
1756209600,3.78,3.856,3.761,3.815,395087.180382
1756224000,3.816,3.913,3.806,3.908,133561.419077
1756238400,3.907,3.923,3.88,3.886,155177.668031
1756252800,3.887,3.915,3.849,3.894,136114.612776
1756267200,3.893,3.926,3.849,3.853,201145.335487
1756281600,3.853,3.89,3.838,3.884,127439.571848
1756296000,3.884,3.933,3.856,3.913,226109.636976
1756310400,3.913,3.919,3.842,3.867,335995.108459
1756324800,3.867,3.913,3.823,3.838,602297.787252
1756339200,3.837,3.878,3.808,3.874,297550.820306
1756353600,3.875,3.941,3.867,3.934,220992.121827
1756368000,3.934,3.99,3.931,3.966,229497.457689
1756382400,3.966,4.019,3.946,3.957,485835.246129
1756396800,3.957,3.984,3.881,3.881,224792.247509
1756411200,3.882,4.005,3.874,3.98,207151.823846
1756425600,3.981,4.002,3.923,3.953,140091.08408
1756440000,3.953,3.96,3.81,3.815,542930.397901
1756454400,3.816,3.833,3.749,3.828,463293.288911
1756468800,3.828,3.914,3.754,3.771,501474.993623
1756483200,3.772,3.789,3.725,3.764,219898.393233
1756497600,3.764,3.786,3.724,3.775,326346.943837
1756512000,3.776,3.826,3.713,3.82,454637.296241
1756526400,3.82,3.821,3.79,3.813,434749.156069
1756540800,3.814,3.814,3.775,3.795,159022.380307
1756555200,3.796,3.796,3.732,3.788,426867.405956
1756569600,3.787,3.794,3.758,3.792,120672.495588
1756584000,3.792,3.812,3.775,3.81,132816.71722
1756598400,3.81,3.875,3.81,3.858,204705.280568
1756612800,3.86,3.862,3.799,3.801,213805.570367
1756627200,3.803,3.845,3.784,3.816,212405.131091
1756641600,3.817,3.829,3.78,3.818,121911.789222
1756656000,3.818,3.829,3.788,3.798,79488.01299
1756670400,3.799,3.815,3.735,3.743,233101.235908
1756684800,3.742,3.754,3.675,3.69,573545.459493
1756699200,3.689,3.822,3.657,3.822,319962.051467
1756713600,3.822,3.888,3.761,3.769,689915.017556
1756728000,3.771,3.797,3.721,3.732,146844.108036
1756742400,3.732,3.744,3.695,3.742,90683.927989
1756756800,3.741,3.743,3.614,3.695,540925.805492
1756771200,3.695,3.787,3.679,3.772,149230.255341
1756785600,3.773,3.788,3.747,3.755,396531.728444
1756800000,3.756,3.784,3.751,3.753,61538.580655
1756814400,3.756,3.817,3.692,3.732,505505.831225
1756828800,3.734,3.788,3.734,3.749,58764.561286
1756843200,3.751,3.829,3.746,3.821,148745.285897
1756857600,3.821,3.841,3.79,3.822,81984.410817
1756872000,3.82,3.827,3.785,3.811,54357.598193
1756886400,3.81,3.851,3.808,3.827,99878.374553
1756900800,3.827,3.905,3.812,3.892,264258.417482
1756915200,3.892,3.903,3.864,3.893,69867.526201
1756929600,3.893,3.899,3.859,3.865,60078.240831
1756944000,3.866,3.877,3.808,3.809,107261.248883
1756958400,3.811,3.819,3.762,3.786,95001.374853
1756972800,3.786,3.805,3.767,3.782,68001.249388
1756987200,3.782,3.8,3.742,3.758,140783.668275
1757001600,3.757,3.778,3.724,3.742,124833.734078
1757016000,3.739,3.804,3.736,3.763,113852.273388
1757030400,3.764,3.789,3.756,3.784,59960.143668
1757044800,3.785,3.842,3.775,3.839,99618.69308
1757059200,3.84,3.843,3.808,3.83,80916.472833
1757073600,3.83,3.894,3.775,3.807,561026.89288
1757088000,3.81,3.829,3.788,3.827,85920.978353
1757102400,3.828,3.848,3.808,3.827,75444.976625
1757116800,3.828,3.885,3.826,3.883,132281.952924
1757131200,3.882,3.883,3.82,3.826,157243.966601
1757145600,3.827,3.829,3.796,3.814,80764.378464
1757160000,3.814,3.826,3.791,3.793,91148.032752
1757174400,3.793,3.824,3.781,3.792,106374.622636
1757188800,3.793,3.835,3.791,3.824,42084.528828
1757203200,3.824,3.861,3.822,3.851,64566.217979
1757217600,3.852,3.869,3.846,3.853,63884.610904
1757232000,3.853,3.866,3.847,3.866,47866.764075
1757246400,3.867,4.09,3.865,3.969,1504694.820853
1757260800,3.969,4.015,3.952,3.992,313209.547731
1757275200,3.991,4.019,3.977,3.994,144629.296568
1757289600,3.996,4.074,3.981,4.052,319914.555561
1757304000,4.051,4.057,3.987,3.996,220597.983984
1757318400,3.997,4.055,3.996,4.023,314325.368273
1757332800,4.024,4.079,4.005,4.07,387501.175663
1757347200,4.07,4.08,4.016,4.022,249902.156853
1757361600,4.023,4.071,4.003,4.045,195048.522805
1757376000,4.045,4.1,4.004,4.046,374111.161893
1757390400,4.044,4.174,4.03,4.125,495090.046238
1757404800,4.126,4.181,4.119,4.146,317123.153322
1757419200,4.148,4.188,4.049,4.07,803201.694881
1757433600,4.07,4.114,4.03,4.107,153164.757014
1757448000,4.107,4.144,4.09,4.138,153167.999576
1757462400,4.14,4.154,4.098,4.134,347420.163672
1757476800,4.135,4.135,4.075,4.114,126785.087164
1757491200,4.116,4.127,4.054,4.083,238747.982979
1757505600,4.082,4.208,4.078,4.172,647567.016343
1757520000,4.175,4.198,4.144,4.161,264902.634634
1757534400,4.162,4.228,4.16,4.217,215554.623737
1757548800,4.217,4.257,4.196,4.241,275515.505286
1757563200,4.243,4.244,4.196,4.227,206790.151919
1757577600,4.226,4.228,4.174,4.193,188831.092425
1757592000,4.194,4.246,4.128,4.164,504834.395075
1757606400,4.164,4.23,4.161,4.212,174299.036166
1757620800,4.212,4.257,4.203,4.241,97076.505437
1757635200,4.242,4.279,4.201,4.218,191869.387422
1757649600,4.218,4.269,4.202,4.232,180866.933282
1757664000,4.233,4.234,4.17,4.174,206033.853081
1757678400,4.176,4.245,4.152,4.196,239034.634902
1757692800,4.197,4.297,4.196,4.293,256834.05279
1757707200,4.293,4.322,4.252,4.318,235252.407308
1757721600,4.319,4.383,4.303,4.377,306939.896989
1757736000,4.377,4.504,4.361,4.456,780872.944461
1757750400,4.458,4.594,4.451,4.584,777979.827618
1757764800,4.586,4.626,4.485,4.509,798765.048752
1757779200,4.511,4.54,4.417,4.464,408229.783011
1757793600,4.465,4.515,4.461,4.494,113538.144264
1757808000,4.491,4.496,4.392,4.399,390802.502447
1757822400,4.4,4.445,4.364,4.418,209070.803386
1757836800,4.419,4.467,4.366,4.374,330888.611682
1757851200,4.375,4.395,4.278,4.326,442599.76746
1757865600,4.327,4.377,4.316,4.33,184134.926867
1757880000,4.33,4.372,4.309,4.314,101945.571932
1757894400,4.315,4.377,4.288,4.367,174452.793952
1757908800,4.367,4.403,4.238,4.249,618130.653386
1757923200,4.248,4.251,4.137,4.189,548698.737728
1757937600,4.189,4.204,4.116,4.145,285186.268213
1757952000,4.143,4.162,4.104,4.144,359093.755692
1757966400,4.144,4.179,4.139,4.152,126127.047647
1757980800,4.151,4.164,4.122,4.154,134309.455144
1757995200,4.155,4.21,4.109,4.17,328832.641563
1758009600,4.17,4.253,4.169,4.209,492118.712877
1758024000,4.21,4.247,4.151,4.227,329669.419232
1758038400,4.228,4.29,4.194,4.275,296167.835356
1758052800,4.276,4.297,4.246,4.254,139765.711805
1758067200,4.255,4.265,4.211,4.214,164780.765505
1758081600,4.214,4.241,4.174,4.23,296671.290631
1758096000,4.229,4.229,4.161,4.181,220768.939056
1758110400,4.182,4.203,4.156,4.168,185572.265656
1758124800,4.166,4.283,4.137,4.283,983729.520157
1758139200,4.284,4.432,4.224,4.402,518905.358852
1758153600,4.403,4.489,4.374,4.476,376420.152675
1758168000,4.476,4.517,4.418,4.491,570515.361823
1758182400,4.49,4.569,4.476,4.525,533501.09196
1758196800,4.524,4.58,4.512,4.548,701285.471259
1758211200,4.548,4.597,4.528,4.562,354920.778741
1758225600,4.562,4.573,4.512,4.531,243120.940522
1758240000,4.532,4.88,4.532,4.632,2194597.946657
1758254400,4.63,4.675,4.567,4.603,972512.560671
1758268800,4.603,4.64,4.461,4.495,633514.568092
1758283200,4.495,4.541,4.412,4.441,676499.060347
1758297600,4.442,4.458,4.352,4.39,467000.714964
1758312000,4.389,4.419,4.32,4.359,214942.152296
1758326400,4.359,4.388,4.289,4.336,441540.620055
1758340800,4.335,4.415,4.323,4.415,239646.223441
1758355200,4.416,4.416,4.334,4.36,199347.78316
1758369600,4.359,4.461,4.323,4.403,418441.712667
1758384000,4.404,4.423,4.345,4.357,258125.451718
1758398400,4.357,4.395,4.342,4.356,124530.866882
1758412800,4.356,4.373,4.319,4.359,186528.298329
1758427200,4.358,4.387,4.333,4.368,196632.168055
1758441600,4.369,4.379,4.285,4.306,243280.76915
1758456000,4.305,4.339,4.275,4.282,154505.51143
1758470400,4.282,4.302,4.237,4.289,215381.928176
1758484800,4.289,4.292,4.254,4.263,118572.738026
1758499200,4.262,4.28,4.084,4.136,924581.189557
1758513600,4.136,4.149,3.802,3.979,2827494.423058
1758528000,3.98,4.005,3.937,3.975,799095.706221
1758542400,3.976,4.027,3.966,3.977,327500.177838
1758556800,3.977,3.997,3.931,3.946,329441.255766
1758571200,3.945,4.039,3.941,4.037,213657.508373
1758585600,4.036,4.059,3.937,4.02,362888.05773
1758600000,4.021,4.044,3.987,4.013,250372.552356
1758614400,4.016,4.044,4.0,4.021,182194.290134
1758628800,4.02,4.05,3.996,4.032,172640.648641
1758643200,4.033,4.055,3.959,3.966,338871.057363
1758657600,3.965,4.016,3.959,3.964,188786.977396
1758672000,3.965,4.022,3.932,3.942,389129.993556
1758686400,3.942,4.044,3.89,4.033,995940.270797
1758700800,4.033,4.082,4.025,4.067,248410.211639
1758715200,4.067,4.114,4.05,4.062,493716.596367
1758729600,4.062,4.071,4.023,4.041,225464.913838
1758744000,4.041,4.052,3.979,3.992,264710.465406
1758758400,3.993,4.004,3.928,3.954,520130.290125
1758772800,3.953,3.965,3.875,3.906,659986.071626
1758787200,3.908,3.957,3.892,3.904,476296.3584
1758801600,3.903,3.991,3.829,3.933,1129292.382505
1758816000,3.933,3.94,3.775,3.86,1084063.617797
1758830400,3.861,3.87,3.772,3.804,444698.569317
1758844800,3.805,3.862,3.794,3.836,288379.772837
1758859200,3.836,3.861,3.804,3.833,493086.652138
1758873600,3.835,3.852,3.777,3.822,430676.882807
1758888000,3.822,3.908,3.786,3.901,739685.082845
1758902400,3.899,3.97,3.898,3.921,265019.246649
1758916800,3.921,3.94,3.906,3.925,160415.171433
1758931200,3.925,3.926,3.9,3.909,119624.040042
1758945600,3.908,3.919,3.875,3.886,554917.978934
1758960000,3.886,3.894,3.849,3.879,150152.66066
1758974400,3.879,3.9,3.86,3.896,143555.460199
1758988800,3.897,3.899,3.854,3.877,164878.869868
1759003200,3.877,3.917,3.868,3.889,124572.326103
1759017600,3.89,3.892,3.823,3.837,241836.18944
1759032000,3.837,3.839,3.804,3.829,149295.403763
1759046400,3.828,3.835,3.793,3.813,270756.92247
1759060800,3.813,3.872,3.797,3.866,369268.172814
1759075200,3.866,3.912,3.866,3.9,241152.820935
1759089600,3.901,4.029,3.897,3.996,506617.075668
1759104000,3.997,4.008,3.959,3.988,416799.893808
1759118400,3.986,3.989,3.925,3.942,274714.29662
1759132800,3.942,4.004,3.916,3.934,609041.944617
1759147200,3.934,4.005,3.86,3.958,672427.29526
1759161600,3.958,3.98,3.917,3.976,135062.71451
1759176000,3.976,4.023,3.974,3.981,205403.008453
1759190400,3.98,3.992,3.927,3.934,264929.506191
1759204800,3.934,3.941,3.897,3.904,281738.437559
1759219200,3.903,3.907,3.861,3.904,253027.079899
1759233600,3.903,3.909,3.81,3.838,303404.39915
1759248000,3.837,3.909,3.808,3.901,279868.327051
1759262400,3.902,3.935,3.88,3.909,258961.243472
1759276800,3.909,3.94,3.883,3.892,326087.035907
1759291200,3.893,3.936,3.889,3.915,154057.838119
1759305600,3.914,4.11,3.912,4.079,1033679.775564
1759320000,4.08,4.086,4.041,4.074,265491.206369
1759334400,4.075,4.123,4.047,4.113,228802.504833
1759348800,4.112,4.125,4.085,4.125,90746.194754
1759363200,4.126,4.187,4.1,4.174,430842.058404
1759377600,4.175,4.253,4.158,4.194,424111.357238
1759392000,4.194,4.268,4.178,4.253,223649.679353
1759406400,4.254,4.318,4.168,4.24,732092.331349
1759420800,4.241,4.339,4.23,4.318,333123.871801
1759435200,4.319,4.331,4.285,4.307,277176.677523
1759449600,4.308,4.311,4.223,4.24,377645.962472
1759464000,4.241,4.283,4.188,4.205,330673.725038
1759478400,4.205,4.249,4.179,4.227,215335.822804
1759492800,4.228,4.323,4.201,4.319,477581.809805
1759507200,4.32,4.384,4.237,4.318,776331.416936
1759521600,4.318,4.344,4.295,4.32,156735.321169
1759536000,4.321,4.328,4.248,4.27,158837.903258
1759550400,4.27,4.31,4.249,4.279,146262.887037
1759564800,4.279,4.284,4.192,4.206,331973.242885
1759579200,4.206,4.248,4.14,4.152,265562.901686
1759593600,4.153,4.183,4.135,4.176,131384.217833
1759608000,4.176,4.211,4.169,4.19,76005.966817
1759622400,4.19,4.277,4.166,4.249,218133.621578
1759636800,4.248,4.357,4.24,4.355,466054.789868
1759651200,4.356,4.375,4.23,4.264,438116.766256
1759665600,4.264,4.267,4.213,4.243,155476.297503
1759680000,4.242,4.253,4.079,4.1,565770.569516
1759694400,4.1,4.15,4.079,4.135,222630.53275
1759708800,4.135,4.183,4.11,4.16,252885.473313
1759723200,4.16,4.197,4.135,4.164,132212.518603
1759737600,4.165,4.239,4.165,4.217,192064.635813
1759752000,4.218,4.443,4.213,4.377,936583.216995
1759766400,4.378,4.406,4.349,4.388,355101.544225
1759780800,4.389,4.41,4.353,4.398,312228.179042
1759795200,4.398,4.434,4.359,4.366,368019.367376
1759809600,4.366,4.388,4.28,4.291,416910.022793
1759824000,4.292,4.337,4.249,4.33,264060.173512
1759838400,4.329,4.364,4.13,4.155,1100095.608775
1759852800,4.156,4.211,4.11,4.142,415605.726832
1759867200,4.142,4.19,4.132,4.139,102014.468023
1759881600,4.14,4.186,4.086,4.102,261637.417303
1759896000,4.101,4.157,4.064,4.155,234358.905255
1759910400,4.156,4.185,4.113,4.154,204042.137463
1759924800,4.154,4.2,4.114,4.138,321593.506532
1759939200,4.137,4.242,4.128,4.22,357761.212538
1759953600,4.22,4.229,4.188,4.194,72043.466338
1759968000,4.195,4.199,4.063,4.111,400390.863366
1759982400,4.11,4.13,4.055,4.057,216238.296138
1759996800,4.057,4.061,3.984,4.039,505739.218274
1760011200,4.038,4.081,3.981,4.006,336566.216734
1760025600,4.004,4.042,3.964,4.035,207542.265575
1760040000,4.036,4.102,4.026,4.074,201590.034894
1760054400,4.075,4.151,4.05,4.114,157518.835035
1760068800,4.113,4.151,4.075,4.082,194213.619877
1760083200,4.082,4.188,4.063,4.178,274387.46698
1760097600,4.178,4.292,4.012,4.059,1248931.485099
1760112000,4.058,4.089,3.876,3.931,1125463.851862
1760126400,3.93,3.969,0.964,2.928,14791074.67628
1760140800,2.928,3.182,2.858,3.115,5151691.748376
1760155200,3.116,3.212,3.088,3.194,2134377.445307
1760169600,3.193,3.315,3.163,3.222,1533483.435794
1760184000,3.222,3.222,3.073,3.141,996821.773143
1760198400,3.14,3.166,2.983,3.013,850144.656142
1760212800,3.014,3.025,2.896,2.998,1029334.780386
1760227200,2.997,3.003,2.909,2.976,849383.307449
1760241600,2.977,3.061,2.975,3.019,513136.778852
1760256000,3.019,3.038,2.968,3.024,516214.729163
1760270400,3.023,3.211,2.986,3.202,1238874.124237
1760284800,3.201,3.289,3.2,3.28,1187559.328736
1760299200,3.28,3.308,3.196,3.241,624228.121668
1760313600,3.241,3.267,3.195,3.224,783090.498941
1760328000,3.224,3.327,3.202,3.295,850043.809324
1760342400,3.295,3.365,3.219,3.274,1244647.600598
1760356800,3.273,3.35,3.234,3.318,1595235.11596
1760371200,3.32,3.41,3.286,3.396,710867.166003
1760385600,3.396,3.445,3.367,3.374,533785.867151
1760400000,3.375,3.398,3.291,3.301,620539.074542
1760414400,3.302,3.314,3.071,3.115,1606741.244925
1760428800,3.114,3.175,3.075,3.139,641389.196385
1760443200,3.138,3.242,3.067,3.237,829529.803782
1760457600,3.238,3.286,3.184,3.236,876736.691256
1760472000,3.235,3.265,3.211,3.248,148369.175999
1760486400,3.247,3.264,3.202,3.223,243254.264332
1760500800,3.225,3.286,3.206,3.279,398329.736888
1760515200,3.279,3.343,3.217,3.224,490873.566949
1760529600,3.224,3.237,3.121,3.145,1038563.181453
1760544000,3.145,3.188,3.122,3.147,571648.732269
1760558400,3.148,3.168,3.088,3.137,474616.427192
1760572800,3.138,3.177,3.12,3.121,213196.709672
1760587200,3.123,3.177,3.115,3.148,245817.351581
1760601600,3.149,3.2,3.047,3.183,695718.260815
1760616000,3.184,3.205,3.045,3.059,736735.004793
1760630400,3.058,3.129,2.993,3.02,851715.428729
1760644800,3.02,3.037,2.966,3.017,502248.242179
1760659200,3.018,3.06,3.009,3.043,293208.968764
1760673600,3.044,3.047,2.812,2.821,1115911.96788
1760688000,2.821,2.936,2.772,2.911,1526930.097943
1760702400,2.91,2.931,2.857,2.923,608706.439953
1760716800,2.923,2.96,2.891,2.904,393456.36712
1760731200,2.904,2.948,2.886,2.892,307970.380683
1760745600,2.893,2.947,2.889,2.936,190115.19674
1760760000,2.936,2.97,2.899,2.923,392083.776759
1760774400,2.924,2.95,2.914,2.945,197686.775224
1760788800,2.946,2.955,2.901,2.921,124870.204507
1760803200,2.921,2.939,2.894,2.934,207817.256868
1760817600,2.933,2.947,2.919,2.932,64317.285229
1760832000,2.933,2.942,2.905,2.936,160423.032037
1760846400,2.936,2.94,2.899,2.915,141736.054996
1760860800,2.916,3.02,2.886,2.983,497277.140671
1760875200,2.987,3.044,2.964,3.03,339226.150852
1760889600,3.033,3.058,3.013,3.026,314793.547234
1760904000,3.026,3.038,3.004,3.009,168480.725012
1760918400,3.009,3.072,2.949,3.061,435856.336913
1760932800,3.062,3.122,3.052,3.092,419394.822083
1760947200,3.093,3.113,3.072,3.093,251462.454317
1760961600,3.092,3.133,3.079,3.089,427829.516478
1760976000,3.087,3.11,3.033,3.099,571859.862679
1760990400,3.099,3.114,3.074,3.086,243474.36999
1761004800,3.085,3.09,3.019,3.026,281965.537365
1761019200,3.025,3.026,2.949,2.994,391859.171705
1761033600,2.992,3.013,2.961,3.004,405427.752016
1761048000,3.003,3.184,2.989,3.171,801469.867318
1761062400,3.172,3.188,3.108,3.131,898105.81604
1761076800,3.132,3.136,2.998,3.005,666683.020474
1761091200,3.005,3.028,2.982,3.01,357053.113791
1761105600,3.01,3.027,2.965,2.987,542859.786725
1761120000,2.986,2.994,2.92,2.975,432996.331392
1761134400,2.975,3.027,2.954,2.99,561746.757472
1761148800,2.991,2.999,2.92,2.945,402639.831902
1761163200,2.945,2.951,2.829,2.918,721368.17699
1761177600,2.919,2.946,2.912,2.921,233609.672072
1761192000,2.921,2.979,2.916,2.967,284697.267497
1761206400,2.968,2.987,2.956,2.963,213629.298279
1761220800,2.962,3.009,2.935,2.995,252468.338409
1761235200,2.996,3.037,2.985,2.996,287262.266786
1761249600,2.996,3.005,2.958,3.003,267148.996516
1761264000,3.004,3.011,2.991,3.004,307941.402215
1761278400,3.004,3.065,3.0,3.051,422319.052764
1761292800,3.052,3.076,3.024,3.058,233583.549305
1761307200,3.059,3.122,3.018,3.029,677688.477192
1761321600,3.03,3.075,3.014,3.07,175690.855443
1761336000,3.07,3.093,3.068,3.079,162355.739926
1761350400,3.079,3.082,3.051,3.053,116592.328643
1761364800,3.052,3.065,3.041,3.046,85010.999878
1761379200,3.047,3.058,3.027,3.047,141222.933568
1761393600,3.046,3.078,3.045,3.064,299927.422984
1761408000,3.066,3.092,3.058,3.092,134079.541202
1761422400,3.093,3.106,3.08,3.09,109740.755415
1761436800,3.092,3.098,3.057,3.063,233613.68195
1761451200,3.065,3.1,3.062,3.099,134773.517602
1761465600,3.099,3.147,3.096,3.144,246272.845977
1761480000,3.145,3.186,3.139,3.183,287879.764821
1761494400,3.181,3.182,3.157,3.175,115265.502328
1761508800,3.176,3.24,3.146,3.195,307400.94964
1761523200,3.197,3.232,3.188,3.208,344048.973265
1761537600,3.208,3.248,3.185,3.203,183168.78531
1761552000,3.201,3.21,3.141,3.174,442915.454813
1761566400,3.174,3.176,3.118,3.152,282066.086462
1761580800,3.153,3.215,3.152,3.173,171964.76368
1761595200,3.174,3.174,3.12,3.139,120341.657096
1761609600,3.139,3.164,3.112,3.125,207037.232188
1761624000,3.123,3.178,3.1,3.139,216724.631478
1761638400,3.14,3.155,3.125,3.133,197149.032366
1761652800,3.132,3.194,3.09,3.136,490609.283024
1761667200,3.136,3.168,3.072,3.087,264260.316026
1761681600,3.086,3.087,2.99,3.05,615745.714557
1761696000,3.05,3.07,3.039,3.052,159284.068207
1761710400,3.052,3.086,3.05,3.08,171085.048872
1761724800,3.079,3.11,3.046,3.106,186154.303416
1761739200,3.104,3.132,3.047,3.062,471672.831329
1761753600,3.062,3.176,3.021,3.142,1231312.158166
1761768000,3.142,3.177,3.066,3.079,380754.793341
1761782400,3.079,3.117,3.06,3.089,216952.826752
1761796800,3.087,3.101,2.964,3.093,836776.848633
1761811200,3.09,3.09,2.994,2.996,424173.989114
1761825600,2.994,3.0,2.852,2.863,1828021.870624
1761840000,2.863,2.881,2.781,2.798,1061803.004718
1761854400,2.798,2.876,2.789,2.871,266929.976425
1761868800,2.871,2.915,2.867,2.895,312461.642085
1761883200,2.896,2.925,2.887,2.895,250109.988655
1761897600,2.895,2.913,2.868,2.911,318589.166613
1761912000,2.911,2.924,2.881,2.9,575187.25524
1761926400,2.901,2.908,2.826,2.896,487768.279928
1761940800,2.895,2.899,2.862,2.884,184867.537947
1761955200,2.884,2.914,2.864,2.91,180164.201396
1761969600,2.911,2.917,2.877,2.903,248573.669472
1761984000,2.902,2.945,2.902,2.941,212698.256088
1761998400,2.942,2.956,2.906,2.95,287919.058325
1762012800,2.951,2.968,2.942,2.95,108894.267438
1762027200,2.951,2.973,2.93,2.971,132177.728963
1762041600,2.97,2.97,2.946,2.953,112946.860084
1762056000,2.952,3.016,2.95,3.009,131086.032883
1762070400,3.01,3.013,2.961,3.0,340228.193526
1762084800,3.001,3.001,2.901,2.907,474771.347132
1762099200,2.908,2.924,2.864,2.903,274533.306564
1762113600,2.903,2.996,2.895,2.986,359611.295885
1762128000,2.987,2.993,2.78,2.788,791355.5096
1762142400,2.787,2.823,2.725,2.769,647501.579228
1762156800,2.768,2.804,2.722,2.76,506583.976057
1762171200,2.762,2.793,2.485,2.583,1695228.617936
1762185600,2.584,2.668,2.562,2.579,595804.178367
1762200000,2.58,2.587,2.521,2.585,510749.605343
1762214400,2.585,2.653,2.567,2.65,339482.368974
1762228800,2.651,2.662,2.505,2.534,989803.46126
1762243200,2.535,2.638,2.519,2.612,570736.872086
1762257600,2.61,2.654,2.559,2.601,855761.504103
1762272000,2.601,2.62,2.42,2.457,1005975.07151
1762286400,2.458,2.53,2.343,2.509,1367475.545954
1762300800,2.508,2.576,2.385,2.568,675742.01286
1762315200,2.566,2.588,2.547,2.587,353624.820963
1762329600,2.587,2.61,2.535,2.607,409679.54429
1762344000,2.607,2.634,2.576,2.634,466194.936707
1762358400,2.634,2.654,2.6,2.64,421303.231459
1762372800,2.642,2.676,2.637,2.669,362706.303427
1762387200,2.668,2.682,2.616,2.658,455192.400323
1762401600,2.659,2.666,2.594,2.604,316428.186422
1762416000,2.602,2.62,2.584,2.615,431752.484922
1762430400,2.615,2.652,2.559,2.575,880094.806527
1762444800,2.576,2.662,2.532,2.657,596434.444746
1762459200,2.658,2.673,2.623,2.666,389695.310225
1762473600,2.669,2.822,2.665,2.797,2388425.700192
1762488000,2.797,2.861,2.742,2.854,853329.628789
1762502400,2.855,2.859,2.746,2.784,957290.817085
1762516800,2.785,2.909,2.706,2.891,1301704.989315
1762531200,2.891,3.34,2.879,3.263,3502668.709784
1762545600,3.262,3.296,3.194,3.254,1182168.088484
1762560000,3.254,3.53,3.191,3.371,2740129.652055
1762574400,3.371,3.44,3.22,3.257,1939910.56951
1762588800,3.257,3.314,3.21,3.28,850233.297235
1762603200,3.279,3.29,3.118,3.126,1611894.369331
1762617600,3.126,3.23,3.085,3.162,874804.688136
1762632000,3.163,3.255,3.148,3.252,520309.62697
1762646400,3.252,3.309,3.127,3.132,1309920.841524
1762660800,3.133,3.168,3.086,3.147,926659.28437
1762675200,3.146,3.173,3.038,3.146,988626.698525
1762689600,3.146,3.265,3.13,3.238,1714206.216861
1762704000,3.24,3.252,3.158,3.225,1558390.552212
1762718400,3.225,3.25,3.18,3.233,766195.732094
1762732800,3.234,3.272,3.2,3.258,1003384.895166
1762747200,3.256,3.28,3.215,3.257,557367.561085
1762761600,3.258,3.278,3.197,3.253,544813.672099
1762776000,3.256,3.316,3.158,3.169,866244.688693
1762790400,3.171,3.254,3.127,3.224,372419.005563
1762804800,3.224,3.308,3.195,3.266,484287.68827
1762819200,3.268,3.386,3.218,3.314,1171170.59331
1762833600,3.313,3.325,3.147,3.148,719416.393274
1762848000,3.148,3.202,3.138,3.167,771931.751031
1762862400,3.168,3.219,3.154,3.19,544565.5653
1762876800,3.189,3.222,3.122,3.127,346280.12302
1762891200,3.128,3.135,3.042,3.055,374523.257178
1762905600,3.056,3.092,3.037,3.088,380873.795774
1762920000,3.09,3.104,3.056,3.059,192133.405399
1762934400,3.059,3.146,3.059,3.091,336738.473429
1762948800,3.091,3.121,2.949,2.963,1558578.534009
1762963200,2.963,2.971,2.876,2.901,649589.441385
1762977600,2.903,2.94,2.895,2.926,148361.278736
1762992000,2.927,3.009,2.911,2.988,353973.091516
1763006400,2.989,3.045,2.969,2.978,447317.022892
1763020800,2.978,3.004,2.955,2.999,430817.028254
1763035200,2.999,3.045,2.936,2.972,451399.984698
1763049600,2.971,2.982,2.776,2.793,899234.521044
1763064000,2.793,2.877,2.762,2.852,333753.854853
1763078400,2.854,2.882,2.829,2.854,399663.210797
1763092800,2.855,2.922,2.75,2.892,761582.013962
1763107200,2.891,2.896,2.818,2.834,363229.955027
1763121600,2.834,2.896,2.763,2.857,733069.678424
1763136000,2.86,2.895,2.841,2.884,295457.135472
1763150400,2.884,2.887,2.773,2.814,543653.503055
1763164800,2.814,2.905,2.812,2.884,357482.431503
1763179200,2.885,2.951,2.872,2.915,350946.233465
1763193600,2.916,2.917,2.85,2.859,345732.492403
1763208000,2.857,2.935,2.85,2.869,558030.00174
1763222400,2.868,2.892,2.84,2.863,321171.489212
1763236800,2.863,2.867,2.82,2.831,203099.176011
1763251200,2.832,2.878,2.783,2.87,249290.864238
1763265600,2.871,2.882,2.851,2.876,133492.470166
1763280000,2.878,2.897,2.817,2.825,229681.068056
1763294400,2.826,2.843,2.77,2.775,403893.441161
1763308800,2.776,2.796,2.695,2.74,749208.672474
1763323200,2.741,2.805,2.715,2.785,226836.182969
1763337600,2.785,2.842,2.772,2.823,288743.284397
1763352000,2.826,2.842,2.806,2.833,286408.847342
1763366400,2.834,2.844,2.81,2.832,255409.324135
1763380800,2.833,2.867,2.739,2.773,592448.263721
1763395200,2.774,2.798,2.641,2.653,613263.958545
1763409600,2.652,2.683,2.627,2.665,435042.449893
1763424000,2.666,2.748,2.615,2.737,506978.795637
1763438400,2.738,2.764,2.701,2.725,296707.344481
1763452800,2.726,2.755,2.706,2.71,298512.746738
1763467200,2.713,2.771,2.687,2.75,316008.074972
1763481600,2.749,2.803,2.741,2.782,371404.584417
1763496000,2.783,2.787,2.735,2.755,62872.003374
1763510400,2.756,2.769,2.712,2.717,159430.143401
1763524800,2.717,2.723,2.642,2.71,297510.379733
1763539200,2.709,2.731,2.692,2.706,107730.110605
1763553600,2.705,2.738,2.643,2.645,353186.913439
1763568000,2.644,2.666,2.568,2.592,406499.963136
1763582400,2.595,2.701,2.585,2.692,245564.009145
1763596800,2.694,2.719,2.67,2.705,238600.971204
1763611200,2.705,2.745,2.699,2.741,425670.418326
1763625600,2.741,2.77,2.735,2.756,682743.172166
1763640000,2.755,2.821,2.722,2.723,514894.459971
1763654400,2.725,2.726,2.505,2.555,839168.740821
1763668800,2.554,2.621,2.525,2.544,405542.497614
1763683200,2.544,2.592,2.513,2.54,283645.976091
1763697600,2.539,2.547,2.271,2.403,1098674.297123
1763712000,2.403,2.445,2.338,2.345,884464.715543
1763726400,2.346,2.434,2.29,2.358,830628.966305
1763740800,2.358,2.435,2.329,2.377,297432.817461
1763755200,2.377,2.385,2.273,2.349,300313.991581
1763769600,2.349,2.357,2.316,2.325,302151.691144
1763784000,2.324,2.325,2.266,2.314,331004.99419
1763798400,2.313,2.322,2.275,2.315,369040.850332
1763812800,2.316,2.316,2.258,2.29,197375.415908
1763827200,2.289,2.317,2.279,2.293,210332.207064
1763841600,2.292,2.346,2.282,2.311,188056.887232
1763856000,2.311,2.358,2.305,2.345,120010.24674
1763870400,2.345,2.37,2.323,2.34,178581.290509
1763884800,2.341,2.359,2.32,2.336,166493.218724
1763899200,2.336,2.358,2.31,2.327,143608.634205
1763913600,2.327,2.331,2.274,2.308,192969.909694
1763928000,2.309,2.326,2.247,2.257,247633.41265
1763942400,2.258,2.339,2.244,2.316,243536.015759
1763956800,2.316,2.332,2.273,2.286,424344.393372
1763971200,2.285,2.301,2.244,2.277,199522.320675
1763985600,2.275,2.311,2.251,2.3,260114.631351
1764000000,2.301,2.372,2.301,2.359,364747.991604
1764014400,2.362,2.396,2.338,2.341,178697.013885
1764028800,2.341,2.35,2.305,2.316,195555.794727
1764043200,2.314,2.33,2.264,2.266,314415.916922
1764057600,2.267,2.28,2.245,2.256,386274.98369
1764072000,2.256,2.279,2.175,2.223,1046006.856619
1764086400,2.223,2.289,2.218,2.264,360829.895577
1764100800,2.264,2.315,2.247,2.295,187162.922444
1764115200,2.296,2.309,2.267,2.268,227293.946416
1764129600,2.269,2.316,2.262,2.312,202277.510803
1764144000,2.312,2.318,2.256,2.262,286940.421453
1764158400,2.261,2.293,2.24,2.261,212645.578604
1764172800,2.262,2.371,2.261,2.363,370783.31883
1764187200,2.363,2.37,2.34,2.344,154185.96611
1764201600,2.344,2.36,2.316,2.316,293615.489331
1764216000,2.317,2.343,2.316,2.329,112336.114474
1764230400,2.327,2.352,2.319,2.33,90744.948659
1764244800,2.329,2.351,2.309,2.348,213008.698032
1764259200,2.349,2.385,2.344,2.381,187230.001909
1764273600,2.382,2.391,2.328,2.336,224152.214854
1764288000,2.337,2.345,2.292,2.317,281142.169716
1764302400,2.317,2.324,2.301,2.317,196697.691061
1764316800,2.318,2.376,2.306,2.321,333923.573352
1764331200,2.32,2.365,2.312,2.351,249502.900209
1764345600,2.352,2.352,2.26,2.3,342687.628484
1764360000,2.299,2.303,2.277,2.285,174239.349565
1764374400,2.284,2.298,2.274,2.275,84155.772256
1764388800,2.275,2.29,2.26,2.269,96407.529484
1764403200,2.267,2.28,2.254,2.277,117947.475736
1764417600,2.277,2.28,2.248,2.271,147619.322888
1764432000,2.272,2.272,2.228,2.242,121600.291213
1764446400,2.243,2.263,2.239,2.258,90900.221462
1764460800,2.259,2.271,2.246,2.271,55347.974696
1764475200,2.272,2.274,2.249,2.266,67285.180502
1764489600,2.266,2.276,2.254,2.256,70043.811912
1764504000,2.256,2.293,2.249,2.261,123807.533614
1764518400,2.262,2.288,2.26,2.27,53787.777489
1764532800,2.27,2.279,2.204,2.209,128672.964644
1764547200,2.209,2.209,2.045,2.049,1246657.569071
1764561600,2.05,2.053,2.007,2.038,580340.065525
1764576000,2.039,2.057,2.032,2.037,218482.514701
1764590400,2.038,2.051,1.962,1.998,757704.2566
1764604800,1.998,2.011,1.978,1.996,227748.755659
1764619200,1.996,2.049,1.996,2.041,238820.614194
1764633600,2.042,2.065,2.033,2.055,136298.38263
1764648000,2.057,2.074,2.047,2.066,185596.423245
1764662400,2.067,2.122,2.044,2.095,375189.70716
1764676800,2.096,2.252,2.08,2.245,655526.496203
1764691200,2.247,2.286,2.231,2.234,661911.311729
1764705600,2.234,2.266,2.224,2.249,352736.39941
1764720000,2.25,2.305,2.247,2.291,283623.013229
1764734400,2.291,2.332,2.289,2.292,592934.401607
1764748800,2.294,2.312,2.287,2.296,237461.660761
1764763200,2.296,2.313,2.241,2.301,609483.621833
1764777600,2.301,2.336,2.285,2.326,154022.611465
1764792000,2.326,2.398,2.319,2.365,439115.271654
1764806400,2.365,2.375,2.34,2.341,332037.561522
1764820800,2.341,2.353,2.327,2.338,288991.677137
1764835200,2.339,2.351,2.319,2.327,92508.319313
1764849600,2.327,2.337,2.304,2.329,236219.107363
1764864000,2.329,2.342,2.245,2.291,188595.665198
1764878400,2.291,2.302,2.272,2.273,79236.888108
1764892800,2.273,2.307,2.272,2.288,99012.353805
1764907200,2.287,2.292,2.254,2.282,262764.396756
1764921600,2.281,2.283,2.224,2.236,172094.390214
1764936000,2.234,2.244,2.186,2.208,359719.621042
1764950400,2.208,2.21,2.083,2.124,593933.382001
1764964800,2.123,2.131,2.104,2.126,124244.622602
1764979200,2.127,2.128,2.105,2.122,91710.525586
1764993600,2.121,2.122,2.1,2.105,67187.343035
1765008000,2.106,2.11,2.088,2.107,89039.42434
1765022400,2.107,2.141,2.101,2.12,148321.528921
1765036800,2.12,2.165,2.12,2.132,183820.54406
1765051200,2.133,2.152,2.12,2.128,99211.41728
1765065600,2.129,2.146,2.127,2.142,234241.627278
1765080000,2.141,2.156,2.127,2.13,120925.739016
1765094400,2.13,2.132,2.087,2.094,188982.72948
1765108800,2.094,2.12,2.04,2.119,481581.208062
1765123200,2.118,2.161,2.097,2.141,466243.866965
1765137600,2.142,2.149,2.055,2.093,377241.524265
1765152000,2.095,2.14,2.084,2.121,164694.583793
1765166400,2.121,2.148,2.118,2.137,486835.955233
1765180800,2.138,2.179,2.128,2.131,449895.569325
1765195200,2.131,2.169,2.119,2.133,582257.220341
1765209600,2.133,2.155,2.111,2.123,347288.735413
1765224000,2.124,2.156,2.122,2.13,302922.264971
1765238400,2.13,2.141,2.096,2.128,308729.454013
1765252800,2.128,2.13,2.09,2.117,211226.580879
1765267200,2.117,2.119,2.09,2.11,117508.226109
1765281600,2.109,2.221,2.106,2.217,514235.300407
1765296000,2.22,2.391,2.219,2.313,1043368.540877
1765310400,2.312,2.322,2.259,2.293,230300.316187
1765324800,2.293,2.298,2.235,2.244,282050.022593
1765339200,2.246,2.249,2.204,2.222,149168.116905
1765353600,2.222,2.248,2.19,2.202,397200.625361
1765368000,2.201,2.221,2.189,2.204,422443.231425
1765382400,2.203,2.282,2.2,2.267,496301.071627
1765396800,2.268,2.321,2.182,2.19,505620.26187
1765411200,2.191,2.193,2.056,2.062,649460.094671
1765425600,2.061,2.088,2.051,2.069,253773.552247
1765440000,2.067,2.067,2.037,2.045,353024.222778
1765454400,2.044,2.057,2.016,2.027,629818.375462
1765468800,2.027,2.059,2.009,2.033,298221.991506
1765483200,2.032,2.093,2.027,2.066,277963.014918
1765497600,2.067,2.083,2.029,2.066,143742.191699
1765512000,2.066,2.095,2.051,2.057,154939.316337
1765526400,2.058,2.06,2.027,2.047,268920.089641
1765540800,2.046,2.069,1.954,1.969,548196.092956
1765555200,1.968,2.008,1.945,1.985,624916.621865
1765569600,1.985,2.018,1.978,2.012,203494.032913
1765584000,2.013,2.042,2.01,2.031,104202.95397
1765598400,2.031,2.043,2.023,2.039,308182.453855
1765612800,2.039,2.057,2.035,2.039,167581.885253
1765627200,2.039,2.048,2.029,2.046,215503.335683
1765641600,2.045,2.057,2.029,2.04,126895.672143
1765656000,2.04,2.044,2.022,2.038,106964.494913
1765670400,2.038,2.045,2.026,2.028,106202.577971
1765684800,2.028,2.032,2.001,2.009,238642.94002
1765699200,2.01,2.016,1.963,1.985,337794.75295
1765713600,1.984,1.991,1.963,1.974,225215.681574
1765728000,1.974,1.99,1.947,1.962,243470.258759
1765742400,1.962,1.973,1.932,1.952,199969.573018
1765756800,1.953,2.009,1.953,1.988,139718.29413
1765771200,1.99,2.01,1.987,1.994,138903.348713
1765785600,1.994,2.007,1.99,1.995,124906.971325
1765800000,1.995,2.009,1.873,1.887,816388.187167
1765814400,1.886,1.892,1.831,1.874,685764.398541
1765828800,1.874,1.904,1.856,1.902,283525.278194
1765843200,1.902,1.905,1.875,1.892,176140.413999
1765857600,1.893,1.904,1.863,1.879,166753.296051
1765872000,1.879,1.943,1.877,1.925,395964.98549
1765886400,1.925,1.937,1.874,1.92,475846.866648
1765900800,1.921,1.923,1.889,1.907,160260.227495
1765915200,1.906,1.912,1.891,1.9,109191.537607
1765929600,1.898,1.909,1.883,1.889,89628.556429
1765944000,1.889,1.891,1.859,1.878,236775.362917
1765958400,1.877,1.877,1.855,1.869,222197.249475
1765972800,1.869,1.954,1.861,1.869,575682.808454
1765987200,1.87,1.888,1.791,1.816,434204.901631
1766001600,1.817,1.83,1.793,1.815,146892.626963
1766016000,1.815,1.818,1.781,1.792,330953.860749
1766030400,1.793,1.801,1.771,1.789,180140.248167
1766044800,1.789,1.81,1.788,1.807,161087.927704
1766059200,1.807,1.889,1.801,1.861,481801.234498
1766073600,1.862,1.863,1.72,1.727,598281.738976
1766088000,1.727,1.78,1.725,1.76,259741.830174
1766102400,1.76,1.804,1.74,1.784,343458.408416
1766116800,1.785,1.81,1.769,1.797,220242.853939
1766131200,1.797,1.811,1.791,1.808,256857.509912
1766145600,1.809,1.867,1.799,1.834,565397.053346
1766160000,1.835,1.879,1.817,1.868,399988.996867
1766174400,1.87,1.881,1.849,1.849,160000.900276
1766188800,1.85,1.85,1.832,1.843,134123.605995
1766203200,1.843,1.859,1.83,1.856,206895.924365
1766217600,1.856,1.87,1.847,1.862,135169.77329
1766232000,1.862,1.862,1.828,1.832,211420.40842
1766246400,1.833,1.838,1.827,1.834,107161.899187
1766260800,1.834,1.84,1.828,1.832,72120.988173
1766275200,1.833,1.837,1.799,1.809,83881.256169
1766289600,1.809,1.832,1.804,1.831,417447.210613
1766304000,1.831,1.852,1.825,1.826,529717.702121
1766318400,1.826,1.83,1.75,1.771,503089.938523
1766332800,1.769,1.796,1.762,1.793,183209.527355
1766347200,1.794,1.814,1.766,1.802,99405.238634
1766361600,1.803,1.843,1.777,1.814,297515.528965
1766376000,1.814,1.822,1.806,1.813,129015.956457
1766390400,1.813,1.835,1.81,1.822,244404.457521
1766404800,1.823,1.853,1.813,1.835,584824.640831
1766419200,1.837,1.849,1.765,1.769,320830.325909
1766433600,1.769,1.792,1.757,1.784,200525.429743
1766448000,1.784,1.801,1.762,1.776,163473.195299
1766462400,1.775,1.779,1.754,1.76,140399.408821
1766476800,1.761,1.779,1.756,1.775,105870.286961
1766491200,1.775,1.775,1.729,1.748,419577.06575
1766505600,1.748,1.777,1.739,1.76,378286.321646
1766520000,1.76,1.787,1.755,1.763,121670.526143
1766534400,1.765,1.775,1.73,1.75,157984.974745
1766548800,1.749,1.758,1.718,1.724,173702.634589
1766563200,1.724,1.734,1.716,1.727,328004.049869
1766577600,1.727,1.738,1.704,1.733,359817.828709
1766592000,1.733,1.744,1.716,1.729,241148.986129
1766606400,1.73,1.747,1.727,1.738,128275.04643
1766620800,1.739,1.752,1.732,1.746,116272.436509
1766635200,1.747,1.747,1.736,1.738,152488.470778
1766649600,1.737,1.743,1.704,1.713,183659.216549
1766664000,1.712,1.737,1.705,1.733,161448.418392
1766678400,1.734,1.739,1.728,1.735,216208.379964
1766692800,1.735,1.735,1.678,1.685,300853.631443
1766707200,1.684,1.753,1.654,1.739,723671.672021
1766721600,1.739,1.746,1.714,1.717,334614.61547
1766736000,1.717,1.725,1.705,1.715,353657.271952
1766750400,1.715,1.734,1.684,1.707,338537.499513
1766764800,1.708,1.723,1.692,1.721,135845.87277
1766779200,1.72,1.732,1.718,1.723,97006.937595
1766793600,1.724,1.776,1.723,1.764,344149.921281
1766808000,1.765,1.767,1.747,1.751,364976.156101
1766822400,1.752,1.768,1.735,1.765,122544.23944
1766836800,1.766,1.823,1.762,1.802,455886.20443
1766851200,1.802,1.849,1.798,1.834,513689.166713
1766865600,1.834,1.927,1.834,1.91,653079.487943
1766880000,1.91,1.915,1.868,1.871,180970.387045
1766894400,1.87,1.896,1.868,1.891,131988.920127
1766908800,1.892,1.899,1.876,1.881,89500.011737
1766923200,1.882,1.888,1.869,1.878,100344.397531
1766937600,1.879,1.883,1.834,1.843,241405.312252
1766952000,1.843,1.852,1.828,1.851,174031.109766
1766966400,1.851,1.898,1.844,1.897,333947.809254
1766980800,1.897,1.905,1.873,1.889,349176.818151
1766995200,1.889,1.891,1.844,1.849,285896.052571
1767009600,1.848,1.872,1.819,1.856,353959.491995
1767024000,1.857,1.86,1.833,1.84,143659.026495
1767038400,1.839,1.848,1.822,1.825,137291.912908
1767052800,1.825,1.829,1.792,1.81,95554.639005
1767067200,1.81,1.82,1.794,1.812,154072.857694
1767081600,1.813,1.841,1.813,1.824,127523.511138
1767096000,1.825,1.846,1.797,1.841,1190474.385616
1767110400,1.842,1.846,1.808,1.829,566630.842528
1767124800,1.829,1.83,1.808,1.812,75081.71599
1767139200,1.812,1.835,1.801,1.813,123085.227484
1767153600,1.813,1.82,1.805,1.809,262803.780013
1767168000,1.809,1.824,1.802,1.823,403086.961183
1767182400,1.823,1.845,1.803,1.813,894014.819759
1767196800,1.813,1.814,1.761,1.777,458795.152934
1767211200,1.777,1.798,1.766,1.791,222657.262619
1767225600,1.791,1.794,1.775,1.777,128907.721058
1767240000,1.777,1.79,1.765,1.787,77037.392662
1767254400,1.786,1.81,1.785,1.809,181938.798606
1767268800,1.81,1.903,1.805,1.894,1493601.483295
1767283200,1.894,2.005,1.894,2.001,817990.096932
1767297600,2.005,2.033,1.979,1.998,565014.979358
1767312000,1.999,2.013,1.984,2.009,343338.174346
1767326400,2.008,2.011,1.982,1.983,175803.138605
1767340800,1.983,2.01,1.968,1.99,376963.223673
1767355200,1.989,2.025,1.979,2.007,344777.210546
1767369600,2.008,2.124,2.004,2.112,889977.073281
1767384000,2.114,2.17,2.079,2.165,596440.473045
1767398400,2.165,2.219,2.148,2.163,539292.041494
1767412800,2.162,2.162,2.109,2.112,231769.7282
1767427200,2.111,2.142,2.108,2.114,255212.654782
1767441600,2.114,2.14,2.113,2.128,274268.907837
1767456000,2.13,2.149,2.122,2.136,241603.051453
1767470400,2.136,2.147,2.121,2.125,188576.700759
1767484800,2.125,2.146,2.116,2.129,348194.949377
1767499200,2.129,2.158,2.121,2.137,259649.310627
1767513600,2.136,2.158,2.123,2.156,250724.655629
1767528000,2.156,2.18,2.148,2.167,305129.246402
1767542400,2.167,2.18,2.118,2.138,502412.459353
1767556800,2.135,2.161,2.132,2.144,193402.537154
1767571200,2.144,2.173,2.122,2.154,506689.984292
1767585600,2.154,2.157,2.109,2.147,284701.877841
1767600000,2.147,2.154,2.095,2.115,365558.602374
1767614400,2.116,2.204,2.108,2.195,527367.682153
1767628800,2.195,2.22,2.155,2.191,625524.653884
1767643200,2.192,2.236,2.189,2.207,394162.063631
1767657600,2.208,2.239,2.182,2.22,265337.86431
1767672000,2.22,2.246,2.178,2.187,359332.284383
1767686400,2.19,2.224,2.184,2.219,295960.060281
1767700800,2.218,2.264,2.184,2.198,764055.637056
1767715200,2.199,2.205,2.116,2.149,559705.313318
1767729600,2.15,2.242,2.15,2.234,357092.163039
1767744000,2.235,2.237,2.173,2.19,220437.922464
1767758400,2.19,2.239,2.188,2.239,217521.923637
1767772800,2.239,2.25,2.179,2.199,387251.006304
1767787200,2.199,2.199,2.128,2.137,345511.492717
1767801600,2.136,2.172,2.129,2.145,297267.090758
1767816000,2.145,2.16,2.121,2.145,170800.4602
1767830400,2.144,2.158,2.118,2.12,169816.387987
1767844800,2.12,2.15,2.084,2.13,345113.128574
1767859200,2.13,2.141,2.084,2.123,299669.625261
1767873600,2.124,2.156,2.089,2.156,310696.284784
1767888000,2.156,2.159,2.111,2.115,227309.880922
1767902400,2.114,2.13,2.093,2.111,202669.305136
1767916800,2.111,2.126,2.084,2.113,421465.593312
1767931200,2.112,2.117,2.097,2.104,89700.623257
1767945600,2.106,2.108,2.061,2.08,219453.722672
1767960000,2.081,2.138,2.049,2.105,407616.35798
1767974400,2.106,2.144,2.059,2.065,266437.549283
1767988800,2.064,2.095,2.062,2.082,183745.325656
1768003200,2.084,2.092,2.07,2.09,62614.668161
1768017600,2.089,2.116,2.077,2.104,75188.58402
1768032000,2.102,2.109,2.082,2.108,93285.138926
1768046400,2.108,2.13,2.106,2.118,114536.517461
1768060800,2.118,2.129,2.097,2.129,86673.235002
1768075200,2.13,2.131,2.084,2.092,84605.104737
1768089600,2.094,2.103,2.085,2.101,47214.444896
1768104000,2.101,2.117,2.094,2.116,58660.283983
1768118400,2.116,2.119,2.105,2.111,105639.998291
1768132800,2.112,2.127,2.07,2.08,204927.626128
1768147200,2.08,2.112,2.074,2.089,138169.791998
1768161600,2.089,2.089,2.034,2.071,234366.841874
1768176000,2.072,2.153,2.048,2.115,331780.836538
1768190400,2.116,2.136,2.064,2.065,154715.522276
1768204800,2.066,2.081,2.034,2.059,228080.02414
1768219200,2.059,2.09,2.02,2.087,275590.432813
1768233600,2.088,2.116,2.054,2.075,260181.520868
1768248000,2.075,2.085,2.038,2.055,146706.901305
1768262400,2.054,2.097,2.052,2.065,268929.865189
1768276800,2.065,2.107,2.065,2.079,179089.669423
1768291200,2.08,2.1,2.073,2.089,196682.636175
1768305600,2.088,2.247,2.081,2.242,1033773.700563
1768320000,2.243,2.343,2.225,2.248,950235.741435
1768334400,2.251,2.332,2.215,2.283,520224.873237
1768348800,2.283,2.297,2.261,2.28,258056.845652
1768363200,2.28,2.297,2.259,2.278,412839.803104
1768377600,2.278,2.296,2.25,2.252,427662.214383
1768392000,2.254,2.296,2.235,2.266,341634.405375
1768406400,2.267,2.283,2.195,2.238,432290.616363
1768420800,2.238,2.256,2.212,2.225,127273.028471
1768435200,2.226,2.24,2.158,2.167,348313.745926
1768449600,2.167,2.204,2.166,2.197,150335.797665
1768464000,2.197,2.212,2.182,2.2,272970.070963
1768478400,2.199,2.237,2.129,2.165,269623.413885
1768492800,2.164,2.173,2.099,2.121,257182.159211
1768507200,2.121,2.13,2.097,2.118,213106.578507
1768521600,2.118,2.134,2.103,2.113,142108.555877
1768536000,2.113,2.15,2.098,2.137,309968.777999
1768550400,2.138,2.156,2.119,2.129,210425.657989
1768564800,2.129,2.13,2.06,2.075,463239.663852
1768579200,2.075,2.099,2.055,2.093,387382.832147
1768593600,2.093,2.138,2.084,2.119,213564.697011
1768608000,2.12,2.137,2.114,2.129,120057.16125
1768622400,2.129,2.161,2.122,2.158,126526.728771
1768636800,2.159,2.235,2.158,2.183,622165.351856
1768651200,2.182,2.228,2.178,2.21,292175.727047
1768665600,2.209,2.216,2.183,2.198,211009.8383
1768680000,2.199,2.203,2.171,2.178,192433.900999
1768694400,2.179,2.202,2.159,2.163,249542.783604
1768708800,2.164,2.165,2.14,2.152,135493.435812
1768723200,2.153,2.163,2.143,2.148,207741.838174
1768737600,2.149,2.171,2.13,2.163,177607.995857
1768752000,2.163,2.191,2.149,2.171,149355.164015
1768766400,2.172,2.199,2.062,2.067,328824.64058
1768780800,2.065,2.066,1.845,1.978,1954668.233533
1768795200,1.977,1.983,1.954,1.97,535030.047705
1768809600,1.97,2.0,1.966,1.972,292604.098812
1768824000,1.974,1.99,1.965,1.978,237740.437886
1768838400,1.978,2.063,1.976,2.046,510768.856054
1768852800,2.047,2.05,2.007,2.029,255813.02524
1768867200,2.029,2.051,2.014,2.034,237389.677198
1768881600,2.033,2.051,1.986,1.991,549292.917722
1768896000,1.992,1.995,1.958,1.96,217736.446905
1768910400,1.961,1.983,1.931,1.94,300472.49646
1768924800,1.94,1.951,1.897,1.914,254506.082296
1768939200,1.914,1.934,1.882,1.898,204490.872456
1768953600,1.899,1.961,1.896,1.948,224398.435458
1768968000,1.949,1.96,1.939,1.944,118933.299278
1768982400,1.945,1.948,1.917,1.919,109735.07808
1768996800,1.919,1.98,1.897,1.969,396060.189248
1769011200,1.969,1.993,1.873,1.993,605547.433695
1769025600,1.994,2.0,1.942,1.954,263510.236064
1769040000,1.955,1.982,1.95,1.956,86945.84066
1769054400,1.956,1.959,1.929,1.945,72905.359569
1769068800,1.945,1.961,1.939,1.949,147562.25724
1769083200,1.95,1.963,1.905,1.926,142846.793681
1769097600,1.927,1.945,1.919,1.938,103724.310535
1769112000,1.938,1.943,1.915,1.926,127882.361999
1769126400,1.927,1.966,1.924,1.955,88142.988367
1769140800,1.957,1.984,1.935,1.939,183407.335332
1769155200,1.94,1.949,1.92,1.945,167405.329954
1769169600,1.946,1.951,1.897,1.945,192515.903774
1769184000,1.945,1.982,1.92,1.927,282946.546748
1769198400,1.927,1.931,1.903,1.926,135777.7494
1769212800,1.926,1.94,1.923,1.931,61866.951166
1769227200,1.932,1.941,1.924,1.925,78362.53482
1769241600,1.925,1.934,1.915,1.92,69410.1503
1769256000,1.92,1.923,1.905,1.906,112074.45629
1769270400,1.906,1.923,1.899,1.911,89321.955502
1769284800,1.912,1.932,1.912,1.929,157113.137117
1769299200,1.93,1.945,1.902,1.906,154631.117894
1769313600,1.906,1.911,1.894,1.9,105375.510354
1769328000,1.9,1.919,1.883,1.899,183784.046937
1769342400,1.899,1.904,1.878,1.887,153457.924837
1769356800,1.888,1.888,1.782,1.792,455056.322968
1769371200,1.793,1.828,1.79,1.823,194359.672736
1769385600,1.824,1.863,1.819,1.83,198601.766844
1769400000,1.832,1.865,1.832,1.855,117233.718763
1769414400,1.856,1.874,1.841,1.844,225525.137886
1769428800,1.845,1.899,1.843,1.871,586182.854684
1769443200,1.872,1.889,1.851,1.869,302814.513594
1769457600,1.869,1.889,1.857,1.875,194100.835872
1769472000,1.876,1.885,1.867,1.876,98846.522162
1769486400,1.876,1.887,1.863,1.866,54164.982793
1769500800,1.867,1.871,1.848,1.852,80369.027802
1769515200,1.852,1.856,1.829,1.854,199657.99451
1769529600,1.855,1.883,1.829,1.871,232198.139143
1769544000,1.87,1.899,1.87,1.876,186420.643856
1769558400,1.877,1.88,1.86,1.863,133647.849469
1769572800,1.863,1.867,1.848,1.861,156675.873723
1769587200,1.862,1.895,1.852,1.894,160963.909132
1769601600,1.894,1.895,1.834,1.846,211686.721039
1769616000,1.848,1.863,1.831,1.861,135799.248953
1769630400,1.858,1.89,1.842,1.87,167475.928596
1769644800,1.871,1.875,1.807,1.816,200805.686518
1769659200,1.817,1.818,1.801,1.81,89274.156122
1769673600,1.811,1.815,1.787,1.789,223026.765044
1769688000,1.789,1.796,1.71,1.731,740477.636963
1769702400,1.731,1.765,1.698,1.725,891692.861716
1769716800,1.725,1.745,1.721,1.735,196874.172081
1769731200,1.736,1.748,1.672,1.704,964552.322999
1769745600,1.704,1.726,1.673,1.71,228153.607579
1769760000,1.71,1.726,1.692,1.719,282141.32626
1769774400,1.72,1.722,1.662,1.686,694422.97817
1769788800,1.686,1.722,1.652,1.714,472855.166967
1769803200,1.714,1.714,1.681,1.69,321256.797497
1769817600,1.691,1.691,1.676,1.682,161061.259139
1769832000,1.682,1.687,1.646,1.657,274765.309997
1769846400,1.658,1.66,1.616,1.635,475300.045491
1769860800,1.635,1.638,1.535,1.571,951060.415105
1769875200,1.572,1.592,1.399,1.497,3444561.81725
1769889600,1.497,1.557,1.479,1.547,455124.281696
1769904000,1.548,1.558,1.534,1.554,287777.741452
1769918400,1.554,1.56,1.538,1.547,199614.23418
1769932800,1.548,1.56,1.529,1.547,186012.568108
1769947200,1.546,1.547,1.481,1.499,377262.27365
1769961600,1.5,1.531,1.488,1.503,194353.170547
1769976000,1.503,1.522,1.46,1.495,339265.404889
1769990400,1.495,1.536,1.452,1.511,400924.468455
1770004800,1.511,1.52,1.455,1.497,479127.644199
1770019200,1.497,1.532,1.496,1.513,304269.024319
1770033600,1.514,1.575,1.514,1.57,494548.604224
1770048000,1.571,1.576,1.546,1.546,154553.752212
1770062400,1.546,1.554,1.537,1.542,105608.126859
1770076800,1.543,1.547,1.51,1.538,157839.349285
1770091200,1.538,1.55,1.521,1.537,119494.288402
1770105600,1.538,1.544,1.51,1.518,478485.195613
1770120000,1.518,1.533,1.49,1.525,500317.489749
1770134400,1.524,1.524,1.432,1.505,668034.229376
1770148800,1.504,1.567,1.488,1.5,586013.073778
1770163200,1.499,1.534,1.494,1.528,186516.13577
1770177600,1.528,1.531,1.502,1.518,147545.619333
1770192000,1.518,1.525,1.489,1.502,181010.702954
1770206400,1.502,1.504,1.436,1.451,373324.0422
1770220800,1.451,1.491,1.426,1.487,542139.955446
1770235200,1.487,1.491,1.432,1.462,357047.722552
1770249600,1.462,1.478,1.44,1.443,346911.290572
1770264000,1.443,1.46,1.421,1.424,356309.81312
1770278400,1.425,1.447,1.374,1.392,450629.296822
1770292800,1.393,1.411,1.295,1.329,1143223.622223
1770307200,1.329,1.359,1.293,1.301,923095.391527
1770321600,1.301,1.31,1.231,1.247,1200034.355414
1770336000,1.247,1.276,1.102,1.24,2930722.266187
1770350400,1.241,1.303,1.233,1.271,623845.987617
1770364800,1.271,1.33,1.263,1.325,715427.199708
1770379200,1.325,1.354,1.312,1.348,607401.195944
1770393600,1.347,1.407,1.343,1.365,387384.599714
1770408000,1.364,1.387,1.349,1.368,255379.337315
1770422400,1.368,1.381,1.343,1.378,428421.730075
1770436800,1.376,1.39,1.318,1.331,361895.067699
1770451200,1.331,1.343,1.323,1.331,155458.714213
1770465600,1.33,1.371,1.328,1.355,390014.911357
1770480000,1.356,1.403,1.351,1.376,937597.844235
1770494400,1.376,1.387,1.366,1.373,234297.117687
1770508800,1.373,1.374,1.352,1.352,102431.085518
1770523200,1.353,1.356,1.34,1.349,127087.211933
1770537600,1.349,1.375,1.347,1.37,150425.668049
1770552000,1.37,1.372,1.351,1.357,173345.549319
1770566400,1.357,1.361,1.327,1.359,177462.789718
1770580800,1.359,1.367,1.325,1.337,188074.589938
1770595200,1.337,1.351,1.328,1.348,148972.872842
1770609600,1.347,1.347,1.315,1.318,195566.331236
1770624000,1.316,1.32,1.278,1.291,310848.103715
1770638400,1.291,1.33,1.29,1.311,440324.571808
1770652800,1.31,1.344,1.301,1.331,236394.238419
1770667200,1.331,1.334,1.311,1.32,121738.447037
1770681600,1.32,1.327,1.291,1.299,153001.629066
1770696000,1.3,1.31,1.274,1.284,207677.563899
1770710400,1.285,1.293,1.27,1.272,188970.738063
1770724800,1.273,1.29,1.265,1.283,253891.207157
1770739200,1.283,1.286,1.265,1.274,344135.460241
1770753600,1.273,1.284,1.269,1.283,133230.970761
1770768000,1.284,1.292,1.267,1.276,142507.277607
1770782400,1.277,1.278,1.238,1.24,285387.771017
1770796800,1.24,1.243,1.229,1.242,261155.565034
1770811200,1.242,1.297,1.225,1.238,745842.558453
1770825600,1.238,1.269,1.235,1.259,353689.67777
1770840000,1.26,1.28,1.248,1.256,278178.825145
1770854400,1.257,1.282,1.256,1.279,133717.628829
1770868800,1.281,1.293,1.271,1.291,103250.557487
1770883200,1.292,1.304,1.283,1.297,201065.889829
1770897600,1.297,1.299,1.274,1.275,305984.924478
1770912000,1.275,1.288,1.25,1.271,279701.771091
1770926400,1.272,1.285,1.257,1.283,121580.517908
1770940800,1.283,1.288,1.268,1.271,156925.80302
1770955200,1.272,1.274,1.252,1.269,109520.254139
1770969600,1.269,1.284,1.265,1.279,125027.96038
1770984000,1.278,1.326,1.271,1.307,284558.168599
1770998400,1.307,1.336,1.303,1.323,381076.264804
1771012800,1.323,1.341,1.32,1.331,160563.072122
1771027200,1.33,1.352,1.33,1.346,318801.162381
1771041600,1.347,1.353,1.339,1.346,133776.362166
1771056000,1.347,1.376,1.347,1.371,209627.046762
1771070400,1.371,1.399,1.36,1.398,173667.365373
1771084800,1.399,1.432,1.389,1.427,225466.763052
1771099200,1.428,1.439,1.412,1.421,219548.883601
1771113600,1.422,1.425,1.393,1.417,172052.808337
1771128000,1.416,1.437,1.414,1.434,115527.554773
1771142400,1.435,1.439,1.398,1.403,172137.793659
1771156800,1.403,1.404,1.351,1.368,227917.116418
1771171200,1.367,1.368,1.331,1.34,208012.234594
1771185600,1.34,1.359,1.336,1.356,161639.233061
1771200000,1.358,1.365,1.348,1.353,95806.29933
1771214400,1.353,1.371,1.341,1.352,166763.060315
1771228800,1.351,1.367,1.34,1.356,102689.250792
1771243200,1.356,1.39,1.333,1.34,238232.840169
1771257600,1.34,1.362,1.34,1.358,125045.212952
1771272000,1.357,1.383,1.354,1.376,254488.702771
1771286400,1.377,1.379,1.359,1.375,146831.853278
1771300800,1.375,1.38,1.362,1.374,54939.765601
1771315200,1.373,1.375,1.352,1.363,121408.54165
1771329600,1.363,1.377,1.34,1.358,208114.41202
1771344000,1.359,1.381,1.344,1.36,159259.286514
1771358400,1.359,1.361,1.344,1.347,301359.75092
1771372800,1.348,1.359,1.338,1.357,139264.624933
1771387200,1.357,1.363,1.35,1.36,108081.583642
1771401600,1.361,1.366,1.338,1.346,109429.062903
1771416000,1.345,1.371,1.332,1.356,245055.824502
1771430400,1.357,1.357,1.303,1.311,241783.310814
1771444800,1.311,1.319,1.3,1.311,140800.316578
1771459200,1.312,1.322,1.306,1.317,153515.588069
1771473600,1.317,1.321,1.305,1.309,116916.706651
1771488000,1.31,1.31,1.288,1.292,347730.688688
1771502400,1.294,1.296,1.269,1.273,212818.033618
1771516800,1.273,1.29,1.26,1.281,267730.627112
1771531200,1.282,1.289,1.275,1.286,195367.579586
1771545600,1.287,1.297,1.284,1.289,303168.037181
1771560000,1.289,1.301,1.274,1.298,193148.297921
1771574400,1.3,1.316,1.293,1.298,206873.206687
1771588800,1.298,1.354,1.275,1.35,541663.223474
1771603200,1.351,1.363,1.316,1.336,441123.010911
1771617600,1.336,1.344,1.327,1.343,103322.050597
1771632000,1.341,1.345,1.329,1.34,78555.473636
1771646400,1.34,1.364,1.338,1.355,196651.58342
1771660800,1.356,1.397,1.351,1.385,315573.378569
1771675200,1.385,1.394,1.371,1.373,280076.14705
1771689600,1.373,1.374,1.357,1.363,101366.939757
1771704000,1.363,1.365,1.353,1.359,103487.812601
1771718400,1.359,1.366,1.346,1.355,144400.059035
1771732800,1.355,1.356,1.334,1.343,245984.611548
1771747200,1.343,1.343,1.324,1.334,79601.271871
1771761600,1.334,1.334,1.309,1.321,143352.407572
1771776000,1.32,1.322,1.305,1.312,122022.299442
1771790400,1.312,1.316,1.303,1.312,279699.33671
1771804800,1.313,1.313,1.238,1.257,878184.888874
1771819200,1.257,1.278,1.248,1.272,255827.196927
1771833600,1.271,1.3,1.269,1.295,249038.618483
1771848000,1.295,1.313,1.279,1.281,461769.868283
1771862400,1.281,1.283,1.255,1.259,266612.369674
1771876800,1.259,1.279,1.255,1.265,158522.173423
1771891200,1.265,1.279,1.249,1.256,252694.985536
1771905600,1.257,1.259,1.242,1.251,211996.79701
1771920000,1.251,1.261,1.237,1.245,153678.482131
1771934400,1.246,1.254,1.226,1.248,495455.083828
1771948800,1.249,1.262,1.244,1.248,364202.565324
1771963200,1.247,1.251,1.234,1.238,234756.542487
1771977600,1.239,1.304,1.236,1.271,390368.868642
1771992000,1.27,1.28,1.259,1.269,346330.497139
1772006400,1.27,1.393,1.26,1.381,1258947.80379
1772020800,1.383,1.555,1.369,1.518,4519645.624905
1772035200,1.519,1.64,1.515,1.632,1415265.594018
1772049600,1.632,1.753,1.601,1.663,3302662.158507
1772064000,1.663,1.697,1.599,1.629,2198699.333966
1772078400,1.628,1.647,1.567,1.581,898795.822428
1772092800,1.581,1.633,1.574,1.582,949159.017439
1772107200,1.58,1.647,1.574,1.62,1627054.168586
1772121600,1.62,1.622,1.522,1.571,2408044.681892
1772136000,1.57,1.631,1.555,1.609,783616.917242
1772150400,1.609,1.666,1.598,1.657,780918.827465
1772164800,1.656,1.683,1.591,1.606,1153109.92167
1772179200,1.604,1.63,1.563,1.565,503441.320837
1772193600,1.566,1.598,1.55,1.565,718638.132204
1772208000,1.565,1.625,1.545,1.606,843406.425673
1772222400,1.605,1.651,1.568,1.599,991522.147891
1772236800,1.6,1.619,1.572,1.575,599339.70547
1772251200,1.575,1.579,1.479,1.504,1097675.679986
1772265600,1.503,1.506,1.457,1.476,780408.694481
1772280000,1.476,1.539,1.462,1.512,799733.473478
1772294400,1.511,1.641,1.497,1.597,945018.995095
1772308800,1.597,1.675,1.593,1.663,951010.178464
1772323200,1.663,1.681,1.61,1.616,986328.107949
1772337600,1.616,1.622,1.583,1.604,297611.590213
1772352000,1.604,1.605,1.56,1.564,408920.392324
1772366400,1.563,1.579,1.541,1.551,328791.93542
1772380800,1.551,1.56,1.521,1.523,460530.509196
1772395200,1.521,1.543,1.505,1.535,317725.149529
1772409600,1.534,1.603,1.532,1.56,361872.28354
1772424000,1.561,1.581,1.506,1.512,404418.649813
1772438400,1.512,1.525,1.499,1.516,416030.896129
1772452800,1.516,1.597,1.499,1.574,937523.943777
1772467200,1.573,1.603,1.522,1.533,450933.568575
1772481600,1.534,1.545,1.5,1.508,311078.595049
1772496000,1.508,1.514,1.489,1.503,564577.878473
1772510400,1.503,1.519,1.484,1.518,323254.273294
1772524800,1.518,1.522,1.473,1.485,301861.816893
1772539200,1.485,1.52,1.482,1.509,279413.211225
1772553600,1.508,1.557,1.503,1.531,391517.592904
1772568000,1.53,1.538,1.51,1.533,180130.828161
1772582400,1.533,1.55,1.52,1.527,258014.118025
1772596800,1.527,1.541,1.508,1.533,225676.802289
1772611200,1.534,1.574,1.525,1.536,652266.166705
1772625600,1.536,1.558,1.51,1.556,838225.579274
1772640000,1.557,1.568,1.524,1.559,315342.371433
1772654400,1.56,1.562,1.515,1.54,345572.269735
1772668800,1.54,1.544,1.514,1.528,264680.109652
1772683200,1.529,1.555,1.508,1.518,286590.760518
1772697600,1.518,1.551,1.511,1.522,276618.00023
1772712000,1.523,1.545,1.505,1.511,312250.232627
1772726400,1.511,1.522,1.481,1.509,298184.008673
1772740800,1.509,1.557,1.509,1.529,458645.872916
1772755200,1.53,1.547,1.523,1.531,105880.698703
1772769600,1.531,1.548,1.512,1.543,250345.245597
1772784000,1.543,1.543,1.504,1.507,160937.342086
1772798400,1.506,1.52,1.454,1.463,833996.721093
1772812800,1.464,1.494,1.459,1.486,187795.885684
1772827200,1.486,1.499,1.48,1.488,152086.848025
1772841600,1.489,1.517,1.487,1.498,117117.799583
1772856000,1.499,1.517,1.487,1.501,165053.772747
1772870400,1.502,1.513,1.483,1.488,137408.748127
1772884800,1.489,1.499,1.463,1.469,256183.143467
1772899200,1.468,1.481,1.431,1.437,348549.781456
1772913600,1.438,1.449,1.431,1.448,231899.220949
1772928000,1.447,1.449,1.423,1.435,428120.555991
1772942400,1.435,1.456,1.427,1.444,246960.00862
1772956800,1.445,1.478,1.439,1.469,176082.717203
1772971200,1.468,1.484,1.445,1.453,242975.924183
1772985600,1.453,1.481,1.445,1.468,123548.648669
1773000000,1.47,1.475,1.429,1.453,334341.408124
1773014400,1.453,1.492,1.452,1.47,304909.820208
1773028800,1.471,1.52,1.471,1.487,369267.520476
1773043200,1.488,1.497,1.464,1.475,447092.788998
1773057600,1.476,1.513,1.469,1.501,429336.800647
1773072000,1.5,1.534,1.494,1.507,332170.610659
1773086400,1.507,1.513,1.485,1.494,144907.623907
1773100800,1.493,1.532,1.491,1.509,211710.015984
1773115200,1.509,1.534,1.509,1.519,249063.447514
1773129600,1.52,1.54,1.516,1.518,250852.396302
1773144000,1.518,1.548,1.497,1.529,457180.828513
1773158400,1.53,1.539,1.491,1.5,263364.741359
1773172800,1.499,1.506,1.48,1.486,110200.68176
1773187200,1.486,1.493,1.476,1.484,103879.052473
1773201600,1.484,1.484,1.479,1.483,10539.748758
