timestamp,open,high,low,close
1673510400,1399.9,1402.0,1395.5,1398.1
1673524800,1398.1,1407.7,1380.0,1385.3
1673539200,1385.25,1433.1,1383.2,1425.9
1673553600,1426.45,1435.95,1414.25,1415.9
1673568000,1415.9,1418.65,1401.4,1414.1
1673582400,1413.85,1414.95,1405.8,1408.4
1673596800,1408.35,1417.6,1405.1,1409.75
1673611200,1409.0,1424.4,1402.75,1421.8
1673625600,1422.0,1424.65,1406.9,1419.95
1673640000,1420.0,1464.25,1417.15,1451.0
1673654400,1451.0,1641.8,1449.2,1558.5
1673668800,1558.3,1559.4,1543.85,1554.95
1673683200,1555.2,1565.05,1507.15,1529.95
1673697600,1529.95,1545.4,1510.65,1524.95
1673712000,1524.9,1538.25,1523.7,1530.1
1673726400,1529.9,1557.4,1527.4,1549.95
1673740800,1549.9,1552.55,1516.05,1526.15
1673755200,1525.95,1530.3,1522.05,1529.5
1673769600,1529.45,1535.2,1520.2,1533.8
1673784000,1533.75,1559.75,1529.1,1556.3
1673798400,1556.2,1564.95,1533.6,1550.15
1673812800,1550.15,1561.65,1542.2,1553.0
1673827200,1553.0,1584.25,1542.35,1568.95
1673841600,1569.25,1577.55,1563.0,1566.2
1673856000,1566.2,1566.7,1526.1,1542.45
1673870400,1542.55,1552.5,1522.65,1549.7
1673884800,1549.6,1600.0,1545.55,1591.5
1673899200,1591.5,1597.6,1572.95,1576.5
1673913600,1576.5,1582.15,1541.45,1563.4
1673928000,1563.4,1575.35,1558.2,1563.6
1673942400,1563.5,1572.05,1558.2,1569.05
1673956800,1569.05,1602.3,1562.1,1571.2
1673971200,1571.15,1598.85,1564.7,1588.65
1673985600,1588.8,1592.75,1564.0,1565.3
1674000000,1565.45,1592.4,1563.05,1582.05
1674014400,1581.7,1588.25,1578.7,1582.85
1674028800,1582.85,1583.5,1571.65,1576.05
1674043200,1576.05,1607.85,1533.7,1550.05
1674057600,1549.8,1565.8,1503.15,1542.1
1674072000,1542.1,1545.0,1509.0,1512.0
1674086400,1511.7,1527.95,1510.0,1524.95
1674100800,1524.95,1532.55,1524.45,1527.9
1674115200,1528.15,1531.7,1516.7,1520.05
1674129600,1520.05,1546.3,1514.6,1533.1
1674144000,1533.2,1548.05,1523.25,1548.05
1674158400,1548.05,1548.05,1543.8,1548.05
1674172800,1548.05,1558.65,1545.5,1554.2
1674187200,1554.2,1557.0,1542.8,1550.4
1674201600,1550.5,1556.0,1545.5,1549.15
1674216000,1549.0,1568.85,1549.0,1562.9
1674230400,1562.9,1601.3,1561.2,1600.8
1674244800,1604.55,1668.75,1602.1,1658.85
1674259200,1658.75,1673.95,1643.0,1649.15
1674273600,1649.15,1654.95,1645.0,1651.2
1674288000,1651.2,1678.2,1621.95,1646.9
1674302400,1646.9,1667.25,1644.35,1646.15
1674316800,1646.9,1667.05,1645.95,1662.9
1674331200,1662.8,1667.5,1622.7,1627.15
1674345600,1627.3,1637.2,1607.3,1623.4
1674360000,1622.95,1631.7,1621.45,1626.75
1674374400,1626.75,1632.0,1619.5,1624.8
1674388800,1624.8,1650.3,1620.2,1635.0
1674403200,1635.25,1665.1,1630.1,1635.0
1674417600,1635.1,1636.1,1608.05,1627.75
1674432000,1627.8,1642.8,1626.2,1630.7
1674446400,1630.85,1638.05,1628.0,1633.55
1674460800,1633.55,1639.75,1630.9,1636.75
1674475200,1636.75,1648.65,1595.3,1620.85
1674489600,1621.55,1640.9,1610.3,1619.95
1674504000,1619.75,1636.0,1618.3,1626.45
1674518400,1626.5,1641.65,1623.0,1639.2
1674532800,1639.2,1640.85,1634.25,1636.3
1674547200,1636.4,1637.35,1614.95,1625.6
1674561600,1625.6,1631.9,1605.1,1620.6
1674576000,1620.65,1625.35,1606.65,1622.55
1674590400,1622.75,1624.55,1539.4,1556.0
1674604800,1556.0,1557.55,1523.6,1546.7
1674619200,1546.55,1557.9,1544.7,1553.0
1674633600,1553.0,1556.6,1540.4,1546.0
1674648000,1546.0,1566.35,1525.8,1544.3
1674662400,1544.35,1562.25,1541.05,1561.25
1674676800,1561.3,1640.55,1561.3,1611.55
1674691200,1612.1,1631.7,1610.45,1615.0
1674705600,1615.5,1622.15,1600.3,1605.05
1674720000,1605.05,1610.75,1595.3,1604.6
1674734400,1604.7,1620.95,1585.8,1590.4
1674748800,1589.8,1607.4,1580.1,1604.0
1674763200,1603.7,1611.0,1594.2,1601.3
1674777600,1601.3,1606.75,1556.95,1565.8
1674792000,1565.8,1586.7,1563.35,1585.8
1674806400,1585.8,1586.4,1573.5,1579.1
1674820800,1579.15,1594.15,1563.3,1578.95
1674835200,1574.45,1611.65,1574.45,1609.55
1674849600,1609.6,1621.8,1588.7,1597.4
1674864000,1597.4,1606.6,1592.4,1598.95
1674878400,1598.95,1603.6,1586.55,1593.3
1674892800,1593.2,1594.3,1580.9,1586.55
1674907200,1586.55,1586.55,1563.25,1578.55
1674921600,1578.35,1580.8,1570.45,1577.4
1674936000,1577.4,1577.85,1558.05,1572.6
1674950400,1572.6,1619.65,1567.0,1594.5
1674964800,1594.9,1599.5,1588.2,1592.4
1674979200,1592.4,1617.05,1589.15,1609.35
1674993600,1609.25,1622.5,1603.2,1611.6
1675008000,1611.6,1660.9,1605.7,1655.45
1675022400,1655.2,1656.9,1632.3,1645.35
1675036800,1645.6,1648.0,1632.5,1638.4
1675051200,1638.7,1641.8,1622.5,1627.65
1675065600,1627.2,1630.85,1578.1,1582.2
1675080000,1582.05,1596.75,1571.25,1584.8
1675094400,1584.5,1591.0,1534.7,1554.65
1675108800,1554.2,1568.4,1537.55,1566.15
1675123200,1566.3,1575.9,1562.2,1569.1
1675137600,1569.1,1580.95,1561.6,1579.95
1675152000,1579.95,1583.7,1565.6,1571.4
1675166400,1572.35,1596.3,1571.0,1588.95
1675180800,1589.2,1604.8,1586.8,1597.45
1675195200,1597.45,1601.0,1563.7,1585.4
1675209600,1585.4,1593.05,1577.35,1584.85
1675224000,1584.85,1586.2,1569.85,1575.5
1675238400,1575.5,1583.9,1566.75,1580.7
1675252800,1580.7,1589.5,1572.9,1576.0
1675267200,1575.8,1626.9,1558.6,1617.5
1675281600,1618.25,1647.8,1613.65,1641.5
1675296000,1641.7,1696.0,1639.3,1671.8
1675310400,1672.35,1676.9,1660.85,1665.25
1675324800,1665.3,1675.0,1663.5,1671.85
1675339200,1671.95,1687.1,1650.2,1678.0
1675353600,1678.2,1712.95,1666.5,1675.0
1675368000,1674.9,1685.1,1627.75,1643.75
1675382400,1643.8,1651.0,1630.9,1642.4
1675396800,1642.4,1648.2,1636.6,1638.45
1675411200,1638.45,1650.2,1632.4,1648.75
1675425600,1648.6,1672.9,1627.9,1663.15
1675440000,1663.35,1675.1,1651.05,1653.25
1675454400,1652.85,1672.0,1642.6,1663.55
1675468800,1663.55,1666.1,1650.55,1654.3
1675483200,1654.05,1660.85,1645.9,1658.35
1675497600,1658.2,1662.75,1651.5,1661.45
1675512000,1661.5,1694.75,1660.0,1680.5
1675526400,1680.5,1685.8,1672.6,1675.9
1675540800,1675.9,1687.8,1659.2,1666.6
1675555200,1666.65,1670.95,1657.5,1661.35
1675569600,1661.35,1671.3,1660.0,1668.25
1675584000,1668.25,1673.8,1661.3,1662.7
1675598400,1662.7,1665.2,1638.1,1645.05
1675612800,1645.05,1647.85,1610.0,1619.15
1675627200,1618.95,1640.0,1611.95,1629.5
1675641600,1629.65,1642.6,1618.15,1626.9
1675656000,1626.9,1635.4,1610.2,1635.0
1675670400,1635.2,1637.5,1622.65,1634.85
1675684800,1635.0,1650.1,1620.45,1648.55
1675699200,1648.65,1658.0,1640.3,1648.25
1675713600,1648.4,1649.25,1606.35,1614.5
1675728000,1614.5,1635.5,1613.1,1633.3
1675742400,1633.45,1637.9,1630.8,1631.95
1675756800,1631.95,1647.85,1628.45,1640.85
1675771200,1640.95,1645.0,1626.95,1631.5
1675785600,1631.4,1678.15,1624.6,1656.35
1675800000,1656.75,1676.7,1650.7,1670.15
1675814400,1670.15,1694.25,1667.4,1680.6
1675828800,1680.65,1682.7,1672.0,1677.55
1675843200,1677.55,1677.9,1668.45,1674.4
1675857600,1674.4,1682.6,1652.2,1653.8
1675872000,1653.2,1660.0,1631.15,1647.7
1675886400,1647.2,1655.85,1638.4,1650.0
1675900800,1650.2,1655.85,1610.0,1619.6
1675915200,1618.4,1636.75,1612.25,1630.25
1675929600,1630.35,1639.2,1630.35,1633.1
1675944000,1632.85,1648.95,1627.05,1632.65
1675958400,1632.8,1634.2,1558.3,1579.85
1675972800,1579.3,1581.8,1525.7,1545.3
1675987200,1545.45,1554.6,1542.25,1543.55
1676001600,1543.55,1552.35,1531.5,1551.1
1676016000,1550.95,1553.95,1534.4,1537.5
1676030400,1537.8,1547.8,1508.3,1522.55
1676044800,1521.95,1538.75,1515.5,1534.4
1676059200,1534.4,1535.6,1495.75,1513.2
1676073600,1513.1,1523.4,1508.45,1520.55
1676088000,1520.55,1523.4,1514.6,1520.3
1676102400,1520.3,1525.9,1516.2,1520.4
1676116800,1520.35,1526.85,1515.5,1522.9
1676131200,1522.9,1523.05,1511.2,1519.1
1676145600,1519.1,1543.45,1517.05,1538.5
1676160000,1538.55,1539.5,1530.65,1531.3
1676174400,1531.2,1534.4,1529.2,1531.0
1676188800,1531.0,1539.15,1531.0,1533.6
1676203200,1533.6,1540.4,1522.35,1535.9
1676217600,1536.0,1548.05,1534.0,1539.5
1676232000,1539.5,1542.2,1494.5,1515.2
1676246400,1515.65,1524.6,1497.25,1516.8
1676260800,1516.8,1525.75,1515.95,1522.75
1676275200,1522.95,1523.2,1470.65,1486.1
1676289600,1486.4,1491.7,1475.65,1476.0
1676304000,1476.4,1494.1,1462.7,1490.7
1676318400,1490.95,1510.2,1482.15,1505.45
1676332800,1505.65,1508.15,1494.7,1498.4
1676347200,1498.4,1508.0,1497.0,1506.3
1676361600,1506.5,1519.55,1497.55,1507.8
1676376000,1507.85,1566.65,1489.9,1544.7
1676390400,1544.95,1563.75,1534.4,1560.3
1676404800,1560.8,1563.8,1549.45,1555.5
1676419200,1555.65,1557.15,1542.5,1549.2
1676433600,1549.2,1552.4,1544.55,1547.45
1676448000,1547.65,1576.7,1544.8,1571.45
1676462400,1571.95,1590.55,1567.65,1579.55
1676476800,1579.15,1629.5,1573.55,1629.5
1676491200,1630.3,1678.7,1624.4,1674.8
1676505600,1675.05,1713.05,1672.95,1691.1
1676520000,1691.1,1697.5,1675.9,1682.65
1676534400,1683.15,1693.15,1679.3,1683.8
1676548800,1683.8,1727.45,1666.85,1724.55
1676563200,1724.0,1741.8,1688.55,1710.9
1676577600,1710.3,1711.1,1634.4,1638.3
1676592000,1638.3,1670.0,1631.65,1663.6
1676606400,1663.6,1665.55,1652.25,1653.5
1676620800,1653.75,1672.1,1650.4,1666.15
1676635200,1666.15,1682.05,1647.35,1672.8
1676649600,1672.75,1709.65,1662.2,1706.6
1676664000,1707.0,1721.7,1670.9,1693.95
1676678400,1693.45,1703.7,1692.1,1699.25
1676692800,1699.25,1703.7,1688.2,1691.25
1676707200,1691.2,1695.5,1686.6,1691.7
1676721600,1691.7,1700.0,1687.3,1696.2
1676736000,1695.5,1711.2,1683.5,1687.95
1676750400,1687.95,1693.3,1680.6,1691.6
1676764800,1691.6,1700.15,1689.5,1695.25
1676779200,1695.25,1709.6,1692.9,1693.5
1676793600,1693.8,1700.7,1691.3,1695.5
1676808000,1695.8,1721.95,1694.8,1711.0
1676822400,1711.5,1724.95,1676.9,1685.05
1676836800,1685.05,1689.25,1667.75,1680.95
1676851200,1680.55,1686.7,1652.65,1684.0
1676865600,1684.3,1697.85,1683.2,1695.5
1676880000,1695.55,1719.1,1688.9,1713.5
1676894400,1714.1,1716.1,1698.95,1707.25
1676908800,1707.45,1710.9,1686.7,1710.0
1676923200,1709.9,1710.55,1692.1,1703.8
1676937600,1703.8,1716.65,1697.9,1702.9
1676952000,1702.9,1708.1,1695.5,1704.25
1676966400,1704.4,1711.45,1668.05,1669.95
1676980800,1669.7,1684.8,1660.9,1672.6
1676995200,1672.5,1686.75,1656.6,1672.2
1677009600,1672.35,1674.6,1635.45,1659.65
1677024000,1659.5,1666.35,1622.4,1649.2
1677038400,1649.3,1649.8,1632.2,1643.85
1677052800,1643.75,1645.8,1625.7,1644.4
1677067200,1644.45,1649.85,1607.7,1614.1
1677081600,1613.55,1630.0,1598.15,1616.05
1677096000,1615.7,1645.2,1610.3,1642.95
1677110400,1643.0,1678.7,1637.2,1667.15
1677124800,1667.15,1671.25,1659.3,1666.35
1677139200,1666.2,1673.25,1632.6,1638.0
1677153600,1638.0,1671.7,1629.5,1656.1
1677168000,1656.0,1661.6,1637.45,1653.05
1677182400,1653.05,1658.5,1638.6,1650.75
1677196800,1650.75,1664.0,1646.2,1649.3
1677211200,1649.3,1656.25,1642.55,1651.65
1677225600,1651.65,1657.6,1643.1,1647.45
1677240000,1647.45,1654.5,1601.0,1603.55
1677254400,1603.4,1611.5,1574.95,1610.85
1677268800,1610.85,1622.55,1594.25,1607.7
1677283200,1607.75,1608.8,1595.8,1598.6
1677297600,1598.6,1604.3,1594.15,1603.9
1677312000,1603.9,1607.3,1596.5,1600.45
1677326400,1600.45,1604.0,1594.0,1597.25
1677340800,1597.25,1601.2,1575.8,1584.7
1677355200,1584.5,1597.45,1560.6,1594.4
1677369600,1594.3,1606.55,1588.45,1602.6
1677384000,1602.6,1603.2,1596.15,1599.8
1677398400,1599.95,1606.35,1597.15,1603.95
1677412800,1603.95,1613.95,1595.0,1604.95
1677427200,1604.95,1636.7,1598.55,1633.4
1677441600,1633.8,1650.0,1622.75,1641.4
1677456000,1641.35,1649.7,1632.05,1640.0
1677470400,1639.8,1640.35,1631.45,1636.2
1677484800,1636.35,1643.4,1632.35,1640.8
1677499200,1640.8,1664.55,1637.55,1643.85
1677513600,1644.35,1646.5,1616.05,1622.0
1677528000,1621.15,1636.6,1608.95,1633.5
1677542400,1633.45,1635.9,1626.95,1632.65
1677556800,1632.65,1632.65,1618.6,1619.4
1677571200,1619.15,1631.8,1616.5,1629.5
1677585600,1629.5,1647.0,1628.5,1641.0
1677600000,1641.0,1645.85,1622.5,1627.6
1677614400,1627.75,1632.65,1597.75,1605.35
1677628800,1605.65,1640.3,1596.2,1638.15
1677643200,1638.25,1661.55,1635.35,1651.0
1677657600,1650.7,1664.2,1649.0,1656.5
1677672000,1656.4,1669.6,1647.05,1657.3
1677686400,1657.3,1660.6,1631.6,1634.95
1677700800,1633.35,1666.4,1631.95,1665.15
1677715200,1665.2,1677.65,1644.5,1648.2
1677729600,1648.2,1652.05,1639.6,1644.7
1677744000,1644.7,1649.0,1638.3,1644.7
1677758400,1644.9,1645.3,1620.45,1628.25
1677772800,1628.25,1651.65,1622.0,1648.2
1677787200,1648.0,1657.65,1640.2,1648.05
1677801600,1648.0,1649.1,1520.55,1565.2
1677816000,1565.0,1576.25,1562.6,1567.8
1677830400,1567.8,1573.95,1564.5,1565.1
1677844800,1564.9,1581.2,1561.2,1567.2
1677859200,1567.2,1574.4,1553.05,1565.85
1677873600,1565.8,1571.0,1548.05,1568.9
1677888000,1569.2,1576.75,1568.2,1570.6
1677902400,1570.6,1572.35,1562.45,1568.65
1677916800,1568.5,1571.0,1566.75,1569.4
1677931200,1569.4,1572.1,1562.4,1562.7
1677945600,1562.7,1566.0,1557.35,1559.7
1677960000,1559.5,1568.65,1549.45,1567.0
1677974400,1567.0,1587.95,1553.8,1567.15
1677988800,1567.35,1573.35,1567.1,1568.3
1678003200,1568.3,1572.8,1564.8,1568.8
1678017600,1568.8,1574.0,1568.1,1569.45
1678032000,1569.45,1571.5,1563.1,1566.3
1678046400,1566.25,1577.85,1556.75,1564.6
1678060800,1564.6,1572.95,1557.1,1562.75
1678075200,1562.7,1564.75,1555.3,1561.15
1678089600,1561.15,1568.2,1558.1,1563.45
1678104000,1563.45,1581.75,1561.65,1577.4
1678118400,1577.5,1579.8,1564.3,1566.65
1678132800,1566.55,1571.35,1559.95,1566.3
1678147200,1566.2,1582.55,1561.8,1574.4
1678161600,1574.4,1576.25,1570.6,1570.6
1678176000,1571.35,1571.4,1563.05,1563.4
1678190400,1563.7,1570.65,1536.7,1561.3
1678204800,1561.25,1564.8,1548.3,1551.25
1678219200,1551.3,1563.45,1543.8,1561.6
1678233600,1561.6,1570.15,1558.25,1562.55
1678248000,1562.7,1563.5,1548.4,1551.6
1678262400,1551.65,1560.85,1550.25,1556.95
1678276800,1556.95,1564.85,1544.2,1560.3
1678291200,1560.4,1564.7,1549.0,1553.0
1678305600,1553.0,1561.45,1529.45,1533.1
1678320000,1532.7,1544.7,1531.85,1541.5
1678334400,1541.5,1541.65,1536.35,1536.75
1678348800,1537.05,1539.05,1528.95,1535.3
1678363200,1535.3,1545.75,1527.45,1533.85
1678377600,1533.7,1537.6,1481.65,1487.95
1678392000,1488.2,1489.3,1409.1,1437.3
1678406400,1437.2,1437.5,1411.6,1427.1
1678420800,1426.75,1427.3,1391.85,1411.75
1678435200,1411.8,1412.75,1371.3,1384.3
1678449600,1384.3,1433.8,1382.1,1416.8
1678464000,1416.25,1438.25,1400.8,1423.4
1678478400,1423.55,1433.35,1406.7,1427.2
1678492800,1427.0,1475.65,1424.95,1459.1
1678507200,1458.95,1466.7,1415.1,1417.95
1678521600,1417.75,1451.2,1410.15,1428.4
1678536000,1428.3,1437.45,1426.45,1430.25
1678550400,1429.8,1456.95,1422.95,1449.9
1678564800,1450.05,1477.45,1450.05,1472.6
1678579200,1472.6,1473.55,1456.4,1466.95
1678593600,1467.0,1471.7,1457.75,1463.0
1678608000,1463.0,1468.45,1460.7,1466.1
1678622400,1466.1,1467.6,1452.25,1459.55
1678636800,1459.45,1547.6,1456.45,1515.7
1678651200,1516.1,1596.9,1514.45,1579.7
1678665600,1579.65,1619.8,1573.35,1588.7
1678680000,1588.75,1615.3,1588.75,1606.55
1678694400,1606.5,1607.8,1566.9,1581.75
1678708800,1582.1,1698.8,1573.9,1667.45
1678723200,1668.25,1685.4,1649.35,1677.7
1678737600,1678.3,1681.55,1661.25,1673.5
1678752000,1673.75,1682.75,1663.7,1676.65
1678766400,1676.7,1693.8,1662.05,1667.35
1678780800,1667.45,1688.45,1656.55,1683.8
1678795200,1683.8,1777.8,1678.55,1770.3
1678809600,1770.3,1775.7,1689.8,1724.8
1678824000,1721.55,1728.25,1666.0,1700.0
1678838400,1699.8,1717.3,1683.9,1702.35
1678852800,1702.35,1708.25,1694.15,1705.1
1678867200,1704.65,1705.55,1653.4,1679.45
1678881600,1679.55,1697.5,1626.95,1634.35
1678896000,1634.5,1654.7,1612.95,1647.9
1678910400,1648.3,1664.45,1638.35,1649.7
1678924800,1650.0,1659.6,1633.55,1645.3
1678939200,1645.8,1659.35,1637.15,1655.3
1678953600,1655.55,1668.0,1639.55,1660.35
1678968000,1660.35,1666.0,1636.7,1662.3
1678982400,1662.3,1690.95,1653.6,1679.2
1678996800,1679.3,1681.9,1652.75,1673.25
1679011200,1673.25,1724.65,1663.0,1708.25
1679025600,1708.25,1729.8,1696.2,1716.2
1679040000,1716.2,1763.55,1711.0,1761.0
1679054400,1761.5,1762.1,1703.85,1717.3
1679068800,1717.1,1744.15,1710.0,1742.95
1679083200,1744.05,1800.05,1732.25,1790.2
1679097600,1790.05,1831.9,1768.05,1810.5
1679112000,1810.6,1821.4,1802.25,1814.4
1679126400,1814.4,1817.15,1792.2,1813.1
1679140800,1813.05,1839.1,1776.9,1786.4
1679155200,1786.25,1802.75,1749.2,1790.35
1679169600,1790.6,1801.15,1751.9,1759.05
1679184000,1758.8,1785.4,1758.35,1782.4
1679198400,1782.3,1786.7,1762.6,1774.95
1679212800,1774.95,1788.0,1766.95,1784.45
1679227200,1784.4,1808.6,1773.7,1794.25
1679241600,1793.15,1839.65,1791.95,1822.0
1679256000,1821.8,1827.5,1776.65,1781.45
1679270400,1781.4,1785.6,1743.35,1751.8
1679284800,1751.6,1793.25,1738.8,1791.4
1679299200,1791.9,1803.45,1770.4,1779.15
1679313600,1779.15,1782.65,1753.85,1762.95
1679328000,1763.4,1768.2,1742.25,1753.45
1679342400,1752.85,1761.95,1724.1,1733.0
1679356800,1732.9,1756.7,1729.35,1746.15
1679371200,1746.2,1753.75,1717.95,1730.3
1679385600,1730.3,1768.0,1725.15,1761.8
1679400000,1761.8,1834.8,1758.7,1813.0
1679414400,1812.8,1826.2,1775.9,1790.6
1679428800,1791.0,1806.4,1782.75,1802.2
1679443200,1801.4,1806.4,1778.85,1799.95
1679457600,1799.9,1807.05,1788.3,1793.4
1679472000,1793.0,1794.25,1782.45,1786.1
1679486400,1786.05,1819.45,1784.3,1806.55
1679500800,1806.55,1810.0,1712.55,1717.8
1679515200,1717.5,1737.95,1711.8,1734.1
1679529600,1734.1,1744.65,1729.7,1737.45
1679544000,1737.7,1753.2,1730.3,1750.5
1679558400,1750.5,1759.3,1745.05,1755.0
1679572800,1755.0,1858.1,1742.15,1837.6
1679587200,1839.25,1840.65,1794.55,1820.7
1679601600,1820.85,1821.1,1804.3,1813.8
1679616000,1813.9,1818.5,1807.1,1812.6
1679630400,1812.6,1817.45,1804.0,1815.0
1679644800,1815.1,1816.45,1739.65,1747.35
1679659200,1745.9,1783.95,1742.5,1767.1
1679673600,1767.05,1769.55,1727.95,1763.75
1679688000,1763.65,1764.4,1729.0,1749.7
1679702400,1749.7,1762.65,1747.0,1755.85
1679716800,1755.85,1758.2,1742.4,1747.05
1679731200,1747.25,1750.7,1736.65,1745.6
1679745600,1745.65,1760.75,1739.95,1755.0
1679760000,1754.8,1757.35,1716.35,1717.5
1679774400,1717.4,1743.85,1713.8,1742.6
1679788800,1742.6,1756.5,1739.5,1749.7
1679803200,1749.8,1755.35,1746.3,1752.55
1679817600,1752.55,1786.3,1750.1,1778.45
1679832000,1778.25,1797.85,1756.65,1764.3
1679846400,1763.7,1772.25,1755.3,1766.3
1679860800,1766.3,1782.4,1754.85,1774.15
1679875200,1774.15,1779.75,1759.45,1764.9
1679889600,1764.85,1767.75,1747.1,1752.3
1679904000,1752.3,1770.25,1749.75,1765.4
1679918400,1765.5,1769.3,1686.8,1711.4
1679932800,1711.6,1732.0,1701.9,1704.35
1679947200,1704.5,1717.6,1696.9,1715.3
1679961600,1715.3,1726.45,1702.8,1712.15
1679976000,1712.15,1734.95,1710.25,1723.95
1679990400,1724.35,1754.25,1711.2,1745.45
1680004800,1746.0,1750.6,1730.95,1744.15
1680019200,1744.0,1796.1,1728.6,1785.8
1680033600,1786.8,1789.95,1762.6,1773.0
1680048000,1773.0,1788.35,1772.4,1777.75
1680062400,1777.8,1816.3,1777.8,1804.6
1680076800,1804.75,1825.95,1800.1,1811.55
1680091200,1811.7,1816.7,1792.75,1807.95
1680105600,1807.95,1811.95,1792.5,1808.7
1680120000,1809.2,1809.8,1783.1,1793.25
1680134400,1793.25,1829.0,1770.0,1787.5
1680148800,1786.75,1812.55,1785.5,1806.05
1680163200,1806.05,1808.05,1793.7,1805.0
1680177600,1805.0,1805.75,1784.3,1789.55
1680192000,1789.45,1791.2,1765.15,1781.05
1680206400,1781.7,1798.4,1779.05,1793.25
1680220800,1793.2,1817.05,1789.0,1802.7
1680235200,1802.95,1806.95,1780.8,1794.7
1680249600,1794.95,1799.55,1786.1,1793.25
1680264000,1793.25,1845.7,1791.4,1830.7
1680278400,1830.75,1834.35,1819.75,1828.85
1680292800,1829.2,1830.25,1815.4,1822.3
1680307200,1822.25,1843.3,1820.2,1826.75
1680321600,1826.45,1830.0,1813.8,1823.95
1680336000,1823.7,1828.5,1821.25,1824.5
1680350400,1824.5,1827.5,1815.55,1821.3
1680364800,1821.25,1824.85,1811.0,1815.0
1680379200,1815.0,1825.8,1815.0,1821.2
1680393600,1821.2,1823.7,1810.35,1817.55
1680408000,1817.7,1824.85,1814.05,1820.4
1680422400,1820.5,1824.35,1815.7,1817.8
1680436800,1817.8,1818.45,1790.05,1798.5
1680451200,1798.3,1804.5,1773.4,1781.4
1680465600,1781.9,1796.2,1778.3,1794.8
1680480000,1794.8,1794.8,1763.6,1778.05
1680494400,1778.05,1794.6,1773.1,1794.6
1680508800,1794.95,1817.8,1794.95,1808.1
1680523200,1808.1,1821.85,1790.0,1797.1
1680537600,1797.15,1840.05,1792.1,1818.7
1680552000,1818.7,1819.7,1769.7,1811.0
1680566400,1811.0,1816.75,1802.6,1807.75
1680580800,1807.75,1822.8,1803.5,1812.55
1680595200,1812.6,1877.0,1811.3,1864.05
1680609600,1865.15,1889.0,1853.15,1862.8
1680624000,1862.85,1873.75,1858.3,1869.15
1680638400,1869.3,1885.3,1859.9,1870.7
1680652800,1870.55,1922.95,1865.25,1913.0
1680667200,1912.95,1917.3,1907.75,1910.8
1680681600,1910.75,1918.95,1904.65,1913.95
1680696000,1913.95,1937.95,1885.2,1897.45
1680710400,1897.45,1918.45,1888.85,1909.4
1680724800,1909.5,1914.95,1904.1,1908.9
1680739200,1908.6,1909.95,1887.35,1899.25
1680753600,1899.25,1899.3,1877.85,1879.8
1680768000,1879.95,1885.55,1856.25,1869.45
1680782400,1869.2,1879.45,1855.95,1875.1
1680796800,1875.6,1883.1,1867.15,1872.3
1680811200,1871.95,1879.5,1860.95,1873.3
1680825600,1873.2,1882.95,1866.75,1877.15
1680840000,1877.4,1879.3,1845.0,1851.45
1680854400,1851.3,1859.8,1844.35,1849.7
1680868800,1850.15,1864.45,1844.2,1860.85
1680883200,1860.85,1862.3,1852.0,1855.45
1680897600,1855.55,1872.7,1852.15,1864.35
1680912000,1864.35,1872.15,1855.65,1868.5
1680926400,1868.4,1879.9,1864.95,1873.0
1680940800,1873.0,1875.5,1866.75,1868.55
1680955200,1868.55,1871.95,1863.15,1867.9
1680969600,1868.0,1869.95,1847.5,1854.3
1680984000,1854.35,1858.6,1847.05,1849.2
1680998400,1849.2,1860.5,1847.75,1852.25
1681012800,1852.25,1856.05,1823.15,1835.9
1681027200,1835.9,1840.2,1831.4,1839.7
1681041600,1839.3,1844.85,1826.5,1837.15
1681056000,1837.15,1867.05,1836.0,1855.85
1681070400,1856.7,1873.4,1852.8,1859.2
1681084800,1859.2,1863.05,1846.95,1857.7
1681099200,1857.7,1865.7,1853.55,1860.3
1681113600,1860.3,1862.8,1855.35,1858.2
1681128000,1858.2,1867.8,1847.4,1861.1
1681142400,1861.1,1904.55,1857.65,1889.2
1681156800,1889.35,1917.15,1879.45,1910.7
1681171200,1910.6,1936.7,1908.05,1922.65
1681185600,1923.0,1926.45,1909.6,1921.5
1681200000,1921.6,1922.75,1912.45,1916.15
1681214400,1915.85,1923.3,1905.3,1914.05
1681228800,1913.8,1917.0,1891.7,1894.45
1681243200,1894.75,1896.65,1882.9,1890.2
1681257600,1890.2,1897.8,1853.45,1863.1
1681272000,1863.1,1874.65,1860.85,1869.65
1681286400,1869.65,1874.0,1863.65,1872.25
1681300800,1872.25,1930.75,1867.1,1912.0
1681315200,1912.05,1919.2,1894.6,1901.4
1681329600,1901.9,1929.95,1900.55,1918.0
1681344000,1918.0,1920.75,1900.0,1912.6
1681358400,1912.6,1924.95,1907.4,1921.5
1681372800,1921.5,1995.95,1919.3,1986.9
1681387200,1987.2,2008.5,1985.95,1997.15
1681401600,1997.15,2019.8,1991.05,2011.0
1681416000,2011.15,2014.05,2000.25,2007.7
1681430400,2007.7,2120.3,2004.65,2105.05
1681444800,2103.7,2123.1,2100.3,2107.0
1681459200,2106.8,2118.45,2102.0,2115.15
1681473600,2115.4,2122.4,2050.65,2059.45
1681488000,2058.95,2091.55,2045.2,2091.4
1681502400,2091.15,2116.45,2085.7,2099.75
1681516800,2099.75,2106.3,2073.25,2088.7
1681531200,2088.7,2101.4,2082.0,2096.9
1681545600,2096.9,2111.15,2092.5,2100.9
1681560000,2100.85,2108.6,2093.5,2098.35
1681574400,2098.35,2108.65,2083.25,2100.6
1681588800,2100.3,2102.5,2082.45,2090.95
1681603200,2090.9,2095.65,2073.1,2086.8
1681617600,2086.8,2101.55,2086.4,2097.9
1681632000,2097.9,2100.3,2083.9,2087.2
1681646400,2087.2,2099.45,2076.8,2094.0
1681660800,2094.05,2138.35,2088.5,2114.95
1681675200,2115.25,2132.6,2099.5,2118.9
1681689600,2118.4,2119.75,2074.75,2097.15
1681704000,2097.2,2102.8,2089.3,2090.75
1681718400,2091.2,2099.45,2068.3,2077.05
1681732800,2076.65,2083.1,2060.4,2071.9
1681747200,2071.9,2087.0,2070.7,2078.2
1681761600,2078.05,2084.4,2067.25,2075.15
1681776000,2075.4,2084.7,2055.05,2080.4
1681790400,2080.5,2108.6,2078.7,2100.45
1681804800,2100.45,2123.9,2094.55,2117.75
1681819200,2118.7,2120.4,2089.55,2095.85
1681833600,2095.85,2100.8,2070.5,2081.6
1681848000,2081.05,2108.5,2075.1,2104.2
1681862400,2104.55,2104.8,2086.8,2091.7
1681876800,2091.3,2092.7,2065.2,2074.4
1681891200,2074.35,2074.35,1967.85,1982.3
1681905600,1982.35,2004.55,1971.85,1982.65
1681920000,1982.95,1990.45,1965.45,1980.5
1681934400,1979.7,1987.6,1921.85,1934.5
1681948800,1933.9,1954.55,1927.15,1948.65
1681963200,1949.8,1964.3,1947.3,1949.35
1681977600,1949.5,1961.5,1938.0,1940.1
1681992000,1940.3,1979.9,1937.85,1946.75
1682006400,1946.4,1954.45,1917.4,1928.15
1682020800,1927.25,1956.1,1923.3,1942.7
1682035200,1942.8,1956.05,1934.7,1946.2
1682049600,1946.75,1948.0,1902.6,1927.5
1682064000,1928.0,1934.5,1903.7,1909.0
1682078400,1909.05,1923.55,1891.35,1904.85
1682092800,1904.7,1909.0,1832.1,1843.3
1682107200,1842.55,1854.0,1824.45,1848.7
1682121600,1848.65,1862.4,1846.15,1859.45
1682136000,1859.45,1864.8,1848.45,1851.2
1682150400,1851.2,1855.15,1843.0,1852.35
1682164800,1852.35,1871.5,1846.5,1866.5
1682179200,1866.55,1887.35,1865.7,1871.95
1682193600,1871.95,1879.3,1863.2,1873.65
1682208000,1873.85,1873.9,1848.3,1862.7
1682222400,1862.7,1876.85,1859.4,1874.05
1682236800,1874.15,1876.9,1863.05,1875.1
1682251200,1875.15,1882.3,1854.4,1859.75
1682265600,1859.75,1872.85,1840.8,1847.05
1682280000,1847.05,1868.35,1838.2,1862.15
1682294400,1862.15,1889.2,1851.0,1868.0
1682308800,1868.0,1868.15,1827.9,1845.65
1682323200,1845.55,1855.25,1833.2,1854.9
1682337600,1855.15,1875.0,1832.0,1834.25
1682352000,1834.4,1846.95,1807.6,1831.5
1682366400,1831.4,1845.85,1827.4,1842.0
1682380800,1842.15,1850.8,1827.15,1830.5
1682395200,1830.5,1836.7,1812.4,1815.55
1682409600,1815.5,1829.45,1806.8,1825.55
1682424000,1826.15,1832.2,1803.05,1815.0
1682438400,1815.0,1846.95,1812.75,1837.95
1682452800,1837.55,1877.05,1836.75,1866.45
1682467200,1866.45,1881.5,1862.4,1863.3
1682481600,1863.3,1875.5,1859.45,1862.25
1682496000,1862.25,1919.75,1862.25,1913.9
1682510400,1914.05,1963.6,1913.85,1953.85
1682524800,1954.4,1958.55,1819.75,1829.25
1682539200,1828.2,1882.05,1786.95,1865.7
1682553600,1865.85,1938.9,1861.25,1898.7
1682568000,1898.95,1918.9,1873.15,1885.0
1682582400,1884.7,1894.4,1875.9,1881.1
1682596800,1880.85,1915.75,1863.55,1900.05
1682611200,1900.15,1937.7,1890.95,1922.2
1682625600,1922.1,1929.65,1894.3,1908.65
1682640000,1908.55,1915.6,1902.6,1905.75
1682654400,1905.85,1923.1,1905.2,1918.55
1682668800,1918.6,1918.65,1901.05,1903.05
1682683200,1902.85,1914.3,1875.85,1887.0
1682697600,1887.0,1904.9,1883.15,1892.35
1682712000,1892.6,1900.85,1887.2,1890.6
1682726400,1890.6,1897.95,1886.1,1895.95
1682740800,1896.0,1904.3,1895.95,1902.0
1682755200,1902.0,1903.85,1893.35,1898.25
1682769600,1898.25,1916.1,1896.85,1905.8
1682784000,1905.75,1907.65,1884.6,1903.45
1682798400,1903.4,1909.85,1897.6,1908.15
1682812800,1908.2,1908.2,1893.35,1896.3
1682827200,1896.3,1905.7,1893.45,1902.5
1682841600,1902.55,1913.4,1899.15,1901.1
1682856000,1900.95,1939.1,1898.0,1920.0
1682870400,1920.2,1934.45,1895.3,1905.05
1682884800,1905.1,1905.1,1866.1,1868.75
1682899200,1869.9,1886.55,1825.4,1846.65
1682913600,1846.4,1854.15,1834.95,1849.15
1682928000,1849.15,1853.65,1841.6,1845.6
1682942400,1845.55,1852.3,1828.4,1834.05
1682956800,1834.15,1842.05,1808.05,1813.15
1682971200,1813.05,1833.75,1806.6,1830.75
1682985600,1830.75,1836.95,1823.15,1830.25
1683000000,1830.35,1840.2,1824.95,1835.8
1683014400,1836.2,1839.5,1826.45,1834.0
1683028800,1833.95,1867.5,1824.75,1858.75
1683043200,1858.75,1881.0,1853.1,1867.75
1683057600,1868.8,1876.45,1867.25,1869.55
1683072000,1869.55,1870.45,1854.95,1862.65
1683086400,1862.6,1869.7,1857.5,1865.8
1683100800,1865.75,1872.8,1859.05,1859.95
1683115200,1859.95,1863.15,1843.55,1853.3
1683129600,1853.0,1894.35,1851.0,1868.1
1683144000,1867.35,1916.75,1857.65,1904.55
1683158400,1905.45,1908.05,1895.6,1903.6
1683172800,1903.65,1905.6,1896.9,1898.95
1683187200,1899.15,1917.9,1896.95,1904.65
1683201600,1904.65,1908.5,1878.5,1886.3
1683216000,1886.15,1891.9,1866.55,1876.25
1683230400,1876.8,1879.75,1869.65,1877.35
1683244800,1877.3,1909.35,1876.05,1896.65
1683259200,1896.7,1906.95,1892.9,1895.0
1683273600,1895.25,1914.9,1894.3,1910.5
1683288000,1911.55,1955.95,1891.5,1953.25
1683302400,1953.2,2015.85,1953.2,1991.25
1683316800,1991.75,1996.95,1984.6,1993.1
1683331200,1993.05,2016.3,1964.9,1971.0
1683345600,1971.0,1972.7,1956.7,1959.25
1683360000,1958.75,1958.75,1921.85,1935.25
1683374400,1935.0,1935.5,1862.6,1877.6
1683388800,1877.05,1905.1,1876.2,1897.45
1683403200,1897.4,1899.25,1884.0,1895.7
1683417600,1895.65,1918.25,1886.65,1892.65
1683432000,1892.7,1908.15,1889.7,1905.1
1683446400,1905.15,1912.0,1895.45,1901.4
1683460800,1901.45,1933.1,1901.45,1917.1
1683475200,1917.5,1924.05,1903.45,1913.25
1683489600,1913.4,1922.2,1869.1,1870.5
1683504000,1869.85,1883.95,1840.05,1865.75
1683518400,1865.45,1869.75,1838.6,1851.45
1683532800,1851.15,1865.35,1836.55,1862.45
1683547200,1862.75,1877.05,1848.4,1865.7
1683561600,1865.7,1867.3,1811.75,1829.65
1683576000,1829.2,1849.85,1827.25,1847.45
1683590400,1847.5,1856.5,1837.95,1844.0
1683604800,1844.05,1849.65,1832.2,1848.65
1683619200,1848.7,1849.2,1835.4,1846.65
1683633600,1846.65,1853.55,1835.65,1839.65
1683648000,1839.75,1857.65,1836.7,1852.55
1683662400,1853.5,1861.55,1841.7,1847.1
1683676800,1847.1,1858.6,1843.0,1844.45
1683691200,1844.5,1849.0,1835.35,1839.0
1683705600,1839.05,1850.75,1835.6,1850.55
1683720000,1850.45,1886.2,1847.35,1872.6
1683734400,1872.45,1879.5,1789.4,1849.5
1683748800,1849.45,1863.0,1826.4,1841.4
1683763200,1841.35,1841.4,1822.95,1827.9
1683777600,1827.7,1835.35,1825.4,1829.9
1683792000,1829.95,1829.95,1808.85,1820.7
1683806400,1820.65,1838.0,1786.2,1807.3
1683820800,1807.25,1809.7,1770.1,1784.9
1683835200,1784.9,1800.3,1782.8,1794.75
1683849600,1794.75,1800.8,1758.95,1763.7
1683864000,1763.8,1770.1,1735.6,1758.7
1683878400,1758.7,1771.3,1755.05,1764.8
1683892800,1764.85,1782.05,1760.75,1765.0
1683907200,1765.0,1793.2,1743.3,1790.2
1683921600,1790.05,1816.15,1781.6,1807.65
1683936000,1807.65,1815.8,1801.75,1806.15
1683950400,1806.1,1806.85,1797.15,1802.95
1683964800,1802.95,1810.85,1801.65,1804.0
1683979200,1804.05,1810.05,1787.0,1796.25
1683993600,1796.3,1806.2,1786.1,1793.65
1684008000,1793.6,1804.4,1792.25,1794.45
1684022400,1794.55,1805.0,1791.4,1804.2
1684036800,1804.2,1809.9,1801.1,1806.1
1684051200,1806.1,1806.9,1800.75,1802.5
1684065600,1802.5,1823.1,1797.35,1818.6
1684080000,1818.65,1821.35,1792.05,1796.35
1684094400,1796.35,1801.9,1791.45,1799.05
1684108800,1799.0,1833.6,1785.5,1826.0
1684123200,1826.05,1834.8,1819.6,1829.1
1684137600,1829.05,1835.05,1824.45,1824.95
1684152000,1824.95,1836.0,1813.6,1827.6
1684166400,1827.65,1847.05,1824.35,1827.7
1684180800,1827.8,1829.0,1813.45,1816.8
1684195200,1816.35,1822.75,1796.45,1813.2
1684209600,1813.25,1822.25,1806.95,1822.0
1684224000,1822.0,1826.75,1812.15,1816.25
1684238400,1816.3,1823.1,1810.9,1819.8
1684252800,1819.8,1832.05,1814.7,1816.8
1684267200,1816.75,1829.15,1815.15,1824.0
1684281600,1824.0,1836.1,1817.7,1823.75
1684296000,1823.75,1826.45,1802.7,1806.3
1684310400,1805.8,1807.1,1786.9,1788.3
1684324800,1788.45,1798.75,1783.85,1796.45
1684339200,1796.4,1832.35,1793.75,1826.6
1684353600,1826.65,1833.45,1817.35,1819.7
1684368000,1819.7,1825.6,1816.5,1824.25
1684382400,1824.25,1829.8,1813.45,1824.9
1684396800,1824.9,1826.9,1820.85,1823.45
1684411200,1823.45,1824.6,1804.1,1806.15
1684425600,1806.15,1810.8,1769.4,1793.65
1684440000,1793.7,1818.6,1791.65,1798.9
1684454400,1798.9,1805.4,1795.2,1802.75
1684468800,1802.7,1811.45,1800.05,1806.4
1684483200,1806.4,1812.4,1806.25,1808.65
1684497600,1808.65,1830.65,1802.35,1817.1
1684512000,1817.05,1823.2,1807.85,1812.8
1684526400,1812.85,1816.6,1810.9,1813.7
1684540800,1813.7,1815.8,1808.75,1815.75
1684555200,1815.75,1816.15,1810.15,1813.05
1684569600,1813.0,1817.95,1812.65,1814.4
1684584000,1814.45,1822.0,1814.0,1818.75
1684598400,1818.75,1831.55,1815.0,1822.8
1684612800,1822.85,1823.7,1814.05,1821.1
1684627200,1821.15,1830.2,1818.05,1819.25
1684641600,1819.25,1819.35,1815.0,1818.35
1684656000,1818.4,1818.55,1809.0,1810.5
1684670400,1810.5,1818.8,1804.7,1808.2
1684684800,1808.2,1811.2,1804.1,1810.9
1684699200,1810.9,1813.0,1799.35,1805.85
1684713600,1805.85,1808.5,1793.95,1801.65
1684728000,1801.7,1817.4,1801.5,1814.0
1684742400,1813.95,1818.55,1810.75,1813.4
1684756800,1813.45,1826.4,1808.1,1815.8
1684771200,1815.8,1822.5,1813.2,1815.7
1684785600,1815.7,1824.15,1812.9,1816.6
1684800000,1816.65,1877.4,1814.65,1864.3
1684814400,1864.35,1867.05,1846.45,1853.55
1684828800,1853.6,1857.25,1849.9,1854.4
1684843200,1854.4,1860.5,1843.15,1857.25
1684857600,1857.45,1857.65,1842.5,1852.1
1684872000,1852.1,1857.45,1846.8,1853.35
1684886400,1853.3,1853.4,1812.0,1821.75
1684900800,1821.7,1827.2,1813.85,1813.9
1684915200,1813.95,1821.15,1811.05,1815.45
1684929600,1815.45,1818.6,1776.0,1792.95
1684944000,1792.95,1797.85,1785.1,1792.3
1684958400,1792.25,1808.45,1791.75,1799.5
1684972800,1799.5,1807.1,1759.0,1781.05
1684987200,1781.1,1787.15,1774.5,1778.75
1685001600,1778.75,1791.15,1778.75,1789.7
1685016000,1789.65,1814.45,1786.15,1791.55
1685030400,1791.5,1818.4,1791.5,1809.0
1685044800,1809.05,1813.1,1805.05,1805.3
1685059200,1805.25,1808.65,1797.9,1807.1
1685073600,1807.1,1817.0,1802.35,1816.55
1685088000,1816.55,1817.9,1810.9,1812.4
1685102400,1812.45,1836.9,1809.75,1830.3
1685116800,1830.35,1836.3,1822.7,1835.25
1685131200,1835.25,1837.0,1825.7,1827.45
1685145600,1827.45,1835.45,1824.7,1834.0
1685160000,1833.95,1835.0,1828.65,1829.6
1685174400,1829.6,1830.55,1823.35,1826.6
1685188800,1826.65,1832.2,1812.0,1823.4
1685203200,1823.4,1828.45,1817.85,1825.85
1685217600,1825.85,1831.35,1824.2,1829.4
1685232000,1829.45,1859.75,1823.35,1850.55
1685246400,1850.5,1857.95,1845.35,1847.8
1685260800,1847.8,1850.8,1843.15,1843.75
1685275200,1843.75,1845.05,1837.95,1843.9
1685289600,1843.9,1858.45,1839.6,1848.4
1685304000,1848.4,1934.75,1848.35,1909.2
1685318400,1909.15,1927.6,1902.45,1904.75
1685332800,1904.75,1906.35,1894.25,1900.55
1685347200,1900.55,1905.45,1894.55,1903.0
1685361600,1902.95,1904.3,1885.8,1888.65
1685376000,1888.65,1894.2,1873.8,1890.25
1685390400,1890.2,1901.4,1885.9,1891.55
1685404800,1891.6,1910.3,1881.15,1900.15
1685419200,1899.95,1903.6,1891.5,1897.9
1685433600,1897.9,1915.15,1897.35,1914.05
1685448000,1914.2,1914.25,1893.35,1899.3
1685462400,1899.3,1911.0,1890.7,1905.7
1685476800,1905.7,1913.2,1896.95,1899.95
1685491200,1899.95,1905.45,1884.5,1897.35
1685505600,1897.3,1897.85,1859.05,1870.1
1685520000,1870.1,1873.85,1864.05,1866.05
1685534400,1866.05,1875.65,1844.65,1859.0
1685548800,1858.95,1869.95,1855.65,1864.8
1685563200,1864.8,1877.65,1861.85,1874.05
1685577600,1874.0,1891.9,1840.1,1856.45
1685592000,1856.4,1860.75,1852.35,1855.45
1685606400,1855.35,1866.05,1853.35,1862.0
1685620800,1862.05,1867.6,1857.4,1863.4
1685635200,1863.4,1883.1,1858.15,1869.85
1685649600,1869.85,1873.7,1853.95,1862.35
1685664000,1862.4,1880.4,1848.85,1878.7
1685678400,1878.7,1896.45,1875.5,1885.7
1685692800,1885.65,1902.1,1885.65,1894.65
1685707200,1894.7,1898.45,1877.25,1891.95
1685721600,1891.95,1911.6,1887.6,1907.75
1685736000,1907.7,1910.05,1902.85,1906.1
1685750400,1906.1,1907.15,1897.75,1899.8
1685764800,1899.75,1905.55,1897.3,1902.7
1685779200,1902.65,1906.55,1899.9,1903.7
1685793600,1903.65,1906.9,1891.7,1903.45
1685808000,1903.45,1903.7,1883.25,1885.75
1685822400,1885.75,1892.65,1882.4,1891.85
1685836800,1891.85,1894.45,1884.25,1893.5
1685851200,1893.55,1901.45,1890.45,1899.45
1685865600,1899.5,1907.8,1897.75,1902.75
1685880000,1902.75,1913.6,1899.35,1901.3
1685894400,1901.45,1905.45,1897.0,1904.65
1685908800,1904.6,1912.45,1885.5,1889.65
1685923200,1889.7,1890.6,1868.5,1869.95
1685937600,1869.9,1873.85,1862.85,1873.25
1685952000,1873.2,1873.5,1863.75,1870.35
1685966400,1870.3,1870.9,1820.9,1820.95
1685980800,1820.15,1823.7,1776.1,1806.45
1685995200,1806.45,1815.8,1793.95,1810.8
1686009600,1810.7,1813.55,1803.0,1811.95
1686024000,1811.95,1818.3,1811.0,1812.65
1686038400,1812.7,1821.7,1809.6,1813.3
1686052800,1813.3,1845.05,1798.4,1841.9
1686067200,1841.9,1898.7,1841.85,1892.75
1686081600,1892.75,1895.65,1874.9,1883.95
1686096000,1883.95,1896.45,1871.95,1877.7
1686110400,1877.75,1883.55,1874.5,1875.35
1686124800,1875.35,1877.75,1842.9,1869.75
1686139200,1869.8,1870.2,1835.05,1838.85
1686153600,1838.85,1852.0,1832.75,1850.7
1686168000,1850.7,1851.0,1820.9,1832.7
1686182400,1832.7,1841.3,1829.45,1835.45
1686196800,1835.5,1845.35,1832.75,1841.7
1686211200,1841.7,1848.2,1838.2,1843.35
1686225600,1843.4,1860.65,1838.75,1855.95
1686240000,1855.9,1856.1,1841.35,1847.75
1686254400,1847.75,1854.15,1845.05,1845.65
1686268800,1845.7,1849.3,1827.25,1838.6
1686283200,1838.6,1841.5,1831.75,1836.4
1686297600,1836.45,1847.05,1834.95,1844.15
1686312000,1844.1,1855.45,1840.8,1842.35
1686326400,1842.35,1844.25,1831.3,1831.75
1686340800,1831.7,1841.9,1829.35,1841.3
1686355200,1841.3,1845.15,1823.5,1828.15
1686369600,1828.1,1830.55,1724.6,1732.75
1686384000,1732.8,1749.35,1715.8,1748.2
1686398400,1748.25,1748.25,1733.3,1737.2
1686412800,1737.2,1773.0,1716.6,1744.4
1686427200,1744.45,1757.35,1738.7,1751.6
1686441600,1751.55,1752.4,1744.35,1751.4
1686456000,1751.45,1759.0,1744.75,1752.55
1686470400,1752.6,1755.7,1745.65,1752.35
1686484800,1752.35,1752.4,1739.55,1741.55
1686499200,1741.6,1767.05,1740.55,1762.0
1686513600,1762.0,1777.25,1741.85,1752.75
1686528000,1752.8,1754.85,1721.2,1736.0
1686542400,1736.0,1747.7,1733.3,1736.4
1686556800,1736.4,1758.75,1735.25,1745.85
1686571200,1745.9,1747.35,1729.85,1730.35
1686585600,1730.3,1744.65,1719.0,1731.1
1686600000,1731.1,1743.75,1728.9,1740.05
1686614400,1740.1,1753.35,1726.75,1744.55
1686628800,1744.55,1750.6,1739.65,1745.65
1686643200,1745.6,1756.2,1744.2,1751.65
1686657600,1751.65,1763.95,1723.3,1728.25
1686672000,1728.25,1748.15,1727.4,1737.55
1686686400,1737.75,1742.15,1731.6,1737.7
1686700800,1737.7,1745.5,1736.8,1743.95
1686715200,1743.95,1744.85,1734.75,1740.8
1686729600,1740.8,1750.35,1740.65,1745.9
1686744000,1745.9,1749.25,1737.4,1741.3
1686758400,1741.35,1748.0,1721.2,1728.95
1686772800,1728.65,1729.35,1624.9,1650.9
1686787200,1650.9,1655.55,1643.2,1651.6
1686801600,1651.65,1653.0,1632.4,1640.35
1686816000,1640.35,1644.85,1626.2,1642.45
1686830400,1642.4,1651.3,1635.2,1641.85
1686844800,1641.8,1671.35,1633.45,1668.0
1686859200,1668.0,1680.6,1653.6,1665.8
1686873600,1665.8,1668.8,1658.85,1665.85
1686888000,1665.8,1673.95,1665.35,1670.05
1686902400,1670.05,1676.95,1663.75,1664.75
1686916800,1664.75,1687.95,1649.4,1682.45
1686931200,1682.35,1729.9,1677.45,1722.0
1686945600,1722.4,1728.95,1715.05,1717.35
1686960000,1717.4,1722.0,1714.05,1718.7
1686974400,1718.75,1778.05,1717.35,1744.8
1686988800,1745.0,1747.55,1734.75,1738.95
1687003200,1739.0,1742.8,1716.55,1728.15
1687017600,1728.15,1732.85,1721.15,1728.2
1687032000,1728.15,1732.85,1722.5,1727.7
1687046400,1727.65,1730.9,1720.4,1729.3
1687060800,1729.3,1739.25,1722.15,1730.0
1687075200,1730.05,1735.45,1726.05,1734.25
1687089600,1734.3,1742.4,1729.95,1738.2
1687104000,1738.2,1748.05,1736.05,1741.6
1687118400,1741.55,1743.65,1712.8,1721.35
1687132800,1721.35,1728.35,1714.3,1723.35
1687147200,1723.35,1727.85,1719.95,1724.6
1687161600,1724.55,1727.2,1720.2,1725.75
1687176000,1725.75,1734.1,1715.7,1721.75
1687190400,1721.8,1752.45,1697.55,1724.15
1687204800,1724.2,1737.8,1722.5,1736.8
1687219200,1736.8,1749.55,1730.25,1731.05
1687233600,1731.15,1734.8,1723.55,1730.35
1687248000,1730.35,1734.7,1724.0,1734.3
1687262400,1734.35,1739.0,1714.7,1732.25
1687276800,1732.2,1793.05,1727.95,1782.0
1687291200,1782.1,1796.6,1773.45,1791.85
1687305600,1791.85,1829.3,1787.1,1811.6
1687320000,1811.55,1824.05,1808.0,1813.3
1687334400,1813.3,1834.3,1807.1,1829.0
1687348800,1829.05,1858.65,1814.5,1850.0
1687363200,1850.0,1901.2,1846.7,1882.6
1687377600,1882.6,1902.8,1872.65,1889.2
1687392000,1889.2,1933.55,1883.45,1918.9
1687406400,1918.95,1919.8,1902.8,1911.05
1687420800,1911.05,1913.0,1881.4,1887.3
1687435200,1887.3,1910.0,1866.45,1877.7
1687449600,1877.7,1893.0,1875.2,1889.8
1687464000,1889.8,1891.75,1866.7,1872.1
1687478400,1872.1,1883.65,1862.05,1881.6
1687492800,1881.65,1886.55,1875.1,1880.85
1687507200,1880.8,1889.35,1875.15,1879.7
1687521600,1879.75,1923.6,1861.35,1918.45
1687536000,1918.0,1937.75,1885.5,1900.65
1687550400,1900.65,1908.1,1875.2,1892.7
1687564800,1892.65,1897.2,1878.05,1893.95
1687579200,1894.0,1898.5,1882.4,1883.2
1687593600,1883.2,1892.6,1882.2,1889.85
1687608000,1889.85,1906.25,1868.75,1874.0
1687622400,1874.0,1889.15,1867.05,1888.25
1687636800,1888.3,1888.3,1864.6,1875.65
1687651200,1875.65,1896.75,1868.7,1894.8
1687665600,1894.75,1931.0,1894.75,1911.55
1687680000,1911.55,1924.95,1907.55,1918.8
1687694400,1918.75,1920.45,1881.35,1886.75
1687708800,1886.8,1895.95,1881.55,1895.2
1687723200,1894.95,1907.25,1888.25,1898.75
1687737600,1898.95,1904.8,1865.2,1880.65
1687752000,1880.65,1905.0,1870.45,1892.5
1687766400,1892.5,1893.95,1872.1,1881.05
1687780800,1881.05,1909.7,1870.6,1889.0
1687795200,1889.0,1890.95,1836.75,1853.85
1687809600,1854.0,1860.3,1847.2,1858.7
1687824000,1858.65,1879.5,1855.25,1871.9
1687838400,1871.95,1879.4,1862.25,1875.6
1687852800,1875.55,1890.75,1871.2,1881.6
1687867200,1881.55,1896.55,1864.0,1871.4
1687881600,1871.55,1912.75,1869.45,1894.5
1687896000,1894.4,1897.6,1885.05,1890.1
1687910400,1890.05,1890.7,1853.15,1867.1
1687924800,1867.1,1870.4,1848.1,1851.15
1687939200,1851.1,1865.4,1850.2,1860.6
1687953600,1860.6,1869.3,1844.85,1859.65
1687968000,1859.6,1865.5,1815.95,1832.4
1687982400,1832.35,1837.45,1824.65,1828.7
1687996800,1828.65,1843.75,1828.3,1838.3
1688011200,1838.25,1851.25,1836.7,1846.85
1688025600,1846.9,1873.05,1846.45,1869.8
1688040000,1869.85,1881.15,1846.75,1852.15
1688054400,1852.2,1861.0,1841.25,1857.55
1688068800,1857.55,1859.85,1842.55,1852.25
1688083200,1852.2,1879.5,1841.25,1873.45
1688097600,1873.5,1908.8,1869.1,1887.4
1688112000,1887.45,1895.4,1883.05,1891.2
1688126400,1891.15,1914.85,1824.3,1852.5
1688140800,1852.5,1947.95,1849.1,1927.1
1688155200,1927.0,1944.65,1918.8,1933.95
1688169600,1933.95,1945.0,1917.8,1920.65
1688184000,1920.7,1923.0,1909.45,1920.3
1688198400,1920.25,1926.95,1911.6,1922.25
1688212800,1922.25,1929.9,1916.75,1922.7
1688227200,1922.75,1924.45,1916.55,1922.7
1688241600,1922.7,1928.0,1920.75,1924.45
1688256000,1924.4,1926.95,1911.35,1914.7
1688270400,1914.75,1917.25,1910.2,1915.1
1688284800,1915.1,1922.75,1912.0,1920.3
1688299200,1920.25,1928.2,1885.0,1918.25
1688313600,1918.25,1924.15,1901.9,1914.35
1688328000,1914.35,1964.2,1911.4,1937.95
1688342400,1937.95,1953.95,1933.65,1948.5
1688356800,1948.5,1974.9,1941.45,1967.4
1688371200,1967.4,1977.4,1954.8,1962.05
1688385600,1962.0,1976.9,1954.4,1967.95
1688400000,1968.4,1975.35,1953.6,1967.75
1688414400,1967.75,1968.5,1946.65,1955.7
1688428800,1955.65,1967.15,1950.7,1962.9
1688443200,1962.9,1963.0,1946.65,1948.7
1688457600,1948.65,1960.85,1946.45,1959.55
1688472000,1959.55,1960.35,1949.35,1953.5
1688486400,1953.5,1965.15,1930.5,1934.65
1688500800,1934.65,1942.75,1932.4,1936.7
1688515200,1936.65,1942.45,1933.85,1941.25
1688529600,1941.25,1941.9,1933.0,1936.4
1688544000,1936.45,1937.0,1905.05,1910.7
1688558400,1910.65,1914.6,1894.0,1902.75
1688572800,1902.7,1917.95,1901.2,1907.8
1688587200,1907.9,1916.0,1903.95,1910.25
1688601600,1910.25,1915.9,1898.15,1913.4
1688616000,1913.35,1929.9,1909.55,1924.85
1688630400,1924.65,1957.95,1910.65,1917.8
1688644800,1917.65,1918.9,1864.95,1888.35
1688659200,1888.35,1894.45,1878.35,1885.55
1688673600,1885.55,1887.95,1845.75,1845.9
1688688000,1846.1,1859.7,1824.0,1857.55
1688702400,1857.55,1863.75,1851.3,1855.75
1688716800,1855.75,1865.75,1853.3,1860.05
1688731200,1860.05,1878.3,1850.75,1872.35
1688745600,1872.4,1875.3,1855.55,1864.25
1688760000,1864.25,1872.35,1863.1,1871.15
1688774400,1871.15,1873.75,1862.3,1864.25
1688788800,1864.2,1864.25,1855.35,1861.8
1688803200,1861.75,1867.3,1857.15,1859.55
1688817600,1859.5,1861.95,1855.95,1859.45
1688832000,1859.45,1866.7,1843.15,1846.95
1688846400,1846.95,1866.65,1842.0,1865.25
1688860800,1865.2,1874.65,1862.65,1867.5
1688875200,1867.45,1870.5,1863.75,1866.95
1688889600,1866.95,1869.75,1864.2,1869.0
1688904000,1869.0,1880.0,1856.05,1866.1
1688918400,1866.15,1868.9,1860.6,1868.4
1688932800,1868.4,1872.0,1856.15,1862.8
1688947200,1862.8,1868.1,1846.3,1861.55
1688961600,1861.6,1863.05,1852.6,1856.3
1688976000,1856.25,1866.0,1848.95,1864.35
1688990400,1864.3,1873.95,1860.0,1870.65
1689004800,1870.65,1901.5,1865.15,1898.95
1689019200,1899.7,1906.0,1866.8,1880.55
1689033600,1880.6,1885.0,1875.3,1879.95
1689048000,1880.0,1892.0,1876.8,1882.9
1689062400,1882.85,1884.15,1864.2,1867.75
1689076800,1867.55,1882.65,1862.25,1871.8
1689091200,1871.8,1876.5,1865.5,1874.6
1689105600,1874.55,1880.2,1871.35,1877.95
1689120000,1877.95,1889.0,1876.25,1880.35
1689134400,1880.35,1895.6,1878.75,1890.35
1689148800,1890.25,1891.8,1886.6,1890.95
1689163200,1890.95,1901.45,1878.05,1883.8
1689177600,1883.85,1891.35,1866.95,1870.0
1689192000,1869.95,1874.3,1864.15,1872.15
1689206400,1872.2,1876.4,1865.85,1867.95
1689220800,1867.95,1874.45,1863.3,1870.45
1689235200,1870.35,1885.4,1869.6,1883.9
1689249600,1883.85,1944.45,1875.25,1932.0
1689264000,1932.0,2016.3,1930.2,1995.5
1689278400,1995.55,2010.95,1972.3,2005.2
1689292800,2005.2,2029.95,2002.3,2009.65
1689307200,2009.65,2012.55,1987.25,1991.35
1689321600,1991.4,2004.0,1985.0,1993.1
1689336000,1993.05,2007.35,1985.05,1998.55
1689350400,1998.5,2000.8,1897.25,1912.85
1689364800,1912.85,1937.85,1900.25,1937.35
1689379200,1937.3,1937.55,1926.25,1930.15
1689393600,1930.15,1943.0,1926.9,1941.45
1689408000,1941.45,1947.1,1936.55,1939.85
1689422400,1939.8,1941.3,1928.3,1935.05
1689436800,1935.05,1939.7,1929.35,1933.7
1689451200,1933.65,1933.65,1926.15,1931.2
1689465600,1931.2,1937.95,1913.1,1923.5
1689480000,1923.3,1932.0,1920.65,1925.25
1689494400,1925.25,1936.7,1925.2,1932.65
1689508800,1932.7,1943.6,1928.3,1936.75
1689523200,1936.8,1939.45,1925.6,1928.0
1689537600,1927.7,1937.75,1916.65,1922.45
1689552000,1922.45,1932.4,1917.05,1930.85
1689566400,1930.8,1936.0,1926.1,1928.9
1689580800,1928.9,1931.55,1891.5,1910.0
1689595200,1910.0,1917.5,1900.1,1908.45
1689609600,1908.45,1913.25,1873.1,1887.0
1689624000,1886.9,1920.8,1886.1,1911.05
1689638400,1911.05,1917.45,1906.0,1908.85
1689652800,1908.9,1912.05,1893.4,1899.15
1689667200,1899.1,1909.8,1890.65,1894.7
1689681600,1894.75,1904.2,1885.1,1897.35
1689696000,1897.35,1903.7,1875.5,1891.95
1689710400,1891.95,1902.95,1889.05,1897.45
1689724800,1897.65,1915.45,1895.7,1912.3
1689739200,1912.3,1918.0,1906.9,1908.5
1689753600,1908.5,1912.4,1902.25,1909.35
1689768000,1909.55,1923.55,1894.45,1906.6
1689782400,1906.6,1918.55,1901.15,1909.75
1689796800,1909.75,1910.0,1882.05,1888.75
1689811200,1888.75,1900.2,1882.7,1894.35
1689825600,1894.3,1914.85,1893.0,1912.6
1689840000,1912.65,1929.2,1911.3,1920.85
1689854400,1920.85,1922.9,1884.2,1888.75
1689868800,1888.75,1894.1,1878.0,1888.3
1689883200,1888.45,1899.1,1882.55,1891.55
1689897600,1891.5,1901.7,1886.65,1896.3
1689912000,1896.25,1897.2,1887.25,1889.0
1689926400,1889.05,1894.55,1884.65,1889.55
1689940800,1889.55,1896.75,1886.3,1891.2
1689955200,1891.25,1906.0,1885.0,1894.8
1689969600,1894.8,1896.0,1890.5,1891.95
1689984000,1891.9,1897.65,1891.2,1892.9
1689998400,1892.95,1895.75,1890.3,1892.1
1690012800,1892.15,1894.7,1883.8,1888.5
1690027200,1888.6,1890.5,1884.7,1889.2
1690041600,1889.05,1890.75,1882.05,1886.95
1690056000,1886.95,1890.2,1847.55,1866.1
1690070400,1866.0,1873.7,1858.1,1869.0
1690084800,1869.0,1879.35,1868.9,1874.9
1690099200,1874.95,1878.35,1873.35,1874.6
1690113600,1874.6,1876.0,1871.6,1874.25
1690128000,1874.3,1905.0,1872.95,1889.2
1690142400,1889.25,1893.8,1875.25,1888.55
1690156800,1888.6,1891.35,1866.2,1868.75
1690171200,1868.75,1877.95,1862.7,1875.2
1690185600,1875.25,1875.25,1830.25,1852.8
1690200000,1852.75,1854.65,1834.5,1843.7
1690214400,1843.7,1851.05,1839.1,1849.3
1690228800,1849.3,1851.65,1845.25,1849.8
1690243200,1849.85,1856.8,1845.15,1851.1
1690257600,1851.1,1853.6,1846.45,1850.85
1690272000,1850.85,1863.75,1849.5,1853.6
1690286400,1853.65,1868.85,1852.15,1857.6
1690300800,1857.65,1866.55,1852.9,1856.95
1690315200,1856.95,1864.95,1856.2,1857.65
1690329600,1857.6,1867.4,1852.3,1858.7
1690344000,1858.7,1861.45,1852.25,1853.65
1690358400,1853.6,1856.2,1848.1,1851.05
1690372800,1851.0,1860.9,1850.1,1860.15
1690387200,1860.15,1883.1,1855.1,1873.25
1690401600,1873.3,1887.95,1866.35,1871.85
1690416000,1871.85,1879.25,1867.0,1875.95
1690430400,1875.9,1882.1,1864.55,1871.5
1690444800,1871.5,1886.05,1869.5,1876.75
1690459200,1876.75,1879.0,1864.15,1869.0
1690473600,1869.05,1869.55,1855.5,1860.95
1690488000,1860.95,1862.75,1855.3,1861.6
1690502400,1861.6,1865.25,1860.1,1863.05
1690516800,1862.95,1864.85,1856.4,1859.3
1690531200,1859.35,1869.0,1859.1,1866.65
1690545600,1866.65,1883.2,1866.4,1875.2
1690560000,1875.2,1879.75,1866.45,1873.95
1690574400,1873.95,1877.8,1872.2,1874.05
1690588800,1874.0,1877.3,1872.85,1873.65
1690603200,1873.7,1877.2,1871.6,1872.55
1690617600,1872.6,1874.15,1869.55,1870.75
1690632000,1870.8,1875.8,1870.55,1872.5
1690646400,1872.55,1879.6,1871.25,1877.95
1690660800,1878.0,1887.0,1878.0,1880.2
1690675200,1880.2,1881.75,1876.95,1878.25
1690689600,1878.2,1879.6,1873.75,1875.3
1690704000,1875.35,1877.35,1872.65,1876.05
1690718400,1876.05,1885.2,1871.2,1876.05
1690732800,1876.05,1878.95,1858.3,1862.6
1690747200,1862.6,1865.75,1849.1,1862.0
1690761600,1862.0,1877.75,1861.25,1869.35
1690776000,1869.4,1870.15,1862.4,1865.25
1690790400,1865.2,1870.2,1864.55,1867.8
1690804800,1867.85,1873.4,1856.95,1857.7
1690819200,1857.75,1863.65,1854.8,1856.95
1690833600,1857.15,1860.9,1851.6,1857.0
1690848000,1857.0,1864.85,1808.35,1827.25
1690862400,1827.2,1835.5,1821.75,1833.65
1690876800,1833.65,1837.4,1829.8,1831.0
1690891200,1831.0,1836.75,1812.95,1834.85
1690905600,1834.9,1857.7,1830.2,1850.95
1690920000,1850.95,1876.3,1847.0,1873.3
1690934400,1873.35,1879.35,1862.85,1863.45
1690948800,1863.5,1865.65,1856.15,1857.55
1690963200,1857.5,1861.5,1854.15,1860.25
1690977600,1860.25,1861.35,1834.35,1843.1
1690992000,1843.05,1848.05,1820.95,1841.75
1691006400,1841.7,1845.6,1837.2,1839.7
1691020800,1839.65,1846.6,1837.45,1841.05
1691035200,1841.05,1841.55,1832.5,1832.9
1691049600,1832.9,1838.95,1826.0,1837.65
1691064000,1837.65,1849.95,1833.7,1840.05
1691078400,1840.05,1859.55,1839.3,1845.75
1691092800,1845.8,1854.75,1831.3,1836.1
1691107200,1836.15,1839.45,1828.05,1834.5
1691121600,1834.45,1838.3,1830.75,1837.5
1691136000,1837.55,1840.8,1833.8,1835.05
1691150400,1834.95,1851.55,1831.55,1847.2
1691164800,1847.2,1848.6,1827.0,1831.6
1691179200,1831.65,1834.55,1815.4,1830.7
1691193600,1830.75,1834.0,1827.65,1832.8
1691208000,1832.8,1834.15,1828.75,1831.2
1691222400,1831.15,1835.05,1830.15,1832.55
1691236800,1832.5,1837.4,1830.55,1833.9
1691251200,1833.95,1839.0,1831.0,1835.3
1691265600,1835.35,1838.55,1833.95,1836.4
1691280000,1836.4,1838.95,1833.4,1835.05
1691294400,1835.05,1837.25,1832.35,1835.4
1691308800,1835.35,1837.95,1828.75,1832.85
1691323200,1832.85,1833.3,1825.95,1829.5
1691337600,1829.45,1836.05,1828.45,1831.75
1691352000,1831.7,1838.0,1828.1,1830.55
1691366400,1830.55,1847.2,1826.65,1838.8
1691380800,1838.75,1842.65,1832.25,1837.55
1691395200,1837.5,1838.05,1833.2,1834.65
1691409600,1834.7,1838.1,1814.1,1818.7
1691424000,1818.6,1832.6,1802.2,1825.85
1691438400,1825.85,1831.55,1823.35,1829.0
1691452800,1828.95,1835.55,1826.0,1830.1
1691467200,1830.1,1839.6,1829.65,1830.7
1691481600,1830.75,1839.05,1830.1,1838.7
1691496000,1838.7,1848.95,1835.3,1843.05
1691510400,1843.05,1871.9,1842.75,1859.2
1691524800,1859.15,1876.95,1854.35,1855.95
1691539200,1856.0,1860.95,1852.0,1854.85
1691553600,1854.85,1863.55,1853.7,1862.0
1691568000,1862.0,1866.75,1858.5,1863.25
1691582400,1863.3,1871.65,1851.5,1853.55
1691596800,1853.6,1855.55,1846.2,1848.65
1691611200,1848.6,1859.4,1847.4,1855.65
1691625600,1855.65,1858.55,1852.35,1853.1
1691640000,1853.1,1856.05,1850.2,1851.55
1691654400,1851.55,1855.9,1849.9,1851.1
1691668800,1851.05,1866.0,1848.2,1853.9
1691683200,1853.85,1854.65,1846.35,1850.2
1691697600,1850.15,1853.45,1849.05,1852.3
1691712000,1852.25,1855.25,1843.2,1847.25
1691726400,1847.25,1851.55,1846.8,1849.0
1691740800,1849.0,1851.75,1845.8,1851.4
1691755200,1851.45,1858.05,1844.0,1846.35
1691769600,1846.5,1849.45,1838.5,1845.1
1691784000,1845.1,1851.9,1844.3,1848.8
1691798400,1848.8,1853.65,1847.85,1848.2
1691812800,1848.3,1852.1,1847.4,1850.5
1691827200,1850.6,1851.65,1848.8,1851.0
1691841600,1851.05,1853.8,1850.45,1850.95
1691856000,1850.95,1852.95,1847.6,1848.0
1691870400,1848.1,1850.7,1846.6,1850.55
1691884800,1850.55,1851.85,1848.95,1849.8
1691899200,1849.8,1849.85,1846.9,1849.85
1691913600,1849.85,1851.45,1848.8,1849.85
1691928000,1849.8,1852.1,1847.7,1848.85
1691942400,1848.85,1862.7,1846.7,1858.85
1691956800,1858.8,1860.45,1835.3,1841.55
1691971200,1841.5,1848.55,1835.6,1846.75
1691985600,1846.75,1852.3,1846.6,1849.75
1692000000,1849.7,1852.75,1846.7,1848.5
1692014400,1848.5,1856.6,1844.65,1853.4
1692028800,1853.45,1855.6,1839.8,1843.45
1692043200,1843.55,1846.95,1841.95,1845.95
1692057600,1845.9,1847.65,1843.75,1845.35
1692072000,1845.35,1845.35,1840.9,1844.2
1692086400,1844.25,1845.9,1839.55,1840.95
1692100800,1840.85,1846.1,1838.25,1840.55
1692115200,1840.55,1843.15,1811.35,1826.45
1692129600,1826.25,1830.95,1823.45,1827.65
1692144000,1827.65,1830.25,1826.65,1827.3
1692158400,1827.3,1827.85,1818.85,1824.6
1692172800,1824.6,1825.1,1816.45,1821.85
1692187200,1821.85,1825.1,1816.35,1817.2
1692201600,1817.15,1825.65,1813.05,1817.4
1692216000,1817.5,1819.6,1793.35,1804.15
1692230400,1804.35,1807.2,1772.15,1794.95
1692244800,1794.95,1799.8,1794.0,1796.2
1692259200,1796.2,1796.7,1780.0,1784.75
1692273600,1784.75,1790.0,1717.1,1735.9
1692288000,1736.05,1745.3,1719.15,1734.6
1692302400,1734.65,1736.05,1464.85,1679.85
1692316800,1679.55,1697.85,1669.3,1677.35
1692331200,1673.95,1695.7,1658.1,1687.3
1692345600,1687.3,1693.55,1674.7,1682.35
1692360000,1682.3,1683.35,1649.25,1657.3
1692374400,1657.35,1675.8,1635.45,1654.8
1692388800,1654.85,1667.25,1653.45,1658.65
1692403200,1658.6,1668.9,1653.4,1656.8
1692417600,1656.85,1660.8,1651.3,1657.7
1692432000,1657.65,1662.6,1655.55,1657.1
1692446400,1657.15,1681.15,1655.1,1680.3
1692460800,1680.3,1694.25,1671.55,1674.4
1692475200,1674.3,1675.3,1660.5,1666.9
1692489600,1666.95,1672.5,1662.0,1665.2
1692504000,1665.1,1667.0,1658.85,1663.0
1692518400,1662.95,1672.5,1660.4,1671.4
1692532800,1671.45,1676.35,1661.1,1668.3
1692547200,1668.3,1676.95,1662.6,1674.95
1692561600,1675.1,1691.8,1675.05,1681.9
1692576000,1681.9,1682.55,1672.05,1674.05
1692590400,1674.05,1685.75,1666.7,1668.95
1692604800,1668.95,1672.35,1657.35,1669.95
1692619200,1669.9,1680.8,1645.3,1654.6
1692633600,1654.6,1672.5,1654.0,1669.5
1692648000,1669.5,1674.2,1663.05,1664.6
1692662400,1664.55,1666.1,1658.05,1661.05
1692676800,1661.05,1664.2,1657.75,1663.45
1692691200,1663.45,1664.75,1657.15,1659.65
1692705600,1659.6,1664.45,1642.45,1647.45
1692720000,1647.4,1648.6,1615.7,1622.1
1692734400,1622.2,1636.9,1572.65,1632.25
1692748800,1632.3,1639.75,1626.45,1629.35
1692763200,1629.35,1655.6,1628.1,1642.4
1692777600,1642.35,1646.4,1636.7,1639.25
1692792000,1639.2,1657.05,1631.45,1654.15
1692806400,1654.3,1699.6,1652.55,1684.0
1692820800,1684.0,1689.95,1656.7,1676.4
1692835200,1676.4,1680.55,1669.25,1672.4
1692849600,1672.45,1675.95,1669.25,1671.5
1692864000,1671.5,1675.1,1663.2,1664.65
1692878400,1664.6,1667.0,1639.15,1640.65
1692892800,1640.65,1653.8,1632.5,1647.05
1692907200,1647.1,1662.15,1640.45,1657.8
1692921600,1657.85,1661.35,1642.75,1652.3
1692936000,1652.2,1652.7,1643.6,1648.2
1692950400,1648.2,1655.85,1648.1,1651.05
1692964800,1651.05,1674.75,1633.15,1643.35
1692979200,1643.3,1652.9,1632.55,1643.9
1692993600,1643.85,1652.1,1642.75,1650.75
1693008000,1650.75,1652.7,1648.45,1651.75
1693022400,1651.75,1651.85,1648.1,1649.6
1693036800,1649.65,1650.65,1643.55,1647.7
1693051200,1647.75,1650.0,1644.1,1648.55
1693065600,1648.55,1648.95,1641.2,1643.2
1693080000,1643.2,1647.75,1642.3,1644.3
1693094400,1644.3,1647.6,1643.35,1644.45
1693108800,1644.45,1651.95,1644.45,1645.75
1693123200,1645.7,1649.45,1644.6,1646.45
1693137600,1646.4,1657.1,1645.8,1652.3
1693152000,1652.35,1657.05,1647.05,1653.05
1693166400,1653.1,1656.05,1647.95,1655.4
1693180800,1655.3,1655.4,1645.1,1647.1
1693195200,1646.85,1649.1,1632.8,1639.0
1693209600,1638.9,1640.9,1616.5,1637.25
1693224000,1637.25,1661.65,1636.9,1645.7
1693238400,1645.7,1652.3,1635.1,1643.75
1693252800,1643.65,1654.6,1641.1,1650.25
1693267200,1650.25,1659.5,1648.15,1649.55
1693281600,1649.45,1650.65,1642.25,1644.55
1693296000,1644.6,1645.4,1637.1,1639.35
1693310400,1639.4,1735.0,1637.6,1714.35
1693324800,1714.2,1744.75,1707.45,1732.9
1693339200,1733.1,1739.9,1719.8,1727.35
1693353600,1727.35,1729.25,1711.2,1716.95
1693368000,1717.0,1720.65,1714.45,1716.2
1693382400,1716.2,1718.55,1709.5,1714.35
1693396800,1714.35,1720.55,1693.75,1702.15
1693411200,1702.15,1703.7,1694.3,1699.75
1693425600,1699.7,1706.5,1699.65,1703.55
1693440000,1703.4,1703.45,1695.35,1697.6
1693454400,1697.35,1705.5,1697.05,1704.65
1693468800,1704.6,1726.5,1701.6,1711.65
1693483200,1711.7,1712.3,1674.85,1687.3
1693497600,1687.25,1687.3,1642.3,1655.95
1693512000,1655.75,1656.05,1627.5,1644.45
1693526400,1644.45,1652.8,1643.6,1650.4
1693540800,1650.45,1651.2,1641.75,1644.55
1693555200,1644.55,1646.9,1639.45,1644.95
1693569600,1645.0,1650.9,1620.65,1632.85
1693584000,1632.8,1636.0,1600.4,1617.75
1693598400,1617.75,1636.45,1614.55,1627.35
1693612800,1627.45,1632.7,1626.3,1630.3
1693627200,1630.35,1634.75,1628.45,1629.9
1693641600,1630.1,1635.35,1628.7,1632.85
1693656000,1632.85,1643.6,1631.75,1637.25
1693670400,1637.15,1639.35,1626.4,1631.85
1693684800,1631.9,1638.2,1631.15,1635.55
1693699200,1635.55,1636.15,1629.7,1634.5
1693713600,1634.5,1637.1,1632.0,1633.7
1693728000,1633.75,1634.25,1629.6,1632.75
1693742400,1632.75,1639.1,1626.6,1631.2
1693756800,1631.15,1641.7,1623.05,1637.0
1693771200,1637.3,1646.05,1631.8,1634.25
1693785600,1634.2,1643.2,1630.5,1636.0
1693800000,1636.05,1638.85,1633.15,1637.35
1693814400,1637.3,1639.15,1629.75,1630.7
1693828800,1630.7,1633.65,1616.8,1624.7
1693843200,1624.75,1634.55,1624.0,1629.55
1693857600,1629.55,1631.15,1614.95,1628.95
1693872000,1628.95,1629.8,1608.0,1616.55
1693886400,1616.55,1625.8,1616.5,1623.15
1693900800,1623.15,1636.85,1618.95,1633.5
1693915200,1633.65,1646.35,1624.55,1634.9
1693929600,1634.95,1641.8,1630.55,1630.7
1693944000,1630.7,1633.15,1624.9,1633.1
1693958400,1633.1,1638.6,1630.1,1631.95
1693972800,1631.85,1632.4,1626.35,1627.3
1693987200,1627.3,1634.8,1627.05,1630.85
1694001600,1630.85,1634.1,1617.75,1621.8
1694016000,1621.8,1670.85,1607.25,1630.0
1694030400,1630.0,1633.6,1625.85,1631.45
1694044800,1631.45,1638.55,1630.0,1638.25
1694059200,1638.25,1640.6,1633.8,1634.1
1694073600,1634.1,1634.25,1624.7,1626.2
1694088000,1626.15,1632.55,1621.95,1629.25
1694102400,1629.15,1639.45,1628.4,1635.2
1694116800,1635.2,1657.95,1633.75,1645.95
1694131200,1645.95,1657.45,1642.2,1646.55
1694145600,1646.55,1653.4,1643.35,1646.85
1694160000,1646.9,1647.65,1616.45,1626.0
1694174400,1626.0,1634.85,1624.5,1628.5
1694188800,1628.5,1635.35,1624.7,1634.45
1694203200,1634.4,1639.25,1633.05,1636.3
1694217600,1636.25,1636.8,1633.3,1634.45
1694232000,1634.4,1636.05,1631.9,1634.4
1694246400,1634.35,1636.15,1633.3,1635.15
1694260800,1635.15,1637.75,1630.0,1635.3
1694275200,1635.3,1637.7,1632.5,1634.25
1694289600,1634.25,1637.05,1633.65,1635.45
1694304000,1635.45,1635.9,1626.9,1631.3
1694318400,1631.15,1631.35,1618.45,1624.9
1694332800,1624.9,1627.05,1619.3,1624.4
1694347200,1624.4,1628.75,1610.5,1619.85
1694361600,1619.9,1620.55,1592.7,1617.4
1694376000,1617.35,1628.65,1614.6,1617.05
1694390400,1617.05,1619.0,1603.1,1612.55
1694404800,1612.65,1618.5,1608.35,1612.15
1694419200,1612.15,1612.75,1573.8,1586.55
1694433600,1586.35,1598.3,1548.75,1562.35
1694448000,1562.35,1568.2,1532.5,1539.3
1694462400,1539.35,1552.4,1530.7,1551.95
1694476800,1552.0,1595.0,1549.7,1584.85
1694491200,1584.85,1593.35,1574.35,1579.8
1694505600,1579.8,1626.65,1576.0,1609.95
1694520000,1609.95,1613.85,1595.0,1604.05
1694534400,1604.05,1623.0,1584.15,1598.25
1694548800,1598.3,1604.45,1590.15,1593.2
1694563200,1593.25,1601.45,1586.5,1589.95
1694577600,1589.95,1603.4,1581.15,1584.35
1694592000,1584.35,1607.15,1582.8,1604.5
1694606400,1604.5,1618.65,1592.0,1608.05
1694620800,1608.0,1615.85,1595.35,1599.25
1694635200,1599.25,1609.9,1598.9,1607.4
1694649600,1607.45,1638.5,1606.9,1620.45
1694664000,1620.4,1626.25,1612.25,1621.5
1694678400,1621.45,1626.9,1617.1,1624.7
1694692800,1624.65,1644.05,1616.9,1634.45
1694707200,1634.4,1644.3,1626.2,1635.95
1694721600,1636.1,1638.3,1623.4,1626.4
1694736000,1626.3,1635.85,1621.95,1634.3
1694750400,1634.3,1635.85,1626.95,1627.95
1694764800,1627.95,1632.35,1617.55,1620.75
1694779200,1620.95,1626.05,1611.15,1619.65
1694793600,1619.65,1624.05,1617.4,1621.35
1694808000,1621.35,1654.7,1619.15,1641.15
1694822400,1641.2,1652.45,1638.1,1641.55
1694836800,1641.55,1642.55,1634.55,1637.0
1694851200,1637.05,1639.0,1631.5,1635.9
1694865600,1635.8,1639.6,1631.1,1634.35
1694880000,1634.4,1639.55,1631.65,1633.65
1694894400,1633.6,1638.05,1632.6,1634.4
1694908800,1634.4,1634.4,1619.25,1629.0
1694923200,1629.05,1631.8,1626.95,1627.6
1694937600,1627.6,1635.45,1627.0,1629.4
1694952000,1629.35,1632.55,1627.3,1629.65
1694966400,1629.7,1629.7,1617.75,1625.9
1694980800,1625.9,1626.75,1611.2,1622.55
1694995200,1622.6,1636.7,1601.7,1629.9
1695009600,1629.9,1638.65,1626.4,1633.7
1695024000,1633.7,1658.8,1630.55,1655.75
1695038400,1655.75,1669.0,1650.55,1655.65
1695052800,1655.55,1658.65,1633.0,1640.8
1695067200,1641.0,1642.5,1635.3,1636.65
1695081600,1636.6,1640.1,1626.3,1634.5
1695096000,1634.45,1638.45,1632.1,1635.85
1695110400,1635.9,1661.2,1635.8,1647.7
1695124800,1647.75,1659.85,1634.05,1657.0
1695139200,1656.8,1659.85,1640.05,1644.1
1695153600,1644.3,1645.05,1636.6,1643.45
1695168000,1643.45,1649.6,1636.0,1637.8
1695182400,1637.8,1639.55,1630.65,1634.85
1695196800,1634.8,1638.55,1617.7,1629.65
1695211200,1629.7,1634.9,1620.2,1628.85
1695225600,1628.9,1641.0,1603.75,1615.95
1695240000,1615.95,1630.05,1614.6,1622.35
1695254400,1622.35,1625.75,1613.6,1623.3
1695268800,1623.25,1624.55,1616.6,1618.35
1695283200,1618.35,1623.05,1588.15,1594.95
1695297600,1594.9,1597.05,1567.2,1583.4
1695312000,1583.45,1593.15,1581.7,1589.5
1695326400,1589.45,1590.25,1582.65,1583.95
1695340800,1583.85,1596.9,1576.45,1594.45
1695355200,1594.5,1597.55,1587.35,1595.8
1695369600,1595.75,1602.7,1593.05,1597.1
1695384000,1597.0,1600.85,1593.0,1593.5
1695398400,1593.5,1599.45,1586.7,1592.55
1695412800,1592.5,1595.45,1589.35,1593.3
1695427200,1593.35,1598.1,1590.2,1591.05
1695441600,1591.05,1595.55,1589.8,1594.3
1695456000,1594.25,1594.95,1590.95,1593.4
1695470400,1593.4,1595.45,1587.7,1590.9
1695484800,1590.7,1595.45,1588.95,1594.7
1695499200,1594.6,1595.5,1589.85,1593.7
1695513600,1593.8,1595.1,1590.8,1592.05
1695528000,1592.05,1593.1,1591.15,1591.7
1695542400,1591.8,1596.25,1591.7,1594.0
1695556800,1594.0,1596.45,1588.4,1590.85
1695571200,1590.85,1601.6,1577.75,1586.05
1695585600,1586.15,1591.35,1569.15,1580.8
1695600000,1580.8,1588.1,1562.65,1577.65
1695614400,1577.65,1582.05,1572.25,1581.1
1695628800,1581.1,1583.15,1565.4,1569.05
1695643200,1569.05,1589.95,1563.95,1584.65
1695657600,1584.75,1597.75,1584.75,1591.45
1695672000,1591.5,1596.75,1584.55,1588.4
1695686400,1588.35,1594.45,1585.75,1591.65
1695700800,1591.55,1595.15,1587.4,1589.2
1695715200,1589.1,1599.7,1585.75,1591.8
1695729600,1591.9,1593.8,1580.05,1583.1
1695744000,1583.1,1592.85,1581.95,1589.45
1695758400,1589.4,1595.25,1584.05,1593.75
1695772800,1593.85,1598.0,1589.35,1595.6
1695787200,1595.6,1597.6,1590.95,1592.55
1695801600,1592.5,1634.85,1590.3,1630.25
1695816000,1630.2,1632.45,1592.8,1602.4
1695830400,1602.35,1603.85,1583.25,1598.45
1695844800,1598.45,1600.5,1593.15,1599.1
1695859200,1599.15,1616.45,1598.35,1606.65
1695873600,1606.7,1622.65,1605.1,1619.75
1695888000,1619.8,1638.85,1615.05,1624.95
1695902400,1624.85,1655.6,1622.35,1653.7
1695916800,1653.85,1669.45,1646.05,1659.35
1695931200,1659.55,1662.45,1644.1,1653.95
1695945600,1653.95,1659.85,1649.3,1652.8
1695960000,1652.8,1689.6,1650.0,1687.0
1695974400,1687.05,1687.15,1666.9,1669.35
1695988800,1669.35,1685.75,1656.35,1672.7
1696003200,1672.7,1673.75,1657.2,1665.95
1696017600,1666.0,1672.6,1664.7,1667.95
1696032000,1667.9,1673.25,1666.6,1670.9
1696046400,1670.9,1675.95,1670.2,1672.4
1696060800,1672.4,1680.05,1671.8,1676.35
1696075200,1676.4,1695.55,1673.4,1684.25
1696089600,1684.2,1687.15,1673.85,1679.8
1696104000,1679.85,1684.3,1666.25,1671.95
1696118400,1671.95,1678.5,1671.05,1675.1
1696132800,1675.15,1681.25,1674.0,1679.0
1696147200,1679.1,1693.3,1676.95,1689.45
1696161600,1689.45,1691.75,1678.4,1684.5
1696176000,1684.5,1685.15,1671.3,1677.35
1696190400,1677.3,1785.55,1668.7,1734.0
1696204800,1734.0,1735.45,1719.2,1729.3
1696219200,1729.25,1734.0,1713.2,1730.25
1696233600,1730.25,1744.65,1724.75,1725.5
1696248000,1725.55,1734.35,1687.8,1692.15
1696262400,1692.15,1694.05,1632.75,1674.55
1696276800,1674.7,1674.75,1635.85,1662.45
1696291200,1662.45,1668.95,1660.3,1665.8
1696305600,1665.8,1670.9,1662.0,1662.55
1696320000,1662.5,1667.8,1650.15,1656.45
1696334400,1656.45,1663.3,1643.1,1648.4
1696348800,1648.4,1658.45,1646.25,1650.45
1696363200,1650.45,1660.3,1645.8,1657.05
1696377600,1657.15,1657.9,1619.0,1642.05
1696392000,1642.05,1645.05,1636.05,1645.05
1696406400,1645.05,1652.95,1643.4,1647.0
1696420800,1647.0,1650.5,1626.85,1632.65
1696435200,1632.65,1655.05,1631.45,1643.25
1696449600,1643.15,1652.75,1640.4,1646.45
1696464000,1646.5,1655.35,1642.0,1642.55
1696478400,1642.6,1646.35,1631.95,1636.5
1696492800,1636.55,1642.35,1635.1,1636.8
1696507200,1636.85,1649.75,1605.3,1618.3
1696521600,1618.4,1621.85,1607.1,1616.9
1696536000,1616.9,1619.85,1610.0,1612.1
1696550400,1612.05,1625.85,1612.05,1624.4
1696564800,1624.4,1632.85,1618.55,1630.8
1696579200,1630.8,1640.0,1628.55,1634.85
1696593600,1634.75,1650.0,1611.3,1642.7
1696608000,1642.65,1655.65,1634.3,1646.1
1696622400,1646.2,1663.05,1642.7,1644.95
1696636800,1644.95,1647.85,1639.5,1641.35
1696651200,1641.35,1643.4,1636.3,1637.0
1696665600,1637.0,1643.6,1636.0,1638.8
1696680000,1638.8,1643.2,1634.8,1638.45
1696694400,1638.45,1639.5,1630.05,1630.95
1696708800,1630.95,1636.55,1630.4,1634.2
1696723200,1634.25,1641.55,1633.65,1639.45
1696737600,1639.55,1640.25,1624.1,1628.9
1696752000,1628.95,1629.85,1616.1,1617.85
1696766400,1617.85,1637.8,1617.05,1631.3
1696780800,1631.25,1639.3,1629.1,1635.7
1696795200,1635.7,1638.45,1627.05,1632.85
1696809600,1632.8,1636.5,1623.6,1633.95
1696824000,1634.0,1635.25,1617.15,1621.0
1696838400,1620.95,1622.25,1581.45,1591.05
1696852800,1591.0,1597.8,1583.5,1586.1
1696867200,1586.1,1587.25,1543.7,1581.5
1696881600,1581.5,1583.8,1573.05,1580.0
1696896000,1580.15,1593.65,1576.05,1584.85
1696910400,1584.9,1594.25,1582.6,1590.2
1696924800,1590.2,1595.0,1577.8,1579.45
1696939200,1579.45,1588.8,1563.2,1567.75
1696953600,1567.7,1573.05,1557.1,1565.95
1696968000,1565.95,1570.75,1549.4,1568.05
1696982400,1567.95,1576.0,1542.35,1556.4
1696996800,1556.4,1561.65,1548.2,1557.05
1697011200,1557.05,1578.85,1556.2,1572.85
1697025600,1572.9,1577.05,1553.9,1559.55
1697040000,1559.7,1566.9,1548.7,1562.85
1697054400,1562.85,1569.7,1561.05,1566.75
1697068800,1566.8,1569.05,1556.0,1561.85
1697083200,1561.8,1567.0,1557.6,1559.25
1697097600,1559.2,1561.15,1533.7,1552.1
1697112000,1552.1,1554.4,1538.05,1541.75
1697126400,1541.75,1545.3,1517.9,1531.35
1697140800,1531.4,1540.6,1530.35,1539.65
1697155200,1539.65,1548.0,1537.7,1538.8
1697169600,1538.8,1555.05,1538.4,1549.3
1697184000,1549.35,1552.6,1542.85,1546.75
1697198400,1546.75,1553.7,1537.35,1539.45
1697212800,1539.35,1549.35,1539.15,1545.85
1697227200,1545.85,1576.7,1543.6,1552.4
1697241600,1552.4,1556.75,1549.3,1553.9
1697256000,1553.8,1555.2,1545.35,1548.05
1697270400,1548.25,1549.85,1544.05,1547.35
1697284800,1547.4,1558.45,1546.1,1556.05
1697299200,1556.0,1558.65,1552.45,1555.25
1697313600,1555.25,1562.6,1553.2,1554.8
1697328000,1554.75,1558.4,1549.3,1554.45
1697342400,1554.45,1555.4,1552.4,1555.35
1697356800,1555.4,1560.4,1553.8,1555.6
1697371200,1555.5,1560.85,1548.95,1553.8
1697385600,1553.85,1565.5,1550.1,1560.45
1697400000,1560.45,1566.9,1552.15,1557.9
1697414400,1557.85,1567.05,1554.9,1562.9
1697428800,1562.9,1589.05,1560.6,1579.0
1697443200,1579.0,1587.55,1575.4,1582.8
1697457600,1582.75,1643.8,1565.25,1577.95
1697472000,1577.9,1602.55,1572.75,1589.75
1697486400,1589.75,1605.25,1577.2,1599.3
1697500800,1599.3,1600.75,1588.35,1589.55
1697515200,1589.6,1592.75,1582.5,1590.7
1697529600,1590.65,1594.15,1583.25,1585.05
1697544000,1585.0,1586.65,1564.2,1575.55
1697558400,1575.55,1580.7,1550.6,1564.2
1697572800,1564.15,1566.25,1557.15,1564.7
1697587200,1564.85,1572.25,1562.1,1568.15
1697601600,1568.15,1582.4,1566.15,1572.15
1697616000,1572.15,1585.9,1568.55,1578.8
1697630400,1578.8,1582.1,1568.35,1570.05
1697644800,1570.05,1575.0,1562.5,1563.05
1697659200,1563.2,1566.25,1555.55,1563.7
1697673600,1563.75,1567.6,1541.15,1549.3
1697688000,1549.25,1553.55,1545.45,1551.75
1697702400,1551.7,1555.4,1540.9,1553.9
1697716800,1553.9,1565.75,1550.5,1560.95
1697731200,1560.95,1574.6,1559.6,1567.95
1697745600,1568.0,1573.25,1563.25,1567.05
1697760000,1566.95,1595.4,1560.8,1586.7
1697774400,1586.65,1589.9,1578.65,1583.6
1697788800,1583.7,1631.05,1583.3,1613.7
1697803200,1613.7,1616.9,1596.9,1605.7
1697817600,1605.7,1609.95,1597.25,1607.05
1697832000,1606.95,1610.15,1601.85,1604.05
1697846400,1604.0,1606.85,1592.1,1597.8
1697860800,1597.8,1607.8,1597.2,1606.6
1697875200,1606.6,1610.1,1603.25,1609.1
1697889600,1609.0,1629.9,1602.75,1628.6
1697904000,1628.5,1644.75,1620.0,1635.0
1697918400,1635.0,1636.1,1625.7,1628.95
1697932800,1629.05,1642.5,1623.1,1629.95
1697947200,1629.95,1648.45,1623.7,1630.15
1697961600,1630.1,1636.35,1624.4,1628.7
1697976000,1628.7,1637.8,1619.75,1625.35
1697990400,1625.3,1640.8,1623.8,1634.65
1698004800,1634.65,1667.95,1633.5,1662.9
1698019200,1662.9,1701.5,1656.05,1694.25
1698033600,1694.2,1706.0,1671.5,1676.7
1698048000,1676.6,1685.0,1662.55,1677.2
1698062400,1677.65,1684.95,1663.7,1676.95
1698076800,1676.8,1713.0,1670.8,1708.45
1698091200,1708.6,1804.2,1703.3,1767.05
1698105600,1767.0,1850.8,1758.6,1809.75
1698120000,1809.8,1837.95,1801.35,1810.35
1698134400,1810.4,1846.0,1807.15,1845.95
1698148800,1845.95,1855.05,1762.05,1778.15
1698163200,1778.2,1800.75,1756.0,1777.4
1698177600,1777.4,1797.25,1763.35,1785.15
1698192000,1784.95,1807.3,1777.05,1789.1
1698206400,1789.05,1795.75,1761.2,1769.75
1698220800,1769.75,1794.05,1760.15,1786.0
1698235200,1786.0,1819.65,1778.9,1806.15
1698249600,1806.15,1815.4,1779.1,1790.25
1698264000,1790.2,1796.8,1775.5,1787.25
1698278400,1787.3,1817.9,1779.5,1816.6
1698292800,1816.6,1859.7,1790.4,1850.25
1698307200,1850.3,1869.7,1804.1,1813.45
1698321600,1813.5,1825.75,1766.6,1777.75
1698336000,1777.75,1794.55,1761.85,1792.6
1698350400,1792.65,1811.8,1790.5,1803.15
1698364800,1803.15,1804.15,1772.6,1791.55
1698379200,1791.6,1797.75,1775.75,1776.7
1698393600,1776.65,1791.4,1775.25,1781.85
1698408000,1781.85,1797.65,1770.5,1783.2
1698422400,1783.2,1785.25,1742.25,1774.9
1698436800,1774.95,1784.5,1774.35,1779.15
1698451200,1779.3,1794.45,1778.45,1790.2
1698465600,1790.2,1796.7,1785.65,1788.05
1698480000,1788.05,1804.3,1785.7,1788.2
1698494400,1788.25,1792.3,1775.35,1791.0
1698508800,1790.95,1791.25,1777.0,1777.75
1698523200,1777.7,1784.1,1768.45,1776.35
1698537600,1776.4,1782.4,1761.7,1774.75
1698552000,1774.65,1783.8,1772.2,1782.5
1698566400,1782.45,1793.15,1782.4,1788.4
1698580800,1788.4,1801.05,1787.35,1792.45
1698595200,1792.4,1807.6,1786.15,1793.2
1698609600,1793.1,1812.25,1791.05,1795.2
1698624000,1795.2,1798.45,1778.5,1783.0
1698638400,1783.0,1792.05,1777.4,1786.8
1698652800,1786.95,1828.8,1784.2,1815.95
1698667200,1815.85,1831.45,1805.9,1819.9
1698681600,1819.9,1820.0,1776.8,1801.85
1698696000,1801.8,1817.5,1796.8,1809.0
1698710400,1809.05,1820.3,1793.75,1795.3
1698724800,1795.3,1805.3,1785.95,1790.4
1698739200,1790.4,1815.0,1782.4,1809.5
1698753600,1809.5,1812.95,1780.95,1791.6
1698768000,1791.6,1815.4,1787.5,1811.95
1698782400,1811.65,1818.15,1801.9,1814.65
1698796800,1814.7,1829.6,1808.0,1810.2
1698811200,1810.3,1810.75,1798.05,1804.95
1698825600,1804.9,1808.35,1792.05,1800.05
1698840000,1800.05,1827.75,1783.0,1792.45
1698854400,1792.45,1851.85,1791.8,1835.85
1698868800,1835.85,1859.95,1835.85,1847.2
1698883200,1847.2,1874.2,1840.1,1858.4
1698897600,1858.4,1860.05,1828.9,1835.55
1698912000,1835.55,1840.85,1821.0,1836.55
1698926400,1836.6,1843.05,1800.2,1802.9
1698940800,1802.95,1812.6,1784.25,1812.4
1698955200,1812.4,1813.5,1791.45,1800.75
1698969600,1800.75,1803.2,1776.4,1798.05
1698984000,1798.05,1801.8,1787.45,1798.7
1698998400,1798.75,1804.5,1780.5,1789.9
1699012800,1789.9,1813.8,1785.05,1812.35
1699027200,1812.35,1824.75,1799.1,1816.85
1699041600,1816.95,1834.0,1814.45,1832.05
1699056000,1832.1,1839.3,1823.45,1834.3
1699070400,1834.3,1839.3,1825.55,1833.55
1699084800,1833.6,1847.2,1830.15,1837.1
1699099200,1837.05,1840.35,1827.95,1831.9
1699113600,1831.85,1840.8,1831.15,1835.25
1699128000,1835.25,1870.9,1834.0,1855.8
1699142400,1855.8,1894.7,1845.9,1888.7
1699156800,1888.55,1893.4,1875.5,1884.5
1699171200,1884.45,1896.8,1877.35,1887.65
1699185600,1887.9,1900.2,1864.65,1874.45
1699200000,1874.45,1914.2,1872.8,1888.35
1699214400,1888.35,1910.4,1854.15,1891.35
1699228800,1891.25,1899.6,1879.45,1886.7
1699243200,1886.9,1889.25,1868.7,1878.15
1699257600,1878.15,1898.55,1872.85,1898.05
1699272000,1898.05,1913.8,1888.35,1901.1
1699286400,1901.15,1904.0,1885.15,1901.45
1699300800,1901.45,1907.5,1880.4,1900.55
1699315200,1900.55,1903.55,1877.85,1890.2
1699329600,1890.2,1896.9,1885.25,1891.55
1699344000,1891.5,1894.45,1866.0,1873.35
1699358400,1873.3,1879.5,1858.15,1862.95
1699372800,1863.15,1900.1,1849.85,1893.6
1699387200,1893.8,1906.95,1872.1,1884.6
1699401600,1884.65,1892.45,1879.45,1881.8
1699416000,1881.8,1886.55,1872.55,1874.5
1699430400,1874.55,1888.65,1873.1,1880.5
1699444800,1880.35,1892.1,1879.3,1888.4
1699459200,1888.4,1904.3,1885.9,1898.65
1699473600,1898.6,1904.4,1882.3,1888.1
1699488000,1888.1,1927.5,1881.5,1918.55
1699502400,1918.6,1929.4,1909.6,1911.75
1699516800,1911.85,1919.35,1904.65,1913.4
1699531200,1913.4,2059.45,1907.9,2037.4
1699545600,2037.4,2049.45,1972.45,2018.2
1699560000,2018.1,2131.5,2010.9,2120.9
1699574400,2120.9,2128.45,2095.1,2120.95
1699588800,2120.9,2136.9,2101.2,2104.05
1699603200,2104.0,2109.2,2082.85,2097.0
1699617600,2097.0,2099.95,2064.25,2089.2
1699632000,2089.25,2103.05,2084.7,2087.35
1699646400,2087.35,2099.2,2068.8,2077.65
1699660800,2077.6,2085.15,2026.6,2045.9
1699675200,2045.9,2060.3,2034.15,2054.75
1699689600,2054.75,2066.3,2045.35,2057.3
1699704000,2057.3,2088.65,2051.75,2066.65
1699718400,2066.6,2088.75,2065.3,2074.75
1699732800,2074.75,2075.05,2030.85,2052.5
1699747200,2052.5,2055.15,2010.9,2050.3
1699761600,2050.4,2059.5,2042.7,2056.6
1699776000,2056.6,2058.4,2045.25,2047.25
1699790400,2047.25,2067.4,2034.5,2056.7
1699804800,2056.95,2059.55,2044.05,2048.65
1699819200,2048.65,2065.95,2028.05,2043.85
1699833600,2043.85,2073.3,2035.0,2038.95
1699848000,2038.95,2055.4,2028.25,2047.25
1699862400,2047.1,2060.3,2037.1,2046.1
1699876800,2046.05,2106.5,2038.85,2103.75
1699891200,2103.8,2116.75,2064.15,2098.2
1699905600,2098.2,2101.1,2041.95,2052.1
1699920000,2052.05,2056.45,2030.2,2053.7
1699934400,2053.65,2062.1,2045.85,2056.25
1699948800,2056.25,2060.8,2023.05,2029.05
1699963200,2029.25,2052.05,2018.3,2036.15
1699977600,2036.15,2052.1,1910.85,1977.6
1699992000,1977.65,1993.45,1966.4,1976.85
1700006400,1976.8,1989.3,1965.3,1966.6
1700020800,1966.7,1985.6,1966.15,1981.25
1700035200,1981.25,2012.2,1979.05,2010.2
1700049600,2010.15,2021.15,2002.4,2018.5
1700064000,2018.5,2051.85,1999.4,2050.05
1700078400,2050.0,2061.35,2034.1,2056.85
1700092800,2056.9,2079.75,2049.1,2051.55
1700107200,2051.55,2063.55,2046.25,2051.4
1700121600,2051.45,2089.4,2034.2,2066.8
1700136000,2066.9,2067.5,1977.95,1994.75
1700150400,1995.3,2014.5,1938.05,1964.6
1700164800,1964.6,1969.85,1944.7,1961.1
1700179200,1961.1,1990.85,1958.95,1983.6
1700193600,1983.65,1987.0,1967.4,1970.35
1700208000,1970.35,1982.25,1953.75,1965.3
1700222400,1965.35,1970.9,1912.55,1918.55
1700236800,1918.55,1948.3,1905.5,1938.2
1700251200,1938.25,1966.4,1936.75,1959.9
1700265600,1959.8,1960.65,1939.85,1941.1
1700280000,1941.05,1945.7,1916.9,1935.5
1700294400,1935.55,1944.7,1930.35,1934.3
1700308800,1934.35,1953.8,1930.25,1951.6
1700323200,1951.65,1970.65,1951.2,1963.15
1700337600,1963.15,1965.55,1949.3,1962.7
1700352000,1962.65,1962.85,1942.9,1955.65
1700366400,1955.65,1966.95,1952.85,1961.35
1700380800,1961.4,1966.25,1945.15,1951.5
1700395200,1951.5,1968.8,1944.55,1966.6
1700409600,1966.6,1985.0,1965.0,1983.1
1700424000,1983.1,2015.45,1975.6,2011.6
1700438400,2011.6,2012.8,1995.15,1999.85
1700452800,1999.75,2029.15,1993.65,2019.35
1700467200,2019.4,2041.7,2008.4,2024.05
1700481600,2023.9,2049.0,1985.7,2041.45
1700496000,2041.25,2067.05,2009.7,2035.7
1700510400,2035.75,2038.9,2014.65,2020.85
1700524800,2020.8,2034.0,2006.2,2018.2
1700539200,2018.25,2019.1,2002.5,2004.0
1700553600,2004.05,2016.9,2001.7,2003.7
1700568000,2003.75,2015.4,1950.95,1988.0
1700582400,1987.8,2022.8,1960.25,1985.35
1700596800,1985.35,2006.35,1930.2,1933.2
1700611200,1932.95,1979.15,1929.25,1977.55
1700625600,1977.75,2001.7,1976.5,1993.05
1700640000,1993.1,2029.2,1991.8,2014.35
1700654400,2014.35,2045.05,2010.25,2033.65
1700668800,2033.65,2086.75,2027.55,2080.0
1700683200,2080.0,2095.6,2060.55,2065.9
1700697600,2065.9,2073.65,2055.55,2061.75
1700712000,2061.8,2072.35,2059.9,2068.45
1700726400,2068.35,2091.5,2041.35,2062.2
1700740800,2062.2,2070.25,2039.5,2041.5
1700755200,2041.5,2066.85,2039.35,2061.35
1700769600,2061.35,2077.5,2058.35,2061.15
1700784000,2061.15,2075.9,2058.25,2062.9
1700798400,2062.85,2082.6,2061.7,2079.35
1700812800,2079.5,2129.1,2074.0,2098.0
1700827200,2097.95,2134.7,2097.0,2116.7
1700841600,2116.65,2125.0,2078.15,2086.85
1700856000,2086.85,2095.45,2057.65,2080.3
1700870400,2080.25,2089.7,2072.95,2087.25
1700884800,2087.25,2090.5,2080.85,2089.0
1700899200,2089.0,2091.15,2066.25,2071.3
1700913600,2071.25,2080.55,2067.65,2078.6
1700928000,2078.6,2085.5,2074.3,2083.15
1700942400,2083.15,2087.5,2081.15,2083.5
1700956800,2083.55,2084.85,2068.2,2076.9
1700971200,2076.85,2093.65,2070.95,2089.7
1700985600,2089.75,2095.35,2082.7,2085.3
1701000000,2085.3,2091.5,2062.15,2065.7
1701014400,2065.7,2070.25,2037.0,2056.55
1701028800,2056.5,2082.25,2054.95,2062.2
1701043200,2062.2,2071.3,2038.95,2048.25
1701057600,2048.25,2055.1,2030.0,2045.05
1701072000,2045.05,2052.65,2016.3,2024.65
1701086400,2024.65,2029.2,2000.1,2002.8
1701100800,2002.8,2024.45,1984.9,1994.5
1701115200,1994.4,2029.4,1986.75,2028.1
1701129600,2028.15,2041.8,2021.3,2028.75
1701144000,2028.7,2030.9,1996.35,2015.55
1701158400,2015.55,2030.05,2006.1,2028.95
1701172800,2029.15,2043.0,2019.8,2037.25
1701187200,2037.35,2073.6,2036.1,2057.35
1701201600,2057.05,2063.75,2040.5,2046.25
1701216000,2046.25,2055.55,2037.0,2051.1
1701230400,2051.1,2061.4,2045.1,2055.3
1701244800,2055.3,2074.2,2042.95,2050.45
1701259200,2050.5,2060.0,2018.0,2029.1
1701273600,2029.1,2039.75,2016.85,2035.75
1701288000,2035.8,2037.4,2017.1,2026.15
1701302400,2026.15,2038.75,2019.65,2038.45
1701316800,2038.45,2041.9,2028.7,2032.85
1701331200,2032.9,2047.1,2018.4,2045.45
1701345600,2045.4,2053.0,2025.35,2033.9
1701360000,2033.8,2044.9,2028.95,2042.2
1701374400,2042.15,2055.2,2040.05,2052.15
1701388800,2052.3,2094.85,2045.05,2094.4
1701403200,2094.35,2111.15,2089.4,2094.75
1701417600,2094.75,2114.6,2088.55,2094.95
1701432000,2095.0,2097.25,2072.85,2081.75
1701446400,2081.75,2111.55,2079.85,2091.35
1701460800,2091.3,2097.8,2083.4,2088.9
1701475200,2088.9,2098.4,2087.75,2094.45
1701489600,2094.4,2107.9,2090.9,2097.05
1701504000,2097.05,2108.6,2097.05,2100.05
1701518400,2100.05,2110.75,2094.55,2105.85
1701532800,2105.85,2200.2,2098.05,2159.75
1701547200,2159.5,2177.65,2153.4,2165.65
1701561600,2165.6,2177.35,2155.75,2162.45
1701576000,2162.45,2165.6,2152.95,2164.95
1701590400,2165.4,2168.65,2157.25,2159.7
1701604800,2159.7,2165.9,2149.55,2160.75
1701619200,2160.75,2168.9,2151.15,2167.7
1701633600,2167.65,2221.5,2165.1,2193.3
1701648000,2193.3,2229.9,2191.95,2210.2
1701662400,2210.25,2266.1,2209.95,2246.05
1701676800,2246.0,2274.95,2212.05,2237.35
1701691200,2237.35,2255.35,2200.8,2211.6
1701705600,2211.6,2235.3,2209.7,2234.8
1701720000,2234.8,2253.85,2219.5,2242.2
1701734400,2242.2,2252.4,2222.6,2230.65
1701748800,2230.7,2237.55,2186.65,2199.25
1701763200,2199.25,2208.8,2189.55,2203.45
1701777600,2203.4,2234.35,2197.95,2227.7
1701792000,2227.7,2310.6,2219.05,2272.7
1701806400,2272.75,2298.45,2251.1,2292.6
1701820800,2292.6,2311.5,2273.4,2281.35
1701835200,2281.25,2283.95,2257.45,2265.3
1701849600,2265.25,2287.7,2232.3,2251.9
1701864000,2251.85,2268.1,2246.5,2251.3
1701878400,2251.3,2284.25,2249.25,2262.4
1701892800,2262.3,2264.6,2217.65,2232.15
1701907200,2232.25,2249.0,2229.75,2247.75
1701921600,2247.75,2268.45,2246.4,2260.0
1701936000,2260.0,2268.0,2219.55,2233.9
1701950400,2233.95,2328.2,2229.7,2318.5
1701964800,2318.55,2355.85,2313.45,2334.7
1701979200,2334.65,2382.8,2334.1,2354.25
1701993600,2354.35,2385.7,2350.8,2373.15
1702008000,2373.2,2391.2,2352.05,2352.15
1702022400,2352.15,2371.9,2344.6,2364.7
1702036800,2364.65,2376.35,2335.6,2344.7
1702051200,2344.7,2360.05,2338.95,2350.95
1702065600,2351.1,2375.5,2349.75,2357.05
1702080000,2357.0,2364.9,2345.3,2356.25
1702094400,2356.25,2385.05,2355.35,2379.85
1702108800,2379.8,2401.95,2347.5,2355.6
1702123200,2355.6,2367.95,2334.4,2360.95
1702137600,2361.35,2363.75,2340.1,2355.2
1702152000,2355.2,2361.0,2325.75,2338.05
1702166400,2338.35,2352.85,2337.7,2349.7
1702180800,2349.8,2356.55,2342.35,2351.5
1702195200,2351.45,2353.85,2320.2,2335.95
1702209600,2335.9,2353.6,2335.3,2348.65
1702224000,2348.7,2360.05,2337.8,2353.05
1702238400,2353.1,2375.65,2340.45,2349.3
1702252800,2349.25,2352.2,2119.15,2250.3
1702267200,2250.3,2254.25,2225.75,2235.95
1702281600,2236.35,2251.9,2229.15,2248.05
1702296000,2248.05,2250.6,2199.9,2216.6
1702310400,2216.35,2221.25,2155.5,2187.3
1702324800,2187.25,2226.6,2180.6,2224.9
1702339200,2224.9,2243.6,2220.75,2230.7
1702353600,2230.7,2238.55,2211.7,2232.55
1702368000,2232.55,2238.15,2207.05,2208.6
1702382400,2208.6,2233.75,2186.15,2194.15
1702396800,2194.15,2199.6,2167.55,2178.5
1702411200,2178.55,2205.75,2163.4,2201.85
1702425600,2201.85,2205.5,2150.5,2166.6
1702440000,2166.65,2180.25,2145.15,2173.2
1702454400,2173.15,2186.6,2168.45,2172.15
1702468800,2172.2,2225.25,2169.7,2218.25
1702483200,2218.25,2254.4,2196.9,2252.15
1702497600,2252.15,2283.65,2244.15,2259.0
1702512000,2259.0,2261.3,2244.85,2250.85
1702526400,2250.85,2282.7,2245.65,2281.3
1702540800,2281.3,2307.8,2269.7,2307.3
1702555200,2307.45,2317.4,2227.6,2275.0
1702569600,2274.95,2314.9,2274.8,2291.8
1702584000,2291.75,2328.3,2281.6,2314.45
1702598400,2314.45,2316.85,2274.8,2280.75
1702612800,2280.75,2284.3,2255.95,2272.2
1702627200,2272.25,2287.1,2265.85,2272.6
1702641600,2272.6,2273.75,2224.1,2231.25
1702656000,2231.3,2248.65,2225.9,2242.2
1702670400,2242.25,2252.2,2192.2,2220.7
1702684800,2220.75,2259.25,2210.5,2254.0
1702699200,2253.85,2254.75,2238.1,2241.95
1702713600,2242.0,2253.25,2239.95,2252.3
1702728000,2252.4,2258.2,2238.8,2256.0
1702742400,2255.95,2262.75,2229.05,2235.1
1702756800,2235.1,2241.75,2215.85,2225.1
1702771200,2225.1,2229.95,2207.45,2212.9
1702785600,2212.6,2220.3,2196.7,2204.55
1702800000,2204.55,2216.4,2200.7,2211.6
1702814400,2211.6,2222.25,2194.75,2217.7
1702828800,2217.7,2238.05,2206.65,2230.8
1702843200,2230.85,2247.8,2186.85,2192.5
1702857600,2192.5,2200.75,2157.4,2170.85
1702872000,2170.8,2180.6,2160.9,2165.1
1702886400,2165.05,2174.4,2115.4,2138.3
1702900800,2138.35,2169.5,2123.3,2151.2
1702915200,2151.15,2171.65,2145.0,2170.2
1702929600,2170.25,2220.45,2162.9,2214.85
1702944000,2214.85,2249.4,2207.65,2232.6
1702958400,2232.6,2248.85,2227.1,2243.2
1702972800,2243.2,2251.1,2230.75,2232.3
1702987200,2232.35,2237.3,2175.0,2187.5
1703001600,2187.5,2201.65,2132.0,2172.45
1703016000,2172.45,2182.05,2160.45,2174.25
1703030400,2174.25,2187.35,2166.05,2182.15
1703044800,2182.1,2219.65,2179.3,2216.15
1703059200,2216.15,2224.45,2203.9,2211.1
1703073600,2211.25,2266.5,2206.1,2252.5
1703088000,2252.5,2255.3,2198.25,2209.7
1703102400,2209.7,2212.45,2157.95,2200.3
1703116800,2200.25,2201.55,2181.5,2198.6
1703131200,2198.55,2218.6,2189.65,2213.05
1703145600,2213.05,2258.2,2202.1,2254.0
1703160000,2254.0,2281.6,2198.25,2231.0
1703174400,2231.2,2245.55,2216.6,2224.25
1703188800,2224.25,2264.1,2216.45,2244.55
1703203200,2244.5,2267.3,2232.45,2247.5
1703217600,2247.45,2297.5,2243.55,2270.7
1703232000,2270.75,2328.8,2265.95,2308.9
1703246400,2308.9,2350.4,2286.9,2325.2
1703260800,2325.3,2347.5,2310.85,2315.25
1703275200,2314.9,2332.65,2300.9,2329.65
1703289600,2329.65,2335.85,2266.45,2274.1
1703304000,2274.15,2291.05,2266.6,2279.55
1703318400,2279.55,2289.6,2276.3,2282.95
1703332800,2283.0,2295.25,2281.7,2282.75
1703347200,2282.75,2308.9,2280.15,2288.15
1703361600,2288.2,2311.65,2281.2,2304.3
1703376000,2304.1,2323.1,2290.15,2313.4
1703390400,2313.35,2318.5,2270.45,2290.75
1703404800,2290.8,2294.8,2269.35,2285.5
1703419200,2285.5,2303.4,2280.05,2288.8
1703433600,2288.95,2294.3,2279.1,2284.95
1703448000,2284.95,2285.8,2238.15,2259.85
1703462400,2259.85,2274.85,2248.95,2273.85
1703476800,2273.8,2294.9,2272.5,2285.2
1703491200,2285.15,2292.6,2270.45,2284.2
1703505600,2284.05,2307.55,2279.15,2292.25
1703520000,2292.25,2294.4,2273.95,2278.9
1703534400,2278.9,2292.25,2261.55,2275.95
1703548800,2276.15,2281.05,2268.85,2274.5
1703563200,2274.45,2277.05,2223.55,2245.8
1703577600,2245.85,2249.3,2221.35,2247.8
1703592000,2247.8,2256.2,2227.05,2231.35
1703606400,2231.3,2235.45,2184.35,2207.95
1703620800,2207.95,2228.25,2205.2,2226.7
1703635200,2226.65,2229.75,2208.35,2214.0
1703649600,2214.0,2227.55,2213.2,2224.75
1703664000,2224.75,2288.45,2222.95,2282.1
1703678400,2282.1,2351.85,2271.65,2338.1
1703692800,2338.15,2372.55,2330.7,2343.15
1703707200,2343.1,2389.25,2340.55,2373.8
1703721600,2374.15,2448.05,2371.3,2409.9
1703736000,2409.85,2422.2,2362.55,2378.05
1703750400,2378.0,2407.05,2368.75,2397.15
1703764800,2397.2,2410.15,2340.9,2354.75
1703779200,2354.7,2380.05,2344.15,2357.9
1703793600,2358.15,2359.65,2330.95,2340.0
1703808000,2339.95,2361.25,2307.05,2351.6
1703822400,2351.6,2360.8,2330.85,2333.2
1703836800,2333.2,2377.65,2331.6,2371.45
1703851200,2371.5,2384.25,2315.2,2324.5
1703865600,2324.55,2331.0,2289.85,2320.35
1703880000,2320.35,2320.6,2257.65,2298.05
1703894400,2298.05,2308.55,2286.15,2295.95
1703908800,2295.9,2311.65,2294.8,2299.2
1703923200,2299.3,2300.3,2271.2,2291.75
1703937600,2291.85,2319.95,2285.2,2315.85
1703952000,2315.75,2323.1,2293.5,2297.6
1703966400,2297.6,2303.45,2273.25,2289.05
1703980800,2289.1,2302.25,2275.5,2282.1
1703995200,2282.15,2303.25,2277.55,2293.2
1704009600,2293.25,2314.05,2287.85,2306.75
1704024000,2306.85,2319.45,2288.25,2297.15
1704038400,2297.05,2307.85,2288.4,2292.85
1704052800,2292.9,2293.1,2254.5,2280.0
1704067200,2280.0,2305.3,2268.3,2271.95
1704081600,2271.9,2286.05,2262.55,2282.4
1704096000,2282.45,2303.5,2277.85,2302.65
1704110400,2302.65,2316.85,2293.2,2313.15
1704124800,2313.15,2339.05,2304.1,2335.4
1704139200,2335.35,2350.65,2321.95,2350.4
1704153600,2350.4,2397.85,2345.65,2384.1
1704168000,2384.15,2389.95,2371.7,2383.45
1704182400,2383.45,2429.8,2377.65,2389.7
1704196800,2389.7,2403.15,2350.4,2355.0
1704211200,2355.0,2370.9,2347.85,2366.95
1704225600,2366.95,2378.0,2337.0,2352.6
1704240000,2352.6,2382.55,2344.5,2366.2
1704254400,2366.2,2378.3,2353.15,2358.65
1704268800,2358.7,2382.9,2286.85,2306.15
1704283200,2306.55,2307.2,2053.4,2240.1
1704297600,2240.45,2245.55,2188.25,2207.35
1704312000,2207.3,2229.2,2196.65,2210.95
1704326400,2211.0,2240.3,2201.9,2231.6
1704340800,2231.6,2245.55,2222.1,2222.85
1704355200,2222.95,2232.55,2206.2,2229.4
1704369600,2229.45,2286.0,2223.9,2277.85
1704384000,2277.85,2296.3,2259.1,2275.6
1704398400,2275.7,2296.85,2262.75,2269.0
1704412800,2269.0,2276.05,2213.35,2243.75
1704427200,2243.75,2266.6,2235.45,2253.3
1704441600,2253.35,2270.8,2234.0,2243.25
1704456000,2243.25,2255.2,2220.0,2226.95
1704470400,2226.95,2242.6,2207.4,2235.85
1704484800,2235.9,2279.3,2235.8,2270.25
1704499200,2270.25,2271.8,2251.9,2255.5
1704513600,2255.45,2258.0,2218.3,2235.4
1704528000,2235.4,2241.5,2230.45,2241.05
1704542400,2241.0,2251.0,2229.85,2248.15
1704556800,2248.1,2256.3,2238.15,2246.05
1704571200,2246.05,2249.35,2232.05,2242.7
1704585600,2242.75,2256.3,2236.95,2243.95
1704600000,2243.95,2253.45,2242.9,2250.65
1704614400,2250.6,2254.9,2232.5,2239.1
1704628800,2239.05,2259.95,2222.05,2229.65
1704643200,2229.65,2248.0,2218.25,2246.35
1704657600,2246.35,2249.5,2202.95,2219.65
1704672000,2219.65,2222.7,2165.05,2189.6
1704686400,2189.7,2229.65,2186.35,2222.95
1704700800,2222.95,2241.55,2202.85,2239.7
1704715200,2239.25,2283.8,2238.85,2268.95
1704729600,2268.9,2358.65,2258.7,2354.2
1704744000,2354.2,2357.65,2325.15,2330.2
1704758400,2330.2,2336.25,2288.45,2308.3
1704772800,2308.3,2317.8,2295.5,2305.18
1704787200,2305.18,2311.11,2285.01,2298.3
1704801600,2298.31,2305.55,2223.22,2255.13
1704816000,2255.13,2276.62,2241.7,2269.13
1704830400,2269.15,2374.15,2245.48,2344.33
1704844800,2344.33,2402.15,2340.05,2361.58
1704859200,2361.5,2393.71,2357.38,2369.47
1704873600,2369.47,2430.17,2361.98,2401.72
1704888000,2401.66,2462.37,2340.48,2450.95
1704902400,2450.59,2485.78,2402.61,2475.02
1704916800,2475.02,2640.99,2408.02,2581.71
1704931200,2581.72,2611.66,2562.24,2608.97
1704945600,2608.75,2626.0,2570.33,2586.15
1704960000,2586.15,2662.94,2583.28,2653.74
1704974400,2653.76,2690.29,2598.84,2615.37
1704988800,2615.37,2627.01,2572.09,2623.72
1705003200,2623.72,2633.67,2588.33,2619.46
1705017600,2619.48,2625.7,2582.09,2590.5
1705032000,2590.5,2627.04,2586.88,2597.81
1705046400,2597.83,2665.09,2584.94,2643.95
1705060800,2643.94,2714.61,2630.31,2645.59
1705075200,2645.26,2686.92,2554.99,2582.91
1705089600,2582.93,2597.03,2456.61,2520.23
1705104000,2520.21,2553.99,2494.88,2545.53
1705118400,2545.53,2558.65,2536.52,2548.1
1705132800,2548.1,2557.69,2519.87,2541.54
1705147200,2541.33,2564.95,2530.62,2562.31
1705161600,2562.31,2577.9,2547.85,2570.48
1705176000,2570.68,2588.67,2560.69,2576.46
1705190400,2576.46,2577.42,2550.15,2550.88
1705204800,2550.88,2556.1,2542.81,2550.27
1705219200,2550.27,2552.88,2535.16,2537.64
1705233600,2537.64,2547.08,2524.52,2537.51
1705248000,2537.53,2544.65,2499.42,2501.55
1705262400,2501.42,2532.14,2470.15,2473.95
1705276800,2473.97,2514.53,2471.85,2504.12
1705291200,2504.15,2521.35,2503.15,2513.5
1705305600,2513.5,2542.57,2507.49,2538.78
1705320000,2538.81,2548.92,2505.82,2514.34
1705334400,2514.33,2553.88,2513.74,2534.72
1705348800,2534.74,2539.18,2498.68,2511.71
1705363200,2511.73,2537.97,2505.13,2537.37
1705377600,2537.37,2542.45,2523.12,2529.13
1705392000,2529.14,2548.68,2522.07,2530.64
1705406400,2530.64,2572.0,2501.01,2560.15
1705420800,2560.15,2579.3,2549.01,2575.06
1705435200,2575.06,2613.4,2571.98,2586.99
1705449600,2586.99,2593.03,2571.26,2571.82
1705464000,2571.82,2575.56,2551.96,2552.75
1705478400,2552.73,2554.45,2534.94,2543.32
1705492800,2543.34,2574.89,2533.21,2539.84
1705507200,2540.04,2545.94,2517.63,2533.66
1705521600,2533.65,2545.36,2506.42,2531.58
1705536000,2531.57,2534.96,2510.74,2530.36
1705550400,2530.36,2540.15,2525.45,2538.68
1705564800,2538.66,2550.05,2515.46,2523.45
1705579200,2523.45,2535.62,2503.81,2525.16
1705593600,2525.18,2526.0,2428.6,2440.94
1705608000,2440.73,2474.17,2429.42,2472.5
1705622400,2472.74,2475.81,2444.99,2462.32
1705636800,2462.32,2475.91,2458.46,2466.75
1705651200,2466.77,2495.66,2462.07,2488.99
1705665600,2488.99,2501.54,2461.54,2464.42
1705680000,2464.49,2506.94,2415.61,2494.98
1705694400,2494.98,2506.03,2481.84,2493.78
1705708800,2493.78,2493.78,2476.4,2483.49
1705723200,2483.48,2488.04,2477.06,2480.51
1705737600,2480.53,2482.18,2465.47,2472.62
1705752000,2472.64,2478.12,2459.41,2465.35
1705766400,2465.37,2469.61,2455.75,2463.08
1705780800,2463.06,2476.18,2461.54,2473.77
1705795200,2473.77,2482.82,2466.69,2477.01
1705809600,2476.9,2478.07,2468.57,2477.25
1705824000,2477.25,2484.1,2473.78,2475.54
1705838400,2475.52,2482.49,2465.11,2469.81
1705852800,2469.79,2480.32,2465.73,2476.06
1705867200,2476.04,2477.24,2454.08,2459.17
1705881600,2459.17,2468.31,2426.72,2440.36
1705896000,2440.36,2441.69,2404.96,2421.95
1705910400,2421.98,2421.98,2362.54,2382.0
1705924800,2382.02,2406.27,2352.05,2377.67
1705939200,2377.69,2383.69,2301.74,2319.07
1705953600,2319.07,2348.37,2299.45,2311.83
1705968000,2311.85,2340.19,2310.46,2336.57
1705982400,2336.59,2348.39,2313.46,2321.6
1705996800,2321.6,2324.86,2200.11,2215.88
1706011200,2215.86,2234.31,2168.31,2220.38
1706025600,2220.38,2232.64,2181.2,2186.51
1706040000,2186.65,2248.61,2183.83,2242.91
1706054400,2242.91,2253.86,2209.78,2211.15
1706068800,2211.13,2243.1,2210.77,2231.69
1706083200,2231.83,2262.16,2225.92,2241.31
1706097600,2241.29,2245.28,2215.6,2231.84
1706112000,2231.84,2242.3,2200.16,2210.58
1706126400,2210.58,2240.83,2195.96,2235.88
1706140800,2235.89,2239.89,2203.54,2214.44
1706155200,2214.42,2225.2,2200.95,2224.89
1706169600,2224.89,2240.3,2213.88,2229.1
1706184000,2229.12,2231.7,2179.56,2185.88
1706198400,2185.88,2222.76,2168.28,2215.74
1706212800,2215.76,2228.97,2209.21,2216.23
1706227200,2216.23,2235.28,2208.26,2220.89
1706241600,2220.93,2227.17,2193.7,2195.35
1706256000,2195.3,2257.92,2193.18,2250.78
1706270400,2250.96,2263.28,2230.94,2254.57
1706284800,2254.75,2279.84,2247.54,2255.4
1706299200,2255.4,2269.27,2249.61,2265.03
1706313600,2265.03,2280.85,2262.88,2271.43
1706328000,2271.45,2273.94,2250.46,2256.12
1706342400,2256.12,2269.74,2248.89,2263.31
1706356800,2263.33,2273.02,2259.08,2267.26
1706371200,2267.27,2275.0,2258.93,2270.24
1706385600,2270.24,2273.06,2258.96,2265.42
1706400000,2265.42,2286.86,2260.44,2284.15
1706414400,2283.96,2306.17,2275.47,2280.24
1706428800,2280.24,2299.08,2274.17,2278.4
1706443200,2278.4,2283.91,2260.0,2267.58
1706457600,2267.56,2273.67,2243.5,2251.23
1706472000,2251.21,2263.64,2238.94,2258.27
1706486400,2258.29,2279.84,2251.91,2273.26
1706500800,2273.26,2275.62,2259.32,2260.32
1706515200,2260.34,2278.68,2254.71,2265.93
1706529600,2265.93,2275.09,2231.99,2274.81
1706544000,2274.67,2313.05,2264.32,2290.82
1706558400,2290.82,2320.21,2289.92,2314.42
1706572800,2314.27,2325.17,2300.98,2308.34
1706587200,2308.36,2311.95,2298.35,2306.15
1706601600,2306.13,2314.83,2299.39,2310.77
1706616000,2310.77,2344.94,2293.69,2338.05
1706630400,2338.07,2378.32,2332.44,2371.7
1706644800,2371.72,2389.96,2334.8,2340.79
1706659200,2340.68,2349.29,2324.63,2340.38
1706673600,2340.5,2341.98,2327.21,2338.03
1706688000,2338.05,2340.63,2279.84,2299.02
1706702400,2299.0,2332.51,2290.45,2328.53
1706716800,2328.53,2349.95,2308.07,2320.52
1706731200,2320.5,2322.0,2261.25,2281.62
1706745600,2281.62,2288.1,2241.47,2257.8
1706760000,2257.82,2278.32,2252.62,2272.11
1706774400,2272.11,2278.46,2265.76,2266.98
1706788800,2266.96,2309.17,2263.49,2288.42
1706803200,2288.6,2310.55,2271.86,2305.69
1706817600,2305.69,2310.96,2286.96,2304.7
1706832000,2304.68,2321.66,2298.83,2302.14
1706846400,2302.14,2320.45,2297.41,2313.79
1706860800,2313.77,2319.57,2305.56,2318.35
1706875200,2318.35,2324.2,2282.2,2314.27
1706889600,2314.29,2324.19,2286.76,2302.25
1706904000,2302.23,2311.52,2296.01,2310.36
1706918400,2310.36,2331.37,2307.98,2321.75
1706932800,2321.75,2326.3,2313.24,2314.03
1706947200,2314.01,2316.58,2300.31,2304.57
1706961600,2304.57,2310.25,2292.74,2303.33
1706976000,2303.31,2313.24,2296.13,2303.1
1706990400,2303.13,2306.18,2293.17,2296.67
1707004800,2296.67,2307.54,2291.12,2303.19
1707019200,2303.21,2304.4,2286.77,2290.91
1707033600,2290.91,2310.73,2286.38,2306.79
1707048000,2305.92,2309.96,2297.19,2301.93
1707062400,2301.93,2309.36,2266.29,2280.84
1707076800,2280.82,2309.47,2270.75,2287.27
1707091200,2287.27,2296.09,2266.19,2294.07
1707105600,2294.06,2310.14,2286.59,2308.34
1707120000,2308.34,2332.93,2308.34,2329.52
1707134400,2329.52,2338.86,2294.87,2299.73
1707148800,2299.72,2311.97,2291.83,2306.42
1707163200,2306.4,2307.83,2281.1,2299.43
1707177600,2299.43,2328.45,2296.31,2315.37
1707192000,2315.36,2326.51,2306.62,2325.58
1707206400,2325.58,2343.86,2315.6,2327.42
1707220800,2327.26,2349.87,2313.04,2344.59
1707235200,2344.61,2382.32,2341.24,2381.42
1707249600,2381.4,2392.6,2373.64,2374.58
1707264000,2374.58,2392.43,2359.05,2367.64
1707278400,2367.66,2371.74,2358.44,2364.54
1707292800,2364.55,2379.13,2354.92,2363.58
1707307200,2363.58,2388.03,2361.94,2367.41
1707321600,2367.39,2428.56,2366.33,2422.24
1707336000,2422.45,2448.33,2422.42,2427.17
1707350400,2427.15,2446.79,2425.69,2436.06
1707364800,2436.06,2437.9,2414.79,2424.53
1707379200,2424.53,2432.12,2418.52,2427.9
1707393600,2427.92,2466.9,2419.77,2456.99
1707408000,2456.78,2458.72,2416.0,2424.91
1707422400,2424.89,2437.89,2420.63,2422.25
1707436800,2422.26,2465.96,2421.62,2449.48
1707451200,2449.34,2465.11,2440.77,2454.73
1707465600,2454.74,2509.9,2454.58,2504.14
1707480000,2504.12,2524.57,2477.18,2495.11
1707494400,2495.13,2524.54,2479.16,2485.12
1707508800,2485.18,2506.13,2483.08,2486.2
1707523200,2486.2,2515.66,2482.73,2512.98
1707537600,2512.98,2516.91,2494.48,2495.56
1707552000,2495.54,2499.62,2470.68,2483.89
1707566400,2483.89,2498.22,2481.41,2491.27
1707580800,2491.25,2498.58,2484.35,2498.58
1707595200,2498.56,2517.63,2492.32,2500.99
1707609600,2500.97,2529.94,2494.3,2529.9
1707624000,2529.78,2539.1,2514.65,2527.49
1707638400,2527.49,2540.44,2512.47,2531.6
1707652800,2531.59,2533.24,2505.5,2509.47
1707667200,2509.47,2521.78,2496.79,2508.45
1707681600,2508.43,2515.34,2492.96,2507.96
1707696000,2507.97,2526.13,2494.55,2500.67
1707710400,2500.67,2505.09,2481.37,2502.39
1707724800,2502.39,2505.96,2473.24,2489.41
1707739200,2489.37,2563.81,2481.9,2558.34
1707753600,2558.34,2639.59,2537.37,2611.87
1707768000,2611.87,2665.06,2611.87,2657.37
1707782400,2657.35,2685.19,2634.41,2638.87
1707796800,2638.86,2651.58,2636.08,2646.17
1707811200,2646.21,2683.55,2644.47,2678.76
1707825600,2678.76,2683.3,2595.1,2629.07
1707840000,2629.08,2638.24,2590.59,2608.68
1707854400,2608.68,2646.49,2607.86,2637.27
1707868800,2637.27,2641.92,2616.17,2634.45
1707883200,2634.45,2653.35,2618.25,2651.04
1707897600,2651.06,2761.39,2646.35,2755.76
1707912000,2756.04,2774.04,2729.3,2750.9
1707926400,2750.9,2767.79,2729.13,2762.86
1707940800,2762.88,2786.61,2756.64,2771.77
1707955200,2771.75,2825.26,2768.69,2798.49
1707969600,2798.49,2803.64,2756.91,2769.09
1707984000,2769.09,2799.58,2765.67,2790.07
1707998400,2789.87,2865.4,2772.81,2823.77
1708012800,2823.75,2838.59,2802.26,2831.84
1708027200,2831.86,2843.86,2783.0,2820.14
1708041600,2820.14,2854.57,2817.51,2843.21
1708056000,2843.23,2849.24,2809.28,2812.7
1708070400,2812.87,2833.19,2790.77,2820.44
1708084800,2820.44,2845.01,2732.92,2773.14
1708099200,2773.13,2804.64,2753.31,2759.81
1708113600,2759.81,2807.73,2754.81,2799.2
1708128000,2799.27,2801.61,2776.98,2792.92
1708142400,2792.92,2796.6,2778.95,2793.05
1708156800,2793.03,2793.05,2763.54,2779.93
1708171200,2779.61,2786.87,2718.0,2752.88
1708185600,2752.9,2774.05,2741.2,2771.12
1708200000,2771.1,2799.37,2768.29,2782.66
1708214400,2782.66,2794.87,2763.16,2778.93
1708228800,2778.93,2803.96,2774.75,2797.24
1708243200,2797.24,2820.51,2792.95,2799.97
1708257600,2799.99,2810.43,2782.38,2803.86
1708272000,2803.84,2842.79,2791.09,2824.94
1708286400,2824.96,2895.68,2813.97,2879.0
1708300800,2879.13,2890.73,2854.2,2883.43
1708315200,2883.43,2929.04,2877.0,2921.98
1708329600,2922.0,2923.95,2887.6,2909.84
1708344000,2909.86,2918.05,2884.7,2906.42
1708358400,2906.4,2951.05,2883.72,2930.63
1708372800,2930.63,2984.36,2923.71,2941.57
1708387200,2941.57,2952.45,2899.56,2903.99
1708401600,2903.99,2932.21,2900.0,2917.26
1708416000,2917.26,2941.86,2868.61,2933.53
1708430400,2933.53,3003.73,2897.05,2922.29
1708444800,2922.3,2984.78,2883.48,2983.38
1708459200,2983.38,3031.35,2963.07,3011.57
1708473600,3011.69,3014.06,2985.56,3002.25
1708488000,3002.23,3006.48,2918.12,2936.94
1708502400,2936.92,2953.86,2884.37,2897.25
1708516800,2897.27,2925.98,2865.09,2911.78
1708531200,2911.78,2935.36,2883.11,2910.37
1708545600,2910.37,2976.12,2892.72,2964.39
1708560000,2964.6,2965.35,2902.65,2931.61
1708574400,2931.61,2995.99,2917.5,2990.79
1708588800,2990.79,3029.73,2967.06,2987.99
1708603200,2988.01,3003.44,2928.13,2982.91
1708617600,2982.92,3000.92,2957.45,2984.82
1708632000,2984.82,3034.32,2966.43,2970.17
1708646400,2970.0,2992.68,2931.19,2953.16
1708660800,2953.16,2966.21,2922.86,2933.82
1708675200,2933.82,2949.37,2913.81,2944.65
1708689600,2944.65,2964.09,2912.0,2913.86
1708704000,2914.16,2950.1,2904.07,2944.3
1708718400,2944.32,2952.95,2904.0,2920.05
1708732800,2920.07,2935.2,2904.49,2928.51
1708747200,2928.49,2963.83,2927.22,2962.07
1708761600,2962.08,2964.35,2945.71,2959.48
1708776000,2959.5,2967.22,2951.11,2953.34
1708790400,2953.34,3006.0,2953.21,2985.51
1708804800,2985.51,2994.43,2977.0,2990.25
1708819200,2990.25,3052.38,2981.47,3024.66
1708833600,3024.66,3046.23,3012.42,3030.03
1708848000,3030.01,3042.21,3010.31,3040.9
1708862400,3040.92,3075.63,3027.89,3043.79
1708876800,3043.81,3090.91,3029.33,3082.45
1708891200,3082.45,3132.3,3082.45,3110.7
1708905600,3110.7,3137.74,3087.67,3110.23
1708920000,3109.85,3117.72,3089.04,3090.2
1708934400,3090.21,3105.0,3035.98,3057.01
1708948800,3056.99,3148.14,3037.22,3146.56
1708963200,3146.05,3181.56,3125.0,3176.98
1708977600,3176.39,3194.56,3162.26,3172.97
1708992000,3172.99,3285.94,3162.89,3216.33
1709006400,3215.92,3234.82,3200.07,3213.68
1709020800,3213.53,3266.72,3213.14,3252.51
1709035200,3252.51,3287.73,3216.53,3226.52
1709049600,3226.5,3258.08,3200.7,3248.11
1709064000,3248.09,3266.06,3230.42,3239.59
1709078400,3239.83,3256.03,3228.02,3245.32
1709092800,3245.65,3303.62,3240.64,3299.98
1709107200,3299.98,3368.44,3274.5,3293.78
1709121600,3293.78,3375.25,3284.36,3345.33
1709136000,3345.31,3493.98,3198.57,3296.05
1709150400,3296.04,3380.94,3249.43,3379.92
1709164800,3380.32,3467.3,3371.4,3404.03
1709179200,3404.04,3492.6,3393.92,3464.09
1709193600,3464.44,3524.54,3440.04,3513.07
1709208000,3511.84,3517.67,3438.94,3464.48
1709222400,3464.95,3467.68,3345.0,3402.57
1709236800,3402.47,3414.59,3296.06,3337.87
1709251200,3338.19,3386.52,3337.02,3365.76
1709265600,3365.78,3395.91,3360.36,3362.37
1709280000,3362.37,3435.76,3351.33,3408.59
1709294400,3408.59,3447.88,3365.96,3386.77
1709308800,3386.94,3432.87,3376.66,3424.47
1709323200,3424.48,3446.84,3417.68,3428.92
1709337600,3428.92,3458.81,3421.8,3439.53
1709352000,3439.86,3448.02,3377.42,3427.9
1709366400,3427.89,3434.22,3388.99,3401.17
1709380800,3401.15,3426.03,3390.7,3415.16
1709395200,3415.66,3429.06,3406.47,3423.23
1709409600,3423.25,3428.89,3398.92,3418.03
1709424000,3418.05,3431.37,3406.55,3427.81
1709438400,3427.87,3442.76,3354.76,3389.94
1709452800,3390.07,3412.46,3372.58,3409.98
1709467200,3409.98,3445.6,3400.13,3417.76
1709481600,3417.76,3488.89,3414.55,3462.12
1709496000,3462.12,3491.01,3455.86,3485.18
1709510400,3485.53,3532.23,3418.49,3469.99
1709524800,3470.01,3484.97,3453.25,3474.79
1709539200,3474.79,3551.29,3474.79,3505.36
1709553600,3505.68,3568.43,3454.51,3556.59
1709568000,3556.59,3608.37,3525.78,3590.47
1709582400,3590.47,3637.73,3554.15,3623.65
1709596800,3623.26,3696.96,3604.36,3688.69
1709611200,3688.69,3752.58,3648.62,3671.99
1709625600,3672.16,3742.24,3649.91,3730.65
1709640000,3730.65,3820.38,3729.62,3779.7
1709654400,3780.27,3793.24,3174.32,3370.35
1709668800,3370.35,3575.68,3319.81,3547.99
1709683200,3548.12,3587.64,3494.28,3535.22
1709697600,3535.22,3787.43,3533.06,3784.12
1709712000,3784.12,3894.04,3774.6,3875.83
1709726400,3875.82,3898.89,3720.12,3786.59
1709740800,3786.83,3877.32,3760.8,3849.01
1709755200,3849.01,3890.12,3783.4,3815.8
1709769600,3815.83,3850.19,3762.61,3772.99
1709784000,3772.99,3800.89,3730.81,3785.49
1709798400,3785.9,3813.53,3766.11,3784.93
1709812800,3785.04,3852.09,3761.61,3832.98
1709827200,3833.18,3881.19,3810.35,3867.24
1709841600,3867.73,3932.09,3833.02,3865.29
1709856000,3865.77,3938.45,3860.07,3898.19
1709870400,3898.59,3945.25,3876.85,3906.81
1709884800,3906.6,3953.28,3906.6,3947.78
1709899200,3947.63,3994.18,3881.02,3897.67
1709913600,3897.69,3975.22,3809.82,3927.57
1709928000,3927.91,3949.65,3868.66,3880.39
1709942400,3880.39,3928.15,3875.15,3921.94
1709956800,3922.38,3940.94,3910.54,3924.43
1709971200,3924.87,3934.66,3885.15,3912.46
1709985600,3912.48,3926.07,3901.42,3915.29
1710000000,3915.31,3919.36,3869.58,3880.59
1710014400,3880.94,3912.45,3880.94,3904.12
1710028800,3904.43,3942.62,3898.83,3934.82
1710043200,3934.84,3951.95,3929.5,3943.7
1710057600,3944.02,3965.86,3920.23,3932.22
1710072000,3932.06,3945.9,3857.3,3881.51
1710086400,3881.39,3930.04,3880.36,3896.52
1710100800,3896.52,3903.32,3787.09,3874.75
1710115200,3874.73,3886.18,3718.31,3864.77
1710129600,3864.67,4020.38,3831.89,4006.42
1710144000,4006.59,4053.76,3986.56,4029.93
1710158400,4029.62,4066.92,4011.04,4015.36
1710172800,4015.48,4089.13,3997.72,4030.72
1710187200,4030.94,4082.07,4027.31,4063.8
1710201600,4064.03,4092.39,4020.59,4027.69
1710216000,4027.71,4052.93,3998.13,4025.08
1710230400,4025.08,4067.33,3964.19,4020.79
1710244800,4020.77,4054.77,3944.36,3987.91
1710259200,3987.91,3991.52,3827.09,3979.09
1710273600,3979.1,3980.05,3925.0,3979.89
1710288000,3980.02,4046.68,3972.74,4043.84
1710302400,4043.66,4078.65,4028.69,4038.95
1710316800,4038.95,4082.59,4038.28,4048.41
1710331200,4048.61,4052.64,3930.7,3958.36
1710345600,3958.77,4009.41,3948.76,3997.44
1710360000,3997.49,4018.79,3970.9,4002.2
1710374400,4002.2,4009.45,3952.36,3991.12
1710388800,3990.5,4004.73,3937.42,3960.91
1710403200,3961.15,3998.0,3942.44,3954.2
1710417600,3954.2,3967.41,3815.79,3840.92
1710432000,3840.94,3892.86,3718.35,3782.49
1710446400,3781.86,3887.95,3776.96,3877.75
1710460800,3877.91,3932.05,3617.47,3719.12
1710475200,3719.1,3777.35,3652.99,3749.89
1710489600,3750.27,3758.82,3565.01,3686.47
1710504000,3686.36,3738.91,3666.74,3685.92
1710518400,3685.93,3804.01,3656.7,3686.31
1710532800,3685.86,3744.76,3604.91,3738.16
1710547200,3738.31,3779.67,3718.53,3731.83
1710561600,3731.83,3740.63,3686.66,3736.51
1710576000,3736.51,3737.47,3660.39,3688.89
1710590400,3688.89,3709.54,3636.84,3677.38
1710604800,3677.58,3679.45,3570.99,3601.34
1710619200,3601.34,3635.88,3469.0,3524.88
1710633600,3524.88,3583.5,3504.93,3571.63
1710648000,3571.61,3572.37,3409.02,3468.12
1710662400,3468.12,3602.96,3456.78,3575.01
1710676800,3575.0,3644.39,3525.98,3623.87
1710691200,3623.46,3652.6,3599.08,3646.65
1710705600,3646.64,3676.02,3620.87,3641.03
1710720000,3641.01,3642.11,3558.58,3604.39
1710734400,3604.41,3646.76,3580.42,3629.53
1710748800,3629.7,3630.39,3546.2,3595.34
1710763200,3595.33,3611.09,3484.75,3522.63
1710777600,3522.63,3563.91,3450.42,3476.03
1710792000,3476.48,3544.82,3476.39,3517.57
1710806400,3516.78,3545.56,3357.52,3415.63
1710820800,3415.39,3425.0,3302.4,3358.17
1710835200,3358.27,3358.66,3201.0,3272.65
1710849600,3272.63,3325.35,3223.68,3300.02
1710864000,3300.02,3356.24,3276.5,3329.72
1710878400,3329.74,3335.37,3147.46,3156.22
1710892800,3156.22,3262.29,3151.33,3158.75
1710907200,3158.77,3223.54,3052.43,3214.74
1710921600,3214.74,3294.17,3202.45,3290.9
1710936000,3290.11,3395.05,3273.34,3291.03
1710950400,3290.87,3403.02,3138.27,3375.28
1710964800,3375.76,3531.97,3367.05,3510.98
1710979200,3511.25,3557.39,3490.37,3508.14
1710993600,3508.14,3532.98,3443.32,3512.97
1711008000,3512.97,3583.18,3512.97,3527.72
1711022400,3527.79,3571.14,3475.84,3494.97
1711036800,3495.0,3543.32,3409.73,3438.79
1711051200,3438.33,3519.36,3409.58,3489.08
1711065600,3489.1,3524.02,3451.11,3519.12
1711080000,3519.07,3538.55,3497.36,3508.17
1711094400,3508.53,3519.92,3392.11,3402.61
1711108800,3402.11,3422.69,3278.45,3346.48
1711123200,3346.88,3359.38,3286.47,3338.92
1711137600,3338.92,3343.86,3244.63,3334.52
1711152000,3334.54,3358.48,3267.5,3300.98
1711166400,3301.14,3381.61,3296.14,3363.2
1711180800,3363.51,3379.77,3325.99,3363.4
1711195200,3363.41,3421.49,3341.81,3403.27
1711209600,3403.29,3434.16,3382.48,3384.71
1711224000,3384.71,3399.84,3325.48,3327.28
1711238400,3327.54,3367.59,3305.08,3307.58
1711252800,3308.33,3340.95,3298.7,3340.38
1711267200,3340.41,3392.02,3333.34,3385.69
1711281600,3385.71,3413.27,3375.0,3395.21
1711296000,3395.21,3407.55,3331.41,3379.81
1711310400,3379.76,3469.75,3372.73,3452.94
1711324800,3453.32,3459.26,3417.7,3452.1
1711339200,3451.72,3503.63,3438.44,3442.4
1711353600,3442.42,3470.51,3428.92,3433.58
1711368000,3433.4,3586.15,3426.55,3579.37
1711382400,3579.73,3662.68,3565.22,3638.04
1711396800,3638.04,3646.08,3564.76,3589.09
1711411200,3589.07,3642.65,3580.53,3623.15
1711425600,3623.16,3675.71,3618.51,3632.42
1711440000,3633.09,3669.78,3625.88,3630.71
1711454400,3630.45,3656.14,3542.18,3591.16
1711468800,3591.14,3602.07,3541.6,3558.77
1711483200,3558.77,3613.03,3556.25,3585.33
1711497600,3585.43,3627.31,3574.72,3600.52
1711512000,3600.52,3615.0,3558.2,3562.26
1711526400,3562.81,3589.57,3530.0,3583.64
1711540800,3583.64,3593.89,3508.34,3511.78
1711555200,3512.18,3531.05,3458.21,3490.38
1711569600,3490.38,3520.71,3487.57,3500.51
1711584000,3500.79,3531.49,3462.32,3494.52
1711598400,3494.52,3577.52,3493.68,3570.94
1711612800,3571.37,3592.22,3562.86,3577.52
1711627200,3577.6,3610.81,3549.55,3574.79
1711641600,3575.47,3577.95,3538.04,3561.46
1711656000,3561.46,3578.74,3539.74,3558.72
1711670400,3558.7,3582.85,3546.88,3558.96
1711684800,3558.96,3577.78,3510.59,3518.5
1711699200,3518.52,3562.14,3515.89,3548.3
1711713600,3548.28,3556.32,3476.46,3484.5
1711728000,3484.54,3499.1,3469.83,3498.32
1711742400,3498.3,3525.37,3473.98,3510.2
1711756800,3510.2,3520.98,3484.56,3488.02
1711771200,3488.02,3528.92,3485.58,3489.72
1711785600,3489.6,3564.18,3489.17,3558.74
1711800000,3558.74,3565.15,3529.85,3535.29
1711814400,3535.29,3547.79,3482.93,3506.57
1711828800,3506.54,3517.55,3492.58,3503.43
1711843200,3503.41,3542.96,3502.31,3534.64
1711857600,3534.66,3629.98,3529.82,3621.62
1711872000,3621.64,3630.0,3597.67,3606.6
1711886400,3606.62,3635.67,3603.28,3614.63
1711900800,3614.65,3655.27,3611.07,3637.6
1711915200,3637.6,3649.6,3616.73,3643.26
1711929600,3643.24,3644.73,3598.59,3609.23
1711944000,3609.23,3612.46,3496.56,3542.78
1711958400,3543.09,3558.67,3517.38,3536.47
1711972800,3536.47,3569.07,3433.02,3440.56
1711987200,3441.18,3486.04,3410.38,3482.76
1712001600,3483.03,3512.32,3467.67,3500.84
1712016000,3500.82,3503.0,3311.18,3362.93
1712030400,3362.93,3384.5,3332.84,3358.68
1712044800,3358.68,3367.44,3273.34,3307.43
1712059200,3307.43,3322.51,3227.34,3235.43
1712073600,3235.97,3280.82,3206.3,3272.99
1712088000,3272.97,3302.49,3236.58,3276.47
1712102400,3276.17,3321.59,3198.82,3313.52
1712116800,3313.33,3322.76,3276.56,3302.67
1712131200,3302.67,3354.94,3287.26,3315.91
1712145600,3316.0,3362.35,3290.64,3326.78
1712160000,3326.78,3366.71,3278.53,3312.38
1712174400,3312.98,3323.44,3287.19,3309.4
1712188800,3309.07,3331.96,3257.87,3270.81
1712203200,3270.81,3330.99,3247.11,3319.74
1712217600,3319.92,3352.94,3316.01,3336.72
1712232000,3336.72,3392.11,3335.22,3359.86
1712246400,3359.86,3440.43,3356.25,3363.11
1712260800,3362.71,3367.17,3275.0,3325.04
1712275200,3325.04,3333.0,3248.0,3307.71
1712289600,3307.71,3318.76,3240.27,3285.56
1712304000,3285.78,3312.94,3234.17,3242.91
1712318400,3242.91,3328.84,3206.48,3325.23
1712332800,3324.98,3342.95,3302.4,3317.73
1712347200,3317.14,3342.87,3307.14,3314.88
1712361600,3314.88,3344.85,3303.83,3328.9
1712376000,3328.9,3350.72,3318.27,3328.51
1712390400,3328.51,3349.27,3323.07,3328.53
1712404800,3328.52,3358.52,3310.17,3332.75
1712419200,3332.73,3355.35,3328.13,3347.2
1712433600,3347.02,3397.41,3342.09,3347.82
1712448000,3347.82,3411.2,3339.79,3385.6
1712462400,3385.96,3404.13,3371.7,3382.04
1712476800,3382.04,3392.11,3373.69,3386.33
1712491200,3386.35,3418.99,3380.71,3385.89
1712505600,3385.99,3408.87,3365.01,3378.61
1712520000,3378.49,3457.9,3374.93,3451.18
1712534400,3451.18,3454.58,3404.81,3419.93
1712548800,3419.93,3476.19,3410.29,3471.99
1712563200,3472.26,3641.55,3467.82,3631.78
1712577600,3632.01,3671.07,3610.68,3627.41
1712592000,3628.06,3710.51,3624.95,3701.47
1712606400,3702.03,3729.08,3680.29,3692.6
1712620800,3692.6,3723.53,3662.07,3689.49
1712635200,3689.49,3699.41,3627.74,3638.0
1712649600,3638.02,3643.63,3575.7,3629.19
1712664000,3629.19,3639.38,3473.29,3526.16
1712678400,3526.0,3529.44,3448.71,3514.39
1712692800,3514.39,3522.6,3482.68,3501.81
1712707200,3501.56,3534.83,3461.62,3509.83
1712721600,3509.97,3551.5,3502.43,3533.23
1712736000,3533.21,3537.43,3489.08,3517.96
1712750400,3517.96,3525.19,3406.15,3474.52
1712764800,3474.51,3544.74,3464.85,3518.77
1712779200,3518.77,3560.15,3491.54,3542.32
1712793600,3542.34,3573.17,3520.78,3571.7
1712808000,3571.7,3602.68,3548.82,3579.37
1712822400,3579.44,3613.66,3510.78,3519.16
1712836800,3519.16,3571.93,3482.31,3504.27
1712851200,3504.62,3519.03,3469.47,3514.77
1712865600,3514.74,3529.5,3485.84,3498.72
1712880000,3498.72,3535.15,3497.3,3530.77
1712894400,3530.75,3549.7,3502.14,3513.3
1712908800,3513.32,3538.48,3504.87,3528.21
1712923200,3528.19,3528.77,3433.55,3436.17
1712937600,3436.16,3450.68,3055.0,3203.05
1712952000,3202.97,3253.23,3197.84,3233.28
1712966400,3233.26,3233.28,3140.01,3226.62
1712980800,3226.64,3269.53,3218.99,3253.68
1712995200,3253.68,3298.87,3243.3,3263.79
1713009600,3263.79,3294.22,3246.37,3268.21
1713024000,3268.19,3275.84,2973.98,3080.65
1713038400,3080.43,3090.47,2785.17,3002.82
1713052800,3002.82,3016.13,2901.41,2967.97
1713067200,2967.95,3098.78,2962.35,3080.89
1713081600,3080.91,3095.91,3005.24,3024.33
1713096000,3024.33,3072.54,3002.6,3051.72
1713110400,3051.74,3097.28,2973.85,3070.13
1713124800,3070.15,3171.79,3043.41,3151.59
1713139200,3151.3,3153.55,3096.42,3142.95
1713153600,3142.97,3250.99,3118.84,3238.38
1713168000,3238.4,3274.83,3221.58,3225.89
1713182400,3226.1,3243.33,3101.25,3159.22
1713196800,3159.22,3175.93,3019.44,3096.49
1713211200,3096.48,3125.69,3051.74,3098.72
1713225600,3099.08,3117.29,3047.38,3069.3
1713240000,3069.31,3123.09,2982.89,3102.85
1713254400,3102.85,3107.07,2996.76,3089.72
1713268800,3089.78,3092.59,3005.62,3006.33
1713283200,3006.27,3081.28,2991.9,3054.48
1713297600,3054.48,3115.15,3047.75,3080.18
1713312000,3080.2,3103.9,3062.29,3091.5
1713326400,3091.65,3121.27,3062.12,3074.2
1713340800,3074.31,3085.64,3034.99,3038.0
1713355200,3038.2,3061.76,2922.99,2943.54
1713369600,2943.54,3040.48,2911.05,2998.56
1713384000,2998.56,3011.98,2960.5,2981.41
1713398400,2981.43,3032.17,2948.76,3021.64
1713412800,3021.47,3030.84,2952.6,2971.37
1713427200,2971.37,3063.19,2950.31,3042.15
1713441600,3042.14,3091.29,2981.51,3065.1
1713456000,3065.1,3080.48,3014.43,3061.09
1713470400,3060.9,3077.08,3052.33,3060.81
1713484800,3060.81,3067.21,2861.91,2976.51
1713499200,2976.53,3125.38,2975.45,3081.65
1713513600,3081.78,3122.34,3074.93,3100.08
1713528000,3100.06,3117.69,3051.42,3078.39
1713542400,3078.38,3105.91,3042.24,3101.9
1713556800,3101.72,3103.06,3016.6,3053.83
1713571200,3053.81,3067.29,3015.65,3053.96
1713585600,3053.94,3069.06,3046.64,3058.78
1713600000,3058.81,3059.1,3027.43,3045.38
1713614400,3045.36,3111.5,3037.91,3106.64
1713628800,3107.04,3162.96,3084.51,3145.02
1713643200,3145.2,3168.88,3137.68,3152.02
1713657600,3152.02,3194.6,3123.51,3163.92
1713672000,3163.92,3188.26,3151.62,3176.17
1713686400,3176.17,3183.26,3150.43,3165.1
1713700800,3165.08,3173.98,3134.66,3156.99
1713715200,3157.01,3159.5,3113.79,3134.34
1713729600,3134.34,3166.82,3126.81,3144.36
1713744000,3144.38,3208.47,3125.72,3187.65
1713758400,3187.67,3232.58,3182.44,3201.38
1713772800,3201.36,3221.06,3184.6,3192.65
1713787200,3192.65,3209.41,3160.55,3180.6
1713801600,3180.6,3215.15,3166.39,3185.79
1713816000,3185.79,3221.76,3180.81,3196.94
1713830400,3196.94,3219.41,3177.47,3181.21
1713844800,3181.21,3191.0,3150.0,3157.95
1713859200,3157.95,3182.6,3149.56,3177.47
1713873600,3177.47,3261.48,3169.99,3222.71
1713888000,3222.71,3243.3,3209.42,3215.17
1713902400,3215.34,3220.22,3182.22,3216.55
1713916800,3216.55,3246.6,3207.14,3235.46
1713931200,3235.48,3272.19,3234.02,3246.85
1713945600,3246.67,3282.0,3238.58,3278.49
1713960000,3278.29,3290.01,3165.01,3172.43
1713974400,3171.93,3190.14,3100.0,3130.75
1713988800,3130.65,3149.23,3107.29,3136.89
1714003200,3136.91,3167.95,3123.12,3144.31
1714017600,3144.31,3164.51,3123.13,3133.24
1714032000,3133.3,3150.78,3069.18,3109.19
1714046400,3109.21,3164.72,3079.74,3156.43
1714060800,3156.28,3171.74,3142.29,3162.2
1714075200,3162.2,3188.23,3149.29,3152.35
1714089600,3152.37,3160.85,3120.25,3138.43
1714104000,3138.43,3150.75,3125.53,3131.51
1714118400,3131.53,3154.22,3118.27,3125.32
1714132800,3125.04,3164.59,3099.24,3113.68
1714147200,3114.07,3152.04,3101.66,3130.0
1714161600,3130.35,3150.0,3116.47,3127.75
1714176000,3127.73,3135.55,3065.0,3119.2
1714190400,3119.18,3131.03,3105.1,3116.96
1714204800,3116.95,3125.98,3104.32,3121.67
1714219200,3121.81,3163.41,3118.69,3141.56
1714233600,3141.56,3281.96,3139.24,3233.99
1714248000,3234.31,3259.19,3219.22,3251.22
1714262400,3251.22,3326.81,3246.34,3304.61
1714276800,3305.57,3335.75,3296.12,3314.28
1714291200,3314.3,3321.76,3271.24,3283.22
1714305600,3283.22,3328.16,3281.11,3318.3
1714320000,3317.85,3361.32,3305.45,3313.05
1714334400,3313.03,3317.17,3250.64,3261.67
1714348800,3261.65,3285.0,3165.5,3175.91
1714363200,3175.91,3204.14,3150.35,3183.64
1714377600,3183.64,3192.29,3143.03,3156.55
1714392000,3156.45,3182.18,3112.75,3178.45
1714406400,3178.43,3185.9,3150.93,3182.17
1714420800,3182.17,3232.78,3159.71,3213.94
1714435200,3214.04,3248.04,3145.05,3177.98
1714449600,3177.86,3182.22,3147.88,3153.1
1714464000,3153.1,3157.7,3001.27,3004.14
1714478400,3004.14,3033.0,2962.74,2990.52
1714492800,2990.53,2995.11,2916.95,2925.06
1714507200,2925.06,3026.7,2924.55,3011.09
1714521600,3011.11,3020.37,2955.64,3000.79
1714536000,3000.79,3011.39,2854.6,2866.39
1714550400,2866.56,2903.95,2812.18,2903.19
1714564800,2902.47,2931.31,2863.17,2883.5
1714579200,2883.86,3012.79,2865.84,2923.32
1714593600,2923.32,2981.38,2911.04,2968.24
1714608000,2968.24,2978.4,2889.84,2926.17
1714622400,2926.17,2935.76,2894.76,2918.38
1714636800,2918.27,2999.41,2914.0,2992.37
1714651200,2992.43,3009.88,2950.02,2987.24
1714665600,2987.44,3004.25,2967.85,2997.36
1714680000,2997.33,3013.36,2965.82,2983.48
1714694400,2983.48,3034.0,2975.02,3006.92
1714708800,3006.65,3013.82,2955.6,2966.06
1714723200,2966.06,2988.63,2955.28,2976.89
1714737600,2976.8,3082.98,2966.69,3072.4
1714752000,3072.63,3084.64,3058.78,3069.91
1714766400,3069.39,3124.95,3066.14,3099.82
1714780800,3099.92,3127.67,3090.0,3109.08
1714795200,3108.88,3120.38,3092.47,3093.14
1714809600,3093.14,3166.25,3092.37,3127.54
1714824000,3127.54,3156.15,3111.24,3122.83
1714838400,3123.23,3136.94,3110.62,3133.4
1714852800,3133.98,3143.57,3101.07,3113.59
1714867200,3113.59,3123.23,3068.82,3083.27
1714881600,3083.12,3111.88,3076.95,3102.02
1714896000,3102.0,3169.12,3099.72,3134.85
1714910400,3134.83,3164.07,3122.83,3156.1
1714924800,3156.19,3162.43,3127.0,3139.23
1714939200,3139.21,3143.23,3119.08,3132.63
1714953600,3132.61,3163.14,3120.77,3131.44
1714968000,3131.44,3189.12,3124.24,3176.91
1714982400,3176.91,3218.89,3127.13,3147.05
1714996800,3147.03,3152.5,3051.7,3086.64
1715011200,3086.64,3093.31,3042.86,3068.11
1715025600,3068.09,3087.26,3058.17,3060.12
1715040000,3060.11,3094.85,3018.01,3046.11
1715054400,3045.32,3079.39,3041.09,3073.66
1715068800,3073.37,3126.75,3055.65,3060.84
1715083200,3060.91,3103.95,3042.6,3067.93
1715097600,3067.93,3076.17,3023.74,3046.44
1715112000,3046.69,3058.32,2996.41,3002.43
1715126400,3001.62,3035.34,2990.6,3029.0
1715140800,3029.0,3033.35,2986.97,2992.67
1715155200,2992.67,3008.76,2975.03,2987.25
1715169600,2987.25,3029.68,2982.04,3003.67
1715184000,3003.86,3020.0,2982.8,2996.12
1715198400,2996.02,3000.64,2932.92,2970.69
1715212800,2970.47,3001.75,2968.82,2994.19
1715227200,2994.59,3012.26,2973.0,2979.99
1715241600,2980.01,2988.96,2947.91,2974.29
1715256000,2974.3,3016.13,2952.59,3002.6
1715270400,3002.6,3022.85,2985.52,3017.94
1715284800,3017.94,3056.84,3011.76,3032.37
1715299200,3032.37,3039.35,3014.57,3025.86
1715313600,3025.84,3050.58,3018.1,3038.1
1715328000,3038.1,3041.35,3018.82,3034.54
1715342400,3034.56,3040.33,2903.5,2914.67
1715356800,2914.67,2931.47,2872.56,2897.84
1715371200,2897.89,2912.57,2883.81,2907.23
1715385600,2907.23,2934.11,2902.01,2908.13
1715400000,2908.13,2924.94,2902.62,2918.48
1715414400,2918.73,2922.17,2882.54,2899.97
1715428800,2899.97,2942.8,2892.32,2922.67
1715443200,2922.69,2937.82,2914.12,2927.1
1715457600,2927.1,2927.71,2902.91,2908.92
1715472000,2908.91,2922.42,2905.85,2917.55
1715486400,2917.71,2930.1,2897.71,2904.99
1715500800,2904.99,2940.73,2899.38,2924.47
1715515200,2924.49,2940.61,2921.84,2934.32
1715529600,2934.32,2951.86,2917.38,2926.63
1715544000,2926.65,2933.2,2909.71,2925.76
1715558400,2925.78,2940.2,2861.07,2886.54
1715572800,2886.53,2955.77,2866.75,2950.39
1715587200,2950.65,2993.45,2944.96,2962.48
1715601600,2962.46,2982.42,2946.54,2958.13
1715616000,2958.13,2975.22,2925.88,2955.79
1715630400,2955.69,2957.35,2935.11,2947.33
1715644800,2947.33,2957.95,2933.62,2937.63
1715659200,2937.63,2946.12,2879.16,2916.22
1715673600,2916.31,2916.58,2893.39,2904.42
1715688000,2904.44,2921.1,2866.55,2895.48
1715702400,2895.65,2897.6,2857.55,2890.73
1715716800,2890.74,2900.32,2875.38,2879.08
1715731200,2879.06,2900.39,2860.66,2899.87
1715745600,2899.85,2917.9,2894.87,2912.5
1715760000,2912.52,2931.0,2883.55,2895.92
1715774400,2895.94,2989.69,2890.17,2973.08
1715788800,2973.1,3023.0,2965.93,3021.02
1715803200,3021.01,3037.1,3007.01,3028.09
1715817600,3028.09,3037.2,2994.69,3012.36
1715832000,3012.38,3019.19,3002.05,3013.69
1715846400,3013.7,3025.43,2984.42,3004.35
1715860800,3004.33,3006.38,2928.0,2954.34
1715875200,2954.2,2958.54,2921.86,2941.36
1715889600,2941.36,2943.16,2919.01,2941.51
1715904000,2941.51,2953.33,2929.69,2946.71
1715918400,2946.71,3029.02,2936.67,3021.39
1715932800,3021.79,3054.74,3014.04,3027.46
1715947200,3027.45,3114.82,3016.79,3107.9
1715961600,3107.9,3116.26,3063.63,3081.66
1715976000,3081.68,3091.87,3077.1,3088.52
1715990400,3088.52,3123.24,3080.1,3110.69
1716004800,3110.69,3115.73,3087.02,3097.77
1716019200,3097.77,3143.52,3096.22,3130.47
1716033600,3130.47,3131.82,3091.48,3107.65
1716048000,3107.67,3118.0,3102.53,3116.37
1716062400,3116.37,3123.44,3102.47,3119.53
1716076800,3119.53,3133.61,3109.03,3125.62
1716091200,3125.62,3127.23,3099.6,3112.38
1716105600,3112.38,3122.27,3079.25,3099.3
1716120000,3099.49,3099.86,3059.0,3073.84
1716134400,3073.85,3080.71,3055.0,3061.69
1716148800,3061.69,3079.2,3049.31,3067.7
1716163200,3067.72,3097.54,3045.0,3083.78
1716177600,3083.78,3136.84,3060.73,3091.25
1716192000,3091.27,3114.38,3086.01,3094.35
1716206400,3094.35,3121.67,3075.0,3118.58
1716220800,3118.58,3454.85,3110.93,3436.0
1716235200,3436.0,3691.8,3417.01,3658.28
1716249600,3658.27,3718.75,3635.98,3691.53
1716264000,3691.54,3695.56,3622.91,3657.56
1716278400,3657.58,3819.01,3645.9,3772.57
1716292800,3772.57,3833.49,3742.92,3773.94
1716307200,3773.29,3839.99,3676.06,3708.74
1716321600,3709.45,3818.0,3706.54,3785.74
1716336000,3785.74,3810.41,3770.97,3789.61
1716350400,3789.61,3791.41,3717.41,3743.68
1716364800,3743.68,3777.02,3686.0,3686.56
1716379200,3687.23,3768.94,3650.1,3756.85
1716393600,3757.18,3793.08,3695.8,3733.09
1716408000,3733.2,3778.45,3720.0,3733.64
1716422400,3734.01,3786.17,3731.41,3778.22
1716436800,3777.9,3830.32,3755.72,3808.96
1716451200,3808.98,3921.66,3787.36,3913.47
1716465600,3913.47,3944.14,3732.0,3809.48
1716480000,3809.49,3823.44,3698.0,3786.46
1716494400,3786.44,3900.0,3519.03,3778.75
1716508800,3778.75,3826.81,3739.38,3799.34
1716523200,3799.34,3811.89,3646.4,3674.3
1716537600,3674.3,3714.23,3624.23,3708.32
1716552000,3708.3,3728.52,3665.9,3689.46
1716566400,3689.81,3754.93,3652.0,3738.99
1716580800,3739.66,3750.31,3718.13,3723.52
1716595200,3723.52,3743.1,3704.97,3740.08
1716609600,3740.08,3774.62,3739.42,3742.3
1716624000,3742.28,3771.37,3732.24,3734.95
1716638400,3734.94,3754.07,3716.69,3739.83
1716652800,3739.85,3762.87,3732.52,3753.79
1716667200,3753.81,3756.73,3726.36,3745.95
1716681600,3745.94,3768.12,3726.53,3767.07
1716696000,3766.78,3790.85,3736.81,3780.69
1716710400,3780.69,3819.21,3771.96,3808.92
1716724800,3808.92,3871.75,3787.3,3828.08
1716739200,3828.09,3879.34,3826.26,3874.36
1716753600,3875.02,3875.02,3814.0,3821.85
1716768000,3821.84,3935.27,3818.86,3914.57
1716782400,3914.57,3930.53,3883.31,3908.92
1716796800,3908.9,3950.0,3880.0,3895.91
1716811200,3895.91,3973.85,3886.72,3959.95
1716825600,3959.49,3970.22,3850.86,3868.93
1716840000,3868.54,3901.98,3856.24,3889.89
1716854400,3889.89,3908.55,3825.0,3846.05
1716868800,3846.01,3861.69,3818.28,3844.05
1716883200,3844.07,3927.27,3835.14,3899.76
1716897600,3899.6,3908.18,3827.0,3856.5
1716912000,3856.58,3865.0,3770.48,3837.06
1716926400,3837.06,3868.01,3818.78,3840.05
1716940800,3840.05,3859.18,3830.82,3847.52
1716955200,3847.33,3884.25,3817.23,3818.26
1716969600,3818.88,3824.82,3777.8,3806.94
1716984000,3807.01,3836.29,3747.15,3756.55
1716998400,3756.46,3777.59,3740.7,3745.54
1717012800,3745.54,3789.26,3740.52,3763.29
1717027200,3763.29,3793.85,3747.15,3787.42
1717041600,3787.42,3798.71,3711.27,3716.63
1717056000,3716.61,3753.36,3700.0,3733.07
1717070400,3733.07,3794.29,3729.61,3772.15
1717084800,3772.27,3821.41,3747.67,3757.5
1717099200,3757.79,3757.94,3715.54,3743.92
1717113600,3743.92,3766.85,3736.22,3756.16
1717128000,3756.18,3762.67,3720.56,3725.37
1717142400,3725.35,3809.64,3723.24,3798.42
1717156800,3798.25,3847.58,3740.0,3741.06
1717171200,3741.07,3790.94,3718.98,3781.6
1717185600,3781.97,3796.9,3737.82,3758.17
1717200000,3758.15,3778.21,3748.41,3774.38
1717214400,3774.4,3789.57,3764.47,3768.22
1717228800,3768.24,3806.68,3767.5,3783.92
1717243200,3783.92,3809.91,3782.55,3794.23
1717257600,3794.25,3806.47,3786.04,3799.8
1717272000,3799.82,3829.44,3795.59,3811.37
1717286400,3811.03,3833.79,3793.14,3802.81
1717300800,3802.81,3819.17,3787.73,3789.0
1717315200,3789.0,3806.14,3766.95,3800.56
1717329600,3800.56,3806.29,3772.59,3795.46
1717344000,3795.46,3800.28,3748.27,3777.97
1717358400,3777.99,3793.48,3763.63,3777.48
1717372800,3777.5,3818.92,3758.06,3796.2
1717387200,3796.22,3838.84,3791.12,3813.41
1717401600,3813.41,3835.19,3800.69,3805.47
1717416000,3805.49,3847.35,3753.46,3792.0
1717430400,3792.04,3793.95,3756.0,3769.7
1717444800,3769.98,3781.66,3756.02,3762.85
1717459200,3762.85,3781.4,3723.0,3770.18
1717473600,3770.18,3775.83,3748.48,3771.48
1717488000,3771.48,3780.08,3738.0,3761.47
1717502400,3761.49,3814.18,3750.0,3805.61
1717516800,3805.75,3829.04,3772.08,3796.24
1717531200,3796.22,3818.14,3788.64,3806.08
1717545600,3806.08,3837.37,3796.74,3807.63
1717560000,3807.52,3817.4,3773.89,3805.23
1717574400,3805.23,3807.68,3784.94,3800.96
1717588800,3800.96,3821.0,3777.91,3809.9
1717603200,3809.9,3873.34,3792.3,3872.06
1717617600,3872.06,3883.34,3837.59,3861.62
1717632000,3861.6,3875.17,3848.83,3857.65
1717646400,3857.65,3861.17,3837.11,3847.97
1717660800,3847.95,3853.1,3838.73,3846.27
1717675200,3846.27,3863.36,3818.41,3840.3
1717689600,3840.28,3850.98,3782.65,3786.33
1717704000,3785.89,3811.43,3755.0,3809.19
1717718400,3809.19,3809.72,3787.62,3802.91
1717732800,3802.89,3821.92,3802.19,3812.17
1717747200,3812.33,3836.38,3797.09,3831.02
1717761600,3831.03,3837.47,3767.61,3796.03
1717776000,3796.03,3804.2,3563.62,3682.5
1717790400,3682.48,3695.99,3665.69,3674.73
1717804800,3674.71,3688.57,3670.59,3685.75
1717819200,3685.73,3705.41,3673.58,3704.56
1717833600,3704.56,3705.16,3674.01,3678.54
1717848000,3678.52,3693.75,3657.04,3683.13
1717862400,3683.13,3690.44,3666.81,3677.79
1717876800,3677.79,3680.29,3665.89,3677.29
1717891200,3677.31,3681.39,3662.62,3670.58
1717905600,3670.58,3686.6,3665.65,3681.24
1717920000,3681.24,3689.57,3678.21,3689.07
1717934400,3689.07,3708.78,3676.84,3686.17
1717948800,3686.19,3704.95,3684.67,3696.53
1717963200,3696.51,3719.86,3690.56,3702.0
1717977600,3701.98,3702.82,3676.08,3680.13
1717992000,3680.13,3687.94,3639.3,3644.96
1718006400,3644.49,3677.33,3643.77,3671.73
1718020800,3671.73,3709.76,3658.94,3697.49
1718035200,3698.03,3701.16,3660.47,3664.88
1718049600,3664.88,3673.06,3646.22,3664.36
1718064000,3664.38,3669.14,3562.86,3592.01
1718078400,3592.03,3592.03,3493.9,3529.77
1718092800,3530.1,3544.73,3499.99,3526.15
1718107200,3526.17,3541.96,3421.5,3442.69
1718121600,3442.69,3497.79,3427.43,3492.8
1718136000,3492.8,3505.41,3479.17,3492.88
1718150400,3492.88,3509.85,3457.04,3505.7
1718164800,3505.68,3528.27,3503.31,3522.72
1718179200,3522.7,3559.22,3512.93,3527.32
1718193600,3527.6,3652.44,3526.92,3613.93
1718208000,3614.12,3621.45,3509.5,3525.22
1718222400,3525.22,3571.03,3517.78,3556.36
1718236800,3556.36,3558.13,3472.88,3499.48
1718251200,3499.5,3513.77,3480.24,3503.45
1718265600,3503.45,3508.04,3468.66,3493.3
1718280000,3493.3,3531.12,3431.0,3438.97
1718294400,3438.97,3488.13,3423.89,3477.81
1718308800,3477.83,3487.59,3458.32,3465.8
1718323200,3465.79,3506.19,3453.84,3486.87
1718337600,3486.94,3528.41,3486.92,3511.45
1718352000,3511.46,3525.69,3501.61,3511.66
1718366400,3511.66,3521.15,3457.0,3457.62
1718380800,3457.61,3463.52,3358.35,3401.73
1718395200,3401.73,3525.77,3399.97,3477.11
1718409600,3477.11,3499.69,3468.35,3499.68
1718424000,3499.69,3553.56,3493.34,3524.96
1718438400,3524.94,3538.25,3515.0,3534.16
1718452800,3534.16,3589.7,3532.82,3561.21
1718467200,3561.21,3572.08,3546.79,3554.93
1718481600,3554.93,3571.5,3532.47,3564.82
1718496000,3564.8,3570.0,3544.12,3550.44
1718510400,3550.46,3570.71,3536.64,3557.68
1718524800,3557.68,3566.1,3543.46,3551.21
1718539200,3551.21,3608.14,3549.23,3586.98
1718553600,3586.98,3607.24,3582.2,3594.58
1718568000,3594.56,3650.85,3584.77,3619.67
1718582400,3619.67,3633.62,3571.9,3578.29
1718596800,3578.31,3592.08,3534.23,3549.25
1718611200,3549.27,3557.23,3487.31,3523.36
1718625600,3523.34,3542.66,3480.81,3492.85
1718640000,3492.83,3574.65,3462.0,3549.34
1718654400,3549.34,3551.94,3495.99,3506.91
1718668800,3506.91,3512.86,3346.39,3437.74
1718683200,3437.33,3459.02,3425.04,3439.72
1718697600,3439.85,3447.26,3388.79,3410.85
1718712000,3410.83,3436.72,3366.9,3420.23
1718726400,3420.23,3432.08,3384.56,3419.3
1718740800,3419.3,3484.79,3408.71,3478.94
1718755200,3478.94,3568.72,3461.22,3561.18
1718769600,3561.2,3580.68,3531.76,3541.87
1718784000,3541.87,3561.78,3514.98,3532.92
1718798400,3532.92,3546.59,3508.76,3525.15
1718812800,3524.95,3586.44,3521.93,3542.32
1718827200,3542.32,3575.39,3528.56,3555.72
1718841600,3555.74,3590.14,3529.06,3549.39
1718856000,3549.16,3611.93,3540.25,3602.96
1718870400,3602.94,3621.05,3568.27,3594.7
1718884800,3594.7,3607.17,3487.38,3502.31
1718899200,3502.31,3537.85,3482.31,3532.59
1718913600,3532.15,3534.72,3506.51,3508.63
1718928000,3508.62,3532.34,3487.18,3497.67
1718942400,3497.67,3518.44,3464.09,3470.52
1718956800,3470.52,3528.48,3442.8,3499.15
1718971200,3499.15,3515.62,3450.85,3488.62
1718985600,3488.63,3532.71,3466.8,3531.04
1719000000,3531.03,3543.31,3495.06,3514.2
1719014400,3514.2,3517.42,3490.29,3502.54
1719028800,3502.52,3505.79,3483.39,3490.35
1719043200,3490.37,3495.34,3471.92,3489.2
1719057600,3489.22,3506.98,3483.02,3501.0
1719072000,3500.98,3504.24,3482.0,3487.52
1719086400,3487.5,3504.24,3482.0,3491.25
1719100800,3491.25,3514.66,3490.62,3514.66
1719115200,3514.66,3517.08,3502.33,3508.13
1719129600,3508.11,3508.85,3484.95,3494.81
1719144000,3494.81,3500.79,3468.6,3471.48
1719158400,3471.46,3479.32,3457.03,3476.28
1719172800,3476.3,3476.76,3396.89,3416.79
1719187200,3416.79,3432.54,3382.59,3399.19
1719201600,3399.19,3410.0,3350.0,3365.27
1719216000,3365.26,3390.51,3213.01,3316.75
1719230400,3316.77,3332.7,3259.22,3277.05
1719244800,3277.05,3311.71,3239.67,3291.34
1719259200,3291.32,3358.66,3252.9,3347.96
1719273600,3347.97,3382.31,3332.32,3367.16
1719288000,3367.18,3390.49,3353.0,3356.77
1719302400,3356.79,3390.31,3341.75,3371.46
1719316800,3371.45,3421.16,3353.49,3414.79
1719331200,3414.78,3424.9,3377.25,3411.39
1719345600,3411.78,3414.4,3384.19,3390.44
1719360000,3390.43,3421.87,3380.6,3391.22
1719374400,3391.22,3402.53,3372.58,3397.62
1719388800,3397.62,3398.61,3362.21,3377.59
1719403200,3377.57,3392.66,3343.88,3357.97
1719417600,3357.97,3406.23,3322.41,3404.08
1719432000,3403.82,3413.51,3363.57,3367.61
1719446400,3367.71,3388.85,3357.89,3379.6
1719460800,3379.62,3385.44,3362.76,3371.12
1719475200,3371.12,3409.26,3365.24,3398.96
1719489600,3398.94,3473.76,3398.57,3448.24
1719504000,3448.32,3463.71,3435.1,3445.85
1719518400,3445.53,3451.3,3436.67,3446.6
1719532800,3446.6,3483.82,3431.35,3455.53
1719547200,3455.53,3456.57,3423.29,3427.86
1719561600,3427.84,3457.26,3416.91,3448.3
1719576000,3448.3,3472.03,3400.58,3409.51
1719590400,3409.52,3413.26,3362.29,3376.31
1719604800,3376.5,3390.83,3365.41,3376.32
1719619200,3376.34,3395.45,3376.13,3382.07
1719633600,3382.07,3404.88,3377.15,3395.19
1719648000,3395.17,3401.72,3383.26,3395.77
1719662400,3395.79,3398.87,3378.68,3390.47
1719676800,3390.47,3392.64,3372.14,3383.35
1719691200,3383.35,3385.97,3363.61,3375.19
1719705600,3375.33,3385.94,3350.0,3367.83
1719720000,3367.83,3396.71,3354.65,3389.63
1719734400,3389.63,3394.93,3381.41,3384.94
1719748800,3384.94,3400.41,3375.06,3395.84
1719763200,3396.24,3429.44,3387.43,3423.73
1719777600,3423.75,3456.14,3405.0,3433.89
1719792000,3433.89,3519.9,3428.27,3493.88
1719806400,3493.91,3495.19,3479.98,3486.24
1719820800,3486.8,3490.81,3453.64,3455.83
1719835200,3455.83,3477.31,3449.32,3470.15
1719849600,3470.15,3495.4,3459.0,3466.83
1719864000,3466.83,3471.84,3418.72,3438.38
1719878400,3438.4,3460.86,3430.0,3453.18
1719892800,3453.2,3460.34,3430.22,3434.89
1719907200,3434.87,3451.39,3428.78,3449.28
1719921600,3449.28,3458.69,3398.0,3412.45
1719936000,3412.47,3430.18,3405.34,3412.1
1719950400,3412.19,3425.35,3409.93,3417.48
1719964800,3417.52,3428.78,3326.78,3356.89
1719979200,3356.89,3368.96,3348.97,3349.02
1719993600,3349.0,3354.2,3276.74,3304.05
1720008000,3304.05,3321.96,3270.97,3300.64
1720022400,3300.39,3318.52,3251.0,3263.29
1720036800,3263.08,3303.3,3248.26,3291.64
1720051200,3291.64,3309.79,3149.39,3239.01
1720065600,3239.03,3242.79,3165.57,3178.52
1720080000,3178.52,3192.82,3123.0,3156.21
1720094400,3156.21,3159.82,3085.19,3134.5
1720108800,3134.72,3148.39,3109.43,3129.73
1720123200,3129.73,3165.85,3046.46,3056.65
1720137600,3056.65,3105.7,2866.0,2917.58
1720152000,2917.41,2925.02,2804.35,2878.22
1720166400,2878.22,2953.0,2820.47,2943.96
1720180800,2943.95,3002.42,2918.4,2988.19
1720195200,2988.19,2998.21,2955.39,2985.1
1720209600,2985.1,2989.93,2961.0,2977.97
1720224000,2977.95,3023.84,2951.52,2977.12
1720238400,2977.12,3012.61,2958.47,3001.02
1720252800,3001.02,3011.67,2982.41,3002.17
1720267200,3002.17,3027.35,2985.46,3016.33
1720281600,3016.33,3063.78,3012.33,3054.64
1720296000,3054.62,3077.69,3052.67,3063.36
1720310400,3063.36,3069.82,3035.35,3047.7
1720324800,3047.7,3047.71,2989.3,3000.78
1720339200,3000.78,3028.94,3000.62,3011.65
1720353600,3011.65,3020.97,2951.6,2967.69
1720368000,2967.67,3006.68,2960.44,2981.96
1720382400,2981.96,2997.38,2919.54,2928.18
1720396800,2928.16,2948.85,2819.34,2875.97
1720411200,2875.96,2929.49,2871.59,2923.65
1720425600,2923.65,3093.98,2918.95,3050.44
1720440000,3050.44,3060.28,2887.35,2965.74
1720454400,2965.54,3006.08,2941.46,3000.71
1720468800,3000.94,3042.57,2981.04,3015.07
1720483200,3015.07,3073.29,3000.12,3060.33
1720497600,3060.51,3086.94,3048.51,3058.12
1720512000,3058.14,3111.34,3050.98,3079.8
1720526400,3079.8,3108.68,3032.76,3063.99
1720540800,3064.13,3086.1,3042.56,3065.36
1720555200,3065.47,3075.31,3043.34,3063.0
1720569600,3062.99,3078.88,3020.32,3076.48
1720584000,3076.35,3127.75,3076.35,3093.66
1720598400,3093.68,3105.79,3074.59,3098.74
1720612800,3098.72,3126.25,3075.0,3119.06
1720627200,3119.04,3147.73,3087.03,3103.62
1720641600,3103.62,3109.49,3076.39,3097.34
1720656000,3097.34,3127.35,3050.74,3073.4
1720670400,3073.32,3120.26,3070.32,3114.56
1720684800,3114.54,3153.35,3110.65,3143.08
1720699200,3143.08,3212.23,3101.0,3114.63
1720713600,3114.63,3145.0,3093.89,3103.69
1720728000,3103.52,3118.0,3082.29,3096.09
1720742400,3096.22,3114.54,3051.83,3082.41
1720756800,3082.41,3095.23,3053.72,3068.03
1720771200,3068.05,3081.79,3042.81,3066.56
1720785600,3066.56,3137.31,3053.96,3127.34
1720800000,3127.34,3153.98,3109.78,3112.46
1720814400,3112.46,3132.23,3086.29,3130.53
1720828800,3130.53,3137.11,3116.25,3116.83
1720843200,3116.85,3138.75,3109.46,3136.24
1720857600,3136.24,3167.65,3124.8,3152.86
1720872000,3152.85,3161.57,3136.11,3151.22
1720886400,3151.21,3162.08,3142.65,3159.7
1720900800,3159.71,3198.6,3139.27,3172.16
1720915200,3171.83,3189.86,3159.3,3168.58
1720929600,3168.54,3202.82,3167.55,3192.04
1720944000,3192.04,3222.13,3192.04,3199.06
1720958400,3199.12,3200.77,3170.01,3186.88
1720972800,3186.88,3194.17,3179.52,3186.98
1720987200,3186.97,3264.29,3186.17,3241.25
1721001600,3241.27,3338.99,3230.0,3324.97
1721016000,3324.97,3365.51,3316.67,3352.26
1721030400,3352.28,3369.0,3323.88,3336.25
1721044800,3336.25,3391.34,3329.41,3363.97
1721059200,3363.97,3427.83,3354.01,3402.78
1721073600,3402.78,3491.98,3400.23,3479.55
1721088000,3479.53,3494.91,3450.21,3466.04
1721102400,3466.02,3475.43,3368.56,3373.09
1721116800,3373.09,3421.64,3342.07,3415.45
1721131200,3415.47,3482.3,3371.67,3473.13
1721145600,3473.11,3492.0,3437.88,3470.94
1721160000,3470.94,3471.74,3410.08,3440.08
1721174400,3440.09,3513.77,3437.87,3476.47
1721188800,3476.47,3510.61,3467.97,3482.87
1721203200,3482.89,3497.25,3439.29,3446.3
1721217600,3446.31,3472.0,3428.28,3433.39
1721232000,3433.41,3435.56,3372.49,3413.3
1721246400,3413.28,3424.52,3382.08,3383.73
1721260800,3383.75,3437.77,3379.56,3427.48
1721275200,3427.76,3450.7,3405.04,3429.2
1721289600,3429.2,3456.73,3427.29,3454.81
1721304000,3454.81,3485.49,3380.54,3385.44
1721318400,3385.46,3420.51,3362.92,3402.11
1721332800,3402.11,3433.37,3393.14,3422.62
1721347200,3422.62,3429.08,3380.97,3425.89
1721361600,3425.89,3447.26,3382.62,3388.25
1721376000,3388.24,3407.53,3372.64,3400.32
1721390400,3400.3,3470.83,3392.5,3460.75
1721404800,3460.98,3537.87,3460.44,3518.73
1721419200,3518.73,3520.01,3490.0,3500.19
1721433600,3500.17,3505.51,3475.7,3491.11
1721448000,3491.11,3504.96,3483.57,3483.71
1721462400,3483.71,3491.39,3476.42,3481.62
1721476800,3481.62,3504.1,3477.12,3499.24
1721491200,3499.26,3536.63,3487.0,3510.76
1721505600,3510.76,3522.71,3496.38,3513.36
1721520000,3513.36,3524.93,3500.06,3506.48
1721534400,3506.5,3509.77,3472.84,3481.52
1721548800,3481.52,3503.23,3480.08,3494.79
1721563200,3494.79,3513.77,3478.11,3495.62
1721577600,3495.62,3522.76,3406.71,3487.16
1721592000,3487.18,3543.8,3478.98,3531.97
1721606400,3532.16,3559.71,3511.98,3513.73
1721620800,3513.73,3520.72,3455.09,3474.3
1721635200,3474.28,3499.24,3464.54,3496.37
1721649600,3496.19,3502.99,3431.5,3451.74
1721664000,3451.75,3495.2,3441.06,3494.58
1721678400,3494.56,3496.45,3418.28,3435.63
1721692800,3435.63,3486.86,3431.68,3471.49
1721707200,3471.47,3480.04,3422.0,3450.84
1721721600,3450.86,3537.46,3448.03,3511.45
1721736000,3511.47,3514.26,3426.31,3450.37
1721750400,3450.07,3492.81,3388.89,3453.24
1721764800,3453.26,3501.64,3451.12,3478.44
1721779200,3478.44,3483.8,3423.32,3444.11
1721793600,3444.09,3448.45,3425.91,3442.95
1721808000,3442.98,3468.75,3438.77,3455.84
1721822400,3455.86,3468.16,3405.2,3411.77
1721836800,3411.96,3429.35,3352.45,3359.24
1721851200,3359.16,3374.93,3287.14,3331.99
1721865600,3331.78,3338.83,3150.0,3164.49
1721880000,3164.28,3190.07,3125.0,3168.37
1721894400,3168.35,3183.96,3150.76,3168.48
1721908800,3168.48,3180.4,3101.0,3138.16
1721923200,3138.16,3168.59,3096.56,3119.67
1721937600,3119.48,3195.98,3083.29,3171.18
1721952000,3171.18,3256.69,3167.0,3233.2
1721966400,3233.33,3272.72,3230.12,3246.99
1721980800,3247.18,3260.1,3231.11,3243.18
1721995200,3243.28,3267.92,3217.06,3251.4
1722009600,3251.42,3282.45,3238.6,3270.7
1722024000,3270.88,3282.9,3247.81,3271.02
1722038400,3271.02,3271.26,3238.36,3241.03
1722052800,3241.03,3273.98,3240.21,3268.3
1722067200,3268.28,3278.99,3260.0,3274.76
1722081600,3274.76,3324.12,3267.0,3277.89
1722096000,3277.87,3288.7,3225.0,3257.51
1722110400,3257.51,3290.0,3187.16,3245.56
1722124800,3245.56,3252.83,3222.2,3234.5
1722139200,3234.52,3240.89,3194.16,3224.1
1722153600,3224.12,3262.87,3212.14,3252.88
1722168000,3253.0,3276.8,3250.52,3265.12
1722182400,3265.14,3280.81,3258.23,3267.82
1722196800,3267.82,3269.9,3247.01,3266.37
1722211200,3266.35,3353.0,3263.09,3345.46
1722225600,3345.46,3386.36,3336.91,3363.97
1722240000,3363.95,3393.69,3359.55,3371.93
1722254400,3371.93,3383.81,3286.04,3304.05
1722268800,3304.05,3319.73,3253.89,3307.79
1722283200,3307.79,3349.52,3305.71,3314.4
1722297600,3314.38,3334.58,3277.9,3316.59
1722312000,3316.59,3350.7,3294.27,3337.26
1722326400,3337.26,3352.21,3323.52,3331.25
1722340800,3330.99,3362.68,3288.16,3317.55
1722355200,3317.55,3324.4,3256.28,3268.8
1722369600,3268.98,3281.77,3229.49,3275.64
1722384000,3275.64,3301.04,3258.47,3290.17
1722398400,3290.17,3328.9,3259.1,3313.47
1722412800,3313.48,3323.89,3304.0,3319.45
1722427200,3319.47,3346.39,3293.76,3299.02
1722441600,3299.22,3323.68,3241.35,3262.94
1722456000,3262.74,3267.75,3209.96,3229.45
1722470400,3229.43,3239.11,3168.47,3175.09
1722484800,3175.08,3186.3,3133.0,3162.84
1722499200,3162.84,3190.58,3161.66,3184.63
1722513600,3184.84,3203.74,3098.61,3112.69
1722528000,3113.46,3132.31,3076.37,3127.87
1722542400,3127.87,3214.99,3117.62,3199.67
1722556800,3199.59,3214.56,3132.57,3164.69
1722571200,3164.43,3172.45,3122.8,3143.34
1722585600,3143.34,3163.71,3131.55,3149.96
1722600000,3149.76,3179.68,2981.01,3035.0
1722614400,3035.0,3045.0,2991.18,3008.75
1722628800,3008.75,3038.35,2965.0,2986.43
1722643200,2986.41,3000.8,2910.04,2978.52
1722657600,2978.52,2993.04,2957.39,2980.39
1722672000,2980.39,3003.23,2971.86,2994.1
1722686400,2994.1,3015.76,2935.01,2939.06
1722700800,2939.03,2952.32,2874.63,2890.92
1722715200,2890.92,2919.2,2855.86,2900.07
1722729600,2900.07,2932.12,2873.0,2912.78
1722744000,2912.76,2918.99,2884.0,2889.87
1722758400,2889.87,2922.03,2873.83,2910.87
1722772800,2910.85,2922.48,2817.0,2824.4
1722787200,2824.74,2835.0,2613.95,2753.89
1722801600,2753.55,2768.48,2677.85,2685.85
1722816000,2685.87,2694.49,2077.8,2311.36
1722830400,2311.36,2382.68,2151.0,2354.55
1722844800,2354.55,2360.17,2223.86,2290.26
1722859200,2290.55,2460.15,2182.89,2449.95
1722873600,2449.81,2517.33,2363.44,2404.58
1722888000,2404.21,2474.75,2401.54,2419.0
1722902400,2419.0,2546.69,2414.96,2491.25
1722916800,2491.27,2534.04,2477.27,2521.65
1722931200,2521.65,2523.0,2438.02,2456.62
1722945600,2456.62,2553.57,2412.99,2526.4
1722960000,2526.35,2547.47,2479.8,2492.83
1722974400,2492.83,2513.66,2446.42,2460.33
1722988800,2460.13,2529.14,2425.19,2506.55
1723003200,2506.15,2534.11,2484.43,2511.08
1723017600,2511.1,2551.27,2471.46,2473.27
1723032000,2473.7,2486.48,2363.64,2411.82
1723046400,2411.89,2415.3,2325.42,2350.84
1723060800,2350.84,2369.27,2306.66,2342.07
1723075200,2341.7,2464.85,2320.0,2429.24
1723089600,2429.24,2444.64,2410.93,2413.47
1723104000,2413.49,2459.92,2407.31,2446.79
1723118400,2447.07,2526.44,2411.0,2506.37
1723132800,2506.37,2608.55,2503.1,2573.37
1723147200,2573.37,2725.67,2566.67,2682.31
1723161600,2682.16,2702.99,2645.79,2693.38
1723176000,2693.4,2706.53,2647.87,2669.66
1723190400,2669.66,2680.92,2617.22,2633.95
1723204800,2633.93,2663.8,2555.7,2557.37
1723219200,2557.37,2608.65,2551.34,2589.81
1723233600,2589.93,2612.67,2560.38,2597.55
1723248000,2597.57,2644.22,2574.86,2601.13
1723262400,2601.11,2636.34,2586.94,2632.81
1723276800,2632.83,2642.19,2621.63,2635.74
1723291200,2635.74,2636.76,2595.69,2598.56
1723305600,2598.77,2621.91,2588.65,2601.42
1723320000,2601.4,2616.97,2595.0,2608.86
1723334400,2608.84,2668.69,2604.62,2644.98
1723348800,2644.98,2681.45,2632.38,2675.92
1723363200,2675.94,2718.41,2643.6,2651.71
1723377600,2651.73,2655.02,2593.0,2613.11
1723392000,2612.93,2645.91,2596.0,2598.93
1723406400,2598.91,2602.93,2539.21,2554.95
1723420800,2554.93,2577.53,2504.94,2540.6
1723435200,2540.28,2582.23,2515.71,2566.31
1723449600,2566.31,2683.27,2557.31,2672.66
1723464000,2672.84,2722.68,2591.48,2688.89
1723478400,2688.54,2698.43,2627.17,2659.9
1723492800,2659.9,2750.87,2658.04,2722.3
1723507200,2722.28,2737.35,2649.23,2655.59
1723521600,2655.58,2663.54,2634.41,2647.74
1723536000,2647.72,2657.83,2609.0,2643.51
1723550400,2643.51,2674.16,2630.0,2650.96
1723564800,2650.95,2729.9,2648.89,2710.08
1723579200,2710.17,2734.04,2692.07,2702.2
1723593600,2702.22,2725.28,2684.42,2708.98
1723608000,2709.06,2749.85,2707.33,2726.85
1723622400,2726.83,2762.35,2713.84,2748.65
1723636800,2748.67,2783.57,2631.09,2672.26
1723651200,2672.17,2672.28,2639.16,2666.84
1723665600,2666.83,2678.0,2638.62,2659.45
1723680000,2659.43,2671.94,2631.35,2650.85
1723694400,2650.87,2654.92,2587.56,2613.66
1723708800,2613.71,2642.68,2604.31,2635.84
1723723200,2635.8,2673.53,2631.24,2666.17
1723737600,2666.17,2673.18,2520.0,2547.81
1723752000,2547.6,2587.7,2515.02,2569.04
1723766400,2569.02,2608.91,2550.7,2579.62
1723780800,2579.62,2627.87,2577.43,2615.97
1723795200,2615.95,2625.26,2605.07,2611.49
1723809600,2611.67,2618.41,2549.33,2568.25
1723824000,2567.97,2630.0,2563.53,2620.17
1723838400,2620.32,2626.04,2586.56,2593.12
1723852800,2593.14,2608.35,2587.48,2596.28
1723867200,2596.28,2604.13,2591.02,2600.3
1723881600,2600.28,2607.64,2593.2,2599.19
1723896000,2598.9,2618.73,2596.57,2606.76
1723910400,2606.76,2630.13,2606.67,2614.9
1723924800,2614.9,2617.88,2599.01,2613.93
1723939200,2613.91,2638.4,2604.79,2606.58
1723953600,2606.58,2610.7,2594.14,2607.35
1723968000,2607.14,2667.3,2604.95,2649.35
1723982400,2649.37,2687.85,2643.13,2672.61
1723996800,2672.61,2678.98,2643.83,2668.61
1724011200,2668.61,2671.09,2611.0,2612.91
1724025600,2612.91,2646.87,2604.07,2643.88
1724040000,2643.88,2647.92,2610.1,2613.7
1724054400,2613.72,2621.95,2566.74,2586.91
1724068800,2586.7,2602.44,2562.24,2582.49
1724083200,2582.48,2627.84,2571.7,2605.72
1724097600,2605.71,2639.7,2602.93,2635.08
1724112000,2635.06,2676.15,2618.37,2662.34
1724126400,2662.32,2696.33,2656.29,2674.53
1724140800,2674.37,2675.49,2638.53,2641.43
1724155200,2641.43,2655.45,2553.36,2573.45
1724169600,2573.43,2604.56,2564.04,2599.84
1724184000,2599.84,2607.5,2562.42,2570.76
1724198400,2570.52,2596.0,2554.49,2589.22
1724212800,2589.22,2605.82,2586.12,2599.82
1724227200,2599.82,2607.6,2566.67,2576.25
1724241600,2576.23,2616.0,2533.66,2601.58
1724256000,2601.59,2649.94,2591.31,2646.28
1724270400,2646.28,2663.84,2619.88,2631.63
1724284800,2631.63,2640.62,2584.37,2615.65
1724299200,2615.65,2641.4,2612.73,2635.2
1724313600,2635.2,2643.28,2618.23,2640.68
1724328000,2640.29,2643.46,2590.01,2598.32
1724342400,2598.3,2617.75,2596.27,2605.91
1724356800,2605.93,2626.94,2605.52,2622.01
1724371200,2622.14,2652.47,2620.38,2634.66
1724385600,2634.68,2690.0,2633.79,2668.38
1724400000,2668.38,2679.35,2650.04,2651.48
1724414400,2651.48,2697.87,2630.75,2668.87
1724428800,2668.87,2750.72,2661.11,2746.41
1724443200,2746.4,2801.46,2744.41,2763.26
1724457600,2763.26,2770.28,2742.57,2746.82
1724472000,2746.79,2765.35,2738.41,2758.11
1724486400,2757.91,2784.4,2755.06,2756.35
1724500800,2756.33,2765.06,2752.14,2760.57
1724515200,2760.55,2818.92,2759.34,2791.62
1724529600,2791.6,2806.39,2729.42,2768.08
1724544000,2768.07,2782.45,2748.01,2764.04
1724558400,2764.09,2769.77,2732.16,2742.72
1724572800,2742.53,2760.46,2736.7,2750.84
1724587200,2750.82,2772.22,2745.64,2763.34
1724601600,2763.36,2773.28,2759.48,2765.65
1724616000,2765.63,2794.55,2738.51,2745.28
1724630400,2745.55,2761.34,2718.37,2743.4
1724644800,2743.38,2751.78,2727.82,2732.58
1724659200,2732.6,2747.92,2711.0,2736.52
1724673600,2736.53,2741.63,2702.81,2720.77
1724688000,2720.62,2732.08,2674.72,2680.26
1724702400,2680.42,2692.12,2665.04,2679.47
1724716800,2679.49,2693.02,2665.95,2684.1
1724731200,2684.21,2698.42,2672.0,2686.15
1724745600,2686.15,2690.29,2617.1,2625.84
1724760000,2625.82,2628.4,2552.35,2576.95
1724774400,2576.95,2589.62,2562.0,2581.73
1724788800,2581.75,2586.49,2388.85,2455.37
1724803200,2455.37,2478.0,2416.71,2476.03
1724817600,2476.14,2483.72,2432.29,2436.13
1724832000,2436.49,2549.0,2427.56,2522.0
1724846400,2522.0,2537.84,2467.35,2495.5
1724860800,2495.46,2545.98,2455.75,2504.03
1724875200,2504.03,2554.02,2504.03,2527.5
1724889600,2527.45,2537.06,2510.98,2522.56
1724904000,2522.56,2558.57,2518.0,2546.28
1724918400,2546.28,2573.41,2537.41,2553.93
1724932800,2553.93,2594.93,2550.92,2574.99
1724947200,2575.01,2584.72,2509.95,2528.48
1724961600,2528.5,2543.51,2505.8,2527.48
1724976000,2527.5,2535.82,2503.26,2515.81
1724990400,2515.81,2531.24,2502.11,2514.81
1725004800,2514.81,2526.21,2505.05,2510.22
1725019200,2510.2,2552.73,2432.65,2446.23
1725033600,2446.49,2540.66,2429.01,2506.11
1725048000,2506.03,2529.93,2505.08,2525.23
1725062400,2525.01,2532.2,2518.54,2523.37
1725076800,2523.35,2529.41,2517.71,2520.77
1725091200,2520.85,2529.41,2510.84,2525.22
1725105600,2525.22,2527.68,2513.38,2518.93
1725120000,2519.02,2519.71,2491.21,2498.44
1725134400,2498.27,2527.24,2492.4,2511.8
1725148800,2511.8,2515.26,2475.36,2487.6
1725163200,2487.6,2489.97,2457.07,2485.01
1725177600,2485.0,2491.67,2458.01,2476.42
1725192000,2476.4,2488.43,2435.83,2479.57
1725206400,2479.37,2513.59,2455.77,2500.89
1725220800,2500.91,2515.36,2397.51,2425.17
1725235200,2425.14,2455.0,2422.99,2449.4
1725249600,2449.46,2466.0,2433.02,2441.21
1725264000,2441.19,2537.82,2438.43,2514.75
1725278400,2514.75,2527.77,2491.11,2512.58
1725292800,2512.57,2530.32,2504.71,2523.25
1725307200,2523.25,2564.23,2520.8,2536.25
1725321600,2536.41,2552.43,2514.61,2515.94
1725336000,2515.89,2525.49,2511.67,2519.47
1725350400,2519.14,2520.11,2493.14,2508.22
1725364800,2508.11,2518.0,2434.04,2442.55
1725379200,2442.57,2467.23,2433.28,2445.94
1725393600,2446.28,2467.8,2409.0,2423.35
1725408000,2423.36,2448.14,2303.0,2371.38
1725422400,2371.37,2412.96,2362.46,2399.55
1725436800,2399.57,2409.3,2384.36,2398.06
1725451200,2398.05,2457.69,2392.01,2454.18
1725465600,2453.58,2489.28,2438.07,2451.61
1725480000,2451.59,2468.77,2441.6,2449.59
1725494400,2449.61,2465.26,2404.0,2405.37
1725508800,2405.37,2418.69,2375.38,2411.12
1725523200,2410.98,2415.06,2381.49,2388.62
1725537600,2388.62,2414.12,2353.27,2368.93
1725552000,2369.27,2393.65,2346.0,2361.89
1725566400,2361.69,2376.61,2348.25,2366.91
1725580800,2366.93,2406.75,2355.25,2390.83
1725595200,2390.83,2395.93,2318.42,2342.38
1725609600,2342.45,2378.13,2336.18,2371.55
1725624000,2371.55,2407.29,2264.16,2288.44
1725638400,2288.44,2291.88,2204.96,2220.44
1725652800,2220.06,2228.16,2147.16,2222.52
1725667200,2222.54,2240.08,2218.83,2235.33
1725681600,2235.31,2292.0,2234.61,2286.55
1725696000,2286.2,2298.95,2273.47,2282.57
1725710400,2282.57,2310.17,2280.23,2299.17
1725724800,2299.15,2303.53,2262.03,2288.97
1725739200,2288.8,2290.07,2255.56,2272.25
1725753600,2272.11,2287.53,2261.61,2284.75
1725768000,2284.75,2304.06,2282.41,2293.33
1725782400,2293.33,2307.87,2286.39,2294.11
1725796800,2294.11,2297.28,2238.33,2243.78
1725811200,2243.88,2281.47,2241.16,2269.99
1725825600,2269.7,2331.87,2265.02,2295.76
1725840000,2295.55,2319.12,2286.9,2303.0
1725854400,2302.98,2314.37,2280.84,2311.79
1725868800,2311.79,2336.78,2307.38,2313.26
1725883200,2313.26,2323.76,2270.7,2290.97
1725897600,2290.81,2351.45,2289.27,2348.98
1725912000,2348.59,2380.0,2335.12,2356.96
1725926400,2357.45,2358.08,2333.53,2339.55
1725940800,2339.56,2365.61,2328.4,2362.07
1725955200,2362.07,2370.89,2337.48,2349.26
1725969600,2349.24,2362.4,2319.01,2323.76
1725984000,2324.15,2391.19,2323.02,2379.92
1725998400,2379.9,2399.04,2370.64,2387.19
1726012800,2387.19,2388.06,2337.12,2347.07
1726027200,2347.07,2347.07,2318.21,2339.99
1726041600,2339.8,2340.39,2305.62,2326.58
1726056000,2326.58,2354.56,2276.09,2324.97
1726070400,2324.81,2367.44,2323.99,2338.44
1726084800,2338.63,2350.0,2331.1,2338.99
1726099200,2338.79,2390.97,2338.01,2366.28
1726113600,2366.41,2378.13,2351.28,2358.36
1726128000,2358.35,2365.19,2342.3,2347.07
1726142400,2347.11,2365.64,2312.73,2321.03
1726156800,2321.01,2359.88,2320.18,2359.1
1726171200,2359.08,2372.62,2339.12,2359.87
1726185600,2359.75,2362.82,2348.25,2354.37
1726200000,2354.3,2357.36,2336.0,2347.28
1726214400,2347.33,2374.52,2340.01,2352.47
1726228800,2352.47,2410.49,2340.66,2405.7
1726243200,2405.38,2427.66,2393.73,2419.99
1726257600,2420.12,2465.64,2411.87,2438.28
1726272000,2438.3,2439.61,2421.26,2431.07
1726286400,2430.92,2431.96,2412.15,2418.98
1726300800,2418.96,2420.7,2406.88,2416.17
1726315200,2416.17,2422.36,2410.62,2416.9
1726329600,2416.92,2419.89,2373.16,2407.35
1726344000,2407.33,2421.34,2405.2,2416.09
1726358400,2416.07,2429.2,2414.62,2418.38
1726372800,2418.36,2422.25,2411.76,2420.82
1726387200,2420.81,2421.16,2400.14,2405.19
1726401600,2405.19,2417.44,2393.8,2406.05
1726416000,2406.03,2406.55,2358.77,2369.48
1726430400,2369.48,2369.48,2278.54,2313.68
1726444800,2313.68,2319.98,2250.0,2276.33
1726459200,2276.33,2310.01,2274.21,2307.7
1726473600,2307.7,2333.3,2285.21,2305.55
1726488000,2305.55,2310.0,2265.49,2285.06
1726502400,2285.05,2308.92,2266.73,2273.07
1726516800,2272.65,2299.57,2265.44,2293.23
1726531200,2293.21,2297.37,2261.31,2281.97
1726545600,2281.99,2308.65,2280.23,2306.54
1726560000,2306.88,2321.32,2300.0,2305.71
1726574400,2305.69,2391.85,2300.25,2381.39
1726588800,2381.29,2387.77,2326.03,2351.66
1726603200,2351.64,2362.06,2326.66,2340.34
1726617600,2340.34,2341.17,2308.01,2333.35
1726632000,2333.36,2334.78,2311.04,2328.26
1726646400,2328.24,2328.26,2275.0,2298.38
1726660800,2298.53,2316.61,2285.38,2293.92
1726675200,2293.92,2363.04,2286.3,2312.45
1726689600,2312.45,2375.0,2286.3,2373.63
1726704000,2373.84,2412.15,2371.21,2402.49
1726718400,2402.48,2441.42,2397.93,2436.3
1726732800,2436.3,2440.82,2421.05,2433.25
1726747200,2433.01,2451.13,2418.36,2438.36
1726761600,2438.38,2493.97,2431.36,2459.4
1726776000,2459.4,2477.87,2451.46,2464.05
1726790400,2464.05,2520.67,2436.47,2519.07
1726804800,2518.28,2569.73,2514.9,2558.23
1726819200,2558.27,2562.22,2537.58,2542.85
1726833600,2542.6,2568.68,2515.15,2558.57
1726848000,2558.68,2567.67,2523.79,2538.84
1726862400,2538.92,2560.39,2536.31,2559.38
1726876800,2559.39,2585.85,2531.08,2541.3
1726891200,2541.3,2555.99,2526.47,2553.04
1726905600,2553.06,2554.63,2541.69,2553.71
1726920000,2553.69,2574.07,2546.94,2556.67
1726934400,2556.69,2576.04,2553.0,2569.21
1726948800,2569.21,2622.43,2557.02,2610.33
1726963200,2610.34,2630.17,2585.02,2592.29
1726977600,2592.31,2601.9,2573.0,2584.93
1726992000,2584.93,2592.98,2566.6,2577.94
1727006400,2577.96,2585.0,2551.67,2567.99
1727020800,2567.7,2589.66,2550.0,2575.28
1727035200,2575.26,2591.43,2520.86,2578.18
1727049600,2578.39,2685.0,2535.25,2674.38
1727064000,2674.36,2678.27,2634.15,2644.17
1727078400,2644.25,2660.0,2631.66,2644.49
1727092800,2644.49,2682.74,2628.94,2673.44
1727107200,2673.44,2702.06,2655.56,2672.7
1727121600,2672.79,2682.23,2638.74,2645.62
1727136000,2645.68,2650.08,2608.79,2625.82
1727150400,2625.82,2647.13,2617.2,2644.67
1727164800,2644.67,2665.34,2633.25,2635.54
1727179200,2635.86,2645.11,2590.01,2610.01
1727193600,2610.01,2654.59,2608.15,2647.54
1727208000,2647.65,2669.17,2636.93,2650.51
1727222400,2650.63,2672.86,2629.16,2643.58
1727236800,2643.58,2643.81,2608.0,2618.87
1727251200,2618.87,2628.41,2611.2,2624.71
1727265600,2624.73,2626.47,2592.73,2597.68
1727280000,2597.68,2606.47,2561.92,2567.97
1727294400,2567.71,2582.08,2552.0,2577.8
1727308800,2577.82,2604.52,2556.17,2599.36
1727323200,2599.36,2631.67,2588.93,2626.25
1727337600,2626.23,2636.27,2609.35,2626.92
1727352000,2626.93,2662.15,2606.38,2650.22
1727366400,2650.26,2665.76,2625.12,2648.56
1727380800,2648.93,2654.73,2616.02,2631.39
1727395200,2631.57,2644.68,2613.13,2636.68
1727409600,2636.55,2669.76,2634.7,2656.72
1727424000,2656.56,2677.39,2640.8,2651.37
1727438400,2651.18,2699.98,2641.54,2682.97
1727452800,2683.1,2728.32,2677.56,2701.44
1727467200,2701.02,2707.36,2688.85,2693.64
1727481600,2693.67,2703.58,2686.45,2689.89
1727496000,2689.91,2699.73,2673.11,2676.25
1727510400,2676.27,2677.05,2648.55,2672.48
1727524800,2672.48,2675.44,2650.9,2668.75
1727539200,2668.77,2682.0,2661.1,2675.12
1727553600,2675.1,2678.19,2653.26,2673.07
1727568000,2673.22,2681.57,2661.02,2672.23
1727582400,2672.34,2672.38,2632.98,2638.8
1727596800,2638.8,2653.94,2632.4,2649.93
1727611200,2649.93,2666.98,2638.06,2663.15
1727625600,2663.15,2669.27,2646.92,2663.8
1727640000,2663.82,2670.57,2644.52,2654.81
1727654400,2654.89,2660.79,2598.03,2626.51
1727668800,2626.51,2640.48,2620.0,2634.64
1727683200,2634.66,2640.19,2588.93,2626.3
1727697600,2626.3,2636.06,2591.0,2592.96
1727712000,2592.96,2607.37,2571.69,2592.29
1727726400,2591.96,2614.44,2573.64,2599.52
1727740800,2599.5,2631.0,2588.53,2627.67
1727755200,2627.65,2656.5,2625.07,2642.98
1727769600,2642.98,2644.68,2626.8,2626.84
1727784000,2626.84,2631.31,2478.25,2522.5
1727798400,2522.36,2529.46,2424.22,2485.69
1727812800,2485.75,2489.91,2409.9,2444.87
1727827200,2444.7,2496.62,2439.26,2486.66
1727841600,2486.66,2489.99,2463.6,2479.55
1727856000,2479.55,2484.89,2439.06,2452.13
1727870400,2452.15,2460.57,2415.85,2457.36
1727884800,2457.36,2475.0,2365.27,2369.5
1727899200,2369.68,2390.16,2349.01,2361.18
1727913600,2361.18,2398.21,2350.17,2397.01
1727928000,2397.01,2401.23,2357.25,2362.98
1727942400,2362.88,2368.57,2316.76,2350.33
1727956800,2350.33,2364.31,2307.65,2338.29
1727971200,2338.31,2352.28,2309.0,2351.27
1727985600,2351.27,2355.63,2330.27,2347.18
1728000000,2347.16,2377.71,2336.55,2365.1
1728014400,2365.08,2384.5,2363.6,2378.62
1728028800,2378.61,2391.0,2371.65,2383.56
1728043200,2383.69,2416.6,2349.8,2415.54
1728057600,2415.54,2440.19,2407.32,2427.11
1728072000,2427.22,2429.57,2410.51,2412.5
1728086400,2412.5,2426.34,2387.51,2397.27
1728100800,2397.29,2425.75,2394.79,2413.6
1728115200,2413.58,2426.74,2413.44,2415.76
1728129600,2415.74,2422.84,2403.0,2412.25
1728144000,2412.25,2413.59,2390.0,2394.19
1728158400,2394.17,2417.1,2387.17,2412.66
1728172800,2412.98,2421.8,2405.53,2412.23
1728187200,2412.25,2419.99,2408.29,2415.59
1728201600,2415.59,2428.29,2413.98,2423.64
1728216000,2423.66,2456.0,2421.76,2445.06
1728230400,2445.06,2451.42,2433.99,2440.31
1728244800,2440.31,2445.03,2412.63,2437.14
1728259200,2436.8,2510.8,2432.63,2492.77
1728273600,2492.84,2496.22,2474.01,2477.48
1728288000,2477.5,2486.29,2435.0,2473.44
1728302400,2473.34,2518.94,2460.0,2471.39
1728316800,2471.39,2478.63,2417.09,2442.67
1728331200,2442.66,2454.79,2400.12,2419.57
1728345600,2419.58,2445.94,2419.58,2435.72
1728360000,2435.72,2443.07,2407.11,2425.65
1728374400,2425.65,2438.68,2414.24,2436.32
1728388800,2436.34,2450.17,2398.29,2416.5
1728403200,2416.5,2453.18,2408.2,2437.51
1728417600,2437.65,2463.47,2430.85,2437.68
1728432000,2437.66,2469.72,2424.08,2444.13
1728446400,2443.92,2451.7,2430.13,2434.53
1728460800,2434.51,2440.26,2424.76,2439.54
1728475200,2439.56,2469.43,2420.49,2458.36
1728489600,2458.24,2459.71,2404.49,2415.6
1728504000,2415.33,2415.33,2348.19,2367.87
1728518400,2367.78,2398.02,2364.24,2392.56
1728532800,2392.56,2408.72,2388.51,2392.68
1728547200,2392.68,2405.0,2366.0,2403.54
1728561600,2403.54,2406.41,2367.34,2402.19
1728576000,2402.19,2418.53,2327.61,2364.44
1728590400,2364.33,2384.62,2355.15,2383.35
1728604800,2383.35,2414.62,2379.15,2408.36
1728619200,2408.4,2416.06,2400.46,2404.5
1728633600,2404.47,2423.9,2399.76,2415.21
1728648000,2415.21,2451.44,2411.75,2440.97
1728662400,2441.07,2469.04,2430.63,2456.68
1728676800,2456.83,2459.62,2430.98,2437.11
1728691200,2437.13,2448.79,2431.93,2436.47
1728705600,2436.47,2449.28,2436.47,2443.7
1728720000,2443.7,2465.49,2439.5,2449.79
1728734400,2449.8,2481.81,2445.59,2470.52
1728748800,2470.5,2484.07,2463.76,2469.53
1728763200,2469.53,2487.96,2465.95,2473.62
1728777600,2473.62,2482.52,2450.55,2455.04
1728792000,2454.99,2466.23,2454.31,2462.1
1728806400,2462.08,2469.02,2454.85,2455.55
1728820800,2455.57,2467.31,2433.7,2437.76
1728835200,2437.76,2459.93,2435.09,2455.53
1728849600,2455.53,2482.01,2450.14,2466.19
1728864000,2466.31,2523.2,2440.27,2518.25
1728878400,2518.07,2545.91,2508.58,2532.73
1728892800,2532.75,2544.33,2517.07,2535.01
1728907200,2535.2,2641.21,2531.74,2632.67
1728921600,2632.66,2638.09,2612.49,2618.7
1728936000,2618.7,2651.63,2613.35,2627.02
1728950400,2627.02,2634.81,2606.35,2609.6
1728964800,2609.6,2621.49,2587.22,2612.71
1728979200,2613.23,2620.41,2576.96,2583.43
1728993600,2583.61,2686.69,2534.0,2570.28
1729008000,2570.62,2617.34,2568.21,2589.09
1729022400,2589.09,2605.85,2560.23,2604.54
1729036800,2604.54,2629.0,2586.11,2614.51
1729051200,2614.42,2621.56,2595.29,2603.78
1729065600,2603.76,2639.7,2601.93,2626.96
1729080000,2627.36,2644.73,2592.1,2604.65
1729094400,2604.65,2625.38,2588.14,2612.01
1729108800,2611.89,2625.5,2605.66,2608.18
1729123200,2608.2,2642.82,2607.25,2638.27
1729137600,2638.27,2646.15,2617.0,2626.04
1729152000,2626.04,2628.28,2593.31,2595.48
1729166400,2595.46,2629.99,2580.69,2627.83
1729180800,2627.71,2628.5,2573.0,2592.67
1729195200,2592.45,2612.22,2591.62,2602.68
1729209600,2602.68,2649.0,2593.06,2606.74
1729224000,2606.68,2643.79,2605.86,2642.23
1729238400,2642.23,2648.6,2617.54,2618.86
1729252800,2618.84,2660.91,2609.64,2650.06
1729267200,2650.03,2674.0,2626.22,2648.84
1729281600,2649.21,2650.05,2630.22,2639.26
1729296000,2639.27,2661.04,2632.2,2643.87
1729310400,2643.9,2648.37,2636.23,2639.51
1729324800,2639.49,2647.44,2628.18,2628.4
1729339200,2628.42,2652.39,2628.18,2643.6
1729353600,2643.6,2645.86,2634.89,2640.74
1729368000,2640.74,2654.42,2640.0,2647.5
1729382400,2647.5,2652.7,2634.82,2638.73
1729396800,2638.71,2649.54,2636.37,2645.26
1729411200,2645.29,2650.44,2642.01,2648.45
1729425600,2648.45,2719.89,2639.8,2705.11
1729440000,2705.11,2708.66,2684.89,2698.04
1729454400,2698.0,2758.4,2694.97,2744.95
1729468800,2744.93,2768.61,2723.71,2731.78
1729483200,2731.69,2742.89,2718.41,2719.39
1729497600,2719.57,2727.08,2698.85,2701.9
1729512000,2702.02,2708.4,2655.03,2676.52
1729526400,2676.52,2681.27,2652.05,2676.73
1729540800,2676.74,2680.76,2662.06,2663.7
1729555200,2663.72,2668.72,2608.56,2641.46
1729569600,2641.41,2656.71,2632.31,2643.44
1729584000,2643.46,2646.71,2610.28,2629.85
1729598400,2629.85,2641.79,2603.12,2620.98
1729612800,2621.0,2631.05,2603.87,2625.02
1729627200,2625.01,2641.03,2615.07,2620.0
1729641600,2620.0,2624.78,2598.43,2613.94
1729656000,2613.96,2622.23,2599.74,2599.85
1729670400,2599.85,2605.36,2560.23,2578.04
1729684800,2578.04,2584.05,2526.66,2537.58
1729699200,2538.69,2539.79,2440.9,2509.39
1729713600,2509.39,2525.0,2498.69,2521.59
1729728000,2521.59,2558.72,2505.99,2541.95
1729742400,2541.93,2558.92,2537.04,2541.46
1729756800,2541.46,2548.72,2505.39,2526.64
1729771200,2526.77,2543.36,2510.2,2523.01
1729785600,2523.01,2539.21,2503.4,2536.96
1729800000,2536.81,2557.53,2524.0,2532.9
1729814400,2532.9,2536.97,2506.86,2518.72
1729828800,2518.72,2519.84,2458.89,2481.43
1729843200,2481.43,2544.47,2475.85,2542.11
1729857600,2542.13,2563.91,2505.6,2521.97
1729872000,2521.84,2534.14,2451.79,2473.68
1729886400,2473.41,2494.33,2378.66,2437.53
1729900800,2437.51,2455.0,2427.2,2449.34
1729915200,2449.34,2476.97,2448.06,2462.35
1729929600,2462.45,2476.06,2459.94,2469.67
1729944000,2469.67,2475.75,2440.42,2455.73
1729958400,2455.75,2486.56,2453.38,2485.26
1729972800,2485.33,2506.53,2478.45,2479.53
1729987200,2479.53,2482.89,2465.72,2482.32
1730001600,2482.32,2484.79,2474.9,2478.26
1730016000,2478.26,2481.74,2461.1,2466.91
1730030400,2466.91,2503.75,2464.57,2499.03
1730044800,2499.03,2509.33,2483.33,2492.08
1730059200,2492.1,2525.0,2487.88,2505.22
1730073600,2505.22,2508.99,2468.34,2474.62
1730088000,2474.42,2524.46,2470.31,2509.06
1730102400,2509.36,2542.29,2502.24,2524.16
1730116800,2524.17,2534.1,2495.3,2497.69
1730131200,2497.67,2521.68,2485.35,2503.57
1730145600,2503.79,2587.23,2502.01,2564.38
1730160000,2564.61,2629.0,2558.7,2605.07
1730174400,2605.05,2623.69,2605.05,2610.59
1730188800,2610.68,2636.43,2609.95,2628.73
1730203200,2628.61,2647.95,2608.41,2645.08
1730217600,2645.1,2679.93,2621.0,2622.17
1730232000,2622.15,2645.61,2604.35,2636.31
1730246400,2636.31,2649.84,2597.53,2639.63
1730260800,2639.65,2682.76,2634.0,2666.01
1730275200,2666.01,2694.76,2654.83,2656.69
1730289600,2656.8,2719.95,2650.52,2679.91
1730304000,2679.91,2693.57,2650.77,2652.13
1730318400,2652.08,2681.76,2633.57,2656.14
1730332800,2655.92,2666.76,2634.84,2654.46
1730347200,2654.49,2655.45,2629.05,2643.83
1730361600,2643.83,2645.39,2622.27,2635.43
1730376000,2635.43,2638.07,2538.73,2559.85
1730390400,2559.37,2561.31,2503.49,2511.29
1730404800,2511.18,2525.71,2500.0,2515.62
1730419200,2515.62,2529.86,2463.17,2500.28
1730433600,2500.28,2513.56,2482.4,2500.89
1730448000,2500.91,2523.04,2492.09,2512.49
1730462400,2512.5,2584.28,2478.57,2497.03
1730476800,2497.03,2535.45,2492.03,2511.48
1730491200,2511.53,2524.67,2481.86,2508.73
1730505600,2508.73,2520.71,2498.6,2503.8
1730520000,2503.8,2511.46,2496.3,2504.69
1730534400,2504.48,2507.68,2487.68,2499.2
1730548800,2499.2,2501.55,2467.05,2486.01
1730563200,2486.01,2495.12,2476.33,2490.04
1730577600,2490.06,2494.88,2481.97,2491.56
1730592000,2491.55,2494.02,2418.09,2447.88
1730606400,2447.9,2462.46,2440.0,2449.0
1730620800,2449.0,2461.43,2442.89,2453.5
1730635200,2453.5,2459.59,2411.71,2441.73
1730649600,2441.5,2458.72,2409.33,2451.84
1730664000,2451.84,2474.28,2445.74,2456.58
1730678400,2456.51,2490.93,2433.44,2472.49
1730692800,2472.49,2481.65,2455.9,2458.57
1730707200,2458.57,2477.08,2445.84,2468.91
1730721600,2469.33,2484.98,2430.59,2441.4
1730736000,2441.58,2445.65,2404.39,2429.58
1730750400,2429.56,2431.15,2356.3,2397.39
1730764800,2397.37,2420.65,2379.53,2419.97
1730779200,2419.68,2444.35,2416.41,2441.96
1730793600,2442.34,2447.19,2428.87,2439.6
1730808000,2439.58,2479.5,2425.59,2439.75
1730822400,2439.77,2473.56,2398.4,2406.69
1730836800,2406.67,2439.33,2399.99,2421.48
1730851200,2421.69,2635.0,2418.63,2578.91
1730865600,2578.92,2643.29,2562.0,2593.71
1730880000,2593.52,2635.0,2571.1,2627.57
1730894400,2627.57,2665.3,2606.56,2632.21
1730908800,2632.47,2686.08,2631.6,2686.06
1730923200,2685.75,2744.58,2666.41,2720.44
1730937600,2720.46,2879.93,2698.57,2851.63
1730952000,2851.74,2857.01,2779.37,2817.68
1730966400,2817.68,2828.0,2786.72,2789.83
1730980800,2789.83,2845.96,2773.0,2844.5
1730995200,2844.65,2891.29,2820.85,2882.11
1731009600,2882.8,2913.52,2861.01,2892.25
1731024000,2892.25,2953.65,2883.89,2899.74
1731038400,2899.74,2921.17,2888.75,2909.22
1731052800,2909.2,2928.29,2890.53,2911.25
1731067200,2911.25,2953.47,2899.53,2933.46
1731081600,2933.48,2980.55,2887.09,2946.29
1731096000,2946.35,2971.99,2911.89,2958.45
1731110400,2958.43,2992.75,2950.86,2962.25
1731124800,2962.25,3055.81,2950.75,3027.11
1731139200,3027.11,3052.0,3018.4,3047.74
1731153600,3047.47,3050.51,3024.42,3037.53
1731168000,3037.53,3092.0,2989.0,3067.58
1731182400,3067.58,3154.88,3062.51,3123.09
1731196800,3123.09,3148.31,3100.28,3131.44
1731211200,3131.42,3220.88,3126.65,3182.39
1731225600,3182.57,3228.43,3164.96,3217.95
1731240000,3217.79,3236.32,3165.39,3207.55
1731254400,3207.55,3246.0,3134.96,3161.2
1731268800,3161.22,3224.74,3067.82,3180.17
1731283200,3180.5,3220.0,3167.67,3191.71
1731297600,3191.7,3193.98,3102.29,3136.14
1731312000,3136.22,3209.66,3128.33,3194.95
1731326400,3194.56,3258.3,3135.84,3235.1
1731340800,3235.65,3345.0,3231.54,3298.86
1731355200,3298.26,3386.14,3278.0,3368.77
1731369600,3369.16,3372.43,3246.53,3334.01
1731384000,3333.74,3391.27,3315.0,3364.86
1731398400,3365.18,3443.27,3208.41,3280.98
1731412800,3279.89,3294.6,3207.14,3258.38
1731427200,3258.86,3303.87,3204.47,3269.92
1731441600,3270.27,3301.63,3235.16,3240.45
1731456000,3241.27,3282.48,3199.15,3204.87
1731470400,3205.64,3227.44,3112.63,3157.31
1731484800,3157.97,3188.8,3137.88,3164.23
1731499200,3164.86,3324.5,3148.8,3306.88
1731513600,3306.46,3329.59,3151.58,3155.24
1731528000,3154.99,3194.37,3114.54,3183.57
1731542400,3183.56,3225.93,3160.27,3215.0
1731556800,3215.0,3237.17,3170.09,3213.88
1731571200,3213.75,3227.62,3148.56,3181.39
1731585600,3181.14,3195.95,3055.77,3073.9
1731600000,3073.62,3177.98,3066.76,3142.16
1731614400,3142.05,3142.05,3014.31,3055.3
1731628800,3055.3,3089.29,3031.16,3079.71
1731643200,3079.41,3079.41,3006.0,3035.77
1731657600,3035.95,3111.71,3018.39,3101.25
1731672000,3101.26,3128.29,3012.01,3020.37
1731686400,3019.99,3056.99,3012.14,3036.82
1731700800,3036.74,3117.88,3035.07,3086.74
1731715200,3086.74,3155.89,3066.83,3151.52
1731729600,3151.41,3162.45,3097.5,3102.99
1731744000,3102.82,3192.75,3099.88,3192.01
1731758400,3192.05,3217.09,3117.35,3138.04
1731772800,3138.05,3181.84,3124.82,3166.29
1731787200,3166.29,3172.47,3118.28,3129.79
1731801600,3129.79,3150.72,3031.17,3076.62
1731816000,3076.85,3144.78,3072.31,3133.9
1731830400,3134.16,3158.99,3098.0,3102.26
1731844800,3102.25,3124.04,3064.34,3082.87
1731859200,3083.1,3113.26,3068.11,3096.04
1731873600,3096.04,3105.08,3038.93,3073.1
1731888000,3073.3,3122.42,3066.07,3109.66
1731902400,3109.66,3148.73,3093.54,3127.97
1731916800,3128.33,3137.99,3048.0,3053.69
1731931200,3053.83,3154.66,3048.1,3140.29
1731945600,3140.52,3197.75,3087.47,3123.95
1731960000,3123.35,3221.54,3119.58,3204.28
1731974400,3204.63,3217.85,3139.47,3145.94
1731988800,3146.13,3156.91,3104.9,3115.52
1732003200,3115.58,3127.02,3089.01,3123.03
1732017600,3122.77,3147.62,3069.72,3101.15
1732032000,3101.61,3141.95,3096.28,3118.96
1732046400,3119.21,3128.25,3062.0,3104.4
1732060800,3104.4,3123.39,3068.76,3093.37
1732075200,3093.18,3112.0,3084.7,3106.16
1732089600,3105.86,3132.42,3082.15,3099.11
1732104000,3099.23,3158.34,3080.49,3128.42
1732118400,3128.42,3133.42,3028.48,3057.2
1732132800,3057.13,3091.84,3043.33,3069.06
1732147200,3069.08,3100.32,3031.0,3080.66
1732161600,3080.79,3143.29,3079.21,3135.49
1732176000,3135.51,3154.73,3117.15,3146.91
1732190400,3146.73,3371.85,3145.13,3276.08
1732204800,3276.36,3386.78,3276.36,3346.76
1732219200,3346.55,3378.32,3333.65,3355.05
1732233600,3355.05,3382.97,3304.09,3365.1
1732248000,3365.12,3427.2,3354.12,3361.85
1732262400,3361.9,3383.56,3310.4,3344.63
1732276800,3344.39,3356.52,3257.03,3312.87
1732291200,3312.94,3321.28,3263.37,3281.44
1732305600,3281.23,3329.06,3271.76,3326.32
1732320000,3326.43,3364.29,3311.53,3344.98
1732334400,3345.04,3361.96,3325.78,3340.66
1732348800,3340.7,3404.0,3335.11,3353.27
1732363200,3353.27,3496.46,3348.19,3460.1
1732377600,3460.12,3470.67,3378.02,3407.06
1732392000,3407.06,3426.76,3378.31,3392.9
1732406400,3392.9,3448.57,3387.65,3426.96
1732420800,3426.92,3432.07,3396.82,3421.69
1732435200,3421.69,3428.0,3340.23,3343.58
1732449600,3343.58,3356.0,3281.0,3293.87
1732464000,3294.14,3333.74,3286.98,3325.38
1732478400,3325.03,3371.89,3320.39,3359.93
1732492800,3360.19,3369.73,3299.49,3360.98
1732507200,3360.98,3419.0,3360.0,3398.3
1732521600,3398.42,3527.14,3395.62,3472.38
1732536000,3472.36,3537.81,3345.21,3516.82
1732550400,3516.89,3545.84,3421.69,3463.37
1732564800,3462.68,3504.82,3362.42,3414.08
1732579200,3413.76,3461.75,3395.12,3433.75
1732593600,3433.75,3442.56,3380.81,3393.82
1732608000,3393.07,3396.42,3280.04,3322.83
1732622400,3322.68,3361.07,3290.0,3295.44
1732636800,3296.55,3337.12,3251.07,3299.55
1732651200,3299.38,3346.71,3287.51,3323.99
1732665600,3324.24,3372.01,3301.18,3359.89
1732680000,3359.76,3445.03,3357.87,3422.79
1732694400,3423.24,3484.0,3401.5,3459.75
1732708800,3459.29,3572.52,3440.08,3551.23
1732723200,3551.01,3611.0,3535.36,3589.0
1732737600,3589.0,3684.52,3587.21,3652.39
1732752000,3652.39,3661.42,3565.26,3598.2
1732766400,3598.2,3617.07,3565.61,3591.04
1732780800,3591.06,3637.53,3573.66,3619.13
1732795200,3618.81,3640.15,3536.35,3541.47
1732809600,3541.57,3583.99,3527.7,3574.29
1732824000,3574.24,3598.42,3550.0,3578.0
1732838400,3578.49,3601.8,3549.6,3583.1
1732852800,3583.25,3595.33,3534.4,3543.95
1732867200,3543.95,3598.98,3543.95,3593.02
1732881600,3593.03,3645.09,3572.25,3612.1
1732896000,3612.19,3618.77,3558.68,3581.86
1732910400,3581.86,3603.64,3574.09,3590.85
1732924800,3590.2,3660.17,3565.95,3656.34
1732939200,3655.97,3725.34,3633.36,3701.64
1732953600,3701.85,3716.65,3629.07,3652.73
1732968000,3652.84,3685.72,3650.17,3672.87
1732982400,3672.87,3695.96,3656.25,3688.22
1732996800,3688.17,3738.29,3685.16,3702.01
1733011200,3701.85,3729.28,3656.41,3705.63
1733025600,3705.18,3716.14,3680.15,3701.15
1733040000,3700.88,3716.14,3674.61,3690.97
1733054400,3690.97,3745.69,3677.22,3727.05
1733068800,3727.08,3743.13,3692.71,3706.59
1733083200,3706.56,3734.49,3678.37,3707.15
1733097600,3707.52,3762.04,3674.15,3685.17
1733112000,3684.98,3708.47,3650.33,3665.18
1733126400,3665.26,3671.51,3569.0,3588.21
1733140800,3588.65,3678.85,3581.87,3670.77
1733155200,3670.57,3680.63,3555.67,3611.38
1733169600,3611.81,3643.95,3596.8,3642.81
1733184000,3642.65,3658.05,3607.21,3640.1
1733198400,3639.17,3670.0,3599.63,3615.88
1733212800,3616.13,3634.11,3584.71,3612.75
1733227200,3612.52,3617.05,3501.0,3570.66
1733241600,3570.55,3593.9,3537.55,3576.1
1733256000,3576.22,3632.97,3573.53,3613.4
1733270400,3613.42,3707.7,3613.42,3661.15
1733284800,3661.17,3721.03,3659.63,3713.68
1733299200,3714.13,3750.98,3696.32,3726.92
1733313600,3726.72,3854.26,3689.16,3820.89
1733328000,3821.03,3842.83,3733.16,3839.69
1733342400,3839.95,3886.28,3821.69,3837.67
1733356800,3837.56,3908.2,3765.88,3834.98
1733371200,3834.97,3882.06,3821.08,3850.37
1733385600,3850.79,3944.92,3850.79,3931.65
1733400000,3931.63,3956.66,3860.07,3887.16
1733414400,3887.89,3925.84,3819.52,3831.08
1733428800,3831.08,3860.46,3685.45,3784.69
1733443200,3784.79,3914.35,3777.94,3906.63
1733457600,3906.63,3929.01,3874.16,3892.85
1733472000,3893.03,3910.05,3844.56,3866.63
1733486400,3866.92,4039.25,3832.4,3992.62
1733500800,3992.62,4074.0,3980.6,4067.3
1733515200,4067.3,4086.97,3989.8,3998.79
1733529600,3998.2,4024.37,3968.61,3985.83
1733544000,3986.08,4002.0,3965.93,3984.89
1733558400,3985.21,4008.73,3973.01,3997.09
1733572800,3997.13,4007.0,3974.42,4002.79
1733587200,4002.99,4019.22,3985.0,4009.3
1733601600,4011.27,4023.32,3991.26,3995.42
1733616000,3995.42,4008.5,3984.06,3988.33
1733630400,3988.31,3995.54,3958.1,3979.16
1733644800,3979.16,3980.58,3923.02,3970.4
1733659200,3970.39,4003.97,3955.0,3989.66
1733673600,3989.65,3998.0,3958.94,3988.75
1733688000,3988.91,4015.72,3974.35,4003.43
1733702400,4003.98,4005.19,3905.5,3928.52
1733716800,3928.58,3947.8,3879.67,3916.69
1733731200,3917.03,3919.94,3840.0,3850.72
1733745600,3850.39,3943.0,3803.79,3823.17
1733760000,3822.67,3864.58,3785.56,3794.64
1733774400,3794.16,3803.1,3487.64,3710.56
1733788800,3710.85,3779.09,3613.92,3679.49
1733803200,3680.09,3740.7,3636.28,3732.03
1733817600,3731.68,3771.12,3711.52,3747.75
1733832000,3748.09,3752.52,3555.59,3566.83
1733846400,3568.68,3632.73,3514.03,3626.62
1733860800,3626.97,3670.97,3611.18,3626.48
1733875200,3626.58,3667.09,3561.25,3663.36
1733889600,3663.66,3679.67,3644.34,3650.01
1733904000,3650.01,3726.0,3649.46,3715.14
1733918400,3715.14,3819.09,3707.31,3785.56
1733932800,3785.95,3812.23,3752.71,3801.77
1733947200,3801.91,3846.75,3800.72,3830.08
1733961600,3830.08,3946.91,3794.48,3934.03
1733976000,3933.85,3944.69,3894.0,3904.3
1733990400,3904.66,3936.62,3889.11,3912.04
1734004800,3912.64,3986.82,3912.06,3956.42
1734019200,3956.61,3985.31,3854.0,3869.66
1734033600,3869.93,3900.7,3833.2,3879.63
1734048000,3879.64,3940.21,3851.04,3931.45
1734062400,3931.59,3935.28,3869.63,3883.68
1734076800,3883.81,3922.31,3869.13,3900.0
1734091200,3900.03,3966.46,3877.67,3884.26
1734105600,3884.03,3945.0,3876.64,3916.44
1734120000,3916.66,3933.65,3887.95,3905.16
1734134400,3905.24,3944.05,3893.66,3909.24
1734148800,3909.51,3934.53,3905.03,3919.02
1734163200,3919.02,3929.89,3884.53,3892.73
1734177600,3892.67,3897.05,3844.82,3886.73
1734192000,3886.35,3896.85,3827.0,3857.36
1734206400,3857.3,3874.91,3823.09,3868.37
1734220800,3868.42,3893.84,3854.23,3872.87
1734235200,3872.93,3910.36,3830.23,3843.1
1734249600,3842.92,3876.87,3835.2,3876.11
1734264000,3875.98,3909.86,3866.72,3893.08
1734278400,3893.1,3919.56,3885.06,3901.82
1734292800,3901.82,3974.56,3842.0,3958.22
1734307200,3958.61,4026.41,3926.31,3941.49
1734321600,3942.14,3981.6,3932.98,3972.01
1734336000,3972.16,3974.0,3901.19,3908.81
1734350400,3909.57,3958.03,3882.07,3939.62
1734364800,3939.73,4107.51,3937.04,4055.9
1734379200,4056.4,4070.0,3975.26,3984.21
1734393600,3984.22,4039.55,3941.04,4033.0
1734408000,4032.43,4032.43,3980.82,3992.6
1734422400,3992.25,4029.6,3987.93,3996.02
1734436800,3996.0,4023.57,3915.0,3937.15
1734451200,3937.16,3982.09,3915.7,3942.81
1734465600,3942.43,3950.23,3846.0,3890.5
1734480000,3890.46,3901.4,3831.88,3847.77
1734494400,3847.39,3860.22,3798.56,3845.08
1734508800,3844.74,3885.62,3840.0,3880.46
1734523200,3880.12,3889.62,3824.31,3866.05
1734537600,3866.28,3906.3,3769.7,3769.7
1734552000,3771.28,3784.26,3615.16,3625.92
1734566400,3625.53,3671.03,3540.0,3666.22
1734580800,3666.18,3694.71,3650.5,3691.02
1734595200,3690.87,3717.65,3662.18,3703.66
1734609600,3703.94,3708.81,3570.8,3612.0
1734624000,3611.45,3635.95,3373.13,3438.46
1734638400,3439.12,3463.24,3322.23,3415.5
1734652800,3415.4,3463.41,3368.94,3412.26
1734667200,3412.05,3429.23,3327.28,3389.12
1734681600,3388.59,3389.62,3101.05,3103.06
1734696000,3103.25,3393.93,3100.41,3372.13
1734710400,3372.32,3496.06,3363.63,3477.94
1734724800,3477.94,3487.67,3392.48,3470.46
1734739200,3470.26,3488.03,3445.49,3466.43
1734753600,3466.64,3553.19,3459.53,3521.38
1734768000,3521.96,3524.99,3422.11,3440.39
1734782400,3440.76,3442.54,3344.38,3388.71
1734796800,3388.63,3399.88,3323.61,3358.8
1734811200,3358.52,3387.94,3291.35,3337.43
1734825600,3337.54,3376.53,3316.98,3354.45
1734840000,3353.93,3360.4,3291.37,3330.65
1734854400,3331.04,3401.86,3329.38,3379.65
1734868800,3379.41,3396.59,3273.61,3300.63
1734883200,3300.8,3337.0,3235.52,3245.9
1734897600,3246.08,3308.94,3219.2,3280.24
1734912000,3280.37,3355.81,3215.07,3349.65
1734926400,3349.91,3362.25,3259.32,3303.48
1734940800,3303.57,3354.84,3291.78,3337.83
1734955200,3337.97,3360.93,3267.42,3276.18
1734969600,3275.65,3382.72,3269.73,3337.19
1734984000,3337.22,3465.38,3328.13,3420.38
1734998400,3420.38,3425.32,3356.77,3396.59
1735012800,3396.6,3433.78,3384.04,3399.57
1735027200,3400.15,3415.8,3383.85,3412.58
1735041600,3412.08,3508.73,3393.67,3491.8
1735056000,3491.6,3539.62,3463.76,3464.28
1735070400,3464.39,3504.04,3431.48,3491.79
1735084800,3491.69,3495.61,3456.24,3476.84
1735099200,3476.94,3509.04,3467.82,3487.66
1735113600,3487.41,3546.62,3465.0,3470.27
1735128000,3470.48,3500.0,3457.0,3471.47
1735142400,3471.67,3487.15,3440.91,3479.97
1735156800,3479.51,3498.9,3449.0,3495.51
1735171200,3495.75,3513.97,3450.0,3454.11
1735185600,3454.11,3454.11,3415.86,3420.6
1735200000,3420.84,3424.49,3344.9,3371.69
1735214400,3371.3,3372.3,3324.09,3340.23
1735228800,3340.31,3361.18,3310.31,3335.96
1735243200,3335.47,3346.73,3301.0,3330.84
1735257600,3330.71,3384.45,3313.11,3374.88
1735272000,3375.04,3397.64,3315.44,3324.33
1735286400,3324.6,3442.26,3324.36,3417.7
1735300800,3417.53,3421.8,3306.03,3324.36
1735315200,3324.1,3365.31,3306.69,3353.31
1735329600,3353.1,3354.01,3308.03,3331.37
1735344000,3331.35,3350.74,3320.32,3343.52
1735358400,3343.3,3359.1,3331.54,3334.15
1735372800,3333.85,3362.23,3331.35,3357.66
1735387200,3357.87,3394.97,3350.0,3366.7
1735401600,3367.11,3412.49,3363.52,3399.51
1735416000,3399.64,3427.37,3388.63,3402.31
1735430400,3402.4,3404.8,3375.0,3381.7
1735444800,3381.86,3406.28,3378.31,3405.51
1735459200,3405.6,3412.76,3388.26,3396.77
1735473600,3396.83,3409.63,3352.65,3371.97
1735488000,3372.1,3374.91,3343.43,3361.36
1735502400,3361.03,3367.27,3324.39,3354.99
1735516800,3355.15,3435.64,3346.92,3402.31
1735531200,3402.76,3431.16,3387.24,3425.41
1735545600,3425.26,3433.2,3393.66,3423.07
1735560000,3422.66,3429.22,3304.34,3322.34
1735574400,3322.15,3406.82,3315.37,3400.9
1735588800,3400.75,3418.5,3308.0,3359.65
1735603200,3359.72,3363.06,3314.76,3339.52
1735617600,3339.52,3362.3,3327.57,3352.84
1735632000,3352.7,3409.0,3351.83,3393.6
1735646400,3394.1,3449.99,3391.73,3411.92
1735660800,3411.99,3415.29,3330.0,3354.2
1735675200,3353.84,3363.61,3326.77,3335.86
1735689600,3335.85,3366.99,3334.51,3353.56
1735704000,3353.54,3355.13,3335.0,3345.7
1735718400,3345.86,3347.9,3313.34,3340.04
1735732800,3339.84,3358.8,3326.57,3351.94
1735747200,3352.14,3363.94,3321.41,3355.82
1735761600,3356.14,3373.32,3350.76,3358.7
1735776000,3358.86,3404.3,3353.33,3387.32
1735790400,3387.44,3425.79,3386.82,3418.52
1735804800,3418.7,3475.0,3412.93,3469.32
1735819200,3469.54,3510.07,3438.55,3461.75
1735833600,3461.97,3487.89,3428.19,3461.95
1735848000,3462.41,3474.27,3420.13,3454.4
1735862400,3454.42,3476.05,3441.28,3469.13
1735876800,3469.25,3469.41,3430.28,3431.63
1735891200,3432.1,3466.06,3422.0,3464.24
1735905600,3464.24,3573.97,3459.73,3563.21
1735920000,3563.32,3629.81,3563.32,3621.42
1735934400,3620.98,3622.17,3594.41,3607.88
1735948800,3607.89,3621.13,3581.37,3596.69
1735963200,3596.42,3608.82,3582.61,3592.23
1735977600,3592.23,3603.31,3571.15,3600.1
1735992000,3599.89,3662.61,3592.23,3606.25
1736006400,3606.21,3643.8,3600.0,3629.48
1736020800,3630.17,3668.72,3630.17,3655.22
1736035200,3655.4,3674.37,3627.72,3636.71
1736049600,3636.73,3648.18,3627.33,3630.74
1736064000,3630.69,3632.19,3602.09,3612.19
1736078400,3612.02,3637.88,3592.23,3627.67
1736092800,3627.73,3646.94,3611.0,3636.11
1736107200,3636.22,3656.42,3627.39,3634.44
1736121600,3634.81,3683.32,3610.0,3663.33
1736136000,3663.44,3697.46,3641.43,3649.19
1736150400,3649.04,3659.16,3631.2,3653.03
1736164800,3653.05,3713.07,3620.52,3712.88
1736179200,3712.9,3744.4,3653.8,3686.15
1736193600,3685.94,3703.21,3664.22,3685.3
1736208000,3684.69,3699.88,3661.25,3680.98
1736222400,3681.09,3684.93,3656.93,3666.15
1736236800,3666.3,3678.04,3625.19,3638.49
1736251200,3638.83,3644.18,3408.89,3460.34
1736265600,3460.17,3490.09,3368.31,3384.2
1736280000,3384.18,3412.24,3354.37,3379.08
1736294400,3378.96,3413.74,3340.48,3358.88
1736308800,3359.09,3372.48,3306.32,3352.73
1736323200,3352.46,3375.34,3321.13,3347.94
1736337600,3348.12,3385.29,3333.0,3346.0
1736352000,3345.8,3346.8,3207.06,3279.02
1736366400,3278.67,3334.55,3264.37,3325.81
1736380800,3325.57,3356.21,3305.24,3323.35
1736395200,3323.34,3343.31,3280.19,3288.0
1736409600,3288.03,3326.38,3265.39,3300.36
1736424000,3300.36,3334.02,3209.02,3319.02
1736438400,3319.23,3325.82,3187.14,3193.7
1736452800,3193.68,3238.42,3156.42,3218.17
1736467200,3218.44,3258.3,3212.19,3252.89
1736481600,3253.02,3311.52,3241.38,3294.19
1736496000,3294.08,3320.14,3285.72,3309.9
1736510400,3309.88,3316.05,3194.0,3243.6
1736524800,3243.88,3321.41,3230.56,3293.85
1736539200,3293.61,3293.61,3255.04,3265.54
1736553600,3265.04,3268.95,3229.67,3235.73
1736568000,3235.71,3249.88,3224.1,3234.42
1736582400,3234.4,3279.09,3216.88,3271.79
1736596800,3271.97,3281.14,3256.62,3269.95
1736611200,3270.01,3282.33,3257.08,3277.57
1736625600,3277.43,3319.17,3274.47,3281.82
1736640000,3281.89,3290.3,3272.73,3285.2
1736654400,3285.2,3288.86,3261.61,3265.4
1736668800,3265.86,3270.66,3222.59,3251.82
1736683200,3251.83,3294.0,3246.24,3284.18
1736697600,3284.33,3299.34,3266.91,3278.91
1736712000,3279.42,3288.0,3232.09,3265.7
1736726400,3265.86,3337.27,3233.52,3240.95
1736740800,3240.88,3259.98,3179.51,3200.19
1736755200,3199.99,3204.68,3053.97,3055.75
1736769600,3055.77,3089.89,2908.59,3047.27
1736784000,3047.95,3058.93,2985.0,3023.59
1736798400,3023.35,3142.0,3010.04,3136.23
1736812800,3136.21,3174.38,3124.37,3157.63
1736827200,3157.95,3188.98,3156.79,3170.15
1736841600,3170.04,3255.25,3168.51,3216.55
1736856000,3216.45,3232.81,3177.81,3198.2
1736870400,3198.08,3234.3,3171.0,3212.32
1736884800,3212.65,3239.6,3192.71,3223.77
1736899200,3223.79,3244.35,3203.74,3239.95
1736913600,3240.45,3251.0,3214.09,3230.99
1736928000,3231.18,3246.47,3185.13,3198.02
1736942400,3197.92,3352.73,3185.49,3332.99
1736956800,3333.32,3440.96,3323.89,3433.77
1736971200,3433.97,3472.25,3416.99,3449.64
1736985600,3449.75,3458.86,3345.49,3362.16
1737000000,3362.2,3390.42,3360.8,3382.59
1737014400,3383.0,3384.16,3299.06,3349.92
1737028800,3349.19,3363.21,3265.0,3331.43
1737043200,3331.45,3364.85,3308.74,3343.34
1737057600,3343.48,3352.04,3267.26,3306.66
1737072000,3306.68,3396.22,3306.54,3359.96
1737086400,3359.82,3386.93,3346.43,3371.53
1737100800,3371.46,3437.76,3370.94,3421.79
1737115200,3421.6,3449.12,3393.1,3420.43
1737129600,3420.91,3448.24,3405.79,3430.87
1737144000,3430.89,3524.91,3423.94,3472.1
1737158400,3472.5,3493.36,3366.58,3382.32
1737172800,3382.19,3394.05,3279.68,3287.02
1737187200,3287.02,3321.99,3226.0,3310.0
1737201600,3310.15,3345.0,3272.86,3305.85
1737216000,3306.24,3315.46,3247.82,3288.54
1737230400,3288.64,3319.29,3256.51,3306.55
1737244800,3306.54,3377.21,3297.48,3334.48
1737259200,3334.49,3337.47,3258.57,3274.67
1737273600,3274.52,3276.77,3129.43,3149.18
1737288000,3149.16,3423.94,3144.09,3383.32
1737302400,3383.43,3448.26,3377.32,3418.84
1737316800,3419.35,3432.12,3155.0,3213.6
1737331200,3213.09,3280.07,3141.09,3271.01
1737345600,3270.74,3455.68,3248.66,3382.13
1737360000,3381.83,3412.28,3333.46,3374.91
1737374400,3375.0,3378.83,3255.54,3334.43
1737388800,3334.59,3390.0,3205.0,3342.4
1737403200,3342.24,3343.72,3255.08,3282.55
1737417600,3282.66,3288.57,3202.34,3261.86
1737432000,3262.17,3265.46,3212.03,3253.57
1737446400,3253.32,3312.75,3232.5,3304.06
1737460800,3304.72,3334.11,3264.0,3293.87
1737475200,3293.79,3367.63,3289.07,3331.12
1737489600,3331.14,3345.94,3300.49,3326.18
1737504000,3325.82,3364.82,3319.78,3329.86
1737518400,3329.56,3338.34,3285.0,3285.87
1737532800,3285.75,3328.72,3271.5,3325.03
1737547200,3325.04,3331.13,3267.31,3277.26
1737561600,3277.45,3290.71,3238.47,3260.98
1737576000,3261.28,3275.95,3220.26,3241.75
1737590400,3241.49,3260.33,3205.34,3225.25
1737604800,3225.56,3231.84,3183.74,3231.51
1737619200,3231.48,3231.87,3187.3,3211.92
1737633600,3212.26,3285.55,3187.68,3257.59
1737648000,3257.39,3296.31,3192.7,3202.88
1737662400,3202.65,3345.68,3194.8,3337.32
1737676800,3337.64,3349.57,3274.74,3300.93
1737691200,3300.78,3419.69,3290.66,3379.97
1737705600,3379.96,3416.85,3375.0,3398.2
1737720000,3398.22,3427.85,3355.9,3382.11
1737734400,3382.29,3408.71,3363.33,3367.51
1737748800,3367.42,3377.31,3303.62,3309.05
1737763200,3308.77,3323.35,3268.22,3318.61
1737777600,3318.61,3318.92,3281.47,3289.77
1737792000,3289.65,3310.79,3270.16,3305.64
1737806400,3305.71,3344.09,3292.68,3333.04
1737820800,3333.35,3349.24,3329.0,3338.94
1737835200,3339.17,3350.0,3313.54,3317.88
1737849600,3317.89,3349.7,3312.0,3337.85
1737864000,3337.21,3361.61,3329.72,3337.35
1737878400,3336.65,3342.11,3290.74,3310.35
1737892800,3310.34,3319.91,3296.35,3313.58
1737907200,3313.58,3343.87,3306.44,3337.82
1737921600,3338.0,3341.62,3228.0,3230.66
1737936000,3230.48,3252.46,3159.88,3181.66
1737950400,3181.37,3181.37,3018.38,3068.46
1737964800,3068.25,3088.86,3032.0,3057.17
1737979200,3057.9,3150.72,3051.83,3131.63
1737993600,3132.03,3132.03,3045.0,3074.59
1738008000,3074.59,3239.37,3071.69,3180.76
1738022400,3181.45,3217.3,3150.21,3201.73
1738036800,3201.65,3222.13,3187.46,3194.72
1738051200,3194.69,3206.86,3175.64,3185.25
1738065600,3185.37,3213.17,3155.14,3180.08
1738080000,3180.0,3182.0,3119.56,3146.12
1738094400,3146.21,3154.11,3038.0,3075.82
1738108800,3075.68,3131.49,3074.94,3129.04
1738123200,3129.32,3158.47,3115.78,3155.62
1738137600,3155.46,3162.59,3120.03,3133.8
1738152000,3133.8,3138.7,3079.0,3099.32
1738166400,3099.42,3152.55,3052.24,3125.04
1738180800,3124.1,3182.13,3088.95,3112.59
1738195200,3112.54,3201.0,3089.74,3199.5
1738209600,3200.1,3214.35,3177.12,3189.81
1738224000,3189.96,3228.89,3179.87,3221.39
1738238400,3221.67,3279.98,3208.01,3254.35
1738252800,3254.66,3282.37,3248.06,3270.16
1738267200,3269.88,3271.68,3227.14,3246.33
1738281600,3246.45,3278.36,3219.63,3229.48
1738296000,3229.17,3276.07,3211.87,3240.68
1738310400,3240.5,3336.71,3232.44,3333.91
1738324800,3334.23,3426.6,3324.0,3425.88
1738339200,3425.48,3436.0,3295.08,3337.38
1738353600,3336.97,3336.97,3277.32,3299.83
1738368000,3299.76,3331.14,3281.76,3291.31
1738382400,3291.32,3305.94,3271.06,3278.71
1738396800,3278.71,3285.36,3222.77,3250.56
1738411200,3250.77,3271.86,3227.2,3249.79
1738425600,3250.03,3266.35,3177.0,3195.0
1738440000,3194.93,3195.27,3100.45,3115.86
1738454400,3115.52,3161.39,3067.5,3075.99
1738468800,3076.07,3136.65,3072.59,3100.15
1738483200,3100.13,3122.7,3050.29,3063.38
1738497600,3063.2,3100.42,3048.63,3079.44
1738512000,3079.57,3080.6,2892.16,2957.06
1738526400,2957.33,2985.6,2734.02,2868.1
1738540800,2868.36,2871.91,2080.0,2525.27
1738555200,2525.27,2630.21,2445.65,2619.62
1738569600,2619.12,2619.71,2523.81,2579.41
1738584000,2580.31,2726.43,2528.0,2698.69
1738598400,2698.55,2768.98,2666.0,2762.61
1738612800,2762.84,2919.53,2694.1,2878.28
1738627200,2878.08,2887.12,2790.4,2809.64
1738641600,2809.89,2836.14,2661.67,2702.35
1738656000,2702.55,2788.13,2675.38,2756.82
1738670400,2757.12,2843.0,2729.19,2776.2
1738684800,2776.96,2868.47,2763.66,2769.12
1738699200,2769.72,2793.14,2630.94,2729.89
1738713600,2730.81,2768.14,2697.6,2719.44
1738728000,2719.1,2786.9,2708.0,2758.01
1738742400,2757.8,2816.72,2745.51,2798.74
1738756800,2798.74,2825.82,2756.24,2772.66
1738771200,2772.38,2786.4,2714.01,2774.66
1738785600,2774.69,2801.73,2737.47,2786.99
1738800000,2786.87,2817.74,2754.19,2805.73
1738814400,2805.11,2853.63,2804.42,2830.71
1738828800,2830.65,2856.83,2791.76,2803.02
1738843200,2803.1,2806.86,2682.32,2704.7
1738857600,2704.48,2725.35,2671.66,2688.65
1738872000,2688.64,2724.5,2653.76,2685.5
1738886400,2685.9,2738.7,2677.9,2714.44
1738900800,2714.63,2729.82,2666.66,2712.0
1738915200,2712.39,2763.53,2704.88,2761.25
1738929600,2760.82,2796.31,2709.18,2720.34
1738944000,2720.64,2726.45,2655.1,2657.83
1738958400,2658.08,2660.55,2560.51,2620.5
1738972800,2620.38,2666.38,2614.22,2640.7
1738987200,2640.86,2648.29,2594.31,2628.9
1739001600,2629.08,2631.51,2601.0,2612.48
1739016000,2612.44,2636.02,2587.44,2604.45
1739030400,2604.74,2648.61,2588.85,2636.25
1739044800,2636.21,2644.87,2622.57,2631.15
1739059200,2631.42,2698.06,2625.91,2676.97
1739073600,2676.59,2677.37,2648.15,2661.23
1739088000,2661.25,2672.12,2650.69,2653.71
1739102400,2653.71,2660.87,2609.88,2651.76
1739116800,2651.86,2665.18,2615.43,2623.13
1739131200,2622.91,2648.62,2520.0,2626.15
1739145600,2626.17,2657.37,2558.12,2624.77
1739160000,2624.96,2659.56,2617.27,2636.36
1739174400,2636.15,2660.26,2633.79,2652.3
1739188800,2652.17,2682.98,2629.81,2657.54
1739203200,2657.65,2692.7,2649.0,2670.83
1739217600,2670.65,2685.77,2650.57,2660.48
1739232000,2660.34,2725.19,2659.73,2677.85
1739246400,2677.94,2723.92,2674.75,2711.03
1739260800,2710.63,2720.63,2691.0,2707.97
1739275200,2708.16,2709.64,2625.33,2661.8
1739289600,2661.6,2670.51,2582.0,2589.23
1739304000,2588.63,2630.92,2558.3,2601.85
1739318400,2601.76,2623.99,2566.94,2585.71
1739332800,2585.71,2622.72,2575.93,2617.03
1739347200,2617.23,2638.55,2609.81,2625.82
1739361600,2625.82,2663.82,2545.38,2605.8
1739376000,2606.0,2683.0,2581.9,2676.88
1739390400,2677.19,2794.5,2667.87,2737.13
1739404800,2737.42,2756.51,2715.01,2743.01
1739419200,2743.1,2744.18,2670.71,2680.19
1739433600,2679.99,2687.16,2649.02,2654.94
1739448000,2654.85,2677.0,2615.0,2646.61
1739462400,2646.51,2660.43,2611.56,2639.76
1739476800,2639.63,2679.1,2639.31,2674.65
1739491200,2674.94,2721.47,2662.98,2713.94
1739505600,2713.96,2715.21,2688.08,2697.74
1739520000,2697.48,2715.74,2681.05,2684.08
1739534400,2684.1,2746.0,2676.34,2732.83
1739548800,2732.63,2790.0,2708.0,2737.02
1739563200,2736.94,2750.62,2704.76,2724.87
1739577600,2724.99,2738.0,2703.31,2723.42
1739592000,2723.52,2732.96,2692.03,2696.29
1739606400,2696.23,2713.65,2693.98,2707.14
1739620800,2707.16,2712.73,2658.65,2689.64
1739635200,2689.99,2707.0,2678.47,2690.42
1739649600,2690.39,2703.66,2677.82,2692.03
1739664000,2691.95,2704.77,2686.27,2698.01
1739678400,2698.02,2725.77,2689.0,2694.56
1739692800,2694.48,2711.82,2688.32,2709.63
1739707200,2709.56,2711.64,2676.0,2692.87
1739721600,2692.89,2702.0,2657.21,2682.17
1739736000,2682.04,2688.28,2650.24,2659.89
1739750400,2660.13,2683.25,2656.46,2670.75
1739764800,2670.77,2694.33,2635.52,2680.62
1739779200,2680.47,2773.59,2675.18,2754.32
1739793600,2754.49,2848.88,2745.01,2754.54
1739808000,2754.54,2764.86,2685.5,2716.53
1739822400,2716.25,2778.34,2715.15,2742.91
1739836800,2742.92,2756.6,2705.73,2710.38
1739851200,2710.05,2716.63,2650.59,2670.94
1739865600,2671.2,2705.0,2651.94,2677.79
1739880000,2678.42,2731.51,2660.0,2672.45
1739894400,2672.67,2683.64,2604.16,2628.87
1739908800,2628.99,2671.21,2616.95,2670.75
1739923200,2670.9,2699.0,2654.66,2692.5
1739937600,2692.41,2715.16,2663.24,2707.0
1739952000,2707.02,2735.95,2704.0,2726.09
1739966400,2726.54,2730.62,2675.82,2695.84
1739980800,2695.75,2723.73,2693.26,2710.88
1739995200,2710.8,2733.52,2705.25,2714.33
1740009600,2714.29,2749.28,2709.0,2740.55
1740024000,2740.54,2756.5,2721.05,2729.27
1740038400,2728.91,2745.98,2723.77,2739.42
1740052800,2739.34,2768.64,2707.54,2711.16
1740067200,2711.08,2766.9,2706.08,2746.44
1740081600,2746.34,2760.0,2720.51,2737.22
1740096000,2737.29,2748.26,2725.23,2743.33
1740110400,2743.42,2768.79,2742.79,2755.06
1740124800,2754.95,2830.0,2746.43,2787.03
1740139200,2786.92,2844.05,2673.49,2722.66
1740153600,2722.48,2768.93,2624.13,2638.22
1740168000,2638.46,2661.57,2615.0,2660.25
1740182400,2660.12,2686.96,2650.35,2673.73
1740196800,2673.6,2695.0,2671.15,2682.81
1740211200,2682.8,2751.45,2675.13,2732.07
1740225600,2732.27,2785.49,2721.31,2775.25
1740240000,2774.83,2797.42,2755.15,2768.82
1740254400,2768.88,2776.9,2758.0,2762.31
1740268800,2762.31,2775.09,2743.87,2752.19
1740283200,2752.2,2827.73,2745.51,2823.39
1740297600,2823.28,2830.24,2784.02,2796.74
1740312000,2796.72,2826.42,2773.1,2781.86
1740326400,2781.81,2823.66,2781.0,2806.82
1740340800,2806.82,2856.99,2784.52,2818.57
1740355200,2818.57,2838.86,2710.12,2717.01
1740369600,2717.2,2733.75,2691.04,2720.6
1740384000,2720.51,2721.1,2661.89,2688.81
1740398400,2688.69,2696.22,2635.22,2658.35
1740412800,2658.64,2681.91,2621.74,2640.42
1740427200,2640.43,2662.64,2467.25,2512.95
1740441600,2512.59,2529.96,2456.3,2493.98
1740456000,2494.45,2511.77,2315.0,2367.47
1740470400,2368.15,2438.4,2356.35,2432.87
1740484800,2432.98,2448.84,2361.57,2409.22
1740499200,2409.71,2472.6,2382.63,2470.89
1740513600,2470.17,2532.37,2456.27,2494.69
1740528000,2494.63,2506.75,2471.01,2490.01
1740542400,2490.02,2505.06,2474.32,2482.88
1740556800,2482.96,2494.57,2457.0,2463.65
1740571200,2463.66,2465.83,2370.0,2426.99
1740585600,2427.0,2433.24,2263.1,2294.87
1740600000,2294.99,2382.48,2252.54,2335.34
1740614400,2335.69,2368.67,2313.85,2330.99
1740628800,2330.83,2372.66,2303.19,2355.04
1740643200,2355.0,2380.2,2341.73,2353.03
1740657600,2353.12,2361.59,2290.0,2322.15
1740672000,2322.32,2336.51,2277.07,2290.81
1740686400,2291.25,2310.89,2230.8,2306.56
1740700800,2306.62,2313.13,2121.79,2146.33
1740715200,2146.52,2155.61,2073.11,2104.97
1740729600,2104.97,2150.63,2075.01,2124.46
1740744000,2124.31,2227.6,2104.07,2221.86
1740758400,2221.7,2254.85,2192.19,2229.49
1740772800,2229.31,2239.17,2197.6,2236.73
1740787200,2236.8,2274.71,2212.58,2261.59
1740801600,2261.46,2279.5,2224.11,2228.43
1740816000,2228.59,2239.17,2170.11,2183.62
1740830400,2183.7,2187.22,2141.23,2172.51
1740844800,2172.59,2233.3,2168.25,2222.8
1740859200,2222.77,2235.52,2190.2,2217.13
1740873600,2217.13,2230.0,2201.0,2219.8
1740888000,2219.79,2234.99,2218.0,2220.97
1740902400,2221.02,2259.12,2207.77,2238.26
1740916800,2238.26,2291.16,2171.23,2229.16
1740931200,2229.37,2517.56,2212.05,2485.46
1740945600,2485.11,2550.82,2479.45,2517.71
1740960000,2517.72,2523.43,2418.19,2440.87
1740974400,2440.87,2456.63,2352.5,2386.52
1740988800,2386.38,2387.36,2321.17,2355.42
1741003200,2354.95,2388.11,2265.34,2286.67
1741017600,2286.92,2296.49,2094.64,2108.26
1741032000,2108.47,2172.24,2096.92,2148.23
1741046400,2148.24,2166.64,2003.18,2073.66
1741060800,2073.71,2121.87,2066.65,2079.47
1741075200,2079.52,2117.26,2069.13,2100.3
1741089600,2100.28,2157.35,2025.0,2073.85
1741104000,2073.78,2173.94,1990.0,2171.47
1741118400,2171.32,2220.72,2125.75,2170.78
1741132800,2170.79,2192.32,2154.52,2159.56
1741147200,2159.88,2212.03,2156.87,2205.38
1741161600,2205.38,2272.63,2202.78,2216.48
1741176000,2216.73,2231.96,2165.51,2185.89
1741190400,2185.75,2221.7,2160.2,2217.17
1741204800,2217.3,2252.41,2212.6,2240.79
1741219200,2240.52,2295.49,2233.27,2288.82
1741233600,2288.87,2319.29,2273.98,2285.36
1741248000,2285.09,2305.0,2275.3,2296.75
1741262400,2296.97,2297.94,2207.21,2256.42
1741276800,2256.81,2264.5,2175.23,2197.04
1741291200,2197.14,2228.53,2190.75,2201.62
1741305600,2201.64,2226.99,2102.0,2147.33
1741320000,2147.11,2192.86,2143.75,2191.37
1741334400,2191.7,2210.0,2176.05,2196.55
1741348800,2196.42,2256.76,2164.56,2208.66
1741363200,2208.33,2214.68,2139.48,2177.4
1741377600,2177.17,2186.04,2112.82,2140.81
1741392000,2140.85,2155.3,2104.46,2136.9
1741406400,2136.75,2152.71,2130.23,2137.2
1741420800,2137.13,2143.06,2125.79,2141.32
1741435200,2141.47,2198.13,2137.33,2180.99
1741449600,2180.98,2234.55,2160.32,2224.06
1741464000,2224.18,2225.39,2192.72,2203.06
1741478400,2203.05,2211.41,2175.11,2185.0
1741492800,2185.05,2197.06,2171.02,2184.23
1741507200,2184.13,2187.15,2128.0,2146.21
1741521600,2146.12,2146.38,2083.46,2096.5
1741536000,2096.33,2109.09,1997.0,2039.88
1741550400,2039.69,2056.26,1989.01,2019.49
1741564800,2019.97,2069.91,1994.11,2056.96
1741579200,2057.1,2079.43,2053.59,2074.8
1741593600,2075.18,2152.02,2047.12,2127.56
1741608000,2127.49,2135.49,1997.0,2017.0
1741622400,2016.92,2024.39,1809.48,1868.96
1741636800,1869.04,1903.67,1842.32,1864.44
1741651200,1864.74,1890.0,1754.57,1849.37
1741665600,1849.3,1913.72,1845.31,1903.67
1741680000,1903.66,1929.15,1898.99,1913.63
1741694400,1913.54,1961.34,1840.21,1913.67
1741708800,1913.67,1963.11,1885.94,1950.75
1741723200,1950.62,1954.8,1916.68,1923.24
1741737600,1923.18,1932.41,1866.26,1868.45
1741752000,1868.25,1916.12,1852.09,1910.83
1741766400,1910.67,1956.19,1869.41,1916.41
1741780800,1916.5,1948.66,1830.0,1869.25
1741795200,1869.16,1893.94,1862.24,1877.88
1741809600,1877.82,1915.62,1873.49,1907.94
1741824000,1907.84,1917.09,1882.07,1886.45
1741838400,1886.39,1891.56,1858.0,1871.47
1741852800,1871.45,1905.33,1853.17,1899.98
1741867200,1899.93,1922.28,1863.56,1875.45
1741881600,1875.77,1877.96,1820.94,1851.16
1741896000,1851.16,1883.2,1840.0,1864.55
1741910400,1864.8,1894.71,1861.23,1889.32
1741924800,1889.3,1905.18,1887.55,1893.13
1741939200,1893.15,1908.92,1889.07,1902.23
1741953600,1902.23,1942.15,1877.45,1921.76
1741968000,1921.75,1945.38,1913.75,1933.93
1741982400,1933.75,1934.69,1908.0,1911.28
1741996800,1911.3,1923.05,1903.0,1920.15
1742011200,1920.26,1933.97,1914.29,1917.72
1742025600,1917.55,1931.2,1912.59,1928.45
1742040000,1928.46,1938.87,1921.99,1936.94
1742054400,1937.05,1947.94,1928.14,1936.78
1742068800,1936.85,1957.54,1936.0,1936.74
1742083200,1936.75,1940.6,1916.01,1927.0
1742097600,1927.0,1933.72,1921.14,1926.03
1742112000,1925.88,1926.93,1866.26,1873.53
1742126400,1873.54,1898.24,1873.15,1894.63
1742140800,1894.6,1924.29,1860.77,1881.0
1742155200,1881.0,1897.0,1869.75,1886.75
1742169600,1886.87,1915.18,1886.23,1908.66
1742184000,1908.91,1912.85,1880.0,1900.65
1742198400,1900.86,1917.99,1892.44,1910.13
1742212800,1909.94,1940.0,1888.01,1918.96
1742227200,1918.77,1951.98,1907.25,1941.88
1742241600,1942.05,1947.37,1921.46,1926.14
1742256000,1926.13,1930.16,1897.3,1901.08
1742270400,1900.98,1909.7,1892.93,1904.68
1742284800,1904.61,1913.31,1885.43,1892.31
1742299200,1892.26,1903.56,1872.1,1880.57
1742313600,1880.74,1908.85,1873.23,1904.34
1742328000,1904.5,1935.79,1898.19,1931.29
1742342400,1931.51,1949.19,1927.4,1938.11
1742356800,1938.03,1942.99,1930.1,1932.13
1742371200,1931.89,2033.64,1931.58,2027.57
1742385600,2027.35,2056.0,1994.95,2048.58
1742400000,2048.66,2064.45,1999.2,2030.89
1742414400,2030.92,2070.55,2028.16,2056.17
1742428800,2056.19,2068.36,2020.36,2023.03
1742443200,2023.04,2025.86,2004.93,2007.31
1742457600,2007.3,2021.7,1972.5,1988.93
1742472000,1988.95,2010.0,1965.64,1972.3
1742486400,1972.02,1979.52,1952.0,1974.74
1742500800,1974.9,1985.04,1971.09,1983.43
1742515200,1983.32,1996.08,1972.08,1977.71
1742529600,1977.67,1989.71,1966.39,1976.67
1742544000,1976.77,1982.47,1956.87,1966.93
1742558400,1966.9,1974.15,1936.33,1950.1
1742572800,1950.09,1977.18,1945.99,1972.93
1742587200,1972.85,1983.29,1961.7,1965.37
1742601600,1965.39,1986.9,1963.77,1985.6
1742616000,1985.76,1992.98,1983.12,1984.07
1742630400,1983.81,2006.0,1980.64,1990.24
1742644800,1990.22,1997.63,1980.81,1985.99
1742659200,1986.12,1999.5,1982.0,1995.4
1742673600,1995.34,2003.68,1974.31,1979.95
1742688000,1979.96,2007.99,1976.11,2007.85
1742702400,2007.99,2019.8,1992.25,2007.89
1742716800,2007.99,2020.92,2002.08,2007.74
1742731200,2007.75,2020.0,2001.96,2006.84
1742745600,2007.05,2008.13,1987.4,1995.94
1742760000,1995.83,2006.23,1980.04,2005.84
1742774400,2006.18,2020.0,1977.58,2014.12
1742788800,2014.11,2078.0,2014.11,2068.74
1742803200,2068.78,2103.0,2068.45,2092.43
1742817600,2092.52,2102.0,2073.34,2089.35
1742832000,2089.53,2100.36,2067.83,2088.38
1742846400,2088.44,2094.99,2067.8,2080.99
1742860800,2080.99,2097.76,2041.04,2042.74
1742875200,2042.74,2066.87,2036.4,2055.43
1742889600,2055.44,2074.66,2052.85,2067.76
1742904000,2067.78,2079.34,2051.03,2066.84
1742918400,2067.04,2083.25,2056.0,2075.38
1742932800,2075.38,2082.38,2052.79,2065.94
1742947200,2065.67,2078.28,2042.03,2048.67
1742961600,2048.51,2071.05,2047.51,2068.84
1742976000,2068.84,2075.23,2056.48,2068.05
1742990400,2068.26,2070.0,2006.0,2012.17
1743004800,2012.08,2022.09,1980.79,1999.29
1743019200,1999.18,2016.53,1990.9,2008.9
1743033600,2008.88,2036.83,2006.2,2030.68
1743048000,2030.72,2032.19,2020.36,2025.57
1743062400,2025.36,2035.68,2011.62,2016.0
1743076800,2015.73,2026.0,1986.04,2005.06
1743091200,2005.06,2014.74,1992.22,2003.72
1743105600,2003.89,2019.23,1999.22,2003.52
1743120000,2003.44,2015.8,1991.0,1999.85
1743134400,1999.84,2004.54,1901.06,1909.39
1743148800,1909.56,1923.26,1862.67,1899.89
1743163200,1899.82,1902.0,1871.15,1871.93
1743177600,1871.97,1887.06,1861.36,1873.76
1743192000,1873.71,1901.55,1873.16,1896.77
1743206400,1896.78,1913.34,1885.06,1899.3
1743220800,1899.36,1904.58,1875.33,1879.94
1743235200,1880.0,1887.21,1832.52,1844.21
1743249600,1844.41,1863.0,1832.99,1838.49
1743264000,1838.41,1847.8,1795.87,1827.33
1743278400,1827.08,1830.39,1812.12,1827.78
1743292800,1827.77,1844.39,1812.14,1833.82
1743307200,1833.74,1846.29,1832.23,1837.16
1743321600,1837.15,1848.23,1825.14,1832.93
1743336000,1832.97,1839.69,1787.52,1813.24
1743350400,1813.22,1833.7,1785.63,1814.02
1743364800,1813.94,1821.51,1766.24,1807.45
1743379200,1807.47,1823.37,1776.44,1798.26
1743393600,1798.76,1813.76,1789.0,1798.58
1743408000,1798.27,1819.73,1777.98,1813.34
1743422400,1813.22,1854.23,1796.15,1841.76
1743436800,1841.85,1847.0,1816.98,1827.43
1743451200,1827.61,1834.54,1816.3,1822.34
1743465600,1822.17,1840.87,1817.7,1834.53
1743480000,1834.53,1867.35,1831.94,1853.79
1743494400,1853.71,1891.0,1853.42,1861.82
1743508800,1861.82,1928.07,1841.71,1917.98
1743523200,1917.99,1923.9,1901.11,1909.78
1743537600,1909.93,1922.87,1896.46,1904.66
1743552000,1904.77,1908.09,1871.7,1875.79
1743566400,1875.74,1882.64,1851.06,1864.53
1743580800,1864.51,1888.24,1862.02,1868.42
1743595200,1868.31,1918.92,1853.64,1900.52
1743609600,1900.75,1916.21,1882.01,1911.36
1743624000,1911.65,1956.42,1781.41,1794.56
1743638400,1794.42,1834.66,1788.57,1824.22
1743652800,1824.32,1845.0,1806.84,1814.96
1743667200,1814.63,1824.08,1786.56,1795.01
1743681600,1795.12,1800.32,1748.12,1782.12
1743696000,1781.9,1798.99,1767.0,1786.92
1743710400,1786.95,1821.77,1779.17,1816.72
1743724800,1816.96,1823.0,1771.02,1792.61
1743739200,1792.51,1821.61,1783.69,1817.39
1743753600,1817.5,1835.51,1758.65,1783.89
1743768000,1783.79,1821.04,1768.43,1794.99
1743782400,1795.02,1828.62,1782.75,1809.83
1743796800,1809.82,1827.62,1807.04,1816.64
1743811200,1816.66,1827.16,1808.67,1809.5
1743825600,1809.5,1815.48,1803.82,1813.02
1743840000,1813.03,1821.89,1806.09,1807.13
1743854400,1807.14,1808.07,1777.69,1781.82
1743868800,1781.81,1795.23,1779.1,1781.72
1743883200,1781.72,1809.99,1762.55,1805.38
1743897600,1805.58,1817.3,1801.67,1809.1
1743912000,1809.49,1813.41,1791.0,1797.5
1743926400,1797.49,1797.88,1782.01,1788.93
1743940800,1788.76,1791.76,1736.0,1759.71
1743955200,1759.19,1759.55,1601.58,1625.57
1743969600,1625.68,1630.87,1536.07,1580.0
1743984000,1580.28,1613.73,1519.0,1543.19
1743998400,1543.23,1561.23,1410.87,1459.78
1744012800,1459.67,1520.65,1455.03,1482.4
1744027200,1482.39,1638.9,1477.21,1556.13
1744041600,1555.67,1572.32,1525.67,1544.64
1744056000,1544.74,1584.83,1544.56,1552.72
1744070400,1552.54,1618.57,1540.64,1584.33
1744084800,1584.34,1601.86,1561.33,1570.42
1744099200,1570.38,1589.92,1553.67,1587.85
1744113600,1588.07,1593.0,1517.8,1530.95
1744128000,1530.94,1532.58,1454.0,1466.77
1744142400,1466.76,1485.89,1445.78,1473.19
1744156800,1473.28,1482.2,1383.88,1418.25
1744171200,1418.2,1493.1,1414.19,1483.0
1744185600,1483.08,1496.23,1444.89,1455.3
1744200000,1455.3,1501.68,1440.29,1485.09
1744214400,1485.12,1674.01,1481.71,1639.86
1744228800,1639.85,1688.89,1639.85,1669.09
1744243200,1668.93,1669.64,1602.0,1616.96
1744257600,1616.87,1625.81,1582.93,1595.18
1744272000,1595.5,1606.61,1581.09,1594.48
1744286400,1594.34,1626.81,1483.43,1495.46
1744300800,1495.78,1532.83,1471.75,1514.15
1744315200,1513.98,1533.18,1513.64,1522.16
1744329600,1521.99,1550.35,1504.15,1544.33
1744344000,1544.29,1562.78,1540.49,1552.46
1744358400,1552.66,1584.39,1537.8,1558.5
1744372800,1558.54,1581.42,1541.0,1565.1
1744387200,1565.26,1592.34,1555.12,1565.48
1744401600,1565.35,1586.33,1557.65,1565.84
1744416000,1565.78,1569.03,1544.83,1554.19
1744430400,1553.92,1585.08,1550.14,1581.61
1744444800,1581.62,1606.64,1580.44,1593.55
1744459200,1593.56,1669.31,1590.14,1655.36
1744473600,1655.37,1661.97,1627.88,1642.54
1744488000,1642.58,1660.0,1640.9,1643.77
1744502400,1643.87,1649.69,1606.0,1623.78
1744516800,1623.62,1623.97,1596.74,1613.07
1744531200,1613.14,1627.72,1591.27,1603.97
1744545600,1603.91,1608.7,1566.0,1586.5
1744560000,1586.51,1649.77,1560.48,1590.02
1744574400,1590.19,1616.98,1572.02,1597.61
1744588800,1597.74,1660.0,1595.48,1629.8
1744603200,1629.8,1642.47,1612.19,1635.5
1744617600,1635.69,1691.52,1629.09,1675.2
1744632000,1675.56,1689.61,1619.13,1627.8
1744646400,1628.0,1651.65,1614.4,1636.35
1744660800,1636.48,1638.1,1605.36,1623.39
1744675200,1623.48,1643.82,1614.46,1637.64
1744689600,1637.81,1648.2,1632.02,1644.5
1744704000,1644.36,1651.8,1621.87,1631.68
1744718400,1631.68,1660.93,1601.0,1620.74
1744732800,1620.63,1627.89,1596.28,1607.0
1744747200,1607.03,1614.75,1582.78,1588.34
1744761600,1588.24,1604.0,1575.94,1590.76
1744776000,1590.92,1593.56,1550.72,1564.21
1744790400,1564.12,1586.0,1556.37,1583.6
1744804800,1583.44,1614.81,1566.14,1590.42
1744819200,1590.56,1612.49,1537.32,1588.21
1744833600,1588.36,1598.27,1569.51,1576.99
1744848000,1576.94,1595.03,1574.32,1584.49
1744862400,1584.48,1610.0,1580.39,1601.25
1744876800,1601.49,1603.88,1588.31,1592.97
1744891200,1593.01,1602.97,1562.5,1582.68
1744905600,1582.6,1616.89,1576.66,1581.04
1744920000,1580.9,1591.42,1578.41,1583.41
1744934400,1583.31,1589.1,1576.76,1583.79
1744948800,1583.81,1584.99,1572.88,1583.73
1744963200,1583.87,1592.42,1581.74,1590.26
1744977600,1590.32,1597.09,1577.98,1582.7
1744992000,1582.54,1594.94,1581.32,1593.01
1745006400,1592.86,1600.92,1586.84,1588.36
1745020800,1588.34,1599.9,1584.67,1597.27
1745035200,1597.38,1613.19,1594.95,1600.46
1745049600,1600.46,1605.94,1593.51,1596.47
1745064000,1596.6,1612.0,1594.59,1606.86
1745078400,1606.79,1633.0,1597.72,1614.49
1745092800,1614.48,1622.13,1610.53,1613.04
1745107200,1612.84,1618.83,1607.28,1611.55
1745121600,1611.55,1617.0,1585.46,1597.1
1745136000,1597.06,1597.32,1565.05,1572.43
1745150400,1572.17,1583.81,1570.38,1573.32
1745164800,1573.32,1587.62,1571.15,1585.73
1745179200,1585.64,1600.66,1574.26,1587.16
1745193600,1587.19,1645.51,1585.89,1634.38
1745208000,1634.54,1658.59,1631.06,1645.5
1745222400,1645.6,1654.64,1617.75,1626.26
1745236800,1626.23,1642.13,1608.37,1623.24
1745251200,1623.06,1626.19,1562.04,1573.18
1745265600,1573.34,1580.45,1571.01,1578.9
1745280000,1578.9,1593.2,1535.0,1578.35
1745294400,1578.38,1623.36,1573.26,1618.85
1745308800,1618.89,1638.67,1612.9,1630.42
1745323200,1630.29,1725.65,1625.68,1702.96
1745337600,1703.05,1710.43,1682.45,1697.96
1745352000,1698.26,1778.43,1691.85,1755.49
1745366400,1755.67,1807.16,1744.5,1794.38
1745380800,1794.38,1817.96,1773.01,1791.97
1745395200,1791.67,1811.22,1778.63,1795.01
1745409600,1795.34,1834.92,1761.33,1794.17
1745424000,1794.31,1809.72,1773.69,1785.71
1745438400,1785.3,1806.26,1785.16,1794.7
1745452800,1794.7,1802.27,1766.0,1767.98
1745467200,1767.98,1775.91,1751.03,1756.2
1745481600,1756.11,1760.38,1722.4,1752.56
1745496000,1752.88,1774.87,1741.83,1761.99
1745510400,1761.99,1774.85,1743.0,1760.39
1745524800,1760.77,1774.33,1748.38,1768.36
1745539200,1768.77,1789.65,1737.66,1758.49
1745553600,1759.4,1780.51,1757.08,1776.48
1745568000,1776.12,1792.89,1763.52,1788.07
1745582400,1789.07,1826.62,1755.56,1805.53
1745596800,1805.44,1810.02,1781.71,1801.65
1745611200,1801.3,1808.32,1782.55,1783.17
1745625600,1783.48,1814.9,1783.37,1797.19
1745640000,1796.42,1809.63,1787.97,1799.5
1745654400,1799.38,1840.16,1778.08,1784.79
1745668800,1784.97,1803.22,1779.17,1799.57
1745683200,1799.29,1814.03,1794.75,1812.08
1745697600,1811.91,1829.57,1804.16,1819.59
1745712000,1819.65,1856.41,1799.92,1808.81
1745726400,1808.41,1810.49,1788.72,1802.32
1745740800,1802.32,1814.19,1800.05,1804.92
1745755200,1804.68,1807.04,1780.65,1792.46
1745769600,1792.53,1806.9,1786.01,1806.33
1745784000,1806.49,1806.76,1782.99,1790.01
1745798400,1790.06,1792.29,1750.6,1782.82
1745812800,1782.99,1810.74,1782.65,1802.73
1745827200,1803.18,1825.89,1786.96,1814.88
1745841600,1815.09,1815.5,1751.74,1761.98
1745856000,1761.69,1803.4,1742.64,1795.96
1745870400,1795.46,1804.74,1780.01,1798.46
1745884800,1798.65,1809.98,1786.17,1800.34
1745899200,1800.45,1823.73,1786.84,1820.05
1745913600,1820.02,1841.51,1815.36,1828.59
1745928000,1828.11,1832.19,1801.32,1813.68
1745942400,1813.78,1830.98,1805.75,1820.4
1745956800,1820.53,1824.65,1778.95,1796.38
1745971200,1796.03,1813.23,1787.83,1807.25
1745985600,1807.41,1811.38,1789.54,1795.14
1746000000,1794.93,1815.87,1791.45,1813.99
1746014400,1814.03,1814.8,1730.3,1763.15
1746028800,1763.14,1791.81,1754.65,1785.51
1746043200,1785.61,1808.29,1783.64,1791.78
1746057600,1791.78,1817.26,1790.87,1805.95
1746072000,1806.4,1814.88,1800.79,1808.61
1746086400,1808.64,1857.54,1806.91,1843.7
1746100800,1843.74,1872.36,1823.97,1851.39
1746115200,1851.48,1868.72,1836.4,1841.62
1746129600,1841.22,1849.8,1831.7,1836.54
1746144000,1835.72,1849.79,1833.99,1846.08
1746158400,1846.57,1849.87,1814.3,1814.89
1746172800,1815.08,1834.16,1810.97,1831.74
1746187200,1831.27,1852.82,1821.48,1839.61
1746201600,1839.95,1869.17,1830.1,1838.37
1746216000,1838.28,1846.52,1831.19,1840.58
1746230400,1840.77,1841.53,1825.15,1833.2
1746244800,1833.2,1837.99,1823.03,1825.32
1746259200,1825.31,1829.12,1816.13,1823.26
1746273600,1823.12,1838.28,1822.54,1832.97
1746288000,1833.05,1837.9,1808.0,1837.07
1746302400,1837.17,1847.4,1827.0,1832.1
1746316800,1832.08,1848.28,1825.15,1830.55
1746331200,1830.75,1848.75,1828.39,1839.39
1746345600,1839.39,1840.26,1820.64,1826.22
1746360000,1826.18,1832.47,1817.58,1829.36
1746374400,1829.26,1831.7,1820.47,1826.64
1746388800,1826.64,1841.1,1801.32,1807.19
1746403200,1807.08,1816.81,1779.78,1793.12
1746417600,1793.55,1828.0,1791.26,1824.95
1746432000,1824.94,1830.31,1796.64,1803.24
1746446400,1803.42,1813.99,1792.98,1799.68
1746460800,1800.03,1827.26,1799.38,1814.69
1746475200,1815.19,1832.15,1797.84,1818.86
1746489600,1819.13,1819.75,1791.59,1805.14
1746504000,1805.18,1807.85,1796.81,1804.5
1746518400,1804.41,1804.78,1756.0,1768.81
1746532800,1768.88,1778.19,1750.0,1768.58
1746547200,1769.04,1797.41,1761.01,1782.87
1746561600,1783.23,1817.61,1763.6,1815.1
1746576000,1815.53,1848.67,1812.67,1824.97
1746590400,1825.1,1837.0,1823.02,1836.77
1746604800,1836.88,1845.75,1829.09,1835.06
1746619200,1835.27,1835.8,1813.33,1816.08
1746633600,1816.02,1816.75,1785.84,1794.8
1746648000,1794.57,1823.92,1787.64,1809.69
1746662400,1809.61,1905.45,1807.22,1899.54
1746676800,1899.55,1943.93,1890.96,1926.96
1746691200,1926.5,1967.09,1924.49,1956.41
1746705600,1956.41,2075.01,1952.76,2049.96
1746720000,2049.91,2140.33,2034.9,2116.0
1746734400,2116.39,2225.25,2110.0,2205.87
1746748800,2205.48,2243.58,2183.34,2203.05
1746763200,2203.76,2392.86,2201.01,2363.09
1746777600,2362.64,2490.0,2290.29,2349.37
1746792000,2349.57,2387.0,2270.0,2299.87
1746806400,2300.42,2353.97,2272.93,2330.3
1746820800,2330.56,2350.15,2320.73,2343.16
1746835200,2343.39,2379.0,2313.96,2337.89
1746849600,2338.03,2414.79,2324.64,2397.08
1746864000,2398.2,2433.79,2354.72,2382.5
1746878400,2383.0,2446.35,2382.72,2431.11
1746892800,2431.38,2510.68,2427.0,2496.54
1746907200,2496.76,2597.62,2466.67,2580.3
1746921600,2579.28,2606.76,2502.02,2535.71
1746936000,2535.06,2559.82,2451.3,2471.27
1746950400,2471.52,2533.18,2470.58,2527.94
1746964800,2527.74,2529.32,2428.12,2459.9
1746979200,2459.85,2523.46,2437.97,2505.29
1746993600,2506.11,2526.25,2480.96,2512.06
1747008000,2512.12,2545.72,2488.11,2517.63
1747022400,2517.33,2620.63,2483.83,2552.28
1747036800,2552.21,2582.8,2520.01,2527.92
1747051200,2527.43,2573.97,2474.67,2485.76
1747065600,2485.63,2510.37,2405.33,2457.95
1747080000,2457.47,2498.0,2450.35,2492.73
1747094400,2492.95,2493.24,2413.18,2422.73
1747108800,2422.11,2477.6,2417.71,2458.11
1747123200,2458.65,2523.46,2448.91,2511.22
1747137600,2510.75,2571.38,2489.07,2563.09
1747152000,2564.05,2736.63,2557.32,2688.93
1747166400,2687.53,2706.0,2651.68,2677.71
1747180800,2677.43,2722.94,2620.57,2644.59
1747195200,2644.69,2684.67,2634.15,2638.31
1747209600,2638.09,2643.68,2576.0,2622.78
1747224000,2622.75,2632.57,2556.04,2594.53
1747238400,2594.65,2614.7,2545.32,2602.85
1747252800,2602.14,2611.64,2580.16,2607.3
1747267200,2607.27,2644.48,2564.44,2572.42
1747281600,2572.54,2594.14,2514.0,2528.73
1747296000,2528.28,2564.07,2514.74,2552.35
1747310400,2552.01,2576.92,2475.76,2561.4
1747324800,2561.62,2601.37,2508.88,2528.15
1747339200,2528.16,2561.93,2509.75,2546.21
1747353600,2546.67,2582.38,2531.82,2578.21
1747368000,2578.68,2617.1,2561.34,2598.87
1747382400,2598.86,2647.43,2555.71,2618.18
1747396800,2618.34,2620.6,2571.3,2592.52
1747411200,2592.66,2599.51,2567.13,2590.53
1747425600,2589.66,2590.45,2526.92,2534.73
1747440000,2534.78,2535.1,2450.26,2494.51
1747454400,2494.41,2510.84,2472.88,2490.65
1747468800,2490.65,2494.05,2463.63,2479.62
1747483200,2479.79,2484.76,2444.18,2472.38
1747497600,2472.05,2487.0,2446.1,2468.25
1747512000,2468.09,2493.8,2450.81,2473.23
1747526400,2473.53,2485.53,2465.97,2475.19
1747540800,2475.34,2512.78,2475.28,2507.19
1747555200,2507.55,2527.03,2494.56,2499.45
1747569600,2499.11,2585.24,2483.89,2576.98
1747584000,2577.2,2582.11,2401.06,2406.42
1747598400,2406.0,2508.93,2314.1,2495.46
1747612800,2495.94,2510.64,2377.38,2383.36
1747627200,2383.6,2410.66,2345.67,2401.17
1747641600,2401.18,2420.98,2387.48,2415.12
1747656000,2415.12,2470.75,2382.84,2464.01
1747670400,2464.37,2545.15,2448.28,2517.7
1747684800,2516.75,2532.24,2490.42,2525.66
1747699200,2525.53,2585.32,2508.36,2551.01
1747713600,2551.18,2574.9,2518.85,2530.57
1747728000,2529.73,2537.8,2490.0,2511.83
1747742400,2511.74,2512.93,2462.23,2479.86
1747756800,2480.29,2509.56,2440.0,2499.78
1747771200,2499.05,2538.82,2482.77,2521.56
1747785600,2521.73,2552.63,2505.78,2542.75
1747800000,2542.57,2613.09,2532.65,2549.67
1747814400,2551.03,2560.22,2514.09,2534.95
1747828800,2534.93,2580.71,2520.19,2564.46
1747843200,2564.61,2613.11,2450.0,2510.0
1747857600,2510.0,2596.0,2484.37,2548.44
1747872000,2549.63,2646.17,2542.04,2626.91
1747886400,2626.98,2645.12,2600.18,2632.46
1747900800,2632.23,2690.25,2625.7,2649.29
1747915200,2648.97,2677.74,2620.41,2661.78
1747929600,2662.45,2674.31,2624.0,2631.86
1747944000,2633.27,2663.46,2625.7,2661.44
1747958400,2662.59,2731.71,2642.57,2719.57
1747972800,2719.5,2723.5,2649.01,2653.47
1747987200,2653.79,2686.66,2547.64,2564.21
1748001600,2564.49,2589.55,2496.0,2565.49
1748016000,2565.91,2585.0,2543.21,2558.86
1748030400,2558.08,2560.0,2501.16,2524.25
1748044800,2524.35,2553.99,2513.04,2547.66
1748059200,2547.08,2561.22,2532.48,2544.71
1748073600,2544.72,2573.47,2542.81,2560.72
1748088000,2560.63,2563.12,2541.11,2553.15
1748102400,2553.34,2564.5,2538.74,2552.35
1748116800,2552.47,2554.45,2515.25,2527.64
1748131200,2527.8,2536.79,2473.03,2510.84
1748145600,2510.81,2516.67,2484.86,2492.48
1748160000,2492.46,2499.99,2460.0,2495.48
1748174400,2495.71,2522.61,2476.69,2509.01
1748188800,2509.11,2533.5,2493.89,2524.65
1748203200,2524.2,2551.76,2505.18,2548.72
1748217600,2548.73,2574.25,2533.59,2557.38
1748232000,2557.89,2596.8,2555.03,2578.58
1748246400,2578.53,2580.6,2551.11,2565.84
1748260800,2565.44,2572.05,2534.9,2563.11
1748275200,2564.15,2571.02,2522.47,2538.73
1748289600,2538.43,2583.52,2534.01,2561.72
1748304000,2561.73,2571.32,2507.2,2546.53
1748318400,2546.71,2618.04,2546.41,2604.99
1748332800,2605.0,2652.38,2604.99,2649.45
1748347200,2649.22,2684.64,2631.09,2665.94
1748361600,2665.6,2709.92,2655.96,2685.33
1748376000,2685.46,2691.77,2650.12,2658.67
1748390400,2658.18,2659.57,2617.03,2642.75
1748404800,2642.74,2649.9,2620.92,2633.57
1748419200,2633.87,2657.0,2606.25,2654.26
1748433600,2654.67,2686.37,2611.09,2624.52
1748448000,2625.08,2662.14,2614.39,2616.17
1748462400,2615.28,2683.98,2610.37,2678.69
1748476800,2678.6,2786.82,2668.0,2760.16
1748491200,2759.47,2764.2,2699.86,2728.9
1748505600,2728.9,2742.2,2705.0,2713.94
1748520000,2713.49,2716.64,2619.63,2641.16
1748534400,2641.73,2670.73,2626.06,2647.67
1748548800,2647.28,2666.3,2615.73,2629.11
1748563200,2629.1,2643.0,2556.04,2628.4
1748577600,2628.56,2646.98,2604.5,2616.42
1748592000,2616.43,2625.92,2586.58,2619.85
1748606400,2619.89,2623.98,2570.09,2595.8
1748620800,2595.81,2601.89,2531.19,2572.0
1748635200,2571.57,2587.29,2505.21,2528.72
1748649600,2528.71,2536.64,2473.0,2510.66
1748664000,2511.45,2523.74,2502.1,2518.44
1748678400,2518.73,2536.31,2506.0,2517.32
1748692800,2517.4,2547.87,2514.11,2534.1
1748707200,2533.94,2545.54,2521.39,2535.05
1748721600,2535.14,2548.06,2522.08,2525.7
1748736000,2525.98,2528.0,2488.47,2510.92
1748750400,2511.15,2524.75,2503.07,2506.49
1748764800,2506.39,2508.56,2475.44,2495.16
1748779200,2494.69,2522.76,2465.82,2520.75
1748793600,2520.38,2545.35,2490.83,2523.95
1748808000,2523.96,2545.51,2516.81,2537.09
1748822400,2536.94,2539.5,2483.01,2493.9
1748836800,2494.02,2511.42,2481.16,2504.0
1748851200,2503.88,2513.5,2472.6,2478.42
1748865600,2478.52,2554.68,2475.85,2541.68
1748880000,2542.02,2562.62,2522.13,2529.74
1748894400,2530.25,2613.07,2529.68,2605.33
1748908800,2605.6,2647.39,2586.77,2601.44
1748923200,2601.14,2618.18,2587.99,2607.77
1748937600,2607.76,2617.66,2592.37,2599.12
1748952000,2599.82,2654.44,2595.37,2621.28
1748966400,2621.46,2626.13,2601.08,2622.27
1748980800,2622.4,2622.93,2575.0,2590.63
1748995200,2590.79,2638.3,2581.25,2625.4
1749009600,2625.06,2642.31,2617.24,2625.79
1749024000,2625.47,2647.64,2621.75,2622.39
1749038400,2622.4,2677.0,2592.01,2665.53
1749052800,2665.55,2666.7,2620.01,2622.0
1749067200,2621.53,2622.94,2597.04,2605.52
1749081600,2605.32,2629.58,2599.39,2622.36
1749096000,2622.87,2631.74,2598.71,2601.54
1749110400,2602.19,2611.75,2577.46,2605.51
1749124800,2605.51,2638.5,2560.0,2587.01
1749139200,2587.2,2589.1,2502.86,2526.29
1749153600,2526.45,2532.92,2389.0,2411.96
1749168000,2412.42,2454.0,2378.95,2452.91
1749182400,2453.26,2466.73,2444.5,2452.89
1749196800,2452.89,2490.53,2451.34,2473.88
1749211200,2473.74,2528.22,2464.29,2507.08
1749225600,2506.91,2515.95,2480.94,2481.65
1749240000,2482.13,2504.74,2470.08,2473.76
1749254400,2473.76,2491.08,2454.68,2486.56
1749268800,2486.45,2499.05,2477.37,2488.41
1749283200,2489.19,2498.62,2480.26,2492.93
1749297600,2492.92,2521.29,2490.15,2516.88
1749312000,2517.12,2523.62,2504.25,2514.93
1749326400,2514.64,2542.66,2514.64,2522.24
1749340800,2522.18,2523.17,2505.05,2509.18
1749355200,2509.18,2517.47,2505.97,2512.12
1749369600,2512.13,2518.47,2486.73,2510.8
1749384000,2510.74,2525.92,2497.55,2511.75
1749398400,2512.16,2537.78,2510.0,2530.0
1749412800,2530.06,2546.75,2498.15,2507.26
1749427200,2507.04,2509.79,2479.38,2494.45
1749441600,2494.27,2494.61,2475.43,2489.07
1749456000,2489.25,2545.24,2482.36,2538.72
1749470400,2539.54,2546.43,2507.35,2531.65
1749484800,2531.65,2587.38,2531.65,2577.86
1749499200,2578.31,2691.3,2573.32,2677.87
1749513600,2677.86,2725.5,2673.28,2686.66
1749528000,2687.41,2697.45,2652.52,2674.59
1749542400,2675.21,2797.15,2667.08,2771.53
1749556800,2771.22,2777.0,2690.0,2730.17
1749571200,2730.53,2805.34,2725.63,2771.28
1749585600,2771.83,2824.87,2732.93,2813.8
1749600000,2813.81,2832.84,2770.0,2788.62
1749614400,2788.77,2802.12,2778.01,2789.09
1749628800,2789.37,2790.94,2751.02,2770.22
1749643200,2770.5,2876.63,2761.22,2862.42
1749657600,2862.27,2872.75,2798.97,2811.3
1749672000,2811.07,2828.96,2740.97,2769.43
1749686400,2769.21,2782.35,2744.07,2762.03
1749700800,2763.09,2773.61,2729.9,2738.09
1749715200,2737.75,2759.45,2718.0,2727.23
1749729600,2727.39,2769.94,2709.0,2717.02
1749744000,2717.23,2768.27,2688.59,2692.76
1749758400,2691.61,2700.65,2614.0,2640.03
1749772800,2640.8,2642.52,2434.9,2511.5
1749787200,2511.82,2540.08,2489.53,2523.97
1749801600,2524.34,2542.84,2503.62,2542.29
1749816000,2542.43,2560.64,2500.54,2548.72
1749830400,2548.78,2582.55,2507.89,2525.34
1749844800,2524.83,2580.7,2521.6,2576.36
1749859200,2576.67,2576.87,2544.53,2546.62
1749873600,2546.63,2554.23,2523.74,2535.38
1749888000,2534.86,2537.19,2515.84,2536.02
1749902400,2535.78,2543.04,2502.24,2517.0
1749916800,2517.0,2524.0,2486.23,2505.01
1749931200,2505.13,2538.06,2494.01,2528.2
1749945600,2529.13,2538.53,2522.42,2527.85
1749960000,2528.24,2550.54,2520.22,2526.23
1749974400,2526.37,2527.74,2506.25,2513.41
1749988800,2513.41,2552.58,2513.25,2539.12
1750003200,2539.48,2557.22,2528.25,2534.31
1750017600,2534.35,2547.21,2489.06,2544.92
1750032000,2544.93,2576.1,2511.89,2565.98
1750046400,2566.08,2635.67,2564.5,2626.4
1750060800,2626.67,2631.7,2590.55,2614.61
1750075200,2614.68,2655.27,2602.08,2629.19
1750089600,2629.6,2667.62,2625.0,2657.68
1750104000,2657.87,2677.99,2531.98,2541.74
1750118400,2542.02,2615.24,2522.03,2604.79
1750132800,2604.79,2608.3,2568.56,2580.91
1750147200,2579.61,2583.2,2539.73,2550.09
1750161600,2550.01,2565.32,2478.29,2496.16
1750176000,2495.79,2541.34,2451.57,2525.71
1750190400,2525.43,2531.42,2489.1,2507.66
1750204800,2507.76,2533.54,2503.77,2525.63
1750219200,2525.06,2544.47,2515.01,2531.69
1750233600,2531.69,2546.98,2486.51,2512.0
1750248000,2512.01,2536.85,2463.37,2507.22
1750262400,2506.78,2516.41,2465.49,2490.11
1750276800,2490.42,2535.95,2480.63,2522.93
1750291200,2522.84,2544.99,2504.21,2522.94
1750305600,2523.13,2528.73,2511.84,2516.69
1750320000,2516.69,2541.94,2516.67,2529.18
1750334400,2529.32,2534.28,2487.43,2490.61
1750348800,2490.54,2520.74,2482.44,2502.23
1750363200,2502.44,2529.58,2500.1,2518.65
1750377600,2518.83,2529.37,2510.31,2515.07
1750392000,2514.93,2548.99,2501.68,2546.98
1750406400,2547.18,2567.14,2539.17,2547.7
1750420800,2547.97,2557.57,2485.06,2491.65
1750435200,2491.91,2494.15,2362.26,2412.35
1750449600,2411.72,2435.75,2380.09,2404.43
1750464000,2404.43,2430.09,2393.76,2423.31
1750478400,2423.31,2425.84,2417.02,2424.5
1750492800,2424.5,2446.47,2421.29,2440.29
1750507200,2440.0,2442.78,2410.07,2421.27
1750521600,2420.81,2426.12,2379.72,2382.66
1750536000,2382.7,2407.04,2210.03,2293.2
1750550400,2293.45,2311.91,2244.53,2262.31
1750564800,2262.57,2295.53,2259.72,2267.87
1750579200,2268.58,2278.33,2234.43,2271.23
1750593600,2271.38,2284.74,2154.25,2173.42
1750608000,2173.11,2218.47,2168.72,2182.2
1750622400,2181.72,2235.55,2107.57,2225.89
1750636800,2225.62,2257.74,2220.3,2232.34
1750651200,2232.92,2274.38,2226.01,2256.87
1750665600,2256.55,2272.2,2237.17,2250.68
1750680000,2251.68,2312.09,2230.39,2246.76
1750694400,2246.39,2323.22,2186.2,2310.41
1750708800,2311.17,2436.3,2301.34,2409.54
1750723200,2410.21,2415.75,2386.71,2396.54
1750737600,2396.43,2432.19,2388.67,2390.85
1750752000,2390.84,2449.39,2373.53,2407.2
1750766400,2407.01,2452.63,2400.24,2436.19
1750780800,2436.19,2480.78,2413.62,2432.68
1750795200,2432.0,2447.88,2428.24,2446.41
1750809600,2446.61,2466.42,2434.38,2441.97
1750824000,2442.08,2448.85,2422.0,2442.88
1750838400,2442.48,2446.08,2406.3,2426.59
1750852800,2426.79,2444.11,2387.35,2403.51
1750867200,2403.51,2436.94,2399.34,2430.25
1750881600,2429.98,2452.55,2405.66,2416.64
1750896000,2416.65,2517.97,2414.67,2487.04
1750910400,2487.1,2498.18,2465.57,2488.71
1750924800,2487.4,2498.22,2437.91,2448.39
1750939200,2448.87,2457.21,2406.9,2431.13
1750953600,2430.62,2440.65,2415.73,2433.52
1750968000,2432.52,2455.33,2392.0,2413.59
1750982400,2413.59,2445.9,2379.81,2443.77
1750996800,2444.27,2457.35,2432.02,2440.08
1751011200,2440.54,2461.88,2433.48,2445.38
1751025600,2445.35,2454.77,2411.87,2435.89
1751040000,2436.29,2447.64,2385.38,2410.36
1751054400,2410.01,2427.36,2408.89,2420.59
1751068800,2421.18,2421.65,2403.27,2418.64
1751083200,2418.83,2432.33,2415.18,2429.36
1751097600,2429.85,2430.42,2417.53,2425.27
1751112000,2425.45,2440.34,2417.57,2433.35
1751126400,2433.76,2445.68,2429.54,2430.91
1751140800,2430.8,2439.87,2425.04,2433.54
1751155200,2433.54,2440.77,2422.11,2425.43
1751169600,2426.07,2438.2,2424.41,2438.2
1751184000,2438.2,2461.15,2435.44,2459.78
1751198400,2459.56,2461.07,2430.54,2434.85
1751212800,2434.85,2440.26,2426.44,2435.95
1751227200,2435.95,2522.74,2408.79,2498.13
1751241600,2498.25,2521.52,2493.18,2497.49
1751256000,2497.45,2503.54,2453.3,2478.42
1751270400,2478.45,2483.99,2444.31,2455.93
1751284800,2456.0,2485.95,2431.81,2472.1
1751299200,2472.32,2516.22,2459.27,2514.81
1751313600,2514.06,2519.92,2480.12,2482.59
1751328000,2482.87,2497.77,2475.0,2483.31
1751342400,2483.02,2483.69,2442.02,2462.65
1751356800,2462.54,2462.54,2439.28,2446.84
1751371200,2447.14,2454.48,2404.43,2421.15
1751385600,2421.15,2432.33,2395.73,2400.39
1751400000,2400.7,2416.41,2384.0,2402.81
1751414400,2402.65,2430.21,2370.0,2427.68
1751428800,2427.62,2451.73,2422.68,2444.57
1751443200,2444.91,2458.31,2439.41,2443.35
1751457600,2443.35,2500.5,2429.47,2497.12
1751472000,2496.42,2605.0,2492.62,2603.29
1751486400,2601.97,2616.74,2566.84,2568.06
1751500800,2568.06,2584.18,2554.67,2559.5
1751515200,2559.26,2603.24,2557.47,2597.73
1751529600,2599.34,2615.0,2578.91,2595.33
1751544000,2595.02,2634.35,2563.04,2568.62
1751558400,2568.46,2590.58,2563.24,2583.84
1751572800,2584.73,2602.08,2582.94,2588.94
1751587200,2588.8,2600.76,2568.76,2575.47
1751601600,2575.47,2582.1,2527.84,2533.13
1751616000,2532.68,2556.14,2525.83,2547.14
1751630400,2547.2,2553.9,2495.22,2499.03
1751644800,2498.62,2501.74,2472.29,2480.79
1751659200,2480.79,2518.83,2479.52,2505.99
1751673600,2505.99,2522.67,2495.73,2515.68
1751688000,2515.68,2527.28,2510.15,2519.04
1751702400,2518.84,2523.07,2506.33,2515.31
1751716800,2515.3,2519.0,2501.46,2505.45
1751731200,2505.53,2511.0,2485.34,2503.22
1751745600,2502.88,2520.23,2495.68,2513.7
1751760000,2513.75,2518.52,2507.19,2512.68
1751774400,2512.66,2524.35,2506.68,2515.58
1751788800,2515.58,2516.16,2501.35,2513.85
1751803200,2513.85,2568.07,2509.73,2556.21
1751817600,2556.13,2558.6,2521.6,2538.4
1751832000,2538.24,2603.46,2537.6,2568.17
1751846400,2568.34,2588.0,2547.51,2574.71
1751860800,2574.71,2578.2,2557.41,2575.7
1751875200,2575.06,2585.99,2550.2,2560.91
1751889600,2560.91,2566.88,2525.34,2531.24
1751904000,2531.33,2554.99,2510.0,2541.42
1751918400,2540.95,2543.1,2520.32,2540.01
1751932800,2540.0,2552.0,2521.36,2535.62
1751947200,2535.29,2561.22,2529.42,2550.78
1751961600,2551.14,2583.87,2540.73,2572.3
1751976000,2572.73,2598.37,2555.5,2562.52
1751990400,2562.59,2626.13,2557.34,2607.94
1752004800,2608.07,2615.19,2594.28,2612.65
1752019200,2612.65,2624.95,2587.75,2589.49
1752033600,2588.96,2644.8,2588.32,2622.51
1752048000,2622.51,2627.99,2601.72,2623.53
1752062400,2623.8,2672.33,2621.27,2654.06
1752076800,2654.14,2793.34,2649.29,2762.67
1752091200,2761.83,2780.94,2729.63,2765.91
1752105600,2766.03,2795.95,2752.41,2773.62
1752120000,2773.01,2820.84,2763.16,2788.18
1752134400,2788.01,2794.6,2770.23,2776.52
1752148800,2776.51,2792.69,2755.81,2766.93
1752163200,2767.21,2838.0,2766.3,2813.49
1752177600,2812.68,3003.09,2810.45,2949.6
1752192000,2949.17,2972.41,2912.36,2967.21
1752206400,2967.08,3026.69,2940.98,2967.44
1752220800,2966.91,3038.09,2962.42,2982.51
1752235200,2982.67,3008.19,2936.93,2949.24
1752249600,2950.0,3008.14,2934.19,3005.26
1752264000,3005.29,3006.67,2920.54,2956.14
1752278400,2955.74,2969.6,2930.67,2964.26
1752292800,2964.5,2976.13,2939.53,2961.02
1752307200,2961.02,2977.77,2955.42,2960.92
1752321600,2961.01,2965.26,2902.33,2914.73
1752336000,2914.05,2942.92,2909.04,2937.68
1752350400,2937.68,2945.48,2912.26,2940.28
1752364800,2940.68,2958.14,2933.58,2951.43
1752379200,2952.23,2964.03,2946.73,2959.81
1752393600,2959.81,2963.51,2942.53,2962.55
1752408000,2962.42,3018.23,2956.17,2989.72
1752422400,2989.72,3008.37,2959.46,2986.61
1752436800,2986.61,2996.1,2937.85,2969.47
1752451200,2969.87,3051.35,2960.52,3035.47
1752465600,3036.29,3066.29,3016.0,3043.35
1752480000,3043.68,3082.18,3022.15,3051.2
1752494400,3050.48,3067.38,2993.51,3011.79
1752508800,3010.81,3029.52,2981.7,2997.99
1752523200,2998.96,3017.02,2979.26,3011.58
1752537600,3011.73,3021.33,2930.66,2950.01
1752552000,2949.88,2993.42,2932.82,2975.71
1752566400,2976.15,2988.17,2957.03,2979.73
1752580800,2980.48,3066.19,2965.42,3037.91
1752595200,3038.07,3097.21,3032.39,3040.78
1752609600,3039.38,3144.12,3029.09,3137.73
1752624000,3137.07,3152.81,3102.51,3114.56
1752638400,3114.95,3173.21,3100.3,3159.91
1752652800,3160.01,3172.24,3142.55,3149.06
1752667200,3149.2,3265.14,3146.05,3242.65
1752681600,3242.58,3381.02,3232.84,3380.63
1752696000,3381.34,3421.34,3340.35,3369.84
1752710400,3370.17,3396.9,3309.39,3329.66
1752724800,3328.14,3468.1,3319.41,3446.4
1752739200,3446.97,3481.4,3423.95,3432.72
1752753600,3433.39,3439.29,3362.0,3419.01
1752768000,3418.72,3452.91,3364.39,3409.71
1752782400,3409.08,3522.6,3369.89,3474.89
1752796800,3474.64,3625.74,3456.66,3594.51
1752811200,3594.6,3672.93,3575.2,3606.2
1752825600,3605.75,3629.48,3583.3,3609.63
1752840000,3610.35,3672.15,3530.72,3563.77
1752854400,3564.3,3624.55,3536.43,3549.91
1752868800,3550.59,3576.84,3475.62,3545.82
1752883200,3545.82,3597.34,3505.44,3590.94
1752897600,3591.49,3607.57,3566.01,3570.06
1752912000,3570.37,3577.2,3536.63,3551.02
1752926400,3551.07,3570.66,3524.02,3550.89
1752940800,3550.62,3581.24,3530.69,3576.41
1752955200,3576.04,3596.78,3537.37,3589.69
1752969600,3590.3,3693.63,3577.6,3656.68
1752984000,3656.99,3686.86,3632.16,3665.98
1752998400,3666.17,3768.85,3666.17,3754.63
1753012800,3754.63,3788.17,3723.59,3783.61
1753027200,3783.6,3822.42,3727.32,3748.07
1753041600,3748.42,3771.75,3680.0,3755.57
1753056000,3755.57,3764.79,3699.54,3755.91
1753070400,3755.71,3811.53,3746.5,3786.31
1753084800,3786.11,3837.15,3755.36,3806.83
1753099200,3808.43,3857.99,3774.58,3810.13
1753113600,3810.13,3817.18,3719.23,3735.83
1753128000,3735.24,3779.33,3719.15,3761.56
1753142400,3762.38,3797.83,3694.06,3731.94
1753156800,3731.02,3734.57,3651.3,3675.76
1753171200,3673.72,3719.0,3616.7,3705.62
1753185600,3706.13,3729.05,3624.07,3717.84
1753200000,3717.64,3749.71,3653.72,3668.98
1753214400,3668.29,3750.88,3660.39,3745.33
1753228800,3745.5,3763.65,3711.51,3727.65
1753243200,3727.93,3736.91,3662.16,3672.08
1753257600,3672.07,3696.15,3638.44,3670.49
1753272000,3670.06,3679.39,3576.9,3643.68
1753286400,3641.77,3642.38,3551.47,3586.62
1753300800,3586.45,3632.0,3526.03,3626.43
1753315200,3626.69,3662.91,3611.34,3638.38
1753329600,3638.91,3655.68,3505.55,3589.72
1753344000,3589.41,3659.0,3579.22,3653.28
1753358400,3652.68,3769.63,3611.46,3728.14
1753372800,3729.66,3752.61,3664.67,3731.31
1753387200,3731.12,3741.74,3692.75,3704.64
1753401600,3705.63,3706.29,3571.02,3592.9
1753416000,3592.77,3665.16,3576.51,3629.16
1753430400,3629.24,3744.7,3626.67,3718.37
1753444800,3719.41,3732.29,3599.01,3631.16
1753459200,3631.18,3656.56,3613.66,3637.61
1753473600,3637.72,3727.34,3636.98,3722.21
1753488000,3721.95,3764.5,3692.62,3736.13
1753502400,3736.18,3753.13,3727.58,3738.84
1753516800,3738.97,3780.7,3728.43,3736.92
1753531200,3736.85,3752.66,3712.98,3732.67
1753545600,3732.67,3753.77,3706.71,3747.67
1753560000,3747.64,3791.98,3731.21,3738.29
1753574400,3738.73,3785.31,3726.82,3771.12
1753588800,3770.92,3808.55,3759.47,3765.12
1753603200,3765.22,3839.97,3748.46,3812.75
1753617600,3812.72,3833.62,3789.0,3816.41
1753632000,3816.41,3866.91,3806.11,3825.83
1753646400,3826.2,3877.9,3812.89,3869.06
1753660800,3869.69,3906.8,3840.19,3877.37
1753675200,3877.35,3939.11,3865.36,3891.35
1753689600,3890.36,3900.0,3856.99,3877.54
1753704000,3877.69,3887.87,3771.21,3804.71
1753718400,3804.65,3819.97,3750.96,3793.98
1753732800,3794.87,3801.85,3763.25,3794.87
1753747200,3794.88,3819.97,3727.18,3788.91
1753761600,3789.15,3877.11,3772.49,3874.29
1753776000,3874.31,3883.47,3809.09,3823.33
1753790400,3823.41,3871.64,3744.64,3759.24
1753804800,3760.37,3793.76,3713.21,3761.97
1753819200,3762.28,3798.25,3737.61,3790.49
1753833600,3790.69,3825.19,3752.7,3813.65
1753848000,3813.88,3830.99,3783.0,3807.8
1753862400,3807.81,3822.57,3741.14,3754.75
1753876800,3754.65,3828.99,3746.02,3793.88
1753891200,3794.5,3818.48,3673.34,3756.64
1753905600,3756.2,3808.0,3738.93,3806.12
1753920000,3806.39,3865.35,3796.42,3859.97
1753934400,3860.65,3874.66,3851.37,3859.77
1753948800,3859.87,3869.26,3823.01,3834.89
1753963200,3835.27,3841.45,3758.76,3784.12
1753977600,3784.32,3814.6,3731.33,3734.42
1753992000,3733.66,3754.85,3680.63,3695.21
1754006400,3694.16,3720.44,3611.51,3701.39
1754020800,3700.85,3700.85,3621.05,3647.81
1754035200,3646.7,3646.7,3582.0,3639.35
1754049600,3638.69,3671.95,3561.13,3612.39
1754064000,3611.57,3630.49,3511.57,3515.29
1754078400,3515.45,3550.89,3426.29,3484.25
1754092800,3484.25,3528.24,3474.67,3525.08
1754107200,3525.15,3533.83,3452.6,3515.84
1754121600,3515.93,3521.16,3471.51,3505.03
1754136000,3505.14,3513.74,3448.07,3456.21
1754150400,3455.97,3477.96,3370.0,3379.86
1754164800,3379.86,3438.39,3365.94,3391.0
1754179200,3391.59,3448.28,3353.59,3440.23
1754193600,3440.2,3456.33,3430.0,3452.81
1754208000,3452.58,3513.12,3450.44,3481.67
1754222400,3481.47,3501.0,3450.74,3472.87
1754236800,3472.53,3510.82,3463.87,3493.16
1754251200,3493.13,3518.88,3479.66,3493.74
1754265600,3495.02,3573.3,3487.66,3553.38
1754280000,3553.97,3561.83,3516.88,3548.91
1754294400,3549.21,3571.38,3538.72,3552.73
1754308800,3552.53,3661.56,3547.24,3644.78
1754323200,3644.81,3715.0,3644.81,3665.78
1754337600,3666.97,3733.33,3657.96,3717.34
1754352000,3717.36,3717.73,3645.3,3648.84
1754366400,3648.83,3676.16,3598.51,3610.29
1754380800,3609.85,3690.87,3605.29,3670.24
1754395200,3670.84,3676.82,3553.57,3568.21
1754409600,3567.06,3609.6,3556.0,3568.29
1754424000,3568.31,3621.49,3541.11,3608.48
1754438400,3608.49,3610.68,3561.01,3580.24
1754452800,3580.39,3658.81,3566.34,3636.69
1754467200,3636.04,3642.34,3606.55,3616.37
1754481600,3616.54,3665.87,3570.69,3661.97
1754496000,3660.86,3695.76,3635.04,3680.17
1754510400,3680.18,3682.02,3648.9,3679.14
1754524800,3679.01,3713.64,3643.96,3653.5
1754539200,3653.5,3707.37,3651.62,3698.65
1754553600,3698.72,3841.68,3698.58,3823.88
1754568000,3825.88,3862.74,3800.11,3832.88
1754582400,3832.88,3874.59,3777.24,3864.35
1754596800,3863.88,3925.01,3847.63,3906.77
1754611200,3906.37,3966.67,3875.39,3936.03
1754625600,3935.63,3935.83,3891.34,3912.83
1754640000,3912.6,3924.24,3880.81,3914.94
1754654400,3914.94,4010.0,3888.24,3951.32
1754668800,3951.32,4063.62,3946.7,4057.73
1754683200,4057.96,4070.18,4004.26,4007.58
1754697600,4007.66,4048.58,4004.23,4047.46
1754712000,4047.46,4213.58,4041.18,4168.09
1754726400,4168.3,4246.79,4163.46,4188.61
1754740800,4188.52,4225.55,4152.13,4206.25
1754755200,4206.53,4270.89,4191.49,4257.27
1754769600,4256.84,4327.6,4241.29,4260.88
1754784000,4260.88,4332.0,4206.0,4242.58
1754798400,4242.55,4264.61,4175.0,4184.26
1754812800,4183.91,4231.35,4158.74,4179.03
1754827200,4179.91,4237.14,4160.23,4215.81
1754841600,4215.02,4257.5,4212.42,4247.61
1754856000,4246.74,4252.36,4184.61,4248.66
1754870400,4248.69,4340.54,4236.11,4306.57
1754884800,4307.29,4347.65,4264.43,4272.09
1754899200,4271.56,4282.67,4169.0,4182.56
1754913600,4182.56,4330.05,4163.6,4327.04
1754928000,4327.04,4365.59,4230.95,4256.17
1754942400,4256.17,4256.17,4185.91,4219.94
1754956800,4219.46,4307.7,4215.69,4282.26
1754971200,4281.41,4318.34,4262.52,4311.13
1754985600,4312.21,4329.74,4254.26,4287.39
1755000000,4286.66,4477.48,4274.39,4468.06
1755014400,4468.5,4516.32,4436.67,4512.94
1755028800,4513.87,4639.2,4500.81,4587.53
1755043200,4586.62,4654.03,4561.71,4643.53
1755057600,4642.37,4681.58,4606.17,4622.7
1755072000,4623.18,4715.47,4606.97,4688.05
1755086400,4689.45,4734.93,4614.59,4662.82
1755100800,4663.51,4750.54,4659.22,4737.25
1755115200,4738.06,4782.01,4695.33,4747.14
1755129600,4747.55,4780.09,4707.69,4774.29
1755144000,4774.29,4792.1,4716.56,4747.1
1755158400,4749.01,4765.92,4672.75,4719.14
1755172800,4718.43,4736.59,4453.97,4617.76
1755187200,4617.7,4622.37,4478.4,4534.73
1755201600,4535.19,4568.72,4450.91,4543.44
1755216000,4543.43,4646.67,4534.73,4629.88
1755230400,4631.12,4659.62,4602.72,4638.36
1755244800,4637.97,4663.46,4609.72,4630.94
1755259200,4631.63,4670.51,4391.18,4427.78
1755273600,4426.09,4456.0,4370.4,4380.52
1755288000,4380.91,4487.54,4363.86,4435.83
1755302400,4435.11,4485.57,4422.0,4429.33
1755316800,4429.44,4459.99,4402.27,4447.3
1755331200,4447.66,4454.84,4370.0,4384.6
1755345600,4384.67,4425.0,4372.17,4396.71
1755360000,4396.61,4438.15,4386.55,4414.8
1755374400,4414.8,4434.12,4398.76,4416.81
1755388800,4417.83,4455.43,4390.17,4448.09
1755403200,4448.42,4486.56,4439.78,4462.65
1755417600,4463.24,4573.18,4454.77,4547.7
1755432000,4547.45,4561.25,4514.0,4556.93
1755446400,4557.72,4562.32,4422.0,4455.94
1755460800,4455.91,4530.04,4452.85,4468.65
1755475200,4469.24,4478.56,4273.11,4316.73
1755489600,4315.9,4343.92,4226.0,4253.16
1755504000,4253.31,4315.03,4220.52,4271.56
1755518400,4270.4,4365.62,4267.32,4341.66
1755532800,4341.95,4381.45,4296.11,4351.73
1755547200,4351.48,4384.63,4301.87,4310.67
1755561600,4310.76,4352.06,4211.25,4216.9
1755576000,4216.22,4249.5,4191.59,4234.5
1755590400,4234.85,4313.99,4218.18,4306.63
1755604800,4306.97,4339.16,4168.79,4189.51
1755619200,4189.16,4206.49,4112.77,4140.36
1755633600,4140.6,4164.78,4065.86,4075.82
1755648000,4075.8,4158.0,4060.85,4139.17
1755662400,4139.67,4210.49,4137.63,4182.52
1755676800,4182.73,4238.98,4147.62,4192.56
1755691200,4192.62,4305.34,4104.28,4254.16
1755705600,4254.04,4363.25,4254.04,4343.92
1755720000,4344.27,4377.34,4319.14,4334.15
1755734400,4334.33,4339.28,4275.29,4293.93
1755748800,4293.11,4320.0,4269.1,4308.02
1755763200,4310.36,4312.88,4254.71,4278.57
1755777600,4278.56,4326.8,4223.05,4242.36
1755792000,4242.36,4274.3,4207.22,4224.15
1755806400,4223.6,4260.15,4202.16,4225.51
1755820800,4225.12,4315.0,4221.53,4276.43
1755835200,4276.14,4344.97,4271.0,4327.03
1755849600,4327.04,4352.33,4270.59,4272.05
1755864000,4271.85,4668.12,4205.75,4614.2
1755878400,4614.09,4859.66,4614.09,4833.78
1755892800,4833.28,4887.97,4798.03,4830.23
1755907200,4830.24,4830.99,4662.68,4695.51
1755921600,4696.0,4764.75,4695.54,4714.7
1755936000,4714.79,4745.95,4687.93,4704.59
1755950400,4704.98,4766.76,4692.06,4750.92
1755964800,4750.05,4760.88,4724.63,4756.06
1755979200,4755.91,4797.99,4736.41,4776.98
1755993600,4776.96,4817.39,4751.96,4786.68
1756008000,4787.34,4799.76,4755.16,4757.06
1756022400,4759.24,4785.86,4718.85,4748.46
1756036800,4747.44,4831.46,4737.0,4796.14
1756051200,4796.28,4961.06,4743.31,4813.29
1756065600,4813.29,4823.57,4708.17,4777.9
1756080000,4777.9,4796.51,4669.69,4727.35
1756094400,4727.44,4738.24,4580.68,4592.59
1756108800,4591.72,4615.99,4517.64,4598.21
1756123200,4597.57,4683.03,4585.0,4611.32
1756137600,4611.42,4644.59,4412.72,4417.02
1756152000,4418.53,4445.35,4331.11,4374.93
1756166400,4375.24,4449.92,4309.98,4401.66
1756180800,4402.0,4452.89,4391.42,4427.73
1756195200,4427.78,4464.6,4403.34,4424.29
1756209600,4424.7,4577.94,4403.11,4516.86
1756224000,4517.19,4595.8,4494.7,4594.32
1756238400,4593.88,4632.06,4558.62,4598.62
1756252800,4599.0,4623.85,4539.2,4600.67
1756267200,4600.74,4643.0,4558.01,4579.21
1756281600,4579.23,4619.2,4554.18,4605.91
1756296000,4605.72,4662.83,4572.09,4653.98
1756310400,4654.06,4654.07,4530.27,4563.2
1756324800,4563.2,4612.74,4480.89,4507.01
1756339200,4506.17,4547.25,4466.4,4539.27
1756353600,4540.01,4598.27,4533.0,4593.21
1756368000,4593.64,4632.03,4579.47,4593.9
1756382400,4594.32,4613.62,4482.75,4503.09
1756396800,4503.12,4529.59,4433.01,4435.57
1756411200,4437.15,4515.26,4426.47,4508.26
1756425600,4508.52,4516.19,4432.01,4488.02
1756440000,4488.0,4495.67,4366.82,4380.89
1756454400,4381.05,4397.76,4317.15,4346.03
1756468800,4346.03,4454.47,4261.09,4314.93
1756483200,4314.38,4365.8,4293.26,4339.03
1756497600,4338.72,4379.11,4302.8,4358.92
1756512000,4359.84,4381.38,4255.81,4351.57
1756526400,4351.61,4413.75,4344.42,4399.49
1756540800,4398.24,4406.87,4376.25,4390.89
1756555200,4390.78,4391.88,4328.32,4373.36
1756569600,4373.18,4373.41,4333.08,4353.27
1756584000,4353.34,4377.75,4333.2,4372.84
1756598400,4373.0,4484.0,4370.11,4483.98
1756612800,4483.98,4489.07,4430.71,4448.1
1756627200,4447.78,4483.17,4437.38,4475.06
1756641600,4473.8,4497.0,4447.64,4481.91
1756656000,4481.83,4489.43,4451.26,4453.9
1756670400,4454.18,4476.11,4375.98,4391.19
1756684800,4390.58,4430.0,4357.89,4400.5
1756699200,4400.11,4462.2,4356.18,4461.6
1756713600,4462.39,4489.56,4380.12,4390.37
1756728000,4390.59,4422.4,4344.47,4361.3
1756742400,4360.62,4370.17,4306.38,4364.75
1756756800,4365.12,4366.14,4207.93,4311.14
1756771200,4312.09,4391.67,4287.7,4363.52
1756785600,4364.0,4414.0,4359.52,4376.61
1756800000,4376.47,4407.72,4338.27,4347.66
1756814400,4346.05,4396.76,4269.48,4292.33
1756828800,4291.76,4330.48,4254.95,4273.67
1756843200,4273.07,4335.89,4263.52,4324.56
1756857600,4326.04,4355.38,4280.39,4334.28
1756872000,4333.73,4342.07,4286.32,4307.87
1756886400,4307.65,4384.37,4300.25,4369.65
1756900800,4369.3,4485.36,4340.6,4476.16
1756915200,4476.14,4488.0,4452.04,4472.6
1756929600,4473.2,4484.54,4431.5,4449.27
1756944000,4446.89,4481.78,4387.15,4396.02
1756958400,4396.26,4415.6,4355.0,4368.79
1756972800,4369.34,4432.37,4362.89,4406.51
1756987200,4406.52,4427.8,4292.43,4302.01
1757001600,4302.03,4320.36,4262.15,4273.88
1757016000,4273.84,4350.67,4270.77,4296.98
1757030400,4296.68,4334.0,4287.89,4328.17
1757044800,4328.18,4425.0,4314.42,4413.66
1757059200,4414.01,4425.13,4372.04,4414.81
1757073600,4414.81,4496.54,4255.17,4281.3
1757088000,4280.62,4330.0,4270.0,4329.99
1757102400,4328.92,4340.77,4281.68,4305.62
1757116800,4305.62,4327.77,4300.14,4319.41
1757131200,4319.07,4319.24,4288.54,4309.42
1757145600,4310.28,4313.6,4283.19,4299.15
1757160000,4298.98,4308.3,4260.65,4267.65
1757174400,4267.46,4302.13,4230.31,4254.54
1757188800,4253.19,4287.81,4251.04,4270.34
1757203200,4271.14,4302.58,4267.83,4295.6
1757217600,4295.6,4305.7,4275.14,4293.85
1757232000,4293.5,4312.39,4289.14,4308.84
1757246400,4308.84,4310.0,4285.4,4298.09
1757260800,4296.53,4299.86,4267.86,4291.74
1757275200,4289.79,4335.0,4278.39,4303.67
1757289600,4303.07,4329.62,4276.26,4310.86
1757304000,4310.73,4312.66,4285.01,4289.83
1757318400,4291.11,4337.13,4285.65,4310.0
1757332800,4310.35,4382.67,4304.0,4370.0
1757347200,4368.93,4371.78,4281.37,4291.47
1757361600,4292.0,4332.48,4280.14,4304.29
1757376000,4304.43,4315.54,4275.78,4306.37
1757390400,4306.37,4380.0,4301.01,4359.77
1757404800,4360.0,4365.0,4340.37,4345.28
1757419200,4345.79,4366.99,4275.81,4284.89
1757433600,4284.87,4299.34,4276.28,4293.22
1757448000,4293.28,4320.69,4280.49,4309.85
1757462400,4310.0,4326.76,4285.0,4319.92
1757476800,4319.88,4332.96,4292.86,4329.56
1757491200,4327.88,4333.76,4307.42,4330.84
1757505600,4330.87,4453.84,4328.02,4402.78
1757520000,4403.29,4408.56,4298.14,4320.75
1757534400,4320.95,4355.0,4318.24,4346.72
1757548800,4346.87,4407.38,4337.41,4401.84
1757563200,4401.85,4449.4,4394.29,4437.68
1757577600,4438.12,4441.86,4404.56,4427.58
1757592000,4431.02,4479.84,4347.69,4409.98
1757606400,4410.11,4440.99,4405.44,4422.44
1757620800,4423.32,4468.44,4413.47,4455.61
1757635200,4455.61,4540.0,4448.48,4505.91
1757649600,4505.55,4562.0,4498.34,4526.55
1757664000,4526.64,4537.53,4505.4,4521.05
1757678400,4521.9,4571.81,4501.54,4540.09
1757692800,4541.13,4660.44,4532.91,4657.4
1757707200,4657.32,4756.4,4631.0,4712.75
1757721600,4712.75,4765.89,4692.0,4756.27
1757736000,4754.71,4754.95,4701.69,4710.66
1757750400,4710.88,4740.49,4708.04,4719.25
1757764800,4719.7,4731.8,4643.68,4656.25
1757779200,4656.26,4669.24,4605.91,4639.1
1757793600,4639.1,4674.79,4638.49,4666.78
1757808000,4666.88,4695.45,4652.0,4665.92
1757822400,4665.91,4683.89,4635.0,4653.75
1757836800,4653.7,4676.75,4629.3,4638.38
1757851200,4638.12,4647.61,4578.12,4584.99
1757865600,4584.99,4633.39,4580.65,4618.99
1757880000,4618.93,4639.12,4600.87,4606.67
1757894400,4606.67,4644.93,4580.79,4636.95
1757908800,4636.92,4671.92,4589.65,4597.68
1757923200,4597.43,4597.67,4496.39,4528.81
1757937600,4529.2,4542.35,4464.0,4499.28
1757952000,4499.24,4513.77,4474.36,4493.51
1757966400,4493.48,4529.16,4486.67,4520.53
1757980800,4520.79,4536.4,4502.42,4519.12
1757995200,4520.88,4533.0,4486.71,4507.31
1758009600,4509.0,4529.13,4491.0,4500.5
1758024000,4500.77,4511.25,4421.03,4465.87
1758038400,4465.88,4507.69,4443.4,4487.96
1758052800,4486.81,4522.99,4480.01,4499.9
1758067200,4499.89,4548.58,4490.41,4495.9
1758081600,4496.54,4552.4,4461.01,4540.0
1758096000,4541.33,4543.91,4476.72,4489.14
1758110400,4490.47,4511.2,4466.0,4486.61
1758124800,4486.25,4532.0,4387.41,4515.0
1758139200,4516.17,4615.28,4483.42,4586.3
1758153600,4588.08,4643.0,4576.88,4611.23
1758168000,4611.24,4618.0,4550.24,4571.78
1758182400,4571.97,4606.17,4566.09,4574.35
1758196800,4574.35,4623.61,4555.41,4595.65
1758211200,4595.77,4634.99,4578.37,4584.51
1758225600,4585.46,4604.37,4568.45,4584.75
1758240000,4584.67,4619.63,4540.33,4549.47
1758254400,4549.32,4558.28,4515.67,4535.5
1758268800,4535.09,4548.15,4505.55,4511.35
1758283200,4511.1,4541.43,4442.11,4471.77
1758297600,4471.65,4487.23,4431.48,4437.52
1758312000,4437.41,4477.35,4435.33,4467.86
1758326400,4467.81,4474.0,4451.11,4462.7
1758340800,4462.29,4483.85,4460.11,4481.43
1758355200,4481.49,4481.49,4453.25,4467.22
1758369600,4469.57,4505.13,4460.86,4494.68
1758384000,4494.44,4506.82,4466.37,4476.7
1758398400,4476.39,4498.92,4474.66,4477.74
1758412800,4478.63,4488.0,4454.47,4475.85
1758427200,4475.85,4491.45,4464.24,4477.35
1758441600,4477.58,4478.86,4442.12,4460.01
1758456000,4460.01,4484.93,4458.49,4481.52
1758470400,4481.12,4496.99,4461.48,4492.9
1758484800,4492.9,4493.48,4440.1,4442.93
1758499200,4442.37,4455.01,4258.41,4303.86
1758513600,4303.86,4308.79,4037.76,4191.3
1758528000,4191.34,4204.8,4133.33,4179.72
1758542400,4179.81,4216.81,4155.0,4164.96
1758556800,4164.96,4180.66,4116.38,4132.75
1758571200,4133.48,4205.89,4132.85,4195.4
1758585600,4194.53,4209.38,4113.53,4186.63
1758600000,4186.68,4213.6,4152.16,4203.24
1758614400,4202.15,4227.87,4176.04,4188.81
1758628800,4188.56,4210.53,4157.9,4178.25
1758643200,4178.15,4206.84,4134.41,4151.97
1758657600,4152.01,4190.5,4137.21,4161.34
1758672000,4162.31,4193.86,4127.0,4145.0
1758686400,4146.34,4181.85,4071.18,4173.83
1758700800,4174.0,4197.08,4163.38,4179.63
1758715200,4178.45,4205.59,4145.26,4164.35
1758729600,4164.87,4192.96,4151.17,4158.13
1758744000,4159.14,4169.55,4126.9,4151.25
1758758400,4151.12,4159.16,4020.05,4060.42
1758772800,4060.41,4067.8,3962.0,4006.92
1758787200,4005.81,4050.52,3986.93,4001.12
1758801600,4000.81,4020.0,3920.0,4000.0
1758816000,4000.9,4004.79,3819.62,3907.82
1758830400,3908.78,3934.78,3846.26,3872.65
1758844800,3872.67,3969.78,3865.37,3963.77
1758859200,3963.55,3975.32,3905.38,3937.93
1758873600,3937.93,3943.78,3871.9,3903.0
1758888000,3903.01,3982.07,3873.0,3944.61
1758902400,3944.44,4067.68,3939.91,4020.99
1758916800,4020.8,4038.57,4001.9,4030.98
1758931200,4029.9,4029.9,4005.1,4018.01
1758945600,4017.59,4026.97,4003.77,4006.99
1758960000,4006.99,4016.44,3970.5,3999.4
1758974400,3999.63,4038.91,3991.83,4015.61
1758988800,4016.2,4018.25,3978.05,4000.5
1759003200,4000.99,4032.52,3998.44,4016.96
1759017600,4017.4,4030.77,3992.0,4000.23
1759032000,4000.25,4018.71,3994.3,4011.95
1759046400,4011.38,4014.5,3982.2,3990.19
1759060800,3990.19,4027.18,3962.18,4019.79
1759075200,4019.98,4054.08,4018.51,4037.78
1759089600,4037.83,4143.51,4032.72,4140.83
1759104000,4141.75,4143.74,4101.37,4119.69
1759118400,4120.0,4122.31,4085.18,4105.99
1759132800,4105.72,4138.54,4092.17,4100.18
1759147200,4100.57,4207.2,4080.18,4163.99
1759161600,4163.99,4191.66,4125.17,4185.19
1759176000,4185.31,4235.0,4178.92,4212.26
1759190400,4211.59,4243.82,4186.0,4197.84
1759204800,4197.84,4204.8,4167.7,4181.22
1759219200,4180.83,4182.27,4132.24,4164.0
1759233600,4162.31,4173.81,4092.44,4118.32
1759248000,4118.7,4167.89,4090.39,4159.68
1759262400,4159.76,4200.0,4113.31,4143.45
1759276800,4142.55,4173.28,4121.55,4127.04
1759291200,4127.04,4155.23,4121.0,4143.68
1759305600,4143.55,4328.86,4141.0,4296.86
1759320000,4297.2,4342.0,4276.07,4325.61
1759334400,4324.73,4338.85,4286.54,4330.86
1759348800,4330.86,4356.09,4286.26,4345.64
1759363200,4346.12,4397.85,4330.8,4376.03
1759377600,4376.03,4421.87,4357.6,4375.34
1759392000,4375.27,4395.74,4367.29,4377.19
1759406400,4377.07,4442.51,4333.82,4433.77
1759420800,4434.49,4517.15,4425.0,4492.58
1759435200,4492.58,4496.74,4455.76,4480.95
1759449600,4480.96,4560.0,4459.23,4500.35
1759464000,4500.26,4509.22,4452.13,4462.32
1759478400,4462.4,4493.68,4426.49,4477.46
1759492800,4477.49,4542.37,4433.11,4533.4
1759507200,4533.36,4591.18,4448.28,4515.5
1759521600,4516.86,4542.13,4491.31,4510.47
1759536000,4510.75,4515.39,4461.68,4483.84
1759550400,4483.94,4516.71,4477.1,4495.71
1759564800,4495.71,4503.57,4478.06,4481.01
1759579200,4481.11,4510.0,4438.44,4451.54
1759593600,4453.31,4475.33,4437.34,4466.9
1759608000,4467.27,4493.37,4467.05,4486.89
1759622400,4486.98,4574.17,4465.35,4531.25
1759636800,4528.03,4613.64,4526.13,4603.28
1759651200,4603.56,4617.8,4522.5,4550.0
1759665600,4549.01,4549.91,4525.08,4529.76
1759680000,4529.78,4540.81,4479.88,4486.28
1759694400,4486.08,4521.66,4471.6,4511.09
1759708800,4512.88,4550.45,4485.23,4534.22
1759723200,4534.23,4576.55,4507.61,4533.05
1759737600,4533.3,4592.92,4533.3,4571.89
1759752000,4571.05,4692.13,4567.59,4670.68
1759766400,4669.93,4735.06,4658.25,4720.31
1759780800,4720.3,4733.47,4669.4,4681.67
1759795200,4681.67,4697.57,4661.36,4688.5
1759809600,4688.54,4730.32,4663.17,4677.94
1759824000,4678.0,4710.95,4637.07,4706.02
1759838400,4706.0,4754.45,4476.75,4511.45
1759852800,4511.38,4521.45,4444.98,4477.82
1759867200,4478.23,4515.53,4425.35,4444.7
1759881600,4445.6,4496.96,4431.02,4441.89
1759896000,4442.48,4464.77,4408.67,4462.29
1759910400,4462.4,4504.86,4455.55,4486.13
1759924800,4486.15,4520.87,4433.61,4445.93
1759939200,4445.94,4556.11,4435.93,4512.45
1759953600,4512.1,4536.75,4497.0,4524.88
1759968000,4524.88,4529.14,4401.65,4449.04
1759982400,4449.39,4459.0,4408.32,4424.85
1759996800,4424.88,4425.79,4318.07,4370.36
1760011200,4371.87,4412.18,4289.13,4314.53
1760025600,4314.54,4343.78,4262.15,4337.62
1760040000,4337.59,4381.2,4324.8,4366.4
1760054400,4366.38,4392.0,4341.49,4344.84
1760068800,4344.8,4374.4,4312.37,4322.45
1760083200,4322.75,4349.48,4310.46,4340.18
1760097600,4340.44,4388.88,4070.9,4100.11
1760112000,4099.64,4136.09,3945.8,3994.4
1760126400,3994.42,4022.68,3360.05,3822.82
1760140800,3823.19,3873.26,3724.51,3789.51
1760155200,3789.51,3830.18,3730.83,3757.98
1760169600,3757.98,3854.99,3746.68,3837.48
1760184000,3837.57,3852.59,3782.66,3821.84
1760198400,3821.85,3846.74,3727.0,3759.12
1760212800,3758.02,3764.07,3638.99,3745.78
1760227200,3745.78,3818.7,3692.2,3779.91
1760241600,3779.77,3841.6,3773.34,3825.69
1760256000,3825.7,3865.0,3802.95,3818.03
1760270400,3817.77,4078.59,3790.64,4030.58
1760284800,4031.04,4173.93,4031.04,4132.46
1760299200,4132.44,4192.53,4077.44,4148.92
1760313600,4148.18,4218.0,4121.74,4139.48
1760328000,4139.99,4196.84,4114.3,4176.9
1760342400,4176.89,4194.17,4038.34,4078.58
1760356800,4078.43,4177.7,4054.38,4132.17
1760371200,4132.75,4270.04,4126.68,4248.39
1760385600,4248.57,4290.0,4232.32,4240.61
1760400000,4239.8,4262.71,4135.12,4150.98
1760414400,4150.78,4158.79,3961.97,3979.99
1760428800,3979.54,4012.8,3885.43,3970.65
1760443200,3970.05,4087.23,3893.86,4083.75
1760457600,4084.64,4164.01,4045.28,4100.01
1760472000,4100.71,4142.0,4071.84,4122.27
1760486400,4123.14,4143.24,4059.2,4079.19
1760500800,4079.81,4126.85,4070.0,4119.35
1760515200,4118.61,4214.81,4085.11,4099.36
1760529600,4096.62,4105.99,3956.51,3979.83
1760544000,3980.77,4011.78,3925.65,3981.14
1760558400,3981.8,3994.37,3921.77,3982.91
1760572800,3984.11,4036.29,3973.83,4011.09
1760587200,4011.67,4048.86,3976.34,4002.8
1760601600,4003.33,4078.4,3937.17,4060.73
1760616000,4060.81,4086.4,3889.22,3906.08
1760630400,3905.89,3965.99,3849.01,3866.1
1760644800,3866.19,3896.99,3822.92,3893.02
1760659200,3891.48,3949.51,3886.59,3931.81
1760673600,3932.18,3934.35,3751.0,3755.4
1760688000,3755.62,3815.78,3669.83,3775.1
1760702400,3775.23,3809.78,3711.04,3797.0
1760716800,3797.21,3847.64,3776.67,3826.2
1760731200,3826.6,3883.0,3816.0,3828.47
1760745600,3830.33,3880.26,3817.78,3867.63
1760760000,3867.6,3926.47,3838.92,3891.39
1760774400,3891.25,3903.7,3859.55,3881.5
1760788800,3881.78,3892.42,3847.48,3876.66
1760803200,3876.66,3897.5,3851.63,3892.19
1760817600,3890.58,3908.0,3865.89,3885.76
1760832000,3885.35,3905.44,3853.39,3905.1
1760846400,3904.78,3918.49,3872.25,3886.18
1760860800,3886.75,3956.84,3825.65,3921.43
1760875200,3921.78,4000.67,3906.66,3977.37
1760889600,3978.8,4025.0,3959.25,3985.17
1760904000,3985.39,4028.99,3967.48,3981.82
1760918400,3981.35,4037.16,3906.02,4024.85
1760932800,4025.64,4082.75,4020.48,4052.52
1760947200,4051.41,4069.88,4010.0,4032.33
1760961600,4032.73,4048.84,4001.44,4001.79
1760976000,4001.45,4001.45,3919.05,3978.08
1760990400,3978.08,4001.6,3967.72,3976.66
1761004800,3976.51,3985.05,3915.83,3920.22
1761019200,3920.22,3920.22,3837.3,3890.01
1761033600,3890.0,3895.68,3848.77,3888.15
1761048000,3887.75,4084.0,3850.31,4080.93
1761062400,4080.13,4108.82,3964.09,3992.72
1761076800,3993.61,3999.33,3855.45,3869.9
1761091200,3869.7,3888.0,3817.24,3857.72
1761105600,3857.84,3882.94,3834.75,3866.55
1761120000,3866.55,3866.55,3765.9,3827.78
1761134400,3827.77,3875.0,3776.19,3839.77
1761148800,3839.51,3858.38,3781.71,3803.0
1761163200,3804.62,3816.55,3704.47,3804.03
1761177600,3803.66,3834.66,3794.52,3825.65
1761192000,3825.75,3896.01,3819.78,3879.77
1761206400,3880.28,3903.45,3856.35,3861.69
1761220800,3861.71,3886.06,3805.91,3872.89
1761235200,3873.37,3933.48,3842.68,3858.58
1761249600,3858.77,3858.91,3814.54,3855.86
1761264000,3856.32,3893.22,3843.35,3888.28
1761278400,3889.84,3988.19,3882.92,3946.74
1761292800,3946.79,3968.51,3923.45,3945.0
1761307200,3945.0,4028.45,3870.0,3887.79
1761321600,3888.07,3936.39,3863.49,3925.32
1761336000,3925.48,3944.04,3921.73,3933.01
1761350400,3933.05,3937.48,3910.0,3920.05
1761364800,3919.79,3961.16,3917.66,3928.0
1761379200,3927.74,3954.79,3925.0,3937.79
1761393600,3937.78,3955.0,3919.71,3930.85
1761408000,3932.0,3968.0,3925.66,3956.46
1761422400,3956.48,3963.13,3933.33,3952.55
1761436800,3952.55,3960.67,3916.19,3929.21
1761451200,3930.71,3955.47,3926.7,3950.46
1761465600,3950.46,4054.09,3947.28,4042.69
1761480000,4041.78,4098.43,4038.44,4073.82
1761494400,4072.7,4078.21,4045.28,4066.97
1761508800,4066.26,4181.79,4052.82,4158.65
1761523200,4158.65,4223.86,4146.5,4201.98
1761537600,4202.15,4252.44,4191.56,4200.26
1761552000,4198.05,4199.19,4130.19,4158.91
1761566400,4159.58,4187.59,4120.44,4169.68
1761580800,4170.13,4231.57,4170.13,4190.84
1761595200,4190.56,4192.32,4092.69,4118.0
1761609600,4118.01,4140.82,4065.36,4091.56
1761624000,4091.52,4126.24,4064.0,4113.48
1761638400,4113.71,4133.7,4101.0,4109.93
1761652800,4109.71,4175.0,4067.43,4093.98
1761667200,4094.22,4150.45,4023.53,4035.91
1761681600,4036.31,4041.01,3928.0,3977.19
1761696000,3976.93,4008.83,3961.54,3996.32
1761710400,3996.04,4035.47,3993.35,4022.9
1761724800,4023.5,4025.0,3980.61,4008.21
1761739200,4008.02,4028.64,3938.47,3951.29
1761753600,3951.79,4016.55,3835.0,3900.39
1761768000,3901.61,3961.34,3871.2,3900.42
1761782400,3900.6,3947.44,3882.26,3933.19
1761796800,3932.77,3943.4,3836.87,3938.35
1761811200,3938.35,3938.71,3875.63,3880.27
1761825600,3880.83,3883.43,3754.47,3771.18
1761840000,3771.26,3800.96,3676.18,3684.31
1761854400,3683.61,3805.18,3677.26,3801.05
1761868800,3802.0,3860.0,3793.73,3827.98
1761883200,3828.57,3871.64,3819.7,3830.28
1761897600,3830.01,3882.81,3816.33,3872.69
1761912000,3872.64,3886.76,3829.01,3857.32
1761926400,3855.18,3904.32,3801.92,3884.0
1761940800,3883.26,3892.71,3837.69,3845.81
1761955200,3846.89,3863.19,3828.09,3858.42
1761969600,3859.99,3867.07,3850.15,3857.72
1761984000,3857.64,3881.67,3857.64,3876.49
1761998400,3876.5,3902.09,3854.75,3893.25
1762012800,3893.23,3909.24,3860.35,3877.05
1762027200,3878.02,3890.52,3862.2,3871.12
1762041600,3871.12,3886.14,3859.45,3877.58
1762056000,3878.32,3917.4,3873.08,3904.14
1762070400,3904.48,3909.4,3851.02,3889.04
1762084800,3889.53,3891.38,3836.88,3850.98
1762099200,3850.44,3866.92,3838.06,3855.0
1762113600,3855.0,3913.37,3841.44,3904.09
1762128000,3904.0,3913.07,3725.0,3734.52
1762142400,3734.66,3764.53,3680.54,3711.55
1762156800,3711.56,3740.58,3659.71,3709.55
1762171200,3710.41,3747.0,3579.48,3586.58
1762185600,3586.59,3680.96,3560.5,3629.33
1762200000,3630.76,3635.49,3554.63,3601.43
1762214400,3602.56,3653.32,3565.0,3641.0
1762228800,3640.25,3646.71,3471.31,3493.29
1762243200,3493.29,3533.43,3458.9,3528.15
1762257600,3528.47,3586.68,3471.31,3505.19
1762272000,3505.2,3519.18,3222.77,3229.33
1762286400,3228.97,3302.95,3055.0,3283.07
1762300800,3283.89,3347.78,3166.36,3331.84
1762315200,3331.86,3354.0,3301.1,3329.77
1762329600,3329.77,3329.77,3273.02,3321.87
1762344000,3321.45,3396.68,3311.26,3396.29
1762358400,3396.2,3478.13,3368.19,3452.29
1762372800,3452.49,3478.93,3412.17,3422.38
1762387200,3422.01,3450.18,3372.71,3431.11
1762401600,3431.45,3454.57,3361.0,3379.47
1762416000,3378.74,3413.89,3364.58,3397.05
1762430400,3396.85,3403.79,3278.12,3299.52
1762444800,3301.63,3351.26,3243.71,3323.17
1762459200,3324.52,3334.92,3285.58,3314.65
1762473600,3313.91,3364.68,3273.21,3342.92
1762488000,3342.91,3368.56,3317.33,3357.0
1762502400,3356.99,3359.12,3223.96,3259.47
1762516800,3258.77,3317.06,3192.4,3295.51
1762531200,3295.29,3449.0,3271.83,3441.5
1762545600,3442.0,3471.67,3427.07,3435.12
1762560000,3433.57,3465.64,3407.41,3451.24
1762574400,3451.23,3487.88,3417.5,3446.25
1762588800,3446.59,3468.27,3405.26,3412.38
1762603200,3412.38,3417.56,3366.71,3376.4
1762617600,3376.56,3406.48,3353.55,3388.01
1762632000,3387.33,3414.59,3378.7,3399.2
1762646400,3399.2,3403.64,3357.0,3374.15
1762660800,3374.72,3426.66,3367.9,3420.99
1762675200,3420.87,3435.14,3381.33,3427.12
1762689600,3428.06,3562.07,3422.9,3513.96
1762704000,3513.23,3578.69,3498.39,3578.69
1762718400,3578.7,3624.03,3560.93,3581.91
1762732800,3580.71,3657.53,3551.17,3625.67
1762747200,3625.58,3630.32,3587.43,3608.96
1762761600,3608.42,3630.78,3584.78,3607.64
1762776000,3607.62,3620.92,3507.3,3518.99
1762790400,3518.55,3574.59,3504.66,3556.24
1762804800,3555.09,3582.45,3527.09,3566.94
1762819200,3567.92,3646.65,3550.75,3603.64
1762833600,3603.34,3608.47,3529.72,3541.93
1762848000,3542.11,3585.73,3541.04,3572.74
1762862400,3572.83,3592.78,3466.33,3479.1
1762876800,3479.32,3499.01,3443.89,3454.22
1762891200,3455.79,3459.96,3402.87,3415.74
1762905600,3416.28,3454.4,3407.62,3436.31
1762920000,3436.71,3455.82,3422.61,3426.46
1762934400,3427.34,3568.94,3426.69,3546.73
1762948800,3546.12,3586.67,3417.22,3427.41
1762963200,3427.73,3452.44,3369.7,3406.0
1762977600,3406.0,3437.88,3389.12,3413.74
1762992000,3413.27,3471.94,3373.48,3449.29
1763006400,3449.66,3562.58,3431.38,3536.67
1763020800,3536.81,3548.54,3476.44,3500.0
1763035200,3500.16,3510.51,3364.1,3386.49
1763049600,3386.2,3396.94,3173.09,3195.98
1763064000,3195.19,3270.39,3151.92,3229.93
1763078400,3230.26,3249.85,3183.86,3227.36
1763092800,3227.07,3239.52,3105.0,3213.88
1763107200,3214.21,3218.07,3115.3,3143.71
1763121600,3141.33,3233.65,3067.67,3195.25
1763136000,3195.0,3256.07,3152.96,3205.65
1763150400,3206.36,3212.25,3086.88,3111.67
1763164800,3111.81,3192.1,3109.51,3177.83
1763179200,3177.25,3191.58,3155.59,3174.27
1763193600,3174.26,3175.66,3132.98,3150.74
1763208000,3151.26,3195.03,3145.48,3183.68
1763222400,3184.4,3229.91,3161.24,3195.85
1763236800,3196.19,3200.13,3150.46,3166.69
1763251200,3167.56,3208.84,3130.09,3201.63
1763265600,3201.63,3220.5,3184.73,3218.74
1763280000,3218.75,3247.78,3157.53,3166.67
1763294400,3166.88,3181.02,3096.48,3103.54
1763308800,3103.07,3126.95,3023.68,3090.49
1763323200,3090.32,3115.81,3001.1,3094.51
1763337600,3093.24,3179.95,3066.67,3174.76
1763352000,3175.56,3207.31,3163.92,3196.35
1763366400,3196.35,3222.84,3177.88,3203.05
1763380800,3202.97,3211.58,3093.33,3119.26
1763395200,3119.11,3141.56,2967.68,2980.48
1763409600,2980.46,3030.7,2957.73,3030.44
1763424000,3030.67,3048.6,2943.26,3022.97
1763438400,3023.21,3033.8,2957.01,3022.5
1763452800,3022.49,3073.31,3022.49,3055.26
1763467200,3055.73,3122.69,3020.27,3105.36
1763481600,3105.36,3169.0,3098.03,3144.77
1763496000,3144.97,3149.49,3094.88,3121.83
1763510400,3120.98,3124.65,3067.94,3072.22
1763524800,3072.22,3085.29,2990.45,3083.6
1763539200,3083.23,3111.4,3051.7,3082.85
1763553600,3081.58,3106.67,2965.19,2971.75
1763568000,2970.74,2985.91,2872.4,2879.82
1763582400,2879.45,3027.56,2873.18,3024.13
1763596800,3024.2,3057.2,3003.03,3038.17
1763611200,3038.1,3062.42,3005.31,3037.61
1763625600,3038.2,3044.6,2992.71,3022.45
1763640000,3023.03,3049.25,2951.11,2953.96
1763654400,2953.46,2959.49,2787.44,2845.78
1763668800,2844.95,2905.26,2817.08,2832.06
1763683200,2831.62,2885.81,2771.43,2808.06
1763697600,2807.16,2831.62,2643.47,2719.5
1763712000,2719.69,2753.17,2661.36,2686.87
1763726400,2686.82,2780.0,2621.0,2704.11
1763740800,2703.61,2805.3,2673.75,2750.91
1763755200,2750.86,2774.85,2706.22,2763.75
1763769600,2763.75,2783.74,2737.48,2750.56
1763784000,2750.6,2769.44,2725.24,2754.72
1763798400,2755.13,2755.13,2702.47,2732.94
1763812800,2732.94,2753.99,2709.41,2738.1
1763827200,2738.24,2758.0,2733.39,2748.87
1763841600,2748.55,2798.65,2731.75,2769.57
1763856000,2769.4,2833.15,2766.33,2823.08
1763870400,2823.2,2851.79,2775.91,2792.71
1763884800,2792.83,2822.9,2792.83,2814.36
1763899200,2814.6,2857.41,2808.47,2835.15
1763913600,2834.76,2845.99,2784.78,2821.27
1763928000,2821.52,2843.23,2793.16,2800.55
1763942400,2800.7,2866.16,2761.8,2854.7
1763956800,2854.6,2884.32,2801.42,2829.01
1763971200,2828.19,2841.47,2786.27,2801.36
1763985600,2801.36,2859.36,2782.76,2844.74
1764000000,2844.71,2977.67,2840.97,2957.6
1764014400,2959.31,2985.0,2946.22,2952.02
1764028800,2952.02,2952.02,2902.54,2911.58
1764043200,2910.47,2942.05,2901.0,2901.79
1764057600,2901.81,2908.79,2863.46,2888.69
1764072000,2889.76,2933.31,2854.8,2893.78
1764086400,2892.86,2956.99,2869.5,2921.63
1764100800,2921.98,2979.44,2905.0,2957.97
1764115200,2957.98,2982.89,2918.26,2924.66
1764129600,2925.99,2953.41,2918.58,2942.82
1764144000,2942.97,2946.71,2900.37,2912.45
1764158400,2912.45,2946.97,2886.22,2927.13
1764172800,2926.79,3043.68,2925.58,3030.49
1764187200,3030.39,3034.25,3007.1,3024.4
1764201600,3024.01,3069.72,3006.0,3031.78
1764216000,3031.78,3052.09,3015.94,3032.4
1764230400,3032.41,3043.92,3016.03,3026.11
1764244800,3026.12,3029.1,2984.55,3008.71
1764259200,3008.5,3038.65,3002.61,3031.17
1764273600,3030.73,3043.0,3001.88,3013.7
1764288000,3013.65,3023.43,2992.64,3006.99
1764302400,3007.96,3028.0,2997.49,3000.66
1764316800,3000.47,3076.94,2999.82,3032.62
1764331200,3032.62,3097.53,3023.31,3072.55
1764345600,3072.23,3072.78,3010.01,3047.74
1764360000,3047.01,3056.91,3018.22,3030.05
1764374400,3029.34,3050.49,3015.81,3021.84
1764388800,3021.79,3042.61,2990.86,3003.51
1764403200,3003.51,3010.2,2983.4,2999.0
1764417600,2999.12,3013.76,2984.71,3005.62
1764432000,3005.83,3010.74,2960.0,2987.66
1764446400,2987.21,2997.98,2980.21,2987.8
1764460800,2987.36,3010.41,2973.0,2999.04
1764475200,2999.27,3008.02,2983.81,3002.92
1764489600,3002.47,3016.49,2997.14,3000.9
1764504000,3001.39,3050.53,2998.14,3027.16
1764518400,3027.17,3048.61,3026.51,3033.72
1764532800,3033.17,3040.1,2987.17,2990.42
1764547200,2990.59,2998.0,2811.56,2824.57
1764561600,2823.72,2842.57,2805.64,2837.44
1764576000,2836.82,2851.62,2826.47,2835.8
1764590400,2836.24,2839.01,2717.74,2744.41
1764604800,2745.46,2757.0,2718.56,2739.24
1764619200,2738.23,2818.08,2738.18,2798.07
1764633600,2797.77,2823.32,2781.0,2802.28
1764648000,2801.67,2814.46,2795.35,2803.75
1764662400,2803.84,2833.67,2780.16,2823.09
1764676800,2823.5,3023.99,2814.29,3005.24
1764691200,3005.55,3033.47,2985.57,3014.68
1764705600,3014.54,3020.18,2971.66,2993.84
1764720000,2993.1,3048.0,2983.99,3028.1
1764734400,3028.1,3085.94,3027.77,3055.94
1764748800,3055.89,3077.81,3042.33,3072.19
1764763200,3072.32,3145.32,3026.94,3084.92
1764777600,3084.91,3141.87,3063.0,3126.65
1764792000,3127.01,3214.61,3115.47,3186.12
1764806400,3186.12,3238.85,3172.51,3207.76
1764820800,3207.77,3219.0,3168.38,3189.03
1764835200,3189.03,3207.69,3173.99,3185.04
1764849600,3185.08,3223.92,3139.14,3206.32
1764864000,3206.21,3224.31,3065.34,3117.84
1764878400,3117.1,3150.54,3103.45,3131.72
1764892800,3131.72,3191.3,3131.56,3169.84
1764907200,3169.58,3181.59,3150.01,3172.77
1764921600,3172.86,3172.86,3106.67,3129.46
1764936000,3129.92,3157.44,3081.3,3105.68
1764950400,3105.56,3107.53,2977.03,3036.94
1764964800,3036.29,3047.89,3005.0,3019.66
1764979200,3019.79,3045.0,3010.8,3038.85
1764993600,3038.87,3041.17,3022.45,3024.03
1765008000,3024.4,3041.17,3011.4,3037.43
1765022400,3037.87,3068.18,3024.43,3039.61
1765036800,3039.35,3065.67,3023.45,3028.54
1765051200,3028.54,3053.65,3025.69,3036.08
1765065600,3036.13,3055.89,3030.46,3051.96
1765080000,3051.97,3057.3,3029.5,3036.32
1765094400,3036.16,3042.76,3023.45,3033.92
1765108800,3033.92,3052.62,2903.28,3026.85
1765123200,3026.45,3150.58,2998.03,3137.31
1765137600,3137.92,3146.11,3011.58,3058.01
1765152000,3058.13,3134.21,3039.0,3110.37
1765166400,3110.76,3140.0,3107.13,3133.39
1765180800,3133.21,3179.73,3123.7,3139.98
1765195200,3139.98,3178.61,3087.48,3099.02
1765209600,3099.38,3132.37,3071.39,3117.38
1765224000,3117.68,3151.75,3111.55,3123.43
1765238400,3122.35,3142.15,3089.83,3127.45
1765252800,3127.87,3129.99,3094.45,3120.86
1765267200,3121.38,3129.07,3091.38,3116.4
1765281600,3116.41,3255.56,3097.1,3244.21
1765296000,3244.12,3396.95,3244.12,3356.26
1765310400,3356.12,3360.22,3283.45,3316.22
1765324800,3315.79,3327.24,3286.85,3307.35
1765339200,3307.45,3332.82,3304.6,3326.02
1765353600,3326.32,3374.27,3295.55,3317.17
1765368000,3317.38,3338.41,3303.08,3327.31
1765382400,3327.61,3435.0,3319.71,3388.52
1765396800,3389.14,3445.9,3316.5,3322.81
1765411200,3322.95,3326.36,3165.26,3190.53
1765425600,3190.06,3214.4,3178.46,3199.34
1765440000,3199.21,3212.22,3176.3,3191.9
1765454400,3192.09,3209.4,3143.29,3177.82
1765468800,3177.83,3233.06,3154.0,3193.33
1765483200,3193.45,3272.61,3191.65,3235.64
1765497600,3235.64,3264.5,3182.9,3244.57
1765512000,3243.9,3263.85,3230.42,3244.38
1765526400,3244.64,3254.57,3225.58,3241.23
1765540800,3241.23,3250.66,3051.36,3070.64
1765555200,3070.0,3098.82,3042.6,3072.55
1765569600,3072.55,3095.27,3065.99,3083.58
1765584000,3083.83,3093.91,3076.45,3089.01
1765598400,3089.43,3094.39,3082.46,3092.8
1765612800,3092.81,3134.79,3090.96,3117.37
1765627200,3117.38,3125.91,3092.99,3108.01
1765641600,3108.02,3115.87,3094.01,3107.27
1765656000,3107.82,3119.23,3078.54,3112.47
1765670400,3111.99,3128.6,3100.94,3116.85
1765684800,3116.85,3121.57,3103.08,3113.82
1765699200,3113.8,3119.0,3047.89,3083.39
1765713600,3083.91,3107.44,3068.76,3082.65
1765728000,3082.76,3107.62,3072.13,3093.23
1765742400,3092.31,3095.83,3023.5,3062.38
1765756800,3062.27,3148.79,3055.23,3106.88
1765771200,3106.89,3144.36,3102.42,3126.69
1765785600,3127.03,3176.75,3123.28,3156.13
1765800000,3156.22,3157.74,2985.13,3010.11
1765814400,3010.2,3017.16,2893.08,2938.27
1765828800,2937.8,2968.0,2915.14,2963.34
1765843200,2963.12,2977.5,2920.92,2936.03
1765857600,2936.03,2950.8,2874.88,2923.03
1765872000,2923.02,2962.92,2918.06,2955.95
1765886400,2956.26,2981.89,2885.4,2962.07
1765900800,2962.16,2967.06,2909.85,2944.24
1765915200,2943.68,2964.58,2936.69,2960.82
1765929600,2960.0,2973.65,2935.9,2947.05
1765944000,2947.27,2953.64,2913.2,2945.96
1765958400,2945.71,2945.71,2905.53,2927.96
1765972800,2928.38,3029.7,2884.28,2903.49
1765987200,2903.49,2924.66,2789.11,2819.39
1766001600,2819.71,2836.79,2804.71,2832.24
1766016000,2832.18,2846.34,2819.72,2829.41
1766030400,2830.0,2840.3,2820.46,2834.81
1766044800,2834.72,2862.88,2830.61,2857.51
1766059200,2857.78,2996.79,2852.52,2964.31
1766073600,2963.96,2966.66,2773.11,2780.02
1766088000,2780.0,2837.03,2777.69,2827.67
1766102400,2827.99,2934.62,2806.97,2907.29
1766116800,2907.95,2983.64,2906.31,2950.92
1766131200,2950.77,2970.48,2936.3,2964.09
1766145600,2964.33,3018.32,2941.33,2963.79
1766160000,2963.52,3006.87,2934.45,2983.29
1766174400,2984.38,3001.89,2972.74,2978.32
1766188800,2978.19,2993.09,2968.9,2988.34
1766203200,2988.27,2989.96,2973.42,2979.73
1766217600,2980.44,2989.59,2973.35,2985.91
1766232000,2985.97,2992.65,2966.14,2975.14
1766246400,2975.54,2980.41,2972.15,2976.04
1766260800,2975.94,2984.99,2970.72,2976.74
1766275200,2976.43,2980.54,2959.89,2971.87
1766289600,2971.19,2981.85,2970.01,2979.24
1766304000,2979.24,3012.46,2975.68,2995.75
1766318400,2996.14,3004.6,2942.5,2973.02
1766332800,2973.21,2996.61,2965.98,2988.88
1766347200,2990.09,3011.88,2969.89,3000.48
1766361600,3000.84,3059.53,2970.0,3019.42
1766376000,3019.62,3041.05,3018.09,3029.75
1766390400,3028.67,3056.84,3023.22,3047.0
1766404800,3047.37,3076.75,3019.96,3051.78
1766419200,3051.85,3058.74,2973.03,2980.27
1766433600,2978.72,3014.63,2961.62,3008.79
1766448000,3008.59,3034.67,2970.12,2991.86
1766462400,2991.0,2999.46,2944.64,2963.49
1766476800,2963.49,2974.19,2951.0,2972.37
1766491200,2971.66,2973.21,2899.93,2927.69
1766505600,2927.93,2965.0,2906.71,2943.16
1766520000,2943.31,2987.72,2938.72,2962.44
1766534400,2963.11,2977.08,2919.78,2944.95
1766548800,2944.94,2957.54,2916.59,2930.76
1766563200,2931.01,2939.12,2913.74,2923.41
1766577600,2923.19,2937.79,2887.13,2924.87
1766592000,2924.5,2953.29,2919.74,2944.2
1766606400,2944.84,2962.95,2940.0,2945.64
1766620800,2945.64,2956.13,2935.26,2946.56
1766635200,2945.34,2946.98,2936.27,2940.85
1766649600,2940.85,2946.26,2910.44,2922.75
1766664000,2922.63,2969.7,2918.2,2959.08
1766678400,2959.39,2966.49,2941.54,2954.57
1766692800,2954.56,2955.48,2888.75,2903.01
1766707200,2902.28,2993.63,2892.14,2963.51
1766721600,2962.98,2993.08,2950.52,2955.59
1766736000,2955.45,2975.04,2953.78,2963.1
1766750400,2963.21,2984.7,2893.0,2921.87
1766764800,2921.99,2933.76,2905.07,2925.53
1766779200,2924.63,2938.02,2920.13,2927.41
1766793600,2928.0,2932.24,2920.52,2931.46
1766808000,2931.71,2936.8,2925.79,2930.87
1766822400,2930.87,2939.76,2916.52,2929.0
1766836800,2929.0,2933.29,2924.16,2924.84
1766851200,2924.98,2930.11,2916.52,2929.12
1766865600,2929.91,2960.0,2926.92,2947.1
1766880000,2947.78,2951.22,2939.31,2941.8
1766894400,2941.51,2946.38,2928.3,2938.55
1766908800,2938.56,2947.02,2930.14,2943.57
1766923200,2943.78,2960.0,2935.81,2947.63
1766937600,2948.87,2954.1,2923.19,2932.05
1766952000,2931.98,2954.74,2927.58,2948.69
1766966400,2949.77,3047.85,2943.54,3042.38
1766980800,3042.35,3056.6,3006.57,3017.85
1766995200,3018.18,3025.03,2955.64,2959.0
1767009600,2958.61,2965.23,2909.08,2933.43
1767024000,2933.2,2944.56,2911.53,2930.23
1767038400,2931.12,2943.68,2924.56,2936.9
1767052800,2936.17,2954.83,2916.9,2950.29
1767067200,2950.69,2957.33,2935.59,2949.09
1767081600,2949.21,3002.36,2948.59,2978.48
1767096000,2978.46,3009.28,2957.01,2987.96
1767110400,2989.11,2993.52,2942.86,2970.91
1767124800,2969.37,2974.87,2953.23,2972.59
1767139200,2972.59,2984.39,2960.54,2969.78
1767153600,2970.14,2978.79,2966.83,2974.9
1767168000,2974.92,3002.3,2961.85,3000.91
1767182400,3000.47,3027.13,2965.67,2983.19
1767196800,2983.88,2996.84,2957.47,2970.8
1767211200,2970.13,2984.2,2962.0,2970.98
1767225600,2971.74,2988.45,2970.43,2978.37
1767240000,2978.37,2983.01,2971.57,2976.73
1767254400,2976.58,2991.46,2975.99,2988.77
1767268800,2988.51,2994.03,2975.66,2988.78
1767283200,2988.77,3005.57,2979.04,2993.45
1767297600,2994.08,3008.56,2985.54,3002.7
1767312000,3003.33,3034.0,2990.55,3021.02
1767326400,3020.85,3038.5,3007.55,3016.27
1767340800,3016.45,3069.56,3013.76,3046.23
1767355200,3046.69,3108.66,3019.4,3085.52
1767369600,3085.38,3149.24,3078.35,3121.83
1767384000,3122.22,3144.53,3109.35,3123.26
1767398400,3123.23,3135.42,3116.67,3123.61
1767412800,3123.12,3126.52,3074.49,3089.89
1767427200,3089.8,3110.01,3082.01,3097.02
1767441600,3097.02,3113.12,3091.7,3099.58
1767456000,3099.53,3118.33,3096.41,3112.0
1767470400,3112.91,3130.21,3105.38,3125.46
1767484800,3124.68,3166.67,3124.26,3145.67
1767499200,3145.67,3160.77,3132.26,3139.31
1767513600,3139.02,3147.63,3123.28,3138.66
1767528000,3138.03,3146.44,3116.64,3134.76
1767542400,3134.5,3142.71,3118.0,3130.68
1767556800,3131.08,3154.48,3129.16,3143.55
1767571200,3143.4,3220.12,3142.23,3184.97
1767585600,3184.94,3187.37,3134.18,3155.54
1767600000,3155.53,3182.93,3151.31,3178.25
1767614400,3178.36,3206.01,3133.01,3195.15
1767628800,3195.28,3229.27,3157.02,3221.57
1767643200,3221.64,3264.24,3218.15,3222.92
1767657600,3223.1,3246.13,3202.15,3224.52
1767672000,3224.52,3252.74,3209.92,3217.84
1767686400,3217.8,3241.66,3212.5,3235.95
1767700800,3237.01,3307.86,3228.36,3271.37
1767715200,3271.22,3278.24,3182.13,3223.25
1767729600,3223.25,3300.99,3222.66,3295.47
1767744000,3295.84,3295.84,3237.38,3265.72
1767758400,3265.82,3271.24,3245.5,3253.19
1767772800,3253.23,3262.55,3194.61,3219.96
1767787200,3219.39,3227.8,3142.95,3163.36
1767801600,3163.38,3178.0,3122.4,3145.01
1767816000,3145.0,3180.0,3126.0,3167.85
1767830400,3168.06,3184.34,3132.01,3140.97
1767844800,3140.74,3160.92,3088.5,3126.12
1767859200,3126.12,3134.75,3095.52,3119.97
1767873600,3119.99,3119.99,3052.7,3102.67
1767888000,3102.66,3138.0,3088.1,3110.09
1767902400,3110.42,3129.52,3087.36,3104.99
1767916800,3105.46,3148.17,3078.07,3118.51
1767931200,3118.51,3124.21,3109.35,3109.35
1767945600,3109.95,3114.67,3065.7,3089.01
1767960000,3088.92,3141.85,3056.55,3111.59
1767974400,3111.61,3145.64,3067.43,3078.69
1767988800,3078.61,3092.48,3063.39,3087.65
1768003200,3087.78,3093.91,3078.31,3085.12
1768017600,3085.49,3092.63,3076.88,3092.08
1768032000,3092.34,3103.02,3085.53,3095.64
1768046400,3095.64,3102.69,3087.35,3094.12
1768060800,3094.12,3098.17,3088.5,3091.32
1768075200,3091.5,3092.49,3076.46,3086.1
1768089600,3086.1,3096.61,3083.24,3095.69
1768104000,3095.69,3101.42,3087.95,3094.66
1768118400,3094.04,3108.61,3090.88,3104.31
1768132800,3104.6,3129.16,3102.9,3117.2
1768147200,3117.43,3146.83,3114.37,3123.28
1768161600,3123.28,3124.99,3090.78,3121.77
1768176000,3121.77,3171.17,3095.84,3151.6
1768190400,3151.9,3165.4,3131.54,3133.82
1768204800,3133.67,3145.84,3100.0,3115.36
1768219200,3114.06,3131.46,3063.64,3129.4
1768233600,3128.01,3145.62,3083.1,3120.73
1768248000,3121.06,3127.07,3083.19,3094.47
1768262400,3094.13,3117.64,3089.8,3115.28
1768276800,3114.83,3146.31,3111.27,3120.25
1768291200,3120.44,3148.0,3120.43,3132.13
1768305600,3132.66,3188.69,3127.76,3183.05
1768320000,3183.2,3217.53,3169.87,3214.0
1768334400,3214.0,3381.57,3188.72,3325.38
1768348800,3324.65,3357.33,3314.0,3351.11
1768363200,3351.11,3363.82,3320.84,3335.22
1768377600,3335.44,3342.32,3281.27,3285.71
1768392000,3285.15,3360.87,3279.38,3344.47
1768406400,3344.58,3401.99,3313.61,3366.58
1768420800,3366.63,3391.49,3345.84,3353.09
1768435200,3353.09,3354.35,3275.64,3284.31
1768449600,3284.31,3334.55,3282.39,3329.27
1768464000,3329.27,3377.99,3318.68,3348.55
1768478400,3347.76,3383.55,3283.46,3330.66
1768492800,3329.33,3335.99,3271.99,3294.67
1768507200,3294.59,3321.14,3275.06,3317.6
1768521600,3317.9,3325.85,3290.25,3293.79
1768536000,3293.79,3316.01,3273.93,3308.26
1768550400,3307.98,3320.0,3292.38,3300.84
1768564800,3300.15,3317.33,3251.1,3262.44
1768579200,3262.74,3288.03,3257.53,3276.0
1768593600,3276.0,3299.09,3262.58,3294.11
1768608000,3294.32,3295.3,3282.0,3287.96
1768622400,3288.02,3293.34,3284.29,3290.74
1768636800,3290.75,3304.62,3287.34,3300.54
1768651200,3300.54,3328.42,3297.36,3327.37
1768665600,3327.83,3328.44,3309.77,3315.1
1768680000,3315.09,3318.16,3295.41,3309.58
1768694400,3309.22,3319.49,3293.86,3315.04
1768708800,3314.51,3317.32,3304.0,3306.16
1768723200,3305.26,3324.98,3301.49,3320.85
1768737600,3320.85,3347.23,3312.68,3333.06
1768752000,3332.72,3368.55,3327.61,3344.91
1768766400,3345.63,3356.18,3277.83,3282.99
1768780800,3282.95,3283.29,3175.35,3211.02
1768795200,3210.99,3216.38,3185.51,3205.58
1768809600,3205.37,3230.18,3195.6,3222.09
1768824000,3222.11,3235.16,3200.83,3214.56
1768838400,3214.64,3226.69,3206.16,3217.86
1768852800,3217.86,3224.64,3164.84,3188.62
1768867200,3188.31,3199.44,3173.93,3187.38
1768881600,3187.5,3188.52,3108.0,3121.09
1768896000,3121.23,3121.77,3084.0,3107.38
1768910400,3107.66,3113.6,2992.76,3031.66
1768924800,3031.79,3041.49,2978.56,2995.53
1768939200,2995.48,3006.69,2910.11,2937.9
1768953600,2938.34,2983.94,2920.47,2979.83
1768968000,2979.46,3000.94,2964.45,2969.14
1768982400,2969.02,2973.56,2936.73,2943.09
1768996800,2941.87,3025.84,2900.11,3000.63
1769011200,3000.8,3067.93,2864.42,3054.09
1769025600,3054.44,3055.57,2970.91,2980.94
1769040000,2980.85,3037.06,2979.57,3011.67
1769054400,3011.52,3027.35,2998.97,2999.86
1769068800,2999.36,3015.86,2976.0,2984.71
1769083200,2984.28,3008.44,2904.48,2941.03
1769097600,2941.79,2971.2,2922.22,2952.67
1769112000,2952.63,2958.25,2929.1,2951.39
1769126400,2951.58,2970.9,2943.88,2963.68
1769140800,2963.7,2983.78,2933.64,2946.26
1769155200,2946.26,2949.94,2913.35,2939.2
1769169600,2938.83,2964.13,2890.78,2951.81
1769184000,2952.02,3018.67,2936.49,2957.69
1769198400,2957.8,2963.23,2928.56,2954.63
1769212800,2954.58,2969.85,2948.23,2960.59
1769227200,2960.59,2965.74,2953.48,2955.46
1769241600,2955.54,2964.2,2953.34,2960.44
1769256000,2960.23,2967.0,2942.0,2955.6
1769270400,2955.86,2967.72,2950.0,2952.56
1769284800,2952.76,2963.61,2948.16,2952.68
1769299200,2951.61,2959.35,2934.98,2941.62
1769313600,2940.85,2948.47,2933.19,2938.56
1769328000,2939.03,2947.05,2919.6,2936.12
1769342400,2935.4,2944.11,2920.11,2925.57
1769356800,2925.57,2926.05,2794.11,2810.79
1769371200,2810.8,2823.24,2784.37,2815.6
1769385600,2814.56,2898.4,2810.69,2849.97
1769400000,2850.0,2911.12,2848.11,2902.67
1769414400,2903.1,2933.34,2879.67,2890.42
1769428800,2891.64,2950.0,2872.77,2897.92
1769443200,2898.25,2935.53,2884.53,2921.74
1769457600,2921.63,2945.45,2893.36,2929.26
1769472000,2929.42,2947.99,2910.59,2939.72
1769486400,2939.52,2956.38,2922.63,2927.36
1769500800,2928.54,2931.8,2899.11,2915.92
1769515200,2916.1,2944.28,2905.04,2936.14
1769529600,2935.82,2997.99,2916.29,2980.03
1769544000,2979.35,3033.99,2977.94,3024.94
1769558400,3025.0,3029.11,2995.39,3003.5
1769572800,3002.94,3017.47,2991.25,3003.46
1769587200,3004.65,3045.34,2984.73,3038.28
1769601600,3037.87,3043.84,2981.94,3005.45
1769616000,3006.07,3030.57,2987.74,3015.62
1769630400,3015.85,3037.38,2995.01,3009.91
1769644800,3009.85,3012.13,2942.41,2950.98
1769659200,2950.22,2964.45,2936.75,2959.91
1769673600,2959.33,2968.45,2922.51,2928.68
1769688000,2928.43,2938.03,2795.78,2822.13
1769702400,2822.4,2859.42,2752.22,2795.88
1769716800,2796.36,2826.53,2788.07,2821.03
1769731200,2821.05,2827.84,2678.22,2739.31
1769745600,2739.31,2773.73,2695.16,2739.25
1769760000,2738.68,2767.98,2708.54,2757.81
1769774400,2758.36,2765.29,2690.47,2727.65
1769788800,2727.03,2760.35,2634.47,2740.27
1769803200,2740.99,2740.99,2662.91,2705.97
1769817600,2705.8,2713.97,2682.87,2694.14
1769832000,2694.91,2703.99,2666.06,2678.5
1769846400,2678.83,2682.91,2604.85,2638.68
1769860800,2639.07,2643.15,2508.64,2532.67
1769875200,2532.67,2548.62,2226.07,2380.86
1769889600,2381.09,2472.69,2352.93,2450.72
1769904000,2450.6,2474.47,2427.87,2444.71
1769918400,2444.71,2453.84,2392.0,2409.94
1769932800,2409.94,2438.17,2374.35,2410.71
1769947200,2410.94,2411.24,2284.53,2313.85
1769961600,2314.26,2376.65,2282.56,2319.44
1769976000,2318.99,2348.61,2218.67,2269.01
1769990400,2269.19,2322.52,2163.38,2237.16
1770004800,2237.35,2267.11,2156.6,2227.44
1770019200,2227.18,2317.58,2227.18,2280.19
1770033600,2281.0,2395.26,2281.0,2370.9
1770048000,2370.69,2385.9,2325.56,2329.99
1770062400,2329.49,2354.02,2312.0,2345.16
1770076800,2344.77,2358.87,2283.18,2342.72
1770091200,2341.81,2354.43,2297.57,2321.33
1770105600,2322.11,2331.77,2260.34,2275.22
1770120000,2275.72,2316.15,2251.69,2301.83
1770134400,2302.04,2302.04,2106.4,2204.49
1770148800,2204.0,2348.68,2187.74,2232.54
1770163200,2232.16,2294.99,2222.23,2282.01
1770177600,2282.48,2292.38,2255.41,2283.39
1770192000,2283.7,2285.29,2225.55,2253.24
1770206400,2253.93,2262.38,2134.86,2150.41
1770220800,2151.26,2193.7,2074.16,2187.42
1770235200,2187.11,2192.41,2086.61,2147.14
1770249600,2146.93,2173.26,2097.5,2109.38
1770264000,2109.32,2125.2,2065.0,2090.54
1770278400,2091.2,2149.0,2060.18,2078.54
1770292800,2078.67,2105.13,1925.12,1959.26
1770307200,1959.42,2017.08,1912.27,1927.35
1770321600,1927.8,1942.0,1814.0,1825.23
1770336000,1825.31,1946.47,1739.66,1891.29
1770350400,1891.21,1974.99,1884.97,1898.07
1770364800,1898.15,1937.76,1865.6,1932.28
1770379200,1931.64,2001.71,1914.62,1979.01
1770393600,1978.91,2089.7,1970.08,2065.14
1770408000,2064.71,2094.26,2041.59,2061.79
1770422400,2062.32,2085.41,2031.36,2079.78
1770436800,2079.74,2118.28,1993.45,2025.84
1770451200,2025.93,2031.67,1998.62,2017.52
1770465600,2017.32,2075.42,2008.83,2051.21
1770480000,2051.39,2125.42,2010.84,2090.19
1770494400,2089.67,2114.37,2071.65,2085.84
1770508800,2086.99,2105.86,2075.3,2077.87
1770523200,2078.0,2087.78,2065.51,2084.21
1770537600,2083.93,2137.07,2076.77,2130.77
1770552000,2131.41,2144.54,2095.92,2106.83
1770566400,2106.73,2128.63,2071.58,2125.46
1770580800,2125.62,2151.99,2070.63,2089.43
1770595200,2088.77,2102.06,2053.52,2099.52
1770609600,2099.35,2101.03,2063.15,2064.0
1770624000,2064.01,2069.5,2012.48,2027.37
1770638400,2027.55,2072.43,2007.68,2060.83
1770652800,2060.31,2142.85,2046.39,2130.24
1770667200,2128.75,2147.69,2087.16,2103.75
1770681600,2104.02,2123.57,2050.74,2063.9
1770696000,2063.71,2073.53,1996.02,2005.62
1770710400,2006.22,2028.7,1993.59,2001.95
1770724800,2002.52,2038.19,1986.28,2021.14
1770739200,2021.04,2046.0,1993.99,2017.1
1770753600,2016.79,2021.4,1995.73,2021.4
1770768000,2020.49,2031.12,1996.15,2008.37
1770782400,2008.14,2010.32,1937.16,1949.14
1770796800,1949.3,1955.38,1930.59,1952.86
1770811200,1952.57,2015.15,1901.0,1928.15
1770825600,1928.03,1958.75,1907.51,1951.11
1770840000,1950.73,1987.36,1931.01,1941.0
1770854400,1940.21,1976.78,1940.21,1967.47
1770868800,1967.39,1982.3,1952.13,1967.34
1770883200,1968.23,2000.33,1955.84,1988.03
1770897600,1987.84,1995.77,1943.74,1947.48
1770912000,1947.53,1948.61,1895.12,1923.9
1770926400,1924.26,1951.99,1908.44,1946.78
1770940800,1946.41,1957.75,1926.39,1952.59
1770955200,1952.86,1954.8,1923.35,1934.79
1770969600,1934.79,1968.23,1932.61,1959.55
1770984000,1959.55,2049.83,1951.29,2034.23
1770998400,2033.99,2072.41,2030.48,2056.25
1771012800,2056.45,2058.75,2038.4,2047.65
1771027200,2047.55,2056.99,2040.94,2052.96
1771041600,2053.23,2060.4,2046.86,2055.97
1771056000,2055.97,2107.13,2055.77,2098.35
1771070400,2098.13,2098.97,2063.24,2085.88
1771084800,2086.16,2089.93,2066.32,2086.95
1771099200,2087.11,2097.49,2077.34,2085.0
1771113600,2084.89,2088.58,2035.41,2057.79
1771128000,2057.79,2102.81,2057.79,2090.27
1771142400,2090.47,2096.0,2053.2,2061.33
1771156800,2061.07,2066.81,1992.0,2010.35
1771171200,2010.14,2010.14,1927.58,1941.02
1771185600,1940.96,1973.89,1933.46,1964.38
1771200000,1964.37,1980.02,1947.21,1957.99
1771214400,1957.81,1977.75,1951.49,1969.73
1771228800,1969.85,1992.47,1955.65,1975.24
1771243200,1975.11,2023.1,1935.79,1955.52
1771257600,1955.81,1987.23,1955.16,1972.97
1771272000,1972.73,2003.32,1970.07,1997.59
1771286400,1997.48,2007.99,1979.39,1984.55
1771300800,1984.63,1996.75,1963.15,1984.35
1771315200,1984.28,1990.16,1960.8,1967.08
1771329600,1967.56,2002.04,1940.66,1967.99
1771344000,1968.67,2014.95,1952.4,1996.8
1771358400,1997.09,2003.51,1986.76,1990.27
1771372800,1990.05,1999.64,1967.2,1995.8
1771387200,1996.34,2021.84,1991.81,2017.11
1771401600,2017.62,2038.04,1975.28,1980.0
1771416000,1980.23,2009.92,1952.81,1984.29
1771430400,1984.29,1987.02,1921.84,1940.03
1771444800,1940.72,1955.8,1934.3,1955.14
1771459200,1955.06,1972.93,1948.8,1971.43
1771473600,1971.6,1986.98,1962.8,1981.01
1771488000,1980.71,1981.6,1948.02,1948.5
1771502400,1948.7,1955.22,1910.59,1925.56
1771516800,1925.49,1946.85,1905.27,1940.67
1771531200,1940.46,1951.69,1933.62,1948.19
1771545600,1948.12,1963.87,1945.93,1953.9
1771560000,1954.74,1967.68,1928.46,1960.28
1771574400,1960.29,1972.82,1939.32,1941.95
1771588800,1942.65,1980.39,1921.63,1962.68
1771603200,1963.25,1980.63,1937.99,1963.14
1771617600,1963.13,1974.8,1960.91,1967.66
1771632000,1967.67,1970.22,1955.0,1957.91
1771646400,1957.48,1965.7,1954.8,1962.46
1771660800,1962.22,1988.09,1961.4,1976.31
1771675200,1976.29,1995.49,1968.53,1987.3
1771689600,1987.49,1994.67,1975.33,1987.02
1771704000,1986.99,1989.78,1969.22,1972.25
1771718400,1972.13,1982.37,1965.87,1974.0
1771732800,1973.99,1978.62,1969.88,1974.76
1771747200,1974.57,1982.75,1969.45,1979.47
1771761600,1980.01,1980.84,1942.37,1952.73
1771776000,1952.14,1954.67,1933.64,1942.41
1771790400,1942.44,1960.0,1938.85,1956.46
1771804800,1956.46,1957.06,1845.28,1860.7
1771819200,1860.74,1888.16,1852.25,1884.67
1771833600,1884.39,1927.55,1875.5,1914.2
1771848000,1914.64,1934.97,1891.64,1894.99
1771862400,1894.64,1899.46,1836.16,1856.08
1771876800,1856.12,1869.33,1845.85,1855.85
1771891200,1855.95,1868.78,1810.46,1830.43
1771905600,1830.92,1839.16,1812.49,1824.79
1771920000,1824.8,1835.77,1814.0,1825.71
1771934400,1825.99,1849.25,1799.7,1846.83
1771948800,1846.54,1864.34,1837.1,1851.27
1771963200,1851.05,1863.41,1844.29,1850.68
1771977600,1850.96,1943.99,1845.4,1904.92
1771992000,1905.21,1913.65,1876.95,1892.34
1772006400,1892.29,1927.34,1889.23,1925.48
1772020800,1925.27,2027.86,1921.35,2012.97
1772035200,2013.29,2085.71,2012.15,2070.16
1772049600,2070.13,2148.68,2033.34,2056.79
1772064000,2056.65,2075.7,2037.65,2053.5
1772078400,2053.5,2081.94,2050.15,2052.14
1772092800,2052.14,2082.49,2043.33,2056.62
1772107200,2056.6,2077.42,2010.09,2031.97
1772121600,2032.55,2036.9,1974.47,2028.67
1772136000,2029.21,2041.37,2017.22,2025.97
1772150400,2026.25,2048.6,1999.02,2044.73
1772164800,2044.58,2063.56,2021.01,2031.81
1772179200,2031.57,2044.64,1952.86,1961.41
1772193600,1960.61,1968.23,1936.67,1947.49
1772208000,1947.14,1947.56,1905.9,1919.61
1772222400,1919.31,1932.83,1885.67,1928.37
1772236800,1928.28,1935.93,1918.39,1923.79
1772251200,1923.79,1930.64,1913.26,1924.31
