timestamp,open,high,low,close,volume
1640995200,0.29027,0.2959,0.28907,0.29376,4254134.839586
1641009600,0.29363,0.29773,0.29121,0.29706,2943446.567589
1641024000,0.29678,0.29728,0.29066,0.29109,2874823.050367
1641038400,0.29134,0.29762,0.29116,0.29557,3119454.965308
1641052800,0.29538,0.2999,0.29441,0.29655,5373871.496033
1641067200,0.29674,0.30143,0.29664,0.30047,4022462.487648
1641081600,0.30044,0.30452,0.29864,0.30153,3856245.131366
1641096000,0.30162,0.30475,0.29706,0.29924,3233816.169665
1641110400,0.29914,0.3085,0.29694,0.30708,4589543.300788
1641124800,0.30714,0.31494,0.30628,0.31444,8963597.747749
1641139200,0.31444,0.3193,0.31095,0.31651,9335977.247364
1641153600,0.31649,0.31763,0.31114,0.31213,3978298.230181
1641168000,0.31187,0.31979,0.30942,0.31297,5804323.523626
1641182400,0.31282,0.31566,0.30854,0.30957,3896027.980502
1641196800,0.30953,0.31167,0.30705,0.3103,4571689.952945
1641211200,0.31041,0.31315,0.30569,0.30663,4221061.423154
1641225600,0.30651,0.30794,0.299,0.30254,5096623.287308
1641240000,0.30243,0.30743,0.2975,0.30678,4703320.245414
1641254400,0.30688,0.31786,0.30265,0.31439,8818939.29064
1641268800,0.31438,0.33352,0.31258,0.33172,20664251.330833
1641283200,0.33185,0.33229,0.32381,0.32763,6484320.781078
1641297600,0.32769,0.33632,0.32503,0.33485,9935104.02114
1641312000,0.33493,0.3375,0.3195,0.32778,14283274.480179
1641326400,0.32764,0.33683,0.3247,0.32499,11917731.551433
1641340800,0.32478,0.341,0.32478,0.3366,11465108.562517
1641355200,0.33671,0.33789,0.33079,0.33713,4286296.198428
1641369600,0.3373,0.33761,0.32118,0.32373,16482561.652624
1641384000,0.32377,0.32609,0.32079,0.3231,5550923.192754
1641398400,0.32336,0.32359,0.29885,0.30059,14269995.854606
1641412800,0.30031,0.30247,0.27049,0.28719,27931860.719049
1641427200,0.28732,0.29483,0.27708,0.27712,12263338.308705
1641441600,0.27737,0.28845,0.27629,0.28712,7437006.7048
1641456000,0.287,0.28724,0.27091,0.27755,10182596.527322
1641470400,0.27741,0.28737,0.27354,0.28657,7726017.193954
1641484800,0.28666,0.29889,0.2824,0.29753,7439587.244928
1641499200,0.29764,0.29874,0.29173,0.29384,5358515.172562
1641513600,0.29401,0.29508,0.27654,0.2811,7463634.161257
1641528000,0.28085,0.29613,0.2734,0.29509,11262511.791679
1641542400,0.29478,0.30131,0.28305,0.28524,13600081.510373
1641556800,0.28511,0.28748,0.27051,0.27585,16199929.526715
1641571200,0.27585,0.28396,0.27181,0.27529,9184253.674523
1641585600,0.27554,0.27616,0.26643,0.27288,10690463.720051
1641600000,0.27306,0.27754,0.267,0.27056,10340618.279634
1641614400,0.27085,0.27381,0.27046,0.27271,4680666.803155
1641628800,0.27271,0.2749,0.26897,0.27034,4924325.238193
1641643200,0.27042,0.27242,0.26239,0.26375,6583910.848569
1641657600,0.26405,0.26593,0.25224,0.25658,10851525.134278
1641672000,0.25625,0.26996,0.25392,0.26473,6634942.096008
1641686400,0.26456,0.26784,0.26216,0.26612,4845293.623435
1641700800,0.26635,0.27169,0.26546,0.26794,4207879.675763
1641715200,0.26786,0.2718,0.26316,0.26845,5218424.046853
1641729600,0.26855,0.27055,0.26221,0.26895,5885100.94136
1641744000,0.26888,0.27614,0.26686,0.27546,5592614.582365
1641758400,0.27563,0.27578,0.269,0.27164,5420874.231898
1641772800,0.27153,0.27536,0.26852,0.27213,4124646.043563
1641787200,0.27239,0.27523,0.27001,0.27087,3372690.044374
1641801600,0.27116,0.27215,0.26169,0.26212,4999679.10944
1641816000,0.26217,0.2635,0.24951,0.26189,12859985.699555
1641830400,0.26181,0.26578,0.25706,0.26008,7820476.431214
1641844800,0.26032,0.26549,0.25894,0.2595,3616032.407669
1641859200,0.25932,0.26459,0.25667,0.26351,4715350.190744
1641873600,0.26352,0.26452,0.26033,0.26239,3413741.463417
1641888000,0.26257,0.26724,0.26111,0.26531,5216558.553349
1641902400,0.26505,0.2695,0.26132,0.2659,7377735.893999
1641916800,0.26589,0.27361,0.26526,0.27222,8258530.630735
1641931200,0.27242,0.2757,0.26922,0.27551,4055498.114008
1641945600,0.27546,0.28198,0.27272,0.28065,3563320.631623
1641960000,0.28122,0.2883,0.27877,0.2845,7426914.020612
1641974400,0.28431,0.28752,0.282,0.28428,4482701.131077
1641988800,0.284,0.29681,0.28388,0.29179,12653514.930833
1642003200,0.29182,0.2967,0.28947,0.29333,5304246.190924
1642017600,0.29329,0.2983,0.29322,0.29653,4847575.425838
1642032000,0.29649,0.29691,0.28746,0.28824,6854955.435617
1642046400,0.28818,0.28861,0.27918,0.2852,19185329.357346
1642060800,0.28529,0.28896,0.28221,0.28318,4276129.051692
1642075200,0.2832,0.2902,0.27728,0.28236,7184504.164402
1642089600,0.28225,0.28544,0.27751,0.28014,5006223.961712
1642104000,0.27997,0.28142,0.27644,0.27813,4567103.957674
1642118400,0.27794,0.28179,0.27555,0.27912,3981365.376101
1642132800,0.27893,0.28461,0.27884,0.28415,3713754.630349
1642147200,0.28435,0.28435,0.273,0.27602,6991736.719801
1642161600,0.27585,0.28539,0.27373,0.28382,6235249.985169
1642176000,0.28394,0.28506,0.2802,0.28132,4455783.891384
1642190400,0.28136,0.28254,0.27885,0.28119,3859195.338447
1642204800,0.28102,0.28432,0.27934,0.27981,3933165.152519
1642219200,0.27991,0.28084,0.2777,0.28084,2984205.883222
1642233600,0.28071,0.28441,0.27818,0.28343,4859382.037384
1642248000,0.28349,0.28385,0.27902,0.28326,4029640.730734
1642262400,0.28333,0.28355,0.28157,0.28236,2698105.792902
1642276800,0.28236,0.2837,0.27948,0.27968,3216728.777038
1642291200,0.27965,0.2808,0.27585,0.27769,4220710.974602
1642305600,0.27787,0.27979,0.27645,0.27938,2620495.327409
1642320000,0.2793,0.28248,0.27643,0.27799,4937612.415846
1642334400,0.27798,0.27957,0.27385,0.27787,4682073.13949
1642348800,0.27786,0.28082,0.2768,0.27729,3347278.473899
1642363200,0.27732,0.27977,0.2763,0.27888,2834107.670482
1642377600,0.27902,0.28362,0.27595,0.27663,4406976.645813
1642392000,0.27659,0.28178,0.27248,0.2803,5174126.263261
1642406400,0.28019,0.28117,0.27216,0.27333,6169426.762601
1642420800,0.27322,0.27542,0.26945,0.27031,4731258.336285
1642435200,0.27049,0.27139,0.26735,0.26997,5588001.144218
1642449600,0.26981,0.27101,0.2654,0.26998,3753190.147787
1642464000,0.27012,0.27217,0.26431,0.26561,3494287.051752
1642478400,0.26564,0.26775,0.26329,0.26496,3677699.690262
1642492800,0.26496,0.26496,0.25573,0.26033,5107947.305927
1642507200,0.26026,0.26069,0.25375,0.25803,6711377.996232
1642521600,0.25791,0.26464,0.25729,0.26436,4514863.380866
1642536000,0.26437,0.26878,0.26263,0.26562,4262495.936774
1642550400,0.26593,0.26624,0.25827,0.25916,3406279.887096
1642564800,0.25952,0.26215,0.25248,0.2541,5407159.578687
1642579200,0.25425,0.25876,0.25227,0.25799,4287801.539622
1642593600,0.25782,0.26325,0.25629,0.26133,4447413.927089
1642608000,0.26117,0.2658,0.25853,0.26494,5462773.002207
1642622400,0.26468,0.27323,0.26203,0.26737,10321536.89582
1642636800,0.26734,0.27684,0.2665,0.27247,10220198.8254
1642651200,0.27243,0.27548,0.26685,0.27362,7581002.15175
1642665600,0.27365,0.27377,0.27048,0.27249,5152842.651691
1642680000,0.27172,0.28182,0.26732,0.2793,10367482.412684
1642694400,0.2794,0.28127,0.27523,0.27653,7587183.763353
1642708800,0.27666,0.27952,0.25839,0.26007,9493657.584642
1642723200,0.25967,0.26788,0.25017,0.25155,15039910.202372
1642737600,0.25187,0.25654,0.25079,0.25416,6701837.820096
1642752000,0.25383,0.25525,0.24794,0.25095,6899412.496193
1642766400,0.25086,0.25215,0.24175,0.24983,11600382.222177
1642780800,0.24987,0.25031,0.24434,0.24446,7986176.74435
1642795200,0.24453,0.24628,0.22627,0.23435,18674136.233248
1642809600,0.23423,0.23921,0.2314,0.2343,6466827.731431
1642824000,0.23424,0.23485,0.21755,0.22067,13700160.506493
1642838400,0.22091,0.22562,0.20238,0.21483,20446609.250564
1642852800,0.21477,0.22598,0.2125,0.21261,9220093.893172
1642867200,0.21278,0.22147,0.20908,0.21134,8903134.475203
1642881600,0.21185,0.2264,0.20959,0.22208,9567592.216879
1642896000,0.2221,0.22876,0.22003,0.22302,6523993.072926
1642910400,0.22287,0.2278,0.22056,0.2278,6094259.022803
1642924800,0.22761,0.23335,0.226,0.22695,6852664.367177
1642939200,0.22696,0.22765,0.21876,0.22171,7393961.980961
1642953600,0.22231,0.22478,0.21315,0.21446,8830175.302639
1642968000,0.21421,0.22266,0.21296,0.22234,8206921.042826
1642982400,0.22229,0.2223,0.21081,0.21207,6642840.650519
1642996800,0.21194,0.21313,0.2026,0.20342,11218151.451103
1643011200,0.20357,0.2058,0.19149,0.19283,19609005.912914
1643025600,0.19291,0.19698,0.18588,0.19605,21355385.862028
1643040000,0.19647,0.2048,0.19228,0.20333,13430936.088847
1643054400,0.20275,0.21288,0.20211,0.20615,12163120.077447
1643068800,0.20597,0.20628,0.20109,0.20246,7007364.407256
1643083200,0.20252,0.20284,0.19711,0.19986,4702025.000739
1643097600,0.19988,0.20599,0.19906,0.20413,6664105.632095
1643112000,0.20413,0.2084,0.20204,0.20518,7007485.320186
1643126400,0.20518,0.21672,0.20508,0.21649,9751891.882356
1643140800,0.21654,0.21666,0.20656,0.21119,5952786.757422
1643155200,0.21127,0.21602,0.20985,0.21281,5912483.003307
1643169600,0.21277,0.21744,0.21277,0.21585,5007721.56708
1643184000,0.21581,0.21726,0.21293,0.21712,5413329.017379
1643198400,0.21706,0.22195,0.21525,0.21708,8878585.796521
1643212800,0.21696,0.22391,0.21179,0.2177,13079296.410704
1643227200,0.21776,0.21776,0.20426,0.21156,9999868.442279
1643241600,0.21165,0.21273,0.19969,0.20151,5149291.797072
1643256000,0.20159,0.20428,0.19968,0.203,5273252.924182
1643270400,0.20321,0.20879,0.20132,0.20814,5288543.991833
1643284800,0.20803,0.21743,0.20695,0.21265,7661584.315591
1643299200,0.21259,0.21347,0.20793,0.209,5232045.890478
1643313600,0.20953,0.21097,0.2004,0.2084,5885242.126215
1643328000,0.20835,0.21191,0.20582,0.21141,5208354.66525
1643342400,0.21142,0.21262,0.20767,0.20854,2591299.325789
1643356800,0.20841,0.20994,0.20479,0.20603,3336842.099801
1643371200,0.20622,0.21047,0.20433,0.21008,3556820.660661
1643385600,0.21011,0.21563,0.2084,0.21442,6300671.627903
1643400000,0.2144,0.2178,0.21413,0.21604,3947515.103687
1643414400,0.21615,0.21809,0.21436,0.21643,2080125.196638
1643428800,0.21665,0.22028,0.2161,0.21948,2225441.193842
1643443200,0.21953,0.22045,0.21673,0.21795,2311776.648142
1643457600,0.21796,0.22275,0.21585,0.21788,4718165.424443
1643472000,0.218,0.22456,0.21776,0.22163,6024624.397605
1643486400,0.22188,0.22461,0.21985,0.2222,3149476.968961
1643500800,0.22219,0.22501,0.22146,0.22351,2499305.155389
1643515200,0.22367,0.22768,0.22367,0.22456,2841996.354927
1643529600,0.22457,0.22646,0.22168,0.22606,2756356.831681
1643544000,0.22602,0.22602,0.21883,0.22126,2684161.396145
1643558400,0.22134,0.22191,0.21469,0.21532,3520904.641661
1643572800,0.21518,0.22071,0.21399,0.21884,3708692.304486
1643587200,0.21882,0.21914,0.20824,0.21193,4460956.269091
1643601600,0.21174,0.2135,0.20793,0.21127,4202991.099583
1643616000,0.21127,0.21497,0.21122,0.21418,2374291.615942
1643630400,0.21451,0.21904,0.21016,0.21745,4113960.474717
1643644800,0.21777,0.223,0.21715,0.21974,4513313.202004
1643659200,0.21962,0.22325,0.21868,0.2218,1988256.447226
1643673600,0.22162,0.23009,0.22086,0.22949,3819435.728979
1643688000,0.22954,0.23016,0.22609,0.22895,3362295.46122
1643702400,0.2289,0.23147,0.22482,0.22894,3911147.155352
1643716800,0.22875,0.23441,0.2235,0.22892,6917390.195029
1643731200,0.22899,0.22953,0.22474,0.2256,4572777.849406
1643745600,0.22549,0.23073,0.22546,0.22901,2598861.848131
1643760000,0.22902,0.23035,0.22676,0.2293,2770914.965396
1643774400,0.2289,0.22965,0.22557,0.22645,1669532.550596
1643788800,0.2265,0.23301,0.22607,0.23188,2202376.461237
1643803200,0.23185,0.23405,0.22145,0.22176,6533710.39237
1643817600,0.22175,0.22939,0.21887,0.22859,5265299.732271
1643832000,0.2287,0.2287,0.21871,0.2202,3248659.457751
1643846400,0.22043,0.22291,0.21753,0.22022,3521504.7577
1643860800,0.2201,0.22087,0.21879,0.21958,2458620.823911
1643875200,0.21952,0.22092,0.21383,0.21696,5512812.290059
1643889600,0.21704,0.24246,0.21543,0.23948,30973430.256699
1643904000,0.23943,0.24664,0.23591,0.24002,19715681.849327
1643918400,0.24007,0.24658,0.23459,0.23714,16156481.965597
1643932800,0.23717,0.2417,0.23478,0.23961,6637067.407505
1643947200,0.23948,0.24285,0.23845,0.24078,6728623.796435
1643961600,0.24068,0.24382,0.23962,0.24226,5677618.207418
1643976000,0.24226,0.24747,0.23888,0.24363,11906013.745606
1643990400,0.24371,0.24845,0.2421,0.24732,10644143.190555
1644004800,0.24733,0.24902,0.24574,0.24842,5478136.911865
1644019200,0.24841,0.25451,0.24714,0.25327,8025285.123124
1644033600,0.25348,0.2625,0.25331,0.257,6378096.021297
1644048000,0.25709,0.2623,0.25667,0.26035,4070659.12367
1644062400,0.26026,0.26053,0.25604,0.25834,4136025.294918
1644076800,0.25834,0.25857,0.2485,0.25837,5648158.402526
1644091200,0.25835,0.26244,0.25683,0.25719,3298619.29719
1644105600,0.25719,0.26,0.25647,0.25681,4982403.334398
1644120000,0.25686,0.25745,0.25332,0.25716,2982485.735965
1644134400,0.25697,0.26,0.25436,0.25489,3607930.838637
1644148800,0.25535,0.2588,0.24969,0.25296,6575993.612701
1644163200,0.25304,0.25586,0.25081,0.25104,3670236.673497
1644177600,0.25105,0.25829,0.25,0.25806,4882267.743532
1644192000,0.25821,0.25994,0.25103,0.25948,7832083.760338
1644206400,0.25947,0.2618,0.25791,0.26039,5367403.325258
1644220800,0.26049,0.26771,0.25869,0.26751,6812535.513081
1644235200,0.2676,0.26878,0.263,0.26844,6260621.775983
1644249600,0.26857,0.26913,0.26184,0.26476,8498765.775259
1644264000,0.26474,0.26617,0.26007,0.26089,8733330.699258
1644278400,0.2608,0.26172,0.25732,0.26029,10220601.319461
1644292800,0.26032,0.2639,0.25657,0.2575,8034637.633441
1644307200,0.25748,0.25789,0.24748,0.25273,8379112.672018
1644321600,0.25249,0.25258,0.24244,0.24634,9473056.26915
1644336000,0.24631,0.24726,0.2419,0.24343,5771590.533126
1644350400,0.24345,0.25393,0.24291,0.2537,7610457.101374
1644364800,0.25388,0.25499,0.24706,0.24808,4547051.249671
1644379200,0.24808,0.25172,0.24743,0.25116,3365905.878203
1644393600,0.25101,0.2546,0.24833,0.25377,3773460.347516
1644408000,0.25374,0.25991,0.25328,0.25618,6219823.867914
1644422400,0.25623,0.25986,0.25407,0.25841,5725266.749335
1644436800,0.25839,0.25979,0.25589,0.2566,3655618.579709
1644451200,0.25684,0.25695,0.25056,0.25207,3094880.229342
1644465600,0.25205,0.25398,0.25108,0.25367,2472620.804794
1644480000,0.25372,0.25828,0.25289,0.25692,3902712.957325
1644494400,0.25701,0.2609,0.242,0.25767,16341556.955562
1644508800,0.25767,0.26104,0.25267,0.25297,7209746.859052
1644523200,0.25288,0.25396,0.24524,0.24603,7126748.229641
1644537600,0.24609,0.24934,0.2423,0.2462,7119912.667378
1644552000,0.24624,0.24801,0.24535,0.24739,3215159.123281
1644566400,0.24735,0.24857,0.24377,0.24707,2851766.524724
1644580800,0.24705,0.25364,0.24648,0.25191,4835196.99969
1644595200,0.25189,0.25307,0.23902,0.23937,7003735.765364
1644609600,0.2393,0.23977,0.23056,0.23342,9516010.182003
1644624000,0.23348,0.23545,0.22967,0.23169,4822263.279385
1644638400,0.23155,0.23271,0.22436,0.22795,4969335.070233
1644652800,0.2281,0.23096,0.22501,0.22957,3090701.423432
1644667200,0.22963,0.23026,0.2247,0.22909,3604015.835395
1644681600,0.22911,0.2378,0.2287,0.23636,5844346.316453
1644696000,0.23624,0.24065,0.23,0.23106,5878343.37425
1644710400,0.2313,0.23422,0.22943,0.22957,2454985.224135
1644724800,0.22959,0.23174,0.22746,0.23137,3074584.892514
1644739200,0.23132,0.23262,0.22929,0.23144,2335209.052341
1644753600,0.23144,0.23392,0.23023,0.2321,2965633.215358
1644768000,0.232,0.23204,0.22196,0.22735,7340597.909953
1644782400,0.22735,0.23028,0.22536,0.22656,4492145.840178
1644796800,0.22664,0.22725,0.22222,0.22529,4908362.810133
1644811200,0.22508,0.22562,0.222,0.22525,4008672.08271
1644825600,0.22532,0.22587,0.22129,0.22491,3535741.463537
1644840000,0.22486,0.233,0.22339,0.23121,5249036.642939
1644854400,0.23113,0.24174,0.23043,0.23421,15978998.93898
1644868800,0.23439,0.24369,0.23266,0.24185,10588957.536723
1644883200,0.24192,0.2654,0.24094,0.26145,19398856.919105
1644897600,0.26148,0.26344,0.257,0.26214,10839019.679562
1644912000,0.26211,0.26415,0.25867,0.25901,9853070.291834
1644926400,0.259,0.25995,0.25372,0.25451,11655652.159541
1644940800,0.25445,0.25713,0.2535,0.25461,6424482.340583
1644955200,0.25462,0.26227,0.2546,0.25896,9322444.694881
1644969600,0.25898,0.26171,0.25542,0.25633,6829104.250445
1644984000,0.25618,0.26035,0.2528,0.25994,4924023.813541
1644998400,0.26,0.26143,0.25537,0.25965,4583157.281451
1645012800,0.25959,0.26215,0.24937,0.25025,8543574.339719
1645027200,0.25037,0.25775,0.248,0.25761,7510828.782928
1645041600,0.25775,0.26666,0.25666,0.26089,7506809.173054
1645056000,0.26076,0.26326,0.25463,0.25488,6970693.966845
1645070400,0.25492,0.25713,0.25037,0.25626,5696719.770097
1645084800,0.25628,0.25667,0.24764,0.25432,4574840.369307
1645099200,0.25425,0.25535,0.24596,0.24668,6674885.027836
1645113600,0.24655,0.24899,0.23666,0.23871,9670000.421151
1645128000,0.23882,0.23942,0.2331,0.23461,8776714.585591
1645142400,0.23451,0.23875,0.23161,0.2376,5866598.326939
1645156800,0.23761,0.24037,0.23687,0.23885,3306548.373708
1645171200,0.23884,0.24202,0.23528,0.23566,5739960.216773
1645185600,0.23556,0.23806,0.22749,0.22861,7700549.166607
1645200000,0.22851,0.2328,0.22539,0.23183,5282620.143197
1645214400,0.23184,0.2325,0.22744,0.22858,3888109.030047
1645228800,0.22852,0.23162,0.22796,0.23018,3520949.249476
1645243200,0.23016,0.23366,0.22969,0.23176,2839960.273757
1645257600,0.23168,0.23216,0.2235,0.2247,4894653.010794
1645272000,0.22486,0.2321,0.22226,0.23188,4891983.811288
1645286400,0.2319,0.23463,0.22815,0.2288,4721193.26502
1645300800,0.22897,0.2329,0.22821,0.23232,2870985.159225
1645315200,0.23228,0.23566,0.2269,0.22861,4919823.188683
1645329600,0.22884,0.22995,0.21598,0.21856,14165506.920922
1645344000,0.21852,0.21888,0.21391,0.21863,5123735.875002
1645358400,0.2185,0.22044,0.21435,0.21782,4965060.269771
1645372800,0.21786,0.21932,0.21674,0.21703,2926550.595085
1645387200,0.21705,0.22046,0.21398,0.21484,5268751.043927
1645401600,0.21502,0.2223,0.21329,0.21792,5607641.18539
1645416000,0.21803,0.2242,0.21797,0.22398,4637569.873108
1645430400,0.22406,0.22514,0.2111,0.21248,6517067.51821
1645444800,0.2124,0.22129,0.20762,0.21747,12562767.475069
1645459200,0.2176,0.2189,0.20938,0.21181,8976207.069209
1645473600,0.21191,0.21357,0.19646,0.2009,16460085.437143
1645488000,0.20102,0.20469,0.1951,0.19673,9724172.082019
1645502400,0.19679,0.20357,0.19541,0.19979,6947994.463962
1645516800,0.19982,0.21786,0.19978,0.21463,22966775.97035
1645531200,0.2144,0.21931,0.21097,0.21776,18686067.725549
1645545600,0.21764,0.22543,0.2154,0.22229,21530302.119182
1645560000,0.22235,0.23881,0.22202,0.23534,42630474.451956
1645574400,0.23542,0.2355,0.22538,0.22702,15109529.347835
1645588800,0.22717,0.22997,0.22626,0.22775,11821295.646788
1645603200,0.22788,0.23564,0.22778,0.23335,10605826.938323
1645617600,0.23337,0.23714,0.22855,0.22981,9163754.473512
1645632000,0.22962,0.23951,0.22352,0.22366,12236852.354144
1645646400,0.22366,0.22499,0.2176,0.21819,10977135.020546
1645660800,0.21819,0.21979,0.1971,0.1973,21763472.92198
1645675200,0.19733,0.19955,0.18729,0.19436,28286748.288863
1645689600,0.19423,0.19893,0.18934,0.19381,14169557.545615
1645704000,0.19372,0.20527,0.19127,0.20408,12351346.163936
1645718400,0.2041,0.21481,0.20014,0.21464,11638739.966468
1645732800,0.21458,0.2237,0.21048,0.21597,11884982.544552
1645747200,0.21597,0.21987,0.21433,0.21708,7824154.369806
1645761600,0.21726,0.21738,0.21124,0.21449,4451710.254
1645776000,0.21464,0.21641,0.20822,0.2162,7531979.323315
1645790400,0.21618,0.22701,0.21609,0.22674,14548759.173797
1645804800,0.22679,0.22829,0.21859,0.21904,8108475.585396
1645819200,0.21896,0.22732,0.218,0.22482,6076898.884154
1645833600,0.22492,0.23268,0.22413,0.22552,7214539.741568
1645848000,0.22536,0.22748,0.22131,0.22507,5141903.090572
1645862400,0.2252,0.22705,0.21923,0.22226,4577778.922781
1645876800,0.22219,0.22639,0.22008,0.2239,4423839.163969
1645891200,0.22436,0.22733,0.22348,0.22661,4182692.258284
1645905600,0.22638,0.228,0.22051,0.22341,4620269.830944
1645920000,0.22359,0.22522,0.21239,0.21431,6062727.041316
1645934400,0.21419,0.21889,0.21322,0.21819,2909233.170675
1645948800,0.21818,0.22335,0.21566,0.22325,4053750.93387
1645963200,0.2233,0.22448,0.2156,0.22156,7722239.157277
1645977600,0.2216,0.2216,0.20881,0.20988,5365957.866246
1645992000,0.20982,0.21365,0.20618,0.20979,7969286.033529
1646006400,0.20984,0.21324,0.20681,0.21261,4825999.619799
1646020800,0.21262,0.2163,0.20987,0.21579,4647143.969284
1646035200,0.21582,0.21726,0.21316,0.21396,3575340.429334
1646049600,0.214,0.22411,0.21138,0.22372,9525692.161573
1646064000,0.22367,0.22701,0.22,0.22132,10218963.014885
1646078400,0.22145,0.23052,0.2203,0.23039,10579081.369898
1646092800,0.23039,0.23335,0.22598,0.22747,9155441.603313
1646107200,0.22758,0.22987,0.22452,0.2291,5004769.883981
1646121600,0.22908,0.2307,0.22323,0.22898,7008692.569794
1646136000,0.22892,0.2351,0.22285,0.22661,19002004.862049
1646150400,0.22626,0.22867,0.22303,0.22454,6960502.93121
1646164800,0.22451,0.22716,0.22184,0.22714,10369660.627685
1646179200,0.22715,0.228,0.22051,0.22681,9791235.802855
1646193600,0.22685,0.22824,0.2204,0.22291,5253748.940726
1646208000,0.22319,0.22776,0.22109,0.22642,5990681.248611
1646222400,0.22643,0.22813,0.21785,0.22202,16137032.538702
1646236800,0.22193,0.22641,0.22058,0.22231,4285636.411061
1646251200,0.2224,0.22713,0.22173,0.22281,3782242.357355
1646265600,0.2228,0.22547,0.22108,0.22233,5042076.405668
1646280000,0.22211,0.22565,0.21957,0.22361,3807668.66659
1646294400,0.22363,0.22592,0.22151,0.22426,4117643.784761
1646308800,0.22425,0.22971,0.21883,0.21939,8733919.334987
1646323200,0.21964,0.22178,0.21446,0.21658,8757331.732403
1646337600,0.21654,0.22229,0.21531,0.22109,4909238.913386
1646352000,0.2211,0.22134,0.21,0.211,8757881.546081
1646366400,0.21091,0.21362,0.20989,0.21277,3659790.166139
1646380800,0.21282,0.21727,0.21019,0.21635,4747037.263884
1646395200,0.21648,0.21695,0.20963,0.21066,7865245.634464
1646409600,0.21061,0.21251,0.20514,0.20562,4726760.94914
1646424000,0.20589,0.20749,0.20333,0.20554,5175148.493389
1646438400,0.20554,0.20625,0.20169,0.20623,4199643.279197
1646452800,0.20626,0.20876,0.20476,0.20803,2804941.629083
1646467200,0.20802,0.20949,0.20607,0.20801,3238039.282983
1646481600,0.208,0.20926,0.20535,0.20883,3482504.561817
1646496000,0.20885,0.21177,0.20834,0.21088,4371429.753778
1646510400,0.21083,0.2116,0.20875,0.21016,2667546.665254
1646524800,0.21012,0.21172,0.20772,0.20813,3138914.619265
1646539200,0.20812,0.2105,0.20606,0.21015,3093773.424603
1646553600,0.21009,0.21009,0.20197,0.20505,4733070.51471
1646568000,0.20503,0.20847,0.20444,0.20689,2565221.879677
1646582400,0.20687,0.21,0.2042,0.20476,4309699.933334
1646596800,0.20468,0.208,0.20111,0.20268,3758289.994545
1646611200,0.20266,0.20336,0.19873,0.20078,4851920.506299
1646625600,0.20085,0.20625,0.19998,0.20278,6297451.114154
1646640000,0.20277,0.20814,0.20228,0.20806,5316595.981412
1646654400,0.20802,0.21284,0.20787,0.21114,7139463.829675
1646668800,0.21115,0.21351,0.19925,0.19997,10339363.639745
1646683200,0.19993,0.20842,0.19805,0.20606,6237232.973106
1646697600,0.2058,0.21274,0.20429,0.21134,4662497.671517
1646712000,0.21127,0.21236,0.20493,0.20745,4222730.986417
1646726400,0.20747,0.21032,0.20704,0.20864,3990863.221204
1646740800,0.20874,0.2095,0.20501,0.20707,5235155.662982
1646755200,0.20713,0.21381,0.20362,0.20389,9555152.753476
1646769600,0.2039,0.20543,0.20142,0.20492,5985926.634552
1646784000,0.20501,0.21283,0.20323,0.21212,8722124.968738
1646798400,0.21231,0.21391,0.21107,0.21298,5737464.59665
1646812800,0.21299,0.21426,0.21065,0.21269,5184878.866956
1646827200,0.21269,0.21425,0.20984,0.21351,5283552.186596
1646841600,0.21359,0.21541,0.20862,0.2105,7365448.837128
1646856000,0.21054,0.21364,0.20895,0.21269,3517954.466727
1646870400,0.21277,0.21415,0.20836,0.20972,4523136.550415
1646884800,0.20971,0.21043,0.20209,0.20641,6121487.45879
1646899200,0.20644,0.20717,0.20409,0.20508,2769336.657088
1646913600,0.20499,0.21084,0.20153,0.20504,15685227.504966
1646928000,0.20503,0.2171,0.20458,0.21597,16672825.064086
1646942400,0.21591,0.22112,0.21401,0.21635,10512039.286721
1646956800,0.21639,0.21645,0.20474,0.20917,8083218.448347
1646971200,0.20913,0.21161,0.20503,0.21049,4739906.807563
1646985600,0.21063,0.21358,0.20777,0.21237,4666826.887312
1647000000,0.21256,0.21458,0.20878,0.2096,6022910.795952
1647014400,0.2096,0.2096,0.20646,0.20794,3204111.501603
1647028800,0.20786,0.2089,0.20495,0.20537,5156005.763754
1647043200,0.20537,0.209,0.20507,0.2072,3829501.272463
1647057600,0.20712,0.20875,0.20591,0.20853,3185812.56915
1647072000,0.20853,0.21203,0.20717,0.20963,3124379.081547
1647086400,0.20971,0.21142,0.20808,0.21015,3189131.748492
1647100800,0.20995,0.21024,0.20609,0.20685,3205076.619263
1647115200,0.20686,0.20855,0.20498,0.20533,2779670.407842
1647129600,0.2053,0.20884,0.2042,0.20811,2950657.536803
1647144000,0.20829,0.20869,0.20598,0.20631,2066085.680304
1647158400,0.20636,0.20644,0.20328,0.20364,3471393.466168
1647172800,0.20358,0.20522,0.20169,0.20484,5162607.931704
1647187200,0.20485,0.20523,0.20367,0.20383,2620128.435807
1647201600,0.20389,0.20393,0.1979,0.1992,6364917.574977
1647216000,0.1992,0.20259,0.1985,0.19979,4540773.424546
1647230400,0.19976,0.20339,0.19972,0.20209,5475622.459173
1647244800,0.20201,0.20525,0.20187,0.20243,5934117.668437
1647259200,0.20231,0.20411,0.20155,0.20352,4490195.706172
1647273600,0.20349,0.20404,0.19819,0.20028,4758495.988555
1647288000,0.20022,0.20354,0.19881,0.20336,5163139.608218
1647302400,0.20336,0.20392,0.19827,0.19891,4594063.160406
1647316800,0.19883,0.20084,0.19642,0.19798,4769599.119661
1647331200,0.19806,0.20364,0.19576,0.19928,7234720.995621
1647345600,0.19898,0.20044,0.19606,0.19872,6019992.185797
1647360000,0.19868,0.20278,0.19797,0.20176,6606145.180804
1647374400,0.20176,0.20243,0.19955,0.20015,4720647.604443
1647388800,0.20016,0.20548,0.19753,0.19863,9964893.392168
1647403200,0.19853,0.20103,0.19748,0.20064,3146776.05884
1647417600,0.2008,0.2027,0.20016,0.20127,6352197.750506
1647432000,0.20127,0.20247,0.19929,0.20139,5827306.772679
1647446400,0.20149,0.20207,0.19395,0.20042,21431119.646896
1647460800,0.20036,0.20477,0.19987,0.20464,9535049.143504
1647475200,0.20466,0.20799,0.20324,0.20534,6202460.297275
1647489600,0.20531,0.20618,0.20359,0.20487,5408406.597539
1647504000,0.20492,0.20664,0.20472,0.20615,3118901.5478
1647518400,0.20622,0.20908,0.20513,0.20582,6880346.588085
1647532800,0.20585,0.20671,0.20479,0.20619,4269160.519539
1647547200,0.20607,0.20651,0.20461,0.20527,3724154.752597
1647561600,0.20534,0.20555,0.20058,0.20141,5950143.201178
1647576000,0.20134,0.20441,0.2009,0.20156,5118704.343644
1647590400,0.20158,0.20289,0.19937,0.20048,4776658.740013
1647604800,0.2005,0.20414,0.19964,0.20411,5110863.685259
1647619200,0.20399,0.20786,0.2039,0.20775,8024425.866203
1647633600,0.20773,0.20828,0.20616,0.20802,3768114.150911
1647648000,0.20803,0.21159,0.20786,0.20924,4865774.501062
1647662400,0.20926,0.20945,0.20704,0.20721,3250436.086642
1647676800,0.20722,0.21055,0.20685,0.21014,4501615.315157
1647691200,0.20999,0.21211,0.20862,0.21197,6866815.839896
1647705600,0.21196,0.21346,0.21064,0.21235,4754660.149318
1647720000,0.2123,0.21312,0.20825,0.2102,6293515.191139
1647734400,0.21016,0.21074,0.1976,0.20772,10000172.628309
1647748800,0.2077,0.21059,0.20721,0.20997,3895355.170161
1647763200,0.21004,0.21243,0.20878,0.209,5797917.795819
1647777600,0.2089,0.21031,0.20587,0.20753,6162396.072342
1647792000,0.20745,0.20995,0.20602,0.2094,5523404.402514
1647806400,0.20942,0.21053,0.20757,0.20912,4469111.224003
1647820800,0.20916,0.21003,0.20515,0.20728,5877526.521311
1647835200,0.20724,0.2121,0.20682,0.21156,5337724.694334
1647849600,0.21155,0.21599,0.20981,0.21384,8495093.477261
1647864000,0.21394,0.21442,0.21023,0.21286,6796492.535064
1647878400,0.2129,0.21327,0.20737,0.2099,6803501.438265
1647892800,0.20984,0.21194,0.20921,0.21128,4277891.535729
1647907200,0.21123,0.21541,0.20995,0.21429,6793314.663078
1647921600,0.21433,0.21665,0.21131,0.21603,10020621.548508
1647936000,0.21606,0.21979,0.21517,0.21918,8629977.397395
1647950400,0.21912,0.21914,0.21439,0.21506,10088766.513908
1647964800,0.21498,0.21737,0.21399,0.21399,4532171.577068
1647979200,0.21405,0.21688,0.21365,0.21483,5382659.919403
1647993600,0.21479,0.21707,0.21253,0.21367,4081731.495305
1648008000,0.21359,0.21416,0.21045,0.21364,6049596.571622
1648022400,0.21363,0.21576,0.21305,0.21377,4721305.535036
1648036800,0.21393,0.21821,0.21275,0.21776,10081292.011345
1648051200,0.21792,0.21859,0.21497,0.21732,9486884.410833
1648065600,0.21732,0.21936,0.21543,0.2179,6214772.338792
1648080000,0.21789,0.22213,0.21741,0.22023,7362696.993601
1648094400,0.22036,0.22811,0.22029,0.2239,10555849.380936
1648108800,0.22389,0.2275,0.22161,0.22336,7489107.435047
1648123200,0.22345,0.224,0.21819,0.22164,20853853.472314
1648137600,0.22174,0.2227,0.21861,0.22039,12419999.532378
1648152000,0.2204,0.22067,0.21828,0.22032,4452079.032929
1648166400,0.22035,0.22359,0.21693,0.22353,8745339.34257
1648180800,0.22355,0.22605,0.22318,0.22367,7583144.844277
1648195200,0.22373,0.22709,0.22128,0.22671,9898057.842115
1648209600,0.22683,0.23032,0.22345,0.2242,14479710.750891
1648224000,0.22426,0.22624,0.21882,0.22401,8555205.255754
1648238400,0.22395,0.22524,0.22102,0.22328,3987248.748094
1648252800,0.22321,0.22737,0.22154,0.22458,4948022.193991
1648267200,0.22459,0.22642,0.22367,0.22584,3140429.229309
1648281600,0.22584,0.22655,0.22321,0.22355,3825107.970713
1648296000,0.22364,0.22435,0.22211,0.22386,3549892.59149
1648310400,0.22389,0.22566,0.22321,0.22486,2777171.918922
1648324800,0.22488,0.22722,0.22376,0.2272,3637996.247714
1648339200,0.2272,0.23254,0.22646,0.23135,9049492.11737
1648353600,0.23133,0.23484,0.23043,0.23469,6420484.879961
1648368000,0.23462,0.24174,0.23266,0.23648,10785492.588363
1648382400,0.23648,0.24047,0.23051,0.24026,7813488.211468
1648396800,0.24019,0.24147,0.23597,0.24026,8536762.476222
1648411200,0.24046,0.24745,0.23946,0.24242,11437063.696231
1648425600,0.24232,0.24842,0.24106,0.24687,9726433.456421
1648440000,0.24685,0.24695,0.24242,0.24591,8836953.50823
1648454400,0.24589,0.24793,0.24336,0.24789,5765756.250584
1648468800,0.24789,0.252,0.24495,0.24498,10746634.978241
1648483200,0.24495,0.24908,0.24228,0.24598,12590096.104753
1648497600,0.24605,0.24767,0.23381,0.23592,12884360.859042
1648512000,0.23585,0.2418,0.23519,0.24097,5366563.451241
1648526400,0.24121,0.24502,0.24061,0.241,5313295.086251
1648540800,0.2412,0.24566,0.2409,0.24546,5680048.353592
1648555200,0.24552,0.26893,0.24524,0.25781,62013473.861151
1648569600,0.25781,0.26027,0.25027,0.25596,15790680.219118
1648584000,0.25529,0.25574,0.2492,0.25416,8714967.565466
1648598400,0.2539,0.25424,0.2436,0.25012,9754195.529278
1648612800,0.25015,0.25514,0.24864,0.25367,7754954.42668
1648627200,0.25367,0.26036,0.25127,0.25628,12669553.194926
1648641600,0.25629,0.25661,0.24848,0.25332,12295274.28456
1648656000,0.25351,0.25684,0.24919,0.25094,10954427.370556
1648670400,0.25098,0.25437,0.24933,0.25426,6252894.796532
1648684800,0.25432,0.25802,0.25158,0.25262,8060804.254163
1648699200,0.2526,0.25754,0.25176,0.25729,8096127.185488
1648713600,0.25705,0.26128,0.25417,0.25886,12087317.033952
1648728000,0.25894,0.25947,0.242,0.24452,18239085.635142
1648742400,0.24466,0.24507,0.23583,0.23611,16603220.066699
1648756800,0.23611,0.23713,0.23204,0.2364,15583452.287246
1648771200,0.23622,0.24027,0.23023,0.23404,11722876.925334
1648785600,0.23394,0.23987,0.23382,0.23971,4981210.574063
1648800000,0.23971,0.24156,0.23615,0.23747,5484107.111492
1648814400,0.2375,0.2472,0.23396,0.24496,10988442.379034
1648828800,0.24509,0.24875,0.24335,0.24731,7622531.625534
1648843200,0.24732,0.24735,0.24354,0.24661,8054200.593522
1648857600,0.24651,0.24979,0.24479,0.24825,7628495.083253
1648872000,0.24827,0.2499,0.24744,0.24976,4414106.074901
1648886400,0.24972,0.25258,0.24845,0.25081,6737935.444707
1648900800,0.25051,0.25224,0.24374,0.24484,8349421.311068
1648915200,0.24469,0.24829,0.24254,0.24425,7570969.565096
1648929600,0.24431,0.24772,0.24376,0.24545,3872032.445158
1648944000,0.24533,0.24914,0.24069,0.24457,6179737.844791
1648958400,0.24491,0.2492,0.24461,0.24845,4003970.999448
1648972800,0.24847,0.24869,0.24408,0.2467,2956714.037164
1648987200,0.24675,0.2477,0.24512,0.24676,3842312.39923
1649001600,0.24686,0.24769,0.24393,0.24464,3660978.984272
1649016000,0.24462,0.25029,0.24447,0.24809,6904562.063639
1649030400,0.24828,0.24828,0.24274,0.24418,4291105.886876
1649044800,0.24423,0.24753,0.24356,0.24583,3357560.28995
1649059200,0.24575,0.24609,0.23703,0.24085,7085958.332738
1649073600,0.24065,0.24125,0.23373,0.23453,6670450.441176
1649088000,0.23444,0.2362,0.22888,0.23613,8670891.97161
1649102400,0.23613,0.23973,0.23507,0.23871,4619729.535368
1649116800,0.23875,0.23948,0.23628,0.23893,3511998.70213
1649131200,0.23904,0.23959,0.23644,0.23813,3193590.963311
1649145600,0.23824,0.23852,0.236,0.23796,2922452.158413
1649160000,0.23803,0.24042,0.23239,0.23366,7513644.579396
1649174400,0.23333,0.23491,0.2295,0.23163,4067261.654307
1649188800,0.23164,0.23208,0.22574,0.2272,3478993.591137
1649203200,0.22721,0.22733,0.21539,0.22036,11986587.951931
1649217600,0.22038,0.22498,0.21948,0.22238,3904373.682606
1649232000,0.22259,0.22322,0.21367,0.21594,7332854.056591
1649246400,0.21587,0.2176,0.20947,0.21322,7269054.411683
1649260800,0.21333,0.21522,0.20833,0.2145,6232153.296419
1649275200,0.2146,0.21671,0.20984,0.21044,3907852.019187
1649289600,0.21016,0.21381,0.20602,0.21326,6796052.621391
1649304000,0.21334,0.21809,0.21249,0.21703,3893129.230722
1649318400,0.21727,0.22016,0.2151,0.21958,4738473.626237
1649332800,0.21965,0.23026,0.21403,0.21722,33469418.72483
1649347200,0.21714,0.22486,0.21506,0.21886,10781593.927672
1649361600,0.21883,0.22574,0.21722,0.22271,6896854.389007
1649376000,0.22255,0.22428,0.22117,0.22285,4453759.567488
1649390400,0.223,0.22325,0.21775,0.22023,3819548.929136
1649404800,0.22016,0.22166,0.21452,0.21502,4281517.841916
1649419200,0.21492,0.21935,0.21212,0.21802,6300912.201808
1649433600,0.21785,0.21864,0.20921,0.21074,8084908.378732
1649448000,0.21061,0.21202,0.20635,0.20826,5997890.874779
1649462400,0.20825,0.21055,0.20706,0.2091,4417098.983146
1649476800,0.20926,0.21148,0.20849,0.21079,1770820.878918
1649491200,0.21083,0.21174,0.20866,0.21135,2732691.338088
1649505600,0.21128,0.215,0.20716,0.20769,8556851.150959
1649520000,0.20777,0.21127,0.20773,0.20932,2625841.426424
1649534400,0.20942,0.21417,0.20882,0.2137,2653003.734202
1649548800,0.21395,0.21413,0.21172,0.21303,2662700.568231
1649563200,0.21287,0.21306,0.2111,0.21237,2744374.416992
1649577600,0.21223,0.215,0.21073,0.21431,3430724.937959
1649592000,0.21426,0.21635,0.21285,0.21495,3631621.891826
1649606400,0.21481,0.2188,0.21407,0.21734,4061235.199602
1649620800,0.21734,0.21863,0.208,0.20825,6903195.34451
1649635200,0.20846,0.20897,0.20174,0.20337,9470542.730135
1649649600,0.20326,0.20526,0.20309,0.20459,5218581.516551
1649664000,0.20452,0.20485,0.19555,0.19732,10382647.880499
1649678400,0.1973,0.1994,0.19562,0.19774,6192057.054928
1649692800,0.1977,0.20158,0.19629,0.19813,5769877.381899
1649707200,0.19777,0.19874,0.192,0.19488,6690058.934789
1649721600,0.19496,0.1976,0.1939,0.19717,4078130.002422
1649736000,0.19722,0.20102,0.19669,0.19965,4143525.653354
1649750400,0.19958,0.20285,0.1989,0.20252,5478286.5804
1649764800,0.20258,0.2036,0.1965,0.19863,7706828.218848
1649779200,0.19858,0.20022,0.19232,0.19251,5959201.00412
1649793600,0.19253,0.19897,0.1924,0.19833,6192975.637528
1649808000,0.19837,0.19931,0.19458,0.19823,6336704.886111
1649822400,0.19826,0.20093,0.19791,0.19987,3443161.768258
1649836800,0.19999,0.20113,0.19707,0.19713,4279076.416981
1649851200,0.19727,0.20401,0.19665,0.20296,7343754.860706
1649865600,0.20309,0.20409,0.20093,0.20139,5450462.91892
1649880000,0.20124,0.20341,0.20056,0.20319,3498566.756075
1649894400,0.2033,0.20438,0.20201,0.20307,4100580.683351
1649908800,0.20318,0.20545,0.20283,0.20366,5354434.75692
1649923200,0.20373,0.20393,0.19922,0.19971,3539857.789892
1649937600,0.19949,0.20245,0.1949,0.19506,5693018.340857
1649952000,0.19511,0.19606,0.19324,0.19369,6043626.137239
1649966400,0.1936,0.19648,0.19254,0.19621,3684296.22085
1649980800,0.19622,0.19871,0.19453,0.19867,3499318.415916
1649995200,0.19869,0.19925,0.19542,0.19782,4214403.538927
1650009600,0.19778,0.19918,0.19655,0.19892,3633901.023048
1650024000,0.19882,0.19902,0.19432,0.19831,5653494.438616
1650038400,0.19833,0.20138,0.19715,0.19925,4750969.349389
1650052800,0.19914,0.20002,0.19817,0.19985,3165166.081024
1650067200,0.19994,0.20038,0.1983,0.19888,2805555.380522
1650081600,0.19893,0.20021,0.19837,0.19871,1913220.254453
1650096000,0.19874,0.20405,0.19811,0.2006,10372517.003948
1650110400,0.20058,0.20173,0.19685,0.19767,4467210.353103
1650124800,0.19757,0.19838,0.19651,0.19687,2465667.878046
1650139200,0.1968,0.19987,0.19665,0.19813,5338498.344354
1650153600,0.19819,0.19847,0.1955,0.196,4272134.922003
1650168000,0.19609,0.19749,0.19602,0.19714,2221735.84247
1650182400,0.19704,0.19781,0.1966,0.19762,2412500.75826
1650196800,0.19762,0.19951,0.19681,0.19903,3292570.529952
1650211200,0.19909,0.19998,0.19594,0.19799,4651179.511286
1650225600,0.19792,0.19848,0.19046,0.19238,5559120.667734
1650240000,0.19225,0.1943,0.19123,0.19286,4424736.755243
1650254400,0.19269,0.19299,0.1814,0.18342,9673710.384838
1650268800,0.18355,0.18664,0.18244,0.18611,4453635.693923
1650283200,0.18636,0.18871,0.186,0.18831,4924093.989012
1650297600,0.18822,0.19406,0.18693,0.19227,7202036.124317
1650312000,0.19226,0.195,0.19226,0.19478,3590542.624755
1650326400,0.19479,0.19653,0.19207,0.19277,4270269.820535
1650340800,0.1929,0.19514,0.19248,0.1937,3476655.042133
1650355200,0.19382,0.19798,0.19349,0.19605,4369885.245725
1650369600,0.1959,0.20033,0.19575,0.19826,5830062.484669
1650384000,0.1981,0.2002,0.19655,0.19831,5898375.135364
1650398400,0.19785,0.19994,0.19661,0.19932,3306682.797893
1650412800,0.19926,0.19966,0.19555,0.19824,4249327.617746
1650427200,0.19815,0.20086,0.1971,0.19911,3589656.830683
1650441600,0.1992,0.20381,0.19872,0.20252,7904429.547169
1650456000,0.20248,0.20294,0.19518,0.19549,8387456.901438
1650470400,0.19549,0.19653,0.19252,0.19461,6787273.002707
1650484800,0.1946,0.19698,0.19339,0.19609,3325735.263539
1650499200,0.19618,0.19958,0.19585,0.19868,3332129.262072
1650513600,0.19881,0.19931,0.19522,0.19852,4974014.077298
1650528000,0.19868,0.20188,0.19584,0.19987,6443749.888862
1650542400,0.20012,0.2025,0.19825,0.19979,8805541.557196
1650556800,0.19991,0.20047,0.19404,0.19404,5742279.612991
1650571200,0.19401,0.19457,0.18525,0.19074,8143058.036212
1650585600,0.19073,0.19252,0.1893,0.19101,5318517.73554
1650600000,0.19107,0.19452,0.19062,0.19289,3980887.096746
1650614400,0.193,0.19425,0.18972,0.19177,4335278.604531
1650628800,0.19182,0.19235,0.18735,0.18813,5768677.828706
1650643200,0.18795,0.19146,0.18692,0.18977,3657097.788435
1650657600,0.18984,0.19055,0.18771,0.18973,3221133.685031
1650672000,0.18971,0.19086,0.18822,0.18852,2488914.1786
1650686400,0.18851,0.18974,0.18623,0.18913,3025986.301376
1650700800,0.18901,0.19011,0.18847,0.18933,2166955.042885
1650715200,0.18954,0.19016,0.1877,0.18979,3139861.526513
1650729600,0.18983,0.19056,0.18794,0.18869,3020310.260734
1650744000,0.1887,0.18993,0.18674,0.18691,2339390.334851
1650758400,0.18704,0.18941,0.18693,0.18894,1910196.657555
1650772800,0.18894,0.18951,0.18731,0.18784,1943094.84167
1650787200,0.18783,0.18888,0.1869,0.18727,2703456.381416
1650801600,0.18726,0.18798,0.18503,0.18633,4792864.891797
1650816000,0.18636,0.1877,0.18383,0.187,5166170.609034
1650830400,0.18699,0.18725,0.18508,0.18579,2485468.314879
1650844800,0.18571,0.18616,0.17812,0.18299,10453316.054576
1650859200,0.18306,0.18331,0.1732,0.17486,9814088.558538
1650873600,0.17487,0.1764,0.17138,0.17541,8797597.870531
1650888000,0.17563,0.1785,0.1736,0.17656,8552233.926298
1650902400,0.17653,0.18218,0.17629,0.18177,5773098.200388
1650916800,0.18197,0.18269,0.18049,0.1816,3911914.33042
1650931200,0.18154,0.18305,0.1791,0.18013,4563819.788997
1650945600,0.18015,0.18328,0.17973,0.1821,5081476.819706
1650960000,0.18203,0.18316,0.17876,0.18003,3319526.978642
1650974400,0.17999,0.18092,0.17193,0.17215,7602091.171961
1650988800,0.17199,0.17406,0.1679,0.17041,8479881.744884
1651003200,0.17042,0.17149,0.16395,0.16752,8251149.01513
1651017600,0.16767,0.17002,0.16566,0.16886,3966164.051728
1651032000,0.16901,0.17411,0.16853,0.174,4337710.170224
1651046400,0.174,0.17425,0.16811,0.16994,4018702.667318
1651060800,0.16999,0.1739,0.16966,0.17141,6364367.462187
1651075200,0.17148,0.17252,0.16458,0.1658,10026301.967192
1651089600,0.16598,0.16976,0.16583,0.16933,4529170.917273
1651104000,0.16936,0.1705,0.16798,0.16896,4487242.300284
1651118400,0.16906,0.17258,0.16839,0.17153,4550061.447476
1651132800,0.17162,0.1736,0.17067,0.17247,4386453.92393
1651147200,0.17248,0.17297,0.16633,0.16779,6121846.585779
1651161600,0.16764,0.17069,0.16618,0.16906,5504597.668081
1651176000,0.16906,0.17057,0.16803,0.16965,4058238.028414
1651190400,0.1698,0.17163,0.16717,0.16872,5490687.291973
1651204800,0.16862,0.16874,0.16706,0.16851,3178844.992937
1651219200,0.16851,0.16881,0.16216,0.16325,7776869.395833
1651233600,0.16332,0.16605,0.16287,0.16434,6377015.251295
1651248000,0.16429,0.16429,0.15583,0.15753,8339949.020673
1651262400,0.15736,0.16006,0.15725,0.1588,5951671.648035
1651276800,0.15893,0.16288,0.15835,0.16023,13008284.054497
1651291200,0.16027,0.1624,0.1591,0.15945,7306949.636752
1651305600,0.15956,0.15965,0.15703,0.15828,5769620.071652
1651320000,0.15836,0.15885,0.15159,0.15368,10438265.483264
1651334400,0.15346,0.15413,0.14813,0.15091,15866462.796845
1651348800,0.15064,0.15106,0.13012,0.14127,33393547.444182
1651363200,0.14124,0.14321,0.13691,0.14225,14005243.29218
1651377600,0.14225,0.14638,0.14179,0.1443,6718253.948729
1651392000,0.14427,0.14616,0.14293,0.14325,5613578.932395
1651406400,0.14322,0.14703,0.14161,0.14624,7194257.755442
1651420800,0.14633,0.15165,0.14218,0.14301,8919652.419311
1651435200,0.143,0.14632,0.14214,0.14578,7708126.98949
1651449600,0.14575,0.14779,0.14412,0.14507,4125831.875809
1651464000,0.14516,0.14807,0.1448,0.14604,4898482.912551
1651478400,0.14603,0.14688,0.13927,0.13971,9376042.512601
1651492800,0.13972,0.14243,0.1367,0.13923,21297026.258793
1651507200,0.13926,0.13932,0.13298,0.13843,16787255.22558
1651521600,0.1385,0.1411,0.13708,0.13992,6833074.105429
1651536000,0.13993,0.14186,0.13897,0.1409,4017186.088656
1651550400,0.14101,0.14299,0.13953,0.1427,6264463.678323
1651564800,0.14253,0.14685,0.14157,0.14587,6090661.962078
1651579200,0.14593,0.14619,0.14283,0.14358,7715417.095565
1651593600,0.14358,0.14397,0.13726,0.13836,10532709.275039
1651608000,0.13843,0.1411,0.13712,0.13849,5990934.671181
1651622400,0.13837,0.14118,0.13723,0.14043,4897734.125571
1651636800,0.14066,0.14176,0.13875,0.1413,5027766.557366
1651651200,0.14154,0.14528,0.14154,0.14359,8265471.095061
1651665600,0.14361,0.14507,0.13987,0.14167,6877400.406045
1651680000,0.14166,0.14939,0.14031,0.14898,15981876.557209
1651694400,0.14893,0.15139,0.14863,0.15117,7623485.213686
1651708800,0.15124,0.15515,0.15113,0.15283,7023020.510476
1651723200,0.15278,0.15392,0.14954,0.15027,5537427.985227
1651737600,0.15024,0.15095,0.14718,0.14822,8714949.451362
1651752000,0.14817,0.1505,0.13277,0.13458,15126021.319138
1651766400,0.13447,0.1387,0.13339,0.13779,14230696.233671
1651780800,0.13775,0.13775,0.13359,0.13548,6760165.409766
1651795200,0.1354,0.13625,0.13356,0.13524,4918904.088928
1651809600,0.13531,0.13553,0.12923,0.13138,9069669.979262
1651824000,0.13119,0.13317,0.12872,0.13052,7826727.070076
1651838400,0.13055,0.13681,0.12866,0.13351,11368836.605329
1651852800,0.13348,0.13523,0.13226,0.13465,6561979.809717
1651867200,0.13469,0.13556,0.13196,0.13389,4312110.441543
1651881600,0.13384,0.13569,0.1317,0.13178,4614867.043965
1651896000,0.13188,0.1331,0.12961,0.13292,5170616.914885
1651910400,0.13293,0.13587,0.13231,0.13486,4185234.851661
1651924800,0.135,0.13534,0.13259,0.13499,4374586.698184
1651939200,0.135,0.135,0.13295,0.13336,2345762.326966
1651953600,0.13327,0.13334,0.12584,0.13034,11674940.507412
1651968000,0.13029,0.13119,0.12516,0.12726,9570928.090657
1651982400,0.12729,0.12874,0.12563,0.12774,9560134.553421
1651996800,0.12763,0.12968,0.1266,0.12905,3921375.62443
1652011200,0.12897,0.12935,0.12511,0.12732,5513432.45791
1652025600,0.12736,0.13,0.12447,0.12907,8866518.729121
1652040000,0.12908,0.13036,0.12694,0.12769,5114925.501186
1652054400,0.12778,0.13229,0.12468,0.12708,7567061.028393
1652068800,0.12704,0.12875,0.12489,0.12635,4936871.19578
1652083200,0.12631,0.12737,0.11877,0.12166,11545627.065009
1652097600,0.12169,0.1232,0.11587,0.11756,9464151.314315
1652112000,0.11748,0.11815,0.10619,0.11216,21560101.590592
1652126400,0.11215,0.1167,0.10479,0.10619,15489865.5911
1652140800,0.1061,0.11145,0.10269,0.10797,21478688.050258
1652155200,0.10794,0.11973,0.1072,0.11479,16643702.957112
1652169600,0.11467,0.11969,0.11384,0.11891,11144234.142085
1652184000,0.11902,0.12189,0.11197,0.11567,14927904.558284
1652198400,0.11591,0.1204,0.11227,0.11366,14328739.812298
1652212800,0.11348,0.11619,0.10874,0.11472,11226463.486102
1652227200,0.11466,0.12009,0.11233,0.11612,11126322.255758
1652241600,0.11604,0.11738,0.101,0.10702,15632441.496786
1652256000,0.10701,0.11834,0.10452,0.11122,15370275.101193
1652270400,0.11128,0.11365,0.08971,0.10088,37627001.161878
1652284800,0.10073,0.10187,0.09046,0.09089,17506910.884219
1652299200,0.09104,0.09482,0.08388,0.0912,20880506.415639
1652313600,0.09115,0.09704,0.08292,0.08305,25202793.801744
1652328000,0.08304,0.08422,0.07382,0.08047,35622099.764648
1652342400,0.08073,0.08539,0.0771,0.08385,21029561.548347
1652356800,0.08383,0.09002,0.07956,0.08849,16299741.168109
1652371200,0.08842,0.0946,0.08757,0.08946,13788451.695078
1652385600,0.08951,0.09101,0.083,0.08693,13007050.264946
1652400000,0.08682,0.09834,0.08581,0.09748,19684285.334782
1652414400,0.09775,0.10468,0.09679,0.09943,15629017.684013
1652428800,0.09941,0.10656,0.09941,0.10618,8430814.996803
1652443200,0.10624,0.10716,0.10023,0.10118,7561796.889691
1652457600,0.10151,0.10245,0.0974,0.09913,4792058.488665
1652472000,0.0991,0.10003,0.09599,0.09633,3208263.422623
1652486400,0.09642,0.10497,0.09584,0.10258,3749424.462458
1652500800,0.10255,0.10255,0.09919,0.10091,3954410.173495
1652515200,0.10091,0.10347,0.093,0.09337,4368129.6903
1652529600,0.09332,0.09474,0.09193,0.09265,4646046.374858
1652544000,0.09267,0.09859,0.09167,0.09612,3707677.590689
1652558400,0.0961,0.10239,0.096,0.10149,3041279.710275
1652572800,0.10151,0.10285,0.09713,0.09798,2555666.206332
1652587200,0.098,0.10272,0.09741,0.10114,2753621.716409
1652601600,0.101,0.103,0.09934,0.10276,3432761.428992
1652616000,0.10284,0.10397,0.0999,0.10244,4979866.944823
1652630400,0.10284,0.10531,0.10212,0.10513,2464791.966016
1652644800,0.1053,0.1082,0.10472,0.10799,4607540.263977
1652659200,0.10735,0.10947,0.1011,0.10274,6997450.058617
1652673600,0.10301,0.10415,0.09808,0.10016,2477421.415407
1652688000,0.10045,0.10262,0.09839,0.10057,4971651.967973
1652702400,0.10055,0.10256,0.0987,0.1,3706222.900738
1652716800,0.10007,0.10477,0.09919,0.1032,3257739.805244
1652731200,0.10336,0.10542,0.10161,0.10226,3178804.545606
1652745600,0.10232,0.10782,0.1023,0.1076,3691516.521569
1652760000,0.10757,0.1087,0.10608,0.10623,3449575.617262
1652774400,0.10622,0.10713,0.10563,0.10583,2705877.027998
1652788800,0.10576,0.10782,0.1022,0.10343,5432281.836069
1652803200,0.10341,0.10411,0.09985,0.10278,3998399.656801
1652817600,0.10294,0.11,0.10284,0.1096,4956714.929586
1652832000,0.10964,0.11034,0.10476,0.10514,4282872.027118
1652846400,0.105,0.10656,0.10408,0.10561,3407813.350952
1652860800,0.10578,0.10613,0.10322,0.10379,5487543.696184
1652875200,0.10393,0.10428,0.09837,0.10075,6288048.024762
1652889600,0.10091,0.10508,0.09988,0.10474,5017835.974955
1652904000,0.10447,0.10469,0.09894,0.09945,2867012.209693
1652918400,0.09915,0.10181,0.09624,0.10069,4996990.063274
1652932800,0.10074,0.10216,0.09891,0.09992,2869364.542359
1652947200,0.09997,0.10159,0.09669,0.10144,2529957.518642
1652961600,0.10144,0.10667,0.09994,0.10569,2428328.573752
1652976000,0.1055,0.10591,0.1017,0.10185,877687.503936
1652990400,0.10181,0.10481,0.10068,0.1036,1524697.105469
1653004800,0.10368,0.1057,0.10227,0.10296,1640631.279611
1653019200,0.10297,0.10441,0.10133,0.10321,1591114.588757
1653033600,0.10312,0.10547,0.10265,0.1051,2828409.50632
1653048000,0.1051,0.10549,0.09874,0.10123,4781514.10765
1653062400,0.10114,0.10114,0.09777,0.10076,3651590.536423
1653076800,0.10079,0.10125,0.09896,0.09958,1058283.502302
1653091200,0.09961,0.10139,0.09823,0.10082,1435488.60686
1653105600,0.10098,0.10173,0.09919,0.10128,886865.291245
1653120000,0.10128,0.10158,0.09911,0.10027,842022.761703
1653134400,0.10015,0.10212,0.09946,0.10186,1116503.791057
1653148800,0.10186,0.10324,0.10043,0.10121,1735416.515851
1653163200,0.10108,0.10194,0.09946,0.10129,1441682.555033
1653177600,0.10131,0.10244,0.10006,0.10097,873710.263011
1653192000,0.10059,0.10175,0.09896,0.10151,1043197.708707
1653206400,0.10159,0.1045,0.10142,0.10299,1847161.656233
1653220800,0.10311,0.10511,0.10216,0.10328,1500609.062743
1653235200,0.10336,0.10443,0.10208,0.10248,1236685.525898
1653249600,0.10263,0.10492,0.10243,0.10437,837224.38848
1653264000,0.10415,0.10538,0.1022,0.1034,1265984.986747
1653278400,0.10338,0.10646,0.10338,0.10564,1095313.716785
1653292800,0.10569,0.1065,0.10419,0.10636,1156892.742987
1653307200,0.10646,0.10822,0.10416,0.10635,1293334.098357
1653321600,0.10632,0.10724,0.09966,0.09983,2041308.513493
1653336000,0.09969,0.10265,0.09733,0.09863,1778009.431266
1653350400,0.09849,0.10075,0.09837,0.09946,1650335.623553
1653364800,0.09938,0.10037,0.09827,0.0993,950115.669998
1653379200,0.09925,0.09967,0.09642,0.09812,1404083.020613
1653393600,0.09812,0.09842,0.09304,0.09788,6735401.886085
1653408000,0.09772,0.10073,0.09557,0.09727,5731154.941185
1653422400,0.0972,0.10015,0.09663,0.09939,1020039.992636
1653436800,0.09947,0.10094,0.09759,0.10012,1196169.289012
1653451200,0.09978,0.09991,0.09642,0.09723,973962.830283
1653465600,0.0974,0.09861,0.09577,0.09596,1040091.254037
1653480000,0.09591,0.09878,0.0957,0.09753,1153484.333218
1653494400,0.09737,0.09812,0.09603,0.09704,1350954.228638
1653508800,0.09699,0.0986,0.09678,0.09769,743715.357528
1653523200,0.09773,0.09933,0.09697,0.0979,883774.817493
1653537600,0.09793,0.09798,0.0936,0.09439,1529847.85187
1653552000,0.09445,0.0945,0.08964,0.0906,2553045.7128
1653566400,0.09073,0.09548,0.08729,0.0944,2428017.150563
1653580800,0.09456,0.09647,0.09179,0.09179,1115742.406994
1653595200,0.09175,0.09345,0.09054,0.09078,1170155.309665
1653609600,0.09073,0.09167,0.08687,0.09103,1664771.917878
1653624000,0.09106,0.09125,0.08655,0.08916,1777070.754987
1653638400,0.08917,0.09096,0.0884,0.09018,1458733.56974
1653652800,0.09016,0.0931,0.0897,0.09051,2036086.960498
1653667200,0.0905,0.09091,0.0857,0.08801,2136367.097207
1653681600,0.08787,0.08952,0.0864,0.08702,1194828.487411
1653696000,0.08725,0.09013,0.08607,0.08888,1638878.774497
1653710400,0.08902,0.0894,0.08781,0.08832,2006372.723368
1653724800,0.08829,0.0886,0.08695,0.08768,2095476.637453
1653739200,0.08764,0.08967,0.08733,0.08902,2420540.221317
1653753600,0.08875,0.0896,0.08813,0.08889,859642.853738
1653768000,0.08891,0.08975,0.08814,0.08904,876250.20527
1653782400,0.08907,0.08957,0.0865,0.08713,1119322.970402
1653796800,0.08705,0.0881,0.08677,0.08799,719052.211457
1653811200,0.08794,0.08938,0.08773,0.08931,874859.670385
1653825600,0.08934,0.09035,0.08812,0.08873,1122444.615986
1653840000,0.08874,0.09027,0.0884,0.0888,998999.382922
1653854400,0.08882,0.09071,0.08882,0.09065,813144.113396
1653868800,0.09068,0.09441,0.08961,0.09339,1295764.356865
1653883200,0.09348,0.09598,0.09276,0.09559,1156734.350411
1653897600,0.09568,0.09583,0.09332,0.09395,831547.356351
1653912000,0.09403,0.09506,0.09253,0.09444,1252718.522864
1653926400,0.09449,0.09558,0.09386,0.09518,888302.569678
1653940800,0.09496,0.09901,0.09487,0.09783,1637371.284647
1653955200,0.0978,0.09901,0.09558,0.09767,922110.804408
1653969600,0.09764,0.09764,0.09426,0.09586,2072127.382552
1653984000,0.09588,0.09728,0.09539,0.09639,1122283.729873
1653998400,0.09647,0.09682,0.09278,0.09588,3298985.002121
1654012800,0.09597,0.09642,0.0931,0.09339,5555373.51325
1654027200,0.09339,0.09574,0.09326,0.09441,3447952.329575
1654041600,0.09445,0.09818,0.09331,0.09518,2112441.434377
1654056000,0.09511,0.09639,0.09413,0.09484,1395106.863421
1654070400,0.09491,0.0969,0.09477,0.09563,1368981.00153
1654084800,0.09567,0.09735,0.09252,0.093,1677060.528974
1654099200,0.0931,0.09312,0.09043,0.09098,583956.25075
1654113600,0.09111,0.09117,0.0882,0.0895,908147.71734
1654128000,0.08946,0.0927,0.08853,0.08879,1850327.688779
1654142400,0.08889,0.09027,0.08776,0.08955,1248183.207435
1654156800,0.08947,0.09157,0.08925,0.09143,3302751.259745
1654171200,0.0915,0.09165,0.08837,0.09074,1299490.116741
1654185600,0.09087,0.09157,0.09016,0.09091,650078.131388
1654200000,0.0909,0.0929,0.09077,0.09225,613085.357379
1654214400,0.09229,0.09295,0.09118,0.09216,656838.668624
1654228800,0.09219,0.09233,0.09041,0.09099,727722.736795
1654243200,0.09098,0.09126,0.08767,0.08869,1272372.886572
1654257600,0.08875,0.08951,0.0878,0.08879,1291808.007656
1654272000,0.08871,0.08972,0.08834,0.08885,1197778.688675
1654286400,0.08884,0.09022,0.08829,0.08865,2237687.99359
1654300800,0.08859,0.08945,0.08719,0.08773,2540763.65765
1654315200,0.08769,0.08953,0.08768,0.08913,985958.450651
1654329600,0.08919,0.08961,0.08855,0.08897,755349.714406
1654344000,0.08893,0.09025,0.08777,0.08977,1128462.583534
1654358400,0.0898,0.08997,0.08901,0.08919,693269.891393
1654372800,0.08902,0.09063,0.08902,0.09038,768877.594949
1654387200,0.09048,0.09489,0.09028,0.09197,3222914.030587
1654401600,0.09194,0.09595,0.09123,0.09356,3173684.27954
1654416000,0.09365,0.09461,0.09224,0.09284,1721061.921441
1654430400,0.09282,0.0938,0.09162,0.09306,1250634.430751
1654444800,0.0931,0.09393,0.092,0.09381,1064899.262368
1654459200,0.09394,0.09419,0.09302,0.09353,1475147.095256
1654473600,0.09354,0.09701,0.09337,0.09671,2239777.426826
1654488000,0.09681,0.09729,0.0954,0.09722,806643.740128
1654502400,0.09724,0.0983,0.09533,0.09593,1640177.450595
1654516800,0.09579,0.09686,0.09532,0.09638,1434076.072599
1654531200,0.09633,0.09634,0.09435,0.09543,791941.870848
1654545600,0.0954,0.09709,0.09465,0.09676,1083960.150716
1654560000,0.09675,0.09684,0.08874,0.09003,4526602.073839
1654574400,0.09016,0.09049,0.089,0.09041,1968025.024587
1654588800,0.09038,0.09103,0.08874,0.08936,1096051.721453
1654603200,0.08926,0.09125,0.08891,0.09046,1057777.581917
1654617600,0.09041,0.09291,0.08979,0.09182,1112631.258464
1654632000,0.09222,0.09357,0.08963,0.09074,1751690.146182
1654646400,0.09065,0.09211,0.08786,0.08855,1942790.763004
1654660800,0.08852,0.08992,0.08838,0.08932,1600512.180468
1654675200,0.08935,0.08943,0.08858,0.08903,872617.438007
1654689600,0.08885,0.09027,0.08794,0.08927,1612604.794185
1654704000,0.0894,0.0894,0.0868,0.08797,1251076.809747
1654718400,0.08798,0.08908,0.0877,0.08804,732184.670677
1654732800,0.0881,0.08821,0.08688,0.08751,818698.131239
1654747200,0.0874,0.08876,0.08723,0.08869,602536.864635
1654761600,0.08877,0.08951,0.08813,0.0882,1173945.693537
1654776000,0.08826,0.08873,0.08726,0.08838,676648.313409
1654790400,0.08835,0.08931,0.08682,0.08696,803616.208493
1654804800,0.08685,0.08752,0.08619,0.08657,1006565.760899
1654819200,0.0866,0.08728,0.08394,0.08649,2208434.885409
1654833600,0.08663,0.08688,0.08585,0.0862,771034.193872
1654848000,0.08618,0.08651,0.08439,0.08522,722931.171266
1654862400,0.08512,0.0855,0.0808,0.08211,3161074.036724
1654876800,0.08201,0.0822,0.08007,0.0813,1915065.789332
1654891200,0.08126,0.08219,0.0804,0.08117,1085832.627704
1654905600,0.08111,0.08244,0.08104,0.08204,758125.446578
1654920000,0.082,0.08315,0.08177,0.08258,762087.485568
1654934400,0.08264,0.0827,0.07777,0.07865,2025663.650567
1654948800,0.07863,0.07939,0.07497,0.07589,2521065.357999
1654963200,0.07585,0.08029,0.07491,0.07998,1859014.351067
1654977600,0.08003,0.08003,0.07733,0.07807,2419591.592964
1654992000,0.07819,0.0787,0.07104,0.07262,5019682.305891
1655006400,0.07258,0.07347,0.06995,0.07175,4663850.191123
1655020800,0.07169,0.07287,0.07048,0.07229,4108989.385691
1655035200,0.07229,0.07586,0.0699,0.07472,5386266.959173
1655049600,0.07457,0.07489,0.07288,0.07349,4946802.041038
1655064000,0.07358,0.0738,0.06935,0.06951,3191599.578423
1655078400,0.06947,0.07101,0.06482,0.06639,4083597.572998
1655092800,0.06636,0.06798,0.06186,0.06289,5112312.453073
1655107200,0.06306,0.06496,0.06078,0.06253,4936665.336749
1655121600,0.06272,0.065,0.06098,0.06406,3608707.325079
1655136000,0.06406,0.06735,0.06366,0.06596,2273066.642008
1655150400,0.066,0.06896,0.063,0.06596,3626412.562441
1655164800,0.06594,0.06665,0.06074,0.06525,6097078.172784
1655179200,0.06525,0.06846,0.06383,0.06793,6002529.349842
1655193600,0.06789,0.06801,0.0644,0.06511,5876713.843306
1655208000,0.06515,0.06794,0.06348,0.06769,5378495.232407
1655222400,0.06744,0.06773,0.065,0.06563,2164170.253463
1655236800,0.0655,0.06782,0.06388,0.06721,2356815.295851
1655251200,0.06723,0.06769,0.064,0.06404,2114305.404055
1655265600,0.06402,0.06402,0.06073,0.06142,3060926.542787
1655280000,0.06139,0.06475,0.06016,0.06434,4301538.833833
1655294400,0.06418,0.06603,0.06357,0.06503,1998233.874259
1655308800,0.06509,0.06992,0.06208,0.06874,4175363.841513
1655323200,0.06876,0.07205,0.06763,0.07203,2783771.851035
1655337600,0.07204,0.07277,0.07002,0.07013,1512912.772151
1655352000,0.07019,0.07118,0.06728,0.06737,1366943.46796
1655366400,0.0674,0.06839,0.06475,0.06528,1785072.8713
1655380800,0.06541,0.06736,0.06458,0.06654,2467347.324964
1655395200,0.0664,0.06898,0.06589,0.06672,1487092.38467
1655409600,0.06671,0.06786,0.06429,0.0652,1110283.36875
1655424000,0.06503,0.07011,0.06488,0.06739,2410823.657936
1655438400,0.06743,0.0694,0.06647,0.06844,1699800.322012
1655452800,0.06848,0.06954,0.06768,0.06841,1665237.61266
1655467200,0.06834,0.06928,0.0667,0.06793,2091070.120616
1655481600,0.0679,0.06824,0.06655,0.06697,1107963.018451
1655496000,0.06702,0.06901,0.06702,0.06807,1256504.681543
1655510400,0.06797,0.06922,0.06646,0.0674,1503274.171409
1655524800,0.06743,0.06813,0.06239,0.06394,2655573.644456
1655539200,0.06397,0.06638,0.062,0.06536,2115855.438382
1655553600,0.06553,0.06595,0.06352,0.06354,4115586.211083
1655568000,0.06355,0.06441,0.05981,0.05985,5416965.26392
1655582400,0.05986,0.06308,0.05812,0.06229,5633669.209339
1655596800,0.06232,0.06312,0.0602,0.061,2712969.846888
1655611200,0.06098,0.06338,0.06024,0.06133,2787465.029049
1655625600,0.06135,0.06506,0.06092,0.06486,2869608.402273
1655640000,0.06487,0.06556,0.0635,0.06539,1771023.614632
1655654400,0.06524,0.06658,0.0637,0.06586,2572969.208289
1655668800,0.06596,0.06804,0.06551,0.06649,1582808.461885
1655683200,0.06652,0.06725,0.06535,0.06694,5715502.338353
1655697600,0.06687,0.06864,0.0654,0.06859,2434125.00416
1655712000,0.06849,0.0744,0.06849,0.07176,7706665.246145
1655726400,0.07171,0.07176,0.06936,0.07072,2469519.096908
1655740800,0.07075,0.07111,0.06893,0.06989,2247910.421714
1655755200,0.06994,0.07156,0.06837,0.07059,2532153.24325
1655769600,0.07064,0.07202,0.06954,0.0719,3970748.705188
1655784000,0.07195,0.07513,0.07131,0.07297,3183467.274289
1655798400,0.07288,0.07969,0.07274,0.07592,8064718.7971
1655812800,0.07601,0.07795,0.07503,0.07613,4559139.771969
1655827200,0.07615,0.07668,0.07333,0.07351,2216571.932471
1655841600,0.07341,0.07455,0.07282,0.07378,2392002.391685
1655856000,0.07379,0.07693,0.07305,0.07319,8777270.928886
1655870400,0.07326,0.07633,0.07224,0.0724,6114468.957045
1655884800,0.07239,0.07516,0.07163,0.07471,3908547.534917
1655899200,0.07444,0.07672,0.07256,0.07261,5059830.09035
1655913600,0.07284,0.07349,0.07115,0.07196,2818877.854147
1655928000,0.0719,0.07215,0.06975,0.06982,3888478.710813
1655942400,0.06986,0.07239,0.06957,0.07097,4281254.107102
1655956800,0.07093,0.07333,0.07083,0.07243,2686248.097349
1655971200,0.07235,0.07348,0.07212,0.07268,1688542.551054
1655985600,0.07281,0.07349,0.07082,0.0712,2503020.060239
1656000000,0.07117,0.07246,0.07034,0.07227,3389749.939314
1656014400,0.07224,0.07366,0.07178,0.07324,2317770.211452
1656028800,0.07332,0.07581,0.07254,0.07449,2834299.313053
1656043200,0.07449,0.07505,0.0731,0.07399,1504375.268805
1656057600,0.07401,0.07557,0.07359,0.07503,1500863.133893
1656072000,0.07497,0.0761,0.07353,0.07383,3044597.152009
1656086400,0.07385,0.07499,0.07286,0.0746,2333863.499306
1656100800,0.07463,0.07601,0.07353,0.07373,5259583.113686
1656115200,0.07373,0.07506,0.073,0.07429,4010095.861139
1656129600,0.07425,0.07509,0.07374,0.07489,1427440.83518
1656144000,0.07488,0.07543,0.07344,0.0735,1652825.243943
1656158400,0.07352,0.07388,0.0707,0.0707,2860614.282897
1656172800,0.0707,0.07336,0.0707,0.07267,2110985.550738
1656187200,0.0727,0.07466,0.07242,0.07413,1216508.891185
1656201600,0.07418,0.07439,0.07233,0.07306,1021939.912984
1656216000,0.07307,0.07413,0.0724,0.0733,1227225.376596
1656230400,0.07332,0.07522,0.07266,0.07513,1512509.995688
1656244800,0.07516,0.07576,0.07157,0.07207,3470495.82155
1656259200,0.072,0.07257,0.07029,0.07131,3757008.747805
1656273600,0.07131,0.0722,0.06849,0.06879,3867876.644251
1656288000,0.06873,0.07037,0.06841,0.07023,2209141.140779
1656302400,0.07021,0.0716,0.06974,0.07098,1527476.57115
1656316800,0.071,0.0722,0.07041,0.0706,1709342.141166
1656331200,0.07061,0.07215,0.06947,0.07069,4284184.965073
1656345600,0.07047,0.07127,0.06885,0.0693,3709451.028109
1656360000,0.06926,0.07102,0.06921,0.07003,1872849.165753
1656374400,0.07014,0.07085,0.067,0.06846,3628101.88358
1656388800,0.06846,0.06978,0.06815,0.06947,1231395.748537
1656403200,0.06949,0.07056,0.06896,0.06967,1861679.857584
1656417600,0.06966,0.07084,0.06784,0.0679,2927031.047923
1656432000,0.06796,0.06867,0.0665,0.06707,2541819.443012
1656446400,0.06713,0.06715,0.06533,0.06615,8151041.547048
1656460800,0.06616,0.06692,0.06563,0.06606,2250112.381799
1656475200,0.06604,0.06666,0.06409,0.06548,3899001.449861
1656489600,0.06551,0.06618,0.06422,0.06507,2767985.717078
1656504000,0.06511,0.06621,0.064,0.06597,4059610.410199
1656518400,0.06598,0.06598,0.06396,0.06571,3965749.684995
1656532800,0.06569,0.06618,0.064,0.06465,2769383.780067
1656547200,0.06479,0.06494,0.06266,0.06377,3426844.451856
1656561600,0.06374,0.06413,0.06092,0.06142,3699920.439619
1656576000,0.06135,0.06141,0.06,0.06084,4025313.789355
1656590400,0.06077,0.06197,0.05975,0.06129,4920440.220352
1656604800,0.06131,0.06226,0.06054,0.06119,5621069.272479
1656619200,0.06118,0.06348,0.06019,0.06335,8974675.271247
1656633600,0.06338,0.06513,0.06181,0.062,5472147.499901
1656648000,0.06199,0.06257,0.06075,0.06229,3134687.824645
1656662400,0.06233,0.06302,0.06073,0.06162,3399456.287931
1656676800,0.06161,0.06293,0.06124,0.0617,3591108.1534
1656691200,0.06162,0.06291,0.06143,0.0628,1775540.798457
1656705600,0.06282,0.06344,0.06122,0.06163,1508986.902977
1656720000,0.06169,0.06266,0.06084,0.06121,4306566.284282
1656734400,0.06127,0.06232,0.06118,0.06198,1210397.317893
1656748800,0.06195,0.06235,0.06112,0.06207,998279.117313
1656763200,0.06206,0.06289,0.06194,0.0626,2129516.199167
1656777600,0.06265,0.06383,0.06237,0.06325,1511879.809548
1656792000,0.06323,0.06385,0.06308,0.06343,979356.213958
1656806400,0.06345,0.06378,0.06241,0.06304,905017.276886
1656820800,0.06306,0.06375,0.06142,0.06225,1977523.294771
1656835200,0.06224,0.06232,0.06135,0.06205,1170040.705762
1656849600,0.0621,0.06222,0.06094,0.06139,1570006.366213
1656864000,0.06136,0.06297,0.06129,0.06282,1614645.35959
1656878400,0.06281,0.0631,0.06193,0.06238,1851060.830082
1656892800,0.06239,0.06243,0.0604,0.0605,2282613.658523
1656907200,0.06048,0.06136,0.06035,0.061,2886402.127889
1656921600,0.06097,0.06301,0.06091,0.0629,1740366.214095
1656936000,0.06288,0.0636,0.06189,0.06235,2303578.672652
1656950400,0.06235,0.0632,0.06213,0.06295,1512659.705616
1656964800,0.06296,0.06396,0.06252,0.06365,1572441.096414
1656979200,0.06372,0.06493,0.0629,0.06408,3795459.810812
1656993600,0.06402,0.06448,0.06327,0.0635,2339331.966751
1657008000,0.06349,0.06349,0.0612,0.06138,3293452.320262
1657022400,0.06134,0.06137,0.06007,0.06111,5457262.117341
1657036800,0.06111,0.06255,0.06051,0.06218,3916209.702283
1657051200,0.06216,0.06286,0.06145,0.0617,3264886.19583
1657065600,0.0617,0.06269,0.06073,0.06146,2184505.188686
1657080000,0.06147,0.06223,0.0608,0.06158,2451000.048911
1657094400,0.06157,0.06202,0.06115,0.06144,2056228.231237
1657108800,0.06139,0.06193,0.06104,0.06151,2456385.480912
1657123200,0.06149,0.06228,0.06134,0.06183,2688303.97014
1657137600,0.06185,0.06288,0.06164,0.06256,2064795.010923
1657152000,0.0626,0.06272,0.0618,0.06217,1498933.538423
1657166400,0.06211,0.06243,0.06183,0.06235,1221547.774589
1657180800,0.06236,0.06302,0.06231,0.0629,1589535.007869
1657195200,0.06291,0.06428,0.06256,0.06393,2854642.287105
1657209600,0.06395,0.0654,0.06372,0.06528,3134970.2287
1657224000,0.06533,0.0654,0.0644,0.06477,2067177.829457
1657238400,0.06471,0.06661,0.0644,0.06562,4719436.830694
1657252800,0.06564,0.06606,0.0641,0.06436,2217493.591008
1657267200,0.06439,0.06476,0.06321,0.06364,3020999.475632
1657281600,0.06373,0.0648,0.06288,0.06441,4491689.719441
1657296000,0.06443,0.06451,0.06345,0.06411,2595887.86877
1657310400,0.06414,0.06497,0.0639,0.06404,2500130.756873
1657324800,0.06407,0.06559,0.06405,0.06479,2230742.062424
1657339200,0.06478,0.06766,0.06478,0.06655,5060725.402384
1657353600,0.06656,0.06744,0.06542,0.06555,3962846.251745
1657368000,0.06552,0.06659,0.06546,0.06646,2768171.946235
1657382400,0.06647,0.06923,0.06646,0.06778,6401292.284248
1657396800,0.06785,0.06984,0.06771,0.06863,4461533.616525
1657411200,0.06857,0.06921,0.06564,0.06592,5301997.50337
1657425600,0.06586,0.06677,0.06514,0.06673,4239531.785324
1657440000,0.06677,0.06679,0.06558,0.06612,2338520.955546
1657454400,0.06611,0.06635,0.06339,0.06394,5528728.3153
1657468800,0.06394,0.06479,0.06351,0.06461,3165195.37458
1657483200,0.06463,0.06533,0.06414,0.06492,3783199.958262
1657497600,0.0649,0.06563,0.063,0.06361,5026684.455738
1657512000,0.06355,0.0636,0.06188,0.06237,4246925.92342
1657526400,0.06233,0.06305,0.06224,0.06232,2941709.424037
1657540800,0.06235,0.06328,0.06183,0.06254,3596652.995566
1657555200,0.06259,0.06308,0.0622,0.06254,2626835.444211
1657569600,0.06262,0.06269,0.06006,0.06082,5534212.870563
1657584000,0.0607,0.0615,0.06048,0.06075,3522165.366895
1657598400,0.06074,0.06182,0.06043,0.06079,2718294.797605
1657612800,0.06074,0.06128,0.05985,0.06107,3122830.074905
1657627200,0.06104,0.06199,0.0608,0.06148,2977795.779008
1657641600,0.0615,0.06196,0.05967,0.06011,2708213.003334
1657656000,0.06007,0.06064,0.05922,0.05941,2729506.090684
1657670400,0.0595,0.06032,0.05876,0.05988,3026884.086046
1657684800,0.05989,0.06077,0.05989,0.06065,1875343.503972
1657699200,0.06067,0.06154,0.0606,0.06148,2259825.963398
1657713600,0.0615,0.06214,0.05787,0.05977,9943769.780055
1657728000,0.05982,0.06181,0.05953,0.0613,4731187.995639
1657742400,0.0613,0.06332,0.06125,0.06325,3520129.251339
1657756800,0.06319,0.06349,0.0624,0.06257,2408937.754137
1657771200,0.0626,0.06276,0.06152,0.06181,2269233.765271
1657785600,0.06182,0.06203,0.0607,0.06138,2378925.17444
1657800000,0.06132,0.06303,0.06089,0.0628,3356052.081388
1657814400,0.06284,0.06436,0.06232,0.06377,4643254.725328
1657828800,0.06389,0.06434,0.06317,0.06412,2310505.001088
1657843200,0.06404,0.06443,0.06303,0.06415,2547051.284471
1657857600,0.06415,0.06561,0.06408,0.06525,4890070.698465
1657872000,0.06526,0.06594,0.06493,0.06498,3314886.7343
1657886400,0.06496,0.06576,0.0646,0.0646,3941380.309903
1657900800,0.0646,0.06614,0.0642,0.06614,3380849.888522
1657915200,0.06606,0.06661,0.06483,0.06514,3060168.168573
1657929600,0.06513,0.06527,0.06413,0.06451,1920895.232102
1657944000,0.06448,0.06462,0.06361,0.06377,2107468.327638
1657958400,0.06376,0.06478,0.06374,0.0645,2133306.798561
1657972800,0.06452,0.06603,0.06446,0.06593,2399166.122996
1657987200,0.06597,0.06741,0.06593,0.06616,4585774.106848
1658001600,0.06613,0.06662,0.06562,0.06659,2059336.380165
1658016000,0.06659,0.06708,0.06531,0.06584,2347867.220721
1658030400,0.06585,0.06718,0.0658,0.0663,2800785.768711
1658044800,0.06627,0.06638,0.06507,0.06584,2472078.04501
1658059200,0.06587,0.06609,0.06466,0.06477,3039386.741792
1658073600,0.06476,0.06577,0.06417,0.06508,2661021.256771
1658088000,0.06512,0.06585,0.06467,0.06478,1858041.409615
1658102400,0.0648,0.06685,0.06463,0.06661,2307060.917843
1658116800,0.06661,0.06896,0.06637,0.06824,5840570.464076
1658131200,0.06823,0.06923,0.06792,0.06858,4213396.247451
1658145600,0.06864,0.07174,0.06824,0.07107,10393740.677207
1658160000,0.07107,0.07174,0.0681,0.0688,7483964.724191
1658174400,0.06876,0.07105,0.06855,0.0705,4330089.192891
1658188800,0.07054,0.07317,0.06995,0.07025,9834193.838438
1658203200,0.07021,0.07086,0.06732,0.0696,6084328.83331
1658217600,0.06958,0.07182,0.06931,0.07142,3653646.219814
1658232000,0.07149,0.07289,0.07052,0.07266,7122049.153563
1658246400,0.07266,0.07436,0.07257,0.07384,6401482.462785
1658260800,0.07384,0.07476,0.07329,0.07341,4342779.823787
1658275200,0.0734,0.07678,0.0734,0.07593,8140401.992765
1658289600,0.07593,0.07721,0.07519,0.07519,4273944.324521
1658304000,0.07522,0.07656,0.07346,0.07596,5836082.711861
1658318400,0.07598,0.0766,0.07487,0.0756,4453211.004206
1658332800,0.0756,0.07585,0.07362,0.07382,5803081.944005
1658347200,0.07385,0.07438,0.06971,0.07033,8277893.259878
1658361600,0.07032,0.07096,0.06802,0.06829,3601712.18414
1658376000,0.0683,0.0702,0.06787,0.0698,3534293.118561
1658390400,0.0698,0.07005,0.0685,0.06916,3027380.044873
1658404800,0.06917,0.07003,0.06876,0.06976,2960345.54724
1658419200,0.06969,0.0717,0.06969,0.07158,3724596.100105
1658433600,0.07161,0.07186,0.07042,0.07118,2643425.185569
1658448000,0.07115,0.07246,0.07064,0.07125,2501683.883051
1658462400,0.07125,0.07285,0.07101,0.07226,2237392.424282
1658476800,0.07227,0.07526,0.07196,0.07519,3775579.533831
1658491200,0.0751,0.07533,0.07149,0.07178,7542248.050908
1658505600,0.07178,0.07203,0.06912,0.06937,8734419.354783
1658520000,0.06936,0.07012,0.06901,0.06942,2491077.268588
1658534400,0.06947,0.07079,0.06872,0.07021,2414186.183726
1658548800,0.07023,0.07177,0.0702,0.07088,2586189.851618
1658563200,0.07092,0.07131,0.06722,0.0673,6281455.596811
1658577600,0.06723,0.06866,0.06691,0.06805,3540159.61955
1658592000,0.06802,0.06843,0.06668,0.06751,2627795.318292
1658606400,0.0675,0.06891,0.06743,0.06851,2206471.69582
1658620800,0.06849,0.06912,0.06794,0.06808,1993994.174641
1658635200,0.06808,0.06944,0.06779,0.06905,2229247.167039
1658649600,0.06906,0.07358,0.06878,0.07314,13278464.797359
1658664000,0.07315,0.07422,0.07175,0.07275,16080735.828424
1658678400,0.07277,0.07277,0.07137,0.07175,3775529.84635
1658692800,0.07177,0.07426,0.07149,0.07239,6707706.63493
1658707200,0.07236,0.07243,0.06791,0.0681,8946824.504586
1658721600,0.06806,0.06977,0.06783,0.06962,4010919.617374
1658736000,0.06967,0.06991,0.068,0.06889,3995319.840264
1658750400,0.06891,0.06892,0.06777,0.06814,6143556.8084
1658764800,0.06806,0.06826,0.06592,0.06652,4603468.635808
1658779200,0.06649,0.06804,0.06502,0.06514,5360438.581928
1658793600,0.06515,0.06515,0.06317,0.06444,5419152.595825
1658808000,0.06441,0.06512,0.06388,0.06401,2911517.822078
1658822400,0.06397,0.06476,0.06382,0.06421,2038007.92416
1658836800,0.06428,0.06468,0.06318,0.06346,4893271.2353
1658851200,0.06351,0.06452,0.06335,0.06409,3376125.510246
1658865600,0.06408,0.06587,0.06387,0.06587,4129791.270751
1658880000,0.06586,0.06598,0.06422,0.06431,1831661.300836
1658894400,0.06432,0.0657,0.0643,0.06509,4272844.727712
1658908800,0.06512,0.06551,0.06443,0.06452,3135392.444318
1658923200,0.06448,0.06634,0.06434,0.06555,8514437.051595
1658937600,0.06554,0.06938,0.06496,0.0685,9527970.397472
1658952000,0.06853,0.07054,0.06836,0.07052,3696789.740656
1658966400,0.07049,0.07087,0.06885,0.06942,4717231.434256
1658980800,0.06939,0.06976,0.0685,0.0686,2452193.11694
1658995200,0.0687,0.0697,0.0683,0.0697,713237.888228
1659009600,0.0696,0.0716,0.0677,0.0711,7288492.907042
1659024000,0.0711,0.0725,0.0705,0.071,3764764.389284
1659038400,0.0712,0.0729,0.0709,0.0724,2311481.685683
1659052800,0.0724,0.0737,0.0715,0.0737,1408041.451826
1659067200,0.0737,0.074,0.0713,0.0718,1496116.314129
1659081600,0.0718,0.0731,0.0701,0.0704,1996108.927949
1659096000,0.0705,0.0729,0.0693,0.0716,3450358.526457
1659110400,0.0716,0.0719,0.0695,0.0714,2211070.67966
1659124800,0.0714,0.0732,0.0711,0.0717,946524.383464
1659139200,0.0716,0.073,0.071,0.0716,2576824.113173
1659153600,0.0716,0.0726,0.0706,0.0725,1431619.684745
1659168000,0.0727,0.0737,0.0721,0.0731,1476938.799689
1659182400,0.0731,0.0758,0.0731,0.0757,2270180.709983
1659196800,0.0757,0.0785,0.0751,0.0756,5005375.721216
1659211200,0.0756,0.0761,0.0719,0.0728,4758299.13623
1659225600,0.0729,0.076,0.0723,0.0753,4932699.088865
1659240000,0.0755,0.0775,0.0755,0.0768,3131563.216504
1659254400,0.0769,0.0799,0.0743,0.0791,6083137.025504
1659268800,0.0792,0.0817,0.0777,0.0788,8283821.125967
1659283200,0.0788,0.0798,0.0751,0.078,7146691.996063
1659297600,0.078,0.0785,0.0748,0.0755,9424848.340385
1659312000,0.0756,0.0782,0.0754,0.0777,3851813.324326
1659326400,0.0778,0.0781,0.0757,0.0768,2532570.486071
1659340800,0.0768,0.0771,0.0745,0.0757,3986403.651201
1659355200,0.0756,0.0778,0.0754,0.0769,5221918.704
1659369600,0.0769,0.0771,0.0749,0.0754,5056939.571855
1659384000,0.0754,0.0771,0.0749,0.0767,6806883.133192
1659398400,0.0767,0.0794,0.0735,0.0745,18847304.160087
1659412800,0.0745,0.0754,0.0737,0.0745,6077031.976615
1659427200,0.0746,0.0746,0.0723,0.0732,6957936.748842
1659441600,0.0732,0.0749,0.0723,0.0743,5713146.7295
1659456000,0.0744,0.0757,0.0734,0.0735,7154466.849248
1659470400,0.0735,0.0738,0.0725,0.0725,6228165.3751
1659484800,0.0726,0.0726,0.0701,0.0708,6505522.177432
1659499200,0.0708,0.072,0.0706,0.0713,5578389.231629
1659513600,0.0713,0.073,0.0713,0.0728,5759311.686597
1659528000,0.0728,0.0736,0.0722,0.0726,5736335.645232
1659542400,0.0725,0.0739,0.0721,0.0733,5570170.084512
1659556800,0.0733,0.0734,0.0703,0.0708,4659778.534432
1659571200,0.0708,0.0722,0.0708,0.0718,3456168.066695
1659585600,0.0718,0.0728,0.0705,0.0709,3538169.365414
1659600000,0.0709,0.0718,0.0704,0.0709,3455398.378162
1659614400,0.0709,0.072,0.0705,0.0717,4365622.785654
1659628800,0.0717,0.0734,0.0706,0.0713,6059630.407686
1659643200,0.0712,0.0725,0.0711,0.072,2549741.472738
1659657600,0.072,0.0735,0.0716,0.0734,2971381.978778
1659672000,0.0733,0.0739,0.0728,0.0734,2608532.463453
1659686400,0.0734,0.075,0.0729,0.0749,2781230.319266
1659700800,0.0748,0.0754,0.0731,0.074,4097430.047157
1659715200,0.0739,0.074,0.0729,0.0737,2787301.059215
1659729600,0.0736,0.0759,0.0733,0.0758,2881633.05166
1659744000,0.0758,0.076,0.0753,0.0755,3645281.763004
1659758400,0.0756,0.0761,0.0755,0.0757,2321182.150299
1659772800,0.0757,0.0776,0.0757,0.0765,3891640.970519
1659787200,0.0765,0.0781,0.0764,0.0775,3213144.195446
1659801600,0.0775,0.079,0.0767,0.0786,4100346.876438
1659816000,0.0786,0.0787,0.0764,0.0767,2885721.604038
1659830400,0.0768,0.0776,0.0756,0.0768,3034305.963471
1659844800,0.0767,0.0771,0.0764,0.0767,2141724.874133
1659859200,0.0768,0.0769,0.0758,0.0767,2425699.248161
1659873600,0.0767,0.0785,0.0765,0.0776,3696057.214569
1659888000,0.0776,0.0782,0.0774,0.0778,2536178.249654
1659902400,0.0779,0.0785,0.0764,0.0768,2816696.925584
1659916800,0.0768,0.0782,0.0767,0.0781,2092080.064293
1659931200,0.0781,0.0791,0.078,0.0787,1870561.427933
1659945600,0.0788,0.0799,0.0788,0.0798,3357201.616888
1659960000,0.0797,0.08,0.0783,0.0787,3537518.190703
1659974400,0.0787,0.0796,0.0779,0.0794,2724166.487644
1659988800,0.0794,0.0802,0.0784,0.08,4988145.05758
1660003200,0.08,0.0805,0.0788,0.0798,2507874.751975
1660017600,0.0797,0.0807,0.0791,0.0807,3129324.327768
1660032000,0.0807,0.0816,0.0766,0.0771,5896148.619052
1660046400,0.077,0.0777,0.0725,0.0739,6400780.451959
1660060800,0.0738,0.0743,0.0733,0.0734,4973528.251804
1660075200,0.0734,0.0752,0.0734,0.0748,3298368.404425
1660089600,0.0747,0.0747,0.0724,0.0735,3514757.886517
1660104000,0.0734,0.0746,0.0732,0.0744,2425995.361517
1660118400,0.0744,0.0759,0.0742,0.0757,2531139.454863
1660132800,0.0757,0.0787,0.0753,0.0783,7264187.849028
1660147200,0.0783,0.0786,0.0767,0.0778,3792587.458043
1660161600,0.0778,0.0788,0.0778,0.0787,2625862.700287
1660176000,0.0787,0.0804,0.0786,0.0803,4240530.902193
1660190400,0.0803,0.0807,0.0787,0.079,3499441.63185
1660204800,0.079,0.0797,0.0785,0.0794,2852495.871445
1660219200,0.0795,0.0845,0.0794,0.0815,8349025.602421
1660233600,0.0816,0.0831,0.081,0.0814,5617428.771852
1660248000,0.0814,0.0819,0.0798,0.0809,4712744.696146
1660262400,0.0809,0.0814,0.0791,0.0809,4046887.689762
1660276800,0.0808,0.0813,0.08,0.0805,3014388.134467
1660291200,0.0805,0.0834,0.0795,0.0802,7897985.227606
1660305600,0.0802,0.0817,0.0797,0.0815,4332517.659745
1660320000,0.0815,0.083,0.081,0.0823,3620388.255948
1660334400,0.0822,0.0831,0.0816,0.0829,2786725.308778
1660348800,0.0828,0.0837,0.0821,0.0833,3102964.755655
1660363200,0.0833,0.0838,0.0826,0.0828,2520103.63814
1660377600,0.0828,0.083,0.0817,0.0821,3177434.656721
1660392000,0.0821,0.0826,0.0813,0.0822,2650396.384391
1660406400,0.0821,0.0826,0.081,0.0811,3022023.358617
1660420800,0.0811,0.0817,0.0808,0.0811,2566682.301042
1660435200,0.0811,0.082,0.0807,0.0819,2973302.736836
1660449600,0.0819,0.0823,0.0816,0.0819,2999653.535722
1660464000,0.0819,0.0824,0.0813,0.0814,4634979.622477
1660478400,0.0813,0.0815,0.0801,0.0806,3944400.349098
1660492800,0.0806,0.0806,0.0779,0.0787,4308922.515333
1660507200,0.0787,0.0793,0.0782,0.0789,2950444.141236
1660521600,0.0789,0.0808,0.0783,0.0802,3395743.443263
1660536000,0.0802,0.0806,0.0774,0.0778,4168449.229352
1660550400,0.0778,0.0784,0.0767,0.0776,3092539.845375
1660564800,0.0775,0.0787,0.0772,0.0787,2744196.125179
1660579200,0.0786,0.0788,0.0775,0.0779,2731580.179567
1660593600,0.0778,0.0783,0.0767,0.0778,2751004.492844
1660608000,0.0777,0.0784,0.0765,0.0774,4791877.608625
1660622400,0.0774,0.0776,0.0758,0.0766,3839680.28802
1660636800,0.0767,0.0777,0.0763,0.0773,3308190.600536
1660651200,0.0773,0.0776,0.076,0.0772,3291607.267975
1660665600,0.0771,0.0773,0.0758,0.0768,3867409.549817
1660680000,0.0767,0.077,0.0762,0.0769,1193753.275728
1660694400,0.0768,0.0778,0.0767,0.0778,796515.786449
1660708800,0.0778,0.079,0.0767,0.0768,3475568.584044
1660723200,0.0768,0.0777,0.0763,0.0765,3272654.347203
1660737600,0.0765,0.0768,0.0734,0.0741,5796324.219159
1660752000,0.0741,0.0752,0.0737,0.0738,3275771.430645
1660766400,0.0739,0.0744,0.0727,0.0735,5626130.808009
1660780800,0.0736,0.0745,0.0729,0.0738,4614031.595476
1660795200,0.0738,0.074,0.0733,0.0737,2227959.802131
1660809600,0.0738,0.0744,0.0731,0.0743,2619812.084798
1660824000,0.0743,0.0746,0.0735,0.074,2369489.041446
1660838400,0.074,0.0742,0.073,0.0736,2890790.265595
1660852800,0.0735,0.074,0.0698,0.0707,5167705.412427
1660867200,0.0707,0.0707,0.0669,0.0677,5385065.079127
1660881600,0.0678,0.0681,0.0642,0.0655,6708144.540221
1660896000,0.0654,0.0655,0.0639,0.0651,2246099.824379
1660910400,0.065,0.0663,0.0646,0.0663,1716709.096672
1660924800,0.0662,0.0672,0.0655,0.0664,5193359.576306
1660939200,0.0664,0.0664,0.064,0.0653,2593634.121388
1660953600,0.0653,0.067,0.0652,0.0661,2773011.139887
1660968000,0.0661,0.0682,0.0657,0.068,3712996.157843
1660982400,0.0679,0.0682,0.0675,0.068,1223270.320076
1660996800,0.068,0.0681,0.067,0.0678,1303964.900785
1661011200,0.0678,0.0679,0.0658,0.066,2982569.020107
1661025600,0.066,0.0679,0.0654,0.0677,1242359.261895
1661040000,0.0677,0.068,0.0666,0.0672,1346766.195567
1661054400,0.0673,0.0683,0.0668,0.0683,878125.535622
1661068800,0.0683,0.0691,0.0677,0.0687,1435457.80343
1661083200,0.0687,0.0689,0.0681,0.0686,1265315.76335
1661097600,0.0687,0.0695,0.0685,0.0694,893935.835861
1661112000,0.0694,0.0701,0.068,0.0695,2527565.52501
1661126400,0.0695,0.0711,0.0688,0.069,3298148.840293
1661140800,0.0688,0.0692,0.0667,0.0668,2306552.30353
1661155200,0.0668,0.0675,0.066,0.0671,2819561.478709
1661169600,0.0671,0.0674,0.066,0.0665,2762100.987209
1661184000,0.0667,0.0669,0.0638,0.0645,2995537.997225
1661198400,0.0645,0.0665,0.0645,0.0665,1813711.342203
1661212800,0.0664,0.0669,0.0661,0.0661,669793.501201
1661227200,0.0662,0.0662,0.0641,0.0657,917415.788741
1661241600,0.0657,0.0665,0.0653,0.0665,936280.779104
1661256000,0.0667,0.0674,0.0661,0.0669,1844160.833528
1661270400,0.0669,0.0674,0.0666,0.067,2216667.04667
1661284800,0.067,0.0675,0.0667,0.0671,2086898.945774
1661299200,0.067,0.0673,0.0651,0.0655,1324306.745949
1661313600,0.0655,0.0665,0.0654,0.0659,666351.634915
1661328000,0.0661,0.0667,0.066,0.0666,915610.207006
1661342400,0.0666,0.0705,0.0663,0.0686,11247104.84746
1661356800,0.0687,0.0689,0.0681,0.0685,1333724.048245
1661371200,0.0685,0.0693,0.067,0.0673,4582794.985873
1661385600,0.0673,0.068,0.0671,0.0673,7396258.224112
1661400000,0.0673,0.0687,0.0673,0.0684,2243763.182869
1661414400,0.0685,0.0689,0.068,0.0685,1968939.536633
1661428800,0.0685,0.0687,0.0672,0.0675,2977114.783695
1661443200,0.0675,0.0685,0.0672,0.0685,1916682.579404
1661457600,0.0685,0.0699,0.0674,0.0696,9600235.537175
1661472000,0.0696,0.0697,0.0678,0.0688,5380352.584332
1661486400,0.0687,0.0689,0.0667,0.0674,3703824.080705
1661500800,0.0674,0.0683,0.0663,0.0669,3645871.885018
1661515200,0.0669,0.0688,0.0649,0.0656,7969750.469444
1661529600,0.0655,0.0656,0.0631,0.0641,3898662.266098
1661544000,0.0641,0.0645,0.0618,0.0626,4798024.349602
1661558400,0.0626,0.0632,0.0619,0.0629,2996685.417274
1661572800,0.0629,0.0638,0.0616,0.0636,3220147.125855
1661587200,0.0636,0.0636,0.0627,0.0632,2597220.388778
1661601600,0.0632,0.0633,0.0617,0.0625,2517690.829155
1661616000,0.0624,0.0631,0.0617,0.0624,2793247.273641
1661630400,0.0625,0.0631,0.0619,0.0627,2654445.30462
1661644800,0.0627,0.0638,0.0622,0.0631,2987226.52776
1661659200,0.063,0.0637,0.0626,0.0636,2772743.191176
1661673600,0.0637,0.064,0.0631,0.0637,2889885.364899
1661688000,0.0637,0.0649,0.063,0.0649,3887655.832864
1661702400,0.065,0.0652,0.0643,0.0647,3594906.264523
1661716800,0.0646,0.0649,0.0623,0.0625,3302394.263013
1661731200,0.0625,0.0639,0.0618,0.0636,2505464.289508
1661745600,0.0637,0.0639,0.0628,0.0638,1738741.062086
1661760000,0.0638,0.0639,0.0631,0.0635,1802622.624764
1661774400,0.0636,0.0655,0.0635,0.0651,6064427.471619
1661788800,0.065,0.0656,0.0649,0.0651,2549427.161334
1661803200,0.0651,0.066,0.065,0.0657,2525911.67975
1661817600,0.0657,0.0659,0.0647,0.0654,2311111.551096
1661832000,0.0654,0.0664,0.0653,0.0655,2412671.632187
1661846400,0.0655,0.0668,0.0654,0.0659,2917002.810456
1661860800,0.0659,0.066,0.0632,0.0638,3412118.615406
1661875200,0.0638,0.0642,0.0622,0.0636,2925945.830058
1661889600,0.0635,0.064,0.0631,0.0634,2174870.512938
1661904000,0.0634,0.0651,0.0634,0.0649,2505447.001347
1661918400,0.0648,0.0673,0.0646,0.0648,7748533.343232
1661932800,0.0648,0.0655,0.0642,0.065,2911467.396412
1661947200,0.065,0.0654,0.0632,0.064,5198356.191854
1661961600,0.064,0.0642,0.063,0.0638,6419689.085174
1661976000,0.0639,0.064,0.0627,0.063,5455193.606871
1661990400,0.0629,0.0633,0.0616,0.0619,3786206.093907
1662004800,0.0618,0.0625,0.0613,0.0617,4598132.294207
1662019200,0.0617,0.0628,0.0616,0.0628,2963922.35863
1662033600,0.0628,0.0629,0.0611,0.0617,4375120.111677
1662048000,0.0617,0.0626,0.0615,0.0623,6283643.950507
1662062400,0.0623,0.0635,0.0622,0.0633,6592471.427191
1662076800,0.0633,0.0635,0.0624,0.063,6306933.946262
1662091200,0.063,0.0635,0.0625,0.0628,6039690.836922
1662105600,0.0628,0.0629,0.0617,0.0623,6808731.235681
1662120000,0.0623,0.0633,0.0618,0.063,8469647.063811
1662134400,0.063,0.0632,0.0607,0.0612,10012400.492731
1662148800,0.0612,0.062,0.061,0.0616,4509842.173244
1662163200,0.0616,0.0619,0.0612,0.0615,7016400.839403
1662177600,0.0615,0.0621,0.0609,0.0613,4707608.670288
1662192000,0.0613,0.0617,0.061,0.0613,4529208.206462
1662206400,0.0612,0.0617,0.0612,0.0614,4514168.728292
1662220800,0.0614,0.0616,0.0605,0.061,5320186.064795
1662235200,0.061,0.0611,0.0604,0.0608,6105344.29858
1662249600,0.0608,0.0612,0.0607,0.0609,4887047.473789
1662264000,0.061,0.0611,0.0606,0.0606,3355113.70466
1662278400,0.0606,0.0611,0.0587,0.0611,3796532.746901
1662292800,0.0611,0.0615,0.0604,0.0609,3932708.927354
1662307200,0.0609,0.0614,0.0607,0.0614,2625376.914254
1662321600,0.0613,0.0615,0.0609,0.0614,5664108.329715
1662336000,0.0615,0.063,0.0611,0.062,7961009.145581
1662350400,0.0621,0.0623,0.0613,0.0615,2661218.299514
1662364800,0.0615,0.0615,0.0601,0.0607,3832091.564406
1662379200,0.0608,0.0617,0.0605,0.0617,3802591.886917
1662393600,0.0617,0.0618,0.0609,0.0612,2333612.540947
1662408000,0.0612,0.0625,0.0612,0.0621,2719957.043989
1662422400,0.0622,0.0634,0.0613,0.0623,3906671.315581
1662436800,0.0623,0.0634,0.0621,0.063,3585395.926575
1662451200,0.0631,0.0636,0.0626,0.0631,4311184.882423
1662465600,0.0631,0.0635,0.0618,0.0629,4621548.572883
1662480000,0.0629,0.063,0.0582,0.0586,10688451.647727
1662494400,0.0585,0.059,0.0577,0.0584,5732378.059904
1662508800,0.0585,0.0588,0.0577,0.0585,4320400.240043
1662523200,0.0585,0.0595,0.0583,0.0593,3114114.796736
1662537600,0.0593,0.0595,0.0585,0.0587,3356754.333856
1662552000,0.0587,0.0596,0.0584,0.0592,4692197.794958
1662566400,0.0592,0.0603,0.059,0.0597,3677110.859703
1662580800,0.0597,0.0611,0.0597,0.0605,3812278.891579
1662595200,0.0606,0.0616,0.0604,0.0608,3147960.619053
1662609600,0.0608,0.0613,0.06,0.0605,4490964.317553
1662624000,0.0605,0.0611,0.0603,0.0605,3721200.722621
1662638400,0.0604,0.061,0.0592,0.0602,6008977.181895
1662652800,0.0602,0.0609,0.0595,0.0609,6707589.234513
1662667200,0.0608,0.0613,0.0605,0.0611,4003430.999051
1662681600,0.0611,0.0623,0.061,0.0623,2730772.983364
1662696000,0.0623,0.0632,0.062,0.0629,3407547.867909
1662710400,0.0629,0.0636,0.0627,0.0635,3725195.413951
1662724800,0.0635,0.0643,0.0628,0.0628,4984769.904349
1662739200,0.0629,0.0635,0.0624,0.0633,3887359.735277
1662753600,0.0633,0.0641,0.0628,0.0637,3253570.251379
1662768000,0.0637,0.0649,0.0632,0.0634,3796091.430361
1662782400,0.0634,0.0644,0.0628,0.0631,3900784.514553
1662796800,0.0632,0.0643,0.0632,0.0635,3478513.228533
1662811200,0.0635,0.0639,0.0628,0.0634,3970098.663014
1662825600,0.0634,0.064,0.0632,0.0637,2500613.178133
1662840000,0.0637,0.0642,0.0632,0.0637,4019577.18737
1662854400,0.0637,0.0644,0.0633,0.0635,3210498.70993
1662868800,0.0634,0.0637,0.0625,0.0636,3638117.411042
1662883200,0.0635,0.0641,0.0634,0.064,3084726.176007
1662897600,0.064,0.0644,0.0637,0.064,3263524.218778
1662912000,0.0641,0.0649,0.0636,0.0637,5388088.476233
1662926400,0.0637,0.0641,0.0627,0.064,5429709.115418
1662940800,0.064,0.065,0.0629,0.0633,4866872.40956
1662955200,0.0633,0.0645,0.0632,0.0644,3496669.874354
1662969600,0.0643,0.0648,0.0637,0.0645,3107309.188468
1662984000,0.0645,0.0655,0.0634,0.0635,5498655.646065
1662998400,0.0634,0.0704,0.0634,0.0692,41971924.928653
1663012800,0.0692,0.0742,0.0688,0.0738,33195797.776585
1663027200,0.0738,0.0738,0.0685,0.0693,16224723.511057
1663041600,0.0693,0.0693,0.0678,0.0688,12718938.272102
1663056000,0.0689,0.0706,0.068,0.0698,9005000.827063
1663070400,0.0698,0.0704,0.0654,0.0665,17709007.432006
1663084800,0.0665,0.067,0.0641,0.0651,6230986.119131
1663099200,0.0651,0.0661,0.0644,0.0647,5832965.213176
1663113600,0.0648,0.0654,0.0642,0.0651,3647042.000877
1663128000,0.065,0.0653,0.063,0.0636,3400818.378318
1663142400,0.0637,0.0643,0.063,0.0633,3918883.842828
1663156800,0.0633,0.0645,0.0625,0.0639,4745838.359452
1663171200,0.0639,0.0643,0.0623,0.0629,5520096.778745
1663185600,0.063,0.0647,0.0627,0.0641,5066885.786959
1663200000,0.0641,0.0641,0.0615,0.0622,4947737.342263
1663214400,0.0621,0.0634,0.0609,0.0626,6173121.163076
1663228800,0.0626,0.0627,0.0618,0.0622,3176977.043575
1663243200,0.0622,0.0627,0.0602,0.0612,5570196.489816
1663257600,0.0612,0.0619,0.061,0.0613,4185609.977658
1663272000,0.0614,0.0616,0.0606,0.0608,3702973.416632
1663286400,0.0608,0.0612,0.0598,0.0609,4341312.293427
1663300800,0.0609,0.0614,0.0608,0.061,3111704.112093
1663315200,0.061,0.0613,0.0602,0.0611,3371180.48886
1663329600,0.0611,0.0612,0.0597,0.0609,6386953.609658
1663344000,0.0608,0.0609,0.0599,0.0602,5087079.298778
1663358400,0.0602,0.0611,0.06,0.0606,4810797.461497
1663372800,0.0606,0.0623,0.0605,0.0614,4528366.857936
1663387200,0.0614,0.0618,0.0612,0.0613,2948831.317499
1663401600,0.0613,0.0615,0.0608,0.0609,3277258.404663
1663416000,0.0609,0.0617,0.0609,0.0616,4497387.807353
1663430400,0.0616,0.0619,0.0608,0.0609,4445551.71106
1663444800,0.0609,0.0618,0.0609,0.0616,5509133.971304
1663459200,0.0617,0.0618,0.061,0.061,4550332.504606
1663473600,0.061,0.0616,0.061,0.0613,3160948.77584
1663488000,0.0613,0.0621,0.0602,0.0607,4816060.473724
1663502400,0.0607,0.0608,0.0598,0.0604,4173808.368576
1663516800,0.0604,0.0605,0.0591,0.0594,5732166.531918
1663531200,0.0594,0.0594,0.0561,0.0575,10857943.510998
1663545600,0.0574,0.0584,0.0561,0.0565,6802265.446191
1663560000,0.0565,0.0576,0.0565,0.0574,3968854.192758
1663574400,0.0574,0.058,0.0565,0.0574,4449963.601054
1663588800,0.0574,0.0588,0.0573,0.058,5549402.927541
1663603200,0.058,0.059,0.0575,0.0588,4174919.905459
1663617600,0.0588,0.0593,0.0585,0.0588,3617863.348121
1663632000,0.0588,0.0593,0.0581,0.0585,3561322.509878
1663646400,0.0585,0.0589,0.0579,0.0581,4174956.684005
1663660800,0.0581,0.0584,0.0572,0.0573,6283032.144388
1663675200,0.0573,0.0581,0.0564,0.0581,7618127.435287
1663689600,0.0581,0.0581,0.0568,0.0575,4816499.868245
1663704000,0.0575,0.0579,0.057,0.0574,4452134.99027
1663718400,0.0574,0.058,0.0572,0.0578,3615370.95653
1663732800,0.0577,0.058,0.0567,0.0575,2516335.642959
1663747200,0.0575,0.0579,0.0573,0.0579,855329.654493
1663761600,0.058,0.0584,0.0574,0.0576,1325958.912658
1663776000,0.0576,0.0604,0.0569,0.0579,8552742.410011
1663790400,0.0578,0.0581,0.0557,0.0565,6958722.685675
1663804800,0.0565,0.0577,0.0564,0.0575,2780954.475386
1663819200,0.0575,0.059,0.0575,0.059,1300067.555246
1663833600,0.0589,0.0597,0.0589,0.0596,1991657.608923
1663848000,0.0597,0.0598,0.0588,0.0592,2409375.294604
1663862400,0.0592,0.0598,0.0587,0.0593,5965493.902454
1663876800,0.0593,0.0603,0.0589,0.06,10178865.798902
1663891200,0.06,0.0611,0.0597,0.061,3893510.909911
1663905600,0.0611,0.0624,0.0603,0.0604,4887333.780545
1663920000,0.0604,0.0607,0.0595,0.06,5134870.57147
1663934400,0.06,0.0616,0.0589,0.0602,7833705.391318
1663948800,0.0603,0.0604,0.0591,0.06,4520016.935909
1663963200,0.0599,0.0621,0.0599,0.061,7481817.97259
1663977600,0.061,0.0622,0.061,0.0614,4818576.884378
1663992000,0.0615,0.062,0.061,0.0611,3560966.493879
1664006400,0.0611,0.0639,0.0609,0.0634,11958450.680811
1664020800,0.0634,0.0635,0.062,0.0628,6852912.638798
1664035200,0.0629,0.0629,0.0622,0.0628,4501592.726675
1664049600,0.0628,0.0629,0.0609,0.061,7153585.491693
1664064000,0.0611,0.0621,0.0608,0.062,3604651.384761
1664078400,0.062,0.0621,0.061,0.0614,4064887.352967
1664092800,0.0614,0.0617,0.0609,0.0613,3689089.379406
1664107200,0.0613,0.0615,0.0598,0.0602,4384165.052949
1664121600,0.0602,0.0606,0.0593,0.0597,3872894.068479
1664136000,0.0597,0.0598,0.0582,0.0589,6861247.324155
1664150400,0.0589,0.0594,0.0583,0.0585,5313527.007152
1664164800,0.0585,0.0601,0.0579,0.0598,7585288.734636
1664179200,0.0598,0.0605,0.0578,0.0587,6716036.858071
1664193600,0.0586,0.0595,0.0584,0.0591,7056918.754284
1664208000,0.0591,0.0594,0.0585,0.0592,4495628.809761
1664222400,0.0591,0.0601,0.0588,0.0601,4398168.454564
1664236800,0.06,0.0611,0.0598,0.0607,4652503.355368
1664251200,0.0607,0.0616,0.0607,0.0609,4961990.078537
1664265600,0.0609,0.0611,0.0602,0.0604,3785633.54032
1664280000,0.0605,0.0613,0.0599,0.0604,6922247.085646
1664294400,0.0604,0.0606,0.0577,0.0582,6849109.953777
1664308800,0.0581,0.0585,0.0578,0.0582,3858651.198981
1664323200,0.0582,0.0586,0.0562,0.0573,5327075.75874
1664337600,0.0572,0.0575,0.0567,0.0573,3409856.159059
1664352000,0.0574,0.0579,0.0568,0.0574,4319414.875262
1664366400,0.0574,0.0583,0.0573,0.0579,5737365.684501
1664380800,0.0579,0.0581,0.0573,0.0578,7309780.614545
1664395200,0.0578,0.0585,0.0578,0.0579,1981701.240677
1664409600,0.0579,0.0583,0.0575,0.0578,5419250.119673
1664424000,0.0578,0.0581,0.0569,0.0572,5579627.825377
1664438400,0.0572,0.0578,0.057,0.0575,4317061.159033
1664452800,0.0575,0.0575,0.0565,0.0572,6031520.17889
1664467200,0.0572,0.0577,0.0569,0.0574,4751876.903902
1664481600,0.0575,0.058,0.0573,0.0578,3277533.270587
1664496000,0.0578,0.058,0.0573,0.0574,3666199.222765
1664510400,0.0573,0.0579,0.0573,0.0578,3531248.826128
1664524800,0.0578,0.0581,0.0571,0.0572,4344750.782981
1664539200,0.0572,0.0583,0.057,0.0577,6307786.91127
1664553600,0.0577,0.0581,0.057,0.0571,6746914.52829
1664568000,0.0571,0.0574,0.0569,0.0573,4701849.364241
1664582400,0.0573,0.0576,0.0571,0.0574,3509695.479155
1664596800,0.0574,0.0574,0.0569,0.0572,3723502.571256
1664611200,0.0572,0.0575,0.0571,0.0574,3766990.589015
1664625600,0.0574,0.0575,0.0571,0.0573,3559023.749455
1664640000,0.0574,0.0577,0.0568,0.0575,4684227.523566
1664654400,0.0576,0.0578,0.0574,0.0575,3770912.1086
1664668800,0.0576,0.058,0.0574,0.0574,2306372.157544
1664683200,0.0574,0.0575,0.0572,0.0573,3619397.588674
1664697600,0.0573,0.0574,0.0562,0.0566,2796363.782516
1664712000,0.0566,0.0569,0.0564,0.0568,1789823.797561
1664726400,0.0568,0.0576,0.0567,0.0574,1909739.544682
1664740800,0.0574,0.0575,0.056,0.0563,2579790.48198
1664755200,0.0563,0.057,0.0557,0.0566,1842076.286573
1664769600,0.0566,0.0572,0.0561,0.0568,2084863.268963
1664784000,0.0569,0.0573,0.0565,0.0572,1789761.428273
1664798400,0.0572,0.0575,0.0567,0.0569,4236760.664757
1664812800,0.057,0.0576,0.0569,0.0575,9609010.401411
1664827200,0.0575,0.0581,0.0575,0.0577,9369109.77818
1664841600,0.0577,0.0581,0.0572,0.0577,9165023.423268
1664856000,0.0577,0.0586,0.0576,0.0584,9458027.213544
1664870400,0.0584,0.0586,0.0578,0.0581,8277408.774469
1664884800,0.058,0.0587,0.0579,0.0581,8644809.672463
1664899200,0.0581,0.0584,0.0578,0.0583,8510279.532928
1664913600,0.0584,0.0587,0.0581,0.0583,9031709.249661
1664928000,0.0583,0.0584,0.0578,0.0578,8523656.373359
1664942400,0.0579,0.0581,0.0576,0.0578,5994949.151071
1664956800,0.0578,0.0578,0.0568,0.057,9776183.105573
1664971200,0.057,0.0573,0.0565,0.0573,9674560.96419
1664985600,0.0573,0.0581,0.0571,0.0575,6116387.757549
1665000000,0.0576,0.058,0.0574,0.058,5052424.999312
1665014400,0.0579,0.0586,0.0579,0.0583,6771618.720928
1665028800,0.0583,0.0585,0.0578,0.0582,5800086.395756
1665043200,0.0582,0.0584,0.0578,0.0582,5478775.662487
1665057600,0.0582,0.0589,0.0576,0.0579,8522042.64538
1665072000,0.0579,0.0584,0.0576,0.0579,5878199.135758
1665086400,0.0579,0.0583,0.0578,0.0581,3194153.532926
1665100800,0.0581,0.0582,0.0576,0.058,3151612.949349
1665115200,0.058,0.058,0.0577,0.058,3453238.752001
1665129600,0.058,0.0594,0.0579,0.0592,4534629.310124
1665144000,0.0592,0.0601,0.0579,0.0592,6511387.765538
1665158400,0.0592,0.0603,0.059,0.0602,4829254.029749
1665172800,0.0602,0.061,0.0599,0.0604,5287788.553506
1665187200,0.0604,0.0604,0.0593,0.0594,3819918.830534
1665201600,0.0594,0.0596,0.0592,0.0594,3826865.832749
1665216000,0.0594,0.0603,0.0594,0.0601,3860128.553459
1665230400,0.0601,0.0607,0.0599,0.0601,3165511.413922
1665244800,0.06,0.0605,0.0598,0.06,3750425.083073
1665259200,0.06,0.0604,0.0598,0.0601,3649646.294753
1665273600,0.0602,0.0603,0.0594,0.0594,3681281.547288
1665288000,0.0594,0.0602,0.0594,0.06,4044320.89351
1665302400,0.06,0.0606,0.0597,0.0605,4340110.318421
1665316800,0.0606,0.0613,0.0603,0.0607,4410261.54778
1665331200,0.0607,0.0607,0.0601,0.0604,3372393.58418
1665345600,0.0604,0.0604,0.0595,0.0601,3525844.714773
1665360000,0.0601,0.0604,0.0599,0.0599,2955244.037277
1665374400,0.0599,0.0601,0.0594,0.0596,2610560.135176
1665388800,0.0596,0.0596,0.0583,0.0595,2927925.479935
1665403200,0.0595,0.0608,0.0595,0.0597,10457651.470246
1665417600,0.0597,0.0601,0.0591,0.0598,5686866.261618
1665432000,0.0598,0.0601,0.0582,0.0582,6700609.026231
1665446400,0.0582,0.0582,0.057,0.0578,5100794.530573
1665460800,0.0579,0.0587,0.0578,0.0584,3221700.609338
1665475200,0.0584,0.0589,0.0583,0.0589,2881963.641537
1665489600,0.0589,0.0625,0.0589,0.0622,26975965.76861
1665504000,0.0622,0.0624,0.0611,0.0614,5962395.021442
1665518400,0.0614,0.0619,0.0607,0.0608,6276181.509032
1665532800,0.0608,0.0644,0.0605,0.0638,14840660.258551
1665547200,0.0638,0.0644,0.063,0.0633,8335097.765962
1665561600,0.0634,0.066,0.063,0.0652,18032667.121164
1665576000,0.0652,0.0664,0.0645,0.0651,19513591.223742
1665590400,0.0651,0.0673,0.0648,0.0658,11567902.001293
1665604800,0.0658,0.0669,0.0654,0.0655,8102361.861412
1665619200,0.0656,0.0671,0.0631,0.0636,16439830.419561
1665633600,0.0636,0.0636,0.0596,0.0604,9530850.383967
1665648000,0.0604,0.0613,0.0582,0.0606,10850680.268911
1665662400,0.0606,0.064,0.0594,0.0629,14945495.022185
1665676800,0.0629,0.0658,0.0623,0.0646,8506511.651347
1665691200,0.0647,0.0665,0.0645,0.0649,6389149.337219
1665705600,0.0649,0.0656,0.0633,0.0641,6311247.719874
1665720000,0.0641,0.0648,0.0633,0.0635,6050760.953966
1665734400,0.0635,0.0638,0.0621,0.0623,5691676.540334
1665748800,0.0624,0.0636,0.0617,0.0624,6173081.508066
1665763200,0.0625,0.0629,0.0611,0.0613,4660426.20637
1665777600,0.0613,0.062,0.0606,0.0615,4665816.662411
1665792000,0.0615,0.063,0.0612,0.0627,4890628.65349
1665806400,0.0627,0.0627,0.0617,0.0618,3846139.721649
1665820800,0.0618,0.0625,0.0612,0.0615,5411997.527935
1665835200,0.0615,0.0617,0.0608,0.0608,3255215.55418
1665849600,0.0608,0.0612,0.0601,0.0602,4513546.025013
1665864000,0.0602,0.0608,0.0601,0.0602,5250046.928828
1665878400,0.0602,0.0613,0.0601,0.0604,5266897.980308
1665892800,0.0604,0.061,0.0597,0.0599,5423455.530356
1665907200,0.0599,0.0605,0.0598,0.0603,5404584.028638
1665921600,0.0602,0.0605,0.0595,0.0601,4696373.287805
1665936000,0.0601,0.0615,0.0601,0.0614,4277988.491268
1665950400,0.0614,0.0615,0.0605,0.0613,4992959.047476
1665964800,0.0612,0.0618,0.06,0.0604,3975895.625745
1665979200,0.0603,0.0614,0.0602,0.0614,4133811.117478
1665993600,0.0614,0.0621,0.0611,0.0618,4533201.233359
1666008000,0.0619,0.0627,0.0616,0.0623,4421264.821672
1666022400,0.0623,0.0626,0.0615,0.0619,8685570.946714
1666036800,0.0619,0.0626,0.0617,0.0624,6097351.458624
1666051200,0.0624,0.0645,0.0623,0.0636,6979205.345983
1666065600,0.0635,0.0645,0.0635,0.0641,3968533.558797
1666080000,0.0641,0.0641,0.0627,0.0628,4926394.625213
1666094400,0.0629,0.0632,0.0613,0.0617,5361269.234433
1666108800,0.0617,0.0622,0.0608,0.0616,3953507.186939
1666123200,0.0617,0.0626,0.0616,0.0622,3283850.623107
1666137600,0.0622,0.0628,0.0611,0.0614,4332877.466621
1666152000,0.0614,0.0616,0.0605,0.0607,3128900.409666
1666166400,0.0607,0.0607,0.0597,0.0601,4455682.397799
1666180800,0.06,0.0608,0.0598,0.0606,3864854.466316
1666195200,0.0607,0.0608,0.0598,0.0602,3872523.615595
1666209600,0.0602,0.0605,0.0587,0.0593,6925748.811958
1666224000,0.0593,0.0598,0.0585,0.059,4949658.433189
1666238400,0.059,0.0599,0.059,0.0596,3770257.790127
1666252800,0.0596,0.0597,0.0591,0.0592,3738126.627472
1666267200,0.0592,0.0598,0.0588,0.0588,4775022.907382
1666281600,0.0588,0.059,0.0573,0.0584,4593241.581491
1666296000,0.0583,0.0586,0.0574,0.0583,3831401.761562
1666310400,0.0583,0.0586,0.0572,0.0583,4112144.622541
1666324800,0.0583,0.0588,0.058,0.0581,4339239.474897
1666339200,0.058,0.058,0.0568,0.0572,3760383.776036
1666353600,0.0571,0.0588,0.0564,0.0588,4980976.213602
1666368000,0.0588,0.0598,0.0585,0.0595,8536031.35358
1666382400,0.0595,0.0598,0.0593,0.0596,2491748.033966
1666396800,0.0595,0.0599,0.0587,0.059,3013603.339983
1666411200,0.059,0.0591,0.0586,0.0591,3041659.945993
1666425600,0.059,0.0598,0.059,0.0595,2571211.058785
1666440000,0.0595,0.06,0.0593,0.0596,2849891.518882
1666454400,0.0596,0.0598,0.0591,0.0597,3069135.327194
1666468800,0.0597,0.06,0.0594,0.0597,2826993.565003
1666483200,0.0598,0.06,0.0593,0.0594,3040280.730667
1666497600,0.0594,0.0597,0.0589,0.059,3107802.496421
1666512000,0.059,0.0592,0.0583,0.0587,3173717.44108
1666526400,0.0587,0.0595,0.0584,0.059,3120720.550767
1666540800,0.0589,0.0603,0.0587,0.0602,2693976.543015
1666555200,0.0602,0.0607,0.0597,0.0606,2774050.744182
1666569600,0.0605,0.0606,0.0592,0.0592,2799687.372062
1666584000,0.0592,0.0593,0.0584,0.0587,4090220.059705
1666598400,0.0587,0.0592,0.0585,0.0591,2215123.866664
1666612800,0.0591,0.0593,0.0578,0.0582,12131311.984552
1666627200,0.0583,0.0587,0.058,0.0586,4424394.958578
1666641600,0.0586,0.0588,0.0584,0.0586,2165068.651169
1666656000,0.0586,0.0592,0.0584,0.0591,3301518.297431
1666670400,0.0592,0.0592,0.0585,0.0586,2046408.783234
1666684800,0.0587,0.0589,0.0582,0.0588,2434151.122975
1666699200,0.0588,0.06,0.0585,0.0597,2800238.284745
1666713600,0.0597,0.061,0.0597,0.0604,7050461.006529
1666728000,0.0605,0.0606,0.0595,0.0597,4935492.348717
1666742400,0.0597,0.0605,0.0596,0.0603,3932307.26309
1666756800,0.0602,0.061,0.0602,0.0605,6937607.442675
1666771200,0.0605,0.0613,0.0602,0.0605,4163362.482454
1666785600,0.0604,0.0608,0.0595,0.0602,6499860.594587
1666800000,0.0603,0.0607,0.0598,0.0605,3354476.588045
1666814400,0.0606,0.0609,0.0601,0.0604,3341263.847528
1666828800,0.0604,0.0612,0.0601,0.0609,5808505.667466
1666843200,0.0609,0.0619,0.06,0.0607,7332975.827044
1666857600,0.0607,0.0609,0.0597,0.0602,3961160.17781
1666872000,0.0602,0.0608,0.0596,0.0599,5956433.802889
1666886400,0.0599,0.0601,0.0591,0.0594,4263639.767949
1666900800,0.0593,0.0594,0.0581,0.0587,7254372.814855
1666915200,0.0586,0.0595,0.0583,0.0589,5438926.229829
1666929600,0.0589,0.0592,0.0582,0.0585,4509360.95998
1666944000,0.0586,0.0593,0.0585,0.0593,4164751.00107
1666958400,0.0592,0.0599,0.0587,0.0596,7431413.830871
1666972800,0.0596,0.0601,0.0594,0.0598,5028244.498786
1666987200,0.0598,0.0603,0.0595,0.06,4063720.387034
1667001600,0.0599,0.0608,0.0599,0.0606,6281592.764987
1667016000,0.0606,0.0608,0.0599,0.0603,4397030.70465
1667030400,0.0602,0.061,0.0598,0.0601,6479493.304044
1667044800,0.06,0.0609,0.0599,0.0608,5826486.815026
1667059200,0.0608,0.0617,0.0603,0.061,9389919.678869
1667073600,0.061,0.062,0.0606,0.0612,8733708.611757
1667088000,0.0613,0.0617,0.0606,0.0615,4340575.286211
1667102400,0.0616,0.0627,0.0611,0.0626,7586428.589994
1667116800,0.0627,0.0627,0.061,0.0616,6432041.913368
1667131200,0.0617,0.0621,0.0607,0.0611,6510081.068367
1667145600,0.061,0.0617,0.0606,0.0612,6596504.52908
1667160000,0.0612,0.0615,0.0598,0.0605,5534912.105166
1667174400,0.0606,0.0611,0.0597,0.0606,5263268.422959
1667188800,0.0606,0.0608,0.0599,0.0603,4355996.793477
1667203200,0.0603,0.0611,0.0596,0.0609,5365000.474466
1667217600,0.0609,0.0613,0.0597,0.0601,9266560.359689
1667232000,0.06,0.0604,0.0591,0.0592,8403646.497254
1667246400,0.0593,0.0597,0.059,0.0594,6718354.649244
1667260800,0.0594,0.06,0.0594,0.0596,5719711.638938
1667275200,0.0596,0.0599,0.0593,0.0596,5474759.750381
1667289600,0.0596,0.0601,0.0593,0.0595,5932401.387897
1667304000,0.0595,0.0598,0.0587,0.0588,6182313.788295
1667318400,0.0588,0.0589,0.0583,0.0584,5125735.545812
1667332800,0.0584,0.0584,0.0581,0.0582,6101221.876845
1667347200,0.0582,0.0583,0.0577,0.0581,5555805.300215
1667361600,0.0581,0.0593,0.058,0.0592,7258867.690184
1667376000,0.0591,0.0599,0.0585,0.059,4859988.827536
1667390400,0.059,0.0597,0.0586,0.0593,4122223.585499
1667404800,0.0592,0.0601,0.0578,0.0583,32112663.083409
1667419200,0.0582,0.0589,0.0572,0.0587,7117864.731979
1667433600,0.0587,0.0594,0.0585,0.0591,8307341.838968
1667448000,0.0591,0.0603,0.0591,0.0596,8765036.973621
1667462400,0.0596,0.0614,0.0591,0.0596,10766267.038562
1667476800,0.0597,0.0601,0.0589,0.0599,11040759.971243
1667491200,0.0599,0.0605,0.0599,0.0601,8641280.680558
1667505600,0.0602,0.0608,0.0593,0.0598,9420906.975432
1667520000,0.0598,0.0602,0.0591,0.0602,8866796.5942
1667534400,0.0602,0.0616,0.06,0.0616,8082051.752385
1667548800,0.0616,0.0631,0.0614,0.0618,13459212.734451
1667563200,0.0619,0.0631,0.061,0.0616,15244404.129653
1667577600,0.0616,0.0629,0.0614,0.0629,7779748.570108
1667592000,0.0629,0.0637,0.0629,0.0633,11306797.432019
1667606400,0.0633,0.064,0.063,0.0636,14936471.823127
1667620800,0.0636,0.0638,0.0627,0.0632,5451531.609372
1667635200,0.0632,0.0635,0.062,0.0633,7295794.182981
1667649600,0.0632,0.0635,0.0624,0.0632,6437813.576718
1667664000,0.0631,0.064,0.0623,0.0626,8212823.776605
1667678400,0.0626,0.063,0.061,0.0621,9913367.072061
1667692800,0.0622,0.0626,0.0615,0.0624,9318209.529755
1667707200,0.0624,0.0625,0.0614,0.0618,5905224.841022
1667721600,0.0617,0.0621,0.0614,0.0618,6642511.435554
1667736000,0.0618,0.0625,0.0614,0.0621,6740234.302796
1667750400,0.062,0.062,0.0607,0.0609,7690867.956003
1667764800,0.0609,0.061,0.0587,0.0592,10173318.009926
1667779200,0.0591,0.0602,0.0588,0.06,9095881.947888
1667793600,0.06,0.0603,0.0584,0.0584,9159302.007429
1667808000,0.0584,0.0596,0.0582,0.0594,6177618.500657
1667822400,0.0593,0.0597,0.0586,0.0596,8135978.483143
1667836800,0.0596,0.0601,0.059,0.06,4039824.424759
1667851200,0.0601,0.0602,0.0582,0.0591,7324139.347296
1667865600,0.059,0.0595,0.0559,0.0562,11632831.09529
1667880000,0.056,0.0567,0.0528,0.0558,15466917.709211
1667894400,0.0557,0.0561,0.0549,0.0552,7468921.864758
1667908800,0.0551,0.0555,0.0539,0.0551,8149656.910125
1667923200,0.0551,0.0577,0.044,0.0503,35194651.438272
1667937600,0.0502,0.0525,0.0491,0.052,17870069.349395
1667952000,0.052,0.0523,0.0492,0.0504,11662451.83705
1667966400,0.0504,0.0512,0.0496,0.0499,10235175.623073
1667980800,0.0497,0.0499,0.0455,0.0486,16396565.11414
1667995200,0.0487,0.0496,0.0474,0.0477,11335890.838663
1668009600,0.0476,0.0484,0.0445,0.047,6272205.963953
1668024000,0.0469,0.0476,0.0424,0.0442,10463991.645902
1668038400,0.044,0.0482,0.0435,0.0474,8878137.422439
1668052800,0.0474,0.05,0.0471,0.0493,8221887.221519
1668067200,0.0492,0.0497,0.0479,0.0488,4115799.976039
1668081600,0.0488,0.0528,0.0488,0.0515,10734353.753847
1668096000,0.0514,0.052,0.0494,0.0503,3458756.428875
1668110400,0.0503,0.0511,0.0497,0.05,3043706.288628
1668124800,0.05,0.0506,0.0473,0.0477,3811889.645733
1668139200,0.0477,0.0492,0.0475,0.0491,1399533.788752
1668153600,0.049,0.0496,0.0487,0.0489,1100550.889319
1668168000,0.0489,0.0494,0.0455,0.0472,3463371.482807
1668182400,0.0472,0.0477,0.0463,0.0477,1711054.547796
1668196800,0.0476,0.0484,0.0468,0.0483,1301575.416691
1668211200,0.0484,0.0484,0.0475,0.0476,1569470.002325
1668225600,0.0476,0.0477,0.0457,0.0467,2046597.413467
1668240000,0.0466,0.047,0.0462,0.0468,1032549.366299
1668254400,0.0468,0.047,0.046,0.0467,1272217.50507
1668268800,0.0467,0.0471,0.0467,0.0471,721929.875181
1668283200,0.0472,0.0472,0.0464,0.0471,1237682.206691
1668297600,0.0471,0.0482,0.0469,0.0481,998294.89027
1668312000,0.0481,0.0482,0.0464,0.0466,1065482.535971
1668326400,0.0466,0.0471,0.046,0.047,1560372.930518
1668340800,0.047,0.0492,0.0462,0.0471,3439708.144788
1668355200,0.0472,0.0473,0.0457,0.0461,1972558.651388
1668369600,0.0461,0.0462,0.0447,0.0452,2023567.442165
1668384000,0.0452,0.0455,0.0432,0.044,2883920.975481
1668398400,0.044,0.0454,0.0431,0.0453,1853905.801185
1668412800,0.0453,0.0457,0.045,0.0455,1518934.14324
1668427200,0.0455,0.0463,0.0448,0.046,2896553.336683
1668441600,0.0459,0.0475,0.0452,0.046,3978501.987377
1668456000,0.0462,0.0473,0.046,0.0473,1635487.064402
1668470400,0.0473,0.0484,0.0467,0.0484,2072877.770343
1668484800,0.0485,0.0494,0.0484,0.0494,749941.058639
1668499200,0.0494,0.0497,0.0487,0.0489,806236.194593
1668513600,0.0489,0.0503,0.0488,0.0497,1761968.032579
1668528000,0.0498,0.0501,0.0478,0.0484,1525335.208941
1668542400,0.0484,0.0493,0.0484,0.0491,1094840.664637
1668556800,0.0491,0.0494,0.0486,0.0494,786419.611887
1668571200,0.0493,0.0495,0.0489,0.0493,308372.147689
1668585600,0.0492,0.0492,0.0483,0.0484,745511.662674
1668600000,0.0483,0.0483,0.0471,0.0472,844601.795686
1668614400,0.0472,0.0476,0.0468,0.0471,760547.046873
1668628800,0.047,0.0482,0.0469,0.0481,786136.460039
1668643200,0.0481,0.0501,0.048,0.049,1492812.742972
1668657600,0.0491,0.0511,0.0486,0.0508,4245573.538648
1668672000,0.0508,0.0511,0.0497,0.0505,1833688.299459
1668686400,0.0504,0.0506,0.0492,0.0498,1698233.265946
1668700800,0.0498,0.0504,0.0497,0.0499,617664.06305
1668715200,0.0498,0.0499,0.0483,0.0484,7853167.090267
1668729600,0.0484,0.049,0.0482,0.0485,8066265.992833
1668744000,0.0485,0.0487,0.0484,0.0486,368794.226247
1668758400,0.0485,0.049,0.0482,0.0489,515938.975261
1668772800,0.0488,0.0493,0.0488,0.0489,668004.199546
1668787200,0.0488,0.049,0.0478,0.048,1004093.066571
1668801600,0.048,0.0484,0.048,0.0484,436677.017637
1668816000,0.0484,0.0485,0.0475,0.0476,741993.812957
1668830400,0.0476,0.0476,0.0467,0.0474,2361525.113367
1668844800,0.0473,0.0481,0.0473,0.0481,364964.172506
1668859200,0.0481,0.0487,0.0478,0.0487,678611.09534
1668873600,0.0487,0.049,0.0486,0.0487,629039.191287
1668888000,0.0487,0.0493,0.0486,0.0488,437468.432757
1668902400,0.0488,0.0493,0.0487,0.0493,433462.836401
1668916800,0.0493,0.0499,0.049,0.049,624114.972364
1668931200,0.049,0.049,0.0475,0.0476,860240.976478
1668945600,0.0474,0.0478,0.0472,0.0477,482386.209504
1668960000,0.0477,0.0477,0.047,0.0474,851870.510737
1668974400,0.0474,0.0474,0.0457,0.0461,1012549.01805
1668988800,0.0461,0.0464,0.0451,0.0456,1777774.719353
1669003200,0.0456,0.0468,0.0456,0.0462,658894.67117
1669017600,0.0463,0.0468,0.046,0.0464,320653.778287
1669032000,0.0463,0.0467,0.046,0.046,528910.87535
1669046400,0.046,0.0461,0.0449,0.0453,1001812.183479
1669060800,0.0452,0.0461,0.0449,0.0452,1006527.321778
1669075200,0.0451,0.0468,0.0451,0.0461,2048503.724973
1669089600,0.0461,0.0461,0.045,0.0453,578344.653212
1669104000,0.0453,0.0453,0.0444,0.0447,766225.997265
1669118400,0.0447,0.0464,0.0445,0.0463,1183249.613079
1669132800,0.0463,0.0464,0.0459,0.0463,606306.611866
1669147200,0.0462,0.0465,0.0459,0.0465,469521.463786
1669161600,0.0466,0.048,0.0464,0.048,1236178.404951
1669176000,0.0479,0.0481,0.0475,0.0481,328011.442762
1669190400,0.048,0.048,0.0471,0.0475,254331.740551
1669204800,0.0474,0.0476,0.047,0.0474,888059.710474
1669219200,0.0474,0.0479,0.0468,0.0478,664795.209256
1669233600,0.0478,0.0485,0.0477,0.0484,465859.893695
1669248000,0.0484,0.0494,0.0483,0.0494,1036584.111858
1669262400,0.0495,0.0496,0.0486,0.0489,387400.908133
1669276800,0.0489,0.0489,0.048,0.0485,1085913.78601
1669291200,0.0485,0.049,0.0482,0.0489,443721.795425
1669305600,0.0489,0.0495,0.0487,0.049,786428.893312
1669320000,0.0491,0.0498,0.049,0.0495,821742.558936
1669334400,0.0495,0.0495,0.0481,0.0486,776613.326284
1669348800,0.0486,0.0488,0.048,0.0488,526761.056581
1669363200,0.0488,0.0495,0.0486,0.0492,483785.886293
1669377600,0.0493,0.0496,0.0488,0.0495,698562.096317
1669392000,0.0494,0.0496,0.049,0.049,476746.2194
1669406400,0.0491,0.0493,0.0489,0.049,421889.061548
1669420800,0.0491,0.0503,0.0491,0.0501,844550.322132
1669435200,0.0501,0.0501,0.0495,0.0497,381209.886934
1669449600,0.0497,0.05,0.0495,0.05,515837.142468
1669464000,0.05,0.0503,0.0494,0.0499,929038.084848
1669478400,0.0498,0.0506,0.0497,0.0501,698600.801316
1669492800,0.0501,0.0501,0.0492,0.0494,405776.035969
1669507200,0.0494,0.0497,0.0494,0.0497,232876.860079
1669521600,0.0497,0.0498,0.0496,0.0498,288231.329741
1669536000,0.0498,0.05,0.0495,0.05,433411.560263
1669550400,0.05,0.0509,0.05,0.0508,513739.19927
1669564800,0.0508,0.051,0.0503,0.0504,642171.159584
1669579200,0.0504,0.0505,0.049,0.0491,727423.253685
1669593600,0.049,0.0495,0.0474,0.048,1462761.59976
1669608000,0.0479,0.0483,0.0478,0.0483,564614.486475
1669622400,0.0483,0.0488,0.0481,0.0481,686284.348178
1669636800,0.0481,0.0485,0.0479,0.048,524674.310243
1669651200,0.0481,0.0489,0.0481,0.0488,697135.40374
1669665600,0.0488,0.0488,0.0484,0.0485,311459.291158
1669680000,0.0484,0.0487,0.048,0.0486,823248.313202
1669694400,0.0487,0.0494,0.0487,0.0493,411986.886144
1669708800,0.0493,0.0495,0.049,0.049,436805.808927
1669723200,0.049,0.0492,0.0487,0.0489,423538.068692
1669737600,0.0489,0.0489,0.0484,0.0487,488136.641016
1669752000,0.0487,0.0494,0.0487,0.0493,352217.43427
1669766400,0.0493,0.0506,0.0493,0.0498,1005310.57734
1669780800,0.0499,0.0503,0.0499,0.0502,225490.691981
1669795200,0.0502,0.0504,0.0499,0.0501,270366.298231
1669809600,0.0502,0.0504,0.0497,0.0501,486013.927546
1669824000,0.05,0.0504,0.049,0.0502,925569.936135
1669838400,0.0502,0.0507,0.0501,0.0506,612937.458513
1669852800,0.0506,0.0507,0.0499,0.0503,579136.12711
1669867200,0.0502,0.0503,0.0498,0.05,432246.288071
1669881600,0.05,0.0509,0.0498,0.0501,1192613.907694
1669896000,0.0501,0.0504,0.0492,0.0497,1379837.571889
1669910400,0.0496,0.0498,0.049,0.0491,2796312.088189
1669924800,0.049,0.0491,0.0486,0.0491,939188.059375
1669939200,0.0491,0.0495,0.0485,0.0487,1215730.714797
1669953600,0.0486,0.0488,0.0483,0.0486,807901.835728
1669968000,0.0486,0.0488,0.0485,0.0487,510192.107322
1669982400,0.0487,0.0489,0.0481,0.0486,910266.504797
1669996800,0.0485,0.0489,0.0483,0.0489,312073.16112
1670011200,0.0489,0.0492,0.0486,0.0488,1048291.303711
1670025600,0.0489,0.0491,0.0484,0.0485,613600.448552
1670040000,0.0485,0.0486,0.0481,0.0482,650806.300484
1670054400,0.0481,0.0482,0.0479,0.048,691422.478136
1670068800,0.0481,0.0482,0.0478,0.048,1055277.323779
1670083200,0.048,0.048,0.0477,0.0479,430353.858258
1670097600,0.0479,0.0479,0.0473,0.0476,958166.926857
1670112000,0.0475,0.0481,0.0475,0.0479,363714.549485
1670126400,0.0479,0.0479,0.0477,0.0478,175479.674576
1670140800,0.0476,0.0477,0.0473,0.0474,431061.78459
1670155200,0.0474,0.0481,0.0474,0.0476,2002288.28899
1670169600,0.0475,0.0478,0.047,0.0478,831813.889665
1670184000,0.0478,0.0481,0.0476,0.0481,629051.197197
1670198400,0.0481,0.0486,0.048,0.0485,702773.021961
1670212800,0.0485,0.0491,0.0485,0.049,720315.059647
1670227200,0.049,0.0491,0.0488,0.0489,383850.430892
1670241600,0.0488,0.0492,0.0483,0.0486,3615689.343103
1670256000,0.0485,0.0492,0.0481,0.0486,2882845.34722
1670270400,0.0485,0.049,0.0483,0.0486,1254058.030354
1670284800,0.0486,0.0488,0.0485,0.0485,402236.472042
1670299200,0.0485,0.0486,0.0482,0.0486,516465.362644
1670313600,0.0486,0.0487,0.0483,0.0485,345158.883405
1670328000,0.0486,0.0486,0.0475,0.048,1151608.091787
1670342400,0.048,0.0482,0.0477,0.048,335304.523714
1670356800,0.0481,0.0483,0.048,0.0483,483584.029907
1670371200,0.0482,0.0483,0.0476,0.0477,413623.590985
1670385600,0.0477,0.0478,0.0462,0.0464,1378528.131063
1670400000,0.0463,0.0469,0.0461,0.0469,275295.492084
1670414400,0.0469,0.0471,0.0467,0.0469,290921.673605
1670428800,0.0469,0.047,0.0468,0.0468,503536.350579
1670443200,0.0468,0.0472,0.0466,0.0471,674677.096312
1670457600,0.0471,0.0473,0.0469,0.0472,808087.059235
1670472000,0.0472,0.0474,0.047,0.0473,469237.700275
1670486400,0.0472,0.0473,0.0467,0.047,770117.06164
1670500800,0.0471,0.0476,0.0469,0.0474,764558.763589
1670515200,0.0474,0.048,0.0473,0.0479,378867.346513
1670529600,0.0479,0.048,0.0477,0.0479,433216.101759
1670544000,0.048,0.048,0.0477,0.0479,799912.362924
1670558400,0.0479,0.0482,0.0478,0.0482,330748.578867
1670572800,0.0481,0.0483,0.0481,0.0482,579821.445518
1670587200,0.0483,0.0483,0.0476,0.0479,879387.0771
1670601600,0.0478,0.0481,0.0478,0.0479,222179.527051
1670616000,0.048,0.0481,0.0479,0.048,496817.198752
1670630400,0.048,0.0484,0.048,0.048,241015.513779
1670644800,0.0481,0.0482,0.0479,0.0481,164964.021986
1670659200,0.0481,0.0482,0.048,0.0481,280404.518938
1670673600,0.0482,0.0488,0.0481,0.0487,429142.482557
1670688000,0.0488,0.0489,0.0486,0.0488,710451.797922
1670702400,0.0487,0.0488,0.0483,0.0484,308332.739593
1670716800,0.0484,0.0485,0.0483,0.0485,143271.004626
1670731200,0.0485,0.0486,0.0484,0.0485,69999.688032
1670745600,0.0485,0.0488,0.0484,0.0485,361268.554461
1670760000,0.0485,0.0487,0.0483,0.0487,308314.650656
1670774400,0.0487,0.0488,0.0485,0.0487,318464.524386
1670788800,0.0488,0.0488,0.0479,0.0479,984294.665306
1670803200,0.0479,0.0481,0.0465,0.0467,1235112.547713
1670817600,0.0466,0.0468,0.0465,0.0467,406198.571631
1670832000,0.0467,0.047,0.0466,0.047,372761.402612
1670846400,0.047,0.0471,0.0463,0.0466,915371.369907
1670860800,0.0467,0.0469,0.0466,0.0467,445086.521096
1670875200,0.0468,0.0474,0.0468,0.0474,418206.046614
1670889600,0.0474,0.0474,0.0469,0.0469,240300.946691
1670904000,0.0469,0.0469,0.046,0.0463,495670.180075
1670918400,0.0462,0.0466,0.0461,0.0465,615943.921019
1670932800,0.0465,0.0483,0.0464,0.0476,1356166.67019
1670947200,0.0477,0.0478,0.0473,0.0476,1000565.683961
1670961600,0.0476,0.048,0.0475,0.048,634590.73949
1670976000,0.0479,0.0479,0.0475,0.0476,149973.056702
1670990400,0.0476,0.0478,0.0475,0.0477,718871.471134
1671004800,0.0476,0.0476,0.0474,0.0475,472465.611922
1671019200,0.0475,0.0477,0.0472,0.0477,443289.585374
1671033600,0.0477,0.0477,0.0465,0.0468,1018236.919316
1671048000,0.0467,0.0469,0.0464,0.0467,648135.433185
1671062400,0.0467,0.0467,0.0461,0.0466,635896.644459
1671076800,0.0466,0.0466,0.0452,0.0456,1160544.319877
1671091200,0.0455,0.0463,0.0455,0.0462,676033.90212
1671105600,0.0462,0.0462,0.0458,0.0459,462672.74133
1671120000,0.0458,0.046,0.045,0.0454,591348.738111
1671134400,0.0454,0.0459,0.0449,0.0458,592975.497675
1671148800,0.0457,0.046,0.0454,0.0459,645152.304471
1671163200,0.0459,0.0461,0.0458,0.046,134738.645077
1671177600,0.0459,0.0459,0.0443,0.0446,1458301.521741
1671192000,0.0444,0.0446,0.0437,0.044,973414.091638
1671206400,0.044,0.0441,0.0438,0.0441,260658.928804
1671220800,0.0441,0.0442,0.0412,0.0421,2882341.307244
1671235200,0.0421,0.0422,0.0409,0.0419,1250926.445169
1671249600,0.0419,0.0427,0.0418,0.0427,470687.837045
1671264000,0.0427,0.043,0.0426,0.0426,174574.010306
1671278400,0.0428,0.0428,0.0421,0.0423,844715.843614
1671292800,0.0423,0.0425,0.0421,0.0421,474619.150165
1671307200,0.0422,0.0431,0.0422,0.043,416274.727069
1671321600,0.043,0.043,0.043,0.043,0.0
1671336000,0.043,0.043,0.043,0.043,0.0
1671350400,0.043,0.043,0.043,0.043,0.0
1671364800,0.043,0.043,0.043,0.043,0.0
1671379200,0.043,0.043,0.043,0.043,0.0
1671393600,0.0439,0.0444,0.0437,0.0438,933794.023622
1671408000,0.044,0.0443,0.0431,0.0434,766956.591753
1671422400,0.0434,0.0436,0.0432,0.0433,312253.604258
1671436800,0.0433,0.0439,0.0433,0.0435,348954.182126
1671451200,0.0435,0.0437,0.0432,0.0432,438505.545198
1671465600,0.0431,0.0432,0.0416,0.0416,1045460.065845
1671480000,0.0417,0.0417,0.04,0.0409,522841.588281
1671494400,0.0409,0.0421,0.0407,0.0419,684171.021914
1671508800,0.0419,0.0423,0.0418,0.0422,297709.556771
1671523200,0.0422,0.0424,0.042,0.0422,258511.120844
1671537600,0.0423,0.0427,0.0417,0.0425,568931.070806
1671552000,0.0424,0.0424,0.042,0.0422,749927.429715
1671566400,0.0423,0.0429,0.0422,0.0428,826201.924763
1671580800,0.0429,0.0433,0.0426,0.043,366717.629672
1671595200,0.0429,0.0429,0.0423,0.0426,208061.901774
1671609600,0.0426,0.0429,0.0424,0.0429,148510.092268
1671624000,0.0429,0.0429,0.0423,0.0426,494531.726363
1671638400,0.0426,0.0428,0.0422,0.0423,429588.035564
1671652800,0.0421,0.0427,0.0421,0.0427,342573.302134
1671667200,0.0427,0.0431,0.0427,0.0431,418700.809025
1671681600,0.0432,0.0432,0.0426,0.043,656193.490416
1671696000,0.0429,0.0433,0.0429,0.0433,281851.45261
1671710400,0.0433,0.0435,0.0427,0.0428,311974.735137
1671724800,0.0428,0.0429,0.0424,0.0424,238782.73802
1671739200,0.0425,0.0434,0.0424,0.0434,473012.784774
1671753600,0.0434,0.0438,0.0433,0.0436,366078.522193
1671768000,0.0437,0.0438,0.0434,0.0434,100982.718555
1671782400,0.0433,0.0438,0.0433,0.0437,130030.954173
1671796800,0.0437,0.0439,0.0435,0.0437,347599.305534
1671811200,0.0436,0.0437,0.0434,0.0435,88103.13121
1671825600,0.0435,0.0437,0.0434,0.0435,264776.691648
1671840000,0.0436,0.044,0.0436,0.0439,199252.643469
1671854400,0.0439,0.0439,0.0435,0.0438,233694.674818
1671868800,0.0437,0.0439,0.0436,0.0437,145018.633363
1671883200,0.0438,0.0439,0.0436,0.0438,154034.20694
1671897600,0.0437,0.0441,0.0436,0.044,174051.6607
1671912000,0.044,0.0442,0.0436,0.0438,314904.329811
1671926400,0.0438,0.0441,0.0438,0.0439,201730.096523
1671940800,0.044,0.0441,0.0437,0.0437,106199.434894
1671955200,0.0437,0.0438,0.0434,0.0435,298126.657421
1671969600,0.0434,0.0435,0.0429,0.0433,415662.09093
1671984000,0.0432,0.0434,0.043,0.0433,469082.368471
1671998400,0.0434,0.0435,0.0432,0.0435,125895.154655
1672012800,0.0435,0.0438,0.0434,0.0438,206944.474006
1672027200,0.0437,0.0438,0.0435,0.0435,153202.243648
1672041600,0.0435,0.0438,0.0434,0.0437,126243.368436
1672056000,0.0438,0.0438,0.0435,0.0436,51182.575616
1672070400,0.0435,0.044,0.0435,0.0437,273658.047269
1672084800,0.0437,0.044,0.0435,0.044,233851.647245
1672099200,0.044,0.044,0.0437,0.0437,209404.730728
1672113600,0.0437,0.044,0.0437,0.044,103168.597459
1672128000,0.0439,0.0442,0.0437,0.044,246464.610751
1672142400,0.044,0.0443,0.0437,0.0441,358916.509591
1672156800,0.044,0.044,0.0423,0.0423,842120.261047
1672171200,0.0423,0.0424,0.0419,0.0422,718803.600435
1672185600,0.0423,0.0425,0.0413,0.0418,801478.067759
1672200000,0.0416,0.0418,0.0407,0.0413,981392.230308
1672214400,0.0412,0.0415,0.041,0.0414,424465.205757
1672228800,0.0414,0.0421,0.0413,0.0416,573412.464501
1672243200,0.0416,0.0418,0.0406,0.0406,797592.962193
1672257600,0.0407,0.041,0.0403,0.0406,926335.847857
1672272000,0.0407,0.0408,0.0402,0.0408,581157.891112
1672286400,0.0408,0.0409,0.0402,0.0406,462250.639048
1672300800,0.0405,0.0407,0.0402,0.0406,897543.525032
1672315200,0.0406,0.0408,0.0403,0.0403,839348.607205
1672329600,0.0403,0.0403,0.0394,0.0395,1354723.025219
1672344000,0.0396,0.0397,0.0386,0.0394,3118149.738502
1672358400,0.0393,0.0393,0.0383,0.0387,1998834.158001
1672372800,0.0386,0.0388,0.0381,0.0383,1909826.684485
1672387200,0.0385,0.0389,0.0383,0.0384,978078.108231
1672401600,0.0384,0.0387,0.0378,0.0383,1233259.8365
1672416000,0.0382,0.0383,0.0379,0.0382,552435.892683
1672430400,0.0382,0.0382,0.0374,0.0375,1273752.53517
1672444800,0.0375,0.0375,0.0368,0.0371,972053.116004
1672459200,0.037,0.0372,0.0369,0.0371,641179.180241
1672473600,0.0372,0.0375,0.0371,0.0374,900132.828387
1672488000,0.0374,0.0375,0.0366,0.0368,1000246.303828
1672502400,0.0368,0.037,0.0361,0.0363,1303949.864842
1672516800,0.0362,0.0364,0.0357,0.0363,1035184.489903
1672531200,0.0365,0.0367,0.0364,0.0366,273390.496122
1672545600,0.0366,0.0367,0.0363,0.0363,296080.459035
1672560000,0.0365,0.0366,0.0363,0.0366,380703.879193
1672574400,0.0366,0.0373,0.0366,0.0372,286180.07484
1672588800,0.0372,0.039,0.0372,0.0389,1283312.94161
1672603200,0.0388,0.0389,0.038,0.0381,1458163.062125
1672617600,0.0381,0.0382,0.0375,0.038,779359.70836
1672632000,0.038,0.0387,0.0379,0.0385,679008.966958
1672646400,0.0386,0.0388,0.0385,0.0386,541314.295405
1672660800,0.0387,0.0389,0.0383,0.0389,334218.738345
1672675200,0.039,0.0396,0.0389,0.0394,1144997.469328
1672689600,0.0394,0.0395,0.0388,0.0389,626954.796763
1672704000,0.0389,0.0393,0.0388,0.0391,1079134.826427
1672718400,0.0391,0.0393,0.0391,0.0392,698311.138182
1672732800,0.0393,0.0393,0.039,0.0391,418008.241514
1672747200,0.0392,0.0393,0.0383,0.0385,538060.441727
1672761600,0.0385,0.0387,0.0382,0.0383,651039.981896
1672776000,0.0383,0.0383,0.0379,0.0381,783466.119656
1672790400,0.0381,0.039,0.0379,0.039,875909.006382
1672804800,0.039,0.0391,0.0387,0.0388,802139.268528
1672819200,0.0389,0.039,0.0384,0.0385,845478.539589
1672833600,0.0385,0.0388,0.0381,0.0384,1170956.204377
1672848000,0.0384,0.0387,0.038,0.0382,832080.845001
1672862400,0.0382,0.0386,0.0378,0.0385,763706.808281
1672876800,0.0385,0.0389,0.0382,0.0383,1316862.799153
1672891200,0.0384,0.0385,0.0381,0.0383,460799.933285
1672905600,0.0383,0.0384,0.038,0.0384,353122.570418
1672920000,0.0384,0.0384,0.0378,0.0382,391555.704349
1672934400,0.0381,0.0386,0.038,0.0386,462585.018429
1672948800,0.0387,0.0387,0.0381,0.0383,520118.680145
1672963200,0.0383,0.0385,0.0382,0.0382,341854.261379
1672977600,0.0381,0.0382,0.037,0.0372,653158.740203
1672992000,0.0372,0.0373,0.0368,0.037,987219.518305
1673006400,0.037,0.0378,0.0368,0.0378,1137056.963403
1673020800,0.0378,0.0385,0.0375,0.0384,986429.519477
1673035200,0.0385,0.0391,0.0383,0.0391,932705.909934
1673049600,0.0391,0.0393,0.039,0.0391,446889.739452
1673064000,0.0391,0.0392,0.0388,0.0391,421236.888618
1673078400,0.0391,0.0392,0.0388,0.0388,197673.607332
1673092800,0.0387,0.0392,0.0387,0.0392,343932.200392
1673107200,0.0392,0.04,0.0389,0.0396,678193.969748
1673121600,0.0396,0.0397,0.0393,0.0396,271907.111889
1673136000,0.0397,0.0398,0.039,0.0396,657287.364457
1673150400,0.0397,0.0399,0.0396,0.0398,551854.807842
1673164800,0.0399,0.0402,0.0396,0.0399,865592.921651
1673179200,0.0399,0.0406,0.0399,0.0406,1614362.316816
1673193600,0.0406,0.0406,0.04,0.0404,1142781.607656
1673208000,0.0405,0.0422,0.0403,0.0418,1702521.939871
1673222400,0.0418,0.0437,0.0417,0.0436,4347081.213671
1673236800,0.0436,0.044,0.0434,0.0434,938786.860484
1673251200,0.0434,0.0439,0.043,0.043,1179180.230838
1673265600,0.043,0.0448,0.043,0.0447,2591841.920008
1673280000,0.0448,0.0459,0.0446,0.0448,3677312.352428
1673294400,0.0449,0.0453,0.0437,0.0445,2232869.709892
1673308800,0.0445,0.0454,0.0431,0.0446,4267787.99301
1673323200,0.0446,0.0447,0.0436,0.0438,1546196.595997
1673337600,0.0438,0.044,0.0434,0.0435,1088735.628778
1673352000,0.0433,0.0446,0.0433,0.0442,2358755.047306
1673366400,0.0442,0.0447,0.0438,0.0447,1191643.369359
1673380800,0.0447,0.0452,0.0443,0.0446,1411809.836879
1673395200,0.0446,0.0449,0.0435,0.0439,1037993.943274
1673409600,0.0439,0.0442,0.0437,0.044,1336750.157743
1673424000,0.044,0.0441,0.0437,0.0439,966060.71565
1673438400,0.0438,0.0441,0.0433,0.0435,1064020.356634
1673452800,0.0435,0.0454,0.0434,0.0453,1911079.917912
1673467200,0.0453,0.0459,0.0446,0.0457,2349837.051354
1673481600,0.0458,0.0466,0.0456,0.0464,3013150.269568
1673496000,0.0464,0.0473,0.0463,0.0468,1793091.82863
1673510400,0.0469,0.0471,0.0458,0.046,1061925.061347
1673524800,0.0459,0.0472,0.0451,0.0463,4766522.494534
1673539200,0.0461,0.0482,0.0461,0.0481,3185631.983727
1673553600,0.048,0.0481,0.0473,0.0476,1339059.3557
1673568000,0.0476,0.0478,0.0466,0.0475,1261135.62823
1673582400,0.0475,0.0475,0.0465,0.0467,1052546.69619
1673596800,0.0467,0.0475,0.0466,0.0471,837493.794765
1673611200,0.047,0.0477,0.0464,0.0475,1834723.055207
1673625600,0.0475,0.0487,0.047,0.0487,1637143.725972
1673640000,0.0487,0.0507,0.0486,0.0506,2331017.518592
1673654400,0.0506,0.053,0.0504,0.0511,4021612.672904
1673668800,0.0511,0.053,0.0509,0.0529,2706866.513049
1673683200,0.053,0.0538,0.0498,0.0512,6569854.664088
1673697600,0.0511,0.0519,0.0502,0.0516,3833227.97985
1673712000,0.0516,0.0522,0.0513,0.0519,3062028.894647
1673726400,0.0518,0.0535,0.0517,0.0531,3337737.176765
1673740800,0.0531,0.0532,0.051,0.0518,3353474.662788
1673755200,0.0518,0.052,0.0506,0.051,1429144.593637
1673769600,0.0511,0.0511,0.0501,0.051,1060332.182934
1673784000,0.0509,0.0522,0.0507,0.052,1584290.857898
1673798400,0.0519,0.0527,0.0515,0.0523,1718271.901056
1673812800,0.0522,0.0528,0.052,0.0523,1038830.307485
1673827200,0.0523,0.0539,0.0521,0.0529,2737174.619859
1673841600,0.0529,0.0543,0.0528,0.0542,1860820.937764
1673856000,0.0541,0.0546,0.052,0.0529,2411818.69995
1673870400,0.0529,0.0532,0.0508,0.0521,1734718.302648
1673884800,0.0522,0.0538,0.0519,0.0532,1994431.571893
1673899200,0.0532,0.0539,0.053,0.0536,1481555.227932
1673913600,0.0537,0.0539,0.0525,0.0532,2030921.538724
1673928000,0.0533,0.0539,0.0532,0.0533,971823.25808
1673942400,0.0533,0.0541,0.0531,0.054,974197.250121
1673956800,0.054,0.0545,0.0532,0.0534,1958032.211005
1673971200,0.0534,0.0544,0.0528,0.0543,626665.553782
1673985600,0.0543,0.0548,0.0539,0.0543,1928521.597798
1674000000,0.0544,0.0554,0.0543,0.0547,1500831.347075
1674014400,0.0548,0.0552,0.0545,0.0551,909925.708157
1674028800,0.055,0.055,0.0539,0.0548,1243417.081739
1674043200,0.0549,0.0609,0.0549,0.0569,12832791.330871
1674057600,0.0569,0.0581,0.0541,0.0563,6833395.271068
1674072000,0.0562,0.0565,0.0538,0.054,1777719.056315
1674086400,0.0539,0.0561,0.0532,0.0555,2493959.560072
1674100800,0.0556,0.0566,0.0547,0.056,1722186.854282
1674115200,0.056,0.0597,0.0556,0.0569,6222693.482915
1674129600,0.0569,0.058,0.0565,0.0572,3528534.457921
1674144000,0.0572,0.0581,0.0571,0.058,2035804.961895
1674158400,0.058,0.0623,0.0579,0.0611,8193329.248564
1674172800,0.0612,0.0614,0.0593,0.0603,7846384.478092
1674187200,0.0604,0.0615,0.0594,0.0613,4120937.357418
1674201600,0.0612,0.0614,0.0601,0.0612,2477119.782824
1674216000,0.0612,0.0617,0.0606,0.0617,2243405.686173
1674230400,0.0618,0.07,0.0616,0.0688,11020117.799571
1674244800,0.0689,0.0806,0.0689,0.0725,16149780.070754
1674259200,0.0725,0.0735,0.0708,0.0719,10278549.58519
1674273600,0.0719,0.073,0.0716,0.0721,4491760.533377
1674288000,0.0722,0.0733,0.0691,0.0713,6372156.146981
1674302400,0.0714,0.0727,0.0704,0.0709,4614052.262448
1674316800,0.071,0.0746,0.0702,0.0745,5971861.363216
1674331200,0.0745,0.0745,0.0708,0.0717,6302552.009224
1674345600,0.0719,0.0735,0.0698,0.071,4610376.131234
1674360000,0.071,0.0713,0.0699,0.0703,3047807.21547
1674374400,0.0703,0.0712,0.0702,0.0703,1776334.717229
1674388800,0.0703,0.0713,0.069,0.0703,3341975.66304
1674403200,0.0704,0.071,0.0699,0.0702,2706704.125318
1674417600,0.0703,0.0703,0.0675,0.0691,4572177.975427
1674432000,0.069,0.0703,0.0689,0.0695,3476580.169407
1674446400,0.0695,0.0704,0.0694,0.0697,1940857.587432
1674460800,0.0697,0.0701,0.0691,0.0701,1892894.795639
1674475200,0.0701,0.0701,0.0672,0.0683,3412417.9417
1674489600,0.0683,0.0694,0.0676,0.068,1753541.761654
1674504000,0.0679,0.069,0.0675,0.0684,1448599.694486
1674518400,0.0684,0.069,0.0676,0.069,2399528.884374
1674532800,0.0689,0.0707,0.0686,0.0699,1651543.041573
1674547200,0.0699,0.0701,0.068,0.0686,1854954.823621
1674561600,0.0686,0.0693,0.068,0.0684,2181742.850595
1674576000,0.0685,0.0687,0.0666,0.0669,2917840.711618
1674590400,0.0669,0.0669,0.0616,0.0627,5507302.585438
1674604800,0.0627,0.0666,0.0623,0.0656,6620465.130805
1674619200,0.0656,0.0676,0.0647,0.0647,3845250.80835
1674633600,0.0647,0.0654,0.0635,0.0637,1425072.148871
1674648000,0.0636,0.0653,0.0628,0.0634,3189848.182324
1674662400,0.0634,0.0655,0.0628,0.0654,1690743.467083
1674676800,0.0654,0.0707,0.0654,0.067,6481461.236548
1674691200,0.067,0.0679,0.0669,0.0672,3876008.83324
1674705600,0.0673,0.0679,0.066,0.0663,2269697.114988
1674720000,0.0663,0.0667,0.0654,0.0656,1485289.685782
1674734400,0.0655,0.0701,0.0653,0.0684,5029063.733847
1674748800,0.0684,0.0689,0.0666,0.0672,2205625.324544
1674763200,0.0674,0.0676,0.0663,0.067,1052072.254337
1674777600,0.067,0.0674,0.065,0.0669,2649658.875234
1674792000,0.0669,0.0676,0.0663,0.0675,979796.359408
1674806400,0.0675,0.0689,0.0673,0.0685,3252627.664238
1674820800,0.0684,0.0695,0.067,0.0687,2470934.073537
1674835200,0.0685,0.0704,0.0685,0.07,2249151.620798
1674849600,0.07,0.0711,0.0692,0.0694,2373096.691339
1674864000,0.0695,0.07,0.0685,0.0689,2879589.915902
1674878400,0.0689,0.0699,0.0678,0.0683,1011200.149367
1674892800,0.0682,0.0688,0.0677,0.0679,953855.496398
1674907200,0.0679,0.0686,0.0672,0.0682,1383948.823755
1674921600,0.0681,0.0681,0.0667,0.0672,1536634.140595
1674936000,0.0672,0.0672,0.0664,0.0669,878678.994978
1674950400,0.0669,0.0683,0.0665,0.0672,1867482.486512
1674964800,0.0673,0.0676,0.067,0.0675,609513.420492
1674979200,0.0675,0.0687,0.0675,0.0686,1309007.886416
1674993600,0.0685,0.0695,0.0682,0.0689,1535710.752137
1675008000,0.0689,0.0707,0.0687,0.0704,2051915.730011
1675022400,0.0703,0.0703,0.0689,0.0693,2096807.950061
1675036800,0.0697,0.07,0.0682,0.0686,1802991.952974
1675051200,0.0688,0.0691,0.0678,0.0682,789003.709391
1675065600,0.0682,0.0683,0.0646,0.0654,3768247.385463
1675080000,0.0654,0.0663,0.0649,0.0657,1662532.018962
1675094400,0.0657,0.0662,0.0631,0.0638,2802415.573048
1675108800,0.064,0.0641,0.0628,0.0641,2358235.01967
1675123200,0.0642,0.0655,0.0641,0.0646,4173445.295411
1675137600,0.0647,0.0651,0.0642,0.0648,807239.482981
1675152000,0.0648,0.0648,0.064,0.0644,1273515.891605
1675166400,0.0644,0.0661,0.0642,0.066,1917216.397192
1675180800,0.0661,0.0667,0.0655,0.0659,1620469.447381
1675195200,0.0659,0.0659,0.064,0.0646,3263191.429939
1675209600,0.0646,0.0649,0.0638,0.0641,3615721.746669
1675224000,0.0641,0.0643,0.0631,0.0634,3164291.941899
1675238400,0.0634,0.0635,0.0623,0.0633,2026495.056875
1675252800,0.0633,0.0643,0.0628,0.0641,1803131.283819
1675267200,0.064,0.0689,0.0632,0.0684,6918905.57004
1675281600,0.0685,0.0704,0.0685,0.0696,5355925.817344
1675296000,0.0697,0.0702,0.0684,0.0688,1777109.589277
1675310400,0.0688,0.0696,0.0684,0.069,1479954.602597
1675324800,0.0689,0.0701,0.0687,0.0698,1400547.352454
1675339200,0.0698,0.0698,0.0683,0.0694,2049906.32859
1675353600,0.0694,0.0708,0.0686,0.069,3406954.20848
1675368000,0.069,0.0691,0.0665,0.0671,4275883.220877
1675382400,0.0671,0.0682,0.0667,0.0678,2333475.984645
1675396800,0.0679,0.0682,0.0673,0.0675,696717.274437
1675411200,0.0675,0.0692,0.0673,0.0691,778309.9868
1675425600,0.0692,0.0701,0.0674,0.0694,3006161.807311
1675440000,0.0694,0.0731,0.0693,0.0721,8777437.591604
1675454400,0.0718,0.0736,0.0712,0.0722,4991435.485695
1675468800,0.0722,0.0727,0.0712,0.0713,2828017.570392
1675483200,0.0712,0.0712,0.0702,0.0709,994631.042907
1675497600,0.0707,0.072,0.0704,0.0715,1277720.057047
1675512000,0.0716,0.0777,0.0716,0.0736,9565933.236336
1675526400,0.0736,0.0749,0.0732,0.0737,2375566.807937
1675540800,0.0737,0.0743,0.0724,0.0733,3254508.452831
1675555200,0.0733,0.0746,0.0722,0.0726,5609788.525848
1675569600,0.0726,0.0736,0.0724,0.073,1544841.651387
1675584000,0.0729,0.0734,0.0723,0.0725,1354691.074529
1675598400,0.0726,0.0727,0.0681,0.0698,4269350.156166
1675612800,0.0698,0.0703,0.0681,0.0687,1833972.913988
1675627200,0.0687,0.0703,0.0684,0.0699,1145580.065788
1675641600,0.07,0.0714,0.0699,0.0701,1530839.883306
1675656000,0.0701,0.0704,0.0687,0.0697,731630.83209
1675670400,0.0697,0.0698,0.0685,0.0694,384556.20364
1675684800,0.0693,0.0705,0.0688,0.0704,1048757.428158
1675699200,0.0704,0.0705,0.0692,0.0692,1224366.145849
1675713600,0.0693,0.0693,0.067,0.0675,1460521.02068
1675728000,0.0676,0.0699,0.0675,0.0687,3066305.162484
1675742400,0.0684,0.0694,0.0684,0.069,933162.300249
1675756800,0.069,0.0692,0.0683,0.0688,1230379.358392
1675771200,0.0689,0.079,0.0684,0.0751,17918541.103104
1675785600,0.0751,0.0763,0.0722,0.0758,5684180.141861
1675800000,0.0759,0.0766,0.0743,0.0749,4891220.127048
1675814400,0.0748,0.0753,0.0734,0.0745,3142093.852261
1675828800,0.0747,0.0757,0.074,0.0754,1365421.258462
1675843200,0.0754,0.0784,0.0741,0.0781,4943068.041019
1675857600,0.0781,0.0793,0.0747,0.0748,8486334.866755
1675872000,0.0748,0.0774,0.0723,0.0759,6539101.74021
1675886400,0.0759,0.0759,0.0742,0.0751,2840539.001599
1675900800,0.0754,0.0763,0.0701,0.0715,3592830.138596
1675915200,0.0713,0.0731,0.0708,0.073,2265670.839797
1675929600,0.073,0.0738,0.0715,0.0717,2299416.561134
1675944000,0.0717,0.0739,0.071,0.0714,4065564.555342
1675958400,0.0713,0.0721,0.0675,0.0696,7516307.109943
1675972800,0.0692,0.072,0.0682,0.0717,7653120.637574
1675987200,0.0716,0.075,0.0714,0.073,13751584.28165
1676001600,0.073,0.0759,0.0722,0.0753,7034064.487091
1676016000,0.0753,0.0778,0.0744,0.0747,9358096.296228
1676030400,0.0748,0.0783,0.0738,0.0772,13378654.885291
1676044800,0.0772,0.0784,0.0752,0.0765,7308004.844571
1676059200,0.0765,0.0778,0.0758,0.076,4271863.143217
1676073600,0.076,0.0845,0.0757,0.0835,8522234.729945
1676088000,0.0834,0.089,0.082,0.085,9866769.437125
1676102400,0.0851,0.0907,0.0845,0.0885,14124085.07159
1676116800,0.0885,0.0898,0.0855,0.0875,7536572.449917
1676131200,0.0876,0.0891,0.0855,0.0866,6778318.581081
1676145600,0.0869,0.0893,0.0862,0.088,4766697.37693
1676160000,0.0881,0.0941,0.087,0.0938,19998428.399378
1676174400,0.0939,0.0967,0.0923,0.0955,14929136.247629
1676188800,0.0955,0.0987,0.0945,0.0948,9184417.856587
1676203200,0.0947,0.0957,0.0891,0.0904,7575167.212516
1676217600,0.0906,0.0914,0.0881,0.0882,4381198.824395
1676232000,0.0883,0.0899,0.0859,0.0867,7106437.222961
1676246400,0.0867,0.0881,0.0834,0.0846,6696282.114951
1676260800,0.0845,0.0851,0.0831,0.0837,2950314.678433
1676275200,0.0836,0.0836,0.0795,0.0807,6431718.540423
1676289600,0.0808,0.0825,0.0789,0.0803,3750161.550744
1676304000,0.0803,0.0883,0.0801,0.0866,10547424.654967
1676318400,0.0864,0.0888,0.0838,0.0858,11678081.129324
1676332800,0.0858,0.0904,0.0844,0.0854,7785455.251203
1676347200,0.0854,0.0883,0.0844,0.0862,5395149.246633
1676361600,0.0862,0.0878,0.0851,0.0861,4475307.551786
1676376000,0.086,0.0902,0.0845,0.0897,9662793.510881
1676390400,0.0897,0.091,0.0868,0.0874,5442226.092618
1676404800,0.0873,0.0892,0.0862,0.0875,4464862.559127
1676419200,0.0876,0.0876,0.0855,0.0866,2025323.824473
1676433600,0.0865,0.0866,0.0848,0.0849,1610193.78848
1676448000,0.0849,0.0871,0.0841,0.0871,2657072.572638
1676462400,0.087,0.0886,0.0869,0.0873,3661932.535909
1676476800,0.0873,0.0891,0.0867,0.0887,3005337.43496
1676491200,0.0888,0.0926,0.0881,0.0915,7052558.878091
1676505600,0.0915,0.0928,0.0902,0.091,4062965.765381
1676520000,0.0911,0.0915,0.0887,0.0894,2553128.719507
1676534400,0.0894,0.0921,0.0891,0.0906,2658705.922131
1676548800,0.0906,0.0907,0.0877,0.0904,5213274.054183
1676563200,0.0903,0.091,0.0883,0.0897,4106165.95196
1676577600,0.0897,0.0909,0.0833,0.084,6134891.872341
1676592000,0.084,0.0871,0.0837,0.087,1970700.675964
1676606400,0.087,0.0872,0.085,0.0852,2118050.837493
1676620800,0.0853,0.086,0.0845,0.0846,1898909.374419
1676635200,0.0847,0.0865,0.0846,0.0865,1748707.062759
1676649600,0.0865,0.0877,0.0854,0.0873,2722636.727345
1676664000,0.0873,0.0879,0.0848,0.0854,2871993.009947
1676678400,0.0854,0.0866,0.0853,0.0856,1590649.711146
1676692800,0.0857,0.0862,0.0847,0.0852,1224735.149226
1676707200,0.085,0.0855,0.0843,0.0852,1302169.21303
1676721600,0.0852,0.0866,0.0851,0.0861,1196343.733719
1676736000,0.086,0.0865,0.0853,0.0855,1298967.141345
1676750400,0.0855,0.0869,0.0849,0.0866,1331303.233157
1676764800,0.0865,0.0874,0.0864,0.0872,1722316.071118
1676779200,0.0872,0.0908,0.0871,0.0904,3201539.080757
1676793600,0.0904,0.091,0.0889,0.0899,1526337.508013
1676808000,0.09,0.0922,0.0892,0.0902,3595554.793709
1676822400,0.0903,0.0905,0.087,0.088,3440711.917968
1676836800,0.0879,0.0885,0.0862,0.0875,2901351.444584
1676851200,0.0874,0.088,0.0843,0.0877,1966404.153404
1676865600,0.0877,0.0883,0.0868,0.088,1500782.190638
1676880000,0.088,0.089,0.087,0.0889,2030885.225748
1676894400,0.089,0.0896,0.0877,0.0889,1489444.764853
1676908800,0.0889,0.0891,0.0869,0.0878,2660846.028104
1676923200,0.0879,0.088,0.0855,0.0867,1745507.221149
1676937600,0.0867,0.0869,0.0852,0.0855,1734585.941406
1676952000,0.0854,0.0864,0.085,0.0862,823844.732588
1676966400,0.0862,0.0864,0.0834,0.0836,3203968.374755
1676980800,0.0838,0.0848,0.0826,0.0831,2248887.053536
1676995200,0.0833,0.0838,0.0821,0.0826,1245674.503741
1677009600,0.0825,0.0828,0.0803,0.0826,2544735.930289
1677024000,0.0824,0.0827,0.0797,0.0813,3010944.91173
1677038400,0.0813,0.0814,0.0792,0.0801,1684323.118823
1677052800,0.08,0.0812,0.0785,0.0811,2291493.736966
1677067200,0.0811,0.0822,0.0784,0.0787,3233061.669322
1677081600,0.0787,0.0815,0.0787,0.0811,2313895.194936
1677096000,0.0811,0.0825,0.0804,0.0823,959148.626314
1677110400,0.0823,0.083,0.0818,0.0825,1032530.875266
1677124800,0.0825,0.0832,0.0819,0.0825,598599.62554
1677139200,0.0825,0.0831,0.0802,0.0806,1568584.144171
1677153600,0.0805,0.0821,0.0802,0.0811,1141453.972269
1677168000,0.0812,0.0816,0.0794,0.081,1747608.176987
1677182400,0.0811,0.0813,0.0798,0.0808,967116.479673
1677196800,0.0808,0.0812,0.0802,0.0806,1154996.771866
1677211200,0.0807,0.0823,0.08,0.0816,1753444.773264
1677225600,0.0816,0.0818,0.0805,0.081,785725.520773
1677240000,0.0811,0.0812,0.0762,0.0768,3530457.806881
1677254400,0.0767,0.0778,0.0753,0.0773,2514754.086335
1677268800,0.0774,0.078,0.076,0.0772,1339486.711297
1677283200,0.0771,0.0779,0.0767,0.0769,1426842.730342
1677297600,0.0769,0.0771,0.076,0.0771,529386.194678
1677312000,0.0772,0.0775,0.076,0.0761,585295.922998
1677326400,0.0761,0.0762,0.0747,0.0756,846596.2892
1677340800,0.0756,0.0762,0.0729,0.0733,1637647.076107
1677355200,0.0733,0.075,0.0722,0.075,2286513.824928
1677369600,0.075,0.0761,0.0748,0.0758,1089618.015162
1677384000,0.0757,0.0759,0.0746,0.0752,490667.779642
1677398400,0.0751,0.0755,0.0745,0.0751,738933.28588
1677412800,0.0751,0.0752,0.0743,0.0749,677677.568324
1677427200,0.0749,0.0754,0.0736,0.0751,1389257.666487
1677441600,0.0751,0.0754,0.0739,0.0749,2507631.867311
1677456000,0.0749,0.0749,0.0738,0.0739,1274545.435094
1677470400,0.0739,0.0739,0.0728,0.0729,837208.552643
1677484800,0.0729,0.073,0.0714,0.0724,1834949.896514
1677499200,0.0725,0.0744,0.0723,0.0732,2371379.408342
1677513600,0.0732,0.0734,0.0707,0.0708,3144653.103692
1677528000,0.0707,0.0724,0.0706,0.0723,1469768.889376
1677542400,0.0724,0.0725,0.0712,0.0718,2760097.977801
1677556800,0.0718,0.0719,0.0705,0.0706,1039982.14199
1677571200,0.0705,0.0715,0.0705,0.0715,922950.575447
1677585600,0.0714,0.0718,0.0707,0.0712,1175188.964789
1677600000,0.0713,0.0715,0.0694,0.0698,1972762.935752
1677614400,0.0699,0.07,0.0683,0.0692,2323529.504686
1677628800,0.0693,0.0698,0.0688,0.0698,2281278.479848
1677643200,0.0698,0.0708,0.0697,0.0704,1445621.31978
1677657600,0.0703,0.0732,0.0701,0.071,3610795.30471
1677672000,0.0709,0.0715,0.0704,0.0709,1490435.89922
1677686400,0.0709,0.071,0.0692,0.0692,2338223.58806
1677700800,0.0692,0.0708,0.0691,0.0707,1164768.536627
1677715200,0.0707,0.0708,0.0681,0.0688,2225418.70469
1677729600,0.0688,0.0691,0.0675,0.0676,1251246.399077
1677744000,0.0676,0.0682,0.0674,0.0681,678250.556953
1677758400,0.0681,0.0683,0.0667,0.0668,1649245.134807
1677772800,0.0669,0.0685,0.0662,0.0685,1500536.73025
1677787200,0.0685,0.0691,0.0676,0.069,1473067.399494
1677801600,0.0689,0.0689,0.0616,0.0649,8991307.29493
1677816000,0.0648,0.0655,0.0647,0.065,1256423.851814
1677830400,0.065,0.0657,0.065,0.0655,1172090.768201
1677844800,0.0654,0.066,0.0646,0.065,1022705.581407
1677859200,0.0651,0.0653,0.0641,0.0642,2663190.708014
1677873600,0.0642,0.0644,0.0633,0.064,1514560.649512
1677888000,0.064,0.0657,0.064,0.0654,3491888.842873
1677902400,0.0654,0.0661,0.0648,0.0656,1476422.311912
1677916800,0.0656,0.0658,0.0652,0.0656,750273.576506
1677931200,0.0657,0.0658,0.0647,0.0649,1068280.879082
1677945600,0.0649,0.0649,0.0636,0.064,1304519.416116
1677960000,0.0638,0.0648,0.0619,0.0645,3763738.36891
1677974400,0.0644,0.066,0.0642,0.0657,2101418.197649
1677988800,0.0657,0.0658,0.0649,0.065,920171.642483
1678003200,0.065,0.0653,0.0647,0.065,770486.333455
1678017600,0.0651,0.0657,0.065,0.0653,922004.620738
1678032000,0.0653,0.0656,0.065,0.0653,903359.503848
1678046400,0.0653,0.0657,0.0638,0.064,2099417.830499
1678060800,0.0639,0.0641,0.0629,0.0638,2177639.161548
1678075200,0.0638,0.0642,0.0632,0.064,898852.338772
1678089600,0.0638,0.0644,0.0636,0.0643,960875.268612
1678104000,0.0642,0.0649,0.0638,0.0646,1838842.150854
1678118400,0.0647,0.0648,0.0635,0.0638,1635318.295345
1678132800,0.0636,0.0641,0.0635,0.0639,1102660.944388
1678147200,0.0639,0.0646,0.0638,0.0641,1124175.640426
1678161600,0.064,0.064,0.0637,0.0637,457097.761211
1678176000,0.0636,0.0638,0.0625,0.0625,1512035.371222
1678190400,0.0625,0.0633,0.0614,0.063,2821527.432081
1678204800,0.0629,0.0638,0.0625,0.0629,1471356.100827
1678219200,0.063,0.0631,0.062,0.0627,1908426.08561
1678233600,0.0627,0.063,0.0621,0.0623,786103.399535
1678248000,0.0623,0.0624,0.0609,0.0614,1351673.745647
1678262400,0.0614,0.063,0.0613,0.0627,756079.010176
1678276800,0.0627,0.0629,0.061,0.0626,3728813.799961
1678291200,0.0625,0.0625,0.0597,0.0597,3825214.316976
1678305600,0.0597,0.0609,0.0588,0.0607,2736856.800546
1678320000,0.0606,0.0614,0.0599,0.0613,2009207.043345
1678334400,0.0613,0.0614,0.0604,0.0604,1235267.346454
1678348800,0.0605,0.0607,0.0597,0.0602,891139.055792
1678363200,0.0602,0.0606,0.0594,0.0595,2987957.763985
1678377600,0.0594,0.0594,0.0568,0.0572,5846179.187305
1678392000,0.0571,0.0575,0.0543,0.0573,10669485.25849
1678406400,0.0574,0.0574,0.0551,0.0569,3696381.332727
1678420800,0.0569,0.0583,0.0565,0.0579,2065663.667623
1678435200,0.0579,0.0582,0.0544,0.0562,4335019.503154
1678449600,0.056,0.0589,0.0557,0.0584,3953367.458011
1678464000,0.0584,0.0599,0.0572,0.0586,5310116.023513
1678478400,0.0586,0.0594,0.0578,0.0589,1470091.141942
1678492800,0.0589,0.061,0.0587,0.0606,4152989.531411
1678507200,0.0606,0.0614,0.0583,0.0586,2418617.980409
1678521600,0.0585,0.0604,0.0581,0.0586,1847290.458519
1678536000,0.0586,0.059,0.0565,0.0567,1912078.142019
1678550400,0.0567,0.0569,0.0557,0.0566,965084.425992
1678564800,0.0567,0.0582,0.0566,0.0582,733780.195661
1678579200,0.0583,0.0583,0.0572,0.0576,900291.847221
1678593600,0.0575,0.0579,0.057,0.0579,1051030.193744
1678608000,0.0578,0.0582,0.0568,0.0573,1598836.643976
1678622400,0.0573,0.0577,0.0559,0.056,1121388.936763
1678636800,0.056,0.0587,0.0557,0.0573,3824686.503544
1678651200,0.0573,0.0618,0.0572,0.0618,3627891.254826
1678665600,0.0619,0.0629,0.0607,0.0607,2808454.731091
1678680000,0.0607,0.0611,0.0605,0.0611,1780720.086913
1678694400,0.0612,0.0612,0.0587,0.0596,2335840.257492
1678708800,0.0596,0.0645,0.059,0.0637,8492310.595332
1678723200,0.0636,0.0645,0.0628,0.0638,3275665.637565
1678737600,0.0639,0.0651,0.0636,0.0644,1986293.02063
1678752000,0.0645,0.0651,0.0634,0.0649,2404418.087334
1678766400,0.0649,0.0655,0.0636,0.0638,1970929.421735
1678780800,0.0639,0.0639,0.0631,0.0635,1284418.681802
1678795200,0.0634,0.0683,0.0631,0.068,10767413.414884
1678809600,0.068,0.0683,0.0644,0.0658,12417310.23704
1678824000,0.0658,0.0661,0.0634,0.0659,5557116.150486
1678838400,0.0658,0.0671,0.0655,0.0665,2743632.386449
1678852800,0.0665,0.067,0.0659,0.0666,1733304.020577
1678867200,0.0666,0.0666,0.0637,0.0647,3059269.212873
1678881600,0.0647,0.0656,0.0607,0.0613,6187710.290574
1678896000,0.0614,0.0614,0.0588,0.0601,5361934.760901
1678910400,0.0599,0.0608,0.0597,0.06,3862797.48726
1678924800,0.06,0.0606,0.059,0.0601,2525071.510216
1678939200,0.06,0.0607,0.059,0.0604,2786650.654706
1678953600,0.0605,0.061,0.0595,0.0608,2979711.636132
1678968000,0.0608,0.0619,0.0592,0.0615,3173002.884643
1678982400,0.0615,0.0626,0.0597,0.0604,4099984.9788
1678996800,0.0605,0.0612,0.0594,0.0608,3536985.619724
1679011200,0.0608,0.0628,0.0601,0.0624,4478922.043071
1679025600,0.0623,0.0627,0.0616,0.062,2170465.236468
1679040000,0.0619,0.0641,0.0617,0.064,2851623.077204
1679054400,0.064,0.0641,0.0607,0.0616,5975026.998147
1679068800,0.0616,0.0629,0.0614,0.0628,2636039.726627
1679083200,0.0629,0.0654,0.0624,0.0653,3275799.019306
1679097600,0.0654,0.0664,0.0645,0.0658,6045855.255601
1679112000,0.0659,0.0661,0.0649,0.0655,3326948.883249
1679126400,0.0654,0.0655,0.064,0.0652,3469521.841625
1679140800,0.0652,0.0654,0.0627,0.0633,4487657.457715
1679155200,0.0632,0.0639,0.0617,0.0634,4033068.517852
1679169600,0.0634,0.064,0.062,0.0624,2592264.593573
1679184000,0.0625,0.0637,0.0624,0.0634,2108765.465832
1679198400,0.0634,0.0635,0.0621,0.0627,1575862.621231
1679212800,0.0627,0.0639,0.0622,0.0639,1987589.151214
1679227200,0.0639,0.0656,0.0635,0.0646,4901102.978919
1679241600,0.0647,0.0664,0.0647,0.0657,3206777.418915
1679256000,0.0658,0.066,0.0644,0.0649,3848954.316074
1679270400,0.0649,0.0649,0.0624,0.0626,4608970.467956
1679284800,0.0625,0.0641,0.0614,0.064,4208294.578811
1679299200,0.064,0.0642,0.0631,0.0638,2793064.238998
1679313600,0.0638,0.064,0.0628,0.0634,3668906.579829
1679328000,0.0634,0.0638,0.061,0.0613,5331182.460191
1679342400,0.0613,0.0622,0.0612,0.0615,4902459.656062
1679356800,0.0616,0.0626,0.0611,0.0615,6155222.919739
1679371200,0.0615,0.0618,0.0595,0.0598,5489749.89767
1679385600,0.0597,0.0622,0.0593,0.0622,2836242.946055
1679400000,0.0621,0.0638,0.0619,0.0623,4201875.814442
1679414400,0.0624,0.063,0.0617,0.0627,4335371.852785
1679428800,0.0628,0.0642,0.0628,0.064,4673914.340036
1679443200,0.064,0.064,0.0628,0.0635,2803452.634517
1679457600,0.0635,0.0639,0.0629,0.0632,1708261.817957
1679472000,0.0632,0.0633,0.0626,0.0629,2249567.573728
1679486400,0.0628,0.0645,0.0624,0.0634,3899961.762043
1679500800,0.0634,0.0637,0.0594,0.0595,11679567.496247
1679515200,0.0594,0.0614,0.0592,0.0603,4229643.437102
1679529600,0.0603,0.0607,0.0597,0.0601,3542769.252935
1679544000,0.0602,0.0613,0.0602,0.0612,1726518.064041
1679558400,0.0612,0.0616,0.0608,0.0611,2249408.696199
1679572800,0.0612,0.0632,0.0604,0.0629,5389429.883105
1679587200,0.0629,0.0634,0.0611,0.0621,5068928.532827
1679601600,0.062,0.0626,0.0618,0.0624,2061285.804805
1679616000,0.0624,0.0624,0.0618,0.0619,2787465.42739
1679630400,0.0618,0.0621,0.0616,0.062,1270485.839353
1679644800,0.062,0.062,0.0597,0.0602,6364398.237471
1679659200,0.0602,0.0613,0.0601,0.0603,5171432.813324
1679673600,0.0603,0.0605,0.0589,0.0603,6590711.282197
1679688000,0.0603,0.0603,0.0594,0.0599,2892775.575914
1679702400,0.0599,0.0603,0.0596,0.0601,2547033.169433
1679716800,0.0601,0.0602,0.0593,0.0597,2714293.230504
1679731200,0.0596,0.0602,0.0593,0.0601,2150474.39072
1679745600,0.0601,0.0606,0.0597,0.0605,3953955.25632
1679760000,0.0605,0.0607,0.0588,0.059,4954803.761239
1679774400,0.059,0.0603,0.0588,0.0602,2738054.706723
1679788800,0.0601,0.0605,0.0598,0.0602,1344538.409344
1679803200,0.0602,0.0602,0.0598,0.0601,452084.356948
1679817600,0.0601,0.0621,0.06,0.0617,4673244.061893
1679832000,0.0618,0.0624,0.0606,0.0608,5712390.495096
1679846400,0.0608,0.0614,0.0606,0.0609,1790460.762502
1679860800,0.0609,0.0624,0.0609,0.062,3054023.881915
1679875200,0.0619,0.0619,0.0607,0.0611,1933860.383967
1679889600,0.0612,0.0613,0.0603,0.0604,1845199.113026
1679904000,0.0604,0.0612,0.0604,0.0611,1754274.464785
1679918400,0.061,0.0611,0.057,0.0584,11696887.651741
1679932800,0.0583,0.0589,0.0578,0.0578,4033275.611547
1679947200,0.0579,0.0594,0.0577,0.0593,2213612.837525
1679961600,0.0593,0.0593,0.058,0.0584,4877558.67263
1679976000,0.0585,0.0601,0.0584,0.0596,4573969.925017
1679990400,0.0596,0.0597,0.0584,0.0595,4902439.916502
1680004800,0.0595,0.0596,0.0587,0.0589,4583425.796448
1680019200,0.0589,0.0603,0.0579,0.0602,7441256.628081
1680033600,0.0603,0.0604,0.0592,0.0596,3213337.180701
1680048000,0.0595,0.0601,0.0594,0.0598,2776674.910203
1680062400,0.0597,0.061,0.0597,0.0605,3690324.130434
1680076800,0.0604,0.0613,0.0604,0.0613,3727837.122863
1680091200,0.0613,0.063,0.0609,0.0626,8736779.685075
1680105600,0.0626,0.0649,0.0621,0.0644,3527013.222082
1680120000,0.0644,0.0689,0.0633,0.0686,15175112.699546
1680134400,0.0686,0.0686,0.0647,0.0654,12507920.562149
1680148800,0.0654,0.0658,0.0644,0.065,5480996.103105
1680163200,0.0649,0.0673,0.0637,0.0666,8997976.894805
1680177600,0.0666,0.068,0.0642,0.0654,11705878.385972
1680192000,0.0654,0.0654,0.0628,0.0644,8168214.348106
1680206400,0.0645,0.0656,0.064,0.0649,5176598.027957
1680220800,0.065,0.0748,0.065,0.0713,41079629.722819
1680235200,0.0713,0.0713,0.0684,0.0708,7947674.369356
1680249600,0.0707,0.0715,0.0688,0.0707,11288474.018681
1680264000,0.0706,0.075,0.0702,0.0715,16538699.10474
1680278400,0.0716,0.0764,0.0713,0.0749,7381192.500734
1680292800,0.0748,0.0767,0.073,0.0731,10550518.833964
1680307200,0.0731,0.0761,0.0722,0.0728,12293086.000907
1680321600,0.0728,0.074,0.0713,0.0713,3834206.936504
1680336000,0.0712,0.0716,0.0697,0.0697,3002193.315791
1680350400,0.0698,0.0712,0.0698,0.0706,4710426.73797
1680364800,0.0707,0.0708,0.0698,0.0704,2423718.694973
1680379200,0.0703,0.0709,0.0702,0.0705,2044586.968913
1680393600,0.0706,0.0762,0.0706,0.0756,25116245.635665
1680408000,0.0755,0.0778,0.074,0.077,7352308.799054
1680422400,0.077,0.0778,0.0746,0.0748,7621065.018106
1680436800,0.0747,0.0748,0.0709,0.0717,4265150.433929
1680451200,0.0716,0.0732,0.0711,0.0715,4976213.918148
1680465600,0.0716,0.0734,0.0714,0.0729,4513718.76325
1680480000,0.073,0.0731,0.0692,0.0706,6652781.338437
1680494400,0.0707,0.0711,0.0697,0.0711,4273740.21323
1680508800,0.0711,0.073,0.0711,0.0718,6076699.34035
1680523200,0.0718,0.072,0.0697,0.0702,5494049.849268
1680537600,0.0702,0.0702,0.0682,0.0688,7971579.722772
1680552000,0.0688,0.0689,0.0665,0.0681,7243836.739196
1680566400,0.0682,0.0687,0.0669,0.0669,6122042.391914
1680580800,0.0669,0.0675,0.0665,0.0666,4703134.525992
1680595200,0.0667,0.0683,0.0662,0.0681,4599437.855317
1680609600,0.0681,0.0686,0.0669,0.0672,4048610.068381
1680624000,0.0672,0.0676,0.067,0.0673,3273260.151619
1680638400,0.0673,0.0676,0.0668,0.0675,5023744.952339
1680652800,0.0675,0.0684,0.0668,0.0682,6786616.584629
1680667200,0.0682,0.0683,0.0671,0.0677,6768120.285008
1680681600,0.0677,0.0681,0.0675,0.0677,2331517.331284
1680696000,0.0678,0.0679,0.0655,0.0661,8125058.850559
1680710400,0.066,0.0671,0.0655,0.0669,3308465.953321
1680724800,0.0669,0.0672,0.0664,0.067,2671167.016851
1680739200,0.067,0.067,0.0652,0.0662,3928074.763421
1680753600,0.0662,0.0662,0.0652,0.0652,3077131.975621
1680768000,0.0652,0.0659,0.0648,0.0654,4261011.440355
1680782400,0.0654,0.0661,0.0647,0.066,3360726.089885
1680796800,0.066,0.0664,0.0655,0.0656,1937608.903504
1680811200,0.0656,0.0659,0.0651,0.0655,2497198.589079
1680825600,0.0655,0.0657,0.0648,0.0652,2975484.823729
1680840000,0.0651,0.0662,0.0645,0.0647,4206386.726808
1680854400,0.0646,0.0653,0.0645,0.0648,1001384.773624
1680868800,0.0648,0.0654,0.0647,0.0653,2383359.30604
1680883200,0.0653,0.0654,0.0646,0.0648,1360075.199168
1680897600,0.0648,0.0653,0.0647,0.065,1918022.194437
1680912000,0.065,0.0654,0.0645,0.0653,2379188.645253
1680926400,0.0653,0.0657,0.0651,0.0654,1090828.608648
1680940800,0.0654,0.0657,0.0651,0.0654,1329583.48946
1680955200,0.0654,0.0656,0.0651,0.0654,787988.812877
1680969600,0.0654,0.0655,0.0645,0.0648,1809097.430043
1680984000,0.0648,0.0651,0.0645,0.0648,1047666.974732
1680998400,0.0648,0.0651,0.0642,0.0643,1117692.801276
1681012800,0.0643,0.0646,0.0634,0.0635,1818359.210177
1681027200,0.0636,0.0639,0.0635,0.0638,1116756.235104
1681041600,0.0639,0.0641,0.0633,0.0635,977399.664987
1681056000,0.0635,0.0643,0.0634,0.0643,898115.489729
1681070400,0.0643,0.0651,0.0642,0.0645,1285535.064487
1681084800,0.0645,0.0653,0.0642,0.065,3272610.592202
1681099200,0.065,0.0652,0.0646,0.0652,1629628.885507
1681113600,0.0652,0.0658,0.065,0.0656,1219294.801151
1681128000,0.0654,0.0664,0.0649,0.0651,5466911.616446
1681142400,0.065,0.0662,0.0647,0.0654,4209237.989091
1681156800,0.0654,0.0665,0.065,0.0661,2764344.908979
1681171200,0.0662,0.0665,0.0657,0.066,2677128.364039
1681185600,0.066,0.0662,0.0656,0.0661,2520005.227286
1681200000,0.0661,0.0664,0.0659,0.0661,2080917.311313
1681214400,0.066,0.0662,0.0654,0.0657,5097663.92773
1681228800,0.0657,0.0661,0.0653,0.0656,2889862.412721
1681243200,0.0655,0.0656,0.0651,0.0653,3008262.743698
1681257600,0.0653,0.0654,0.0627,0.0631,8944552.353798
1681272000,0.0631,0.0641,0.063,0.0638,3245400.592257
1681286400,0.0638,0.0638,0.0631,0.0635,2241167.605803
1681300800,0.0634,0.0648,0.0631,0.0642,6831495.369849
1681315200,0.0643,0.0643,0.063,0.0632,4366420.600483
1681329600,0.0632,0.0646,0.0632,0.064,14887775.343988
1681344000,0.064,0.0644,0.0634,0.0642,2708198.721082
1681358400,0.0642,0.0646,0.0641,0.0645,3246415.096108
1681372800,0.0645,0.0653,0.0644,0.065,4780165.399295
1681387200,0.0651,0.0661,0.0651,0.0659,4714635.240417
1681401600,0.0659,0.0669,0.0657,0.0665,5292173.449476
1681416000,0.0665,0.0668,0.066,0.0666,3905865.247452
1681430400,0.0666,0.0684,0.0663,0.0674,8529462.9231
1681444800,0.0675,0.0681,0.0669,0.067,4525357.735534
1681459200,0.067,0.0679,0.067,0.0678,3315561.721499
1681473600,0.0678,0.0681,0.0651,0.0653,11077709.871984
1681488000,0.0653,0.0675,0.0649,0.0669,7924922.104202
1681502400,0.0669,0.0675,0.0666,0.0674,3500903.542762
1681516800,0.0673,0.0699,0.067,0.068,13785308.984583
1681531200,0.068,0.0683,0.0676,0.0679,4498362.572126
1681545600,0.0678,0.0684,0.0674,0.0683,2891564.959692
1681560000,0.0683,0.0684,0.0675,0.0682,3758265.021264
1681574400,0.0682,0.0683,0.0677,0.0681,3254282.724469
1681588800,0.0681,0.0685,0.0678,0.0681,2945540.504386
1681603200,0.0682,0.0682,0.0668,0.0673,3258714.460958
1681617600,0.0673,0.0682,0.0673,0.0682,2526317.657155
1681632000,0.0682,0.0682,0.0673,0.0673,2253209.804
1681646400,0.0673,0.068,0.0671,0.0679,3472206.780518
1681660800,0.0679,0.0689,0.0677,0.0683,3832602.755128
1681675200,0.0683,0.0698,0.0679,0.0691,6582247.192838
1681689600,0.0691,0.0693,0.0671,0.0683,6192683.524193
1681704000,0.0684,0.0684,0.0675,0.0676,3313682.837581
1681718400,0.0676,0.0677,0.0664,0.067,5268639.6697
1681732800,0.067,0.0671,0.0659,0.0659,6946121.43485
1681747200,0.0659,0.067,0.0659,0.0667,4141938.798396
1681761600,0.0667,0.0668,0.066,0.0664,2462395.638971
1681776000,0.0665,0.0665,0.0656,0.0665,5068127.46126
1681790400,0.0666,0.0688,0.0665,0.0686,5349678.488634
1681804800,0.0686,0.0688,0.0677,0.0686,4111901.93067
1681819200,0.0686,0.0687,0.0674,0.0678,5265442.943629
1681833600,0.0678,0.068,0.0669,0.068,6180751.693
1681848000,0.068,0.0684,0.0678,0.0681,3555378.678132
1681862400,0.068,0.0683,0.0674,0.0674,3785361.023824
1681876800,0.0674,0.0677,0.0667,0.0667,4871868.545231
1681891200,0.0667,0.0667,0.0615,0.0632,15943870.971795
1681905600,0.0632,0.0637,0.0628,0.0633,4624320.40479
1681920000,0.0633,0.0634,0.0625,0.0633,4155315.101951
1681934400,0.0633,0.0636,0.0611,0.0624,7920914.674342
1681948800,0.0623,0.0633,0.062,0.0624,6441792.694622
1681963200,0.0625,0.0634,0.0625,0.063,3912480.853167
1681977600,0.063,0.0642,0.0627,0.0628,5514667.854538
1681992000,0.0628,0.0636,0.0618,0.0618,5871320.231759
1682006400,0.0618,0.0623,0.0608,0.0615,7646011.572525
1682020800,0.0614,0.0621,0.0612,0.0618,4139559.965326
1682035200,0.0618,0.0623,0.0614,0.062,8047561.720889
1682049600,0.062,0.0623,0.0606,0.0616,7369494.258682
1682064000,0.0617,0.0619,0.0611,0.0613,5977768.666535
1682078400,0.0613,0.062,0.0608,0.0612,6653152.447367
1682092800,0.0613,0.0614,0.0592,0.0593,10201808.784331
1682107200,0.0592,0.0597,0.0588,0.0597,4282708.127638
1682121600,0.0596,0.06,0.0593,0.0599,3181360.394619
1682136000,0.0599,0.0603,0.0596,0.0597,1561772.113271
1682150400,0.0597,0.0603,0.0596,0.0603,2618917.407379
1682164800,0.0604,0.0611,0.0601,0.0608,2742121.951749
1682179200,0.0608,0.0613,0.0607,0.061,2313734.303547
1682193600,0.061,0.0612,0.0608,0.061,1454864.918915
1682208000,0.0611,0.0611,0.06,0.0607,2661351.666171
1682222400,0.0606,0.0611,0.0606,0.061,2000680.036252
1682236800,0.0611,0.0612,0.0608,0.0611,2006065.405922
1682251200,0.0611,0.0613,0.0601,0.0603,2087466.277231
1682265600,0.0602,0.0607,0.0593,0.0601,3824139.889814
1682280000,0.0599,0.0606,0.0598,0.0603,2530946.718254
1682294400,0.0603,0.0609,0.0596,0.0601,5100849.024201
1682308800,0.0601,0.0603,0.0595,0.0596,2963161.624165
1682323200,0.0596,0.0602,0.0591,0.0601,4814529.246239
1682337600,0.0602,0.0605,0.0593,0.0593,6561435.225083
1682352000,0.0594,0.06,0.0586,0.0599,5339797.80373
1682366400,0.0599,0.0602,0.0598,0.0599,1463759.131782
1682380800,0.0599,0.0599,0.0589,0.0589,4109937.175712
1682395200,0.0589,0.0594,0.0589,0.059,2859716.340521
1682409600,0.059,0.0592,0.0587,0.0591,5482091.292032
1682424000,0.0591,0.0595,0.0586,0.0587,4267904.289721
1682438400,0.0586,0.06,0.0585,0.06,8923950.598378
1682452800,0.06,0.0613,0.06,0.0609,3393434.202974
1682467200,0.0609,0.0612,0.0607,0.0608,2910960.836997
1682481600,0.0608,0.0615,0.0608,0.0615,2434794.09969
1682496000,0.0614,0.0626,0.0614,0.062,3857703.755498
1682510400,0.0621,0.0633,0.0621,0.0631,4250697.616374
1682524800,0.0632,0.0633,0.0587,0.0593,7430135.022348
1682539200,0.0592,0.0605,0.0581,0.0604,7129072.810185
1682553600,0.0604,0.0617,0.0603,0.0606,3802570.053311
1682568000,0.0607,0.0612,0.0601,0.0605,1798002.921154
1682582400,0.0604,0.0607,0.0601,0.0604,1436527.660244
1682596800,0.0604,0.0611,0.0597,0.0608,8012608.586663
1682611200,0.0609,0.0619,0.0607,0.0615,3060735.44489
1682625600,0.0614,0.0616,0.0607,0.0613,1588709.787765
1682640000,0.0612,0.0612,0.0606,0.0607,1273304.812781
1682654400,0.0607,0.0612,0.0607,0.0611,966408.537998
1682668800,0.0611,0.0611,0.0604,0.0605,1583995.47211
1682683200,0.0604,0.0608,0.06,0.0606,3057197.493492
1682697600,0.0606,0.0607,0.06,0.0603,824975.797543
1682712000,0.0603,0.0607,0.0602,0.0606,1213684.975115
1682726400,0.0607,0.0609,0.0604,0.0608,1365142.969332
1682740800,0.0608,0.0609,0.0604,0.0605,1201341.069214
1682755200,0.0605,0.0608,0.0604,0.0607,1262305.907754
1682769600,0.0608,0.0613,0.0608,0.0609,1762186.155602
1682784000,0.061,0.061,0.0602,0.0608,1557752.05165
1682798400,0.0607,0.0607,0.0604,0.0607,433104.654592
1682812800,0.0608,0.0639,0.0607,0.0624,24749770.336814
1682827200,0.0624,0.0633,0.0622,0.0627,4662477.449134
1682841600,0.0628,0.0635,0.0625,0.0627,4442333.586093
1682856000,0.0627,0.0653,0.0626,0.0644,14973244.605134
1682870400,0.0646,0.0655,0.0643,0.0646,8191618.235364
1682884800,0.0646,0.0646,0.0635,0.0635,4939788.652216
1682899200,0.0635,0.0643,0.0605,0.0612,7973695.523097
1682913600,0.0613,0.0618,0.0607,0.0617,2896239.812714
1682928000,0.0616,0.0617,0.0612,0.0614,1687040.317029
1682942400,0.0614,0.0615,0.0601,0.0604,3121775.460075
1682956800,0.0604,0.0605,0.0589,0.0592,4260142.696578
1682971200,0.0591,0.0595,0.0589,0.0594,1605543.691177
1682985600,0.0593,0.0593,0.0584,0.0588,1764001.308441
1683000000,0.0588,0.0588,0.0582,0.0586,1807377.723363
1683014400,0.0586,0.0589,0.058,0.0582,1397020.87948
1683028800,0.0582,0.0586,0.0576,0.058,2575284.628344
1683043200,0.0581,0.0592,0.0577,0.059,1947781.564385
1683057600,0.0589,0.0591,0.0588,0.0588,547560.020928
1683072000,0.0588,0.0589,0.0576,0.0577,1466397.7579
1683086400,0.0578,0.0579,0.0574,0.0577,1578920.329863
1683100800,0.0577,0.0579,0.0568,0.0568,2737252.940195
1683115200,0.0568,0.057,0.0562,0.0563,4221272.179982
1683129600,0.0563,0.0575,0.0561,0.0571,5336749.292409
1683144000,0.0571,0.0588,0.0571,0.0585,3656463.135284
1683158400,0.0586,0.0589,0.0581,0.0583,1974001.449147
1683172800,0.0584,0.0585,0.0579,0.0579,941612.855492
1683187200,0.058,0.0586,0.0579,0.0581,752973.052919
1683201600,0.0581,0.0582,0.0574,0.0575,2106433.1775
1683216000,0.0575,0.0577,0.0573,0.0574,1044901.042855
1683230400,0.0574,0.0575,0.0571,0.0575,1606217.83074
1683244800,0.0574,0.0584,0.0574,0.0576,1965681.863773
1683259200,0.0577,0.0579,0.0575,0.0577,642596.727247
1683273600,0.0578,0.058,0.0577,0.0578,638520.060226
1683288000,0.0578,0.0582,0.0571,0.0579,2090947.56115
1683302400,0.0579,0.0587,0.0579,0.0584,2252739.006607
1683316800,0.0584,0.0586,0.0582,0.0583,876302.300411
1683331200,0.0583,0.0586,0.0577,0.0578,1807358.403382
1683345600,0.0578,0.0581,0.0576,0.0576,867959.267252
1683360000,0.0576,0.0578,0.0571,0.0577,999008.469799
1683374400,0.0577,0.0578,0.0555,0.0563,3205447.51228
1683388800,0.0563,0.0573,0.0562,0.0571,1779693.020793
1683403200,0.057,0.057,0.0566,0.0569,427474.836707
1683417600,0.057,0.057,0.0563,0.0563,1046122.410131
1683432000,0.0563,0.0574,0.0563,0.0573,1256325.631037
1683446400,0.0573,0.0573,0.0568,0.0569,635722.246528
1683460800,0.057,0.0572,0.0567,0.0568,1129168.377108
1683475200,0.0568,0.0568,0.0563,0.0565,879820.313436
1683489600,0.0565,0.0569,0.0562,0.0565,1224828.827825
1683504000,0.0564,0.0569,0.0541,0.0545,5658098.359942
1683518400,0.0546,0.0546,0.0535,0.0537,1297507.719445
1683532800,0.0537,0.0549,0.0535,0.0548,3990751.746216
1683547200,0.0549,0.0553,0.0546,0.055,1920995.094672
1683561600,0.055,0.055,0.0516,0.0532,7671972.851928
1683576000,0.0534,0.0545,0.0532,0.0544,1765904.365766
1683590400,0.0544,0.0544,0.0535,0.054,2864400.42409
1683604800,0.0541,0.0545,0.0536,0.0541,587486.14831
1683619200,0.0541,0.0541,0.0534,0.0538,982789.728523
1683633600,0.0539,0.0542,0.0533,0.0533,1552001.455224
1683648000,0.0532,0.0539,0.0531,0.0538,1236901.952396
1683662400,0.0539,0.0541,0.0536,0.0541,519087.981724
1683676800,0.0541,0.0545,0.054,0.0541,931450.087057
1683691200,0.054,0.0549,0.054,0.0544,1249030.757664
1683705600,0.0544,0.0545,0.054,0.0542,630001.268181
1683720000,0.0541,0.0553,0.0539,0.0545,2374608.171133
1683734400,0.0546,0.0547,0.0517,0.0542,5858683.442384
1683748800,0.0541,0.0548,0.054,0.0543,1185514.759606
1683763200,0.0542,0.0542,0.0529,0.053,4119961.020369
1683777600,0.053,0.0534,0.0529,0.0531,680170.528422
1683792000,0.0531,0.0531,0.0524,0.0524,2779850.924575
1683806400,0.0524,0.0528,0.0516,0.0517,6160615.196667
1683820800,0.0517,0.0519,0.0502,0.0508,3961011.522028
1683835200,0.0507,0.0516,0.0507,0.0514,1059218.692148
1683849600,0.0513,0.0514,0.0499,0.0501,1997593.860968
1683864000,0.0501,0.051,0.05,0.0508,1181210.221473
1683878400,0.0508,0.0516,0.0508,0.0515,1518985.6187
1683892800,0.0515,0.0519,0.051,0.0512,1699510.310439
1683907200,0.0511,0.0515,0.0502,0.0515,2099614.726722
1683921600,0.0515,0.0523,0.0514,0.0522,1398842.334229
1683936000,0.0523,0.0524,0.0516,0.0519,561762.43146
1683950400,0.052,0.0522,0.0517,0.0522,530187.36525
1683964800,0.0521,0.0523,0.0517,0.0517,560848.253954
1683979200,0.0518,0.0519,0.0511,0.0513,1298471.550163
1683993600,0.0513,0.0515,0.0511,0.0512,1097165.345983
1684008000,0.0511,0.0516,0.0511,0.0514,1029293.716225
1684022400,0.0513,0.0516,0.0511,0.0516,885481.61637
1684036800,0.0517,0.0519,0.0516,0.0518,611220.539459
1684051200,0.0519,0.0519,0.0517,0.0517,534743.719518
1684065600,0.0516,0.0524,0.0515,0.0523,825259.872558
1684080000,0.0523,0.0523,0.0511,0.0513,4239331.502584
1684094400,0.0512,0.0519,0.0511,0.0518,1509339.199035
1684108800,0.0518,0.0522,0.0511,0.0522,2972891.335112
1684123200,0.0523,0.0527,0.0522,0.0526,1308373.489059
1684137600,0.0527,0.0533,0.0526,0.0527,1387296.592177
1684152000,0.0528,0.0531,0.0524,0.053,1540014.386352
1684166400,0.0531,0.0532,0.0523,0.0526,1277556.986248
1684180800,0.0526,0.0528,0.0522,0.0523,660690.104507
1684195200,0.0523,0.0526,0.0515,0.0522,2929165.034696
1684209600,0.0522,0.0527,0.0522,0.0527,1023146.166848
1684224000,0.0526,0.0528,0.0521,0.0521,860333.396986
1684238400,0.0521,0.0525,0.0519,0.0525,2698202.096094
1684252800,0.0525,0.0526,0.0519,0.0519,671589.982449
1684267200,0.052,0.0525,0.0519,0.0524,752694.334098
1684281600,0.0524,0.0531,0.0522,0.0528,1294691.458304
1684296000,0.0529,0.053,0.0518,0.0518,1282888.717556
1684310400,0.0518,0.0521,0.0514,0.0515,1591768.86839
1684324800,0.0515,0.052,0.0513,0.0517,1369148.396411
1684339200,0.0517,0.0535,0.0516,0.0534,985604.450041
1684353600,0.0534,0.0536,0.0531,0.0533,1176713.913228
1684368000,0.0533,0.0533,0.0528,0.0531,1607930.626294
1684382400,0.0531,0.0532,0.0524,0.0528,1753399.119237
1684396800,0.0527,0.0528,0.0524,0.0525,2015266.739118
1684411200,0.0525,0.0527,0.0522,0.0522,2744708.854154
1684425600,0.0522,0.0523,0.0514,0.0521,1909100.46304
1684440000,0.0521,0.0525,0.0519,0.0524,544287.363407
1684454400,0.0524,0.0527,0.0521,0.0524,1094126.858937
1684468800,0.0524,0.0526,0.0522,0.0522,535991.471789
1684483200,0.0523,0.0526,0.0523,0.0524,305489.813696
1684497600,0.0525,0.053,0.0522,0.0525,966871.665761
1684512000,0.0526,0.053,0.0525,0.0527,629833.999216
1684526400,0.0528,0.053,0.0527,0.0528,245375.75952
1684540800,0.0529,0.0529,0.0526,0.0527,603315.37704
1684555200,0.0527,0.0528,0.0526,0.0527,433543.11667
1684569600,0.0527,0.053,0.0527,0.0529,419208.450033
1684584000,0.053,0.053,0.0528,0.053,413414.898106
1684598400,0.053,0.0532,0.0528,0.053,777968.947887
1684612800,0.053,0.0532,0.053,0.053,195584.775148
1684627200,0.053,0.0531,0.0528,0.0528,268216.691269
1684641600,0.0529,0.0531,0.0528,0.0529,268293.786931
1684656000,0.0529,0.053,0.0524,0.0525,768610.848668
1684670400,0.0525,0.0527,0.0518,0.0519,1221240.948377
1684684800,0.0519,0.0523,0.0518,0.0523,658724.553291
1684699200,0.0522,0.0524,0.0518,0.0523,774319.912665
1684713600,0.0522,0.0524,0.0514,0.052,1040996.790114
1684728000,0.052,0.0524,0.0519,0.0521,268479.472539
1684742400,0.0521,0.0522,0.0519,0.052,784772.345042
1684756800,0.052,0.0524,0.0518,0.0521,2337702.651416
1684771200,0.0521,0.0522,0.0518,0.052,602689.534205
1684785600,0.0519,0.0522,0.0519,0.052,238021.617712
1684800000,0.052,0.0531,0.052,0.0529,806480.740101
1684814400,0.0529,0.053,0.0521,0.0522,1407430.020846
1684828800,0.0521,0.0523,0.0519,0.0522,547970.752528
1684843200,0.0523,0.0524,0.0521,0.0524,863864.225754
1684857600,0.0525,0.0526,0.0521,0.0523,1872667.931246
1684872000,0.0522,0.0523,0.0519,0.0522,691876.975371
1684886400,0.0522,0.0522,0.0509,0.0513,1648986.100218
1684900800,0.0512,0.0513,0.0507,0.0508,1225803.834839
1684915200,0.0508,0.0513,0.0507,0.0508,539845.847969
1684929600,0.0508,0.051,0.05,0.0503,2513372.87109
1684944000,0.0503,0.0508,0.05,0.0507,482608.137039
1684958400,0.0506,0.051,0.0506,0.0509,340404.307613
1684972800,0.0509,0.0509,0.0497,0.0507,1735806.266713
1684987200,0.0507,0.0509,0.0505,0.0506,371855.063407
1685001600,0.0507,0.0507,0.0505,0.0506,572237.436796
1685016000,0.0506,0.051,0.0506,0.0507,278701.048311
1685030400,0.0507,0.0512,0.0507,0.0509,732057.219173
1685044800,0.051,0.051,0.0506,0.0507,372416.402722
1685059200,0.0506,0.0508,0.0503,0.0508,1639064.642074
1685073600,0.0509,0.051,0.0504,0.051,1050825.890406
1685088000,0.051,0.0513,0.0509,0.0512,659956.259487
1685102400,0.0512,0.0514,0.051,0.0513,2002957.397357
1685116800,0.0513,0.0517,0.0511,0.0516,753551.356102
1685131200,0.0517,0.0522,0.0517,0.052,1375085.436878
1685145600,0.052,0.0523,0.0519,0.0523,922676.396763
1685160000,0.0522,0.0525,0.0521,0.0521,490569.531011
1685174400,0.0521,0.0522,0.052,0.0521,418971.353829
1685188800,0.0521,0.0522,0.0517,0.052,941398.452556
1685203200,0.052,0.052,0.0516,0.0516,366452.07219
1685217600,0.0517,0.0521,0.0516,0.0521,424350.249296
1685232000,0.0521,0.0526,0.0518,0.0524,1221249.206543
1685246400,0.0524,0.0524,0.052,0.0521,605347.350103
1685260800,0.0521,0.0525,0.0519,0.0522,1248363.85831
1685275200,0.0522,0.053,0.0521,0.0528,2233006.933729
1685289600,0.0528,0.0535,0.0526,0.053,1935495.609514
1685304000,0.053,0.0539,0.053,0.0534,2228001.655213
1685318400,0.0534,0.0538,0.0529,0.0529,1702019.157442
1685332800,0.0529,0.0531,0.0525,0.0528,1910969.092707
1685347200,0.0529,0.053,0.0527,0.0527,979292.320767
1685361600,0.0527,0.0528,0.0523,0.0524,1461355.675004
1685376000,0.0523,0.0528,0.0522,0.0526,1797121.887627
1685390400,0.0526,0.053,0.0526,0.0527,582739.884297
1685404800,0.0528,0.053,0.0524,0.0528,1299351.245985
1685419200,0.0529,0.0529,0.0522,0.0522,934942.538439
1685433600,0.0522,0.053,0.0522,0.0529,1938536.259533
1685448000,0.053,0.053,0.0526,0.0527,2728877.849883
1685462400,0.0527,0.053,0.0524,0.0528,1733256.000566
1685476800,0.0528,0.053,0.0527,0.0528,747824.511614
1685491200,0.0528,0.053,0.0526,0.0526,3150944.074166
1685505600,0.0527,0.0527,0.0512,0.0515,6452549.07258
1685520000,0.0515,0.0517,0.0511,0.0513,1364876.579295
1685534400,0.0512,0.0514,0.0509,0.051,2234169.400713
1685548800,0.051,0.0515,0.0509,0.0513,1797476.67708
1685563200,0.0513,0.0515,0.0509,0.0513,1267804.071188
1685577600,0.0513,0.0516,0.0506,0.051,4752225.221878
1685592000,0.051,0.0511,0.0507,0.0507,810993.726919
1685606400,0.0507,0.051,0.0507,0.051,689975.483429
1685620800,0.051,0.0516,0.0509,0.0515,2079015.748276
1685635200,0.0514,0.0517,0.0504,0.0507,3451220.418723
1685649600,0.0507,0.0508,0.0501,0.0503,2069586.164362
1685664000,0.0502,0.0504,0.0499,0.0504,4599415.42506
1685678400,0.0504,0.0507,0.0503,0.0507,2479480.169641
1685692800,0.0506,0.051,0.0506,0.0509,772537.975392
1685707200,0.0509,0.0509,0.0501,0.0505,2861789.812994
1685721600,0.0505,0.051,0.0503,0.0508,1693078.160628
1685736000,0.0508,0.0509,0.0504,0.0509,1576536.145813
1685750400,0.0508,0.0508,0.0502,0.0505,1251419.293531
1685764800,0.0505,0.0507,0.0504,0.0506,369888.70363
1685779200,0.0507,0.0507,0.0504,0.0506,1360519.923929
1685793600,0.0506,0.0509,0.0505,0.0508,1652096.824883
1685808000,0.0508,0.0508,0.0502,0.0503,2673625.603252
1685822400,0.0503,0.0505,0.0501,0.0503,2285774.479244
1685836800,0.0503,0.0505,0.05,0.0503,2064778.657864
1685851200,0.0503,0.0507,0.0502,0.0506,1199106.512597
1685865600,0.0506,0.0508,0.0504,0.0505,956025.250534
1685880000,0.0505,0.0508,0.0504,0.0505,1836772.038979
1685894400,0.0505,0.0509,0.0504,0.0507,881192.359849
1685908800,0.0508,0.0509,0.05,0.0501,3104310.439943
1685923200,0.0502,0.0505,0.0495,0.0497,7069144.706539
1685937600,0.0497,0.05,0.0496,0.0499,1441723.318252
1685952000,0.0499,0.0503,0.0499,0.0502,1461868.396384
1685966400,0.0502,0.0503,0.0477,0.0477,11545511.71968
1685980800,0.0477,0.0485,0.0465,0.0481,13936221.142742
1685995200,0.048,0.0489,0.0475,0.0487,4494550.431349
1686009600,0.0487,0.0487,0.0482,0.0486,1908413.208275
1686024000,0.0486,0.0491,0.0484,0.0487,1802693.211496
1686038400,0.0487,0.0492,0.0486,0.0486,1313712.50082
1686052800,0.0485,0.0489,0.0473,0.0488,6328985.601217
1686067200,0.0488,0.0498,0.0488,0.0496,3034907.847859
1686081600,0.0496,0.0497,0.0489,0.0496,2616485.728177
1686096000,0.0495,0.0497,0.0492,0.0495,2959051.764639
1686110400,0.0495,0.0495,0.0489,0.049,1181177.135307
1686124800,0.049,0.0494,0.0486,0.0493,2845237.470209
1686139200,0.0493,0.0496,0.0482,0.0484,5458502.927393
1686153600,0.0483,0.0486,0.0479,0.0481,3878142.640812
1686168000,0.0481,0.0485,0.0479,0.0484,3263804.046722
1686182400,0.0483,0.0484,0.0474,0.0477,2695442.996716
1686196800,0.0477,0.0482,0.0474,0.048,2878286.814924
1686211200,0.0479,0.0485,0.0478,0.0483,1559471.507176
1686225600,0.0483,0.0487,0.0481,0.0485,3019291.628044
1686240000,0.0485,0.0485,0.0478,0.0484,1683031.95296
1686254400,0.0484,0.0488,0.0484,0.0487,545617.87589
1686268800,0.0486,0.0488,0.0482,0.0486,3075001.676604
1686283200,0.0486,0.049,0.0483,0.0484,1150174.112991
1686297600,0.0484,0.049,0.0484,0.0487,1244654.630004
1686312000,0.0486,0.0491,0.0482,0.0483,1342720.527745
1686326400,0.0483,0.0484,0.0476,0.0477,2456473.44548
1686340800,0.0477,0.0485,0.0476,0.0484,1273318.922701
1686355200,0.0485,0.0485,0.0465,0.0466,5882326.352268
1686369600,0.0465,0.0467,0.0399,0.043,26584405.495066
1686384000,0.043,0.0445,0.0429,0.0445,6657605.188339
1686398400,0.0445,0.0445,0.0436,0.0437,5375052.425116
1686412800,0.0438,0.0453,0.0435,0.045,8458014.81918
1686427200,0.045,0.0457,0.0448,0.0455,2746782.807396
1686441600,0.0455,0.0456,0.0447,0.0448,3398090.730234
1686456000,0.0449,0.0449,0.0434,0.0437,35562082.752497
1686470400,0.0437,0.0442,0.0433,0.0442,3670128.777036
1686484800,0.0442,0.0444,0.0435,0.0436,5940770.926456
1686499200,0.0436,0.0445,0.0436,0.0445,3329096.758289
1686513600,0.0445,0.0449,0.044,0.0443,5987065.605945
1686528000,0.0443,0.0451,0.0435,0.0439,10412599.402205
1686542400,0.044,0.0442,0.0436,0.0436,3581030.770277
1686556800,0.0435,0.0448,0.0435,0.0448,4793549.627373
1686571200,0.0448,0.0451,0.0447,0.0447,3726815.288041
1686585600,0.0448,0.0452,0.0444,0.0445,4660353.929924
1686600000,0.0445,0.0454,0.0445,0.0452,2701193.176039
1686614400,0.0452,0.0457,0.0447,0.0456,5082053.738671
1686628800,0.0455,0.0461,0.045,0.0458,2694925.929028
1686643200,0.0458,0.0468,0.0457,0.0468,4063622.322475
1686657600,0.0467,0.047,0.0452,0.0452,12376425.048239
1686672000,0.0452,0.046,0.0452,0.046,3578561.467371
1686686400,0.0459,0.0469,0.0459,0.0469,3102421.202808
1686700800,0.0468,0.0473,0.0465,0.0467,3801597.959414
1686715200,0.0467,0.0471,0.0466,0.0466,1377157.885367
1686729600,0.0466,0.047,0.0466,0.0467,1634570.445427
1686744000,0.0466,0.0471,0.0464,0.047,2076238.334193
1686758400,0.0469,0.0478,0.0468,0.0471,3858185.520062
1686772800,0.0471,0.0471,0.0453,0.0454,11030075.998216
1686787200,0.0453,0.0463,0.0453,0.0463,1904529.766358
1686801600,0.0462,0.0462,0.0437,0.0437,2470107.915176
1686816000,0.0436,0.0437,0.0426,0.0432,4584344.964568
1686830400,0.0432,0.0432,0.0427,0.0427,1664419.557833
1686844800,0.0428,0.0442,0.042,0.044,3481866.448752
1686859200,0.044,0.0441,0.0429,0.0429,1351738.809011
1686873600,0.0428,0.0428,0.0421,0.0424,2233328.345911
1686888000,0.0424,0.0427,0.0421,0.0426,1794731.63097
1686902400,0.0426,0.0435,0.0425,0.0427,3134843.008162
1686916800,0.0426,0.0439,0.0426,0.0438,5535070.09095
1686931200,0.0438,0.0447,0.0434,0.0444,4891843.717796
1686945600,0.0445,0.0448,0.0442,0.0445,2382259.4716
1686960000,0.0444,0.0448,0.0441,0.0448,1806359.494826
1686974400,0.0448,0.0462,0.0448,0.0456,3595932.912646
1686988800,0.0457,0.0464,0.0455,0.0455,2328162.222769
1687003200,0.0455,0.046,0.0452,0.0454,2125946.565316
1687017600,0.0454,0.0458,0.0453,0.0456,1085713.649601
1687032000,0.0456,0.046,0.0456,0.0458,682354.372517
1687046400,0.0457,0.0457,0.045,0.0453,1351677.85551
1687060800,0.0453,0.0459,0.045,0.0457,2505278.496745
1687075200,0.0457,0.046,0.0456,0.0458,1687421.750344
1687089600,0.0458,0.046,0.0455,0.046,972931.888995
1687104000,0.046,0.0464,0.0459,0.0461,1621201.697166
1687118400,0.0461,0.0461,0.0448,0.0452,4478863.841941
1687132800,0.0453,0.0454,0.045,0.0454,929917.525448
1687147200,0.0453,0.0456,0.0449,0.0449,703573.584261
1687161600,0.0449,0.0451,0.0448,0.0449,1352170.497394
1687176000,0.0449,0.0451,0.0443,0.0447,2185100.918726
1687190400,0.0446,0.0456,0.0444,0.0451,3911073.08268
1687204800,0.0452,0.0453,0.0447,0.045,1492338.654213
1687219200,0.045,0.0456,0.045,0.0455,1206373.739428
1687233600,0.0455,0.0455,0.0448,0.0449,1236666.908893
1687248000,0.0449,0.0455,0.0447,0.0455,1998455.72668
1687262400,0.0455,0.0469,0.0448,0.0468,213421073.153326
1687276800,0.0467,0.0478,0.0466,0.0478,147286096.384824
1687291200,0.0478,0.0494,0.0478,0.049,12724808.311291
1687305600,0.049,0.0505,0.0489,0.0498,7242497.428738
1687320000,0.0498,0.05,0.0492,0.0497,2629291.605994
1687334400,0.0497,0.0498,0.049,0.0496,3018267.905233
1687348800,0.0496,0.0503,0.0492,0.0497,6159601.326049
1687363200,0.0497,0.0512,0.0497,0.0506,7362398.128117
1687377600,0.0507,0.0512,0.0503,0.0505,3759820.183971
1687392000,0.0505,0.0519,0.0504,0.0514,4890953.246196
1687406400,0.0514,0.0515,0.0503,0.0508,5402636.97537
1687420800,0.0509,0.0521,0.0503,0.0506,11902980.223993
1687435200,0.0506,0.0519,0.0502,0.0505,6326614.059488
1687449600,0.0505,0.0505,0.0496,0.0503,3644462.71725
1687464000,0.0504,0.0504,0.0498,0.0502,1903347.46341
1687478400,0.0502,0.0507,0.0501,0.0506,1502605.563961
1687492800,0.0506,0.051,0.0504,0.0505,1895017.909235
1687507200,0.0506,0.051,0.05,0.051,1763792.582767
1687521600,0.0508,0.053,0.0507,0.0529,6516714.110073
1687536000,0.0529,0.0537,0.0522,0.0527,8146627.254831
1687550400,0.0527,0.0534,0.0519,0.0521,3445881.171086
1687564800,0.0521,0.0526,0.0514,0.052,4017184.383159
1687579200,0.0519,0.0522,0.0517,0.0517,1274642.051914
1687593600,0.0518,0.0522,0.0518,0.0522,1020951.634663
1687608000,0.0522,0.053,0.0518,0.0519,5952985.800383
1687622400,0.0519,0.0522,0.0514,0.0519,2887774.610359
1687636800,0.0518,0.0518,0.0509,0.0512,1325301.157952
1687651200,0.0513,0.0519,0.051,0.0519,1675491.605863
1687665600,0.0519,0.0586,0.0514,0.0543,38898595.454326
1687680000,0.0543,0.0549,0.0525,0.0531,10143356.645974
1687694400,0.0531,0.0533,0.0518,0.0523,7643143.849679
1687708800,0.0523,0.0527,0.0517,0.0518,2948688.323037
1687723200,0.0518,0.052,0.0514,0.0519,1273523.265485
1687737600,0.0519,0.0528,0.0507,0.0512,5791735.446046
1687752000,0.0512,0.0513,0.0505,0.0508,2375746.300393
1687766400,0.0508,0.0512,0.0503,0.0505,2612060.393731
1687780800,0.0505,0.0512,0.0503,0.051,3834925.022421
1687795200,0.0509,0.051,0.0493,0.0502,6545690.487957
1687809600,0.0502,0.0504,0.0491,0.0496,2355409.511562
1687824000,0.0496,0.0507,0.0494,0.0503,3090580.142609
1687838400,0.0503,0.0509,0.0502,0.0508,1278539.64529
1687852800,0.0507,0.0509,0.05,0.0504,1944091.41009
1687867200,0.0504,0.051,0.0501,0.0503,3803774.937356
1687881600,0.0502,0.0513,0.0501,0.0511,1593151.767856
1687896000,0.0511,0.0511,0.0504,0.0506,1388152.742221
1687910400,0.0506,0.0506,0.0492,0.0498,2231642.57844
1687924800,0.0498,0.0499,0.0486,0.0486,2847201.306964
1687939200,0.0487,0.0494,0.0486,0.049,1832483.817991
1687953600,0.049,0.0493,0.0485,0.0491,2227672.743819
1687968000,0.0491,0.0495,0.0472,0.0478,5675820.257477
1687982400,0.0478,0.048,0.0475,0.0476,2856736.461422
1687996800,0.0476,0.048,0.0474,0.048,727982.504541
1688011200,0.0479,0.0487,0.0479,0.0486,791694.487405
1688025600,0.0486,0.0495,0.0485,0.0494,1590038.500965
1688040000,0.0494,0.0499,0.0488,0.0489,2555705.439252
1688054400,0.0488,0.049,0.0483,0.0485,868405.947158
1688068800,0.0486,0.0487,0.0481,0.0483,1092468.049538
1688083200,0.0482,0.0498,0.0478,0.0497,2281995.989465
1688097600,0.0498,0.0508,0.0495,0.0506,3082163.75897
1688112000,0.0505,0.05131,0.0502,0.0512,2421632.848407
1688126400,0.0512,0.0515,0.04706,0.0488,10617443.23573
1688140800,0.04874,0.05081,0.0484,0.0501,3902414.432663
1688155200,0.0501,0.05068,0.04967,0.05062,2065232.936368
1688169600,0.05067,0.05205,0.0504,0.05053,7118210.878884
1688184000,0.05059,0.0508,0.05021,0.0508,3109650.340109
1688198400,0.0507,0.05083,0.05023,0.05055,2144904.013859
1688212800,0.0505,0.05086,0.05026,0.05061,3554246.088531
1688227200,0.05062,0.05082,0.05021,0.0503,1764647.96671
1688241600,0.0503,0.0508,0.05005,0.05079,2516725.991859
1688256000,0.0508,0.05082,0.04954,0.0497,4157203.207434
1688270400,0.0497,0.05012,0.04953,0.05,1512136.613943
1688284800,0.04999,0.05015,0.04969,0.05011,807331.163294
1688299200,0.05019,0.05069,0.0497,0.05008,2309392.262294
1688313600,0.05009,0.05035,0.0494,0.04992,2215800.05844
1688328000,0.0499,0.0504,0.04932,0.05007,3497835.56781
1688342400,0.05005,0.051,0.04982,0.05093,2591979.170129
1688356800,0.05077,0.05113,0.05026,0.05081,2004356.330987
1688371200,0.0508,0.05151,0.05065,0.05103,3838944.21168
1688385600,0.05109,0.05125,0.0506,0.05115,3493541.00596
1688400000,0.0511,0.05121,0.0506,0.05078,2541852.315963
1688414400,0.05078,0.0508,0.0497,0.0503,2102177.346459
1688428800,0.0502,0.05043,0.04961,0.05005,978688.781129
1688443200,0.05,0.05001,0.0494,0.04946,1107757.271915
1688457600,0.04945,0.04965,0.04902,0.04962,1392904.22757
1688472000,0.0496,0.04963,0.04861,0.049,2682919.403199
1688486400,0.04899,0.04945,0.04805,0.04844,2374829.04321
1688500800,0.04843,0.04872,0.04835,0.04856,792405.121765
1688515200,0.04853,0.04895,0.0485,0.04889,932830.57587
1688529600,0.04891,0.04911,0.04878,0.04909,1050941.558121
1688544000,0.04907,0.0491,0.0467,0.04741,4453263.964645
1688558400,0.04732,0.04818,0.04678,0.04697,4246776.20653
1688572800,0.04696,0.04742,0.04687,0.04698,2277338.384931
1688587200,0.04694,0.04746,0.04685,0.0472,1046308.68846
1688601600,0.0472,0.04725,0.04638,0.04725,1660177.784168
1688616000,0.04727,0.04825,0.04712,0.0481,767200.678049
1688630400,0.04817,0.04926,0.0477,0.04792,4347137.009186
1688644800,0.04792,0.04799,0.04603,0.0471,4163149.676592
1688659200,0.0471,0.04736,0.04656,0.04664,2011745.235028
1688673600,0.04666,0.04699,0.04607,0.04607,1495026.262287
1688688000,0.04616,0.04689,0.04558,0.04689,2473462.994653
1688702400,0.0469,0.0469,0.04605,0.04618,891669.447927
1688716800,0.04612,0.0467,0.046,0.04646,677982.970935
1688731200,0.04645,0.04734,0.04632,0.04706,1132463.028116
1688745600,0.04707,0.04713,0.0466,0.04692,745051.297749
1688760000,0.04692,0.04726,0.04686,0.04718,281064.42476
1688774400,0.04712,0.04755,0.04672,0.04738,2647315.741205
1688788800,0.04733,0.04738,0.04695,0.04724,756554.236151
1688803200,0.04718,0.04758,0.04692,0.04714,638429.486363
1688817600,0.04714,0.04723,0.04684,0.0469,1011926.282644
1688832000,0.04696,0.04723,0.04656,0.04666,591666.162534
1688846400,0.04669,0.0472,0.04646,0.04701,606315.530852
1688860800,0.04704,0.04743,0.04674,0.04701,902631.894962
1688875200,0.04701,0.04713,0.0467,0.04685,485969.708378
1688889600,0.04683,0.04724,0.04678,0.04712,408064.481099
1688904000,0.04709,0.04776,0.04707,0.04732,925502.52451
1688918400,0.04737,0.04744,0.04709,0.04737,416377.704427
1688932800,0.04733,0.04746,0.0469,0.04701,726276.41297
1688947200,0.04703,0.04703,0.04592,0.04667,2157371.864988
1688961600,0.04661,0.04691,0.04624,0.04645,553337.701975
1688976000,0.04642,0.04713,0.04594,0.0469,1687958.779176
1688990400,0.04691,0.04774,0.04676,0.04774,721436.136188
1689004800,0.04774,0.04798,0.04754,0.04787,1221245.766536
1689019200,0.0479,0.04809,0.04724,0.04755,1027155.972155
1689033600,0.04756,0.0479,0.04696,0.0479,1202214.093905
1689048000,0.04788,0.04823,0.04773,0.04817,919518.750967
1689062400,0.04818,0.04842,0.04797,0.04835,1078578.059858
1689076800,0.04835,0.04841,0.04773,0.04783,1368540.357454
1689091200,0.04782,0.0481,0.04745,0.04757,1408703.631785
1689105600,0.04763,0.0484,0.04763,0.04834,1224506.745836
1689120000,0.04834,0.04898,0.0483,0.0486,3517600.820957
1689134400,0.04858,0.0492,0.04855,0.0489,964838.819428
1689148800,0.04892,0.049,0.04843,0.04872,944569.089093
1689163200,0.04864,0.04932,0.04845,0.04874,2616780.233051
1689177600,0.04868,0.04871,0.0478,0.04789,1628529.408278
1689192000,0.04791,0.04849,0.04791,0.04833,387017.056381
1689206400,0.04835,0.04861,0.04779,0.0478,1453800.341433
1689220800,0.0478,0.04819,0.04761,0.04807,876011.164772
1689235200,0.04807,0.04866,0.04799,0.04844,1377145.72798
1689249600,0.0485,0.05002,0.0482,0.04983,3582772.895104
1689264000,0.04984,0.0526,0.04965,0.05254,8709133.022413
1689278400,0.05259,0.05265,0.05127,0.05248,3423182.985365
1689292800,0.05248,0.05305,0.05205,0.05216,4588007.486099
1689307200,0.05213,0.05286,0.05186,0.05206,1655392.525221
1689321600,0.05207,0.0527,0.0517,0.05258,2319718.856821
1689336000,0.05256,0.05425,0.05218,0.05425,4477766.185214
1689350400,0.05424,0.05444,0.04985,0.05003,11973470.548293
1689364800,0.05005,0.05115,0.04969,0.05111,1586219.847814
1689379200,0.05112,0.05112,0.05036,0.05058,1972285.836012
1689393600,0.05058,0.05267,0.05053,0.05236,2040155.515359
1689408000,0.05236,0.05346,0.05204,0.05257,2467632.259205
1689422400,0.0526,0.05263,0.05166,0.05203,1513036.04457
1689436800,0.05205,0.05275,0.05157,0.05247,1961416.026168
1689451200,0.05242,0.05242,0.05179,0.05214,763849.144758
1689465600,0.05214,0.05266,0.05137,0.05144,2601564.687827
1689480000,0.05145,0.05172,0.05118,0.05142,554258.044943
1689494400,0.0514,0.05152,0.05095,0.05117,892291.612472
1689508800,0.05119,0.05246,0.05107,0.05213,1862046.467801
1689523200,0.05211,0.05215,0.05109,0.0512,923452.528339
1689537600,0.0512,0.05172,0.05059,0.05066,1581069.636778
1689552000,0.05064,0.05236,0.05043,0.05228,2099403.135194
1689566400,0.05228,0.05307,0.05206,0.0523,2252434.469495
1689580800,0.0523,0.05275,0.05072,0.0516,2652624.847207
1689595200,0.05158,0.05257,0.05103,0.0518,3244978.974429
1689609600,0.0518,0.05204,0.04997,0.05106,1695367.911203
1689624000,0.051,0.05203,0.05075,0.05191,1147614.267821
1689638400,0.0519,0.05217,0.05154,0.05157,732299.701327
1689652800,0.05155,0.0553,0.05128,0.05281,16328476.300382
1689667200,0.05281,0.05496,0.05216,0.05364,14430976.213799
1689681600,0.05366,0.0541,0.0524,0.05342,8108306.408838
1689696000,0.05341,0.05355,0.05164,0.0519,7515782.728623
1689710400,0.0519,0.05283,0.05172,0.05281,4583691.076501
1689724800,0.05282,0.05416,0.05234,0.05364,5331582.870923
1689739200,0.0537,0.0582,0.05351,0.05498,20598069.078374
1689753600,0.05495,0.0565,0.05409,0.05575,12710121.939438
1689768000,0.05574,0.05614,0.05431,0.0555,10499559.430351
1689782400,0.05553,0.05706,0.05492,0.05695,6445555.345259
1689796800,0.05693,0.05766,0.05567,0.05613,7765527.881492
1689811200,0.05612,0.06062,0.05587,0.0591,26558250.54819
1689825600,0.05904,0.06171,0.05737,0.0577,20629534.65432
1689840000,0.05766,0.05776,0.05586,0.05754,11132399.43057
1689854400,0.05755,0.05876,0.0561,0.05619,10189611.33109
1689868800,0.05622,0.05744,0.05609,0.05664,4197654.345761
1689883200,0.0567,0.0573,0.05571,0.05725,3883062.360173
1689897600,0.05723,0.05723,0.05572,0.05645,4805202.620653
1689912000,0.05654,0.05666,0.0549,0.05501,3785182.104919
1689926400,0.05509,0.05553,0.05459,0.05516,3796533.430022
1689940800,0.05512,0.05636,0.05498,0.056,3393366.667097
1689955200,0.05594,0.05643,0.05531,0.05561,2387190.167293
1689969600,0.0557,0.05586,0.0554,0.0554,701444.34332
1689984000,0.05543,0.05556,0.0546,0.05491,1966126.470215
1689998400,0.055,0.05533,0.0542,0.05446,2393041.718645
1690012800,0.05444,0.05497,0.05403,0.05423,2035767.836075
1690027200,0.05421,0.05479,0.05417,0.0542,1214743.19556
1690041600,0.05425,0.05459,0.05369,0.05405,1547616.721002
1690056000,0.05406,0.05436,0.05291,0.05364,3194711.82847
1690070400,0.05366,0.05372,0.05262,0.05334,2078325.237827
1690084800,0.0533,0.0536,0.05311,0.05322,1376528.853691
1690099200,0.05318,0.05344,0.05307,0.05318,625972.433138
1690113600,0.05322,0.05348,0.05306,0.05336,1255367.756634
1690128000,0.05338,0.05467,0.05338,0.05369,2392721.83621
1690142400,0.05377,0.05388,0.05303,0.0535,751253.238903
1690156800,0.05349,0.0535,0.0523,0.05266,2482879.314941
1690171200,0.05268,0.05481,0.05231,0.05443,2755114.176119
1690185600,0.05435,0.0549,0.0514,0.0523,8217406.664938
1690200000,0.0523,0.05292,0.05169,0.0519,5032044.258401
1690214400,0.05192,0.0521,0.05136,0.05144,3184528.216052
1690228800,0.05145,0.05223,0.05123,0.05192,1750928.909172
1690243200,0.05193,0.05242,0.05177,0.05235,2148637.805231
1690257600,0.05236,0.05247,0.0516,0.05166,2851539.874763
1690272000,0.05166,0.05213,0.05138,0.05205,2054890.189372
1690286400,0.05206,0.05228,0.05163,0.0522,2151356.38064
1690300800,0.05219,0.0524,0.05183,0.05191,2366879.435668
1690315200,0.05193,0.05234,0.05163,0.05232,1495614.992253
1690329600,0.05234,0.05256,0.05175,0.05212,3996952.762075
1690344000,0.05211,0.05212,0.05167,0.05185,1205262.666882
1690358400,0.05186,0.05198,0.0513,0.05149,1133753.157443
1690372800,0.05143,0.05215,0.05139,0.05197,1302707.182775
1690387200,0.05196,0.05253,0.05133,0.05236,2246039.535474
1690401600,0.05237,0.0529,0.05229,0.05238,1019907.478338
1690416000,0.05238,0.0529,0.05206,0.05267,1864310.908006
1690430400,0.05268,0.05324,0.05268,0.05305,1133835.999688
1690444800,0.05307,0.05326,0.05266,0.05273,2037697.742952
1690459200,0.05273,0.05286,0.05153,0.05202,3883646.375466
1690473600,0.05203,0.05228,0.05156,0.05183,2140159.267671
1690488000,0.05184,0.05202,0.05158,0.05187,1500382.216032
1690502400,0.05187,0.05208,0.05162,0.05178,1978669.760065
1690516800,0.05174,0.05174,0.0509,0.05122,2073907.454247
1690531200,0.05122,0.05174,0.0512,0.05142,929289.687999
1690545600,0.0514,0.05267,0.05136,0.0523,2648031.879681
1690560000,0.05224,0.0526,0.05224,0.0526,1927276.920304
1690574400,0.05254,0.05276,0.0523,0.05264,1208073.732629
1690588800,0.05266,0.0534,0.05264,0.05274,1332394.027267
1690603200,0.05274,0.05312,0.05272,0.05299,785708.318317
1690617600,0.05291,0.05391,0.05272,0.05345,1968150.754139
1690632000,0.05344,0.05389,0.05339,0.05346,3315603.859239
1690646400,0.05348,0.05378,0.05341,0.05376,2315439.774263
1690660800,0.05377,0.05391,0.05356,0.0539,1009849.922151
1690675200,0.0539,0.05428,0.05364,0.05385,1294311.220345
1690689600,0.05388,0.05416,0.05359,0.05362,976237.892784
1690704000,0.05364,0.0539,0.05336,0.05355,1365075.189512
1690718400,0.05356,0.05358,0.05294,0.05314,1942565.39388
1690732800,0.05313,0.05339,0.05214,0.05236,964383.916236
1690747200,0.0523,0.05313,0.0516,0.05313,3593521.351266
1690761600,0.05298,0.05338,0.05262,0.05325,2490184.556562
1690776000,0.05323,0.05326,0.0529,0.05302,920197.81461
1690790400,0.05302,0.05308,0.0526,0.05286,1592398.184916
1690804800,0.05284,0.05306,0.05212,0.05214,2976389.169887
1690819200,0.05212,0.0526,0.05187,0.05199,11568509.428934
1690833600,0.05196,0.0524,0.05166,0.05228,16404716.815973
1690848000,0.05228,0.05228,0.05045,0.05088,15031548.832588
1690862400,0.05086,0.05134,0.05077,0.05113,3160471.066018
1690876800,0.05114,0.0514,0.05099,0.05103,2498068.401162
1690891200,0.05102,0.0513,0.05056,0.05117,4935267.767544
1690905600,0.05113,0.0514,0.05097,0.05126,1906923.234046
1690920000,0.05129,0.05186,0.05118,0.05186,2292045.263154
1690934400,0.05187,0.05193,0.05095,0.05115,4641803.560998
1690948800,0.05116,0.05196,0.0509,0.05121,4004092.512952
1690963200,0.0512,0.05127,0.0509,0.05118,4264583.656749
1690977600,0.05119,0.05398,0.0511,0.05176,29359783.998085
1690992000,0.05171,0.05195,0.05091,0.0518,4752558.788606
1691006400,0.05182,0.05294,0.05181,0.05263,3349598.93066
1691020800,0.05266,0.05404,0.05251,0.0533,9862701.464992
1691035200,0.05332,0.05464,0.05329,0.05365,12735575.749417
1691049600,0.05366,0.05404,0.05282,0.05292,6441448.759793
1691064000,0.0529,0.05387,0.0529,0.05355,8810105.737422
1691078400,0.05355,0.0537,0.053,0.05314,2894327.268044
1691092800,0.05316,0.0537,0.05261,0.05356,3513620.240032
1691107200,0.05356,0.05367,0.05269,0.05312,4109766.910619
1691121600,0.05313,0.05326,0.0525,0.05263,2183805.347558
1691136000,0.05261,0.05297,0.05258,0.05278,2028507.272632
1691150400,0.05277,0.05363,0.05264,0.05343,5106509.652902
1691164800,0.05345,0.05396,0.05342,0.0535,24492470.073546
1691179200,0.05348,0.05364,0.05254,0.05327,11211820.286778
1691193600,0.05327,0.05337,0.05233,0.05244,2317782.506129
1691208000,0.05248,0.05255,0.05185,0.05211,1212929.827485
1691222400,0.0521,0.05225,0.05188,0.05202,1518650.730536
1691236800,0.05202,0.05216,0.05171,0.05194,2127601.848144
1691251200,0.05194,0.05248,0.0519,0.05246,3020514.99097
1691265600,0.05246,0.05279,0.05237,0.0525,1378562.112406
1691280000,0.05254,0.05421,0.05241,0.0539,6328486.807459
1691294400,0.0539,0.05445,0.0537,0.054,7217400.434361
1691308800,0.05401,0.0553,0.05401,0.05492,6436685.394047
1691323200,0.05493,0.0598,0.0543,0.05835,23219349.521719
1691337600,0.05833,0.05987,0.0562,0.05655,26232004.203834
1691352000,0.05654,0.05877,0.05648,0.05771,12080666.739619
1691366400,0.05771,0.05774,0.05564,0.05577,9003047.216677
1691380800,0.05573,0.05604,0.05475,0.05554,2746007.529071
1691395200,0.05553,0.05647,0.05485,0.05593,4307985.235603
1691409600,0.05594,0.05626,0.05495,0.05497,2864806.262385
1691424000,0.05494,0.0561,0.0545,0.05575,2482625.18553
1691438400,0.05576,0.05656,0.05549,0.05656,829842.457669
1691452800,0.05653,0.06003,0.05631,0.05937,21340783.975425
1691467200,0.05937,0.06053,0.05743,0.05823,15306564.472458
1691481600,0.05823,0.05901,0.05769,0.0587,7112717.710667
1691496000,0.05871,0.06274,0.05858,0.06071,25979449.741571
1691510400,0.0607,0.06098,0.06004,0.06085,5849540.026513
1691524800,0.06084,0.06249,0.0605,0.06198,7965740.288251
1691539200,0.06199,0.06386,0.061,0.06241,16093416.573911
1691553600,0.06241,0.06339,0.06165,0.06168,7536008.150311
1691568000,0.06169,0.06288,0.06138,0.06163,4196593.370563
1691582400,0.06163,0.06226,0.06012,0.06064,7555756.297902
1691596800,0.06063,0.06096,0.0601,0.06022,2458811.569101
1691611200,0.06021,0.06056,0.05958,0.05971,3213069.101399
1691625600,0.05971,0.05975,0.05882,0.05919,5971880.837331
1691640000,0.05918,0.05921,0.05825,0.05848,4520339.786221
1691654400,0.05848,0.05954,0.05839,0.0592,3306760.98515
1691668800,0.0592,0.05965,0.05764,0.05795,6529989.962606
1691683200,0.05793,0.05833,0.0578,0.05815,2563379.464075
1691697600,0.05814,0.05842,0.05756,0.0576,1620783.338211
1691712000,0.05761,0.05762,0.05691,0.057,2388463.691304
1691726400,0.05705,0.05756,0.05704,0.05733,2221780.974663
1691740800,0.05732,0.05732,0.0566,0.0572,2444447.892254
1691755200,0.05721,0.05745,0.0561,0.05623,2563273.94495
1691769600,0.05621,0.05671,0.05609,0.05632,2244073.950689
1691784000,0.05631,0.05668,0.05623,0.05664,1046182.462485
1691798400,0.05667,0.05668,0.05584,0.05588,753686.733782
1691812800,0.05588,0.0567,0.05566,0.05644,2207970.979863
1691827200,0.05644,0.05763,0.05621,0.05715,3018655.806853
1691841600,0.0571,0.05731,0.05673,0.05679,1212678.455508
1691856000,0.0568,0.057,0.0566,0.05676,1321204.174622
1691870400,0.05674,0.05674,0.05614,0.05636,1778367.956871
1691884800,0.05638,0.05641,0.056,0.0562,836419.459145
1691899200,0.05615,0.05618,0.05581,0.05606,469579.707553
1691913600,0.05604,0.0563,0.05586,0.05625,805318.04069
1691928000,0.0562,0.05687,0.05601,0.05666,1196664.596543
1691942400,0.05664,0.05717,0.05649,0.0571,1314785.573865
1691956800,0.05716,0.05724,0.05662,0.05697,1222910.279254
1691971200,0.05698,0.06542,0.05694,0.06423,46607933.338113
1691985600,0.06422,0.06576,0.0626,0.06455,34133418.011564
1692000000,0.06457,0.06658,0.0637,0.06542,31625012.344955
1692014400,0.06545,0.06785,0.06404,0.06716,41388548.040524
1692028800,0.06709,0.06749,0.06429,0.06455,24492418.651072
1692043200,0.06454,0.06651,0.06454,0.06536,14531253.999284
1692057600,0.06535,0.06972,0.06464,0.06909,40698858.389457
1692072000,0.06908,0.07595,0.06895,0.07191,50322086.038609
1692086400,0.07197,0.07376,0.07009,0.07237,28503276.689886
1692100800,0.07224,0.0733,0.07079,0.07148,29575217.422915
1692115200,0.07146,0.07192,0.06657,0.0679,29919452.39266
1692129600,0.0679,0.06989,0.06589,0.06764,18796310.728603
1692144000,0.06764,0.0691,0.06407,0.06467,24924646.638045
1692158400,0.06465,0.06508,0.06145,0.06234,25588908.338818
1692172800,0.06234,0.06735,0.06124,0.06704,25849022.015753
1692187200,0.0671,0.06944,0.06269,0.06294,50441386.762246
1692201600,0.06292,0.06599,0.06199,0.06361,27719231.001881
1692216000,0.06361,0.06482,0.06161,0.06256,25085132.310414
1692230400,0.06255,0.06367,0.06007,0.06149,20233265.303517
1692244800,0.06149,0.06235,0.06102,0.0617,10776998.93865
1692259200,0.06162,0.06222,0.0603,0.06215,11346481.724566
1692273600,0.06209,0.06296,0.05928,0.05966,20284701.531805
1692288000,0.05966,0.0626,0.05931,0.06144,19438508.70143
1692302400,0.06146,0.06217,0.05165,0.0575,39987011.358944
1692316800,0.05751,0.05777,0.05454,0.05538,14703262.866525
1692331200,0.05541,0.05703,0.05537,0.05637,12987213.787083
1692345600,0.05634,0.05771,0.0558,0.05723,8043071.443539
1692360000,0.05721,0.05834,0.05674,0.05694,12071568.450574
1692374400,0.05695,0.05873,0.05656,0.05736,13979349.37534
1692388800,0.05733,0.05959,0.05732,0.05915,10237694.352979
1692403200,0.05915,0.0642,0.05913,0.06335,34435584.429268
1692417600,0.06335,0.06682,0.06276,0.06569,30259024.546925
1692432000,0.0657,0.06727,0.06235,0.06569,34085036.539301
1692446400,0.06569,0.06635,0.0644,0.06539,29674019.325122
1692460800,0.06538,0.06884,0.06495,0.06516,39647496.650973
1692475200,0.06515,0.06568,0.06409,0.06525,11503010.430213
1692489600,0.06529,0.06648,0.06328,0.06361,14687028.878031
1692504000,0.0636,0.06436,0.06288,0.06384,7578939.183748
1692518400,0.06378,0.06429,0.06205,0.0624,12962192.938649
1692532800,0.06238,0.06278,0.06168,0.06243,9049060.788535
1692547200,0.0624,0.06264,0.06161,0.06204,6325870.61237
1692561600,0.06203,0.06233,0.06108,0.06139,6681609.163221
1692576000,0.06138,0.06419,0.06074,0.06164,20544584.898403
1692590400,0.06163,0.06281,0.0602,0.06234,23727699.089731
1692604800,0.06234,0.06406,0.06209,0.0625,21468027.676386
1692619200,0.06252,0.06481,0.0612,0.06224,33169982.685181
1692633600,0.06229,0.06309,0.06122,0.06158,12888564.701356
1692648000,0.06158,0.06199,0.06092,0.06126,6801866.972971
1692662400,0.06124,0.06269,0.06074,0.06198,11358954.765851
1692676800,0.06198,0.06382,0.06183,0.06277,11805713.671582
1692691200,0.06278,0.06296,0.06196,0.06213,7481378.679015
1692705600,0.06213,0.06249,0.05896,0.05934,16508209.348204
1692720000,0.05936,0.05974,0.05825,0.05839,13491060.15239
1692734400,0.05841,0.05908,0.05699,0.05896,17477616.980108
1692748800,0.05894,0.05994,0.05787,0.05882,18844357.501868
1692763200,0.0588,0.05949,0.0583,0.05847,9215841.51657
1692777600,0.05846,0.05959,0.05845,0.05853,10913702.430114
1692792000,0.05852,0.0621,0.05801,0.0606,22713562.469107
1692806400,0.06062,0.06206,0.06034,0.06151,12897217.713836
1692820800,0.06155,0.06195,0.06039,0.0618,9168303.38371
1692835200,0.0618,0.06327,0.06115,0.06275,13065826.517108
1692849600,0.06275,0.06289,0.06198,0.0622,4981895.262994
1692864000,0.06227,0.06247,0.06139,0.06145,5216868.750312
1692878400,0.06148,0.06148,0.0596,0.05984,9279521.132085
1692892800,0.05979,0.06021,0.05918,0.05948,4032146.433436
1692907200,0.05952,0.05954,0.05856,0.05931,6606269.670051
1692921600,0.0593,0.06153,0.05897,0.06013,17138310.825092
1692936000,0.06011,0.06012,0.05876,0.05881,7493091.823573
1692950400,0.05884,0.05929,0.05842,0.05885,3685705.907018
1692964800,0.05882,0.05962,0.0582,0.059,7548876.439866
1692979200,0.05898,0.05913,0.0583,0.05852,2752859.662987
1692993600,0.0585,0.059,0.05828,0.05896,1799623.501093
1693008000,0.05896,0.05916,0.05833,0.05878,3443728.337145
1693022400,0.05881,0.05881,0.05814,0.05824,2475419.673936
1693036800,0.05822,0.05837,0.0575,0.05777,6145557.038026
1693051200,0.05777,0.0578,0.05679,0.05693,4175674.451108
1693065600,0.05692,0.0573,0.05632,0.05729,3475731.503385
1693080000,0.05729,0.05819,0.05709,0.058,3540585.406832
1693094400,0.05795,0.05953,0.05769,0.05785,12527274.91478
1693108800,0.05788,0.05854,0.05758,0.05769,13833592.914987
1693123200,0.05767,0.0581,0.05737,0.05773,3477851.259933
1693137600,0.05774,0.05834,0.05763,0.05815,3843554.255854
1693152000,0.05817,0.05864,0.05792,0.05816,3860149.975947
1693166400,0.05821,0.05845,0.05799,0.05826,3347294.836974
1693180800,0.05824,0.05855,0.05661,0.05662,6467477.572567
1693195200,0.05661,0.05696,0.05532,0.05551,7915092.536967
1693209600,0.05552,0.05618,0.05528,0.05579,4385718.457512
1693224000,0.05582,0.05676,0.05535,0.0558,5154583.933673
1693238400,0.05584,0.05628,0.05547,0.0559,2533677.885131
1693252800,0.0559,0.0563,0.05577,0.05626,2919388.65979
1693267200,0.05624,0.05626,0.05433,0.05452,6144594.055048
1693281600,0.05453,0.05466,0.05394,0.05423,5969413.1972
1693296000,0.05421,0.05421,0.05272,0.05315,6891245.958323
1693310400,0.0531,0.0573,0.05303,0.05523,26910590.577859
1693324800,0.05528,0.05676,0.05526,0.05607,6347845.744222
1693339200,0.05607,0.0571,0.05596,0.05629,4406919.640708
1693353600,0.05632,0.05643,0.05493,0.05515,3964324.516215
1693368000,0.05514,0.05584,0.05486,0.05554,5399368.113406
1693382400,0.05553,0.05564,0.05427,0.05431,5104687.160356
1693396800,0.05433,0.05467,0.0531,0.05315,6463655.040265
1693411200,0.05315,0.05388,0.05306,0.05364,1746373.468956
1693425600,0.05364,0.05385,0.05345,0.0537,1523569.162394
1693440000,0.05363,0.05363,0.05325,0.05333,2949847.200018
1693454400,0.05333,0.05354,0.05317,0.05345,2284809.646467
1693468800,0.05344,0.05379,0.05281,0.05355,3631710.244216
1693483200,0.05351,0.05388,0.05184,0.05235,9004359.947765
1693497600,0.05236,0.05273,0.05093,0.05204,10539779.771872
1693512000,0.05204,0.05253,0.05153,0.05241,4343306.711354
1693526400,0.05242,0.05295,0.05164,0.05181,4002435.547948
1693540800,0.05182,0.05182,0.05056,0.05076,7168422.872006
1693555200,0.05077,0.05107,0.05034,0.05058,4581628.896765
1693569600,0.0506,0.05074,0.04996,0.05007,5580618.436659
1693584000,0.05008,0.05026,0.04875,0.05026,12025613.714219
1693598400,0.05027,0.05038,0.04984,0.04995,3984113.542099
1693612800,0.04999,0.0507,0.04909,0.04954,7651849.183796
1693627200,0.04954,0.05001,0.04927,0.04967,2519209.466374
1693641600,0.04962,0.04974,0.04872,0.04916,22702803.397292
1693656000,0.04913,0.04963,0.04876,0.04897,6344701.531409
1693670400,0.04899,0.04923,0.04777,0.04829,10891059.254448
1693684800,0.04827,0.04988,0.04814,0.04976,5975907.389691
1693699200,0.04977,0.05049,0.04929,0.05032,7665788.581718
1693713600,0.05031,0.05032,0.04952,0.04978,4635139.213191
1693728000,0.04977,0.05014,0.04953,0.04994,1956196.308731
1693742400,0.04994,0.05004,0.04878,0.0489,4440052.682077
1693756800,0.04889,0.04927,0.04829,0.04841,7956268.164709
1693771200,0.04845,0.04879,0.04814,0.04859,3359974.379652
1693785600,0.04861,0.04928,0.04808,0.04822,5878241.213359
1693800000,0.04827,0.04868,0.04793,0.04868,4333305.274166
1693814400,0.04865,0.04881,0.04821,0.04821,3850909.403438
1693828800,0.04822,0.04872,0.04792,0.0484,6174256.222668
1693843200,0.04842,0.04893,0.04834,0.0488,4474629.748327
1693857600,0.04883,0.0489,0.04807,0.04851,3998068.806413
1693872000,0.04847,0.04917,0.04795,0.04823,5647798.911598
1693886400,0.04821,0.04864,0.04811,0.04844,2715112.998899
1693900800,0.04841,0.04868,0.04827,0.0485,3540283.29688
1693915200,0.04851,0.04968,0.04826,0.04953,6298667.09791
1693929600,0.0495,0.04997,0.04896,0.04917,6806899.13836
1693944000,0.04921,0.04948,0.04887,0.04938,4317182.858648
1693958400,0.04937,0.05025,0.04931,0.04933,6326995.907748
1693972800,0.04932,0.04935,0.04888,0.04915,5263881.148874
1693987200,0.04918,0.04969,0.04904,0.04904,4733170.104507
1694001600,0.04909,0.04912,0.04806,0.04821,6553306.273642
1694016000,0.04821,0.04977,0.04761,0.04902,9565397.56438
1694030400,0.04906,0.04947,0.04885,0.04927,1899134.255866
1694044800,0.04924,0.0496,0.04892,0.0496,5079255.99094
1694059200,0.04957,0.04967,0.04902,0.04903,2166043.34488
1694073600,0.04902,0.04925,0.04867,0.0487,2428889.823712
1694088000,0.04868,0.04949,0.04856,0.04919,3558288.93576
1694102400,0.04917,0.04977,0.04912,0.04928,3980140.340405
1694116800,0.04932,0.05004,0.04916,0.05002,3520177.199195
1694131200,0.05,0.05074,0.04986,0.05064,3989306.55341
1694145600,0.05064,0.05098,0.04995,0.05023,6098568.174819
1694160000,0.05022,0.05032,0.04921,0.04949,5628218.349433
1694174400,0.04946,0.04998,0.04935,0.0495,2403030.152796
1694188800,0.04946,0.04983,0.04933,0.04981,2085098.392111
1694203200,0.04982,0.04999,0.04967,0.04994,1132018.049584
1694217600,0.04994,0.05036,0.0498,0.05006,3160398.345275
1694232000,0.05003,0.05013,0.04976,0.0499,1309086.528687
1694246400,0.04982,0.04989,0.04951,0.04969,2402150.428519
1694260800,0.04969,0.04969,0.04916,0.04944,1845821.365137
1694275200,0.04939,0.04953,0.04911,0.0492,527670.854415
1694289600,0.04915,0.04927,0.04899,0.0491,1094529.49358
1694304000,0.04909,0.0491,0.04823,0.04829,4272169.11585
1694318400,0.04825,0.0485,0.04656,0.04809,10573280.240585
1694332800,0.04811,0.04814,0.04782,0.04795,2645364.785156
1694347200,0.04794,0.04808,0.04713,0.04771,4147357.292126
1694361600,0.04772,0.04805,0.04727,0.04789,3408521.510477
1694376000,0.04788,0.04822,0.04774,0.04785,1806128.713545
1694390400,0.04783,0.04808,0.0471,0.04739,3333826.870578
1694404800,0.04742,0.04775,0.04729,0.04738,2823442.648949
1694419200,0.04735,0.0474,0.04555,0.04596,12574777.804975
1694433600,0.04592,0.04656,0.04538,0.04588,12733135.181723
1694448000,0.04586,0.04621,0.04542,0.0455,7632487.674891
1694462400,0.04555,0.04652,0.04538,0.04649,9532624.926176
1694476800,0.04645,0.04751,0.04612,0.04726,4928098.773219
1694491200,0.04734,0.04744,0.04666,0.04682,4100060.813399
1694505600,0.04679,0.04803,0.04674,0.04739,8525585.610805
1694520000,0.04743,0.0476,0.04674,0.04693,3899751.247771
1694534400,0.04691,0.04748,0.04637,0.04697,4640502.703337
1694548800,0.04698,0.04715,0.04685,0.04701,1469404.562348
1694563200,0.04701,0.04749,0.04687,0.04721,2111248.346807
1694577600,0.04721,0.04806,0.04693,0.04711,5217096.968976
1694592000,0.04715,0.04935,0.04715,0.04922,14307012.263658
1694606400,0.04921,0.04928,0.04828,0.04872,4989359.062275
1694620800,0.04878,0.04919,0.04842,0.04893,4182460.302939
1694635200,0.0489,0.04996,0.04875,0.04963,4176540.013496
1694649600,0.04962,0.05306,0.04955,0.0526,41554008.015957
1694664000,0.05261,0.05279,0.05074,0.05111,29459648.322907
1694678400,0.05116,0.05202,0.05093,0.0514,9695092.964113
1694692800,0.05141,0.05222,0.05115,0.0514,7400357.053546
1694707200,0.05143,0.05184,0.05099,0.05179,6986090.248377
1694721600,0.05185,0.05198,0.05134,0.05174,3362569.464241
1694736000,0.05174,0.05196,0.05081,0.05094,9317475.299006
1694750400,0.05093,0.05105,0.05001,0.05009,7130486.356593
1694764800,0.05009,0.05027,0.04967,0.0497,3985200.966719
1694779200,0.04974,0.05042,0.0497,0.05042,3039477.806558
1694793600,0.05042,0.05066,0.05017,0.05063,1410326.06285
1694808000,0.05062,0.05203,0.05062,0.05199,2799941.280891
1694822400,0.05201,0.05236,0.05132,0.0514,3979539.712557
1694836800,0.05143,0.0517,0.05112,0.05135,2970028.155635
1694851200,0.05134,0.05144,0.05094,0.05144,2532922.080239
1694865600,0.05144,0.05149,0.05064,0.0509,2649092.645563
1694880000,0.05088,0.05141,0.05075,0.05141,2701949.43449
1694894400,0.05139,0.05189,0.05129,0.05171,2574583.997444
1694908800,0.0517,0.05179,0.05066,0.05102,2943498.955452
1694923200,0.051,0.051,0.05016,0.05019,1686123.447849
1694937600,0.05018,0.05061,0.05013,0.05035,1927795.67614
1694952000,0.05035,0.05061,0.05026,0.05049,1562760.923709
1694966400,0.0505,0.0505,0.04963,0.04977,1479678.308951
1694980800,0.04971,0.04973,0.04898,0.04958,3700133.330197
1694995200,0.04955,0.05037,0.04904,0.05025,4442441.689021
1695009600,0.05026,0.05068,0.0502,0.0504,2516705.22179
1695024000,0.05038,0.05144,0.05033,0.05126,4053772.006585
1695038400,0.05123,0.05155,0.05096,0.05109,2767789.174497
1695052800,0.05114,0.05146,0.05054,0.05099,3939510.238158
1695067200,0.05105,0.05107,0.04994,0.05014,2438921.959526
1695081600,0.05011,0.05028,0.0499,0.05028,1836702.124077
1695096000,0.0502,0.05032,0.04997,0.05016,2460640.29339
1695110400,0.05018,0.0509,0.05017,0.05045,4012896.506812
1695124800,0.05045,0.05111,0.05024,0.05111,2528821.697499
1695139200,0.051,0.05122,0.05057,0.05086,3516993.335357
1695153600,0.05083,0.05109,0.05048,0.05105,2454457.084423
1695168000,0.05106,0.05137,0.0505,0.05053,3020183.236442
1695182400,0.05056,0.05088,0.05037,0.05045,2137830.039421
1695196800,0.05043,0.05085,0.05005,0.05026,2732756.295931
1695211200,0.05031,0.05039,0.0501,0.05039,1696383.062351
1695225600,0.05035,0.05074,0.04984,0.05003,2919428.086445
1695240000,0.05006,0.05074,0.05001,0.05064,1989744.961905
1695254400,0.05062,0.05168,0.0506,0.05133,4612384.903243
1695268800,0.05135,0.05137,0.05065,0.05083,1204245.047045
1695283200,0.05084,0.05084,0.0496,0.04994,2620561.879252
1695297600,0.04992,0.05024,0.04947,0.05013,2032019.491973
1695312000,0.05012,0.0507,0.05007,0.05069,2190845.977689
1695326400,0.05071,0.05074,0.05027,0.0504,2477143.554266
1695340800,0.05039,0.05056,0.04994,0.05041,2141317.887083
1695355200,0.05041,0.05046,0.04994,0.05015,1936960.474789
1695369600,0.05013,0.05032,0.05007,0.05026,1822335.756508
1695384000,0.05028,0.05047,0.0501,0.05029,2505433.588985
1695398400,0.05029,0.05033,0.05001,0.05017,945854.598803
1695412800,0.05017,0.05061,0.05004,0.05047,1733712.903223
1695427200,0.05047,0.05082,0.05021,0.05051,2483429.519747
1695441600,0.05048,0.05106,0.0504,0.051,2590329.132841
1695456000,0.05097,0.05148,0.05095,0.05142,2475265.07338
1695470400,0.05138,0.05149,0.05089,0.05135,2519263.234698
1695484800,0.05136,0.05201,0.05122,0.05155,2590140.345329
1695499200,0.05155,0.05207,0.05131,0.05206,2160434.031475
1695513600,0.05202,0.05213,0.05094,0.05101,2913864.897942
1695528000,0.05101,0.05103,0.05059,0.05071,1376075.441886
1695542400,0.05074,0.05088,0.05049,0.05059,1158240.099782
1695556800,0.0506,0.05063,0.05029,0.05041,2273571.909051
1695571200,0.05041,0.0508,0.05015,0.05024,2723039.572787
1695585600,0.05019,0.05037,0.0496,0.04992,2519969.188544
1695600000,0.04983,0.05028,0.04945,0.04995,2052604.211339
1695614400,0.04995,0.05034,0.04982,0.05031,1332053.989848
1695628800,0.05029,0.05056,0.05018,0.05025,958104.881051
1695643200,0.05026,0.05075,0.05017,0.05058,1116273.279344
1695657600,0.0506,0.05077,0.05029,0.05037,672365.213143
1695672000,0.05039,0.0506,0.05031,0.0505,976792.156029
1695686400,0.05049,0.05057,0.0502,0.05032,1618932.515362
1695700800,0.05032,0.05034,0.04989,0.04997,1161070.54446
1695715200,0.04996,0.04998,0.04964,0.04992,2065261.633739
1695729600,0.04994,0.04999,0.04941,0.04965,1896431.028956
1695744000,0.0496,0.04985,0.04932,0.04956,1606744.530942
1695758400,0.04955,0.04961,0.0488,0.04942,2942886.339325
1695772800,0.04941,0.04955,0.04886,0.0491,1788892.029131
1695787200,0.04906,0.04948,0.0488,0.04948,4216136.527676
1695801600,0.04946,0.05013,0.04933,0.05008,5027932.4192
1695816000,0.05009,0.05012,0.04899,0.04935,2219052.135541
1695830400,0.04934,0.04943,0.0489,0.04924,776541.857206
1695844800,0.04924,0.04952,0.04913,0.04948,835618.235108
1695859200,0.04945,0.04975,0.04933,0.04943,3706305.183231
1695873600,0.04942,0.04983,0.04932,0.04981,2474478.513224
1695888000,0.04976,0.04999,0.04954,0.04968,2716075.941083
1695902400,0.04968,0.04995,0.04926,0.04978,5640960.009654
1695916800,0.0498,0.04999,0.04942,0.04975,2847094.290729
1695931200,0.04976,0.04993,0.04938,0.04991,2475093.65579
1695945600,0.04993,0.04997,0.04948,0.04963,6031730.056796
1695960000,0.04964,0.05013,0.04959,0.05002,4499355.327465
1695974400,0.05001,0.05004,0.04965,0.04972,3727260.796728
1695988800,0.04972,0.04984,0.04925,0.04972,8777006.102197
1696003200,0.04972,0.04975,0.04937,0.04965,3617183.618614
1696017600,0.04966,0.04975,0.04931,0.04951,4779798.479159
1696032000,0.04953,0.04984,0.04949,0.04971,3069292.655515
1696046400,0.04972,0.04978,0.04956,0.04965,1403885.558041
1696060800,0.04969,0.04988,0.04956,0.04966,851375.005208
1696075200,0.04967,0.05008,0.04967,0.0499,1446329.866597
1696089600,0.04993,0.05008,0.04964,0.04973,1438330.711342
1696104000,0.04976,0.0498,0.04952,0.04978,1038876.979865
1696118400,0.04979,0.04986,0.04966,0.0497,3542339.453384
1696132800,0.0497,0.04996,0.04967,0.04979,3318525.860034
1696147200,0.04979,0.05036,0.04976,0.05019,4373272.590814
1696161600,0.05019,0.05076,0.0499,0.05054,2299991.047094
1696176000,0.05054,0.05054,0.04988,0.04988,2036923.705353
1696190400,0.04988,0.051,0.04965,0.05076,5489677.734058
1696204800,0.05077,0.05135,0.05068,0.0512,5490023.703466
1696219200,0.05117,0.05149,0.05068,0.05133,4607536.649488
1696233600,0.0514,0.05183,0.05124,0.05151,7262113.009009
1696248000,0.05151,0.0519,0.0503,0.05057,13818863.307866
1696262400,0.05055,0.05065,0.04934,0.0501,6355648.090294
1696276800,0.05009,0.05016,0.04946,0.04991,3669387.456421
1696291200,0.04993,0.0519,0.04992,0.05055,13446860.915357
1696305600,0.05053,0.05054,0.04996,0.0502,5246005.887013
1696320000,0.0502,0.05049,0.04992,0.05002,5658294.962133
1696334400,0.05003,0.05009,0.0495,0.04963,9456553.669923
1696348800,0.04964,0.04983,0.04953,0.04955,4478819.37067
1696363200,0.04956,0.04984,0.04929,0.04946,8242512.317012
1696377600,0.04946,0.04956,0.0479,0.04848,21451634.513015
1696392000,0.04848,0.04856,0.04816,0.04847,4931149.317685
1696406400,0.04848,0.04883,0.04837,0.04861,5634009.902355
1696420800,0.04862,0.04882,0.04835,0.04864,8620287.623782
1696435200,0.04864,0.04885,0.04821,0.04825,5844594.213056
1696449600,0.04825,0.04892,0.04822,0.04883,4372464.212005
1696464000,0.04883,0.04903,0.0485,0.04874,5911213.891738
1696478400,0.04871,0.04882,0.04839,0.0485,4138263.896354
1696492800,0.04851,0.04883,0.04847,0.04847,4111238.213987
1696507200,0.04851,0.04855,0.04778,0.0481,16519214.708618
1696521600,0.04809,0.04823,0.04787,0.04814,8094895.789135
1696536000,0.04813,0.04826,0.04803,0.04804,2961765.114238
1696550400,0.04806,0.04841,0.04792,0.04835,5653501.523362
1696564800,0.04835,0.04848,0.04815,0.04834,3444144.592174
1696579200,0.04834,0.04852,0.0479,0.048,9255575.026869
1696593600,0.04799,0.04838,0.04765,0.04824,16553035.979092
1696608000,0.04824,0.04852,0.0481,0.04814,4529569.383866
1696622400,0.04814,0.04854,0.04814,0.04848,4422352.246216
1696636800,0.04849,0.04857,0.04838,0.04845,4795803.486914
1696651200,0.04845,0.04864,0.04823,0.04825,2876330.684635
1696665600,0.04825,0.04851,0.0482,0.04828,4808333.699683
1696680000,0.0483,0.0486,0.04827,0.04836,4120855.788186
1696694400,0.04836,0.04843,0.04797,0.04804,7143481.452
1696708800,0.04804,0.04828,0.04799,0.04824,1840602.039062
1696723200,0.04825,0.04832,0.04808,0.04824,2706574.814066
1696737600,0.04823,0.04823,0.04789,0.04815,4240158.506341
1696752000,0.04817,0.04824,0.04779,0.04784,3553878.266933
1696766400,0.04785,0.04821,0.04785,0.0481,3246823.994597
1696780800,0.04809,0.04819,0.04795,0.04806,3093544.285123
1696795200,0.04806,0.04813,0.04783,0.04806,2766166.516679
1696809600,0.04807,0.04817,0.04781,0.04806,3446688.686302
1696824000,0.04804,0.04813,0.0478,0.04784,3415180.219976
1696838400,0.04783,0.04794,0.0457,0.04663,19073986.705061
1696852800,0.04663,0.04691,0.04644,0.04648,6606814.767638
1696867200,0.04649,0.04649,0.04551,0.04646,19198022.895296
1696881600,0.04646,0.04655,0.04604,0.04649,4913130.977001
1696896000,0.04651,0.04688,0.04631,0.04664,6399091.958615
1696910400,0.04661,0.04716,0.04651,0.04711,3701989.262077
1696924800,0.04709,0.04761,0.04699,0.04699,7938721.915744
1696939200,0.04699,0.04732,0.04683,0.04693,9679951.686598
1696953600,0.04688,0.047,0.0467,0.04687,6094485.473793
1696968000,0.04688,0.04704,0.04651,0.04691,4317781.720411
1696982400,0.04692,0.04719,0.04601,0.04601,11100892.368652
1696996800,0.04602,0.04628,0.04582,0.04587,5650261.583289
1697011200,0.04585,0.04643,0.04577,0.04629,5573932.32045
1697025600,0.0463,0.04642,0.04557,0.04581,8007260.261122
1697040000,0.04582,0.04621,0.04566,0.04615,7532236.254996
1697054400,0.04614,0.04667,0.04604,0.04662,4281370.171708
1697068800,0.04663,0.04663,0.04601,0.04633,5531775.078126
1697083200,0.04634,0.04669,0.04632,0.04635,4343771.89641
1697097600,0.04635,0.04653,0.04568,0.04616,7946642.215062
1697112000,0.04616,0.04626,0.04566,0.04567,6742221.217436
1697126400,0.04568,0.04578,0.04498,0.04522,11027436.881122
1697140800,0.04522,0.04586,0.04516,0.04564,4833391.269217
1697155200,0.04562,0.04593,0.04555,0.04556,4079305.708682
1697169600,0.04557,0.04602,0.04548,0.04581,4049544.904611
1697184000,0.04584,0.04596,0.04556,0.04592,3993106.653385
1697198400,0.04594,0.04628,0.04586,0.04598,4118183.397699
1697212800,0.04594,0.04643,0.04594,0.04643,4570795.031783
1697227200,0.04644,0.04725,0.04644,0.04664,10930843.423438
1697241600,0.04665,0.04695,0.04659,0.04672,3296821.960807
1697256000,0.04672,0.04684,0.04647,0.0465,2478478.341063
1697270400,0.04653,0.04683,0.04647,0.04683,2674995.006759
1697284800,0.04683,0.047,0.04671,0.04689,3537889.334755
1697299200,0.0469,0.04699,0.04661,0.04678,2192397.862778
1697313600,0.0468,0.04698,0.04675,0.04682,1611775.358491
1697328000,0.04678,0.0474,0.04675,0.04709,6806068.569214
1697342400,0.04712,0.04727,0.04698,0.04708,2865969.73761
1697356800,0.04709,0.04728,0.04685,0.04688,3995622.416113
1697371200,0.04689,0.047,0.04668,0.04668,4370074.144892
1697385600,0.04672,0.04707,0.04666,0.04689,3539890.215591
1697400000,0.04691,0.04715,0.04667,0.04681,6291326.264081
1697414400,0.04681,0.0471,0.04661,0.04697,5069990.339628
1697428800,0.04694,0.04767,0.04684,0.04733,9317706.654547
1697443200,0.04734,0.04761,0.04723,0.04759,4022374.08731
1697457600,0.04759,0.0489,0.04702,0.04735,25692009.700748
1697472000,0.04733,0.04758,0.0472,0.04731,4736643.848341
1697486400,0.04731,0.04764,0.04706,0.04742,3952094.160024
1697500800,0.04743,0.04768,0.04729,0.0473,4028730.419807
1697515200,0.04729,0.04733,0.04689,0.04724,3663573.230827
1697529600,0.04723,0.04727,0.04682,0.04684,3107163.102793
1697544000,0.04684,0.04686,0.04571,0.0465,8817671.772912
1697558400,0.04649,0.04649,0.04611,0.04641,5974068.82536
1697572800,0.04641,0.04674,0.0463,0.04673,4456304.333931
1697587200,0.04672,0.04906,0.04657,0.04821,41651596.345101
1697601600,0.04819,0.04879,0.04775,0.04819,20690524.137766
1697616000,0.04818,0.04847,0.04791,0.04801,8897433.576981
1697630400,0.048,0.04841,0.04766,0.04784,12436828.324541
1697644800,0.04784,0.04833,0.04771,0.0478,12032293.582597
1697659200,0.04778,0.04778,0.04733,0.04741,7238866.834944
1697673600,0.04743,0.04743,0.0463,0.04656,11559068.878731
1697688000,0.04654,0.04686,0.04639,0.04683,3842702.22566
1697702400,0.04682,0.04682,0.04644,0.04664,6080998.178122
1697716800,0.04663,0.04672,0.04576,0.04608,11721549.184242
1697731200,0.04608,0.04629,0.04591,0.04606,8142772.262267
1697745600,0.04608,0.04617,0.04564,0.04582,8028107.397946
1697760000,0.04579,0.04671,0.04573,0.04656,12881009.312341
1697774400,0.04655,0.04719,0.04646,0.04695,5377740.524362
1697788800,0.04693,0.04786,0.04693,0.04728,13707082.247848
1697803200,0.04728,0.04745,0.04693,0.04732,9764835.551004
1697817600,0.04732,0.04747,0.04708,0.04722,4076389.951495
1697832000,0.04723,0.04758,0.04717,0.0474,2660895.263517
1697846400,0.04742,0.0477,0.04735,0.04761,4634160.202016
1697860800,0.04761,0.04835,0.04761,0.0483,8963635.79632
1697875200,0.0483,0.0483,0.04774,0.04801,9155864.164494
1697889600,0.04804,0.04846,0.04792,0.04846,6205545.434958
1697904000,0.04845,0.0502,0.04838,0.04908,17863384.481211
1697918400,0.04907,0.0492,0.0488,0.04902,6366275.183732
1697932800,0.04902,0.04938,0.04882,0.04888,9170209.452585
1697947200,0.04885,0.04952,0.0484,0.0487,12609094.178255
1697961600,0.04868,0.04886,0.04834,0.04849,9599821.58289
1697976000,0.0485,0.04915,0.04843,0.04876,6925143.076317
1697990400,0.04875,0.04921,0.04875,0.04914,6662078.790126
1698004800,0.04914,0.05005,0.04914,0.05001,9981369.502027
1698019200,0.05001,0.05052,0.04969,0.05036,16209077.433232
1698033600,0.05037,0.05048,0.04939,0.04965,18567956.899863
1698048000,0.04965,0.04985,0.04895,0.04961,12832874.069568
1698062400,0.04961,0.04968,0.0489,0.04922,12365502.678467
1698076800,0.0492,0.05056,0.04917,0.05055,21424780.783055
1698091200,0.0505,0.05258,0.05015,0.05188,32752376.674919
1698105600,0.05189,0.05246,0.05117,0.0514,38438751.963974
1698120000,0.05142,0.05206,0.05043,0.05098,26109657.876226
1698134400,0.05098,0.05246,0.05096,0.05241,22200338.945998
1698148800,0.05241,0.05374,0.04994,0.0508,73458674.804678
1698163200,0.05077,0.05166,0.05024,0.05134,20675355.542705
1698177600,0.05132,0.05173,0.0511,0.0514,14519042.094084
1698192000,0.05141,0.05223,0.05123,0.05153,14422376.219011
1698206400,0.05155,0.05188,0.05068,0.05089,13121333.888066
1698220800,0.05089,0.0515,0.05063,0.05132,11604267.193866
1698235200,0.05132,0.05265,0.05122,0.05244,19960768.817541
1698249600,0.05244,0.05248,0.05128,0.05149,16597107.920471
1698264000,0.05143,0.05223,0.05134,0.05223,4732707.489958
1698278400,0.05224,0.05424,0.05214,0.05385,38742698.427187
1698292800,0.05381,0.05406,0.05218,0.05382,22659740.813822
1698307200,0.05382,0.05433,0.05262,0.05311,38765020.334437
1698321600,0.05311,0.05374,0.05117,0.05172,34912808.270466
1698336000,0.05172,0.05249,0.05153,0.05208,20348432.341307
1698350400,0.05207,0.05312,0.05172,0.05303,11560251.441069
1698364800,0.05305,0.05311,0.05138,0.05195,16982927.938451
1698379200,0.05201,0.05221,0.0512,0.05123,13170726.054401
1698393600,0.05125,0.05167,0.05101,0.05111,13340607.74028
1698408000,0.05114,0.05177,0.0508,0.05118,20178002.758431
1698422400,0.05119,0.05141,0.05003,0.05102,21305913.987491
1698436800,0.05104,0.05122,0.05071,0.05097,4643866.850213
1698451200,0.05095,0.05166,0.05092,0.05157,8897149.548423
1698465600,0.05161,0.05213,0.05155,0.0521,8426147.697162
1698480000,0.0521,0.05239,0.05186,0.05195,12229565.845675
1698494400,0.05196,0.05205,0.05131,0.05189,10293236.43128
1698508800,0.05187,0.05198,0.05159,0.05159,7231530.048211
1698523200,0.05162,0.05212,0.0516,0.05196,9021101.577566
1698537600,0.05191,0.05206,0.05107,0.05135,17324967.335584
1698552000,0.05136,0.05198,0.05123,0.05187,7979423.520817
1698566400,0.05186,0.05218,0.05186,0.05206,7808656.193944
1698580800,0.05207,0.05238,0.05189,0.0521,11141476.703754
1698595200,0.05208,0.0526,0.05191,0.05247,13821041.030743
1698609600,0.0525,0.05295,0.05235,0.05248,10537874.590093
1698624000,0.05248,0.05288,0.05215,0.05239,20023040.931089
1698638400,0.05238,0.05262,0.05192,0.05215,14489578.803459
1698652800,0.05214,0.05333,0.05201,0.05319,25207802.102119
1698667200,0.05318,0.0535,0.05279,0.05295,18927382.137574
1698681600,0.05295,0.0531,0.05195,0.05293,22178095.237161
1698696000,0.05292,0.05378,0.05278,0.05371,9820523.509009
1698710400,0.05373,0.05396,0.05284,0.0529,22164730.887976
1698724800,0.05291,0.05324,0.05241,0.05248,17032344.003346
1698739200,0.05245,0.05325,0.05186,0.05319,19279105.576766
1698753600,0.05318,0.05328,0.05,0.05107,51646759.593865
1698768000,0.05109,0.05187,0.0509,0.05165,28941619.665446
1698782400,0.05166,0.05255,0.05153,0.05253,18715193.33613
1698796800,0.05249,0.0527,0.05157,0.05177,15713581.290831
1698811200,0.05176,0.05177,0.0508,0.0514,17212781.418599
1698825600,0.05138,0.05147,0.05087,0.05118,12109388.57634
1698840000,0.05119,0.05195,0.05055,0.05077,41238773.266903
1698854400,0.05077,0.05283,0.05076,0.05254,40826937.532068
1698868800,0.05256,0.054,0.05256,0.05364,39372192.195437
1698883200,0.05367,0.05553,0.05328,0.05487,44432137.240131
1698897600,0.05489,0.05502,0.05363,0.05449,30797427.168343
1698912000,0.05449,0.05526,0.05409,0.05515,31347056.067083
1698926400,0.05514,0.05685,0.05395,0.05395,98488002.828712
1698940800,0.05394,0.05547,0.05311,0.05547,45189967.900847
1698955200,0.05547,0.05558,0.05472,0.05548,24420874.467101
1698969600,0.05549,0.05566,0.0534,0.05429,44100920.149911
1698984000,0.05429,0.05461,0.053,0.05395,11740794.570355
1698998400,0.05395,0.05439,0.05309,0.0538,7302728.292957
1699012800,0.05379,0.05467,0.05346,0.05464,6513004.589917
1699027200,0.05464,0.05505,0.05392,0.05456,4780976.688819
1699041600,0.05459,0.05503,0.05448,0.05473,3126210.265948
1699056000,0.05471,0.05511,0.05444,0.05486,6925493.494693
1699070400,0.05485,0.05531,0.05439,0.05503,5226902.987207
1699084800,0.05503,0.05534,0.05474,0.05492,4001886.814187
1699099200,0.05495,0.05526,0.0542,0.05463,5601995.749101
1699113600,0.05463,0.05558,0.05451,0.05539,7345947.190266
1699128000,0.05541,0.05597,0.05517,0.05568,3572628.446134
1699142400,0.05568,0.0561,0.05534,0.05601,6157180.760122
1699156800,0.05605,0.05605,0.05539,0.05599,4389743.63915
1699171200,0.05598,0.0566,0.05574,0.05622,9859059.644511
1699185600,0.05618,0.05656,0.05475,0.05507,11369156.874998
1699200000,0.05511,0.05625,0.05498,0.05585,4656383.183532
1699214400,0.05584,0.05612,0.05486,0.05603,6538906.686671
1699228800,0.05604,0.05683,0.0556,0.05645,8851423.361016
1699243200,0.05647,0.05651,0.05507,0.05601,7883376.229352
1699257600,0.056,0.05729,0.05585,0.05719,6524173.22523
1699272000,0.05713,0.05784,0.05681,0.0576,9763937.166602
1699286400,0.05758,0.0585,0.05707,0.05847,10198798.31325
1699300800,0.05848,0.05896,0.05787,0.05862,8169055.919772
1699315200,0.05863,0.06277,0.05719,0.06085,58196879.51236
1699329600,0.06081,0.06081,0.05868,0.05897,18603135.106573
1699344000,0.05898,0.0594,0.05736,0.05768,17271696.590004
1699358400,0.0577,0.05802,0.0564,0.05684,20414404.0298
1699372800,0.05685,0.0582,0.05597,0.05788,15765497.367148
1699387200,0.0579,0.05834,0.05739,0.05749,9869985.991063
1699401600,0.0575,0.05866,0.05694,0.05832,14168472.583168
1699416000,0.0583,0.05927,0.0582,0.05881,10120171.593326
1699430400,0.0588,0.05997,0.05859,0.05967,6852068.694354
1699444800,0.05966,0.05987,0.05876,0.05926,7480332.742175
1699459200,0.05925,0.06077,0.05925,0.06035,12285516.455226
1699473600,0.0604,0.06109,0.06034,0.06052,8435263.880264
1699488000,0.06054,0.06118,0.06028,0.06091,9233337.524976
1699502400,0.06092,0.06285,0.06056,0.06149,19247224.921995
1699516800,0.06148,0.06204,0.06075,0.06112,10003479.543424
1699531200,0.06113,0.06244,0.06035,0.06104,20737162.272847
1699545600,0.06103,0.06147,0.053,0.05792,49619918.42931
1699560000,0.05789,0.0599,0.05641,0.05968,14618766.91029
1699574400,0.05974,0.06097,0.0595,0.05974,10554911.086683
1699588800,0.05981,0.06186,0.0596,0.06177,12331366.717046
1699603200,0.06182,0.06205,0.06029,0.06142,14363694.507194
1699617600,0.06148,0.06148,0.05913,0.0602,12697097.279592
1699632000,0.0602,0.06175,0.06011,0.06145,6136621.512513
1699646400,0.06144,0.06313,0.0612,0.06289,6846606.687629
1699660800,0.06294,0.06405,0.06179,0.06187,21681240.539332
1699675200,0.06186,0.06248,0.06061,0.06197,12176388.353172
1699689600,0.06204,0.06307,0.06171,0.0627,7194351.918834
1699704000,0.06266,0.06402,0.06215,0.06357,10770924.019662
1699718400,0.06357,0.06443,0.06225,0.06278,19145455.697342
1699732800,0.06281,0.06283,0.06119,0.06193,11601495.345164
1699747200,0.06196,0.06261,0.05972,0.06136,13509670.121796
1699761600,0.06137,0.06244,0.06073,0.06239,5062491.764064
1699776000,0.06233,0.06358,0.06179,0.06313,9162095.175612
1699790400,0.0632,0.06328,0.0618,0.06207,8343850.032789
1699804800,0.0621,0.06226,0.06128,0.06185,5940094.518066
1699819200,0.06189,0.06274,0.0616,0.0622,6452304.771533
1699833600,0.06224,0.06337,0.06085,0.06108,14253251.009539
1699848000,0.06111,0.06157,0.06041,0.06139,8976131.419037
1699862400,0.06136,0.06203,0.06039,0.06081,7009109.081178
1699876800,0.06074,0.06162,0.05981,0.06135,14244948.564986
1699891200,0.06135,0.06178,0.06008,0.06094,8766180.511685
1699905600,0.06097,0.06099,0.05833,0.05906,17698175.592372
1699920000,0.05906,0.05924,0.05756,0.05913,11578404.537723
1699934400,0.05909,0.06008,0.05889,0.05991,6695214.880863
1699948800,0.05993,0.05997,0.05787,0.05847,7434185.510685
1699963200,0.05841,0.06033,0.05818,0.05934,17348748.686077
1699977600,0.05933,0.05985,0.05617,0.05766,18877850.838141
1699992000,0.05766,0.0589,0.0576,0.05864,9488587.315717
1700006400,0.05859,0.05997,0.05813,0.05813,9273147.805793
1700020800,0.05819,0.05972,0.05813,0.05966,4447262.08527
1700035200,0.05966,0.06081,0.05963,0.06058,12104048.681382
1700049600,0.06059,0.06091,0.05979,0.06089,8956407.330549
1700064000,0.0608,0.06165,0.06026,0.06164,12083746.222638
1700078400,0.06164,0.06194,0.06078,0.06175,11474813.873014
1700092800,0.06178,0.06254,0.06177,0.06236,12479025.959822
1700107200,0.06236,0.06375,0.06222,0.06345,6276586.606795
1700121600,0.06345,0.06356,0.062,0.06232,13017769.461458
1700136000,0.06232,0.06243,0.0607,0.06131,16924570.443826
1700150400,0.06131,0.06347,0.06008,0.06182,15319527.414272
1700164800,0.06183,0.06209,0.06019,0.0609,8471850.828246
1700179200,0.0609,0.06324,0.06086,0.06269,12894965.675101
1700193600,0.06272,0.06832,0.06217,0.06548,58228947.993579
1700208000,0.06542,0.06618,0.0628,0.06317,26851912.347397
1700222400,0.06319,0.06375,0.05992,0.06006,26724384.192085
1700236800,0.06005,0.06272,0.0596,0.06177,16567454.997635
1700251200,0.06177,0.06388,0.06139,0.06386,10618886.257022
1700265600,0.06388,0.06563,0.06222,0.06232,22687005.614335
1700280000,0.06234,0.06293,0.05965,0.06107,11756240.560682
1700294400,0.0611,0.06158,0.06052,0.0607,5130013.15349
1700308800,0.06071,0.06168,0.05996,0.06162,5787584.839309
1700323200,0.06162,0.06209,0.06087,0.06156,5492500.58994
1700337600,0.06163,0.06171,0.06094,0.06168,4488707.23919
1700352000,0.06166,0.06166,0.06004,0.06091,6407757.950542
1700366400,0.06085,0.06177,0.06054,0.06154,3592773.225591
1700380800,0.06156,0.06202,0.06052,0.0609,5703356.971389
1700395200,0.0609,0.06125,0.06053,0.06125,4611856.347851
1700409600,0.06123,0.06221,0.06102,0.06211,4300700.485438
1700424000,0.06213,0.06279,0.06167,0.06248,5337809.040554
1700438400,0.06248,0.06616,0.06248,0.06502,32425346.114547
1700452800,0.06505,0.06569,0.06447,0.0652,11226905.09101
1700467200,0.06522,0.06719,0.06522,0.06645,19272383.308667
1700481600,0.06646,0.06791,0.06503,0.06744,26164436.481202
1700496000,0.06744,0.0677,0.06537,0.06575,14083079.42031
1700510400,0.06562,0.06647,0.06418,0.06612,10892228.867409
1700524800,0.06609,0.06626,0.06366,0.06487,20963354.863695
1700539200,0.06482,0.06482,0.06327,0.06335,6899585.42643
1700553600,0.06335,0.0642,0.06314,0.0633,7498930.978741
1700568000,0.0633,0.06398,0.06066,0.06191,32811064.171933
1700582400,0.0619,0.06217,0.0592,0.06094,33243679.276364
1700596800,0.06093,0.0613,0.05777,0.0583,18005796.908832
1700611200,0.05833,0.06023,0.05822,0.06017,9349198.718582
1700625600,0.06017,0.06055,0.05977,0.0598,8001285.632317
1700640000,0.05982,0.06053,0.05969,0.05981,7536529.122702
1700654400,0.05988,0.06036,0.05936,0.05983,7680593.548124
1700668800,0.0598,0.06213,0.0597,0.06194,12232552.582067
1700683200,0.06197,0.06367,0.06177,0.06247,7368218.284355
1700697600,0.06248,0.0632,0.06183,0.06191,9708668.14901
1700712000,0.06191,0.06231,0.06167,0.06175,3928114.534883
1700726400,0.06173,0.0628,0.06155,0.06178,5554604.215596
1700740800,0.06178,0.06188,0.06047,0.06086,4948493.103516
1700755200,0.06087,0.06183,0.0608,0.06124,4648510.275829
1700769600,0.06123,0.062,0.06119,0.06156,1993666.222181
1700784000,0.06157,0.06224,0.06136,0.06144,2740995.01543
1700798400,0.06146,0.06189,0.06131,0.06179,4957977.957532
1700812800,0.06184,0.06248,0.06151,0.06208,4777932.2101
1700827200,0.06203,0.06292,0.06186,0.0627,4948873.321742
1700841600,0.06269,0.06323,0.06201,0.06236,5781917.299377
1700856000,0.06238,0.06301,0.06189,0.06238,3148022.339602
1700870400,0.0624,0.06334,0.06197,0.06312,6547955.080818
1700884800,0.06314,0.06351,0.06265,0.0635,2910824.88598
1700899200,0.06351,0.06364,0.0624,0.06273,3059010.936066
1700913600,0.06273,0.06353,0.06271,0.06342,2934637.9363
1700928000,0.06338,0.06382,0.0631,0.06318,3729252.772257
1700942400,0.06317,0.06366,0.06297,0.06356,2726240.552809
1700956800,0.06361,0.06378,0.06286,0.06313,3046685.120723
1700971200,0.06314,0.06355,0.06296,0.06334,2926073.474087
1700985600,0.06335,0.06387,0.06308,0.06362,3463782.053897
1701000000,0.0636,0.06394,0.0624,0.06273,10038306.538754
1701014400,0.06264,0.06283,0.06116,0.0623,9363775.903904
1701028800,0.06228,0.06312,0.06195,0.06298,4519255.780293
1701043200,0.063,0.06316,0.06093,0.06129,6458140.867033
1701057600,0.06133,0.06169,0.06034,0.06098,6168563.090176
1701072000,0.06096,0.06123,0.0601,0.06088,7129147.414207
1701086400,0.06087,0.06191,0.06074,0.06097,7137691.523311
1701100800,0.06096,0.06174,0.06009,0.06037,6046674.424608
1701115200,0.06035,0.06172,0.0601,0.06154,4420476.846626
1701129600,0.06156,0.06175,0.06062,0.06064,4290678.956522
1701144000,0.06066,0.06091,0.05925,0.05991,6164110.110557
1701158400,0.05991,0.06054,0.05956,0.06046,4772527.074616
1701172800,0.06047,0.06091,0.06023,0.06073,5668136.520862
1701187200,0.06076,0.0618,0.06071,0.0615,6182771.367167
1701201600,0.06152,0.06172,0.06089,0.06113,3955553.690314
1701216000,0.06116,0.06146,0.06079,0.06093,5587877.732311
1701230400,0.06092,0.061,0.06035,0.06053,3790326.808899
1701244800,0.06056,0.06099,0.05998,0.06035,7431986.373765
1701259200,0.06035,0.06094,0.05989,0.06026,6320301.988861
1701273600,0.06024,0.06038,0.0597,0.06024,3776411.889471
1701288000,0.06025,0.06027,0.05977,0.06018,3566511.535439
1701302400,0.06014,0.06116,0.05997,0.06069,5557518.14879
1701316800,0.06069,0.06095,0.06027,0.06032,1640691.285793
1701331200,0.06032,0.06058,0.0599,0.06054,4099529.074248
1701345600,0.06055,0.06069,0.05985,0.06045,3799510.684961
1701360000,0.06045,0.06084,0.05993,0.05995,3002588.316825
1701374400,0.05994,0.06034,0.05992,0.06028,2405839.048526
1701388800,0.0603,0.06081,0.05991,0.06059,3146416.044522
1701403200,0.0606,0.06087,0.06033,0.06041,2136890.901763
1701417600,0.06043,0.06092,0.06027,0.06072,2685865.914669
1701432000,0.06078,0.06086,0.06031,0.06071,2036646.022421
1701446400,0.06074,0.06142,0.06064,0.06133,4781089.424316
1701460800,0.06134,0.06136,0.06068,0.06089,2060304.583066
1701475200,0.06087,0.06118,0.0607,0.06103,3449704.375498
1701489600,0.06101,0.06253,0.06101,0.06188,12032777.170364
1701504000,0.06189,0.06223,0.06169,0.06172,3239628.343058
1701518400,0.06172,0.06195,0.06098,0.06135,3828952.586429
1701532800,0.06136,0.06253,0.06115,0.0623,7883758.226582
1701547200,0.06232,0.06262,0.06203,0.06251,3126151.459913
1701561600,0.06255,0.06273,0.06147,0.06173,4257423.990456
1701576000,0.06177,0.06191,0.06154,0.06174,1488118.400855
1701590400,0.06174,0.06244,0.06174,0.06209,3158151.307524
1701604800,0.06208,0.0623,0.06124,0.0616,4848564.713559
1701619200,0.06161,0.06201,0.06144,0.06155,1679797.183893
1701633600,0.06157,0.0627,0.06156,0.06237,4522658.131748
1701648000,0.06236,0.06334,0.0622,0.06306,5050071.956243
1701662400,0.06308,0.06378,0.06298,0.06345,5804634.016612
1701676800,0.0635,0.06437,0.06077,0.06256,25556825.548188
1701691200,0.06256,0.06305,0.06155,0.06172,13693823.31364
1701705600,0.06172,0.06315,0.06159,0.06312,5888410.455053
1701720000,0.06312,0.06413,0.06289,0.06388,10266193.905682
1701734400,0.06391,0.06588,0.0636,0.06568,14310856.28295
1701748800,0.06564,0.06595,0.0638,0.06425,9199092.105646
1701763200,0.06435,0.06492,0.06364,0.06416,5862029.228627
1701777600,0.06413,0.06501,0.06358,0.06487,6929774.06516
1701792000,0.06489,0.06613,0.06458,0.06568,19665749.308114
1701806400,0.06571,0.06612,0.06488,0.0661,6284154.863625
1701820800,0.0661,0.07131,0.0661,0.06905,45183398.30104
1701835200,0.06903,0.06938,0.06698,0.06809,16015706.313553
1701849600,0.06808,0.06844,0.06552,0.06655,16027508.88413
1701864000,0.06655,0.0682,0.06649,0.06788,13133721.647513
1701878400,0.06788,0.07032,0.06778,0.07029,24355368.331082
1701892800,0.0703,0.07046,0.06804,0.06865,16473915.89212
1701907200,0.0687,0.06951,0.06744,0.0677,13162374.474983
1701921600,0.06769,0.06845,0.06761,0.06791,4224473.08409
1701936000,0.06792,0.06813,0.06559,0.06701,18198617.734761
1701950400,0.06703,0.0683,0.06685,0.06785,9223347.636205
1701964800,0.06788,0.06884,0.06752,0.06776,10282900.625662
1701979200,0.06776,0.06947,0.06776,0.06917,11690616.28851
1701993600,0.06919,0.06943,0.06839,0.06883,8447349.13952
1702008000,0.06886,0.06932,0.06846,0.06871,4085488.276652
1702022400,0.06871,0.07025,0.06845,0.06987,7509244.491212
1702036800,0.06986,0.07125,0.06929,0.07098,14766965.298071
1702051200,0.07096,0.07269,0.07091,0.07259,14189239.701632
1702065600,0.0726,0.07475,0.07256,0.07417,24012795.916432
1702080000,0.07418,0.076,0.07382,0.07552,15525513.433418
1702094400,0.07552,0.07656,0.07531,0.07634,13028706.732227
1702108800,0.07635,0.07674,0.07422,0.07592,25522968.108844
1702123200,0.07589,0.07677,0.07486,0.07626,11021284.630792
1702137600,0.0763,0.07754,0.07485,0.07697,14578833.473244
1702152000,0.0769,0.0769,0.07372,0.07445,9822365.522931
1702166400,0.07441,0.07641,0.07432,0.07556,6159313.330733
1702180800,0.07556,0.07576,0.07425,0.07477,2764657.717298
1702195200,0.07476,0.07481,0.07176,0.07319,9507499.195609
1702209600,0.07318,0.07524,0.07289,0.07434,13066601.477517
1702224000,0.0743,0.07454,0.07308,0.07439,3136544.887641
1702238400,0.07436,0.07645,0.07427,0.07513,11434071.301026
1702252800,0.07516,0.07616,0.06625,0.07265,66630235.328273
1702267200,0.07263,0.07299,0.07002,0.0705,17726722.647817
1702281600,0.0705,0.07291,0.0701,0.07197,17224273.748507
1702296000,0.07193,0.07213,0.07018,0.07135,14665392.114192
1702310400,0.07133,0.07153,0.06825,0.0697,20165812.48623
1702324800,0.06966,0.07146,0.06907,0.07101,6666077.586799
1702339200,0.07098,0.0725,0.07078,0.07176,6647539.994135
1702353600,0.07175,0.07313,0.07104,0.07308,7676342.575531
1702368000,0.07305,0.0741,0.07242,0.07308,13697519.957853
1702382400,0.07315,0.0747,0.07217,0.07263,17881657.079179
1702396800,0.07261,0.07432,0.07128,0.07393,12903437.434316
1702411200,0.07392,0.07588,0.07382,0.07544,18706983.059371
1702425600,0.07553,0.07644,0.07269,0.07287,20367119.50107
1702440000,0.07283,0.07531,0.07209,0.07324,13556099.127312
1702454400,0.07323,0.07621,0.07312,0.07344,16309634.908987
1702468800,0.07339,0.08024,0.07336,0.07977,40513279.304165
1702483200,0.07975,0.07994,0.07704,0.07874,25540626.835266
1702497600,0.07872,0.07886,0.07628,0.07689,20297300.717665
1702512000,0.0769,0.07892,0.07673,0.07875,16386177.59902
1702526400,0.07877,0.08149,0.07853,0.07997,24295224.36552
1702540800,0.07998,0.08125,0.07905,0.0812,11908560.49873
1702555200,0.08119,0.08121,0.07701,0.08026,29992464.595081
1702569600,0.08031,0.0825,0.07961,0.08235,17244292.9798
1702584000,0.08228,0.08497,0.08155,0.08342,16764287.125068
1702598400,0.08349,0.08845,0.08329,0.08737,31553908.70504
1702612800,0.0874,0.08743,0.08424,0.08433,21624175.386625
1702627200,0.0844,0.08545,0.08394,0.08425,9736660.802927
1702641600,0.08431,0.08508,0.08361,0.08395,17208912.039419
1702656000,0.08395,0.0844,0.08176,0.08189,12606982.678971
1702670400,0.08188,0.08343,0.07961,0.08021,15726436.981599
1702684800,0.08023,0.08251,0.07946,0.08205,8088310.858689
1702699200,0.08192,0.08272,0.08078,0.08157,9068093.54997
1702713600,0.08154,0.08253,0.08124,0.0822,3881699.049846
1702728000,0.0822,0.0834,0.08165,0.08256,8861229.392171
1702742400,0.08242,0.0832,0.07981,0.08034,11892848.423774
1702756800,0.08044,0.08119,0.07967,0.08011,7721896.928181
1702771200,0.08009,0.08048,0.07897,0.07959,9374128.590127
1702785600,0.07958,0.08027,0.07794,0.07799,7032276.992373
1702800000,0.07799,0.07969,0.07788,0.07957,3638785.269618
1702814400,0.07951,0.07979,0.07835,0.07973,6790770.50449
1702828800,0.07976,0.08044,0.07909,0.08018,4270629.886468
1702843200,0.08018,0.08066,0.07788,0.07862,5991499.462644
1702857600,0.07865,0.07972,0.07622,0.07649,14070834.791132
1702872000,0.07649,0.07721,0.07553,0.07573,5615921.335869
1702886400,0.07572,0.07617,0.07239,0.07466,23705081.372682
1702900800,0.07462,0.07724,0.0737,0.07623,13407553.2193
1702915200,0.07634,0.07766,0.07601,0.07723,8398492.931935
1702929600,0.07719,0.07964,0.0767,0.07964,10895197.465608
1702944000,0.07964,0.08008,0.07842,0.07922,10026409.598366
1702958400,0.07928,0.07981,0.07835,0.07939,7926226.437968
1702972800,0.0794,0.08023,0.07881,0.07963,7003726.306161
1702987200,0.07964,0.08009,0.07824,0.07935,14601772.11445
1703001600,0.07937,0.08097,0.07858,0.08071,12842132.772078
1703016000,0.08072,0.08174,0.08004,0.08148,10083635.929505
1703030400,0.08148,0.08289,0.08061,0.0818,13894210.292924
1703044800,0.08179,0.08671,0.08169,0.08664,26535025.323367
1703059200,0.08653,0.08781,0.08616,0.08698,22069499.069436
1703073600,0.08692,0.0883,0.08583,0.0882,18642360.510568
1703088000,0.08821,0.09035,0.08634,0.08669,27060807.502164
1703102400,0.08669,0.08761,0.08498,0.08697,18074055.304759
1703116800,0.08699,0.08739,0.08522,0.08552,7827892.335588
1703131200,0.0855,0.08749,0.08515,0.0873,5692325.159796
1703145600,0.0873,0.09192,0.08704,0.09132,20382659.963729
1703160000,0.09131,0.09203,0.08908,0.09037,21897194.764662
1703174400,0.09041,0.09297,0.08981,0.09173,19698643.719722
1703188800,0.09175,0.09236,0.09051,0.09132,9075105.309549
1703203200,0.09132,0.09423,0.09006,0.09064,22343832.709458
1703217600,0.0907,0.09224,0.08938,0.09092,15543889.27053
1703232000,0.09092,0.09115,0.08713,0.08952,15455924.513338
1703246400,0.08952,0.08978,0.08807,0.08924,11254098.088751
1703260800,0.08922,0.09065,0.08882,0.08933,11719904.563066
1703275200,0.08936,0.09164,0.08936,0.09072,9502521.677828
1703289600,0.0907,0.0908,0.087,0.08733,11005111.056463
1703304000,0.08734,0.08869,0.08679,0.08862,7251956.29742
1703318400,0.08858,0.08977,0.08855,0.08892,6376330.996797
1703332800,0.08877,0.09028,0.08877,0.0892,9153338.132365
1703347200,0.08919,0.08992,0.08852,0.08962,6500715.25377
1703361600,0.08962,0.09178,0.08955,0.09108,7480694.705035
1703376000,0.09109,0.095,0.09071,0.09284,22292582.552824
1703390400,0.09291,0.09399,0.09106,0.09326,18652481.595063
1703404800,0.09326,0.09371,0.09111,0.09228,9903488.119789
1703419200,0.09225,0.09402,0.09167,0.09216,8598180.837925
1703433600,0.09213,0.09386,0.09193,0.09298,5949380.346249
1703448000,0.09297,0.093,0.08814,0.09026,14616512.490599
1703462400,0.09029,0.09076,0.089,0.09003,8242990.114503
1703476800,0.09014,0.09095,0.09008,0.09016,4993924.706824
1703491200,0.0902,0.09087,0.08902,0.09002,5765996.772042
1703505600,0.09006,0.09177,0.08993,0.09128,8382074.393701
1703520000,0.09123,0.0927,0.09007,0.09144,8875996.238247
1703534400,0.09151,0.09335,0.09063,0.09227,9651066.098849
1703548800,0.09228,0.09269,0.0911,0.09159,5610907.701286
1703563200,0.09166,0.09209,0.08829,0.09018,21222224.578977
1703577600,0.09029,0.09112,0.08791,0.09099,17223727.413418
1703592000,0.09099,0.09155,0.08835,0.0885,9390264.630533
1703606400,0.08858,0.08948,0.08263,0.08837,31691912.44889
1703620800,0.08838,0.09041,0.08816,0.09006,14129864.410531
1703635200,0.09006,0.0903,0.08595,0.08699,13643660.183847
1703649600,0.08698,0.08851,0.08692,0.08747,10975745.295582
1703664000,0.08748,0.09021,0.08681,0.0899,11146909.615702
1703678400,0.0899,0.0909,0.08934,0.09063,11854098.03728
1703692800,0.09067,0.09353,0.09029,0.09221,17600803.126362
1703707200,0.09227,0.09333,0.09128,0.09235,7642872.429852
1703721600,0.09233,0.09435,0.09217,0.0932,16242862.536289
1703736000,0.09321,0.09413,0.09086,0.09204,9483064.64368
1703750400,0.09205,0.09427,0.09182,0.09371,8895362.93599
1703764800,0.09371,0.0939,0.08889,0.08982,19015931.992041
1703779200,0.0898,0.09087,0.08925,0.09026,5746906.334231
1703793600,0.09019,0.09024,0.08902,0.08949,5367580.250888
1703808000,0.08948,0.08992,0.08679,0.08895,10846369.748021
1703822400,0.08898,0.08922,0.08755,0.0878,4309012.333909
1703836800,0.08782,0.0901,0.08782,0.08995,4656835.682201
1703851200,0.08985,0.09132,0.08857,0.08976,9636538.719912
1703865600,0.08968,0.09019,0.0874,0.0901,12292808.888874
1703880000,0.09007,0.0903,0.08724,0.08913,6562399.128005
1703894400,0.08914,0.08978,0.08794,0.08848,4370981.574916
1703908800,0.08842,0.08887,0.08782,0.08804,3182636.675514
1703923200,0.08804,0.08818,0.08612,0.08693,6008204.884321
1703937600,0.08698,0.08789,0.08631,0.08786,3452706.246049
1703952000,0.08785,0.08807,0.0871,0.08715,3125278.927895
1703966400,0.08714,0.08758,0.08648,0.087,2954028.428131
1703980800,0.087,0.08781,0.08606,0.08666,5247537.515334
1703995200,0.08667,0.08842,0.08651,0.08804,5620839.597215
1704009600,0.088,0.08934,0.08795,0.08865,7346875.674452
1704024000,0.08868,0.08907,0.08752,0.08799,4385670.509683
1704038400,0.08798,0.08866,0.08694,0.08737,3402506.67355
1704052800,0.08738,0.08776,0.08484,0.08597,6852562.8242
1704067200,0.08597,0.08675,0.08474,0.08484,4151881.021118
1704081600,0.08478,0.08504,0.08398,0.08428,5017559.40003
1704096000,0.08429,0.08587,0.08428,0.0858,5196007.463627
1704110400,0.08577,0.08701,0.08545,0.08701,5632532.816001
1704124800,0.08697,0.08874,0.08637,0.08836,5441454.531675
1704139200,0.08837,0.09309,0.08816,0.09148,11822309.027325
1704153600,0.09151,0.09467,0.091,0.09421,19212901.672264
1704168000,0.09418,0.09786,0.09369,0.09732,20609552.983087
1704182400,0.09733,0.10137,0.096,0.09766,41154823.446003
1704196800,0.09779,0.09859,0.0947,0.09617,30704853.239412
1704211200,0.09617,0.09734,0.09515,0.09592,19311981.098565
1704225600,0.09602,0.09761,0.09506,0.09702,18209773.391384
1704240000,0.09704,0.09931,0.09618,0.09685,21768585.424074
1704254400,0.09685,0.09728,0.09416,0.0946,11718792.186251
1704268800,0.0946,0.09662,0.09194,0.09262,18420787.811626
1704283200,0.09269,0.09274,0.07711,0.08929,73741469.405591
1704297600,0.08928,0.08972,0.08584,0.08629,15716073.774343
1704312000,0.0863,0.09118,0.08614,0.08839,13529684.468967
1704326400,0.0884,0.08898,0.08595,0.08709,7290838.619344
1704340800,0.08707,0.08848,0.08632,0.08635,6266932.880214
1704355200,0.08636,0.08729,0.08511,0.08633,11246301.331356
1704369600,0.0863,0.08935,0.08611,0.08869,13935456.565853
1704384000,0.08868,0.08915,0.08729,0.0882,10216535.006193
1704398400,0.08821,0.08963,0.08784,0.08793,10778143.489362
1704412800,0.08794,0.08845,0.08337,0.08503,17683510.450974
1704427200,0.08499,0.08567,0.08434,0.08491,6831033.793277
1704441600,0.08488,0.08587,0.08309,0.08397,11270079.182962
1704456000,0.08399,0.08479,0.08175,0.08263,13354486.634804
1704470400,0.08259,0.0833,0.08077,0.08248,11539449.055902
1704484800,0.08254,0.08478,0.08253,0.08478,6380924.135115
1704499200,0.08477,0.0848,0.08203,0.08251,6518445.772851
1704513600,0.08254,0.08288,0.07838,0.08001,13585910.154964
1704528000,0.08,0.08078,0.07958,0.08012,8017639.53396
1704542400,0.08008,0.08065,0.07907,0.08044,8508547.543381
1704556800,0.08044,0.08066,0.07882,0.07947,10991033.494934
1704571200,0.07938,0.07977,0.07834,0.07951,6477648.894908
1704585600,0.07948,0.08045,0.07904,0.07959,5602742.058695
1704600000,0.07961,0.08056,0.07936,0.0801,7543924.112531
1704614400,0.08002,0.08101,0.07864,0.07937,8644606.395921
1704628800,0.07938,0.08024,0.07832,0.07871,5476674.914054
1704643200,0.07868,0.07903,0.07718,0.07837,6414273.767012
1704657600,0.07837,0.07857,0.07456,0.07529,9883449.338972
1704672000,0.0753,0.07593,0.06946,0.07208,28085927.704994
1704686400,0.07209,0.07532,0.07173,0.07486,7996571.838591
1704700800,0.07481,0.07683,0.0747,0.07683,6849627.165322
1704715200,0.07682,0.08016,0.07681,0.07906,14027942.875022
1704729600,0.07908,0.08238,0.0785,0.08181,12774746.951027
1704744000,0.08186,0.08245,0.08089,0.08146,10026342.202556
1704758400,0.0815,0.0818,0.07936,0.07991,11072983.965377
1704772800,0.08005,0.0815,0.07973,0.08088,7097275.681513
1704787200,0.08092,0.08092,0.07863,0.07961,5243252.758239
1704801600,0.07957,0.0797,0.07593,0.07725,14008703.962792
1704816000,0.07727,0.07749,0.07577,0.07672,5601401.686807
1704830400,0.07668,0.07832,0.07534,0.07756,22684031.431437
1704844800,0.07751,0.07843,0.07695,0.07763,8397015.004902
1704859200,0.07765,0.07814,0.07648,0.07668,6874534.198853
1704873600,0.07669,0.07812,0.07593,0.07752,8104115.122523
1704888000,0.07746,0.07749,0.07405,0.07667,18643183.133532
1704902400,0.07666,0.07869,0.076,0.07779,21755847.733321
1704916800,0.07781,0.08535,0.07584,0.08337,40216413.60449
1704931200,0.08337,0.08417,0.08222,0.0836,10222871.854881
1704945600,0.0836,0.0839,0.08153,0.08257,8718184.529936
1704960000,0.08256,0.08536,0.08255,0.08535,8676299.355946
1704974400,0.0853,0.08747,0.08352,0.08477,21497305.852299
1704988800,0.08481,0.08547,0.08259,0.08493,11892314.332414
1705003200,0.08492,0.08529,0.08312,0.08419,4224127.511376
1705017600,0.08435,0.08455,0.08247,0.08355,4588508.671099
1705032000,0.08354,0.08463,0.08313,0.08406,4703124.490759
1705046400,0.08397,0.08463,0.08241,0.0842,5129920.509547
1705060800,0.0842,0.08533,0.0817,0.08227,12798823.739817
1705075200,0.08224,0.0832,0.07905,0.08102,23275448.39591
1705089600,0.08109,0.08307,0.07718,0.08004,23589670.208201
1705104000,0.08006,0.08029,0.07757,0.07907,7555972.959691
1705118400,0.07911,0.0802,0.07878,0.07977,4295827.572756
1705132800,0.07982,0.08185,0.0789,0.07931,14769444.577947
1705147200,0.07931,0.08003,0.07883,0.07987,5559002.841922
1705161600,0.0799,0.08044,0.07935,0.08032,3389215.044476
1705176000,0.08032,0.08169,0.08,0.08119,4660669.913598
1705190400,0.08116,0.08129,0.0793,0.08017,6209393.863202
1705204800,0.08016,0.08126,0.07957,0.08071,5090374.499674
1705219200,0.0806,0.08077,0.07964,0.0798,3147064.628859
1705233600,0.07981,0.08043,0.07914,0.0801,3731823.527813
1705248000,0.08013,0.0803,0.07854,0.0786,5980740.834754
1705262400,0.07858,0.07937,0.07684,0.07701,8728549.818715
1705276800,0.07718,0.07902,0.07703,0.07858,4069099.092137
1705291200,0.07858,0.07912,0.07829,0.07869,3665759.52953
1705305600,0.07865,0.08014,0.07809,0.07909,6774776.187752
1705320000,0.0791,0.07948,0.07745,0.07766,6184498.694886
1705334400,0.07757,0.07961,0.07755,0.07913,2830225.826099
1705348800,0.07916,0.07958,0.0773,0.07773,4578971.268481
1705363200,0.0778,0.07828,0.07747,0.07825,2964463.798165
1705377600,0.07821,0.07899,0.07742,0.07879,5193832.952738
1705392000,0.0788,0.07964,0.07867,0.07895,4876004.190988
1705406400,0.07896,0.08041,0.07792,0.07997,8722319.60042
1705420800,0.07996,0.08133,0.07993,0.08076,7776960.673738
1705435200,0.08076,0.0817,0.08029,0.08056,6015509.752119
1705449600,0.08059,0.08114,0.08011,0.08011,4071129.190323
1705464000,0.08012,0.08036,0.07886,0.07909,4170350.307568
1705478400,0.07907,0.08087,0.07871,0.08049,5027412.87137
1705492800,0.0805,0.08117,0.07932,0.07951,8078995.469347
1705507200,0.07948,0.07988,0.07866,0.07921,3927394.883483
1705521600,0.07925,0.07962,0.07837,0.07895,3494311.318914
1705536000,0.07896,0.07903,0.07767,0.07814,5118711.511686
1705550400,0.07812,0.07943,0.07777,0.07943,2878616.812073
1705564800,0.07941,0.0796,0.07828,0.07855,3000021.112992
1705579200,0.07861,0.07861,0.0774,0.07835,3518620.820632
1705593600,0.0783,0.07831,0.07375,0.07427,15340472.747997
1705608000,0.07426,0.0759,0.07421,0.07532,5442313.410959
1705622400,0.07533,0.07546,0.07234,0.07357,10302261.072388
1705636800,0.07354,0.07507,0.07344,0.07465,4950609.191094
1705651200,0.0747,0.07608,0.07427,0.07582,3467509.693629
1705665600,0.07581,0.07606,0.07433,0.07477,5828397.711896
1705680000,0.07475,0.07616,0.07215,0.07563,11072219.431226
1705694400,0.07562,0.07627,0.07522,0.0756,3989609.776907
1705708800,0.07557,0.07573,0.07465,0.07556,3875573.536756
1705723200,0.07553,0.07607,0.07527,0.07573,5479548.544155
1705737600,0.07575,0.07608,0.07526,0.07575,3218362.925735
1705752000,0.07574,0.07637,0.07532,0.07553,3748238.070946
1705766400,0.07553,0.07608,0.07538,0.0758,1132175.904638
1705780800,0.0758,0.07691,0.07571,0.07634,2906556.11033
1705795200,0.07638,0.07732,0.07613,0.07729,2985300.525315
1705809600,0.07717,0.07753,0.07633,0.07673,2652483.866428
1705824000,0.07665,0.07716,0.07649,0.07667,3889652.484023
1705838400,0.07665,0.07692,0.07587,0.0762,2204812.37045
1705852800,0.07619,0.07682,0.07567,0.07656,1955637.422981
1705867200,0.07656,0.07702,0.07542,0.07547,3598080.635878
1705881600,0.0755,0.07601,0.07406,0.07459,4077251.0468
1705896000,0.07464,0.07508,0.07351,0.07441,2578642.442045
1705910400,0.07438,0.07453,0.07234,0.07345,5148563.199992
1705924800,0.0734,0.07416,0.07173,0.073,8025367.078361
1705939200,0.07298,0.07356,0.07094,0.07215,6085765.174789
1705953600,0.07212,0.07302,0.0708,0.07138,5581248.893828
1705968000,0.07136,0.07228,0.07063,0.07177,3130820.580845
1705982400,0.0719,0.07253,0.07029,0.07064,2639445.734845
1705996800,0.0706,0.07084,0.06712,0.06834,13280954.714879
1706011200,0.06837,0.07022,0.06712,0.06963,6183039.32897
1706025600,0.06965,0.07011,0.06865,0.06904,4328399.527353
1706040000,0.06903,0.07084,0.06878,0.07064,2938975.407785
1706054400,0.07066,0.07115,0.06993,0.07015,2149471.985947
1706068800,0.07015,0.07141,0.06995,0.07114,2080495.882734
1706083200,0.07118,0.07253,0.0709,0.07206,3425386.662835
1706097600,0.07211,0.07272,0.07121,0.07245,4993289.295096
1706112000,0.07246,0.07266,0.07124,0.07196,2335193.394372
1706126400,0.072,0.07255,0.07139,0.07229,2058708.559331
1706140800,0.07229,0.07253,0.07163,0.07219,1282323.638026
1706155200,0.07207,0.07223,0.07131,0.07198,1323553.951868
1706169600,0.07191,0.07237,0.07127,0.07193,1578065.042426
1706184000,0.07196,0.07209,0.07001,0.07026,3136103.117462
1706198400,0.07031,0.07148,0.06983,0.07129,2331226.04435
1706212800,0.07137,0.07172,0.07098,0.07132,2722924.246544
1706227200,0.07136,0.07198,0.07043,0.07166,3494427.629185
1706241600,0.07166,0.07183,0.07102,0.07118,1148623.982436
1706256000,0.07116,0.07334,0.07115,0.0732,3234169.712769
1706270400,0.07331,0.07388,0.07259,0.07368,4516170.328696
1706284800,0.07363,0.07467,0.07363,0.07439,2402783.30988
1706299200,0.07435,0.07477,0.07395,0.07442,1630969.534866
1706313600,0.07452,0.0754,0.07435,0.07496,2412213.722109
1706328000,0.07507,0.07524,0.07396,0.07412,1537072.234666
1706342400,0.07415,0.07451,0.07369,0.07416,1542939.267625
1706356800,0.07419,0.07456,0.07413,0.0743,1088797.170144
1706371200,0.0743,0.07454,0.0741,0.07452,1007453.9739
1706385600,0.07454,0.07466,0.07427,0.07445,751506.614
1706400000,0.0744,0.07552,0.07437,0.07546,2711312.869814
1706414400,0.07547,0.07608,0.07517,0.07521,2573295.040612
1706428800,0.07524,0.0756,0.07447,0.07483,1781480.088642
1706443200,0.07485,0.07486,0.07373,0.07417,3273530.54281
1706457600,0.07417,0.07433,0.07289,0.07318,2468916.953729
1706472000,0.07322,0.07365,0.0726,0.07341,2468224.733507
1706486400,0.0734,0.07437,0.07283,0.07401,2179400.409368
1706500800,0.07396,0.07399,0.07303,0.0731,858301.615569
1706515200,0.07311,0.07381,0.07295,0.0731,5281300.756382
1706529600,0.07318,0.07347,0.07129,0.07288,3758999.527097
1706544000,0.0729,0.07437,0.07278,0.07379,2471129.208413
1706558400,0.07384,0.07459,0.07379,0.07445,2160359.899018
1706572800,0.07447,0.07518,0.07406,0.07437,3470253.802474
1706587200,0.07436,0.07467,0.07384,0.07421,1374791.439972
1706601600,0.07426,0.07476,0.07389,0.07451,1993622.222173
1706616000,0.07453,0.07486,0.07285,0.07361,5011222.471154
1706630400,0.07369,0.07482,0.0735,0.07428,3475847.537657
1706644800,0.07429,0.07448,0.0725,0.07291,2886211.118317
1706659200,0.07291,0.07314,0.07182,0.07288,3968050.709048
1706673600,0.07285,0.07311,0.07243,0.07288,2468236.899355
1706688000,0.07284,0.07294,0.0708,0.07136,6263544.019037
1706702400,0.07135,0.07135,0.06881,0.07064,9515538.173731
1706716800,0.07058,0.07122,0.06999,0.07091,4768007.40824
1706731200,0.07091,0.07105,0.0689,0.06958,6679792.978705
1706745600,0.06953,0.07007,0.06835,0.06913,6348152.781211
1706760000,0.06912,0.06951,0.06856,0.06896,2742900.926917
1706774400,0.06899,0.06912,0.06829,0.06838,3453341.390953
1706788800,0.0684,0.07,0.0683,0.06922,4955365.231176
1706803200,0.0692,0.06983,0.06848,0.06945,3592779.335566
1706817600,0.06941,0.07035,0.06925,0.07024,5440925.93904
1706832000,0.07026,0.07153,0.06972,0.06987,9954290.748593
1706846400,0.06987,0.07009,0.06899,0.06952,4698294.290531
1706860800,0.0695,0.06981,0.0689,0.06935,3887558.546242
1706875200,0.06937,0.06998,0.0682,0.06998,7465420.500806
1706889600,0.06998,0.07019,0.0684,0.06901,4008396.589274
1706904000,0.06908,0.06931,0.06865,0.06922,2346937.326073
1706918400,0.06927,0.06999,0.06916,0.06995,2992080.804202
1706932800,0.06993,0.07005,0.06923,0.06927,2086068.181012
1706947200,0.0693,0.06968,0.06902,0.06905,1948624.383815
1706961600,0.06907,0.0692,0.06842,0.06888,1715764.790413
1706976000,0.06882,0.06987,0.0688,0.06978,2300894.962515
1706990400,0.06983,0.06991,0.06919,0.06933,1212169.278133
1707004800,0.06928,0.06932,0.06849,0.06896,2997557.62677
1707019200,0.06891,0.06891,0.06824,0.06854,2390558.336663
1707033600,0.06849,0.06884,0.06819,0.06871,1289202.530931
1707048000,0.06871,0.06937,0.06865,0.06934,1913662.989886
1707062400,0.06934,0.06967,0.06867,0.06901,2507129.038953
1707076800,0.06901,0.06961,0.06823,0.06837,2429145.500751
1707091200,0.06843,0.06861,0.06741,0.06839,4408471.471168
1707105600,0.0684,0.06903,0.06827,0.06895,1679215.252974
1707120000,0.06898,0.06982,0.06887,0.06973,2045810.573318
1707134400,0.06974,0.07084,0.06918,0.06939,3270571.975059
1707148800,0.0694,0.07055,0.06928,0.07006,2891297.057166
1707163200,0.07008,0.07008,0.06887,0.06955,2964611.494523
1707177600,0.06952,0.0704,0.06917,0.06995,3417485.070704
1707192000,0.07004,0.07023,0.06952,0.07023,1667132.739724
1707206400,0.07019,0.07054,0.0693,0.06952,2749756.701684
1707220800,0.06947,0.07718,0.06911,0.07357,91231631.241724
1707235200,0.07358,0.07382,0.07211,0.07288,11698439.366194
1707249600,0.07285,0.0753,0.07272,0.07521,11239547.231939
1707264000,0.07523,0.07626,0.07304,0.07304,16097456.662698
1707278400,0.07304,0.07317,0.07078,0.07204,20420917.860547
1707292800,0.07206,0.07447,0.07132,0.07236,17501776.262639
1707307200,0.07235,0.07426,0.07234,0.07421,12256459.407227
1707321600,0.07424,0.07558,0.07362,0.07515,14847663.283653
1707336000,0.07519,0.07689,0.07514,0.07587,8440992.855326
1707350400,0.07586,0.07698,0.07559,0.07633,9939480.591044
1707364800,0.07636,0.07783,0.07629,0.0772,13362421.538815
1707379200,0.0772,0.07849,0.07674,0.07705,17215360.276038
1707393600,0.07704,0.07725,0.07604,0.07673,10329612.690293
1707408000,0.07673,0.07687,0.07543,0.07658,9252397.103645
1707422400,0.0766,0.07709,0.07594,0.07602,3608733.117852
1707436800,0.07602,0.07683,0.07548,0.0761,8033881.980762
1707451200,0.07611,0.07673,0.07568,0.07659,3601023.985468
1707465600,0.07656,0.07734,0.07641,0.07722,4798025.490215
1707480000,0.07725,0.0798,0.07706,0.07823,26205768.504949
1707494400,0.07827,0.07873,0.07777,0.07819,6181496.532102
1707508800,0.07819,0.07976,0.07819,0.07934,5538583.421626
1707523200,0.07941,0.07988,0.0789,0.07988,4381630.007387
1707537600,0.07986,0.08021,0.07853,0.07858,3359031.874919
1707552000,0.07859,0.07899,0.07733,0.07836,5504314.174344
1707566400,0.07836,0.07855,0.07737,0.07845,2938400.576523
1707580800,0.07845,0.07888,0.07776,0.07885,1817088.26003
1707595200,0.07888,0.07945,0.07865,0.07886,2931871.505162
1707609600,0.0789,0.07904,0.07816,0.07895,3076265.306234
1707624000,0.07899,0.07994,0.07891,0.07978,4312596.129901
1707638400,0.07978,0.07981,0.07865,0.07883,4028785.415733
1707652800,0.07883,0.07898,0.07774,0.07861,3949127.716831
1707667200,0.0786,0.07872,0.07817,0.0784,1769642.327717
1707681600,0.07839,0.07849,0.07752,0.07829,2817639.06707
1707696000,0.07831,0.07898,0.07707,0.07757,3852910.387245
1707710400,0.07756,0.07756,0.07662,0.07733,4133766.588677
1707724800,0.07732,0.0774,0.07621,0.07672,3115924.897968
1707739200,0.07673,0.0786,0.0764,0.07852,4448819.829226
1707753600,0.07851,0.07982,0.07812,0.0788,5444722.189819
1707768000,0.07883,0.08033,0.07883,0.07964,5116006.81211
1707782400,0.07962,0.08099,0.07957,0.08002,12243539.84284
1707796800,0.08009,0.08197,0.08007,0.0818,7509214.387066
1707811200,0.08174,0.08233,0.08083,0.08102,8081975.937717
1707825600,0.08101,0.08119,0.07825,0.07947,16184611.433716
1707840000,0.07951,0.0803,0.07873,0.08013,3896823.169169
1707854400,0.08017,0.08173,0.08017,0.0814,6159787.221349
1707868800,0.08137,0.0814,0.08038,0.08069,2891167.963495
1707883200,0.08072,0.0826,0.08048,0.08218,5606118.738223
1707897600,0.0822,0.0831,0.08206,0.08295,8382629.352787
1707912000,0.08296,0.08449,0.08154,0.08187,15290291.974431
1707926400,0.08189,0.08265,0.08143,0.08256,4434631.153938
1707940800,0.08261,0.08267,0.082,0.08251,3491801.632073
1707955200,0.08252,0.08313,0.08179,0.08296,5206247.251905
1707969600,0.08299,0.08304,0.08143,0.08187,5089747.165716
1707984000,0.08187,0.08281,0.08166,0.08245,4306643.978454
1707998400,0.08244,0.08445,0.08227,0.08273,13326908.811994
1708012800,0.08272,0.08356,0.08205,0.08334,6309726.522788
1708027200,0.08332,0.08343,0.08152,0.08284,5374020.522203
1708041600,0.08286,0.0848,0.08236,0.08455,6966749.236746
1708056000,0.08453,0.08596,0.0841,0.08416,6748770.003483
1708070400,0.08416,0.08589,0.08342,0.08541,6655405.511429
1708084800,0.08533,0.08583,0.08247,0.08386,10226570.119608
1708099200,0.08386,0.08465,0.08306,0.08404,4807426.79093
1708113600,0.08407,0.08571,0.08399,0.08554,3337026.794192
1708128000,0.08556,0.0859,0.08376,0.08477,5381096.374435
1708142400,0.08478,0.08508,0.08426,0.08501,2328613.34043
1708156800,0.08497,0.08502,0.08331,0.08353,2953296.773073
1708171200,0.08353,0.08411,0.08154,0.08269,7711158.77015
1708185600,0.08271,0.0831,0.08228,0.08266,3938085.489631
1708200000,0.08268,0.08362,0.08254,0.08349,2175769.025023
1708214400,0.08352,0.08529,0.08328,0.08518,10205491.033681
1708228800,0.08518,0.08604,0.08488,0.08601,4936461.47765
1708243200,0.08596,0.08895,0.08576,0.088,9304615.420247
1708257600,0.08801,0.09077,0.08791,0.09025,21891835.329047
1708272000,0.09026,0.09211,0.08955,0.08973,15876219.727575
1708286400,0.08974,0.0902,0.08907,0.08971,6458797.74597
1708300800,0.0898,0.09432,0.08951,0.09383,22257530.34912
1708315200,0.09386,0.09547,0.09324,0.09485,22712323.040341
1708329600,0.09486,0.10253,0.09483,0.10225,65477628.636466
1708344000,0.10218,0.1059,0.09841,0.10254,99752138.822693
1708358400,0.10256,0.10666,0.10085,0.10393,56545705.841751
1708372800,0.10397,0.11779,0.10397,0.11193,92930884.130827
1708387200,0.11193,0.11354,0.10442,0.10471,46676103.90041
1708401600,0.10477,0.10845,0.10426,0.10739,26717580.127015
1708416000,0.10741,0.1089,0.10344,0.10704,36325334.672141
1708430400,0.10705,0.11032,0.1009,0.10241,50569848.047409
1708444800,0.10245,0.10695,0.10202,0.10641,36635859.038143
1708459200,0.10636,0.1103,0.1057,0.10729,35130768.114369
1708473600,0.10731,0.10774,0.10464,0.10711,15200766.38323
1708488000,0.10711,0.1121,0.10621,0.10805,52254734.201495
1708502400,0.10809,0.11181,0.10235,0.10285,56027961.875132
1708516800,0.10282,0.10514,0.10107,0.10269,36624357.526974
1708531200,0.10268,0.10396,0.09956,0.10108,17248625.599038
1708545600,0.10121,0.10531,0.10029,0.10459,11758884.583864
1708560000,0.10465,0.10559,0.10021,0.10131,9765784.559186
1708574400,0.1013,0.10527,0.10051,0.10518,13817921.166798
1708588800,0.10522,0.11119,0.10483,0.11084,34092671.340672
1708603200,0.11088,0.11506,0.1092,0.11241,57267505.44742
1708617600,0.1125,0.11747,0.11139,0.11597,35873276.895332
1708632000,0.11598,0.11992,0.11468,0.1162,20510718.576041
1708646400,0.11623,0.11693,0.1112,0.11162,16937358.805853
1708660800,0.11165,0.11341,0.11014,0.11258,12328056.832654
1708675200,0.11259,0.11642,0.11159,0.11322,21957105.69423
1708689600,0.11324,0.11446,0.10862,0.10887,19401864.486369
1708704000,0.10896,0.11146,0.10726,0.11002,16317864.366315
1708718400,0.11003,0.1104,0.10734,0.10931,6537126.286024
1708732800,0.10931,0.10942,0.1064,0.10764,5331608.758284
1708747200,0.10771,0.10857,0.10738,0.10769,4929840.360237
1708761600,0.10764,0.11056,0.1063,0.10946,9984060.074953
1708776000,0.10939,0.11144,0.10821,0.10887,12385226.435714
1708790400,0.10891,0.11025,0.1085,0.10928,8386564.02178
1708804800,0.10932,0.11047,0.10863,0.11004,3989592.438032
1708819200,0.11002,0.11187,0.10824,0.10957,8769040.646091
1708833600,0.10963,0.10966,0.10773,0.10874,6483193.096088
1708848000,0.1087,0.10881,0.10712,0.1079,5763614.096568
1708862400,0.10792,0.10827,0.10659,0.10685,3811151.543872
1708876800,0.1068,0.10804,0.1065,0.10758,4032658.881708
1708891200,0.10759,0.10969,0.10753,0.10921,4035511.068559
1708905600,0.10926,0.10926,0.10652,0.10717,3651510.678993
1708920000,0.1073,0.10734,0.10569,0.10581,3697951.741828
1708934400,0.10582,0.10638,0.10329,0.10472,5950457.522532
1708948800,0.10479,0.10791,0.10406,0.10752,6246790.986958
1708963200,0.1075,0.11303,0.10743,0.11303,16349390.231691
1708977600,0.11308,0.11382,0.11139,0.11158,8451235.566252
1708992000,0.11159,0.11304,0.11022,0.11134,7688303.648739
1709006400,0.11138,0.1118,0.10968,0.11021,6726568.837705
1709020800,0.11019,0.11204,0.10963,0.11146,6501302.349058
1709035200,0.11116,0.11225,0.10778,0.10826,8453196.138042
1709049600,0.10817,0.10926,0.10702,0.10825,9723485.716707
1709064000,0.10834,0.10892,0.10763,0.10815,6149556.461143
1709078400,0.1081,0.11006,0.10745,0.1096,7711484.78097
1709092800,0.10968,0.1139,0.10968,0.1136,14979410.46016
1709107200,0.11362,0.11866,0.11132,0.11451,24637604.138849
1709121600,0.11459,0.11614,0.11375,0.11434,39492311.589729
1709136000,0.11436,0.1165,0.1039,0.11101,64506775.000251
1709150400,0.11102,0.11478,0.11048,0.11323,24719447.202874
1709164800,0.1133,0.11692,0.1116,0.1167,23669382.315789
1709179200,0.1168,0.11856,0.11515,0.11801,22716109.466303
1709193600,0.11801,0.12411,0.11754,0.11918,41012325.42697
1709208000,0.11915,0.1211,0.11705,0.1182,21992874.410894
1709222400,0.11817,0.11837,0.11405,0.11619,17252440.195427
1709236800,0.11621,0.11629,0.11,0.11444,13253548.383025
1709251200,0.1145,0.11732,0.1141,0.11653,9206104.357333
1709265600,0.1165,0.11774,0.11475,0.11489,5870691.584404
1709280000,0.11487,0.11659,0.11465,0.1155,6476302.765687
1709294400,0.11548,0.11622,0.11373,0.11408,11327813.103375
1709308800,0.11408,0.11593,0.11319,0.11478,8741600.955235
1709323200,0.11485,0.11688,0.114,0.11677,5749993.166138
1709337600,0.11676,0.1181,0.11416,0.11711,10054727.822305
1709352000,0.11716,0.11933,0.11635,0.11905,7949602.857645
1709366400,0.11913,0.12052,0.11425,0.11446,17175516.916201
1709380800,0.11443,0.1158,0.11221,0.11371,10166342.122316
1709395200,0.11367,0.11469,0.11319,0.11432,5317345.653968
1709409600,0.11432,0.11554,0.11344,0.11554,4022042.087133
1709424000,0.11541,0.11547,0.11371,0.11511,4016173.838643
1709438400,0.11505,0.1153,0.10676,0.11037,15821646.986694
1709452800,0.11045,0.1128,0.10929,0.11172,9850632.159878
1709467200,0.11168,0.11222,0.11069,0.11145,4557253.541184
1709481600,0.11143,0.11308,0.11066,0.11257,4722682.246778
1709496000,0.11261,0.11317,0.11174,0.11292,3000418.643884
1709510400,0.11297,0.11462,0.11148,0.11214,10483220.26585
1709524800,0.11213,0.11465,0.11156,0.11382,4021156.411837
1709539200,0.11377,0.11617,0.1127,0.11617,9464074.309925
1709553600,0.11618,0.11944,0.11517,0.1194,22427362.72777
1709568000,0.1194,0.1197,0.11379,0.11734,19299123.930989
1709582400,0.11737,0.11834,0.11575,0.11725,9738582.583106
1709596800,0.11727,0.12347,0.11722,0.11863,27500233.093241
1709611200,0.1186,0.12404,0.11554,0.12225,32419026.242281
1709625600,0.12222,0.12812,0.12109,0.125,23398136.652547
1709640000,0.1251,0.12714,0.12003,0.122,28508406.300646
1709654400,0.12197,0.12272,0.09356,0.10342,85287967.030316
1709668800,0.10342,0.11226,0.1032,0.11141,99761176.264906
1709683200,0.1114,0.11225,0.10819,0.11118,15287214.360139
1709697600,0.11114,0.12269,0.11113,0.12219,17335126.897582
1709712000,0.12205,0.12382,0.12008,0.12304,16073185.385517
1709726400,0.12306,0.12321,0.11697,0.11957,21338384.377281
1709740800,0.11954,0.12279,0.11909,0.12251,7025914.427406
1709755200,0.12244,0.1266,0.12123,0.12589,12047532.849064
1709769600,0.12583,0.13026,0.12461,0.13013,13788747.496366
1709784000,0.13026,0.1395,0.1289,0.13716,25470593.728502
1709798400,0.13721,0.13754,0.13225,0.13464,12405377.448166
1709812800,0.13468,0.1347,0.13153,0.1343,10862329.811934
1709827200,0.13423,0.13619,0.13348,0.13602,6917754.383813
1709841600,0.13606,0.13621,0.13307,0.1337,3654897.669182
1709856000,0.13384,0.13485,0.13089,0.13156,4932193.018278
1709870400,0.13175,0.13197,0.12985,0.13161,4136875.959338
1709884800,0.13165,0.13339,0.13125,0.13287,3170868.968043
1709899200,0.1328,0.13354,0.12398,0.12677,25411754.853413
1709913600,0.12668,0.12966,0.12386,0.12911,14622707.954772
1709928000,0.12909,0.13086,0.1286,0.13055,4234400.387832
1709942400,0.13047,0.13148,0.12954,0.13082,3650870.526249
1709956800,0.13086,0.13174,0.12984,0.12994,3831631.607502
1709971200,0.12994,0.13162,0.1288,0.12972,3342410.853945
1709985600,0.12973,0.13127,0.12898,0.13077,3067335.314005
1710000000,0.13077,0.13118,0.12839,0.12952,2895040.928356
1710014400,0.12957,0.13165,0.12947,0.1306,2410851.316351
1710028800,0.13055,0.13282,0.12984,0.13246,5042474.986055
1710043200,0.13251,0.13253,0.12854,0.12945,5092829.446019
1710057600,0.12942,0.12976,0.12671,0.12739,6141339.290646
1710072000,0.12739,0.12837,0.1234,0.12465,5086764.486748
1710086400,0.12454,0.1264,0.12437,0.12598,2528968.246538
1710100800,0.12593,0.12681,0.1229,0.1258,4095752.843799
1710115200,0.12582,0.12606,0.12009,0.12465,9951293.381366
1710129600,0.12465,0.12813,0.12323,0.12757,6385287.936652
1710144000,0.12773,0.1317,0.12773,0.13016,8887195.93247
1710158400,0.13004,0.13086,0.12773,0.12788,6460221.701246
1710172800,0.12785,0.13136,0.12646,0.12963,6949161.570617
1710187200,0.12971,0.13287,0.12948,0.1327,6424795.76737
1710201600,0.13274,0.13348,0.13092,0.13108,6994069.628402
1710216000,0.13113,0.13284,0.12926,0.13014,3981042.334235
1710230400,0.13015,0.13037,0.12637,0.12803,5727019.056682
1710244800,0.12806,0.13273,0.12637,0.13149,11672846.558605
1710259200,0.13168,0.1319,0.12214,0.13179,14648884.715117
1710273600,0.13179,0.13326,0.12959,0.13306,7096221.644297
1710288000,0.13319,0.14039,0.13312,0.13501,25872710.250429
1710302400,0.13499,0.13551,0.13354,0.13422,7807354.401487
1710316800,0.13443,0.1373,0.13349,0.13396,11378480.103579
1710331200,0.13401,0.13404,0.12896,0.13077,8130219.850387
1710345600,0.13081,0.13195,0.13015,0.13105,4307049.802952
1710360000,0.13104,0.13276,0.12993,0.13251,4239753.111762
1710374400,0.13262,0.13262,0.1296,0.13036,7268027.289146
1710388800,0.13046,0.13046,0.12866,0.12912,3820244.326929
1710403200,0.12917,0.13073,0.12753,0.12876,5385685.030235
1710417600,0.12869,0.129,0.12328,0.12454,11696454.894057
1710432000,0.12439,0.12684,0.11987,0.12205,9950946.362984
1710446400,0.12206,0.12763,0.12205,0.12708,3532009.802735
1710460800,0.12709,0.12751,0.11537,0.1195,21010660.155737
1710475200,0.1195,0.11996,0.11637,0.11885,18709291.317669
1710489600,0.11883,0.11891,0.11044,0.11538,29410952.697326
1710504000,0.11548,0.11777,0.1145,0.11668,8216315.199815
1710518400,0.11665,0.1217,0.11525,0.11828,10032830.69163
1710532800,0.11825,0.12127,0.11496,0.12032,6807025.032245
1710547200,0.12051,0.12346,0.11977,0.12306,6630798.554917
1710561600,0.12299,0.1247,0.12037,0.12391,9575036.120651
1710576000,0.12379,0.12394,0.1196,0.12055,7766310.468342
1710590400,0.1205,0.12077,0.11434,0.11736,8332802.71653
1710604800,0.11731,0.11742,0.10912,0.11124,12981055.883057
1710619200,0.11113,0.11326,0.10841,0.11088,11050667.887365
1710633600,0.11091,0.11385,0.10882,0.11372,9135742.175097
1710648000,0.11384,0.11388,0.10675,0.10944,8052422.865965
1710662400,0.10954,0.1154,0.10928,0.11393,8847098.880332
1710676800,0.11399,0.11877,0.11192,0.11854,6340901.480738
1710691200,0.11854,0.11938,0.1173,0.11937,5889469.504833
1710705600,0.11934,0.11989,0.1157,0.11639,5793829.767156
1710720000,0.11644,0.11646,0.11186,0.11395,7619711.978905
1710734400,0.11389,0.11623,0.11293,0.11462,3077985.093698
1710748800,0.1145,0.1145,0.11168,0.11356,3327115.574295
1710763200,0.1136,0.11397,0.10902,0.11159,15386930.272354
1710777600,0.11149,0.11261,0.10847,0.11052,10527138.635611
1710792000,0.11058,0.11264,0.1101,0.11182,3812652.297222
1710806400,0.11182,0.1134,0.10453,0.1071,9852615.778682
1710820800,0.10701,0.10797,0.09976,0.10442,14371811.913319
1710835200,0.10444,0.10444,0.09883,0.10348,15184348.262648
1710849600,0.10348,0.10741,0.10323,0.10709,13233115.433593
1710864000,0.10712,0.10801,0.10476,0.10674,7035481.934827
1710878400,0.10679,0.10691,0.09936,0.10147,4948044.256302
1710892800,0.10128,0.10493,0.1011,0.10199,6094086.289919
1710907200,0.10204,0.10655,0.09823,0.1062,11949259.387487
1710921600,0.10621,0.10793,0.10499,0.10723,7633869.261442
1710936000,0.10712,0.10761,0.10341,0.10376,6498131.670869
1710950400,0.10376,0.10915,0.10002,0.10872,16330578.895576
1710964800,0.10877,0.11235,0.10827,0.11138,6616912.601268
1710979200,0.1114,0.11298,0.11079,0.11125,4609644.621624
1710993600,0.11127,0.11175,0.10839,0.11037,3846099.266561
1711008000,0.11038,0.11301,0.11037,0.11102,8824481.829271
1711022400,0.11111,0.11251,0.10988,0.11125,5471225.157088
1711036800,0.11127,0.11304,0.1077,0.10952,10847552.388658
1711051200,0.1094,0.11077,0.10815,0.11007,4365817.078609
1711065600,0.11005,0.1108,0.10761,0.11069,3663361.940182
1711080000,0.11067,0.11202,0.1098,0.11126,2622392.770413
1711094400,0.11127,0.11163,0.10675,0.10702,3094283.656181
1711108800,0.10702,0.10792,0.10351,0.10612,8754567.965655
1711123200,0.10613,0.10707,0.10459,0.10646,3977307.295455
1711137600,0.10647,0.10667,0.10414,0.10667,2719388.185975
1711152000,0.10667,0.10829,0.10496,0.10625,3953669.884095
1711166400,0.10624,0.10826,0.10604,0.10763,2496005.950718
1711180800,0.10763,0.10835,0.10687,0.10832,2570820.494718
1711195200,0.10833,0.11,0.10778,0.10921,3167212.831042
1711209600,0.10919,0.10952,0.10787,0.10823,2437402.138589
1711224000,0.10816,0.10835,0.10634,0.10653,2211398.323266
1711238400,0.1065,0.1079,0.10598,0.10623,2398290.953951
1711252800,0.1062,0.10727,0.10553,0.10661,2165118.008729
1711267200,0.10654,0.10801,0.10642,0.10774,2545306.389514
1711281600,0.10777,0.10894,0.10749,0.10813,2500823.485455
1711296000,0.10815,0.10846,0.106,0.10814,3742417.916029
1711310400,0.10811,0.11039,0.10789,0.11008,2564066.081726
1711324800,0.11011,0.112,0.10955,0.11181,3278839.362966
1711339200,0.11179,0.11235,0.11052,0.11074,2294909.450277
1711353600,0.11068,0.11278,0.11068,0.11112,1938394.718699
1711368000,0.11116,0.11604,0.11108,0.11574,9562402.912955
1711382400,0.11562,0.11886,0.11517,0.11836,4902848.541527
1711396800,0.11842,0.11858,0.1159,0.11718,3941581.196113
1711411200,0.11721,0.12021,0.11675,0.11985,3093981.93181
1711425600,0.11983,0.12204,0.11983,0.1209,3069807.384912
1711440000,0.12083,0.12387,0.12028,0.12202,4012508.573669
1711454400,0.12197,0.13094,0.11918,0.12108,33470100.459329
1711468800,0.12107,0.12176,0.1179,0.11865,6443375.360579
1711483200,0.1187,0.12147,0.11821,0.1204,3973489.94449
1711497600,0.12041,0.12147,0.11774,0.11818,4626613.106224
1711512000,0.11821,0.11833,0.11504,0.11519,4471990.576007
1711526400,0.11523,0.11621,0.11262,0.11576,7466491.617472
1711540800,0.11585,0.1185,0.11273,0.11362,12991078.427115
1711555200,0.11361,0.11445,0.112,0.11323,4890856.711017
1711569600,0.11322,0.11461,0.11309,0.11372,2478219.245054
1711584000,0.11374,0.11497,0.11128,0.11249,3124136.428209
1711598400,0.11237,0.1149,0.11154,0.11482,5995024.798343
1711612800,0.11483,0.11629,0.11385,0.11524,6722349.436864
1711627200,0.11528,0.1162,0.1134,0.11608,3768236.417622
1711641600,0.11614,0.11753,0.1159,0.11653,3211449.746858
1711656000,0.11652,0.11695,0.11556,0.11616,2131682.2726
1711670400,0.11621,0.1166,0.11433,0.11499,1826122.565022
1711684800,0.11492,0.11546,0.1125,0.11274,2141732.641601
1711699200,0.11275,0.11526,0.11263,0.11526,2148134.475312
1711713600,0.11521,0.11793,0.11426,0.11503,4779745.878327
1711728000,0.11506,0.11737,0.11444,0.11512,2058209.022482
1711742400,0.11515,0.11647,0.11348,0.11601,1317354.034515
1711756800,0.11614,0.11614,0.11425,0.11439,2095976.235499
1711771200,0.11444,0.11646,0.11439,0.11477,2241586.220461
1711785600,0.1148,0.1164,0.11423,0.11608,1248812.022663
1711800000,0.11617,0.1163,0.11437,0.1149,1503260.073413
1711814400,0.11482,0.11587,0.11402,0.11512,1840373.406975
1711828800,0.11506,0.11515,0.11283,0.1136,1003491.071969
1711843200,0.11354,0.11554,0.11305,0.11444,2652180.527082
1711857600,0.11431,0.11716,0.11426,0.11699,3604206.418103
1711872000,0.11695,0.11822,0.11658,0.11709,2572991.025839
1711886400,0.11714,0.11981,0.11678,0.11678,5685397.448011
1711900800,0.1168,0.11739,0.11538,0.11581,3500210.856147
1711915200,0.11571,0.1162,0.11471,0.11589,2956807.98114
1711929600,0.11583,0.11668,0.11455,0.11503,2815945.769656
1711944000,0.115,0.115,0.10952,0.11203,11152347.704989
1711958400,0.11199,0.11202,0.11029,0.11094,3440658.136273
1711972800,0.11092,0.11209,0.10729,0.10749,9887713.710952
1711987200,0.10747,0.10953,0.10685,0.1094,4156771.873687
1712001600,0.10936,0.11013,0.10895,0.10998,1942001.176239
1712016000,0.10998,0.10998,0.10337,0.10573,9925123.9331
1712030400,0.10572,0.10699,0.10462,0.10593,3765441.519002
1712044800,0.10592,0.1063,0.10242,0.10428,8345549.257266
1712059200,0.10426,0.10618,0.1025,0.10374,5191065.717829
1712073600,0.10376,0.10522,0.10332,0.10506,2767609.180833
1712088000,0.10488,0.10537,0.10332,0.10346,1804223.881099
1712102400,0.10362,0.10562,0.10039,0.10524,6582106.832729
1712116800,0.1053,0.1063,0.10466,0.1054,3420489.920187
1712131200,0.1054,0.10709,0.10454,0.10509,5251232.833078
1712145600,0.10507,0.10564,0.10308,0.10369,4312188.996777
1712160000,0.10365,0.10493,0.10216,0.10305,2167819.54536
1712174400,0.10291,0.10319,0.10114,0.10259,1808542.606129
1712188800,0.10253,0.10465,0.10204,0.10223,4037347.324106
1712203200,0.10227,0.10594,0.10126,0.1053,5443351.996436
1712217600,0.10512,0.10586,0.10499,0.10544,2482010.217248
1712232000,0.10541,0.10725,0.10541,0.10564,3733219.103732
1712246400,0.1057,0.10737,0.10522,0.10536,2355676.111956
1712260800,0.10548,0.10549,0.1032,0.10522,2865350.245223
1712275200,0.10519,0.10533,0.10275,0.10458,1435927.841887
1712289600,0.10458,0.10458,0.1016,0.10257,3012952.347456
1712304000,0.10254,0.10323,0.10053,0.10062,2150887.838627
1712318400,0.10067,0.10414,0.1,0.10414,3174582.09252
1712332800,0.10405,0.10473,0.1032,0.10389,1646866.710397
1712347200,0.10387,0.10507,0.10381,0.10456,1354515.212653
1712361600,0.10468,0.10549,0.10413,0.10528,1932855.213271
1712376000,0.10532,0.10586,0.10487,0.10556,970554.950996
1712390400,0.10551,0.10617,0.10488,0.10499,733584.247984
1712404800,0.10503,0.106,0.10466,0.10558,1650644.649786
1712419200,0.10559,0.10614,0.105,0.10518,1856184.52881
1712433600,0.10521,0.10694,0.10512,0.106,968314.193296
1712448000,0.10602,0.107,0.1054,0.10642,1069333.861219
1712462400,0.10637,0.1067,0.10583,0.10632,940775.775523
1712476800,0.10637,0.10684,0.10588,0.10659,894829.897384
1712491200,0.10662,0.10742,0.10627,0.10663,1681130.231306
1712505600,0.10666,0.1076,0.10476,0.10503,1875773.667084
1712520000,0.10502,0.106,0.10449,0.106,1282431.166815
1712534400,0.10592,0.10592,0.10299,0.10319,4816571.469277
1712548800,0.10317,0.10457,0.10244,0.10451,5605448.419051
1712563200,0.1045,0.10892,0.10437,0.10873,5888151.754274
1712577600,0.10872,0.11086,0.1081,0.10877,13181640.637287
1712592000,0.10877,0.11004,0.10858,0.10964,4108615.464937
1712606400,0.10971,0.1102,0.10914,0.10947,2852465.392633
1712620800,0.10946,0.10972,0.10781,0.10824,5174538.976135
1712635200,0.1082,0.10892,0.10615,0.10659,6569598.73338
1712649600,0.1067,0.10796,0.10513,0.1079,4363387.869159
1712664000,0.10791,0.10821,0.10385,0.10563,6547703.806424
1712678400,0.10564,0.10581,0.10403,0.10545,2876109.688943
1712692800,0.10535,0.10591,0.10307,0.10346,3869566.784586
1712707200,0.10344,0.10441,0.10121,0.10257,3969356.843479
1712721600,0.10248,0.10352,0.10222,0.1029,1476376.034759
1712736000,0.10281,0.10304,0.10128,0.1019,3349050.882509
1712750400,0.10187,0.10197,0.09775,0.10084,12153473.90826
1712764800,0.10078,0.10242,0.10016,0.10149,5013911.999157
1712779200,0.10156,0.10297,0.10073,0.1023,3859626.730505
1712793600,0.10232,0.10245,0.1009,0.10138,2933074.430027
1712808000,0.10158,0.10294,0.10097,0.10249,2560901.607444
1712822400,0.1026,0.10288,0.09941,0.09962,2782166.737295
1712836800,0.09969,0.10102,0.09871,0.09968,7032650.911208
1712851200,0.09966,0.09981,0.09815,0.09931,3592894.880367
1712865600,0.09934,0.10008,0.09911,0.09986,1187978.720664
1712880000,0.09982,0.1009,0.09972,0.10078,1126914.157584
1712894400,0.10069,0.10114,0.0994,0.09973,1820174.165555
1712908800,0.09956,0.10006,0.09903,0.09954,1618841.871655
1712923200,0.09947,0.09947,0.09511,0.09548,6300348.562112
1712937600,0.0954,0.09563,0.07486,0.08478,68682749.696714
1712952000,0.08487,0.0879,0.08458,0.08763,10854141.872188
1712966400,0.08763,0.08763,0.08331,0.08413,18482787.820922
1712980800,0.08421,0.0865,0.08368,0.08546,5208164.068966
1712995200,0.08545,0.0871,0.08466,0.08586,5792745.567699
1713009600,0.08589,0.08675,0.08487,0.08504,4770483.423032
1713024000,0.08499,0.08538,0.07343,0.07634,46004268.021161
1713038400,0.07633,0.07971,0.06577,0.0787,75887793.515026
1713052800,0.07855,0.07922,0.07417,0.07564,23668962.933049
1713067200,0.07561,0.08133,0.0751,0.08112,8043599.497157
1713081600,0.08108,0.08193,0.07846,0.07899,10539150.187603
1713096000,0.07896,0.08101,0.07769,0.07868,18351960.177994
1713110400,0.07866,0.08043,0.07594,0.07881,44272507.367956
1713124800,0.07873,0.0837,0.07778,0.08354,13580132.163906
1713139200,0.08354,0.0836,0.08117,0.08172,13820157.486977
1713153600,0.08174,0.088,0.08075,0.08681,12608672.072049
1713168000,0.08675,0.08737,0.08548,0.08553,4466949.032395
1713182400,0.08555,0.08652,0.08144,0.08273,18404751.836008
1713196800,0.08266,0.08336,0.07728,0.0802,25180975.98026
1713211200,0.0801,0.08054,0.07803,0.07958,6140161.160867
1713225600,0.07959,0.08028,0.0777,0.0784,5845200.146326
1713240000,0.07849,0.08115,0.07641,0.0807,7543292.884672
1713254400,0.0807,0.08073,0.07709,0.08012,9459465.20435
1713268800,0.08007,0.08016,0.07621,0.07665,14879878.098207
1713283200,0.07664,0.0801,0.07639,0.07895,8345350.185839
1713297600,0.07893,0.08077,0.07892,0.07991,1641192.040643
1713312000,0.07988,0.08041,0.07873,0.07962,1041096.595802
1713326400,0.07962,0.08085,0.07907,0.07992,4010305.204869
1713340800,0.07988,0.08036,0.07815,0.07817,1350465.910808
1713355200,0.07826,0.07939,0.07593,0.07651,5880185.339019
1713369600,0.07644,0.08038,0.07565,0.07887,5123176.355645
1713384000,0.07888,0.0797,0.0779,0.07818,1997250.031744
1713398400,0.07819,0.08038,0.07652,0.07991,3518793.470043
1713412800,0.07976,0.08031,0.07763,0.078,3936575.805075
1713427200,0.07804,0.0813,0.07726,0.08058,4680204.304724
1713441600,0.0807,0.08266,0.07911,0.08158,6311766.527833
1713456000,0.08167,0.08252,0.08007,0.08224,3404651.521864
1713470400,0.08223,0.08286,0.08176,0.0822,1551267.337718
1713484800,0.0822,0.0822,0.07624,0.07995,12240574.727271
1713499200,0.07992,0.0841,0.0798,0.08221,7549989.950329
1713513600,0.0822,0.08376,0.08196,0.08298,4096252.177664
1713528000,0.08297,0.08418,0.0823,0.08368,4630315.934543
1713542400,0.08376,0.08377,0.08196,0.08258,6387363.600415
1713556800,0.08256,0.08256,0.07913,0.08028,4792199.946642
1713571200,0.08039,0.08141,0.07942,0.08045,2824015.91165
1713585600,0.08048,0.08208,0.08037,0.08154,1642037.507899
1713600000,0.08164,0.08168,0.08053,0.08122,2733175.676246
1713614400,0.0812,0.08377,0.081,0.08363,3222330.009056
1713628800,0.08375,0.08654,0.08307,0.08622,4593178.369132
1713643200,0.08625,0.08705,0.08593,0.08691,1593960.667042
1713657600,0.08686,0.08858,0.08572,0.08811,2936548.978946
1713672000,0.08808,0.09073,0.08773,0.09039,4676843.964846
1713686400,0.09039,0.09088,0.0889,0.09077,3903792.732372
1713700800,0.09068,0.09139,0.08864,0.09029,6937406.111238
1713715200,0.09037,0.09045,0.08815,0.08881,3261213.622642
1713729600,0.08883,0.08995,0.08824,0.08884,3232763.959247
1713744000,0.08881,0.09204,0.08859,0.09161,6804091.113833
1713758400,0.09168,0.09335,0.09077,0.09087,3396065.086814
1713772800,0.09087,0.0911,0.08986,0.09015,4336585.004981
1713787200,0.09014,0.09119,0.08883,0.0901,4388340.010805
1713801600,0.09004,0.09049,0.08891,0.09015,3726802.392281
1713816000,0.09011,0.09158,0.08991,0.09042,2241961.81112
1713830400,0.09042,0.09142,0.08917,0.08936,1931136.243836
1713844800,0.08936,0.09002,0.08785,0.08812,2259892.704528
1713859200,0.0881,0.08862,0.08743,0.08809,2398947.147026
1713873600,0.088,0.10148,0.08776,0.10131,62133155.447813
1713888000,0.1013,0.13281,0.0997,0.1262,124222916.975881
1713902400,0.12594,0.1602,0.12484,0.15621,113895879.906783
1713916800,0.15645,0.18191,0.15103,0.17103,187800654.110979
1713931200,0.17089,0.17969,0.13495,0.13925,170860254.309928
1713945600,0.13926,0.13985,0.12313,0.12903,148373810.327885
1713960000,0.12903,0.141,0.12472,0.12895,119528027.20442
1713974400,0.12901,0.12915,0.1176,0.12626,89098697.594557
1713988800,0.12619,0.12788,0.12042,0.12485,41236985.442754
1714003200,0.1248,0.12731,0.11269,0.11301,73333331.527899
1714017600,0.11306,0.11492,0.11187,0.11281,42173261.327613
1714032000,0.11285,0.11652,0.10944,0.11421,38376774.288917
1714046400,0.11421,0.12507,0.11162,0.12015,86707081.964498
1714060800,0.12015,0.12167,0.11688,0.11801,34247745.624813
1714075200,0.11806,0.12146,0.11694,0.11953,18385903.102402
1714089600,0.11959,0.12432,0.11451,0.11788,50341620.673922
1714104000,0.11781,0.11789,0.11362,0.11611,34793993.939934
1714118400,0.11608,0.11689,0.11219,0.11246,16111731.913033
1714132800,0.1124,0.11384,0.10956,0.11077,26278273.829925
1714147200,0.1108,0.11239,0.10992,0.11166,11234088.617684
1714161600,0.1116,0.11277,0.11024,0.11109,6026284.594537
1714176000,0.11112,0.11223,0.10507,0.10871,32422312.157663
1714190400,0.10867,0.10987,0.10601,0.10867,11621425.131216
1714204800,0.10865,0.10905,0.10618,0.10707,10085298.926409
1714219200,0.10709,0.10795,0.10411,0.1048,12983011.700299
1714233600,0.10482,0.10947,0.10448,0.10801,19456320.880034
1714248000,0.108,0.10833,0.10645,0.10655,4786038.207502
1714262400,0.10654,0.10899,0.1059,0.10724,19990069.341353
1714276800,0.10712,0.10728,0.10616,0.10687,8440992.747196
1714291200,0.10686,0.10686,0.10376,0.10434,16430112.49803
1714305600,0.1043,0.10727,0.10404,0.10638,12504927.661024
1714320000,0.10636,0.10773,0.1059,0.10647,6871105.216061
1714334400,0.10643,0.10668,0.10294,0.10347,5214618.776723
1714348800,0.1035,0.10542,0.1014,0.1014,10220551.849891
1714363200,0.10143,0.10315,0.10112,0.10202,10328447.497868
1714377600,0.10196,0.10572,0.1008,0.10302,18249685.396853
1714392000,0.10303,0.10431,0.10156,0.10409,10653587.9483
1714406400,0.10413,0.10474,0.10179,0.10276,8248740.215375
1714420800,0.10278,0.10427,0.10047,0.10318,8133256.74774
1714435200,0.1032,0.10396,0.10045,0.10144,6663532.884162
1714449600,0.10153,0.10165,0.09973,0.09989,7385060.618027
1714464000,0.09988,0.10019,0.09421,0.09441,17657140.033442
1714478400,0.09441,0.09502,0.09266,0.09345,14354935.30193
1714492800,0.09343,0.09389,0.09073,0.09174,13789894.243488
1714507200,0.09177,0.09543,0.09173,0.09381,8596592.236084
1714521600,0.09371,0.09467,0.09183,0.09458,10509143.867183
1714536000,0.09455,0.09691,0.09213,0.09285,33553368.935581
1714550400,0.09278,0.09611,0.08998,0.09607,37750301.813929
1714564800,0.09605,0.10037,0.09522,0.09813,46901340.276153
1714579200,0.09811,0.10938,0.09689,0.10226,59699627.263764
1714593600,0.10229,0.10318,0.09896,0.09958,17600807.681707
1714608000,0.09956,0.1002,0.09517,0.09658,13865991.940013
1714622400,0.09653,0.09829,0.0958,0.09783,8283701.589565
1714636800,0.0977,0.09903,0.09612,0.09836,16872342.367304
1714651200,0.09837,0.10048,0.0977,0.09911,28186760.365712
1714665600,0.09911,0.102,0.09779,0.09917,22779504.48478
1714680000,0.09914,0.10135,0.09818,0.10031,11903863.525741
1714694400,0.10028,0.10422,0.09892,0.10358,14021030.035272
1714708800,0.10355,0.10913,0.10341,0.10575,40100540.412395
1714723200,0.10573,0.10674,0.10223,0.103,20213602.400744
1714737600,0.103,0.10973,0.10287,0.10912,24164867.236715
1714752000,0.1092,0.11479,0.10908,0.11405,46818116.506055
1714766400,0.11402,0.11581,0.11119,0.11125,24150505.150225
1714780800,0.11128,0.11279,0.10922,0.1107,13175891.005025
1714795200,0.11069,0.11224,0.10916,0.11004,7697873.951922
1714809600,0.11004,0.11092,0.10865,0.10907,8009855.613228
1714824000,0.10914,0.10958,0.10782,0.10932,24599404.513951
1714838400,0.10935,0.11034,0.1084,0.10924,20130576.206388
1714852800,0.10923,0.1099,0.10835,0.10907,4696635.100659
1714867200,0.10906,0.11009,0.10579,0.10905,12082890.160908
1714881600,0.10905,0.11114,0.10905,0.10934,11130616.474121
1714896000,0.10935,0.11119,0.10913,0.10928,8342306.386884
1714910400,0.10932,0.11062,0.10824,0.11029,6194508.4744
1714924800,0.11039,0.11126,0.1094,0.11059,6367091.911263
1714939200,0.11061,0.11126,0.10916,0.1103,2815056.410174
1714953600,0.11031,0.11673,0.11015,0.11438,29301612.031969
1714968000,0.11435,0.12355,0.11344,0.12258,51882940.112391
1714982400,0.12258,0.12258,0.11713,0.1193,33091572.257892
1714996800,0.11934,0.11959,0.11356,0.11502,23503940.269308
1715011200,0.11498,0.1155,0.11229,0.11361,13968787.834719
1715025600,0.11364,0.11469,0.11312,0.11379,6933847.211368
1715040000,0.11385,0.11647,0.11128,0.11207,18336026.792921
1715054400,0.11213,0.11261,0.11021,0.11215,10457361.046186
1715068800,0.11215,0.11392,0.11149,0.11163,6649060.968814
1715083200,0.11165,0.11329,0.11042,0.11207,7512369.725466
1715097600,0.11198,0.11244,0.11026,0.11051,5058853.003543
1715112000,0.11057,0.11139,0.10774,0.10788,8774482.02093
1715126400,0.10786,0.10861,0.10677,0.10767,6460036.921909
1715140800,0.10767,0.10773,0.10545,0.10633,4163018.628093
1715155200,0.10633,0.10833,0.10589,0.10787,4862036.721601
1715169600,0.10786,0.10946,0.10692,0.10825,7604874.722059
1715184000,0.10811,0.11029,0.10725,0.10853,6853223.036822
1715198400,0.10865,0.10912,0.10514,0.10591,8370720.741528
1715212800,0.10587,0.10851,0.10587,0.10848,5406572.825105
1715227200,0.10848,0.11073,0.10833,0.10924,6791274.867929
1715241600,0.10923,0.10931,0.10586,0.10784,6287362.249033
1715256000,0.10787,0.11103,0.10774,0.11011,16471284.301849
1715270400,0.11019,0.11135,0.10972,0.11032,7564071.063422
1715284800,0.11031,0.11176,0.10928,0.11057,9725441.64131
1715299200,0.11058,0.11151,0.10981,0.11019,5990799.018556
1715313600,0.1102,0.11126,0.10943,0.11071,7051074.607887
1715328000,0.11061,0.1119,0.10967,0.11177,3078366.770555
1715342400,0.1118,0.11256,0.10546,0.10709,16207959.929242
1715356800,0.10705,0.10757,0.1052,0.10652,9220929.262223
1715371200,0.10648,0.1072,0.1049,0.10571,3869825.60992
1715385600,0.10573,0.10835,0.1052,0.10626,3869733.614142
1715400000,0.10631,0.10715,0.10587,0.10704,3550717.496567
1715414400,0.10712,0.1072,0.10532,0.10631,5126083.339386
1715428800,0.10634,0.1088,0.10631,0.10809,4622699.559725
1715443200,0.1082,0.10879,0.1078,0.10795,3022234.083582
1715457600,0.10796,0.10818,0.10652,0.10672,3006328.434037
1715472000,0.10663,0.10942,0.10642,0.10882,5948876.589947
1715486400,0.1088,0.11028,0.10819,0.10872,5437169.123787
1715500800,0.10863,0.11157,0.1077,0.11074,6666822.948186
1715515200,0.11083,0.11169,0.11001,0.1114,5604400.766004
1715529600,0.11145,0.11195,0.10911,0.10953,3791034.001788
1715544000,0.10959,0.10959,0.10815,0.10864,2225057.832096
1715558400,0.10866,0.1093,0.10323,0.10456,13691828.680655
1715572800,0.10457,0.10667,0.10239,0.10652,7552748.04597
1715587200,0.10655,0.10954,0.10655,0.10882,10500923.036002
1715601600,0.10885,0.11089,0.10846,0.10893,9003698.227056
1715616000,0.10898,0.11089,0.10796,0.10881,7975554.178629
1715630400,0.1088,0.10883,0.10732,0.10752,3075389.734578
1715644800,0.10746,0.11006,0.10685,0.10819,9519398.344753
1715659200,0.10815,0.11012,0.10623,0.10989,10594025.894866
1715673600,0.10991,0.11033,0.10784,0.10882,10477376.674928
1715688000,0.10879,0.10956,0.1049,0.10684,15695890.863565
1715702400,0.10679,0.10698,0.10489,0.10626,7391935.84688
1715716800,0.10623,0.10664,0.10493,0.10533,5286350.484731
1715731200,0.10529,0.10719,0.10449,0.10656,4847341.481974
1715745600,0.10662,0.10666,0.10573,0.10611,3765603.838927
1715760000,0.10611,0.10743,0.10457,0.10501,8724900.698411
1715774400,0.10499,0.11068,0.10458,0.1093,16682409.591128
1715788800,0.10929,0.11234,0.10877,0.1123,10304267.466009
1715803200,0.11225,0.11286,0.11084,0.11089,5863863.915131
1715817600,0.11087,0.11173,0.10942,0.11018,6417056.311264
1715832000,0.11013,0.11206,0.10964,0.11135,5566969.396044
1715846400,0.1113,0.11205,0.10965,0.11075,4549536.637683
1715860800,0.1107,0.11115,0.10768,0.11027,12300825.087037
1715875200,0.11027,0.11097,0.10865,0.11052,6691620.590697
1715889600,0.11048,0.11261,0.10995,0.11226,8429361.801716
1715904000,0.11227,0.11373,0.11172,0.11373,8394343.615096
1715918400,0.11374,0.11911,0.11323,0.11818,19077393.069912
1715932800,0.11822,0.12021,0.11633,0.1174,22932755.115615
1715947200,0.11748,0.11801,0.11442,0.11642,15375257.647942
1715961600,0.11647,0.11696,0.11363,0.11444,9316898.06278
1715976000,0.11433,0.1156,0.11424,0.11483,3351368.714185
1715990400,0.11485,0.11627,0.11416,0.11581,5795737.981448
1716004800,0.11585,0.11586,0.11372,0.11415,4518629.803681
1716019200,0.11415,0.11524,0.114,0.11406,3691142.980665
1716033600,0.11404,0.11454,0.11273,0.11444,6012276.386019
1716048000,0.11447,0.11735,0.11443,0.11584,11435655.296578
1716062400,0.11581,0.11607,0.11418,0.11455,9995040.62898
1716076800,0.11458,0.1154,0.11413,0.11508,4114198.580138
1716091200,0.11508,0.11515,0.11301,0.11434,3134900.8026
1716105600,0.11426,0.11428,0.11151,0.11259,4134035.726182
1716120000,0.11269,0.11273,0.11036,0.1126,6899920.265482
1716134400,0.1127,0.11315,0.11021,0.1104,3738763.392443
1716148800,0.11043,0.11176,0.10967,0.11105,2812109.537977
1716163200,0.1111,0.11181,0.10905,0.11121,5592871.212132
1716177600,0.11116,0.1131,0.1099,0.11171,5024080.0283
1716192000,0.11177,0.11227,0.11057,0.11099,4612082.580968
1716206400,0.11097,0.11255,0.11064,0.11232,4079391.01858
1716220800,0.11234,0.11642,0.11219,0.11602,9575578.71399
1716235200,0.1161,0.1186,0.1151,0.11747,10175685.236891
1716249600,0.11752,0.11889,0.11461,0.11595,11626436.891979
1716264000,0.11588,0.11687,0.11505,0.11589,6822275.691452
1716278400,0.1158,0.11697,0.11555,0.11624,5396832.191932
1716292800,0.11623,0.11739,0.11384,0.11418,10079655.384315
1716307200,0.11418,0.11626,0.1136,0.11475,7169081.168424
1716321600,0.1147,0.11585,0.11415,0.11501,3364043.418153
1716336000,0.1151,0.1165,0.11469,0.11479,3582470.216221
1716350400,0.1148,0.11607,0.11253,0.11591,4729598.984748
1716364800,0.11593,0.11649,0.114,0.114,3139123.937676
1716379200,0.11392,0.11541,0.11231,0.11511,6327193.872857
1716393600,0.11516,0.11539,0.11234,0.11347,3789551.754027
1716408000,0.11344,0.11395,0.11188,0.11334,4273855.625815
1716422400,0.11334,0.11458,0.11306,0.11435,2328978.444271
1716436800,0.11434,0.11547,0.11395,0.11448,3796065.812102
1716451200,0.11452,0.11456,0.11233,0.11389,4059683.69602
1716465600,0.11387,0.11426,0.10945,0.11004,17372164.805872
1716480000,0.11001,0.11017,0.10639,0.10748,6781090.2035
1716494400,0.10745,0.11015,0.10473,0.10901,15161519.583804
1716508800,0.1089,0.11026,0.10824,0.10988,2435740.759898
1716523200,0.10985,0.11006,0.10531,0.10659,6127662.032627
1716537600,0.10661,0.10811,0.10484,0.10805,3328552.475573
1716552000,0.10801,0.10937,0.1074,0.10833,3233135.244703
1716566400,0.10835,0.10945,0.10739,0.10885,2409371.054447
1716580800,0.10892,0.10917,0.10756,0.10803,1143997.963618
1716595200,0.10803,0.10855,0.10768,0.10804,1210233.541401
1716609600,0.10823,0.10886,0.10793,0.10847,1687935.461847
1716624000,0.10848,0.10939,0.10822,0.10868,1953232.444246
1716638400,0.10856,0.10915,0.10773,0.1088,3078463.778225
1716652800,0.10878,0.10884,0.10811,0.1083,2637429.981691
1716667200,0.10828,0.10881,0.10795,0.1086,1150372.121428
1716681600,0.10852,0.10898,0.10743,0.10817,3592187.897165
1716696000,0.10811,0.10818,0.10734,0.10782,1810676.709676
1716710400,0.10781,0.10791,0.10627,0.10714,2655835.087868
1716724800,0.10713,0.10798,0.10626,0.10696,2157409.22892
1716739200,0.107,0.10731,0.10628,0.10679,1220665.181102
1716753600,0.10678,0.10744,0.10566,0.10677,1398880.688777
1716768000,0.10677,0.1078,0.10667,0.10744,1619212.514589
1716782400,0.10749,0.1079,0.10596,0.10618,1503486.139651
1716796800,0.10619,0.10713,0.10619,0.10679,2607988.572564
1716811200,0.10673,0.1089,0.10656,0.10881,4410520.658554
1716825600,0.1088,0.10968,0.10604,0.10659,5995936.944775
1716840000,0.10662,0.10749,0.1065,0.10684,3342061.991489
1716854400,0.10685,0.10699,0.1046,0.10557,12364110.193399
1716868800,0.10551,0.10551,0.10356,0.10387,7896973.332788
1716883200,0.10387,0.10571,0.10369,0.10521,3372726.296831
1716897600,0.1052,0.10547,0.10355,0.1046,9310636.02844
1716912000,0.10455,0.1049,0.10275,0.1047,5679483.37567
1716926400,0.10475,0.10539,0.10362,0.10441,3486022.095127
1716940800,0.1045,0.10522,0.10385,0.10489,4014314.149562
1716955200,0.10492,0.10639,0.10479,0.10593,4277707.415548
1716969600,0.10592,0.10747,0.10504,0.1057,11485778.267786
1716984000,0.10565,0.10617,0.1044,0.10461,6097464.893437
1716998400,0.10459,0.10612,0.1033,0.10334,5050958.873444
1717012800,0.10341,0.10403,0.10301,0.10328,2953697.799098
1717027200,0.10327,0.10511,0.10314,0.10448,3534927.833349
1717041600,0.10452,0.10489,0.10062,0.10102,6598950.456828
1717056000,0.10106,0.10203,0.09999,0.10147,6439527.537393
1717070400,0.10146,0.10299,0.10113,0.102,4011850.998154
1717084800,0.10198,0.10303,0.10148,0.10192,2680697.062842
1717099200,0.10176,0.10193,0.10057,0.10065,3798505.618357
1717113600,0.10064,0.10112,0.1,0.10051,3621270.72436
1717128000,0.10053,0.10097,0.09946,0.10023,1871786.935488
1717142400,0.10022,0.10125,0.10007,0.1009,1829355.219514
1717156800,0.10088,0.10186,0.09902,0.09902,4013437.396669
1717171200,0.09905,0.10048,0.09812,0.10033,3151974.934847
1717185600,0.10038,0.10056,0.09973,0.10018,2240736.222202
1717200000,0.10013,0.10056,0.09975,0.10006,1187023.730065
1717214400,0.10007,0.10047,0.09984,0.1,634916.473104
1717228800,0.09994,0.10033,0.09975,0.09997,683057.045264
1717243200,0.09998,0.10049,0.09984,0.09987,1485241.038803
1717257600,0.09986,0.1004,0.09984,0.09998,813006.630177
1717272000,0.09993,0.10047,0.09983,0.10006,974097.855441
1717286400,0.09998,0.10064,0.0994,0.10007,1847760.385512
1717300800,0.10008,0.10052,0.09925,0.09938,1672716.907727
1717315200,0.09937,0.09988,0.09816,0.0997,3678623.447109
1717329600,0.09977,0.10035,0.09942,0.09973,2900150.256483
1717344000,0.09978,0.10014,0.09759,0.09915,4121707.759515
1717358400,0.09919,0.0994,0.0986,0.09928,1669458.859645
1717372800,0.09916,0.10115,0.0984,0.10062,3388729.435812
1717387200,0.10069,0.10206,0.09967,0.10142,4349843.880506
1717401600,0.10144,0.10278,0.10125,0.10266,4144985.361095
1717416000,0.10266,0.10389,0.10173,0.10247,6246462.844544
1717430400,0.10249,0.10267,0.10153,0.10172,3016684.881648
1717444800,0.10176,0.10203,0.10072,0.10129,3504245.124113
1717459200,0.10138,0.10191,0.10062,0.10109,4652053.700948
1717473600,0.10102,0.10136,0.09982,0.10052,3289435.606855
1717488000,0.10058,0.1015,0.09986,0.1005,2806134.398358
1717502400,0.10054,0.10198,0.10006,0.10198,3922887.298063
1717516800,0.10197,0.10259,0.10149,0.10213,3064133.280929
1717531200,0.10213,0.10251,0.10156,0.10246,1484905.583319
1717545600,0.10248,0.10285,0.10191,0.1025,1977430.115208
1717560000,0.10249,0.1045,0.10233,0.10359,3941372.67854
1717574400,0.10363,0.10388,0.10264,0.10335,2919070.891044
1717588800,0.10336,0.10347,0.10214,0.10333,3497846.2188
1717603200,0.10329,0.10447,0.10308,0.10438,2737140.114665
1717617600,0.10437,0.10554,0.10387,0.10445,6579809.577417
1717632000,0.10447,0.10512,0.10427,0.10429,3956064.306366
1717646400,0.1043,0.1043,0.10281,0.10335,2872846.75367
1717660800,0.10336,0.10396,0.10289,0.10349,4645401.627241
1717675200,0.10349,0.10387,0.10267,0.10306,8355188.49142
1717689600,0.10305,0.10313,0.10062,0.10081,5825413.845812
1717704000,0.10084,0.10176,0.10005,0.10147,5808456.411497
1717718400,0.1014,0.10153,0.10048,0.10084,2473884.505635
1717732800,0.10082,0.102,0.10079,0.10106,3455375.124921
1717747200,0.1011,0.10174,0.10071,0.10151,3810592.682717
1717761600,0.10155,0.10186,0.09949,0.10075,13896745.144722
1717776000,0.1007,0.10074,0.08366,0.09334,85215232.045416
1717790400,0.09333,0.09482,0.093,0.09401,13440911.089698
1717804800,0.09401,0.09429,0.09321,0.09394,6288012.189879
1717819200,0.09392,0.094,0.09291,0.09352,3953428.87167
1717833600,0.09353,0.09353,0.09017,0.09044,8173675.945456
1717848000,0.09043,0.09134,0.08906,0.09034,18273782.259212
1717862400,0.09031,0.09085,0.08897,0.08971,10644303.231763
1717876800,0.08969,0.09039,0.08927,0.09028,8181913.182731
1717891200,0.0902,0.09092,0.08916,0.08984,8828463.675039
1717905600,0.08985,0.09085,0.08911,0.09072,6364755.445545
1717920000,0.0907,0.09096,0.09017,0.09033,3910259.34037
1717934400,0.0903,0.09136,0.08991,0.09,9817511.539907
1717948800,0.09005,0.09101,0.08982,0.09079,5492663.676569
1717963200,0.09079,0.09162,0.09041,0.09144,4427180.060787
1717977600,0.09145,0.09165,0.09027,0.09057,5267546.74877
1717992000,0.09059,0.09107,0.08848,0.08863,17988235.915333
1718006400,0.08862,0.09094,0.0885,0.08999,10427078.535845
1718020800,0.09002,0.09145,0.08854,0.09106,13720409.39364
1718035200,0.09114,0.09118,0.08908,0.0892,12921540.555752
1718049600,0.08926,0.08971,0.08849,0.08915,6882242.267462
1718064000,0.08918,0.09001,0.08691,0.08846,21582307.721442
1718078400,0.08842,0.08911,0.08727,0.08768,13380651.102834
1718092800,0.08767,0.08862,0.08728,0.08728,8892759.451269
1718107200,0.08731,0.08773,0.08401,0.08513,24440360.537202
1718121600,0.0851,0.08775,0.08474,0.08748,11310910.876558
1718136000,0.0874,0.08781,0.08653,0.08733,3661866.745186
1718150400,0.0873,0.08802,0.08581,0.08737,11693859.600987
1718164800,0.08735,0.08836,0.08691,0.08833,4091803.566797
1718179200,0.08829,0.09023,0.08809,0.08923,5602948.118812
1718193600,0.08926,0.09413,0.08919,0.09268,19156821.89705
1718208000,0.0927,0.09309,0.09004,0.09055,24407133.607635
1718222400,0.09055,0.09221,0.09011,0.09175,5398448.005766
1718236800,0.09174,0.09242,0.08838,0.08987,16633553.736858
1718251200,0.08975,0.09012,0.08843,0.08949,4047036.279801
1718265600,0.08944,0.09017,0.08897,0.08987,3676909.940508
1718280000,0.08989,0.09112,0.08761,0.08785,17085999.656028
1718294400,0.08784,0.08949,0.08735,0.08874,6443568.104391
1718308800,0.08871,0.08902,0.08724,0.08834,6238496.603474
1718323200,0.08835,0.08949,0.08746,0.08899,11686515.747
1718337600,0.08899,0.08973,0.08877,0.08929,4636937.194556
1718352000,0.0893,0.08995,0.08906,0.08967,4821746.368777
1718366400,0.0898,0.09055,0.08799,0.08874,8116197.894677
1718380800,0.08879,0.0889,0.0846,0.0849,29712697.318788
1718395200,0.08494,0.08767,0.08484,0.08635,8183134.90477
1718409600,0.08638,0.08665,0.08547,0.086,5005650.613012
1718424000,0.08601,0.08656,0.08551,0.0859,2291953.153575
1718438400,0.08617,0.08617,0.08537,0.08577,2788062.148353
1718452800,0.08585,0.08644,0.0854,0.08586,2813740.831762
1718467200,0.0858,0.08613,0.08503,0.0853,3990039.623698
1718481600,0.08539,0.08547,0.08463,0.08489,3723748.855483
1718496000,0.0849,0.08495,0.08395,0.08432,4431281.591378
1718510400,0.0843,0.08543,0.0839,0.08497,3579077.442749
1718524800,0.08494,0.08534,0.08451,0.08475,3559733.734169
1718539200,0.08474,0.08605,0.08468,0.08604,4303483.479768
1718553600,0.08607,0.08609,0.08541,0.08578,2313969.087896
1718568000,0.08577,0.08691,0.08553,0.08636,3965308.583754
1718582400,0.08638,0.08674,0.08424,0.08505,9492978.875285
1718596800,0.08504,0.08557,0.08256,0.08278,10087235.298394
1718611200,0.08278,0.08305,0.08071,0.0823,17053874.510633
1718625600,0.08228,0.08258,0.08028,0.08041,10963969.516738
1718640000,0.08041,0.08364,0.0785,0.08283,23354736.071161
1718654400,0.08283,0.08283,0.07994,0.08028,8396865.048699
1718668800,0.08023,0.08054,0.07195,0.07734,81962629.847218
1718683200,0.07738,0.07831,0.07674,0.07701,11576495.535034
1718697600,0.07694,0.07709,0.07501,0.07594,11061434.990981
1718712000,0.07593,0.07625,0.07337,0.07561,30830529.271308
1718726400,0.07563,0.07606,0.07439,0.07591,15436154.297029
1718740800,0.07598,0.07816,0.07554,0.07765,10614644.882103
1718755200,0.07766,0.08143,0.07722,0.08019,21705061.41234
1718769600,0.08031,0.08207,0.08009,0.08193,12085522.401323
1718784000,0.08191,0.08201,0.07956,0.08026,9203530.406057
1718798400,0.08022,0.08092,0.07921,0.07965,8344448.265222
1718812800,0.07967,0.08172,0.0796,0.08069,6622693.260477
1718827200,0.08062,0.08122,0.0799,0.08055,4959556.29935
1718841600,0.08056,0.08186,0.08013,0.08107,8495269.493558
1718856000,0.08104,0.08407,0.08069,0.08382,10149747.193538
1718870400,0.08384,0.085,0.0832,0.08432,10168292.512809
1718884800,0.08432,0.08452,0.08143,0.08153,10359290.780733
1718899200,0.08151,0.08223,0.08075,0.08158,9026941.140516
1718913600,0.08167,0.08167,0.08033,0.08044,4705487.76388
1718928000,0.08045,0.0819,0.07946,0.08174,9621813.378849
1718942400,0.08167,0.08191,0.08,0.08028,5376747.404019
1718956800,0.08029,0.08157,0.07919,0.08061,8267272.666979
1718971200,0.08058,0.08083,0.07892,0.07985,10675272.238116
1718985600,0.07986,0.07999,0.0783,0.07894,9410092.91073
1719000000,0.07889,0.07943,0.0782,0.07883,4312932.906925
1719014400,0.07878,0.07878,0.0777,0.07823,5720750.861898
1719028800,0.07823,0.07879,0.07791,0.07806,2688180.341587
1719043200,0.07806,0.07829,0.07747,0.07807,3376117.068204
1719057600,0.0781,0.07869,0.07789,0.07835,2643233.349121
1719072000,0.07835,0.07859,0.07793,0.07812,1798943.706694
1719086400,0.07811,0.07815,0.07768,0.07788,2494142.418227
1719100800,0.07787,0.07953,0.07771,0.0794,3768258.049943
1719115200,0.07941,0.07944,0.07862,0.07886,1935015.397119
1719129600,0.07889,0.07944,0.07837,0.07849,2559093.257023
1719144000,0.07847,0.07895,0.07713,0.07744,4994478.991645
1719158400,0.07749,0.07814,0.07683,0.07771,3800341.961982
1719172800,0.07771,0.07771,0.07584,0.07631,8300885.082337
1719187200,0.07638,0.07757,0.07556,0.07624,7840924.458708
1719201600,0.07636,0.07639,0.0738,0.07493,9223196.556597
1719216000,0.07496,0.07608,0.07233,0.07509,20218115.469065
1719230400,0.07506,0.07676,0.07427,0.07466,10366889.655612
1719244800,0.07465,0.0755,0.07394,0.07426,12666043.484246
1719259200,0.07428,0.0779,0.07328,0.07754,10443691.270985
1719273600,0.07754,0.0789,0.07709,0.07856,8902238.252547
1719288000,0.07863,0.07919,0.07821,0.07824,4497089.988001
1719302400,0.07828,0.08079,0.07792,0.08006,8310782.370882
1719316800,0.08004,0.08039,0.07832,0.08008,8289866.589363
1719331200,0.08006,0.08017,0.07911,0.07928,5422826.952875
1719345600,0.07933,0.07936,0.07846,0.07886,2647235.359771
1719360000,0.07887,0.08,0.0786,0.07894,5610649.817208
1719374400,0.07896,0.07905,0.07791,0.07834,4646778.282957
1719388800,0.0784,0.07845,0.07703,0.07729,4613289.071243
1719403200,0.07732,0.07771,0.07633,0.07646,3860674.546292
1719417600,0.0764,0.07646,0.07489,0.07607,6291048.853335
1719432000,0.07611,0.07667,0.07551,0.07627,3782353.192511
1719446400,0.07622,0.07651,0.07517,0.07577,4835453.158463
1719460800,0.07578,0.07634,0.0751,0.07566,3687955.109404
1719475200,0.07561,0.0776,0.07558,0.0774,4256365.643025
1719489600,0.07726,0.08023,0.07721,0.07849,15244654.794088
1719504000,0.0785,0.07935,0.078,0.0789,4198723.547181
1719518400,0.07893,0.07958,0.07849,0.07873,2915497.260236
1719532800,0.07871,0.07955,0.07802,0.07853,4094762.365985
1719547200,0.07856,0.07873,0.07771,0.07834,4506438.257099
1719561600,0.07835,0.07956,0.07824,0.0793,3875427.641156
1719576000,0.07928,0.07993,0.07802,0.07885,8335358.282654
1719590400,0.07874,0.07887,0.07727,0.0775,6779545.837985
1719604800,0.07756,0.07793,0.07662,0.07697,4389880.404965
1719619200,0.07691,0.0783,0.07691,0.07791,3625453.162076
1719633600,0.07792,0.07813,0.07696,0.07791,3160807.434208
1719648000,0.07775,0.07775,0.07716,0.07753,2385466.010485
1719662400,0.07753,0.07768,0.07657,0.07717,2734769.870527
1719676800,0.07713,0.07716,0.07638,0.07674,1989337.736304
1719691200,0.07671,0.07687,0.07603,0.07629,2633946.684684
1719705600,0.07626,0.07666,0.07537,0.07584,4827191.078429
1719720000,0.07583,0.07736,0.07527,0.07689,4607028.523164
1719734400,0.07688,0.07757,0.07626,0.07633,3318425.378687
1719748800,0.07637,0.07699,0.076,0.07633,4343878.842488
1719763200,0.07639,0.07642,0.0751,0.07544,5519924.616644
1719777600,0.07551,0.07724,0.07506,0.07668,7472159.960326
1719792000,0.07671,0.07861,0.07657,0.07691,11352946.509204
1719806400,0.07699,0.07745,0.07655,0.07713,3712820.972216
1719820800,0.07708,0.07741,0.07663,0.07684,7070142.260992
1719835200,0.0768,0.07725,0.07488,0.07564,9387187.76725
1719849600,0.07562,0.07747,0.0756,0.07675,5136079.847104
1719864000,0.07672,0.07777,0.07634,0.07668,5781796.652877
1719878400,0.07666,0.07724,0.07606,0.07687,2827010.882533
1719892800,0.0769,0.07853,0.07689,0.07723,7810084.637654
1719907200,0.07724,0.07794,0.07696,0.07764,3217902.378792
1719921600,0.07769,0.07911,0.0776,0.07787,8984292.43663
1719936000,0.07786,0.07921,0.07687,0.07851,8757260.725302
1719950400,0.07853,0.07891,0.07808,0.07817,3095807.755356
1719964800,0.07813,0.07837,0.07502,0.07564,7946267.933331
1719979200,0.07559,0.07594,0.07418,0.07509,8991416.078883
1719993600,0.07509,0.07535,0.07286,0.07375,9498974.179251
1720008000,0.07365,0.07461,0.07296,0.07385,5849232.206565
1720022400,0.07381,0.07399,0.07191,0.0722,5936228.269374
1720036800,0.07233,0.07248,0.07156,0.07219,5490856.288395
1720051200,0.07221,0.07256,0.06887,0.07082,16029533.811057
1720065600,0.07085,0.0715,0.06995,0.07043,4608312.662565
1720080000,0.07028,0.07062,0.06932,0.06969,6167545.535688
1720094400,0.06967,0.06984,0.06694,0.06942,13000463.919172
1720108800,0.06936,0.06952,0.06828,0.0683,4177211.590196
1720123200,0.06831,0.06911,0.06591,0.06632,5921839.140381
1720137600,0.06636,0.06643,0.05857,0.06005,49516940.555167
1720152000,0.06003,0.06274,0.0588,0.06219,17152968.727306
1720166400,0.06216,0.06481,0.06014,0.06451,11199388.661971
1720180800,0.06451,0.06676,0.06338,0.06672,11024399.175461
1720195200,0.06672,0.06895,0.0662,0.06709,9185618.42315
1720209600,0.06715,0.06745,0.06646,0.0671,2922925.8757
1720224000,0.06711,0.0686,0.06622,0.06741,2797619.401887
1720238400,0.06741,0.06776,0.06663,0.06743,2621845.67677
1720252800,0.06737,0.06858,0.06698,0.06782,3075585.176822
1720267200,0.06767,0.06833,0.06736,0.06786,6817608.648526
1720281600,0.06785,0.071,0.06769,0.07025,10134065.483551
1720296000,0.07025,0.07101,0.0698,0.06997,3988835.666181
1720310400,0.07,0.07006,0.0689,0.06927,4107080.133946
1720324800,0.06931,0.06932,0.06761,0.06803,4505221.439757
1720339200,0.06801,0.06843,0.06744,0.06773,4894129.611466
1720353600,0.06771,0.06817,0.06566,0.06636,4847666.898557
1720368000,0.06634,0.06707,0.0662,0.06629,3792050.929812
1720382400,0.0663,0.06656,0.06418,0.0646,5111526.000374
1720396800,0.06467,0.06502,0.06235,0.06425,14018090.845329
1720411200,0.06428,0.06522,0.06375,0.06446,6288190.483935
1720425600,0.06443,0.06843,0.06434,0.06756,11647586.019933
1720440000,0.06757,0.0677,0.06425,0.06549,17890777.995853
1720454400,0.06543,0.06641,0.06485,0.06632,6184111.017149
1720468800,0.06627,0.0667,0.06565,0.06637,5123297.510751
1720483200,0.06633,0.06792,0.06603,0.06696,7375441.519053
1720497600,0.067,0.0683,0.0668,0.0682,4963579.369854
1720512000,0.06825,0.06911,0.06723,0.06739,9582557.362928
1720526400,0.06733,0.06831,0.06655,0.06734,9948605.400314
1720540800,0.06734,0.06779,0.0669,0.06733,3823029.463609
1720555200,0.06726,0.0683,0.06716,0.06782,3294844.4376
1720569600,0.06781,0.06785,0.06695,0.0677,2318203.175303
1720584000,0.06773,0.06935,0.06773,0.06867,4078083.346129
1720598400,0.06861,0.06863,0.0674,0.06783,2664761.374479
1720612800,0.06781,0.06793,0.066,0.06678,10537667.330385
1720627200,0.06678,0.06724,0.0659,0.06612,6590669.987347
1720641600,0.06615,0.06654,0.0655,0.06645,4143287.774285
1720656000,0.06644,0.06706,0.06561,0.06635,5646925.726001
1720670400,0.06621,0.06725,0.06617,0.0671,4128029.507702
1720684800,0.0671,0.06764,0.06653,0.06733,4856671.778075
1720699200,0.06737,0.06873,0.06625,0.06641,10801138.802408
1720713600,0.06643,0.0674,0.06594,0.06646,4680007.54597
1720728000,0.06642,0.06666,0.06536,0.06564,5243797.135937
1720742400,0.06566,0.06632,0.06497,0.06527,3537611.041837
1720756800,0.06517,0.06605,0.06485,0.0656,2608051.906667
1720771200,0.06556,0.06578,0.06474,0.06567,3058590.623256
1720785600,0.06563,0.06751,0.06546,0.06726,5786806.179646
1720800000,0.06726,0.0677,0.06673,0.06717,3818134.998907
1720814400,0.06721,0.06736,0.06647,0.06731,4165227.720006
1720828800,0.06733,0.06758,0.06699,0.06704,1780355.281727
1720843200,0.067,0.0677,0.06686,0.06761,2877217.760205
1720857600,0.06761,0.06848,0.06758,0.06829,4468794.749327
1720872000,0.06832,0.06875,0.06804,0.06854,3726425.656222
1720886400,0.06863,0.06964,0.0683,0.06947,1911123.063098
1720900800,0.06946,0.07213,0.06875,0.07137,14066910.309237
1720915200,0.07135,0.07323,0.07066,0.07086,9071761.878872
1720929600,0.07084,0.07178,0.07079,0.07098,5263229.933745
1720944000,0.07098,0.07125,0.07031,0.07047,4400603.881026
1720958400,0.07049,0.07055,0.06944,0.0705,4409079.659244
1720972800,0.07052,0.07099,0.07018,0.07082,1656141.451496
1720987200,0.07079,0.07256,0.07073,0.07208,6501320.722087
1721001600,0.07211,0.07355,0.07187,0.07355,4546040.879796
1721016000,0.07357,0.07486,0.0733,0.07437,6024981.88827
1721030400,0.07437,0.07503,0.07346,0.0735,6785137.795986
1721044800,0.07348,0.0751,0.07333,0.07411,10138384.04087
1721059200,0.07405,0.07774,0.07394,0.0772,14821481.069001
1721073600,0.07716,0.07927,0.07716,0.0782,10883079.274131
1721088000,0.07825,0.07904,0.0772,0.07879,9602780.336959
1721102400,0.0788,0.07927,0.07524,0.07598,10236178.815076
1721116800,0.07597,0.0766,0.07491,0.07579,9193207.131238
1721131200,0.07581,0.07794,0.07518,0.07782,6693269.134046
1721145600,0.07781,0.07823,0.07644,0.07692,5593938.099435
1721160000,0.07693,0.07729,0.07588,0.07656,5338617.133517
1721174400,0.07658,0.07823,0.07639,0.07712,8120270.182783
1721188800,0.07712,0.07806,0.07678,0.07774,3476068.883965
1721203200,0.07775,0.07857,0.07676,0.07762,7427786.244878
1721217600,0.07761,0.079,0.07669,0.07675,6225697.241733
1721232000,0.07675,0.07679,0.07524,0.07606,6362137.367548
1721246400,0.07613,0.07662,0.07529,0.07531,2709626.493412
1721260800,0.07534,0.07624,0.07515,0.07581,2278692.823899
1721275200,0.07578,0.07581,0.07422,0.07434,4163601.695436
1721289600,0.07433,0.07519,0.07407,0.07489,5004897.60186
1721304000,0.07485,0.0758,0.07241,0.07242,9013050.823953
1721318400,0.07242,0.07299,0.07099,0.07223,8745899.177468
1721332800,0.07219,0.07285,0.07198,0.07276,4475065.271715
1721347200,0.07277,0.07358,0.0713,0.07332,9343209.400838
1721361600,0.07334,0.07367,0.07215,0.07243,6924184.024968
1721376000,0.07235,0.07265,0.07142,0.0723,7564618.304033
1721390400,0.07229,0.07431,0.07174,0.07431,9671961.263499
1721404800,0.07431,0.07519,0.07428,0.07516,10264135.895125
1721419200,0.0751,0.07563,0.07458,0.07466,6558384.623529
1721433600,0.07466,0.0761,0.07433,0.07462,8929532.306309
1721448000,0.07458,0.07506,0.07438,0.0748,4039602.978446
1721462400,0.07477,0.07477,0.07409,0.07415,4643042.386107
1721476800,0.0741,0.07481,0.07321,0.07456,5810081.716168
1721491200,0.07458,0.07531,0.07407,0.0746,6599298.791846
1721505600,0.0746,0.07478,0.07409,0.07463,4176900.020693
1721520000,0.07463,0.07587,0.0746,0.07522,5340853.178401
1721534400,0.07514,0.07515,0.07334,0.07375,4123531.769351
1721548800,0.07374,0.07429,0.07352,0.07382,2738150.323095
1721563200,0.07369,0.07382,0.0722,0.07302,6225000.4711
1721577600,0.07307,0.07377,0.07022,0.07234,11469472.836242
1721592000,0.07234,0.07483,0.0721,0.07473,6167165.289242
1721606400,0.0748,0.07538,0.07355,0.07363,4155036.572773
1721620800,0.07363,0.07389,0.07175,0.07208,4881545.527775
1721635200,0.07203,0.07264,0.07179,0.07254,3664651.131388
1721649600,0.07253,0.07311,0.07149,0.07191,4013073.857126
1721664000,0.07192,0.07235,0.07156,0.07235,2368185.26214
1721678400,0.07235,0.0724,0.0705,0.07079,7738793.686654
1721692800,0.0708,0.07154,0.07018,0.07064,8947955.743633
1721707200,0.07061,0.07068,0.06862,0.06933,8049920.974343
1721721600,0.06937,0.07134,0.06928,0.07024,4955851.384072
1721736000,0.07023,0.0704,0.0688,0.06944,10496958.149409
1721750400,0.06939,0.06942,0.06692,0.06859,10948168.331918
1721764800,0.06865,0.06886,0.06782,0.06827,4861953.920154
1721779200,0.06826,0.06866,0.06748,0.06825,6751812.26848
1721793600,0.06823,0.0689,0.06744,0.06884,3053150.365675
1721808000,0.06884,0.06969,0.06876,0.06927,2285969.014045
1721822400,0.06924,0.07025,0.06867,0.06873,3157787.45398
1721836800,0.06874,0.06911,0.0671,0.06732,2175973.599201
1721851200,0.06739,0.06765,0.06593,0.06651,7640279.038483
1721865600,0.0665,0.06699,0.06415,0.06497,18799053.787032
1721880000,0.06495,0.06585,0.06441,0.06563,6623603.112363
1721894400,0.06557,0.06616,0.06422,0.06422,4267335.913376
1721908800,0.06421,0.06573,0.06382,0.06547,7955945.965112
1721923200,0.06549,0.06624,0.06383,0.06489,9265772.694793
1721937600,0.06471,0.06635,0.06388,0.06599,14173925.606897
1721952000,0.06598,0.06735,0.06591,0.06688,10671150.969443
1721966400,0.06688,0.06804,0.06688,0.06761,5485015.113118
1721980800,0.06759,0.0677,0.06703,0.06749,5483476.745206
1721995200,0.06747,0.06806,0.06682,0.0674,7000010.059659
1722009600,0.06751,0.06861,0.06746,0.06812,8569968.185306
1722024000,0.06814,0.06843,0.06769,0.0684,4745364.481289
1722038400,0.06842,0.06902,0.06795,0.06846,4771180.386545
1722052800,0.06846,0.06915,0.06845,0.06885,2617566.816819
1722067200,0.06882,0.0696,0.06877,0.06922,6795965.972158
1722081600,0.0692,0.07023,0.06843,0.06885,6376903.248076
1722096000,0.06889,0.06917,0.06819,0.06869,5083410.584853
1722110400,0.06871,0.06942,0.06742,0.06871,8127205.551014
1722124800,0.06874,0.06919,0.06814,0.0685,2681946.655589
1722139200,0.06851,0.06862,0.06746,0.06835,3659621.270867
1722153600,0.06834,0.06907,0.06805,0.06863,2658350.662728
1722168000,0.06863,0.06901,0.06767,0.06769,3554939.833378
1722182400,0.06769,0.06813,0.06758,0.06797,2850638.9678
1722196800,0.06797,0.06797,0.06677,0.06759,2867138.301375
1722211200,0.06758,0.06937,0.06748,0.06865,7597625.566235
1722225600,0.06866,0.06927,0.06848,0.06901,5166445.852229
1722240000,0.06911,0.06942,0.06867,0.06884,3976804.665633
1722254400,0.06878,0.06932,0.0671,0.06753,10250504.516417
1722268800,0.06753,0.06763,0.06656,0.06747,4880346.03764
1722283200,0.06746,0.06752,0.06676,0.06715,2634898.540872
1722297600,0.06712,0.06822,0.06648,0.06779,4797487.759621
1722312000,0.06773,0.06807,0.06716,0.0677,2194425.849069
1722326400,0.06772,0.06783,0.06642,0.06677,5324856.629985
1722340800,0.06675,0.06724,0.066,0.0669,6832027.497972
1722355200,0.06686,0.06698,0.06528,0.06555,6321160.210824
1722369600,0.06552,0.06615,0.06474,0.06599,4622280.692995
1722384000,0.06596,0.06655,0.06549,0.06605,3954024.975041
1722398400,0.066,0.06694,0.06522,0.06672,4138512.514065
1722412800,0.06678,0.06678,0.0657,0.06603,3263487.708275
1722427200,0.06605,0.06701,0.06568,0.06585,4500280.293931
1722441600,0.06586,0.06617,0.06265,0.06295,19409744.12249
1722456000,0.06292,0.06347,0.06229,0.06298,9405438.192767
1722470400,0.06297,0.06353,0.06253,0.06279,6080610.349845
1722484800,0.06275,0.063,0.06136,0.06197,6694845.467034
1722499200,0.06198,0.06272,0.06197,0.06221,5587750.00247
1722513600,0.06218,0.06288,0.06029,0.06038,10815125.967719
1722528000,0.06032,0.06161,0.05894,0.06158,18965798.508179
1722542400,0.06153,0.0639,0.0612,0.06333,14926906.866814
1722556800,0.06332,0.06406,0.06153,0.0622,9379827.875777
1722571200,0.0622,0.06232,0.0604,0.0613,4646608.666028
1722585600,0.06136,0.06163,0.0607,0.06139,3790850.811096
1722600000,0.06142,0.06269,0.05884,0.06052,17476879.848833
1722614400,0.06051,0.06065,0.05913,0.05967,11730693.681327
1722628800,0.05968,0.06002,0.05878,0.05954,9021254.028614
1722643200,0.05952,0.05983,0.05792,0.05912,9554995.882684
1722657600,0.05915,0.05977,0.05901,0.05941,3410313.587599
1722672000,0.05938,0.05949,0.05877,0.05906,4595996.552652
1722686400,0.05907,0.05975,0.0578,0.05788,9243554.223973
1722700800,0.05779,0.05826,0.05614,0.05642,17115020.031548
1722715200,0.05637,0.05832,0.05616,0.05826,8140375.052558
1722729600,0.05824,0.05882,0.05771,0.05846,5131462.054095
1722744000,0.05844,0.05885,0.05782,0.05799,5119913.463113
1722758400,0.05798,0.05846,0.05751,0.05804,5799656.982542
1722772800,0.0581,0.05858,0.05566,0.05578,11508409.612989
1722787200,0.05579,0.05652,0.05343,0.05599,32652484.075419
1722801600,0.05597,0.05664,0.0551,0.0553,9758079.920628
1722816000,0.05533,0.05591,0.04714,0.04917,99510898.532478
1722830400,0.04918,0.05154,0.04535,0.05141,73006521.561294
1722844800,0.0514,0.05142,0.04677,0.04863,51646574.384693
1722859200,0.04863,0.0533,0.04657,0.05289,86195324.909014
1722873600,0.05282,0.05435,0.05124,0.05189,31967130.670005
1722888000,0.05191,0.0532,0.0518,0.05212,13875788.541547
1722902400,0.05214,0.05566,0.05207,0.0547,20889191.507648
1722916800,0.05475,0.05633,0.05441,0.05585,11152387.439502
1722931200,0.05586,0.05593,0.05385,0.05428,12385865.651818
1722945600,0.05426,0.05613,0.05361,0.0556,22225603.181727
1722960000,0.05563,0.05645,0.05538,0.0559,9256084.316192
1722974400,0.0559,0.05634,0.05443,0.05512,13234989.519891
1722988800,0.05508,0.05629,0.0545,0.05589,8196040.624143
1723003200,0.05586,0.05711,0.05586,0.05642,11248722.000667
1723017600,0.0563,0.05681,0.05551,0.05551,9887867.180689
1723032000,0.05552,0.05643,0.0538,0.0544,11820628.289713
1723046400,0.05441,0.05452,0.05203,0.05221,11217685.394071
1723060800,0.05226,0.05267,0.05083,0.05143,18023199.135564
1723075200,0.05147,0.05403,0.05071,0.05283,16025036.947032
1723089600,0.05295,0.05368,0.05274,0.05275,6264826.248204
1723104000,0.05276,0.05341,0.05271,0.0531,6498500.463196
1723118400,0.05312,0.05524,0.05282,0.05514,13188935.328823
1723132800,0.05517,0.0565,0.05513,0.0563,7874896.429205
1723147200,0.05634,0.05927,0.05633,0.05906,18727802.460917
1723161600,0.05906,0.05911,0.05787,0.05816,10400178.011905
1723176000,0.05809,0.05867,0.05717,0.05832,11901955.898792
1723190400,0.05842,0.05843,0.05687,0.05716,9611998.425639
1723204800,0.05716,0.05759,0.05573,0.05576,11888195.137558
1723219200,0.0558,0.05629,0.05546,0.05566,6995700.918164
1723233600,0.05569,0.05634,0.05523,0.05632,7508195.784584
1723248000,0.0563,0.05705,0.05499,0.05536,7962469.062482
1723262400,0.05536,0.05583,0.05496,0.05567,6354957.800884
1723276800,0.05564,0.05608,0.0553,0.05608,4944682.758815
1723291200,0.05606,0.05616,0.05534,0.05579,4693848.287876
1723305600,0.05576,0.05627,0.05574,0.05602,5683625.486603
1723320000,0.05603,0.05626,0.05569,0.05594,4598709.019562
1723334400,0.05595,0.0568,0.05573,0.05636,4177510.602614
1723348800,0.05637,0.05683,0.05613,0.05665,2725358.937792
1723363200,0.05666,0.05735,0.05547,0.05573,6805960.73995
1723377600,0.0557,0.05581,0.05432,0.0545,6398302.025018
1723392000,0.05447,0.05492,0.05349,0.05352,6880504.784693
1723406400,0.05353,0.05363,0.05256,0.05267,7969141.001203
1723420800,0.05263,0.05359,0.05263,0.05332,4234765.082092
1723435200,0.05332,0.05385,0.05253,0.05368,3652304.660329
1723449600,0.05369,0.05511,0.0533,0.0551,5678421.749684
1723464000,0.05506,0.05552,0.0527,0.05478,9745803.436572
1723478400,0.05476,0.05496,0.05286,0.05321,6235312.737314
1723492800,0.05322,0.0541,0.0527,0.0539,6721109.789807
1723507200,0.0539,0.0541,0.05277,0.05288,5864109.766578
1723521600,0.05287,0.05304,0.05196,0.05256,9842806.215025
1723536000,0.05257,0.05257,0.05173,0.05234,6351363.872291
1723550400,0.05238,0.05331,0.05222,0.05299,8038995.969997
1723564800,0.053,0.05463,0.05295,0.05418,7500231.910186
1723579200,0.05417,0.05449,0.0538,0.05428,7975905.497312
1723593600,0.05426,0.05434,0.05363,0.05416,4973212.876876
1723608000,0.05404,0.05428,0.05371,0.05384,2701039.534025
1723622400,0.05383,0.05491,0.0537,0.05427,4498505.778147
1723636800,0.05424,0.05523,0.05291,0.0543,11993484.947771
1723651200,0.05426,0.05436,0.05291,0.05307,4841658.107427
1723665600,0.05307,0.05367,0.05284,0.05364,2742890.234829
1723680000,0.05362,0.05418,0.05336,0.05358,7192286.492853
1723694400,0.0536,0.0545,0.05277,0.05318,11889718.718142
1723708800,0.05314,0.05346,0.05253,0.05344,7112177.109624
1723723200,0.05344,0.05416,0.05327,0.05363,8971870.425424
1723737600,0.05363,0.05373,0.05134,0.05188,15280670.867182
1723752000,0.05182,0.05225,0.05119,0.05193,8690076.062466
1723766400,0.05192,0.05264,0.05164,0.05205,6584695.286692
1723780800,0.05204,0.05271,0.05198,0.05242,6994366.058747
1723795200,0.05244,0.05258,0.05187,0.05191,7018260.814006
1723809600,0.05193,0.05224,0.05063,0.05104,12209175.175155
1723824000,0.05104,0.05234,0.05099,0.0523,6775916.949914
1723838400,0.05228,0.0525,0.05189,0.05191,4060755.76903
1723852800,0.0519,0.05197,0.05147,0.0517,3695531.89365
1723867200,0.0517,0.05185,0.05146,0.05171,1929217.443834
1723881600,0.05168,0.05168,0.05118,0.05137,2736157.961188
1723896000,0.05141,0.0523,0.0514,0.05212,2008394.920259
1723910400,0.05209,0.05272,0.05204,0.05243,1698638.045075
1723924800,0.05243,0.05273,0.05228,0.05263,1874630.11309
1723939200,0.05261,0.05291,0.05216,0.0523,3065481.706695
1723953600,0.05228,0.0526,0.05212,0.05217,1856906.944477
1723968000,0.05217,0.05355,0.05215,0.05336,4971813.923693
1723982400,0.05337,0.05522,0.05336,0.05435,10862602.014195
1723996800,0.05442,0.05442,0.05319,0.05411,4763728.040536
1724011200,0.05411,0.05414,0.05307,0.05313,3604318.288924
1724025600,0.05313,0.05336,0.05272,0.0533,3317228.613477
1724040000,0.05326,0.0533,0.05246,0.05255,2618305.137877
1724054400,0.05254,0.05347,0.05233,0.05337,7134290.285615
1724068800,0.05341,0.05378,0.05265,0.05269,6189491.512209
1724083200,0.05259,0.05361,0.05235,0.05345,6085966.818308
1724097600,0.05341,0.05438,0.05333,0.05431,4763777.121367
1724112000,0.05432,0.0551,0.05399,0.05483,5766912.75793
1724126400,0.05486,0.0555,0.05471,0.0549,4817656.87776
1724140800,0.05491,0.05502,0.05434,0.05435,5134275.152225
1724155200,0.05439,0.05456,0.05301,0.05342,9261122.646311
1724169600,0.05343,0.05405,0.05304,0.05387,3329974.474384
1724184000,0.05391,0.05416,0.05344,0.05371,5696015.064866
1724198400,0.0537,0.05397,0.05309,0.05352,3066302.310492
1724212800,0.05355,0.0539,0.05306,0.05338,3553397.861469
1724227200,0.05339,0.05358,0.05276,0.053,6290595.356336
1724241600,0.05296,0.05379,0.05226,0.05347,6441679.087171
1724256000,0.05349,0.05547,0.0533,0.05499,8223549.493757
1724270400,0.05501,0.05565,0.0546,0.05477,8626040.470326
1724284800,0.05475,0.05522,0.05406,0.05463,9409481.890963
1724299200,0.05466,0.05487,0.0544,0.05451,5947874.900728
1724313600,0.05453,0.05553,0.05443,0.05528,6953777.129298
1724328000,0.05527,0.05572,0.05458,0.05479,8654398.940318
1724342400,0.05479,0.05535,0.05464,0.05471,6666508.058228
1724356800,0.05474,0.05544,0.05464,0.05524,4598141.862599
1724371200,0.05526,0.05597,0.05513,0.05584,6423328.367415
1724385600,0.05584,0.05654,0.0556,0.05631,8202325.623524
1724400000,0.0563,0.05671,0.05598,0.05619,6908043.593212
1724414400,0.05616,0.05912,0.05614,0.05839,21300215.249361
1724428800,0.05838,0.05966,0.05782,0.05919,12284763.09675
1724443200,0.0592,0.05993,0.05912,0.05948,6939099.654117
1724457600,0.05949,0.05983,0.05855,0.05859,4377980.35426
1724472000,0.0586,0.05932,0.0586,0.05908,4545727.231552
1724486400,0.05907,0.0605,0.05878,0.06014,6312517.50117
1724500800,0.06015,0.06087,0.05993,0.06023,5292544.241871
1724515200,0.06021,0.0617,0.06016,0.06113,8683301.61215
1724529600,0.06118,0.06206,0.05942,0.06044,10383233.814048
1724544000,0.06044,0.06059,0.05852,0.05954,9505121.333242
1724558400,0.05955,0.05985,0.05754,0.0581,7608722.331605
1724572800,0.05805,0.05905,0.05778,0.05863,5214248.982866
1724587200,0.05865,0.05959,0.05848,0.05902,3518746.120709
1724601600,0.059,0.05936,0.0585,0.05885,2404945.632797
1724616000,0.0589,0.06009,0.05881,0.05897,4037047.43653
1724630400,0.05897,0.0594,0.05776,0.0585,2901216.684452
1724644800,0.05848,0.05877,0.05759,0.05799,3449794.921889
1724659200,0.058,0.05892,0.05771,0.05813,3042504.405974
1724673600,0.0582,0.05843,0.05687,0.05699,5004987.449278
1724688000,0.05696,0.05751,0.05566,0.05603,5549863.961864
1724702400,0.05603,0.05653,0.0556,0.05593,2765654.920058
1724716800,0.05592,0.05684,0.05592,0.05625,4836170.772442
1724731200,0.05625,0.05674,0.05553,0.05561,6291144.681131
1724745600,0.05563,0.05607,0.05438,0.0547,11234483.606484
1724760000,0.05471,0.05504,0.05418,0.05445,6335494.971689
1724774400,0.05445,0.05505,0.05423,0.05463,4221803.058949
1724788800,0.05461,0.05461,0.05101,0.05249,16910379.854662
1724803200,0.0525,0.05271,0.05175,0.05258,10767090.077041
1724817600,0.05257,0.05285,0.05188,0.05191,6821208.962952
1724832000,0.05191,0.05397,0.05161,0.05336,8423682.916383
1724846400,0.0533,0.05347,0.05156,0.05205,8923926.253385
1724860800,0.05198,0.0523,0.05029,0.05139,14100431.247522
1724875200,0.05146,0.05213,0.05062,0.05128,9799428.227394
1724889600,0.05128,0.05181,0.05103,0.05131,5444440.823611
1724904000,0.0513,0.05181,0.05107,0.05157,5704519.8906
1724918400,0.05155,0.0522,0.05123,0.05181,5549678.659577
1724932800,0.05174,0.05309,0.05165,0.05267,6365371.579961
1724947200,0.05265,0.05278,0.05042,0.05092,9264263.225777
1724961600,0.0509,0.05129,0.05049,0.05119,4881391.144806
1724976000,0.05116,0.05154,0.05076,0.05089,3053149.938364
1724990400,0.05086,0.05154,0.05073,0.05121,3000128.683663
1725004800,0.05121,0.05184,0.05121,0.0513,3935411.066699
1725019200,0.05131,0.05163,0.04956,0.04978,10015536.71224
1725033600,0.04981,0.05139,0.04964,0.05085,6952963.660338
1725048000,0.05086,0.05171,0.05086,0.05132,3310215.681963
1725062400,0.05135,0.05168,0.05114,0.05114,3064227.844586
1725076800,0.05114,0.05128,0.05089,0.05089,2056677.787218
1725091200,0.05091,0.0511,0.05036,0.05082,2770523.517054
1725105600,0.05079,0.05093,0.05022,0.05039,2809751.753253
1725120000,0.05043,0.05043,0.04954,0.0498,5208547.695364
1725134400,0.04981,0.05036,0.0497,0.05001,2138069.850877
1725148800,0.05001,0.05011,0.0491,0.04966,3054918.464285
1725163200,0.04968,0.04981,0.04872,0.04941,2366693.971455
1725177600,0.0495,0.04953,0.04858,0.04892,1780825.226497
1725192000,0.04892,0.04909,0.04802,0.04906,4059768.586358
1725206400,0.04906,0.04946,0.04814,0.0493,2514968.90559
1725220800,0.04925,0.04961,0.04754,0.04801,5970976.588118
1725235200,0.04791,0.04868,0.04791,0.0485,3205936.096073
1725249600,0.04848,0.04869,0.04791,0.04818,1989403.616956
1725264000,0.0482,0.05012,0.04814,0.04977,3529419.210553
1725278400,0.04978,0.05052,0.04945,0.05017,4757117.112776
1725292800,0.05019,0.05043,0.04983,0.04993,1365107.416342
1725307200,0.05,0.05104,0.04995,0.05084,3385708.109363
1725321600,0.0508,0.05173,0.05057,0.05113,4203263.002349
1725336000,0.05117,0.05138,0.05089,0.05135,1654016.473797
1725350400,0.05137,0.05137,0.05076,0.05108,1699162.162451
1725364800,0.05106,0.05129,0.0488,0.04887,5961806.573017
1725379200,0.04885,0.04979,0.04877,0.04946,3886972.104199
1725393600,0.04949,0.04958,0.04879,0.04892,5057019.082401
1725408000,0.04891,0.04928,0.04707,0.04874,11302997.761129
1725422400,0.04875,0.04913,0.04823,0.04894,4458731.315405
1725436800,0.04895,0.04912,0.04807,0.04821,3605993.805427
1725451200,0.0482,0.05004,0.04807,0.04998,5444812.911081
1725465600,0.04996,0.05075,0.04905,0.04932,7935151.662534
1725480000,0.04931,0.04978,0.04912,0.04935,2430164.003279
1725494400,0.04934,0.04973,0.04841,0.04852,4245689.109632
1725508800,0.04846,0.04916,0.04837,0.04895,2384819.481485
1725523200,0.04893,0.04904,0.04814,0.04833,2245562.982968
1725537600,0.04835,0.04896,0.04765,0.04813,6192703.462698
1725552000,0.0481,0.04854,0.04762,0.0478,3958728.078163
1725566400,0.04779,0.0483,0.04773,0.04815,2592183.320353
1725580800,0.04812,0.04852,0.04784,0.0482,3416227.465211
1725595200,0.0482,0.04833,0.04735,0.04774,3965580.806205
1725609600,0.04774,0.048,0.04726,0.04776,4862572.428748
1725624000,0.04778,0.04892,0.04703,0.04764,11306218.779338
1725638400,0.0476,0.04761,0.04646,0.0468,5586558.908748
1725652800,0.04669,0.04722,0.04572,0.04722,7416478.31083
1725667200,0.04721,0.04753,0.04697,0.04706,1407895.828786
1725681600,0.04711,0.04816,0.04704,0.04805,2072620.987737
1725696000,0.04804,0.04819,0.04774,0.04779,1037366.899984
1725710400,0.04781,0.04906,0.04781,0.04874,2453109.962628
1725724800,0.04876,0.04882,0.04808,0.04869,1797772.571342
1725739200,0.04862,0.04867,0.04781,0.04861,3140982.822348
1725753600,0.04859,0.0489,0.04809,0.0489,2309642.910379
1725768000,0.04889,0.04978,0.04889,0.04973,1537360.261471
1725782400,0.04974,0.05,0.04948,0.0495,1472174.48281
1725796800,0.04951,0.04962,0.04864,0.04864,1555460.58794
1725811200,0.04868,0.04975,0.04845,0.04933,1807747.453543
1725825600,0.04926,0.04999,0.04906,0.04949,3665821.798371
1725840000,0.04953,0.05016,0.04946,0.04994,2996449.239637
1725854400,0.04989,0.05035,0.04939,0.05032,1856206.302437
1725868800,0.05034,0.05085,0.05033,0.05051,1822971.699536
1725883200,0.05053,0.05098,0.05012,0.05068,2053121.841188
1725897600,0.05078,0.05135,0.05076,0.05129,5965147.754077
1725912000,0.05126,0.05161,0.05095,0.05106,3004676.532529
1725926400,0.05107,0.05108,0.05003,0.05012,3210395.831812
1725940800,0.05013,0.05066,0.05007,0.05056,1622816.915907
1725955200,0.05066,0.05087,0.05016,0.05078,3253833.416629
1725969600,0.05077,0.05098,0.05029,0.0504,2460552.890977
1725984000,0.05038,0.05114,0.05038,0.05113,2523565.291012
1725998400,0.05107,0.05125,0.05074,0.05092,1972720.2772
1726012800,0.05093,0.05093,0.04987,0.0499,3497499.995765
1726027200,0.04989,0.04989,0.04908,0.0496,4038060.91702
1726041600,0.04959,0.04963,0.04915,0.04951,3145599.970132
1726056000,0.04949,0.05016,0.04869,0.04976,7412197.709033
1726070400,0.04973,0.05069,0.04968,0.05014,3070096.387952
1726084800,0.05006,0.05033,0.04987,0.05002,1784312.197183
1726099200,0.05001,0.05091,0.05001,0.05062,2681136.078652
1726113600,0.05055,0.05088,0.05046,0.05061,1301426.179016
1726128000,0.05062,0.05094,0.05039,0.05046,638585.871228
1726142400,0.05047,0.05102,0.04976,0.04992,8467176.309808
1726156800,0.04989,0.05043,0.04987,0.05039,1783788.458222
1726171200,0.05031,0.05061,0.05016,0.0506,1492227.188683
1726185600,0.05061,0.05101,0.05034,0.05074,2976705.582411
1726200000,0.0507,0.05118,0.05069,0.0511,2220321.730486
1726214400,0.05109,0.05212,0.05101,0.05148,4559979.857775
1726228800,0.05144,0.05277,0.05092,0.05256,4189427.010521
1726243200,0.05256,0.05274,0.05211,0.05243,2753944.085414
1726257600,0.05241,0.0529,0.05229,0.05238,1425633.969629
1726272000,0.05239,0.05289,0.05239,0.05275,2164840.489996
1726286400,0.05272,0.05274,0.05193,0.05209,1103579.890952
1726300800,0.05208,0.05211,0.05158,0.05178,2009894.750514
1726315200,0.05176,0.05215,0.05164,0.05203,2203650.501111
1726329600,0.05204,0.05208,0.05122,0.05135,2951424.119623
1726344000,0.05136,0.05182,0.05135,0.05167,1824006.40195
1726358400,0.05164,0.05197,0.05144,0.05168,1645910.355091
1726372800,0.05169,0.052,0.05145,0.05176,1576714.957972
1726387200,0.05177,0.05182,0.05124,0.05156,1708683.360572
1726401600,0.05151,0.05189,0.05131,0.05171,2228109.183039
1726416000,0.05162,0.05173,0.05087,0.05109,1914959.116172
1726430400,0.05104,0.05117,0.04956,0.0501,5092240.912845
1726444800,0.05008,0.0501,0.04916,0.04976,4423698.877699
1726459200,0.04976,0.05036,0.04959,0.05036,2135636.203893
1726473600,0.05035,0.05062,0.04961,0.05015,4860870.869613
1726488000,0.05015,0.05023,0.04947,0.04968,5672078.225904
1726502400,0.04969,0.04992,0.0492,0.04959,2925734.712643
1726516800,0.04943,0.04959,0.04911,0.04952,2271095.633685
1726531200,0.04943,0.04956,0.0489,0.04944,2147091.206231
1726545600,0.04944,0.04999,0.04936,0.04961,2221876.878742
1726560000,0.04962,0.04982,0.04939,0.04954,2859388.147195
1726574400,0.04946,0.05074,0.04915,0.05065,6641749.22702
1726588800,0.05057,0.05083,0.04945,0.04975,2319366.317055
1726603200,0.0497,0.05002,0.04958,0.04991,2628580.44204
1726617600,0.04989,0.05001,0.04939,0.04981,1490441.572175
1726632000,0.0498,0.04988,0.04937,0.04946,2248611.480843
1726646400,0.04943,0.04944,0.04846,0.04885,2843328.960139
1726660800,0.04885,0.04911,0.04847,0.04849,4067256.340733
1726675200,0.04845,0.05024,0.04841,0.04947,13383750.164081
1726689600,0.04948,0.0508,0.0491,0.05077,5049836.948205
1726704000,0.05077,0.052,0.05077,0.05191,9890559.945184
1726718400,0.05192,0.05345,0.05139,0.05195,20508404.580982
1726732800,0.05197,0.05223,0.05132,0.05219,16526192.606133
1726747200,0.05222,0.05243,0.05167,0.05198,8079749.892788
1726761600,0.05198,0.0529,0.05179,0.05194,8101870.369352
1726776000,0.05199,0.05215,0.05127,0.05168,5594736.526984
1726790400,0.0517,0.05247,0.05089,0.05247,7414309.012243
1726804800,0.05246,0.05371,0.05244,0.05351,11051223.96752
1726819200,0.05351,0.05353,0.05188,0.05239,9170643.583332
1726833600,0.05237,0.0527,0.05149,0.05194,15339169.022676
1726848000,0.05191,0.05236,0.05129,0.05176,5895461.283507
1726862400,0.05177,0.05289,0.05169,0.05289,4013456.904642
1726876800,0.05286,0.05357,0.05247,0.05317,10940950.81379
1726891200,0.05314,0.05431,0.05258,0.05405,10911431.738997
1726905600,0.05406,0.05465,0.05359,0.05405,11600358.064358
1726920000,0.05404,0.05614,0.05397,0.05523,18032782.389095
1726934400,0.05521,0.0557,0.05472,0.05487,10755081.200718
1726948800,0.05482,0.05613,0.05452,0.0561,6290027.946415
1726963200,0.05607,0.05611,0.05422,0.05487,10739429.932691
1726977600,0.05486,0.05505,0.05389,0.05415,4748042.525577
1726992000,0.05415,0.05443,0.05314,0.05362,5646496.923345
1727006400,0.05362,0.05378,0.05288,0.05322,7415997.540781
1727020800,0.05317,0.05406,0.05282,0.05377,4352591.076557
1727035200,0.05378,0.05415,0.0524,0.05378,7273394.93724
1727049600,0.05378,0.05543,0.05265,0.05499,6441486.835001
1727064000,0.05501,0.05603,0.05453,0.05514,6392777.656433
1727078400,0.05515,0.05679,0.05458,0.05599,10675507.455741
1727092800,0.05598,0.05673,0.05544,0.05657,10137786.941222
1727107200,0.05661,0.05752,0.05605,0.05718,6336742.558904
1727121600,0.05717,0.05805,0.05697,0.05787,14024826.327583
1727136000,0.05788,0.05796,0.05638,0.05678,10898231.440964
1727150400,0.05674,0.05797,0.05617,0.05789,4528318.056907
1727164800,0.0579,0.05812,0.0568,0.05706,7052912.056764
1727179200,0.05709,0.05748,0.05568,0.05612,11787777.913901
1727193600,0.05615,0.05733,0.05603,0.05722,5105817.673273
1727208000,0.05729,0.05808,0.05681,0.05775,12202473.048552
1727222400,0.05775,0.05912,0.05726,0.05902,8725266.333887
1727236800,0.05906,0.06005,0.05831,0.05913,17560280.074051
1727251200,0.05914,0.06043,0.05914,0.05974,14365250.042424
1727265600,0.05972,0.06002,0.05812,0.0585,13431510.842789
1727280000,0.05852,0.05907,0.05785,0.05811,7953692.102766
1727294400,0.05813,0.05954,0.05807,0.05853,8959410.572331
1727308800,0.05854,0.05858,0.05692,0.05791,14464728.852376
1727323200,0.05792,0.0588,0.05751,0.05869,8350428.967978
1727337600,0.05868,0.05922,0.05807,0.05888,11204094.306186
1727352000,0.05888,0.06119,0.05866,0.06119,14498307.876232
1727366400,0.06118,0.06215,0.06057,0.06139,9970280.774274
1727380800,0.06139,0.06182,0.06075,0.06172,9883273.726712
1727395200,0.06171,0.06218,0.06075,0.06206,13804813.005714
1727409600,0.06198,0.06289,0.06143,0.06148,13057136.004291
1727424000,0.06145,0.06194,0.06054,0.06112,8437822.766594
1727438400,0.06112,0.06237,0.0608,0.06158,7561154.867971
1727452800,0.06158,0.06219,0.06098,0.0615,6826728.256812
1727467200,0.06135,0.06198,0.06121,0.06185,5499719.43856
1727481600,0.06183,0.06343,0.06145,0.06333,8297172.926274
1727496000,0.06334,0.06382,0.06154,0.06156,9811553.976464
1727510400,0.0616,0.0619,0.06025,0.06145,8111375.138316
1727524800,0.06148,0.06149,0.06042,0.06112,7041148.719013
1727539200,0.06112,0.06142,0.06047,0.06128,4985213.561865
1727553600,0.0613,0.06132,0.06011,0.06122,4274482.577967
1727568000,0.06118,0.06171,0.06049,0.06161,5587178.632124
1727582400,0.06156,0.06163,0.05987,0.06002,5550459.904069
1727596800,0.06005,0.06078,0.06002,0.06063,4754180.194188
1727611200,0.06066,0.06086,0.05972,0.0606,11071200.143604
1727625600,0.06059,0.06244,0.0605,0.06211,9873909.896243
1727640000,0.06213,0.06254,0.06104,0.06141,6690224.171568
1727654400,0.06143,0.06171,0.0596,0.06018,14806991.016026
1727668800,0.06018,0.06076,0.05944,0.06064,10763434.548839
1727683200,0.06065,0.06065,0.05879,0.05949,9415173.643701
1727697600,0.0595,0.06023,0.05847,0.05851,7136147.864949
1727712000,0.05847,0.05909,0.05831,0.05852,7173246.420291
1727726400,0.05855,0.05917,0.05703,0.05743,13173485.496643
1727740800,0.05743,0.05885,0.05705,0.05876,7799220.361661
1727755200,0.05879,0.05939,0.0583,0.05914,4547620.79734
1727769600,0.05916,0.05928,0.05855,0.05862,5167297.153976
1727784000,0.0586,0.05884,0.05415,0.05537,23561579.789153
1727798400,0.05529,0.05555,0.05192,0.05327,25649263.522509
1727812800,0.05325,0.05337,0.05188,0.05282,11396754.992072
1727827200,0.05281,0.05416,0.05244,0.05399,9532416.516467
1727841600,0.05393,0.05477,0.05362,0.05437,6790968.294088
1727856000,0.05434,0.05466,0.05284,0.05326,9384897.230373
1727870400,0.05327,0.05363,0.05231,0.0532,11718045.925264
1727884800,0.05315,0.05361,0.05072,0.05137,13026664.581534
1727899200,0.05138,0.05205,0.05104,0.05166,10642727.230739
1727913600,0.05164,0.05243,0.05111,0.05243,12782281.374086
1727928000,0.05243,0.0525,0.05114,0.0512,9169624.862378
1727942400,0.05118,0.05149,0.05008,0.05076,13997026.295305
1727956800,0.05076,0.05141,0.05002,0.05093,17109819.315967
1727971200,0.05091,0.05196,0.05,0.0519,9803293.201515
1727985600,0.05189,0.05204,0.05128,0.05174,7938624.020685
1728000000,0.05172,0.05249,0.05144,0.05189,6147273.882173
1728014400,0.0519,0.05248,0.05184,0.05218,5121465.389847
1728028800,0.05219,0.05315,0.05207,0.05261,8381026.654768
1728043200,0.05258,0.05333,0.05222,0.05332,11811137.723205
1728057600,0.05332,0.0549,0.05331,0.05462,15533783.609104
1728072000,0.05454,0.0548,0.05385,0.05476,9455640.721374
1728086400,0.05477,0.05516,0.05345,0.05348,5978221.997507
1728100800,0.05349,0.05438,0.05348,0.0538,5134373.443444
1728115200,0.05374,0.05414,0.05357,0.0539,4635070.846734
1728129600,0.05389,0.05399,0.05323,0.05356,3046673.14297
1728144000,0.05353,0.05359,0.0527,0.0528,4995415.683598
1728158400,0.05276,0.0533,0.05236,0.05312,5344881.792844
1728172800,0.05313,0.05336,0.05252,0.05253,6850403.314774
1728187200,0.05253,0.05295,0.05233,0.05273,2135308.277021
1728201600,0.05273,0.05325,0.05261,0.05306,2670899.746244
1728216000,0.05306,0.05406,0.05303,0.05384,6553399.019408
1728230400,0.05385,0.05411,0.05328,0.05334,4170138.970144
1728244800,0.05335,0.05433,0.05312,0.05431,4325126.525511
1728259200,0.05432,0.05546,0.05387,0.05534,9947930.91624
1728273600,0.05535,0.05563,0.05475,0.05501,5836412.973146
1728288000,0.05504,0.05526,0.05325,0.05397,9237262.65012
1728302400,0.05397,0.0552,0.05367,0.05428,8941322.962735
1728316800,0.05428,0.05466,0.0531,0.05348,8472685.947352
1728331200,0.05349,0.05359,0.05235,0.05246,7715170.093023
1728345600,0.05243,0.05303,0.05243,0.05295,7583437.938664
1728360000,0.05299,0.05322,0.05178,0.05211,5121882.204529
1728374400,0.05211,0.0526,0.05191,0.05254,3812875.429574
1728388800,0.05255,0.053,0.05135,0.05186,9316836.590206
1728403200,0.05181,0.0527,0.0515,0.05257,5859514.203722
1728417600,0.05259,0.05286,0.05207,0.05233,3905443.930354
1728432000,0.05235,0.053,0.05191,0.05227,6483224.318117
1728446400,0.05222,0.05295,0.05192,0.05216,6215988.131811
1728460800,0.05215,0.0522,0.05171,0.05192,4767360.31604
1728475200,0.05196,0.05201,0.05063,0.05155,12874573.892409
1728489600,0.05152,0.05157,0.0505,0.05072,8118101.566575
1728504000,0.05067,0.05067,0.04997,0.05024,7002268.402688
1728518400,0.05023,0.05066,0.04986,0.05043,5362011.945852
1728532800,0.05046,0.05082,0.05017,0.05019,4985070.507211
1728547200,0.05021,0.05039,0.04958,0.05038,8566883.738938
1728561600,0.05035,0.05041,0.04943,0.04984,11408456.60137
1728576000,0.04983,0.05018,0.04908,0.0499,14614829.437604
1728590400,0.04991,0.05038,0.04981,0.05036,4347688.874654
1728604800,0.05036,0.05086,0.05007,0.05061,5218918.960596
1728619200,0.05064,0.051,0.05015,0.05078,6530724.07756
1728633600,0.05076,0.05129,0.05072,0.05094,4037309.983051
1728648000,0.05093,0.05162,0.05079,0.05139,11349389.235197
1728662400,0.0514,0.05191,0.05119,0.05168,6924084.953004
1728676800,0.05166,0.05184,0.05127,0.05141,4318279.954283
1728691200,0.05141,0.05192,0.05102,0.05106,6064899.160184
1728705600,0.05108,0.05178,0.05108,0.05178,3737234.291943
1728720000,0.05175,0.052,0.05152,0.05155,5512041.628041
1728734400,0.05157,0.05201,0.0514,0.05163,5745624.046813
1728748800,0.05165,0.05191,0.05114,0.05128,4555420.626418
1728763200,0.05127,0.05167,0.05116,0.0516,2784861.713639
1728777600,0.05156,0.05159,0.05076,0.05089,4104445.459334
1728792000,0.05089,0.05143,0.05087,0.05113,2784706.523593
1728806400,0.05113,0.05134,0.05041,0.05043,2536130.685859
1728820800,0.05044,0.0509,0.04969,0.04998,2826329.053535
1728835200,0.04995,0.05053,0.0498,0.0503,2738972.409641
1728849600,0.05031,0.05147,0.05027,0.05128,3174342.65435
1728864000,0.05127,0.05234,0.05045,0.05218,6805794.820712
1728878400,0.05217,0.05247,0.05145,0.05219,10652235.856374
1728892800,0.05214,0.0522,0.05167,0.05195,5548032.860696
1728907200,0.05195,0.05327,0.05186,0.05318,10478435.277262
1728921600,0.05315,0.05334,0.05266,0.05281,5968071.462698
1728936000,0.05281,0.05373,0.05276,0.05345,5679480.253179
1728950400,0.05347,0.05618,0.05308,0.05434,40365543.512847
1728964800,0.05435,0.05486,0.05352,0.05455,11027244.48413
1728979200,0.05456,0.05599,0.05421,0.0545,24586767.062779
1728993600,0.05452,0.05771,0.05386,0.05501,51050360.343906
1729008000,0.05504,0.05858,0.05498,0.05592,38744466.829899
1729022400,0.0559,0.05617,0.05475,0.0561,12912461.892318
1729036800,0.05615,0.05808,0.05606,0.05615,38236602.329419
1729051200,0.05611,0.05618,0.05408,0.05414,14160819.826156
1729065600,0.05414,0.0551,0.05386,0.05459,17088938.653234
1729080000,0.05459,0.05467,0.05355,0.05389,14452320.035872
1729094400,0.05387,0.05437,0.05345,0.05383,7635344.131186
1729108800,0.0538,0.0543,0.05343,0.05348,5027840.337417
1729123200,0.05348,0.05402,0.05286,0.05306,5948757.554012
1729137600,0.05303,0.05309,0.05175,0.05199,7649213.159737
1729152000,0.05196,0.052,0.05081,0.05091,13487028.612131
1729166400,0.0509,0.05168,0.05075,0.0515,10298869.217696
1729180800,0.05141,0.05147,0.0503,0.05089,10240015.49826
1729195200,0.05086,0.05124,0.05084,0.05116,4341356.74499
1729209600,0.05101,0.05166,0.05064,0.05108,8326957.214938
1729224000,0.05106,0.05163,0.05078,0.05149,6349807.999535
1729238400,0.05143,0.05156,0.05105,0.05118,4865608.234025
1729252800,0.05116,0.05228,0.05081,0.05208,12235818.690648
1729267200,0.05204,0.05278,0.05167,0.05173,8526648.645625
1729281600,0.05173,0.0519,0.05145,0.0518,3419660.873036
1729296000,0.05179,0.05285,0.05177,0.05244,7811628.136172
1729310400,0.05243,0.0531,0.05227,0.05261,6319233.225279
1729324800,0.0526,0.05312,0.0523,0.05258,33894973.444382
1729339200,0.05258,0.05413,0.05255,0.05335,18419873.672475
1729353600,0.05335,0.05349,0.0525,0.05255,11318820.482952
1729368000,0.05252,0.05375,0.05239,0.05343,6499619.545361
1729382400,0.05342,0.05367,0.05192,0.05246,8262674.549164
1729396800,0.05243,0.05347,0.05234,0.05315,7357019.903514
1729411200,0.05312,0.0533,0.0526,0.05299,6358158.173217
1729425600,0.053,0.05407,0.05264,0.05364,11439225.522542
1729440000,0.05365,0.05462,0.05364,0.05441,9683673.36985
1729454400,0.05442,0.05643,0.05442,0.05593,20666641.56056
1729468800,0.05596,0.05657,0.05521,0.05572,16415575.76333
1729483200,0.05573,0.05652,0.05542,0.05572,13607188.330531
1729497600,0.05575,0.05604,0.05451,0.05492,16310579.754578
1729512000,0.05492,0.05513,0.05343,0.0541,17057109.7856
1729526400,0.05412,0.05459,0.05333,0.05398,10815452.564596
1729540800,0.054,0.05413,0.05282,0.05285,9563461.840141
1729555200,0.05288,0.05356,0.05209,0.05311,8651670.014206
1729569600,0.05312,0.05368,0.05285,0.05295,6353070.565676
1729584000,0.05297,0.05297,0.05171,0.05221,8437241.127803
1729598400,0.05221,0.0525,0.05133,0.05209,13242096.088218
1729612800,0.05208,0.05217,0.05131,0.05199,10060671.020297
1729627200,0.052,0.05296,0.05184,0.05257,6918830.799247
1729641600,0.05258,0.05265,0.05193,0.05224,4714577.104848
1729656000,0.05226,0.05243,0.0515,0.05156,4273567.067741
1729670400,0.05157,0.05195,0.05104,0.05112,6566627.836903
1729684800,0.05113,0.05191,0.05071,0.05115,10346910.571215
1729699200,0.05118,0.05131,0.04994,0.05118,13943284.634787
1729713600,0.05119,0.0515,0.05095,0.05138,5926017.988035
1729728000,0.05136,0.05208,0.0511,0.05152,6507442.556492
1729742400,0.0515,0.05182,0.05109,0.0511,4773352.230008
1729756800,0.05109,0.05137,0.05029,0.05127,6803380.568368
1729771200,0.05129,0.0517,0.05117,0.05148,6452116.808536
1729785600,0.05149,0.05181,0.05133,0.05172,4399984.189018
1729800000,0.05178,0.05206,0.05111,0.05114,6516989.415515
1729814400,0.05114,0.05136,0.05056,0.05073,4361606.974967
1729828800,0.05075,0.0508,0.05004,0.05046,5422753.347355
1729843200,0.05046,0.05087,0.05011,0.0508,3348928.671487
1729857600,0.05082,0.0522,0.05006,0.05038,18465953.426513
1729872000,0.05037,0.05058,0.04867,0.04919,17705669.731512
1729886400,0.04919,0.04972,0.04536,0.04782,28187840.90736
1729900800,0.04778,0.04841,0.04705,0.04794,16194547.967976
1729915200,0.04792,0.04845,0.0477,0.04812,5956953.501265
1729929600,0.04812,0.0485,0.04797,0.0482,4029358.819035
1729944000,0.04817,0.04818,0.04699,0.04718,9352021.324227
1729958400,0.04719,0.04808,0.0471,0.04802,7570215.739137
1729972800,0.04802,0.04845,0.04794,0.04824,3481941.919558
1729987200,0.04823,0.04852,0.048,0.04848,3645500.791009
1730001600,0.0485,0.04857,0.04823,0.04839,2583293.412758
1730016000,0.04835,0.04849,0.04807,0.04819,2837428.226239
1730030400,0.04817,0.0494,0.04817,0.04933,5738267.995887
1730044800,0.04936,0.04962,0.04872,0.04895,5178871.568223
1730059200,0.049,0.04945,0.0487,0.04892,5301595.284167
1730073600,0.04893,0.049,0.04773,0.04779,6462135.753967
1730088000,0.04777,0.04897,0.04756,0.04872,8792735.361014
1730102400,0.04873,0.04911,0.04838,0.04887,6511407.296852
1730116800,0.04881,0.04906,0.04787,0.0479,10868379.959942
1730131200,0.04788,0.04834,0.04712,0.04799,12138082.28068
1730145600,0.04797,0.04956,0.04796,0.04888,8852700.891309
1730160000,0.04889,0.04977,0.04863,0.04926,9956465.034373
1730174400,0.04923,0.04944,0.04878,0.04894,6741386.331324
1730188800,0.04896,0.04969,0.04895,0.04962,7967349.173517
1730203200,0.04961,0.05014,0.04911,0.04956,12538723.633693
1730217600,0.04954,0.05063,0.0493,0.04944,12709208.770734
1730232000,0.04945,0.04996,0.04883,0.04973,8968329.795796
1730246400,0.04974,0.04974,0.04889,0.04928,7550265.258272
1730260800,0.04931,0.04968,0.04888,0.049,6756856.498599
1730275200,0.049,0.04927,0.04841,0.04852,6134879.808798
1730289600,0.0485,0.04929,0.04809,0.04839,10005555.832954
1730304000,0.04837,0.04883,0.04829,0.04855,3952670.496976
1730318400,0.04854,0.04925,0.04837,0.04861,4891877.052851
1730332800,0.04862,0.04874,0.04793,0.048,7628826.065503
1730347200,0.04801,0.0481,0.0473,0.04756,13674794.173786
1730361600,0.04753,0.04763,0.0471,0.0473,7997273.94872
1730376000,0.04725,0.04729,0.04615,0.04653,17420375.435407
1730390400,0.04653,0.04655,0.04564,0.0458,9875395.411154
1730404800,0.04581,0.04659,0.04575,0.04633,6509150.200748
1730419200,0.04632,0.04655,0.04536,0.04609,10901514.936908
1730433600,0.04605,0.0462,0.0452,0.04568,6723911.290961
1730448000,0.04564,0.04657,0.04563,0.04643,6349344.596418
1730462400,0.04644,0.04704,0.0451,0.04561,18272202.873595
1730476800,0.04559,0.04631,0.04547,0.04569,17150779.585573
1730491200,0.0457,0.04591,0.04518,0.04563,4809710.395901
1730505600,0.04559,0.04608,0.04559,0.04569,2750439.408567
1730520000,0.04569,0.04596,0.04558,0.04585,2416500.590492
1730534400,0.04581,0.04591,0.04547,0.04561,2186156.280298
1730548800,0.04556,0.04559,0.04461,0.04503,9951591.60163
1730563200,0.04504,0.04534,0.04464,0.04513,5275212.696731
1730577600,0.04514,0.0453,0.0446,0.04498,4101080.810166
1730592000,0.04498,0.04513,0.04301,0.04365,15756448.9062
1730606400,0.04365,0.04409,0.04348,0.04364,5679937.545325
1730620800,0.04362,0.0438,0.04285,0.04291,12238962.003154
1730635200,0.04294,0.0431,0.04162,0.04249,26438019.543432
1730649600,0.04245,0.04294,0.04177,0.04277,16266307.973614
1730664000,0.04274,0.04332,0.04267,0.04285,9615631.333949
1730678400,0.04288,0.04357,0.04242,0.04316,14165667.864885
1730692800,0.04315,0.04343,0.04265,0.04281,5461934.30393
1730707200,0.04281,0.04327,0.04254,0.04301,13564516.746649
1730721600,0.04302,0.04353,0.04274,0.04286,8608759.831033
1730736000,0.04284,0.04299,0.04223,0.04286,8526121.71134
1730750400,0.04279,0.04288,0.04174,0.04255,11816927.032458
1730764800,0.04251,0.04335,0.04248,0.04323,8027676.847837
1730779200,0.04324,0.0443,0.04324,0.04424,4845281.839235
1730793600,0.04425,0.04478,0.04391,0.04473,7059314.548685
1730808000,0.04474,0.04543,0.04427,0.04523,10829358.703747
1730822400,0.04524,0.04602,0.04486,0.04513,10051308.742524
1730836800,0.0451,0.0463,0.045,0.04607,10817539.981296
1730851200,0.04613,0.04966,0.04613,0.04902,18778707.416576
1730865600,0.04904,0.04977,0.04871,0.04927,16156491.148199
1730880000,0.04931,0.05003,0.04844,0.04987,10790034.511027
1730894400,0.0499,0.05009,0.04783,0.04783,11628050.155882
1730908800,0.04791,0.04862,0.04789,0.04853,6250604.369649
1730923200,0.04857,0.04943,0.04839,0.04898,7636438.222766
1730937600,0.04897,0.04981,0.04875,0.0494,5248832.043516
1730952000,0.04941,0.04948,0.048,0.04854,2297335.133476
1730966400,0.04851,0.04889,0.04803,0.04807,2238938.204708
1730980800,0.04808,0.04899,0.04781,0.04899,2657518.366071
1730995200,0.04893,0.04915,0.04856,0.04902,2968943.812407
1731009600,0.04907,0.04971,0.04872,0.04924,2906789.244256
1731024000,0.0493,0.04961,0.04827,0.0487,2721921.678796
1731038400,0.04867,0.04984,0.04867,0.04958,3170947.271421
1731052800,0.04958,0.0518,0.04918,0.05175,9443235.245006
1731067200,0.05174,0.05208,0.05062,0.05113,12162330.922269
1731081600,0.05113,0.05294,0.05025,0.05234,11376272.033734
1731096000,0.05236,0.05254,0.05056,0.05217,10090795.999117
1731110400,0.05214,0.05214,0.05049,0.05058,5369484.169823
1731124800,0.05061,0.05152,0.05056,0.05118,4191260.669806
1731139200,0.05129,0.05184,0.05105,0.05175,3682672.665942
1731153600,0.05171,0.05177,0.05048,0.05115,3291405.106915
1731168000,0.0512,0.05132,0.05013,0.0508,4946476.498135
1731182400,0.05077,0.05307,0.05075,0.05277,7299695.317218
1731196800,0.05277,0.05403,0.05235,0.05386,8866874.961534
1731211200,0.05381,0.05569,0.05369,0.05492,13271057.530009
1731225600,0.05495,0.0569,0.05481,0.05665,11572424.373751
1731240000,0.05666,0.05756,0.05552,0.0561,18500226.037639
1731254400,0.05611,0.05759,0.05523,0.05579,16603144.307911
1731268800,0.05579,0.05612,0.05218,0.05485,14572542.055624
1731283200,0.0549,0.05692,0.05468,0.05648,12685741.550531
1731297600,0.05642,0.05665,0.0536,0.05456,12646363.998246
1731312000,0.05455,0.056,0.05442,0.05596,9066147.044739
1731326400,0.05598,0.05629,0.05428,0.05513,14461946.667816
1731340800,0.05516,0.05657,0.0548,0.05589,12487377.553212
1731355200,0.05586,0.05859,0.05571,0.0583,13372085.808679
1731369600,0.05829,0.05835,0.05617,0.05773,16784371.021687
1731384000,0.05772,0.05945,0.0562,0.05934,13695859.029336
1731398400,0.05933,0.06036,0.05315,0.05538,34938491.264266
1731412800,0.05535,0.05616,0.0534,0.05396,20712446.805121
1731427200,0.05396,0.0767,0.05309,0.06818,191978110.233435
1731441600,0.0682,0.0686,0.06407,0.06464,48999432.005816
1731456000,0.06464,0.06484,0.05869,0.05876,39556075.576698
1731470400,0.05876,0.05951,0.05643,0.0586,20100396.810077
1731484800,0.05859,0.05865,0.05636,0.05718,14878297.027775
1731499200,0.05715,0.06199,0.0565,0.06163,25034176.091032
1731513600,0.06165,0.06165,0.05779,0.05819,16560936.064755
1731528000,0.05819,0.05971,0.05691,0.05947,17848866.370657
1731542400,0.05945,0.06064,0.05854,0.05984,23606256.404366
1731556800,0.05983,0.06194,0.05948,0.06083,9252544.756726
1731571200,0.06081,0.06283,0.05972,0.06148,17001834.239664
1731585600,0.06149,0.06274,0.05938,0.06043,27363209.695003
1731600000,0.0604,0.06775,0.05983,0.06601,50570242.978051
1731614400,0.06604,0.06797,0.06292,0.06384,48091171.96934
1731628800,0.06386,0.06814,0.06277,0.06607,40781773.040896
1731643200,0.06607,0.06991,0.06449,0.06978,46600660.285261
1731657600,0.06981,0.07236,0.06668,0.07128,48446804.908602
1731672000,0.07128,0.0744,0.06684,0.0672,45554961.237603
1731686400,0.06724,0.07004,0.06666,0.06968,27828988.061214
1731700800,0.06968,0.07312,0.06966,0.07239,25388787.99766
1731715200,0.07243,0.08448,0.07141,0.07757,52565147.004668
1731729600,0.07764,0.08853,0.07652,0.08441,71315282.067851
1731744000,0.08438,0.09199,0.08055,0.08268,87682461.178899
1731758400,0.08267,0.09474,0.08238,0.08661,101448685.539099
1731772800,0.08665,0.09351,0.08425,0.09341,57590977.535138
1731787200,0.09335,0.09637,0.08973,0.09017,64033115.11699
1731801600,0.09021,0.09427,0.08294,0.08576,47307071.113041
1731816000,0.08581,0.08813,0.08353,0.08596,26625448.489437
1731830400,0.08598,0.0868,0.08321,0.08377,19206255.357579
1731844800,0.0838,0.0933,0.08355,0.08793,60108387.683589
1731859200,0.08791,0.09084,0.08573,0.0865,38998731.971455
1731873600,0.0865,0.09115,0.08645,0.09025,39161110.34865
1731888000,0.09022,0.11461,0.0872,0.11445,171994367.975313
1731902400,0.11445,0.12723,0.10501,0.11969,166383852.529658
1731916800,0.11966,0.12299,0.10879,0.11151,123372602.68463
1731931200,0.11152,0.12875,0.10973,0.12875,138015270.505278
1731945600,0.12863,0.1494,0.12052,0.12083,171586117.206762
1731960000,0.12083,0.14602,0.12059,0.14427,93965032.358433
1731974400,0.14423,0.15772,0.13542,0.15165,141935827.084054
1731988800,0.15162,0.15696,0.13736,0.13889,128775690.507523
1732003200,0.13896,0.14926,0.13477,0.1468,94208068.919084
1732017600,0.14672,0.1483,0.13451,0.13791,77711335.213903
1732032000,0.13791,0.13974,0.13469,0.1375,41364537.128346
1732046400,0.13754,0.13859,0.12771,0.133,42475560.769666
1732060800,0.13303,0.13467,0.12376,0.12423,53159470.619901
1732075200,0.12421,0.12764,0.11729,0.12636,66338606.0758
1732089600,0.12635,0.12785,0.12228,0.12337,43025122.137759
1732104000,0.12333,0.12856,0.12272,0.12283,53014052.155155
1732118400,0.12278,0.12509,0.11714,0.12085,50427497.201486
1732132800,0.12065,0.12466,0.11891,0.12176,28228142.879317
1732147200,0.1217,0.13864,0.12125,0.12614,121624373.839595
1732161600,0.12623,0.12761,0.12202,0.1256,53876450.332666
1732176000,0.12557,0.12604,0.12018,0.12095,40424775.465173
1732190400,0.1209,0.12501,0.11819,0.11997,45592720.681501
1732204800,0.12,0.12964,0.1199,0.12294,43572942.97777
1732219200,0.12294,0.12737,0.12112,0.12674,33654453.400513
1732233600,0.12671,0.13049,0.12175,0.13027,59827263.696183
1732248000,0.13026,0.14052,0.12695,0.12787,114794199.559151
1732262400,0.12781,0.13977,0.12781,0.13776,73433332.542585
1732276800,0.13784,0.13935,0.12867,0.13061,61819463.775823
1732291200,0.13062,0.14337,0.13061,0.13588,81670290.202146
1732305600,0.13584,0.15571,0.13539,0.1469,70017681.973897
1732320000,0.14692,0.16992,0.14471,0.15109,159487927.347106
1732334400,0.15101,0.15192,0.14565,0.14977,57503646.856563
1732348800,0.14982,0.1523,0.14624,0.15019,48022302.963417
1732363200,0.15021,0.16263,0.14795,0.16055,51286356.902979
1732377600,0.16059,0.16303,0.14853,0.15549,69162558.799522
1732392000,0.15536,0.1562,0.14889,0.15439,37232527.355486
1732406400,0.15437,0.16835,0.1517,0.15345,89549797.136675
1732420800,0.15341,0.15491,0.14715,0.15184,43813766.911756
1732435200,0.1518,0.15216,0.14514,0.1455,26576744.659227
1732449600,0.14553,0.14845,0.13631,0.13668,36259795.22155
1732464000,0.1367,0.14451,0.13594,0.14299,31142939.016027
1732478400,0.14299,0.15026,0.14243,0.14697,27038763.443293
1732492800,0.14699,0.14701,0.13821,0.14032,29809797.659013
1732507200,0.14028,0.14508,0.14021,0.1438,22324008.502581
1732521600,0.14375,0.14796,0.14317,0.14452,29485032.077238
1732536000,0.14452,0.14502,0.1345,0.14023,24142365.409469
1732550400,0.14026,0.142,0.1354,0.13787,18395741.6413
1732564800,0.13783,0.13903,0.13145,0.13483,18528389.789815
1732579200,0.13479,0.14049,0.1334,0.13838,19038668.110592
1732593600,0.13834,0.13986,0.13398,0.13503,17722673.719752
1732608000,0.135,0.13509,0.12588,0.13038,45632443.881523
1732622400,0.13035,0.13688,0.12923,0.13377,36154362.054141
1732636800,0.13379,0.14012,0.13311,0.13638,38650415.758829
1732651200,0.13633,0.14038,0.13506,0.13923,16053592.099871
1732665600,0.13927,0.13927,0.13344,0.13464,23635717.726459
1732680000,0.13457,0.14033,0.13253,0.13938,25113745.08275
1732694400,0.13936,0.1435,0.13696,0.13966,43944305.054309
1732708800,0.13975,0.14586,0.13516,0.14499,49786424.360539
1732723200,0.14511,0.14735,0.14273,0.14383,21069341.791415
1732737600,0.1438,0.14725,0.14148,0.14181,15828666.773827
1732752000,0.14173,0.14272,0.13671,0.13827,15729593.211863
1732766400,0.13828,0.14041,0.13786,0.13907,13524969.780033
1732780800,0.13902,0.14013,0.13662,0.13908,18633188.10045
1732795200,0.13905,0.14055,0.13674,0.13718,15539681.429066
1732809600,0.13727,0.14412,0.13726,0.14343,18519386.394213
1732824000,0.1434,0.15016,0.14212,0.14478,22554344.423807
1732838400,0.14473,0.15021,0.1434,0.14863,29931022.909253
1732852800,0.14873,0.153,0.14704,0.14863,44355993.182983
1732867200,0.14869,0.15654,0.14837,0.15096,40430602.837051
1732881600,0.15098,0.15794,0.14851,0.15524,38452617.915008
1732896000,0.15527,0.17304,0.15527,0.17298,47975802.875379
1732910400,0.17288,0.1867,0.16659,0.17781,83098487.997671
1732924800,0.17791,0.18601,0.16399,0.16412,67069903.42086
1732939200,0.16409,0.17265,0.16368,0.16857,45401406.491007
1732953600,0.16854,0.1703,0.16423,0.16833,27924536.307816
1732968000,0.16836,0.17121,0.16559,0.16824,34197374.008447
1732982400,0.16822,0.16919,0.16587,0.16816,16593654.937764
1732996800,0.16811,0.17035,0.16677,0.17017,37294046.820461
1733011200,0.17015,0.17017,0.16421,0.1688,20956334.426498
1733025600,0.16889,0.18217,0.16766,0.17906,33086252.637211
1733040000,0.17913,0.20916,0.17843,0.20152,100424617.532484
1733054400,0.20155,0.2033,0.19083,0.19464,38355076.28636
1733068800,0.19463,0.20613,0.18907,0.2036,38870486.556072
1733083200,0.20366,0.22091,0.19857,0.20857,60316281.629551
1733097600,0.20872,0.24783,0.20733,0.23671,108346576.650231
1733112000,0.23659,0.25925,0.23379,0.24285,60418346.01006
1733126400,0.24286,0.24872,0.23174,0.23787,58449694.680605
1733140800,0.23795,0.28992,0.23459,0.28534,91342607.723527
1733155200,0.28536,0.30465,0.27191,0.28607,83324406.625293
1733169600,0.28601,0.32454,0.27517,0.31171,83831187.825525
1733184000,0.31171,0.39246,0.30916,0.38507,128714670.487588
1733198400,0.38473,0.38502,0.33698,0.34646,76454217.444606
1733212800,0.34644,0.37079,0.33929,0.36503,58858969.849758
1733227200,0.36512,0.36528,0.31037,0.3278,109460403.461764
1733241600,0.32797,0.34923,0.31744,0.31959,50453433.433768
1733256000,0.3198,0.35173,0.31383,0.31427,32750156.512536
1733270400,0.31455,0.33632,0.3143,0.33081,45323744.596915
1733284800,0.33068,0.33656,0.3212,0.32435,33650716.103179
1733299200,0.32429,0.3325,0.3216,0.32953,28009631.074537
1733313600,0.32955,0.32955,0.29223,0.29868,50045902.526781
1733328000,0.29881,0.30414,0.27723,0.29819,40034388.752554
1733342400,0.29841,0.30076,0.27944,0.28755,25817382.053013
1733356800,0.28764,0.30985,0.28502,0.289,74401614.575935
1733371200,0.28923,0.30339,0.2868,0.29715,45015500.177005
1733385600,0.29731,0.31109,0.29619,0.30847,48274301.050214
1733400000,0.30847,0.30862,0.29181,0.30384,38814387.017733
1733414400,0.30372,0.30433,0.28362,0.28487,24743975.295066
1733428800,0.28493,0.29343,0.2779,0.29204,45833547.270618
1733443200,0.29204,0.29337,0.28447,0.28954,33604007.479737
1733457600,0.28956,0.29438,0.28656,0.289,15786518.477851
1733472000,0.28903,0.29184,0.27628,0.28829,31288855.899419
1733486400,0.28833,0.29245,0.27526,0.28686,28921864.21846
1733500800,0.28688,0.331,0.28622,0.32849,52554553.415959
1733515200,0.32837,0.37824,0.31573,0.36765,109026328.818274
1733529600,0.3675,0.37388,0.33801,0.33872,89080797.004326
1733544000,0.33878,0.35143,0.33148,0.33419,38456620.344699
1733558400,0.33418,0.33715,0.3262,0.3331,33057864.136007
1733572800,0.33304,0.34773,0.33274,0.34032,37010466.910649
1733587200,0.34032,0.34054,0.31961,0.32114,38238561.460179
1733601600,0.32117,0.33379,0.32074,0.33192,19567417.536258
1733616000,0.33194,0.34187,0.32825,0.33393,27617721.462433
1733630400,0.33394,0.33937,0.329,0.33226,18954245.415104
1733644800,0.33219,0.33555,0.3243,0.33487,16560114.787782
1733659200,0.33484,0.33562,0.32608,0.33102,14199503.029478
1733673600,0.33104,0.33348,0.325,0.32817,14792136.069844
1733688000,0.32818,0.333,0.3255,0.33284,15679370.50957
1733702400,0.33292,0.33561,0.31066,0.31492,29997402.672999
1733716800,0.31495,0.31803,0.30911,0.31411,12453793.714187
1733731200,0.31413,0.3145,0.30373,0.30449,20310621.136423
1733745600,0.30432,0.31376,0.29958,0.30188,20385594.724453
1733760000,0.30187,0.30904,0.30006,0.30247,8004087.602035
1733774400,0.30264,0.30364,0.23272,0.28006,99780543.803566
1733788800,0.28014,0.30355,0.2725,0.29005,79242255.783355
1733803200,0.29016,0.29925,0.27964,0.28826,37318785.556148
1733817600,0.28827,0.30026,0.28311,0.29335,31788657.156782
1733832000,0.29369,0.29436,0.26632,0.26708,48526240.325969
1733846400,0.26709,0.27284,0.25255,0.26909,56443929.855942
1733860800,0.26907,0.29494,0.26734,0.28993,47834633.340131
1733875200,0.28984,0.29032,0.27086,0.28014,21645782.48853
1733889600,0.2802,0.28922,0.27531,0.27561,10519587.544377
1733904000,0.27566,0.29828,0.27556,0.29221,22086973.891264
1733918400,0.29238,0.31062,0.28644,0.30228,34119013.792517
1733932800,0.30226,0.30661,0.29254,0.29725,16724837.314265
1733947200,0.29734,0.30411,0.29367,0.29905,10335242.764296
1733961600,0.29896,0.30518,0.28909,0.30057,23337220.067578
1733976000,0.30042,0.31462,0.30022,0.30753,29416462.660625
1733990400,0.30754,0.31411,0.29282,0.29521,20188636.751272
1734004800,0.29518,0.30219,0.29294,0.29572,26746864.261405
1734019200,0.29574,0.30962,0.2938,0.29435,34869704.608943
1734033600,0.29425,0.30392,0.28558,0.29155,24543591.874249
1734048000,0.29157,0.3003,0.28964,0.29544,18360284.873714
1734062400,0.29544,0.29987,0.2888,0.2946,17364603.047384
1734076800,0.29468,0.315,0.29309,0.30972,30625968.447301
1734091200,0.3097,0.33083,0.30511,0.30576,55310213.706668
1734105600,0.3058,0.31432,0.30106,0.31138,21850173.643636
1734120000,0.31149,0.31665,0.3053,0.31432,17991859.121104
1734134400,0.31439,0.31534,0.30387,0.30499,23818920.706278
1734148800,0.305,0.30708,0.30307,0.30675,12870282.017707
1734163200,0.30676,0.30955,0.29919,0.29966,8895418.510586
1734177600,0.29964,0.30045,0.29272,0.29586,14982935.576491
1734192000,0.2958,0.297,0.28955,0.29349,5177702.701215
1734206400,0.29346,0.29485,0.28846,0.2944,7315287.855923
1734220800,0.29421,0.29571,0.28654,0.29107,4863339.295708
1734235200,0.29136,0.29577,0.28308,0.28489,7634366.440195
1734249600,0.28501,0.29316,0.28456,0.29038,5257915.300934
1734264000,0.29054,0.29659,0.28919,0.29328,7263716.065637
1734278400,0.29334,0.29455,0.28984,0.29255,5001435.235038
1734292800,0.29232,0.29776,0.28359,0.29595,7949502.159405
1734307200,0.29609,0.29874,0.28517,0.28752,13964767.283774
1734321600,0.28769,0.28938,0.28184,0.28308,16253672.441969
1734336000,0.283,0.28414,0.27432,0.27541,14848229.860504
1734350400,0.27517,0.28295,0.27515,0.28122,14633632.636966
1734364800,0.28122,0.29383,0.28122,0.28628,23551307.762293
1734379200,0.28636,0.28774,0.28066,0.2824,9043222.864898
1734393600,0.28236,0.28239,0.27513,0.28033,9651221.170909
1734408000,0.28034,0.28034,0.27556,0.277,6674911.209521
1734422400,0.27685,0.29607,0.27679,0.29236,28347707.694348
1734436800,0.29235,0.29389,0.27704,0.27782,23622797.759284
1734451200,0.27782,0.29916,0.27572,0.29123,34859525.438355
1734465600,0.29142,0.29615,0.28168,0.28454,22233845.120796
1734480000,0.28473,0.30029,0.27913,0.29125,35026118.038925
1734494400,0.29121,0.2992,0.28608,0.29011,26222871.36461
1734508800,0.28997,0.3115,0.28559,0.30691,23040435.685612
1734523200,0.30695,0.30779,0.29169,0.29423,24268252.346834
1734537600,0.29425,0.30792,0.28969,0.29326,21059063.115708
1734552000,0.29331,0.29647,0.27015,0.27251,54274397.399696
1734566400,0.27239,0.2759,0.25302,0.27333,56128955.72813
1734580800,0.27324,0.29161,0.27097,0.28799,26602531.752353
1734595200,0.28819,0.30029,0.28343,0.29268,28813160.458694
1734609600,0.29281,0.30152,0.28389,0.29056,37835970.409415
1734624000,0.29038,0.29107,0.25864,0.26282,53697643.790056
1734638400,0.263,0.27465,0.25471,0.26756,30322601.748495
1734652800,0.26767,0.28645,0.26379,0.2814,38680401.319686
1734667200,0.28137,0.2862,0.27089,0.27544,32927508.383886
1734681600,0.27532,0.27549,0.2346,0.23483,68661150.06756
1734696000,0.23481,0.27215,0.23363,0.26583,72651343.702701
1734710400,0.26583,0.2736,0.25928,0.27007,37791936.387101
1734724800,0.27001,0.27647,0.26206,0.27082,18139171.644643
1734739200,0.27083,0.27305,0.26517,0.26875,20564878.265082
1734753600,0.26873,0.28309,0.26853,0.27848,19283163.918376
1734768000,0.27856,0.28047,0.26638,0.26956,13938243.444255
1734782400,0.26953,0.26953,0.24969,0.25825,31074456.616371
1734796800,0.25826,0.25842,0.24968,0.25392,19275453.404959
1734811200,0.25371,0.2571,0.25032,0.25385,8329625.264422
1734825600,0.25397,0.25617,0.24754,0.25284,12486199.679002
1734840000,0.25276,0.25404,0.24372,0.25195,12736600.305372
1734854400,0.25173,0.2729,0.25173,0.26259,10836849.962184
1734868800,0.26259,0.26583,0.25585,0.25985,9574886.628627
1734883200,0.25998,0.27091,0.25736,0.26169,17221651.831168
1734897600,0.26158,0.26842,0.25837,0.26554,10357412.339553
1734912000,0.26555,0.26868,0.25565,0.26843,24320530.276441
1734926400,0.2685,0.2712,0.26149,0.26733,9212970.926813
1734940800,0.2672,0.27848,0.2648,0.27637,13117604.48866
1734955200,0.2764,0.27993,0.26186,0.2641,23760923.445002
1734969600,0.26411,0.2745,0.26391,0.2723,12882602.722087
1734984000,0.27218,0.29274,0.27181,0.29151,19490015.411783
1734998400,0.29174,0.29776,0.28154,0.28778,16625385.518456
1735012800,0.28799,0.30114,0.28799,0.29856,18170466.864048
1735027200,0.29877,0.31789,0.2978,0.31373,21454961.797015
1735041600,0.31355,0.33248,0.30571,0.32096,36876909.544223
1735056000,0.32092,0.32814,0.31606,0.32372,21897715.461145
1735070400,0.32363,0.33899,0.32039,0.32874,21391004.295841
1735084800,0.32885,0.33546,0.30974,0.31383,27224323.996169
1735099200,0.31382,0.31586,0.30579,0.30593,14918984.328392
1735113600,0.30594,0.32556,0.30586,0.31184,21615260.895476
1735128000,0.31186,0.31597,0.3084,0.31298,12593214.174935
1735142400,0.31286,0.31868,0.31034,0.31508,8886210.241673
1735156800,0.31512,0.31587,0.30966,0.31329,9038262.846035
1735171200,0.31315,0.3177,0.30635,0.31278,15101328.924968
1735185600,0.31278,0.31366,0.29264,0.29375,19179264.52947
1735200000,0.29377,0.2954,0.28537,0.29181,21963625.380576
1735214400,0.2918,0.29424,0.28631,0.28833,13862407.688512
1735228800,0.28817,0.29264,0.28539,0.29042,9817881.776769
1735243200,0.29027,0.29053,0.28325,0.28454,7783263.229934
1735257600,0.2846,0.29678,0.27984,0.28555,18118803.004771
1735272000,0.28547,0.28948,0.27965,0.28147,13455558.274144
1735286400,0.28151,0.2955,0.28151,0.29111,18319681.100801
1735300800,0.29107,0.29138,0.27554,0.27686,20548650.812884
1735315200,0.2768,0.28285,0.27362,0.28048,10887279.471057
1735329600,0.28054,0.28108,0.27444,0.27674,11183169.329076
1735344000,0.27676,0.27939,0.27201,0.27458,10478768.038368
1735358400,0.27463,0.27672,0.27262,0.27299,7172188.997704
1735372800,0.27304,0.2765,0.27243,0.2751,6643725.520465
1735387200,0.27504,0.2816,0.2727,0.27961,12144824.083409
1735401600,0.27959,0.29222,0.2775,0.28767,22180833.262019
1735416000,0.28774,0.3026,0.28656,0.29443,16687290.605266
1735430400,0.29445,0.3047,0.28735,0.29246,19644182.119341
1735444800,0.29257,0.29565,0.28732,0.29411,7255278.138732
1735459200,0.29414,0.29435,0.28857,0.28876,7782793.189068
1735473600,0.28878,0.29141,0.28482,0.28604,10622546.3198
1735488000,0.28602,0.28657,0.27919,0.28029,9163574.757582
1735502400,0.28035,0.2818,0.27515,0.27888,8099427.461565
1735516800,0.27881,0.28674,0.27756,0.28013,12552842.55278
1735531200,0.28007,0.28388,0.27598,0.27991,5882222.895623
1735545600,0.27982,0.2832,0.27589,0.27895,12659178.866749
1735560000,0.27877,0.2822,0.26591,0.26917,21018642.224706
1735574400,0.26915,0.28606,0.26789,0.28138,20267807.303699
1735588800,0.28183,0.29066,0.27454,0.27866,19989297.856215
1735603200,0.27858,0.27858,0.2701,0.27025,9512553.884646
1735617600,0.27027,0.27267,0.26764,0.26869,7770570.860695
1735632000,0.26872,0.2784,0.26855,0.27167,11472123.423563
1735646400,0.27171,0.28258,0.27171,0.27783,17786639.053809
1735660800,0.27775,0.27841,0.26674,0.26815,12358733.972342
1735675200,0.26815,0.27058,0.26732,0.26896,10993107.335536
1735689600,0.26899,0.27244,0.26778,0.26927,8900930.625677
1735704000,0.26926,0.27491,0.26765,0.26857,9327272.575784
1735718400,0.26861,0.26975,0.26426,0.26804,9560475.487687
1735732800,0.26803,0.28095,0.26721,0.27981,14672923.842397
1735747200,0.28,0.29837,0.27897,0.29568,45978997.07519
1735761600,0.29594,0.30062,0.29066,0.2948,12971403.680026
1735776000,0.29484,0.30954,0.29261,0.29537,23879704.008971
1735790400,0.29546,0.2964,0.28519,0.28863,7997889.908853
1735804800,0.28862,0.29563,0.28758,0.29368,14048753.62914
1735819200,0.29375,0.29734,0.28828,0.28983,15097359.990807
1735833600,0.28992,0.29534,0.28878,0.29255,7513007.071022
1735848000,0.29257,0.29382,0.28935,0.29216,5015769.943455
1735862400,0.29222,0.305,0.29193,0.30384,21873556.106898
1735876800,0.30359,0.30601,0.29758,0.29974,16200909.990633
1735891200,0.29975,0.31544,0.29964,0.3145,20031678.321053
1735905600,0.31466,0.3244,0.31021,0.31317,34501796.898871
1735920000,0.31319,0.31985,0.30926,0.31635,12866579.847352
1735934400,0.31634,0.31703,0.311,0.31361,6470398.328844
1735948800,0.31366,0.32048,0.30701,0.31362,17058474.907325
1735963200,0.31356,0.31434,0.30791,0.30804,4674017.368539
1735977600,0.30816,0.30913,0.30189,0.30458,11489532.802384
1735992000,0.30456,0.31282,0.30144,0.30386,12789206.845555
1736006400,0.30375,0.30777,0.30341,0.30537,5280013.819698
1736020800,0.30534,0.30812,0.30478,0.30574,4674008.564055
1736035200,0.30575,0.31274,0.30388,0.3062,11923729.788571
1736049600,0.30607,0.30829,0.30318,0.30437,7646792.582187
1736064000,0.30438,0.30515,0.29708,0.29951,7794982.341857
1736078400,0.29943,0.30267,0.29611,0.3011,7655918.456771
1736092800,0.30103,0.30348,0.29734,0.30011,5020778.13874
1736107200,0.30018,0.30306,0.29911,0.30137,4787249.406631
1736121600,0.30144,0.3084,0.29674,0.30679,12451341.973165
1736136000,0.30677,0.30779,0.30065,0.30127,6328105.753639
1736150400,0.3012,0.31185,0.30007,0.31054,7270000.198753
1736164800,0.31054,0.31338,0.30068,0.31063,17966082.336823
1736179200,0.31077,0.31833,0.30769,0.3155,10557743.862366
1736193600,0.31536,0.31677,0.3055,0.30805,6280904.950748
1736208000,0.30813,0.3159,0.30536,0.31568,9739913.525212
1736222400,0.3158,0.32489,0.31206,0.32383,17593842.817307
1736236800,0.32378,0.3301,0.31307,0.31607,19078438.617637
1736251200,0.31611,0.32495,0.29662,0.30039,35443445.443048
1736265600,0.30032,0.3057,0.2903,0.29198,28124928.08069
1736280000,0.29191,0.29605,0.28808,0.28907,16931887.194258
1736294400,0.2891,0.29577,0.28372,0.2856,21301562.279674
1736308800,0.28545,0.28757,0.27579,0.2803,15179289.41522
1736323200,0.28037,0.28547,0.27571,0.27986,12233996.947484
1736337600,0.27981,0.28356,0.27649,0.27992,15544065.934774
1736352000,0.28001,0.28673,0.26642,0.27978,26639164.434956
1736366400,0.2797,0.28857,0.27716,0.28496,12398406.498481
1736380800,0.28505,0.28514,0.27676,0.27707,10763875.333029
1736395200,0.27706,0.27907,0.26916,0.26958,11086807.759809
1736409600,0.26997,0.27478,0.26715,0.27126,9728124.557444
1736424000,0.27115,0.27784,0.26265,0.2756,14418603.787825
1736438400,0.27534,0.27867,0.26576,0.26735,7308205.750327
1736452800,0.26713,0.27073,0.26302,0.26874,12717563.818427
1736467200,0.2687,0.27504,0.2684,0.27295,3944165.293935
1736481600,0.27302,0.28546,0.27067,0.28188,6401617.674092
1736496000,0.28201,0.28522,0.27785,0.2793,7442638.696328
1736510400,0.2793,0.28047,0.26681,0.27195,13164064.252198
1736524800,0.27204,0.28535,0.2685,0.28473,13233449.342003
1736539200,0.2849,0.2849,0.27895,0.28159,4745177.929047
1736553600,0.28168,0.28334,0.2767,0.27703,3735500.780276
1736568000,0.27695,0.27997,0.27544,0.27807,2288900.690366
1736582400,0.27807,0.28417,0.27726,0.28278,4562633.689535
1736596800,0.28299,0.28418,0.27804,0.27862,3699909.267996
1736611200,0.27876,0.28324,0.27716,0.28213,8763584.95432
1736625600,0.28213,0.2965,0.28093,0.29213,9324340.586527
1736640000,0.29215,0.29216,0.28534,0.28744,4444667.07128
1736654400,0.28738,0.28933,0.28286,0.28564,3048469.782545
1736668800,0.28554,0.28848,0.27901,0.28125,4599288.921763
1736683200,0.28123,0.28494,0.27927,0.28248,5541329.92746
1736697600,0.28249,0.28527,0.2805,0.28215,3975652.231813
1736712000,0.28215,0.28227,0.27273,0.2781,6809025.7139
1736726400,0.27813,0.28893,0.27235,0.27363,8760447.418532
1736740800,0.27337,0.27892,0.26848,0.26991,5121049.486891
1736755200,0.26979,0.26981,0.25914,0.25914,7403489.258862
1736769600,0.25924,0.27745,0.25567,0.2707,25689772.757509
1736784000,0.27086,0.27204,0.26325,0.26633,13932091.751022
1736798400,0.26625,0.27886,0.26408,0.27508,10721291.215398
1736812800,0.27511,0.28081,0.27268,0.27677,8401348.884929
1736827200,0.27687,0.28141,0.27633,0.27839,6804536.169564
1736841600,0.27842,0.28744,0.27842,0.284,10939826.487869
1736856000,0.28394,0.29108,0.27912,0.28961,18585503.793782
1736870400,0.28964,0.29337,0.28593,0.28886,17419171.409542
1736884800,0.28892,0.29065,0.28544,0.28714,7231447.866162
1736899200,0.28718,0.30334,0.2859,0.29924,22007968.499765
1736913600,0.29923,0.31427,0.29768,0.31204,21752525.383773
1736928000,0.3121,0.31312,0.29437,0.29759,26002212.871443
1736942400,0.29762,0.32215,0.29466,0.31787,34285152.520907
1736956800,0.31801,0.3219,0.30808,0.3102,14790248.212547
1736971200,0.31019,0.3281,0.30777,0.32227,12754531.701323
1736985600,0.32244,0.33432,0.30783,0.3267,31819767.875763
1737000000,0.32667,0.3474,0.32631,0.3375,25939606.676553
1737014400,0.33736,0.34834,0.32963,0.34738,32590530.000416
1737028800,0.34733,0.37515,0.34333,0.36082,70273361.934672
1737043200,0.36081,0.38445,0.36052,0.37764,30085918.702495
1737057600,0.37796,0.38691,0.35867,0.36272,36266586.486826
1737072000,0.36281,0.40131,0.36148,0.38561,51928924.517896
1737086400,0.38553,0.39377,0.37542,0.3762,23005436.905864
1737100800,0.37634,0.37714,0.3675,0.37489,24012334.247831
1737115200,0.37469,0.37499,0.36322,0.3644,20212193.732632
1737129600,0.36447,0.37414,0.36179,0.3695,12064850.30235
1737144000,0.36941,0.37975,0.36862,0.37453,14040926.610647
1737158400,0.37463,0.38488,0.36076,0.37186,25439012.028391
1737172800,0.37144,0.37776,0.34951,0.34984,32321097.704999
1737187200,0.34991,0.35464,0.34024,0.35003,18400107.385397
1737201600,0.35009,0.36305,0.347,0.34861,17952799.749765
1737216000,0.34872,0.35788,0.34233,0.35788,14628918.587546
1737230400,0.35788,0.3588,0.3506,0.35474,11284948.109216
1737244800,0.35474,0.371,0.34972,0.35463,20588795.638032
1737259200,0.35471,0.3613,0.34731,0.34982,19980944.12312
1737273600,0.34991,0.34991,0.32678,0.3285,29127756.556419
1737288000,0.32854,0.35166,0.32831,0.34654,22088741.212456
1737302400,0.3464,0.36343,0.3436,0.36263,21759796.729355
1737316800,0.36269,0.3647,0.31744,0.32615,43341402.913571
1737331200,0.32623,0.34374,0.31933,0.34032,36871811.8444
1737345600,0.34041,0.37161,0.33492,0.36348,37187356.04931
1737360000,0.36368,0.37409,0.36067,0.37063,31452763.350721
1737374400,0.37061,0.3729,0.3523,0.35421,28828179.687887
1737388800,0.3542,0.36313,0.32935,0.3471,41169891.110395
1737403200,0.34702,0.34821,0.33372,0.34205,15810139.173001
1737417600,0.34213,0.34608,0.33152,0.33599,23228635.073625
1737432000,0.33608,0.33608,0.32552,0.33129,17884092.947277
1737446400,0.33129,0.34078,0.328,0.33562,18875265.561123
1737460800,0.33565,0.344,0.32833,0.33406,19475149.060342
1737475200,0.33396,0.34843,0.33291,0.34231,16125235.578819
1737489600,0.34234,0.34862,0.33327,0.33774,15061742.039918
1737504000,0.33781,0.33815,0.32948,0.33071,8678559.223231
1737518400,0.33082,0.33247,0.32606,0.32638,5178747.452189
1737532800,0.3264,0.33002,0.32088,0.32948,10454488.245202
1737547200,0.32956,0.33275,0.32095,0.32299,11755708.562437
1737561600,0.32298,0.32965,0.32075,0.32633,11454291.942794
1737576000,0.32636,0.331,0.32186,0.32609,6790857.883802
1737590400,0.32607,0.33072,0.31668,0.31875,15186939.663824
1737604800,0.31874,0.32123,0.31417,0.32062,11295386.416305
1737619200,0.3207,0.32399,0.31528,0.31734,16599019.48908
1737633600,0.31737,0.33172,0.31224,0.32878,21091236.705238
1737648000,0.32887,0.33534,0.31237,0.31543,15353959.626455
1737662400,0.31545,0.33038,0.314,0.32806,26801620.781188
1737676800,0.32811,0.32955,0.3145,0.32157,17104320.324607
1737691200,0.3215,0.33392,0.32119,0.32886,17252887.23378
1737705600,0.32889,0.34065,0.32765,0.33915,16259611.934886
1737720000,0.33929,0.35089,0.33644,0.34031,32202585.852997
1737734400,0.34047,0.34099,0.33375,0.33697,11277396.227395
1737748800,0.33697,0.33842,0.32553,0.32696,6115547.252032
1737763200,0.32692,0.33882,0.32557,0.33636,14879517.864359
1737777600,0.33666,0.33796,0.32979,0.3337,3411642.871035
1737792000,0.33378,0.33378,0.328,0.33173,4069468.402625
1737806400,0.33169,0.33471,0.3288,0.33323,5923430.468121
1737820800,0.33318,0.33669,0.3296,0.3332,4202196.153411
1737835200,0.33323,0.33708,0.33125,0.33218,2340461.256974
1737849600,0.33229,0.34687,0.3316,0.34617,10887672.778216
1737864000,0.34616,0.35458,0.34009,0.34529,17716353.155134
1737878400,0.3453,0.34794,0.33666,0.33962,10032363.406935
1737892800,0.33919,0.34014,0.3348,0.33509,9634628.968778
1737907200,0.33503,0.3374,0.33177,0.33602,7560936.021111
1737921600,0.33602,0.34029,0.323,0.3232,11368224.520388
1737936000,0.32305,0.32668,0.31442,0.31849,16179070.928417
1737950400,0.31817,0.31817,0.29123,0.30267,27133749.101744
1737964800,0.30266,0.30279,0.29226,0.29534,26039056.832998
1737979200,0.29534,0.31388,0.29455,0.30913,30829731.776044
1737993600,0.30915,0.31212,0.2989,0.303,19761169.338391
1738008000,0.30325,0.31811,0.30316,0.31458,14612362.205582
1738022400,0.31467,0.31999,0.30873,0.31458,11302486.760846
1738036800,0.31454,0.32153,0.31432,0.31842,8991405.615536
1738051200,0.31848,0.32017,0.31283,0.31744,8475516.458916
1738065600,0.31747,0.32306,0.31277,0.31625,25319040.892395
1738080000,0.31636,0.3175,0.30577,0.30882,13094612.566406
1738094400,0.30887,0.30908,0.29517,0.29903,12434129.410003
1738108800,0.29908,0.30397,0.29767,0.30369,9334645.263883
1738123200,0.30367,0.30991,0.30326,0.30936,5595812.959909
1738137600,0.30958,0.31117,0.30473,0.30913,6908398.793152
1738152000,0.30914,0.31048,0.3003,0.3033,10841901.449978
1738166400,0.30317,0.3112,0.29387,0.30574,18183438.833438
1738180800,0.30568,0.31818,0.30196,0.30871,20903122.186837
1738195200,0.30881,0.31821,0.30622,0.31821,5551856.156774
1738209600,0.31821,0.32162,0.31245,0.31377,4930156.973851
1738224000,0.31381,0.31738,0.31226,0.31519,3683905.041443
1738238400,0.31541,0.32193,0.31009,0.31881,9439298.366713
1738252800,0.31887,0.32246,0.31474,0.31916,7750973.861107
1738267200,0.3194,0.32266,0.31588,0.31608,6696517.580797
1738281600,0.3161,0.31674,0.30814,0.3086,10531315.373243
1738296000,0.30867,0.31539,0.30575,0.31153,4969098.89225
1738310400,0.31159,0.31826,0.30874,0.3177,6946547.266593
1738324800,0.31771,0.32025,0.31436,0.31794,8022575.429254
1738339200,0.31777,0.31911,0.30331,0.30643,15532417.618109
1738353600,0.30632,0.30764,0.30186,0.30669,8853230.277135
1738368000,0.30659,0.31233,0.30485,0.30854,5334610.036181
1738382400,0.30864,0.30913,0.304,0.30476,3719778.309109
1738396800,0.30476,0.30553,0.29837,0.30173,6082504.953021
1738411200,0.30173,0.30173,0.29529,0.29892,4518225.645912
1738425600,0.29885,0.29995,0.29135,0.29324,6882409.22054
1738440000,0.29323,0.2933,0.28123,0.28503,22244149.99737
1738454400,0.28505,0.29406,0.27806,0.27835,15630388.306428
1738468800,0.27845,0.28611,0.2777,0.28035,10107057.914591
1738483200,0.28035,0.28504,0.27184,0.27282,12117489.102145
1738497600,0.27271,0.27759,0.2686,0.27342,13589774.251728
1738512000,0.27349,0.27349,0.24419,0.25852,53484289.158504
1738526400,0.25849,0.2628,0.23674,0.25323,31884056.800069
1738540800,0.25333,0.25364,0.17887,0.22163,149899102.650555
1738555200,0.22218,0.24544,0.21074,0.24443,37337111.557626
1738569600,0.24434,0.24661,0.23382,0.23684,19959136.410083
1738584000,0.23688,0.26672,0.22072,0.26419,49150818.911576
1738598400,0.26415,0.2785,0.25561,0.27499,31472581.227985
1738612800,0.27482,0.28203,0.26475,0.27483,17061808.680891
1738627200,0.27482,0.27825,0.26424,0.26664,9697324.528822
1738641600,0.26664,0.26761,0.24623,0.24714,22091726.11705
1738656000,0.24716,0.26016,0.24547,0.25467,17547346.047311
1738670400,0.25479,0.26537,0.25401,0.25725,24156658.057265
1738684800,0.25728,0.26987,0.256,0.25608,20841503.201273
1738699200,0.25624,0.25906,0.24269,0.25009,25687798.099218
1738713600,0.25014,0.25519,0.24882,0.25311,14905854.702992
1738728000,0.25306,0.2554,0.24912,0.25262,11126955.624234
1738742400,0.25261,0.25662,0.25007,0.25626,12234600.838663
1738756800,0.25623,0.25838,0.24981,0.25293,17219363.645211
1738771200,0.2529,0.25368,0.23864,0.24565,22184397.451485
1738785600,0.24579,0.24864,0.23573,0.23859,12860723.454762
1738800000,0.23845,0.24433,0.23709,0.24301,11201688.615159
1738814400,0.24293,0.24804,0.2424,0.24446,7566677.757081
1738828800,0.24446,0.24987,0.24184,0.24594,8499491.285421
1738843200,0.24592,0.24634,0.22981,0.23192,24768474.739745
1738857600,0.23202,0.23645,0.22721,0.22817,21884715.117091
1738872000,0.22805,0.23344,0.22629,0.22868,13376695.165847
1738886400,0.22866,0.23724,0.22829,0.23331,8729097.471411
1738900800,0.23343,0.23533,0.22709,0.23094,8501973.52269
1738915200,0.23093,0.23827,0.22987,0.23802,7406582.450982
1738929600,0.23797,0.24784,0.23477,0.24182,16441748.570257
1738944000,0.24194,0.24465,0.23558,0.23854,11321466.304203
1738958400,0.23864,0.23904,0.22635,0.23272,13586485.45956
1738972800,0.23267,0.23542,0.2295,0.23008,10467102.318591
1738987200,0.23013,0.23132,0.22577,0.22983,5976465.123316
1739001600,0.22982,0.23075,0.22677,0.22927,5913107.110911
1739016000,0.22924,0.23332,0.22725,0.23054,10597895.305514
1739030400,0.23057,0.23453,0.22877,0.23362,14633011.625309
1739044800,0.23368,0.23636,0.23154,0.23413,5163686.077085
1739059200,0.23411,0.2423,0.23314,0.2423,9932144.233434
1739073600,0.2423,0.24239,0.2376,0.2404,8270913.31701
1739088000,0.24044,0.24309,0.23589,0.23612,6512086.764159
1739102400,0.23612,0.23699,0.22819,0.23422,7010457.553037
1739116800,0.2341,0.23621,0.22904,0.22955,4602952.092953
1739131200,0.22964,0.23289,0.21946,0.2292,10206529.882823
1739145600,0.2291,0.23591,0.22361,0.23212,14414099.999102
1739160000,0.23215,0.2394,0.23076,0.23863,5985684.823819
1739174400,0.23869,0.24198,0.23686,0.23891,6214072.113204
1739188800,0.23882,0.24408,0.2324,0.23384,7495187.445102
1739203200,0.23405,0.23689,0.23159,0.23395,4879860.345897
1739217600,0.23426,0.23559,0.23054,0.23185,2567875.510891
1739232000,0.23187,0.23885,0.23085,0.23644,6772695.067784
1739246400,0.23645,0.24883,0.23622,0.24543,9723384.764935
1739260800,0.24534,0.24597,0.23889,0.24261,7122514.702544
1739275200,0.24281,0.24294,0.23369,0.23722,11888840.434248
1739289600,0.23732,0.23883,0.22641,0.22781,9023734.875462
1739304000,0.22769,0.23234,0.22686,0.22881,9249422.589096
1739318400,0.22873,0.2301,0.22302,0.22343,6990941.859017
1739332800,0.22344,0.22533,0.22121,0.22365,5985865.142712
1739347200,0.22375,0.22604,0.22165,0.22459,9924320.570931
1739361600,0.22469,0.22829,0.21364,0.21843,22956678.442008
1739376000,0.21844,0.23011,0.21587,0.22762,17453371.308388
1739390400,0.228,0.23828,0.22609,0.2352,10077436.662065
1739404800,0.23522,0.23678,0.23049,0.23361,5247026.63444
1739419200,0.23375,0.23413,0.22653,0.22689,3792028.936986
1739433600,0.22677,0.22815,0.22342,0.22517,5380470.406725
1739448000,0.22514,0.22589,0.22078,0.22285,12299945.696312
1739462400,0.22279,0.22432,0.21825,0.22057,8081726.349276
1739476800,0.22046,0.22728,0.22041,0.22551,6764091.587208
1739491200,0.22552,0.22905,0.22356,0.22871,4905442.80387
1739505600,0.22876,0.22897,0.22414,0.22629,2862766.88851
1739520000,0.22643,0.23799,0.22608,0.23292,12002801.77698
1739534400,0.23292,0.2386,0.2302,0.23274,9823348.660189
1739548800,0.23274,0.24004,0.22825,0.2351,14682496.062459
1739563200,0.23523,0.23592,0.2269,0.23074,5468956.105437
1739577600,0.23095,0.23835,0.22867,0.23696,6136145.803251
1739592000,0.23714,0.23881,0.23037,0.23413,3040744.264717
1739606400,0.23415,0.23825,0.2329,0.23391,4331945.123467
1739620800,0.23395,0.23809,0.22837,0.22994,8747903.357137
1739635200,0.22994,0.23212,0.22691,0.2272,5085181.208173
1739649600,0.22758,0.22943,0.22585,0.22914,5172073.000905
1739664000,0.22919,0.23046,0.22569,0.2275,3129690.022922
1739678400,0.22749,0.22819,0.22317,0.22361,2261593.862033
1739692800,0.22363,0.2271,0.22287,0.22698,2413710.11736
1739707200,0.227,0.22713,0.22022,0.22219,4204966.182586
1739721600,0.222,0.22381,0.21941,0.22141,3472907.557083
1739736000,0.22132,0.22268,0.21916,0.22012,4776057.855407
1739750400,0.21998,0.22362,0.21898,0.21976,5465558.502596
1739764800,0.21962,0.22083,0.21529,0.2163,4533526.017126
1739779200,0.21628,0.22311,0.2156,0.22062,5525701.778645
1739793600,0.22067,0.22504,0.21617,0.2165,8237502.308127
1739808000,0.21648,0.21808,0.20921,0.21187,11230348.136554
1739822400,0.21172,0.21586,0.21057,0.21235,5271789.528842
1739836800,0.21217,0.21456,0.21037,0.21308,3863103.69768
1739851200,0.213,0.21349,0.2034,0.20515,10627552.455389
1739865600,0.20515,0.20638,0.20035,0.20344,9028478.63532
1739880000,0.20341,0.20866,0.19838,0.19954,10259446.708713
1739894400,0.19962,0.20311,0.19482,0.20195,17675772.479969
1739908800,0.20204,0.20751,0.2003,0.20702,7075341.518973
1739923200,0.20697,0.20909,0.20521,0.20779,3817071.720327
1739937600,0.20778,0.21307,0.20367,0.2116,7501571.733841
1739952000,0.21158,0.21477,0.20782,0.21425,3751150.355228
1739966400,0.21444,0.21558,0.20958,0.21151,3459077.590479
1739980800,0.21156,0.21783,0.21115,0.21547,4045971.775684
1739995200,0.21547,0.21802,0.21307,0.21581,3564855.349383
1740009600,0.21607,0.22055,0.21496,0.21972,3892711.62002
1740024000,0.21968,0.22629,0.21901,0.21901,9317257.012899
1740038400,0.21903,0.2224,0.21822,0.21961,4085020.238069
1740052800,0.21951,0.22385,0.21643,0.21673,6037306.894257
1740067200,0.2169,0.22282,0.21628,0.22066,3128487.466106
1740081600,0.22074,0.22325,0.21886,0.22203,3058638.821021
1740096000,0.22201,0.22263,0.2179,0.21849,1857558.545378
1740110400,0.21849,0.22143,0.21847,0.21973,2924523.705642
1740124800,0.21983,0.22614,0.21977,0.22414,6331529.436554
1740139200,0.22403,0.23013,0.21523,0.21884,16469369.240415
1740153600,0.21889,0.22199,0.20513,0.20698,14272874.110587
1740168000,0.20693,0.21496,0.20541,0.21441,9167974.161774
1740182400,0.21445,0.22279,0.21192,0.216,12192808.841829
1740196800,0.21589,0.21741,0.21483,0.21521,3171539.731192
1740211200,0.2153,0.21559,0.21288,0.21442,2630391.509479
1740225600,0.21441,0.21704,0.21411,0.21652,2156019.007939
1740240000,0.21653,0.22167,0.21607,0.21828,4253835.472541
1740254400,0.21831,0.21875,0.21524,0.21643,5757637.363743
1740268800,0.21642,0.2173,0.21301,0.2144,3869943.666086
1740283200,0.21437,0.21783,0.21267,0.21703,3238047.5602
1740297600,0.21717,0.21717,0.21152,0.21199,2655710.573008
1740312000,0.21199,0.21247,0.20776,0.20818,3635078.157948
1740326400,0.2081,0.21215,0.20794,0.21005,2409708.834004
1740340800,0.21005,0.21197,0.20797,0.21119,3697042.033772
1740355200,0.21128,0.21351,0.20377,0.20479,2445606.841392
1740369600,0.20466,0.20642,0.20248,0.20481,1339609.632431
1740384000,0.20466,0.21382,0.20022,0.20994,6054667.649178
1740398400,0.21006,0.22707,0.20626,0.21222,28683136.906966
1740412800,0.21236,0.22195,0.21011,0.21083,12346606.741291
1740427200,0.21098,0.21424,0.1955,0.19654,13385527.300784
1740441600,0.19654,0.20126,0.19146,0.19613,12288827.372985
1740456000,0.19622,0.19747,0.17963,0.18498,13036209.785147
1740470400,0.1849,0.18789,0.17557,0.18552,10578777.489681
1740484800,0.18565,0.1898,0.18067,0.18524,13578411.112637
1740499200,0.18535,0.19231,0.1814,0.19198,11567493.453475
1740513600,0.19187,0.20123,0.19055,0.19837,11795228.172028
1740528000,0.1985,0.20178,0.19324,0.19859,5467389.65529
1740542400,0.1985,0.20028,0.19366,0.19558,3468725.3609
1740556800,0.19557,0.20157,0.19364,0.19764,4025884.018149
1740571200,0.1979,0.20088,0.18956,0.1977,10511715.539687
1740585600,0.19782,0.20145,0.1885,0.19037,12535562.506751
1740600000,0.1904,0.2,0.18754,0.19609,9475350.237868
1740614400,0.19619,0.20047,0.19386,0.19932,5489168.863374
1740628800,0.19927,0.20245,0.19612,0.20156,2496289.992821
1740643200,0.20178,0.20395,0.19915,0.20127,2719252.553814
1740657600,0.20137,0.20598,0.19837,0.20157,9629203.506795
1740672000,0.2015,0.20243,0.19658,0.19769,5494876.209531
1740686400,0.19772,0.20014,0.19402,0.19972,5950774.810144
1740700800,0.19991,0.20446,0.1867,0.18713,14825945.796154
1740715200,0.18717,0.18966,0.18118,0.183,12761941.30793
1740729600,0.18298,0.1905,0.17993,0.18839,8581726.372793
1740744000,0.18823,0.20581,0.1862,0.203,10344359.004821
1740758400,0.20318,0.21484,0.20287,0.21413,11468282.932949
1740772800,0.21407,0.21662,0.21179,0.21356,8252263.080412
1740787200,0.21346,0.2272,0.21137,0.22586,12385950.509846
1740801600,0.22567,0.23551,0.22466,0.22929,20018317.452702
1740816000,0.22939,0.23893,0.22932,0.2335,17862122.115945
1740830400,0.23368,0.2374,0.22467,0.23658,20717395.445635
1740844800,0.23663,0.24991,0.23272,0.24893,19349405.192727
1740859200,0.24901,0.26519,0.24388,0.25266,27693662.79171
1740873600,0.25261,0.25572,0.2483,0.25122,11759930.944315
1740888000,0.25126,0.25133,0.2445,0.24505,5156798.382667
1740902400,0.24507,0.25156,0.24232,0.2509,6902179.482895
1740916800,0.25086,0.25906,0.24263,0.24303,17050433.015078
1740931200,0.24303,0.28545,0.2428,0.26294,48146824.312726
1740945600,0.26292,0.26924,0.25933,0.2641,12987470.359887
1740960000,0.26412,0.28778,0.25959,0.26182,32843699.797615
1740974400,0.2618,0.26213,0.24784,0.25541,12255536.13171
1740988800,0.2555,0.2555,0.2454,0.2498,11199245.769045
1741003200,0.24977,0.25713,0.24477,0.24691,15727014.893707
1741017600,0.24699,0.24953,0.22489,0.22542,20406193.274933
1741032000,0.22539,0.22877,0.21996,0.22326,13019064.033309
1741046400,0.22322,0.23594,0.22039,0.22587,23666365.443705
1741060800,0.2259,0.23097,0.22258,0.22905,12889925.801541
1741075200,0.22897,0.24364,0.22849,0.24138,22150404.511135
1741089600,0.24123,0.246,0.22608,0.23341,29850819.868446
1741104000,0.23339,0.2476,0.22777,0.24557,18480843.186946
1741118400,0.24572,0.24764,0.23626,0.24134,11959361.61653
1741132800,0.24125,0.25717,0.23954,0.24727,13417775.161827
1741147200,0.24735,0.25655,0.24532,0.2557,9953704.636337
1741161600,0.2554,0.26499,0.25389,0.25449,18828459.646349
1741176000,0.25439,0.256,0.24419,0.24619,12795144.366854
1741190400,0.24621,0.25005,0.24256,0.24866,9433007.608754
1741204800,0.24838,0.25216,0.2481,0.24917,5059385.643431
1741219200,0.24909,0.25192,0.24344,0.2494,7085732.411293
1741233600,0.24944,0.25573,0.24631,0.24721,7316550.951815
1741248000,0.24685,0.25144,0.24504,0.24901,5422535.77499
1741262400,0.24898,0.24912,0.23757,0.24262,10416013.121538
1741276800,0.24261,0.24557,0.2345,0.23667,8942663.458208
1741291200,0.2368,0.24037,0.23575,0.23776,2947801.825796
1741305600,0.23791,0.24156,0.22413,0.23285,16822843.872709
1741320000,0.23288,0.2501,0.2325,0.24683,14799150.749346
1741334400,0.24695,0.25541,0.24574,0.25225,17307082.296269
1741348800,0.25232,0.258,0.24252,0.244,25004271.738308
1741363200,0.24397,0.24638,0.23473,0.23886,12295719.027363
1741377600,0.23897,0.24309,0.23125,0.23257,21251303.041447
1741392000,0.23246,0.23582,0.2271,0.22939,6321954.265422
1741406400,0.22932,0.2348,0.22825,0.23189,5674636.614489
1741420800,0.23187,0.2321,0.22472,0.22586,3045130.172234
1741435200,0.2259,0.22908,0.22444,0.2268,3311718.871926
1741449600,0.2268,0.23003,0.22275,0.22971,5195677.824646
1741464000,0.2299,0.23139,0.22631,0.22702,4242428.154136
1741478400,0.22705,0.23151,0.22381,0.22456,5635911.586039
1741492800,0.22451,0.22632,0.22269,0.22384,2076191.72109
1741507200,0.22374,0.22382,0.21393,0.21561,5219871.46904
1741521600,0.21561,0.21734,0.20916,0.20916,12528047.577513
1741536000,0.20914,0.21075,0.20009,0.20291,11522352.794188
1741550400,0.203,0.20603,0.19821,0.19938,8063710.233865
1741564800,0.19949,0.21142,0.19516,0.20902,13617505.079579
1741579200,0.20888,0.21185,0.20749,0.20944,4719139.689421
1741593600,0.2096,0.21849,0.20454,0.21299,9542947.929839
1741608000,0.21296,0.2137,0.19704,0.2027,14741576.521131
1741622400,0.20268,0.20333,0.18816,0.19338,16206355.603264
1741636800,0.19338,0.19578,0.1891,0.18941,7948473.890015
1741651200,0.1895,0.19275,0.17909,0.18868,17247841.193763
1741665600,0.18856,0.19735,0.18782,0.19583,11836638.53666
1741680000,0.19551,0.20311,0.19502,0.20127,13337842.915435
1741694400,0.20142,0.20378,0.19038,0.19757,23207031.967058
1741708800,0.19758,0.20435,0.19068,0.20098,21639971.154744
1741723200,0.20098,0.20123,0.1945,0.19711,9011852.696058
1741737600,0.19717,0.20543,0.19532,0.19836,21246720.351971
1741752000,0.1981,0.20402,0.19624,0.20118,10161375.049874
1741766400,0.20111,0.20492,0.19919,0.20291,10197152.590339
1741780800,0.20293,0.21534,0.19284,0.19787,37216015.975525
1741795200,0.19777,0.20146,0.19455,0.19792,10485582.457636
1741809600,0.19776,0.20146,0.1964,0.20095,4901802.745161
1741824000,0.20084,0.2015,0.19713,0.19781,5900903.791865
1741838400,0.1979,0.19866,0.1933,0.19446,5961226.415177
1741852800,0.19458,0.19963,0.19284,0.1996,6607554.177824
1741867200,0.19945,0.20302,0.19063,0.19069,11682764.610633
1741881600,0.19078,0.19129,0.18485,0.18541,8329440.471087
1741896000,0.1855,0.19168,0.18418,0.18931,4560439.997217
1741910400,0.18941,0.1927,0.18782,0.19012,4760552.617711
1741924800,0.19023,0.19084,0.1883,0.18885,3256174.525796
1741939200,0.18887,0.19397,0.1887,0.19245,5773239.138363
1741953600,0.19246,0.19885,0.19104,0.19626,11171259.797062
1741968000,0.19641,0.19792,0.19202,0.19289,6873209.458503
1741982400,0.19266,0.19388,0.18918,0.19113,6386130.419131
1741996800,0.19114,0.1972,0.19076,0.19446,7673948.147648
1742011200,0.19443,0.19643,0.19044,0.19138,3681964.602792
1742025600,0.19147,0.19423,0.19118,0.19386,2825618.119739
1742040000,0.19377,0.19463,0.1923,0.19266,3192303.517479
1742054400,0.19285,0.19329,0.19019,0.19186,2762338.969691
1742068800,0.192,0.1946,0.19173,0.19279,3018131.488951
1742083200,0.1928,0.19508,0.18823,0.19133,4586340.723349
1742097600,0.19139,0.19399,0.19092,0.19228,2439195.100406
1742112000,0.19241,0.19286,0.1848,0.18554,8270542.071164
1742126400,0.18559,0.18864,0.185,0.18642,6106908.598274
1742140800,0.18635,0.19132,0.1828,0.18373,13626732.207948
1742155200,0.18379,0.18539,0.18183,0.18495,3267429.471394
1742169600,0.18477,0.19413,0.18436,0.19352,7318734.020269
1742184000,0.19353,0.19587,0.18944,0.19342,7245277.675745
1742198400,0.19337,0.19367,0.18954,0.19066,4332097.741282
1742212800,0.19059,0.194,0.18945,0.19181,9146084.819319
1742227200,0.1919,0.19506,0.19035,0.19308,4195780.549052
1742241600,0.19311,0.19351,0.19055,0.1915,2735013.652743
1742256000,0.19149,0.1917,0.18621,0.18661,4758300.147358
1742270400,0.18638,0.18843,0.18489,0.18783,3012666.399027
1742284800,0.1879,0.18916,0.18509,0.18542,3729851.430069
1742299200,0.1853,0.18632,0.18231,0.18387,5406561.211247
1742313600,0.18366,0.18578,0.18225,0.18531,1282964.28778
1742328000,0.18572,0.18892,0.18428,0.1884,3248568.934154
1742342400,0.18847,0.19103,0.18611,0.18843,2894988.440961
1742356800,0.18854,0.18875,0.18677,0.18736,2759794.154504
1742371200,0.1876,0.19328,0.18757,0.19258,3927075.919519
1742385600,0.19261,0.1955,0.19033,0.19457,9831639.747965
1742400000,0.19453,0.19623,0.18882,0.19421,11392266.036435
1742414400,0.19456,0.19844,0.19382,0.1975,4062924.047197
1742428800,0.19768,0.19911,0.19295,0.19402,4161202.011845
1742443200,0.19402,0.19648,0.19244,0.19348,5236396.649787
1742457600,0.19348,0.19584,0.19003,0.19073,4268460.801471
1742472000,0.19095,0.19473,0.18963,0.19019,7068931.785728
1742486400,0.19,0.19141,0.18743,0.1897,5358643.925966
1742500800,0.18961,0.19125,0.18869,0.18998,3112523.717076
1742515200,0.18995,0.19157,0.18672,0.18707,4357993.877495
1742529600,0.18708,0.18816,0.184,0.18574,5742973.49754
1742544000,0.18574,0.18635,0.18355,0.18433,3615526.393272
1742558400,0.18428,0.18525,0.18215,0.18282,6437316.329975
1742572800,0.18277,0.18714,0.18212,0.18621,3229030.468611
1742587200,0.18618,0.18721,0.18386,0.18466,2685328.539871
1742601600,0.18459,0.18534,0.18269,0.18388,3361966.227603
1742616000,0.18379,0.18537,0.18306,0.18466,2242783.320791
1742630400,0.1846,0.18631,0.18395,0.18413,3047708.872487
1742644800,0.18412,0.18419,0.18227,0.18343,3908291.242346
1742659200,0.18336,0.18537,0.18312,0.18427,3206672.174839
1742673600,0.18424,0.18464,0.18131,0.18264,3556231.750904
1742688000,0.18262,0.18388,0.18181,0.1832,3382095.780967
1742702400,0.1832,0.18354,0.18142,0.18352,4043694.045632
1742716800,0.18356,0.18492,0.18337,0.18388,4365945.618198
1742731200,0.1839,0.1852,0.18274,0.1839,4070152.921047
1742745600,0.18402,0.18402,0.1795,0.18255,5742645.877322
1742760000,0.18256,0.18595,0.18255,0.18586,4944947.826246
1742774400,0.18585,0.18886,0.18379,0.18878,7157485.485179
1742788800,0.18878,0.1923,0.18872,0.19023,9235425.527288
1742803200,0.19024,0.194,0.19024,0.19293,6308193.11642
1742817600,0.19305,0.19557,0.1913,0.19276,7474377.64354
1742832000,0.19277,0.1953,0.1911,0.19488,4344358.108115
1742846400,0.19481,0.19567,0.19177,0.19313,3572830.658194
1742860800,0.19316,0.19501,0.19118,0.19184,6252162.755619
1742875200,0.19184,0.19541,0.19125,0.19411,3298733.188507
1742889600,0.1942,0.19835,0.1942,0.19817,4365405.489708
1742904000,0.19822,0.20148,0.19737,0.19757,10213244.422121
1742918400,0.19764,0.19832,0.1952,0.19554,5622054.693745
1742932800,0.19551,0.19695,0.19327,0.19468,4393694.495122
1742947200,0.19464,0.19725,0.19351,0.19404,3086231.595096
1742961600,0.19389,0.20017,0.1935,0.19938,3751365.391695
1742976000,0.19937,0.2008,0.19774,0.19998,3319334.510388
1742990400,0.20007,0.20092,0.19185,0.19361,10641181.422069
1743004800,0.19354,0.19572,0.18949,0.19154,4655669.394946
1743019200,0.19151,0.1945,0.19019,0.19173,3062060.517126
1743033600,0.19176,0.19706,0.19157,0.19622,2565672.763039
1743048000,0.19622,0.19633,0.19309,0.19332,948013.820685
1743062400,0.1933,0.19415,0.18963,0.18996,1842129.136936
1743076800,0.18995,0.19352,0.18773,0.19225,6523467.982511
1743091200,0.19218,0.19345,0.19053,0.19248,2543217.567213
1743105600,0.19256,0.19606,0.19254,0.19356,2321341.177186
1743120000,0.1936,0.19476,0.19009,0.19054,2417669.27798
1743134400,0.1905,0.19062,0.18298,0.18325,10033464.129072
1743148800,0.18316,0.18475,0.18198,0.18472,5606946.000614
1743163200,0.18467,0.18565,0.18094,0.18205,10000720.204448
1743177600,0.18206,0.18271,0.17977,0.18052,5343560.059942
1743192000,0.18049,0.18297,0.17996,0.18229,6784576.375123
1743206400,0.18228,0.18349,0.17734,0.18011,3576191.208932
1743220800,0.18014,0.18025,0.17373,0.17492,4471566.144536
1743235200,0.17485,0.17599,0.1685,0.17029,8261428.281453
1743249600,0.1703,0.17231,0.1684,0.16888,8390553.475401
1743264000,0.16897,0.1711,0.16663,0.17107,9735967.015615
1743278400,0.1709,0.17218,0.16828,0.17207,3482707.653604
1743292800,0.17221,0.17547,0.17061,0.17384,8356569.321399
1743307200,0.17385,0.17501,0.17141,0.17213,2988353.095877
1743321600,0.17218,0.1737,0.17063,0.17159,3527594.342978
1743336000,0.17173,0.17222,0.16899,0.16987,3753473.32395
1743350400,0.16988,0.17259,0.16808,0.17029,4565166.093902
1743364800,0.17032,0.17094,0.1667,0.16769,3944683.468899
1743379200,0.16782,0.16829,0.16187,0.16226,7207013.77589
1743393600,0.16223,0.16455,0.1583,0.15924,6958476.349475
1743408000,0.15924,0.16099,0.15628,0.16007,8922391.667515
1743422400,0.16005,0.16635,0.15857,0.16498,11032835.782387
1743436800,0.16491,0.16653,0.16195,0.16325,10131693.354256
1743451200,0.16336,0.1645,0.16225,0.16322,3802958.257328
1743465600,0.16309,0.16532,0.16177,0.16403,6107907.250013
1743480000,0.16401,0.16729,0.1631,0.16549,5590982.826866
1743494400,0.16548,0.1738,0.16546,0.16823,14389735.673422
1743508800,0.16822,0.17573,0.16738,0.17462,14075685.689039
1743523200,0.17467,0.17607,0.1698,0.1703,6388617.544479
1743537600,0.17039,0.1723,0.16927,0.17019,5251202.851726
1743552000,0.17022,0.1708,0.16461,0.16633,5246407.323107
1743566400,0.16627,0.16678,0.16244,0.16475,6002496.707374
1743580800,0.16478,0.16968,0.16437,0.16618,6582684.062227
1743595200,0.16629,0.17434,0.16446,0.1722,16897006.196824
1743609600,0.17233,0.1745,0.16912,0.17392,15619162.573417
1743624000,0.17391,0.18076,0.15787,0.16139,33842770.915834
1743638400,0.16134,0.16692,0.16035,0.16571,8262367.348036
1743652800,0.16582,0.16639,0.16156,0.16344,4353472.195903
1743667200,0.16338,0.16429,0.15891,0.15924,5008751.386815
1743681600,0.15925,0.16082,0.15313,0.15996,20235129.454172
1743696000,0.16009,0.16198,0.15697,0.16125,13701967.484767
1743710400,0.16128,0.16509,0.16012,0.1626,7090218.823615
1743724800,0.16272,0.16483,0.16061,0.16154,9139422.989191
1743739200,0.16144,0.16494,0.16013,0.16451,8610134.926511
1743753600,0.16454,0.16624,0.15708,0.15983,11849729.195667
1743768000,0.15981,0.16763,0.1577,0.16423,37406341.367141
1743782400,0.16428,0.16828,0.16304,0.16575,14316061.058097
1743796800,0.16572,0.16679,0.16336,0.16426,8062894.704854
1743811200,0.1643,0.16516,0.16283,0.16298,4042971.778586
1743825600,0.16297,0.1638,0.16178,0.16232,2315669.132044
1743840000,0.16229,0.1637,0.16189,0.16227,3355281.31184
1743854400,0.16228,0.16263,0.15882,0.15994,6962576.994321
1743868800,0.15993,0.16176,0.15967,0.16091,1639999.541932
1743883200,0.16088,0.16239,0.16013,0.16207,2566544.354039
1743897600,0.1621,0.16293,0.16,0.16041,3677795.859763
1743912000,0.16036,0.16079,0.15754,0.15754,5852900.029967
1743926400,0.15755,0.15871,0.15573,0.15633,4452551.548353
1743940800,0.15627,0.15674,0.15314,0.15465,5908051.06183
1743955200,0.15461,0.15462,0.14165,0.14389,22607646.426972
1743969600,0.14386,0.14479,0.13563,0.14005,19286154.694701
1743984000,0.14014,0.14398,0.13387,0.13557,14417014.684948
1743998400,0.13552,0.13744,0.12489,0.12866,24095867.600629
1744012800,0.12865,0.13937,0.12802,0.13615,26161233.199141
1744027200,0.1362,0.15462,0.13548,0.14418,49108636.793861
1744041600,0.1441,0.15073,0.14364,0.14774,21756237.157522
1744056000,0.14776,0.15465,0.14775,0.15239,12229537.80985
1744070400,0.15259,0.15565,0.15095,0.15517,14110547.765207
1744084800,0.15539,0.15989,0.15481,0.15756,21996948.73571
1744099200,0.15756,0.16353,0.15475,0.16323,20167347.345535
1744113600,0.16332,0.16704,0.15806,0.15906,28321707.309587
1744128000,0.15906,0.15926,0.14771,0.14973,28583223.600255
1744142400,0.14973,0.15065,0.14537,0.14609,12677399.008637
1744156800,0.1461,0.14847,0.14224,0.14384,30233697.868585
1744171200,0.14375,0.15587,0.14344,0.15426,26079451.078301
1744185600,0.15434,0.15508,0.14712,0.14784,15358664.444599
1744200000,0.14788,0.15411,0.1462,0.14973,23842311.07831
1744214400,0.14975,0.17727,0.14944,0.17069,59126176.496888
1744228800,0.17079,0.17234,0.16837,0.16874,16741248.558252
1744243200,0.1688,0.17029,0.1638,0.16582,8555034.19985
1744257600,0.16582,0.17259,0.1635,0.16962,14949890.937223
1744272000,0.16972,0.17176,0.16866,0.17157,15536711.435389
1744286400,0.1715,0.17838,0.16553,0.16587,47349845.851027
1744300800,0.16584,0.17094,0.16551,0.16965,23255078.145422
1744315200,0.16953,0.17158,0.1669,0.1679,8446185.538337
1744329600,0.16786,0.17292,0.16685,0.17057,20012227.125074
1744344000,0.1705,0.17419,0.16946,0.17337,15506820.671603
1744358400,0.1734,0.17673,0.17065,0.17142,15429192.65391
1744372800,0.17143,0.17373,0.16571,0.16665,29598533.790174
1744387200,0.16668,0.1704,0.16463,0.16805,16330409.014371
1744401600,0.16809,0.17108,0.16657,0.16755,11285497.059207
1744416000,0.16759,0.16894,0.16548,0.16618,7355067.457235
1744430400,0.16619,0.16933,0.16557,0.16844,6077959.644978
1744444800,0.16837,0.17131,0.16796,0.16856,6826100.072868
1744459200,0.16856,0.17638,0.16816,0.17246,20776358.781909
1744473600,0.17253,0.1738,0.17065,0.17228,5994706.504049
1744488000,0.17228,0.1782,0.1721,0.17702,14145400.323022
1744502400,0.1771,0.17735,0.17334,0.17509,8204804.006752
1744516800,0.17509,0.17532,0.17086,0.17119,6069622.756377
1744531200,0.17124,0.17587,0.17062,0.17173,7976531.157359
1744545600,0.17171,0.17302,0.16683,0.1676,9329432.401358
1744560000,0.16755,0.17145,0.16464,0.16599,10157249.244232
1744574400,0.16602,0.16766,0.16348,0.1653,7171654.689464
1744588800,0.16538,0.17284,0.16509,0.16789,9785027.35275
1744603200,0.16787,0.17142,0.1651,0.16691,5125052.273258
1744617600,0.16703,0.17082,0.16633,0.16969,7087117.441969
1744632000,0.16968,0.17132,0.16248,0.16303,7250755.381742
1744646400,0.16328,0.16854,0.16326,0.16796,8524386.330491
1744660800,0.16794,0.16796,0.16413,0.16515,2351919.912544
1744675200,0.16528,0.16788,0.16384,0.1678,6066060.656724
1744689600,0.16777,0.16821,0.16603,0.16678,2507762.487682
1744704000,0.16679,0.16828,0.16425,0.1647,4089249.98677
1744718400,0.16463,0.167,0.16224,0.1632,8841703.081111
1744732800,0.16339,0.16407,0.15859,0.15949,9470153.653202
1744747200,0.15952,0.16051,0.1566,0.15701,3446868.133058
1744761600,0.15698,0.15869,0.1559,0.15749,3294448.480167
1744776000,0.15739,0.15885,0.15545,0.1561,3141642.844388
1744790400,0.15599,0.15906,0.15521,0.15824,5318474.582985
1744804800,0.15822,0.1608,0.15608,0.15864,7284438.471805
1744819200,0.15864,0.16083,0.15406,0.15893,13241593.974914
1744833600,0.15888,0.16056,0.15682,0.15747,6324751.054628
1744848000,0.15745,0.15854,0.15628,0.15703,3782695.578021
1744862400,0.15699,0.16198,0.15635,0.1598,7109129.736539
1744876800,0.15986,0.16024,0.15792,0.15949,6379734.392644
1744891200,0.15963,0.16231,0.15841,0.16109,5153174.7071
1744905600,0.16111,0.16597,0.16049,0.16287,6080810.277955
1744920000,0.16298,0.16488,0.16268,0.16305,2969640.346238
1744934400,0.16314,0.16517,0.16193,0.16375,3397668.644671
1744948800,0.16388,0.16596,0.16256,0.16537,2783814.911429
1744963200,0.16567,0.16664,0.16451,0.16578,3789468.078993
1744977600,0.16573,0.16686,0.16363,0.16413,2130648.543537
1744992000,0.16417,0.16629,0.16395,0.16574,1363294.827959
1745006400,0.16575,0.16642,0.16416,0.1652,1170858.203635
1745020800,0.16523,0.16788,0.16504,0.16684,2992005.663088
1745035200,0.1669,0.1677,0.16597,0.16642,2887136.546343
1745049600,0.16655,0.16749,0.16551,0.16595,1013537.723473
1745064000,0.16596,0.16613,0.16435,0.16535,2326214.660235
1745078400,0.16532,0.16744,0.16451,0.16588,1051262.073465
1745092800,0.16599,0.16752,0.16587,0.16688,1435412.931869
1745107200,0.16707,0.16799,0.16601,0.16602,1191184.31307
1745121600,0.16601,0.16683,0.16373,0.16443,3413545.949614
1745136000,0.16443,0.16459,0.16089,0.16174,2970400.440036
1745150400,0.16173,0.16445,0.16091,0.16341,2826799.778083
1745164800,0.16346,0.16698,0.16346,0.16692,2517005.474456
1745179200,0.16695,0.16883,0.1647,0.1661,4083562.360939
1745193600,0.16604,0.1729,0.16604,0.17069,6492622.178425
1745208000,0.17069,0.17319,0.17015,0.17282,3129878.063197
1745222400,0.17284,0.17407,0.16997,0.17016,4955898.815283
1745236800,0.17015,0.17268,0.16867,0.17106,9068331.306682
1745251200,0.17113,0.17193,0.16612,0.17185,8825694.137861
1745265600,0.17183,0.17212,0.16809,0.16919,3599872.109137
1745280000,0.16921,0.17156,0.16763,0.17016,3644225.213758
1745294400,0.1703,0.17386,0.16988,0.17379,2174781.408678
1745308800,0.17386,0.174,0.17146,0.17296,2268801.788638
1745323200,0.17287,0.17861,0.17278,0.17712,5555277.703294
1745337600,0.17718,0.17817,0.17571,0.17712,3363985.760192
1745352000,0.17711,0.18235,0.17604,0.18127,6861492.578776
1745366400,0.18146,0.18282,0.17897,0.18238,4549288.004572
1745380800,0.1824,0.18635,0.1814,0.18625,6770546.964198
1745395200,0.18625,0.19036,0.18433,0.18475,6060637.734133
1745409600,0.18525,0.18968,0.17704,0.18169,11979480.158413
1745424000,0.18171,0.18388,0.17908,0.18059,4099853.47215
1745438400,0.18047,0.18165,0.17933,0.18038,1957075.274496
1745452800,0.18034,0.18106,0.1759,0.17599,3576414.952446
1745467200,0.17593,0.18075,0.17574,0.17701,4634411.97727
1745481600,0.17712,0.17959,0.17544,0.17894,3036963.55881
1745496000,0.17896,0.18914,0.17833,0.18776,14043980.058118
1745510400,0.18776,0.18989,0.18312,0.18722,14541218.429319
1745524800,0.18724,0.18856,0.18524,0.18836,3318885.31122
1745539200,0.18843,0.1893,0.18401,0.18613,6080724.095903
1745553600,0.18618,0.19318,0.18514,0.19308,5743419.68103
1745568000,0.19311,0.1994,0.19262,0.19741,9774693.616361
1745582400,0.19773,0.20238,0.19443,0.19895,15033535.365364
1745596800,0.19898,0.20007,0.19485,0.19589,6508796.199724
1745611200,0.19599,0.19599,0.19171,0.19259,2750462.805041
1745625600,0.19279,0.19644,0.19279,0.19559,4645089.258288
1745640000,0.19571,0.19808,0.19361,0.19632,3764569.225544
1745654400,0.19643,0.19715,0.19037,0.19079,4869597.423665
1745668800,0.191,0.19333,0.18997,0.19304,3385406.017873
1745683200,0.19295,0.19366,0.19101,0.192,1841015.606915
1745697600,0.19192,0.19285,0.19038,0.19154,2253910.786058
1745712000,0.19158,0.19413,0.18785,0.19013,7288552.512055
1745726400,0.1903,0.19088,0.18681,0.18893,3672655.499976
1745740800,0.18904,0.19044,0.1884,0.18849,4357720.201863
1745755200,0.18842,0.19128,0.18568,0.18658,9879308.075186
1745769600,0.18657,0.19169,0.18493,0.19157,6959637.874467
1745784000,0.19171,0.19318,0.18917,0.19027,7414874.305689
1745798400,0.19032,0.1943,0.18555,0.19253,12909066.46634
1745812800,0.19259,0.19921,0.19176,0.19664,11156387.700288
1745827200,0.1968,0.1986,0.19502,0.19596,5655851.404189
1745841600,0.19617,0.19659,0.18794,0.18885,7623174.766703
1745856000,0.18881,0.19303,0.18706,0.19113,6478446.289772
1745870400,0.19099,0.19204,0.18938,0.19081,4436932.41454
1745884800,0.19085,0.19197,0.18822,0.18939,4174253.398363
1745899200,0.18942,0.19106,0.1871,0.19082,2675261.849531
1745913600,0.19096,0.1913,0.18792,0.18885,3907319.510758
1745928000,0.18883,0.18943,0.18589,0.18807,5070246.479096
1745942400,0.18803,0.19107,0.18773,0.18887,5054276.153883
1745956800,0.189,0.18931,0.18339,0.18608,5043536.499886
1745971200,0.18609,0.18861,0.18547,0.18835,3781612.956738
1745985600,0.18839,0.18862,0.18418,0.1848,3436482.904073
1746000000,0.18472,0.18706,0.18397,0.18608,4363681.24831
1746014400,0.18605,0.18605,0.17595,0.18102,11133652.624682
1746028800,0.18091,0.18367,0.17979,0.18318,5242168.486804
1746043200,0.18318,0.18484,0.18171,0.18211,1522499.581109
1746057600,0.18204,0.1845,0.1813,0.18293,921202.10189
1746072000,0.18305,0.18385,0.18184,0.1827,1554993.25662
1746086400,0.18263,0.18984,0.18232,0.18946,4606451.566655
1746100800,0.18947,0.19167,0.18686,0.18929,5329488.45856
1746115200,0.18955,0.19193,0.18718,0.18771,5412055.11306
1746129600,0.18785,0.18885,0.18556,0.18592,3365915.20918
1746144000,0.18593,0.19062,0.18542,0.18818,4741625.049638
1746158400,0.18808,0.18842,0.18533,0.1856,3763939.453076
1746172800,0.1856,0.18839,0.18539,0.18586,3256517.879431
1746187200,0.18586,0.18964,0.18448,0.18688,9480500.387374
1746201600,0.18702,0.18885,0.18374,0.18417,3153051.863388
1746216000,0.18397,0.18709,0.18378,0.18709,1472314.263705
1746230400,0.18703,0.18749,0.18404,0.18442,1689900.526808
1746244800,0.18421,0.18477,0.18299,0.1834,866946.190767
1746259200,0.18333,0.18447,0.18102,0.18152,1355485.570638
1746273600,0.18153,0.18433,0.18151,0.18365,1440910.757833
1746288000,0.18365,0.18372,0.17907,0.18277,2418212.399425
1746302400,0.18276,0.18298,0.18015,0.18025,1631103.840956
1746316800,0.18014,0.1848,0.17958,0.17991,2892165.345235
1746331200,0.17995,0.18151,0.17944,0.1801,1573556.931145
1746345600,0.18044,0.18044,0.17675,0.17886,1885452.79736
1746360000,0.17879,0.17963,0.17651,0.17786,1326002.96173
1746374400,0.17779,0.17811,0.17569,0.17758,3023387.837968
1746388800,0.17761,0.17879,0.17541,0.17614,2728440.975116
1746403200,0.17607,0.17772,0.17385,0.17484,2496107.637724
1746417600,0.1749,0.17854,0.17457,0.17735,3106436.556754
1746432000,0.17725,0.17797,0.1731,0.17357,4183384.06523
1746446400,0.17359,0.17464,0.17223,0.17306,3108305.507649
1746460800,0.17306,0.17693,0.17304,0.17465,3269905.860418
1746475200,0.17479,0.17489,0.17175,0.17346,3158397.961822
1746489600,0.1735,0.17428,0.17092,0.17416,4168440.985379
1746504000,0.17424,0.1749,0.17343,0.17343,2008901.313205
1746518400,0.17347,0.1735,0.1698,0.17038,4621851.922575
1746532800,0.17039,0.17308,0.16936,0.172,6774549.862828
1746547200,0.17211,0.17567,0.17138,0.17543,5334628.139042
1746561600,0.17551,0.17757,0.17223,0.17711,6860725.430628
1746576000,0.17716,0.17811,0.17506,0.17598,3253461.860337
1746590400,0.17599,0.17778,0.17484,0.17771,1276276.427017
1746604800,0.17773,0.17824,0.17646,0.17712,1700037.8413
1746619200,0.17722,0.17765,0.17376,0.17383,2798463.93579
1746633600,0.17384,0.17598,0.17262,0.17444,6038928.468693
1746648000,0.17443,0.17674,0.17332,0.17572,1524615.364507
1746662400,0.17572,0.18198,0.17494,0.18198,3673944.086169
1746676800,0.18199,0.18535,0.18199,0.18406,4919574.47579
1746691200,0.18409,0.18864,0.18408,0.18573,6427320.62444
1746705600,0.18572,0.19407,0.18557,0.19151,11181336.240181
1746720000,0.19148,0.19372,0.18941,0.19137,8511657.512859
1746734400,0.19144,0.19718,0.1906,0.19535,6545031.969293
1746748800,0.19533,0.19649,0.19283,0.19319,5713396.12934
1746763200,0.19317,0.20134,0.19308,0.19984,8373861.410766
1746777600,0.19979,0.2065,0.19776,0.20028,18598375.219477
1746792000,0.20025,0.20371,0.19811,0.19984,10655141.254247
1746806400,0.1998,0.20196,0.19633,0.20076,6049359.545469
1746820800,0.2007,0.20375,0.20029,0.20253,3276730.823046
1746835200,0.20254,0.20573,0.20032,0.20423,9173381.382889
1746849600,0.2041,0.20928,0.20259,0.20822,11548295.225752
1746864000,0.20829,0.21126,0.20371,0.20548,13476790.702134
1746878400,0.20545,0.2097,0.20525,0.2081,12120100.661239
1746892800,0.20809,0.21621,0.20783,0.21251,16656629.345338
1746907200,0.2125,0.2198,0.211,0.21915,9895045.564774
1746921600,0.21912,0.22086,0.21217,0.21335,14091404.349448
1746936000,0.21332,0.21432,0.20356,0.2049,11785209.822561
1746950400,0.20485,0.20915,0.20386,0.20884,7095654.433003
1746964800,0.2088,0.2094,0.20213,0.204,6749120.724706
1746979200,0.20384,0.20692,0.20107,0.20488,7706861.669157
1746993600,0.20492,0.20731,0.20409,0.20688,4119351.297232
1747008000,0.20691,0.21102,0.20467,0.2091,7896251.776544
1747022400,0.20911,0.21812,0.2064,0.21443,12948486.484742
1747036800,0.21447,0.217,0.21107,0.21156,13828932.492973
1747051200,0.21137,0.22881,0.21115,0.21814,62480371.204989
1747065600,0.21811,0.22535,0.20707,0.213,34208921.18803
1747080000,0.2128,0.21785,0.21086,0.21496,12043855.196503
1747094400,0.21512,0.2154,0.20113,0.20136,23075135.035427
1747108800,0.20131,0.20911,0.20066,0.20668,8247811.032833
1747123200,0.20679,0.21193,0.20649,0.20942,6604467.068048
1747137600,0.20933,0.21223,0.20643,0.21044,13726222.401304
1747152000,0.21048,0.21856,0.21039,0.21693,11677253.785624
1747166400,0.2171,0.21773,0.21464,0.21616,7191043.790785
1747180800,0.21612,0.21682,0.21053,0.21284,8714643.234084
1747195200,0.21277,0.21613,0.21112,0.21456,6357258.227114
1747209600,0.21459,0.21595,0.20808,0.2112,10739970.533759
1747224000,0.21121,0.2114,0.20469,0.20688,13950315.819006
1747238400,0.20681,0.20792,0.20381,0.20755,7339760.60864
1747252800,0.20749,0.20902,0.20464,0.2061,3734990.125691
1747267200,0.20613,0.20781,0.20231,0.20321,5120267.805515
1747281600,0.20319,0.20507,0.19731,0.19791,9842047.013226
1747296000,0.19793,0.20165,0.19668,0.19973,7736231.518108
1747310400,0.19965,0.20107,0.19338,0.1996,13257813.15273
1747324800,0.19956,0.20327,0.19623,0.19922,7239486.16128
1747339200,0.19944,0.2008,0.19395,0.19805,6296673.858427
1747353600,0.19804,0.20131,0.19615,0.20069,7233404.769313
1747368000,0.20075,0.20139,0.19861,0.19983,3927233.400045
1747382400,0.19982,0.20174,0.19621,0.20102,3588826.749461
1747396800,0.20104,0.20186,0.19787,0.19967,6295059.775189
1747411200,0.19965,0.20057,0.19721,0.19967,3413171.599792
1747425600,0.19961,0.19962,0.19373,0.19562,5680257.180697
1747440000,0.19557,0.19598,0.18963,0.19412,6909540.019278
1747454400,0.19415,0.19545,0.19272,0.19406,2842958.517255
1747468800,0.19403,0.19471,0.18999,0.19168,4835736.434935
1747483200,0.1918,0.19206,0.18792,0.1899,4541291.175044
1747497600,0.18986,0.19069,0.18696,0.189,6036427.294994
1747512000,0.18892,0.19201,0.18853,0.19101,4364590.880578
1747526400,0.19104,0.19287,0.19049,0.19131,2630264.561634
1747540800,0.19129,0.19483,0.19124,0.19458,2939083.326098
1747555200,0.19461,0.19562,0.19349,0.19349,1865268.147861
1747569600,0.19344,0.20004,0.19247,0.19993,4417170.528315
1747584000,0.19999,0.20079,0.18945,0.18945,12333395.361152
1747598400,0.18944,0.19754,0.18655,0.1968,7571365.473277
1747612800,0.19693,0.19788,0.18939,0.18966,4573018.01773
1747627200,0.1896,0.19078,0.18576,0.18803,9418895.826997
1747641600,0.18803,0.18878,0.1863,0.18788,3368247.013586
1747656000,0.18773,0.19188,0.18441,0.19105,6947039.167448
1747670400,0.19101,0.19407,0.18935,0.19208,5460622.942719
1747684800,0.19233,0.19423,0.19078,0.19386,3581888.620029
1747699200,0.1939,0.19843,0.19317,0.19573,6489027.127313
1747713600,0.1958,0.19731,0.1944,0.19492,4593567.135324
1747728000,0.19495,0.19563,0.19258,0.1939,2360857.123876
1747742400,0.19391,0.19497,0.19131,0.19424,5725542.433381
1747756800,0.19415,0.19492,0.19032,0.19361,5799170.603019
1747771200,0.19361,0.19581,0.19239,0.19477,4168417.831161
1747785600,0.19488,0.19581,0.19241,0.19477,2543643.766668
1747800000,0.19473,0.19853,0.19431,0.19633,4833588.504825
1747814400,0.19649,0.19723,0.19408,0.19571,2903935.276688
1747828800,0.19566,0.19935,0.19463,0.19876,4507683.511139
1747843200,0.19885,0.20247,0.19234,0.19702,11645678.891858
1747857600,0.1969,0.20045,0.19552,0.19796,7346067.094252
1747872000,0.19807,0.20111,0.19715,0.20082,7655175.819197
1747886400,0.20079,0.20256,0.19987,0.20252,7522906.918
1747900800,0.20252,0.20478,0.20119,0.20331,12950791.103512
1747915200,0.20342,0.20478,0.20142,0.20395,7261409.858535
1747929600,0.20407,0.20692,0.20278,0.20487,8374334.23732
1747944000,0.20497,0.20556,0.20218,0.20466,5803281.143438
1747958400,0.20469,0.20931,0.20343,0.20836,8693805.137707
1747972800,0.20842,0.2085,0.2022,0.20346,6673736.186464
1747987200,0.20352,0.20771,0.19658,0.19765,11336555.742105
1748001600,0.19786,0.20184,0.19269,0.1985,12477582.836667
1748016000,0.19864,0.19981,0.1964,0.19656,6291803.036951
1748030400,0.19652,0.19662,0.18886,0.1905,4565351.70623
1748044800,0.19047,0.1929,0.18927,0.19263,10527386.002848
1748059200,0.19263,0.19364,0.19045,0.19091,2296931.591419
1748073600,0.19092,0.19273,0.19024,0.19115,2013108.618725
1748088000,0.19118,0.1914,0.18936,0.19022,3285448.614569
1748102400,0.19018,0.19125,0.18934,0.1906,3096521.789195
1748116800,0.19062,0.19112,0.18701,0.18841,2634549.666063
1748131200,0.18842,0.18907,0.18478,0.18755,4329143.04055
1748145600,0.18756,0.19035,0.18673,0.18797,3145445.359231
1748160000,0.18812,0.18812,0.18269,0.184,3258263.325342
1748174400,0.18393,0.18531,0.18055,0.18334,4334191.10393
1748188800,0.18339,0.18581,0.18211,0.1852,1905845.296663
1748203200,0.18518,0.18862,0.18336,0.18806,3952144.289253
1748217600,0.18806,0.1896,0.18711,0.18903,2157556.926831
1748232000,0.18916,0.19271,0.1887,0.19266,2654371.044115
1748246400,0.19267,0.19327,0.1898,0.19044,3064218.588323
1748260800,0.1907,0.19184,0.18755,0.18952,3368791.478158
1748275200,0.1897,0.19014,0.18431,0.18531,3113511.987857
1748289600,0.18505,0.18702,0.18423,0.18592,1721426.53017
1748304000,0.18591,0.18663,0.18209,0.18393,4125785.975388
1748318400,0.18408,0.18695,0.18312,0.18628,2676698.661792
1748332800,0.18676,0.18873,0.18673,0.18838,4451059.975458
1748347200,0.18832,0.19204,0.18679,0.18991,5380797.90379
1748361600,0.18995,0.19175,0.18944,0.1899,4940732.935706
1748376000,0.18994,0.19122,0.18616,0.18724,3901923.084898
1748390400,0.18728,0.18842,0.18532,0.18712,2647810.267974
1748404800,0.18704,0.18783,0.18504,0.1857,1803153.411423
1748419200,0.18567,0.1871,0.18371,0.18687,2039074.525857
1748433600,0.18701,0.18849,0.18174,0.1826,6458309.208804
1748448000,0.18277,0.18537,0.18116,0.18125,2763731.645947
1748462400,0.18127,0.18613,0.18122,0.18604,1702158.900685
1748476800,0.18604,0.19082,0.18533,0.18843,5623092.688299
1748491200,0.18849,0.18867,0.18437,0.18539,3178696.669164
1748505600,0.18547,0.18746,0.18461,0.18735,2698989.37569
1748520000,0.18713,0.18721,0.18091,0.18162,5893082.109302
1748534400,0.18163,0.18254,0.17873,0.18001,6750719.483592
1748548800,0.17999,0.18217,0.17874,0.17967,3338161.667745
1748563200,0.17972,0.18061,0.17145,0.17763,10230643.98725
1748577600,0.17763,0.17851,0.17427,0.17446,4640013.019709
1748592000,0.1745,0.1773,0.17312,0.17649,5832299.047353
1748606400,0.17639,0.17704,0.17274,0.17378,7868544.546168
1748620800,0.17381,0.17402,0.16743,0.17145,10219815.26401
1748635200,0.17153,0.17198,0.16511,0.16726,5683225.133983
1748649600,0.16729,0.1674,0.16089,0.16358,13329215.456585
1748664000,0.16369,0.16455,0.1624,0.16294,6722256.22636
1748678400,0.16299,0.16413,0.16096,0.1618,3562391.693389
1748692800,0.16171,0.16802,0.16158,0.16731,5120878.772869
1748707200,0.16731,0.17031,0.16673,0.16787,4148182.111502
1748721600,0.16791,0.16907,0.16709,0.16739,2133957.974438
1748736000,0.16748,0.1681,0.16544,0.16719,2869507.403385
1748750400,0.16719,0.16978,0.16673,0.16805,2692938.161075
1748764800,0.16805,0.16823,0.16385,0.16619,3478955.383437
1748779200,0.16629,0.16793,0.16439,0.1673,2466129.65906
1748793600,0.16728,0.16933,0.1657,0.16798,2949155.053206
1748808000,0.16798,0.16931,0.16727,0.16868,1141874.819474
1748822400,0.16867,0.17079,0.16786,0.16932,3479269.752285
1748836800,0.16934,0.17126,0.16827,0.16993,1987238.599967
1748851200,0.16993,0.17107,0.16726,0.16799,3507314.590765
1748865600,0.168,0.16978,0.16748,0.16888,3476328.866541
1748880000,0.16893,0.16986,0.16647,0.16763,2690384.452294
1748894400,0.16766,0.1727,0.16766,0.17139,5879249.741943
1748908800,0.17142,0.17392,0.1712,0.17209,3821734.679363
1748923200,0.17212,0.17361,0.17101,0.17217,2781223.268579
1748937600,0.17225,0.17391,0.1709,0.17342,1931765.162594
1748952000,0.17353,0.17548,0.17303,0.17477,4236488.832105
1748966400,0.17497,0.17529,0.17325,0.17488,1248784.908519
1748980800,0.17494,0.17494,0.17092,0.17179,2760223.822158
1748995200,0.17184,0.1739,0.1713,0.17305,2152386.416212
1749009600,0.17296,0.17323,0.17144,0.17195,1662009.51824
1749024000,0.17196,0.1738,0.17025,0.1704,5247547.387501
1749038400,0.17043,0.17156,0.16838,0.17068,3091792.464111
1749052800,0.17068,0.17076,0.16795,0.16806,2403059.81612
1749067200,0.16793,0.16853,0.16624,0.167,2054643.074136
1749081600,0.16709,0.16921,0.16657,0.16829,2017984.518743
1749096000,0.16828,0.16925,0.16635,0.1667,2480717.60124
1749110400,0.16685,0.1679,0.16579,0.16716,1448163.782959
1749124800,0.16704,0.1697,0.16525,0.1675,3516358.537678
1749139200,0.16748,0.16781,0.16094,0.16217,5079782.785805
1749153600,0.16199,0.16237,0.156,0.15947,8918616.28571
1749168000,0.15945,0.16338,0.15851,0.16306,3602152.696355
1749182400,0.16304,0.16504,0.16267,0.16385,5208711.978233
1749196800,0.16401,0.16573,0.16401,0.16461,4750114.822717
1749211200,0.16467,0.169,0.16467,0.16797,6544585.128153
1749225600,0.16799,0.16861,0.16366,0.16442,3166587.301737
1749240000,0.16443,0.16579,0.16408,0.16442,1890805.493687
1749254400,0.16443,0.16754,0.16378,0.16749,1903398.97993
1749268800,0.16747,0.16894,0.16663,0.16888,1822328.060221
1749283200,0.16889,0.16997,0.16765,0.16955,1967863.294536
1749297600,0.16966,0.17016,0.16909,0.16932,3301272.936087
1749312000,0.16935,0.17054,0.1686,0.16942,2159779.569576
1749326400,0.16942,0.17031,0.16841,0.16874,2075861.031131
1749340800,0.16875,0.16888,0.16761,0.16772,964879.185442
1749355200,0.16772,0.16889,0.16711,0.16758,1225750.136032
1749369600,0.16782,0.16881,0.16651,0.16873,1631118.486963
1749384000,0.16886,0.17136,0.1684,0.17043,4161889.580277
1749398400,0.17047,0.17215,0.17017,0.17071,2108900.917547
1749412800,0.17072,0.17138,0.16869,0.1693,1804358.020959
1749427200,0.16926,0.17075,0.16898,0.1701,2331214.604209
1749441600,0.17006,0.17018,0.16764,0.16819,3693464.242912
1749456000,0.16818,0.17217,0.16769,0.17157,3297448.222671
1749470400,0.17157,0.17163,0.16935,0.17101,5789845.825313
1749484800,0.17123,0.17655,0.17121,0.17612,5698375.61243
1749499200,0.17618,0.1789,0.17579,0.17793,2881736.953974
1749513600,0.1779,0.17968,0.17731,0.17911,3665198.236933
1749528000,0.17914,0.17962,0.17637,0.17657,2467759.833889
1749542400,0.17663,0.1814,0.17591,0.18126,3756828.035037
1749556800,0.18122,0.18394,0.17786,0.1793,6571472.830084
1749571200,0.17938,0.18176,0.17798,0.17999,5879620.012405
1749585600,0.17997,0.1814,0.17894,0.18012,3987766.829845
1749600000,0.18011,0.18192,0.17884,0.17989,4597720.423213
1749614400,0.1799,0.18061,0.17872,0.18027,2253409.519916
1749628800,0.18019,0.18125,0.17835,0.17878,4466321.624459
1749643200,0.17887,0.18139,0.17816,0.1795,7367581.626974
1749657600,0.17952,0.17993,0.17478,0.17516,7217987.615486
1749672000,0.1752,0.17638,0.171,0.17285,3707144.821156
1749686400,0.17276,0.17316,0.17065,0.17085,2547098.664331
1749700800,0.17092,0.17092,0.16852,0.16902,4245823.556213
1749715200,0.16899,0.16978,0.16633,0.16681,4641201.977055
1749729600,0.1668,0.171,0.16642,0.16746,4595371.460119
1749744000,0.16748,0.16946,0.16512,0.16576,3747488.0783
1749758400,0.16553,0.16623,0.16206,0.16289,6759536.963106
1749772800,0.16286,0.16297,0.15013,0.15565,26263577.854068
1749787200,0.15564,0.15576,0.15361,0.15484,7419069.400773
1749801600,0.1549,0.15638,0.15272,0.15496,7339900.542934
1749816000,0.15509,0.1573,0.1532,0.1562,8529729.067671
1749830400,0.15622,0.15773,0.15458,0.15593,4437189.850719
1749844800,0.15593,0.1592,0.15559,0.15899,2446736.686365
1749859200,0.15899,0.15903,0.15725,0.15876,2521682.541809
1749873600,0.15866,0.15979,0.15815,0.15945,1699357.142361
1749888000,0.15943,0.15976,0.15858,0.15958,1178669.915155
1749902400,0.15955,0.15977,0.15644,0.15693,2362723.759552
1749916800,0.15686,0.15707,0.1519,0.15209,3138703.4189
1749931200,0.15215,0.15571,0.15123,0.15508,1926434.618126
1749945600,0.15508,0.15525,0.15257,0.15395,2985452.690006
1749960000,0.154,0.15553,0.15322,0.15372,796484.84922
1749974400,0.15386,0.15386,0.1522,0.15287,1402687.625215
1749988800,0.15293,0.15562,0.1524,0.15436,2305190.7028
1750003200,0.15445,0.15482,0.15218,0.15256,2333885.383243
1750017600,0.1526,0.15479,0.15068,0.15438,2414077.786937
1750032000,0.15445,0.15661,0.15335,0.15519,2339761.735874
1750046400,0.15519,0.1591,0.15487,0.15908,2899132.344901
1750060800,0.15912,0.16022,0.1576,0.15999,4462605.733133
1750075200,0.16,0.16295,0.15911,0.16147,9335772.346697
1750089600,0.16154,0.16335,0.15981,0.1601,5564647.378473
1750104000,0.16031,0.16157,0.15306,0.15341,5830917.296019
1750118400,0.15345,0.15723,0.15007,0.15638,5604719.86418
1750132800,0.15639,0.1568,0.15507,0.15566,2009151.005654
1750147200,0.15567,0.15584,0.15146,0.15163,1479383.601361
1750161600,0.15161,0.15313,0.14808,0.14936,5778886.403494
1750176000,0.14938,0.15218,0.14677,0.15076,9314541.155602
1750190400,0.15076,0.15139,0.1475,0.14856,4451229.258337
1750204800,0.14864,0.15047,0.14855,0.15014,3536024.127549
1750219200,0.15027,0.15224,0.14965,0.15016,3688726.486636
1750233600,0.15024,0.15082,0.14512,0.14707,4125010.386824
1750248000,0.1471,0.14821,0.14378,0.14676,7489592.654463
1750262400,0.14676,0.14722,0.14397,0.14455,7668198.128357
1750276800,0.14452,0.14867,0.14408,0.14788,3353467.609578
1750291200,0.14788,0.14963,0.14688,0.1481,4326962.956236
1750305600,0.14811,0.14885,0.14652,0.14677,3826744.180077
1750320000,0.14685,0.14755,0.1458,0.14619,2877752.093356
1750334400,0.14624,0.14706,0.14481,0.14537,3241017.081855
1750348800,0.14552,0.1476,0.14466,0.14678,3144990.325042
1750363200,0.14685,0.14845,0.14638,0.14774,2446355.666981
1750377600,0.1478,0.14835,0.14658,0.14685,1527920.085402
1750392000,0.14678,0.14846,0.1453,0.14834,1816299.803003
1750406400,0.1484,0.15045,0.14811,0.14996,2710574.662395
1750420800,0.15002,0.15149,0.14584,0.14631,3552782.497746
1750435200,0.14634,0.14647,0.14082,0.14474,10293916.638153
1750449600,0.14467,0.14614,0.1432,0.14462,2797412.819349
1750464000,0.14461,0.14574,0.14446,0.14513,2370423.618227
1750478400,0.14513,0.14588,0.1446,0.14533,4682421.600526
1750492800,0.14534,0.14636,0.14494,0.14503,1463800.133614
1750507200,0.14505,0.14517,0.14178,0.14277,2662062.345288
1750521600,0.14284,0.14366,0.13815,0.13835,14460942.425224
1750536000,0.13831,0.13971,0.13365,0.13802,10295245.516039
1750550400,0.13803,0.13983,0.13546,0.13657,10119379.893894
1750564800,0.13662,0.13803,0.13596,0.13618,6593591.760345
1750579200,0.13639,0.13647,0.13259,0.13339,6486647.152641
1750593600,0.13348,0.13458,0.12842,0.12945,21833385.883946
1750608000,0.12958,0.13133,0.12821,0.12958,12852973.684621
1750622400,0.12959,0.13378,0.12602,0.13356,11183076.134587
1750636800,0.13367,0.13628,0.13347,0.13538,8693041.670349
1750651200,0.13546,0.13809,0.13523,0.13736,5118666.767241
1750665600,0.13737,0.13786,0.13542,0.13613,6540930.750925
1750680000,0.13623,0.14024,0.13522,0.13734,9804613.060804
1750694400,0.13733,0.14187,0.13313,0.14149,15298511.304768
1750708800,0.14154,0.15226,0.14118,0.15158,15840101.324591
1750723200,0.15157,0.15335,0.15108,0.15189,5153304.727736
1750737600,0.15184,0.15482,0.15063,0.15208,2901303.383699
1750752000,0.15204,0.15294,0.15061,0.15191,4137461.450255
1750766400,0.15188,0.15286,0.15072,0.15158,5333791.839578
1750780800,0.15179,0.15436,0.1511,0.15398,8218521.673672
1750795200,0.15391,0.15536,0.15255,0.15399,4110939.866303
1750809600,0.15397,0.15618,0.15338,0.15387,5890587.525572
1750824000,0.15389,0.15389,0.15199,0.15354,3220485.89352
1750838400,0.15352,0.15395,0.15165,0.15347,4472507.548512
1750852800,0.15344,0.15487,0.14939,0.14965,7662772.427282
1750867200,0.1498,0.15156,0.14893,0.15091,4088389.713416
1750881600,0.15078,0.152,0.14946,0.14985,1204983.760829
1750896000,0.14987,0.15262,0.1489,0.15071,4525848.757385
1750910400,0.1507,0.15074,0.14803,0.14944,3125138.003894
1750924800,0.14941,0.15025,0.14518,0.14547,3929632.633014
1750939200,0.14547,0.1461,0.14303,0.14457,6802689.156289
1750953600,0.14454,0.1447,0.14246,0.14378,4916234.840995
1750968000,0.1438,0.14542,0.14195,0.1428,4593895.97143
1750982400,0.14282,0.14466,0.14139,0.14417,2906230.689533
1750996800,0.14414,0.14429,0.1425,0.14296,2103542.811696
1751011200,0.14296,0.14528,0.14296,0.14515,2943459.638876
1751025600,0.14515,0.14596,0.14343,0.14575,4888186.012673
1751040000,0.14581,0.14798,0.14317,0.14476,3644913.98294
1751054400,0.14463,0.14754,0.14455,0.14602,2565237.956603
1751068800,0.14616,0.14707,0.14508,0.14584,2577015.713415
1751083200,0.14585,0.14796,0.14541,0.14788,2574524.009282
1751097600,0.14787,0.14833,0.14695,0.14696,3503187.953566
1751112000,0.14699,0.14763,0.1459,0.1475,2125960.019834
1751126400,0.14752,0.14835,0.14691,0.14768,2362233.327794
1751140800,0.14768,0.14877,0.14713,0.14783,1472469.352557
1751155200,0.1478,0.14841,0.14675,0.14675,1325716.964924
1751169600,0.14676,0.14813,0.14655,0.14813,1155676.173263
1751184000,0.1482,0.1491,0.148,0.14854,1596526.203106
1751198400,0.14856,0.14915,0.14716,0.14733,1745856.409155
1751212800,0.14734,0.14904,0.14701,0.14881,1725584.56139
1751227200,0.14878,0.1541,0.14757,0.15273,6965571.904295
1751241600,0.15273,0.15333,0.15118,0.15166,3153793.293768
1751256000,0.15164,0.15185,0.14952,0.15051,1849738.08077
1751270400,0.15057,0.15065,0.14822,0.15004,2673061.176815
1751284800,0.15003,0.15086,0.14751,0.14976,5229045.878826
1751299200,0.14976,0.15332,0.14872,0.15301,4337246.235329
1751313600,0.15303,0.15316,0.14959,0.15004,3392313.890671
1751328000,0.15005,0.15164,0.14922,0.15133,3755491.859403
1751342400,0.15135,0.15159,0.14871,0.15,3965615.430206
1751356800,0.14997,0.15033,0.14789,0.14807,2222845.924954
1751371200,0.14801,0.14847,0.14565,0.1459,4098676.83634
1751385600,0.14582,0.1468,0.14356,0.14356,3402888.667926
1751400000,0.14361,0.14535,0.14291,0.14477,2325845.362666
1751414400,0.1447,0.14565,0.1431,0.14522,2161730.557936
1751428800,0.14522,0.14791,0.14501,0.1477,2715404.826068
1751443200,0.14775,0.14857,0.14665,0.14712,1926733.014186
1751457600,0.14713,0.15109,0.14591,0.15099,4124789.448702
1751472000,0.15109,0.1566,0.15109,0.15642,13405020.703701
1751486400,0.15645,0.15927,0.15513,0.15519,8991560.253171
1751500800,0.15534,0.15641,0.15485,0.15526,1283132.873018
1751515200,0.15526,0.16076,0.15505,0.16059,3893896.325008
1751529600,0.16055,0.16125,0.15906,0.15947,6045058.378692
1751544000,0.15947,0.16276,0.15742,0.15763,6578285.788104
1751558400,0.15763,0.15937,0.15714,0.15853,3402911.710437
1751572800,0.15854,0.16071,0.15838,0.15903,2139112.370234
1751587200,0.15901,0.16272,0.15828,0.15828,3000789.40855
1751601600,0.15825,0.15841,0.15457,0.1546,2674840.65129
1751616000,0.15461,0.15652,0.15341,0.15548,1068552.857223
1751630400,0.15544,0.15672,0.15373,0.15399,4104276.177969
1751644800,0.15407,0.15432,0.15195,0.15195,3758672.952603
1751659200,0.152,0.15415,0.15183,0.15306,1995026.140495
1751673600,0.15303,0.15469,0.15253,0.15441,1627548.919899
1751688000,0.15431,0.15564,0.15335,0.15487,2811261.647055
1751702400,0.15501,0.15669,0.15453,0.15571,2448776.73446
1751716800,0.15572,0.15581,0.15416,0.15536,2217674.52052
1751731200,0.15534,0.15675,0.15275,0.15479,4945867.02968
1751745600,0.15482,0.15519,0.15379,0.15416,1733413.028258
1751760000,0.15423,0.15427,0.15277,0.15324,1126480.687556
1751774400,0.1532,0.15369,0.15221,0.15254,1288580.772024
1751788800,0.15258,0.15491,0.15227,0.1548,1879267.002901
1751803200,0.15483,0.15805,0.15458,0.1575,4353971.901992
1751817600,0.15751,0.15916,0.15736,0.15833,1776743.044303
1751832000,0.15833,0.16155,0.15829,0.15932,2469847.492943
1751846400,0.15933,0.16088,0.15853,0.16038,1069461.158658
1751860800,0.16037,0.16085,0.15887,0.16073,3486180.696033
1751875200,0.16069,0.16125,0.1584,0.15977,3244802.923261
1751889600,0.15974,0.16084,0.1582,0.16062,5410870.473602
1751904000,0.16064,0.16081,0.15726,0.15861,5108514.727466
1751918400,0.15865,0.15865,0.15616,0.15844,3063350.578056
1751932800,0.15848,0.15867,0.15535,0.15594,5054817.619366
1751947200,0.15584,0.15699,0.15513,0.15687,2599276.619756
1751961600,0.15687,0.15948,0.15608,0.15885,2601581.62638
1751976000,0.15892,0.16224,0.15846,0.16055,8268435.145908
1751990400,0.1607,0.16213,0.15826,0.16117,10142197.387659
1752004800,0.16119,0.16211,0.15983,0.16077,3994059.680399
1752019200,0.16075,0.16151,0.15979,0.16042,5230200.161259
1752033600,0.16053,0.16363,0.1605,0.16288,5131427.223517
1752048000,0.16289,0.16935,0.1626,0.16889,5947553.876637
1752062400,0.1689,0.17147,0.16686,0.16971,12189729.758676
1752076800,0.16981,0.17355,0.16912,0.17281,8313070.420469
1752091200,0.17316,0.1733,0.16975,0.17093,3552532.787849
1752105600,0.17097,0.17497,0.17022,0.17324,5514104.604557
1752120000,0.17324,0.17757,0.17246,0.17709,5932801.108581
1752134400,0.17706,0.18015,0.1763,0.17796,10198109.263645
1752148800,0.17779,0.17868,0.17577,0.17798,5926990.050376
1752163200,0.17801,0.18259,0.17735,0.1808,11013989.53496
1752177600,0.1808,0.19033,0.18073,0.18989,13255046.203627
1752192000,0.18987,0.19932,0.18805,0.19699,19092016.571238
1752206400,0.19697,0.20115,0.19468,0.19958,13410647.309992
1752220800,0.19953,0.20874,0.19907,0.20381,20130265.156994
1752235200,0.20395,0.20955,0.19974,0.20058,44060841.784128
1752249600,0.20063,0.20263,0.198,0.20259,19567490.090835
1752264000,0.20258,0.20491,0.18965,0.19372,20057367.475593
1752278400,0.19374,0.20296,0.19002,0.20081,19847855.483457
1752292800,0.2008,0.20167,0.19483,0.19766,11668949.054769
1752307200,0.19758,0.20664,0.1973,0.20202,19365920.888585
1752321600,0.20203,0.2025,0.1905,0.19203,19935099.038587
1752336000,0.19211,0.19712,0.19098,0.19616,10160372.64771
1752350400,0.19617,0.19873,0.19239,0.19735,8193404.243568
1752364800,0.19739,0.20299,0.19631,0.20105,13981169.183441
1752379200,0.20105,0.2304,0.1996,0.22654,53917328.524064
1752393600,0.22645,0.23605,0.22314,0.22715,55526230.981704
1752408000,0.22718,0.25189,0.22705,0.24512,73113481.604067
1752422400,0.24508,0.24894,0.23855,0.24073,49089766.630475
1752436800,0.24077,0.2419,0.2291,0.24132,36431862.949038
1752451200,0.24133,0.25784,0.24132,0.2534,62586378.694275
1752465600,0.25344,0.25716,0.24364,0.2531,41108517.386318
1752480000,0.25309,0.25655,0.2376,0.23979,36067778.634103
1752494400,0.2397,0.24492,0.23714,0.24002,31773376.271729
1752508800,0.24001,0.24501,0.23607,0.23716,25763317.956874
1752523200,0.23718,0.23899,0.23344,0.2369,20329355.387522
1752537600,0.23687,0.24181,0.22758,0.23182,33193623.737974
1752552000,0.23188,0.2372,0.22901,0.23029,19299029.313394
1752566400,0.23025,0.23512,0.22813,0.23224,17890421.020403
1752580800,0.23236,0.23695,0.22756,0.23178,25793070.787819
1752595200,0.23189,0.23662,0.22454,0.22465,18740992.187877
1752609600,0.22464,0.23328,0.22316,0.23307,17580011.185202
1752624000,0.23295,0.23537,0.22868,0.23347,15389657.147723
1752638400,0.23345,0.23714,0.23116,0.2353,14220916.650593
1752652800,0.23528,0.24236,0.23502,0.2364,21440992.374508
1752667200,0.23648,0.24167,0.23562,0.23841,19575723.891819
1752681600,0.2384,0.24241,0.23664,0.23805,17941016.356002
1752696000,0.23811,0.2447,0.23431,0.23627,18941262.076961
1752710400,0.23616,0.23865,0.22852,0.23104,14006747.41897
1752724800,0.23097,0.2445,0.23013,0.23905,25581835.122981
1752739200,0.23911,0.25377,0.23757,0.24946,33759435.030722
1752753600,0.24951,0.25059,0.24122,0.24475,25119266.426998
1752768000,0.24468,0.25694,0.24296,0.24839,32572224.19792
1752782400,0.24835,0.28546,0.24642,0.27655,65974346.17386
1752796800,0.27657,0.29893,0.27618,0.28536,57189955.998434
1752811200,0.28551,0.288,0.26971,0.27014,41170799.596172
1752825600,0.27014,0.27383,0.26637,0.27251,30934138.795764
1752840000,0.27236,0.27617,0.26416,0.26524,32929592.335624
1752854400,0.26526,0.27053,0.26346,0.26712,20817247.90094
1752868800,0.26706,0.26762,0.25312,0.25939,30849988.567894
1752883200,0.25941,0.26562,0.25626,0.26237,20987533.695679
1752897600,0.26233,0.27235,0.26155,0.26824,19007647.920829
1752912000,0.2682,0.27249,0.26361,0.26402,18908347.4932
1752926400,0.26407,0.26912,0.26131,0.26689,17112643.147499
1752940800,0.26692,0.27055,0.26479,0.26714,13918095.688671
1752955200,0.26721,0.27011,0.26337,0.26658,12792956.515108
1752969600,0.26656,0.2705,0.26395,0.26806,17379301.751127
1752984000,0.26802,0.27095,0.26634,0.2695,10012757.615341
1752998400,0.26942,0.27596,0.26936,0.27234,19186676.276184
1753012800,0.27238,0.27623,0.27024,0.27536,13789735.062323
1753027200,0.27539,0.28305,0.27394,0.27881,19343922.659839
1753041600,0.27892,0.27951,0.26523,0.27086,21470931.829028
1753056000,0.27093,0.28344,0.26632,0.2766,27445312.483797
1753070400,0.2767,0.28512,0.27588,0.28314,17154846.902713
1753084800,0.28316,0.28555,0.27811,0.28324,25899434.185439
1753099200,0.28329,0.2885,0.27894,0.27926,32936459.556793
1753113600,0.27937,0.28387,0.26556,0.26613,30570468.300895
1753128000,0.26616,0.27351,0.26362,0.27123,14763346.052128
1753142400,0.27115,0.27398,0.26263,0.26827,27019416.569857
1753156800,0.26821,0.26905,0.26038,0.26526,22705462.451699
1753171200,0.26518,0.2675,0.25919,0.26732,16562363.769678
1753185600,0.26725,0.27331,0.26061,0.27106,23671114.378155
1753200000,0.27102,0.27523,0.26728,0.2681,20366054.045659
1753214400,0.2679,0.27548,0.26752,0.27522,10996879.981487
1753228800,0.27532,0.27532,0.26865,0.26921,11503312.980813
1753243200,0.26926,0.27191,0.26763,0.26868,7279945.19025
1753257600,0.26876,0.26963,0.26177,0.26302,13375838.631534
1753272000,0.26297,0.26391,0.2442,0.25438,34982996.8929
1753286400,0.25441,0.25454,0.24252,0.24785,21228359.692594
1753300800,0.2477,0.2494,0.23838,0.2452,18820191.393729
1753315200,0.24521,0.25017,0.24271,0.24664,11598170.918331
1753329600,0.24673,0.24723,0.23084,0.23889,22771254.514193
1753344000,0.23889,0.24379,0.23648,0.24335,13086260.897842
1753358400,0.24326,0.24855,0.238,0.24506,14573452.943012
1753372800,0.24513,0.24727,0.23977,0.24325,11899278.469185
1753387200,0.24325,0.24544,0.23794,0.23908,8132146.118279
1753401600,0.23913,0.24145,0.23399,0.23655,19438796.04092
1753416000,0.23635,0.2399,0.23323,0.23732,13840697.03996
1753430400,0.23737,0.24687,0.23686,0.24604,6593181.448029
1753444800,0.24616,0.26459,0.24079,0.24457,69886444.139409
1753459200,0.24451,0.256,0.24386,0.25459,23578114.02237
1753473600,0.25448,0.26384,0.2527,0.25879,19290525.841768
1753488000,0.25865,0.26831,0.25592,0.26664,21621936.582032
1753502400,0.26661,0.27076,0.26325,0.26335,18117480.218062
1753516800,0.26344,0.27292,0.26239,0.26907,12586029.038792
1753531200,0.26895,0.28608,0.26864,0.28114,43614290.454476
1753545600,0.28113,0.29116,0.27879,0.28726,35195525.864893
1753560000,0.28726,0.28847,0.27866,0.27976,14517976.386539
1753574400,0.27976,0.29368,0.27628,0.29185,24919050.522414
1753588800,0.29187,0.30527,0.28812,0.29047,33759602.793151
1753603200,0.29058,0.29119,0.28176,0.28408,17331711.330246
1753617600,0.2838,0.2874,0.28227,0.28649,9576860.179052
1753632000,0.28647,0.29174,0.28392,0.28956,13437653.899738
1753646400,0.28958,0.29563,0.2887,0.29163,10665632.50825
1753660800,0.2918,0.29242,0.28412,0.28655,10639229.496048
1753675200,0.28654,0.2911,0.28446,0.28521,7645785.990071
1753689600,0.28518,0.28756,0.28125,0.28391,7564727.845257
1753704000,0.28405,0.28411,0.27125,0.27238,13621125.019589
1753718400,0.27257,0.27463,0.26673,0.26991,8732690.910763
1753732800,0.26995,0.27474,0.26703,0.27153,7177940.252203
1753747200,0.2713,0.27321,0.264,0.26979,8364670.127087
1753761600,0.2697,0.277,0.26719,0.2752,6188167.243536
1753776000,0.27533,0.2795,0.27135,0.27355,7700527.257275
1753790400,0.27359,0.27591,0.26034,0.26157,13990290.820613
1753804800,0.26152,0.26594,0.25845,0.25984,8526129.385871
1753819200,0.25995,0.26522,0.25714,0.2637,5774097.632061
1753833600,0.26386,0.26513,0.25888,0.26082,5277991.084187
1753848000,0.26078,0.26234,0.25689,0.25865,4441046.817652
1753862400,0.25866,0.26108,0.25391,0.25544,7457095.796061
1753876800,0.25534,0.2611,0.25241,0.25702,14822925.936811
1753891200,0.25707,0.26086,0.24573,0.25582,20639037.274887
1753905600,0.25567,0.25924,0.25173,0.25579,7194339.520718
1753920000,0.25581,0.27237,0.25474,0.27188,11424380.9655
1753934400,0.27189,0.27526,0.27043,0.27343,10655825.408069
1753948800,0.27347,0.279,0.27182,0.27309,10847229.936247
1753963200,0.27329,0.27329,0.25994,0.26289,18531318.360681
1753977600,0.26269,0.26814,0.25561,0.25604,7727530.983597
1753992000,0.25596,0.25932,0.24967,0.25112,9660858.646737
1754006400,0.25102,0.25624,0.24377,0.25231,15462187.950173
1754020800,0.25224,0.25268,0.24503,0.24748,6966384.881841
1754035200,0.24745,0.24745,0.2416,0.24559,9264512.399923
1754049600,0.24551,0.25545,0.2403,0.25261,19739556.016298
1754064000,0.25263,0.25488,0.24521,0.24918,9088169.733293
1754078400,0.24908,0.24968,0.23615,0.24118,11366167.031841
1754092800,0.2411,0.24265,0.238,0.24033,5311488.642892
1754107200,0.24035,0.24494,0.23624,0.24119,6240778.422784
1754121600,0.24118,0.24127,0.23492,0.2374,4784258.117432
1754136000,0.23733,0.23774,0.22919,0.22986,9432784.769552
1754150400,0.22984,0.23464,0.22546,0.22809,15154499.459493
1754164800,0.22809,0.23284,0.22797,0.23008,6199354.274856
1754179200,0.23018,0.23434,0.22688,0.23392,5346090.042869
1754193600,0.23376,0.23959,0.23284,0.23857,4117784.884012
1754208000,0.23858,0.24796,0.23819,0.24594,9229468.979051
1754222400,0.24598,0.24825,0.24096,0.24796,10848696.4967
1754236800,0.24809,0.25053,0.24486,0.24823,6838113.908954
1754251200,0.2481,0.25116,0.24577,0.24853,4119133.977407
1754265600,0.24863,0.25362,0.24693,0.25074,6146061.545085
1754280000,0.25083,0.25215,0.24645,0.24845,6243172.959899
1754294400,0.24845,0.25218,0.24547,0.24621,7517423.311711
1754308800,0.24633,0.25623,0.24551,0.24994,10987285.725582
1754323200,0.24985,0.2552,0.24835,0.24923,5908936.609415
1754337600,0.24923,0.25393,0.24857,0.25088,4723688.05292
1754352000,0.25082,0.25133,0.24438,0.24495,4053187.103531
1754366400,0.2449,0.24621,0.24114,0.24232,3880883.68952
1754380800,0.24224,0.25275,0.24145,0.2491,5429060.434417
1754395200,0.24916,0.24947,0.23776,0.23886,10742402.739139
1754409600,0.23879,0.24169,0.23777,0.23887,3376516.751991
1754424000,0.23892,0.24028,0.23546,0.23932,3768456.648862
1754438400,0.23936,0.23941,0.23387,0.23415,4034520.019116
1754452800,0.23393,0.24402,0.23331,0.2439,4313597.257764
1754467200,0.24396,0.24776,0.24043,0.24097,7358567.14935
1754481600,0.24102,0.24692,0.23729,0.24617,6032217.824922
1754496000,0.24619,0.24991,0.24374,0.24482,6672875.861635
1754510400,0.24487,0.24687,0.24354,0.24458,3591595.679447
1754524800,0.2446,0.24782,0.2418,0.24193,3032773.353895
1754539200,0.2418,0.24735,0.24161,0.24449,2929567.067598
1754553600,0.24469,0.25488,0.24462,0.25375,6549368.748529
1754568000,0.25377,0.25505,0.25,0.25264,4389738.166982
1754582400,0.25263,0.25449,0.24667,0.25448,7290689.676103
1754596800,0.2545,0.26087,0.25319,0.25985,14500124.17378
1754611200,0.25994,0.26612,0.25803,0.26419,29657365.622779
1754625600,0.26413,0.26567,0.2607,0.26374,5439820.767497
1754640000,0.26367,0.2664,0.26174,0.26321,4496956.513286
1754654400,0.26328,0.2682,0.25521,0.25673,9978116.169525
1754668800,0.25664,0.26426,0.25486,0.26342,6086133.988162
1754683200,0.26358,0.26398,0.26105,0.2618,2554575.712346
1754697600,0.26191,0.26476,0.26089,0.26127,2829234.384629
1754712000,0.26122,0.27,0.2611,0.2665,5448206.772356
1754726400,0.26664,0.26915,0.26488,0.26503,4281140.352536
1754740800,0.26502,0.2695,0.26057,0.26297,4698997.862967
1754755200,0.26297,0.26821,0.26258,0.2659,2725590.34647
1754769600,0.26578,0.26805,0.26293,0.2662,7130109.366307
1754784000,0.26607,0.26888,0.26388,0.26817,5574133.622686
1754798400,0.26815,0.27186,0.25702,0.25736,8335539.338697
1754812800,0.25733,0.25978,0.25457,0.25602,3941692.567812
1754827200,0.25602,0.26066,0.25555,0.25929,4279309.97129
1754841600,0.25919,0.26122,0.25789,0.25996,1856528.731032
1754856000,0.26013,0.26015,0.25518,0.25928,2705491.002636
1754870400,0.25926,0.26999,0.25763,0.26598,6929923.317428
1754884800,0.26601,0.26797,0.26092,0.26148,3255862.047413
1754899200,0.26148,0.26482,0.25183,0.25277,5180749.876663
1754913600,0.25266,0.25656,0.25038,0.25405,8263241.860104
1754928000,0.25382,0.25611,0.24711,0.24752,4642908.144336
1754942400,0.2475,0.24949,0.2434,0.2466,5999256.387545
1754956800,0.24662,0.25114,0.24633,0.24862,3958217.264608
1754971200,0.24852,0.25026,0.24488,0.24889,2580435.649421
1754985600,0.24886,0.24928,0.24474,0.2467,4987158.167913
1755000000,0.2467,0.25629,0.24617,0.25614,9276925.627647
1755014400,0.25628,0.26172,0.25392,0.26158,4939831.503276
1755028800,0.26174,0.26416,0.25948,0.26098,4524246.282642
1755043200,0.26086,0.26281,0.25591,0.26177,4171242.614168
1755057600,0.26169,0.2636,0.25808,0.26303,3832625.115493
1755072000,0.26295,0.26751,0.26289,0.26453,5610727.531882
1755086400,0.2645,0.26763,0.25961,0.26268,9431350.412446
1755100800,0.26267,0.26502,0.26161,0.26474,3182047.422014
1755115200,0.26485,0.26794,0.26219,0.26606,2680214.571858
1755129600,0.26614,0.27625,0.26543,0.27347,7611142.218657
1755144000,0.27331,0.27478,0.26514,0.27031,5022461.423199
1755158400,0.27034,0.2704,0.26177,0.26226,5435579.191081
1755172800,0.2622,0.26427,0.245,0.25224,25220525.245715
1755187200,0.25223,0.25223,0.24551,0.24855,5382514.880869
1755201600,0.24837,0.25007,0.24408,0.24862,3230578.330254
1755216000,0.24866,0.2543,0.24784,0.25423,2227482.461615
1755230400,0.25421,0.25811,0.25078,0.25522,4181410.802644
1755244800,0.25521,0.25854,0.25219,0.25321,2621424.860946
1755259200,0.25289,0.25625,0.24225,0.24369,9765636.578592
1755273600,0.24362,0.2462,0.24035,0.24428,8169939.323631
1755288000,0.24425,0.25144,0.24337,0.24753,3564544.345633
1755302400,0.24751,0.25506,0.24722,0.2503,4435529.464027
1755316800,0.25043,0.25115,0.24776,0.24994,2277127.321759
1755331200,0.24996,0.25222,0.24809,0.2481,2990923.044318
1755345600,0.24812,0.25212,0.24718,0.2501,2519789.904654
1755360000,0.25017,0.25167,0.24901,0.25106,1166213.063677
1755374400,0.25105,0.2525,0.25038,0.25233,858858.595727
1755388800,0.25235,0.25397,0.25043,0.2535,978703.360201
1755403200,0.25352,0.2562,0.25304,0.25438,1925748.945941
1755417600,0.25449,0.25721,0.25399,0.25654,2227082.994709
1755432000,0.25679,0.25897,0.2542,0.25887,3781495.799086
1755446400,0.25885,0.26039,0.25084,0.25169,2861232.062497
1755460800,0.25175,0.25524,0.2513,0.25208,1151577.200571
1755475200,0.25202,0.25294,0.24166,0.24419,7324733.33166
1755489600,0.24401,0.24697,0.24192,0.24269,5128799.832485
1755504000,0.2427,0.24314,0.23839,0.24045,4874190.697688
1755518400,0.24051,0.24536,0.23992,0.24514,4326414.612709
1755532800,0.2451,0.24823,0.24275,0.24493,5430134.682513
1755547200,0.24502,0.24936,0.24384,0.24494,3538238.818682
1755561600,0.245,0.24749,0.23816,0.23831,5269581.344868
1755576000,0.23822,0.24128,0.23644,0.23923,3885743.433075
1755590400,0.23929,0.24327,0.23755,0.24213,4156512.616516
1755604800,0.24194,0.24283,0.2348,0.23548,5120401.753972
1755619200,0.23547,0.23632,0.23192,0.23318,5255937.034223
1755633600,0.23313,0.23559,0.23053,0.23156,2972530.061204
1755648000,0.23156,0.23536,0.23054,0.23367,2810238.28641
1755662400,0.2337,0.23558,0.23361,0.2339,2935555.385212
1755676800,0.2339,0.23622,0.2306,0.23364,5014170.90874
1755691200,0.23368,0.23804,0.22919,0.23571,8837670.596928
1755705600,0.23568,0.24243,0.23563,0.24229,4991571.862696
1755720000,0.2423,0.24291,0.2405,0.24167,2306974.021573
1755734400,0.2416,0.2433,0.23842,0.23926,3281131.533719
1755748800,0.23919,0.2401,0.23635,0.23829,2273224.464748
1755763200,0.23829,0.23858,0.23517,0.23627,2288558.882708
1755777600,0.23627,0.23917,0.23343,0.23382,4426050.437596
1755792000,0.23386,0.23707,0.23234,0.23476,2176880.092909
1755806400,0.23485,0.23765,0.23388,0.23555,1566236.143803
1755820800,0.23551,0.23864,0.23444,0.23505,2392980.393523
1755835200,0.2351,0.23775,0.23474,0.23694,1503968.819847
1755849600,0.23695,0.23864,0.23212,0.23221,2852051.717153
1755864000,0.23223,0.25209,0.22812,0.24943,24685218.075285
1755878400,0.24935,0.25695,0.2493,0.25555,10877704.468028
1755892800,0.25561,0.25917,0.25503,0.25688,7814460.668879
1755907200,0.25693,0.25709,0.24685,0.24746,7477296.498846
1755921600,0.24749,0.25578,0.24736,0.2512,3193080.007971
1755936000,0.25126,0.25191,0.2488,0.25001,2311329.370807
1755950400,0.25027,0.25093,0.24803,0.24894,2756480.091748
1755964800,0.24895,0.25356,0.24811,0.25353,1746848.809596
1755979200,0.25355,0.25459,0.2521,0.25331,1901974.533373
1755993600,0.25331,0.2538,0.25043,0.25176,1114576.600507
1756008000,0.25177,0.25242,0.24699,0.24702,1909467.961151
1756022400,0.24707,0.24857,0.24303,0.24414,1772288.568208
1756036800,0.24412,0.24952,0.24389,0.2468,1566814.23335
1756051200,0.24687,0.26085,0.24587,0.25164,16424244.671259
1756065600,0.25163,0.2519,0.24573,0.24816,7918251.163329
1756080000,0.24819,0.2509,0.24258,0.24798,3932052.894957
1756094400,0.24804,0.24854,0.23772,0.23828,3295248.766891
1756108800,0.23838,0.24032,0.23509,0.23644,5009998.104661
1756123200,0.2364,0.24176,0.23567,0.23805,4303410.830219
1756137600,0.2381,0.24002,0.23138,0.23184,5662467.616826
1756152000,0.23177,0.23282,0.22678,0.23078,11896397.096804
1756166400,0.23079,0.2361,0.22974,0.23374,5828670.693498
1756180800,0.2337,0.23849,0.2337,0.23607,3879111.219526
1756195200,0.23608,0.23866,0.23345,0.23454,3993055.24177
1756209600,0.23455,0.23893,0.23306,0.23614,8205759.191763
1756224000,0.23609,0.24503,0.23558,0.24398,4406049.647121
1756238400,0.24401,0.24469,0.24142,0.24173,2561770.872691
1756252800,0.24176,0.24303,0.2389,0.24149,2237023.419339
1756267200,0.24148,0.24336,0.23916,0.23989,2359475.583768
1756281600,0.23996,0.24208,0.23875,0.24092,1227720.19885
1756296000,0.24086,0.24362,0.23869,0.2413,4445343.159261
1756310400,0.24135,0.24293,0.23939,0.24045,2953399.063368
1756324800,0.24031,0.24291,0.23717,0.23757,5370454.312977
1756339200,0.23758,0.23997,0.23609,0.23853,2613839.327713
1756353600,0.23855,0.24141,0.23808,0.2402,1969984.131049
1756368000,0.24029,0.242,0.23826,0.23881,1666197.201893
1756382400,0.23881,0.24184,0.23738,0.23827,4198826.052526
1756396800,0.23829,0.23985,0.23555,0.23556,3291701.979975
1756411200,0.23559,0.24094,0.23536,0.23925,1460958.730477
1756425600,0.2392,0.24037,0.23622,0.23737,2243240.261071
1756440000,0.23732,0.23748,0.22995,0.23163,7124515.445484
1756454400,0.23154,0.23219,0.22532,0.22842,4432006.52682
1756468800,0.22841,0.23374,0.22342,0.22626,10834186.018522
1756483200,0.22625,0.22734,0.22419,0.22561,3833337.139186
1756497600,0.22564,0.22876,0.2239,0.22793,2743335.192828
1756512000,0.22797,0.22866,0.22288,0.2263,2655385.341322
1756526400,0.22631,0.22947,0.22582,0.22757,1533515.440963
1756540800,0.22784,0.22784,0.22307,0.22628,4233948.463555
1756555200,0.22637,0.22637,0.22028,0.22581,5918620.375276
1756569600,0.22576,0.22592,0.22381,0.2257,1602735.582346
1756584000,0.22585,0.22676,0.22458,0.22587,1884217.994931
1756598400,0.22575,0.22869,0.22561,0.22773,1351044.206131
1756612800,0.22781,0.22783,0.2241,0.22416,1026573.861057
1756627200,0.22421,0.22714,0.2238,0.2249,1288651.336067
1756641600,0.2249,0.22574,0.22239,0.22562,1198442.332591
1756656000,0.22567,0.22576,0.22266,0.2227,1238117.712013
1756670400,0.22276,0.22418,0.21819,0.21896,5697548.4743
1756684800,0.21898,0.21907,0.2123,0.21507,9105531.413387
1756699200,0.21507,0.22106,0.21188,0.22047,5259412.746742
1756713600,0.2205,0.22369,0.2182,0.21843,4660177.783659
1756728000,0.21837,0.21922,0.21459,0.21559,3865928.847971
1756742400,0.21558,0.21654,0.21269,0.2163,2536218.997105
1756756800,0.21634,0.21636,0.21056,0.21468,5697906.226054
1756771200,0.21469,0.21888,0.21264,0.21796,3917731.66711
1756785600,0.21819,0.2202,0.21685,0.21758,2197309.834573
1756800000,0.21749,0.21958,0.21624,0.21653,2858588.281266
1756814400,0.21649,0.21779,0.21142,0.21201,10425213.476831
1756828800,0.21196,0.21578,0.21196,0.21412,2588489.440753
1756843200,0.21404,0.22087,0.21385,0.22059,3225625.711459
1756857600,0.22064,0.223,0.21877,0.22037,1719465.127782
1756872000,0.22026,0.2208,0.21769,0.21897,947493.274217
1756886400,0.21898,0.22183,0.21895,0.22042,2114040.325537
1756900800,0.22045,0.22354,0.21945,0.22182,3259713.332573
1756915200,0.22182,0.22243,0.21963,0.22097,978726.396132
1756929600,0.22102,0.22121,0.2188,0.21931,931452.855958
1756944000,0.21933,0.22013,0.21647,0.21703,1351582.513378
1756958400,0.21706,0.21793,0.21455,0.21504,1218902.125834
1756972800,0.2151,0.21604,0.21411,0.21416,1763711.832796
1756987200,0.21417,0.2161,0.2117,0.21221,10580994.034027
1757001600,0.21217,0.2132,0.21092,0.21112,1150572.200168
1757016000,0.21112,0.21517,0.21104,0.21353,1458215.18606
1757030400,0.21347,0.21546,0.21244,0.21526,1623995.809404
1757044800,0.21524,0.21938,0.21447,0.21915,1274970.212015
1757059200,0.21937,0.22084,0.21798,0.22058,2930791.471082
1757073600,0.22057,0.22412,0.21645,0.21783,9842070.035551
1757088000,0.21777,0.22048,0.21573,0.22048,1687996.310999
1757102400,0.2205,0.22101,0.2179,0.21836,1781140.895267
1757116800,0.21819,0.21973,0.21763,0.21818,555471.886763
1757131200,0.21814,0.21814,0.21608,0.21727,927147.068505
1757145600,0.2173,0.21734,0.21545,0.2163,340162.4983
1757160000,0.2163,0.21738,0.21538,0.21554,520198.769877
1757174400,0.21545,0.2162,0.21378,0.21393,1421427.771484
1757188800,0.21392,0.21504,0.21373,0.21461,670864.262255
1757203200,0.21465,0.2187,0.21445,0.21804,638825.552902
1757217600,0.21801,0.22073,0.21801,0.2195,1319647.035138
1757232000,0.21968,0.22096,0.21932,0.21999,557478.595598
1757246400,0.22002,0.22184,0.21861,0.22008,3076292.428763
1757260800,0.22005,0.22032,0.21731,0.21824,1013974.520447
1757275200,0.21814,0.22094,0.21792,0.21943,1020231.196768
1757289600,0.21954,0.22243,0.21802,0.22095,1359483.645357
1757304000,0.22094,0.22167,0.2198,0.22115,990027.696295
1757318400,0.22116,0.22523,0.22116,0.22277,3529105.467681
1757332800,0.22285,0.22787,0.22259,0.22717,5864686.591467
1757347200,0.22718,0.22755,0.22484,0.2256,1506487.286124
1757361600,0.22562,0.22722,0.22422,0.2264,1591227.805259
1757376000,0.22642,0.22863,0.22379,0.22634,3085855.58097
1757390400,0.22623,0.23303,0.22583,0.23211,3483843.743446
1757404800,0.23232,0.23414,0.23156,0.23183,1410059.730313
1757419200,0.23193,0.2349,0.22479,0.22567,5182162.802878
1757433600,0.22567,0.22855,0.22482,0.2275,1252208.754778
1757448000,0.22748,0.22923,0.22688,0.22809,1336421.028866
1757462400,0.22811,0.23143,0.22668,0.23113,1455878.372163
1757476800,0.23132,0.2333,0.22938,0.23269,2108839.159374
1757491200,0.23278,0.2337,0.23031,0.23125,2219782.354767
1757505600,0.23135,0.2368,0.23089,0.23341,6198241.931453
1757520000,0.2336,0.23441,0.22989,0.23076,1722653.481982
1757534400,0.23067,0.23429,0.23062,0.23427,1119636.637038
1757548800,0.23429,0.23609,0.23382,0.23595,1873220.155619
1757563200,0.23593,0.23782,0.23493,0.23693,2379663.472272
1757577600,0.23678,0.23897,0.23644,0.23693,1587852.946561
1757592000,0.23703,0.24154,0.23342,0.2336,9707151.753045
1757606400,0.23353,0.23636,0.23353,0.23574,1995484.621752
1757620800,0.23587,0.24056,0.23443,0.23974,4840377.176046
1757635200,0.23978,0.24331,0.23944,0.24249,3264467.503341
1757649600,0.24268,0.24571,0.24151,0.24205,3251927.730388
1757664000,0.2421,0.24227,0.23936,0.23954,3418853.671251
1757678400,0.23954,0.24296,0.23789,0.24105,3054715.553809
1757692800,0.24108,0.24472,0.24064,0.24448,2410676.726493
1757707200,0.2445,0.2458,0.2423,0.24556,2419051.550113
1757721600,0.24553,0.24753,0.24413,0.24667,2285128.113755
1757736000,0.24664,0.24725,0.24498,0.24647,1771722.544857
1757750400,0.24659,0.25299,0.24653,0.25261,3669418.386843
1757764800,0.25264,0.25478,0.24812,0.24895,6838646.509881
1757779200,0.24914,0.25018,0.24386,0.2463,3695334.907898
1757793600,0.2463,0.24922,0.24625,0.24819,1194612.322864
1757808000,0.24821,0.24845,0.24364,0.24393,2523223.569559
1757822400,0.24399,0.24539,0.24171,0.24326,1700496.309467
1757836800,0.24322,0.2451,0.2405,0.24071,2072016.802059
1757851200,0.24079,0.24185,0.23685,0.23844,3156096.766695
1757865600,0.23843,0.24317,0.23809,0.23973,2263941.239997
1757880000,0.23964,0.24321,0.23892,0.24075,1287123.036346
1757894400,0.24077,0.24284,0.23858,0.24232,1922699.722438
1757908800,0.24232,0.24331,0.23738,0.23773,4074254.89188
1757923200,0.23766,0.23771,0.23174,0.23373,6903620.359279
1757937600,0.23378,0.23525,0.23074,0.23183,3900647.352752
1757952000,0.23172,0.23551,0.23005,0.23449,2954233.422083
1757966400,0.23435,0.23726,0.23388,0.23699,1442946.974343
1757980800,0.237,0.23701,0.23392,0.23395,1461419.848098
1757995200,0.23397,0.23547,0.23165,0.23464,2038915.214563
1758009600,0.23478,0.23819,0.23478,0.23643,2294080.538531
1758024000,0.23646,0.23855,0.2334,0.23672,6096467.921683
1758038400,0.23689,0.23982,0.23506,0.2383,5050404.441629
1758052800,0.23832,0.23991,0.23765,0.23803,2822055.613515
1758067200,0.23806,0.23866,0.23602,0.23612,3176970.057834
1758081600,0.2361,0.23878,0.23415,0.23771,2665744.023964
1758096000,0.23768,0.23774,0.23355,0.23447,3136375.414306
1758110400,0.23449,0.23569,0.23291,0.23406,5081370.58564
1758124800,0.23407,0.2398,0.23268,0.23745,20323213.577836
1758139200,0.23749,0.24559,0.23537,0.243,13016890.537458
1758153600,0.24302,0.24586,0.2417,0.24585,5587259.531033
1758168000,0.24587,0.24702,0.24161,0.24608,3657782.316057
1758182400,0.2461,0.25225,0.24564,0.24783,9133041.353605
1758196800,0.24785,0.24897,0.24583,0.24696,4975945.567724
1758211200,0.24695,0.24959,0.2463,0.24925,4786217.199782
1758225600,0.24908,0.2499,0.24485,0.2462,2730740.035354
1758240000,0.24621,0.2502,0.24452,0.24481,3998784.487112
1758254400,0.24478,0.24658,0.24222,0.24435,3884584.513417
1758268800,0.24431,0.24607,0.2394,0.23984,10799602.030527
1758283200,0.23981,0.24197,0.23638,0.23836,4683615.476657
1758297600,0.23836,0.23993,0.23603,0.23708,3492125.800157
1758312000,0.23712,0.24028,0.23681,0.2388,2051756.581644
1758326400,0.2388,0.241,0.23792,0.23976,2353598.293426
1758340800,0.23977,0.24537,0.23934,0.24429,3357361.149153
1758355200,0.24428,0.24481,0.23966,0.24169,2751139.233653
1758369600,0.24169,0.24693,0.24097,0.24482,4769989.064736
1758384000,0.24492,0.24537,0.24183,0.24245,3342419.196124
1758398400,0.24245,0.24399,0.24162,0.24186,1305697.979466
1758412800,0.24185,0.24276,0.24052,0.24223,2489919.97327
1758427200,0.24225,0.24297,0.24051,0.24092,1810404.357682
1758441600,0.24092,0.24092,0.23651,0.23692,5229442.395659
1758456000,0.23692,0.23802,0.23567,0.2357,2400288.91139
1758470400,0.23572,0.23705,0.23375,0.23622,2701500.411339
1758484800,0.23619,0.2364,0.23328,0.23407,1897788.799861
1758499200,0.23399,0.23481,0.22383,0.22676,13638491.728123
1758513600,0.22673,0.22694,0.20939,0.21695,22562489.867179
1758528000,0.21696,0.21785,0.21404,0.21704,4972831.75674
1758542400,0.21713,0.2222,0.21653,0.21906,12083950.643719
1758556800,0.21908,0.22059,0.21685,0.21718,6231941.23436
1758571200,0.21712,0.22247,0.21664,0.22218,2705582.589889
1758585600,0.22219,0.22279,0.21842,0.22084,5295021.810177
1758600000,0.22088,0.22458,0.21943,0.22379,4755995.604483
1758614400,0.2238,0.22523,0.22135,0.22216,4175333.353781
1758628800,0.22209,0.22379,0.22111,0.22286,4268256.714247
1758643200,0.22299,0.22404,0.21855,0.21897,5404469.182091
1758657600,0.21895,0.22147,0.21827,0.21902,2521064.529825
1758672000,0.21903,0.22265,0.21833,0.21852,5717215.553132
1758686400,0.2185,0.22387,0.2162,0.2236,7967784.684691
1758700800,0.22372,0.22485,0.2226,0.22427,4731049.605511
1758715200,0.22428,0.22625,0.22246,0.22408,6766732.677769
1758729600,0.2241,0.22535,0.22319,0.22412,3969748.459866
1758744000,0.22421,0.22428,0.22085,0.22118,2866894.17941
1758758400,0.22117,0.22192,0.21679,0.2184,5785918.375487
1758772800,0.21834,0.21886,0.21238,0.2137,10292612.136239
1758787200,0.21368,0.21516,0.21138,0.21168,5955093.257698
1758801600,0.21167,0.2192,0.20904,0.21499,12258151.599835
1758816000,0.21505,0.21536,0.20534,0.20928,13287329.374704
1758830400,0.20934,0.21016,0.20586,0.20753,5563104.826104
1758844800,0.20753,0.21164,0.20733,0.20996,4892124.360171
1758859200,0.20994,0.21034,0.2062,0.20754,4961647.091899
1758873600,0.20753,0.20959,0.205,0.20742,5127959.690189
1758888000,0.2073,0.21096,0.20575,0.2096,10594413.46106
1758902400,0.20958,0.21638,0.20935,0.21404,7653176.116648
1758916800,0.21404,0.21497,0.21334,0.21437,2352348.150441
1758931200,0.21436,0.21436,0.21222,0.21336,1751638.003668
1758945600,0.21335,0.21427,0.21247,0.21273,1169647.544883
1758960000,0.21279,0.21527,0.21154,0.21328,4880841.82101
1758974400,0.21341,0.21441,0.21217,0.21344,2986252.996238
1758988800,0.21343,0.21349,0.21142,0.2125,1815468.724979
1759003200,0.21256,0.21438,0.21222,0.21267,1449434.41344
1759017600,0.21272,0.21289,0.21041,0.21111,3045386.807054
1759032000,0.21106,0.21158,0.20985,0.21073,1532131.647626
1759046400,0.21068,0.21118,0.20806,0.20857,2780441.161687
1759060800,0.20845,0.21129,0.20743,0.21129,3158144.230586
1759075200,0.2114,0.21443,0.21135,0.2129,2516578.236319
1759089600,0.21298,0.21704,0.21272,0.21607,3738503.286042
1759104000,0.21609,0.21669,0.2149,0.21614,2311602.407658
1759118400,0.21619,0.21621,0.21378,0.21522,1828865.306848
1759132800,0.21519,0.21645,0.21238,0.21408,1718363.197546
1759147200,0.214,0.22015,0.21202,0.21708,8679282.479707
1759161600,0.21714,0.21803,0.214,0.21691,5294871.93504
1759176000,0.21675,0.21911,0.2166,0.21672,2681845.830626
1759190400,0.21678,0.21787,0.21465,0.21522,4726569.215146
1759204800,0.21522,0.21636,0.21342,0.21382,3142027.721483
1759219200,0.21384,0.21411,0.21179,0.21398,2446719.415979
1759233600,0.21381,0.21448,0.21018,0.21126,3280320.740737
1759248000,0.21122,0.21517,0.20903,0.21514,4326313.999354
1759262400,0.21501,0.21766,0.21389,0.21494,3219660.700157
1759276800,0.21508,0.21596,0.2102,0.21053,4417964.509971
1759291200,0.21051,0.21399,0.21035,0.21153,7343926.68122
1759305600,0.21152,0.22265,0.21147,0.22085,11310315.893217
1759320000,0.22087,0.22297,0.21918,0.22255,4598484.076807
1759334400,0.22255,0.22421,0.22112,0.22345,4509248.529665
1759348800,0.22348,0.22446,0.22151,0.22433,3500887.754081
1759363200,0.22436,0.22822,0.22327,0.22727,7178486.792287
1759377600,0.22726,0.22865,0.22546,0.22656,9385325.94362
1759392000,0.2266,0.2282,0.22584,0.22694,4233039.537506
1759406400,0.22694,0.22805,0.22154,0.22584,9644830.943312
1759420800,0.22579,0.23034,0.22549,0.2295,6201851.009141
1759435200,0.22961,0.22975,0.22631,0.22749,3390956.958961
1759449600,0.22745,0.22749,0.2238,0.22461,5889102.093555
1759464000,0.22452,0.22636,0.22318,0.22378,2918802.651731
1759478400,0.2238,0.22503,0.22258,0.22308,1104893.215763
1759492800,0.22304,0.22596,0.22021,0.22596,4612944.822717
1759507200,0.22583,0.22991,0.22266,0.22508,12817315.315885
1759521600,0.2251,0.22619,0.22402,0.22536,1738984.456444
1759536000,0.22553,0.22626,0.2217,0.22305,2691326.072204
1759550400,0.22306,0.22542,0.22283,0.22406,1916455.497468
1759564800,0.22373,0.22395,0.21871,0.21943,3455314.061693
1759579200,0.21929,0.22075,0.21489,0.21552,11258764.805398
1759593600,0.21551,0.21678,0.21501,0.21618,2076820.19284
1759608000,0.21621,0.21771,0.21601,0.21706,1779354.341728
1759622400,0.21706,0.22221,0.21611,0.21999,4769487.715136
1759636800,0.21993,0.22553,0.21963,0.22537,6044918.68224
1759651200,0.22537,0.22669,0.21999,0.22108,8886434.433896
1759665600,0.22105,0.22193,0.21934,0.22038,3979622.352652
1759680000,0.2204,0.22059,0.21442,0.21465,6251437.704551
1759694400,0.21467,0.21732,0.21431,0.21635,3121274.977965
1759708800,0.2164,0.21841,0.21516,0.21798,3838960.506033
1759723200,0.21797,0.22088,0.21669,0.21918,3224979.764932
1759737600,0.2196,0.22334,0.2196,0.22284,3766313.364807
1759752000,0.22293,0.23371,0.22293,0.23065,20189178.238091
1759766400,0.23072,0.23114,0.22776,0.2302,7411662.152647
1759780800,0.23026,0.23312,0.22956,0.23013,5717862.32404
1759795200,0.23019,0.23106,0.22782,0.22847,5258896.613513
1759809600,0.22851,0.2301,0.22504,0.22549,5548063.062836
1759824000,0.22549,0.22619,0.2234,0.22562,3506481.073791
1759838400,0.22561,0.22826,0.21662,0.21733,12906497.541688
1759852800,0.21731,0.22017,0.21623,0.21751,6377752.761237
1759867200,0.21764,0.22163,0.2175,0.21814,4541407.137297
1759881600,0.21815,0.2215,0.21634,0.21715,4777195.275412
1759896000,0.21719,0.21859,0.21529,0.21712,5522134.533135
1759910400,0.21711,0.21921,0.21689,0.21763,4311445.947498
1759924800,0.21761,0.22012,0.21563,0.21706,6115345.281736
1759939200,0.21711,0.2223,0.21651,0.22014,5018593.43116
1759953600,0.22013,0.22086,0.21846,0.21966,2875852.893826
1759968000,0.21968,0.22001,0.21283,0.21441,9476184.245363
1759982400,0.21437,0.21533,0.21217,0.21238,4345126.930129
1759996800,0.21238,0.21345,0.20992,0.21291,8544360.114018
1760011200,0.21289,0.21735,0.2101,0.21121,11834241.59702
1760025600,0.21112,0.21229,0.20876,0.2113,5784286.225778
1760040000,0.21123,0.21438,0.21042,0.21296,2341036.719689
1760054400,0.21296,0.21527,0.21084,0.214,2702692.902818
1760068800,0.21395,0.21603,0.21246,0.21256,2380361.079589
1760083200,0.2126,0.21584,0.2123,0.2155,2851502.46646
1760097600,0.21536,0.21688,0.20453,0.20666,15209831.17234
1760112000,0.20665,0.20824,0.20079,0.20231,13257957.638234
1760126400,0.20232,0.2044,0.07915,0.16344,285574874.44953
1760140800,0.16345,0.17124,0.15978,0.16769,63376131.017122
1760155200,0.1677,0.17143,0.16693,0.16954,21997349.036447
1760169600,0.16956,0.17705,0.16878,0.17526,11877163.720131
1760184000,0.17524,0.17551,0.16967,0.17486,11542200.014619
1760198400,0.17487,0.17598,0.16559,0.16723,10657364.856134
1760212800,0.16722,0.16935,0.16177,0.168,16250158.918466
1760227200,0.16801,0.16982,0.16469,0.16861,9158061.462725
1760241600,0.16861,0.17249,0.16834,0.17216,7090224.864635
1760256000,0.17214,0.1729,0.1692,0.17047,5372493.270211
1760270400,0.17041,0.18147,0.16854,0.18073,20364840.342352
1760284800,0.18078,0.18681,0.18078,0.1868,18829518.455054
1760299200,0.18675,0.18834,0.18272,0.18527,9128506.785838
1760313600,0.18523,0.18634,0.18248,0.18391,6901597.690989
1760328000,0.18398,0.1897,0.18306,0.18713,7405037.384691
1760342400,0.18714,0.19041,0.18291,0.18642,10355678.031891
1760356800,0.18623,0.1911,0.18496,0.18822,18956273.088114
1760371200,0.18805,0.1936,0.18729,0.1934,11194936.042416
1760385600,0.19342,0.19554,0.19243,0.19432,4347633.732085
1760400000,0.19434,0.19509,0.18837,0.18951,8264619.215162
1760414400,0.18947,0.19008,0.17726,0.1795,15393804.470769
1760428800,0.17948,0.18215,0.17634,0.18034,8465240.508144
1760443200,0.18029,0.18604,0.17588,0.18571,15949621.948931
1760457600,0.18576,0.18887,0.18339,0.18604,19157725.796449
1760472000,0.18607,0.19049,0.1849,0.19028,6233456.438303
1760486400,0.19019,0.19058,0.1868,0.18753,6868268.466923
1760500800,0.18751,0.18985,0.18636,0.18974,5121047.799965
1760515200,0.18971,0.19178,0.18656,0.1875,6277310.241164
1760529600,0.18748,0.18767,0.18048,0.18132,11704986.43038
1760544000,0.1813,0.18254,0.17951,0.18023,7144881.761462
1760558400,0.18029,0.18092,0.17736,0.17893,6145009.04962
1760572800,0.17895,0.18116,0.17774,0.17893,3809521.30231
1760587200,0.17893,0.18097,0.17776,0.17947,6349142.295505
1760601600,0.17947,0.18307,0.1752,0.18292,11467082.009308
1760616000,0.18299,0.18519,0.17345,0.17437,15656327.104941
1760630400,0.17421,0.17786,0.16973,0.17126,15665370.201913
1760644800,0.17132,0.17189,0.16867,0.17089,11605267.500632
1760659200,0.17088,0.17376,0.17037,0.17228,5473932.006542
1760673600,0.17231,0.17243,0.15899,0.15943,14077124.463185
1760688000,0.15944,0.16459,0.15704,0.16311,20345187.499114
1760702400,0.16309,0.16411,0.15556,0.16079,27758205.759094
1760716800,0.1608,0.16386,0.15924,0.16233,12319068.520115
1760731200,0.16237,0.16552,0.16189,0.16262,4443722.273489
1760745600,0.16263,0.16529,0.16228,0.16454,2471921.384384
1760760000,0.16466,0.16664,0.16299,0.16498,3014358.262711
1760774400,0.16498,0.16688,0.16478,0.1666,2300973.70905
1760788800,0.16664,0.16772,0.16371,0.16474,2974966.439503
1760803200,0.16478,0.16604,0.16323,0.16577,2221070.210756
1760817600,0.16582,0.16684,0.16518,0.16597,1603348.574486
1760832000,0.16588,0.16637,0.16437,0.16589,1299439.874021
1760846400,0.16595,0.16595,0.16362,0.16446,1027886.831187
1760860800,0.16442,0.16908,0.16244,0.16754,9097862.998644
1760875200,0.16764,0.17256,0.1664,0.1711,8015781.609716
1760889600,0.17115,0.17359,0.17057,0.17193,4755982.42468
1760904000,0.17193,0.17256,0.17013,0.17037,1706765.98082
1760918400,0.1704,0.17475,0.16681,0.17456,3285605.4038
1760932800,0.17467,0.17868,0.17387,0.17742,3161373.071073
1760947200,0.17734,0.18006,0.17619,0.17792,4038808.40777
1760961600,0.17804,0.18101,0.177,0.17722,5800974.827628
1760976000,0.17708,0.17804,0.17405,0.17736,7726960.76036
1760990400,0.17726,0.17817,0.17552,0.17553,1902079.309759
1761004800,0.17554,0.17587,0.17176,0.17198,3048826.524221
1761019200,0.17195,0.17198,0.16866,0.17104,4577098.395448
1761033600,0.17088,0.17346,0.1694,0.17245,2707565.199862
1761048000,0.17238,0.18192,0.17127,0.18023,11873404.729034
1761062400,0.18014,0.18075,0.17584,0.17697,7855586.951147
1761076800,0.17701,0.17707,0.17007,0.17047,4779660.137783
1761091200,0.17042,0.17152,0.1693,0.17094,3593078.258062
1761105600,0.17096,0.17233,0.1693,0.171,2039787.598315
1761120000,0.17095,0.17095,0.16646,0.16884,5043414.31649
1761134400,0.16877,0.17111,0.16721,0.16916,7281640.873114
1761148800,0.16918,0.17012,0.16576,0.1672,5088185.043782
1761163200,0.1671,0.16742,0.16148,0.16614,4871843.273034
1761177600,0.16606,0.16713,0.16548,0.16622,3164004.270318
1761192000,0.16633,0.1694,0.16602,0.1687,2684747.902092
1761206400,0.16876,0.17019,0.16824,0.16849,2031938.418419
1761220800,0.16834,0.1697,0.163,0.16304,11562528.898049
1761235200,0.16306,0.16761,0.16281,0.16521,7709551.93853
1761249600,0.16523,0.16568,0.16302,0.16496,4432640.821384
1761264000,0.16508,0.16597,0.1642,0.16537,2453307.547995
1761278400,0.16547,0.17056,0.16517,0.16963,4306175.496629
1761292800,0.16962,0.17134,0.16714,0.16932,2446750.788193
1761307200,0.16939,0.17266,0.16695,0.16755,6197916.253928
1761321600,0.16762,0.17002,0.1668,0.16959,1834297.257567
1761336000,0.16944,0.17149,0.16935,0.17079,1421920.256333
1761350400,0.1708,0.17094,0.16972,0.16989,1396735.837124
1761364800,0.16992,0.17112,0.16888,0.16911,1509808.655301
1761379200,0.16911,0.17047,0.16853,0.17038,1422636.802539
1761393600,0.17016,0.17254,0.17014,0.17216,1889793.981046
1761408000,0.17232,0.17384,0.17189,0.17357,2280577.464165
1761422400,0.17358,0.17391,0.17215,0.17254,1447641.442065
1761436800,0.17254,0.17343,0.17087,0.17118,2510321.974914
1761451200,0.17111,0.17467,0.17111,0.17443,1263130.4401
1761465600,0.17451,0.1782,0.17426,0.17805,2842454.967358
1761480000,0.1782,0.18066,0.1782,0.17989,3417754.240052
1761494400,0.18003,0.18013,0.17829,0.1783,1942848.26517
1761508800,0.17848,0.18138,0.17689,0.17997,6433956.074785
1761523200,0.17996,0.18399,0.17944,0.18148,3787612.814471
1761537600,0.1815,0.18382,0.18109,0.18188,2733009.2773
1761552000,0.18188,0.18242,0.1777,0.17907,2327503.523127
1761566400,0.1791,0.1821,0.17641,0.17983,9583445.984599
1761580800,0.17987,0.18391,0.17975,0.18242,12948740.076119
1761595200,0.18246,0.18492,0.18068,0.1848,4507662.240563
1761609600,0.18479,0.19864,0.184,0.19702,41538802.378427
1761624000,0.19712,0.21981,0.1966,0.21174,49001908.364037
1761638400,0.2118,0.21546,0.20332,0.20743,27907341.208173
1761652800,0.2074,0.21077,0.1979,0.20302,33876431.865298
1761667200,0.20304,0.20389,0.19699,0.19816,15961134.229976
1761681600,0.19824,0.19824,0.1926,0.19455,18588675.729084
1761696000,0.19446,0.19661,0.19246,0.19486,9316462.536306
1761710400,0.19481,0.19769,0.19341,0.19694,6628088.435667
1761724800,0.19697,0.19955,0.19423,0.19856,10963767.419786
1761739200,0.19844,0.20509,0.1973,0.19776,22704043.143522
1761753600,0.19782,0.2047,0.19473,0.20016,22962178.999559
1761768000,0.20017,0.20672,0.19951,0.20117,8115580.002897
1761782400,0.20108,0.20697,0.20014,0.20402,14016810.024212
1761796800,0.20402,0.21097,0.19673,0.20795,20323867.501686
1761811200,0.20797,0.20863,0.20234,0.203,11389034.676451
1761825600,0.203,0.20346,0.19218,0.19228,14488870.331774
1761840000,0.19229,0.19542,0.18917,0.18997,13760257.299876
1761854400,0.19005,0.19738,0.1893,0.19652,9435768.747136
1761868800,0.19653,0.19886,0.19089,0.1927,8816481.089309
1761883200,0.1926,0.19448,0.19168,0.19229,8573637.568723
1761897600,0.19219,0.19728,0.19102,0.19691,4529124.60659
1761912000,0.19687,0.19958,0.19352,0.19591,9129644.234511
1761926400,0.19568,0.19864,0.19021,0.1979,7839877.847662
1761940800,0.1979,0.20417,0.19637,0.201,12718335.279264
1761955200,0.201,0.20347,0.19766,0.20347,5838431.746771
1761969600,0.2034,0.20482,0.20059,0.20161,4580593.311931
1761984000,0.20164,0.20212,0.19857,0.19911,5946649.274932
1761998400,0.19917,0.201,0.19787,0.20062,3833034.491087
1762012800,0.20074,0.20209,0.19844,0.19926,4365887.746126
1762027200,0.19933,0.19937,0.1957,0.19639,3241523.815847
1762041600,0.19635,0.19662,0.1945,0.19538,3498795.915085
1762056000,0.19535,0.19681,0.19499,0.19642,4165006.058203
1762070400,0.19647,0.19816,0.19325,0.19781,7867189.856125
1762084800,0.19783,0.19807,0.19207,0.19357,6265631.692831
1762099200,0.19355,0.19558,0.19054,0.19117,6236190.232474
1762113600,0.19119,0.19508,0.19044,0.19456,3610023.011986
1762128000,0.19455,0.1955,0.18421,0.18465,6059324.95531
1762142400,0.18461,0.18658,0.18173,0.18279,7571591.585512
1762156800,0.18274,0.18491,0.18034,0.18258,5879561.029163
1762171200,0.18263,0.1843,0.16662,0.17484,17901368.696595
1762185600,0.17491,0.18314,0.17372,0.17949,12951529.500116
1762200000,0.17945,0.17972,0.17333,0.17528,10587741.160828
1762214400,0.17527,0.17923,0.17426,0.17807,7726057.865479
1762228800,0.17816,0.1791,0.16955,0.17097,14909892.66463
1762243200,0.17086,0.17682,0.17046,0.17577,15486221.387989
1762257600,0.17573,0.17672,0.17053,0.17291,12043309.532236
1762272000,0.17292,0.17456,0.16258,0.16429,23816026.73438
1762286400,0.16428,0.17035,0.15884,0.16858,22254292.128217
1762300800,0.1686,0.17222,0.16039,0.17145,12925442.42997
1762315200,0.17134,0.17312,0.16946,0.17121,7719967.056814
1762329600,0.17123,0.17145,0.168,0.17118,5063965.495223
1762344000,0.17121,0.17434,0.17,0.17369,13524570.308421
1762358400,0.17366,0.17682,0.17145,0.17539,9638889.554612
1762372800,0.17539,0.17665,0.17402,0.17515,7190966.942729
1762387200,0.17518,0.17544,0.17143,0.17368,5084255.859141
1762401600,0.17377,0.17425,0.16962,0.17019,4583852.888578
1762416000,0.1701,0.17073,0.16834,0.16916,5494431.831114
1762430400,0.1691,0.17073,0.16435,0.16479,10830584.779987
1762444800,0.16487,0.16622,0.16173,0.16336,10378262.324801
1762459200,0.16336,0.1646,0.1609,0.16324,8252054.132414
1762473600,0.16317,0.16758,0.16236,0.16644,6503601.87799
1762488000,0.16627,0.1693,0.16536,0.16921,3634532.380693
1762502400,0.16922,0.16939,0.1616,0.16304,6276074.140055
1762516800,0.16306,0.16954,0.15951,0.16863,13295934.222326
1762531200,0.16863,0.18122,0.1677,0.17786,24597937.346267
1762545600,0.17783,0.18009,0.17653,0.177,9240701.480006
1762560000,0.17708,0.18028,0.17542,0.17655,6653740.791112
1762574400,0.17653,0.17927,0.17383,0.17613,6304958.655543
1762588800,0.17614,0.17715,0.17452,0.17626,2489416.456078
1762603200,0.17621,0.17651,0.17181,0.17265,4604027.44021
1762617600,0.17266,0.17466,0.17152,0.17295,1812299.812964
1762632000,0.17296,0.17577,0.17206,0.17575,1886901.756962
1762646400,0.17559,0.17559,0.16857,0.16904,3367214.81553
1762660800,0.16911,0.17148,0.1689,0.17146,3248732.37713
1762675200,0.17142,0.17231,0.16842,0.17114,5014183.491142
1762689600,0.17117,0.17533,0.17033,0.17365,6537991.504075
1762704000,0.17363,0.17711,0.17243,0.17699,4663167.213139
1762718400,0.17691,0.17867,0.17538,0.17664,3582247.559852
1762732800,0.17675,0.18252,0.17546,0.18183,6140036.889795
1762747200,0.18184,0.1883,0.18123,0.18716,6614712.385614
1762761600,0.18717,0.1987,0.18637,0.19666,14777282.657515
1762776000,0.19664,0.19742,0.18786,0.18844,14513313.966763
1762790400,0.18841,0.19436,0.18733,0.19224,8341744.431537
1762804800,0.19225,0.19424,0.18968,0.19379,4131548.287554
1762819200,0.19401,0.19695,0.19149,0.1936,8349674.650383
1762833600,0.19344,0.19357,0.18524,0.18557,6341696.377539
1762848000,0.18555,0.18831,0.18478,0.18695,3901478.065991
1762862400,0.18703,0.18754,0.18278,0.1846,7808688.914223
1762876800,0.18454,0.18501,0.17987,0.18004,4428255.631946
1762891200,0.18004,0.18053,0.17709,0.17776,3595306.268582
1762905600,0.17756,0.18144,0.17713,0.18008,3710109.083838
1762920000,0.18008,0.1843,0.17934,0.18048,3523239.375797
1762934400,0.18061,0.18611,0.1803,0.18463,6061529.725814
1762948800,0.18465,0.18641,0.17714,0.17776,9190456.125512
1762963200,0.17776,0.17811,0.17286,0.17422,10699210.537421
1762977600,0.17402,0.17555,0.17336,0.17404,4058950.36738
1762992000,0.17394,0.18018,0.17362,0.17866,8968467.274293
1763006400,0.17864,0.18094,0.17713,0.17895,6785079.996225
1763020800,0.17885,0.18023,0.17768,0.17798,2834806.385507
1763035200,0.17796,0.17922,0.17442,0.17545,9689647.992765
1763049600,0.17541,0.17612,0.16426,0.16463,11458818.469035
1763064000,0.16463,0.16655,0.16152,0.1648,10113976.85177
1763078400,0.16468,0.16534,0.16202,0.16267,7918556.56421
1763092800,0.16257,0.16369,0.15727,0.16149,10263440.657577
1763107200,0.16149,0.1616,0.157,0.15764,6026164.999856
1763121600,0.15749,0.16099,0.15411,0.15973,16225659.869478
1763136000,0.15975,0.16157,0.15559,0.15833,7761876.728453
1763150400,0.15837,0.15842,0.15072,0.15294,7688876.435347
1763164800,0.15302,0.15828,0.15282,0.15793,4821702.81567
1763179200,0.1579,0.15854,0.1572,0.15768,4896960.220766
1763193600,0.15771,0.15775,0.15423,0.15539,3776742.647392
1763208000,0.15536,0.15865,0.15464,0.15576,6099482.04058
1763222400,0.15569,0.15754,0.15472,0.15613,3617437.502803
1763236800,0.15622,0.15625,0.15385,0.15476,1941106.193377
1763251200,0.15484,0.15579,0.15198,0.15439,5154906.877383
1763265600,0.15437,0.15551,0.15352,0.15547,1862007.466776
1763280000,0.15551,0.15578,0.15101,0.15114,5107200.869223
1763294400,0.15132,0.15258,0.14866,0.14892,7056538.362055
1763308800,0.14898,0.15069,0.1465,0.14782,9104037.138149
1763323200,0.14786,0.14931,0.14507,0.1467,5601508.076426
1763337600,0.14666,0.1505,0.14562,0.15039,6798563.201575
1763352000,0.1504,0.15116,0.14861,0.15059,2906073.92163
1763366400,0.15066,0.15302,0.14972,0.15212,2300370.098363
1763380800,0.15211,0.15427,0.14612,0.14888,11180441.645452
1763395200,0.14887,0.15077,0.1429,0.14309,11497405.384734
1763409600,0.14311,0.14596,0.14196,0.14583,7322279.187971
1763424000,0.14586,0.14727,0.14286,0.14594,8167473.665188
1763438400,0.14605,0.14679,0.14264,0.14432,7183214.611189
1763452800,0.1443,0.14728,0.14427,0.14595,5224063.28179
1763467200,0.14608,0.14967,0.1441,0.14882,9418931.398487
1763481600,0.14884,0.15245,0.14798,0.15127,8794057.165712
1763496000,0.15135,0.15196,0.14915,0.15054,1886912.501555
1763510400,0.15063,0.15197,0.14844,0.149,3686842.016019
1763524800,0.14889,0.15025,0.14578,0.15017,3754388.891294
1763539200,0.15014,0.15025,0.14622,0.14651,4837305.267053
1763553600,0.14649,0.14866,0.14297,0.14307,8517591.023661
1763568000,0.14305,0.14388,0.13812,0.13906,10730887.151865
1763582400,0.13915,0.14554,0.13896,0.14488,7694991.517637
1763596800,0.14485,0.14721,0.14446,0.14647,3658945.961919
1763611200,0.14645,0.148,0.14596,0.14762,4249639.085659
1763625600,0.14762,0.14765,0.1447,0.14527,4568988.893194
1763640000,0.14525,0.14734,0.14244,0.14256,9084014.935806
1763654400,0.14252,0.14287,0.13438,0.13693,14154910.652115
1763668800,0.13692,0.14006,0.13566,0.13656,4843109.505888
1763683200,0.13651,0.13842,0.1352,0.136,6941672.424375
1763697600,0.13594,0.13651,0.12562,0.13143,16513119.746523
1763712000,0.13141,0.13318,0.12539,0.12564,11150587.723808
1763726400,0.12573,0.13205,0.12255,0.12787,16759396.570383
1763740800,0.12788,0.13418,0.1265,0.13157,10627892.221717
1763755200,0.13156,0.13278,0.1276,0.13081,7389635.496664
1763769600,0.13087,0.13141,0.12977,0.13007,4417636.925746
1763784000,0.13009,0.13032,0.12751,0.12998,6563300.855004
1763798400,0.12988,0.13005,0.12661,0.12837,6241671.917169
1763812800,0.12836,0.12956,0.1264,0.12823,4511270.682674
1763827200,0.12818,0.13073,0.12809,0.13035,2141892.566233
1763841600,0.13037,0.13344,0.12961,0.13178,2293201.070696
1763856000,0.13182,0.13612,0.13131,0.1355,5826185.812121
1763870400,0.13556,0.13697,0.13432,0.135,4491506.835837
1763884800,0.13501,0.13993,0.13495,0.13974,5792716.13113
1763899200,0.13983,0.14743,0.13889,0.14606,14065560.561588
1763913600,0.1461,0.15557,0.14338,0.15355,23468161.996936
1763928000,0.1536,0.15384,0.14763,0.14794,12360855.533045
1763942400,0.14797,0.15216,0.14629,0.15058,8908392.51091
1763956800,0.15058,0.15109,0.1463,0.14662,7978753.247472
1763971200,0.14663,0.14744,0.14359,0.14486,4365136.961847
1763985600,0.14484,0.14505,0.14077,0.14218,11713117.079485
1764000000,0.14217,0.14915,0.14217,0.14785,15809343.767196
1764014400,0.14793,0.15068,0.14743,0.14862,6573907.115006
1764028800,0.14852,0.14927,0.1448,0.14514,5162108.822607
1764043200,0.1451,0.14768,0.14383,0.14399,4139349.948184
1764057600,0.14402,0.14439,0.14263,0.14303,2415165.495046
1764072000,0.14311,0.1444,0.13995,0.14206,6894797.691908
1764086400,0.14202,0.14504,0.14055,0.14294,3414142.574076
1764100800,0.14297,0.14657,0.14214,0.14496,4867389.147072
1764115200,0.14497,0.14802,0.14437,0.14441,3913115.481375
1764129600,0.14443,0.14537,0.14398,0.14533,1074587.129811
1764144000,0.14535,0.14552,0.14264,0.14284,2651785.861333
1764158400,0.14282,0.14426,0.14149,0.14321,4572182.117371
1764172800,0.14323,0.1505,0.14323,0.1486,10766229.172772
1764187200,0.14862,0.14966,0.1473,0.14796,3899084.610792
1764201600,0.14791,0.14907,0.14649,0.14695,5441294.211667
1764216000,0.14698,0.14946,0.14663,0.14824,1606238.84793
1764230400,0.14822,0.1491,0.14579,0.14601,1773093.672864
1764244800,0.14599,0.14646,0.14425,0.14645,1731721.931634
1764259200,0.14644,0.14764,0.14567,0.14712,1754848.02896
1764273600,0.14717,0.1482,0.14621,0.14716,1902475.321389
1764288000,0.14711,0.14734,0.14492,0.14561,1824895.143205
1764302400,0.14559,0.14682,0.14492,0.14595,1524453.933744
1764316800,0.14591,0.15087,0.14575,0.14668,3836315.756772
1764331200,0.14666,0.15046,0.14653,0.14992,3015818.185144
1764345600,0.14986,0.14989,0.144,0.14664,4985933.735862
1764360000,0.14663,0.14663,0.14477,0.14537,1626633.892771
1764374400,0.14536,0.14622,0.14375,0.14389,753602.641211
1764388800,0.14389,0.14478,0.14246,0.14379,1812165.600105
1764403200,0.14378,0.14546,0.14325,0.14543,584359.265846
1764417600,0.14539,0.14577,0.14382,0.14465,650718.910733
1764432000,0.1446,0.14465,0.14235,0.1428,1267319.613039
1764446400,0.14271,0.14398,0.14241,0.14342,509995.231749
1764460800,0.14322,0.14441,0.14255,0.14397,621513.584808
1764475200,0.14395,0.1443,0.14268,0.14336,689190.028053
1764489600,0.14335,0.14397,0.14142,0.14281,3766956.089297
1764504000,0.14283,0.14601,0.14231,0.14479,1050459.938387
1764518400,0.14483,0.14656,0.14405,0.14411,1572111.140112
1764532800,0.14426,0.14476,0.14096,0.14127,1234851.582413
1764547200,0.1413,0.14175,0.13318,0.13344,8191629.425813
1764561600,0.13325,0.13481,0.13286,0.13461,1714353.596661
1764576000,0.13458,0.13482,0.13195,0.1322,1220136.210201
1764590400,0.13223,0.13442,0.13001,0.13176,2840408.646215
1764604800,0.13175,0.13231,0.13025,0.13121,1841525.63385
1764619200,0.13127,0.13456,0.13127,0.13322,1960200.500751
1764633600,0.13328,0.13502,0.13155,0.13279,2649806.955667
1764648000,0.13281,0.13321,0.1315,0.13185,1289191.193695
1764662400,0.13188,0.13452,0.13095,0.13427,1236480.548166
1764676800,0.13431,0.14277,0.13338,0.14235,8090618.065971
1764691200,0.14238,0.1457,0.141,0.14506,4212846.576632
1764705600,0.14494,0.14664,0.14398,0.14463,2163665.990435
1764720000,0.14478,0.14748,0.14333,0.14676,6515652.490654
1764734400,0.14674,0.15022,0.14613,0.14881,3290159.30384
1764748800,0.14884,0.14908,0.1456,0.1462,3101428.871426
1764763200,0.1462,0.14674,0.14238,0.14507,4373698.864213
1764777600,0.1451,0.14712,0.14396,0.14635,1746277.040323
1764792000,0.14637,0.1479,0.14578,0.14595,3215100.117657
1764806400,0.14624,0.14659,0.14391,0.14432,2593088.019137
1764820800,0.14433,0.14443,0.14248,0.14296,1772708.63603
1764835200,0.14289,0.14332,0.14135,0.14166,982882.051322
1764849600,0.14164,0.14213,0.1389,0.14133,2753097.59794
1764864000,0.14131,0.14227,0.13758,0.13984,1756793.63149
1764878400,0.1399,0.1405,0.13894,0.13941,1493678.347432
1764892800,0.13938,0.14,0.13875,0.13898,1196774.981463
1764907200,0.13898,0.13951,0.13795,0.13941,1914855.192837
1764921600,0.13933,0.13933,0.1355,0.13626,2360279.77682
1764936000,0.13626,0.13831,0.13498,0.13677,4905896.451362
1764950400,0.13672,0.13682,0.13271,0.1341,4528174.223598
1764964800,0.13417,0.13455,0.13326,0.13396,853405.877509
1764979200,0.13389,0.1345,0.13275,0.13395,665841.101161
1764993600,0.13393,0.13414,0.13294,0.1334,530434.216931
1765008000,0.1334,0.13368,0.13255,0.13313,800915.304164
1765022400,0.13314,0.13444,0.13253,0.13288,2143443.557755
1765036800,0.13286,0.13399,0.13276,0.13327,2818457.435424
1765051200,0.13329,0.13441,0.13307,0.13403,2049063.586337
1765065600,0.13408,0.13546,0.13385,0.1354,1998974.051704
1765080000,0.13543,0.13596,0.13423,0.13453,1974169.342991
1765094400,0.13446,0.13479,0.13263,0.13344,1362703.975853
1765108800,0.13345,0.13472,0.12751,0.13223,12191089.030142
1765123200,0.13222,0.13597,0.13081,0.13559,3945526.163561
1765137600,0.13565,0.13584,0.12982,0.13102,4140399.248636
1765152000,0.13101,0.13433,0.1305,0.13389,3331374.489598
1765166400,0.13386,0.1356,0.1337,0.1349,1954710.696814
1765180800,0.13486,0.13737,0.13454,0.1352,3215965.025903
1765195200,0.13524,0.13672,0.13397,0.13482,5267870.851618
1765209600,0.13481,0.13657,0.13405,0.13464,2728404.556189
1765224000,0.13465,0.13597,0.13421,0.13454,1469045.584636
1765238400,0.13453,0.13504,0.1327,0.13411,1317127.944989
1765252800,0.13408,0.13408,0.13242,0.13376,1337651.713371
1765267200,0.13378,0.13423,0.13249,0.13414,642919.747267
1765281600,0.13412,0.13888,0.13392,0.13852,3553558.842765
1765296000,0.13857,0.14324,0.13857,0.14035,5150711.77533
1765310400,0.1403,0.14044,0.1374,0.139,4078337.695262
1765324800,0.13895,0.13918,0.13671,0.13712,779035.392609
1765339200,0.13702,0.1377,0.13622,0.13688,613536.370914
1765353600,0.13694,0.1383,0.1359,0.13653,921402.148514
1765368000,0.1365,0.13736,0.1354,0.13582,1267692.069974
1765382400,0.13588,0.13962,0.13565,0.13891,5679400.688589
1765396800,0.13899,0.14201,0.13463,0.1347,3857923.188248
1765411200,0.13463,0.13493,0.12939,0.13001,3551631.679025
1765425600,0.12995,0.13119,0.1296,0.12986,1211644.438278
1765440000,0.1298,0.12996,0.12881,0.12937,707662.148783
1765454400,0.12926,0.13073,0.1284,0.12923,3418433.020539
1765468800,0.12918,0.13013,0.12867,0.12885,2861020.807385
1765483200,0.12888,0.1322,0.12882,0.12983,4061232.309098
1765497600,0.12993,0.13155,0.12881,0.12989,1636839.494145
1765512000,0.12984,0.13093,0.12932,0.13028,1870682.436826
1765526400,0.13026,0.13055,0.12905,0.12919,1041766.187507
1765540800,0.12918,0.12944,0.12378,0.12451,7146126.12886
1765555200,0.1244,0.12515,0.12323,0.12422,3661629.048798
1765569600,0.12424,0.12447,0.12353,0.12391,1074492.994459
1765584000,0.12392,0.12581,0.12358,0.12556,2479233.149815
1765598400,0.12556,0.1263,0.12407,0.12432,1150022.924516
1765612800,0.12432,0.12511,0.12375,0.12375,995634.242057
1765627200,0.12378,0.12419,0.12127,0.12299,5557518.793361
1765641600,0.1229,0.1232,0.12189,0.12219,723227.134562
1765656000,0.12222,0.12311,0.12202,0.12303,1633411.079283
1765670400,0.12299,0.12432,0.12234,0.12424,1703492.820153
1765684800,0.1243,0.12446,0.12244,0.12282,992277.539535
1765699200,0.12277,0.12326,0.12065,0.12179,2438036.330789
1765713600,0.12175,0.12201,0.11981,0.12038,1947974.632359
1765728000,0.12038,0.12114,0.11813,0.11824,2587808.02688
1765742400,0.11824,0.11892,0.1172,0.1182,4391950.53922
1765756800,0.11828,0.12174,0.11807,0.11971,2550534.8233
1765771200,0.11976,0.12071,0.1194,0.11955,789893.467213
1765785600,0.11958,0.11969,0.1183,0.11876,3490824.456356
1765800000,0.11876,0.11982,0.11354,0.1147,4945359.747628
1765814400,0.11465,0.11475,0.11131,0.1129,4079235.18341
1765828800,0.11288,0.11452,0.11165,0.1142,2036628.690172
1765843200,0.11418,0.11448,0.1127,0.11338,1102675.448414
1765857600,0.11342,0.11494,0.11178,0.11341,2945955.733687
1765872000,0.11337,0.11612,0.11337,0.1161,1103580.323187
1765886400,0.11607,0.11691,0.11376,0.1159,2947389.205623
1765900800,0.11595,0.11604,0.11358,0.11459,1235097.576488
1765915200,0.11457,0.11479,0.11385,0.1146,1335841.544169
1765929600,0.11452,0.11502,0.11368,0.11375,546987.24149
1765944000,0.11379,0.11389,0.11246,0.1126,723747.817142
1765958400,0.11254,0.11258,0.11142,0.11248,838979.76456
1765972800,0.11245,0.11743,0.11217,0.11254,3902259.64963
1765987200,0.11252,0.11323,0.10845,0.10964,4549608.05132
1766001600,0.1097,0.11048,0.10892,0.10995,2727686.769987
1766016000,0.10995,0.11134,0.10925,0.10947,2594947.556814
1766030400,0.1094,0.10979,0.10793,0.1086,1415035.627092
1766044800,0.10873,0.10985,0.10862,0.10958,932893.709601
1766059200,0.10965,0.11426,0.1092,0.11174,4372266.410249
1766073600,0.11179,0.11201,0.10406,0.1042,9453866.777682
1766088000,0.10424,0.10669,0.10418,0.10484,3197249.208615
1766102400,0.10496,0.1086,0.10298,0.10762,5277276.350846
1766116800,0.10765,0.10998,0.10607,0.10881,5535989.488217
1766131200,0.10887,0.10989,0.10879,0.10967,2003904.64614
1766145600,0.10961,0.11286,0.10911,0.11093,3419091.085177
1766160000,0.11096,0.11311,0.11027,0.11239,2870542.449716
1766174400,0.11238,0.11371,0.11175,0.11202,1464880.767615
1766188800,0.11195,0.11201,0.11088,0.11111,791717.299323
1766203200,0.11108,0.11167,0.11077,0.11167,1271772.473586
1766217600,0.11169,0.11347,0.11169,0.11308,1078522.251188
1766232000,0.11305,0.11407,0.11228,0.11281,2857493.294262
1766246400,0.11285,0.1133,0.11243,0.11283,588933.144547
1766260800,0.11268,0.11474,0.11262,0.11376,606182.428822
1766275200,0.11377,0.11382,0.1118,0.1122,1098743.155827
1766289600,0.11219,0.11237,0.11183,0.11228,261457.960711
1766304000,0.11227,0.11396,0.11209,0.11255,1262099.345087
1766318400,0.11252,0.11298,0.10932,0.11041,2822504.380482
1766332800,0.11035,0.11173,0.1102,0.11156,1699128.783657
1766347200,0.11153,0.1126,0.11028,0.11198,1480205.642589
1766361600,0.11199,0.11437,0.11051,0.11201,2101385.364969
1766376000,0.11208,0.11328,0.11198,0.11304,393980.60383
1766390400,0.11305,0.11406,0.11259,0.11341,1121276.489956
1766404800,0.11337,0.11552,0.1133,0.11531,3764525.721216
1766419200,0.11533,0.11689,0.11287,0.11324,2687605.317473
1766433600,0.11319,0.11447,0.11236,0.11411,1064512.165235
1766448000,0.11412,0.11479,0.11202,0.11262,902746.684018
1766462400,0.11252,0.11279,0.11088,0.11105,2270739.337836
1766476800,0.11111,0.11285,0.11051,0.11284,936616.939421
1766491200,0.11284,0.11284,0.10913,0.11001,2333581.569818
1766505600,0.11001,0.11153,0.1093,0.11023,1485828.748797
1766520000,0.11022,0.11148,0.10976,0.11043,593675.930665
1766534400,0.11047,0.11126,0.10894,0.1107,728687.343787
1766548800,0.11074,0.11106,0.10862,0.10875,481162.747324
1766563200,0.10872,0.10958,0.10842,0.10925,3931119.301689
1766577600,0.10926,0.11011,0.10822,0.11001,1146250.920523
1766592000,0.10998,0.11063,0.1086,0.10919,980661.736983
1766606400,0.10919,0.11026,0.10919,0.10932,657958.122325
1766620800,0.10929,0.11088,0.10881,0.11061,2854352.791598
1766635200,0.11059,0.1124,0.11035,0.11224,1059449.773156
1766649600,0.11228,0.11305,0.11014,0.11057,1911183.991561
1766664000,0.11041,0.11254,0.11039,0.11209,1048942.557051
1766678400,0.11218,0.11245,0.11076,0.11244,1210584.418184
1766692800,0.11244,0.11246,0.10844,0.1089,1426069.69886
1766707200,0.10886,0.11356,0.1084,0.11248,2135868.270482
1766721600,0.11252,0.11398,0.11157,0.11299,619971.741466
1766736000,0.11301,0.11725,0.1128,0.11477,5304096.655492
1766750400,0.11467,0.11488,0.11075,0.11104,1688488.810531
1766764800,0.11108,0.11216,0.11049,0.11204,998721.950595
1766779200,0.11206,0.11287,0.11147,0.11171,366600.499016
1766793600,0.11168,0.11286,0.11115,0.11285,1063607.058175
1766808000,0.11284,0.11289,0.11179,0.11195,875751.693627
1766822400,0.11195,0.1133,0.11159,0.11318,575464.858526
1766836800,0.11327,0.11355,0.112,0.11269,724028.525186
1766851200,0.11286,0.114,0.11253,0.114,807182.414311
1766865600,0.114,0.11581,0.114,0.11529,2288873.235297
1766880000,0.11528,0.11607,0.1147,0.11593,1026356.481038
1766894400,0.11584,0.11655,0.11529,0.11606,1208169.957068
1766908800,0.11608,0.11671,0.11558,0.11624,1067594.143577
1766923200,0.11625,0.11638,0.11546,0.11578,623550.153877
1766937600,0.11576,0.11639,0.11395,0.11428,1763087.206338
1766952000,0.11423,0.11564,0.11358,0.11549,1037489.409683
1766966400,0.1155,0.11868,0.11534,0.11845,2899415.651104
1766980800,0.11857,0.11903,0.11609,0.11676,1267415.218779
1766995200,0.1168,0.11716,0.11448,0.11454,1252434.140001
1767009600,0.11447,0.11541,0.11267,0.11491,4597680.047663
1767024000,0.11494,0.11531,0.11292,0.11304,1678890.774815
1767038400,0.11301,0.11389,0.11263,0.11286,1663908.846058
1767052800,0.1128,0.11327,0.11142,0.11211,542431.433892
1767067200,0.11209,0.11278,0.11173,0.11215,263588.283127
1767081600,0.11215,0.11344,0.11183,0.11205,725421.866191
1767096000,0.11204,0.1129,0.11126,0.11271,1285323.420987
1767110400,0.11275,0.11346,0.11044,0.11084,1642949.949168
1767124800,0.11084,0.11219,0.11029,0.11175,1468968.291011
1767139200,0.11166,0.11189,0.11069,0.11126,1963676.914167
1767153600,0.11129,0.11171,0.11112,0.11171,616536.782397
1767168000,0.1117,0.11201,0.10877,0.10987,4752091.297396
1767182400,0.10984,0.11044,0.10914,0.10934,2663695.345918
1767196800,0.10935,0.10938,0.10617,0.10641,2237545.520641
1767211200,0.1064,0.10742,0.10583,0.10633,1382619.796101
1767225600,0.1064,0.10767,0.1064,0.10728,1504366.739314
1767240000,0.10729,0.11038,0.10721,0.10767,4407649.695662
1767254400,0.10764,0.10848,0.10748,0.10808,1025251.8681
1767268800,0.10809,0.11084,0.10762,0.11002,800393.532076
1767283200,0.11018,0.11365,0.10991,0.11364,1584507.512242
1767297600,0.11367,0.11446,0.11199,0.1144,3012996.432456
1767312000,0.11439,0.11609,0.11312,0.11594,3083748.180819
1767326400,0.11607,0.11692,0.11504,0.11527,2268399.126033
1767340800,0.11535,0.11968,0.11519,0.11866,4323622.374275
1767355200,0.11873,0.12061,0.11818,0.11922,4067924.482614
1767369600,0.1192,0.12133,0.11864,0.11982,7638805.84418
1767384000,0.11988,0.12251,0.11988,0.12165,5164098.857201
1767398400,0.12173,0.12233,0.12059,0.12171,6845988.474764
1767412800,0.12178,0.12188,0.1172,0.11766,3603599.378044
1767427200,0.11759,0.11877,0.11742,0.11822,1528206.852731
1767441600,0.11821,0.1201,0.11808,0.11942,1540374.879419
1767456000,0.11941,0.12079,0.11924,0.1198,1840363.400843
1767470400,0.11989,0.1212,0.11934,0.12086,1892390.036299
1767484800,0.12084,0.12208,0.12025,0.122,6181150.954254
1767499200,0.12199,0.12398,0.12181,0.12303,2669314.576379
1767513600,0.12306,0.1257,0.12212,0.12517,2793878.739084
1767528000,0.12523,0.12657,0.12437,0.12574,5831592.354646
1767542400,0.12569,0.12892,0.12448,0.12577,3103293.555754
1767556800,0.12576,0.12633,0.12458,0.12556,1350590.785878
1767571200,0.1254,0.12993,0.12502,0.12751,4385203.416127
1767585600,0.12757,0.12775,0.12413,0.12609,2377251.324366
1767600000,0.12601,0.12691,0.12468,0.12512,1549953.102406
1767614400,0.12514,0.12745,0.12366,0.12686,2555757.226906
1767628800,0.12694,0.1299,0.12481,0.12841,3136333.483245
1767643200,0.12844,0.13261,0.12833,0.13171,4084697.474133
1767657600,0.13174,0.13365,0.12984,0.13216,2677814.435963
1767672000,0.13217,0.13291,0.12774,0.12824,4273093.709508
1767686400,0.12826,0.13155,0.12795,0.13135,3353353.68586
1767700800,0.13137,0.13497,0.1305,0.13126,5616230.382036
1767715200,0.13126,0.13151,0.12424,0.12597,7674372.538761
1767729600,0.12604,0.13004,0.12604,0.12896,4058687.27372
1767744000,0.129,0.12902,0.12539,0.127,3303247.756801
1767758400,0.12702,0.12852,0.12619,0.12852,1838430.962862
1767772800,0.12854,0.12966,0.12585,0.12687,2434148.301264
1767787200,0.12689,0.1269,0.12265,0.12301,5036009.625443
1767801600,0.123,0.12433,0.12236,0.12318,3259542.669604
1767816000,0.12318,0.12402,0.1223,0.12367,1838849.284248
1767830400,0.12368,0.12429,0.12226,0.12252,1787786.091134
1767844800,0.12249,0.1241,0.12048,0.12252,2257332.855982
1767859200,0.12252,0.12333,0.11913,0.12019,7049608.907402
1767873600,0.12016,0.12177,0.11789,0.12167,5165636.976805
1767888000,0.12166,0.12256,0.12003,0.12056,4650455.589784
1767902400,0.12056,0.12213,0.11941,0.12052,1222119.020888
1767916800,0.12053,0.12118,0.11908,0.12024,3493931.393137
1767931200,0.12024,0.12052,0.11841,0.12019,4415272.005039
1767945600,0.12021,0.12039,0.11812,0.11922,1705514.3205
1767960000,0.11922,0.1231,0.11817,0.12168,7258577.35413
1767974400,0.12169,0.12349,0.1182,0.11878,4304864.713595
1767988800,0.11856,0.12096,0.11842,0.12033,1491544.252894
1768003200,0.12033,0.12047,0.11904,0.11958,802948.105088
1768017600,0.11955,0.12005,0.11828,0.11976,2256981.128444
1768032000,0.11971,0.12058,0.11903,0.12052,1627657.531327
1768046400,0.12057,0.12097,0.11921,0.11928,1626905.231738
1768060800,0.11923,0.11928,0.11802,0.11896,1567908.368408
1768075200,0.11897,0.11911,0.11723,0.1178,1569281.141918
1768089600,0.11781,0.11781,0.11677,0.11735,1340200.995666
1768104000,0.11727,0.11845,0.11692,0.11815,2874034.01871
1768118400,0.11816,0.11858,0.11767,0.11791,1833160.131791
1768132800,0.11793,0.11892,0.11643,0.11687,3354418.153767
1768147200,0.11687,0.11918,0.11664,0.11766,2270103.998295
1768161600,0.11764,0.11786,0.11572,0.11734,3929981.092943
1768176000,0.11729,0.12038,0.11599,0.11846,3502752.07692
1768190400,0.11847,0.11979,0.11666,0.11683,1511960.266235
1768204800,0.11671,0.11738,0.11467,0.11524,2750290.035222
1768219200,0.11525,0.11734,0.11357,0.11734,2997544.584722
1768233600,0.11733,0.11829,0.11507,0.11687,3847490.258348
1768248000,0.11685,0.11714,0.11422,0.11504,4568030.444849
1768262400,0.11502,0.11593,0.1146,0.11522,2639034.61911
1768276800,0.11522,0.11725,0.11508,0.11593,2363539.27414
1768291200,0.11591,0.11698,0.11564,0.11633,1829303.625746
1768305600,0.11619,0.11979,0.11581,0.11976,3486035.137362
1768320000,0.11981,0.12151,0.11888,0.12042,5490802.785638
1768334400,0.12035,0.12407,0.11892,0.12226,5345607.457182
1768348800,0.1223,0.12648,0.12189,0.12646,4333100.826429
1768363200,0.12643,0.12897,0.12525,0.1254,10059442.053045
1768377600,0.12541,0.12601,0.12266,0.12282,6097975.069235
1768392000,0.12282,0.12686,0.12261,0.12601,6844860.08825
1768406400,0.12603,0.12743,0.12207,0.123,9873533.780389
1768420800,0.12299,0.1242,0.12253,0.1234,3514039.981672
1768435200,0.12341,0.12351,0.11919,0.11938,2283004.028925
1768449600,0.11937,0.12154,0.11921,0.12112,1473024.343185
1768464000,0.12113,0.12229,0.12056,0.12084,1065990.509227
1768478400,0.12086,0.12274,0.11856,0.12053,3300758.838526
1768492800,0.1205,0.12162,0.11737,0.11793,4508310.396909
1768507200,0.11789,0.1182,0.11621,0.11781,2797606.09738
1768521600,0.1178,0.11907,0.11716,0.11746,2912868.485285
1768536000,0.11746,0.11812,0.11681,0.11765,1858681.530506
1768550400,0.11767,0.1183,0.11665,0.11701,1909367.427477
1768564800,0.11699,0.11713,0.11446,0.11508,2624999.28981
1768579200,0.11507,0.11697,0.11483,0.11679,2114839.040363
1768593600,0.11676,0.11984,0.11624,0.11864,3895614.457466
1768608000,0.11864,0.11952,0.11783,0.11815,1159925.909567
1768622400,0.11808,0.1188,0.11779,0.11839,1000640.591379
1768636800,0.11837,0.11956,0.11786,0.11791,1717628.528387
1768651200,0.11788,0.12016,0.11785,0.12003,1798736.692429
1768665600,0.12004,0.12087,0.11855,0.12015,2203946.518875
1768680000,0.12018,0.12064,0.11842,0.11893,1156774.088661
1768694400,0.11886,0.11937,0.11733,0.11773,1515499.265677
1768708800,0.1177,0.1177,0.11686,0.11718,563582.847568
1768723200,0.11715,0.11776,0.11695,0.11699,475201.363643
1768737600,0.117,0.11753,0.11597,0.1167,1953275.210694
1768752000,0.11669,0.1179,0.11613,0.11672,1266664.547514
1768766400,0.11664,0.11756,0.11164,0.11175,2929556.814063
1768780800,0.11168,0.11168,0.10278,0.10955,19427965.062192
1768795200,0.10955,0.10963,0.10864,0.10937,1947255.838207
1768809600,0.10937,0.11101,0.10905,0.10936,4292687.135371
1768824000,0.10931,0.11043,0.10872,0.10962,1456236.503593
1768838400,0.10957,0.11253,0.10953,0.11195,2631257.805104
1768852800,0.11199,0.11228,0.10998,0.11092,2355306.965772
1768867200,0.11092,0.11135,0.11006,0.11027,2016305.513154
1768881600,0.11023,0.11088,0.1083,0.1083,3532043.397876
1768896000,0.10828,0.1084,0.10687,0.10786,2356267.536611
1768910400,0.10787,0.10857,0.10623,0.10701,4947493.144166
1768924800,0.10701,0.10742,0.10495,0.10544,2500679.380624
1768939200,0.10539,0.10706,0.10387,0.10564,5517178.067211
1768953600,0.10565,0.10935,0.10557,0.10806,4413024.862995
1768968000,0.10803,0.11139,0.10786,0.11025,4172018.611338
1768982400,0.11021,0.11068,0.10836,0.10844,1711767.568008
1768996800,0.10837,0.11084,0.10661,0.11067,4776480.888515
1769011200,0.11066,0.1114,0.10538,0.11128,7812490.081375
1769025600,0.11144,0.11158,0.109,0.10928,2015332.718502
1769040000,0.10929,0.11115,0.10929,0.11008,1390200.753366
1769054400,0.11007,0.11085,0.10976,0.11022,900376.680994
1769068800,0.11021,0.11133,0.10896,0.10905,1326351.035952
1769083200,0.10905,0.10976,0.10687,0.10802,1771456.505278
1769097600,0.10803,0.10914,0.10757,0.10849,1842262.624304
1769112000,0.10847,0.10886,0.10774,0.10819,1602379.543515
1769126400,0.10826,0.1098,0.10818,0.10962,3294821.05801
1769140800,0.10964,0.11048,0.10895,0.1092,1966566.258669
1769155200,0.10917,0.10979,0.10814,0.10925,1042614.196206
1769169600,0.10927,0.11025,0.10765,0.11004,1866572.958333
1769184000,0.11011,0.11265,0.10968,0.11022,2661546.168517
1769198400,0.11023,0.11044,0.10879,0.10949,701969.901515
1769212800,0.10946,0.10996,0.10893,0.10937,665509.642408
1769227200,0.10934,0.10946,0.10838,0.10838,491066.542357
1769241600,0.10828,0.10849,0.10793,0.10795,512244.308791
1769256000,0.10795,0.10837,0.10754,0.10784,913940.760778
1769270400,0.10782,0.10874,0.10751,0.10797,575354.207886
1769284800,0.108,0.109,0.108,0.10848,733613.004345
1769299200,0.10849,0.10872,0.10724,0.10744,654331.355574
1769313600,0.10743,0.10764,0.10639,0.10661,651878.316028
1769328000,0.10664,0.10772,0.10602,0.10711,4302493.278991
1769342400,0.10713,0.10718,0.1057,0.10596,2286154.410893
1769356800,0.10599,0.10599,0.10194,0.10201,5636355.930841
1769371200,0.10203,0.10343,0.10107,0.10325,2764202.221122
1769385600,0.10328,0.10622,0.10312,0.10503,1690570.311241
1769400000,0.10506,0.1064,0.10505,0.10604,843282.000758
1769414400,0.10605,0.10682,0.10529,0.10607,2238152.118091
1769428800,0.1061,0.108,0.1057,0.10659,2471496.915959
1769443200,0.10672,0.10743,0.10603,0.10649,2920253.114819
1769457600,0.10646,0.1073,0.1059,0.10665,1350523.125612
1769472000,0.10665,0.10757,0.10629,0.1071,853183.725502
1769486400,0.1071,0.10764,0.1062,0.10641,605785.944386
1769500800,0.1064,0.10662,0.10581,0.10603,1429605.562304
1769515200,0.10587,0.10664,0.1052,0.10655,793516.239737
1769529600,0.10657,0.10786,0.10467,0.10631,2224872.047281
1769544000,0.10629,0.10866,0.10625,0.10818,2212979.683527
1769558400,0.10819,0.10841,0.1073,0.10737,536241.606466
1769572800,0.10732,0.10815,0.10669,0.1075,604151.297598
1769587200,0.10754,0.10904,0.10717,0.10904,836617.999424
1769601600,0.10899,0.10909,0.10675,0.10681,1460043.085447
1769616000,0.1068,0.10792,0.10617,0.10728,1012993.019966
1769630400,0.10715,0.10808,0.10624,0.10709,2129801.813954
1769644800,0.10713,0.10739,0.10432,0.10454,1936871.867847
1769659200,0.1045,0.1047,0.10409,0.10459,790496.256654
1769673600,0.1046,0.10483,0.10342,0.10346,2615644.87836
1769688000,0.10348,0.10433,0.09888,0.10062,5448500.323311
1769702400,0.10061,0.10286,0.09871,0.09993,5901216.189294
1769716800,0.09993,0.10145,0.0998,0.10114,1356186.630479
1769731200,0.10119,0.10162,0.09755,0.09921,6897185.415551
1769745600,0.09921,0.10055,0.09714,0.09898,4794938.627922
1769760000,0.09884,0.10015,0.09795,0.09979,1281821.088617
1769774400,0.09984,0.10081,0.09834,0.1008,4424029.451669
1769788800,0.10078,0.10082,0.09673,0.09999,4850865.85771
1769803200,0.09993,0.09996,0.09806,0.09871,2978991.86001
1769817600,0.09879,0.09879,0.09783,0.09843,1330275.19073
1769832000,0.09845,0.09871,0.09644,0.097,1622599.976239
1769846400,0.09704,0.09729,0.09481,0.09494,4300463.466252
1769860800,0.09492,0.09518,0.08907,0.09116,15613966.666727
1769875200,0.09118,0.09315,0.08391,0.08933,23121259.383624
1769889600,0.08936,0.09408,0.08884,0.09298,4526725.137288
1769904000,0.09296,0.09348,0.09181,0.09275,2694304.605091
1769918400,0.09284,0.09333,0.09135,0.09191,1932255.012715
1769932800,0.09199,0.09255,0.09053,0.0913,1425555.725204
1769947200,0.09136,0.09155,0.08823,0.0892,2852437.194047
1769961600,0.08918,0.0905,0.08819,0.08893,2434121.872287
1769976000,0.08909,0.09034,0.08692,0.0885,5006876.351549
1769990400,0.0886,0.09057,0.08613,0.08902,4728850.173923
1770004800,0.08901,0.09032,0.0869,0.08929,4102886.726857
1770019200,0.08916,0.09178,0.08916,0.09108,2646673.752749
1770033600,0.09112,0.09585,0.09112,0.0954,6997600.84369
1770048000,0.09553,0.09562,0.09288,0.09333,3953157.024317
1770062400,0.09333,0.09407,0.093,0.09319,1960379.839263
1770076800,0.09323,0.09338,0.09113,0.0925,2050683.67205
1770091200,0.09249,0.09283,0.09127,0.09176,676288.519003
1770105600,0.0918,0.09214,0.09034,0.09097,1528153.379648
1770120000,0.09097,0.09212,0.09004,0.09187,2298937.441123
1770134400,0.09176,0.09178,0.08746,0.09157,7957750.742545
1770148800,0.09147,0.09452,0.09016,0.0907,7805869.612269
1770163200,0.09071,0.09193,0.09021,0.09145,1490942.673131
1770177600,0.09127,0.09204,0.0908,0.09182,750674.974957
1770192000,0.09185,0.0936,0.09159,0.09277,2844409.547348
1770206400,0.09287,0.09313,0.08916,0.08985,12301473.715803
1770220800,0.08984,0.09228,0.08833,0.09215,10186962.051146
1770235200,0.09221,0.09238,0.08869,0.08945,5398486.426716
1770249600,0.08946,0.09017,0.08751,0.0878,5539655.286228
1770264000,0.08784,0.08908,0.08665,0.08751,4656679.193937
1770278400,0.08771,0.0892,0.08475,0.08557,5466114.996519
1770292800,0.08564,0.08609,0.08018,0.08261,16247050.723334
1770307200,0.08271,0.0834,0.07935,0.07941,10288950.06498
1770321600,0.07948,0.08062,0.07591,0.07812,11328340.997969
1770336000,0.07818,0.08262,0.07216,0.08021,23810986.629732
1770350400,0.08023,0.08362,0.07966,0.08235,7906177.110786
1770364800,0.0824,0.08638,0.0816,0.08557,9663484.361958
1770379200,0.08554,0.09175,0.08433,0.09059,18698788.838029
1770393600,0.09057,0.09821,0.09035,0.09276,11539471.875762
1770408000,0.09278,0.09286,0.09011,0.09128,3935280.595771
1770422400,0.09122,0.09126,0.08932,0.0909,2391974.378095
1770436800,0.0909,0.09171,0.0886,0.08875,4671155.447337
1770451200,0.08866,0.08919,0.08671,0.08703,1850459.66814
1770465600,0.08703,0.08945,0.08689,0.08911,2917247.339377
1770480000,0.08915,0.09059,0.08833,0.08944,19297320.393276
1770494400,0.08955,0.09092,0.08932,0.09004,3012128.387052
1770508800,0.09009,0.09038,0.08924,0.08931,543959.115521
1770523200,0.0893,0.08982,0.08887,0.08971,1389009.540793
1770537600,0.08969,0.09459,0.08962,0.09457,4384587.051832
1770552000,0.09455,0.09606,0.09252,0.09269,6886387.92198
1770566400,0.09271,0.09312,0.09057,0.09251,3556091.652546
1770580800,0.09259,0.09383,0.09063,0.09125,1523179.337905
1770595200,0.09126,0.09257,0.09038,0.0925,1738155.109946
1770609600,0.09238,0.09256,0.09112,0.09122,1450335.701548
1770624000,0.09118,0.09194,0.08786,0.08881,4516156.055375
1770638400,0.08885,0.09183,0.08882,0.09166,4152182.878656
1770652800,0.09176,0.09311,0.09103,0.09278,3425110.517232
1770667200,0.09278,0.09391,0.09201,0.09206,2429434.058974
1770681600,0.0922,0.0931,0.09185,0.09201,1620397.686132
1770696000,0.092,0.09328,0.09022,0.09136,2937769.388572
1770710400,0.09144,0.09146,0.0901,0.09024,1652804.623583
1770724800,0.09032,0.09175,0.0897,0.09144,2915122.443837
1770739200,0.09147,0.09168,0.08942,0.0902,882618.16766
1770753600,0.09013,0.0908,0.08969,0.09069,809369.625452
1770768000,0.0908,0.09124,0.08972,0.09004,847085.917343
1770782400,0.08999,0.09004,0.08812,0.08847,1916485.385077
1770796800,0.08845,0.08919,0.08786,0.08911,843091.044635
1770811200,0.08909,0.0911,0.08723,0.08789,4615912.245993
1770825600,0.0879,0.08958,0.08718,0.08907,1664063.454217
1770840000,0.08908,0.09003,0.0884,0.08911,1654911.309972
1770854400,0.08916,0.09077,0.08916,0.09065,1039230.77178
1770868800,0.09058,0.09352,0.0901,0.09352,3004733.255868
1770883200,0.09346,0.09665,0.09312,0.09525,6131851.914447
1770897600,0.09527,0.09594,0.09272,0.09284,4351398.051497
1770912000,0.09293,0.09314,0.08992,0.09082,4341969.500469
1770926400,0.09079,0.09378,0.09016,0.09322,1894121.300933
1770940800,0.09319,0.09375,0.09215,0.09266,1890157.375458
1770955200,0.09267,0.0928,0.09154,0.09258,1294126.597423
1770969600,0.09262,0.094,0.09254,0.09328,1163540.242848
1770984000,0.09317,0.09627,0.09279,0.09504,4721656.051349
1770998400,0.09502,0.09705,0.09457,0.09615,4262516.672974
1771012800,0.09616,0.09898,0.09598,0.09885,2654330.826776
1771027200,0.09887,0.1078,0.09884,0.10223,17046593.931726
1771041600,0.10226,0.1026,0.10055,0.10218,3856774.139297
1771056000,0.10214,0.10448,0.10184,0.10376,5026445.684011
1771070400,0.10377,0.10446,0.10158,0.10261,4026617.989774
1771084800,0.10263,0.10539,0.10189,0.10534,2664040.485008
1771099200,0.10542,0.10572,0.10323,0.10388,2022854.381949
1771113600,0.10387,0.10504,0.10223,0.10396,2512181.207279
1771128000,0.10395,0.10639,0.10374,0.10594,3585098.204665
1771142400,0.10596,0.1066,0.10197,0.10251,3595385.810427
1771156800,0.10251,0.10263,0.10001,0.10036,2515761.37765
1771171200,0.1003,0.10032,0.09801,0.0988,5296071.209023
1771185600,0.09877,0.10062,0.0983,0.10033,2180487.019139
1771200000,0.10035,0.10182,0.09977,0.10042,1259196.29584
1771214400,0.10043,0.10116,0.09935,0.09984,827179.607267
1771228800,0.09983,0.10209,0.09967,0.10053,1111173.716587
1771243200,0.1005,0.10273,0.09862,0.0995,2374958.956874
1771257600,0.09947,0.1007,0.09947,0.10069,1387787.788885
1771272000,0.10059,0.10221,0.10016,0.10171,911447.669348
1771286400,0.10168,0.10214,0.10094,0.1011,618141.824157
1771300800,0.10109,0.1013,0.1,0.10047,325440.022507
1771315200,0.10048,0.10065,0.09938,0.09984,589649.751105
1771329600,0.09981,0.10128,0.09925,0.1007,2480084.849928
1771344000,0.10075,0.10353,0.1003,0.10128,2529832.533364
1771358400,0.10129,0.10258,0.10069,0.10205,928687.614144
1771372800,0.10211,0.10267,0.10112,0.10168,747763.64732
1771387200,0.10168,0.1025,0.10134,0.10228,472647.481845
1771401600,0.10224,0.10253,0.1003,0.10075,1177818.398529
1771416000,0.1008,0.10232,0.09974,0.10128,3267069.800971
1771430400,0.10129,0.10134,0.09886,0.09908,3852834.305742
1771444800,0.09908,0.09963,0.09881,0.0991,1955882.268635
1771459200,0.09912,0.09967,0.09898,0.09942,973155.149242
1771473600,0.09941,0.09951,0.09835,0.09905,712371.43078
1771488000,0.09905,0.09913,0.09705,0.09717,1576308.025818
1771502400,0.09723,0.09791,0.09597,0.09745,2047442.590496
1771516800,0.0974,0.09827,0.09597,0.09782,2854144.003913
1771531200,0.09783,0.09833,0.09717,0.09759,899533.978976
1771545600,0.09764,0.09854,0.09752,0.09788,684608.079996
1771560000,0.09789,0.09876,0.097,0.0985,636557.057794
1771574400,0.09855,0.09957,0.09841,0.09858,1118516.312555
1771588800,0.09861,0.10078,0.09698,0.10076,3394230.77597
1771603200,0.10076,0.10145,0.09855,0.10018,3520243.416008
1771617600,0.1002,0.10056,0.09958,0.09975,1988093.379737
1771632000,0.09975,0.10045,0.09914,0.09959,923146.371223
1771646400,0.09964,0.10001,0.09882,0.09898,739136.786821
1771660800,0.09899,0.10053,0.09883,0.10032,717304.618899
1771675200,0.10039,0.10157,0.10005,0.10066,1770460.27152
1771689600,0.10064,0.10086,0.10002,0.1002,1119726.828659
1771704000,0.10017,0.10032,0.0995,0.09976,496486.104747
1771718400,0.09976,0.09981,0.09794,0.09869,694292.084409
1771732800,0.09868,0.09875,0.09805,0.09855,580178.60241
1771747200,0.09854,0.09878,0.09786,0.0984,625054.920024
1771761600,0.09842,0.09845,0.09655,0.09772,2526249.802699
1771776000,0.09771,0.09797,0.09706,0.09753,737205.792009
1771790400,0.09759,0.09833,0.09687,0.09825,649599.896047
1771804800,0.09825,0.0984,0.09331,0.09507,4805721.920003
1771819200,0.09507,0.09622,0.09431,0.09578,1334866.541304
1771833600,0.09576,0.09711,0.09458,0.09652,2102524.588846
1771848000,0.09663,0.0978,0.09499,0.09533,2626087.096594
1771862400,0.09532,0.09582,0.09343,0.09455,2873551.68344
1771876800,0.09449,0.0957,0.09409,0.09492,852918.097089
1771891200,0.09497,0.09601,0.09354,0.09398,2404425.819413
1771905600,0.09412,0.09424,0.09312,0.0934,1122027.071969
1771920000,0.09341,0.09402,0.09276,0.0934,562914.272828
1771934400,0.09341,0.09538,0.09276,0.09518,1691169.306767
1771948800,0.09533,0.09643,0.09489,0.09617,1094222.330734
1771963200,0.09617,0.09621,0.09471,0.09502,541173.806592
1771977600,0.09505,0.0988,0.09492,0.09759,2683080.675798
1771992000,0.0976,0.09768,0.09599,0.09689,2081529.782568
1772006400,0.09689,0.09843,0.09667,0.09828,1666179.536712
1772020800,0.09827,0.10191,0.09827,0.10138,4703268.089515
1772035200,0.10139,0.10442,0.10122,0.10424,8175000.975829
1772049600,0.10425,0.10694,0.10077,0.10187,6566330.843581
1772064000,0.10178,0.10238,0.10065,0.10137,1142773.830423
1772078400,0.10133,0.10292,0.10129,0.10156,1855451.153922
1772092800,0.10157,0.10356,0.10157,0.10207,1182941.805657
1772107200,0.10211,0.10397,0.10077,0.10171,4622581.173525
1772121600,0.10173,0.10183,0.09925,0.10156,4245541.332809
1772136000,0.10153,0.10313,0.1015,0.10261,1885914.378089
1772150400,0.10261,0.10334,0.10226,0.10328,1062850.083076
1772164800,0.10322,0.10508,0.10306,0.10442,3594149.773381
1772179200,0.10446,0.10519,0.09992,0.10045,2213663.823277
1772193600,0.10047,0.10126,0.09949,0.10046,4430010.083493
1772208000,0.10046,0.10078,0.09913,0.09944,3037206.148528
1772222400,0.09945,0.10082,0.09841,0.10041,2304371.281688
1772236800,0.10036,0.10097,0.0996,0.09968,1199752.0203
1772251200,0.09968,0.0999,0.09526,0.0964,4818806.421038
1772265600,0.0964,0.0964,0.09433,0.09459,2681675.034272
1772280000,0.09462,0.09799,0.0946,0.09668,5053132.396554
1772294400,0.09666,0.09965,0.09582,0.09855,3974854.938446
1772308800,0.09858,0.10145,0.09837,0.10023,5196318.493103
1772323200,0.1002,0.10336,0.09909,0.1015,5559536.058989
1772337600,0.10151,0.10178,0.1001,0.10057,1293548.181985
1772352000,0.10059,0.10092,0.09878,0.0991,1546052.668498
1772366400,0.09904,0.10022,0.09771,0.09955,2251137.898665
1772380800,0.09958,0.10008,0.09693,0.0973,3196313.950731
1772395200,0.09727,0.09858,0.09572,0.09696,2579609.468726
1772409600,0.09701,0.09932,0.09694,0.09895,1184599.190271
1772424000,0.09896,0.09925,0.0969,0.09752,817728.4128
1772438400,0.09753,0.09817,0.09676,0.09707,1833616.548724
1772452800,0.09712,0.10234,0.09642,0.10144,2653036.573205
1772467200,0.10144,0.10294,0.09926,0.09981,2363002.381176
1772481600,0.09982,0.10033,0.0979,0.09802,2751364.163003
1772496000,0.09808,0.09832,0.09635,0.09688,2000701.772717
1772510400,0.09688,0.09738,0.09589,0.09638,1924969.141625
1772524800,0.09641,0.09666,0.09453,0.09574,2942035.917786
1772539200,0.09566,0.09663,0.09433,0.09573,3716521.968286
1772553600,0.09569,0.09798,0.09499,0.09679,4529460.744973
1772568000,0.09676,0.09776,0.0961,0.09695,1894858.433726
1772582400,0.09685,0.09904,0.09674,0.09807,1420993.360598
1772596800,0.09806,0.09943,0.09674,0.09942,1835111.24315
1772611200,0.09942,0.10211,0.09896,0.10059,5448990.112946
1772625600,0.10062,0.10351,0.09976,0.10344,5757716.82337
1772640000,0.10357,0.10415,0.10149,0.10256,4450649.675352
1772654400,0.10252,0.10252,0.10067,0.10121,1551966.733015
1772668800,0.1012,0.1013,0.10003,0.10087,1173590.134075
1772683200,0.10088,0.10148,0.09985,0.10035,1634898.966597
1772697600,0.1004,0.10166,0.10004,0.1009,4215881.229551
1772712000,0.10091,0.10126,0.09938,0.09949,2964508.508371
1772726400,0.09955,0.10003,0.09815,0.09953,2113247.354729
1772740800,0.09954,0.10056,0.09936,0.09961,867932.495125
1772755200,0.09961,0.10088,0.09936,0.10079,1065002.856587
1772769600,0.1007,0.10091,0.09937,0.10004,959780.8444
1772784000,0.1,0.10001,0.09873,0.09883,736480.106849
1772798400,0.09885,0.09935,0.09655,0.09685,4402020.296341
1772812800,0.09684,0.09751,0.09619,0.09717,1825784.67835
1772827200,0.09713,0.09762,0.09672,0.09751,914574.241953
1772841600,0.09758,0.09802,0.09687,0.0969,1670593.433536
1772856000,0.0969,0.09714,0.09617,0.09649,2054692.10797
1772870400,0.09648,0.09682,0.09618,0.09649,473837.476456
1772884800,0.09651,0.09656,0.09576,0.09605,1205657.938045
1772899200,0.09601,0.09665,0.0954,0.09557,885148.691816
1772913600,0.0956,0.09604,0.09519,0.09577,964102.594236
1772928000,0.09579,0.09586,0.09446,0.09465,784476.808944
1772942400,0.09462,0.09517,0.0939,0.09502,1018744.672307
1772956800,0.09504,0.09671,0.09476,0.09533,1460272.605781
1772971200,0.09536,0.09567,0.09446,0.0946,861577.785952
1772985600,0.09463,0.09537,0.094,0.0951,1175770.371856
1773000000,0.09512,0.0955,0.09298,0.09387,1961524.448624
1773014400,0.09394,0.09632,0.0938,0.09542,1918326.857591
1773028800,0.09542,0.09664,0.09444,0.0952,911747.833521
1773043200,0.09531,0.0961,0.09406,0.09451,1136670.648108
1773057600,0.09451,0.09627,0.09451,0.09463,2645588.397697
1773072000,0.09464,0.09577,0.09381,0.09456,2943474.975569
1773086400,0.09457,0.09505,0.09419,0.09435,1841284.505891
1773100800,0.09433,0.09645,0.09424,0.09513,1344722.439935
1773115200,0.09519,0.096,0.09485,0.09519,617608.348094
1773129600,0.09521,0.0971,0.09512,0.09639,1924290.250218
1773144000,0.09638,0.09895,0.09531,0.09822,3515431.523197
1773158400,0.09822,0.09891,0.09566,0.09599,3290147.154401
1773172800,0.096,0.09633,0.09476,0.09513,1971968.414757
1773187200,0.09517,0.09544,0.09422,0.09441,1868975.81535
1773201600,0.09441,0.09443,0.09424,0.09432,99690.360782
