timestamp,open,high,low,close,volume
1640995200,19.521,20.211,19.514,19.761,346474.992006
1641009600,19.762,19.997,19.555,19.805,342555.971604
1641024000,19.798,19.94,19.544,19.612,273307.167984
1641038400,19.617,20.111,19.616,20.043,231509.975943
1641052800,20.037,20.39,19.976,20.215,297381.897154
1641067200,20.217,20.79,20.207,20.76,281884.791154
1641081600,20.754,21.298,20.571,21.035,435880.459627
1641096000,21.038,21.148,20.638,20.751,324064.79751
1641110400,20.754,21.163,20.705,21.067,255726.593683
1641124800,21.067,21.447,20.908,21.412,389563.523984
1641139200,21.414,22.204,21.414,21.993,705186.159306
1641153600,21.994,22.092,21.672,21.868,309247.709371
1641168000,21.86,21.927,21.254,21.365,402872.571534
1641182400,21.369,21.708,21.295,21.675,256820.254424
1641196800,21.674,22.713,21.674,22.461,559431.675239
1641211200,22.465,23.238,22.253,22.659,780194.983975
1641225600,22.653,23.393,22.083,22.88,899769.305893
1641240000,22.88,23.754,22.373,23.698,854336.127727
1641254400,23.712,23.892,22.812,23.074,759236.73787
1641268800,23.058,23.558,22.797,23.558,565403.151416
1641283200,23.56,24.169,23.363,24.06,717349.799233
1641297600,24.06,24.189,23.646,23.719,742677.596952
1641312000,23.727,24.479,23.259,23.664,1166865.987422
1641326400,23.663,24.411,23.426,23.428,658558.111022
1641340800,23.427,25.708,23.304,25.594,1196990.307256
1641355200,25.596,26.062,25.307,25.513,760883.357355
1641369600,25.52,26.081,25.311,25.579,737964.161973
1641384000,25.57,27.2,25.255,27.103,1359947.308887
1641398400,27.105,27.471,25.217,25.28,1652130.303154
1641412800,25.28,26.08,22.34,25.233,2459869.865047
1641427200,25.234,25.654,23.376,23.515,1815720.931427
1641441600,23.515,24.953,23.331,24.775,1379415.438666
1641456000,24.763,24.808,23.686,24.114,1120384.621826
1641470400,24.107,24.557,23.584,24.059,1092426.44787
1641484800,24.06,25.967,23.874,25.786,996570.909374
1641499200,25.783,25.972,24.733,25.393,727834.644489
1641513600,25.389,25.477,23.087,23.505,1130975.504123
1641528000,23.514,24.095,22.652,23.488,1489337.015549
1641542400,23.487,25.652,23.403,25.351,1279555.181867
1641556800,25.345,25.85,23.97,25.166,2277800.937855
1641571200,25.163,27.321,24.478,26.561,1880385.996269
1641585600,26.562,26.961,25.589,25.98,935244.225606
1641600000,25.986,27.126,25.744,26.433,1049177.790388
1641614400,26.442,27.324,26.317,26.645,774781.291053
1641628800,26.648,26.908,25.614,25.905,783947.772193
1641643200,25.897,26.212,24.795,25.084,1076083.297982
1641657600,25.085,25.152,23.548,24.054,1447706.150338
1641672000,24.045,26.367,23.899,25.322,1281113.412001
1641686400,25.324,27.329,25.099,26.925,1393249.022619
1641700800,26.907,27.667,26.819,26.902,943404.957576
1641715200,26.907,27.341,26.056,27.049,1165947.103827
1641729600,27.039,27.506,26.336,27.159,1097924.576196
1641744000,27.148,28.67,26.991,27.869,1414499.914787
1641758400,27.9,28.464,27.084,27.528,1053379.789247
1641772800,27.536,28.407,27.335,27.639,1119244.396688
1641787200,27.629,28.518,27.592,28.264,743691.982729
1641801600,28.272,28.331,26.496,26.628,989129.983285
1641816000,26.636,27.077,25.091,26.502,2128010.020954
1641830400,26.495,27.902,26.311,26.9,1590877.710976
1641844800,26.913,28.05,26.664,27.982,886783.52485
1641859200,27.987,28.704,27.539,28.184,1053569.304626
1641873600,28.186,28.291,27.426,27.624,665315.677469
1641888000,27.636,27.797,26.655,26.79,788787.438889
1641902400,26.783,27.269,25.861,26.222,1264109.47917
1641916800,26.25,27.301,26.23,26.608,1155493.065714
1641931200,26.611,27.175,26.248,26.609,607973.787877
1641945600,26.593,26.915,26.333,26.643,585573.100521
1641960000,26.646,26.741,25.6,25.913,705947.806895
1641974400,25.907,26.48,25.81,26.216,740837.494347
1641988800,26.215,27.24,26.142,26.474,1148570.962384
1642003200,26.489,26.81,26.139,26.776,658052.775089
1642017600,26.778,26.997,26.56,26.758,495715.75544
1642032000,26.757,26.761,26.002,26.083,499306.267197
1642046400,26.074,26.528,26.046,26.345,318130.2623
1642060800,26.342,26.532,25.755,25.825,422305.324892
1642075200,25.821,26.495,25.156,25.479,844537.731854
1642089600,25.47,25.563,24.44,24.677,867440.041662
1642104000,24.68,25.173,24.459,24.867,469093.566114
1642118400,24.862,25.312,24.68,25.157,461694.885474
1642132800,25.154,25.259,24.788,24.953,378546.994129
1642147200,24.953,24.988,23.916,24.242,608606.404866
1642161600,24.24,25.088,23.969,24.784,730567.339438
1642176000,24.784,24.963,24.572,24.889,355839.311752
1642190400,24.897,25.878,24.805,25.72,390585.555007
1642204800,25.721,26.203,25.268,25.923,466599.595576
1642219200,25.923,25.995,25.529,25.618,305233.309776
1642233600,25.615,25.988,25.357,25.7,318944.403592
1642248000,25.693,25.884,25.289,25.731,400129.220799
1642262400,25.735,26.063,25.38,25.67,287388.919926
1642276800,25.677,25.75,25.119,25.176,274443.031545
1642291200,25.176,25.262,24.659,24.922,297417.27061
1642305600,24.934,25.537,24.87,25.457,235177.475609
1642320000,25.463,26.146,25.321,25.838,488193.099796
1642334400,25.834,26.1,25.464,25.922,449845.459012
1642348800,25.937,26.34,25.572,25.627,365016.918748
1642363200,25.614,25.755,25.455,25.497,187951.949724
1642377600,25.509,25.616,24.847,24.847,394148.359449
1642392000,24.847,25.141,24.682,25.015,264799.645796
1642406400,25.019,25.084,24.58,24.685,288581.982375
1642420800,24.696,24.702,24.15,24.22,355087.714925
1642435200,24.215,24.329,23.591,23.798,511075.390859
1642449600,23.796,23.91,23.274,23.786,476595.505017
1642464000,23.791,24.334,23.617,23.691,385341.278795
1642478400,23.686,23.833,23.362,23.6,260895.605851
1642492800,23.596,23.601,22.738,23.234,434964.955418
1642507200,23.225,23.281,22.354,22.495,544771.309434
1642521600,22.5,22.705,22.054,22.382,438784.429541
1642536000,22.39,23.333,22.228,22.964,379707.453917
1642550400,22.965,23.141,22.156,22.338,460584.15237
1642564800,22.341,22.478,21.353,21.518,506331.315413
1642579200,21.509,22.118,21.222,22.097,511567.863376
1642593600,22.094,22.564,21.747,21.967,549227.349306
1642608000,21.967,22.273,21.686,21.902,438034.981034
1642622400,21.9,21.983,21.476,21.544,328935.206177
1642636800,21.543,21.837,21.322,21.808,385631.836512
1642651200,21.827,22.423,21.694,22.34,310704.463454
1642665600,22.346,22.483,21.996,22.334,252123.100719
1642680000,22.329,22.979,22.043,22.69,637308.576224
1642694400,22.69,22.834,22.145,22.283,425701.508969
1642708800,22.29,22.34,20.038,20.172,878908.87419
1642723200,20.172,20.509,19.026,19.171,1266973.495836
1642737600,19.164,19.612,19.13,19.558,578134.810672
1642752000,19.55,19.715,19.312,19.415,567902.711121
1642766400,19.423,19.762,18.388,19.534,1213544.467977
1642780800,19.533,19.758,18.796,18.811,667604.696798
1642795200,18.817,19.15,17.101,17.422,1883997.412253
1642809600,17.408,17.822,17.135,17.336,903374.710801
1642824000,17.332,17.425,15.159,15.4,1604873.00813
1642838400,15.398,15.899,14.26,15.598,2388484.3528
1642852800,15.603,16.45,15.248,15.293,1332426.419437
1642867200,15.299,16.059,15.073,15.288,1493947.325893
1642881600,15.304,16.328,15.163,15.868,1065129.646085
1642896000,15.859,16.351,15.379,15.687,763749.953519
1642910400,15.684,16.392,15.602,16.269,808036.486154
1642924800,16.269,16.899,16.044,16.144,918620.876896
1642939200,16.147,16.449,15.443,15.71,758222.534325
1642953600,15.724,15.934,15.165,15.239,706518.247832
1642968000,15.227,16.651,15.162,16.637,761389.7296
1642982400,16.636,16.641,15.682,16.03,558868.11573
1642996800,16.032,16.191,15.187,15.247,607137.287966
1643011200,15.257,15.553,13.786,13.98,1699468.655106
1643025600,13.977,14.618,13.487,14.544,1802683.874445
1643040000,14.547,15.353,14.109,15.164,1495723.654965
1643054400,15.155,15.95,15.124,15.58,813471.589462
1643068800,15.575,15.592,15.113,15.412,704446.055268
1643083200,15.402,15.443,14.599,14.973,675495.922008
1643097600,14.965,15.602,14.872,15.233,810498.147862
1643112000,15.239,15.69,14.872,15.301,1001772.658298
1643126400,15.3,16.031,15.281,15.735,799252.876631
1643140800,15.724,15.751,15.17,15.485,567425.864865
1643155200,15.5,15.645,15.2,15.575,601149.455842
1643169600,15.574,16.02,15.554,15.739,439415.30862
1643184000,15.738,16.141,15.738,16.09,498540.175536
1643198400,16.08,16.613,15.902,16.116,758677.415677
1643212800,16.109,16.8,15.463,15.906,1506893.33993
1643227200,15.907,15.907,14.687,15.235,960936.121523
1643241600,15.237,15.38,14.294,14.469,744128.189677
1643256000,14.472,15.112,14.418,14.897,598204.915717
1643270400,14.909,15.182,14.644,15.128,538420.221223
1643284800,15.124,15.715,15.103,15.347,710165.541359
1643299200,15.341,15.622,14.717,14.822,704781.433593
1643313600,14.828,15.29,14.432,15.22,818228.771465
1643328000,15.221,15.45,14.804,15.343,581017.411468
1643342400,15.361,15.53,15.047,15.077,390595.620174
1643356800,15.077,15.28,14.771,14.945,559524.818303
1643371200,14.944,15.614,14.744,15.554,735493.988846
1643385600,15.549,15.931,15.516,15.768,711073.699605
1643400000,15.766,16.281,15.671,16.147,454255.050427
1643414400,16.146,16.4,15.962,16.081,378455.031037
1643428800,16.094,16.464,16.014,16.364,328889.040671
1643443200,16.365,16.408,16.117,16.226,281338.397627
1643457600,16.227,16.664,16.05,16.202,499213.106221
1643472000,16.199,16.484,16.071,16.341,349753.339917
1643486400,16.337,16.75,16.108,16.229,464640.785231
1643500800,16.236,16.48,16.018,16.388,367847.318953
1643515200,16.388,17.699,16.388,17.625,840875.926476
1643529600,17.623,17.82,17.504,17.683,669311.156885
1643544000,17.684,17.695,17.157,17.267,508760.00123
1643558400,17.269,17.656,16.821,17.029,583248.780357
1643572800,17.028,18.107,16.866,17.761,834213.341984
1643587200,17.763,17.881,16.46,16.877,873774.578774
1643601600,16.877,16.969,16.524,16.965,419554.459541
1643616000,16.961,17.292,16.763,17.041,429763.009447
1643630400,17.035,17.648,16.608,17.507,753097.891347
1643644800,17.513,17.697,16.98,17.042,873886.063729
1643659200,17.043,17.34,16.924,17.155,365559.45677
1643673600,17.154,17.579,17.052,17.429,497682.237375
1643688000,17.428,17.569,17.118,17.431,352701.446536
1643702400,17.437,17.893,16.975,17.242,635522.7379
1643716800,17.243,17.498,16.93,17.172,624605.969427
1643731200,17.175,17.451,16.837,16.843,509131.258554
1643745600,16.837,17.141,16.83,16.989,322873.359042
1643760000,16.989,17.153,16.759,17.039,324785.598386
1643774400,17.034,17.35,16.969,16.975,299960.293256
1643788800,16.984,17.225,16.888,17.209,259997.261454
1643803200,17.211,17.377,16.183,16.344,647846.647425
1643817600,16.337,16.5,16.075,16.45,440380.372851
1643832000,16.455,16.476,15.557,15.783,568319.865765
1643846400,15.785,15.953,15.518,15.655,484205.934179
1643860800,15.657,15.853,15.559,15.813,255835.497657
1643875200,15.82,15.923,15.25,15.643,543637.176723
1643889600,15.647,15.992,15.306,15.949,648960.092715
1643904000,15.951,16.176,15.673,15.784,532302.973614
1643918400,15.782,16.323,15.637,16.306,483237.948171
1643932800,16.303,16.303,16.014,16.07,287346.550641
1643947200,16.07,16.533,16.042,16.317,453802.124497
1643961600,16.314,16.594,16.314,16.412,396435.636983
1643976000,16.412,16.946,16.052,16.723,842972.152376
1643990400,16.718,17.185,16.713,17.114,596609.196271
1644004800,17.113,17.544,17.018,17.513,343781.892444
1644019200,17.515,17.937,17.416,17.925,480431.486838
1644033600,17.924,18.32,17.857,17.903,575181.516017
1644048000,17.905,18.124,17.862,17.955,369356.552872
1644062400,17.953,18.143,17.806,18.036,377433.399835
1644076800,18.029,18.259,17.451,17.71,506503.928739
1644091200,17.713,17.952,17.633,17.754,178987.570946
1644105600,17.758,18.171,17.719,17.956,271895.32673
1644120000,17.956,18.039,17.693,17.861,272457.243002
1644134400,17.857,17.998,17.703,17.739,210953.052514
1644148800,17.739,18.0,17.17,17.461,524268.83176
1644163200,17.464,17.636,17.359,17.604,222834.144542
1644177600,17.602,18.09,17.504,18.062,337502.682208
1644192000,18.063,18.548,17.657,18.482,518118.198841
1644206400,18.482,18.945,18.437,18.651,419696.573264
1644220800,18.651,18.701,18.328,18.474,305566.17652
1644235200,18.48,19.085,18.346,19.044,596864.614023
1644249600,19.04,19.4,18.901,19.179,742533.560481
1644264000,19.179,19.251,18.768,18.868,431469.883653
1644278400,18.882,19.032,18.535,19.018,508621.401285
1644292800,19.019,19.527,18.868,18.918,724331.450305
1644307200,18.919,18.955,18.012,18.276,690985.498994
1644321600,18.275,18.277,17.739,17.992,569857.69442
1644336000,17.992,18.235,17.759,18.041,457385.333742
1644350400,18.039,18.541,17.984,18.379,357877.099069
1644364800,18.386,18.502,17.881,17.93,374722.418449
1644379200,17.927,18.215,17.747,18.141,284225.091047
1644393600,18.141,18.382,17.938,18.344,280242.931303
1644408000,18.342,18.64,18.271,18.473,405757.890956
1644422400,18.473,18.721,18.366,18.655,263429.142439
1644436800,18.658,18.746,18.562,18.678,221918.777495
1644451200,18.68,18.689,17.993,18.079,321896.017509
1644465600,18.081,18.25,17.996,18.247,211057.026173
1644480000,18.249,18.75,18.213,18.638,266284.404007
1644494400,18.645,18.68,17.356,18.172,973476.160974
1644508800,18.17,18.452,17.7,17.715,480097.298031
1644523200,17.716,17.848,17.353,17.493,349000.452796
1644537600,17.502,17.524,17.132,17.301,430619.308061
1644552000,17.302,17.522,17.162,17.494,254702.600893
1644566400,17.492,17.634,17.237,17.584,280516.819759
1644580800,17.587,17.813,17.53,17.698,357865.360847
1644595200,17.697,17.723,16.761,16.798,440291.376808
1644609600,16.803,16.841,15.9,16.2,505192.795893
1644624000,16.199,16.311,16.012,16.131,331597.451926
1644638400,16.131,16.236,15.6,15.902,379745.461543
1644652800,15.905,16.163,15.719,16.116,275644.461668
1644667200,16.122,16.153,15.571,15.858,396318.020548
1644681600,15.855,16.379,15.755,16.21,372043.938035
1644696000,16.219,16.332,15.678,15.961,286633.639535
1644710400,15.961,16.211,15.852,15.95,221461.408981
1644724800,15.953,16.196,15.836,16.184,187372.290752
1644739200,16.179,16.33,16.122,16.228,205191.534012
1644753600,16.228,16.316,15.964,16.063,240350.619004
1644768000,16.069,16.079,15.531,15.642,362421.029267
1644782400,15.652,15.922,15.584,15.608,230915.708081
1644796800,15.611,15.706,15.218,15.358,404010.964565
1644811200,15.354,15.662,15.289,15.659,220922.512685
1644825600,15.657,15.755,15.473,15.545,274697.830235
1644840000,15.553,16.121,15.445,15.791,432349.423171
1644854400,15.8,15.981,15.201,15.333,408790.40635
1644868800,15.331,16.021,15.274,15.901,287567.757064
1644883200,15.903,16.534,15.817,16.415,435131.980283
1644897600,16.424,16.469,16.282,16.415,206764.694211
1644912000,16.417,16.91,16.414,16.747,408346.758837
1644926400,16.746,17.037,16.727,16.955,332430.228392
1644940800,16.959,17.093,16.819,16.92,265291.781364
1644955200,16.92,17.46,16.721,17.338,264387.493276
1644969600,17.343,17.421,16.908,17.007,269039.341586
1644984000,17.008,17.214,16.781,17.183,202507.820485
1644998400,17.185,17.329,17.007,17.093,215207.555507
1645012800,17.086,17.141,16.527,16.668,401397.269929
1645027200,16.674,17.29,16.503,17.261,397024.930379
1645041600,17.261,17.385,17.075,17.125,233255.186561
1645056000,17.126,17.445,17.097,17.101,267754.050415
1645070400,17.095,17.095,16.717,16.988,265724.517777
1645084800,16.99,17.05,16.417,16.527,312563.897427
1645099200,16.534,16.633,16.024,16.153,474660.164595
1645113600,16.146,16.247,15.474,15.765,495350.133492
1645128000,15.766,15.835,15.452,15.589,439419.728915
1645142400,15.589,15.889,15.466,15.851,359310.349057
1645156800,15.854,16.03,15.73,15.871,210206.685766
1645171200,15.875,16.048,15.615,15.631,234442.449729
1645185600,15.639,15.768,15.113,15.214,547023.485923
1645200000,15.212,15.488,15.03,15.347,475011.067798
1645214400,15.356,15.387,15.103,15.186,201809.828394
1645228800,15.186,15.491,15.124,15.362,172874.217613
1645243200,15.363,15.551,15.313,15.486,156495.029177
1645257600,15.484,15.505,14.884,15.001,276314.077325
1645272000,15.001,15.388,14.841,15.352,358513.018465
1645286400,15.358,15.679,15.229,15.307,366621.087277
1645300800,15.311,15.565,15.289,15.516,193872.627258
1645315200,15.515,15.53,14.977,14.993,297389.423574
1645329600,14.991,15.006,14.404,14.741,524604.481005
1645344000,14.741,14.787,14.439,14.765,399082.914996
1645358400,14.77,14.966,14.409,14.683,361571.048375
1645372800,14.671,14.909,14.576,14.813,234400.114878
1645387200,14.812,14.907,14.46,14.604,283165.115736
1645401600,14.609,15.256,14.516,15.025,364037.848443
1645416000,15.018,15.322,15.018,15.189,244421.933269
1645430400,15.181,15.278,14.112,14.284,479048.652828
1645444800,14.278,15.054,13.935,14.747,923457.667432
1645459200,14.746,14.852,14.006,14.267,648840.645965
1645473600,14.268,14.388,13.374,13.502,759327.814795
1645488000,13.505,13.808,13.031,13.205,754123.851419
1645502400,13.206,13.557,13.124,13.29,527817.781717
1645516800,13.292,13.859,13.286,13.789,568629.577204
1645531200,13.786,14.188,13.637,13.966,662509.396532
1645545600,13.964,14.084,13.767,14.043,461664.070686
1645560000,14.045,14.138,13.844,13.987,366739.551909
1645574400,13.989,14.14,13.729,13.836,436520.847723
1645588800,13.835,14.219,13.811,14.179,388900.613344
1645603200,14.181,14.57,14.144,14.411,532522.408303
1645617600,14.416,14.617,14.164,14.182,446926.68722
1645632000,14.175,14.658,13.742,13.803,616455.465309
1645646400,13.801,13.87,13.303,13.343,467176.246867
1645660800,13.347,13.461,12.188,12.287,1323418.595796
1645675200,12.289,12.413,11.405,11.793,1549723.468074
1645689600,11.793,12.055,11.552,11.83,1015344.290709
1645704000,11.823,12.372,11.572,12.315,1246890.160807
1645718400,12.316,13.103,12.153,13.083,1087829.119937
1645732800,13.083,13.951,12.961,13.269,1127291.457121
1645747200,13.269,13.51,13.118,13.363,626427.056291
1645761600,13.361,13.446,13.081,13.377,457417.688651
1645776000,13.371,13.654,13.16,13.618,600872.546112
1645790400,13.625,14.111,13.61,14.064,857062.453949
1645804800,14.063,14.166,13.754,13.767,571719.365239
1645819200,13.76,14.491,13.718,14.363,469556.333888
1645833600,14.367,15.044,14.284,14.529,670695.859436
1645848000,14.525,14.62,14.226,14.495,361555.916463
1645862400,14.496,14.595,14.091,14.419,519530.550087
1645876800,14.42,14.831,14.267,14.642,501141.025588
1645891200,14.642,14.757,14.333,14.577,388909.507189
1645905600,14.574,14.94,14.508,14.71,359556.445704
1645920000,14.719,14.797,14.07,14.129,599731.233099
1645934400,14.129,14.295,13.952,14.266,294065.151384
1645948800,14.258,14.686,14.165,14.65,454986.172579
1645963200,14.654,14.855,14.183,14.572,728661.113134
1645977600,14.57,14.578,13.583,13.675,559047.285735
1645992000,13.662,14.006,13.466,13.638,727820.927571
1646006400,13.637,13.833,13.436,13.568,531192.622873
1646020800,13.56,13.804,13.318,13.748,483616.885536
1646035200,13.754,13.888,13.615,13.788,348720.794244
1646049600,13.791,14.764,13.616,14.666,785415.952784
1646064000,14.664,14.832,14.519,14.684,538334.992317
1646078400,14.679,15.157,14.577,15.132,598223.51185
1646092800,15.132,15.322,14.87,14.921,599938.701353
1646107200,14.919,15.146,14.863,15.105,357392.033171
1646121600,15.107,15.194,14.726,15.055,546110.603206
1646136000,15.059,15.727,14.974,15.384,1062587.066757
1646150400,15.378,15.508,15.047,15.181,504968.160404
1646164800,15.173,15.417,15.068,15.346,353776.725183
1646179200,15.351,15.578,14.91,15.52,673501.195023
1646193600,15.526,15.665,15.235,15.273,454503.706386
1646208000,15.278,15.802,15.104,15.688,572731.448755
1646222400,15.691,15.865,15.164,15.44,1000117.642542
1646236800,15.441,15.661,15.15,15.266,477349.841442
1646251200,15.268,15.536,15.227,15.282,269144.653189
1646265600,15.283,15.386,14.937,15.101,439579.034181
1646280000,15.089,15.27,14.927,15.17,320751.196046
1646294400,15.169,15.239,14.983,15.108,323529.861204
1646308800,15.103,15.314,14.591,14.698,543945.605145
1646323200,14.697,14.839,14.465,14.629,437048.840501
1646337600,14.632,15.017,14.538,14.89,366856.036701
1646352000,14.89,14.973,14.176,14.307,610339.4568
1646366400,14.3,14.34,14.142,14.332,289686.231278
1646380800,14.334,14.6,14.104,14.523,427768.17608
1646395200,14.523,14.594,14.108,14.129,853406.184425
1646409600,14.127,14.273,13.712,13.751,510679.551545
1646424000,13.756,13.87,13.552,13.734,504366.864459
1646438400,13.737,13.747,13.412,13.716,436956.748262
1646452800,13.717,13.977,13.618,13.902,251955.204644
1646467200,13.905,14.08,13.869,14.018,249155.745909
1646481600,14.018,14.157,13.886,14.026,251213.211215
1646496000,14.025,14.279,13.955,14.069,264546.648174
1646510400,14.067,14.126,13.911,14.022,160428.739322
1646524800,14.026,14.119,13.75,13.789,198607.832265
1646539200,13.789,13.959,13.6,13.832,322752.418003
1646553600,13.83,13.857,13.42,13.59,399189.016416
1646568000,13.59,13.778,13.544,13.668,351105.753065
1646582400,13.67,13.876,13.584,13.61,300728.78925
1646596800,13.595,13.845,13.257,13.314,448393.981102
1646611200,13.316,13.319,12.767,12.826,746139.183517
1646625600,12.827,13.057,12.727,12.899,420188.393941
1646640000,12.911,13.096,12.797,13.074,406951.822845
1646654400,13.074,13.645,13.074,13.563,630319.3098
1646668800,13.56,13.666,12.464,12.571,831288.697919
1646683200,12.563,12.873,12.423,12.677,654032.585101
1646697600,12.673,13.041,12.575,12.927,659810.627118
1646712000,12.928,13.177,12.81,13.091,625074.017097
1646726400,13.096,13.554,13.052,13.397,551047.613754
1646740800,13.399,13.459,13.053,13.163,692454.71511
1646755200,13.17,13.526,13.0,13.178,759732.498572
1646769600,13.176,13.236,12.871,13.089,381786.494275
1646784000,13.091,13.9,13.061,13.834,599487.043902
1646798400,13.838,14.026,13.742,13.891,490495.784928
1646812800,13.887,14.117,13.794,14.045,495168.541821
1646827200,14.046,14.357,13.893,14.317,660697.590591
1646841600,14.318,14.466,13.831,13.936,550370.176186
1646856000,13.939,14.038,13.807,14.007,313718.169257
1646870400,14.006,14.106,13.65,13.702,558046.742215
1646884800,13.701,13.737,13.012,13.12,629598.79557
1646899200,13.118,13.214,13.0,13.194,363063.821666
1646913600,13.194,13.45,12.974,13.272,710962.796666
1646928000,13.268,13.344,13.115,13.324,349521.301799
1646942400,13.326,13.331,13.093,13.176,219503.820344
1646956800,13.177,13.213,12.81,12.964,463642.894213
1646971200,12.964,13.384,12.815,13.323,388308.05415
1646985600,13.321,13.618,13.147,13.526,524043.126476
1647000000,13.52,13.656,13.14,13.206,579801.148249
1647014400,13.211,13.214,12.978,13.01,349252.699125
1647028800,13.011,13.227,12.913,13.047,346377.382275
1647043200,13.045,13.448,13.021,13.307,322356.963641
1647057600,13.303,13.411,13.231,13.253,238531.933224
1647072000,13.256,13.313,13.118,13.187,245794.579762
1647086400,13.184,13.288,13.079,13.196,267988.535312
1647100800,13.198,13.459,13.166,13.331,279388.139171
1647115200,13.328,13.377,13.121,13.144,203281.118463
1647129600,13.148,13.376,13.08,13.359,233372.390824
1647144000,13.371,13.43,13.314,13.331,141733.644226
1647158400,13.331,13.354,13.104,13.147,200558.955569
1647172800,13.145,13.21,12.983,13.177,269856.247728
1647187200,13.176,13.3,13.124,13.185,201073.246326
1647201600,13.181,13.181,12.589,12.704,444366.076311
1647216000,12.704,12.83,12.605,12.707,436430.306942
1647230400,12.706,13.312,12.706,13.241,620949.293116
1647244800,13.246,13.357,13.153,13.176,310688.79498
1647259200,13.176,13.279,13.059,13.123,354798.786911
1647273600,13.122,13.207,12.744,12.906,394654.677796
1647288000,12.907,13.44,12.879,13.405,357520.008185
1647302400,13.405,13.596,13.204,13.23,403903.491938
1647316800,13.221,13.277,12.874,12.98,264090.840346
1647331200,12.98,13.078,12.887,13.053,189271.825126
1647345600,13.051,13.338,12.951,13.261,343670.452859
1647360000,13.262,13.688,13.217,13.565,381921.825265
1647374400,13.563,13.804,13.418,13.694,453557.778548
1647388800,13.697,14.263,13.659,13.808,748559.677348
1647403200,13.803,13.983,13.694,13.982,356804.343925
1647417600,13.984,14.227,13.953,14.064,449256.042555
1647432000,14.065,14.225,13.91,14.145,407341.096486
1647446400,14.146,14.462,13.77,14.456,763775.91484
1647460800,14.458,14.784,14.381,14.669,452320.067189
1647475200,14.668,14.79,14.564,14.647,425753.077662
1647489600,14.65,14.666,14.228,14.354,458198.061718
1647504000,14.358,14.873,14.35,14.829,441539.275507
1647518400,14.822,14.932,14.503,14.539,514429.903446
1647532800,14.545,14.616,14.431,14.555,247121.415175
1647547200,14.555,14.59,14.369,14.407,200849.783983
1647561600,14.409,14.5,14.126,14.18,373595.676627
1647576000,14.178,14.542,14.151,14.415,227992.765802
1647590400,14.416,14.711,14.361,14.663,431770.606484
1647604800,14.668,15.095,14.575,15.073,616975.705536
1647619200,15.071,15.267,14.928,15.061,449812.012897
1647633600,15.059,15.144,14.888,15.01,251820.359538
1647648000,15.011,15.207,14.833,14.933,309803.733228
1647662400,14.933,15.033,14.861,14.992,262953.815153
1647676800,14.99,15.092,14.912,15.039,250227.277022
1647691200,15.041,15.376,14.998,15.346,440953.300884
1647705600,15.342,15.418,15.093,15.117,317439.066495
1647720000,15.106,15.239,14.842,15.008,381448.890591
1647734400,15.004,15.128,14.857,14.938,298385.951136
1647748800,14.94,15.082,14.883,14.994,286196.904512
1647763200,14.996,14.996,14.72,14.731,277072.60615
1647777600,14.731,14.761,14.572,14.669,334129.226893
1647792000,14.665,14.774,14.433,14.639,301980.089609
1647806400,14.637,14.752,14.52,14.555,217025.486382
1647820800,14.553,14.64,14.282,14.481,335947.093797
1647835200,14.481,14.975,14.446,14.951,237562.718952
1647849600,14.952,15.189,14.888,15.076,335999.099558
1647864000,15.081,15.272,14.934,15.054,494791.608428
1647878400,15.062,15.069,14.716,14.866,355146.615726
1647892800,14.867,15.045,14.825,14.987,180240.195157
1647907200,14.988,15.591,14.984,15.534,540989.050007
1647921600,15.537,15.774,15.461,15.501,517001.783692
1647936000,15.505,15.84,15.443,15.838,373690.506542
1647950400,15.835,15.852,15.511,15.513,418489.34741
1647964800,15.517,15.691,15.415,15.418,265494.199218
1647979200,15.415,15.645,15.398,15.432,274553.812072
1647993600,15.435,15.507,15.211,15.254,346141.365109
1648008000,15.249,15.449,15.118,15.403,297465.837078
1648022400,15.412,15.463,15.233,15.318,263164.138129
1648036800,15.318,15.887,15.25,15.799,490543.735898
1648051200,15.802,15.955,15.535,15.549,423772.330614
1648065600,15.55,15.843,15.533,15.833,256199.194576
1648080000,15.834,15.998,15.604,15.622,446944.149074
1648094400,15.625,15.958,15.604,15.904,315331.639677
1648108800,15.914,16.217,15.854,16.18,469166.545564
1648123200,16.173,16.395,15.791,16.354,670864.601628
1648137600,16.354,16.433,16.15,16.161,425558.791657
1648152000,16.164,16.253,16.1,16.166,258279.876085
1648166400,16.16,16.192,15.93,16.01,399616.665586
1648180800,16.007,16.274,15.99,16.021,259560.817162
1648195200,16.022,16.393,15.809,16.355,419762.239596
1648209600,16.357,16.453,15.831,15.904,546661.004021
1648224000,15.909,15.997,15.471,15.609,573671.204085
1648238400,15.611,15.684,15.473,15.593,217394.845983
1648252800,15.593,15.731,15.492,15.692,249177.94137
1648267200,15.693,15.91,15.676,15.862,185321.366099
1648281600,15.864,15.951,15.727,15.824,212359.039599
1648296000,15.825,15.865,15.537,15.599,316037.299117
1648310400,15.596,15.795,15.548,15.741,191464.733963
1648324800,15.736,15.892,15.702,15.834,215481.808223
1648339200,15.836,16.096,15.793,16.015,300826.937876
1648353600,16.015,16.169,15.925,16.141,193168.276153
1648368000,16.144,16.145,15.88,15.915,207406.321657
1648382400,15.914,16.073,15.629,16.053,341415.57249
1648396800,16.06,16.31,16.035,16.208,362295.973425
1648411200,16.213,16.9,16.16,16.865,583484.017914
1648425600,16.867,16.946,16.635,16.794,396300.55002
1648440000,16.795,17.111,16.725,17.041,450660.407686
1648454400,17.043,17.29,16.901,17.086,367543.476278
1648468800,17.076,17.368,16.983,16.988,528389.80645
1648483200,16.984,17.244,16.92,17.097,415410.626214
1648497600,17.095,17.213,16.35,16.502,430014.162885
1648512000,16.499,17.173,16.464,16.872,367161.207961
1648526400,16.874,17.147,16.859,16.882,229026.285216
1648540800,16.88,17.243,16.876,17.214,274810.112485
1648555200,17.215,17.527,16.971,16.993,495140.374589
1648569600,16.992,17.084,16.667,16.979,385323.886383
1648584000,16.98,17.023,16.582,16.982,332109.987803
1648598400,16.983,17.389,16.527,17.351,420007.292229
1648612800,17.343,17.461,17.057,17.312,291103.551403
1648627200,17.312,17.388,17.11,17.265,325025.251534
1648641600,17.268,17.452,16.875,17.274,493919.467817
1648656000,17.276,17.571,17.039,17.184,516778.251341
1648670400,17.189,17.29,17.04,17.215,264351.658263
1648684800,17.217,17.566,17.16,17.295,295181.720451
1648699200,17.294,17.542,17.22,17.51,250931.231509
1648713600,17.514,18.046,17.491,17.847,464544.362464
1648728000,17.853,17.988,17.042,17.172,669455.927357
1648742400,17.173,17.208,16.648,16.856,603347.114193
1648756800,16.861,17.1,16.742,16.919,288965.383603
1648771200,16.917,17.081,16.16,16.445,641981.036976
1648785600,16.457,16.837,16.425,16.825,284662.592511
1648800000,16.825,16.921,16.699,16.729,314651.66587
1648814400,16.73,17.379,16.471,17.279,629072.524604
1648828800,17.295,17.343,17.085,17.226,343923.63972
1648843200,17.229,17.362,17.052,17.349,199862.526593
1648857600,17.352,17.59,17.191,17.292,390559.083391
1648872000,17.299,17.488,17.281,17.436,204569.928854
1648886400,17.44,17.718,17.372,17.64,215747.677857
1648900800,17.642,17.862,17.229,17.328,516721.238333
1648915200,17.324,17.535,17.092,17.396,374686.304318
1648929600,17.396,17.674,17.326,17.409,230620.747512
1648944000,17.408,17.699,17.153,17.471,325728.359624
1648958400,17.472,17.973,17.45,17.806,400961.128542
1648972800,17.808,17.851,17.601,17.775,211182.529004
1648987200,17.773,17.922,17.64,17.897,227365.815693
1649001600,17.892,18.259,17.811,17.96,316528.569854
1649016000,17.953,18.314,17.898,18.076,300888.041175
1649030400,18.076,18.077,17.563,17.639,364331.450708
1649044800,17.641,17.954,17.59,17.861,226546.719782
1649059200,17.86,17.888,17.305,17.509,329821.259952
1649073600,17.508,17.549,16.951,17.004,399374.40615
1649088000,17.017,17.257,16.815,17.231,327575.031586
1649102400,17.24,17.57,17.151,17.503,205788.732189
1649116800,17.505,17.658,17.365,17.552,172380.288519
1649131200,17.552,17.59,17.305,17.398,133736.904556
1649145600,17.397,17.418,17.205,17.365,150211.711674
1649160000,17.369,17.565,16.972,17.124,363771.726172
1649174400,17.125,17.25,16.954,17.136,254751.678372
1649188800,17.139,17.176,16.658,16.742,207870.78231
1649203200,16.742,16.78,16.047,16.395,445051.740208
1649217600,16.395,16.657,16.3,16.54,205072.793439
1649232000,16.537,16.589,16.038,16.15,309018.672629
1649246400,16.15,16.286,15.534,15.737,486755.528324
1649260800,15.737,15.806,15.341,15.633,525780.36353
1649275200,15.63,15.798,15.282,15.412,299518.606213
1649289600,15.412,15.647,15.103,15.366,414054.87659
1649304000,15.375,15.672,15.323,15.615,148809.638722
1649318400,15.618,15.862,15.442,15.805,235414.385947
1649332800,15.806,15.885,15.292,15.488,369337.354703
1649347200,15.489,15.727,15.357,15.608,231520.50287
1649361600,15.612,15.876,15.581,15.744,135699.778973
1649376000,15.744,15.904,15.642,15.877,199733.51724
1649390400,15.88,15.899,15.636,15.779,179987.88989
1649404800,15.777,15.851,15.435,15.455,215902.408734
1649419200,15.458,15.791,15.197,15.658,384462.943338
1649433600,15.666,15.747,15.331,15.412,272284.95934
1649448000,15.408,15.48,15.02,15.127,230893.989865
1649462400,15.127,15.469,15.12,15.338,221099.703774
1649476800,15.343,15.422,15.252,15.366,132353.083176
1649491200,15.359,15.378,15.192,15.308,128599.338225
1649505600,15.31,15.457,15.155,15.188,139550.544878
1649520000,15.18,15.4,15.176,15.288,112699.167524
1649534400,15.29,15.464,15.23,15.426,117031.628927
1649548800,15.427,15.578,15.352,15.529,113592.180435
1649563200,15.533,15.636,15.408,15.447,120700.145952
1649577600,15.447,15.498,15.24,15.341,124595.282858
1649592000,15.332,15.495,15.312,15.475,159813.453232
1649606400,15.479,15.906,15.46,15.853,214225.70927
1649620800,15.869,15.929,15.166,15.237,249726.531727
1649635200,15.231,15.272,14.777,14.896,297446.554513
1649649600,14.892,14.999,14.859,14.943,144492.600278
1649664000,14.948,14.968,14.112,14.182,383605.55151
1649678400,14.179,14.272,13.937,13.956,358770.109857
1649692800,13.954,14.152,13.816,13.899,297229.237892
1649707200,13.892,13.944,13.514,13.762,401501.193793
1649721600,13.761,13.916,13.696,13.778,254590.376131
1649736000,13.788,14.085,13.771,14.031,227329.566185
1649750400,14.04,14.177,13.934,14.157,203552.19876
1649764800,14.156,14.329,13.9,14.024,434677.814572
1649779200,14.023,14.108,13.64,13.659,281887.538602
1649793600,13.656,14.013,13.648,13.976,234780.737535
1649808000,13.98,14.089,13.849,14.001,203726.735056
1649822400,13.999,14.107,13.964,14.028,142453.031621
1649836800,14.03,14.058,13.753,13.761,166139.044932
1649851200,13.759,14.181,13.683,14.097,457158.215538
1649865600,14.098,14.22,14.0,14.054,241012.294412
1649880000,14.047,14.216,14.04,14.192,162131.349701
1649894400,14.196,14.334,14.107,14.181,208268.238657
1649908800,14.18,14.236,14.072,14.19,146919.356567
1649923200,14.19,14.225,13.876,13.91,215139.66892
1649937600,13.898,14.092,13.483,13.506,510264.123911
1649952000,13.504,13.71,13.328,13.603,420371.748859
1649966400,13.59,13.696,13.531,13.645,127571.384336
1649980800,13.648,13.895,13.628,13.893,135503.756105
1649995200,13.895,14.058,13.787,13.917,174244.586214
1650009600,13.915,14.025,13.862,13.911,124784.151515
1650024000,13.914,14.056,13.7,13.903,211977.037157
1650038400,13.904,14.016,13.817,13.955,132980.940413
1650052800,13.954,14.198,13.921,14.107,161081.279383
1650067200,14.108,14.266,14.047,14.054,152569.039551
1650081600,14.052,14.136,13.987,13.989,87964.729251
1650096000,13.994,14.16,13.968,14.094,110712.025315
1650110400,14.093,14.219,13.833,13.871,184515.734032
1650124800,13.873,14.018,13.845,13.918,99079.164119
1650139200,13.916,14.204,13.857,14.15,120725.564926
1650153600,14.152,14.409,13.999,14.27,143526.057555
1650168000,14.27,14.579,14.266,14.495,220586.30537
1650182400,14.494,14.596,14.409,14.591,202334.603752
1650196800,14.594,14.619,14.393,14.473,184211.476597
1650211200,14.474,14.531,14.062,14.199,159725.72516
1650225600,14.196,14.21,13.645,13.724,229681.853998
1650240000,13.725,13.847,13.677,13.812,182833.06235
1650254400,13.815,13.839,13.145,13.204,419179.86773
1650268800,13.205,13.38,13.173,13.33,257967.168149
1650283200,13.33,13.563,13.266,13.322,336277.226405
1650297600,13.323,13.89,13.22,13.842,376739.492365
1650312000,13.835,14.064,13.835,14.055,195573.037122
1650326400,14.055,14.206,13.846,13.894,185051.177265
1650340800,13.896,13.997,13.853,13.892,84397.044378
1650355200,13.896,14.239,13.835,14.062,161850.742833
1650369600,14.062,14.411,14.032,14.295,273997.730436
1650384000,14.286,14.371,14.072,14.124,182078.406017
1650398400,14.12,14.286,14.015,14.242,117610.226167
1650412800,14.243,14.265,14.01,14.186,147721.313995
1650427200,14.184,14.414,14.096,14.287,140126.589927
1650441600,14.289,14.49,14.248,14.425,212476.204302
1650456000,14.423,14.482,13.833,13.915,370662.944242
1650470400,13.917,13.954,13.706,13.937,309905.82774
1650484800,13.937,14.127,13.92,14.018,194561.174031
1650499200,14.022,14.255,14.008,14.174,135212.435527
1650513600,14.178,14.24,13.918,14.064,135328.124514
1650528000,14.069,14.354,13.9,14.263,253224.668036
1650542400,14.272,14.378,14.083,14.1,258086.170677
1650556800,14.098,14.131,13.731,13.768,219061.300267
1650571200,13.76,13.794,13.355,13.579,317936.151928
1650585600,13.576,13.793,13.508,13.754,213814.603844
1650600000,13.75,13.882,13.634,13.824,197621.708572
1650614400,13.821,13.842,13.636,13.817,168712.266664
1650628800,13.818,13.85,13.476,13.524,332414.711569
1650643200,13.522,13.846,13.475,13.692,248415.563731
1650657600,13.703,13.763,13.56,13.579,108809.384386
1650672000,13.582,13.686,13.379,13.449,143747.11154
1650686400,13.445,13.529,13.266,13.5,128791.046417
1650700800,13.492,13.614,13.443,13.583,95025.9285
1650715200,13.587,13.626,13.479,13.549,108557.42688
1650729600,13.554,13.618,13.346,13.395,99884.126085
1650744000,13.392,13.484,13.221,13.313,113896.785539
1650758400,13.313,13.59,13.306,13.558,124085.355887
1650772800,13.559,13.639,13.51,13.519,63058.813374
1650787200,13.523,13.541,13.346,13.373,77665.879403
1650801600,13.372,13.549,13.275,13.458,176048.500701
1650816000,13.457,13.492,13.206,13.46,206790.275249
1650830400,13.46,13.482,13.241,13.269,182967.147957
1650844800,13.265,13.3,12.813,13.099,398483.386389
1650859200,13.099,13.132,12.536,12.587,339137.205322
1650873600,12.587,12.903,12.533,12.89,304055.677398
1650888000,12.896,13.184,12.825,12.989,352520.094306
1650902400,12.982,13.384,12.966,13.372,339002.33238
1650916800,13.369,13.514,13.336,13.44,173892.34411
1650931200,13.44,13.505,13.293,13.331,176758.677917
1650945600,13.335,13.393,13.254,13.36,173036.078937
1650960000,13.355,13.486,13.218,13.323,162193.677546
1650974400,13.323,13.378,12.63,12.665,398400.412926
1650988800,12.653,12.798,12.388,12.516,429333.677315
1651003200,12.511,12.586,12.146,12.37,286445.431957
1651017600,12.37,12.586,12.307,12.525,270597.736076
1651032000,12.527,12.704,12.502,12.703,222841.339049
1651046400,12.702,12.729,12.419,12.554,301506.919281
1651060800,12.554,12.765,12.36,12.612,463070.320074
1651075200,12.616,12.794,12.514,12.603,334995.216077
1651089600,12.601,12.766,12.597,12.741,166423.79062
1651104000,12.741,12.837,12.577,12.616,217024.979113
1651118400,12.617,12.814,12.552,12.773,163956.14676
1651132800,12.771,12.996,12.755,12.778,257893.235162
1651147200,12.776,12.857,12.403,12.519,426958.743475
1651161600,12.512,12.8,12.419,12.663,345356.627407
1651176000,12.671,12.799,12.538,12.661,214521.239755
1651190400,12.662,12.732,12.454,12.534,176320.501207
1651204800,12.53,12.644,12.443,12.624,159435.732733
1651219200,12.62,12.633,12.083,12.178,268336.582446
1651233600,12.168,12.428,12.102,12.303,328008.619817
1651248000,12.301,12.303,11.832,11.927,342103.1161
1651262400,11.925,12.037,11.84,11.979,162164.744523
1651276800,11.973,12.196,11.947,12.134,164893.33071
1651291200,12.137,12.246,12.086,12.106,132673.602857
1651305600,12.107,12.138,11.975,12.055,143313.380375
1651320000,12.051,12.097,11.629,11.808,283714.495766
1651334400,11.801,11.85,11.506,11.686,328869.701588
1651348800,11.683,11.698,10.65,10.964,653169.432518
1651363200,10.96,11.225,10.81,11.133,458678.287137
1651377600,11.135,11.233,10.999,11.095,314699.933051
1651392000,11.096,11.202,11.076,11.085,223147.767749
1651406400,11.078,11.37,10.976,11.317,331603.553728
1651420800,11.32,11.486,10.891,10.979,323054.352665
1651435200,10.979,11.377,10.931,11.303,283093.021096
1651449600,11.301,11.442,11.207,11.214,260797.983917
1651464000,11.219,11.363,11.189,11.246,246589.756875
1651478400,11.246,11.285,10.877,10.908,293823.756464
1651492800,10.906,11.286,10.871,11.182,493175.170757
1651507200,11.185,11.211,10.769,11.087,422601.012214
1651521600,11.087,11.393,11.04,11.162,216346.474294
1651536000,11.172,11.323,11.053,11.292,188283.230373
1651550400,11.295,11.357,11.229,11.341,213158.403936
1651564800,11.337,11.494,11.137,11.413,239867.156599
1651579200,11.406,11.438,11.139,11.24,381313.297175
1651593600,11.247,11.298,10.815,10.88,446546.528514
1651608000,10.879,11.159,10.798,11.126,241105.628004
1651622400,11.126,11.331,11.089,11.226,247598.868368
1651636800,11.232,11.346,11.145,11.339,164761.089102
1651651200,11.342,11.525,11.29,11.456,262314.779656
1651665600,11.456,11.5,11.115,11.223,301993.299166
1651680000,11.223,12.101,11.163,12.023,680899.108572
1651694400,12.026,12.21,12.005,12.2,228481.691966
1651708800,12.197,12.29,12.099,12.146,199086.771847
1651723200,12.146,12.155,11.913,11.99,150589.719474
1651737600,11.99,12.082,11.856,11.922,213148.834261
1651752000,11.915,12.026,10.8,10.909,630085.74915
1651766400,10.904,11.057,10.632,10.858,840092.477876
1651780800,10.858,10.949,10.75,10.914,344660.317478
1651795200,10.913,11.016,10.797,10.983,279614.521595
1651809600,10.977,11.027,10.625,10.826,372170.095481
1651824000,10.825,10.927,10.483,10.602,473097.116484
1651838400,10.605,10.908,10.391,10.704,830446.55063
1651852800,10.702,10.805,10.579,10.766,484463.379905
1651867200,10.768,10.877,10.708,10.784,170703.984305
1651881600,10.787,10.836,10.617,10.643,237635.526511
1651896000,10.645,10.756,10.521,10.737,197164.928541
1651910400,10.737,10.847,10.701,10.78,180268.626638
1651924800,10.781,10.812,10.642,10.725,152946.071061
1651939200,10.725,10.75,10.574,10.664,159905.921437
1651953600,10.659,10.659,9.996,10.209,399288.452724
1651968000,10.213,10.308,9.885,10.045,422806.254779
1651982400,10.046,10.225,10.011,10.156,185196.635969
1651996800,10.152,10.373,10.104,10.292,161878.006643
1652011200,10.282,10.309,9.976,10.089,317932.023371
1652025600,10.089,10.266,9.833,10.228,369638.965996
1652040000,10.226,10.248,9.941,9.995,235085.409329
1652054400,10.001,10.163,9.684,9.805,359175.040197
1652068800,9.81,9.927,9.585,9.677,289837.378849
1652083200,9.678,9.747,9.078,9.395,520443.022336
1652097600,9.403,9.489,8.999,9.117,560722.06915
1652112000,9.114,9.195,8.283,8.589,783325.706165
1652126400,8.598,8.916,8.001,8.094,745034.643364
1652140800,8.093,8.564,7.883,8.311,1152289.681226
1652155200,8.31,9.157,8.271,8.814,904188.767023
1652169600,8.812,9.14,8.782,9.117,546832.071035
1652184000,9.116,9.328,8.666,8.913,768651.256751
1652198400,8.915,9.12,8.67,8.705,558210.849235
1652212800,8.703,8.737,8.209,8.584,616917.865059
1652227200,8.581,8.82,8.386,8.642,644434.180782
1652241600,8.632,8.84,7.893,8.155,899156.113364
1652256000,8.154,8.734,8.045,8.218,898116.61911
1652270400,8.216,8.396,6.912,7.66,1697645.54623
1652284800,7.667,7.76,6.942,6.969,820317.018237
1652299200,6.968,7.131,6.543,6.956,811252.02961
1652313600,6.952,7.432,6.412,6.425,953413.617927
1652328000,6.423,6.472,5.542,6.169,1645074.815314
1652342400,6.167,6.549,5.979,6.318,1114402.977228
1652356800,6.313,6.881,6.034,6.543,877828.02885
1652371200,6.538,6.995,6.37,6.608,646876.928316
1652385600,6.611,6.655,6.291,6.564,456426.581697
1652400000,6.565,7.252,6.481,7.168,602561.518597
1652414400,7.17,7.505,7.114,7.117,615492.573091
1652428800,7.12,7.594,7.117,7.584,473528.263998
1652443200,7.588,7.709,7.263,7.301,202859.982563
1652457600,7.302,7.407,7.028,7.24,344199.163511
1652472000,7.237,7.381,7.02,7.15,204834.007871
1652486400,7.152,7.444,7.062,7.29,206710.592053
1652500800,7.286,7.291,6.984,7.019,208068.470721
1652515200,7.02,7.142,6.708,6.781,224903.387686
1652529600,6.776,6.849,6.638,6.675,266061.826245
1652544000,6.675,7.142,6.648,6.988,256411.898257
1652558400,6.988,7.322,6.981,7.257,217057.223103
1652572800,7.259,7.363,7.015,7.111,264174.149788
1652587200,7.11,7.378,7.054,7.248,226368.998266
1652601600,7.248,7.58,7.115,7.579,256835.099724
1652616000,7.575,7.675,7.35,7.529,300527.935469
1652630400,7.529,7.728,7.505,7.707,215186.979912
1652644800,7.708,7.986,7.675,7.969,245387.042266
1652659200,7.968,7.969,7.492,7.568,338377.608956
1652673600,7.568,7.576,7.169,7.295,247852.566395
1652688000,7.297,7.508,7.164,7.36,342336.557754
1652702400,7.362,7.543,7.216,7.344,291558.901496
1652716800,7.343,7.494,7.228,7.399,286279.101087
1652731200,7.397,7.615,7.382,7.419,269301.902161
1652745600,7.423,7.759,7.394,7.727,184054.018091
1652760000,7.727,7.855,7.683,7.714,214814.582575
1652774400,7.711,7.87,7.658,7.714,193824.052762
1652788800,7.718,7.971,7.533,7.607,348588.382282
1652803200,7.609,7.615,7.299,7.533,285633.238285
1652817600,7.531,7.771,7.512,7.719,215636.571781
1652832000,7.715,7.81,7.418,7.443,262664.353271
1652846400,7.441,7.59,7.427,7.506,240832.770695
1652860800,7.509,7.55,7.42,7.483,209133.395836
1652875200,7.488,7.493,6.919,6.954,269002.601313
1652889600,6.957,7.117,6.86,7.085,286849.048432
1652904000,7.083,7.087,6.776,6.802,206475.831069
1652918400,6.804,6.943,6.648,6.899,245650.778762
1652932800,6.9,6.982,6.807,6.83,79564.236083
1652947200,6.832,7.0,6.685,6.973,79959.992494
1652961600,6.974,7.255,6.875,7.211,133184.742493
1652976000,7.211,7.222,7.069,7.069,197611.706034
1652990400,7.069,7.257,7.028,7.217,39127.264057
1653004800,7.219,7.366,7.086,7.114,75296.109658
1653019200,7.114,7.159,6.951,7.057,67783.915957
1653033600,7.06,7.318,7.022,7.288,121576.827091
1653048000,7.287,7.303,6.836,6.857,141415.393072
1653062400,6.855,6.987,6.754,6.978,121684.636455
1653076800,6.98,7.006,6.855,6.87,46601.875028
1653091200,6.871,6.983,6.768,6.976,55401.317613
1653105600,6.977,7.046,6.879,7.014,51932.161063
1653120000,7.014,7.047,6.927,6.985,42932.833886
1653134400,6.982,7.074,6.926,7.067,76645.053901
1653148800,7.068,7.119,7.015,7.056,44253.059356
1653163200,7.055,7.107,6.99,7.056,39535.130304
1653177600,7.053,7.108,7.007,7.028,36039.02507
1653192000,7.025,7.064,6.916,7.05,48839.905317
1653206400,7.051,7.401,7.035,7.266,303437.708469
1653220800,7.268,7.388,7.199,7.242,83031.621475
1653235200,7.246,7.335,7.17,7.227,37045.38456
1653249600,7.225,7.403,7.192,7.322,224266.830465
1653264000,7.319,7.417,7.204,7.271,70033.395049
1653278400,7.271,7.543,7.27,7.517,78765.879399
1653292800,7.517,7.606,7.429,7.56,128153.851441
1653307200,7.561,7.625,7.426,7.572,159171.513407
1653321600,7.576,7.677,7.178,7.185,98914.114914
1653336000,7.184,7.329,6.982,7.029,108734.350127
1653350400,7.023,7.106,6.988,7.071,65444.553337
1653364800,7.071,7.121,7.006,7.117,51971.642597
1653379200,7.115,7.19,6.866,7.0,278048.953238
1653393600,6.999,7.142,6.719,7.078,127125.434718
1653408000,7.074,7.15,6.923,7.076,86054.624381
1653422400,7.076,7.305,7.028,7.237,57917.892334
1653436800,7.235,7.399,7.136,7.339,77630.067968
1653451200,7.334,7.336,7.106,7.13,70711.658301
1653465600,7.132,7.179,6.969,6.99,95636.848748
1653480000,6.989,7.202,6.955,7.065,114194.497412
1653494400,7.062,7.11,6.945,6.997,84910.018447
1653508800,6.997,7.077,6.945,6.958,49138.051062
1653523200,6.958,7.092,6.928,7.013,81603.435986
1653537600,7.014,7.015,6.712,6.835,162444.529915
1653552000,6.835,6.852,6.381,6.439,275600.384898
1653566400,6.439,6.76,6.22,6.709,305807.157732
1653580800,6.713,6.893,6.599,6.604,128304.931032
1653595200,6.602,6.774,6.555,6.571,116504.839489
1653609600,6.568,6.65,6.294,6.508,259262.271635
1653624000,6.507,6.564,6.227,6.456,185147.208412
1653638400,6.453,6.636,6.39,6.557,169300.040563
1653652800,6.555,6.706,6.417,6.486,186881.650914
1653667200,6.482,6.503,6.221,6.377,248206.331269
1653681600,6.374,6.454,6.209,6.288,137965.897797
1653696000,6.288,6.455,6.208,6.375,142795.851683
1653710400,6.377,6.476,6.338,6.405,98305.606244
1653724800,6.404,6.491,6.341,6.442,76530.499027
1653739200,6.441,6.574,6.426,6.545,177458.894037
1653753600,6.548,6.582,6.448,6.534,125219.417036
1653768000,6.534,6.651,6.403,6.569,102676.747186
1653782400,6.571,6.578,6.337,6.402,107092.805575
1653796800,6.402,6.474,6.368,6.461,55112.981562
1653811200,6.461,6.602,6.439,6.593,120195.669112
1653825600,6.597,6.748,6.584,6.654,105787.991775
1653840000,6.655,6.702,6.624,6.669,75224.362981
1653854400,6.668,6.73,6.625,6.718,116055.584684
1653868800,6.718,7.095,6.651,6.99,201471.640856
1653883200,6.994,7.289,6.994,7.265,209742.780439
1653897600,7.262,7.314,7.133,7.17,177741.079496
1653912000,7.17,7.254,7.054,7.187,132490.976093
1653926400,7.191,7.306,7.14,7.183,100492.775543
1653940800,7.182,7.517,7.14,7.455,213238.317839
1653955200,7.458,7.64,7.37,7.538,163132.225716
1653969600,7.537,7.62,7.421,7.462,124979.935477
1653984000,7.465,7.514,7.358,7.455,117764.926369
1653998400,7.45,7.622,7.169,7.597,180664.765159
1654012800,7.596,7.655,7.35,7.387,114557.563418
1654027200,7.387,7.728,7.387,7.582,108587.679186
1654041600,7.587,7.771,7.449,7.484,163451.444268
1654056000,7.483,7.632,7.413,7.466,70709.512103
1654070400,7.468,7.604,7.419,7.488,71206.766271
1654084800,7.492,7.655,7.192,7.203,170510.390404
1654099200,7.199,7.223,6.967,7.025,137015.631131
1654113600,7.023,7.034,6.75,6.933,139106.232559
1654128000,6.933,6.952,6.819,6.86,108142.84499
1654142400,6.864,7.014,6.81,6.953,114028.732162
1654156800,6.953,7.088,6.926,7.07,90991.096128
1654171200,7.071,7.088,6.826,7.02,217941.757456
1654185600,7.023,7.133,6.988,7.066,111532.718733
1654200000,7.067,7.245,7.051,7.194,44739.388235
1654214400,7.197,7.216,7.058,7.092,119628.681806
1654228800,7.09,7.093,7.0,7.025,86983.00574
1654243200,7.022,7.044,6.69,6.775,197642.108935
1654257600,6.776,6.883,6.692,6.833,165860.065323
1654272000,6.83,6.893,6.768,6.785,52006.64914
1654286400,6.785,6.944,6.769,6.854,48190.745295
1654300800,6.855,6.884,6.684,6.744,77779.457137
1654315200,6.746,6.905,6.733,6.897,41038.62336
1654329600,6.893,6.972,6.862,6.907,86399.018751
1654344000,6.901,7.007,6.745,6.985,95378.198824
1654358400,6.984,7.102,6.921,7.007,49549.22788
1654372800,7.007,7.436,7.005,7.406,200093.031794
1654387200,7.407,7.477,7.312,7.361,151093.248569
1654401600,7.364,7.391,7.279,7.287,67889.413502
1654416000,7.284,7.351,7.247,7.33,52550.48411
1654430400,7.333,7.573,7.315,7.565,127042.675207
1654444800,7.568,7.642,7.466,7.584,165899.496801
1654459200,7.585,7.89,7.585,7.645,149970.60426
1654473600,7.642,8.048,7.622,7.994,219654.016644
1654488000,7.997,8.093,7.878,7.924,133946.887267
1654502400,7.922,8.2,7.901,7.97,146456.559912
1654516800,7.967,8.04,7.77,7.905,154532.608958
1654531200,7.906,7.911,7.725,7.818,77977.074967
1654545600,7.817,7.996,7.711,7.975,63250.505815
1654560000,7.978,7.987,7.312,7.573,298354.455057
1654574400,7.578,7.7,7.495,7.692,69706.143137
1654588800,7.691,7.705,7.462,7.525,53531.861326
1654603200,7.524,7.839,7.42,7.775,124365.147427
1654617600,7.775,8.512,7.709,8.405,262706.897056
1654632000,8.403,9.0,8.362,8.71,542017.341951
1654646400,8.712,8.842,8.292,8.346,456135.174891
1654660800,8.343,8.572,8.23,8.421,165132.881682
1654675200,8.418,8.588,8.257,8.455,187937.430478
1654689600,8.455,8.701,8.354,8.564,318571.375944
1654704000,8.564,8.849,8.436,8.704,223005.630444
1654718400,8.703,8.98,8.607,8.702,188612.733554
1654732800,8.703,8.862,8.55,8.643,159910.110635
1654747200,8.643,8.817,8.487,8.799,112343.458642
1654761600,8.799,9.46,8.686,9.194,228038.36383
1654776000,9.188,9.56,9.098,9.442,343741.762653
1654790400,9.443,9.655,9.123,9.133,288624.779431
1654804800,9.132,9.38,9.116,9.269,88733.533975
1654819200,9.268,9.539,9.026,9.369,215582.875296
1654833600,9.37,9.385,9.027,9.061,161684.825374
1654848000,9.061,9.12,8.75,8.863,146150.285254
1654862400,8.865,9.086,8.412,8.616,331274.701664
1654876800,8.612,8.623,8.228,8.294,162853.123232
1654891200,8.299,8.437,8.0,8.034,150993.349509
1654905600,8.034,8.342,8.026,8.296,90109.575
1654920000,8.299,8.415,8.172,8.251,105771.159899
1654934400,8.251,8.269,7.478,7.582,306666.911813
1654948800,7.577,7.717,7.04,7.154,347262.69767
1654963200,7.155,7.33,7.087,7.163,173811.164498
1654977600,7.163,7.25,6.938,7.044,86591.768109
1654992000,7.046,7.144,6.481,6.619,281949.546867
1655006400,6.619,6.781,6.44,6.768,170246.678108
1655020800,6.766,6.884,6.53,6.677,201209.73432
1655035200,6.678,7.133,6.486,7.014,329918.996237
1655049600,7.011,7.042,6.723,6.735,127429.728205
1655064000,6.735,6.793,6.261,6.27,151568.240759
1655078400,6.269,6.34,5.703,5.943,521360.337649
1655092800,5.942,6.295,5.571,5.669,482381.025753
1655107200,5.669,5.716,5.297,5.458,543605.801246
1655121600,5.461,5.837,5.325,5.734,359212.711174
1655136000,5.736,6.079,5.666,5.884,377685.487617
1655150400,5.887,6.253,5.611,5.928,372444.854429
1655164800,5.928,6.385,5.385,6.292,451319.440453
1655179200,6.289,6.47,6.014,6.388,527968.486959
1655193600,6.392,6.409,6.008,6.172,260057.330786
1655208000,6.175,6.476,5.985,6.422,355128.453746
1655222400,6.406,6.772,6.356,6.588,518998.211575
1655236800,6.588,6.879,6.256,6.732,263011.983248
1655251200,6.733,6.912,6.492,6.521,278700.801452
1655265600,6.521,6.538,6.12,6.214,439478.228189
1655280000,6.214,6.499,5.834,6.45,741038.461751
1655294400,6.449,6.586,6.27,6.455,373391.047907
1655308800,6.453,7.284,6.057,6.921,913872.065325
1655323200,6.918,7.372,6.864,7.33,299159.837122
1655337600,7.325,7.509,6.984,6.993,231370.713535
1655352000,6.992,7.093,6.638,6.7,177071.988636
1655366400,6.699,6.789,6.246,6.319,212957.631216
1655380800,6.319,6.72,6.209,6.578,410055.748991
1655395200,6.576,6.822,6.43,6.513,248957.98718
1655409600,6.515,6.759,6.244,6.361,192861.292958
1655424000,6.361,6.737,6.259,6.423,242377.193128
1655438400,6.423,6.652,6.404,6.583,143441.231469
1655452800,6.584,6.64,6.385,6.45,155625.872105
1655467200,6.449,6.528,6.288,6.422,158676.675723
1655481600,6.421,6.472,6.333,6.373,128787.987056
1655496000,6.371,6.482,6.311,6.361,71508.505797
1655510400,6.363,6.47,6.057,6.116,188484.243914
1655524800,6.118,6.218,5.715,5.797,386545.104353
1655539200,5.8,5.971,5.656,5.847,226897.855626
1655553600,5.848,5.914,5.721,5.745,110020.167608
1655568000,5.745,5.857,5.537,5.549,200254.190068
1655582400,5.552,6.038,5.407,5.925,246060.545595
1655596800,5.924,6.224,5.827,5.995,213598.130381
1655611200,5.995,6.183,5.876,6.064,239647.946187
1655625600,6.066,6.465,6.021,6.329,257529.121049
1655640000,6.336,6.454,6.201,6.428,136886.3828
1655654400,6.426,6.719,6.321,6.61,160076.672731
1655668800,6.611,6.817,6.544,6.6,140866.917628
1655683200,6.603,6.661,6.309,6.438,132736.618964
1655697600,6.438,6.494,6.318,6.401,70679.13864
1655712000,6.402,7.049,6.392,6.976,189067.175661
1655726400,6.977,7.286,6.773,7.123,314928.24272
1655740800,7.124,7.154,6.818,6.903,155820.323824
1655755200,6.904,7.076,6.761,6.98,114760.505535
1655769600,6.983,7.313,6.838,7.273,240742.586348
1655784000,7.272,7.455,7.191,7.298,233146.565497
1655798400,7.298,7.562,7.202,7.226,178187.273531
1655812800,7.226,7.459,7.189,7.33,169955.197506
1655827200,7.334,7.449,6.786,6.796,186482.576232
1655841600,6.792,6.975,6.752,6.858,124435.755698
1655856000,6.861,6.942,6.624,6.643,205319.005389
1655870400,6.643,6.823,6.563,6.635,162700.494974
1655884800,6.635,6.927,6.581,6.844,95991.419949
1655899200,6.845,7.033,6.672,6.719,234013.369111
1655913600,6.718,6.8,6.514,6.592,136230.680162
1655928000,6.593,6.76,6.462,6.618,141852.051035
1655942400,6.617,6.866,6.606,6.781,165757.099351
1655956800,6.778,7.06,6.733,6.902,145604.168643
1655971200,6.902,7.082,6.839,7.0,144689.485814
1655985600,6.999,7.086,6.692,6.76,159467.08299
1656000000,6.759,6.938,6.658,6.923,80229.185746
1656014400,6.923,7.054,6.874,6.992,122662.355944
1656028800,6.994,7.264,6.945,7.125,177835.163162
1656043200,7.126,7.197,6.962,7.078,132966.835766
1656057600,7.079,7.277,7.021,7.195,101347.331543
1656072000,7.195,7.307,6.993,7.063,169313.947126
1656086400,7.064,7.234,6.967,7.222,76301.475829
1656100800,7.225,7.438,7.18,7.258,94768.887264
1656115200,7.263,7.354,7.122,7.214,80534.108593
1656129600,7.214,7.375,7.157,7.34,63899.181333
1656144000,7.341,7.368,7.134,7.143,117354.591726
1656158400,7.145,7.163,6.8,6.831,156444.863577
1656172800,6.831,6.999,6.815,6.953,88974.149944
1656187200,6.952,7.311,6.937,7.264,97057.803163
1656201600,7.264,7.338,7.109,7.172,81669.648437
1656216000,7.173,7.315,7.122,7.223,51587.669417
1656230400,7.224,7.374,7.114,7.358,64494.602511
1656244800,7.36,7.49,7.0,7.07,233581.870435
1656259200,7.064,7.1,6.859,6.999,83411.370234
1656273600,6.999,7.194,6.694,6.699,122191.364131
1656288000,6.698,6.926,6.666,6.92,103813.963549
1656302400,6.919,6.96,6.784,6.929,62978.431533
1656316800,6.932,6.997,6.831,6.848,52813.036194
1656331200,6.846,6.875,6.554,6.591,179745.906762
1656345600,6.589,6.689,6.406,6.529,145310.448525
1656360000,6.531,6.662,6.467,6.558,81765.643046
1656374400,6.556,6.652,6.303,6.484,81597.857263
1656388800,6.484,6.628,6.457,6.578,73522.359048
1656403200,6.579,6.737,6.555,6.671,109920.29505
1656417600,6.669,7.255,6.526,6.537,702715.280063
1656432000,6.536,6.623,6.36,6.424,150802.080871
1656446400,6.423,6.52,6.277,6.319,127137.799029
1656460800,6.318,6.487,6.271,6.387,137447.20847
1656475200,6.388,6.431,6.18,6.347,209342.237518
1656489600,6.346,6.474,6.228,6.351,186965.253517
1656504000,6.35,6.43,6.196,6.349,208787.518906
1656518400,6.349,6.39,6.136,6.39,215911.253713
1656532800,6.39,6.45,6.159,6.233,139373.04817
1656547200,6.235,6.28,6.064,6.198,170688.472441
1656561600,6.197,6.3,5.997,6.046,210427.602799
1656576000,6.046,6.046,5.888,5.985,219710.064046
1656590400,5.985,6.173,5.884,6.095,174471.483637
1656604800,6.095,6.2,5.992,6.052,88955.781247
1656619200,6.051,6.311,5.923,6.278,208583.947385
1656633600,6.279,6.43,6.182,6.187,274933.224853
1656648000,6.185,6.187,5.993,6.119,182751.646501
1656662400,6.119,6.166,5.932,6.009,111491.358257
1656676800,6.006,6.143,5.966,6.006,143005.301809
1656691200,6.006,6.127,5.993,6.11,75127.082395
1656705600,6.11,6.237,6.037,6.077,97728.949575
1656720000,6.077,6.153,5.981,6.009,98353.614427
1656734400,6.009,6.172,6.002,6.104,89017.027287
1656748800,6.106,6.184,6.029,6.146,93617.25759
1656763200,6.146,6.218,6.052,6.118,121004.912736
1656777600,6.118,6.258,6.093,6.2,79340.255905
1656792000,6.2,6.286,6.176,6.221,47240.818998
1656806400,6.221,6.226,6.088,6.147,93451.929464
1656820800,6.147,6.22,6.013,6.108,174649.710819
1656835200,6.107,6.143,6.026,6.119,86051.318975
1656849600,6.118,6.136,6.025,6.072,70743.406873
1656864000,6.074,6.228,6.048,6.199,59990.789328
1656878400,6.199,6.245,6.156,6.219,78524.782491
1656892800,6.221,6.247,6.019,6.039,93982.88442
1656907200,6.04,6.148,6.037,6.096,76651.743759
1656921600,6.095,6.347,6.074,6.328,136714.07007
1656936000,6.339,6.395,6.193,6.266,216212.741325
1656950400,6.267,6.346,6.242,6.286,107198.129492
1656964800,6.286,6.459,6.247,6.434,163251.302594
1656979200,6.435,6.46,6.315,6.42,151773.730861
1656993600,6.42,6.555,6.371,6.454,187778.536693
1657008000,6.454,6.455,6.156,6.178,191160.234527
1657022400,6.177,6.179,6.059,6.141,223704.459371
1657036800,6.14,6.396,6.109,6.346,136699.844411
1657051200,6.346,6.447,6.293,6.307,140855.645201
1657065600,6.307,6.405,6.168,6.258,208361.150755
1657080000,6.258,6.367,6.242,6.308,154643.705861
1657094400,6.308,6.382,6.25,6.258,98530.592578
1657108800,6.258,6.309,6.202,6.231,166500.017118
1657123200,6.232,6.348,6.219,6.284,103254.866485
1657137600,6.285,6.422,6.274,6.335,115283.596771
1657152000,6.335,6.439,6.309,6.382,145795.56145
1657166400,6.381,6.419,6.344,6.403,79001.706832
1657180800,6.404,6.521,6.397,6.497,115227.100786
1657195200,6.497,6.691,6.463,6.6,279497.391297
1657209600,6.601,6.752,6.585,6.74,163207.958324
1657224000,6.736,6.736,6.556,6.637,110571.716754
1657238400,6.638,6.83,6.576,6.719,172072.63722
1657252800,6.72,6.818,6.535,6.577,237563.112842
1657267200,6.577,6.599,6.403,6.449,225207.398137
1657281600,6.45,6.563,6.325,6.415,378108.02221
1657296000,6.415,6.48,6.346,6.451,208749.35353
1657310400,6.451,6.512,6.332,6.352,132930.785134
1657324800,6.352,6.463,6.344,6.415,142106.02437
1657339200,6.415,6.511,6.394,6.488,127242.898954
1657353600,6.488,6.529,6.379,6.395,146627.563287
1657368000,6.394,6.467,6.381,6.432,95509.319914
1657382400,6.432,6.589,6.429,6.51,270986.1242
1657396800,6.509,6.531,6.469,6.48,74687.805546
1657411200,6.482,6.486,6.32,6.351,177433.62637
1657425600,6.35,6.397,6.329,6.358,87222.433367
1657440000,6.358,6.381,6.251,6.299,120284.694378
1657454400,6.299,6.333,6.124,6.159,203208.550458
1657468800,6.158,6.214,6.107,6.201,100361.337587
1657483200,6.201,6.223,6.127,6.195,110209.005208
1657497600,6.195,6.24,6.046,6.194,225015.531149
1657512000,6.193,6.29,6.129,6.276,196972.363957
1657526400,6.276,6.338,6.202,6.205,159384.872594
1657540800,6.204,6.318,6.147,6.303,190265.318644
1657555200,6.303,6.434,6.288,6.308,188863.001489
1657569600,6.308,6.34,5.984,6.042,275518.665938
1657584000,6.042,6.173,6.003,6.124,185998.268032
1657598400,6.124,6.236,6.109,6.167,141791.13659
1657612800,6.166,6.186,6.041,6.149,130298.347488
1657627200,6.149,6.212,6.119,6.181,125419.558097
1657641600,6.18,6.237,6.041,6.064,140540.129024
1657656000,6.064,6.11,5.925,5.949,131272.504524
1657670400,5.948,6.046,5.92,6.005,102053.473097
1657684800,6.006,6.123,5.988,6.106,136785.035121
1657699200,6.106,6.16,6.042,6.106,159352.8681
1657713600,6.107,6.172,5.695,5.931,711789.071573
1657728000,5.93,6.097,5.891,6.003,199606.208467
1657742400,6.004,6.19,5.975,6.173,172612.698141
1657756800,6.172,6.288,6.128,6.194,234018.953561
1657771200,6.195,6.226,6.114,6.135,142270.53562
1657785600,6.135,6.157,6.004,6.026,129648.110809
1657800000,6.029,6.248,5.992,6.219,216084.771783
1657814400,6.22,6.387,6.191,6.294,249312.893701
1657828800,6.295,6.326,6.179,6.274,159504.367675
1657843200,6.274,6.368,6.216,6.292,195168.626235
1657857600,6.292,6.325,6.203,6.288,270973.547416
1657872000,6.287,6.387,6.236,6.238,236354.677567
1657886400,6.238,6.343,6.205,6.223,262375.934548
1657900800,6.226,6.419,6.114,6.4,239389.782616
1657915200,6.401,6.456,6.263,6.324,251802.565989
1657929600,6.324,6.371,6.187,6.27,195348.083483
1657944000,6.269,6.292,6.141,6.166,134908.806993
1657958400,6.165,6.219,6.157,6.184,112608.135735
1657972800,6.185,6.328,6.168,6.323,152060.726813
1657987200,6.324,6.543,6.321,6.478,508055.296809
1658001600,6.479,6.621,6.426,6.592,239012.974539
1658016000,6.592,6.62,6.445,6.535,194399.397583
1658030400,6.535,6.714,6.502,6.598,227513.574811
1658044800,6.599,6.645,6.481,6.535,166360.980174
1658059200,6.534,6.547,6.41,6.448,161731.024468
1658073600,6.449,6.536,6.322,6.424,160572.845121
1658088000,6.425,6.471,6.32,6.346,102379.123593
1658102400,6.346,6.577,6.329,6.552,120265.548756
1658116800,6.552,6.813,6.509,6.779,390115.297773
1658131200,6.78,7.071,6.758,6.937,493822.168001
1658145600,6.938,7.148,6.864,7.121,324878.420629
1658160000,7.122,7.126,6.71,6.761,360001.750232
1658174400,6.762,7.088,6.748,7.039,230246.12468
1658188800,7.04,7.237,6.797,6.819,597603.168802
1658203200,6.819,6.929,6.733,6.83,289884.565052
1658217600,6.83,7.024,6.808,6.972,288259.541542
1658232000,6.971,7.203,6.963,7.148,502336.048918
1658246400,7.15,7.37,7.129,7.274,489585.110909
1658260800,7.275,7.366,7.214,7.254,223753.553799
1658275200,7.254,7.486,7.151,7.436,453541.27559
1658289600,7.436,7.585,7.272,7.351,362422.416654
1658304000,7.35,7.497,7.243,7.327,239586.916202
1658318400,7.327,7.431,7.214,7.33,438207.288121
1658332800,7.33,7.343,7.043,7.065,300332.734281
1658347200,7.065,7.108,6.826,6.866,312152.589982
1658361600,6.865,6.95,6.667,6.712,276021.40901
1658376000,6.712,6.85,6.644,6.804,162760.773086
1658390400,6.804,6.845,6.692,6.762,155041.412965
1658404800,6.762,6.931,6.733,6.837,281184.567887
1658419200,6.839,7.039,6.834,7.018,202654.399816
1658433600,7.018,7.052,6.935,6.994,164082.93974
1658448000,6.994,7.141,6.944,6.954,203051.554478
1658462400,6.955,7.096,6.907,7.032,166059.639157
1658476800,7.033,7.285,7.017,7.214,283006.907174
1658491200,7.213,7.272,6.937,6.958,436126.819952
1658505600,6.961,7.038,6.757,6.778,315686.410225
1658520000,6.776,6.862,6.743,6.784,141274.710366
1658534400,6.783,6.921,6.71,6.869,146530.555988
1658548800,6.868,7.0,6.864,6.966,104792.215576
1658563200,6.966,7.029,6.69,6.695,247524.201874
1658577600,6.695,6.793,6.631,6.746,170379.634272
1658592000,6.745,6.771,6.607,6.752,220135.591807
1658606400,6.752,6.896,6.743,6.846,191117.448668
1658620800,6.846,6.95,6.844,6.886,164811.85165
1658635200,6.886,7.085,6.863,7.024,155242.473327
1658649600,7.024,7.165,6.942,7.077,175981.060139
1658664000,7.077,7.132,6.965,7.105,204346.867517
1658678400,7.106,7.112,7.004,7.058,122450.900562
1658692800,7.057,7.249,7.019,7.096,223234.450535
1658707200,7.093,7.146,6.676,6.712,292508.766344
1658721600,6.711,6.831,6.671,6.809,154013.128401
1658736000,6.808,6.848,6.75,6.796,130121.274367
1658750400,6.798,6.817,6.65,6.768,188039.925543
1658764800,6.767,6.824,6.574,6.656,184313.014586
1658779200,6.657,6.775,6.406,6.429,350260.543284
1658793600,6.43,6.447,6.267,6.39,339130.936704
1658808000,6.39,6.427,6.274,6.287,143938.033784
1658822400,6.288,6.351,6.233,6.293,114689.214243
1658836800,6.294,6.361,6.138,6.148,293594.431829
1658851200,6.15,6.254,6.08,6.14,172836.544696
1658865600,6.141,6.355,6.109,6.343,153729.265235
1658880000,6.343,6.354,6.189,6.206,117004.207764
1658894400,6.206,6.376,6.205,6.331,88376.885305
1658908800,6.332,6.365,6.217,6.231,96625.369506
1658923200,6.231,6.379,6.213,6.345,152172.705863
1658937600,6.345,6.791,6.265,6.744,430706.727128
1658952000,6.745,6.87,6.719,6.861,192210.364158
1658966400,6.861,6.966,6.782,6.866,231683.529286
1658980800,6.866,6.923,6.789,6.811,126491.435531
1658995200,6.81,6.903,6.773,6.88,128340.035969
1659009600,6.881,7.128,6.675,7.07,491982.971804
1659024000,7.069,7.224,7.049,7.131,340037.001098
1659038400,7.132,7.295,7.129,7.217,229205.727198
1659052800,7.218,7.675,7.109,7.63,556902.697807
1659067200,7.629,7.797,7.534,7.592,419789.770749
1659081600,7.592,7.882,7.479,7.494,520801.102301
1659096000,7.494,8.091,7.386,7.912,784330.448045
1659110400,7.912,8.091,7.715,7.986,428317.426417
1659124800,7.985,8.119,7.847,7.882,403133.658988
1659139200,7.883,8.11,7.707,7.773,373633.648234
1659153600,7.774,7.898,7.67,7.841,168108.075401
1659168000,7.841,7.954,7.704,7.822,217997.763613
1659182400,7.822,8.211,7.773,8.195,438907.984674
1659196800,8.194,8.194,7.861,7.884,211445.379139
1659211200,7.883,7.927,7.703,7.819,207117.959071
1659225600,7.819,8.091,7.75,7.916,194837.896267
1659240000,7.917,7.966,7.784,7.799,82246.554819
1659254400,7.797,7.873,7.7,7.818,109051.766175
1659268800,7.819,7.929,7.719,7.839,175808.028293
1659283200,7.838,8.065,7.715,7.919,379177.3512
1659297600,7.919,7.98,7.574,7.652,182606.166158
1659312000,7.651,7.88,7.62,7.756,288829.279009
1659326400,7.756,7.804,7.581,7.701,190130.061432
1659340800,7.701,7.74,7.483,7.602,162718.539033
1659355200,7.603,7.78,7.462,7.674,359802.7774
1659369600,7.673,7.698,7.407,7.474,196654.963308
1659384000,7.474,7.602,7.436,7.568,96636.949277
1659398400,7.569,7.666,7.05,7.113,707374.063473
1659412800,7.112,7.171,7.018,7.162,178768.781136
1659427200,7.162,7.227,7.044,7.18,159477.695243
1659441600,7.179,7.343,7.068,7.292,279083.025907
1659456000,7.293,7.478,7.216,7.276,196953.195528
1659470400,7.277,7.339,7.159,7.175,141457.784782
1659484800,7.176,7.232,7.047,7.19,130384.517009
1659499200,7.191,7.441,7.177,7.422,192898.739752
1659513600,7.423,7.586,7.423,7.567,176216.112495
1659528000,7.568,7.639,7.433,7.518,232948.177269
1659542400,7.518,7.593,7.487,7.536,69238.473753
1659556800,7.537,7.544,7.23,7.28,125700.822115
1659571200,7.28,7.501,7.269,7.416,142419.805081
1659585600,7.417,7.543,7.324,7.386,126181.83214
1659600000,7.386,7.427,7.32,7.359,75417.432167
1659614400,7.358,7.47,7.253,7.353,200235.012609
1659628800,7.354,7.401,7.173,7.268,149683.941547
1659643200,7.268,7.377,7.242,7.361,69686.197038
1659657600,7.362,7.636,7.35,7.633,132598.815247
1659672000,7.634,7.799,7.634,7.706,172621.57779
1659686400,7.706,7.836,7.642,7.799,123958.582215
1659700800,7.799,7.895,7.642,7.714,339972.631233
1659715200,7.714,7.747,7.591,7.644,108491.706959
1659729600,7.643,7.888,7.625,7.878,97937.530997
1659744000,7.878,7.893,7.762,7.774,86114.422213
1659758400,7.774,7.978,7.763,7.947,205301.860506
1659772800,7.948,8.111,7.917,7.925,100371.436749
1659787200,7.926,7.976,7.866,7.879,62487.873087
1659801600,7.879,7.891,7.734,7.85,70710.847485
1659816000,7.851,7.897,7.75,7.795,68051.732253
1659830400,7.794,7.855,7.652,7.739,110661.077634
1659844800,7.738,7.769,7.7,7.744,41277.280201
1659859200,7.745,7.808,7.686,7.808,56476.118522
1659873600,7.807,7.888,7.789,7.842,83783.723157
1659888000,7.842,8.227,7.832,8.227,204458.760351
1659902400,8.227,8.373,8.207,8.342,250131.463719
1659916800,8.341,8.503,8.225,8.408,453530.918378
1659931200,8.408,8.527,8.363,8.452,236912.925714
1659945600,8.452,8.741,8.439,8.683,441677.833803
1659960000,8.683,8.753,8.522,8.67,243770.527283
1659974400,8.671,8.788,8.504,8.544,324084.272446
1659988800,8.543,8.698,8.386,8.604,200557.380496
1660003200,8.604,8.956,8.531,8.715,262408.900688
1660017600,8.714,8.781,8.485,8.62,352612.614871
1660032000,8.621,8.63,8.39,8.424,357200.593743
1660046400,8.424,8.687,8.267,8.593,361144.299861
1660060800,8.589,8.89,8.512,8.626,476673.524411
1660075200,8.626,8.872,8.621,8.743,145459.974504
1660089600,8.742,8.742,8.353,8.41,270498.706968
1660104000,8.411,8.484,8.298,8.393,122334.354907
1660118400,8.393,8.478,8.343,8.428,118902.704802
1660132800,8.428,9.276,8.377,9.205,1211996.859929
1660147200,9.206,9.303,9.029,9.039,388531.840906
1660161600,9.04,9.111,8.981,9.059,186800.297957
1660176000,9.059,9.23,8.931,9.078,356397.136895
1660190400,9.079,9.155,8.904,8.972,256119.154629
1660204800,8.973,9.055,8.927,9.023,136737.352252
1660219200,9.022,9.216,8.821,8.862,370986.137444
1660233600,8.861,9.161,8.853,9.117,158340.371514
1660248000,9.118,9.139,8.904,8.958,139285.547914
1660262400,8.96,9.088,8.792,9.048,193603.249266
1660276800,9.048,9.082,8.868,9.049,87319.179067
1660291200,9.048,9.315,8.938,9.053,304109.99613
1660305600,9.054,9.505,9.051,9.283,513296.941543
1660320000,9.283,9.316,9.147,9.21,119399.677054
1660334400,9.209,9.384,9.12,9.324,100595.16569
1660348800,9.325,9.372,9.203,9.339,148763.751844
1660363200,9.339,9.488,9.233,9.235,161149.382754
1660377600,9.236,9.299,9.065,9.144,134025.890845
1660392000,9.143,9.215,9.055,9.175,83643.536474
1660406400,9.176,9.212,9.1,9.123,50098.469701
1660420800,9.122,9.22,9.083,9.145,54526.345563
1660435200,9.146,9.21,8.972,9.178,120133.954716
1660449600,9.178,9.361,9.115,9.352,98768.971934
1660464000,9.352,9.367,9.12,9.125,88664.167364
1660478400,9.124,9.129,8.848,8.99,175572.753446
1660492800,8.992,8.997,8.678,8.834,158037.124416
1660507200,8.834,8.859,8.708,8.766,65057.445392
1660521600,8.767,9.055,8.536,8.969,265867.441816
1660536000,8.968,8.989,8.518,8.571,174866.400313
1660550400,8.571,8.697,8.5,8.618,109218.781888
1660564800,8.617,8.793,8.531,8.784,125268.343208
1660579200,8.784,8.854,8.61,8.67,112223.901727
1660593600,8.671,8.745,8.493,8.647,105874.120861
1660608000,8.646,8.825,8.492,8.675,197462.894279
1660622400,8.675,8.708,8.516,8.628,59129.073799
1660636800,8.628,8.716,8.587,8.645,74422.305572
1660651200,8.646,8.672,8.376,8.525,177982.971762
1660665600,8.526,8.574,8.379,8.493,75025.091231
1660680000,8.493,8.548,8.405,8.449,61949.122099
1660694400,8.448,8.644,8.43,8.632,94312.686485
1660708800,8.631,8.741,8.43,8.44,131022.162292
1660723200,8.44,8.548,8.389,8.424,75428.011947
1660737600,8.425,8.427,8.043,8.089,186620.405884
1660752000,8.089,8.229,8.066,8.138,84838.356373
1660766400,8.138,8.207,7.987,8.059,120585.046524
1660780800,8.06,8.138,7.941,8.111,78294.082361
1660795200,8.111,8.204,8.036,8.188,114909.233663
1660809600,8.189,8.236,8.125,8.221,77503.681975
1660824000,8.222,8.239,8.067,8.131,81016.374966
1660838400,8.13,8.133,7.944,8.006,121410.592559
1660852800,8.006,8.07,7.609,7.648,246869.701694
1660867200,7.648,7.698,7.383,7.464,331443.140496
1660881600,7.464,7.478,6.989,7.127,516189.877993
1660896000,7.127,7.158,6.927,7.059,410718.637043
1660910400,7.058,7.141,6.961,7.119,129792.210226
1660924800,7.118,7.223,7.017,7.112,136296.917439
1660939200,7.112,7.145,6.812,6.898,289920.751277
1660953600,6.898,7.126,6.891,7.069,187836.612902
1660968000,7.068,7.205,7.044,7.155,181101.04138
1660982400,7.153,7.154,7.036,7.074,100928.889327
1660996800,7.073,7.076,6.943,7.021,148969.855969
1661011200,7.02,7.032,6.7,6.724,250260.901973
1661025600,6.725,6.937,6.668,6.899,206075.177849
1661040000,6.899,6.975,6.88,6.915,94986.797985
1661054400,6.915,7.053,6.88,7.044,117024.19451
1661068800,7.044,7.146,7.015,7.115,205800.929707
1661083200,7.114,7.16,7.0,7.045,140097.963399
1661097600,7.045,7.125,7.008,7.086,120741.456887
1661112000,7.087,7.167,6.937,7.079,151326.731097
1661126400,7.08,7.085,6.976,7.014,79883.28171
1661140800,7.013,7.042,6.756,6.77,141060.087094
1661155200,6.769,6.885,6.677,6.834,154137.325559
1661169600,6.835,6.893,6.714,6.884,141047.953086
1661184000,6.883,6.917,6.779,6.839,75095.164195
1661198400,6.84,7.052,6.84,7.043,82607.709137
1661212800,7.043,7.13,7.038,7.045,97775.175078
1661227200,7.046,7.062,6.771,6.941,106217.061679
1661241600,6.941,7.093,6.94,7.085,121133.533194
1661256000,7.086,7.26,6.989,7.239,240938.077371
1661270400,7.238,7.358,7.136,7.23,144314.971402
1661284800,7.231,7.289,7.186,7.241,68296.26081
1661299200,7.242,7.25,7.018,7.039,126895.028732
1661313600,7.037,7.17,7.017,7.072,67390.650946
1661328000,7.072,7.194,7.071,7.184,68703.936203
1661342400,7.184,7.3,7.089,7.291,124526.845242
1661356800,7.292,7.376,7.244,7.277,96052.423872
1661371200,7.277,7.298,7.11,7.122,100288.949973
1661385600,7.122,7.294,7.117,7.188,96640.653896
1661400000,7.189,7.376,7.184,7.351,97198.18963
1661414400,7.352,7.369,7.247,7.271,92460.169169
1661428800,7.271,7.301,7.025,7.088,183236.995262
1661443200,7.088,7.158,7.006,7.138,156209.759509
1661457600,7.14,7.173,7.071,7.129,70846.029784
1661472000,7.127,7.145,7.022,7.114,70787.116061
1661486400,7.114,7.133,6.905,6.981,98090.00842
1661500800,6.981,7.007,6.813,6.882,135891.568892
1661515200,6.881,7.191,6.715,6.763,606405.149988
1661529600,6.764,6.776,6.566,6.656,261684.410537
1661544000,6.656,6.71,6.401,6.506,310660.181989
1661558400,6.505,6.585,6.452,6.548,136936.083569
1661572800,6.549,6.607,6.416,6.602,165527.63084
1661587200,6.603,6.612,6.539,6.584,88715.595295
1661601600,6.583,6.605,6.439,6.504,118358.843814
1661616000,6.503,6.535,6.414,6.499,134893.494674
1661630400,6.498,6.57,6.436,6.532,79138.619575
1661644800,6.533,6.576,6.434,6.49,83139.074154
1661659200,6.49,6.56,6.435,6.542,74119.768007
1661673600,6.542,6.57,6.471,6.509,69776.501624
1661688000,6.51,6.581,6.411,6.581,112315.326602
1661702400,6.579,6.633,6.498,6.505,81517.02101
1661716800,6.504,6.533,6.226,6.253,280196.430361
1661731200,6.253,6.408,6.196,6.362,214227.183204
1661745600,6.364,6.376,6.28,6.352,92567.729394
1661760000,6.353,6.366,6.315,6.366,72330.046699
1661774400,6.367,6.649,6.361,6.561,211836.231
1661788800,6.563,6.608,6.526,6.563,92810.028918
1661803200,6.564,6.732,6.547,6.701,87982.588003
1661817600,6.7,6.714,6.606,6.663,63950.976699
1661832000,6.663,6.826,6.658,6.781,93863.810082
1661846400,6.781,6.813,6.713,6.741,95368.801554
1661860800,6.742,6.77,6.448,6.513,187063.341012
1661875200,6.512,6.661,6.366,6.593,144375.37864
1661889600,6.594,6.666,6.525,6.556,94019.018608
1661904000,6.557,6.83,6.557,6.789,126911.670714
1661918400,6.79,6.898,6.721,6.75,141266.456309
1661932800,6.752,6.857,6.687,6.801,106471.381939
1661947200,6.803,6.853,6.584,6.691,188362.948649
1661961600,6.689,6.713,6.547,6.652,135000.82987
1661976000,6.652,6.762,6.577,6.628,94870.938589
1661990400,6.627,6.689,6.514,6.557,95303.891614
1662004800,6.558,6.638,6.47,6.518,78213.137934
1662019200,6.518,6.751,6.461,6.737,106025.981272
1662033600,6.74,6.772,6.441,6.545,188837.667477
1662048000,6.545,6.688,6.503,6.664,102183.960616
1662062400,6.664,6.963,6.652,6.924,120330.237254
1662076800,6.924,6.984,6.825,6.931,149985.961757
1662091200,6.933,6.99,6.837,6.883,83489.58407
1662105600,6.884,6.96,6.838,6.93,108971.388144
1662120000,6.931,7.212,6.89,7.183,332774.836761
1662134400,7.184,7.239,6.787,6.838,188487.652626
1662148800,6.838,6.958,6.817,6.926,74433.64478
1662163200,6.927,6.966,6.849,6.878,79720.498509
1662177600,6.878,6.931,6.755,6.823,102011.248218
1662192000,6.822,6.87,6.794,6.832,56098.171152
1662206400,6.831,6.887,6.794,6.812,38227.253109
1662220800,6.813,6.842,6.722,6.789,55721.533786
1662235200,6.788,6.86,6.773,6.859,38701.032379
1662249600,6.859,6.926,6.834,6.865,119856.846858
1662264000,6.865,6.924,6.819,6.823,42162.05219
1662278400,6.822,7.066,6.791,7.066,74004.516508
1662292800,7.067,7.239,7.034,7.195,265498.654852
1662307200,7.194,7.277,7.157,7.165,107249.834515
1662321600,7.165,7.193,7.076,7.157,76328.754253
1662336000,7.156,7.291,7.12,7.196,97332.863561
1662350400,7.197,7.285,7.12,7.224,116720.327997
1662364800,7.225,7.225,7.09,7.143,153141.121459
1662379200,7.142,7.393,7.112,7.29,149233.222694
1662393600,7.29,7.336,7.187,7.222,89002.892346
1662408000,7.222,7.424,7.222,7.375,114278.610695
1662422400,7.376,7.552,7.209,7.28,278865.304565
1662436800,7.281,7.393,7.245,7.335,71289.491165
1662451200,7.334,7.361,7.236,7.31,63894.822892
1662465600,7.309,7.352,7.098,7.191,166110.283671
1662480000,7.19,7.207,6.654,6.684,340687.551604
1662494400,6.684,6.748,6.574,6.657,225540.196471
1662508800,6.656,6.768,6.577,6.635,265347.57828
1662523200,6.633,6.714,6.605,6.71,164834.435458
1662537600,6.711,6.774,6.688,6.757,190262.622625
1662552000,6.759,6.828,6.673,6.784,218479.965069
1662566400,6.782,6.966,6.768,6.906,230316.48534
1662580800,6.907,7.148,6.907,7.085,281892.449126
1662595200,7.085,7.13,7.008,7.053,151442.12826
1662609600,7.054,7.161,7.005,7.056,181372.578088
1662624000,7.055,7.32,7.038,7.253,272922.259243
1662638400,7.254,7.441,7.154,7.36,460469.478658
1662652800,7.362,7.502,7.287,7.5,319552.660033
1662667200,7.497,7.508,7.377,7.403,152960.515601
1662681600,7.405,7.76,7.387,7.76,323926.275094
1662696000,7.76,7.904,7.718,7.861,336465.211801
1662710400,7.861,8.043,7.86,7.96,451674.869252
1662724800,7.957,8.1,7.824,7.83,349005.701574
1662739200,7.83,7.843,7.661,7.728,317199.022468
1662753600,7.727,7.816,7.636,7.741,214221.243053
1662768000,7.742,7.839,7.66,7.756,245517.813626
1662782400,7.758,7.829,7.614,7.646,292240.030401
1662796800,7.646,7.796,7.645,7.777,200201.624018
1662811200,7.777,7.818,7.678,7.737,247996.754047
1662825600,7.737,8.031,7.732,7.935,502176.091583
1662840000,7.937,7.998,7.823,7.902,280927.954099
1662854400,7.903,7.979,7.854,7.88,175270.008346
1662868800,7.882,7.986,7.731,7.939,220603.917779
1662883200,7.939,8.178,7.928,7.992,277092.208626
1662897600,7.991,8.02,7.837,7.859,270055.476519
1662912000,7.859,8.0,7.847,7.972,151315.503077
1662926400,7.968,8.075,7.779,8.031,279235.306454
1662940800,8.032,8.303,7.852,7.92,641699.575591
1662955200,7.92,8.043,7.887,8.042,214049.535764
1662969600,8.044,8.145,7.978,8.08,291137.224421
1662984000,8.082,8.084,7.672,7.723,328641.185231
1662998400,7.721,7.815,7.608,7.805,278179.10484
1663012800,7.806,7.844,7.708,7.758,211246.592983
1663027200,7.758,7.767,7.546,7.702,285924.218151
1663041600,7.702,7.828,7.67,7.797,200763.915623
1663056000,7.799,7.91,7.703,7.894,251961.884775
1663070400,7.895,7.957,7.17,7.19,686716.513064
1663084800,7.19,7.302,7.041,7.212,364521.102452
1663099200,7.211,7.255,7.017,7.024,228188.660358
1663113600,7.023,7.278,6.977,7.254,271836.923662
1663128000,7.255,7.286,7.092,7.192,205750.938812
1663142400,7.191,7.318,7.137,7.275,220041.428863
1663156800,7.277,7.455,7.2,7.428,427502.436899
1663171200,7.429,7.521,7.249,7.412,418115.435402
1663185600,7.41,7.541,7.353,7.455,187808.794801
1663200000,7.455,7.473,7.116,7.196,419968.502466
1663214400,7.196,7.494,7.121,7.403,418826.916733
1663228800,7.403,7.404,7.229,7.321,220281.648713
1663243200,7.321,7.353,7.012,7.179,431273.134642
1663257600,7.177,7.384,7.118,7.317,231027.326921
1663272000,7.319,7.607,7.319,7.566,427698.042026
1663286400,7.565,7.659,7.418,7.532,321815.234138
1663300800,7.533,7.636,7.486,7.595,232589.814939
1663315200,7.596,7.765,7.468,7.744,346277.655694
1663329600,7.745,7.801,7.575,7.731,463879.699822
1663344000,7.732,7.754,7.528,7.582,327189.915356
1663358400,7.58,7.684,7.547,7.655,170903.752345
1663372800,7.655,7.832,7.642,7.802,200493.249793
1663387200,7.803,8.071,7.8,7.998,369579.536477
1663401600,7.998,8.04,7.836,7.839,181988.734298
1663416000,7.841,7.973,7.827,7.905,74764.700818
1663430400,7.906,8.083,7.902,8.019,113804.330943
1663444800,8.02,8.147,7.934,8.091,159572.083971
1663459200,8.091,8.137,7.911,7.955,139019.257984
1663473600,7.955,8.099,7.947,8.008,164097.465302
1663488000,8.007,8.029,7.815,7.93,141338.416555
1663502400,7.929,7.996,7.827,7.875,130097.579034
1663516800,7.874,7.898,7.717,7.835,237942.769386
1663531200,7.835,7.845,7.4,7.522,298174.214886
1663545600,7.523,7.676,7.155,7.203,408021.061274
1663560000,7.201,7.247,7.036,7.167,227146.77605
1663574400,7.168,7.173,7.007,7.141,172292.438078
1663588800,7.143,7.39,7.111,7.272,249586.334271
1663603200,7.272,7.353,7.136,7.338,169491.927386
1663617600,7.338,7.38,7.274,7.3,133499.755602
1663632000,7.299,7.337,7.136,7.197,106050.438204
1663646400,7.197,7.294,7.156,7.207,79718.552536
1663660800,7.207,7.253,7.094,7.137,70741.796418
1663675200,7.136,7.221,7.007,7.209,208274.190774
1663689600,7.209,7.235,6.856,6.956,194277.538421
1663704000,6.957,7.01,6.809,6.881,147089.58771
1663718400,6.882,7.003,6.828,6.932,111750.744707
1663732800,6.932,6.99,6.769,6.861,130106.122837
1663747200,6.861,7.042,6.823,7.022,111496.355496
1663761600,7.022,7.071,6.91,6.954,168356.111143
1663776000,6.955,7.317,6.85,6.968,686321.577657
1663790400,6.967,6.983,6.522,6.68,388601.476485
1663804800,6.679,6.784,6.639,6.739,107620.473175
1663819200,6.741,6.886,6.74,6.881,95063.293668
1663833600,6.88,7.084,6.874,7.072,130081.292548
1663848000,7.073,7.081,6.87,6.945,189697.601399
1663862400,6.944,7.173,6.865,7.101,143741.205922
1663876800,7.101,7.178,7.037,7.121,102180.416476
1663891200,7.122,7.241,7.013,7.232,111382.420921
1663905600,7.232,7.279,7.098,7.114,121068.677201
1663920000,7.115,7.308,6.998,7.212,325527.219171
1663934400,7.213,7.31,6.977,7.096,373875.465929
1663948800,7.095,7.114,6.964,7.093,171306.741584
1663963200,7.092,7.494,7.092,7.449,238144.252575
1663977600,7.449,7.507,7.368,7.418,177421.785502
1663992000,7.419,7.622,7.416,7.548,232725.379803
1664006400,7.548,7.741,7.517,7.612,217806.453122
1664020800,7.611,7.69,7.587,7.68,147302.682311
1664035200,7.681,7.872,7.661,7.793,323527.064805
1664049600,7.793,7.847,7.575,7.626,164751.328354
1664064000,7.627,7.777,7.625,7.755,151713.566074
1664078400,7.754,8.069,7.73,8.025,438338.614191
1664092800,8.025,8.077,7.928,8.013,242521.06345
1664107200,8.012,8.051,7.75,7.906,398131.669407
1664121600,7.906,7.969,7.736,7.833,188564.336829
1664136000,7.832,7.948,7.564,7.866,287284.121091
1664150400,7.865,7.955,7.71,7.751,223137.140219
1664164800,7.75,7.754,7.465,7.62,276898.00616
1664179200,7.621,7.825,7.52,7.6,306132.98415
1664193600,7.601,7.891,7.555,7.868,310735.387339
1664208000,7.868,7.929,7.742,7.85,181278.787053
1664222400,7.85,7.948,7.764,7.944,126229.276989
1664236800,7.944,8.26,7.909,8.196,502094.479064
1664251200,8.197,8.398,8.178,8.226,318178.585567
1664265600,8.226,8.332,8.168,8.232,155698.027586
1664280000,8.23,8.388,8.114,8.126,228118.863165
1664294400,8.126,8.166,7.658,7.78,492264.328679
1664308800,7.778,8.151,7.71,8.055,284634.432077
1664323200,8.056,8.439,7.888,8.062,648305.306749
1664337600,8.063,8.097,7.807,7.975,338324.909872
1664352000,7.976,8.18,7.806,8.103,284176.748466
1664366400,8.104,8.545,8.044,8.206,806585.262149
1664380800,8.205,8.212,7.855,7.901,465593.066794
1664395200,7.902,7.981,7.726,7.794,319948.155156
1664409600,7.794,7.837,7.638,7.772,312013.344841
1664424000,7.772,7.822,7.639,7.691,187773.264009
1664438400,7.69,7.824,7.667,7.78,186710.677916
1664452800,7.78,7.884,7.559,7.77,433034.253135
1664467200,7.769,7.888,7.737,7.843,180390.360541
1664481600,7.842,7.94,7.818,7.9,151116.66906
1664496000,7.901,7.915,7.776,7.803,116688.372473
1664510400,7.804,7.903,7.777,7.867,106404.264626
1664524800,7.868,7.884,7.67,7.682,160376.461581
1664539200,7.681,7.86,7.627,7.688,375947.684806
1664553600,7.687,7.736,7.507,7.523,266929.391101
1664568000,7.522,7.609,7.515,7.584,153414.196629
1664582400,7.584,7.644,7.541,7.637,105619.157411
1664596800,7.637,7.64,7.537,7.605,87076.126986
1664611200,7.605,7.635,7.555,7.588,81992.113908
1664625600,7.588,7.592,7.51,7.553,75889.685465
1664640000,7.554,7.554,7.326,7.386,206717.647531
1664654400,7.386,7.403,7.313,7.393,87000.096479
1664668800,7.392,7.485,7.371,7.471,109526.570231
1664683200,7.472,7.545,7.446,7.465,73329.0591
1664697600,7.464,7.533,7.206,7.334,264019.988775
1664712000,7.333,7.365,7.268,7.296,108926.352357
1664726400,7.295,7.372,7.275,7.348,123870.832498
1664740800,7.349,7.355,7.091,7.111,283352.758651
1664755200,7.11,7.226,7.045,7.177,178708.783797
1664769600,7.178,7.182,7.015,7.128,222336.214814
1664784000,7.128,7.181,7.095,7.18,196439.690617
1664798400,7.181,7.3,7.15,7.236,205988.800815
1664812800,7.236,7.312,7.164,7.224,128682.26712
1664827200,7.226,7.353,7.198,7.331,118490.60129
1664841600,7.328,7.533,7.325,7.528,299893.973942
1664856000,7.529,7.699,7.505,7.654,280129.962148
1664870400,7.654,7.71,7.597,7.678,242862.189503
1664884800,7.679,7.83,7.662,7.731,274309.718197
1664899200,7.732,7.795,7.643,7.749,203302.088456
1664913600,7.75,7.796,7.696,7.722,162149.923346
1664928000,7.722,7.848,7.718,7.726,155920.616117
1664942400,7.726,7.798,7.677,7.738,121529.26029
1664956800,7.738,7.743,7.583,7.626,235231.972779
1664971200,7.625,7.878,7.6,7.815,336776.544213
1664985600,7.816,7.94,7.764,7.889,217947.053552
1665000000,7.889,7.913,7.797,7.874,125797.624253
1665014400,7.875,7.942,7.858,7.908,192043.194306
1665028800,7.907,7.932,7.771,7.818,154143.876635
1665043200,7.817,7.888,7.76,7.868,154459.043005
1665057600,7.868,7.9,7.681,7.753,226985.52197
1665072000,7.752,7.774,7.671,7.681,96097.990603
1665086400,7.68,7.711,7.597,7.632,99731.723354
1665100800,7.631,7.738,7.622,7.688,81329.536433
1665115200,7.688,7.8,7.661,7.709,83181.543172
1665129600,7.708,7.743,7.604,7.649,87989.544072
1665144000,7.65,7.655,7.472,7.55,443493.846801
1665158400,7.549,7.655,7.487,7.597,141702.858728
1665172800,7.596,7.618,7.547,7.602,44102.421812
1665187200,7.602,7.656,7.578,7.587,55652.419829
1665201600,7.588,7.621,7.55,7.616,52703.742057
1665216000,7.615,7.618,7.559,7.572,39746.566876
1665230400,7.572,7.573,7.488,7.492,85263.552508
1665244800,7.491,7.518,7.457,7.465,43788.448351
1665259200,7.464,7.464,7.342,7.456,117133.945779
1665273600,7.456,7.476,7.417,7.441,47617.584821
1665288000,7.441,7.547,7.417,7.528,48668.971622
1665302400,7.527,7.599,7.488,7.552,69320.247541
1665316800,7.552,7.592,7.505,7.532,74573.108435
1665331200,7.532,7.654,7.514,7.62,88087.212657
1665345600,7.62,7.637,7.556,7.631,61807.263683
1665360000,7.629,7.705,7.609,7.626,94010.372678
1665374400,7.627,7.655,7.558,7.572,69839.080904
1665388800,7.572,7.577,7.383,7.483,147371.772952
1665403200,7.482,7.573,7.445,7.501,166201.267781
1665417600,7.501,7.626,7.479,7.6,126508.716987
1665432000,7.6,7.731,7.323,7.332,335162.231964
1665446400,7.333,7.382,7.135,7.188,253365.303659
1665460800,7.186,7.26,7.171,7.226,93237.388873
1665475200,7.225,7.251,7.156,7.239,89573.382346
1665489600,7.239,7.309,7.13,7.292,252359.2649
1665504000,7.292,7.339,7.142,7.183,146653.019537
1665518400,7.183,7.203,7.068,7.135,135097.30714
1665532800,7.134,7.201,7.103,7.137,79396.871024
1665547200,7.137,7.273,7.135,7.228,99010.466165
1665561600,7.229,7.264,7.185,7.196,77616.142704
1665576000,7.197,7.212,7.104,7.178,127888.760928
1665590400,7.177,7.192,7.09,7.164,93126.283594
1665604800,7.165,7.196,7.122,7.146,35611.52162
1665619200,7.145,7.156,6.888,6.97,191926.249247
1665633600,6.969,6.977,6.607,6.72,284543.185072
1665648000,6.719,6.773,6.441,6.629,378113.744097
1665662400,6.63,6.87,6.294,6.831,604864.212402
1665676800,6.832,7.062,6.818,7.003,274227.240755
1665691200,7.003,7.107,6.996,7.028,112687.896089
1665705600,7.027,7.25,6.981,7.172,205225.233758
1665720000,7.173,7.201,7.106,7.126,98433.605016
1665734400,7.125,7.178,7.07,7.106,116755.374558
1665748800,7.107,7.249,7.011,7.038,213114.296466
1665763200,7.039,7.056,6.845,6.887,161589.476845
1665777600,6.887,6.907,6.794,6.891,90225.083181
1665792000,6.891,6.922,6.838,6.898,88506.6419
1665806400,6.898,6.93,6.879,6.913,33838.143506
1665820800,6.912,6.975,6.817,6.972,78162.66755
1665835200,6.973,6.986,6.899,6.934,69566.862776
1665849600,6.935,6.968,6.897,6.961,34938.959631
1665864000,6.962,6.979,6.834,6.886,64086.462523
1665878400,6.886,7.094,6.876,7.081,102488.813508
1665892800,7.08,7.146,7.028,7.049,66322.122026
1665907200,7.05,7.117,7.018,7.065,60577.938322
1665921600,7.066,7.101,7.008,7.091,58633.101419
1665936000,7.092,7.218,7.032,7.207,85002.943152
1665950400,7.207,7.238,7.085,7.171,75068.091224
1665964800,7.17,7.189,7.068,7.109,53162.178877
1665979200,7.108,7.216,7.094,7.213,49078.48954
1665993600,7.213,7.282,7.165,7.223,130913.462591
1666008000,7.223,7.337,7.196,7.257,139930.502518
1666022400,7.258,7.326,7.2,7.229,81418.306005
1666036800,7.23,7.374,7.22,7.329,79696.958083
1666051200,7.329,7.374,7.228,7.299,110182.120832
1666065600,7.299,7.321,7.235,7.259,83093.444352
1666080000,7.259,7.262,7.111,7.175,99638.764411
1666094400,7.176,7.217,7.064,7.112,138382.531631
1666108800,7.111,7.144,6.964,7.051,139844.030232
1666123200,7.051,7.148,7.043,7.129,95041.350403
1666137600,7.126,7.136,7.0,7.039,87802.01723
1666152000,7.039,7.063,6.944,7.019,60414.530367
1666166400,7.018,7.063,6.91,6.959,100924.373961
1666180800,6.958,7.013,6.909,7.004,95693.101717
1666195200,7.003,7.003,6.89,6.943,77424.151623
1666209600,6.943,6.969,6.706,6.773,143967.184925
1666224000,6.773,6.813,6.686,6.764,119393.32802
1666238400,6.763,6.86,6.762,6.837,106107.744774
1666252800,6.838,6.885,6.794,6.842,83075.01119
1666267200,6.841,6.911,6.78,6.865,136157.923502
1666281600,6.863,6.863,6.618,6.698,146429.567419
1666296000,6.698,6.708,6.602,6.661,118151.4123
1666310400,6.661,6.69,6.55,6.65,153323.994887
1666324800,6.649,6.665,6.575,6.596,88400.530285
1666339200,6.595,6.607,6.465,6.518,245146.700373
1666353600,6.518,6.733,6.441,6.732,253863.5195
1666368000,6.734,6.843,6.7,6.787,128805.345591
1666382400,6.787,6.847,6.775,6.812,80364.91295
1666396800,6.812,6.832,6.731,6.762,55107.862431
1666411200,6.763,6.826,6.727,6.816,71703.955467
1666425600,6.816,6.89,6.806,6.87,68210.196704
1666440000,6.87,6.932,6.828,6.876,94347.858614
1666454400,6.875,6.893,6.808,6.872,50577.559247
1666468800,6.872,6.917,6.856,6.869,42149.063665
1666483200,6.87,6.975,6.819,6.938,84775.587393
1666497600,6.938,6.985,6.912,6.925,42869.952876
1666512000,6.921,6.967,6.837,6.853,66638.128172
1666526400,6.851,6.872,6.804,6.825,117065.803028
1666540800,6.824,7.034,6.813,6.992,134316.794117
1666555200,6.993,7.089,6.965,7.063,91594.006297
1666569600,7.064,7.085,6.901,6.913,132502.886293
1666584000,6.913,6.958,6.877,6.914,85531.833272
1666598400,6.914,6.978,6.858,6.971,99419.84246
1666612800,6.971,6.974,6.791,6.889,150552.821818
1666627200,6.889,6.96,6.856,6.923,67295.729206
1666641600,6.924,6.96,6.897,6.909,57648.323942
1666656000,6.908,6.968,6.836,6.938,72268.988941
1666670400,6.939,6.968,6.865,6.885,39699.070756
1666684800,6.886,6.892,6.815,6.858,58532.6705
1666699200,6.857,7.059,6.822,7.011,151919.440035
1666713600,7.011,7.281,7.011,7.129,324574.989417
1666728000,7.129,7.144,6.992,7.063,173085.66632
1666742400,7.063,7.178,7.029,7.151,83075.901214
1666756800,7.15,7.226,7.128,7.174,119964.165157
1666771200,7.175,7.29,7.142,7.159,154580.332864
1666785600,7.159,7.29,7.041,7.213,274549.699216
1666800000,7.214,7.241,7.086,7.167,215764.229174
1666814400,7.168,7.199,7.1,7.16,123375.331122
1666828800,7.159,7.244,7.117,7.235,197023.151626
1666843200,7.236,7.364,7.167,7.237,197510.610558
1666857600,7.237,7.257,7.115,7.159,119467.643024
1666872000,7.159,7.237,7.044,7.071,363204.256258
1666886400,7.07,7.142,7.041,7.12,82926.005064
1666900800,7.121,7.123,6.857,6.892,218143.904231
1666915200,6.891,6.947,6.826,6.897,130277.02968
1666929600,6.895,6.949,6.857,6.93,140703.777845
1666944000,6.931,6.98,6.893,6.929,69293.384107
1666958400,6.929,7.058,6.868,7.045,171611.648824
1666972800,7.046,7.172,7.034,7.165,146924.694772
1666987200,7.167,7.2,7.087,7.111,85311.686455
1667001600,7.111,7.214,7.104,7.203,136807.56429
1667016000,7.204,7.227,7.133,7.187,98440.504756
1667030400,7.187,7.292,7.142,7.156,217962.787072
1667044800,7.155,7.198,7.079,7.181,126167.752009
1667059200,7.18,7.598,7.168,7.544,548325.475659
1667073600,7.544,7.66,7.482,7.637,239441.862917
1667088000,7.637,7.834,7.552,7.824,349382.021568
1667102400,7.823,7.855,7.694,7.803,154502.751445
1667116800,7.803,7.813,7.525,7.582,202962.349011
1667131200,7.581,7.619,7.488,7.539,215361.924884
1667145600,7.539,7.784,7.518,7.741,221414.404694
1667160000,7.741,7.927,7.703,7.781,223708.908962
1667174400,7.782,7.99,7.66,7.955,301769.027332
1667188800,7.954,8.034,7.844,7.968,279904.12584
1667203200,7.969,8.197,7.841,8.086,283705.300245
1667217600,8.086,8.33,7.906,8.008,527694.12253
1667232000,8.009,8.064,7.777,7.788,235802.599928
1667246400,7.789,7.883,7.718,7.854,118355.282012
1667260800,7.854,7.922,7.791,7.824,123750.884633
1667275200,7.823,7.861,7.734,7.827,126430.147266
1667289600,7.826,7.893,7.696,7.748,154482.087737
1667304000,7.746,7.797,7.634,7.739,198290.593366
1667318400,7.738,7.761,7.641,7.648,91015.638691
1667332800,7.649,7.707,7.628,7.683,66569.046834
1667347200,7.683,7.87,7.564,7.839,160296.476964
1667361600,7.839,7.868,7.623,7.691,130978.497399
1667376000,7.69,7.89,7.613,7.809,295247.775943
1667390400,7.808,7.859,7.685,7.686,168443.109878
1667404800,7.687,7.997,7.518,7.563,578372.152043
1667419200,7.562,7.602,7.342,7.436,259752.341626
1667433600,7.437,7.758,7.388,7.735,276176.653243
1667448000,7.735,7.958,7.735,7.811,294449.070382
1667462400,7.807,8.023,7.783,7.875,261753.724726
1667476800,7.874,7.986,7.653,7.841,433121.242778
1667491200,7.841,8.004,7.771,7.797,193875.121021
1667505600,7.798,7.834,7.656,7.718,137940.912357
1667520000,7.718,8.276,7.663,8.227,415826.332956
1667534400,8.226,8.38,8.143,8.217,372141.272148
1667548800,8.217,8.3,8.106,8.122,182989.620152
1667563200,8.123,8.473,8.014,8.232,635774.066491
1667577600,8.231,8.6,8.172,8.594,370790.482761
1667592000,8.593,9.2,8.562,8.718,925276.166032
1667606400,8.718,8.953,8.638,8.708,294534.513961
1667620800,8.704,8.809,8.633,8.779,149301.077549
1667635200,8.777,8.788,8.569,8.718,109115.210705
1667649600,8.717,8.922,8.565,8.846,177573.791902
1667664000,8.844,9.011,8.808,8.892,221688.514856
1667678400,8.893,8.909,8.594,8.664,106829.705806
1667692800,8.664,8.753,8.532,8.752,109466.297842
1667707200,8.751,8.768,8.513,8.674,391702.563389
1667721600,8.674,8.748,8.606,8.641,119322.169758
1667736000,8.641,8.664,8.352,8.544,217058.610781
1667750400,8.543,8.597,8.31,8.375,134005.263124
1667764800,8.375,8.39,8.092,8.104,144314.091894
1667779200,8.1,8.352,8.068,8.255,159119.240047
1667793600,8.254,8.279,7.902,7.909,158887.036763
1667808000,7.908,8.272,7.9,8.237,139677.885498
1667822400,8.237,8.544,8.219,8.541,225432.850199
1667836800,8.542,8.967,8.396,8.937,208982.45164
1667851200,8.937,9.248,8.663,8.955,357220.908065
1667865600,8.956,9.202,8.436,8.481,906412.254908
1667880000,8.481,8.659,8.043,8.558,707232.573444
1667894400,8.558,8.887,8.428,8.758,486977.253925
1667908800,8.759,8.85,8.34,8.562,479882.742286
1667923200,8.562,9.48,6.531,7.407,2609603.346523
1667937600,7.408,7.819,7.103,7.713,655757.387714
1667952000,7.713,7.9,7.104,7.319,560262.546815
1667966400,7.322,7.329,7.03,7.073,428372.966151
1667980800,7.073,7.101,6.336,6.819,724595.287368
1667995200,6.82,6.972,6.381,6.455,672421.074805
1668009600,6.454,6.613,6.214,6.504,310734.368839
1668024000,6.503,6.617,5.775,6.233,523345.771683
1668038400,6.233,6.799,6.084,6.644,438272.597168
1668052800,6.644,6.899,6.581,6.736,269961.571018
1668067200,6.739,6.823,6.471,6.529,259234.127532
1668081600,6.528,7.414,6.519,7.306,539100.093526
1668096000,7.305,7.5,6.975,7.192,269554.407644
1668110400,7.192,7.371,7.112,7.211,208509.05854
1668124800,7.211,7.346,6.748,6.846,363059.217418
1668139200,6.845,7.097,6.803,7.054,263903.659875
1668153600,7.054,7.196,6.987,7.111,137415.807908
1668168000,7.111,7.224,6.51,6.786,355408.293012
1668182400,6.786,6.97,6.652,6.916,145379.18236
1668196800,6.916,7.061,6.747,7.042,133381.762648
1668211200,7.043,7.061,6.654,6.743,184904.491202
1668225600,6.744,6.788,6.202,6.488,941805.984995
1668240000,6.488,6.509,6.344,6.42,226553.901602
1668254400,6.421,6.464,6.291,6.42,227925.172022
1668268800,6.419,6.454,6.272,6.318,110426.645004
1668283200,6.317,6.322,6.177,6.285,91198.097567
1668297600,6.283,6.477,6.217,6.459,173800.27455
1668312000,6.46,6.542,6.252,6.347,216553.243061
1668326400,6.347,6.356,6.111,6.207,157512.606109
1668340800,6.208,6.304,6.141,6.195,148124.016575
1668355200,6.196,6.223,6.059,6.155,136295.843836
1668369600,6.154,6.161,5.943,6.078,176519.965727
1668384000,6.078,6.123,5.719,5.83,315852.302695
1668398400,5.83,6.234,5.687,6.232,340850.463668
1668412800,6.231,6.35,6.203,6.267,293972.399129
1668427200,6.268,6.437,6.127,6.202,321956.05448
1668441600,6.203,6.228,6.025,6.051,138937.016156
1668456000,6.05,6.305,6.035,6.29,115349.513711
1668470400,6.29,6.371,6.208,6.302,148947.876951
1668484800,6.301,6.48,6.27,6.454,140310.661075
1668499200,6.453,6.552,6.384,6.416,157578.407021
1668513600,6.417,6.668,6.389,6.583,194002.03172
1668528000,6.584,6.635,6.296,6.363,234221.053177
1668542400,6.365,6.447,6.365,6.422,109293.240349
1668556800,6.422,6.562,6.37,6.545,116090.751348
1668571200,6.545,6.558,6.443,6.454,94144.49533
1668585600,6.454,6.469,6.27,6.309,150298.315598
1668600000,6.309,6.32,6.104,6.136,227643.255319
1668614400,6.137,6.236,6.087,6.191,154782.854336
1668628800,6.187,6.217,6.077,6.178,104829.84232
1668643200,6.18,6.265,6.104,6.117,173494.671874
1668657600,6.118,6.221,6.028,6.217,114798.318755
1668672000,6.218,6.235,6.095,6.211,135176.573417
1668686400,6.212,6.304,6.073,6.136,349283.222886
1668700800,6.133,6.315,6.117,6.275,128042.508653
1668715200,6.273,6.342,6.207,6.225,111491.612837
1668729600,6.226,6.415,6.219,6.34,253653.389453
1668744000,6.338,6.346,6.236,6.256,149772.456102
1668758400,6.256,6.277,6.152,6.22,121891.334409
1668772800,6.219,6.252,6.13,6.162,155286.702507
1668787200,6.162,6.175,6.071,6.121,119364.645249
1668801600,6.124,6.201,6.118,6.186,103643.301525
1668816000,6.184,6.2,6.07,6.113,80051.46859
1668830400,6.114,6.131,5.993,6.074,122107.881829
1668844800,6.076,6.125,6.056,6.114,94587.284377
1668859200,6.114,6.164,6.078,6.151,105413.464704
1668873600,6.151,6.175,6.129,6.158,99304.086204
1668888000,6.159,6.222,6.128,6.145,69428.327471
1668902400,6.144,6.227,6.142,6.205,105713.563143
1668916800,6.207,6.25,6.175,6.231,63437.986601
1668931200,6.234,6.239,5.93,5.97,167090.126801
1668945600,5.967,6.049,5.91,6.015,173303.893597
1668960000,6.017,6.029,5.921,5.993,76732.061727
1668974400,5.991,6.001,5.71,5.773,158664.417354
1668988800,5.769,5.81,5.608,5.701,232518.745412
1669003200,5.701,5.813,5.694,5.753,189675.157974
1669017600,5.757,5.77,5.68,5.73,162609.794349
1669032000,5.731,5.859,5.717,5.806,178793.566179
1669046400,5.806,5.819,5.532,5.61,151406.624719
1669060800,5.608,5.896,5.608,5.879,196944.200742
1669075200,5.878,6.068,5.859,6.064,226958.247081
1669089600,6.065,6.137,5.842,5.952,361335.784065
1669104000,5.953,6.005,5.836,5.966,195949.254761
1669118400,5.964,6.441,5.928,6.399,484428.101814
1669132800,6.398,6.434,6.277,6.383,218172.571521
1669147200,6.382,6.485,6.303,6.423,173295.951818
1669161600,6.423,6.556,6.343,6.539,327180.943209
1669176000,6.533,6.621,6.443,6.551,320098.982557
1669190400,6.554,6.584,6.454,6.478,236901.064695
1669204800,6.48,6.49,6.343,6.437,215779.919724
1669219200,6.439,6.799,6.361,6.75,289054.815568
1669233600,6.747,6.807,6.663,6.707,232529.940838
1669248000,6.708,6.88,6.637,6.787,245904.012931
1669262400,6.787,6.794,6.685,6.702,127746.683466
1669276800,6.7,6.736,6.583,6.674,195045.219203
1669291200,6.674,6.898,6.621,6.864,250397.361688
1669305600,6.863,6.978,6.8,6.822,155765.429281
1669320000,6.823,6.875,6.769,6.831,90029.68611
1669334400,6.827,6.838,6.674,6.828,164738.587019
1669348800,6.826,6.846,6.663,6.816,193060.976584
1669363200,6.814,6.977,6.694,6.896,191917.083811
1669377600,6.9,6.991,6.742,6.762,203349.90641
1669392000,6.763,6.912,6.716,6.9,123784.531052
1669406400,6.904,6.919,6.806,6.85,105403.751505
1669420800,6.848,6.996,6.833,6.871,146089.201899
1669435200,6.871,6.934,6.826,6.864,96957.195573
1669449600,6.86,6.946,6.843,6.936,102912.362446
1669464000,6.938,7.262,6.905,7.177,344199.961116
1669478400,7.178,7.291,7.129,7.143,234741.371102
1669492800,7.144,7.209,7.057,7.158,164755.377939
1669507200,7.156,7.276,7.125,7.204,145863.582894
1669521600,7.205,7.218,7.073,7.107,119187.325492
1669536000,7.108,7.185,7.064,7.122,162093.051421
1669550400,7.122,7.148,7.012,7.1,144328.29337
1669564800,7.103,7.137,7.042,7.08,89768.676691
1669579200,7.08,7.124,6.86,6.9,159829.943173
1669593600,6.902,6.942,6.534,6.741,575480.022145
1669608000,6.741,6.786,6.646,6.73,230812.904888
1669622400,6.729,6.852,6.687,6.792,229904.834836
1669636800,6.793,6.892,6.686,6.709,266885.132682
1669651200,6.714,7.075,6.627,7.045,340885.67847
1669665600,7.049,7.346,7.049,7.2,277243.585629
1669680000,7.193,7.382,7.125,7.333,299102.149123
1669694400,7.333,7.514,7.294,7.392,301940.568543
1669708800,7.393,7.468,7.358,7.374,152550.011494
1669723200,7.377,7.397,7.277,7.322,234379.408479
1669737600,7.32,7.398,7.237,7.286,221854.475405
1669752000,7.285,7.398,7.272,7.317,144241.742625
1669766400,7.32,7.679,7.313,7.406,339666.938442
1669780800,7.409,7.514,7.409,7.486,171935.905495
1669795200,7.485,7.514,7.346,7.452,133617.876699
1669809600,7.457,7.458,7.361,7.457,155611.159109
1669824000,7.456,7.578,7.267,7.462,230315.312132
1669838400,7.467,7.758,7.439,7.671,260374.925979
1669852800,7.671,7.715,7.515,7.581,206269.480937
1669867200,7.578,7.615,7.477,7.514,160989.372307
1669881600,7.515,7.562,7.487,7.552,109146.760761
1669896000,7.55,7.766,7.442,7.699,350581.432013
1669910400,7.7,7.743,7.538,7.637,187710.589375
1669924800,7.634,7.814,7.568,7.679,231347.761278
1669939200,7.679,7.726,7.565,7.593,289585.411668
1669953600,7.592,7.635,7.513,7.58,162028.124203
1669968000,7.579,7.647,7.542,7.629,110206.960945
1669982400,7.629,7.684,7.482,7.561,349217.117393
1669996800,7.562,7.609,7.523,7.593,157317.176656
1670011200,7.593,7.643,7.554,7.608,96946.792203
1670025600,7.609,7.632,7.433,7.492,163362.537248
1670040000,7.492,7.517,7.362,7.451,173692.969269
1670054400,7.451,7.459,7.373,7.427,131615.241959
1670068800,7.428,7.466,7.386,7.416,117931.703869
1670083200,7.416,7.424,7.311,7.321,96133.451367
1670097600,7.322,7.356,7.212,7.241,120140.305304
1670112000,7.239,7.346,7.186,7.31,133661.1045
1670126400,7.31,7.393,7.303,7.348,112915.690774
1670140800,7.347,7.383,7.277,7.289,100929.68126
1670155200,7.29,7.368,7.252,7.351,137278.085144
1670169600,7.353,7.406,7.282,7.37,106156.070516
1670184000,7.369,7.466,7.331,7.446,114480.445268
1670198400,7.443,7.578,7.419,7.516,188593.480584
1670212800,7.52,7.589,7.476,7.524,173664.858317
1670227200,7.523,7.595,7.499,7.531,165742.794516
1670241600,7.531,7.549,7.313,7.354,264567.441421
1670256000,7.354,7.367,7.162,7.199,217955.860194
1670270400,7.197,7.286,7.18,7.276,69575.203204
1670284800,7.276,7.338,7.238,7.249,115410.994645
1670299200,7.249,7.304,7.2,7.28,80934.52873
1670313600,7.28,7.307,7.167,7.211,117226.647495
1670328000,7.21,7.284,7.185,7.252,161444.390628
1670342400,7.251,7.314,7.027,7.061,259581.076174
1670356800,7.06,7.151,6.957,7.132,142231.831528
1670371200,7.132,7.159,7.042,7.042,115845.253219
1670385600,7.044,7.078,6.75,6.805,355089.36238
1670400000,6.801,6.898,6.77,6.868,135383.365174
1670414400,6.869,6.896,6.824,6.85,133841.715657
1670428800,6.848,6.863,6.792,6.837,105366.12484
1670443200,6.836,6.928,6.8,6.88,110114.346683
1670457600,6.881,6.915,6.776,6.85,102208.182138
1670472000,6.852,6.908,6.805,6.884,114483.348736
1670486400,6.885,6.928,6.799,6.919,89352.696334
1670500800,6.92,6.961,6.875,6.926,192315.410133
1670515200,6.93,7.069,6.895,7.031,148743.710793
1670529600,7.031,7.05,6.981,6.998,127778.038854
1670544000,7.002,7.035,6.937,6.982,137529.943157
1670558400,6.981,7.047,6.976,7.02,45087.971491
1670572800,7.021,7.054,6.988,7.029,67977.319222
1670587200,7.03,7.056,6.885,6.944,201877.324986
1670601600,6.945,6.947,6.823,6.838,81700.517125
1670616000,6.838,6.877,6.799,6.864,62667.627732
1670630400,6.863,6.874,6.822,6.828,48885.870183
1670644800,6.828,6.855,6.803,6.841,45291.424657
1670659200,6.841,6.905,6.697,6.854,128886.282098
1670673600,6.854,6.919,6.831,6.901,67644.615854
1670688000,6.902,6.92,6.857,6.883,58086.863477
1670702400,6.881,6.9,6.825,6.861,44942.956818
1670716800,6.859,6.92,6.844,6.916,43299.637884
1670731200,6.917,6.962,6.897,6.939,52106.393903
1670745600,6.938,6.944,6.88,6.893,33669.71469
1670760000,6.894,6.916,6.85,6.873,33465.152918
1670774400,6.872,6.92,6.837,6.864,40537.056345
1670788800,6.863,6.863,6.642,6.699,149410.881877
1670803200,6.694,6.716,6.459,6.569,201718.641749
1670817600,6.569,6.609,6.543,6.591,77426.953065
1670832000,6.593,6.679,6.56,6.64,100198.536185
1670846400,6.64,6.662,6.566,6.59,111464.074998
1670860800,6.59,6.619,6.568,6.617,101319.154998
1670875200,6.619,6.729,6.611,6.703,94060.52388
1670889600,6.703,6.712,6.6,6.603,69857.250112
1670904000,6.602,6.642,6.465,6.545,112897.509003
1670918400,6.541,6.75,6.526,6.728,185718.009845
1670932800,6.732,7.042,6.695,6.923,506679.105324
1670947200,6.924,6.973,6.781,6.874,153728.349154
1670961600,6.873,6.932,6.855,6.928,72294.454359
1670976000,6.928,6.964,6.858,6.883,84015.242968
1670990400,6.882,6.917,6.837,6.884,106104.750806
1671004800,6.881,6.905,6.848,6.859,73635.479176
1671019200,6.858,6.906,6.816,6.881,107757.296846
1671033600,6.881,6.929,6.679,6.752,361456.745784
1671048000,6.751,6.785,6.688,6.717,121831.109389
1671062400,6.718,6.732,6.568,6.658,129691.766676
1671076800,6.661,6.662,6.605,6.609,79136.278944
1671091200,6.61,6.647,6.575,6.619,76909.999659
1671105600,6.618,6.624,6.512,6.574,176462.218873
1671120000,6.577,6.579,6.423,6.533,169073.256135
1671134400,6.534,6.542,6.389,6.456,127431.536137
1671148800,6.457,6.529,6.429,6.517,50556.959871
1671163200,6.518,6.542,6.456,6.525,53734.771269
1671177600,6.525,6.53,6.145,6.252,300852.065311
1671192000,6.248,6.268,6.132,6.161,147049.92623
1671206400,6.16,6.171,6.056,6.163,174334.294652
1671220800,6.162,6.21,5.78,5.894,241783.116874
1671235200,5.893,5.948,5.79,5.899,240804.302789
1671249600,5.899,6.031,5.896,6.023,154925.438062
1671264000,6.027,6.062,5.976,5.997,115537.46579
1671278400,5.997,6.048,5.958,6.023,110453.366575
1671292800,6.022,6.026,5.906,5.959,99858.977632
1671307200,5.957,6.042,5.951,6.03,94378.490207
1671321600,6.03,6.03,6.03,6.03,0.0
1671336000,6.03,6.03,6.03,6.03,0.0
1671350400,6.03,6.03,6.03,6.03,0.0
1671364800,6.03,6.03,6.03,6.03,0.0
1671379200,6.03,6.03,6.03,6.03,0.0
1671393600,6.013,6.042,5.935,5.952,72824.747004
1671408000,5.953,6.027,5.835,5.884,107177.962365
1671422400,5.882,5.941,5.874,5.939,73574.815051
1671436800,5.936,6.038,5.936,6.015,75712.695853
1671451200,6.014,6.067,5.967,5.972,113992.432749
1671465600,5.97,5.991,5.841,5.877,114392.602052
1671480000,5.877,5.915,5.667,5.79,151286.002881
1671494400,5.789,6.056,5.753,5.987,201024.066169
1671508800,5.995,6.084,5.971,6.039,124562.158265
1671523200,6.036,6.121,6.023,6.077,80801.479854
1671537600,6.077,6.119,6.032,6.046,134915.294397
1671552000,6.044,6.055,5.946,5.998,121957.544674
1671566400,6.0,6.043,5.967,6.014,84862.328671
1671580800,6.014,6.043,5.908,5.964,105198.794437
1671595200,5.963,5.963,5.89,5.944,78696.118694
1671609600,5.944,6.013,5.909,5.996,75918.371124
1671624000,6.001,6.004,5.928,5.951,66383.276388
1671638400,5.951,5.953,5.887,5.919,86218.307478
1671652800,5.92,5.993,5.885,5.992,56496.066484
1671667200,5.988,6.0,5.962,5.987,38936.802611
1671681600,5.986,5.997,5.952,5.972,53927.918919
1671696000,5.973,6.041,5.961,5.989,75937.233701
1671710400,5.991,6.011,5.881,5.896,115194.359207
1671724800,5.894,5.922,5.856,5.915,70542.459374
1671739200,5.914,6.019,5.898,6.006,134826.874842
1671753600,6.006,6.054,5.977,6.022,95327.791942
1671768000,6.025,6.038,5.986,6.022,56582.359185
1671782400,6.022,6.039,5.992,6.017,53560.900062
1671796800,6.018,6.047,5.958,5.991,125137.096667
1671811200,5.99,5.998,5.961,5.974,35969.267597
1671825600,5.974,5.983,5.923,5.939,58906.878465
1671840000,5.941,5.964,5.94,5.963,28861.526308
1671854400,5.963,5.963,5.898,5.931,38584.477862
1671868800,5.931,5.931,5.88,5.914,48748.736468
1671883200,5.913,5.917,5.901,5.913,20678.918205
1671897600,5.913,5.939,5.907,5.933,14934.939391
1671912000,5.932,5.938,5.896,5.917,22224.184347
1671926400,5.918,5.934,5.9,5.912,40464.802021
1671940800,5.913,5.961,5.901,5.948,42955.489785
1671955200,5.949,5.954,5.934,5.947,20230.039679
1671969600,5.943,5.973,5.889,5.935,80480.079606
1671984000,5.935,5.949,5.897,5.947,72736.550474
1671998400,5.946,5.995,5.929,5.989,45425.448568
1672012800,5.989,6.032,5.973,5.983,62135.238654
1672027200,5.986,5.992,5.957,5.965,47424.015126
1672041600,5.966,6.012,5.94,6.001,53794.79248
1672056000,6.004,6.011,5.955,5.972,39397.567765
1672070400,5.971,6.005,5.959,5.999,43138.876537
1672084800,5.999,6.045,5.998,6.045,65490.318491
1672099200,6.047,6.067,5.981,5.989,55927.129739
1672113600,5.99,6.004,5.975,5.992,32521.579018
1672128000,5.993,6.032,5.975,5.996,54243.663613
1672142400,5.996,5.997,5.901,5.928,67395.482222
1672156800,5.926,5.935,5.851,5.895,88920.276963
1672171200,5.896,5.908,5.869,5.903,61739.860256
1672185600,5.904,5.918,5.742,5.793,165600.093418
1672200000,5.791,5.801,5.681,5.764,91445.765125
1672214400,5.763,5.773,5.721,5.744,58578.650166
1672228800,5.746,5.818,5.718,5.728,119817.418846
1672243200,5.727,5.762,5.685,5.707,129857.918015
1672257600,5.706,5.733,5.624,5.674,125253.604893
1672272000,5.677,5.692,5.549,5.683,169002.870072
1672286400,5.685,5.712,5.672,5.71,74826.070807
1672300800,5.71,5.73,5.68,5.687,93073.757551
1672315200,5.688,5.713,5.676,5.687,74179.802659
1672329600,5.686,5.699,5.606,5.613,57323.217003
1672344000,5.61,5.616,5.505,5.601,160398.684007
1672358400,5.599,5.642,5.539,5.577,101503.031903
1672372800,5.577,5.588,5.423,5.451,201115.214406
1672387200,5.45,5.503,5.441,5.483,111555.133299
1672401600,5.483,5.52,5.415,5.495,127733.742439
1672416000,5.496,5.513,5.474,5.485,57418.068516
1672430400,5.486,5.496,5.426,5.478,68508.70568
1672444800,5.477,5.479,5.387,5.426,103490.022477
1672459200,5.424,5.472,5.417,5.462,55276.004578
1672473600,5.463,5.589,5.454,5.58,112934.355205
1672488000,5.577,5.633,5.559,5.592,137978.416401
1672502400,5.593,5.6,5.544,5.59,53622.455923
1672516800,5.591,5.606,5.539,5.573,51240.967787
1672531200,5.577,5.583,5.518,5.555,102902.907932
1672545600,5.555,5.557,5.508,5.534,62385.439243
1672560000,5.532,5.593,5.515,5.579,55982.907985
1672574400,5.58,5.601,5.553,5.596,31659.133595
1672588800,5.596,5.637,5.584,5.606,41687.704446
1672603200,5.608,5.64,5.608,5.631,35192.25697
1672617600,5.631,5.662,5.549,5.626,93638.190623
1672632000,5.631,5.739,5.601,5.683,154362.290871
1672646400,5.683,5.728,5.661,5.698,107778.269725
1672660800,5.695,5.715,5.658,5.705,89569.363865
1672675200,5.709,5.74,5.686,5.73,80620.137508
1672689600,5.73,5.761,5.675,5.694,58811.593575
1672704000,5.693,5.717,5.644,5.684,63059.376852
1672718400,5.682,5.723,5.65,5.688,67725.996665
1672732800,5.687,5.692,5.636,5.664,56922.288116
1672747200,5.665,5.711,5.593,5.632,161149.749357
1672761600,5.632,5.649,5.57,5.599,91359.989849
1672776000,5.597,5.629,5.575,5.622,36332.915864
1672790400,5.623,5.817,5.611,5.791,181155.788804
1672804800,5.793,5.838,5.764,5.8,161102.896912
1672819200,5.8,5.825,5.757,5.768,101894.172107
1672833600,5.769,5.847,5.723,5.814,147360.69517
1672848000,5.812,5.855,5.747,5.768,134998.121619
1672862400,5.768,5.814,5.709,5.808,73803.149641
1672876800,5.808,5.819,5.745,5.764,60973.041888
1672891200,5.764,5.8,5.728,5.764,71500.032893
1672905600,5.76,5.764,5.686,5.723,98138.288236
1672920000,5.721,5.739,5.663,5.719,109428.90668
1672934400,5.72,5.765,5.705,5.751,55782.730566
1672948800,5.753,5.758,5.608,5.661,121854.615185
1672963200,5.66,5.683,5.622,5.635,77702.97394
1672977600,5.635,5.641,5.575,5.617,90461.288232
1672992000,5.619,5.633,5.581,5.608,45381.837181
1673006400,5.607,5.66,5.52,5.656,288770.936255
1673020800,5.655,5.729,5.634,5.714,93318.460625
1673035200,5.718,5.731,5.672,5.713,76477.894044
1673049600,5.713,5.804,5.692,5.765,127227.529128
1673064000,5.767,5.789,5.738,5.778,72597.862029
1673078400,5.778,5.782,5.747,5.766,56077.537289
1673092800,5.766,5.824,5.759,5.82,105540.9108
1673107200,5.819,5.835,5.78,5.804,50952.689668
1673121600,5.803,5.844,5.775,5.829,55139.192106
1673136000,5.832,5.846,5.753,5.822,83726.092279
1673150400,5.823,5.882,5.813,5.834,124474.987635
1673164800,5.834,5.876,5.785,5.786,65269.195987
1673179200,5.786,5.863,5.777,5.851,51893.136523
1673193600,5.852,5.865,5.787,5.828,49896.932753
1673208000,5.826,5.978,5.822,5.964,117199.081513
1673222400,5.964,6.138,5.933,6.089,310131.398329
1673236800,6.089,6.14,6.077,6.126,181677.444334
1673251200,6.129,6.237,6.113,6.155,177884.634752
1673265600,6.156,6.228,6.078,6.201,185188.426871
1673280000,6.204,6.255,6.101,6.104,222411.068597
1673294400,6.101,6.121,6.011,6.066,196007.659438
1673308800,6.065,6.133,5.968,6.079,145379.33155
1673323200,6.078,6.109,6.056,6.073,180948.329243
1673337600,6.074,6.168,6.054,6.109,96741.866345
1673352000,6.108,6.166,6.065,6.135,134237.051206
1673366400,6.139,6.302,6.115,6.241,197250.371632
1673380800,6.242,6.247,6.107,6.167,136144.819236
1673395200,6.167,6.207,6.055,6.102,124031.043938
1673409600,6.101,6.141,6.07,6.138,69138.014744
1673424000,6.138,6.139,6.091,6.112,87281.527403
1673438400,6.113,6.128,6.016,6.042,134018.314458
1673452800,6.039,6.179,6.013,6.178,142295.63324
1673467200,6.175,6.304,6.133,6.284,209045.240042
1673481600,6.285,6.396,6.281,6.343,247929.033062
1673496000,6.343,6.377,6.261,6.317,114532.601902
1673510400,6.316,6.316,6.238,6.256,90142.259954
1673524800,6.255,6.345,6.049,6.198,376593.859486
1673539200,6.195,6.429,6.18,6.371,466891.050399
1673553600,6.376,6.413,6.34,6.387,131223.264098
1673568000,6.386,6.41,6.292,6.39,91615.277363
1673582400,6.39,6.4,6.322,6.343,84605.37417
1673596800,6.344,6.416,6.32,6.331,109430.683646
1673611200,6.331,6.356,6.26,6.351,135446.588635
1673625600,6.354,6.405,6.283,6.396,94802.013548
1673640000,6.398,6.62,6.384,6.604,343467.980124
1673654400,6.604,6.958,6.586,6.82,788205.881488
1673668800,6.822,7.065,6.772,6.999,335671.728564
1673683200,6.993,7.112,6.442,6.729,736322.265219
1673697600,6.73,6.91,6.645,6.801,422683.152945
1673712000,6.8,6.843,6.719,6.788,224309.317417
1673726400,6.788,6.886,6.762,6.86,282909.481092
1673740800,6.858,6.89,6.67,6.721,274242.653442
1673755200,6.721,6.798,6.69,6.742,141094.788
1673769600,6.741,6.745,6.599,6.703,158504.295299
1673784000,6.701,6.889,6.662,6.886,174602.892175
1673798400,6.887,6.932,6.726,6.728,296602.627023
1673812800,6.726,6.732,6.641,6.697,187171.997279
1673827200,6.698,6.889,6.634,6.768,264519.437013
1673841600,6.768,6.952,6.765,6.843,247045.957799
1673856000,6.843,6.845,6.486,6.62,367055.895785
1673870400,6.619,6.643,6.412,6.566,264394.230031
1673884800,6.567,6.839,6.528,6.746,228443.966338
1673899200,6.747,6.78,6.637,6.671,257493.116626
1673913600,6.673,6.735,6.542,6.673,163933.194734
1673928000,6.674,6.777,6.651,6.722,174781.349074
1673942400,6.721,6.757,6.662,6.729,81853.875372
1673956800,6.729,6.842,6.652,6.718,281046.690507
1673971200,6.718,6.899,6.629,6.864,177586.389671
1673985600,6.865,6.996,6.79,6.803,706664.170585
1674000000,6.805,6.982,6.77,6.922,257926.805843
1674014400,6.92,6.942,6.815,6.856,176791.304727
1674028800,6.857,6.858,6.695,6.749,184817.551414
1674043200,6.75,6.935,6.345,6.545,680652.749357
1674057600,6.543,6.626,6.239,6.478,598562.704303
1674072000,6.481,6.496,6.314,6.331,231972.410793
1674086400,6.331,6.436,6.326,6.409,121558.986827
1674100800,6.411,6.462,6.409,6.437,78375.146536
1674115200,6.439,6.458,6.358,6.374,113866.796332
1674129600,6.375,6.445,6.311,6.404,145809.672137
1674144000,6.405,6.506,6.355,6.495,148950.07063
1674158400,6.497,6.543,6.47,6.506,102821.348573
1674172800,6.508,6.549,6.461,6.487,85517.937253
1674187200,6.488,6.52,6.416,6.455,85025.005182
1674201600,6.455,6.495,6.426,6.463,53069.431721
1674216000,6.463,6.561,6.449,6.533,314882.592112
1674230400,6.533,6.698,6.52,6.691,176497.462713
1674244800,6.691,6.973,6.69,6.949,425481.864842
1674259200,6.946,7.049,6.873,7.039,395220.401827
1674273600,7.04,7.099,6.993,6.999,161059.280961
1674288000,6.998,7.111,6.803,6.943,503079.406759
1674302400,6.943,6.994,6.88,6.911,209244.223813
1674316800,6.906,7.026,6.906,7.017,185333.099631
1674331200,7.018,7.099,6.827,6.852,223418.770552
1674345600,6.853,6.909,6.779,6.869,249029.787607
1674360000,6.868,6.936,6.859,6.89,106532.770303
1674374400,6.89,6.925,6.859,6.874,99711.094152
1674388800,6.878,7.237,6.832,7.036,438693.880517
1674403200,7.037,7.273,6.965,7.059,362031.819903
1674417600,7.062,7.094,6.821,6.984,341032.616673
1674432000,6.983,7.236,6.971,7.081,308511.658475
1674446400,7.086,7.129,6.98,7.035,157735.565197
1674460800,7.036,7.15,7.0,7.139,225897.937471
1674475200,7.14,7.164,6.827,7.017,482148.297769
1674489600,7.017,7.123,6.927,6.965,282255.08425
1674504000,6.964,7.2,6.862,7.015,658042.593915
1674518400,7.017,7.181,6.958,7.176,227880.019576
1674532800,7.176,7.177,7.091,7.169,111272.370383
1674547200,7.171,7.2,7.063,7.123,194125.707471
1674561600,7.123,7.147,6.971,7.045,190899.204131
1674576000,7.048,7.058,6.868,6.995,163913.266573
1674590400,6.991,7.004,6.532,6.66,318594.285037
1674604800,6.66,6.691,6.51,6.691,242058.605422
1674619200,6.692,6.805,6.675,6.793,127077.582775
1674633600,6.792,6.816,6.652,6.697,108033.475576
1674648000,6.696,6.786,6.612,6.693,243169.65159
1674662400,6.692,6.833,6.657,6.826,109857.927406
1674676800,6.824,7.1,6.808,6.957,424919.928079
1674691200,6.96,7.035,6.926,6.932,184393.368602
1674705600,6.936,7.016,6.881,6.898,185643.222148
1674720000,6.901,6.931,6.822,6.886,115139.72297
1674734400,6.885,7.132,6.839,6.961,361114.550114
1674748800,6.956,7.133,6.893,7.13,239231.250902
1674763200,7.128,7.317,7.124,7.172,307122.876366
1674777600,7.171,7.306,6.922,7.027,382558.722143
1674792000,7.03,7.278,7.03,7.275,199055.490196
1674806400,7.273,7.373,7.172,7.22,243825.807489
1674820800,7.216,7.283,7.099,7.195,316079.628974
1674835200,7.195,7.45,7.189,7.401,227610.649896
1674849600,7.4,7.495,7.305,7.381,309842.146667
1674864000,7.383,7.51,7.352,7.417,217724.340698
1674878400,7.417,7.447,7.276,7.329,123195.737785
1674892800,7.328,7.389,7.283,7.301,88667.391154
1674907200,7.301,7.304,7.153,7.244,189823.277234
1674921600,7.245,7.273,7.184,7.241,122054.856046
1674936000,7.242,7.244,7.118,7.21,69042.156464
1674950400,7.21,7.41,7.143,7.306,188146.426066
1674964800,7.309,7.374,7.292,7.32,100742.127668
1674979200,7.319,7.433,7.317,7.387,165822.435109
1674993600,7.388,7.4,7.319,7.351,215849.208772
1675008000,7.353,7.519,7.262,7.449,417532.731189
1675022400,7.45,7.45,7.35,7.37,116781.722191
1675036800,7.372,7.437,7.259,7.329,126687.592251
1675051200,7.331,7.372,7.205,7.218,135463.61448
1675065600,7.217,7.243,6.946,6.993,379047.495079
1675080000,6.994,7.091,6.963,7.024,149321.919803
1675094400,7.021,7.102,6.733,6.896,274546.927543
1675108800,6.892,6.918,6.785,6.915,155157.95196
1675123200,6.915,7.004,6.893,6.959,142686.17837
1675137600,6.963,7.042,6.905,7.033,138970.0201
1675152000,7.034,7.043,6.891,6.933,105950.435023
1675166400,6.935,7.013,6.901,6.992,128180.491826
1675180800,6.993,7.072,6.986,7.059,135432.332731
1675195200,7.059,7.061,6.85,6.951,151521.001959
1675209600,6.951,6.982,6.919,6.942,102949.584775
1675224000,6.942,6.958,6.8,6.858,121890.462635
1675238400,6.858,6.863,6.753,6.841,118485.51074
1675252800,6.842,6.904,6.718,6.76,146942.15219
1675267200,6.758,7.066,6.67,7.004,407439.112442
1675281600,7.007,7.279,7.007,7.215,445967.301844
1675296000,7.216,7.337,7.202,7.305,241750.263127
1675310400,7.308,7.353,7.217,7.236,154157.042814
1675324800,7.235,7.304,7.225,7.292,117076.343118
1675339200,7.291,7.322,7.158,7.29,443970.905927
1675353600,7.289,7.488,7.26,7.297,429925.686234
1675368000,7.297,7.366,7.033,7.103,217129.473298
1675382400,7.104,7.164,7.01,7.088,242315.270826
1675396800,7.09,7.148,7.074,7.108,151517.907604
1675411200,7.11,7.223,7.071,7.215,202521.336501
1675425600,7.218,7.34,7.075,7.289,315921.115644
1675440000,7.288,7.327,7.209,7.216,136069.962762
1675454400,7.215,7.31,7.177,7.294,94403.021103
1675468800,7.292,7.319,7.163,7.172,152709.921345
1675483200,7.171,7.212,7.125,7.205,85058.470434
1675497600,7.203,7.233,7.185,7.205,53200.844928
1675512000,7.21,7.309,7.195,7.265,146351.393875
1675526400,7.266,7.362,7.219,7.318,233653.646165
1675540800,7.317,7.34,7.178,7.24,118421.266963
1675555200,7.24,7.25,7.147,7.204,120201.275839
1675569600,7.204,7.232,7.194,7.21,69645.923369
1675584000,7.209,7.243,7.164,7.177,70651.122156
1675598400,7.179,7.198,6.89,7.0,318290.301069
1675612800,6.999,7.016,6.912,6.967,156046.059502
1675627200,6.962,6.995,6.859,6.985,91226.315454
1675641600,6.985,7.04,6.91,6.958,97865.304297
1675656000,6.958,7.014,6.85,7.013,128145.325221
1675670400,7.013,7.025,6.905,6.962,89954.235792
1675684800,6.966,7.039,6.92,7.039,123696.770969
1675699200,7.04,7.06,6.949,7.002,129301.351851
1675713600,7.0,7.004,6.766,6.832,97688.362705
1675728000,6.832,6.946,6.816,6.933,60905.076198
1675742400,6.933,6.977,6.922,6.93,61298.762459
1675756800,6.931,7.048,6.908,7.03,135130.627761
1675771200,7.032,7.058,6.948,6.973,134255.660862
1675785600,6.974,7.149,6.909,7.075,211763.869147
1675800000,7.077,7.212,7.053,7.198,147320.779619
1675814400,7.2,7.29,7.18,7.206,172868.365522
1675828800,7.207,7.284,7.173,7.25,118319.627487
1675843200,7.25,7.255,7.154,7.226,101607.324797
1675857600,7.226,7.303,7.085,7.09,246246.056799
1675872000,7.09,7.176,6.953,7.087,194500.27416
1675886400,7.084,7.143,7.006,7.136,76624.531507
1675900800,7.136,7.278,6.861,6.944,394915.039245
1675915200,6.937,7.475,6.866,7.448,517892.995612
1675929600,7.448,7.816,7.415,7.531,938823.625824
1675944000,7.532,7.79,7.5,7.602,684604.510049
1675958400,7.6,7.716,7.23,7.326,791807.43553
1675972800,7.322,7.386,6.815,6.984,681368.328052
1675987200,6.985,7.12,6.915,6.951,382566.14316
1676001600,6.951,6.993,6.774,6.964,385260.622116
1676016000,6.965,7.005,6.883,6.946,226615.336871
1676030400,6.946,7.035,6.82,6.886,293456.579846
1676044800,6.888,7.031,6.821,7.007,192825.931557
1676059200,7.008,7.026,6.828,6.891,142296.063858
1676073600,6.889,6.954,6.864,6.914,109229.933908
1676088000,6.914,6.928,6.854,6.911,73131.28603
1676102400,6.914,6.927,6.877,6.913,72892.229342
1676116800,6.915,7.005,6.884,6.978,149536.934521
1676131200,6.98,6.983,6.882,6.922,69885.563804
1676145600,6.923,7.035,6.906,7.002,69596.917208
1676160000,7.001,7.014,6.937,6.943,76537.132628
1676174400,6.943,6.963,6.917,6.94,60273.46819
1676188800,6.94,7.017,6.929,6.969,92020.410884
1676203200,6.97,6.996,6.902,6.981,136677.135502
1676217600,6.981,7.144,6.967,6.991,399407.800235
1676232000,6.991,7.011,6.686,6.813,156102.938263
1676246400,6.811,6.847,6.594,6.72,456501.765922
1676260800,6.724,6.792,6.707,6.771,116497.82832
1676275200,6.773,6.773,6.422,6.556,446018.248084
1676289600,6.558,6.615,6.536,6.563,148994.882561
1676304000,6.563,6.8,6.424,6.593,823114.011243
1676318400,6.593,6.679,6.56,6.667,110760.65744
1676332800,6.669,6.678,6.608,6.614,103750.618437
1676347200,6.618,6.654,6.603,6.647,69415.792141
1676361600,6.649,6.688,6.598,6.621,94033.730494
1676376000,6.623,6.821,6.525,6.749,569327.938105
1676390400,6.749,6.809,6.659,6.801,156424.206688
1676404800,6.801,6.829,6.76,6.803,92815.899066
1676419200,6.805,6.821,6.722,6.778,89283.938459
1676433600,6.779,6.797,6.756,6.772,56985.204509
1676448000,6.771,6.852,6.744,6.849,129649.120074
1676462400,6.848,6.934,6.848,6.914,307197.471232
1676476800,6.913,7.074,6.886,7.074,161085.768524
1676491200,7.072,7.347,7.063,7.287,1149548.945415
1676505600,7.288,7.392,7.24,7.341,474483.475872
1676520000,7.341,7.343,7.237,7.282,863958.94899
1676534400,7.283,7.327,7.225,7.251,138354.171602
1676548800,7.253,7.4,7.138,7.388,788070.766408
1676563200,7.388,7.492,7.223,7.313,857593.69637
1676577600,7.311,7.316,6.991,7.012,775519.566844
1676592000,7.012,7.221,6.97,7.191,190739.080441
1676606400,7.191,7.271,7.152,7.203,133756.520818
1676620800,7.202,7.3,7.182,7.293,209770.359657
1676635200,7.291,7.374,7.233,7.332,287549.946171
1676649600,7.333,7.589,7.284,7.487,391288.437486
1676664000,7.487,7.714,7.391,7.652,512439.895264
1676678400,7.653,7.738,7.58,7.612,260989.418617
1676692800,7.614,7.694,7.561,7.592,172777.443027
1676707200,7.597,7.64,7.5,7.635,207685.530146
1676721600,7.631,8.252,7.631,8.182,900754.950152
1676736000,8.182,8.25,7.946,8.045,340942.361326
1676750400,8.051,8.085,7.976,7.99,126143.314601
1676764800,7.987,8.076,7.941,8.016,197388.088898
1676779200,8.015,8.279,7.961,8.114,335536.261569
1676793600,8.117,8.253,8.034,8.167,288518.396609
1676808000,8.165,8.289,8.068,8.142,387765.729334
1676822400,8.144,8.22,7.856,7.884,405017.972865
1676836800,7.884,8.048,7.819,8.016,182345.173569
1676851200,8.011,8.078,7.727,8.008,289197.59455
1676865600,8.01,8.38,8.008,8.378,337032.502487
1676880000,8.369,8.408,8.066,8.137,404236.198801
1676894400,8.137,8.196,8.072,8.127,245214.349065
1676908800,8.127,8.132,7.95,8.028,229940.422333
1676923200,8.03,8.041,7.913,8.017,136308.763172
1676937600,8.017,8.076,7.952,7.961,167101.853582
1676952000,7.961,8.014,7.905,7.976,102206.478774
1676966400,7.974,8.013,7.728,7.763,294582.711154
1676980800,7.761,7.815,7.667,7.742,236774.768542
1676995200,7.743,7.772,7.631,7.692,129860.085347
1677009600,7.691,7.701,7.501,7.639,173130.533376
1677024000,7.64,7.738,7.375,7.545,365351.298096
1677038400,7.55,7.558,7.385,7.485,181971.02493
1677052800,7.485,7.485,7.317,7.472,201596.16143
1677067200,7.472,7.562,7.315,7.364,234791.965
1677081600,7.362,7.6,7.3,7.57,240176.302914
1677096000,7.572,7.719,7.531,7.716,106178.388564
1677110400,7.715,7.964,7.673,7.884,286752.109171
1677124800,7.884,7.976,7.856,7.916,320128.618924
1677139200,7.916,8.073,7.773,7.852,541380.321692
1677153600,7.852,8.213,7.759,7.971,661385.249397
1677168000,7.97,8.031,7.71,7.892,334481.903789
1677182400,7.895,7.969,7.789,7.938,120453.096526
1677196800,7.939,8.029,7.876,8.021,205764.624962
1677211200,8.022,8.15,7.933,8.101,312137.839455
1677225600,8.101,8.133,7.868,7.883,249100.260826
1677240000,7.882,7.917,7.544,7.589,434824.752494
1677254400,7.588,7.695,7.412,7.677,313044.64647
1677268800,7.676,7.721,7.212,7.466,386560.300371
1677283200,7.465,7.493,7.365,7.383,166233.126684
1677297600,7.384,7.422,7.315,7.406,101838.690271
1677312000,7.406,7.437,7.337,7.373,144623.599334
1677326400,7.372,7.372,7.253,7.349,159647.384784
1677340800,7.35,7.4,7.208,7.324,269629.897026
1677355200,7.323,7.395,7.172,7.375,346044.54424
1677369600,7.375,7.425,7.296,7.418,127431.728606
1677384000,7.42,7.43,7.354,7.406,76192.888833
1677398400,7.407,7.439,7.37,7.438,77102.091698
1677412800,7.439,7.444,7.363,7.381,85603.053598
1677427200,7.384,7.493,7.305,7.487,100816.774927
1677441600,7.487,7.559,7.407,7.497,277936.45291
1677456000,7.498,7.509,7.425,7.434,90320.305711
1677470400,7.432,7.441,7.328,7.343,117195.198883
1677484800,7.338,7.353,7.224,7.29,151379.421506
1677499200,7.292,7.469,7.236,7.37,248750.743077
1677513600,7.372,7.393,7.125,7.197,277736.962387
1677528000,7.191,7.293,7.148,7.279,91549.640651
1677542400,7.276,7.308,7.218,7.293,104366.775272
1677556800,7.294,7.36,7.227,7.261,178206.647299
1677571200,7.26,7.334,7.226,7.329,112531.17244
1677585600,7.332,7.42,7.326,7.409,181284.039601
1677600000,7.411,7.424,7.246,7.26,116808.931695
1677614400,7.26,7.298,7.085,7.192,197366.692177
1677628800,7.197,7.357,7.144,7.355,161324.992862
1677643200,7.356,7.431,7.327,7.398,136256.005173
1677657600,7.396,7.501,7.384,7.471,156963.309395
1677672000,7.474,7.508,7.392,7.43,170477.056955
1677686400,7.433,7.445,7.329,7.347,103509.726595
1677700800,7.353,7.547,7.334,7.536,124220.596029
1677715200,7.536,7.583,7.353,7.392,159209.092829
1677729600,7.393,7.452,7.313,7.358,104971.377456
1677744000,7.357,7.364,7.264,7.322,119952.039743
1677758400,7.324,7.331,7.164,7.229,145778.758555
1677772800,7.229,7.3,7.169,7.275,109576.238154
1677787200,7.277,7.284,7.229,7.277,52363.285358
1677801600,7.277,7.277,6.626,6.815,909016.146924
1677816000,6.811,6.884,6.793,6.866,140495.204442
1677830400,6.866,6.909,6.85,6.893,112772.200956
1677844800,6.892,6.951,6.848,6.898,142743.792726
1677859200,6.898,6.944,6.869,6.922,92869.742388
1677873600,6.923,6.963,6.859,6.956,103270.415044
1677888000,6.956,7.011,6.91,6.916,94890.475528
1677902400,6.915,6.935,6.858,6.915,53974.034967
1677916800,6.906,6.971,6.897,6.971,46343.336969
1677931200,6.971,6.971,6.907,6.925,86116.709373
1677945600,6.925,6.944,6.816,6.838,81669.827198
1677960000,6.837,6.859,6.707,6.859,183211.296108
1677974400,6.859,6.998,6.808,6.943,133097.955212
1677988800,6.944,6.975,6.904,6.919,46596.648736
1678003200,6.918,6.966,6.894,6.935,48063.196562
1678017600,6.935,6.978,6.93,6.953,40650.572861
1678032000,6.95,6.964,6.918,6.958,31333.261103
1678046400,6.96,7.019,6.906,6.947,68321.076388
1678060800,6.947,6.972,6.821,6.869,136535.590232
1678075200,6.869,6.904,6.823,6.889,75446.347178
1678089600,6.886,6.911,6.847,6.876,44697.98
1678104000,6.878,6.969,6.847,6.963,74446.615242
1678118400,6.966,6.98,6.879,6.894,59609.326506
1678132800,6.895,6.926,6.849,6.856,116178.823735
1678147200,6.857,6.974,6.834,6.946,131290.610732
1678161600,6.946,6.962,6.9,6.9,47933.714195
1678176000,6.901,6.903,6.772,6.806,95220.80034
1678190400,6.807,6.866,6.681,6.81,298724.442854
1678204800,6.809,6.823,6.7,6.708,110153.052145
1678219200,6.705,6.895,6.668,6.885,132781.333348
1678233600,6.884,6.95,6.851,6.878,96537.154168
1678248000,6.88,6.916,6.766,6.79,271505.336134
1678262400,6.79,6.845,6.752,6.799,102579.446691
1678276800,6.799,6.816,6.587,6.719,224970.564006
1678291200,6.714,6.734,6.563,6.611,116252.920298
1678305600,6.61,6.709,6.492,6.579,264172.847394
1678320000,6.579,6.63,6.535,6.611,121268.554602
1678334400,6.612,6.651,6.586,6.599,50813.876758
1678348800,6.602,6.61,6.539,6.605,119779.494081
1678363200,6.604,6.689,6.576,6.604,134799.047841
1678377600,6.603,6.628,6.257,6.297,735168.815514
1678392000,6.295,6.299,6.0,6.157,498571.797889
1678406400,6.159,6.186,6.046,6.165,211079.033535
1678420800,6.165,6.202,6.1,6.167,230321.903767
1678435200,6.17,6.178,5.888,6.06,468211.350956
1678449600,6.06,6.256,6.038,6.213,405105.657966
1678464000,6.212,6.264,6.142,6.227,165341.372979
1678478400,6.226,6.261,6.144,6.215,147985.751617
1678492800,6.215,6.386,6.195,6.23,357348.248658
1678507200,6.229,6.232,5.949,5.99,404818.585173
1678521600,5.99,6.115,5.939,6.011,265407.62785
1678536000,6.01,6.041,5.922,5.952,142122.777613
1678550400,5.953,6.095,5.915,6.088,732761.807214
1678564800,6.09,6.169,6.08,6.159,397842.23681
1678579200,6.159,6.172,6.108,6.15,70037.171549
1678593600,6.153,6.177,6.115,6.144,89597.94722
1678608000,6.145,6.155,6.087,6.124,92283.737833
1678622400,6.125,6.138,6.068,6.097,103248.541426
1678636800,6.098,6.343,6.089,6.241,271425.088063
1678651200,6.244,6.572,6.24,6.551,348229.232712
1678665600,6.55,6.72,6.53,6.572,521793.755522
1678680000,6.573,6.664,6.568,6.635,249721.496698
1678694400,6.636,6.644,6.431,6.468,267195.955142
1678708800,6.467,6.885,6.395,6.76,789204.428849
1678723200,6.761,6.809,6.682,6.736,281962.5551
1678737600,6.737,6.802,6.692,6.762,159492.774932
1678752000,6.762,6.776,6.685,6.757,139507.054373
1678766400,6.755,6.798,6.655,6.686,148350.263529
1678780800,6.688,6.739,6.609,6.678,224299.654665
1678795200,6.675,7.201,6.642,7.149,973197.755804
1678809600,7.149,7.161,6.817,6.995,486103.209428
1678824000,6.994,7.018,6.746,6.961,270206.892622
1678838400,6.959,7.062,6.881,7.045,202866.958423
1678852800,7.046,7.11,7.007,7.085,208730.575012
1678867200,7.081,7.081,6.69,6.811,326112.975045
1678881600,6.812,6.9,6.552,6.584,422411.608389
1678896000,6.582,6.595,6.386,6.545,440333.022636
1678910400,6.545,6.627,6.487,6.549,212536.768545
1678924800,6.549,6.605,6.446,6.569,178516.812171
1678939200,6.569,6.641,6.496,6.619,159913.929277
1678953600,6.618,6.662,6.538,6.638,154059.224259
1678968000,6.636,6.638,6.467,6.623,168143.663114
1678982400,6.623,6.675,6.549,6.641,122517.109025
1678996800,6.64,6.678,6.522,6.658,106885.316645
1679011200,6.656,6.916,6.599,6.916,269420.789796
1679025600,6.916,6.956,6.818,6.916,158103.123035
1679040000,6.914,7.13,6.882,7.125,307049.11564
1679054400,7.125,7.201,6.957,6.998,423540.460749
1679068800,6.997,7.116,6.974,7.074,217128.965063
1679083200,7.075,7.259,7.028,7.209,231325.233567
1679097600,7.208,7.302,7.088,7.249,328766.848723
1679112000,7.249,7.277,7.175,7.248,189461.377125
1679126400,7.254,7.268,7.146,7.224,166046.455123
1679140800,7.223,7.258,6.961,7.025,250634.388615
1679155200,7.026,7.094,6.841,7.036,320294.956557
1679169600,7.037,7.102,6.887,6.922,166326.3291
1679184000,6.921,7.099,6.917,7.094,141556.996492
1679198400,7.089,7.108,6.967,7.046,79235.814245
1679212800,7.047,7.122,7.005,7.106,159963.98798
1679227200,7.102,7.195,7.05,7.148,190262.125295
1679241600,7.146,7.286,7.142,7.209,233371.29997
1679256000,7.209,7.227,7.047,7.081,153773.870138
1679270400,7.083,7.2,6.962,6.991,325836.778755
1679284800,6.981,7.177,6.91,7.17,179732.92882
1679299200,7.171,7.4,7.115,7.291,377428.492474
1679313600,7.29,7.428,7.212,7.347,426270.666591
1679328000,7.346,7.441,7.048,7.105,389858.623539
1679342400,7.108,7.218,7.0,7.05,209609.905878
1679356800,7.051,7.194,7.003,7.114,272374.96718
1679371200,7.112,7.155,6.858,6.882,203113.960675
1679385600,6.884,7.12,6.838,7.099,169894.700077
1679400000,7.101,7.365,7.089,7.265,227577.414254
1679414400,7.268,7.346,7.165,7.271,333142.623575
1679428800,7.28,7.467,7.267,7.369,281510.779393
1679443200,7.376,7.498,7.275,7.459,294553.578695
1679457600,7.46,7.57,7.401,7.478,287221.212209
1679472000,7.478,7.573,7.387,7.48,290344.374077
1679486400,7.482,7.721,7.46,7.598,576764.434219
1679500800,7.602,7.614,7.013,7.031,738812.279269
1679515200,7.039,7.192,7.001,7.174,252490.908656
1679529600,7.174,7.202,7.09,7.133,150672.392212
1679544000,7.136,7.285,7.122,7.276,97837.851513
1679558400,7.277,7.45,7.277,7.343,200483.856323
1679572800,7.342,7.627,7.304,7.573,303061.340287
1679587200,7.577,7.631,7.411,7.518,225052.038789
1679601600,7.518,7.639,7.478,7.606,170839.803101
1679616000,7.606,7.651,7.508,7.517,194129.551996
1679630400,7.517,7.535,7.45,7.476,102946.287522
1679644800,7.477,7.477,7.203,7.239,267566.39893
1679659200,7.239,7.414,7.231,7.328,315853.168581
1679673600,7.329,7.346,7.141,7.282,240555.587742
1679688000,7.284,7.289,7.108,7.191,115927.65625
1679702400,7.192,7.252,7.155,7.218,78297.556448
1679716800,7.218,7.235,7.136,7.147,71100.351874
1679731200,7.146,7.151,7.063,7.113,103255.332526
1679745600,7.11,7.146,7.042,7.129,99638.730339
1679760000,7.13,7.145,6.974,6.992,114923.498236
1679774400,6.99,7.085,6.971,7.077,57173.650217
1679788800,7.076,7.17,7.05,7.129,72944.473753
1679803200,7.128,7.188,7.117,7.137,33933.09583
1679817600,7.14,7.248,7.132,7.216,88617.509198
1679832000,7.219,7.291,7.157,7.189,238698.613891
1679846400,7.188,7.249,7.133,7.233,61370.829396
1679860800,7.231,7.286,7.176,7.26,63976.568726
1679875200,7.26,7.274,7.138,7.174,92758.28547
1679889600,7.175,7.191,7.105,7.131,87268.119871
1679904000,7.13,7.204,7.109,7.176,55834.542282
1679918400,7.177,7.199,6.742,6.881,371690.260384
1679932800,6.882,6.931,6.811,6.822,164937.559212
1679947200,6.822,6.882,6.781,6.871,123914.256428
1679961600,6.871,6.885,6.766,6.816,125714.454284
1679976000,6.819,6.915,6.812,6.86,66181.318603
1679990400,6.86,6.874,6.751,6.857,134137.844625
1680004800,6.858,6.892,6.806,6.861,120694.269515
1680019200,6.858,7.043,6.775,7.012,176883.610074
1680033600,7.018,7.028,6.892,6.948,97780.668212
1680048000,6.949,7.0,6.93,6.988,80070.836467
1680062400,6.987,7.18,6.981,7.169,167720.476762
1680076800,7.172,7.34,7.162,7.292,196007.461246
1680091200,7.292,7.377,7.23,7.36,245047.427173
1680105600,7.355,7.383,7.28,7.364,97487.653838
1680120000,7.366,7.496,7.337,7.385,184252.227806
1680134400,7.385,7.557,7.272,7.396,407316.602915
1680148800,7.398,7.53,7.374,7.386,187155.530306
1680163200,7.382,7.414,7.286,7.384,113741.041954
1680177600,7.383,7.391,7.245,7.265,163358.402591
1680192000,7.265,7.266,7.131,7.225,170662.120734
1680206400,7.228,7.278,7.189,7.23,93672.251174
1680220800,7.231,7.388,7.225,7.384,131331.094026
1680235200,7.387,7.53,7.299,7.512,168041.704506
1680249600,7.512,7.588,7.394,7.481,150722.359724
1680264000,7.481,7.674,7.468,7.58,309334.796404
1680278400,7.58,7.643,7.515,7.61,171195.058469
1680292800,7.614,7.664,7.582,7.589,96880.842085
1680307200,7.588,7.633,7.545,7.574,95079.050202
1680321600,7.576,7.601,7.482,7.565,87282.415893
1680336000,7.564,7.599,7.512,7.522,84958.684099
1680350400,7.521,7.55,7.454,7.493,94756.965467
1680364800,7.494,7.525,7.435,7.499,82765.290013
1680379200,7.5,7.56,7.499,7.549,62743.655709
1680393600,7.546,7.548,7.445,7.504,44002.359127
1680408000,7.506,7.527,7.481,7.506,46676.627047
1680422400,7.508,7.516,7.433,7.439,63788.639501
1680436800,7.439,7.445,7.266,7.321,173508.221202
1680451200,7.319,7.378,7.202,7.229,131667.010394
1680465600,7.232,7.289,7.192,7.257,112333.403598
1680480000,7.256,7.268,7.067,7.144,209420.430756
1680494400,7.144,7.253,7.118,7.253,56128.91236
1680508800,7.254,7.382,7.252,7.298,169523.311671
1680523200,7.298,7.371,7.216,7.28,161096.393873
1680537600,7.28,7.44,7.21,7.363,210512.711928
1680552000,7.365,7.374,7.021,7.243,279169.014453
1680566400,7.243,7.309,7.202,7.252,134210.738219
1680580800,7.254,7.317,7.231,7.254,84852.316878
1680595200,7.257,7.433,7.239,7.397,218710.669212
1680609600,7.4,7.421,7.32,7.367,197569.010172
1680624000,7.364,7.433,7.336,7.417,93746.176607
1680638400,7.419,7.475,7.348,7.37,113566.218111
1680652800,7.37,7.601,7.334,7.596,195561.432679
1680667200,7.597,7.604,7.531,7.549,92613.586194
1680681600,7.549,7.562,7.448,7.472,112539.98916
1680696000,7.472,7.499,7.216,7.297,315038.413004
1680710400,7.297,7.342,7.248,7.321,116899.216734
1680724800,7.32,7.355,7.293,7.321,64879.976396
1680739200,7.321,7.332,7.203,7.313,92112.915595
1680753600,7.31,7.31,7.231,7.244,82875.762655
1680768000,7.247,7.295,7.16,7.238,117588.296016
1680782400,7.24,7.291,7.164,7.273,85094.236621
1680796800,7.273,7.282,7.147,7.199,57186.363123
1680811200,7.197,7.206,7.115,7.2,67005.98959
1680825600,7.201,7.228,7.156,7.184,47236.903418
1680840000,7.184,7.217,7.106,7.129,69961.298628
1680854400,7.127,7.184,7.108,7.14,50889.43452
1680868800,7.142,7.232,7.13,7.231,79509.864737
1680883200,7.231,7.243,7.206,7.229,39084.140893
1680897600,7.234,7.309,7.201,7.264,46577.360409
1680912000,7.267,7.291,7.212,7.262,46158.815498
1680926400,7.266,7.297,7.243,7.25,48912.08986
1680940800,7.25,7.263,7.207,7.211,26736.23448
1680955200,7.211,7.242,7.183,7.218,32721.892659
1680969600,7.218,7.222,7.105,7.117,49533.025335
1680984000,7.117,7.153,7.077,7.129,37529.394187
1680998400,7.129,7.187,7.12,7.158,26259.001676
1681012800,7.158,7.175,7.067,7.126,63593.395292
1681027200,7.125,7.128,7.076,7.111,57073.56373
1681041600,7.11,7.129,7.05,7.107,40905.536411
1681056000,7.106,7.212,7.093,7.197,42878.859484
1681070400,7.205,7.253,7.183,7.203,51099.948069
1681084800,7.204,7.224,7.13,7.177,35442.490565
1681099200,7.181,7.232,7.165,7.23,25236.225558
1681113600,7.231,7.246,7.208,7.208,41010.797999
1681128000,7.208,7.235,7.152,7.211,60226.934915
1681142400,7.212,7.356,7.18,7.287,127077.485363
1681156800,7.289,7.366,7.243,7.341,98898.842183
1681171200,7.34,7.416,7.316,7.341,112685.904487
1681185600,7.341,7.43,7.328,7.419,58970.823804
1681200000,7.42,7.449,7.375,7.387,46595.567278
1681214400,7.386,7.422,7.344,7.385,73583.231343
1681228800,7.384,7.395,7.304,7.324,67849.938523
1681243200,7.323,7.338,7.277,7.299,52368.952305
1681257600,7.3,7.326,7.097,7.137,126798.278304
1681272000,7.133,7.215,7.12,7.183,46319.32536
1681286400,7.186,7.191,7.159,7.18,23125.603625
1681300800,7.178,7.372,7.143,7.289,174833.24797
1681315200,7.29,7.305,7.141,7.183,87220.910632
1681329600,7.183,7.261,7.178,7.229,41670.863477
1681344000,7.232,7.247,7.171,7.218,41343.528696
1681358400,7.217,7.261,7.213,7.258,41719.152786
1681372800,7.257,7.417,7.256,7.364,111953.029259
1681387200,7.367,7.68,7.367,7.408,189771.667609
1681401600,7.407,7.547,7.407,7.458,94345.291032
1681416000,7.46,7.469,7.416,7.46,40772.347462
1681430400,7.459,7.762,7.458,7.707,276539.336343
1681444800,7.71,7.899,7.7,7.762,225316.688606
1681459200,7.764,7.845,7.76,7.813,91260.61646
1681473600,7.811,7.821,7.543,7.549,214207.474855
1681488000,7.549,7.757,7.419,7.755,161304.056636
1681502400,7.758,7.812,7.721,7.742,103841.056341
1681516800,7.742,7.754,7.613,7.645,104292.56017
1681531200,7.645,7.714,7.622,7.703,45735.559802
1681545600,7.705,7.871,7.683,7.819,127707.183521
1681560000,7.819,7.999,7.773,7.965,204934.706442
1681574400,7.965,8.095,7.922,7.977,252782.414788
1681588800,7.978,8.044,7.932,8.007,89597.659487
1681603200,8.007,8.169,7.959,8.0,269547.029174
1681617600,8.002,8.107,7.991,8.081,88915.698354
1681632000,8.081,8.102,7.947,7.958,124334.838887
1681646400,7.958,8.002,7.902,7.955,102397.714083
1681660800,7.955,8.13,7.935,8.04,101437.293041
1681675200,8.04,8.194,7.982,8.136,116963.085515
1681689600,8.135,8.274,7.861,8.219,279528.938259
1681704000,8.212,8.297,8.1,8.103,159361.067608
1681718400,8.103,8.172,7.93,7.977,148691.904665
1681732800,7.98,8.184,7.98,8.054,311682.554806
1681747200,8.054,8.252,8.043,8.233,127579.270672
1681761600,8.238,8.276,8.131,8.154,155710.824558
1681776000,8.161,8.169,8.025,8.078,112763.205436
1681790400,8.079,8.461,8.064,8.428,199136.642465
1681804800,8.428,8.766,8.406,8.711,343000.268403
1681819200,8.711,8.795,8.569,8.724,312356.356159
1681833600,8.723,8.728,8.52,8.557,133079.053797
1681848000,8.55,8.629,8.526,8.571,84540.913961
1681862400,8.575,8.603,8.48,8.567,118694.278234
1681876800,8.566,8.588,8.385,8.4,238426.233052
1681891200,8.4,8.403,7.875,8.053,1105403.443914
1681905600,8.056,8.139,7.959,8.028,350314.112813
1681920000,8.028,8.087,7.901,7.956,330181.98061
1681934400,7.953,7.986,7.626,7.754,368483.502859
1681948800,7.751,7.888,7.675,7.82,224323.616693
1681963200,7.82,7.89,7.77,7.774,224508.063396
1681977600,7.776,7.875,7.727,7.74,161573.734915
1681992000,7.746,7.968,7.705,7.731,317139.024949
1682006400,7.728,7.732,7.459,7.523,528307.463756
1682020800,7.52,7.618,7.467,7.514,134811.223598
1682035200,7.513,7.611,7.471,7.565,131309.943958
1682049600,7.563,7.574,7.377,7.539,197708.640938
1682064000,7.542,7.574,7.397,7.422,120788.905037
1682078400,7.42,7.477,7.332,7.379,221118.696428
1682092800,7.381,7.393,7.039,7.071,490253.180772
1682107200,7.068,7.129,7.011,7.114,192320.381643
1682121600,7.113,7.181,7.083,7.171,110727.950149
1682136000,7.172,7.172,7.08,7.088,52363.450348
1682150400,7.089,7.166,7.087,7.157,46831.863856
1682164800,7.151,7.218,7.107,7.174,91190.04698
1682179200,7.173,7.239,7.13,7.15,70342.201419
1682193600,7.151,7.199,7.102,7.172,82952.659782
1682208000,7.172,7.172,7.0,7.115,147986.562778
1682222400,7.112,7.137,7.083,7.13,50358.717972
1682236800,7.131,7.14,7.064,7.114,62320.079823
1682251200,7.114,7.131,6.928,6.991,182204.428975
1682265600,6.99,7.076,6.868,6.953,218287.573987
1682280000,6.951,7.093,6.932,7.084,85704.694953
1682294400,7.084,7.224,7.049,7.157,156678.406985
1682308800,7.159,7.159,7.022,7.095,141075.659934
1682323200,7.103,7.219,7.049,7.216,150160.742263
1682337600,7.22,7.269,7.084,7.09,226464.155924
1682352000,7.09,7.164,6.998,7.076,176609.772285
1682366400,7.077,7.113,7.051,7.071,38071.793326
1682380800,7.071,7.099,6.968,6.988,107808.836222
1682395200,6.985,7.069,6.977,6.99,65635.812972
1682409600,6.989,7.074,6.952,7.055,75934.71455
1682424000,7.05,7.11,6.999,7.012,165281.462962
1682438400,7.009,7.144,6.997,7.085,106874.197957
1682452800,7.085,7.3,7.079,7.276,128892.211022
1682467200,7.277,7.337,7.198,7.216,83982.759654
1682481600,7.217,7.298,7.217,7.248,64217.884314
1682496000,7.251,7.418,7.242,7.384,184071.081172
1682510400,7.388,7.503,7.363,7.44,254980.68522
1682524800,7.441,7.453,6.828,6.885,571126.710027
1682539200,6.885,7.039,6.703,7.007,543592.51106
1682553600,7.005,7.228,6.984,7.049,248610.555216
1682568000,7.052,7.131,6.988,7.057,107972.486572
1682582400,7.055,7.097,7.019,7.056,73934.254851
1682596800,7.056,7.17,6.982,7.125,224932.608905
1682611200,7.126,7.232,7.09,7.202,142107.421207
1682625600,7.202,7.235,7.113,7.171,104178.356442
1682640000,7.171,7.18,7.095,7.111,83100.515675
1682654400,7.113,7.189,7.108,7.182,57895.761719
1682668800,7.185,7.185,7.038,7.042,70604.427067
1682683200,7.038,7.093,6.949,7.026,143474.623559
1682697600,7.023,7.066,6.996,7.043,67915.190408
1682712000,7.044,7.067,7.028,7.039,38280.967492
1682726400,7.041,7.067,6.992,7.055,42698.328785
1682740800,7.053,7.097,7.05,7.092,39134.104945
1682755200,7.093,7.148,7.054,7.14,48909.629969
1682769600,7.143,7.218,7.126,7.186,98894.304093
1682784000,7.189,7.2,7.073,7.197,80736.577753
1682798400,7.197,7.21,7.145,7.186,36601.892986
1682812800,7.19,7.204,7.117,7.136,45078.353955
1682827200,7.141,7.212,7.136,7.174,21323.299596
1682841600,7.175,7.264,7.153,7.213,47720.691344
1682856000,7.216,7.305,7.182,7.246,76302.598423
1682870400,7.244,7.291,7.09,7.134,75636.028324
1682884800,7.129,7.129,7.013,7.022,84420.757843
1682899200,7.025,7.08,6.858,7.008,218907.464094
1682913600,7.007,7.03,6.948,6.989,65990.097813
1682928000,6.995,7.015,6.962,6.962,28065.810709
1682942400,6.961,6.979,6.875,6.909,172519.674668
1682956800,6.911,6.952,6.794,6.817,187044.54872
1682971200,6.815,6.907,6.8,6.899,60001.00421
1682985600,6.896,6.907,6.849,6.893,29601.291377
1683000000,6.895,6.937,6.874,6.922,35207.286026
1683014400,6.925,6.933,6.859,6.885,29937.34125
1683028800,6.89,6.959,6.8,6.91,127239.143154
1683043200,6.908,7.01,6.877,6.994,84111.074368
1683057600,6.996,7.005,6.966,6.985,28412.599598
1683072000,6.986,6.986,6.892,6.972,49231.153526
1683086400,6.974,7.0,6.939,6.974,57346.369014
1683100800,6.974,6.989,6.906,6.906,80149.999548
1683115200,6.907,6.918,6.82,6.868,141040.181218
1683129600,6.867,7.086,6.852,6.993,144817.968081
1683144000,6.994,7.15,6.98,7.13,67573.825736
1683158400,7.132,7.158,7.095,7.112,76114.651542
1683172800,7.112,7.136,7.067,7.068,39469.77571
1683187200,7.067,7.12,7.049,7.064,36040.387949
1683201600,7.064,7.082,6.986,7.03,47324.496403
1683216000,7.029,7.041,6.959,6.984,39773.459629
1683230400,6.983,7.001,6.96,6.997,31577.460655
1683244800,6.998,7.112,6.988,7.06,44917.150511
1683259200,7.064,7.089,7.043,7.045,25559.505937
1683273600,7.047,7.064,7.021,7.047,31827.495133
1683288000,7.051,7.151,6.883,7.142,221705.177491
1683302400,7.143,7.262,7.143,7.248,166665.747764
1683316800,7.253,7.277,7.219,7.228,40987.394936
1683331200,7.229,7.278,7.145,7.161,72744.651919
1683345600,7.159,7.185,7.1,7.108,61503.016313
1683360000,7.109,7.109,7.027,7.085,66815.708925
1683374400,7.085,7.087,6.867,6.905,135167.985735
1683388800,6.904,6.994,6.893,6.966,42825.606602
1683403200,6.963,6.977,6.909,6.922,43998.182669
1683417600,6.92,6.977,6.874,6.887,34041.188401
1683432000,6.887,6.929,6.885,6.92,13324.546164
1683446400,6.921,6.953,6.903,6.93,39769.365437
1683460800,6.931,6.989,6.931,6.94,25186.976997
1683475200,6.942,6.96,6.898,6.924,24436.505929
1683489600,6.918,6.974,6.862,6.907,74467.132333
1683504000,6.908,6.911,6.588,6.728,294958.882333
1683518400,6.724,6.739,6.588,6.63,133567.582886
1683532800,6.629,6.738,6.613,6.724,64536.235083
1683547200,6.724,6.76,6.665,6.719,82839.823798
1683561600,6.72,6.724,6.379,6.537,395731.311476
1683576000,6.536,6.608,6.536,6.582,56345.866856
1683590400,6.583,6.633,6.543,6.546,83068.747164
1683604800,6.546,6.598,6.526,6.598,49880.685731
1683619200,6.598,6.598,6.536,6.573,54543.881989
1683633600,6.578,6.601,6.457,6.478,98618.099694
1683648000,6.477,6.56,6.453,6.519,53708.162774
1683662400,6.522,6.548,6.482,6.52,27991.735259
1683676800,6.523,6.56,6.5,6.513,79258.501532
1683691200,6.507,6.538,6.488,6.502,36292.369468
1683705600,6.501,6.553,6.465,6.539,46078.920136
1683720000,6.539,6.695,6.508,6.611,180995.589795
1683734400,6.613,6.638,6.29,6.576,417972.523904
1683748800,6.575,6.644,6.555,6.589,82126.006019
1683763200,6.59,6.592,6.496,6.509,50433.026414
1683777600,6.508,6.544,6.481,6.501,46493.175113
1683792000,6.502,6.502,6.424,6.456,67253.637413
1683806400,6.455,6.519,6.281,6.374,237020.040498
1683820800,6.372,6.382,6.21,6.312,155046.97961
1683835200,6.313,6.381,6.307,6.36,38497.545941
1683849600,6.36,6.396,6.249,6.256,80268.544664
1683864000,6.255,6.387,6.221,6.377,96451.364217
1683878400,6.377,6.458,6.368,6.408,54792.049742
1683892800,6.409,6.48,6.393,6.402,54983.578821
1683907200,6.402,6.494,6.323,6.479,183919.241282
1683921600,6.475,6.638,6.459,6.621,198450.132001
1683936000,6.623,6.636,6.558,6.594,78602.995133
1683950400,6.595,6.611,6.569,6.599,27478.634203
1683964800,6.601,6.608,6.548,6.551,14120.778462
1683979200,6.552,6.586,6.498,6.525,51708.389917
1683993600,6.535,6.548,6.475,6.503,34378.27913
1684008000,6.508,6.525,6.483,6.489,19517.730278
1684022400,6.491,6.529,6.44,6.514,40209.93549
1684036800,6.514,6.547,6.503,6.529,13932.801762
1684051200,6.529,6.541,6.515,6.533,53840.883796
1684065600,6.537,6.61,6.509,6.59,30336.308374
1684080000,6.592,6.603,6.493,6.505,22969.005194
1684094400,6.498,6.548,6.486,6.546,15168.725775
1684108800,6.546,6.647,6.454,6.631,139642.194709
1684123200,6.628,6.707,6.611,6.674,74999.776025
1684137600,6.676,6.701,6.633,6.635,56720.564191
1684152000,6.635,6.672,6.593,6.656,54776.48305
1684166400,6.656,6.702,6.625,6.678,49263.637615
1684180800,6.677,6.677,6.609,6.637,32957.401475
1684195200,6.635,6.67,6.551,6.619,104579.373656
1684209600,6.625,6.705,6.611,6.694,49385.536167
1684224000,6.694,6.725,6.65,6.65,59401.453629
1684238400,6.65,6.677,6.565,6.652,108605.388841
1684252800,6.654,6.688,6.617,6.617,28378.127803
1684267200,6.618,6.671,6.598,6.658,18605.406677
1684281600,6.662,6.736,6.623,6.692,52525.200243
1684296000,6.693,6.726,6.576,6.595,36905.029387
1684310400,6.589,6.612,6.55,6.558,68509.213991
1684324800,6.559,6.638,6.555,6.599,76087.67854
1684339200,6.6,6.803,6.58,6.777,112390.359624
1684353600,6.78,6.806,6.716,6.755,71383.701493
1684368000,6.759,6.764,6.724,6.754,28105.866042
1684382400,6.756,6.756,6.683,6.731,43701.538178
1684396800,6.729,6.736,6.677,6.692,25781.471851
1684411200,6.693,6.698,6.61,6.639,66565.760589
1684425600,6.64,6.657,6.431,6.495,116298.700682
1684440000,6.493,6.564,6.462,6.531,30371.166705
1684454400,6.531,6.532,6.483,6.504,23681.343231
1684468800,6.505,6.533,6.477,6.53,31716.821946
1684483200,6.53,6.53,6.494,6.509,78796.241022
1684497600,6.509,6.556,6.456,6.515,76617.808609
1684512000,6.51,6.531,6.461,6.494,36418.204078
1684526400,6.493,6.521,6.485,6.508,10165.202687
1684540800,6.51,6.517,6.471,6.502,16643.856596
1684555200,6.501,6.501,6.473,6.485,13213.178984
1684569600,6.488,6.5,6.486,6.494,7234.531628
1684584000,6.496,6.509,6.488,6.501,5155.931432
1684598400,6.502,6.544,6.489,6.5,20009.983372
1684612800,6.502,6.514,6.48,6.504,12783.807871
1684627200,6.504,6.543,6.5,6.513,15996.052002
1684641600,6.51,6.527,6.505,6.512,8235.146761
1684656000,6.507,6.507,6.438,6.461,41896.767396
1684670400,6.459,6.499,6.355,6.422,74875.93692
1684684800,6.418,6.439,6.388,6.425,30002.241814
1684699200,6.425,6.442,6.362,6.43,37541.820771
1684713600,6.429,6.481,6.334,6.469,101756.353381
1684728000,6.475,6.48,6.436,6.473,48490.410906
1684742400,6.475,6.609,6.469,6.528,57319.012928
1684756800,6.529,6.587,6.497,6.513,45854.624624
1684771200,6.511,6.54,6.49,6.513,28210.387805
1684785600,6.514,6.539,6.506,6.531,15054.12549
1684800000,6.535,6.634,6.505,6.626,51097.629247
1684814400,6.631,6.634,6.54,6.549,49341.831302
1684828800,6.547,6.562,6.519,6.539,30802.104073
1684843200,6.539,6.562,6.514,6.549,34180.491142
1684857600,6.551,6.551,6.475,6.511,45431.736635
1684872000,6.509,6.53,6.494,6.505,17700.356102
1684886400,6.508,6.508,6.364,6.396,51273.097006
1684900800,6.39,6.39,6.32,6.336,48540.83019
1684915200,6.337,6.374,6.327,6.337,27076.451506
1684929600,6.34,6.35,6.201,6.271,173232.877671
1684944000,6.271,6.34,6.246,6.324,57433.825823
1684958400,6.323,6.362,6.314,6.319,29747.005569
1684972800,6.322,6.336,6.162,6.274,110581.546567
1684987200,6.277,6.304,6.268,6.294,26329.073619
1685001600,6.296,6.315,6.28,6.302,18972.632357
1685016000,6.306,6.346,6.244,6.247,47191.461906
1685030400,6.247,6.331,6.24,6.308,48242.303463
1685044800,6.309,6.313,6.268,6.279,20035.007514
1685059200,6.278,6.293,6.237,6.286,27055.296477
1685073600,6.288,6.317,6.263,6.311,17670.103937
1685088000,6.31,6.338,6.291,6.311,38971.269751
1685102400,6.313,6.383,6.272,6.354,122985.407207
1685116800,6.354,6.379,6.318,6.376,36375.557828
1685131200,6.374,6.381,6.345,6.345,19486.454314
1685145600,6.345,6.371,6.338,6.359,47551.372628
1685160000,6.362,6.377,6.344,6.355,19239.273075
1685174400,6.355,6.374,6.342,6.373,16843.47879
1685188800,6.372,6.399,6.325,6.398,45351.094342
1685203200,6.399,6.421,6.376,6.42,21049.828976
1685217600,6.422,6.441,6.412,6.438,29020.723801
1685232000,6.437,6.593,6.422,6.529,66992.039639
1685246400,6.528,6.538,6.492,6.496,15036.151662
1685260800,6.498,6.519,6.461,6.479,14975.809043
1685275200,6.48,6.511,6.471,6.508,11288.186934
1685289600,6.508,6.558,6.491,6.545,26578.940435
1685304000,6.545,6.659,6.523,6.633,80504.713994
1685318400,6.636,6.675,6.589,6.596,61801.930836
1685332800,6.601,6.621,6.567,6.603,64968.817639
1685347200,6.606,6.626,6.576,6.621,31996.891591
1685361600,6.621,6.629,6.547,6.553,70855.816406
1685376000,6.559,6.616,6.528,6.588,80459.79185
1685390400,6.589,6.675,6.586,6.641,38599.192306
1685404800,6.638,6.672,6.616,6.617,37880.167795
1685419200,6.617,6.621,6.538,6.539,30682.46856
1685433600,6.541,6.637,6.539,6.629,42346.099603
1685448000,6.631,6.636,6.537,6.583,72313.151366
1685462400,6.58,6.63,6.539,6.626,38596.175922
1685476800,6.629,6.656,6.607,6.614,35927.426033
1685491200,6.61,6.634,6.549,6.606,38990.828029
1685505600,6.607,6.608,6.429,6.484,180128.444138
1685520000,6.484,6.512,6.46,6.46,25597.681838
1685534400,6.458,6.496,6.397,6.448,85248.995029
1685548800,6.446,6.478,6.433,6.464,30505.218959
1685563200,6.454,6.491,6.436,6.485,18724.000882
1685577600,6.48,6.511,6.374,6.438,95366.036565
1685592000,6.436,6.46,6.407,6.412,50155.379879
1685606400,6.412,6.439,6.393,6.4,68374.451753
1685620800,6.401,6.424,6.386,6.408,45991.142943
1685635200,6.409,6.454,6.332,6.384,65673.275051
1685649600,6.385,6.4,6.318,6.343,21723.390998
1685664000,6.345,6.448,6.306,6.444,29369.858953
1685678400,6.448,6.481,6.419,6.42,32312.369654
1685692800,6.421,6.443,6.392,6.417,26506.220519
1685707200,6.419,6.422,6.347,6.391,90021.654915
1685721600,6.393,6.453,6.37,6.453,36454.36496
1685736000,6.454,6.465,6.417,6.453,20000.004627
1685750400,6.451,6.459,6.398,6.415,31007.817098
1685764800,6.418,6.445,6.412,6.435,15595.077586
1685779200,6.435,6.444,6.414,6.436,12305.638832
1685793600,6.44,6.45,6.405,6.44,33446.136604
1685808000,6.44,6.449,6.361,6.386,51755.686599
1685822400,6.387,6.423,6.367,6.423,20929.431489
1685836800,6.424,6.471,6.395,6.456,28930.244812
1685851200,6.456,6.499,6.436,6.486,50918.767317
1685865600,6.487,6.512,6.486,6.495,23579.51604
1685880000,6.496,6.53,6.469,6.506,38719.730206
1685894400,6.501,6.523,6.479,6.522,19193.092659
1685908800,6.521,6.533,6.443,6.452,53661.265392
1685923200,6.449,6.493,6.352,6.36,80709.042986
1685937600,6.36,6.401,6.349,6.401,29369.284421
1685952000,6.4,6.411,6.363,6.378,30050.17425
1685966400,6.378,6.382,6.076,6.092,278988.288646
1685980800,6.091,6.173,5.96,6.053,346732.446177
1685995200,6.051,6.069,6.011,6.054,56573.81643
1686009600,6.056,6.079,6.004,6.048,28428.197579
1686024000,6.048,6.096,6.047,6.088,26334.028926
1686038400,6.087,6.132,6.082,6.112,31711.765158
1686052800,6.113,6.231,6.021,6.231,244211.173602
1686067200,6.23,6.307,6.206,6.292,71068.856104
1686081600,6.293,6.313,6.213,6.261,101083.512166
1686096000,6.26,6.27,6.167,6.181,45703.037903
1686110400,6.182,6.228,6.174,6.177,40253.051369
1686124800,6.181,6.188,6.064,6.102,94407.981076
1686139200,6.106,6.108,5.942,5.987,131332.860102
1686153600,5.986,5.995,5.911,5.94,74564.877794
1686168000,5.939,5.942,5.829,5.919,56121.811598
1686182400,5.92,5.969,5.885,5.906,36230.693169
1686196800,5.91,5.983,5.909,5.971,41416.776639
1686211200,5.971,6.016,5.962,5.993,38038.244141
1686225600,5.992,6.033,5.966,6.025,41108.262161
1686240000,6.021,6.021,5.946,6.021,34163.760335
1686254400,6.019,6.036,5.983,5.995,25459.864457
1686268800,5.996,6.007,5.922,5.978,48853.929631
1686283200,5.975,5.984,5.927,5.942,25901.999719
1686297600,5.941,6.012,5.93,6.006,29633.084071
1686312000,6.005,6.08,5.984,5.991,60000.988962
1686326400,5.991,6.024,5.934,5.934,39880.988997
1686340800,5.933,6.0,5.926,5.993,28256.540851
1686355200,5.991,6.006,5.756,5.773,267640.482919
1686369600,5.773,5.793,4.674,5.108,1837011.279062
1686384000,5.107,5.146,4.964,5.068,312299.988236
1686398400,5.067,5.086,4.957,5.013,280652.924088
1686412800,5.016,5.167,4.911,5.155,450866.199748
1686427200,5.155,5.285,5.138,5.231,250193.616218
1686441600,5.23,5.238,5.169,5.19,150435.486124
1686456000,5.191,5.208,5.147,5.157,86698.553744
1686470400,5.159,5.203,5.138,5.174,85454.443093
1686484800,5.178,5.192,5.091,5.101,105858.260353
1686499200,5.099,5.23,5.097,5.198,162993.07598
1686513600,5.198,5.249,5.105,5.177,134041.684165
1686528000,5.172,5.186,4.998,5.066,215546.400899
1686542400,5.067,5.127,5.061,5.075,105807.198487
1686556800,5.075,5.189,5.062,5.136,107249.593027
1686571200,5.137,5.172,5.101,5.106,91363.021987
1686585600,5.104,5.197,5.079,5.147,149771.190664
1686600000,5.146,5.195,5.138,5.16,33602.291769
1686614400,5.16,5.234,5.108,5.209,70967.94819
1686628800,5.21,5.261,5.161,5.239,71953.050824
1686643200,5.241,5.332,5.218,5.314,84276.69602
1686657600,5.315,5.415,5.178,5.19,204125.786716
1686672000,5.187,5.27,5.184,5.252,41830.553489
1686686400,5.255,5.303,5.238,5.3,41586.244142
1686700800,5.3,5.393,5.287,5.392,76105.601427
1686715200,5.393,5.409,5.356,5.374,116212.95533
1686729600,5.373,5.417,5.363,5.392,32951.165066
1686744000,5.392,5.417,5.345,5.391,55196.027936
1686758400,5.393,5.506,5.34,5.451,141198.003677
1686772800,5.446,5.449,5.142,5.25,327628.384444
1686787200,5.252,5.339,5.241,5.308,65657.997147
1686801600,5.307,5.325,5.234,5.261,66325.124521
1686816000,5.26,5.311,5.182,5.278,110405.767963
1686830400,5.278,5.292,5.222,5.229,52010.144891
1686844800,5.231,5.355,5.159,5.348,81884.418377
1686859200,5.348,5.419,5.289,5.313,54008.298209
1686873600,5.312,5.313,5.255,5.296,43969.858703
1686888000,5.303,5.308,5.261,5.263,33245.189929
1686902400,5.264,5.294,5.18,5.189,41166.297818
1686916800,5.192,5.276,5.141,5.271,99367.290407
1686931200,5.274,5.398,5.229,5.376,70822.09098
1686945600,5.376,5.377,5.311,5.32,20577.28579
1686960000,5.326,5.328,5.261,5.266,31624.516732
1686974400,5.266,5.395,5.221,5.346,127932.099153
1686988800,5.348,5.387,5.337,5.356,54074.405878
1687003200,5.358,5.37,5.3,5.315,52508.314924
1687017600,5.314,5.331,5.279,5.28,22451.782887
1687032000,5.281,5.303,5.257,5.282,24426.555345
1687046400,5.28,5.28,5.216,5.254,42376.790749
1687060800,5.255,5.285,5.218,5.243,75591.688342
1687075200,5.245,5.282,5.222,5.25,26846.258546
1687089600,5.249,5.264,5.22,5.262,42678.800269
1687104000,5.261,5.3,5.246,5.298,28299.218665
1687118400,5.296,5.298,5.086,5.157,165435.752548
1687132800,5.157,5.181,5.096,5.149,43630.641984
1687147200,5.155,5.181,5.138,5.146,22861.860601
1687161600,5.145,5.146,5.066,5.102,70061.543611
1687176000,5.103,5.129,5.028,5.067,47847.385565
1687190400,5.068,5.194,4.995,5.095,114739.451812
1687204800,5.096,5.133,5.086,5.133,57955.333563
1687219200,5.134,5.177,5.108,5.131,42459.790325
1687233600,5.129,5.129,5.059,5.1,38130.410004
1687248000,5.098,5.098,5.04,5.089,31399.101905
1687262400,5.09,5.103,4.998,5.083,68574.910347
1687276800,5.081,5.219,5.069,5.218,133600.877255
1687291200,5.22,5.281,5.202,5.267,78878.01334
1687305600,5.269,5.4,5.244,5.324,164246.757175
1687320000,5.327,5.392,5.311,5.36,107405.078237
1687334400,5.361,5.382,5.327,5.372,88089.585353
1687348800,5.372,5.474,5.334,5.437,88561.121618
1687363200,5.438,5.57,5.429,5.515,155883.151942
1687377600,5.518,5.586,5.488,5.559,77320.658605
1687392000,5.556,5.826,5.536,5.773,125629.199427
1687406400,5.783,5.783,5.674,5.759,64227.563746
1687420800,5.759,5.78,5.583,5.622,136904.891868
1687435200,5.622,5.718,5.506,5.558,167071.203845
1687449600,5.557,5.634,5.549,5.634,86350.977317
1687464000,5.631,5.639,5.537,5.558,46562.621242
1687478400,5.559,5.641,5.551,5.641,42840.81656
1687492800,5.642,5.836,5.637,5.833,77505.196294
1687507200,5.836,5.916,5.817,5.857,145006.876703
1687521600,5.856,6.034,5.767,6.004,248119.47698
1687536000,6.005,6.155,5.938,6.073,348772.968399
1687550400,6.076,6.138,6.004,6.07,85830.842023
1687564800,6.071,6.108,5.976,6.08,77066.117456
1687579200,6.081,6.102,6.013,6.017,42794.556862
1687593600,6.02,6.196,6.017,6.135,62894.660374
1687608000,6.136,6.17,5.919,6.021,164117.524571
1687622400,6.015,6.089,5.954,6.084,63158.239688
1687636800,6.087,6.152,6.006,6.138,69643.103362
1687651200,6.136,6.236,6.109,6.224,131208.555038
1687665600,6.224,6.34,6.167,6.29,126408.842595
1687680000,6.291,6.378,6.27,6.314,123152.107049
1687694400,6.316,6.317,6.166,6.198,148675.357848
1687708800,6.193,6.23,6.079,6.109,75687.140873
1687723200,6.116,6.159,6.059,6.159,33590.548257
1687737600,6.16,6.162,6.025,6.128,150556.500325
1687752000,6.132,6.256,6.075,6.184,129039.019986
1687766400,6.182,6.217,6.14,6.156,52697.147749
1687780800,6.152,6.261,6.131,6.238,75516.736693
1687795200,6.229,6.231,6.02,6.098,164864.818441
1687809600,6.094,6.108,6.006,6.056,46306.080142
1687824000,6.059,6.205,6.047,6.19,59276.8225
1687838400,6.192,6.252,6.119,6.245,107281.939799
1687852800,6.246,6.256,6.166,6.23,60860.052138
1687867200,6.233,6.251,6.081,6.123,131162.81772
1687881600,6.124,6.251,6.111,6.229,82861.803296
1687896000,6.229,6.243,6.168,6.202,39754.984136
1687910400,6.201,6.204,6.061,6.104,57192.283063
1687924800,6.104,6.132,5.967,5.971,106690.652743
1687939200,5.971,6.063,5.951,5.995,81668.783489
1687953600,5.994,6.058,5.944,6.018,113549.609091
1687968000,6.018,6.031,5.693,5.822,310613.306026
1687982400,5.822,5.878,5.782,5.811,65508.18341
1687996800,5.815,5.881,5.788,5.829,43118.484626
1688011200,5.828,5.892,5.824,5.888,25047.618146
1688025600,5.882,6.149,5.859,6.13,94584.676025
1688040000,6.133,6.186,5.946,5.963,136535.196822
1688054400,5.963,6.004,5.899,5.943,62297.636756
1688068800,5.944,5.944,5.866,5.893,26804.497055
1688083200,5.894,6.12,5.842,6.095,103967.713591
1688097600,6.099,6.214,6.054,6.15,112571.430977
1688112000,6.151,6.25,6.133,6.235,160740.031468
1688126400,6.233,6.297,5.71,6.084,614804.873583
1688140800,6.082,6.459,6.038,6.311,426117.290772
1688155200,6.312,6.34,6.236,6.308,101537.720804
1688169600,6.315,6.359,6.191,6.214,185563.608376
1688184000,6.216,6.276,6.122,6.248,197149.140915
1688198400,6.248,6.263,6.168,6.223,221694.411979
1688212800,6.224,6.351,6.214,6.341,122571.69366
1688227200,6.342,6.468,6.284,6.426,134872.466269
1688241600,6.426,6.525,6.416,6.506,97141.342943
1688256000,6.504,6.507,6.365,6.381,287938.17006
1688270400,6.384,6.486,6.359,6.409,117894.384667
1688284800,6.41,6.509,6.378,6.486,107667.589754
1688299200,6.486,6.553,6.367,6.469,280809.606291
1688313600,6.468,6.468,6.334,6.453,161215.616094
1688328000,6.451,6.562,6.408,6.54,151287.886317
1688342400,6.543,6.63,6.469,6.583,159325.281781
1688356800,6.589,6.635,6.535,6.635,204751.922596
1688371200,6.633,6.659,6.575,6.65,116934.300876
1688385600,6.65,6.664,6.567,6.63,160195.762977
1688400000,6.63,6.693,6.562,6.666,148697.213067
1688414400,6.661,6.665,6.563,6.627,55691.636797
1688428800,6.628,6.628,6.544,6.613,66070.416651
1688443200,6.611,6.611,6.467,6.467,101404.35413
1688457600,6.466,6.529,6.433,6.524,55124.623917
1688472000,6.527,6.538,6.457,6.503,57791.552532
1688486400,6.503,6.553,6.392,6.454,148942.884255
1688500800,6.452,6.58,6.447,6.519,40591.749972
1688515200,6.523,6.568,6.483,6.55,39031.177421
1688529600,6.552,6.553,6.515,6.541,54713.009821
1688544000,6.542,6.542,6.24,6.294,278891.159798
1688558400,6.292,6.34,6.212,6.275,201760.072323
1688572800,6.274,6.341,6.258,6.265,71540.187902
1688587200,6.266,6.327,6.24,6.3,34946.638162
1688601600,6.301,6.32,6.205,6.318,81674.29713
1688616000,6.319,6.4,6.285,6.368,66258.811786
1688630400,6.367,6.506,6.312,6.345,126786.437955
1688644800,6.344,6.348,6.086,6.21,274249.343141
1688659200,6.204,6.23,6.128,6.177,89549.893447
1688673600,6.173,6.204,6.077,6.079,65821.750279
1688688000,6.083,6.155,6.015,6.152,135122.860149
1688702400,6.152,6.165,6.088,6.109,54715.3907
1688716800,6.108,6.156,6.09,6.136,46138.135998
1688731200,6.138,6.223,6.106,6.212,116465.965735
1688745600,6.212,6.219,6.114,6.146,64694.520296
1688760000,6.146,6.178,6.13,6.155,28729.604601
1688774400,6.16,6.189,6.13,6.145,69995.781744
1688788800,6.145,6.175,6.111,6.159,42409.52319
1688803200,6.157,6.222,6.147,6.169,60637.417317
1688817600,6.17,6.21,6.143,6.178,52784.138527
1688832000,6.18,6.198,6.094,6.108,59365.433863
1688846400,6.108,6.208,6.093,6.199,52715.265457
1688860800,6.2,6.241,6.181,6.216,50818.972333
1688875200,6.211,6.227,6.177,6.202,46455.787753
1688889600,6.205,6.225,6.192,6.204,34595.712383
1688904000,6.201,6.228,6.159,6.164,80647.786326
1688918400,6.163,6.172,6.134,6.157,42094.247124
1688932800,6.158,6.169,6.123,6.15,29082.3283
1688947200,6.151,6.151,6.017,6.088,154776.229429
1688961600,6.093,6.11,6.065,6.095,47128.609875
1688976000,6.096,6.129,6.022,6.123,78119.036774
1688990400,6.123,6.162,6.096,6.153,53708.367563
1689004800,6.156,6.28,6.13,6.261,117127.173564
1689019200,6.265,6.301,6.129,6.168,71560.741731
1689033600,6.169,6.194,6.122,6.176,29801.939622
1689048000,6.178,6.237,6.168,6.198,42322.561728
1689062400,6.2,6.211,6.142,6.17,25304.667168
1689076800,6.169,6.225,6.133,6.195,41876.693463
1689091200,6.191,6.202,6.144,6.17,29791.600798
1689105600,6.173,6.217,6.155,6.208,32624.285951
1689120000,6.205,6.281,6.204,6.222,39903.727685
1689134400,6.222,6.28,6.217,6.26,29443.851787
1689148800,6.26,6.276,6.232,6.261,16509.019567
1689163200,6.262,6.309,6.214,6.245,219720.665581
1689177600,6.244,6.342,6.194,6.211,182129.963152
1689192000,6.208,6.256,6.199,6.25,31103.121272
1689206400,6.25,6.276,6.212,6.238,37864.354483
1689220800,6.238,6.349,6.221,6.303,69129.81262
1689235200,6.302,6.476,6.302,6.452,86820.449235
1689249600,6.455,6.68,6.396,6.612,287900.28393
1689264000,6.615,6.97,6.588,6.963,639022.742344
1689278400,6.958,7.174,6.87,7.13,335873.596716
1689292800,7.129,7.345,7.078,7.212,649539.411738
1689307200,7.212,7.24,7.094,7.11,203796.63157
1689321600,7.114,7.174,7.026,7.068,180225.676623
1689336000,7.066,7.167,7.005,7.142,183347.705749
1689350400,7.143,7.176,6.683,6.784,850314.427827
1689364800,6.785,6.96,6.715,6.956,143436.886992
1689379200,6.957,6.957,6.832,6.852,131302.089035
1689393600,6.857,6.982,6.842,6.977,102461.343543
1689408000,6.981,7.02,6.937,6.957,90771.274485
1689422400,6.956,7.008,6.905,6.972,235821.251548
1689436800,6.973,7.008,6.941,6.95,49324.615989
1689451200,6.949,6.949,6.881,6.918,66400.097068
1689465600,6.918,6.92,6.737,6.785,114258.443288
1689480000,6.783,6.859,6.771,6.826,43554.123311
1689494400,6.825,6.85,6.802,6.84,35608.929252
1689508800,6.839,6.882,6.795,6.812,59237.246618
1689523200,6.81,6.81,6.61,6.617,101269.797076
1689537600,6.619,6.693,6.565,6.606,72952.297258
1689552000,6.605,6.733,6.561,6.707,76320.64135
1689566400,6.707,6.731,6.645,6.674,100433.109558
1689580800,6.677,6.679,6.441,6.642,197755.509153
1689595200,6.642,6.694,6.543,6.665,214368.854407
1689609600,6.668,7.059,6.631,6.896,697037.838049
1689624000,6.893,7.265,6.881,7.188,394592.204903
1689638400,7.186,7.299,7.088,7.093,455043.866746
1689652800,7.097,7.161,7.01,7.061,236304.135033
1689667200,7.062,7.153,6.914,6.923,305194.681241
1689681600,6.921,7.023,6.848,6.956,291286.019085
1689696000,6.953,7.02,6.789,6.875,164728.448999
1689710400,6.878,6.955,6.853,6.913,146927.146421
1689724800,6.913,7.029,6.882,6.973,151242.745781
1689739200,6.975,7.018,6.874,6.88,79549.56125
1689753600,6.88,6.88,6.803,6.849,108504.323776
1689768000,6.849,6.931,6.776,6.906,252126.565743
1689782400,6.902,7.047,6.866,7.026,99877.156322
1689796800,7.026,7.031,6.855,6.913,72442.937665
1689811200,6.915,7.021,6.885,6.955,81066.480127
1689825600,6.955,7.455,6.919,7.432,261303.069092
1689840000,7.435,8.388,7.416,8.329,2501387.75726
1689854400,8.323,8.399,7.957,8.062,1601530.867947
1689868800,8.065,8.299,8.003,8.138,1079422.668011
1689883200,8.133,8.469,8.044,8.36,831625.810277
1689897600,8.36,8.448,8.149,8.295,545767.843595
1689912000,8.295,8.359,8.04,8.07,491196.794328
1689926400,8.069,8.238,8.049,8.139,272348.650494
1689940800,8.138,8.202,8.061,8.132,365085.348759
1689955200,8.134,8.226,8.078,8.137,217918.204302
1689969600,8.137,8.184,8.076,8.133,133935.680669
1689984000,8.128,8.196,8.063,8.148,235526.27158
1689998400,8.151,8.183,8.112,8.161,81443.122644
1690012800,8.165,8.374,7.86,7.974,851809.607259
1690027200,7.97,8.094,7.938,8.062,197835.765791
1690041600,8.058,8.072,7.941,7.983,136890.635536
1690056000,7.988,8.027,7.758,7.881,392641.382663
1690070400,7.882,7.957,7.815,7.902,102836.149254
1690084800,7.902,8.059,7.902,8.001,247665.159591
1690099200,8.002,8.059,7.964,8.01,120134.818327
1690113600,8.011,8.031,7.979,7.988,70111.082826
1690128000,7.989,8.094,7.93,7.954,222757.819174
1690142400,7.954,7.961,7.852,7.889,103054.412812
1690156800,7.887,7.887,7.68,7.707,291214.740672
1690171200,7.704,7.774,7.66,7.733,143705.607694
1690185600,7.732,7.739,7.4,7.602,433469.802434
1690200000,7.602,7.647,7.502,7.606,139223.480016
1690214400,7.608,7.622,7.509,7.534,104076.824238
1690228800,7.534,7.619,7.524,7.59,57628.66994
1690243200,7.585,7.642,7.54,7.626,64280.508154
1690257600,7.628,7.628,7.371,7.433,199656.766664
1690272000,7.434,7.491,7.393,7.485,106114.188924
1690286400,7.489,7.53,7.395,7.429,145567.835525
1690300800,7.428,7.498,7.338,7.42,163027.433767
1690315200,7.424,7.455,7.386,7.394,29841.374685
1690329600,7.393,7.462,7.275,7.449,241050.995598
1690344000,7.452,7.545,7.412,7.463,88524.533764
1690358400,7.466,7.532,7.466,7.499,74082.494538
1690372800,7.502,7.63,7.486,7.595,279034.03491
1690387200,7.595,7.824,7.461,7.811,357639.591744
1690401600,7.813,7.836,7.692,7.745,211953.523582
1690416000,7.743,8.026,7.684,7.983,341103.85933
1690430400,7.983,8.062,7.935,7.944,167878.799554
1690444800,7.942,8.059,7.92,8.033,122909.050038
1690459200,8.035,8.134,7.958,7.974,281149.356884
1690473600,7.974,8.049,7.874,7.933,246933.568699
1690488000,7.934,8.017,7.912,7.989,73685.918343
1690502400,7.988,8.092,7.91,7.926,122992.655801
1690516800,7.927,7.927,7.808,7.84,105235.5103
1690531200,7.838,7.888,7.804,7.838,46832.844913
1690545600,7.837,7.977,7.835,7.894,82232.832791
1690560000,7.896,7.897,7.784,7.807,47909.426009
1690574400,7.806,7.842,7.765,7.774,25589.388767
1690588800,7.773,7.841,7.742,7.777,43608.544828
1690603200,7.776,7.807,7.74,7.772,56984.636108
1690617600,7.774,7.785,7.724,7.735,43532.593757
1690632000,7.735,7.764,7.726,7.742,60814.391146
1690646400,7.742,7.815,7.728,7.805,56946.388748
1690660800,7.808,7.897,7.791,7.843,39803.45664
1690675200,7.843,7.862,7.797,7.809,45132.450975
1690689600,7.809,7.837,7.743,7.77,37708.606368
1690704000,7.766,7.778,7.735,7.749,32396.740485
1690718400,7.749,7.798,7.697,7.726,78033.134445
1690732800,7.721,7.736,7.472,7.522,288301.816153
1690747200,7.517,7.572,7.361,7.556,233479.258621
1690761600,7.557,7.716,7.542,7.612,81383.102312
1690776000,7.618,7.638,7.559,7.602,47913.449489
1690790400,7.603,7.669,7.6,7.634,39097.885083
1690804800,7.635,7.662,7.517,7.525,116816.692922
1690819200,7.524,7.675,7.436,7.485,138978.4333
1690833600,7.485,7.557,7.433,7.549,60033.646342
1690848000,7.55,7.596,7.28,7.384,325984.182169
1690862400,7.388,7.474,7.344,7.445,75157.930124
1690876800,7.441,7.497,7.441,7.456,44762.568558
1690891200,7.459,7.511,7.348,7.462,118928.584697
1690905600,7.468,7.547,7.436,7.545,150020.934957
1690920000,7.547,7.648,7.507,7.633,75914.748158
1690934400,7.644,7.716,7.606,7.633,85520.412838
1690948800,7.634,7.648,7.58,7.589,29289.78905
1690963200,7.584,7.702,7.576,7.661,76828.377696
1690977600,7.656,7.714,7.422,7.496,384483.806458
1690992000,7.491,7.515,7.338,7.424,154466.106672
1691006400,7.419,7.432,7.333,7.352,28298.854697
1691020800,7.349,7.41,7.319,7.351,97058.302282
1691035200,7.354,7.377,7.287,7.3,67637.654742
1691049600,7.3,7.324,7.204,7.314,92196.292188
1691064000,7.315,7.332,7.211,7.215,155242.011576
1691078400,7.215,7.295,7.169,7.2,111545.711386
1691092800,7.2,7.245,7.071,7.124,113848.683406
1691107200,7.124,7.203,7.109,7.161,80175.807373
1691121600,7.163,7.184,7.113,7.143,61548.127774
1691136000,7.144,7.157,7.061,7.115,61253.873116
1691150400,7.116,7.239,7.111,7.169,95725.23588
1691164800,7.169,7.264,7.065,7.095,119161.555596
1691179200,7.094,7.166,7.009,7.144,112397.948282
1691193600,7.142,7.198,7.1,7.187,69142.969
1691208000,7.186,7.223,7.153,7.185,21417.408164
1691222400,7.181,7.245,7.179,7.193,54110.934421
1691236800,7.193,7.241,7.152,7.165,42229.520291
1691251200,7.168,7.212,7.129,7.198,26542.54969
1691265600,7.197,7.236,7.183,7.229,8620.991072
1691280000,7.229,7.271,7.186,7.222,45188.522316
1691294400,7.226,7.227,7.164,7.177,13151.504868
1691308800,7.176,7.202,7.127,7.15,21527.276817
1691323200,7.15,7.155,7.075,7.109,51792.480753
1691337600,7.112,7.147,7.083,7.094,9055.986911
1691352000,7.094,7.183,7.089,7.104,41861.854893
1691366400,7.104,7.21,7.088,7.165,31122.202853
1691380800,7.165,7.203,7.129,7.185,24215.434039
1691395200,7.19,7.235,7.153,7.213,47968.813548
1691409600,7.216,7.232,7.067,7.073,86548.088383
1691424000,7.074,7.189,6.943,7.122,237716.312814
1691438400,7.124,7.396,7.105,7.327,92885.747957
1691452800,7.33,7.379,7.292,7.345,88938.98599
1691467200,7.348,7.441,7.317,7.343,71581.444154
1691481600,7.344,7.434,7.332,7.428,48707.084942
1691496000,7.43,7.464,7.323,7.369,82550.672594
1691510400,7.365,7.437,7.339,7.348,108636.198258
1691524800,7.349,7.53,7.341,7.46,148523.727303
1691539200,7.458,7.488,7.379,7.389,119428.581107
1691553600,7.388,7.566,7.38,7.521,55065.527376
1691568000,7.522,7.73,7.489,7.647,146646.824562
1691582400,7.64,7.915,7.638,7.714,661295.751074
1691596800,7.715,7.747,7.631,7.674,236160.239793
1691611200,7.675,7.752,7.609,7.678,100193.551346
1691625600,7.68,7.711,7.617,7.618,83672.285806
1691640000,7.618,7.663,7.575,7.602,45148.716116
1691654400,7.6,7.671,7.56,7.625,66672.108701
1691668800,7.623,7.737,7.618,7.67,178067.795975
1691683200,7.674,7.687,7.582,7.587,55999.913334
1691697600,7.584,7.644,7.565,7.614,22228.680236
1691712000,7.619,7.64,7.531,7.561,35783.880407
1691726400,7.559,7.607,7.556,7.564,21331.404975
1691740800,7.564,7.58,7.528,7.58,76148.301082
1691755200,7.581,7.591,7.472,7.492,60551.977276
1691769600,7.495,7.503,7.407,7.429,51423.630241
1691784000,7.432,7.507,7.432,7.492,17595.978816
1691798400,7.494,7.538,7.462,7.477,24235.657828
1691812800,7.472,7.477,7.406,7.463,37816.738251
1691827200,7.464,7.476,7.436,7.456,11934.419731
1691841600,7.458,7.46,7.423,7.431,24844.633136
1691856000,7.433,7.468,7.383,7.388,36840.048619
1691870400,7.39,7.469,7.387,7.443,20068.816133
1691884800,7.444,7.498,7.432,7.462,19651.326361
1691899200,7.462,7.528,7.447,7.515,29501.24871
1691913600,7.515,7.527,7.466,7.502,26221.097868
1691928000,7.508,7.516,7.411,7.42,21850.257865
1691942400,7.417,7.553,7.407,7.539,48855.795886
1691956800,7.543,7.556,7.316,7.374,39914.097652
1691971200,7.368,7.463,7.308,7.442,41557.889969
1691985600,7.442,7.506,7.428,7.469,41861.240798
1692000000,7.466,7.54,7.466,7.531,47216.20919
1692014400,7.53,7.634,7.495,7.584,90806.791725
1692028800,7.589,7.6,7.403,7.413,58774.228393
1692043200,7.417,7.461,7.39,7.413,24623.858632
1692057600,7.412,7.431,7.366,7.377,38980.418787
1692072000,7.375,7.397,7.323,7.386,34634.186697
1692086400,7.386,7.387,7.266,7.28,106259.898103
1692100800,7.283,7.332,7.259,7.287,27409.217525
1692115200,7.283,7.301,6.784,7.047,633546.872044
1692129600,7.036,7.114,6.869,7.048,119461.682928
1692144000,7.042,7.071,6.996,7.017,59026.478736
1692158400,7.017,7.036,6.947,7.001,69941.247054
1692172800,7.001,7.015,6.94,6.978,38700.110347
1692187200,6.976,6.976,6.791,6.809,185288.259172
1692201600,6.805,6.928,6.763,6.804,92281.582881
1692216000,6.804,6.822,6.593,6.761,298208.584865
1692230400,6.765,6.866,6.631,6.844,137366.201385
1692244800,6.849,6.869,6.794,6.816,42628.18403
1692259200,6.815,6.825,6.771,6.799,46628.941818
1692273600,6.8,6.854,6.562,6.615,228114.414405
1692288000,6.608,6.682,6.535,6.626,135335.054584
1692302400,6.627,6.632,5.519,6.194,1287554.799139
1692316800,6.187,6.258,6.092,6.138,168518.18407
1692331200,6.14,6.285,6.088,6.255,144518.855627
1692345600,6.258,6.278,6.197,6.254,107078.141927
1692360000,6.255,6.265,6.156,6.164,71788.372173
1692374400,6.158,6.22,6.07,6.131,163433.466002
1692388800,6.135,6.291,6.125,6.174,153211.095645
1692403200,6.174,6.236,6.151,6.185,96338.020264
1692417600,6.184,6.201,6.138,6.178,24755.319056
1692432000,6.183,6.227,6.145,6.149,25202.508718
1692446400,6.15,6.227,6.146,6.223,40400.490573
1692460800,6.217,6.263,6.168,6.168,69905.223588
1692475200,6.171,6.181,6.112,6.18,62012.797116
1692489600,6.182,6.193,6.131,6.166,37945.916229
1692504000,6.165,6.17,6.118,6.143,35459.26763
1692518400,6.146,6.213,6.139,6.206,31875.585126
1692532800,6.207,6.225,6.126,6.171,45189.445894
1692547200,6.172,6.213,6.153,6.193,22052.870657
1692561600,6.195,6.234,6.188,6.219,17312.05287
1692576000,6.22,6.255,6.2,6.206,48166.298712
1692590400,6.206,6.244,6.172,6.189,30896.55374
1692604800,6.189,6.22,6.126,6.216,60380.972509
1692619200,6.216,6.235,6.003,6.102,176272.86803
1692633600,6.107,6.202,6.084,6.183,34958.257651
1692648000,6.188,6.211,6.149,6.178,16615.886172
1692662400,6.177,6.184,6.14,6.141,20480.682563
1692676800,6.142,6.249,6.124,6.198,48077.763202
1692691200,6.197,6.238,6.183,6.202,32846.524678
1692705600,6.198,6.255,6.11,6.123,80793.765634
1692720000,6.124,6.136,5.962,6.02,239299.485159
1692734400,6.021,6.144,5.865,6.113,141228.372501
1692748800,6.117,6.166,6.105,6.122,25778.281294
1692763200,6.122,6.228,6.121,6.211,62709.706217
1692777600,6.215,6.309,6.213,6.248,48455.441369
1692792000,6.246,6.373,6.2,6.359,133013.716603
1692806400,6.358,6.435,6.34,6.401,88763.4273
1692820800,6.404,6.413,6.271,6.352,44129.832807
1692835200,6.35,6.366,6.318,6.341,23347.681855
1692849600,6.342,6.343,6.286,6.315,44164.093782
1692864000,6.315,6.322,6.27,6.293,28367.368255
1692878400,6.293,6.293,6.118,6.118,123842.019183
1692892800,6.118,6.136,6.036,6.063,108605.760444
1692907200,6.067,6.093,5.984,6.086,101055.116925
1692921600,6.083,6.083,5.93,6.02,132087.799857
1692936000,6.022,6.035,5.963,5.969,61496.86276
1692950400,5.969,6.011,5.953,5.983,46764.408647
1692964800,5.984,6.28,5.905,5.959,228489.944967
1692979200,5.955,6.009,5.93,5.979,43815.433485
1692993600,5.971,6.021,5.95,6.013,32796.472365
1693008000,6.015,6.041,5.988,6.019,48211.266288
1693022400,6.023,6.041,5.981,6.015,47396.520293
1693036800,6.015,6.032,5.998,6.009,31598.939348
1693051200,6.01,6.023,5.984,6.001,60847.285644
1693065600,6.001,6.003,5.956,5.983,49189.395493
1693080000,5.991,6.014,5.985,6.008,20936.04091
1693094400,6.005,6.021,5.956,5.96,29824.406491
1693108800,5.96,5.993,5.96,5.987,19651.517799
1693123200,5.987,6.002,5.968,5.972,19179.071124
1693137600,5.972,6.036,5.96,6.014,43480.790143
1693152000,6.017,6.046,5.971,6.011,32562.993625
1693166400,6.011,6.038,5.985,6.031,20426.623241
1693180800,6.028,6.028,5.893,5.933,107952.390615
1693195200,5.933,5.946,5.863,5.914,67023.993917
1693209600,5.915,5.937,5.854,5.928,55022.511413
1693224000,5.931,6.05,5.93,6.002,106593.627687
1693238400,6.005,6.024,5.919,5.96,49691.645583
1693252800,5.956,5.997,5.928,5.982,33742.690401
1693267200,5.983,6.008,5.931,5.94,33503.381978
1693281600,5.94,5.95,5.885,5.891,61757.75812
1693296000,5.891,5.904,5.84,5.887,70738.125971
1693310400,5.884,6.318,5.879,6.185,496990.62347
1693324800,6.186,6.288,6.174,6.229,221381.308406
1693339200,6.226,6.24,6.169,6.194,47593.36394
1693353600,6.195,6.201,6.054,6.09,73921.088537
1693368000,6.086,6.094,6.056,6.07,28505.227188
1693382400,6.069,6.08,6.021,6.022,28250.822889
1693396800,6.022,6.034,5.881,5.941,187082.329026
1693411200,5.941,5.974,5.912,5.941,35048.414211
1693425600,5.94,5.968,5.924,5.927,73059.74781
1693440000,5.924,5.956,5.897,5.95,26063.32087
1693454400,5.952,6.058,5.949,5.98,74737.090829
1693468800,5.98,6.065,5.969,6.039,67330.688423
1693483200,6.034,6.035,5.902,5.945,150889.058113
1693497600,5.947,5.957,5.727,5.847,277845.069421
1693512000,5.847,5.884,5.764,5.875,145482.750469
1693526400,5.878,5.97,5.873,5.97,61601.531779
1693540800,5.97,6.031,5.942,5.958,134204.682589
1693555200,5.962,6.032,5.962,6.003,82610.369537
1693569600,6.001,6.024,5.922,5.941,120765.403785
1693584000,5.938,5.955,5.815,5.883,157501.0051
1693598400,5.88,6.018,5.865,5.94,53294.851457
1693612800,5.941,5.989,5.932,5.948,33228.034968
1693627200,5.948,5.967,5.93,5.948,15986.926785
1693641600,5.949,5.97,5.901,5.941,24309.342055
1693656000,5.942,6.0,5.926,5.967,78131.582725
1693670400,5.966,5.976,5.89,5.937,22903.515498
1693684800,5.934,5.974,5.927,5.969,9128.818412
1693699200,5.971,6.028,5.949,6.013,46062.80503
1693713600,6.014,6.047,6.008,6.011,45850.129113
1693728000,6.012,6.067,5.99,6.031,52260.434995
1693742400,6.03,6.064,5.974,5.993,53152.509741
1693756800,5.994,6.057,5.963,6.027,30546.408305
1693771200,6.029,6.045,6.001,6.03,21679.8599
1693785600,6.03,6.135,6.025,6.101,52069.684923
1693800000,6.107,6.114,6.052,6.1,38677.105338
1693814400,6.102,6.167,6.058,6.072,104145.984222
1693828800,6.07,6.101,5.971,6.014,125721.030615
1693843200,6.014,6.057,5.998,6.014,22822.045053
1693857600,6.02,6.026,5.944,6.015,37251.464041
1693872000,6.013,6.016,5.907,5.953,61665.539732
1693886400,5.953,5.992,5.951,5.987,27578.708105
1693900800,5.988,6.128,5.964,6.087,105494.063352
1693915200,6.089,6.134,6.057,6.1,64345.627416
1693929600,6.106,6.147,6.081,6.115,42952.433092
1693944000,6.117,6.152,6.105,6.138,26857.414412
1693958400,6.138,6.276,6.117,6.205,210298.117853
1693972800,6.206,6.216,6.128,6.141,131123.449693
1693987200,6.143,6.157,6.113,6.122,47726.274409
1694001600,6.121,6.208,6.104,6.173,96858.483396
1694016000,6.176,6.352,6.094,6.249,230886.208489
1694030400,6.252,6.305,6.245,6.302,41762.495363
1694044800,6.302,6.396,6.276,6.367,143733.961872
1694059200,6.369,6.387,6.277,6.28,56983.098599
1694073600,6.278,6.314,6.237,6.237,41127.127935
1694088000,6.238,6.283,6.2,6.258,49357.594887
1694102400,6.257,6.332,6.255,6.324,31503.412877
1694116800,6.328,6.47,6.32,6.389,107062.821972
1694131200,6.385,6.403,6.328,6.343,41366.755921
1694145600,6.343,6.364,6.297,6.306,33937.282838
1694160000,6.305,6.306,6.141,6.213,113647.750097
1694174400,6.21,6.275,6.208,6.221,30841.351168
1694188800,6.221,6.27,6.199,6.249,27753.569393
1694203200,6.251,6.286,6.236,6.281,21992.235483
1694217600,6.28,6.291,6.236,6.268,36464.765881
1694232000,6.271,6.28,6.238,6.248,13048.402397
1694246400,6.251,6.252,6.208,6.217,21346.950555
1694260800,6.222,6.222,6.18,6.192,40492.974776
1694275200,6.192,6.216,6.157,6.18,22485.428615
1694289600,6.181,6.183,6.158,6.162,15981.50482
1694304000,6.164,6.164,6.085,6.114,87222.684719
1694318400,6.114,6.125,5.946,6.108,168803.631852
1694332800,6.114,6.119,6.066,6.09,46425.511783
1694347200,6.086,6.105,5.979,6.045,65998.754626
1694361600,6.046,6.061,5.954,6.039,62284.554701
1694376000,6.036,6.079,6.006,6.015,35991.264871
1694390400,6.016,6.03,5.942,6.002,50919.404594
1694404800,6.001,6.034,5.977,5.99,19921.909093
1694419200,5.99,5.997,5.776,5.893,214796.343658
1694433600,5.885,5.942,5.803,5.863,185410.713645
1694448000,5.86,5.885,5.737,5.768,78131.639292
1694462400,5.768,5.829,5.743,5.829,52725.900304
1694476800,5.826,5.995,5.808,5.941,101973.509688
1694491200,5.943,5.965,5.879,5.921,83550.257597
1694505600,5.921,6.076,5.891,6.022,133436.815255
1694520000,6.026,6.038,5.961,5.997,43479.253078
1694534400,5.994,6.065,5.903,5.979,87450.526899
1694548800,5.974,5.992,5.953,5.958,13018.040129
1694563200,5.959,6.007,5.94,5.973,49559.427626
1694577600,5.971,6.092,5.928,5.954,154937.650051
1694592000,5.956,6.045,5.951,6.017,57033.638775
1694606400,6.019,6.04,5.933,6.017,76313.650847
1694620800,6.019,6.032,5.953,5.98,46149.863136
1694635200,5.979,6.036,5.977,6.019,14855.323169
1694649600,6.024,6.124,6.008,6.044,82892.72082
1694664000,6.042,6.053,6.009,6.032,33782.599857
1694678400,6.031,6.063,6.016,6.055,31805.134919
1694692800,6.058,6.128,6.023,6.094,102154.784561
1694707200,6.094,6.171,6.071,6.166,71081.047067
1694721600,6.167,6.216,6.138,6.154,36389.558997
1694736000,6.155,6.238,6.137,6.192,25906.056261
1694750400,6.192,6.213,6.146,6.149,24205.838906
1694764800,6.149,6.176,6.101,6.105,28792.278203
1694779200,6.108,6.209,6.106,6.207,35810.264867
1694793600,6.206,6.246,6.193,6.224,32148.189043
1694808000,6.225,6.376,6.221,6.367,44991.194519
1694822400,6.366,6.423,6.304,6.311,67728.258223
1694836800,6.309,6.326,6.269,6.297,22190.889251
1694851200,6.298,6.3,6.247,6.247,31811.370035
1694865600,6.248,6.25,6.186,6.226,43668.471107
1694880000,6.227,6.245,6.187,6.202,14808.048524
1694894400,6.2,6.292,6.197,6.279,26993.122524
1694908800,6.28,6.28,6.171,6.235,43764.797237
1694923200,6.238,6.256,6.188,6.189,9102.498558
1694937600,6.189,6.226,6.186,6.209,10945.143372
1694952000,6.206,6.218,6.159,6.187,20430.344296
1694966400,6.188,6.191,6.106,6.133,18152.59049
1694980800,6.133,6.149,6.051,6.146,59720.144291
1694995200,6.147,6.628,6.097,6.623,279998.198994
1695009600,6.624,6.666,6.538,6.546,250001.470846
1695024000,6.549,6.825,6.51,6.73,317430.165496
1695038400,6.731,6.839,6.676,6.726,226516.510141
1695052800,6.726,6.728,6.582,6.619,149678.284213
1695067200,6.614,6.665,6.537,6.566,67634.764798
1695081600,6.564,6.8,6.519,6.761,186284.20147
1695096000,6.763,6.93,6.679,6.689,162292.044831
1695110400,6.691,6.812,6.689,6.742,163906.843285
1695124800,6.744,6.889,6.715,6.867,178713.435445
1695139200,6.873,6.909,6.792,6.833,64995.68109
1695153600,6.833,6.97,6.785,6.846,73042.175151
1695168000,6.846,6.994,6.816,6.93,96597.365627
1695182400,6.927,6.957,6.778,6.804,76016.199166
1695196800,6.8,6.877,6.758,6.83,71572.515184
1695211200,6.831,6.932,6.741,6.918,111093.153811
1695225600,6.914,7.044,6.795,6.876,123611.770146
1695240000,6.873,6.972,6.839,6.905,39154.478382
1695254400,6.907,6.944,6.814,6.876,81639.433658
1695268800,6.876,6.876,6.784,6.798,50301.093985
1695283200,6.795,6.826,6.678,6.701,135107.712002
1695297600,6.702,6.783,6.604,6.747,145505.595329
1695312000,6.749,6.765,6.708,6.718,38044.492139
1695326400,6.721,6.731,6.663,6.663,20397.736897
1695340800,6.665,6.72,6.591,6.697,88193.120725
1695355200,6.699,6.717,6.642,6.695,49487.861767
1695369600,6.695,6.787,6.692,6.786,56343.970796
1695384000,6.784,6.798,6.71,6.764,60385.432331
1695398400,6.765,6.968,6.732,6.878,103614.5656
1695412800,6.876,6.966,6.864,6.956,50028.448577
1695427200,6.959,7.186,6.946,6.995,210544.346675
1695441600,6.995,7.069,6.947,7.033,84276.605454
1695456000,7.038,7.046,6.96,7.002,56246.084369
1695470400,7.002,7.059,6.925,6.939,80632.984394
1695484800,6.936,7.23,6.918,7.18,302072.379235
1695499200,7.177,7.224,7.134,7.189,98311.783056
1695513600,7.188,7.255,7.131,7.16,126568.849579
1695528000,7.163,7.21,7.107,7.167,114571.645282
1695542400,7.164,7.176,7.076,7.096,72164.993856
1695556800,7.096,7.189,7.079,7.102,112383.785366
1695571200,7.099,7.178,7.038,7.079,90248.056996
1695585600,7.078,7.093,6.95,6.983,43524.697861
1695600000,6.972,7.315,6.907,7.164,228750.305036
1695614400,7.164,7.304,7.156,7.276,99329.782873
1695628800,7.277,7.32,7.206,7.254,61788.622389
1695643200,7.259,7.4,7.226,7.388,161741.997676
1695657600,7.393,7.51,7.378,7.456,126318.498944
1695672000,7.462,7.501,7.427,7.492,54702.869305
1695686400,7.492,7.575,7.412,7.523,117375.589754
1695700800,7.522,7.529,7.436,7.436,76693.020226
1695715200,7.435,7.482,7.37,7.425,78046.023405
1695729600,7.426,7.43,7.3,7.331,115918.029641
1695744000,7.331,7.412,7.248,7.396,91283.54119
1695758400,7.396,7.474,7.28,7.361,102968.111302
1695772800,7.356,7.413,7.271,7.371,51455.432543
1695787200,7.37,7.392,7.321,7.369,42997.186678
1695801600,7.369,7.687,7.351,7.632,191839.731452
1695816000,7.632,7.9,7.487,7.596,562665.894181
1695830400,7.589,7.696,7.489,7.66,146275.93728
1695844800,7.656,7.689,7.572,7.643,72751.208945
1695859200,7.643,7.758,7.573,7.658,88764.059125
1695873600,7.659,7.823,7.577,7.749,124451.860364
1695888000,7.748,7.869,7.73,7.776,144634.260355
1695902400,7.776,7.92,7.685,7.884,169501.236037
1695916800,7.886,8.062,7.776,7.956,252048.992088
1695931200,7.957,7.957,7.767,7.809,59049.464956
1695945600,7.809,7.841,7.684,7.748,61509.265077
1695960000,7.749,7.825,7.718,7.784,50951.181011
1695974400,7.782,7.787,7.691,7.702,76828.541626
1695988800,7.701,7.91,7.675,7.817,164737.663615
1696003200,7.818,8.051,7.755,8.047,145697.816025
1696017600,8.047,8.08,7.932,7.947,63669.18466
1696032000,7.947,8.051,7.935,8.021,86472.588063
1696046400,8.022,8.159,8.006,8.081,114510.6044
1696060800,8.081,8.27,8.011,8.195,208603.555736
1696075200,8.199,8.238,8.13,8.225,87093.045894
1696089600,8.222,8.24,8.091,8.178,75135.958474
1696104000,8.181,8.215,8.107,8.189,51103.354837
1696118400,8.189,8.258,8.113,8.161,84184.945081
1696132800,8.164,8.171,8.041,8.062,97862.57617
1696147200,8.066,8.225,8.043,8.128,113664.696343
1696161600,8.129,8.141,7.963,8.012,167921.256509
1696176000,8.013,8.021,7.785,7.841,116971.757093
1696190400,7.843,8.15,7.774,8.051,220125.927014
1696204800,8.052,8.1,7.86,7.881,114505.833112
1696219200,7.881,8.104,7.846,8.03,128183.987091
1696233600,8.035,8.08,7.861,7.891,148372.473715
1696248000,7.889,7.952,7.616,7.669,196154.906074
1696262400,7.666,7.727,7.439,7.609,256765.719968
1696276800,7.607,7.607,7.356,7.464,163644.030254
1696291200,7.474,7.589,7.413,7.553,108749.018586
1696305600,7.555,7.743,7.502,7.626,100020.251054
1696320000,7.628,7.733,7.512,7.542,110006.797787
1696334400,7.54,7.727,7.4,7.432,144505.290801
1696348800,7.426,7.545,7.388,7.405,69504.443763
1696363200,7.409,7.509,7.369,7.413,74920.650033
1696377600,7.406,7.547,7.182,7.483,194118.219201
1696392000,7.484,7.638,7.456,7.585,173075.970734
1696406400,7.594,7.61,7.521,7.546,60703.794558
1696420800,7.542,7.671,7.467,7.642,126590.805563
1696435200,7.636,7.777,7.571,7.611,159813.357419
1696449600,7.611,7.741,7.588,7.673,43414.851522
1696464000,7.67,7.694,7.59,7.613,64621.323595
1696478400,7.614,7.76,7.6,7.714,47972.036777
1696492800,7.71,7.79,7.671,7.681,54394.396576
1696507200,7.682,7.702,7.484,7.532,144714.004707
1696521600,7.533,7.56,7.476,7.512,30826.594006
1696536000,7.508,7.567,7.454,7.465,47276.819348
1696550400,7.47,7.583,7.457,7.53,38432.6356
1696564800,7.533,7.579,7.5,7.574,31192.151357
1696579200,7.576,7.612,7.542,7.557,42819.27096
1696593600,7.558,7.704,7.433,7.664,130774.634614
1696608000,7.664,7.72,7.62,7.67,67137.887923
1696622400,7.669,7.763,7.638,7.64,53549.712211
1696636800,7.641,7.681,7.584,7.596,369950.98574
1696651200,7.602,7.643,7.548,7.6,263101.613093
1696665600,7.6,7.643,7.57,7.583,25588.8235
1696680000,7.584,7.616,7.557,7.564,26532.693763
1696694400,7.565,7.566,7.473,7.484,60900.966816
1696708800,7.488,7.554,7.488,7.523,14354.365642
1696723200,7.526,7.621,7.501,7.621,69841.071887
1696737600,7.62,7.673,7.591,7.65,71864.269937
1696752000,7.651,7.708,7.538,7.569,102292.450395
1696766400,7.564,7.694,7.561,7.671,77403.117808
1696780800,7.666,7.735,7.64,7.73,111425.644404
1696795200,7.729,7.945,7.665,7.673,256350.754978
1696809600,7.673,7.694,7.565,7.633,104162.329344
1696824000,7.641,7.649,7.551,7.557,60730.812867
1696838400,7.559,7.577,7.29,7.354,247312.72976
1696852800,7.354,7.41,7.313,7.333,109362.512624
1696867200,7.333,7.362,7.135,7.295,103811.914198
1696881600,7.298,7.331,7.241,7.275,32605.616672
1696896000,7.275,7.35,7.244,7.31,210124.560241
1696910400,7.313,7.375,7.272,7.344,31654.276636
1696924800,7.344,7.402,7.265,7.272,214925.881386
1696939200,7.272,7.364,7.217,7.222,95522.615842
1696953600,7.222,7.279,7.194,7.26,40457.975871
1696968000,7.257,7.302,7.173,7.26,21499.207184
1696982400,7.259,7.33,7.103,7.162,199102.039183
1696996800,7.164,7.228,7.162,7.207,33035.312723
1697011200,7.203,7.357,7.189,7.318,60237.29621
1697025600,7.318,7.395,7.257,7.309,116270.844311
1697040000,7.307,7.356,7.23,7.333,106321.074694
1697054400,7.333,7.43,7.312,7.394,115638.783969
1697068800,7.393,7.416,7.285,7.35,222230.880771
1697083200,7.348,7.396,7.312,7.34,46181.207794
1697097600,7.34,7.345,7.18,7.261,91535.605789
1697112000,7.262,7.283,7.176,7.213,79689.624484
1697126400,7.217,7.239,7.115,7.193,123808.137632
1697140800,7.192,7.248,7.178,7.199,29304.025246
1697155200,7.198,7.255,7.113,7.122,80231.585536
1697169600,7.124,7.231,7.122,7.209,85817.263859
1697184000,7.21,7.243,7.179,7.219,44987.755564
1697198400,7.227,7.289,7.16,7.164,63001.880669
1697212800,7.162,7.201,7.148,7.176,25926.291908
1697227200,7.179,7.403,7.17,7.255,146007.963706
1697241600,7.261,7.318,7.246,7.304,33545.150699
1697256000,7.304,7.314,7.218,7.223,27741.886053
1697270400,7.223,7.261,7.218,7.251,22320.452474
1697284800,7.249,7.315,7.243,7.312,46353.334797
1697299200,7.312,7.372,7.301,7.34,51535.468708
1697313600,7.341,7.344,7.289,7.326,28291.492814
1697328000,7.331,7.38,7.3,7.327,48159.929884
1697342400,7.328,7.362,7.317,7.352,15976.445386
1697356800,7.35,7.401,7.335,7.346,42568.03204
1697371200,7.344,7.432,7.276,7.314,121902.471225
1697385600,7.31,7.485,7.298,7.454,126300.411425
1697400000,7.454,7.57,7.38,7.427,113659.252415
1697414400,7.426,7.5,7.415,7.435,81076.084299
1697428800,7.438,7.649,7.423,7.562,130222.976044
1697443200,7.563,7.593,7.493,7.564,120075.227724
1697457600,7.566,7.833,7.42,7.439,498667.599873
1697472000,7.435,7.584,7.431,7.512,153676.203476
1697486400,7.514,7.577,7.444,7.525,94036.243341
1697500800,7.525,7.56,7.453,7.458,65634.385364
1697515200,7.457,7.497,7.428,7.484,86664.262255
1697529600,7.486,7.507,7.445,7.49,102955.39875
1697544000,7.491,7.499,7.263,7.397,185048.119806
1697558400,7.396,7.419,7.27,7.32,74519.661799
1697572800,7.323,7.351,7.286,7.32,23798.895514
1697587200,7.317,7.35,7.283,7.348,33251.913244
1697601600,7.347,7.42,7.327,7.359,75870.782084
1697616000,7.358,7.457,7.346,7.439,52810.008767
1697630400,7.441,7.479,7.369,7.387,171009.58194
1697644800,7.388,7.437,7.338,7.362,44664.550622
1697659200,7.363,7.382,7.313,7.355,61793.776696
1697673600,7.357,7.361,7.207,7.29,116410.019202
1697688000,7.289,7.355,7.28,7.35,20420.27301
1697702400,7.348,7.369,7.292,7.343,43465.5901
1697716800,7.344,7.437,7.344,7.367,85752.760284
1697731200,7.364,7.419,7.329,7.36,60547.72905
1697745600,7.361,7.39,7.289,7.304,24175.619426
1697760000,7.304,7.493,7.263,7.43,368773.229201
1697774400,7.43,7.514,7.42,7.465,81948.216108
1697788800,7.466,7.712,7.462,7.607,149497.381408
1697803200,7.613,7.664,7.556,7.627,66097.626463
1697817600,7.631,7.686,7.605,7.627,32667.81393
1697832000,7.627,7.627,7.569,7.572,19201.767068
1697846400,7.572,7.622,7.52,7.604,41979.626324
1697860800,7.599,7.848,7.592,7.841,106113.679769
1697875200,7.841,8.099,7.807,8.055,282006.793353
1697889600,8.061,8.98,8.048,8.957,1147168.633748
1697904000,8.955,9.169,8.826,8.899,820728.275017
1697918400,8.903,8.974,8.78,8.911,190403.879343
1697932800,8.919,9.42,8.839,9.302,688392.807534
1697947200,9.291,9.758,9.148,9.31,884201.400161
1697961600,9.311,9.431,9.03,9.096,475119.880557
1697976000,9.099,9.385,9.082,9.226,270363.382401
1697990400,9.23,9.754,9.224,9.395,505814.203845
1698004800,9.395,10.241,9.357,10.19,671647.851038
1698019200,10.187,11.0,10.024,10.799,1140790.883793
1698033600,10.799,11.077,10.336,10.451,762957.179526
1698048000,10.452,10.658,9.933,10.269,2083751.865657
1698062400,10.27,10.275,9.794,10.003,764326.86237
1698076800,10.0,10.493,9.983,10.281,701637.592132
1698091200,10.28,10.988,10.112,10.581,721066.342654
1698105600,10.58,11.161,10.16,10.252,1163026.632161
1698120000,10.246,10.384,10.009,10.104,420261.574842
1698134400,10.107,10.544,10.089,10.53,403673.058593
1698148800,10.533,10.533,9.65,9.905,672566.636502
1698163200,9.905,10.111,9.777,10.019,310879.553399
1698177600,10.021,10.485,9.893,10.376,367782.919512
1698192000,10.376,11.65,10.343,11.329,1064587.381306
1698206400,11.332,11.606,10.887,10.919,844841.160715
1698220800,10.921,11.287,10.734,11.188,663502.532346
1698235200,11.185,11.798,10.895,11.35,841747.400271
1698249600,11.347,11.396,10.94,11.165,348643.088555
1698264000,11.164,11.18,10.76,11.061,353264.326067
1698278400,11.063,11.396,10.87,11.114,421508.518563
1698292800,11.112,11.304,10.898,11.219,209481.632286
1698307200,11.216,11.338,10.627,10.862,403338.33587
1698321600,10.86,11.2,10.363,10.506,682388.673554
1698336000,10.503,10.711,10.403,10.703,200563.736435
1698350400,10.702,11.146,10.653,10.926,287301.147664
1698364800,10.928,11.047,10.608,11.047,256544.32439
1698379200,11.049,11.377,10.702,10.723,444605.460166
1698393600,10.729,11.121,10.718,10.94,310193.512523
1698408000,10.936,11.44,10.804,11.055,604271.392759
1698422400,11.054,11.39,10.699,11.116,679141.973133
1698436800,11.109,11.296,11.081,11.181,310350.684841
1698451200,11.181,11.58,11.029,11.393,400131.979879
1698465600,11.395,11.674,11.283,11.297,337127.481227
1698480000,11.296,11.597,11.252,11.342,348683.862606
1698494400,11.342,11.385,11.067,11.164,309946.970008
1698508800,11.167,11.167,10.919,10.949,175949.133973
1698523200,10.952,11.082,10.82,10.923,133923.534777
1698537600,10.924,10.955,10.751,10.854,150537.840067
1698552000,10.851,11.029,10.807,11.017,122475.897069
1698566400,11.013,11.217,10.918,10.97,261889.315393
1698580800,10.975,11.19,10.886,11.057,278372.971794
1698595200,11.057,11.241,11.003,11.061,161236.203779
1698609600,11.061,11.3,11.03,11.082,116639.561734
1698624000,11.089,11.312,11.033,11.175,258233.563116
1698638400,11.166,11.209,10.887,10.951,229596.59189
1698652800,10.947,11.503,10.909,11.385,488457.397131
1698667200,11.387,11.87,11.213,11.39,601241.017439
1698681600,11.391,11.438,11.047,11.217,232770.611337
1698696000,11.218,11.256,11.1,11.221,78130.711792
1698710400,11.22,11.695,11.209,11.478,450354.847571
1698724800,11.48,12.026,11.378,11.431,719330.664221
1698739200,11.431,11.63,11.257,11.513,305393.211966
1698753600,11.513,11.577,10.926,11.114,417813.627072
1698768000,11.121,11.408,11.054,11.29,132730.121841
1698782400,11.29,11.434,11.232,11.351,122781.806016
1698796800,11.354,11.466,11.153,11.214,115457.309018
1698811200,11.217,11.249,10.935,11.102,130854.787361
1698825600,11.102,11.186,10.758,10.881,189671.836172
1698840000,10.874,11.182,10.649,10.83,423955.351217
1698854400,10.827,11.403,10.809,11.239,353874.131615
1698868800,11.244,11.78,11.244,11.637,518471.698541
1698883200,11.638,11.74,11.406,11.613,351970.915722
1698897600,11.619,11.747,11.164,11.181,303626.565631
1698912000,11.18,11.312,11.052,11.295,204799.264362
1698926400,11.293,11.45,10.876,10.892,411351.69858
1698940800,10.891,11.085,10.802,11.074,177593.70683
1698955200,11.08,11.125,10.87,11.007,81010.318457
1698969600,11.0,11.005,10.502,10.812,356215.745584
1698984000,10.813,11.213,10.678,11.169,238717.945883
1698998400,11.17,11.337,10.915,11.008,263213.471938
1699012800,11.006,11.309,10.937,11.268,276997.212836
1699027200,11.271,11.333,11.085,11.213,137843.388158
1699041600,11.215,11.6,11.192,11.461,303839.282563
1699056000,11.462,11.473,11.275,11.354,223380.917638
1699070400,11.352,11.508,11.215,11.233,298285.119947
1699084800,11.238,11.394,11.141,11.292,241850.755337
1699099200,11.283,11.36,11.177,11.23,120112.224009
1699113600,11.23,11.383,11.217,11.359,108526.045088
1699128000,11.358,11.635,11.321,11.502,216250.008504
1699142400,11.499,12.428,11.362,12.397,1157795.354571
1699156800,12.4,12.569,12.154,12.224,561460.297692
1699171200,12.225,12.329,12.089,12.175,196752.713287
1699185600,12.176,12.216,11.673,11.754,557946.927591
1699200000,11.752,12.057,11.74,11.944,218816.942988
1699214400,11.942,12.265,11.789,12.23,173668.586484
1699228800,12.231,12.408,12.116,12.303,228419.87816
1699243200,12.296,12.767,12.161,12.45,551108.788124
1699257600,12.435,12.702,12.324,12.523,391501.068214
1699272000,12.524,12.873,12.365,12.647,397955.384761
1699286400,12.649,12.793,12.426,12.778,253334.185592
1699300800,12.792,13.266,12.7,12.987,399930.30506
1699315200,12.988,13.192,12.681,12.997,386355.199928
1699329600,12.996,13.339,12.857,13.075,463699.474052
1699344000,13.077,13.147,12.603,12.796,489136.135817
1699358400,12.794,12.969,12.519,12.711,329042.703028
1699372800,12.71,13.245,12.534,13.055,459287.018466
1699387200,13.061,13.25,12.965,13.04,195638.29622
1699401600,13.041,13.437,12.81,13.25,377953.443578
1699416000,13.244,13.63,13.232,13.443,362828.03271
1699430400,13.44,13.712,13.404,13.556,282226.390859
1699444800,13.555,13.994,13.528,13.732,473246.482921
1699459200,13.729,14.8,13.719,14.468,542463.737424
1699473600,14.472,14.989,14.466,14.926,844095.475275
1699488000,14.921,15.009,14.299,14.498,666897.536833
1699502400,14.5,14.757,14.379,14.499,311513.83044
1699516800,14.492,14.849,14.402,14.803,496804.485015
1699531200,14.805,15.978,14.789,15.098,1382128.89202
1699545600,15.099,15.187,13.427,14.318,1455430.027028
1699560000,14.319,14.717,13.989,14.599,479812.130497
1699574400,14.599,14.951,14.287,14.32,548781.337949
1699588800,14.32,14.524,14.171,14.468,270065.257919
1699603200,14.467,14.914,14.122,14.724,439413.847157
1699617600,14.721,15.329,14.413,15.061,836299.137959
1699632000,15.062,15.511,14.955,15.062,369070.308816
1699646400,15.057,15.645,14.908,15.488,367497.358061
1699660800,15.504,15.766,14.901,14.944,680786.143252
1699675200,14.943,15.228,14.704,15.007,411887.776049
1699689600,15.007,15.103,14.772,14.987,240513.517949
1699704000,14.982,16.663,14.905,16.283,1048395.092322
1699718400,16.285,16.6,15.803,16.315,665683.568767
1699732800,16.315,16.59,15.916,16.463,454951.756643
1699747200,16.474,16.541,15.361,15.81,495640.450091
1699761600,15.804,16.368,15.572,16.245,242829.233709
1699776000,16.245,16.303,15.864,16.079,195067.258811
1699790400,16.078,16.087,15.599,15.936,255883.725399
1699804800,15.938,16.339,15.664,16.283,237659.599788
1699819200,16.284,16.371,15.845,16.026,158658.091151
1699833600,16.025,16.3,15.455,15.501,323976.64721
1699848000,15.502,15.601,15.09,15.286,320472.606232
1699862400,15.289,15.573,14.91,15.133,309607.975189
1699876800,15.132,15.322,14.488,15.141,469753.327827
1699891200,15.14,15.396,14.721,15.153,190459.142686
1699905600,15.152,15.152,14.307,14.352,352149.324102
1699920000,14.353,14.763,14.046,14.636,332749.887073
1699934400,14.637,14.874,14.577,14.8,165301.449056
1699948800,14.801,14.91,14.219,14.305,276585.432777
1699963200,14.304,14.75,13.814,14.064,758938.251105
1699977600,14.068,14.532,13.32,14.059,586091.832644
1699992000,14.058,14.321,13.909,13.948,212667.047662
1700006400,13.953,14.289,13.936,14.157,245794.303315
1700020800,14.155,14.727,14.143,14.596,291931.962592
1700035200,14.599,15.187,14.573,15.139,288411.483506
1700049600,15.134,15.15,14.584,14.891,238237.361862
1700064000,14.884,15.146,14.714,15.139,244617.585549
1700078400,15.143,15.44,14.916,15.03,273604.405847
1700092800,15.034,15.133,14.779,14.933,219447.713614
1700107200,14.931,15.24,14.654,14.984,246699.356126
1700121600,14.986,15.065,14.591,14.685,238132.279836
1700136000,14.675,14.681,13.906,14.129,513567.960509
1700150400,14.136,14.243,13.544,14.04,267816.649912
1700164800,14.026,14.146,13.673,13.873,150597.743969
1700179200,13.87,14.269,13.841,13.987,198471.0764
1700193600,13.989,14.066,13.736,13.785,92827.193691
1700208000,13.79,13.88,13.25,13.425,277343.086636
1700222400,13.434,13.637,12.852,12.951,397436.547869
1700236800,12.948,13.647,12.859,13.54,309840.554371
1700251200,13.54,13.836,13.43,13.698,122950.757869
1700265600,13.707,13.708,13.359,13.388,112894.646012
1700280000,13.4,13.513,12.921,13.346,127443.696764
1700294400,13.359,13.494,13.237,13.307,125075.104903
1700308800,13.308,13.576,13.096,13.541,244564.671369
1700323200,13.545,13.807,13.53,13.709,163826.947268
1700337600,13.718,13.765,13.543,13.758,63852.277932
1700352000,13.756,14.149,13.367,14.103,316437.677848
1700366400,14.102,14.373,13.939,14.285,337437.471416
1700380800,14.286,14.354,14.06,14.185,155601.462491
1700395200,14.192,14.275,13.965,14.209,178832.502135
1700409600,14.206,14.857,14.155,14.857,301087.229855
1700424000,14.857,15.053,14.761,14.908,261185.890055
1700438400,14.913,15.167,14.733,14.862,225551.170398
1700452800,14.866,15.287,14.824,15.217,276726.133971
1700467200,15.218,15.395,15.026,15.092,246177.88119
1700481600,15.096,15.38,14.632,15.126,328349.495003
1700496000,15.124,15.246,14.672,14.798,255505.250755
1700510400,14.8,14.847,14.366,14.478,226975.003636
1700524800,14.477,14.665,14.216,14.399,277458.175458
1700539200,14.398,14.4,14.049,14.112,248471.013317
1700553600,14.111,14.33,14.101,14.169,284681.517751
1700568000,14.171,14.399,13.741,14.258,405740.524889
1700582400,14.25,14.33,13.51,13.983,387802.980002
1700596800,13.982,14.22,13.307,13.368,308757.454868
1700611200,13.364,13.972,13.215,13.964,291569.381874
1700625600,13.965,14.322,13.94,14.132,334621.33272
1700640000,14.132,14.275,14.035,14.115,169481.075764
1700654400,14.122,14.403,14.059,14.238,259419.47972
1700668800,14.222,14.571,14.152,14.461,167194.977101
1700683200,14.482,14.625,14.188,14.208,217744.470475
1700697600,14.208,14.584,14.152,14.405,245218.991019
1700712000,14.413,14.655,14.369,14.53,104969.592698
1700726400,14.532,14.65,14.24,14.336,154338.365004
1700740800,14.347,14.404,14.122,14.141,176000.003881
1700755200,14.142,14.9,14.129,14.527,357754.934235
1700769600,14.526,14.668,14.359,14.395,119199.28659
1700784000,14.401,14.506,14.323,14.362,90328.154739
1700798400,14.368,14.428,14.207,14.369,118086.686507
1700812800,14.376,14.64,14.343,14.411,155001.214463
1700827200,14.415,14.659,14.3,14.583,193405.673072
1700841600,14.58,14.873,14.344,14.391,198673.274103
1700856000,14.396,14.484,14.256,14.482,78214.364411
1700870400,14.486,14.772,14.374,14.752,112904.18514
1700884800,14.755,14.779,14.635,14.742,74459.74482
1700899200,14.743,14.973,14.637,14.755,198003.201183
1700913600,14.746,14.88,14.654,14.791,72749.71653
1700928000,14.79,14.87,14.701,14.708,69420.801859
1700942400,14.707,14.786,14.672,14.758,33266.178002
1700956800,14.761,14.875,14.629,14.776,69315.968178
1700971200,14.776,15.181,14.752,15.105,196507.941324
1700985600,15.106,15.339,15.073,15.188,238956.780242
1701000000,15.199,15.222,14.702,14.799,275774.923575
1701014400,14.799,14.891,14.35,14.667,224934.541081
1701028800,14.666,14.872,14.565,14.766,134356.844153
1701043200,14.771,15.38,14.566,14.687,360776.551353
1701057600,14.684,14.83,14.335,14.511,198029.526413
1701072000,14.511,14.557,14.183,14.252,188306.164012
1701086400,14.247,14.338,14.052,14.086,139329.445095
1701100800,14.084,14.303,13.881,13.964,141894.278884
1701115200,13.966,14.256,13.883,14.186,83803.732504
1701129600,14.185,14.32,14.134,14.144,92234.635228
1701144000,14.152,14.178,13.777,13.987,159108.327548
1701158400,13.986,14.319,13.91,14.298,128004.19722
1701172800,14.299,14.453,14.17,14.384,305744.307548
1701187200,14.394,14.714,14.328,14.586,252620.379937
1701201600,14.585,14.681,14.45,14.527,86489.408935
1701216000,14.527,14.675,14.435,14.64,148591.136053
1701230400,14.646,14.791,14.532,14.692,145918.644608
1701244800,14.699,14.994,14.612,14.746,248576.62523
1701259200,14.746,14.865,14.383,14.584,213961.391178
1701273600,14.585,14.687,14.407,14.652,63864.922456
1701288000,14.651,14.664,14.451,14.51,50858.813208
1701302400,14.511,14.644,14.336,14.644,182182.38917
1701316800,14.642,14.701,14.401,14.436,96650.006778
1701331200,14.438,14.799,14.287,14.764,193260.52514
1701345600,14.767,14.834,14.315,14.389,170551.933513
1701360000,14.392,14.447,14.318,14.331,67071.835631
1701374400,14.333,14.412,14.264,14.408,57251.436472
1701388800,14.407,14.644,14.275,14.617,125317.339021
1701403200,14.623,14.784,14.548,14.739,161299.013299
1701417600,14.735,14.853,14.705,14.8,210652.162615
1701432000,14.8,15.0,14.691,14.937,209410.902082
1701446400,14.937,15.055,14.858,14.954,258585.516958
1701460800,14.957,15.014,14.895,14.987,98049.370794
1701475200,14.986,15.46,14.918,15.337,328723.783329
1701489600,15.339,15.898,15.247,15.742,304157.431534
1701504000,15.743,15.889,15.607,15.653,160128.100432
1701518400,15.645,15.891,15.608,15.847,222040.839385
1701532800,15.841,16.171,15.685,16.115,341320.002901
1701547200,16.114,16.202,15.901,15.991,167005.000826
1701561600,15.993,16.136,15.792,15.952,206238.252057
1701576000,15.951,16.299,15.873,16.283,164406.787599
1701590400,16.283,16.293,15.888,15.995,223826.311052
1701604800,15.993,16.062,15.752,15.838,258016.668129
1701619200,15.835,15.912,15.736,15.858,108122.524742
1701633600,15.858,16.15,15.666,15.703,142420.715235
1701648000,15.703,16.023,15.623,15.9,309451.417148
1701662400,15.898,16.399,15.897,16.071,412661.563033
1701676800,16.073,16.24,15.1,15.628,574919.001222
1701691200,15.63,16.11,15.387,15.454,351061.388128
1701705600,15.455,15.738,15.429,15.645,153110.436537
1701720000,15.649,15.819,15.525,15.807,88789.812029
1701734400,15.808,16.027,15.55,15.651,175162.66723
1701748800,15.656,15.659,15.203,15.324,259969.352077
1701763200,15.321,15.457,15.179,15.317,178461.314321
1701777600,15.316,15.617,15.253,15.538,179979.961152
1701792000,15.534,16.087,15.407,15.709,422039.713468
1701806400,15.709,15.843,15.453,15.723,197163.788634
1701820800,15.725,16.169,15.607,15.709,422356.586274
1701835200,15.712,15.804,15.331,15.626,229524.446387
1701849600,15.626,16.1,15.326,15.546,331804.976122
1701864000,15.545,15.77,15.456,15.55,180042.800209
1701878400,15.545,15.783,15.491,15.762,143488.181785
1701892800,15.761,15.803,15.231,15.265,114183.132207
1701907200,15.265,15.479,15.246,15.47,119920.074107
1701921600,15.464,15.723,15.44,15.571,144339.940339
1701936000,15.566,15.626,15.029,15.097,376313.140911
1701950400,15.098,15.357,14.646,15.235,633680.291275
1701964800,15.232,15.613,15.151,15.214,185282.371609
1701979200,15.227,15.804,15.165,15.691,196057.907013
1701993600,15.69,15.98,15.556,15.816,199605.980937
1702008000,15.816,16.108,15.739,15.903,222952.432815
1702022400,15.924,16.518,15.886,16.436,512391.528652
1702036800,16.442,17.333,16.332,16.688,972204.86345
1702051200,16.693,16.888,16.537,16.784,346928.781645
1702065600,16.786,17.009,16.732,16.931,121280.09665
1702080000,16.93,17.194,16.651,16.866,291716.213129
1702094400,16.869,17.283,16.859,17.184,270661.125819
1702108800,17.185,17.306,16.56,16.969,488264.983986
1702123200,16.985,17.101,16.361,16.623,486497.433429
1702137600,16.628,16.681,16.275,16.56,205640.992258
1702152000,16.562,16.586,16.026,16.193,213852.385008
1702166400,16.196,16.453,16.192,16.367,153626.520213
1702180800,16.368,16.425,16.186,16.315,97902.695055
1702195200,16.312,16.355,15.784,15.928,240380.855852
1702209600,15.929,16.188,15.901,16.136,262016.175625
1702224000,16.134,16.212,15.953,16.212,103647.767407
1702238400,16.211,16.45,16.188,16.364,139121.936848
1702252800,16.369,16.456,13.723,15.09,1984167.945237
1702267200,15.086,15.221,14.76,14.865,623597.245194
1702281600,14.862,15.2,14.726,15.043,448201.299048
1702296000,15.04,15.075,14.604,14.788,424515.757905
1702310400,14.782,14.894,14.207,14.572,750152.828407
1702324800,14.573,14.831,14.498,14.772,213652.211147
1702339200,14.766,15.139,14.759,14.978,232423.743435
1702353600,14.976,15.067,14.693,15.034,189818.525446
1702368000,15.034,15.05,14.778,14.794,250891.323799
1702382400,14.802,15.079,14.555,14.651,254029.241054
1702396800,14.648,14.648,14.175,14.396,243550.093772
1702411200,14.405,14.564,14.165,14.523,140267.960754
1702425600,14.522,14.583,13.907,14.078,472710.581517
1702440000,14.074,14.272,13.857,14.209,314727.160888
1702454400,14.212,14.368,14.079,14.118,190350.855151
1702468800,14.108,14.653,14.093,14.561,346648.419051
1702483200,14.569,14.805,14.359,14.787,194699.534854
1702497600,14.787,14.974,14.659,14.769,228474.232124
1702512000,14.771,14.894,14.664,14.741,129939.81147
1702526400,14.744,14.968,14.62,14.846,156952.588606
1702540800,14.845,15.314,14.774,15.274,261285.220623
1702555200,15.271,15.352,14.074,14.868,630612.273587
1702569600,14.869,15.58,14.846,15.274,387822.537141
1702584000,15.277,15.512,15.14,15.371,165643.2849
1702598400,15.377,15.392,14.943,14.99,204587.438001
1702612800,15.0,15.052,14.86,14.888,157246.597213
1702627200,14.885,15.206,14.87,15.049,94059.11904
1702641600,15.056,15.093,14.648,14.769,222055.019888
1702656000,14.771,14.883,14.676,14.768,116884.853499
1702670400,14.772,14.833,14.25,14.281,223574.317129
1702684800,14.282,14.521,14.084,14.514,112500.855953
1702699200,14.511,14.625,14.405,14.432,88716.747561
1702713600,14.439,14.559,14.393,14.554,73467.118723
1702728000,14.556,14.657,14.474,14.646,133128.906151
1702742400,14.651,14.8,14.317,14.388,146262.981299
1702756800,14.394,14.476,14.281,14.32,57377.731559
1702771200,14.322,14.355,14.126,14.19,83790.243513
1702785600,14.193,14.287,14.01,14.04,126606.121605
1702800000,14.039,14.284,14.013,14.215,58935.484079
1702814400,14.203,14.259,14.011,14.24,75034.039981
1702828800,14.242,14.373,14.131,14.269,87526.458554
1702843200,14.281,14.349,13.9,14.016,64151.111938
1702857600,14.017,14.159,13.627,13.868,163704.417247
1702872000,13.873,14.002,13.802,13.88,80863.070637
1702886400,13.878,14.438,13.773,14.176,589688.875041
1702900800,14.178,14.37,13.957,13.989,316591.617646
1702915200,13.991,14.384,13.853,14.305,161647.405677
1702929600,14.304,14.685,14.256,14.672,184431.244373
1702944000,14.671,14.805,14.529,14.645,148638.686633
1702958400,14.645,14.698,14.532,14.596,81956.800908
1702972800,14.596,14.662,14.457,14.55,88863.0075
1702987200,14.554,14.576,14.11,14.237,139924.880626
1703001600,14.236,14.324,13.911,14.078,134516.597755
1703016000,14.078,14.15,13.977,14.104,48498.920718
1703030400,14.1,14.215,13.978,14.145,93365.821901
1703044800,14.144,14.442,14.121,14.431,77289.226429
1703059200,14.43,14.516,14.318,14.392,105871.169334
1703073600,14.404,14.807,14.323,14.708,240065.06357
1703088000,14.716,14.736,14.324,14.33,204330.85112
1703102400,14.337,14.357,14.03,14.251,190462.450355
1703116800,14.251,14.349,14.179,14.296,113056.59383
1703131200,14.289,14.473,14.204,14.443,134643.319806
1703145600,14.439,15.079,14.437,15.078,307779.192218
1703160000,15.078,15.172,14.611,14.971,315362.51482
1703174400,14.97,15.193,14.897,14.963,265724.482182
1703188800,14.969,15.308,14.924,15.306,214166.84298
1703203200,15.307,15.532,15.164,15.292,298703.918502
1703217600,15.292,15.744,15.081,15.175,311351.18038
1703232000,15.163,15.4,15.05,15.33,186681.259711
1703246400,15.319,15.678,15.105,15.478,196178.099284
1703260800,15.473,15.696,15.302,15.313,119288.18119
1703275200,15.318,15.503,15.318,15.478,61010.740254
1703289600,15.477,15.529,14.904,14.986,201045.707263
1703304000,14.986,15.146,14.895,15.026,101325.908303
1703318400,15.024,15.337,14.974,15.269,174835.896694
1703332800,15.271,15.874,15.228,15.823,397650.23943
1703347200,15.826,15.906,15.5,15.616,296116.88589
1703361600,15.62,15.785,15.427,15.679,110664.599149
1703376000,15.674,15.919,15.54,15.646,176446.418295
1703390400,15.649,15.792,15.298,15.533,162167.948811
1703404800,15.531,15.811,15.428,15.678,177828.044295
1703419200,15.678,15.913,15.57,15.787,186069.850072
1703433600,15.792,15.955,15.668,15.856,106626.918481
1703448000,15.856,15.927,15.091,15.261,239393.786516
1703462400,15.262,15.436,15.119,15.436,109912.733424
1703476800,15.431,15.56,15.354,15.4,89953.730106
1703491200,15.398,15.504,15.141,15.239,130635.874317
1703505600,15.235,15.65,15.171,15.536,196756.708924
1703520000,15.538,15.551,15.271,15.389,188783.127458
1703534400,15.383,15.755,15.187,15.583,180748.497158
1703548800,15.583,15.904,15.484,15.755,196045.950355
1703563200,15.76,15.838,15.07,15.3,245261.541442
1703577600,15.3,15.43,15.039,15.395,144858.176051
1703592000,15.397,15.49,15.05,15.067,166271.214521
1703606400,15.066,15.184,14.238,14.834,421174.861558
1703620800,14.84,15.109,14.828,15.089,118370.038022
1703635200,15.094,15.104,14.645,14.738,145741.760654
1703649600,14.737,14.989,14.73,14.891,58630.712678
1703664000,14.886,15.514,14.875,15.458,162421.898398
1703678400,15.461,16.36,15.387,16.138,671672.448242
1703692800,16.144,16.672,16.118,16.308,493292.331525
1703707200,16.312,16.742,16.276,16.71,201134.482114
1703721600,16.71,17.659,16.643,17.433,730915.82445
1703736000,17.446,17.573,16.692,16.928,555940.769024
1703750400,16.942,17.329,16.881,17.314,342954.471362
1703764800,17.316,17.327,16.081,16.155,582673.484411
1703779200,16.157,16.516,16.11,16.469,174158.984361
1703793600,16.468,16.517,15.97,16.002,169021.272343
1703808000,16.002,16.115,15.531,15.944,280434.207826
1703822400,15.942,16.025,15.672,15.72,138539.407847
1703836800,15.72,16.232,15.72,16.169,126553.272867
1703851200,16.169,16.218,15.456,15.585,227645.901378
1703865600,15.595,15.664,15.186,15.59,176451.247891
1703880000,15.585,15.619,15.116,15.541,82827.401375
1703894400,15.536,15.626,15.212,15.285,100318.317488
1703908800,15.288,15.484,15.281,15.304,39922.024873
1703923200,15.303,15.324,15.013,15.149,78228.986807
1703937600,15.146,15.407,15.1,15.38,82368.674255
1703952000,15.381,15.492,15.223,15.262,56808.040593
1703966400,15.254,15.324,15.06,15.17,89683.460808
1703980800,15.162,15.337,14.921,15.039,73145.90173
1703995200,15.025,15.295,14.992,15.198,48165.63588
1704009600,15.208,15.443,15.18,15.325,78969.263506
1704024000,15.333,15.524,15.254,15.29,96835.651047
1704038400,15.287,15.428,15.219,15.291,50412.764377
1704052800,15.298,15.298,14.735,14.935,99471.944813
1704067200,14.939,15.206,14.864,14.929,79382.73463
1704081600,14.924,15.224,14.806,15.222,84702.52023
1704096000,15.222,15.344,15.126,15.292,58784.725677
1704110400,15.3,15.32,15.144,15.3,88845.668065
1704124800,15.305,15.514,15.173,15.456,122168.769175
1704139200,15.461,15.573,15.37,15.545,91646.038326
1704153600,15.549,15.852,15.489,15.702,162831.531823
1704168000,15.705,15.94,15.7,15.882,101434.057024
1704182400,15.884,16.059,15.809,15.853,181664.248608
1704196800,15.849,15.958,15.253,15.359,187241.496195
1704211200,15.359,15.426,15.082,15.223,125094.937521
1704225600,15.222,15.302,15.046,15.164,87498.655395
1704240000,15.17,15.393,15.116,15.299,62586.724739
1704254400,15.295,15.579,15.258,15.304,75637.476654
1704268800,15.311,15.552,14.817,14.929,180509.927499
1704283200,14.923,14.969,11.829,14.187,1399714.006001
1704297600,14.185,14.249,13.72,14.05,240170.880511
1704312000,14.046,14.307,14.035,14.146,85934.674124
1704326400,14.145,14.393,13.972,14.297,102180.764962
1704340800,14.313,14.496,14.254,14.29,82990.673224
1704355200,14.291,14.394,14.103,14.333,79511.22307
1704369600,14.337,14.697,14.242,14.671,170477.959208
1704384000,14.671,14.696,14.43,14.607,87741.825897
1704398400,14.609,14.779,14.461,14.528,87940.124461
1704412800,14.53,14.656,13.817,14.128,235691.520338
1704427200,14.13,14.51,14.012,14.452,196515.573108
1704441600,14.454,14.649,14.171,14.193,241792.463007
1704456000,14.192,14.244,13.784,14.032,230891.181398
1704470400,14.022,14.109,13.701,13.808,176084.578312
1704484800,13.808,14.091,13.799,14.091,87584.788392
1704499200,14.092,14.1,13.769,13.826,70061.703885
1704513600,13.828,13.872,13.175,13.339,156697.711195
1704528000,13.338,13.606,13.225,13.564,92491.902167
1704542400,13.572,13.654,13.398,13.621,60701.426857
1704556800,13.625,13.687,13.476,13.522,41231.444667
1704571200,13.528,13.565,13.26,13.433,30859.985447
1704585600,13.435,13.664,13.394,13.557,71136.771758
1704600000,13.565,13.74,13.565,13.642,73053.302803
1704614400,13.643,13.71,13.395,13.498,78423.349028
1704628800,13.5,13.681,13.41,13.475,54680.194941
1704643200,13.473,13.602,13.285,13.572,68484.075946
1704657600,13.575,13.607,12.971,13.15,85665.480424
1704672000,13.152,13.377,12.526,12.84,207022.62858
1704686400,12.841,13.568,12.773,13.487,151721.612536
1704700800,13.492,13.574,13.209,13.503,97646.239089
1704715200,13.503,13.853,13.497,13.581,214523.638303
1704729600,13.586,14.399,13.513,14.385,150073.932961
1704744000,14.388,14.399,14.095,14.14,100872.252893
1704758400,14.142,14.252,13.852,13.985,117370.71636
1704772800,13.981,14.177,13.915,14.048,86662.286722
1704787200,14.049,14.185,13.693,13.807,158643.301297
1704801600,13.806,13.883,13.212,13.551,261912.145404
1704816000,13.565,13.723,13.411,13.661,73391.637194
1704830400,13.652,13.869,13.356,13.713,415254.535359
1704844800,13.71,13.962,13.563,13.64,105506.139297
1704859200,13.642,13.797,13.595,13.663,36965.803868
1704873600,13.681,14.475,13.566,14.223,156005.04681
1704888000,14.223,14.379,13.585,14.266,236186.272962
1704902400,14.253,14.333,13.999,14.326,149861.643855
1704916800,14.324,15.363,13.96,15.074,406381.730048
1704931200,15.074,15.1,14.772,14.987,169918.706287
1704945600,14.989,14.994,14.596,14.829,138513.589399
1704960000,14.833,15.348,14.786,15.342,143142.12032
1704974400,15.336,15.708,14.878,15.04,347796.289025
1704988800,15.038,15.147,14.686,15.121,114703.250428
1705003200,15.126,15.181,14.818,15.016,57402.314358
1705017600,15.02,15.069,14.742,14.791,61019.494125
1705032000,14.78,14.996,14.697,14.767,74348.259539
1705046400,14.765,15.01,14.643,14.975,93467.129959
1705060800,14.984,15.31,14.727,14.776,138550.165746
1705075200,14.768,14.939,14.004,14.339,195280.917755
1705089600,14.33,14.45,13.578,14.151,149093.178329
1705104000,14.151,14.211,13.786,14.023,64672.733372
1705118400,14.035,14.244,14.019,14.167,39516.017951
1705132800,14.175,14.274,13.996,14.231,36781.342711
1705147200,14.221,14.353,14.123,14.263,50795.92937
1705161600,14.25,14.322,14.126,14.276,42644.644718
1705176000,14.279,14.43,14.267,14.351,53175.923162
1705190400,14.345,14.616,14.268,14.447,62303.862573
1705204800,14.447,15.254,14.41,14.883,322153.415298
1705219200,14.887,15.35,14.847,15.093,188845.626509
1705233600,15.089,15.333,14.934,15.22,156041.759351
1705248000,15.224,15.433,14.907,14.922,129368.454516
1705262400,14.92,15.32,14.742,14.757,174450.677731
1705276800,14.76,15.871,14.75,15.585,243396.63483
1705291200,15.584,15.692,15.432,15.438,141578.165817
1705305600,15.448,15.852,15.448,15.646,168180.719458
1705320000,15.648,16.027,15.222,15.333,294568.093157
1705334400,15.308,15.694,15.245,15.338,87550.16002
1705348800,15.335,15.43,14.991,15.185,92524.789704
1705363200,15.184,15.367,15.058,15.327,65692.309077
1705377600,15.333,15.333,15.009,15.097,58727.085205
1705392000,15.11,15.249,14.962,15.07,93279.882143
1705406400,15.07,15.185,14.735,15.061,117314.861025
1705420800,15.061,15.163,14.962,15.095,58281.798341
1705435200,15.1,15.35,15.1,15.269,57421.576417
1705449600,15.269,15.888,15.269,15.843,205599.884073
1705464000,15.842,16.02,15.734,15.786,289091.611814
1705478400,15.777,16.136,15.61,15.823,208941.13444
1705492800,15.824,16.4,15.722,16.114,255208.885627
1705507200,16.11,16.161,15.602,15.896,211432.571097
1705521600,15.9,15.987,15.496,15.761,93096.048086
1705536000,15.762,15.774,15.249,15.296,164230.653039
1705550400,15.295,15.512,15.219,15.45,66461.308542
1705564800,15.454,15.459,15.175,15.442,139166.008926
1705579200,15.44,15.535,15.068,15.173,210361.476106
1705593600,15.172,15.175,14.18,14.321,307780.893314
1705608000,14.325,14.712,14.245,14.656,143333.414249
1705622400,14.656,14.845,14.458,14.801,123079.148897
1705636800,14.801,15.057,14.721,15.048,173196.426191
1705651200,15.045,15.662,14.892,15.516,328787.289741
1705665600,15.515,15.638,15.048,15.16,335528.918201
1705680000,15.158,15.561,14.63,15.531,231130.597312
1705694400,15.532,16.419,15.384,16.109,215076.840782
1705708800,16.117,16.445,15.768,16.01,272810.599142
1705723200,16.007,16.525,16.007,16.412,291668.157222
1705737600,16.409,16.565,15.765,16.019,267943.728647
1705752000,16.017,16.072,15.728,15.744,159680.98726
1705766400,15.74,15.922,15.631,15.825,88094.02873
1705780800,15.822,15.905,15.705,15.784,89536.728659
1705795200,15.782,15.782,15.5,15.684,95629.181165
1705809600,15.684,15.684,15.483,15.628,60187.057336
1705824000,15.629,15.911,15.562,15.748,92573.9816
1705838400,15.752,15.812,15.441,15.494,70512.032669
1705852800,15.494,15.609,15.38,15.501,45679.66813
1705867200,15.514,15.58,15.382,15.398,46821.248917
1705881600,15.39,15.75,15.225,15.575,203679.551783
1705896000,15.579,15.981,15.488,15.673,219899.739717
1705910400,15.673,15.744,14.949,15.177,242151.10617
1705924800,15.166,15.442,14.79,15.082,202164.218668
1705939200,15.088,15.165,14.541,14.727,152439.384633
1705953600,14.72,14.959,14.51,14.594,92909.422278
1705968000,14.589,14.888,14.568,14.702,97610.745202
1705982400,14.708,14.878,14.481,14.546,76806.013977
1705996800,14.559,14.616,13.839,13.993,340053.858152
1706011200,13.992,14.211,13.553,14.121,180927.506832
1706025600,14.119,14.234,13.853,13.866,154910.293482
1706040000,13.876,14.325,13.795,14.297,71937.479127
1706054400,14.299,14.365,14.055,14.107,59947.062471
1706068800,14.126,14.305,14.032,14.147,50797.515147
1706083200,14.154,14.436,14.11,14.266,66953.840658
1706097600,14.265,14.349,13.986,14.157,92897.085648
1706112000,14.152,14.339,13.95,14.046,94093.565402
1706126400,14.036,14.266,13.911,14.236,35372.352147
1706140800,14.245,14.262,13.953,14.009,34888.253202
1706155200,14.019,14.039,13.848,14.015,32453.554817
1706169600,14.029,14.063,13.76,13.846,84051.378198
1706184000,13.848,13.903,13.516,13.596,103097.358916
1706198400,13.596,13.844,13.509,13.781,54651.440914
1706212800,13.789,13.884,13.729,13.74,32410.485727
1706227200,13.743,13.914,13.637,13.858,75026.206283
1706241600,13.857,13.919,13.709,13.721,61171.636488
1706256000,13.719,14.191,13.718,14.175,126488.734827
1706270400,14.179,14.217,13.955,14.21,90573.931982
1706284800,14.206,14.302,14.11,14.156,115466.359872
1706299200,14.152,14.217,14.05,14.189,50734.641375
1706313600,14.186,14.309,14.17,14.282,51424.494861
1706328000,14.288,14.356,14.103,14.133,100986.792551
1706342400,14.134,14.273,14.091,14.244,28575.423349
1706356800,14.239,14.344,14.212,14.285,19461.032115
1706371200,14.296,14.4,14.235,14.362,44590.787354
1706385600,14.369,14.392,14.304,14.354,22264.925687
1706400000,14.348,14.575,14.261,14.569,61893.273245
1706414400,14.564,14.645,14.437,14.482,53281.015394
1706428800,14.48,14.698,14.439,14.515,73133.163392
1706443200,14.52,14.577,14.309,14.404,79364.751514
1706457600,14.406,14.491,14.183,14.276,50202.68305
1706472000,14.276,14.535,14.204,14.48,48365.351282
1706486400,14.484,14.869,14.407,14.719,190830.341427
1706500800,14.718,14.824,14.581,14.592,52713.192159
1706515200,14.581,14.718,14.498,14.55,88174.459279
1706529600,14.555,14.719,14.257,14.719,111423.571249
1706544000,14.707,15.078,14.584,14.985,137185.862604
1706558400,14.987,15.079,14.94,15.014,60966.950835
1706572800,15.013,15.142,14.896,14.969,143187.605731
1706587200,14.965,15.061,14.924,15.002,93668.384955
1706601600,15.003,15.257,14.95,15.228,67486.820333
1706616000,15.24,15.6,14.962,15.599,296581.311003
1706630400,15.6,15.813,15.561,15.635,428005.904696
1706644800,15.635,15.705,15.374,15.481,84888.321378
1706659200,15.479,15.942,15.371,15.853,242471.496212
1706673600,15.853,16.067,15.792,15.824,162731.357484
1706688000,15.824,15.947,15.422,15.789,287771.446357
1706702400,15.786,15.884,15.274,15.708,421612.848873
1706716800,15.708,15.869,15.52,15.743,122343.385802
1706731200,15.739,15.746,15.083,15.432,190025.145942
1706745600,15.432,15.63,15.148,15.191,230660.491306
1706760000,15.191,15.84,15.175,15.787,274667.455742
1706774400,15.782,15.831,15.474,15.567,241766.435377
1706788800,15.568,16.959,15.568,16.702,834792.522964
1706803200,16.705,17.035,16.471,16.944,486637.43694
1706817600,16.946,17.388,16.884,17.188,386897.522946
1706832000,17.195,18.035,17.127,17.871,635259.873254
1706846400,17.869,18.26,17.713,18.117,580353.500533
1706860800,18.115,18.212,17.794,17.83,336701.859624
1706875200,17.831,18.88,17.68,18.735,629855.592657
1706889600,18.723,18.88,18.019,18.231,381849.136895
1706904000,18.225,18.239,17.558,17.827,245872.93862
1706918400,17.826,17.949,17.507,17.525,202133.082532
1706932800,17.525,17.851,17.522,17.722,115980.843925
1706947200,17.715,18.152,17.708,17.976,323925.694381
1706961600,17.972,18.095,17.784,18.089,147743.583094
1706976000,18.094,18.094,17.668,17.75,139405.537465
1706990400,17.749,17.777,17.528,17.655,101868.075567
1707004800,17.656,17.989,17.644,17.9,137387.118353
1707019200,17.899,17.909,17.533,17.634,196226.644574
1707033600,17.634,18.307,17.59,18.161,197994.646778
1707048000,18.161,18.387,18.04,18.211,187668.588384
1707062400,18.21,18.716,18.154,18.298,203469.189577
1707076800,18.305,18.679,18.101,18.157,175370.960335
1707091200,18.159,18.518,17.781,18.462,300585.798593
1707105600,18.467,18.89,18.41,18.705,328682.39463
1707120000,18.713,19.744,18.55,19.674,506074.369072
1707134400,19.674,19.799,19.132,19.285,465873.760465
1707148800,19.284,19.373,19.112,19.161,212397.613279
1707163200,19.162,19.193,18.768,19.152,183584.000949
1707177600,19.15,19.343,18.828,18.901,226732.228314
1707192000,18.9,19.117,18.806,19.07,133259.16366
1707206400,19.07,19.388,18.602,18.779,362380.021863
1707220800,18.77,18.883,18.429,18.635,203776.390238
1707235200,18.65,18.789,18.33,18.558,213028.181685
1707249600,18.553,18.609,18.203,18.291,111782.120704
1707264000,18.286,18.403,18.032,18.292,233665.906958
1707278400,18.291,18.567,18.17,18.391,221399.202333
1707292800,18.396,18.634,18.174,18.289,226373.224031
1707307200,18.293,18.434,18.169,18.423,173358.495073
1707321600,18.423,18.699,18.356,18.456,177806.685844
1707336000,18.468,19.082,18.463,18.817,180060.49815
1707350400,18.819,18.981,18.666,18.832,178676.711624
1707364800,18.83,19.27,18.732,19.156,263400.334431
1707379200,19.152,19.154,18.673,18.695,150783.86603
1707393600,18.691,18.748,18.324,18.658,285157.627235
1707408000,18.657,18.697,18.075,18.156,175759.091841
1707422400,18.163,18.309,17.946,18.209,108546.955465
1707436800,18.209,18.505,18.0,18.243,215489.236865
1707451200,18.253,18.423,18.121,18.349,95260.726364
1707465600,18.345,18.497,18.172,18.419,219679.080203
1707480000,18.411,18.621,18.145,18.37,241114.454341
1707494400,18.37,18.494,18.191,18.234,144021.724948
1707508800,18.234,18.619,18.234,18.473,113638.058804
1707523200,18.473,18.767,18.25,18.674,133536.23834
1707537600,18.674,18.689,18.314,18.337,70095.830472
1707552000,18.335,18.443,17.964,18.16,112047.785628
1707566400,18.165,18.446,18.15,18.363,70649.626681
1707580800,18.363,18.7,18.303,18.627,103780.349761
1707595200,18.632,19.134,18.597,19.084,145228.021729
1707609600,19.084,19.809,18.843,19.617,298749.402629
1707624000,19.621,20.479,19.614,20.342,324652.1958
1707638400,20.344,20.675,20.306,20.563,227629.236052
1707652800,20.553,20.61,19.933,20.288,213638.494753
1707667200,20.287,20.386,20.024,20.264,170499.988762
1707681600,20.255,20.37,20.038,20.14,76879.630196
1707696000,20.144,20.63,19.752,20.017,207287.996979
1707710400,20.016,20.42,19.947,20.224,140192.952903
1707724800,20.223,20.513,19.955,20.465,201756.760874
1707739200,20.47,20.81,19.854,20.272,358295.666474
1707753600,20.265,20.85,20.131,20.62,402696.813437
1707768000,20.621,20.807,20.43,20.466,137108.665997
1707782400,20.466,20.596,20.072,20.104,203910.19827
1707796800,20.1,20.275,20.057,20.11,119032.222439
1707811200,20.113,20.261,19.98,20.095,190486.548563
1707825600,20.103,20.189,19.436,19.867,386040.684349
1707840000,19.875,19.914,19.608,19.643,136864.648874
1707854400,19.643,19.914,19.632,19.87,120661.956972
1707868800,19.866,20.198,19.704,20.083,163829.834198
1707883200,20.086,20.119,19.891,20.086,64271.389246
1707897600,20.088,20.436,19.952,20.277,245308.203133
1707912000,20.282,20.346,19.839,20.099,185904.431021
1707926400,20.097,20.25,19.954,20.201,86922.14853
1707940800,20.181,20.392,20.135,20.24,76232.484237
1707955200,20.24,20.532,20.0,20.16,158438.685767
1707969600,20.159,20.187,19.8,19.962,125015.462352
1707984000,19.959,20.234,19.916,20.025,111905.592388
1707998400,20.026,20.221,19.756,19.874,204336.230737
1708012800,19.876,20.31,19.648,20.064,205393.608862
1708027200,20.061,20.142,19.733,19.934,151356.544593
1708041600,19.933,20.077,19.791,20.035,87207.114729
1708056000,20.035,20.32,19.85,19.853,140211.969671
1708070400,19.853,20.002,19.62,19.884,106717.966786
1708084800,19.885,20.195,19.114,19.499,291893.906929
1708099200,19.501,19.682,19.217,19.306,167451.033119
1708113600,19.302,19.589,19.266,19.551,47400.281795
1708128000,19.551,19.567,19.258,19.531,46674.279904
1708142400,19.534,19.592,19.408,19.577,31661.629209
1708156800,19.575,19.619,19.293,19.525,102504.527194
1708171200,19.521,19.868,19.222,19.613,246108.904902
1708185600,19.611,20.096,19.567,20.087,131162.365843
1708200000,20.088,20.276,20.011,20.032,71058.40137
1708214400,20.032,20.052,19.751,19.907,71781.218584
1708228800,19.908,20.131,19.833,19.987,59466.65816
1708243200,19.981,20.12,19.891,20.025,100825.383458
1708257600,20.026,20.093,19.86,19.906,42989.554887
1708272000,19.908,20.18,19.826,19.993,83595.883146
1708286400,19.992,20.38,19.843,20.115,129327.994209
1708300800,20.119,20.25,19.987,20.05,88264.301379
1708315200,20.05,20.228,19.899,20.215,93793.882565
1708329600,20.217,20.225,19.758,19.908,99610.558282
1708344000,19.905,19.915,19.646,19.79,119737.106
1708358400,19.783,20.171,19.768,20.041,156668.241489
1708372800,20.044,20.19,19.792,19.832,111396.028079
1708387200,19.831,19.88,19.509,19.585,118700.304184
1708401600,19.598,19.827,19.484,19.591,78136.10251
1708416000,19.593,19.673,19.215,19.591,119281.925496
1708430400,19.601,19.72,18.338,18.958,393881.361153
1708444800,18.974,19.213,18.604,19.202,108361.046269
1708459200,19.194,19.497,19.121,19.288,65649.10935
1708473600,19.286,19.291,18.94,18.991,97646.295855
1708488000,18.999,19.058,18.65,18.741,108319.736945
1708502400,18.741,18.855,18.217,18.287,196240.456304
1708516800,18.278,18.574,18.114,18.383,160211.503027
1708531200,18.387,18.52,17.988,18.28,144193.564542
1708545600,18.283,18.616,18.17,18.595,101317.002547
1708560000,18.593,18.633,18.127,18.344,71191.778595
1708574400,18.353,18.812,18.289,18.808,181971.611034
1708588800,18.808,19.015,18.633,18.656,142809.483079
1708603200,18.658,18.719,18.166,18.504,130834.779568
1708617600,18.502,18.528,18.268,18.383,94668.310573
1708632000,18.373,18.624,18.08,18.131,82212.663583
1708646400,18.118,18.283,17.84,17.911,106418.896757
1708660800,17.917,18.115,17.824,17.945,57620.09007
1708675200,17.946,18.055,17.703,17.954,85627.403044
1708689600,17.959,18.067,17.75,17.873,165720.705931
1708704000,17.866,18.167,17.584,18.142,139894.016182
1708718400,18.142,18.24,17.747,17.925,65686.316531
1708732800,17.935,18.191,17.752,18.165,67275.011729
1708747200,18.167,18.462,18.131,18.441,102246.188806
1708761600,18.447,18.486,18.322,18.385,88803.391017
1708776000,18.377,18.379,18.203,18.229,69992.004055
1708790400,18.228,18.516,18.222,18.478,110210.127143
1708804800,18.477,18.565,18.401,18.529,58396.26297
1708819200,18.53,18.683,18.397,18.528,73103.467626
1708833600,18.532,18.66,18.44,18.556,50267.456787
1708848000,18.556,18.567,18.371,18.55,38434.938379
1708862400,18.56,18.828,18.535,18.616,134793.173822
1708876800,18.614,18.789,18.503,18.735,55684.860581
1708891200,18.731,18.867,18.646,18.713,72704.662785
1708905600,18.723,18.854,18.557,18.674,53431.014957
1708920000,18.669,18.678,18.431,18.459,111817.85824
1708934400,18.455,18.551,18.135,18.238,69244.33855
1708948800,18.238,18.912,18.144,18.871,234315.09717
1708963200,18.867,19.21,18.788,19.207,149074.157749
1708977600,19.208,19.261,19.003,19.083,91629.158156
1708992000,19.078,19.35,18.933,19.013,159706.548304
1709006400,19.017,19.152,18.954,18.995,73029.074234
1709020800,18.985,19.361,18.985,19.267,70909.607969
1709035200,19.266,19.34,18.768,18.846,183185.167086
1709049600,18.846,19.181,18.663,19.101,88668.889436
1709064000,19.108,19.228,19.005,19.028,47667.03639
1709078400,19.021,19.107,18.81,18.892,118704.06262
1709092800,18.893,19.15,18.886,19.116,41054.974848
1709107200,19.134,19.617,19.019,19.224,185476.231391
1709121600,19.235,20.852,19.13,19.76,673436.024818
1709136000,19.754,20.28,17.964,18.879,672391.943049
1709150400,18.872,19.461,18.738,19.433,151554.857176
1709164800,19.449,19.76,19.242,19.486,164976.719297
1709179200,19.474,20.15,19.398,20.071,313409.254272
1709193600,20.066,20.45,19.932,20.103,231910.496901
1709208000,20.098,20.411,19.865,20.132,169110.838617
1709222400,20.152,20.165,19.437,19.749,178973.678401
1709236800,19.744,19.809,18.803,19.266,160163.308872
1709251200,19.28,19.785,19.267,19.535,76525.880041
1709265600,19.534,19.84,19.523,19.719,51158.921119
1709280000,19.718,20.057,19.667,19.878,94722.020532
1709294400,19.878,20.029,19.584,19.689,87358.09982
1709308800,19.689,20.003,19.646,19.855,101369.44969
1709323200,19.867,20.1,19.6,20.047,73438.417263
1709337600,20.054,20.688,19.961,20.643,177239.106129
1709352000,20.639,21.441,20.592,21.22,327642.887233
1709366400,21.22,21.268,20.631,20.744,174404.940759
1709380800,20.735,21.319,20.727,21.111,207177.0451
1709395200,21.12,21.684,21.108,21.371,189488.497551
1709409600,21.374,21.46,21.127,21.399,44649.104978
1709424000,21.396,21.536,21.028,21.272,136587.53323
1709438400,21.269,21.349,19.254,20.232,332856.54994
1709452800,20.237,20.518,20.008,20.51,183350.565098
1709467200,20.511,20.715,20.353,20.553,103461.691914
1709481600,20.552,20.671,20.425,20.559,81836.975692
1709496000,20.567,20.694,20.418,20.509,47453.27734
1709510400,20.511,20.898,20.153,20.252,152892.584188
1709524800,20.246,20.44,20.144,20.363,81242.111374
1709539200,20.369,20.8,20.256,20.486,162160.626612
1709553600,20.487,20.766,20.121,20.497,166105.547615
1709568000,20.49,20.543,19.824,20.342,200734.805413
1709582400,20.341,20.615,20.227,20.424,79473.668897
1709596800,20.423,20.443,19.927,20.12,168786.561562
1709611200,20.12,21.045,20.001,20.411,375372.445606
1709625600,20.414,20.89,20.22,20.714,107252.418008
1709640000,20.714,20.809,20.232,20.494,326584.137979
1709654400,20.486,20.612,16.4,17.748,775230.597718
1709668800,17.734,19.048,17.6,18.967,453789.605643
1709683200,18.975,19.122,18.385,18.612,197914.87182
1709697600,18.617,19.533,18.578,19.521,162864.949851
1709712000,19.514,19.802,19.375,19.586,206855.026873
1709726400,19.585,19.693,18.988,19.377,217059.11224
1709740800,19.378,20.092,19.352,19.939,92685.899751
1709755200,19.945,20.154,19.853,20.087,67088.442094
1709769600,20.094,20.4,19.901,19.964,117175.851802
1709784000,19.977,20.066,19.597,19.937,133063.785558
1709798400,19.936,20.034,19.797,19.921,100450.48719
1709812800,19.922,20.194,19.677,20.095,96832.745052
1709827200,20.081,20.203,19.983,20.097,53937.686024
1709841600,20.105,20.202,19.96,20.094,49790.741374
1709856000,20.097,20.391,19.901,19.982,74907.806366
1709870400,19.984,20.014,19.712,19.809,91938.894442
1709884800,19.811,20.03,19.742,19.998,85686.153935
1709899200,19.998,20.193,19.1,19.695,287619.92798
1709913600,19.687,19.975,19.185,19.751,217762.619268
1709928000,19.753,19.846,19.531,19.699,60702.051695
1709942400,19.705,20.14,19.664,20.05,62723.878994
1709956800,20.051,20.18,19.957,19.972,49557.98566
1709971200,19.971,20.046,19.658,19.937,61678.216108
1709985600,19.939,20.278,19.928,20.193,90206.590257
1710000000,20.201,20.33,19.811,19.894,141885.402147
1710014400,19.897,20.078,19.897,19.978,57697.983999
1710028800,19.973,20.07,19.835,19.903,74232.167803
1710043200,19.899,20.05,19.835,20.048,68219.161672
1710057600,20.045,20.096,19.617,19.858,109585.591465
1710072000,19.859,20.003,19.376,19.582,135417.646352
1710086400,19.579,19.852,19.535,19.845,60486.961118
1710100800,19.85,21.964,19.687,21.675,402902.14074
1710115200,21.681,22.923,20.717,21.226,960039.851134
1710129600,21.233,21.526,20.995,21.312,248454.423079
1710144000,21.325,21.596,21.061,21.353,157585.60695
1710158400,21.356,21.615,21.03,21.178,165657.886156
1710172800,21.178,21.432,20.878,21.129,154616.321864
1710187200,21.144,21.466,21.129,21.286,66572.619887
1710201600,21.289,21.346,20.747,20.825,131322.025831
1710216000,20.827,20.871,20.414,20.585,196994.195755
1710230400,20.584,20.722,20.071,20.493,192609.416374
1710244800,20.493,20.828,20.146,20.532,183406.385481
1710259200,20.538,20.712,19.5,20.701,369818.246403
1710273600,20.703,20.727,20.437,20.698,82650.549612
1710288000,20.706,20.917,20.488,20.702,76326.737924
1710302400,20.701,20.955,20.51,20.8,93675.018926
1710316800,20.794,20.962,20.667,20.722,131799.12427
1710331200,20.725,20.752,20.195,20.39,199740.670049
1710345600,20.391,20.485,20.272,20.425,264056.048458
1710360000,20.42,20.813,20.254,20.749,81386.06606
1710374400,20.749,20.818,20.532,20.618,91013.88152
1710388800,20.618,20.64,20.309,20.446,66720.108139
1710403200,20.447,21.642,20.442,21.615,280638.075678
1710417600,21.613,21.955,20.434,20.577,476285.207383
1710432000,20.564,21.465,19.86,20.246,404769.632652
1710446400,20.254,21.308,20.225,20.88,121553.083071
1710460800,20.885,21.001,18.7,19.574,380721.885405
1710475200,19.572,19.724,19.12,19.573,297815.057193
1710489600,19.582,19.588,18.389,19.242,419905.904608
1710504000,19.267,19.608,19.134,19.4,112411.886183
1710518400,19.407,19.856,19.196,19.374,128819.766424
1710532800,19.38,19.661,18.972,19.626,66941.15401
1710547200,19.634,19.828,19.329,19.403,100115.866766
1710561600,19.402,19.621,19.119,19.618,183792.690083
1710576000,19.622,19.648,19.12,19.304,101790.934094
1710590400,19.3,19.371,18.657,19.018,124517.109134
1710604800,19.015,19.015,18.03,18.202,326167.129741
1710619200,18.195,18.488,17.803,18.113,215814.35912
1710633600,18.114,18.4,17.879,18.389,136487.809616
1710648000,18.401,18.418,17.38,17.668,128467.506443
1710662400,17.672,18.493,17.553,18.329,127515.460354
1710676800,18.339,18.604,17.925,18.526,116469.274361
1710691200,18.521,18.7,18.447,18.686,68124.099826
1710705600,18.684,18.825,18.522,18.667,51998.945745
1710720000,18.66,19.177,18.208,18.908,187635.844828
1710734400,18.904,19.498,18.779,19.473,126012.065044
1710748800,19.476,19.498,18.718,19.229,147516.481001
1710763200,19.229,19.297,18.252,18.6,176924.865093
1710777600,18.593,18.857,18.047,18.188,156907.411726
1710792000,18.204,18.638,18.204,18.297,47158.746699
1710806400,18.293,18.454,17.361,17.686,233848.897469
1710820800,17.698,17.786,16.709,17.335,208942.825311
1710835200,17.341,17.351,16.487,17.315,232927.313613
1710849600,17.31,17.863,17.255,17.774,182579.690295
1710864000,17.777,17.967,17.483,17.617,108858.904426
1710878400,17.616,17.653,16.513,16.826,90190.996357
1710892800,16.797,17.271,16.765,16.842,85578.628395
1710907200,16.867,17.44,16.261,17.336,161500.404982
1710921600,17.333,17.466,17.068,17.422,99787.70034
1710936000,17.422,17.693,17.256,17.318,133751.388523
1710950400,17.318,18.138,16.595,18.073,215957.870851
1710964800,18.085,18.5,18.005,18.413,76489.20943
1710979200,18.417,18.545,18.22,18.312,55634.493339
1710993600,18.312,18.401,17.88,18.139,65308.301464
1711008000,18.136,18.35,18.089,18.233,59712.6857
1711022400,18.233,18.774,18.186,18.479,143146.295723
1711036800,18.49,18.916,18.069,18.544,121654.868826
1711051200,18.53,18.83,18.279,18.454,91569.843773
1711065600,18.456,18.581,17.95,18.464,61515.872064
1711080000,18.478,18.511,18.324,18.386,39553.874596
1711094400,18.386,18.462,17.855,17.888,146167.846652
1711108800,17.884,18.112,17.325,17.731,181092.992795
1711123200,17.733,18.337,17.536,18.273,179003.722747
1711137600,18.271,18.375,17.611,18.364,73404.756921
1711152000,18.367,18.468,17.892,18.114,84522.651443
1711166400,18.109,18.473,18.104,18.372,40444.206854
1711180800,18.372,18.467,18.222,18.409,100603.556005
1711195200,18.41,18.456,18.226,18.32,91026.804446
1711209600,18.321,18.467,18.255,18.335,79934.583165
1711224000,18.333,18.361,18.027,18.065,49241.014301
1711238400,18.067,18.351,18.006,18.019,50083.146487
1711252800,18.024,18.175,17.968,18.141,17249.11752
1711267200,18.148,18.375,18.129,18.363,28992.178282
1711281600,18.37,18.446,18.26,18.291,25518.781769
1711296000,18.287,18.335,18.014,18.199,43374.425564
1711310400,18.203,18.63,18.158,18.517,44595.422961
1711324800,18.533,18.746,18.373,18.684,61276.097167
1711339200,18.69,19.01,18.584,18.611,70026.491714
1711353600,18.612,19.04,18.605,18.889,81421.170237
1711368000,18.888,19.382,18.831,19.301,151915.572344
1711382400,19.306,19.491,19.266,19.447,143027.724828
1711396800,19.46,19.48,19.184,19.384,47176.59131
1711411200,19.377,19.776,19.326,19.77,108407.397742
1711425600,19.765,20.086,19.72,19.862,70343.822274
1711440000,19.871,20.608,19.789,20.424,118074.359488
1711454400,20.421,20.735,19.826,20.175,132053.446662
1711468800,20.177,20.281,19.642,19.648,75400.327194
1711483200,19.653,20.074,19.647,20.012,42997.978289
1711497600,20.014,20.191,19.804,19.813,82790.176904
1711512000,19.819,19.859,19.505,19.582,49496.031474
1711526400,19.585,19.741,19.29,19.718,75223.108974
1711540800,19.726,19.963,19.036,19.142,109916.224196
1711555200,19.151,19.387,19.004,19.264,115029.19442
1711569600,19.262,19.547,19.259,19.287,59320.414973
1711584000,19.287,19.411,19.044,19.188,113288.261685
1711598400,19.194,19.541,19.179,19.535,23862.247095
1711612800,19.527,19.808,19.442,19.597,126225.984159
1711627200,19.595,19.664,19.164,19.34,116979.807894
1711641600,19.343,19.384,19.137,19.216,73059.909074
1711656000,19.214,19.264,19.058,19.131,41944.624378
1711670400,19.148,19.21,18.89,19.007,38364.28765
1711684800,19.006,19.102,18.711,18.794,54571.036574
1711699200,18.792,19.01,18.763,18.969,64985.69762
1711713600,18.969,19.29,18.787,18.992,84297.484764
1711728000,18.979,19.047,18.752,18.943,35552.435225
1711742400,18.942,19.061,18.778,18.965,15857.131979
1711756800,18.968,19.033,18.776,18.822,36016.966697
1711771200,18.821,19.16,18.801,19.054,34053.333729
1711785600,19.052,19.214,18.877,19.197,23019.12556
1711800000,19.199,19.293,19.107,19.118,22857.210641
1711814400,19.118,19.208,18.893,19.082,22331.715006
1711828800,19.081,19.276,18.84,18.935,21122.086696
1711843200,18.933,19.062,18.874,18.958,16319.131548
1711857600,18.962,19.354,18.93,19.249,32136.951762
1711872000,19.255,19.273,19.014,19.022,18271.814963
1711886400,19.021,19.114,19.0,19.078,25885.35363
1711900800,19.073,19.157,18.971,19.093,21973.775729
1711915200,19.105,19.17,18.98,19.169,39519.209012
1711929600,19.168,19.275,19.053,19.171,56923.082722
1711944000,19.173,19.207,18.2,18.644,212269.677678
1711958400,18.644,18.644,18.333,18.354,52485.389286
1711972800,18.339,18.566,17.913,17.948,98579.08029
1711987200,17.935,18.233,17.854,18.224,51494.109417
1712001600,18.227,18.436,18.159,18.36,25699.931532
1712016000,18.362,18.362,17.364,17.69,194010.579922
1712030400,17.687,18.487,17.592,18.297,195765.373006
1712044800,18.288,18.367,17.707,18.043,172830.488623
1712059200,18.024,18.238,17.581,17.619,141991.730283
1712073600,17.626,17.973,17.523,17.943,56153.638459
1712088000,17.942,18.151,17.862,17.953,70302.491002
1712102400,17.951,18.339,17.445,18.12,70291.387526
1712116800,18.125,18.167,17.955,18.026,47329.23662
1712131200,18.021,18.256,17.891,17.998,57850.070691
1712145600,18.007,18.12,17.77,17.887,34597.104325
1712160000,17.879,18.022,17.592,17.642,28891.908471
1712174400,17.634,17.747,17.383,17.689,23681.020464
1712188800,17.685,18.014,17.568,17.576,37701.241639
1712203200,17.578,17.972,17.396,17.896,51491.475116
1712217600,17.895,17.95,17.82,17.86,33594.492893
1712232000,17.853,18.139,17.851,18.018,63839.752691
1712246400,18.018,18.26,17.842,17.855,42912.762028
1712260800,17.86,17.893,17.506,17.795,54185.631679
1712275200,17.786,17.789,17.243,17.515,59281.574019
1712289600,17.516,17.54,17.085,17.269,45853.235755
1712304000,17.268,17.438,16.969,16.981,61579.986857
1712318400,16.981,17.497,16.867,17.497,50692.873695
1712332800,17.496,17.554,17.293,17.344,32217.522885
1712347200,17.341,17.442,17.265,17.327,14614.984114
1712361600,17.328,17.437,17.265,17.368,15521.192049
1712376000,17.367,17.496,17.324,17.467,17750.638763
1712390400,17.471,17.667,17.46,17.608,20303.548725
1712404800,17.617,17.635,17.396,17.51,24867.818365
1712419200,17.523,17.561,17.401,17.419,25382.470223
1712433600,17.423,17.679,17.417,17.564,11629.308086
1712448000,17.565,17.801,17.505,17.777,21230.871811
1712462400,17.775,17.8,17.577,17.602,34211.354756
1712476800,17.608,17.767,17.599,17.747,17086.050723
1712491200,17.75,17.84,17.663,17.685,36404.287555
1712505600,17.682,17.977,17.553,17.617,34567.872517
1712520000,17.618,17.943,17.604,17.91,19366.207545
1712534400,17.909,17.92,17.59,17.635,27773.601038
1712548800,17.633,17.991,17.546,17.964,34563.233549
1712563200,17.968,18.673,17.953,18.595,126639.372474
1712577600,18.595,18.681,18.203,18.282,116688.897819
1712592000,18.284,18.351,18.011,18.103,99213.932882
1712606400,18.102,18.246,18.039,18.106,41710.152525
1712620800,18.105,18.184,17.87,17.914,53706.504281
1712635200,17.914,18.02,17.658,17.707,59080.56556
1712649600,17.707,17.838,17.451,17.827,50048.825003
1712664000,17.829,17.87,17.242,17.519,96171.923951
1712678400,17.519,17.657,17.336,17.597,46795.400059
1712692800,17.588,17.652,17.263,17.357,76383.901972
1712707200,17.356,17.463,17.064,17.396,45964.095955
1712721600,17.397,17.58,17.369,17.449,92230.325
1712736000,17.448,17.531,17.258,17.382,52484.751406
1712750400,17.382,17.433,16.78,17.157,141467.908986
1712764800,17.158,17.377,17.053,17.311,30686.105375
1712779200,17.313,17.558,17.248,17.419,35051.299473
1712793600,17.419,17.449,17.352,17.433,34284.123145
1712808000,17.443,17.587,17.322,17.507,28466.695355
1712822400,17.512,17.609,17.119,17.171,34939.907659
1712836800,17.174,17.406,17.006,17.241,83528.540053
1712851200,17.238,17.424,17.046,17.418,32575.040379
1712865600,17.42,17.623,17.415,17.554,41232.196618
1712880000,17.552,17.865,17.538,17.764,45803.433665
1712894400,17.76,17.867,17.653,17.689,25607.273166
1712908800,17.695,17.833,17.61,17.643,21571.658343
1712923200,17.645,17.645,17.076,17.105,54210.458706
1712937600,17.102,17.176,13.088,14.465,1382283.833128
1712952000,14.477,15.184,14.43,15.154,456311.770986
1712966400,15.151,15.241,14.673,15.1,171954.654895
1712980800,15.094,15.395,15.049,15.14,123780.872055
1712995200,15.149,15.282,15.004,15.063,79408.855658
1713009600,15.056,15.294,14.876,14.888,83376.079498
1713024000,14.885,14.941,12.934,13.437,738696.110486
1713038400,13.434,13.599,11.717,13.298,1202098.905946
1713052800,13.284,13.357,12.716,13.098,316872.44271
1713067200,13.108,13.925,13.033,13.912,187595.654572
1713081600,13.902,14.003,13.405,13.456,157201.78394
1713096000,13.451,13.75,13.315,13.568,114466.519338
1713110400,13.573,13.823,13.131,13.597,242135.773309
1713124800,13.597,14.253,13.372,14.098,168958.416769
1713139200,14.097,14.099,13.721,13.862,75193.824934
1713153600,13.862,14.602,13.704,14.417,136755.97812
1713168000,14.416,14.654,14.325,14.437,64385.699396
1713182400,14.432,14.668,13.816,14.109,199559.346764
1713196800,14.112,14.196,13.225,13.699,203233.354659
1713211200,13.707,13.768,13.341,13.574,56925.496295
1713225600,13.579,13.658,13.242,13.358,101607.351043
1713240000,13.356,13.821,12.97,13.69,93208.053847
1713254400,13.691,13.693,13.084,13.479,64229.079345
1713268800,13.471,13.471,12.903,12.94,82911.753311
1713283200,12.939,13.381,12.82,13.23,84384.70493
1713297600,13.222,13.608,13.209,13.463,26121.120683
1713312000,13.464,13.531,13.298,13.413,40560.5577
1713326400,13.421,13.571,13.34,13.467,45655.350167
1713340800,13.468,13.609,13.211,13.234,49804.333668
1713355200,13.24,13.383,12.816,12.878,131307.019754
1713369600,12.878,13.47,12.719,13.237,84055.93856
1713384000,13.256,13.385,13.092,13.14,24779.212622
1713398400,13.135,13.382,12.873,13.286,48827.052941
1713412800,13.288,13.38,12.867,12.971,50878.502014
1713427200,12.969,13.479,12.817,13.366,54788.396285
1713441600,13.36,13.639,13.096,13.594,58281.46821
1713456000,13.599,13.71,13.404,13.683,63743.581438
1713470400,13.684,13.984,13.619,13.877,40365.942989
1713484800,13.883,13.883,12.738,13.297,121357.58287
1713499200,13.297,13.996,13.187,13.64,99887.446786
1713513600,13.641,13.947,13.625,13.806,98339.460242
1713528000,13.801,14.12,13.679,14.01,96028.04883
1713542400,14.0,14.04,13.809,14.029,35299.834108
1713556800,14.03,14.108,13.702,13.934,32565.477401
1713571200,13.945,14.159,13.748,13.968,62654.472196
1713585600,13.957,14.092,13.902,14.039,21010.838985
1713600000,14.033,14.201,13.933,14.168,35314.472027
1713614400,14.173,14.604,14.122,14.603,44134.205418
1713628800,14.602,14.967,14.498,14.914,71852.874326
1713643200,14.923,15.034,14.881,14.963,25536.743398
1713657600,14.949,15.076,14.706,14.93,35851.015333
1713672000,14.93,14.996,14.802,14.902,14139.660149
1713686400,14.902,14.97,14.75,14.906,17862.221035
1713700800,14.902,14.937,14.695,14.821,20635.682323
1713715200,14.823,14.857,14.532,14.8,27916.322673
1713729600,14.77,15.191,14.729,15.105,83578.051177
1713744000,15.105,15.909,15.01,15.83,159677.584048
1713758400,15.833,16.035,15.567,15.59,158027.543715
1713772800,15.599,15.632,15.277,15.315,53607.389103
1713787200,15.32,15.406,15.149,15.35,79145.280327
1713801600,15.347,15.457,15.19,15.403,53486.078596
1713816000,15.405,15.645,15.383,15.446,43661.448804
1713830400,15.447,15.531,15.296,15.403,40612.923269
1713844800,15.401,15.576,15.234,15.357,60512.126664
1713859200,15.368,15.444,15.216,15.29,18948.883231
1713873600,15.292,15.475,15.225,15.234,43138.479225
1713888000,15.252,15.381,15.105,15.362,92054.264519
1713902400,15.358,15.369,15.121,15.187,45818.204418
1713916800,15.182,15.356,15.092,15.29,37657.652895
1713931200,15.294,15.515,15.287,15.402,22327.210989
1713945600,15.392,15.632,15.375,15.597,32617.157632
1713960000,15.596,15.638,14.69,14.724,98510.343735
1713974400,14.724,15.03,14.631,14.736,88240.164328
1713988800,14.733,14.796,14.363,14.54,52165.848838
1714003200,14.54,14.687,14.373,14.545,62454.494679
1714017600,14.538,14.903,14.386,14.774,32628.001761
1714032000,14.765,14.87,14.431,14.64,56100.390723
1714046400,14.632,14.754,14.364,14.733,73560.673108
1714060800,14.734,14.808,14.648,14.724,39238.337636
1714075200,14.723,14.86,14.543,14.594,30211.599481
1714089600,14.593,14.744,14.346,14.619,36409.889273
1714104000,14.619,14.935,14.552,14.821,38456.034132
1714118400,14.818,14.937,14.501,14.591,24215.640046
1714132800,14.591,14.784,14.384,14.675,68691.816926
1714147200,14.68,14.807,14.629,14.655,18645.492741
1714161600,14.657,14.758,14.436,14.487,40992.420789
1714176000,14.5,14.53,13.958,14.182,117605.935087
1714190400,14.179,14.3,14.124,14.126,35871.904456
1714204800,14.127,14.162,13.942,14.038,30794.708129
1714219200,14.039,14.222,13.928,13.955,33586.142331
1714233600,13.961,14.4,13.875,14.17,55056.375491
1714248000,14.174,14.299,14.104,14.27,16660.013782
1714262400,14.272,14.442,14.222,14.336,34556.302723
1714276800,14.333,14.394,14.26,14.333,20134.380835
1714291200,14.335,14.354,14.016,14.034,25902.288668
1714305600,14.031,14.24,14.026,14.111,22312.738647
1714320000,14.111,14.22,14.07,14.119,13161.984847
1714334400,14.113,14.116,13.729,13.805,45357.653181
1714348800,13.802,14.007,13.755,13.828,44081.626688
1714363200,13.828,14.081,13.78,13.864,80890.798699
1714377600,13.867,13.95,13.724,13.943,47899.670875
1714392000,13.943,14.025,13.713,13.978,78888.239288
1714406400,13.979,14.043,13.83,14.022,37442.630417
1714420800,14.044,14.196,13.918,14.068,38344.773825
1714435200,14.08,14.21,13.78,13.993,48195.582297
1714449600,13.989,14.023,13.875,13.909,27069.803379
1714464000,13.905,13.946,13.176,13.197,85858.002406
1714478400,13.194,13.291,12.984,13.098,85694.628253
1714492800,13.086,13.091,12.768,12.885,117227.337089
1714507200,12.91,13.276,12.91,13.125,25802.016838
1714521600,13.125,13.17,12.962,13.147,52313.734612
1714536000,13.154,13.26,12.624,12.714,266663.549105
1714550400,12.715,12.962,12.403,12.943,169386.048987
1714564800,12.945,13.06,12.732,12.779,102137.074453
1714579200,12.772,13.502,12.665,12.999,212624.827821
1714593600,13.002,13.409,12.953,13.351,74783.452414
1714608000,13.353,13.37,12.923,13.166,63528.765152
1714622400,13.165,13.375,13.142,13.28,25547.290144
1714636800,13.27,13.703,13.26,13.66,59163.523974
1714651200,13.657,13.679,13.38,13.617,58878.576799
1714665600,13.627,13.734,13.49,13.695,39890.216591
1714680000,13.692,13.777,13.485,13.587,89913.008063
1714694400,13.588,13.801,13.527,13.691,51465.070659
1714708800,13.697,13.726,13.481,13.507,66332.919338
1714723200,13.503,13.718,13.462,13.672,27107.894883
1714737600,13.668,13.983,13.623,13.961,95328.425413
1714752000,13.947,14.059,13.874,14.059,30423.768612
1714766400,14.059,14.2,14.025,14.085,37429.715997
1714780800,14.095,14.169,13.975,14.08,25019.792997
1714795200,14.083,14.188,14.043,14.131,44417.949726
1714809600,14.135,14.419,14.109,14.186,62349.232224
1714824000,14.187,14.309,14.134,14.269,46834.577181
1714838400,14.271,14.48,14.253,14.382,44974.519872
1714852800,14.385,14.427,14.279,14.313,31789.189058
1714867200,14.316,14.368,14.11,14.212,32842.0365
1714881600,14.207,14.277,14.139,14.235,18253.777952
1714896000,14.234,14.357,14.226,14.306,18084.248482
1714910400,14.289,14.539,14.22,14.519,26159.481925
1714924800,14.516,14.661,14.317,14.378,23552.899654
1714939200,14.375,14.396,14.302,14.374,10590.879983
1714953600,14.368,14.489,14.275,14.387,17764.770284
1714968000,14.377,14.75,14.366,14.75,32954.337012
1714982400,14.746,15.167,14.746,15.035,113712.905281
1714996800,15.035,15.073,14.469,14.688,181117.348568
1715011200,14.686,14.766,14.509,14.668,105142.569655
1715025600,14.668,14.766,14.484,14.488,34587.919239
1715040000,14.492,14.664,14.18,14.327,68840.057807
1715054400,14.334,14.384,14.185,14.275,213568.379542
1715068800,14.267,14.631,14.251,14.337,64260.370131
1715083200,14.336,14.723,14.336,14.499,120404.527601
1715097600,14.493,14.544,14.158,14.243,95930.623018
1715112000,14.253,14.355,13.958,14.002,68109.398491
1715126400,13.993,14.099,13.828,14.034,83792.712456
1715140800,14.041,14.063,13.77,13.806,90946.41044
1715155200,13.809,13.911,13.731,13.778,48377.489921
1715169600,13.781,14.106,13.686,14.003,84281.265542
1715184000,14.006,14.116,13.857,13.97,88449.37687
1715198400,13.967,14.019,13.698,13.9,75800.373616
1715212800,13.895,14.083,13.888,13.997,22488.431075
1715227200,13.992,14.145,13.893,14.066,59515.538529
1715241600,14.065,14.211,13.926,14.003,95163.072434
1715256000,14.001,14.13,13.836,14.057,39663.409661
1715270400,14.057,14.267,14.01,14.254,39015.653844
1715284800,14.262,14.367,14.148,14.23,26362.531368
1715299200,14.235,14.35,14.166,14.319,87306.802701
1715313600,14.323,14.375,14.207,14.34,141339.65824
1715328000,14.331,14.345,14.233,14.341,29150.089604
1715342400,14.34,14.365,13.728,13.833,103918.046321
1715356800,13.825,13.838,13.517,13.631,86363.694663
1715371200,13.629,13.675,13.491,13.563,27746.226067
1715385600,13.565,13.815,13.554,13.626,20270.601377
1715400000,13.63,13.655,13.585,13.627,8206.651966
1715414400,13.631,13.636,13.418,13.5,31601.710164
1715428800,13.496,13.639,13.468,13.498,34521.182334
1715443200,13.496,13.556,13.43,13.475,30948.543921
1715457600,13.476,13.476,13.275,13.306,35266.113494
1715472000,13.307,13.449,13.289,13.364,132199.061162
1715486400,13.364,13.447,13.285,13.31,21277.944343
1715500800,13.308,13.512,13.284,13.468,95572.449212
1715515200,13.473,13.565,13.44,13.52,23983.822398
1715529600,13.534,13.595,13.432,13.5,12526.851866
1715544000,13.51,13.591,13.443,13.556,30023.006158
1715558400,13.561,13.63,13.122,13.323,82214.817951
1715572800,13.324,13.526,13.078,13.489,68501.598479
1715587200,13.486,13.675,13.385,13.449,62939.96462
1715601600,13.446,13.626,13.357,13.498,71144.679858
1715616000,13.499,13.676,13.279,13.491,51765.436122
1715630400,13.487,13.54,13.357,13.387,12701.545428
1715644800,13.392,13.497,13.315,13.442,120926.726974
1715659200,13.436,13.566,13.097,13.535,136804.253368
1715673600,13.527,13.596,13.336,13.341,27930.690989
1715688000,13.341,13.394,13.107,13.265,74762.987075
1715702400,13.261,13.261,12.972,13.09,37093.437462
1715716800,13.08,13.095,12.93,12.977,32247.771083
1715731200,12.987,13.065,12.903,12.959,15602.701138
1715745600,12.964,13.117,12.846,13.103,35479.538804
1715760000,13.103,13.21,12.969,13.05,46713.948774
1715774400,13.044,13.691,13.028,13.618,135057.773972
1715788800,13.626,13.887,13.577,13.874,68965.97519
1715803200,13.876,13.941,13.738,13.871,53119.372136
1715817600,13.871,14.012,13.8,13.981,65327.993703
1715832000,13.98,14.066,13.923,13.97,55139.238561
1715846400,13.969,14.022,13.779,13.883,52476.10144
1715860800,13.87,13.87,13.536,13.768,68317.781324
1715875200,13.771,15.099,13.721,15.001,487468.516544
1715889600,14.998,15.87,14.671,15.524,484051.418261
1715904000,15.517,16.1,15.477,15.905,321683.532453
1715918400,15.916,16.365,15.63,16.313,283703.445709
1715932800,16.32,16.711,16.19,16.516,371714.175276
1715947200,16.517,16.77,15.943,16.095,359027.067424
1715961600,16.099,16.509,15.983,16.188,307348.635308
1715976000,16.183,16.297,16.067,16.241,82069.614258
1715990400,16.235,16.406,16.119,16.17,80898.64889
1716004800,16.17,16.364,16.048,16.284,119043.749692
1716019200,16.291,16.417,16.128,16.193,119718.975481
1716033600,16.192,16.568,16.075,16.46,254804.649656
1716048000,16.457,16.468,16.232,16.288,98983.749543
1716062400,16.284,16.364,16.164,16.327,44051.198766
1716076800,16.328,16.526,16.306,16.464,71232.239129
1716091200,16.462,16.744,16.327,16.67,128495.410067
1716105600,16.666,16.856,16.426,16.645,162901.119004
1716120000,16.647,17.001,16.29,16.974,308376.716542
1716134400,16.961,17.117,16.625,16.696,217589.452467
1716148800,16.692,16.726,16.298,16.563,92632.825163
1716163200,16.564,17.036,16.401,16.929,277261.854002
1716177600,16.932,17.246,16.649,16.703,246347.789389
1716192000,16.701,16.83,16.58,16.714,107939.422884
1716206400,16.707,16.707,16.372,16.479,161854.44139
1716220800,16.491,17.15,16.363,17.054,261742.836176
1716235200,17.065,17.464,16.679,17.264,244583.961646
1716249600,17.262,17.44,16.853,16.946,196036.115978
1716264000,16.948,17.146,16.821,16.959,77038.692384
1716278400,16.958,17.033,16.861,16.943,78809.766775
1716292800,16.934,17.11,16.543,16.607,241866.135877
1716307200,16.607,16.875,16.512,16.659,106826.479341
1716321600,16.673,16.789,16.577,16.737,78310.374588
1716336000,16.745,16.93,16.722,16.883,64333.956817
1716350400,16.882,16.886,16.464,16.701,88048.496189
1716364800,16.696,16.927,16.564,16.565,76605.983825
1716379200,16.563,16.656,16.175,16.557,138634.914598
1716393600,16.556,16.738,16.11,16.349,102670.592194
1716408000,16.353,16.546,16.199,16.353,48020.749443
1716422400,16.366,16.52,16.289,16.435,72390.458642
1716436800,16.443,16.69,16.28,16.667,90181.693403
1716451200,16.672,16.775,16.507,16.702,101357.317988
1716465600,16.711,16.81,15.675,16.115,298544.969997
1716480000,16.122,16.322,15.864,15.944,98664.71798
1716494400,15.935,16.69,15.427,16.598,305811.810435
1716508800,16.59,17.571,16.565,17.493,267751.672296
1716523200,17.494,17.6,16.718,16.899,367866.810762
1716537600,16.896,17.765,16.743,17.566,292168.261141
1716552000,17.567,17.783,17.153,17.206,188801.179514
1716566400,17.209,17.537,16.97,17.305,132362.843259
1716580800,17.311,17.516,17.186,17.253,32452.053519
1716595200,17.254,17.254,16.996,17.136,172918.439596
1716609600,17.136,17.265,17.045,17.104,108827.817005
1716624000,17.104,17.226,17.04,17.087,56245.057225
1716638400,17.093,17.252,16.913,17.183,67672.705627
1716652800,17.184,17.471,17.184,17.356,61758.304657
1716667200,17.356,17.466,17.297,17.442,27750.325348
1716681600,17.444,17.854,17.346,17.768,213679.45329
1716696000,17.765,17.913,17.598,17.624,105911.541031
1716710400,17.622,17.636,17.26,17.354,58917.673132
1716724800,17.349,17.349,17.071,17.137,62908.123484
1716739200,17.133,17.216,17.042,17.089,20564.353696
1716753600,17.095,17.177,17.0,17.045,25855.47557
1716768000,17.04,17.247,16.93,17.133,56591.858032
1716782400,17.129,17.154,16.88,17.09,33045.799141
1716796800,17.087,17.355,17.05,17.327,37387.451825
1716811200,17.33,18.038,17.299,18.019,189699.352441
1716825600,18.019,18.851,18.015,18.579,449593.846141
1716840000,18.582,18.869,18.551,18.788,117471.4417
1716854400,18.787,18.839,18.031,18.112,282727.853581
1716868800,18.116,18.31,17.981,18.055,173866.239508
1716883200,18.048,18.334,18.017,18.236,103669.433262
1716897600,18.234,18.281,17.854,18.169,149580.515767
1716912000,18.177,18.571,17.982,18.501,135031.671161
1716926400,18.499,18.596,18.422,18.537,53567.23179
1716940800,18.541,18.59,18.257,18.312,47947.349698
1716955200,18.317,18.56,18.286,18.286,49452.708716
1716969600,18.303,18.785,18.042,18.708,125937.188936
1716984000,18.713,19.219,18.676,18.882,319643.9933
1716998400,18.871,19.015,18.501,18.506,98701.157982
1717012800,18.508,18.738,18.455,18.458,54575.656511
1717027200,18.456,19.207,18.442,18.72,180623.693132
1717041600,18.722,18.799,18.19,18.339,108049.069924
1717056000,18.334,18.417,18.061,18.08,114090.596266
1717070400,18.077,18.486,18.054,18.3,116907.060329
1717084800,18.295,18.425,18.0,18.078,75327.405314
1717099200,18.074,18.074,17.782,17.943,64467.70061
1717113600,17.946,18.08,17.783,17.913,37346.634943
1717128000,17.917,18.023,17.708,17.871,33802.251905
1717142400,17.873,18.054,17.788,18.041,33526.009211
1717156800,18.044,18.229,17.532,17.56,110039.051763
1717171200,17.562,18.268,17.461,18.223,70794.450255
1717185600,18.235,18.744,18.208,18.412,93986.67639
1717200000,18.414,18.441,18.265,18.334,28000.834557
1717214400,18.336,18.633,18.311,18.512,46688.282811
1717228800,18.516,18.649,18.385,18.54,31463.282267
1717243200,18.562,18.68,18.495,18.596,36064.552267
1717257600,18.6,18.664,18.464,18.467,30404.693399
1717272000,18.469,18.543,18.376,18.443,20229.135544
1717286400,18.442,18.566,18.356,18.464,32071.960142
1717300800,18.464,18.553,18.357,18.411,23887.449873
1717315200,18.418,18.438,18.199,18.418,33991.451395
1717329600,18.417,18.538,18.188,18.349,55437.921039
1717344000,18.35,18.369,18.113,18.159,32913.170154
1717358400,18.162,18.204,18.073,18.147,12995.520792
1717372800,18.147,18.231,17.915,18.073,50624.83799
1717387200,18.073,18.361,17.957,18.135,38043.031716
1717401600,18.137,18.222,17.902,17.955,34858.348682
1717416000,17.953,18.266,17.799,17.938,121575.02419
1717430400,17.949,17.96,17.632,17.725,80394.786324
1717444800,17.726,17.764,17.545,17.636,32225.022799
1717459200,17.632,17.662,17.508,17.661,33325.807368
1717473600,17.658,17.68,17.53,17.659,23807.891283
1717488000,17.657,17.712,17.478,17.639,28619.332563
1717502400,17.632,17.85,17.632,17.79,56546.96063
1717516800,17.791,17.85,17.556,17.661,61125.974513
1717531200,17.662,17.742,17.599,17.724,17568.488607
1717545600,17.713,17.942,17.662,17.72,52344.215976
1717560000,17.72,18.078,17.692,17.962,75109.68025
1717574400,17.959,17.962,17.784,17.896,36506.066629
1717588800,17.894,17.902,17.621,17.738,52246.675604
1717603200,17.738,17.959,17.695,17.869,43268.872343
1717617600,17.874,17.905,17.666,17.745,25266.233882
1717632000,17.746,17.779,17.613,17.613,35745.734458
1717646400,17.616,17.629,17.313,17.478,94117.078406
1717660800,17.477,17.478,17.318,17.363,24435.041987
1717675200,17.362,17.544,17.265,17.461,57303.530591
1717689600,17.467,17.512,17.156,17.258,82976.446932
1717704000,17.252,17.432,17.1,17.253,133336.149676
1717718400,17.255,17.4,17.237,17.371,18994.453238
1717732800,17.374,17.576,17.326,17.498,88828.053503
1717747200,17.499,17.672,17.41,17.61,68322.322355
1717761600,17.62,17.725,17.263,17.596,145899.74417
1717776000,17.594,17.624,15.243,16.283,760827.767559
1717790400,16.28,16.39,16.225,16.329,80325.697474
1717804800,16.323,16.347,16.208,16.298,46372.497031
1717819200,16.302,16.418,16.28,16.33,38908.715461
1717833600,16.325,16.325,15.854,15.872,78885.202034
1717848000,15.867,16.023,15.696,15.927,69816.594354
1717862400,15.92,15.966,15.675,15.804,40526.712921
1717876800,15.805,15.979,15.718,15.924,16373.044694
1717891200,15.924,16.079,15.908,16.037,27681.494187
1717905600,16.034,16.076,15.907,16.022,19714.117439
1717920000,16.022,16.103,15.971,15.997,11165.018507
1717934400,16.002,16.11,15.953,16.004,25119.105687
1717948800,16.006,16.183,15.996,16.175,23970.820524
1717963200,16.181,16.387,16.13,16.377,57593.08331
1717977600,16.372,16.384,16.1,16.128,52639.3477
1717992000,16.129,16.197,15.798,15.814,85942.354909
1718006400,15.814,16.085,15.809,15.986,36529.440176
1718020800,15.993,16.252,15.755,16.175,97162.218206
1718035200,16.177,16.198,15.833,15.881,72662.783651
1718049600,15.879,15.926,15.778,15.902,41051.834413
1718064000,15.904,15.911,15.328,15.711,241858.445002
1718078400,15.705,15.746,15.362,15.502,130425.564793
1718092800,15.502,15.618,15.391,15.426,52409.558308
1718107200,15.429,15.498,14.792,14.872,242044.035559
1718121600,14.875,15.076,14.661,15.031,127818.767468
1718136000,15.033,15.096,14.94,14.984,34484.175097
1718150400,14.988,15.197,14.729,15.174,77731.850566
1718164800,15.175,15.3,15.163,15.277,51532.269905
1718179200,15.282,15.536,15.178,15.199,144060.091284
1718193600,15.202,16.135,15.193,16.069,238496.514333
1718208000,16.081,16.233,15.606,15.696,221057.550871
1718222400,15.696,16.064,15.642,16.007,56909.446214
1718236800,16.007,16.052,15.355,15.514,94482.718486
1718251200,15.517,15.646,15.491,15.522,29698.402921
1718265600,15.526,15.538,15.247,15.31,76550.816004
1718280000,15.313,15.606,15.079,15.101,151219.659242
1718294400,15.096,15.475,15.05,15.34,108836.364253
1718308800,15.339,15.398,15.069,15.148,29743.617214
1718323200,15.139,15.453,15.103,15.277,78476.16591
1718337600,15.288,15.447,15.286,15.343,48681.756256
1718352000,15.343,15.447,15.28,15.419,27218.769623
1718366400,15.421,15.459,15.147,15.191,31350.636122
1718380800,15.198,15.209,14.483,14.514,323202.013977
1718395200,14.517,14.938,14.47,14.758,71049.273477
1718409600,14.748,14.9,14.701,14.869,24146.91583
1718424000,14.872,15.109,14.803,15.009,30426.164082
1718438400,15.015,15.066,14.897,14.909,16727.407696
1718452800,14.911,15.051,14.859,14.99,18896.774973
1718467200,14.991,15.029,14.839,14.907,12494.964887
1718481600,14.908,14.913,14.79,14.858,23781.169179
1718496000,14.859,14.867,14.634,14.661,34640.959511
1718510400,14.663,14.88,14.573,14.844,14582.044507
1718524800,14.85,14.971,14.781,14.925,15646.10746
1718539200,14.921,15.2,14.908,15.167,96859.592883
1718553600,15.149,15.157,15.04,15.115,14324.860392
1718568000,15.112,15.223,15.096,15.143,15995.03905
1718582400,15.14,15.211,14.788,14.795,44929.099209
1718596800,14.802,14.93,14.595,14.77,45399.058706
1718611200,14.782,14.815,14.206,14.338,87879.787536
1718625600,14.329,14.433,14.135,14.294,63095.680342
1718640000,14.284,14.837,14.008,14.698,99940.326051
1718654400,14.692,14.704,14.509,14.521,72340.760653
1718668800,14.522,14.616,12.892,13.733,531340.345659
1718683200,13.733,13.823,13.612,13.73,73467.195894
1718697600,13.729,13.827,13.44,13.638,127445.65258
1718712000,13.64,13.713,13.151,13.573,245574.42308
1718726400,13.561,13.614,13.269,13.599,128459.851461
1718740800,13.598,13.993,13.495,13.978,69061.376612
1718755200,13.986,14.33,13.914,14.211,86543.127397
1718769600,14.211,14.399,14.195,14.396,42158.358144
1718784000,14.398,14.425,14.171,14.28,33833.93536
1718798400,14.278,14.343,14.078,14.194,33125.048177
1718812800,14.192,14.491,14.16,14.38,40199.738087
1718827200,14.381,14.505,14.236,14.351,29188.79913
1718841600,14.347,14.547,14.281,14.366,53343.230155
1718856000,14.363,14.75,14.316,14.731,36774.93187
1718870400,14.733,14.861,14.577,14.655,58166.718255
1718884800,14.657,14.696,14.275,14.346,56042.78798
1718899200,14.334,14.511,14.187,14.509,45434.678544
1718913600,14.51,14.542,14.25,14.25,21312.629478
1718928000,14.259,14.355,14.103,14.219,57470.454969
1718942400,14.216,14.455,14.151,14.31,66867.724644
1718956800,14.3,14.564,14.043,14.521,51692.941655
1718971200,14.519,14.594,14.175,14.315,173553.29157
1718985600,14.302,14.354,13.955,14.13,113845.493078
1719000000,14.143,14.203,13.846,13.849,25565.055015
1719014400,13.851,13.911,13.741,13.832,32443.483406
1719028800,13.832,13.892,13.738,13.753,17480.801222
1719043200,13.753,13.756,13.576,13.628,21842.287323
1719057600,13.631,13.857,13.594,13.744,39781.906722
1719072000,13.742,13.77,13.595,13.614,24588.281011
1719086400,13.625,13.631,13.469,13.484,22266.459051
1719100800,13.484,13.667,13.481,13.645,25343.670654
1719115200,13.648,13.683,13.538,13.652,27723.857014
1719129600,13.654,13.668,13.485,13.571,21972.957034
1719144000,13.571,13.588,13.379,13.457,22025.304458
1719158400,13.458,13.463,13.313,13.402,22119.630328
1719172800,13.407,13.407,13.133,13.193,58209.060223
1719187200,13.198,13.278,13.056,13.215,65976.751891
1719201600,13.214,13.232,12.93,13.023,55722.893467
1719216000,13.034,13.243,12.584,13.131,125393.119821
1719230400,13.13,13.686,13.101,13.181,106954.524977
1719244800,13.179,13.361,13.093,13.147,93698.437959
1719259200,13.151,13.64,13.003,13.619,81056.681281
1719273600,13.614,14.105,13.572,13.995,221254.843389
1719288000,13.999,14.139,13.865,13.875,78070.982425
1719302400,13.885,14.127,13.826,13.921,78343.634376
1719316800,13.923,14.161,13.837,14.097,35240.772366
1719331200,14.101,14.238,14.03,14.194,28408.422728
1719345600,14.193,14.294,14.114,14.193,134198.688285
1719360000,14.193,14.289,14.095,14.211,30367.367779
1719374400,14.212,14.295,14.112,14.236,23449.598127
1719388800,14.235,14.259,13.978,14.018,30085.496658
1719403200,14.023,14.05,13.832,13.946,78782.333057
1719417600,13.949,14.094,13.852,14.081,39151.919251
1719432000,14.077,14.119,13.901,13.917,24168.395245
1719446400,13.918,13.93,13.764,13.832,36017.624214
1719460800,13.841,13.886,13.583,13.665,169643.83936
1719475200,13.672,13.931,13.666,13.867,39357.198844
1719489600,13.862,14.244,13.855,14.085,83493.448538
1719504000,14.087,14.56,14.029,14.367,162145.406728
1719518400,14.375,14.435,14.286,14.429,21474.915486
1719532800,14.429,14.519,14.264,14.387,35337.788552
1719547200,14.388,14.41,14.14,14.208,40074.900201
1719561600,14.205,14.397,14.147,14.349,17467.819604
1719576000,14.347,14.604,14.265,14.37,132271.995165
1719590400,14.37,14.425,13.96,14.089,95176.635083
1719604800,14.093,14.123,13.76,13.782,42217.998569
1719619200,13.781,14.17,13.754,14.092,46088.351416
1719633600,14.089,14.126,13.947,13.964,19995.439944
1719648000,13.967,13.974,13.803,13.861,23008.616449
1719662400,13.858,13.877,13.566,13.682,40841.42319
1719676800,13.683,13.719,13.549,13.654,26066.653237
1719691200,13.654,13.699,13.483,13.545,20966.887517
1719705600,13.545,13.616,13.455,13.532,13237.926286
1719720000,13.525,13.721,13.45,13.681,27067.437822
1719734400,13.686,13.75,13.552,13.552,22436.090517
1719748800,13.552,13.7,13.52,13.696,28123.19788
1719763200,13.702,14.023,13.628,14.003,41762.366347
1719777600,14.011,14.355,13.96,14.281,52960.51222
1719792000,14.28,14.436,14.238,14.296,53340.719929
1719806400,14.292,14.422,14.272,14.385,41123.414902
1719820800,14.39,14.479,14.284,14.407,76725.005711
1719835200,14.412,14.484,14.222,14.39,119149.30391
1719849600,14.389,14.538,14.353,14.467,42734.520811
1719864000,14.471,14.581,14.305,14.337,44314.840595
1719878400,14.336,14.482,14.247,14.456,44749.503949
1719892800,14.457,14.7,14.394,14.557,134006.088785
1719907200,14.557,14.755,14.509,14.643,67231.309593
1719921600,14.642,14.689,14.35,14.493,61908.221173
1719936000,14.496,14.596,14.38,14.539,27090.768957
1719950400,14.539,14.591,14.41,14.417,43369.504118
1719964800,14.416,14.517,14.083,14.191,81840.738825
1719979200,14.189,14.6,14.104,14.399,95398.776738
1719993600,14.398,14.575,14.14,14.362,139306.444199
1720008000,14.359,14.585,14.066,14.391,97900.54348
1720022400,14.388,14.483,13.7,13.738,173048.288262
1720036800,13.738,13.818,13.541,13.589,69252.339283
1720051200,13.593,13.738,12.982,13.268,196158.177187
1720065600,13.261,13.412,13.095,13.154,69540.213432
1720080000,13.15,13.287,13.014,13.066,89316.307469
1720094400,13.06,13.091,12.603,13.079,122311.296703
1720108800,13.077,13.148,12.933,12.942,84093.866053
1720123200,12.949,13.15,12.507,12.528,140015.429276
1720137600,12.531,12.545,11.065,11.327,1029271.938784
1720152000,11.33,11.718,11.038,11.508,354615.802065
1720166400,11.504,12.018,11.133,11.983,155115.878654
1720180800,11.978,12.408,11.787,12.317,251165.776291
1720195200,12.316,12.464,12.168,12.371,107068.16057
1720209600,12.372,12.384,12.25,12.308,51564.840021
1720224000,12.307,12.61,12.187,12.311,58406.352323
1720238400,12.314,12.571,12.231,12.5,42756.956321
1720252800,12.484,12.576,12.338,12.555,31492.331737
1720267200,12.545,12.764,12.434,12.689,41707.400485
1720281600,12.689,13.126,12.668,13.071,166075.080628
1720296000,13.08,13.282,13.037,13.179,71044.721133
1720310400,13.183,13.194,12.979,13.048,34232.561258
1720324800,13.054,13.06,12.661,12.776,32154.893962
1720339200,12.777,12.963,12.763,12.842,24482.154543
1720353600,12.838,12.931,12.423,12.524,33511.775691
1720368000,12.531,12.772,12.489,12.609,15909.846314
1720382400,12.61,12.679,12.28,12.35,42465.526272
1720396800,12.352,12.415,11.78,12.272,108332.723327
1720411200,12.262,12.749,12.232,12.606,42779.822274
1720425600,12.589,13.529,12.568,13.487,196049.226855
1720440000,13.479,13.524,12.668,12.836,140091.600561
1720454400,12.817,12.999,12.716,12.942,36273.98511
1720468800,12.927,13.247,12.813,13.123,69948.634915
1720483200,13.118,13.321,12.922,13.04,77988.375173
1720497600,13.042,13.116,12.934,12.943,53535.548306
1720512000,12.939,13.256,12.89,13.174,52702.361483
1720526400,13.168,13.217,12.743,12.877,124332.835521
1720540800,12.867,12.991,12.733,12.849,85345.932174
1720555200,12.85,12.949,12.75,12.837,56436.789601
1720569600,12.846,12.909,12.686,12.87,43619.4656
1720584000,12.867,13.17,12.867,12.976,125363.701144
1720598400,12.976,12.983,12.838,12.895,28980.592016
1720612800,12.893,12.937,12.733,12.904,47804.201383
1720627200,12.903,13.029,12.76,12.781,32063.631687
1720641600,12.785,12.83,12.712,12.795,20536.258671
1720656000,12.793,12.93,12.545,12.626,51401.067897
1720670400,12.626,12.831,12.604,12.827,40798.634391
1720684800,12.826,12.974,12.763,12.929,30929.868473
1720699200,12.929,13.166,12.65,12.709,153674.947233
1720713600,12.72,12.859,12.557,12.557,41051.146189
1720728000,12.558,12.558,12.292,12.347,83217.7331
1720742400,12.347,12.57,12.229,12.476,50124.319656
1720756800,12.474,12.522,12.364,12.447,44542.616724
1720771200,12.448,12.477,12.284,12.405,51510.853725
1720785600,12.419,12.725,12.382,12.677,53648.936454
1720800000,12.677,12.827,12.59,12.688,45140.05094
1720814400,12.699,12.744,12.553,12.74,33262.91136
1720828800,12.744,12.873,12.703,12.811,26063.009146
1720843200,12.816,13.024,12.756,13.023,40058.144964
1720857600,13.023,13.096,12.908,13.022,38444.997749
1720872000,13.015,13.065,12.926,13.046,32140.321278
1720886400,13.046,13.113,12.936,13.056,50547.221861
1720900800,13.046,13.135,12.88,13.021,43866.370589
1720915200,13.017,13.138,12.892,12.973,51362.152066
1720929600,12.967,13.16,12.961,13.088,82612.131894
1720944000,13.109,13.268,13.075,13.11,82297.813421
1720958400,13.111,13.28,12.981,13.27,45995.027986
1720972800,13.268,13.346,13.2,13.247,12317.66685
1720987200,13.247,13.526,13.23,13.445,78059.948179
1721001600,13.442,13.835,13.404,13.804,115422.814603
1721016000,13.807,13.887,13.643,13.83,106119.739537
1721030400,13.831,13.902,13.729,13.776,95622.47402
1721044800,13.779,13.978,13.77,13.881,101309.816956
1721059200,13.884,14.18,13.83,14.12,158105.339689
1721073600,14.121,14.51,14.121,14.39,124491.754927
1721088000,14.398,14.513,14.271,14.423,80898.231958
1721102400,14.423,14.465,13.909,13.952,104882.770553
1721116800,13.953,14.143,13.812,14.084,68602.854622
1721131200,14.089,14.495,13.932,14.437,127419.224793
1721145600,14.434,14.625,14.243,14.35,105039.1343
1721160000,14.34,14.345,14.097,14.208,60915.227835
1721174400,14.209,14.503,14.188,14.306,78116.289173
1721188800,14.306,14.412,14.263,14.372,37709.886181
1721203200,14.378,14.483,14.212,14.318,74149.475481
1721217600,14.322,14.474,14.125,14.131,94311.187311
1721232000,14.125,14.152,13.786,13.963,69888.375432
1721246400,13.974,13.994,13.726,13.734,43792.640692
1721260800,13.74,14.007,13.74,13.876,44203.092618
1721275200,13.882,13.972,13.716,13.83,32380.187829
1721289600,13.838,13.898,13.636,13.803,54768.044046
1721304000,13.804,13.963,13.528,13.533,84820.181975
1721318400,13.533,13.692,13.416,13.556,60958.344151
1721332800,13.555,13.672,13.51,13.594,24301.320614
1721347200,13.595,13.669,13.343,13.643,47950.847806
1721361600,13.651,13.743,13.494,13.57,50280.491492
1721376000,13.565,13.651,13.369,13.432,72574.066641
1721390400,13.431,13.899,13.402,13.879,104804.809312
1721404800,13.88,14.141,13.878,14.135,96229.527314
1721419200,14.129,14.139,13.996,14.076,52381.32867
1721433600,14.077,14.106,13.862,14.035,45719.845618
1721448000,14.035,14.224,14.006,14.11,45086.330012
1721462400,14.105,14.146,13.901,13.909,29512.049777
1721476800,13.91,14.103,13.846,14.094,25026.05873
1721491200,14.09,14.291,14.036,14.216,99226.126102
1721505600,14.214,14.331,14.185,14.249,44155.659068
1721520000,14.247,14.337,14.148,14.168,41467.14014
1721534400,14.167,14.199,13.944,13.974,30881.665646
1721548800,13.975,14.36,13.974,14.208,66152.400242
1721563200,14.21,14.717,14.17,14.451,184408.745004
1721577600,14.445,14.777,13.978,14.529,184306.049785
1721592000,14.531,15.008,14.502,14.816,137655.34327
1721606400,14.817,14.88,14.45,14.48,69107.372457
1721620800,14.481,14.557,14.212,14.283,82261.380871
1721635200,14.29,14.388,14.176,14.371,106213.415917
1721649600,14.366,14.395,14.041,14.148,103009.72593
1721664000,14.15,14.228,14.053,14.208,62975.539864
1721678400,14.208,14.216,13.781,13.936,96559.416502
1721692800,13.932,14.159,13.917,14.047,62735.790422
1721707200,14.048,14.055,13.68,13.87,69103.045423
1721721600,13.873,14.128,13.858,13.979,58001.853752
1721736000,13.978,13.99,13.645,13.805,121432.311459
1721750400,13.808,13.939,13.489,13.901,112580.560155
1721764800,13.899,14.012,13.794,13.905,46399.794392
1721779200,13.902,13.926,13.778,13.862,46989.842975
1721793600,13.86,13.87,13.691,13.855,88966.801438
1721808000,13.856,13.889,13.74,13.868,82906.130577
1721822400,13.863,13.956,13.722,13.734,93246.073844
1721836800,13.735,13.878,13.567,13.57,62280.231702
1721851200,13.58,13.634,13.253,13.404,117737.894578
1721865600,13.403,13.447,12.813,12.969,243777.513357
1721880000,12.964,13.149,12.901,13.024,62466.468752
1721894400,13.023,13.068,12.882,12.946,50921.48918
1721908800,12.95,13.025,12.712,12.831,87846.659924
1721923200,12.834,12.911,12.503,12.624,116475.723106
1721937600,12.625,12.978,12.47,12.938,110833.581641
1721952000,12.934,13.318,12.917,13.231,220530.086395
1721966400,13.235,13.505,13.22,13.405,77139.485251
1721980800,13.397,13.47,13.272,13.328,60397.492366
1721995200,13.328,13.566,13.267,13.517,139538.656034
1722009600,13.518,13.637,13.481,13.571,56548.340394
1722024000,13.573,13.582,13.475,13.53,24093.523132
1722038400,13.529,13.605,13.41,13.538,85249.328661
1722052800,13.538,13.685,13.536,13.646,32375.764383
1722067200,13.642,13.698,13.569,13.643,57810.665242
1722081600,13.643,13.873,13.531,13.622,66493.591636
1722096000,13.624,13.66,13.368,13.522,57754.277963
1722110400,13.521,13.737,13.262,13.55,127723.635246
1722124800,13.55,13.59,13.427,13.446,38695.601902
1722139200,13.444,13.493,13.299,13.451,39460.568347
1722153600,13.448,13.633,13.393,13.585,30736.407611
1722168000,13.597,13.644,13.4,13.428,18842.552656
1722182400,13.425,13.5,13.343,13.343,45531.140744
1722196800,13.343,13.355,13.191,13.306,19296.333513
1722211200,13.304,13.795,13.302,13.708,102181.70705
1722225600,13.707,13.895,13.663,13.889,76536.368947
1722240000,13.89,13.902,13.771,13.831,53083.63669
1722254400,13.83,13.849,13.472,13.557,150767.424216
1722268800,13.547,13.647,13.378,13.588,101402.382905
1722283200,13.598,13.679,13.497,13.53,33074.119286
1722297600,13.529,13.775,13.41,13.764,82211.964003
1722312000,13.758,13.792,13.611,13.695,37634.268137
1722326400,13.694,13.721,13.49,13.531,48182.714469
1722340800,13.526,13.675,13.43,13.551,56644.849049
1722355200,13.548,13.57,13.074,13.138,88770.912134
1722369600,13.145,13.249,12.98,13.134,94217.69662
1722384000,13.135,13.321,13.079,13.261,68374.536205
1722398400,13.256,13.417,13.097,13.304,106240.764909
1722412800,13.312,13.313,13.1,13.147,73418.596752
1722427200,13.146,13.267,13.056,13.08,53657.723403
1722441600,13.081,13.153,12.809,12.915,90461.720354
1722456000,12.903,12.987,12.77,12.834,58625.489016
1722470400,12.828,12.941,12.775,12.808,63674.25882
1722484800,12.813,12.894,12.632,12.826,59070.197091
1722499200,12.818,13.053,12.818,13.032,34133.553695
1722513600,13.03,13.097,12.5,12.514,148036.79298
1722528000,12.51,12.531,12.125,12.423,138682.421436
1722542400,12.417,12.964,12.327,12.891,90330.080847
1722556800,12.883,12.952,12.574,12.779,58069.403361
1722571200,12.778,12.807,12.396,12.493,62328.296091
1722585600,12.494,12.601,12.397,12.519,57960.188357
1722600000,12.518,12.676,11.795,12.097,268915.765215
1722614400,12.092,12.107,11.766,11.912,108063.633454
1722628800,11.914,12.055,11.791,11.92,102861.318003
1722643200,11.918,11.973,11.605,11.962,140196.651314
1722657600,11.959,12.091,11.934,12.054,37379.896627
1722672000,12.052,12.111,11.956,12.038,36351.998461
1722686400,12.039,12.135,11.788,11.82,141996.606191
1722700800,11.812,11.849,11.378,11.392,207750.542099
1722715200,11.396,11.772,11.342,11.683,92129.96412
1722729600,11.686,11.789,11.58,11.736,43462.888957
1722744000,11.736,11.784,11.562,11.572,37103.079182
1722758400,11.573,11.667,11.505,11.564,51379.597722
1722772800,11.57,11.639,11.005,11.028,156212.50215
1722787200,11.029,11.131,10.48,11.072,345316.162647
1722801600,11.073,11.208,10.785,10.887,201090.739444
1722816000,10.888,10.975,9.039,9.314,1649421.550992
1722830400,9.315,9.429,8.056,9.051,1422128.394283
1722844800,9.052,9.079,8.12,8.472,529275.235063
1722859200,8.472,9.54,8.11,9.439,898751.384128
1722873600,9.44,9.785,9.17,9.314,376005.243563
1722888000,9.315,9.693,9.315,9.486,196731.013524
1722902400,9.483,10.179,9.473,9.945,304901.785583
1722916800,9.941,10.15,9.886,10.113,145194.490038
1722931200,10.112,10.114,9.816,9.986,245174.138635
1722945600,9.987,10.422,9.769,10.38,365430.785348
1722960000,10.371,10.456,10.09,10.11,247333.892214
1722974400,10.11,10.27,10.01,10.066,112818.585262
1722988800,10.062,10.42,9.955,10.314,137877.166911
1723003200,10.317,10.48,10.256,10.333,105329.679533
1723017600,10.329,10.456,10.124,10.129,82174.419696
1723032000,10.137,10.224,9.647,9.813,210079.180257
1723046400,9.81,9.829,9.513,9.602,146644.761176
1723060800,9.6,9.697,9.421,9.494,139249.016366
1723075200,9.495,10.054,9.346,9.959,178786.320468
1723089600,9.961,10.062,9.903,9.916,72638.70814
1723104000,9.916,10.076,9.891,10.026,57095.569156
1723118400,10.027,10.312,9.915,10.198,160583.102857
1723132800,10.2,10.454,10.186,10.325,92443.409553
1723147200,10.322,10.838,10.302,10.746,173229.24126
1723161600,10.746,10.746,10.549,10.598,84850.133082
1723176000,10.6,10.615,10.422,10.553,52246.434216
1723190400,10.558,10.609,10.37,10.435,69243.576784
1723204800,10.43,10.524,10.165,10.18,101618.427414
1723219200,10.177,10.462,10.155,10.441,57037.537395
1723233600,10.438,10.553,10.355,10.533,69616.92607
1723248000,10.533,10.674,10.479,10.55,105153.385666
1723262400,10.548,10.674,10.47,10.63,40999.290545
1723276800,10.63,10.701,10.567,10.674,50994.223355
1723291200,10.672,10.685,10.541,10.576,70818.189234
1723305600,10.576,10.622,10.533,10.586,55784.897355
1723320000,10.587,10.615,10.512,10.556,26099.858892
1723334400,10.557,10.743,10.532,10.666,47361.557544
1723348800,10.668,10.741,10.596,10.739,52838.175204
1723363200,10.739,10.841,10.539,10.578,63020.087736
1723377600,10.575,10.599,10.323,10.401,80710.317855
1723392000,10.392,10.466,10.201,10.208,95912.940852
1723406400,10.207,10.209,9.94,9.998,83483.170183
1723420800,9.998,10.12,9.943,10.074,68551.388313
1723435200,10.075,10.268,9.943,10.245,67458.332908
1723449600,10.236,10.683,10.208,10.644,78382.53477
1723464000,10.645,10.752,10.148,10.593,199139.453905
1723478400,10.591,10.646,10.259,10.373,84711.31706
1723492800,10.374,10.617,10.327,10.55,105243.692557
1723507200,10.55,10.588,10.292,10.315,67644.828444
1723521600,10.317,10.392,10.259,10.274,45706.843718
1723536000,10.275,10.305,10.093,10.223,50638.249958
1723550400,10.233,10.478,10.198,10.313,120954.755351
1723564800,10.307,10.669,10.301,10.6,96171.658387
1723579200,10.595,10.687,10.541,10.58,63553.829868
1723593600,10.57,10.655,10.515,10.588,44438.284627
1723608000,10.585,10.698,10.559,10.62,41310.117562
1723622400,10.623,10.702,10.532,10.602,58095.657309
1723636800,10.601,10.739,10.201,10.466,168413.699985
1723651200,10.463,10.483,10.314,10.378,37628.115994
1723665600,10.39,10.431,10.275,10.394,38669.003294
1723680000,10.391,10.472,10.353,10.462,56981.084714
1723694400,10.469,10.5,10.267,10.349,56576.521437
1723708800,10.34,10.471,10.315,10.443,44308.968506
1723723200,10.45,10.693,10.414,10.637,92587.073403
1723737600,10.635,10.686,10.009,10.074,184189.793134
1723752000,10.077,10.207,9.982,10.165,68995.371639
1723766400,10.171,10.306,10.084,10.177,67109.882011
1723780800,10.177,10.398,10.153,10.317,47017.258392
1723795200,10.32,10.346,10.161,10.188,49249.829112
1723809600,10.189,10.276,9.911,10.028,174060.343746
1723824000,10.022,10.242,9.964,10.21,149182.164757
1723838400,10.214,10.262,10.122,10.128,37590.760368
1723852800,10.123,10.164,10.042,10.1,30962.111684
1723867200,10.1,10.11,10.044,10.09,18207.463646
1723881600,10.086,10.138,10.027,10.067,24266.217243
1723896000,10.065,10.173,10.051,10.092,40379.943823
1723910400,10.095,10.173,10.073,10.127,19058.113342
1723924800,10.133,10.166,10.092,10.158,11162.028781
1723939200,10.157,10.226,10.074,10.086,39641.479616
1723953600,10.082,10.11,10.058,10.077,17220.471215
1723968000,10.074,10.252,10.066,10.228,33389.826429
1723982400,10.23,10.441,10.199,10.388,84505.813591
1723996800,10.39,10.471,10.28,10.352,78286.737459
1724011200,10.356,10.378,10.069,10.08,26467.337243
1724025600,10.081,10.198,10.018,10.177,43037.357262
1724040000,10.169,10.178,10.08,10.107,33449.859967
1724054400,10.101,10.162,9.949,10.047,52907.045714
1724068800,10.041,10.125,9.944,10.043,45024.415856
1724083200,10.033,10.183,9.949,10.089,53603.838141
1724097600,10.091,10.196,10.066,10.185,36423.785338
1724112000,10.182,10.419,10.161,10.419,68793.84166
1724126400,10.419,10.554,10.384,10.499,75754.215929
1724140800,10.51,10.521,10.378,10.403,40673.499409
1724155200,10.4,10.467,10.038,10.119,68805.165037
1724169600,10.11,10.29,10.086,10.264,22869.468062
1724184000,10.264,10.317,10.181,10.239,47987.049357
1724198400,10.242,10.404,10.205,10.372,33536.425801
1724212800,10.377,10.455,10.334,10.419,36533.696789
1724227200,10.422,10.455,10.257,10.286,58902.86839
1724241600,10.293,10.455,10.142,10.409,96556.927157
1724256000,10.407,11.142,10.375,11.119,147870.663825
1724270400,11.13,11.402,11.084,11.21,181384.442609
1724284800,11.214,11.398,11.139,11.397,107670.48609
1724299200,11.392,11.426,11.264,11.335,50406.65931
1724313600,11.34,11.393,11.263,11.32,38021.777156
1724328000,11.32,11.562,11.276,11.463,97389.148371
1724342400,11.46,11.616,11.314,11.318,102899.973297
1724356800,11.319,11.478,11.317,11.475,37353.190014
1724371200,11.476,11.603,11.457,11.554,60782.519046
1724385600,11.556,11.684,11.527,11.647,83539.204577
1724400000,11.647,11.731,11.507,11.513,67903.73199
1724414400,11.532,11.823,11.453,11.675,99367.079574
1724428800,11.673,11.998,11.629,11.955,112217.193354
1724443200,11.95,12.208,11.942,12.053,55707.838702
1724457600,12.054,12.085,11.954,11.963,41284.217217
1724472000,11.967,12.026,11.905,11.964,34071.795905
1724486400,11.959,12.163,11.938,12.053,52527.530804
1724500800,12.057,12.245,12.034,12.238,42122.356729
1724515200,12.23,12.56,12.181,12.417,74312.131459
1724529600,12.42,12.524,12.176,12.341,59874.757185
1724544000,12.34,12.382,11.998,12.14,72158.481338
1724558400,12.134,12.203,11.947,12.055,40515.448102
1724572800,12.05,12.176,11.99,12.091,24066.651323
1724587200,12.107,12.318,12.085,12.2,79466.9581
1724601600,12.201,12.294,12.085,12.122,31682.093488
1724616000,12.127,12.311,12.081,12.102,39860.154564
1724630400,12.105,12.185,11.95,12.11,36676.186228
1724644800,12.116,12.443,12.105,12.38,78235.059134
1724659200,12.38,12.7,12.271,12.35,137081.224685
1724673600,12.341,12.372,12.081,12.193,75940.368741
1724688000,12.191,12.252,11.92,11.985,111353.08584
1724702400,11.985,12.075,11.838,11.838,44402.984326
1724716800,11.84,11.958,11.812,11.878,41837.473665
1724731200,11.877,12.052,11.762,11.825,48362.088327
1724745600,11.835,11.862,11.608,11.626,46027.106233
1724760000,11.63,11.692,11.484,11.519,98947.354697
1724774400,11.518,11.702,11.468,11.629,78045.935156
1724788800,11.62,11.62,10.9,11.157,125287.41695
1724803200,11.15,11.201,10.991,11.192,49741.358736
1724817600,11.197,11.215,10.97,10.98,35143.944223
1724832000,10.978,11.547,10.936,11.498,67868.359282
1724846400,11.513,11.704,11.209,11.308,63536.552778
1724860800,11.303,11.48,11.035,11.222,82560.875035
1724875200,11.223,11.426,11.112,11.175,54452.243703
1724889600,11.171,11.243,11.124,11.217,21688.166038
1724904000,11.22,11.309,11.151,11.234,18011.490144
1724918400,11.233,11.325,11.159,11.25,25222.306893
1724932800,11.253,11.462,11.235,11.342,36533.701955
1724947200,11.337,11.372,10.844,10.956,65215.98119
1724961600,10.949,11.006,10.811,10.941,39530.177567
1724976000,10.941,11.027,10.895,11.024,55200.966476
1724990400,11.012,11.14,10.955,11.105,28027.197833
1725004800,11.109,11.198,11.024,11.037,30058.688355
1725019200,11.031,11.17,10.509,10.54,217803.765544
1725033600,10.54,11.105,10.5,10.994,127106.107389
1725048000,11.001,11.138,10.967,11.111,25323.074368
1725062400,11.114,11.179,11.073,11.119,20697.005284
1725076800,11.119,11.176,11.097,11.123,12068.056004
1725091200,11.122,11.194,11.033,11.146,17350.853957
1725105600,11.148,11.206,11.033,11.076,15406.101863
1725120000,11.09,11.11,10.934,11.02,20364.374073
1725134400,11.02,11.101,10.994,11.015,11029.115976
1725148800,11.014,11.018,10.837,10.943,22424.937585
1725163200,10.943,10.972,10.783,10.88,22677.503679
1725177600,10.88,10.9,10.709,10.803,19213.854376
1725192000,10.806,10.812,10.524,10.694,44408.713682
1725206400,10.697,10.771,10.523,10.701,28343.067137
1725220800,10.701,10.771,10.228,10.366,121416.140341
1725235200,10.36,10.506,10.321,10.474,37730.931612
1725249600,10.48,10.521,10.338,10.377,26589.810424
1725264000,10.386,10.789,10.386,10.74,43508.370907
1725278400,10.74,10.792,10.593,10.65,33660.156311
1725292800,10.653,10.712,10.559,10.663,36913.894528
1725307200,10.67,10.834,10.638,10.763,26877.257956
1725321600,10.764,10.875,10.697,10.697,26051.120013
1725336000,10.709,10.728,10.613,10.703,32282.665338
1725350400,10.692,10.7,10.542,10.668,27458.762612
1725364800,10.661,10.737,10.277,10.303,48414.110635
1725379200,10.296,10.512,10.213,10.493,92154.156854
1725393600,10.493,10.515,10.295,10.311,35173.801441
1725408000,10.317,10.391,9.816,10.246,89957.217768
1725422400,10.248,10.41,10.177,10.26,58977.961182
1725436800,10.262,10.293,10.089,10.12,35143.806384
1725451200,10.122,10.405,10.058,10.393,79143.171403
1725465600,10.395,10.497,10.271,10.33,64504.590731
1725480000,10.324,10.435,10.283,10.335,19781.328952
1725494400,10.334,10.399,10.147,10.16,36097.720693
1725508800,10.16,10.302,10.115,10.268,18642.768827
1725523200,10.271,10.287,10.148,10.17,12383.077284
1725537600,10.176,10.247,9.943,10.001,170754.212597
1725552000,9.998,10.107,9.908,9.95,41833.146436
1725566400,9.954,10.039,9.941,10.019,38243.84314
1725580800,10.03,10.179,9.956,10.102,33647.388511
1725595200,10.104,10.115,9.81,9.92,136101.167749
1725609600,9.925,9.984,9.888,9.907,18465.979897
1725624000,9.908,10.095,9.579,9.69,223149.290852
1725638400,9.68,9.687,9.458,9.516,117554.502178
1725652800,9.511,9.589,9.282,9.573,232384.620316
1725667200,9.571,9.69,9.562,9.654,25319.650406
1725681600,9.657,10.026,9.655,9.945,88034.928771
1725696000,9.943,10.017,9.87,9.99,34903.420761
1725710400,9.997,10.159,9.99,10.128,33927.142817
1725724800,10.129,10.129,9.992,10.057,39371.255312
1725739200,10.055,10.055,9.933,10.027,22894.632268
1725753600,10.03,10.145,9.97,10.142,19085.723786
1725768000,10.143,10.313,10.143,10.279,29084.063152
1725782400,10.283,10.374,10.248,10.271,70615.940099
1725796800,10.276,10.304,10.167,10.167,30117.481798
1725811200,10.173,10.294,10.123,10.224,71948.414981
1725825600,10.23,10.457,10.21,10.349,34011.560971
1725840000,10.349,10.453,10.274,10.358,31957.934618
1725854400,10.357,10.687,10.285,10.62,93290.73557
1725868800,10.632,10.824,10.496,10.518,101536.767182
1725883200,10.517,10.525,10.295,10.388,56888.581359
1725897600,10.388,10.624,10.388,10.622,77273.21461
1725912000,10.619,10.741,10.524,10.542,60816.196574
1725926400,10.539,10.547,10.352,10.361,53801.124564
1725940800,10.357,10.558,10.335,10.528,53103.134028
1725955200,10.527,10.576,10.424,10.547,35282.543129
1725969600,10.545,10.585,10.407,10.463,26831.781868
1725984000,10.462,10.742,10.45,10.657,72803.498636
1725998400,10.667,10.677,10.564,10.589,28489.307919
1726012800,10.592,10.593,10.355,10.439,55407.24683
1726027200,10.437,10.482,10.308,10.48,26842.122338
1726041600,10.478,10.492,10.299,10.356,56915.528376
1726056000,10.356,10.506,10.169,10.35,149595.240705
1726070400,10.343,10.498,10.335,10.45,51884.768075
1726084800,10.448,10.461,10.388,10.397,21896.807162
1726099200,10.393,10.612,10.389,10.523,61260.259818
1726113600,10.524,10.613,10.506,10.575,52256.980562
1726128000,10.568,10.66,10.559,10.637,31316.674991
1726142400,10.644,10.712,10.529,10.542,87383.358495
1726156800,10.541,10.768,10.537,10.737,42447.787073
1726171200,10.737,10.804,10.663,10.782,54478.443783
1726185600,10.786,10.865,10.733,10.737,32165.451197
1726200000,10.733,10.762,10.643,10.699,30145.075908
1726214400,10.7,11.011,10.686,10.93,89568.688075
1726228800,10.931,11.351,10.925,11.304,241119.18877
1726243200,11.299,11.402,11.252,11.357,64872.312184
1726257600,11.357,11.564,11.347,11.444,55317.455185
1726272000,11.446,11.477,11.391,11.405,31157.861623
1726286400,11.405,11.408,11.321,11.395,31460.957036
1726300800,11.394,11.432,11.229,11.262,61343.912902
1726315200,11.26,11.376,11.247,11.372,23765.090709
1726329600,11.366,11.414,11.209,11.291,48085.028304
1726344000,11.296,11.346,11.265,11.292,24744.046031
1726358400,11.297,11.361,11.28,11.316,19587.637783
1726372800,11.316,11.339,11.256,11.267,13152.200794
1726387200,11.266,11.266,11.143,11.164,25360.460101
1726401600,11.165,11.279,11.129,11.228,24364.310549
1726416000,11.218,11.218,11.076,11.089,32093.815322
1726430400,11.093,11.093,10.793,10.809,44202.190559
1726444800,10.807,10.808,10.487,10.655,89702.005776
1726459200,10.65,10.741,10.597,10.727,35071.528626
1726473600,10.722,10.832,10.59,10.676,39509.358749
1726488000,10.664,10.687,10.451,10.557,63933.742188
1726502400,10.556,10.572,10.418,10.533,59685.23475
1726516800,10.531,10.588,10.435,10.545,36432.13833
1726531200,10.544,10.577,10.438,10.513,47295.018911
1726545600,10.516,10.651,10.515,10.609,41270.160232
1726560000,10.608,10.694,10.586,10.6,30116.133513
1726574400,10.594,10.914,10.512,10.85,121557.133845
1726588800,10.866,10.873,10.581,10.665,95199.336773
1726603200,10.677,10.736,10.566,10.624,46432.275637
1726617600,10.621,10.674,10.512,10.649,43455.172566
1726632000,10.64,10.654,10.545,10.596,32152.695761
1726646400,10.596,10.597,10.338,10.444,71218.718556
1726660800,10.441,10.505,10.289,10.321,62518.174091
1726675200,10.322,10.744,10.293,10.563,114016.040673
1726689600,10.566,10.895,10.442,10.89,56417.722109
1726704000,10.897,11.14,10.897,11.008,108071.67857
1726718400,11.01,11.155,10.962,11.153,64469.731615
1726732800,11.156,11.276,11.114,11.264,50327.338831
1726747200,11.269,11.346,11.175,11.221,109077.021308
1726761600,11.221,11.398,11.219,11.23,53958.494148
1726776000,11.23,11.267,11.178,11.204,38544.318368
1726790400,11.209,11.431,11.123,11.431,48185.179099
1726804800,11.429,11.723,11.422,11.687,190033.623548
1726819200,11.697,11.733,11.555,11.604,40104.733915
1726833600,11.603,11.691,11.444,11.53,103371.713439
1726848000,11.535,11.55,11.364,11.43,44730.470513
1726862400,11.436,11.498,11.395,11.428,29121.625425
1726876800,11.432,11.49,11.262,11.274,60518.382923
1726891200,11.273,11.368,11.21,11.357,29919.743804
1726905600,11.356,11.388,11.305,11.344,23016.41506
1726920000,11.344,11.482,11.324,11.389,55267.212044
1726934400,11.393,11.437,11.326,11.353,34546.96389
1726948800,11.361,11.549,11.333,11.495,48465.814883
1726963200,11.494,11.549,11.308,11.374,55213.779963
1726977600,11.378,11.424,11.276,11.306,38057.429687
1726992000,11.307,11.33,11.153,11.225,37679.521263
1727006400,11.227,11.258,11.025,11.039,32913.568007
1727020800,11.032,11.162,10.945,11.067,43207.968654
1727035200,11.068,11.212,10.845,11.129,72863.514753
1727049600,11.129,11.49,10.913,11.416,81503.752842
1727064000,11.434,11.478,11.282,11.31,48369.958381
1727078400,11.317,11.477,11.285,11.434,51636.115573
1727092800,11.437,11.586,11.333,11.505,82914.853192
1727107200,11.506,11.61,11.373,11.43,37615.380543
1727121600,11.433,11.474,11.358,11.395,40917.502137
1727136000,11.398,11.426,11.204,11.3,55674.531848
1727150400,11.3,11.49,11.213,11.474,42312.861627
1727164800,11.475,11.544,11.437,11.506,61994.82835
1727179200,11.507,11.629,11.326,11.507,115853.779794
1727193600,11.518,11.873,11.474,11.86,82927.117015
1727208000,11.851,12.229,11.823,12.148,125860.80799
1727222400,12.152,12.292,12.1,12.285,113763.107275
1727236800,12.284,12.288,12.076,12.183,63763.175262
1727251200,12.19,12.369,12.184,12.313,79563.924218
1727265600,12.311,12.497,12.263,12.367,113217.686516
1727280000,12.367,12.554,12.127,12.133,111710.044573
1727294400,12.134,12.25,12.062,12.109,35257.296519
1727308800,12.112,12.148,11.873,12.07,62063.395342
1727323200,12.07,12.28,12.0,12.25,89462.092993
1727337600,12.252,12.344,12.128,12.293,54810.381448
1727352000,12.297,12.644,12.208,12.595,139175.082657
1727366400,12.596,12.745,12.511,12.622,95859.149553
1727380800,12.622,12.666,12.431,12.56,55893.819172
1727395200,12.556,12.644,12.45,12.624,46102.310849
1727409600,12.623,12.853,12.621,12.752,121169.92466
1727424000,12.74,12.842,12.581,12.731,77269.001825
1727438400,12.728,12.823,12.622,12.717,84467.076517
1727452800,12.717,12.886,12.624,12.684,65910.351858
1727467200,12.686,12.756,12.604,12.667,31598.728991
1727481600,12.662,12.874,12.657,12.749,85853.451618
1727496000,12.75,12.801,12.56,12.575,66407.389221
1727510400,12.571,12.709,12.364,12.691,83453.454647
1727524800,12.694,12.936,12.588,12.828,57957.591353
1727539200,12.834,12.973,12.733,12.926,48069.819676
1727553600,12.92,12.976,12.723,12.938,39991.133626
1727568000,12.946,12.975,12.679,12.746,39760.318107
1727582400,12.748,12.76,12.52,12.535,40958.224869
1727596800,12.53,12.64,12.492,12.606,42311.50857
1727611200,12.613,12.627,12.475,12.6,33988.331232
1727625600,12.593,12.692,12.508,12.675,31957.313045
1727640000,12.669,12.729,12.439,12.462,43084.601839
1727654400,12.47,12.476,12.131,12.267,61737.418116
1727668800,12.264,12.35,12.186,12.279,40128.844687
1727683200,12.276,12.285,11.994,12.085,75087.003368
1727697600,12.085,12.192,11.921,11.932,53742.476398
1727712000,11.932,12.012,11.895,11.97,51970.66582
1727726400,11.972,12.05,11.755,11.852,58153.927185
1727740800,11.852,12.141,11.789,12.106,33725.600276
1727755200,12.112,12.257,12.09,12.213,24956.041407
1727769600,12.217,12.24,12.134,12.154,23284.508603
1727784000,12.154,12.17,11.168,11.438,207350.296937
1727798400,11.428,11.477,10.832,11.049,214556.862817
1727812800,11.05,11.101,10.889,11.017,71480.550641
1727827200,11.01,11.248,10.969,11.215,84925.563639
1727841600,11.212,11.309,11.13,11.243,35880.164252
1727856000,11.24,11.261,10.983,11.078,72966.168519
1727870400,11.066,11.078,10.782,10.929,139002.208765
1727884800,10.92,11.049,10.453,10.6,163229.095809
1727899200,10.598,10.681,10.457,10.655,53557.241667
1727913600,10.655,10.846,10.589,10.841,88533.076295
1727928000,10.841,10.868,10.611,10.637,49124.323567
1727942400,10.64,10.68,10.339,10.532,125157.012463
1727956800,10.533,10.641,10.343,10.536,97532.349957
1727971200,10.534,10.655,10.379,10.652,108018.453318
1727985600,10.651,10.689,10.544,10.656,29492.406386
1728000000,10.66,10.799,10.593,10.742,40264.067286
1728014400,10.742,10.99,10.738,10.971,64908.219339
1728028800,10.968,11.066,10.924,10.986,42125.860035
1728043200,10.984,11.171,10.891,11.168,104443.802605
1728057600,11.169,11.251,11.072,11.14,35102.562434
1728072000,11.143,11.143,11.034,11.075,22901.95805
1728086400,11.075,11.152,10.984,11.042,22165.066468
1728100800,11.051,11.24,11.049,11.216,22526.540033
1728115200,11.22,11.38,11.22,11.307,22831.016656
1728129600,11.308,11.373,11.24,11.356,23521.15003
1728144000,11.353,11.361,11.129,11.158,47521.983565
1728158400,11.157,11.276,11.078,11.265,34812.030898
1728172800,11.267,11.318,11.19,11.26,24296.916303
1728187200,11.266,11.4,11.235,11.328,30628.61557
1728201600,11.327,11.341,11.222,11.26,19048.983124
1728216000,11.262,11.381,11.192,11.301,46203.772379
1728230400,11.301,11.362,11.196,11.202,36254.953699
1728244800,11.203,11.317,11.159,11.278,42467.319149
1728259200,11.279,11.615,11.227,11.609,84029.949295
1728273600,11.61,11.674,11.53,11.54,44386.558196
1728288000,11.55,11.604,11.245,11.433,62860.000507
1728302400,11.433,11.756,11.336,11.521,100929.321542
1728316800,11.52,11.599,11.207,11.35,63038.145124
1728331200,11.356,11.376,11.122,11.159,49951.912299
1728345600,11.162,11.291,11.15,11.213,24787.325315
1728360000,11.214,11.248,10.968,11.028,49065.539347
1728374400,11.026,11.181,10.984,11.176,44822.197351
1728388800,11.174,11.193,10.864,10.935,70727.519838
1728403200,10.932,11.047,10.822,10.9,31716.554273
1728417600,10.898,10.979,10.782,10.83,27527.784272
1728432000,10.83,10.971,10.76,10.867,25278.265497
1728446400,10.861,10.923,10.761,10.783,25659.816965
1728460800,10.782,10.807,10.666,10.676,31124.385644
1728475200,10.675,10.749,10.558,10.71,58877.500167
1728489600,10.715,10.721,10.548,10.604,36541.762342
1728504000,10.6,10.6,10.411,10.539,80182.080515
1728518400,10.539,10.646,10.503,10.633,29536.532184
1728532800,10.63,10.744,10.626,10.632,60705.298115
1728547200,10.634,10.672,10.51,10.655,42370.234186
1728561600,10.656,10.666,10.393,10.631,68559.401165
1728576000,10.632,10.671,10.254,10.47,62820.096621
1728590400,10.46,10.564,10.415,10.56,102632.582674
1728604800,10.556,10.655,10.507,10.624,19534.361154
1728619200,10.628,10.691,10.594,10.657,22872.15103
1728633600,10.658,10.741,10.654,10.683,27895.433392
1728648000,10.686,10.89,10.616,10.862,168084.933078
1728662400,10.86,10.996,10.83,10.955,38356.612355
1728676800,10.956,11.026,10.883,10.898,19753.305881
1728691200,10.903,11.021,10.834,10.872,28805.700915
1728705600,10.876,10.984,10.876,10.984,24293.134482
1728720000,10.98,11.132,10.97,11.06,37384.402181
1728734400,11.057,11.149,11.031,11.085,34038.708624
1728748800,11.086,11.147,10.993,11.028,17029.894028
1728763200,11.025,11.101,10.997,11.0,20750.40415
1728777600,11.0,11.043,10.935,10.942,30941.784688
1728792000,10.944,11.08,10.942,10.977,21581.664812
1728806400,10.977,11.04,10.88,10.889,31326.878543
1728820800,10.887,10.96,10.637,10.686,39208.611105
1728835200,10.688,10.771,10.626,10.717,21165.878629
1728849600,10.717,10.837,10.69,10.752,22103.502575
1728864000,10.75,11.047,10.607,11.02,136266.637311
1728878400,11.021,11.052,10.85,11.026,58648.923242
1728892800,11.027,11.06,10.898,11.009,46848.258032
1728907200,11.012,11.284,10.975,11.261,82967.741522
1728921600,11.263,11.332,11.179,11.23,91999.441866
1728936000,11.23,11.342,11.19,11.284,60599.059319
1728950400,11.285,11.533,11.256,11.465,118091.873389
1728964800,11.465,11.585,11.352,11.489,89808.077171
1728979200,11.493,11.598,11.33,11.369,126198.207233
1728993600,11.37,11.695,10.936,11.136,268664.297369
1729008000,11.144,11.43,11.115,11.293,77044.648479
1729022400,11.299,11.46,11.117,11.459,61501.623579
1729036800,11.461,11.474,11.259,11.295,69271.292241
1729051200,11.294,11.351,11.154,11.179,44804.092276
1729065600,11.176,11.534,11.168,11.454,98487.169566
1729080000,11.455,11.526,11.106,11.16,141762.540082
1729094400,11.166,11.24,11.069,11.15,62137.65415
1729108800,11.152,11.369,11.146,11.241,65096.183505
1729123200,11.247,11.35,11.183,11.335,49614.518654
1729137600,11.333,11.351,11.085,11.158,32930.013186
1729152000,11.156,11.175,10.929,10.946,49104.02189
1729166400,10.947,11.141,10.914,11.113,68130.707596
1729180800,11.112,11.112,10.848,11.003,46401.739952
1729195200,11.006,11.079,11.0,11.038,23257.938605
1729209600,11.031,11.279,10.982,11.164,74597.359288
1729224000,11.165,11.432,11.153,11.425,56725.058648
1729238400,11.428,11.489,11.352,11.37,53368.116517
1729252800,11.372,11.483,11.31,11.458,73646.863365
1729267200,11.454,11.506,11.338,11.424,47465.130445
1729281600,11.425,11.484,11.372,11.482,19651.060402
1729296000,11.481,11.607,11.478,11.491,66589.915228
1729310400,11.49,11.523,11.383,11.391,33248.184866
1729324800,11.394,11.405,11.299,11.303,31688.42704
1729339200,11.299,11.416,11.299,11.388,23943.606182
1729353600,11.383,11.414,11.301,11.357,8946.316157
1729368000,11.359,11.453,11.342,11.416,14580.935541
1729382400,11.42,11.452,11.281,11.331,18143.757024
1729396800,11.33,11.4,11.295,11.373,12787.737166
1729411200,11.376,11.689,11.376,11.675,47297.121479
1729425600,11.676,11.926,11.592,11.89,116515.772282
1729440000,11.889,12.028,11.825,11.828,59745.679962
1729454400,11.83,12.035,11.812,11.977,37725.396213
1729468800,11.972,12.032,11.784,11.884,45945.573615
1729483200,11.89,12.02,11.842,11.908,38197.521573
1729497600,11.911,11.969,11.722,11.738,67888.540196
1729512000,11.746,11.758,11.543,11.664,79233.730761
1729526400,11.666,11.803,11.566,11.778,33596.259644
1729540800,11.78,11.831,11.693,11.704,16459.541303
1729555200,11.709,11.925,11.59,11.88,72382.032157
1729569600,11.88,12.197,11.833,12.105,72706.99387
1729584000,12.11,12.276,11.875,12.18,142386.434201
1729598400,12.178,12.342,12.039,12.14,127423.044241
1729612800,12.139,12.143,11.93,12.005,65778.753631
1729627200,12.005,12.13,11.948,11.971,46015.540508
1729641600,11.98,12.006,11.728,11.778,65346.68547
1729656000,11.785,11.82,11.606,11.609,41930.518054
1729670400,11.61,11.657,11.367,11.389,49681.565351
1729684800,11.38,11.466,11.247,11.329,84491.687845
1729699200,11.325,11.336,11.011,11.237,102445.853753
1729713600,11.239,11.352,11.201,11.331,63607.433638
1729728000,11.331,11.54,11.283,11.384,50978.443344
1729742400,11.382,11.486,11.275,11.289,39017.248742
1729756800,11.288,11.415,11.225,11.398,61471.611445
1729771200,11.399,11.519,11.389,11.44,61696.184107
1729785600,11.44,11.52,11.364,11.518,31012.189304
1729800000,11.52,11.64,11.489,11.617,39097.546854
1729814400,11.618,12.094,11.61,11.9,141621.681429
1729828800,11.897,11.933,11.653,11.69,76854.514153
1729843200,11.693,11.883,11.574,11.82,103767.067376
1729857600,11.82,12.006,11.744,11.826,103663.09621
1729872000,11.822,11.932,11.345,11.602,130992.756211
1729886400,11.609,11.778,10.797,11.141,155243.895629
1729900800,11.136,11.395,10.962,11.341,123746.543284
1729915200,11.332,11.39,11.083,11.09,80703.438468
1729929600,11.093,11.223,11.067,11.095,77629.329677
1729944000,11.09,11.13,10.815,10.858,107493.621492
1729958400,10.852,11.033,10.821,10.976,60435.675512
1729972800,10.976,11.104,10.97,11.01,28680.502501
1729987200,11.009,11.063,10.897,11.055,28697.7292
1730001600,11.05,11.058,10.923,10.94,15856.17756
1730016000,10.941,10.983,10.845,10.893,43510.782044
1730030400,10.89,11.123,10.874,11.11,33840.449189
1730044800,11.11,11.176,10.892,10.969,35717.4958
1730059200,10.97,11.115,10.936,10.983,37061.897423
1730073600,10.984,11.02,10.769,10.783,64706.870404
1730088000,10.771,11.033,10.707,10.979,71960.970942
1730102400,10.981,11.166,10.954,11.11,50578.877201
1730116800,11.115,11.19,10.814,10.816,105124.335528
1730131200,10.817,11.076,10.743,11.0,84407.532709
1730145600,11.003,11.26,10.971,11.18,177611.325524
1730160000,11.185,11.484,11.148,11.417,110678.824758
1730174400,11.419,11.534,11.41,11.485,82210.979696
1730188800,11.489,11.58,11.459,11.486,47244.66394
1730203200,11.489,11.558,11.401,11.55,61950.999858
1730217600,11.549,11.74,11.482,11.542,91731.617582
1730232000,11.55,11.805,11.466,11.797,68045.945943
1730246400,11.8,12.014,11.652,11.994,104042.071412
1730260800,11.999,12.153,11.932,11.96,72841.689383
1730275200,11.964,12.123,11.867,11.956,177950.957688
1730289600,11.958,12.381,11.921,12.214,174031.564769
1730304000,12.216,12.308,12.147,12.243,83742.382094
1730318400,12.24,12.452,12.093,12.394,81759.504951
1730332800,12.395,12.461,12.208,12.401,79920.478959
1730347200,12.408,12.409,12.101,12.19,76446.91807
1730361600,12.196,12.196,12.006,12.13,63964.941261
1730376000,12.132,12.167,11.718,11.778,156389.671193
1730390400,11.781,11.787,11.387,11.399,114433.116214
1730404800,11.398,11.54,11.314,11.418,159702.215185
1730419200,11.418,11.501,11.214,11.39,81764.769517
1730433600,11.394,11.507,11.256,11.307,58727.781841
1730448000,11.318,11.395,11.261,11.33,37368.5323
1730462400,11.324,11.725,11.189,11.316,210706.119035
1730476800,11.324,11.581,11.279,11.342,87253.48624
1730491200,11.347,11.393,11.139,11.253,98319.221948
1730505600,11.251,11.4,11.245,11.29,48905.238223
1730520000,11.291,11.322,11.183,11.255,52832.714003
1730534400,11.254,11.274,11.144,11.187,54731.165183
1730548800,11.18,11.225,11.074,11.181,101914.272499
1730563200,11.176,11.272,11.067,11.186,118271.030629
1730577600,11.187,11.27,11.132,11.19,24671.823991
1730592000,11.19,11.232,10.82,10.949,245126.438186
1730606400,10.952,11.058,10.919,10.988,66828.388136
1730620800,10.987,11.047,10.904,10.921,74721.160948
1730635200,10.921,10.958,10.535,10.71,152941.477282
1730649600,10.705,10.78,10.51,10.726,92817.67594
1730664000,10.722,10.846,10.665,10.761,112335.122744
1730678400,10.758,10.909,10.598,10.793,130224.5081
1730692800,10.795,10.868,10.623,10.625,68301.287342
1730707200,10.625,10.718,10.524,10.641,88169.884571
1730721600,10.644,10.722,10.368,10.395,93774.851062
1730736000,10.395,10.443,10.232,10.365,175622.270549
1730750400,10.36,10.378,10.066,10.255,220191.196855
1730764800,10.255,10.422,10.182,10.422,76274.513052
1730779200,10.422,10.522,10.411,10.514,48849.212491
1730793600,10.515,10.626,10.498,10.601,57615.921996
1730808000,10.603,10.9,10.564,10.77,109581.186021
1730822400,10.78,10.952,10.615,10.654,97762.070798
1730836800,10.651,10.909,10.62,10.834,52103.935048
1730851200,10.834,11.772,10.801,11.69,204954.439344
1730865600,11.696,11.955,11.574,11.75,177489.754773
1730880000,11.756,11.896,11.549,11.833,163758.455288
1730894400,11.844,11.897,11.663,11.808,82144.538467
1730908800,11.81,11.977,11.799,11.969,68974.397152
1730923200,11.968,12.311,11.933,12.173,107290.11023
1730937600,12.173,12.707,12.064,12.549,161975.902909
1730952000,12.553,12.567,12.198,12.3,131235.404056
1730966400,12.296,12.398,12.22,12.224,48983.429768
1730980800,12.23,12.452,12.124,12.449,57907.16332
1730995200,12.448,12.581,12.306,12.56,89465.347776
1731009600,12.566,12.678,12.453,12.584,78072.305674
1731024000,12.59,12.82,12.516,12.628,107736.893501
1731038400,12.627,12.861,12.627,12.824,79921.928732
1731052800,12.821,13.012,12.674,12.99,89295.388216
1731067200,12.991,13.407,12.991,13.27,268086.889757
1731081600,13.27,13.587,12.977,13.52,197326.265951
1731096000,13.514,13.75,13.342,13.692,160873.771153
1731110400,13.694,13.694,13.278,13.356,137068.300445
1731124800,13.347,13.735,13.339,13.5,130498.165908
1731139200,13.505,13.648,13.443,13.613,68493.086464
1731153600,13.61,13.636,13.305,13.522,124127.912654
1731168000,13.53,13.67,13.296,13.552,52116.625592
1731182400,13.543,13.84,13.461,13.781,72659.385854
1731196800,13.768,14.06,13.683,13.926,113207.348486
1731211200,13.925,14.6,13.906,14.49,255840.107376
1731225600,14.488,14.633,14.387,14.57,99069.927629
1731240000,14.563,14.759,14.42,14.587,108084.313663
1731254400,14.586,14.848,14.253,14.408,143386.433202
1731268800,14.411,14.504,13.649,14.265,167274.573939
1731283200,14.265,14.553,14.219,14.425,71715.992227
1731297600,14.425,14.43,13.613,13.797,160382.21946
1731312000,13.807,14.179,13.78,14.119,126799.59178
1731326400,14.121,14.463,13.815,14.306,136523.763822
1731340800,14.31,14.76,14.298,14.568,197418.833141
1731355200,14.565,14.935,14.293,14.909,137051.380248
1731369600,14.911,14.919,14.295,14.774,194093.523151
1731384000,14.77,14.916,14.55,14.82,138596.172969
1731398400,14.833,15.342,13.796,14.198,434424.628968
1731412800,14.192,14.33,13.673,13.949,204970.668506
1731427200,13.95,14.238,13.686,14.139,92303.732739
1731441600,14.138,14.289,13.906,13.949,80026.975718
1731456000,13.953,14.111,13.377,13.403,217351.358655
1731470400,13.41,13.635,13.063,13.379,392171.179996
1731484800,13.379,13.581,13.239,13.488,124368.609847
1731499200,13.484,14.378,13.324,14.232,339000.508465
1731513600,14.223,14.346,13.273,13.313,265809.254119
1731528000,13.301,13.542,13.052,13.479,205892.033316
1731542400,13.483,13.522,13.189,13.482,94435.506495
1731556800,13.48,13.829,13.373,13.621,157953.749673
1731571200,13.622,13.654,13.141,13.293,173200.710233
1731585600,13.283,13.548,12.818,12.96,373783.617871
1731600000,12.959,13.37,12.887,13.301,115121.329331
1731614400,13.296,13.361,12.8,12.995,182420.320006
1731628800,12.997,13.175,12.832,13.099,160273.110852
1731643200,13.098,13.299,12.713,13.132,145118.122645
1731657600,13.128,13.551,13.034,13.499,114208.523919
1731672000,13.496,13.656,13.13,13.193,221900.680998
1731686400,13.186,13.552,13.156,13.473,80422.745099
1731700800,13.472,13.895,13.47,13.832,140256.036206
1731715200,13.839,14.264,13.734,14.251,190097.019378
1731729600,14.257,14.308,14.005,14.018,128015.168734
1731744000,14.022,14.459,14.02,14.459,166793.588143
1731758400,14.458,14.537,14.049,14.163,206460.071679
1731772800,14.155,14.792,14.068,14.732,218047.688349
1731787200,14.733,14.783,14.444,14.521,114885.031819
1731801600,14.526,14.894,13.781,14.142,261852.060482
1731816000,14.135,14.538,14.036,14.433,208180.851829
1731830400,14.428,14.546,14.023,14.023,87833.226944
1731844800,14.023,14.213,13.883,13.927,91388.241067
1731859200,13.928,14.107,13.727,13.857,92526.405557
1731873600,13.857,13.93,13.562,13.785,135951.789152
1731888000,13.787,14.369,13.756,14.369,130486.80131
1731902400,14.367,14.876,14.197,14.857,185375.302919
1731916800,14.861,14.935,14.269,14.333,177712.59278
1731931200,14.335,15.195,14.231,15.151,247816.208921
1731945600,15.155,16.0,14.778,14.94,619985.751772
1731960000,14.935,15.422,14.829,15.266,171912.29277
1731974400,15.264,15.425,14.904,15.076,112309.928534
1731988800,15.09,15.115,14.821,14.845,132246.095188
1732003200,14.848,15.008,14.65,15.008,167650.379283
1732017600,15.003,15.147,14.578,14.754,214054.180454
1732032000,14.757,15.033,14.64,14.87,141034.296054
1732046400,14.885,14.98,14.365,14.622,145826.956451
1732060800,14.62,14.689,14.176,14.406,170483.800166
1732075200,14.408,14.638,14.258,14.461,94549.520045
1732089600,14.463,14.936,14.42,14.676,126519.717534
1732104000,14.678,15.323,14.603,14.998,333531.780842
1732118400,15.0,15.005,14.034,14.167,254830.929821
1732132800,14.168,14.546,14.082,14.235,146188.928558
1732147200,14.235,14.453,13.838,14.156,129033.537221
1732161600,14.154,14.675,14.151,14.667,203953.325219
1732176000,14.668,14.733,14.343,14.622,153482.177698
1732190400,14.625,15.375,14.613,14.811,447973.071451
1732204800,14.814,15.169,14.786,14.903,137533.846539
1732219200,14.904,15.018,14.68,14.889,104832.65713
1732233600,14.893,15.165,14.722,15.08,239958.135237
1732248000,15.079,15.43,15.038,15.219,215674.044469
1732262400,15.219,15.364,14.945,15.353,138767.634788
1732276800,15.352,15.558,14.849,15.411,325104.938961
1732291200,15.413,15.806,15.157,15.262,307421.154648
1732305600,15.255,16.58,15.183,16.562,330950.456286
1732320000,16.564,17.08,16.304,16.77,415343.669934
1732334400,16.768,17.033,16.449,16.997,190012.225588
1732348800,16.997,17.23,16.657,17.032,188608.25797
1732363200,17.027,17.924,16.933,17.918,368981.720703
1732377600,17.914,18.39,17.186,17.544,530923.86806
1732392000,17.546,17.783,17.032,17.385,177469.446377
1732406400,17.383,18.344,17.307,18.074,310122.666207
1732420800,18.071,18.157,17.563,17.808,143826.397279
1732435200,17.794,17.863,16.693,16.693,202437.890949
1732449600,16.693,16.884,16.106,16.331,314980.858406
1732464000,16.331,17.134,16.259,17.01,163096.606582
1732478400,16.998,18.094,16.943,17.903,167949.696701
1732492800,17.907,18.218,17.319,17.802,224418.417833
1732507200,17.793,18.41,17.784,18.3,216694.616855
1732521600,18.301,19.056,18.203,18.624,460685.152207
1732536000,18.66,18.85,17.528,18.508,432341.431775
1732550400,18.506,18.774,17.62,17.866,234650.739193
1732564800,17.864,18.194,17.137,17.35,208337.548486
1732579200,17.333,17.838,17.249,17.566,232737.620283
1732593600,17.56,17.672,17.117,17.23,156302.273669
1732608000,17.222,17.232,16.193,16.558,384433.08593
1732622400,16.545,17.492,16.483,16.92,282748.527442
1732636800,16.922,17.422,16.687,17.075,154467.436694
1732651200,17.073,17.491,16.939,17.35,114465.233199
1732665600,17.343,17.594,16.959,17.404,147620.937999
1732680000,17.392,18.256,17.363,18.141,228265.307995
1732694400,18.139,18.512,17.869,18.113,210073.892559
1732708800,18.118,18.285,17.727,18.058,264120.697395
1732723200,18.073,18.282,17.723,18.048,282711.321615
1732737600,18.055,18.992,18.04,18.669,200204.467357
1732752000,18.665,18.695,17.852,18.046,223179.019663
1732766400,18.049,18.25,17.823,17.891,134076.56122
1732780800,17.891,18.09,17.761,18.0,114595.917857
1732795200,18.009,18.086,17.485,17.505,153833.026369
1732809600,17.507,17.969,17.493,17.821,78718.575935
1732824000,17.813,18.076,17.649,17.933,88736.116239
1732838400,17.943,18.114,17.77,17.801,96461.161249
1732852800,17.801,17.837,17.53,17.54,73210.772089
1732867200,17.537,18.195,17.537,18.118,79780.051123
1732881600,18.126,18.393,17.902,18.041,194124.096828
1732896000,18.045,18.141,17.833,18.095,87139.393066
1732910400,18.094,18.406,18.01,18.246,92507.679123
1732924800,18.248,18.535,17.931,18.502,137053.663475
1732939200,18.507,18.7,18.258,18.628,156734.946937
1732953600,18.629,18.733,18.086,18.218,129360.793077
1732968000,18.231,18.969,18.206,18.872,180893.873657
1732982400,18.88,19.358,18.62,19.306,219462.860686
1732996800,19.311,19.443,18.984,19.001,113175.202693
1733011200,19.003,19.103,18.443,18.717,179773.261334
1733025600,18.717,18.95,18.537,18.664,76460.865302
1733040000,18.665,18.818,18.508,18.741,91666.646074
1733054400,18.74,19.004,18.586,18.824,170862.784566
1733068800,18.824,18.953,18.575,18.719,180089.81889
1733083200,18.718,19.045,18.432,18.917,157309.043605
1733097600,18.915,19.713,18.782,18.88,519132.201887
1733112000,18.876,20.021,18.58,19.79,767101.544053
1733126400,19.795,20.956,18.869,19.758,1297502.618333
1733140800,19.76,21.842,19.468,21.799,795665.79983
1733155200,21.793,24.048,21.082,23.814,876055.260088
1733169600,23.813,26.892,23.65,25.212,1002460.45072
1733184000,25.226,25.452,23.795,24.199,521690.027593
1733198400,24.204,25.491,24.012,25.11,587907.958021
1733212800,25.116,26.393,24.535,24.588,764645.984987
1733227200,24.592,24.937,22.56,23.983,831276.327122
1733241600,23.981,24.553,23.417,24.306,318006.916409
1733256000,24.306,25.214,24.075,24.096,315237.715728
1733270400,24.098,24.6,23.609,24.007,292757.25728
1733284800,24.006,24.609,23.908,24.449,188398.188488
1733299200,24.456,25.06,23.996,24.611,356595.894271
1733313600,24.607,26.5,24.02,25.328,717545.901059
1733328000,25.354,25.472,24.021,24.937,378084.966944
1733342400,24.921,25.076,23.735,24.075,305673.311539
1733356800,24.071,24.218,22.987,23.585,332881.67116
1733371200,23.584,24.371,23.474,23.906,227801.283781
1733385600,23.918,24.266,23.706,24.226,216670.149504
1733400000,24.231,24.817,23.897,24.276,375675.716217
1733414400,24.279,24.596,23.59,23.677,199491.640434
1733428800,23.679,23.975,22.324,23.144,321119.666518
1733443200,23.149,24.112,23.046,24.003,201017.528486
1733457600,24.014,24.254,23.77,23.792,95764.205675
1733472000,23.792,24.105,23.11,23.289,156822.788717
1733486400,23.286,24.127,22.758,23.767,285078.024059
1733500800,23.775,25.078,23.724,24.901,205316.131279
1733515200,24.903,25.949,24.794,25.857,298232.740485
1733529600,25.866,26.848,25.133,26.595,258083.854564
1733544000,26.599,26.739,25.288,25.362,252537.234519
1733558400,25.371,25.436,24.7,24.933,137824.254515
1733572800,24.938,25.17,24.837,24.981,106832.50893
1733587200,24.979,25.004,24.427,24.771,114920.815283
1733601600,24.771,24.928,24.595,24.789,77310.008882
1733616000,24.786,25.009,24.694,24.803,89665.273278
1733630400,24.807,25.578,24.675,25.346,197444.959314
1733644800,25.345,26.877,25.058,26.608,496865.409356
1733659200,26.608,27.4,26.0,26.233,464575.976306
1733673600,26.234,26.266,25.522,25.928,143345.626709
1733688000,25.926,26.621,25.613,26.092,123500.877494
1733702400,26.095,27.354,25.885,26.623,519034.510423
1733716800,26.62,27.3,25.584,26.194,464033.783208
1733731200,26.214,26.224,24.501,24.619,399326.160999
1733745600,24.618,25.871,24.285,24.393,416175.0621
1733760000,24.392,24.652,23.628,23.661,303323.926564
1733774400,23.671,23.718,19.264,22.232,1113477.714779
1733788800,22.236,22.71,20.682,21.619,436696.003356
1733803200,21.619,23.41,21.064,23.066,425950.316334
1733817600,23.065,23.768,22.704,23.183,372043.355871
1733832000,23.197,23.299,21.309,21.317,407107.827112
1733846400,21.337,21.667,20.258,21.423,550098.107834
1733860800,21.415,22.467,21.308,22.118,243804.620888
1733875200,22.122,22.508,21.144,22.434,209743.171735
1733889600,22.435,22.682,22.203,22.22,196738.631346
1733904000,22.233,23.026,22.231,22.856,164704.251345
1733918400,22.842,24.238,22.826,23.909,354821.41839
1733932800,23.91,24.205,23.386,23.807,181525.077058
1733947200,23.811,24.329,23.689,24.072,112167.489461
1733961600,24.075,27.151,23.871,27.029,584198.991786
1733976000,27.027,29.46,26.962,28.841,938989.794458
1733990400,28.838,29.215,27.543,27.843,520083.551822
1734004800,27.85,28.519,27.341,28.231,605870.574083
1734019200,28.215,28.579,26.837,26.941,285235.433781
1734033600,26.941,29.386,26.741,29.145,591477.158768
1734048000,29.156,30.963,28.259,30.161,956280.461045
1734062400,30.168,30.307,28.657,28.914,570011.051316
1734076800,28.913,29.034,28.139,28.373,310052.294108
1734091200,28.394,28.585,27.512,27.621,473836.180377
1734105600,27.611,28.332,27.571,28.094,289015.84795
1734120000,28.101,29.118,27.762,29.002,150661.601061
1734134400,28.994,30.738,28.756,29.464,506100.070073
1734148800,29.462,29.825,29.152,29.513,231578.298263
1734163200,29.516,30.374,29.29,29.779,307091.827018
1734177600,29.783,30.772,28.725,30.354,514207.690239
1734192000,30.354,30.468,28.886,29.203,378814.516196
1734206400,29.201,29.669,28.836,29.121,215715.373804
1734220800,29.121,29.555,28.537,29.294,282091.683174
1734235200,29.285,29.879,28.579,28.769,324963.341177
1734249600,28.76,29.112,28.55,28.79,168690.065403
1734264000,28.791,29.331,28.285,29.134,215259.576237
1734278400,29.134,29.603,28.782,28.978,125088.093981
1734292800,28.978,29.624,28.021,29.263,236577.473933
1734307200,29.261,29.756,28.417,28.656,308116.798209
1734321600,28.664,29.491,28.428,29.286,189369.714355
1734336000,29.286,30.826,28.897,29.825,515301.482113
1734350400,29.826,30.628,29.24,30.271,443495.805335
1734364800,30.283,30.43,29.304,29.529,398623.840989
1734379200,29.523,29.785,28.71,28.746,207059.427534
1734393600,28.731,29.067,28.346,28.76,230738.47991
1734408000,28.761,28.761,28.045,28.128,159313.717981
1734422400,28.13,28.859,27.859,28.395,212521.518758
1734436800,28.388,28.632,27.487,27.63,299335.681801
1734451200,27.616,28.296,27.356,27.731,250038.11709
1734465600,27.73,28.283,27.476,27.861,182934.172804
1734480000,27.874,28.407,27.45,27.679,239937.498955
1734494400,27.675,27.746,26.8,27.182,216245.618595
1734508800,27.18,27.938,26.935,27.938,130020.32484
1734523200,27.928,27.928,26.536,27.099,232894.471197
1734537600,27.096,27.98,26.394,26.402,192693.453275
1734552000,26.398,26.596,24.734,24.87,565131.015782
1734566400,24.873,25.313,23.34,24.893,605028.082432
1734580800,24.88,24.973,24.437,24.911,230354.559378
1734595200,24.912,25.607,24.506,25.407,192180.552936
1734609600,25.4,25.405,23.753,24.193,203918.832612
1734624000,24.175,24.378,21.926,22.313,465775.416828
1734638400,22.324,23.287,21.697,22.811,354344.190943
1734652800,22.811,23.72,22.625,23.187,265549.887711
1734667200,23.18,23.338,22.157,22.634,187640.896666
1734681600,22.629,22.645,20.019,20.034,565307.972514
1734696000,20.039,22.948,20.02,22.703,597907.650182
1734710400,22.703,23.694,22.426,23.293,274407.366414
1734724800,23.304,23.657,22.666,23.393,153574.604202
1734739200,23.391,23.735,23.037,23.149,166418.859797
1734753600,23.166,24.94,23.13,24.549,418785.793383
1734768000,24.55,24.768,23.608,23.83,214344.633223
1734782400,23.833,23.839,22.261,22.887,255920.072245
1734796800,22.886,22.934,21.933,22.326,209582.218138
1734811200,22.322,22.561,21.785,22.123,117234.897901
1734825600,22.138,22.445,21.854,22.197,140330.52209
1734840000,22.191,22.268,21.54,21.967,91733.027607
1734854400,21.973,22.786,21.957,22.455,126561.806929
1734868800,22.457,22.68,21.578,21.806,143704.850388
1734883200,21.806,22.522,21.566,21.655,118778.127075
1734897600,21.66,22.42,21.317,22.079,142548.276526
1734912000,22.094,23.316,21.483,23.115,326133.69476
1734926400,23.082,23.454,22.257,22.641,226886.013203
1734940800,22.64,23.415,22.52,23.094,151270.156696
1734955200,23.112,23.38,22.114,22.145,184370.035819
1734969600,22.141,23.108,22.08,22.942,187077.28324
1734984000,22.937,24.977,22.927,24.553,356920.587
1734998400,24.55,24.685,23.55,24.143,379770.635552
1735012800,24.145,24.321,23.773,23.868,120305.734149
1735027200,23.877,24.4,23.802,24.224,186339.305045
1735041600,24.214,24.927,23.808,24.668,244730.476631
1735056000,24.65,25.454,24.387,25.061,215520.980922
1735070400,25.053,25.998,24.595,25.414,289028.452499
1735084800,25.428,25.502,24.555,24.659,183124.944494
1735099200,24.66,25.135,24.565,24.768,117429.06702
1735113600,24.753,25.587,24.464,24.504,199406.587053
1735128000,24.519,24.868,24.427,24.654,105169.941551
1735142400,24.692,24.759,24.249,24.734,72875.581172
1735156800,24.723,24.783,24.15,24.436,84391.042203
1735171200,24.432,24.703,23.844,23.949,122704.716312
1735185600,23.942,23.942,23.363,23.416,133042.812415
1735200000,23.425,23.462,22.789,23.049,162011.14492
1735214400,23.048,23.166,22.681,22.754,151537.683724
1735228800,22.759,23.098,22.581,22.81,101735.22666
1735243200,22.807,22.917,22.417,22.675,94530.014744
1735257600,22.676,23.272,22.516,23.004,149719.997145
1735272000,23.0,23.183,22.351,22.617,92081.864434
1735286400,22.605,23.666,22.605,23.433,165374.095581
1735300800,23.45,23.502,22.229,22.281,221652.412479
1735315200,22.309,22.766,22.01,22.232,147814.324121
1735329600,22.236,22.277,21.366,21.558,286462.404989
1735344000,21.558,21.642,21.21,21.39,104879.420027
1735358400,21.391,21.444,21.066,21.084,79810.139404
1735372800,21.084,21.462,21.074,21.328,113376.354513
1735387200,21.326,21.863,21.165,21.471,164117.655973
1735401600,21.484,22.198,21.353,21.816,129404.990754
1735416000,21.825,22.379,21.737,21.99,86285.659246
1735430400,21.986,22.006,21.636,21.818,63689.937951
1735444800,21.833,21.944,21.53,21.932,74585.065207
1735459200,21.939,21.96,21.494,21.499,51982.971644
1735473600,21.505,21.757,21.277,21.446,78308.829366
1735488000,21.448,21.463,21.213,21.285,43894.646575
1735502400,21.268,21.269,20.762,20.947,91446.252126
1735516800,20.949,21.827,20.852,21.1,107847.411391
1735531200,21.1,21.421,20.954,21.193,72141.759293
1735545600,21.194,21.45,20.999,21.239,84085.638777
1735560000,21.232,21.444,20.096,20.322,221710.715245
1735574400,20.308,21.181,20.123,21.082,129521.385222
1735588800,21.087,21.341,20.363,20.577,86957.197547
1735603200,20.577,20.666,20.259,20.285,61693.853734
1735617600,20.27,20.485,20.187,20.321,69980.047958
1735632000,20.322,20.948,20.322,20.535,118008.042069
1735646400,20.547,21.208,20.476,20.817,164105.378449
1735660800,20.826,20.847,19.956,20.1,119244.373496
1735675200,20.097,20.193,19.825,20.012,91763.46526
1735689600,20.009,20.249,19.973,20.067,64224.010245
1735704000,20.068,20.105,19.902,19.98,71289.144834
1735718400,19.985,20.147,19.7,20.034,79499.794782
1735732800,20.038,20.587,20.0,20.559,94545.4836
1735747200,20.568,21.558,20.354,21.498,150795.876268
1735761600,21.518,21.855,21.457,21.728,115308.910418
1735776000,21.728,22.38,21.72,21.893,203326.249352
1735790400,21.898,22.374,21.85,22.341,216315.030383
1735804800,22.339,22.809,22.06,22.581,214556.24609
1735819200,22.581,22.921,22.12,22.216,263909.300891
1735833600,22.216,22.586,22.055,22.12,94503.007227
1735848000,22.132,22.246,21.808,22.067,44526.130534
1735862400,22.075,22.422,21.91,22.243,99184.661417
1735876800,22.244,22.255,21.793,21.805,113613.547805
1735891200,21.805,22.682,21.643,22.666,180550.515238
1735905600,22.667,23.499,22.451,23.464,287261.148828
1735920000,23.478,23.905,23.36,23.78,156045.418186
1735934400,23.782,23.814,23.346,23.474,125409.035697
1735948800,23.488,23.532,23.132,23.193,104334.397563
1735963200,23.201,23.353,23.021,23.295,50790.293031
1735977600,23.297,23.311,22.88,23.092,49497.047988
1735992000,23.073,23.93,23.065,23.16,146675.602148
1736006400,23.164,23.766,23.162,23.633,47835.779457
1736020800,23.646,24.044,23.575,23.593,96713.380221
1736035200,23.597,23.794,23.222,23.341,75286.880645
1736049600,23.348,23.829,23.341,23.505,46224.582083
1736064000,23.505,23.564,23.016,23.09,71598.126549
1736078400,23.085,23.396,22.857,23.27,84178.016676
1736092800,23.297,23.49,23.102,23.334,60299.791965
1736107200,23.366,23.728,23.241,23.569,78142.262717
1736121600,23.569,24.088,23.018,24.056,172449.71454
1736136000,24.062,24.191,23.5,23.521,138204.057715
1736150400,23.522,23.84,23.331,23.822,76890.610809
1736164800,23.834,24.493,23.5,24.376,253986.436372
1736179200,24.379,24.799,23.777,23.909,176384.583447
1736193600,23.901,24.06,23.657,23.832,60751.691238
1736208000,23.826,23.841,23.437,23.517,135934.0508
1736222400,23.524,23.661,23.342,23.398,97783.541163
1736236800,23.4,23.66,23.082,23.204,59792.335576
1736251200,23.2,23.383,21.686,22.062,364289.387412
1736265600,22.058,22.2,21.374,21.468,174306.605219
1736280000,21.475,21.706,21.185,21.379,91548.076407
1736294400,21.38,21.726,20.881,21.159,131730.416001
1736308800,21.159,21.229,20.526,20.88,141320.38048
1736323200,20.89,21.134,20.587,20.72,74240.958175
1736337600,20.734,20.983,20.463,20.672,86068.650844
1736352000,20.673,20.73,19.587,20.194,284420.769222
1736366400,20.203,20.634,19.959,20.446,67188.365942
1736380800,20.439,20.726,20.212,20.279,104072.236036
1736395200,20.279,20.369,19.75,19.802,56995.804043
1736409600,19.812,20.13,19.683,19.953,80411.942658
1736424000,19.941,20.325,19.309,20.196,181101.690338
1736438400,20.202,20.315,19.395,19.422,110930.327971
1736452800,19.439,19.872,19.141,19.646,130451.273958
1736467200,19.642,20.03,19.642,19.953,96801.961802
1736481600,19.953,20.533,19.836,20.347,60933.83694
1736496000,20.346,20.495,20.247,20.368,103688.398881
1736510400,20.363,20.436,19.539,19.981,214297.258119
1736524800,19.991,20.49,19.784,20.374,68317.096497
1736539200,20.381,20.417,20.175,20.245,32632.518858
1736553600,20.249,20.302,19.908,19.934,49403.507266
1736568000,19.936,20.099,19.85,19.941,36595.516857
1736582400,19.946,20.257,19.815,20.172,34758.804536
1736596800,20.169,20.193,19.913,19.982,24629.453366
1736611200,19.987,20.041,19.838,19.996,26145.772697
1736625600,20.01,20.688,19.963,20.215,66050.985434
1736640000,20.219,20.332,20.055,20.25,74069.784405
1736654400,20.261,20.323,19.975,20.091,25288.333641
1736668800,20.105,20.123,19.792,19.971,30580.567817
1736683200,19.963,20.263,19.862,20.153,44118.80183
1736697600,20.157,20.207,19.975,20.041,21553.537071
1736712000,20.041,20.108,19.583,19.839,30329.155846
1736726400,19.845,20.452,19.334,19.4,100414.828099
1736740800,19.392,19.747,19.006,19.103,48122.58565
1736755200,19.109,19.131,18.052,18.099,181853.203446
1736769600,18.099,19.11,17.813,18.937,201120.245284
1736784000,18.942,19.06,18.23,18.474,138551.856562
1736798400,18.47,19.556,18.379,19.36,94717.73071
1736812800,19.359,19.588,19.244,19.504,84534.197466
1736827200,19.497,19.764,19.365,19.438,84267.06756
1736841600,19.441,20.312,19.441,19.947,141067.647977
1736856000,19.96,20.388,19.767,20.153,84812.274924
1736870400,20.146,20.49,19.984,20.304,65735.643767
1736884800,20.304,20.503,20.181,20.3,33309.80793
1736899200,20.327,20.694,20.215,20.454,99212.813584
1736913600,20.46,20.829,20.257,20.721,63445.252898
1736928000,20.73,20.985,20.087,20.324,126467.000386
1736942400,20.33,21.759,20.154,21.6,238180.92122
1736956800,21.604,21.854,21.25,21.609,100306.633117
1736971200,21.608,22.152,21.567,22.091,126738.670294
1736985600,22.09,22.167,21.46,21.605,114668.284508
1737000000,21.606,21.852,21.559,21.733,58040.40326
1737014400,21.753,22.5,21.302,22.474,185254.247577
1737028800,22.466,23.341,22.237,23.312,378255.919678
1737043200,23.307,23.75,23.153,23.713,185942.178116
1737057600,23.707,23.78,22.794,23.021,81209.063585
1737072000,23.026,23.99,23.026,23.541,144377.764683
1737086400,23.543,24.292,23.481,24.129,117940.865503
1737100800,24.123,24.454,23.803,24.152,127045.190303
1737115200,24.145,24.512,23.853,24.436,146050.926805
1737129600,24.448,24.72,24.199,24.504,103885.210961
1737144000,24.519,25.229,24.47,25.095,105655.384003
1737158400,25.104,25.67,24.441,24.538,178951.372119
1737172800,24.552,24.758,23.427,23.84,194554.186317
1737187200,23.828,24.63,23.509,24.425,159768.137115
1737201600,24.435,24.841,23.946,24.074,169800.375273
1737216000,24.074,24.132,23.373,23.974,144004.359799
1737230400,23.981,24.222,23.542,24.117,59527.252133
1737244800,24.118,24.609,23.807,23.853,127430.748392
1737259200,23.863,23.886,23.137,23.372,163852.400932
1737273600,23.372,23.377,22.198,22.41,276637.515586
1737288000,22.413,25.942,22.374,25.417,544876.546531
1737302400,25.407,26.697,25.313,26.037,429578.608211
1737316800,26.044,26.509,23.551,24.33,714282.313396
1737331200,24.333,24.81,23.395,24.331,431395.156497
1737345600,24.326,26.449,24.008,26.297,384870.399167
1737360000,26.294,26.942,25.274,25.733,276239.799209
1737374400,25.734,26.639,24.528,25.858,709423.06138
1737388800,25.881,26.37,23.961,25.706,741925.077261
1737403200,25.7,25.898,24.923,25.073,163725.009216
1737417600,25.08,25.191,24.05,24.462,235333.810985
1737432000,24.461,24.462,23.675,24.084,154984.861543
1737446400,24.088,26.244,23.893,25.65,348409.106429
1737460800,25.664,26.473,25.406,25.85,241322.645763
1737475200,25.839,27.096,25.795,26.629,294033.400098
1737489600,26.654,26.9,26.145,26.659,150595.41126
1737504000,26.657,27.2,26.233,26.324,176014.737174
1737518400,26.316,26.351,25.692,25.79,90692.885403
1737532800,25.797,26.002,25.577,25.867,76514.943812
1737547200,25.861,25.952,25.32,25.4,88394.806026
1737561600,25.42,25.668,25.178,25.398,98033.809551
1737576000,25.412,25.623,25.13,25.298,52449.787566
1737590400,25.283,25.332,24.478,24.825,93710.948686
1737604800,24.828,24.841,24.318,24.577,116588.5524
1737619200,24.578,24.624,23.983,24.462,87527.862794
1737633600,24.466,25.927,24.066,25.472,378046.573602
1737648000,25.471,26.237,24.698,24.758,130743.558271
1737662400,24.747,25.835,24.583,25.665,117772.248795
1737676800,25.664,25.844,24.859,25.225,109871.465597
1737691200,25.224,26.324,25.014,25.943,145499.126749
1737705600,25.944,26.433,25.849,26.154,142492.874464
1737720000,26.175,26.316,25.682,26.137,140116.704695
1737734400,26.149,26.247,25.691,25.791,98461.819635
1737748800,25.806,25.876,25.095,25.173,92067.619895
1737763200,25.181,25.331,24.819,25.279,104374.541007
1737777600,25.283,25.309,24.905,24.998,47456.489103
1737792000,24.998,25.089,24.701,24.983,81209.038528
1737806400,24.972,25.279,24.716,25.138,121115.339513
1737820800,25.133,25.358,24.8,25.255,87873.78682
1737835200,25.248,25.432,24.884,24.917,33264.982556
1737849600,24.926,25.631,24.862,25.595,66658.244277
1737864000,25.58,25.883,25.434,25.677,62566.786769
1737878400,25.676,25.819,25.132,25.315,97746.345524
1737892800,25.317,25.48,25.106,25.457,75084.823576
1737907200,25.451,26.266,25.276,26.207,96959.176251
1737921600,26.2,26.391,24.854,24.881,144253.771997
1737936000,24.869,25.128,23.739,23.971,280607.424203
1737950400,23.986,23.991,22.265,22.838,334737.560049
1737964800,22.847,22.909,22.181,22.42,159484.565511
1737979200,22.428,24.094,22.322,23.68,249043.269878
1737993600,23.69,23.905,22.781,23.119,165276.749446
1738008000,23.118,24.424,23.117,24.209,99835.618581
1738022400,24.221,24.549,23.772,24.27,141946.058924
1738036800,24.285,24.68,24.076,24.128,97686.616856
1738051200,24.128,24.207,23.841,23.961,67233.339714
1738065600,23.97,24.246,23.516,23.929,156099.683617
1738080000,23.931,23.96,23.128,23.28,73868.064331
1738094400,23.292,23.39,22.35,22.616,114012.197437
1738108800,22.62,23.408,22.58,23.231,101453.449085
1738123200,23.253,23.564,23.117,23.53,48943.628043
1738137600,23.534,23.609,23.043,23.457,45422.876815
1738152000,23.47,23.546,22.462,22.768,575356.235839
1738166400,22.755,23.78,22.326,23.528,223283.163081
1738180800,23.525,24.442,23.14,23.659,174360.616254
1738195200,23.657,24.336,23.406,24.29,84103.861679
1738209600,24.293,24.596,24.169,24.292,81310.183723
1738224000,24.294,24.732,24.175,24.482,64243.348461
1738238400,24.477,25.229,24.215,24.846,152483.871895
1738252800,24.86,25.08,24.61,24.75,90308.105765
1738267200,24.767,24.8,24.398,24.458,59826.989267
1738281600,24.461,24.872,24.253,24.336,61595.164188
1738296000,24.344,25.381,24.131,24.908,104873.879682
1738310400,24.9,25.689,24.701,25.652,111282.512156
1738324800,25.68,26.098,25.357,25.896,238450.935621
1738339200,25.905,26.474,24.844,24.919,259585.623414
1738353600,24.913,25.23,24.481,25.151,141488.612756
1738368000,25.165,25.969,25.069,25.64,185302.885644
1738382400,25.648,25.859,25.21,25.234,88587.574047
1738396800,25.248,25.341,24.534,24.783,150617.460434
1738411200,24.782,24.929,24.258,24.469,70259.148376
1738425600,24.472,24.635,23.522,23.561,102237.872511
1738440000,23.552,23.573,22.766,22.967,228528.136522
1738454400,22.975,23.325,22.21,22.334,237740.269968
1738468800,22.312,22.91,22.28,22.659,152498.909765
1738483200,22.658,23.186,22.077,22.128,225103.761299
1738497600,22.124,22.454,21.866,22.186,211465.812756
1738512000,22.185,22.201,20.085,20.761,513762.998005
1738526400,20.77,21.037,19.27,20.458,393423.715809
1738540800,20.465,20.474,15.375,17.712,2079515.438644
1738555200,17.717,19.467,17.049,19.414,553999.916379
1738569600,19.404,19.419,18.418,18.907,443500.924093
1738584000,18.91,20.658,18.12,20.408,620995.395904
1738598400,20.408,22.022,20.109,21.891,415970.601631
1738612800,21.887,22.02,20.973,21.648,284150.483443
1738627200,21.643,21.705,20.724,20.88,159691.015485
1738641600,20.893,21.12,19.553,19.641,256205.72713
1738656000,19.635,20.792,19.448,20.337,162551.990843
1738670400,20.337,20.983,20.174,20.538,150791.810186
1738684800,20.538,21.276,20.313,20.32,141345.6388
1738699200,20.318,20.515,19.321,19.977,174262.680831
1738713600,19.994,20.263,19.745,19.97,116029.143175
1738728000,19.987,20.089,19.434,19.635,181216.397531
1738742400,19.627,20.1,19.394,20.004,84911.828136
1738756800,20.026,20.098,19.473,19.638,114652.969909
1738771200,19.638,19.707,18.964,19.444,117970.800504
1738785600,19.47,19.577,18.961,19.19,53979.452972
1738800000,19.191,19.587,19.049,19.509,53105.081574
1738814400,19.505,19.934,19.456,19.696,70216.029651
1738828800,19.718,19.913,19.484,19.713,93860.342185
1738843200,19.725,19.747,18.567,18.703,150187.044829
1738857600,18.707,18.872,18.41,18.516,159974.172986
1738872000,18.513,18.953,18.415,18.589,96354.663353
1738886400,18.6,19.057,18.568,18.812,70953.065297
1738900800,18.818,18.996,18.425,18.785,123731.073185
1738915200,18.787,19.391,18.701,19.289,110748.012158
1738929600,19.29,19.869,18.967,19.373,197027.791163
1738944000,19.381,19.391,18.604,18.723,83168.283051
1738958400,18.747,18.747,17.793,18.385,126625.318058
1738972800,18.385,18.623,18.198,18.229,93318.189321
1738987200,18.217,18.313,17.925,18.182,42074.428533
1739001600,18.167,18.223,17.916,18.057,34648.396811
1739016000,18.04,18.244,17.875,18.054,54634.437584
1739030400,18.058,18.447,17.886,18.335,38360.338758
1739044800,18.354,18.544,18.181,18.437,18514.382956
1739059200,18.449,19.007,18.26,18.92,104006.379617
1739073600,18.912,18.919,18.52,18.761,96671.646476
1739088000,18.763,18.898,18.541,18.552,47261.966927
1739102400,18.541,18.789,18.104,18.729,91210.408015
1739116800,18.731,18.939,18.358,18.38,71599.342527
1739131200,18.376,18.728,17.435,18.268,122722.162976
1739145600,18.267,18.645,17.669,18.368,145755.86302
1739160000,18.372,18.791,18.246,18.652,84824.932632
1739174400,18.656,18.983,18.632,18.759,67975.783284
1739188800,18.753,19.124,18.471,18.581,96045.172484
1739203200,18.59,18.949,18.492,18.843,62898.720933
1739217600,18.846,18.947,18.617,18.8,41906.606763
1739232000,18.797,19.371,18.771,19.315,80072.111974
1739246400,19.324,19.789,19.289,19.617,89814.221485
1739260800,19.629,19.742,19.329,19.562,85007.975249
1739275200,19.562,19.58,18.836,19.073,116199.676871
1739289600,19.102,19.177,18.224,18.449,86177.708867
1739304000,18.444,18.988,18.422,18.649,56922.190073
1739318400,18.648,18.897,18.411,18.468,40866.482543
1739332800,18.474,18.714,18.341,18.582,38475.513743
1739347200,18.592,18.781,18.399,18.545,35276.046972
1739361600,18.555,18.82,17.629,18.126,253356.177085
1739376000,18.135,18.895,17.957,18.837,114787.807491
1739390400,18.841,19.505,18.734,19.201,108939.38555
1739404800,19.2,19.338,18.988,19.222,48777.717043
1739419200,19.234,19.259,18.724,18.819,53382.976036
1739433600,18.822,18.888,18.556,18.689,39558.129728
1739448000,18.693,18.703,18.185,18.503,92385.626349
1739462400,18.489,18.619,18.2,18.356,69923.72497
1739476800,18.353,18.627,18.351,18.548,20754.652753
1739491200,18.555,18.97,18.451,18.949,49787.524485
1739505600,18.955,18.994,18.627,18.773,41990.530391
1739520000,18.77,19.35,18.668,19.028,112490.718224
1739534400,19.032,19.622,18.874,19.493,98937.072348
1739548800,19.506,19.847,19.19,19.512,133694.159525
1739563200,19.507,19.664,19.116,19.38,64046.749097
1739577600,19.395,19.605,19.187,19.412,37111.207131
1739592000,19.421,19.664,19.264,19.266,72226.973836
1739606400,19.292,19.391,19.023,19.113,24132.61392
1739620800,19.12,19.293,18.838,18.946,42552.208998
1739635200,18.954,19.051,18.786,18.872,25249.029621
1739649600,18.882,19.003,18.731,18.996,17049.114404
1739664000,18.998,19.122,18.69,18.856,57961.3943
1739678400,18.853,19.262,18.83,18.903,40742.790423
1739692800,18.901,19.158,18.827,19.156,21110.234983
1739707200,19.158,19.192,18.71,18.898,32144.077995
1739721600,18.899,19.129,18.558,18.835,42167.59417
1739736000,18.821,19.035,18.653,18.692,32656.041829
1739750400,18.689,19.01,18.626,18.822,40114.261207
1739764800,18.821,19.164,18.359,18.817,115631.873468
1739779200,18.8,19.5,18.719,19.362,127817.283478
1739793600,19.366,19.789,19.213,19.244,118507.47929
1739808000,19.243,19.388,18.715,19.083,90799.137332
1739822400,19.059,19.507,18.977,19.111,42729.18771
1739836800,19.118,19.202,18.777,18.871,68695.821596
1739851200,18.875,18.884,18.088,18.094,107409.113627
1739865600,18.092,18.312,17.863,18.0,83691.767753
1739880000,18.0,18.392,17.569,17.687,91054.748534
1739894400,17.686,17.822,17.277,17.618,114027.367947
1739908800,17.605,17.911,17.438,17.874,53839.392191
1739923200,17.872,18.0,17.533,17.837,56605.128112
1739937600,17.842,18.133,17.44,18.039,106749.312116
1739952000,18.038,18.134,17.882,18.111,66489.403743
1739966400,18.119,18.208,17.748,17.812,62109.492692
1739980800,17.808,18.07,17.728,17.915,36928.415072
1739995200,17.913,18.084,17.763,17.981,35962.112911
1740009600,17.982,18.369,17.896,18.324,81043.854025
1740024000,18.322,18.474,18.063,18.108,46770.891728
1740038400,18.106,18.2,17.824,18.153,116721.490054
1740052800,18.148,18.365,17.861,17.878,73535.853241
1740067200,17.872,18.428,17.86,18.333,42463.888577
1740081600,18.333,18.428,18.14,18.283,19740.38647
1740096000,18.285,18.315,18.049,18.082,19311.564375
1740110400,18.091,18.398,18.09,18.251,21656.925887
1740124800,18.26,18.75,18.22,18.57,73247.285768
1740139200,18.571,19.052,18.066,18.377,168362.00654
1740153600,18.387,18.546,17.13,17.283,195278.366607
1740168000,17.285,17.464,17.135,17.428,162300.514996
1740182400,17.426,17.677,17.305,17.472,78271.543302
1740196800,17.46,17.711,17.433,17.488,126729.373571
1740211200,17.486,17.721,17.426,17.619,69707.809045
1740225600,17.619,17.832,17.521,17.788,72804.120775
1740240000,17.788,18.026,17.759,17.859,34137.915965
1740254400,17.866,17.879,17.715,17.755,18759.036643
1740268800,17.754,17.905,17.644,17.797,41437.650171
1740283200,17.794,18.123,17.745,18.115,36769.00931
1740297600,18.115,18.128,17.722,17.764,22333.290096
1740312000,17.765,17.85,17.44,17.464,42801.800771
1740326400,17.472,17.671,17.468,17.534,11186.939393
1740340800,17.529,17.742,17.43,17.613,17373.841866
1740355200,17.615,17.744,16.777,16.823,68820.523536
1740369600,16.82,16.977,16.474,16.87,82950.665622
1740384000,16.867,16.87,16.446,16.673,79527.907452
1740398400,16.674,16.775,16.049,16.214,91830.813312
1740412800,16.217,16.505,15.925,16.102,111054.28101
1740427200,16.105,16.289,14.981,15.256,263689.033567
1740441600,15.251,15.418,14.844,15.121,141294.245891
1740456000,15.13,15.272,14.025,14.538,243324.302378
1740470400,14.529,14.906,14.247,14.835,158423.409726
1740484800,14.844,14.997,14.4,14.751,166162.895725
1740499200,14.755,15.132,14.511,15.099,88410.535308
1740513600,15.111,15.583,14.987,15.309,88521.946478
1740528000,15.314,15.554,15.097,15.389,57164.820751
1740542400,15.389,15.52,15.163,15.306,44048.701349
1740556800,15.298,15.649,15.154,15.527,361401.89761
1740571200,15.537,15.781,14.973,15.54,188737.842533
1740585600,15.546,15.609,14.684,14.889,219304.344046
1740600000,14.891,15.714,14.671,15.253,188724.899475
1740614400,15.258,15.465,15.059,15.307,58720.198049
1740628800,15.309,15.692,15.13,15.615,57009.004482
1740643200,15.614,15.78,15.445,15.613,71089.91471
1740657600,15.623,15.755,15.189,15.389,157276.182951
1740672000,15.385,15.494,15.022,15.094,34185.859242
1740686400,15.099,15.218,14.78,15.112,50851.449753
1740700800,15.114,15.201,13.825,13.878,306287.02
1740715200,13.883,13.991,13.487,13.674,171998.678047
1740729600,13.674,14.055,13.457,13.772,156130.237177
1740744000,13.772,14.73,13.672,14.611,235096.242725
1740758400,14.614,14.859,14.492,14.778,242454.595462
1740772800,14.768,14.872,14.59,14.819,119002.961919
1740787200,14.818,14.951,14.551,14.814,59492.603698
1740801600,14.81,15.01,14.519,14.545,133787.774132
1740816000,14.555,14.864,14.404,14.444,55825.967653
1740830400,14.463,14.56,14.222,14.486,81136.05586
1740844800,14.475,14.909,14.425,14.885,59445.948975
1740859200,14.887,15.136,14.75,14.761,78854.455926
1740873600,14.762,14.914,14.658,14.863,79879.810147
1740888000,14.861,14.947,14.732,14.761,55571.074854
1740902400,14.757,14.912,14.683,14.775,46232.159271
1740916800,14.775,15.526,14.415,15.257,221342.248287
1740931200,15.277,17.365,15.253,16.963,713681.767413
1740945600,16.957,17.549,16.9,17.421,224148.664824
1740960000,17.423,17.494,16.559,16.787,179576.584096
1740974400,16.799,16.971,16.089,16.487,127732.880642
1740988800,16.484,16.51,15.942,16.303,95621.714028
1741003200,16.311,16.883,16.084,16.262,136649.118449
1741017600,16.262,16.439,14.681,14.732,254361.516159
1741032000,14.752,14.927,14.364,14.45,218442.544456
1741046400,14.454,14.596,13.408,13.764,365912.945563
1741060800,13.767,14.11,13.725,13.797,140277.801227
1741075200,13.799,13.975,13.672,13.805,85687.016031
1741089600,13.796,14.244,13.337,13.829,287884.652606
1741104000,13.83,14.529,13.074,14.513,181778.613284
1741118400,14.512,15.356,14.311,14.868,263272.14149
1741132800,14.861,15.098,14.626,14.832,113925.628738
1741147200,14.834,15.46,14.83,15.451,147300.06044
1741161600,15.446,16.505,15.37,16.066,532703.771005
1741176000,16.068,16.184,15.56,15.691,185195.834618
1741190400,15.692,16.433,15.571,16.349,216857.301155
1741204800,16.35,16.59,16.231,16.424,149575.925734
1741219200,16.42,17.347,16.381,17.226,340840.672722
1741233600,17.225,17.394,16.872,16.91,170025.320282
1741248000,16.91,17.666,16.852,17.491,266256.229048
1741262400,17.504,17.554,16.604,17.243,418675.824888
1741276800,17.253,17.343,16.537,16.805,151378.473699
1741291200,16.793,17.297,16.768,17.058,199777.053534
1741305600,17.054,17.231,15.869,16.165,339058.15681
1741320000,16.166,17.188,16.158,17.184,145977.248516
1741334400,17.189,17.372,16.797,17.134,182823.897981
1741348800,17.153,17.53,16.775,16.92,313095.635135
1741363200,16.923,17.003,16.125,16.638,169698.186922
1741377600,16.629,16.77,15.736,15.941,181880.374146
1741392000,15.94,16.039,15.436,15.69,116441.116624
1741406400,15.688,15.864,15.528,15.551,46076.892077
1741420800,15.546,15.565,15.249,15.334,151746.911546
1741435200,15.332,15.58,15.183,15.306,110633.950145
1741449600,15.306,15.583,15.12,15.54,104041.940188
1741464000,15.543,15.559,15.194,15.261,52657.394261
1741478400,15.266,15.367,15.023,15.27,50873.533052
1741492800,15.265,15.358,15.089,15.135,35073.757234
1741507200,15.132,15.133,14.633,14.7,101439.965705
1741521600,14.693,14.713,14.255,14.304,171825.925425
1741536000,14.303,14.372,13.647,13.987,204733.58035
1741550400,13.991,14.131,13.607,13.805,105096.880988
1741564800,13.805,14.23,13.662,14.134,156053.285289
1741579200,14.131,14.338,13.989,14.096,93071.516046
1741593600,14.104,14.567,13.823,14.266,181550.765848
1741608000,14.262,14.363,13.257,13.484,228139.555542
1741622400,13.485,13.535,12.423,12.811,240571.606295
1741636800,12.816,13.009,12.591,12.65,154334.691797
1741651200,12.659,12.837,11.852,12.433,272437.914388
1741665600,12.434,12.956,12.4,12.725,145017.248104
1741680000,12.724,13.185,12.656,13.049,154493.290838
1741694400,13.042,13.208,12.361,12.989,374178.136722
1741708800,12.989,13.652,12.798,13.602,195779.752411
1741723200,13.61,13.652,13.086,13.123,103126.448035
1741737600,13.138,13.5,12.822,12.842,134324.100684
1741752000,12.841,13.128,12.65,13.084,107915.533237
1741766400,13.087,13.411,12.998,13.37,154483.660421
1741780800,13.37,13.808,12.765,13.079,246456.452915
1741795200,13.068,13.37,13.024,13.277,136039.375374
1741809600,13.279,13.515,13.209,13.477,62209.436347
1741824000,13.487,13.541,13.227,13.283,79361.448195
1741838400,13.286,13.34,13.051,13.138,94728.445097
1741852800,13.136,13.5,12.987,13.442,101459.05763
1741867200,13.449,13.609,12.975,13.025,162402.372421
1741881600,13.022,13.056,12.72,12.829,105518.678442
1741896000,12.829,13.221,12.74,13.034,62663.502819
1741910400,13.044,13.36,12.993,13.271,47854.012582
1741924800,13.276,13.447,13.25,13.347,89682.82646
1741939200,13.356,14.424,13.314,14.092,895586.343493
1741953600,14.107,14.681,13.953,14.373,402688.215472
1741968000,14.374,14.687,13.906,13.929,309254.39708
1741982400,13.929,13.965,13.609,13.67,224592.797893
1741996800,13.663,14.092,13.635,14.007,155325.501387
1742011200,14.026,14.25,13.719,13.8,155800.944888
1742025600,13.802,14.097,13.75,14.057,86984.671415
1742040000,14.047,14.137,13.911,14.037,97247.405831
1742054400,14.06,14.169,13.941,14.058,69042.179955
1742068800,14.054,14.169,14.002,14.016,61315.055875
1742083200,14.017,14.039,13.775,13.978,56489.00095
1742097600,13.979,14.181,13.974,14.158,78301.664085
1742112000,14.168,14.189,13.483,13.526,156034.639171
1742126400,13.527,13.658,13.331,13.481,97892.063716
1742140800,13.481,13.798,13.366,13.409,80660.111023
1742155200,13.412,13.518,13.213,13.371,51958.957591
1742169600,13.376,13.759,13.346,13.711,61228.657656
1742184000,13.698,13.84,13.478,13.773,92752.761624
1742198400,13.777,13.893,13.668,13.8,79208.865872
1742212800,13.798,13.948,13.545,13.755,155629.996741
1742227200,13.756,14.207,13.655,14.118,95387.743008
1742241600,14.127,14.239,13.966,14.03,74719.240192
1742256000,14.03,14.097,13.738,13.836,103583.990141
1742270400,13.816,14.22,13.802,14.136,118776.318419
1742284800,14.154,14.275,13.691,13.719,132612.802524
1742299200,13.715,13.851,13.538,13.601,157597.651278
1742313600,13.596,13.755,13.456,13.713,113007.062761
1742328000,13.709,13.954,13.583,13.916,45176.416283
1742342400,13.916,14.086,13.774,13.993,66007.421058
1742356800,14.002,14.015,13.845,13.848,50943.980405
1742371200,13.852,14.5,13.852,14.47,182908.653054
1742385600,14.484,14.684,14.29,14.619,132847.773108
1742400000,14.623,14.668,14.196,14.473,155477.84761
1742414400,14.475,15.05,14.459,15.019,122627.401318
1742428800,15.027,15.17,14.701,14.717,120805.045659
1742443200,14.716,14.788,14.584,14.635,58734.092958
1742457600,14.637,14.811,14.37,14.482,73691.207591
1742472000,14.487,14.754,14.326,14.349,119494.318195
1742486400,14.347,14.429,14.083,14.17,88479.860826
1742500800,14.175,14.283,14.114,14.218,39163.342403
1742515200,14.222,14.389,14.131,14.137,57186.2774
1742529600,14.135,14.267,14.054,14.195,50861.174261
1742544000,14.19,14.277,13.955,14.07,56851.47015
1742558400,14.062,14.138,13.842,13.885,69385.940972
1742572800,13.881,14.116,13.825,14.004,50470.855409
1742587200,14.004,14.18,13.931,13.959,29637.983815
1742601600,13.962,14.135,13.94,14.074,31578.200852
1742616000,14.077,14.16,14.057,14.083,17460.867991
1742630400,14.081,14.298,14.047,14.208,67760.748712
1742644800,14.205,14.342,14.124,14.232,62613.825747
1742659200,14.23,14.497,14.208,14.47,55870.457355
1742673600,14.479,14.502,14.157,14.246,48186.371005
1742688000,14.242,14.464,14.208,14.464,35605.704669
1742702400,14.465,14.471,14.274,14.288,30929.913138
1742716800,14.3,14.482,14.249,14.383,77118.005708
1742731200,14.384,14.494,14.291,14.426,51139.526035
1742745600,14.429,14.448,14.233,14.362,48345.793385
1742760000,14.372,14.469,14.236,14.467,35291.783354
1742774400,14.471,14.705,14.149,14.662,101113.950416
1742788800,14.67,15.155,14.67,15.024,131713.900503
1742803200,15.027,15.311,15.027,15.181,87650.572414
1742817600,15.199,15.41,15.048,15.207,165559.969368
1742832000,15.207,15.245,14.987,15.153,70322.01083
1742846400,15.154,15.254,14.991,15.123,41961.204948
1742860800,15.121,15.244,14.866,14.905,62624.574236
1742875200,14.894,15.266,14.866,15.196,67533.363987
1742889600,15.196,15.495,15.194,15.443,107934.488648
1742904000,15.46,15.59,15.272,15.34,86066.941419
1742918400,15.33,15.516,15.28,15.464,46287.037181
1742932800,15.467,15.609,15.33,15.442,56951.330327
1742947200,15.439,15.639,15.238,15.31,66864.186228
1742961600,15.319,15.949,15.319,15.906,104408.209489
1742976000,15.916,15.999,15.787,15.873,53313.560397
1742990400,15.868,15.883,15.223,15.299,151007.606687
1743004800,15.298,15.475,14.944,15.156,102170.911082
1743019200,15.152,15.305,15.031,15.249,51380.635125
1743033600,15.252,15.787,15.171,15.722,68853.146278
1743048000,15.729,15.738,15.518,15.645,52639.305841
1743062400,15.635,15.738,15.492,15.505,92609.793555
1743076800,15.505,15.799,15.257,15.564,162787.216422
1743091200,15.564,15.627,15.302,15.473,40422.257525
1743105600,15.481,15.689,15.405,15.517,51542.681134
1743120000,15.513,15.588,15.257,15.343,64951.810633
1743134400,15.339,15.391,14.42,14.483,175504.371742
1743148800,14.476,14.523,14.192,14.384,97106.032776
1743163200,14.383,14.469,14.149,14.166,84420.496148
1743177600,14.163,14.22,14.002,14.074,56989.210187
1743192000,14.068,14.334,14.031,14.252,58065.938329
1743206400,14.252,14.413,14.054,14.247,47623.154062
1743220800,14.249,14.295,13.852,13.908,53996.417415
1743235200,13.903,14.03,13.546,13.652,82976.596566
1743249600,13.654,13.842,13.602,13.637,55095.828962
1743264000,13.643,13.699,13.381,13.585,72776.065519
1743278400,13.581,13.581,13.374,13.551,34010.122597
1743292800,13.559,13.819,13.402,13.676,96050.336537
1743307200,13.676,13.784,13.595,13.673,39800.416082
1743321600,13.674,13.869,13.641,13.731,60947.553226
1743336000,13.732,13.791,13.464,13.612,97939.438615
1743350400,13.607,13.724,13.383,13.599,167886.283354
1743364800,13.605,13.627,13.198,13.413,62722.141986
1743379200,13.414,13.533,13.12,13.252,63524.285166
1743393600,13.257,13.449,13.133,13.218,64977.251381
1743408000,13.214,13.316,12.96,13.228,106211.120996
1743422400,13.229,13.693,13.135,13.546,147164.145441
1743436800,13.559,13.711,13.416,13.518,52251.178543
1743451200,13.525,13.647,13.44,13.51,45862.480262
1743465600,13.503,13.767,13.492,13.645,65452.822804
1743480000,13.647,13.796,13.576,13.734,60197.963866
1743494400,13.733,14.087,13.733,13.959,95227.484775
1743508800,13.963,14.394,13.69,14.315,181861.244076
1743523200,14.311,14.394,14.111,14.187,86075.127081
1743537600,14.186,14.273,14.03,14.047,57163.239928
1743552000,14.048,14.05,13.651,13.748,62335.743465
1743566400,13.745,13.867,13.343,13.388,122834.61987
1743580800,13.383,13.703,13.325,13.504,89391.586194
1743595200,13.504,14.198,13.37,14.052,286219.130639
1743609600,14.067,14.163,13.729,14.0,118214.976825
1743624000,14.0,14.405,12.814,12.904,375854.773204
1743638400,12.902,13.306,12.842,13.194,104904.322419
1743652800,13.194,13.284,12.88,12.956,70358.316819
1743667200,12.955,13.076,12.693,12.834,89761.324067
1743681600,12.825,12.836,12.303,12.561,553087.212853
1743696000,12.562,12.721,12.409,12.648,107467.533969
1743710400,12.654,12.913,12.609,12.9,73615.558708
1743724800,12.906,12.959,12.658,12.711,87792.521681
1743739200,12.718,13.11,12.603,13.076,98283.799109
1743753600,13.077,13.191,12.352,12.564,200860.561259
1743768000,12.561,12.932,12.443,12.735,235114.736494
1743782400,12.741,13.074,12.672,12.927,109564.413599
1743796800,12.927,13.09,12.869,12.946,51972.526289
1743811200,12.949,13.036,12.844,12.852,30235.152686
1743825600,12.854,12.924,12.78,12.875,26436.125867
1743840000,12.884,13.059,12.829,12.888,61661.521196
1743854400,12.889,12.925,12.578,12.633,51796.935751
1743868800,12.631,12.727,12.605,12.617,21813.096199
1743883200,12.616,12.88,12.581,12.852,24815.188087
1743897600,12.85,12.957,12.717,12.789,45953.881884
1743912000,12.786,12.834,12.633,12.654,23307.660723
1743926400,12.656,12.705,12.546,12.614,27038.251065
1743940800,12.613,12.646,12.068,12.319,151758.379276
1743955200,12.319,12.342,11.444,11.589,345867.898826
1743969600,11.575,11.647,11.006,11.29,325434.922128
1743984000,11.289,11.52,10.8,10.934,341540.205477
1743998400,10.931,11.156,10.105,10.354,375697.722775
1744012800,10.353,10.946,10.304,10.702,268352.623409
1744027200,10.707,11.883,10.662,11.292,602458.482383
1744041600,11.286,11.504,11.087,11.329,156945.428109
1744056000,11.33,11.665,11.33,11.454,74439.615269
1744070400,11.455,11.87,11.361,11.642,99381.550514
1744084800,11.646,11.864,11.516,11.605,100003.443758
1744099200,11.602,11.808,11.423,11.784,101045.628452
1744113600,11.79,11.892,11.374,11.423,149293.880005
1744128000,11.424,11.442,10.842,10.911,184711.355676
1744142400,10.908,11.089,10.781,10.922,114394.410396
1744156800,10.924,11.008,10.445,10.692,212920.258459
1744171200,10.688,11.521,10.666,11.385,462175.206027
1744185600,11.385,11.49,11.102,11.18,151035.876975
1744200000,11.18,11.497,11.055,11.372,141040.489884
1744214400,11.375,12.754,11.347,12.603,395436.341392
1744228800,12.61,12.831,12.61,12.659,122432.297679
1744243200,12.657,12.668,12.166,12.318,127101.735989
1744257600,12.318,12.5,12.233,12.322,56477.613828
1744272000,12.33,12.45,12.268,12.402,55363.947455
1744286400,12.403,12.623,11.781,11.832,208273.357455
1744300800,11.829,12.102,11.674,12.002,96993.497904
1744315200,12.001,12.15,11.984,12.076,45021.394674
1744329600,12.075,12.483,12.036,12.4,112230.309826
1744344000,12.397,12.536,12.325,12.398,69489.28595
1744358400,12.402,12.708,12.331,12.474,141497.074711
1744372800,12.484,12.675,12.37,12.561,136238.236168
1744387200,12.557,12.81,12.462,12.714,139680.208359
1744401600,12.714,12.912,12.588,12.65,123593.160094
1744416000,12.649,12.7,12.431,12.55,80408.093455
1744430400,12.551,12.8,12.509,12.774,88816.513139
1744444800,12.774,12.955,12.671,12.745,123876.441175
1744459200,12.745,13.27,12.718,13.114,242414.224441
1744473600,13.125,13.185,12.97,13.085,73914.309981
1744488000,13.093,13.295,13.086,13.153,77430.367289
1744502400,13.155,13.236,12.989,13.051,67202.283441
1744516800,13.053,13.059,12.877,12.933,84827.064359
1744531200,12.932,13.172,12.747,12.795,101804.769339
1744545600,12.791,12.915,12.604,12.683,82802.640092
1744560000,12.681,13.272,12.417,12.678,139813.293225
1744574400,12.672,12.819,12.387,12.624,130936.570116
1744588800,12.63,13.163,12.587,12.782,125269.887647
1744603200,12.786,12.914,12.577,12.734,58349.779669
1744617600,12.737,13.248,12.699,13.158,130811.823581
1744632000,13.156,13.238,12.674,12.72,190639.952211
1744646400,12.719,13.021,12.651,12.87,107156.657661
1744660800,12.876,12.885,12.581,12.642,105459.494403
1744675200,12.642,12.76,12.53,12.738,89202.133251
1744689600,12.737,12.803,12.615,12.734,89496.014777
1744704000,12.735,12.801,12.513,12.594,90052.883383
1744718400,12.594,12.833,12.296,12.372,182436.547916
1744732800,12.372,12.449,12.258,12.366,75464.265963
1744747200,12.36,12.442,12.212,12.238,62331.589718
1744761600,12.236,12.427,12.172,12.397,71287.789103
1744776000,12.395,12.443,12.131,12.162,63417.287988
1744790400,12.159,12.309,12.042,12.174,93456.748636
1744804800,12.177,12.529,12.043,12.322,88753.344986
1744819200,12.322,12.498,11.905,12.39,140661.395475
1744833600,12.39,12.515,12.27,12.357,36795.234711
1744848000,12.356,12.508,12.306,12.39,41506.694049
1744862400,12.389,12.692,12.354,12.6,57561.515667
1744876800,12.609,12.625,12.393,12.447,75402.289988
1744891200,12.45,12.54,12.206,12.443,89039.570994
1744905600,12.444,12.705,12.383,12.494,88475.830698
1744920000,12.498,12.629,12.486,12.536,18572.618056
1744934400,12.538,12.584,12.403,12.562,35201.546551
1744948800,12.562,12.69,12.525,12.64,47827.561731
1744963200,12.64,12.725,12.595,12.63,54230.592359
1744977600,12.633,12.65,12.468,12.516,51935.859722
1744992000,12.516,12.658,12.503,12.636,29606.198677
1745006400,12.639,12.66,12.514,12.565,16695.786459
1745020800,12.57,12.776,12.54,12.72,34390.063956
1745035200,12.719,12.891,12.716,12.865,52674.516522
1745049600,12.867,12.928,12.752,12.756,30859.709905
1745064000,12.759,12.838,12.714,12.758,28502.160155
1745078400,12.756,13.02,12.703,12.938,53868.546993
1745092800,12.942,13.052,12.908,12.933,19673.174827
1745107200,12.937,13.049,12.911,13.038,33250.861103
1745121600,13.039,13.102,12.879,12.978,52490.921916
1745136000,12.98,13.162,12.878,12.91,164399.523884
1745150400,12.909,13.213,12.908,13.11,85486.632278
1745164800,13.109,13.449,13.048,13.409,111204.209833
1745179200,13.407,13.6,13.246,13.28,103142.62402
1745193600,13.286,13.662,13.259,13.532,85029.700823
1745208000,13.534,13.653,13.462,13.645,143811.471058
1745222400,13.65,13.697,13.388,13.452,112244.165116
1745236800,13.446,13.587,13.326,13.357,93237.544142
1745251200,13.363,13.38,12.964,13.14,107565.826766
1745265600,13.134,13.152,13.009,13.102,36365.420071
1745280000,13.106,13.312,12.884,13.122,79108.340372
1745294400,13.129,13.34,13.01,13.285,58552.540125
1745308800,13.286,13.522,13.247,13.452,75172.722989
1745323200,13.446,14.086,13.398,13.854,213491.277369
1745337600,13.856,13.928,13.722,13.854,47994.605074
1745352000,13.854,14.18,13.773,14.134,137448.364885
1745366400,14.135,14.426,14.016,14.426,134027.862761
1745380800,14.426,14.765,14.352,14.748,87633.488962
1745395200,14.746,15.158,14.699,15.011,113867.157428
1745409600,15.009,15.298,14.59,14.85,251735.095672
1745424000,14.85,15.046,14.715,14.864,61244.635983
1745438400,14.868,15.157,14.853,15.024,136695.608971
1745452800,15.016,15.116,14.564,14.573,95263.499378
1745467200,14.568,14.63,14.273,14.325,114961.633428
1745481600,14.327,14.462,14.159,14.433,78465.30303
1745496000,14.439,15.157,14.37,14.869,136606.786972
1745510400,14.875,15.074,14.72,14.953,149616.063442
1745524800,14.955,15.104,14.842,15.056,161817.833436
1745539200,15.062,15.2,14.709,14.978,124443.783476
1745553600,14.976,15.285,14.864,15.117,101973.044945
1745568000,15.114,15.298,14.981,15.144,117952.749633
1745582400,15.146,15.353,14.809,15.193,188417.712689
1745596800,15.194,15.245,14.931,15.057,107178.094608
1745611200,15.057,15.077,14.888,14.916,46877.450042
1745625600,14.92,15.276,14.92,15.093,59798.513098
1745640000,15.093,15.22,14.96,15.091,46391.257026
1745654400,15.09,15.265,14.733,14.772,82034.847504
1745668800,14.772,14.939,14.669,14.921,135621.101499
1745683200,14.921,14.96,14.789,14.895,54854.812198
1745697600,14.894,14.98,14.796,14.872,47186.511907
1745712000,14.872,15.098,14.6,14.754,139820.489345
1745726400,14.752,14.838,14.436,14.56,99501.618368
1745740800,14.558,14.668,14.507,14.528,54075.865682
1745755200,14.529,14.655,14.37,14.482,75691.710873
1745769600,14.481,14.822,14.395,14.817,35747.990718
1745784000,14.821,14.823,14.557,14.561,61180.691782
1745798400,14.556,14.872,14.243,14.842,105951.272307
1745812800,14.844,15.035,14.744,15.023,82067.347003
1745827200,15.021,15.107,14.804,14.975,98735.550832
1745841600,14.974,14.979,14.449,14.55,90115.483143
1745856000,14.547,15.014,14.414,14.956,56660.817004
1745870400,14.952,15.107,14.798,15.02,45122.00518
1745884800,15.027,15.243,14.931,15.071,86083.3997
1745899200,15.067,15.205,14.85,15.172,84775.830293
1745913600,15.172,15.225,15.0,15.027,61464.46455
1745928000,15.031,15.044,14.842,14.902,46933.384379
1745942400,14.909,15.015,14.782,14.855,25441.661328
1745956800,14.868,14.893,14.478,14.609,138340.443808
1745971200,14.604,14.758,14.502,14.712,46466.798986
1745985600,14.72,14.731,14.462,14.533,55839.573397
1746000000,14.53,14.667,14.465,14.63,31544.82927
1746014400,14.631,14.631,13.827,14.128,140449.140062
1746028800,14.126,14.375,13.994,14.22,47303.024123
1746043200,14.214,14.431,14.2,14.294,36802.136501
1746057600,14.294,14.678,14.294,14.534,37036.548441
1746072000,14.539,14.75,14.483,14.733,22851.832163
1746086400,14.722,15.024,14.703,14.981,83315.320663
1746100800,14.982,15.038,14.71,14.868,107318.458306
1746115200,14.867,15.012,14.823,14.84,41460.101477
1746129600,14.838,14.956,14.732,14.748,58867.648486
1746144000,14.745,15.033,14.7,14.877,56952.68746
1746158400,14.877,14.905,14.558,14.564,36100.821
1746172800,14.564,14.769,14.558,14.598,33183.262157
1746187200,14.598,14.874,14.499,14.781,87347.352112
1746201600,14.784,15.018,14.615,14.65,57830.130983
1746216000,14.643,14.804,14.576,14.664,33691.95908
1746230400,14.662,14.671,14.499,14.531,27423.751755
1746244800,14.532,14.557,14.37,14.401,68237.553577
1746259200,14.4,14.428,14.283,14.311,28400.126172
1746273600,14.308,14.53,14.308,14.428,34518.22676
1746288000,14.424,14.428,14.157,14.376,49154.74479
1746302400,14.379,14.448,14.233,14.251,56021.284087
1746316800,14.248,14.369,14.158,14.178,20415.928791
1746331200,14.179,14.267,14.069,14.132,25027.25521
1746345600,14.129,14.13,13.979,14.052,31764.354756
1746360000,14.051,14.183,13.993,14.106,142504.945364
1746374400,14.106,14.135,13.971,14.021,26404.290829
1746388800,14.024,14.193,13.815,13.861,53595.37588
1746403200,13.861,14.025,13.77,13.886,86868.899174
1746417600,13.889,14.201,13.854,14.124,30297.028453
1746432000,14.112,14.155,13.665,13.746,88902.857909
1746446400,13.746,13.828,13.53,13.567,136733.615709
1746460800,13.568,13.815,13.555,13.632,40912.259463
1746475200,13.636,13.767,13.482,13.646,35711.615336
1746489600,13.646,13.68,13.404,13.596,39276.263403
1746504000,13.597,13.631,13.494,13.529,31422.979138
1746518400,13.518,13.521,13.226,13.29,75388.251847
1746532800,13.294,13.505,13.206,13.37,47698.840129
1746547200,13.389,13.693,13.322,13.614,57794.187845
1746561600,13.62,13.892,13.324,13.82,86860.435319
1746576000,13.827,14.086,13.786,13.926,60205.219182
1746590400,13.928,14.004,13.712,13.936,62511.546101
1746604800,13.93,13.987,13.805,13.866,42540.260266
1746619200,13.873,13.881,13.577,13.591,41091.994244
1746633600,13.594,13.704,13.462,13.566,61907.089328
1746648000,13.554,13.913,13.533,13.817,29730.342267
1746662400,13.819,14.504,13.813,14.492,79151.841438
1746676800,14.492,14.736,14.464,14.691,93208.426533
1746691200,14.687,14.967,14.675,14.891,70757.461601
1746705600,14.894,15.43,14.791,15.239,240283.338389
1746720000,15.236,15.607,15.155,15.54,166862.652325
1746734400,15.546,15.988,15.475,15.892,167553.192589
1746748800,15.887,15.955,15.648,15.683,107174.159671
1746763200,15.686,16.292,15.585,16.11,156541.114125
1746777600,16.108,16.737,15.839,16.23,228940.276941
1746792000,16.223,16.39,15.759,15.96,96459.726456
1746806400,15.968,16.195,15.741,15.995,61980.43912
1746820800,16.012,16.089,15.921,16.02,43569.161859
1746835200,16.02,16.305,15.866,16.061,81929.460997
1746849600,16.06,16.416,15.899,16.354,94889.758879
1746864000,16.356,16.532,16.027,16.089,121591.143989
1746878400,16.09,16.51,16.09,16.423,65674.75825
1746892800,16.427,17.0,16.405,16.778,193408.742849
1746907200,16.779,17.469,16.643,17.339,142729.099757
1746921600,17.335,17.442,16.798,16.95,134575.40965
1746936000,16.951,17.045,16.307,16.458,181199.274334
1746950400,16.459,16.69,16.386,16.674,51990.780193
1746964800,16.667,16.843,16.423,16.618,81932.610765
1746979200,16.619,17.072,16.432,16.95,53533.859555
1746993600,16.947,17.164,16.85,17.108,56142.927604
1747008000,17.11,17.346,16.797,17.163,99772.714816
1747022400,17.159,17.982,16.944,17.51,186564.301287
1747036800,17.509,17.634,17.109,17.136,147687.804156
1747051200,17.132,17.584,16.689,16.836,159589.911327
1747065600,16.832,17.024,16.025,16.538,147773.324876
1747080000,16.526,16.836,16.405,16.739,48274.784972
1747094400,16.739,16.742,16.049,16.069,181857.5157
1747108800,16.066,16.568,16.032,16.412,67100.615552
1747123200,16.419,16.778,16.362,16.66,73366.1821
1747137600,16.669,16.899,16.524,16.873,156397.579647
1747152000,16.875,17.808,16.834,17.618,131051.735032
1747166400,17.616,17.752,17.349,17.395,93850.119909
1747180800,17.394,17.537,17.069,17.23,98391.033752
1747195200,17.231,17.456,17.119,17.194,80456.048684
1747209600,17.194,17.246,16.804,17.12,88469.065273
1747224000,17.125,17.27,16.77,17.015,132221.349176
1747238400,17.01,17.107,16.68,17.022,92146.0608
1747252800,17.016,17.116,16.795,17.012,56439.893709
1747267200,17.018,17.207,16.684,16.716,67557.427408
1747281600,16.723,16.831,16.19,16.207,123737.391344
1747296000,16.206,16.554,16.086,16.317,97673.410176
1747310400,16.314,16.483,15.854,16.452,108331.986434
1747324800,16.449,16.719,15.994,16.178,88884.618142
1747339200,16.182,16.318,15.695,16.042,170587.9565
1747353600,16.044,16.338,15.921,16.302,93496.31779
1747368000,16.302,16.495,16.155,16.354,57042.931517
1747382400,16.353,16.542,16.033,16.353,81407.279454
1747396800,16.356,16.386,16.083,16.251,67027.070498
1747411200,16.26,16.336,15.983,16.068,35114.537212
1747425600,16.064,16.091,15.609,15.762,85719.728609
1747440000,15.76,15.79,15.243,15.517,178280.480737
1747454400,15.521,15.633,15.335,15.407,37404.68745
1747468800,15.409,15.481,15.256,15.317,32613.252418
1747483200,15.312,15.423,15.123,15.312,42615.869369
1747497600,15.313,15.442,15.083,15.244,56679.566718
1747512000,15.244,15.5,15.146,15.33,58618.396983
1747526400,15.329,15.448,15.266,15.368,69643.718887
1747540800,15.371,15.75,15.371,15.736,61372.229844
1747555200,15.74,15.88,15.636,15.638,44158.219564
1747569600,15.642,16.366,15.558,16.345,95269.630623
1747584000,16.36,16.399,15.164,15.186,172335.698088
1747598400,15.181,15.967,14.89,15.879,184213.275862
1747612800,15.881,16.008,15.125,15.143,84534.835911
1747627200,15.147,15.293,14.838,15.189,90470.351047
1747641600,15.18,15.309,15.097,15.21,36804.65486
1747656000,15.205,15.513,15.01,15.472,80174.832014
1747670400,15.471,15.914,15.356,15.786,203564.350049
1747684800,15.781,15.847,15.652,15.786,85073.635077
1747699200,15.787,16.417,15.658,16.13,122233.153764
1747713600,16.131,16.29,15.9,15.951,68156.115645
1747728000,15.948,16.034,15.538,15.674,65030.565048
1747742400,15.674,15.678,15.418,15.568,92415.227517
1747756800,15.536,15.673,15.241,15.602,76692.984983
1747771200,15.6,15.816,15.506,15.7,48988.339962
1747785600,15.709,15.936,15.516,15.873,54751.830758
1747800000,15.871,16.087,15.793,15.844,97709.879897
1747814400,15.852,16.241,15.576,15.876,120490.699114
1747828800,15.874,16.17,15.623,16.109,110953.698827
1747843200,16.115,16.484,15.543,15.966,193513.60101
1747857600,15.96,16.326,15.759,16.102,102334.69228
1747872000,16.104,16.522,16.04,16.411,84803.296558
1747886400,16.418,16.491,16.212,16.409,71973.878394
1747900800,16.419,16.749,16.394,16.61,104975.000524
1747915200,16.611,16.896,16.385,16.8,160378.980238
1747929600,16.807,16.904,16.618,16.65,91776.138057
1747944000,16.659,16.777,16.523,16.738,67129.804704
1747958400,16.741,17.168,16.59,17.131,202847.081705
1747972800,17.133,17.16,16.563,16.664,79982.246584
1747987200,16.68,17.123,16.216,16.301,132884.995237
1748001600,16.302,16.482,15.776,16.195,311251.5862
1748016000,16.2,16.373,16.029,16.038,90591.694784
1748030400,16.043,16.05,15.423,15.538,95160.691023
1748044800,15.535,15.807,15.441,15.738,98315.57572
1748059200,15.738,15.885,15.643,15.68,37113.839035
1748073600,15.684,15.904,15.626,15.755,48925.416595
1748088000,15.756,15.804,15.578,15.64,59485.225157
1748102400,15.642,15.695,15.426,15.503,39758.227633
1748116800,15.504,15.517,15.25,15.342,90635.104718
1748131200,15.342,15.508,15.116,15.468,142332.180104
1748145600,15.469,15.478,15.264,15.296,26305.411532
1748160000,15.295,15.295,15.069,15.153,64347.705262
1748174400,15.145,15.318,14.866,15.024,84445.379352
1748188800,15.03,15.185,14.884,15.13,31739.713555
1748203200,15.129,15.556,15.009,15.532,54119.146327
1748217600,15.537,15.802,15.494,15.694,57565.289634
1748232000,15.695,15.935,15.587,15.934,44085.543086
1748246400,15.935,15.959,15.691,15.741,42520.181972
1748260800,15.754,15.807,15.421,15.762,56081.94842
1748275200,15.765,15.83,15.39,15.489,36168.649285
1748289600,15.486,15.679,15.415,15.54,43101.063962
1748304000,15.54,15.606,15.158,15.458,67202.937829
1748318400,15.459,15.903,15.439,15.844,69623.423615
1748332800,15.849,15.982,15.829,15.949,64312.84008
1748347200,15.954,16.104,15.72,15.996,74905.940422
1748361600,16.0,16.131,15.875,15.931,57458.34572
1748376000,15.936,16.02,15.789,15.912,33553.916063
1748390400,15.912,16.064,15.718,16.033,43581.210576
1748404800,16.032,16.153,15.783,15.868,40465.462202
1748419200,15.878,16.007,15.736,15.978,34252.583795
1748433600,15.984,16.096,15.429,15.44,101514.722092
1748448000,15.447,15.672,15.313,15.324,40155.888558
1748462400,15.321,15.769,15.316,15.689,88597.038294
1748476800,15.694,16.191,15.595,16.027,114965.721736
1748491200,16.02,16.061,15.672,15.791,49913.830687
1748505600,15.79,15.925,15.71,15.856,33619.09366
1748520000,15.852,15.852,15.312,15.354,78483.446595
1748534400,15.358,15.502,15.143,15.194,88328.754142
1748548800,15.198,15.3,15.0,15.042,59259.938709
1748563200,15.046,15.122,14.17,14.707,280097.417101
1748577600,14.705,14.763,14.435,14.493,40644.175903
1748592000,14.502,14.589,14.291,14.538,59303.9541
1748606400,14.538,14.595,14.228,14.246,71138.455102
1748620800,14.249,14.35,13.81,14.268,136260.570612
1748635200,14.262,14.291,13.762,13.893,77152.258465
1748649600,13.896,13.939,13.398,13.55,291602.819592
1748664000,13.554,13.751,13.427,13.704,85023.080085
1748678400,13.707,13.893,13.619,13.669,51046.78609
1748692800,13.664,14.02,13.654,13.877,100448.012891
1748707200,13.875,14.178,13.836,14.126,89343.49891
1748721600,14.124,14.188,13.953,13.96,52806.593379
1748736000,13.97,13.98,13.747,13.841,60267.241751
1748750400,13.841,13.993,13.803,13.864,39738.818098
1748764800,13.865,13.885,13.58,13.812,81327.356629
1748779200,13.807,13.963,13.699,13.936,32337.85404
1748793600,13.941,14.098,13.782,14.01,65435.839018
1748808000,14.012,14.128,13.944,14.067,28728.236273
1748822400,14.067,14.084,13.802,13.866,49344.712515
1748836800,13.863,13.986,13.781,13.882,35255.593829
1748851200,13.883,13.966,13.648,13.685,58401.184778
1748865600,13.68,13.831,13.631,13.706,84026.02796
1748880000,13.709,13.843,13.593,13.674,46288.232337
1748894400,13.679,14.12,13.679,14.078,54962.92065
1748908800,14.082,14.442,14.04,14.145,66262.738547
1748923200,14.146,14.223,14.048,14.134,118440.171902
1748937600,14.129,14.164,14.002,14.079,42664.522526
1748952000,14.084,14.439,14.039,14.332,140346.668662
1748966400,14.332,14.406,14.215,14.352,44698.74558
1748980800,14.356,14.356,13.981,14.114,44141.148988
1748995200,14.112,14.399,14.057,14.336,49693.163037
1749009600,14.339,14.413,14.23,14.292,32945.431356
1749024000,14.293,14.476,14.193,14.197,37542.621365
1749038400,14.198,14.231,13.966,14.175,46384.126947
1749052800,14.177,14.183,13.891,13.899,26270.728896
1749067200,13.898,13.949,13.717,13.826,45445.956768
1749081600,13.835,13.957,13.741,13.885,56738.05828
1749096000,13.887,13.948,13.708,13.751,46764.988449
1749110400,13.753,13.841,13.629,13.767,46439.901684
1749124800,13.77,14.039,13.533,13.713,54964.31525
1749139200,13.712,13.725,13.084,13.191,112913.561811
1749153600,13.198,13.239,12.642,12.883,154773.677565
1749168000,12.885,13.194,12.821,13.191,71043.257874
1749182400,13.192,13.268,13.095,13.169,25190.509693
1749196800,13.179,13.275,13.147,13.215,35915.889045
1749211200,13.218,13.677,13.201,13.537,170871.709213
1749225600,13.533,13.612,13.413,13.476,50594.790456
1749240000,13.476,13.614,13.442,13.567,31580.238998
1749254400,13.569,13.833,13.476,13.8,51376.530057
1749268800,13.803,14.062,13.745,14.025,65371.501593
1749283200,14.028,14.072,13.907,13.989,53940.834269
1749297600,13.992,14.079,13.893,13.936,35799.395846
1749312000,13.937,13.96,13.76,13.812,23648.812673
1749326400,13.809,13.91,13.763,13.824,23864.015314
1749340800,13.819,13.856,13.746,13.785,27473.964532
1749355200,13.784,13.829,13.72,13.732,29164.841199
1749369600,13.734,13.776,13.553,13.758,60502.933418
1749384000,13.764,13.887,13.679,13.752,32135.277392
1749398400,13.755,13.91,13.754,13.91,24995.370142
1749412800,13.91,13.975,13.666,13.721,52881.823182
1749427200,13.723,13.791,13.623,13.71,15862.951189
1749441600,13.706,13.729,13.538,13.664,25759.515845
1749456000,13.661,13.954,13.571,13.902,66165.936855
1749470400,13.905,14.009,13.761,13.932,54374.92343
1749484800,13.932,14.093,13.932,14.011,37175.277677
1749499200,14.012,14.408,14.012,14.35,66810.237649
1749513600,14.352,14.627,14.328,14.473,90145.277765
1749528000,14.476,14.565,14.321,14.475,71098.703365
1749542400,14.483,15.232,14.421,15.17,158327.65035
1749556800,15.168,15.359,14.813,15.094,200810.196517
1749571200,15.092,15.531,15.041,15.276,231757.955126
1749585600,15.279,15.462,15.13,15.447,48483.217482
1749600000,15.45,15.51,15.135,15.3,61342.30094
1749614400,15.289,15.455,15.196,15.399,35338.007699
1749628800,15.397,15.51,15.073,15.179,132002.477634
1749643200,15.18,15.659,15.085,15.612,144392.727906
1749657600,15.617,15.641,15.092,15.15,118495.421575
1749672000,15.15,15.251,14.771,14.893,85840.470649
1749686400,14.894,14.927,14.586,14.655,60868.283168
1749700800,14.656,14.672,14.42,14.43,74186.962383
1749715200,14.424,14.48,14.045,14.122,189928.476341
1749729600,14.124,14.512,14.081,14.253,85748.338315
1749744000,14.252,14.572,14.091,14.133,67664.01789
1749758400,14.13,14.185,13.834,13.974,79230.132993
1749772800,13.974,13.986,12.763,13.251,458188.389942
1749787200,13.254,13.291,13.026,13.236,123606.142559
1749801600,13.236,13.4,13.128,13.322,96256.108936
1749816000,13.322,13.482,13.112,13.405,98253.673705
1749830400,13.406,13.599,13.023,13.13,151558.446504
1749844800,13.134,13.454,13.088,13.443,56511.175915
1749859200,13.445,13.465,13.245,13.26,54894.29273
1749873600,13.261,13.334,13.129,13.213,44430.143142
1749888000,13.213,13.218,13.092,13.159,52826.207767
1749902400,13.158,13.198,12.937,13.002,124671.247997
1749916800,12.999,13.082,12.836,12.993,116170.290179
1749931200,12.996,13.204,12.921,13.151,25201.241135
1749945600,13.155,13.27,13.139,13.222,33690.378396
1749960000,13.221,13.324,13.115,13.152,37026.83629
1749974400,13.158,13.164,13.021,13.073,48369.446897
1749988800,13.074,13.306,13.053,13.173,62808.722014
1750003200,13.179,13.24,13.1,13.135,33875.473767
1750017600,13.139,13.309,12.99,13.296,73672.485283
1750032000,13.296,13.479,13.173,13.378,54083.478111
1750046400,13.38,13.734,13.373,13.678,82503.296719
1750060800,13.688,13.747,13.556,13.683,39901.085894
1750075200,13.684,13.892,13.626,13.797,68619.791045
1750089600,13.801,14.087,13.788,14.061,34410.38782
1750104000,14.061,14.16,13.526,13.563,126624.187202
1750118400,13.566,13.78,13.311,13.666,116602.76409
1750132800,13.67,13.728,13.466,13.496,89023.265646
1750147200,13.496,13.515,13.198,13.253,67847.744896
1750161600,13.254,13.361,12.927,13.05,127657.379601
1750176000,13.052,13.242,12.8,13.161,187346.722288
1750190400,13.158,13.194,12.853,12.988,89695.080872
1750204800,12.996,13.154,12.962,13.077,104418.409459
1750219200,13.076,13.225,13.025,13.091,80774.059391
1750233600,13.092,13.126,12.682,12.853,97019.104651
1750248000,12.859,13.002,12.629,12.897,172864.576302
1750262400,12.891,12.943,12.69,12.771,61657.824675
1750276800,12.774,13.147,12.739,13.119,44779.882791
1750291200,13.116,13.254,13.02,13.2,78374.565247
1750305600,13.2,13.281,13.123,13.126,32474.309544
1750320000,13.127,13.381,13.127,13.172,97698.929311
1750334400,13.175,13.221,12.936,12.952,180475.685282
1750348800,12.953,13.163,12.909,13.023,24938.971508
1750363200,13.02,13.152,12.994,13.065,47244.227292
1750377600,13.069,13.117,12.993,13.0,17505.719256
1750392000,12.999,13.186,12.885,13.173,33994.018352
1750406400,13.185,13.278,13.076,13.135,40207.420199
1750420800,13.137,13.244,12.826,12.904,80155.757017
1750435200,12.899,12.91,12.297,12.578,113379.868562
1750449600,12.574,12.725,12.367,12.51,45525.000228
1750464000,12.508,12.732,12.492,12.686,29244.131316
1750478400,12.683,12.711,12.58,12.634,24722.466254
1750492800,12.64,12.743,12.632,12.672,22766.773477
1750507200,12.673,12.699,12.396,12.495,35253.219992
1750521600,12.491,12.555,12.186,12.196,44366.618257
1750536000,12.2,12.333,11.685,12.029,175659.056312
1750550400,12.029,12.198,11.832,11.907,83771.599494
1750564800,11.905,12.099,11.875,11.962,25565.021671
1750579200,11.97,12.009,11.777,11.893,52488.806642
1750593600,11.891,11.973,11.295,11.44,230255.563509
1750608000,11.435,11.584,11.2,11.226,80428.140239
1750622400,11.226,11.674,10.934,11.655,181396.25639
1750636800,11.656,11.765,11.555,11.639,45244.485384
1750651200,11.639,11.919,11.626,11.857,52312.643661
1750665600,11.855,11.911,11.754,11.848,56978.629359
1750680000,11.847,12.095,11.679,11.758,115136.445404
1750694400,11.76,12.184,11.403,12.15,177913.829083
1750708800,12.147,12.94,12.113,12.83,166468.581935
1750723200,12.827,13.044,12.776,12.95,122977.241892
1750737600,12.946,13.322,12.92,13.03,106047.548511
1750752000,13.031,13.275,12.937,13.154,68254.033186
1750766400,13.158,13.429,13.065,13.346,207187.84527
1750780800,13.355,13.73,13.269,13.341,174641.635728
1750795200,13.341,13.416,13.281,13.41,43398.840703
1750809600,13.412,13.51,13.287,13.353,49726.116653
1750824000,13.358,13.466,13.253,13.456,56266.260629
1750838400,13.46,13.476,13.192,13.275,52290.023678
1750852800,13.279,13.325,13.021,13.055,88361.46922
1750867200,13.055,13.25,12.992,13.233,71945.64854
1750881600,13.224,13.306,13.04,13.14,43588.432186
1750896000,13.14,13.56,13.07,13.345,90262.334566
1750910400,13.347,13.432,13.203,13.38,38623.573632
1750924800,13.377,13.452,13.141,13.204,48391.939774
1750939200,13.198,13.201,12.939,13.117,57489.882215
1750953600,13.113,13.166,12.995,13.115,23814.204181
1750968000,13.111,13.278,12.88,12.939,51648.089243
1750982400,12.938,13.168,12.771,13.13,44331.598873
1750996800,13.13,13.236,13.004,13.026,25053.500454
1751011200,13.03,13.205,13.014,13.044,34444.444879
1751025600,13.043,13.117,12.86,13.04,45311.301535
1751040000,13.045,13.187,12.731,12.883,56811.10105
1751054400,12.883,13.069,12.864,13.049,24787.900466
1751068800,13.05,13.183,12.999,13.16,30408.909047
1751083200,13.159,13.175,13.085,13.169,19950.661908
1751097600,13.171,13.192,13.093,13.097,22693.638163
1751112000,13.101,13.293,13.048,13.273,15481.537055
1751126400,13.274,13.407,13.223,13.308,52267.017282
1751140800,13.311,13.449,13.29,13.399,36391.116707
1751155200,13.4,13.442,13.275,13.281,30295.411421
1751169600,13.285,13.441,13.266,13.441,30346.785025
1751184000,13.441,13.481,13.384,13.452,47843.499203
1751198400,13.45,13.455,13.265,13.281,29793.094927
1751212800,13.28,13.417,13.242,13.346,24643.805257
1751227200,13.348,13.868,13.254,13.707,90118.033296
1751241600,13.71,13.783,13.483,13.495,70385.087382
1751256000,13.492,13.502,13.191,13.337,51486.581961
1751270400,13.334,13.363,13.173,13.201,41253.451135
1751284800,13.203,13.453,13.124,13.373,104454.820686
1751299200,13.377,13.64,13.259,13.625,43658.912483
1751313600,13.625,13.671,13.37,13.377,31906.036121
1751328000,13.377,13.43,13.228,13.317,41687.818642
1751342400,13.315,13.318,13.085,13.225,32043.637992
1751356800,13.225,13.262,13.11,13.13,18087.815718
1751371200,13.135,13.172,12.943,13.009,53315.306647
1751385600,13.012,13.066,12.82,12.82,25395.670196
1751400000,12.821,12.934,12.786,12.895,30202.857103
1751414400,12.895,12.96,12.731,12.911,33124.445609
1751428800,12.911,13.092,12.888,13.032,28734.122681
1751443200,13.045,13.183,13.039,13.079,26413.029
1751457600,13.087,13.375,12.995,13.364,61142.701121
1751472000,13.365,13.787,13.365,13.773,117794.437856
1751486400,13.775,13.849,13.547,13.551,75587.936759
1751500800,13.554,13.607,13.442,13.469,27767.464867
1751515200,13.467,13.909,13.456,13.884,72899.539358
1751529600,13.885,13.968,13.714,13.814,38332.5186
1751544000,13.812,14.079,13.584,13.614,133087.236387
1751558400,13.611,13.779,13.608,13.704,74295.263445
1751572800,13.708,13.793,13.646,13.664,16280.945099
1751587200,13.67,13.786,13.564,13.594,36556.405331
1751601600,13.598,13.615,13.364,13.374,38796.169202
1751616000,13.372,13.475,13.225,13.34,124190.949643
1751630400,13.344,13.399,13.056,13.076,108065.239799
1751644800,13.074,13.106,12.94,13.012,44546.977242
1751659200,13.012,13.249,12.998,13.165,18152.529231
1751673600,13.165,13.224,13.075,13.194,23941.615235
1751688000,13.198,13.264,13.155,13.185,10924.378733
1751702400,13.185,13.258,13.107,13.236,32669.896775
1751716800,13.24,13.244,13.116,13.128,25886.306819
1751731200,13.128,13.16,12.99,13.115,17950.860822
1751745600,13.113,13.269,13.103,13.225,19371.985086
1751760000,13.228,13.236,13.153,13.207,14067.922427
1751774400,13.204,13.258,13.149,13.154,8717.241512
1751788800,13.152,13.205,13.101,13.198,55904.708467
1751803200,13.206,13.496,13.168,13.434,50777.622485
1751817600,13.437,13.493,13.283,13.389,23643.826128
1751832000,13.389,13.698,13.387,13.488,62251.767028
1751846400,13.486,13.675,13.413,13.556,98384.382144
1751860800,13.557,13.736,13.496,13.624,127576.107083
1751875200,13.627,13.668,13.527,13.58,36117.68029
1751889600,13.58,13.684,13.446,13.533,79505.586985
1751904000,13.534,13.584,13.312,13.435,56768.950448
1751918400,13.432,13.438,13.249,13.435,22417.957182
1751932800,13.435,13.471,13.203,13.247,51465.354102
1751947200,13.247,13.359,13.203,13.355,15322.528933
1751961600,13.355,13.532,13.254,13.504,27077.506892
1751976000,13.505,13.672,13.423,13.49,90747.724189
1751990400,13.493,13.948,13.451,13.913,116693.335783
1752004800,13.913,13.999,13.787,13.964,89118.651437
1752019200,13.969,13.988,13.816,13.846,128100.555065
1752033600,13.844,14.225,13.814,14.147,143464.256295
1752048000,14.15,14.188,13.981,14.03,49148.967404
1752062400,14.03,14.186,13.9,14.015,78327.600336
1752076800,14.019,14.359,13.93,14.297,107659.706126
1752091200,14.295,14.379,14.105,14.255,55704.067981
1752105600,14.255,14.387,14.156,14.321,231589.274004
1752120000,14.319,14.482,14.226,14.399,175831.207948
1752134400,14.398,14.478,14.303,14.329,30297.919883
1752148800,14.324,14.403,14.217,14.34,51112.505967
1752163200,14.343,14.745,14.322,14.659,118493.814547
1752177600,14.655,15.344,14.65,15.239,208179.554618
1752192000,15.238,15.433,15.014,15.366,63629.59609
1752206400,15.35,15.604,15.227,15.264,113374.075008
1752220800,15.269,15.613,15.233,15.44,69131.530998
1752235200,15.444,15.877,15.419,15.48,116609.173044
1752249600,15.483,15.85,15.421,15.806,87631.802687
1752264000,15.804,15.819,15.023,15.288,101375.384586
1752278400,15.283,15.474,15.039,15.37,94550.115515
1752292800,15.37,15.388,15.094,15.246,60394.474864
1752307200,15.246,15.412,15.19,15.262,30628.861627
1752321600,15.261,15.3,14.705,14.818,154745.87143
1752336000,14.83,15.086,14.762,15.054,23552.123013
1752350400,15.054,15.138,14.857,15.105,28014.321547
1752364800,15.105,15.204,15.04,15.133,18374.772078
1752379200,15.144,15.372,15.097,15.354,32294.308022
1752393600,15.355,15.418,15.258,15.414,53025.540265
1752408000,15.409,15.952,15.37,15.696,171151.093118
1752422400,15.702,15.919,15.544,15.786,77484.549126
1752436800,15.786,15.902,15.471,15.654,110497.158144
1752451200,15.653,16.276,15.62,16.152,118492.810019
1752465600,16.159,16.3,15.937,16.158,110260.081186
1752480000,16.162,16.311,15.93,16.243,96750.869088
1752494400,16.241,16.47,15.812,15.966,135681.590126
1752508800,15.957,16.156,15.693,15.76,62776.023859
1752523200,15.757,15.876,15.567,15.753,182587.026755
1752537600,15.756,15.885,15.174,15.271,130511.649483
1752552000,15.274,15.51,15.143,15.406,58148.166998
1752566400,15.409,15.529,15.279,15.372,30480.090463
1752580800,15.37,15.724,15.178,15.565,102655.00259
1752595200,15.571,16.193,15.57,15.612,130925.603945
1752609600,15.619,16.17,15.575,16.108,65076.335366
1752624000,16.107,16.217,15.851,15.924,94684.000608
1752638400,15.93,16.391,15.824,16.311,78906.710754
1752652800,16.312,16.62,16.31,16.402,171747.29223
1752667200,16.404,16.836,16.393,16.611,115952.299492
1752681600,16.61,17.111,16.583,16.872,150520.247813
1752696000,16.873,17.034,16.595,16.664,81949.623123
1752710400,16.674,16.855,16.324,16.427,61654.636023
1752724800,16.42,17.011,16.362,16.978,85780.336525
1752739200,16.985,17.278,16.88,17.083,95821.019773
1752753600,17.086,17.322,16.79,17.143,83076.828748
1752768000,17.137,17.325,16.776,17.065,67066.798972
1752782400,17.064,18.116,16.83,17.993,218269.71567
1752796800,17.994,18.763,17.859,18.743,287783.500775
1752811200,18.744,19.22,18.493,18.508,201839.934281
1752825600,18.508,18.799,18.249,18.345,148828.401995
1752840000,18.35,18.71,17.73,17.92,261281.388011
1752854400,17.916,18.147,17.646,17.731,104768.068549
1752868800,17.729,17.915,17.317,17.815,149308.895238
1752883200,17.823,18.227,17.535,18.193,108208.249813
1752897600,18.196,18.341,17.926,17.961,72021.69077
1752912000,17.961,18.014,17.691,17.715,58823.614756
1752926400,17.719,17.959,17.589,17.924,66789.475765
1752940800,17.923,18.51,17.856,18.362,111088.112732
1752955200,18.361,18.546,18.121,18.396,117606.712691
1752969600,18.389,18.83,18.326,18.671,126568.589255
1752984000,18.673,18.966,18.505,18.809,129849.621188
1752998400,18.818,19.653,18.815,19.392,189981.554742
1753012800,19.384,19.95,19.178,19.71,252796.08199
1753027200,19.712,19.792,19.199,19.439,163820.887702
1753041600,19.443,19.502,18.882,19.28,131542.915421
1753056000,19.285,19.587,18.983,19.582,135181.93249
1753070400,19.567,19.945,19.388,19.747,132383.774891
1753084800,19.743,20.29,19.59,20.053,396608.918606
1753099200,20.056,20.301,19.694,19.797,364785.761044
1753113600,19.803,19.846,19.182,19.266,141992.731593
1753128000,19.262,19.617,19.187,19.499,100632.427693
1753142400,19.504,19.996,19.015,19.558,248321.134813
1753156800,19.558,19.563,18.842,19.059,294775.159646
1753171200,19.061,19.331,18.627,19.219,154017.81271
1753185600,19.223,19.477,18.745,19.349,137699.348672
1753200000,19.345,19.563,18.974,19.056,92554.194237
1753214400,19.048,19.685,19.009,19.676,110982.407783
1753228800,19.658,19.757,19.415,19.464,153569.513287
1753243200,19.465,19.71,19.002,19.141,66780.643768
1753257600,19.141,19.253,18.772,18.91,99159.30771
1753272000,18.913,18.94,17.836,18.497,376600.011638
1753286400,18.496,18.496,17.677,17.984,187298.538207
1753300800,17.984,18.29,17.547,18.17,130048.86528
1753315200,18.169,18.47,18.044,18.223,193661.66976
1753329600,18.232,18.3,17.156,17.735,272949.003555
1753344000,17.73,18.148,17.582,18.076,172660.955003
1753358400,18.07,18.687,17.783,18.466,164493.86602
1753372800,18.473,18.589,18.095,18.34,63963.131194
1753387200,18.336,18.427,17.848,17.911,47571.027916
1753401600,17.913,17.913,17.258,17.493,174352.210427
1753416000,17.493,17.7,17.288,17.493,366436.965058
1753430400,17.491,18.42,17.45,18.312,171490.943429
1753444800,18.312,18.485,17.409,17.606,129538.55756
1753459200,17.608,17.864,17.451,17.72,54159.58949
1753473600,17.719,18.416,17.688,18.28,151578.032126
1753488000,18.28,18.458,18.181,18.362,52276.545342
1753502400,18.362,18.405,18.204,18.222,43224.034743
1753516800,18.225,18.492,18.225,18.258,47819.231345
1753531200,18.259,18.455,18.166,18.403,57693.885066
1753545600,18.403,18.579,18.221,18.552,38361.849345
1753560000,18.555,18.726,18.332,18.415,777828.341624
1753574400,18.416,18.78,18.355,18.7,148454.051341
1753588800,18.699,19.074,18.669,18.781,97392.086509
1753603200,18.782,18.997,18.556,18.757,62630.306646
1753617600,18.753,18.944,18.647,18.851,33279.141528
1753632000,18.853,19.114,18.842,19.007,52981.926621
1753646400,19.006,19.291,18.902,19.229,83855.308999
1753660800,19.242,19.419,18.928,19.13,111202.764196
1753675200,19.127,19.559,19.043,19.294,86423.930986
1753689600,19.293,19.346,18.928,19.086,63606.366293
1753704000,19.088,19.121,18.288,18.389,139519.462174
1753718400,18.389,18.503,18.093,18.214,83792.773781
1753732800,18.229,18.27,17.969,18.113,58612.375696
1753747200,18.116,18.309,17.886,18.265,135345.982457
1753761600,18.268,18.596,18.109,18.588,63961.998184
1753776000,18.594,18.665,18.007,18.131,113039.875937
1753790400,18.138,18.349,17.609,17.69,129918.01912
1753804800,17.687,17.927,17.479,17.703,134846.660703
1753819200,17.707,17.892,17.551,17.837,73302.677183
1753833600,17.831,17.958,17.622,17.838,54889.415437
1753848000,17.844,17.894,17.628,17.705,46367.504559
1753862400,17.709,17.824,17.209,17.299,96265.767223
1753876800,17.311,17.721,17.205,17.588,114480.072601
1753891200,17.6,17.794,16.762,17.472,180194.056616
1753905600,17.468,17.779,17.353,17.705,69000.911259
1753920000,17.705,18.085,17.636,18.059,113694.790771
1753934400,18.06,18.111,17.94,18.025,65434.441747
1753948800,18.029,18.232,17.924,17.977,53473.134052
1753963200,17.98,18.004,17.323,17.524,103939.766665
1753977600,17.524,17.864,17.204,17.234,97878.943848
1753992000,17.227,17.293,16.852,16.927,92775.057548
1754006400,16.93,17.038,16.439,16.871,964166.836553
1754020800,16.871,16.873,16.503,16.636,156307.604405
1754035200,16.627,16.631,16.289,16.618,112483.428641
1754049600,16.61,16.802,16.154,16.634,154997.133144
1754064000,16.627,16.752,16.154,16.383,159329.960935
1754078400,16.38,16.435,15.661,16.071,384104.512394
1754092800,16.069,16.248,16.032,16.202,70454.873925
1754107200,16.198,16.249,15.78,16.148,48305.474689
1754121600,16.142,16.172,15.835,16.034,48174.22173
1754136000,16.028,16.096,15.728,15.786,40523.988213
1754150400,15.78,15.923,15.434,15.582,119751.709129
1754164800,15.582,15.804,15.52,15.642,46479.442468
1754179200,15.641,15.927,15.442,15.9,43457.170327
1754193600,15.895,16.025,15.825,16.011,37275.756309
1754208000,16.014,16.241,16.0,16.163,33177.329146
1754222400,16.162,16.235,16.083,16.233,35576.919702
1754236800,16.233,16.34,16.182,16.273,26385.005764
1754251200,16.267,16.398,16.201,16.293,30883.518064
1754265600,16.297,16.652,16.273,16.581,52222.690308
1754280000,16.583,16.665,16.438,16.632,44979.134898
1754294400,16.639,16.738,16.554,16.594,41307.637933
1754308800,16.594,16.955,16.541,16.923,150090.918718
1754323200,16.923,17.2,16.809,16.847,75721.184983
1754337600,16.849,17.173,16.825,17.108,49488.073874
1754352000,17.116,17.122,16.75,16.783,72132.378092
1754366400,16.783,16.904,16.441,16.504,78442.164686
1754380800,16.498,16.98,16.455,16.865,52806.574871
1754395200,16.875,16.898,16.206,16.261,121102.260389
1754409600,16.256,16.44,16.214,16.267,53623.880558
1754424000,16.274,16.428,16.079,16.385,36512.403103
1754438400,16.387,16.388,16.056,16.102,26946.982635
1754452800,16.099,16.53,16.033,16.506,63326.938521
1754467200,16.515,16.534,16.327,16.402,41720.803702
1754481600,16.401,16.806,16.243,16.772,198000.527757
1754496000,16.773,16.9,16.615,16.784,101228.007676
1754510400,16.787,16.792,16.67,16.676,43967.338289
1754524800,16.672,16.809,16.582,16.603,72628.403501
1754539200,16.597,16.84,16.595,16.825,88694.776826
1754553600,16.833,17.416,16.816,17.351,154707.951045
1754568000,17.346,18.093,17.307,17.836,236898.355665
1754582400,17.841,18.299,17.622,18.295,160390.499811
1754596800,18.296,18.5,18.183,18.472,162134.203061
1754611200,18.471,19.204,18.083,19.2,1659465.344889
1754625600,19.201,19.427,18.767,19.333,227277.856552
1754640000,19.326,19.511,19.158,19.495,157542.626713
1754654400,19.493,19.93,19.07,19.209,254129.871034
1754668800,19.208,19.75,19.078,19.748,116731.281871
1754683200,19.747,19.966,19.532,19.894,101239.666537
1754697600,19.89,20.942,19.786,20.876,327126.766131
1754712000,20.873,21.476,20.678,20.809,620472.340668
1754726400,20.805,21.185,20.708,20.884,183398.881075
1754740800,20.885,21.427,20.836,21.061,229411.120297
1754755200,21.069,21.454,21.069,21.221,132071.139797
1754769600,21.221,21.994,21.13,21.944,295342.717909
1754784000,21.945,22.202,21.241,21.492,301764.122308
1754798400,21.494,22.7,21.386,21.89,468772.36825
1754812800,21.892,22.308,21.535,21.572,342603.926062
1754827200,21.568,22.537,21.158,22.491,386857.794088
1754841600,22.489,22.673,22.024,22.134,247197.328522
1754856000,22.136,22.226,21.788,22.071,152590.647905
1754870400,22.071,22.431,21.815,22.32,284640.256461
1754884800,22.333,22.613,21.893,21.954,164177.015813
1754899200,21.951,22.071,21.207,21.288,199264.561539
1754913600,21.282,22.081,21.192,21.964,349531.184006
1754928000,21.963,22.261,21.25,21.384,181225.195093
1754942400,21.384,21.434,20.847,21.067,195428.872013
1754956800,21.067,21.725,21.038,21.45,171348.725635
1754971200,21.452,21.739,21.321,21.476,105659.641323
1754985600,21.491,21.659,21.006,21.291,166394.975266
1755000000,21.29,24.107,21.285,24.023,900325.8581
1755014400,24.03,24.2,23.168,23.416,280362.950147
1755028800,23.418,23.7,23.115,23.604,260600.797751
1755043200,23.604,24.576,23.303,24.538,401541.155037
1755057600,24.54,24.73,23.231,23.413,358196.581259
1755072000,23.41,24.398,23.341,24.182,478679.441228
1755086400,24.176,24.22,23.357,23.618,332552.738189
1755100800,23.616,23.939,23.493,23.771,215375.500259
1755115200,23.771,24.164,23.608,23.971,134047.10561
1755129600,23.976,24.312,23.774,24.246,209239.464509
1755144000,24.25,24.273,23.408,23.528,258673.250957
1755158400,23.539,23.808,23.207,23.345,214974.403248
1755172800,23.345,23.562,21.493,22.761,1044904.455606
1755187200,22.762,22.787,22.084,22.401,265933.965669
1755201600,22.403,22.567,21.852,22.453,99364.84401
1755216000,22.455,22.864,22.178,22.797,124453.543621
1755230400,22.801,23.04,22.442,22.579,171940.694173
1755244800,22.578,22.675,22.141,22.19,130439.745937
1755259200,22.194,22.623,21.425,21.594,409031.30007
1755273600,21.585,21.888,21.37,21.453,199365.542916
1755288000,21.456,22.034,21.367,21.758,93924.799283
1755302400,21.753,22.137,21.684,21.807,59096.603546
1755316800,21.811,22.147,21.513,22.05,89925.657114
1755331200,22.053,22.174,21.439,21.447,117126.540753
1755345600,21.457,22.133,21.403,22.008,129147.439536
1755360000,22.005,22.892,21.937,22.697,222441.842459
1755374400,22.698,22.969,22.555,22.636,82601.185324
1755388800,22.636,23.412,22.373,23.378,170917.185847
1755403200,23.382,24.555,23.358,24.286,488986.932441
1755417600,24.288,24.837,24.165,24.696,247569.912499
1755432000,24.696,26.311,24.432,26.294,781773.599862
1755446400,26.29,26.349,25.304,25.459,574375.204221
1755460800,25.458,25.943,25.413,25.642,261425.67614
1755475200,25.642,26.209,24.577,25.096,902475.1054
1755489600,25.094,25.122,24.276,24.706,461308.968219
1755504000,24.7,25.295,24.376,24.55,345162.760398
1755518400,24.545,25.941,24.48,25.375,726348.476523
1755532800,25.373,25.938,24.806,25.526,376714.4833
1755547200,25.52,26.727,25.118,25.787,510301.56232
1755561600,25.78,25.82,24.081,24.208,418690.717827
1755576000,24.203,24.649,23.901,24.29,414852.610849
1755590400,24.296,24.912,24.084,24.691,324275.742734
1755604800,24.691,24.943,23.858,24.276,502290.957697
1755619200,24.277,24.52,23.444,23.871,408505.625352
1755633600,23.875,24.055,23.464,23.561,211701.165979
1755648000,23.558,24.424,23.371,23.996,314265.678404
1755662400,23.994,24.848,23.987,24.425,220085.378793
1755676800,24.428,25.28,24.339,24.955,480706.81741
1755691200,24.952,26.464,24.576,25.95,801342.440598
1755705600,25.95,26.371,25.445,26.15,531561.161748
1755720000,26.156,26.888,26.036,26.46,392365.705551
1755734400,26.459,26.598,25.78,25.806,389970.448255
1755748800,25.814,25.869,25.499,25.71,198491.789548
1755763200,25.717,26.39,25.622,26.111,424819.171992
1755777600,26.11,26.239,24.973,25.082,534871.973794
1755792000,25.083,25.252,24.696,24.935,198943.415822
1755806400,24.94,25.147,24.642,24.822,127680.119206
1755820800,24.812,25.226,24.525,24.664,221066.878795
1755835200,24.671,25.197,24.628,25.043,153782.915939
1755849600,25.043,25.292,24.249,24.31,234610.412655
1755864000,24.306,26.76,24.112,26.461,1184937.532582
1755878400,26.459,27.859,26.456,27.173,667469.356028
1755892800,27.174,27.332,26.63,26.797,213543.337786
1755907200,26.801,26.827,25.856,25.94,264392.943067
1755921600,25.955,26.237,25.734,25.877,183839.890041
1755936000,25.878,26.019,25.584,25.668,165501.147642
1755950400,25.664,26.213,25.531,25.999,236538.50224
1755964800,26.003,26.205,25.831,26.128,96497.910416
1755979200,26.125,26.375,25.992,26.279,82793.055338
1755993600,26.28,26.325,25.714,25.911,154795.125062
1756008000,25.914,25.96,25.56,25.598,118985.04589
1756022400,25.608,25.756,25.281,25.476,123190.209165
1756036800,25.473,25.873,25.463,25.571,175865.22628
1756051200,25.567,26.619,25.23,26.08,508262.292312
1756065600,26.08,26.249,25.408,25.824,226504.909106
1756080000,25.824,26.464,25.324,25.94,297412.294664
1756094400,25.948,26.437,24.821,24.961,436710.511803
1756108800,24.976,25.176,24.334,24.597,255785.832976
1756123200,24.597,24.69,24.24,24.426,211412.624145
1756137600,24.421,24.806,23.639,23.663,255831.759743
1756152000,23.664,23.841,23.092,23.389,300463.451724
1756166400,23.386,23.632,23.076,23.165,219481.574324
1756180800,23.163,23.497,22.881,23.146,116147.835554
1756195200,23.143,23.76,22.902,23.552,219487.226579
1756209600,23.55,24.52,23.393,24.173,367211.092729
1756224000,24.179,24.457,23.946,24.355,88445.406781
1756238400,24.352,24.748,24.203,24.383,118409.799321
1756252800,24.384,24.535,24.005,24.341,110682.642281
1756267200,24.342,24.682,24.007,24.164,138357.937216
1756281600,24.166,24.657,23.97,24.37,122552.059222
1756296000,24.36,24.668,24.075,24.296,250875.930551
1756310400,24.3,24.594,24.028,24.18,134481.344998
1756324800,24.19,24.488,23.587,23.778,377766.00301
1756339200,23.775,23.948,23.566,23.91,109053.450058
1756353600,23.914,24.371,23.815,24.22,122929.239738
1756368000,24.229,24.462,23.595,23.888,177785.351463
1756382400,23.888,26.025,23.793,24.791,1741564.427243
1756396800,24.79,25.276,24.476,24.494,278074.131355
1756411200,24.497,25.408,24.425,25.18,160320.822212
1756425600,25.181,25.226,24.123,24.228,189844.494449
1756440000,24.226,24.279,23.397,23.544,518096.156996
1756454400,23.542,23.586,23.233,23.443,299173.631686
1756468800,23.444,24.132,23.121,23.443,391341.406289
1756483200,23.447,23.608,23.119,23.369,97333.833565
1756497600,23.36,23.51,23.129,23.412,95667.119212
1756512000,23.429,23.523,22.829,23.246,183921.826389
1756526400,23.246,23.53,23.177,23.372,103790.392722
1756540800,23.364,23.499,23.204,23.398,64051.40445
1756555200,23.396,23.447,22.959,23.414,87206.894591
1756569600,23.413,23.46,23.277,23.362,32922.473552
1756584000,23.362,23.508,23.276,23.504,24310.561869
1756598400,23.506,23.901,23.417,23.877,106796.336846
1756612800,23.885,23.951,23.645,23.724,106018.049389
1756627200,23.725,23.891,23.556,23.805,96695.611315
1756641600,23.801,24.059,23.602,23.78,148510.265456
1756656000,23.788,23.873,23.609,23.652,44458.52737
1756670400,23.658,23.732,23.187,23.205,109734.705471
1756684800,23.2,23.37,22.928,23.056,177243.387581
1756699200,23.053,23.633,22.715,23.595,177735.008124
1756713600,23.591,23.863,23.165,23.222,152574.923835
1756728000,23.221,23.353,22.731,22.789,102534.37297
1756742400,22.794,22.849,22.534,22.83,84785.553107
1756756800,22.834,22.834,22.086,22.518,214682.75721
1756771200,22.525,23.227,22.346,23.139,144580.699374
1756785600,23.135,23.525,23.089,23.236,106860.398296
1756800000,23.236,23.446,23.074,23.105,65747.707936
1756814400,23.1,23.538,22.641,22.845,315629.777453
1756828800,22.844,23.157,22.786,23.063,96240.086293
1756843200,23.059,23.598,23.022,23.495,69216.033312
1756857600,23.491,23.612,23.218,23.418,64174.925089
1756872000,23.413,23.497,23.22,23.285,47797.283616
1756886400,23.283,23.612,23.225,23.496,65593.617969
1756900800,23.496,23.83,23.375,23.815,182067.393159
1756915200,23.818,23.91,23.618,23.844,104075.54608
1756929600,23.85,23.854,23.666,23.697,42511.21542
1756944000,23.694,23.96,23.498,23.538,64861.818492
1756958400,23.54,23.567,23.142,23.28,75303.347958
1756972800,23.274,23.436,23.186,23.292,71964.029514
1756987200,23.292,23.4,22.457,22.482,143338.328109
1757001600,22.478,22.553,22.191,22.267,71135.765208
1757016000,22.268,22.627,22.239,22.316,91902.263513
1757030400,22.311,22.499,22.266,22.496,67937.67199
1757044800,22.496,23.102,22.4,23.076,102241.280708
1757059200,23.073,23.08,22.668,22.824,129603.26535
1757073600,22.828,23.234,22.1,22.238,390145.422393
1757088000,22.235,22.478,22.044,22.478,105550.236549
1757102400,22.477,22.554,22.218,22.293,61251.925772
1757116800,22.288,22.518,22.253,22.407,30857.116707
1757131200,22.406,22.414,22.139,22.217,43403.014516
1757145600,22.217,22.285,22.073,22.276,58959.550523
1757160000,22.277,22.338,22.042,22.072,44063.486554
1757174400,22.064,22.295,21.867,21.896,63797.546926
1757188800,21.903,22.296,21.889,22.199,30100.066064
1757203200,22.201,22.442,22.183,22.373,43788.427109
1757217600,22.384,22.465,22.251,22.302,36524.590743
1757232000,22.302,22.465,22.134,22.381,101505.665284
1757246400,22.374,22.465,22.226,22.41,63132.389118
1757260800,22.411,22.416,22.126,22.212,19062.064752
1757275200,22.212,22.613,22.173,22.461,42414.567702
1757289600,22.462,22.795,22.232,22.594,112424.50357
1757304000,22.598,22.621,22.336,22.405,39916.571798
1757318400,22.406,23.201,22.361,22.986,225075.529714
1757332800,22.993,23.3,22.899,23.217,136763.988433
1757347200,23.211,23.304,22.896,22.986,52996.944261
1757361600,22.988,23.187,22.843,23.046,55878.623711
1757376000,23.04,23.306,22.852,23.181,115463.50008
1757390400,23.179,23.785,23.085,23.668,188104.477325
1757404800,23.679,23.817,23.518,23.526,108945.893655
1757419200,23.53,23.76,22.828,22.93,257034.140058
1757433600,22.931,23.111,22.85,23.076,55937.091914
1757448000,23.073,23.195,22.951,23.055,42908.562831
1757462400,23.053,23.419,22.885,23.392,104545.827925
1757476800,23.392,23.666,23.15,23.442,106574.010886
1757491200,23.44,23.529,23.289,23.355,61134.141054
1757505600,23.359,23.945,23.343,23.681,250390.373246
1757520000,23.679,23.703,23.205,23.323,75331.441591
1757534400,23.321,23.625,23.306,23.572,72127.05211
1757548800,23.576,23.846,23.43,23.805,88752.360117
1757563200,23.808,23.899,23.652,23.827,71678.025849
1757577600,23.823,23.85,23.687,23.76,75021.647169
1757592000,23.765,24.262,23.311,23.52,484543.374598
1757606400,23.526,23.984,23.517,23.94,83841.483317
1757620800,23.941,24.494,23.885,24.463,113055.669906
1757635200,24.463,24.749,24.348,24.685,165748.615473
1757649600,24.675,24.822,24.522,24.529,107159.005371
1757664000,24.532,24.545,24.294,24.315,136536.454918
1757678400,24.316,24.669,24.17,24.489,176693.255912
1757692800,24.483,25.147,24.429,25.119,130253.915953
1757707200,25.12,25.326,24.921,25.121,108941.914847
1757721600,25.125,25.299,24.932,25.235,122922.100734
1757736000,25.231,25.235,25.0,25.167,77214.065813
1757750400,25.179,25.637,25.101,25.29,229139.237549
1757764800,25.288,25.4,24.695,24.827,164164.722494
1757779200,24.831,24.912,24.436,24.751,87936.38808
1757793600,24.754,24.979,24.752,24.89,54220.247105
1757808000,24.885,25.018,24.636,24.67,65244.507426
1757822400,24.673,24.886,24.48,24.608,78375.400737
1757836800,24.605,24.77,24.321,24.358,69178.895369
1757851200,24.366,24.492,23.841,24.045,120415.424175
1757865600,24.039,24.264,24.001,24.16,64106.352776
1757880000,24.154,24.393,24.046,24.096,70237.313152
1757894400,24.09,24.311,23.906,24.266,61969.96101
1757908800,24.264,24.428,23.758,23.857,136128.824146
1757923200,23.855,23.859,23.187,23.422,260455.538896
1757937600,23.422,23.448,22.994,23.171,161179.263274
1757952000,23.165,23.41,22.977,23.35,56227.645115
1757966400,23.35,23.866,23.327,23.567,48149.885408
1757980800,23.56,23.63,23.364,23.364,57044.022693
1757995200,23.365,23.579,23.158,23.49,49597.656684
1758009600,23.492,23.761,23.491,23.617,94226.402249
1758024000,23.62,23.695,23.1,23.461,83594.273316
1758038400,23.467,23.742,23.254,23.58,101762.34023
1758052800,23.58,23.753,23.461,23.49,64160.960246
1758067200,23.487,23.635,23.295,23.302,72545.749698
1758081600,23.309,23.616,23.201,23.554,58950.335492
1758096000,23.563,23.568,23.011,23.086,124757.802413
1758110400,23.081,23.117,22.77,22.971,167229.305435
1758124800,22.963,23.498,22.75,23.455,311322.928491
1758139200,23.45,24.24,23.246,23.985,172505.823802
1758153600,24.0,24.185,23.834,24.129,71232.236355
1758168000,24.13,24.163,23.684,23.963,95317.745833
1758182400,23.963,24.426,23.92,24.209,90207.002993
1758196800,24.208,24.496,24.063,24.462,107101.614318
1758211200,24.465,24.602,24.341,24.487,55624.190408
1758225600,24.486,24.746,24.455,24.63,58783.26087
1758240000,24.63,24.882,24.418,24.47,97958.881556
1758254400,24.47,24.842,24.232,24.743,148162.542125
1758268800,24.726,24.855,23.809,23.86,141520.68134
1758283200,23.853,23.993,23.331,23.604,178864.247034
1758297600,23.6,23.715,23.271,23.391,50633.547955
1758312000,23.385,23.668,23.367,23.477,56570.764608
1758326400,23.478,23.654,23.345,23.417,51084.290005
1758340800,23.419,23.586,23.365,23.507,58550.772686
1758355200,23.507,23.507,23.142,23.3,83950.30435
1758369600,23.298,23.58,23.092,23.417,80597.291802
1758384000,23.427,23.487,23.232,23.299,31244.679714
1758398400,23.293,23.459,23.279,23.332,12793.187386
1758412800,23.332,23.421,23.24,23.377,18538.902852
1758427200,23.383,23.486,23.277,23.35,36378.741937
1758441600,23.36,23.402,23.03,23.119,72705.267922
1758456000,23.119,23.268,23.05,23.084,27932.504453
1758470400,23.089,23.198,22.903,23.172,37863.367864
1758484800,23.175,23.192,22.924,22.954,14957.982994
1758499200,22.952,23.048,21.87,22.176,259919.581561
1758513600,22.176,22.239,20.121,21.276,700007.728071
1758528000,21.283,21.397,21.051,21.195,197520.409711
1758542400,21.201,21.607,21.163,21.194,191883.780756
1758556800,21.197,21.348,21.111,21.168,77534.060463
1758571200,21.168,21.671,21.143,21.654,69627.269565
1758585600,21.651,21.762,21.18,21.568,95046.764768
1758600000,21.569,21.897,21.36,21.796,86621.868476
1758614400,21.799,21.878,21.684,21.783,46467.499326
1758628800,21.781,22.043,21.699,21.854,124402.503101
1758643200,21.866,21.995,21.536,21.582,101546.512266
1758657600,21.568,21.814,21.473,21.514,69829.583241
1758672000,21.518,21.684,21.15,21.283,111905.717365
1758686400,21.283,21.831,20.986,21.718,858895.878283
1758700800,21.72,21.885,21.633,21.776,59950.811474
1758715200,21.776,21.959,21.552,21.761,106626.231673
1758729600,21.765,21.962,21.713,21.831,62776.84658
1758744000,21.825,21.853,21.555,21.608,37505.856941
1758758400,21.609,21.66,21.129,21.303,154376.121294
1758772800,21.294,21.357,20.896,20.965,132685.937941
1758787200,20.967,21.157,20.715,20.748,151711.40678
1758801600,20.744,21.146,20.38,20.883,243427.700008
1758816000,20.871,20.903,19.833,20.398,204553.452098
1758830400,20.408,20.546,19.987,20.147,164825.817028
1758844800,20.144,20.607,20.1,20.554,91038.466948
1758859200,20.551,20.636,20.23,20.356,69595.525238
1758873600,20.365,20.538,19.934,20.186,151174.182546
1758888000,20.175,20.655,20.002,20.597,227561.841916
1758902400,20.59,21.241,20.575,20.971,245852.258987
1758916800,20.978,21.125,20.897,21.078,29890.576845
1758931200,21.072,21.12,20.964,21.08,42406.84188
1758945600,21.081,21.152,20.901,20.953,66818.328624
1758960000,20.953,21.103,20.828,20.989,42925.017194
1758974400,20.997,21.056,20.849,20.948,47802.799725
1758988800,20.949,20.954,20.726,20.845,48234.296653
1759003200,20.845,21.087,20.815,20.903,42575.83942
1759017600,20.917,20.943,20.64,20.715,34761.365229
1759032000,20.717,20.822,20.634,20.735,53149.163315
1759046400,20.728,20.784,20.499,20.557,52567.992197
1759060800,20.561,20.989,20.428,20.98,154265.173778
1759075200,20.98,21.328,20.98,21.211,81610.965623
1759089600,21.212,21.714,21.184,21.678,64250.790719
1759104000,21.676,21.685,21.384,21.48,40841.179346
1759118400,21.488,21.488,21.15,21.25,61530.001281
1759132800,21.258,21.405,21.062,21.191,61890.418289
1759147200,21.189,21.691,20.91,21.387,172715.570538
1759161600,21.397,21.748,21.201,21.718,76676.647794
1759176000,21.712,21.893,21.677,21.73,61700.064681
1759190400,21.728,21.869,21.438,21.468,90444.607857
1759204800,21.472,21.694,21.35,21.418,99634.328963
1759219200,21.416,21.503,21.24,21.416,82222.031367
1759233600,21.412,21.499,20.963,21.096,113846.482104
1759248000,21.102,21.553,20.999,21.538,151197.625558
1759262400,21.538,21.688,21.291,21.309,76541.599638
1759276800,21.311,21.579,21.065,21.173,143376.130401
1759291200,21.176,21.392,21.13,21.331,64988.169922
1759305600,21.331,22.285,21.312,22.231,253215.592784
1759320000,22.233,22.488,22.12,22.399,90161.130027
1759334400,22.4,22.631,22.296,22.537,74576.114048
1759348800,22.536,22.613,22.257,22.577,76762.404725
1759363200,22.584,22.8,22.424,22.699,107510.084962
1759377600,22.7,22.851,22.556,22.567,62451.160963
1759392000,22.576,22.623,22.367,22.41,81816.953821
1759406400,22.401,22.57,21.937,22.42,192349.065155
1759420800,22.422,23.134,22.384,22.927,153830.065065
1759435200,22.933,22.969,22.652,22.777,66817.66831
1759449600,22.778,22.873,22.543,22.59,109575.884963
1759464000,22.599,22.707,22.298,22.384,82528.802133
1759478400,22.384,22.43,22.224,22.269,69045.584014
1759492800,22.27,22.751,22.094,22.716,127263.549884
1759507200,22.725,23.085,22.105,22.626,268492.513882
1759521600,22.626,22.713,22.486,22.503,73215.158718
1759536000,22.505,22.615,22.153,22.222,78053.136307
1759550400,22.222,22.283,22.05,22.078,64648.080252
1759564800,22.075,22.075,21.765,21.855,72270.013779
1759579200,21.848,22.176,21.781,21.842,107053.772896
1759593600,21.845,22.029,21.824,21.997,52273.447605
1759608000,21.997,22.136,21.985,22.021,25290.119861
1759622400,22.021,22.602,21.933,22.362,88716.416288
1759636800,22.352,22.846,22.333,22.815,122843.996778
1759651200,22.824,22.941,22.489,22.752,158379.749488
1759665600,22.752,22.76,22.401,22.467,50807.085602
1759680000,22.468,22.638,21.895,21.942,100452.984084
1759694400,21.936,22.148,21.891,22.0,40232.905528
1759708800,22.009,22.209,21.504,21.888,250505.653135
1759723200,21.891,22.157,21.749,21.925,59379.933994
1759737600,21.927,22.24,21.927,22.122,81103.367585
1759752000,22.122,22.98,22.122,22.833,184147.465157
1759766400,22.835,23.523,22.781,23.445,241213.665421
1759780800,23.439,23.599,23.263,23.374,147899.927486
1759795200,23.375,23.729,23.331,23.355,158256.962624
1759809600,23.353,23.65,22.821,22.854,183824.469509
1759824000,22.857,22.907,22.569,22.859,130617.064003
1759838400,22.855,23.081,21.849,21.996,430730.517918
1759852800,21.998,22.2,21.799,21.869,94807.149528
1759867200,21.88,22.186,21.749,21.809,136928.533995
1759881600,21.807,22.153,21.656,21.746,95564.081194
1759896000,21.749,21.967,21.628,21.91,100736.849347
1759910400,21.912,22.163,21.868,22.06,70145.564505
1759924800,22.06,22.354,21.845,21.994,127815.331088
1759939200,22.0,22.567,21.954,22.491,116402.698525
1759953600,22.487,22.672,22.394,22.628,57676.455851
1759968000,22.63,22.677,21.952,22.265,150428.798304
1759982400,22.267,22.492,21.937,21.964,75728.67855
1759996800,21.972,21.973,21.59,21.725,104483.986313
1760011200,21.732,22.035,21.326,21.5,144826.505895
1760025600,21.501,21.909,21.321,21.726,96003.16834
1760040000,21.729,22.126,21.7,21.993,40482.147276
1760054400,21.993,22.599,21.979,22.406,144541.075068
1760068800,22.4,22.617,22.253,22.3,93968.309809
1760083200,22.3,22.778,22.266,22.407,117805.374341
1760097600,22.407,22.782,21.214,21.366,379614.890895
1760112000,21.372,21.548,20.391,20.494,322103.577404
1760126400,20.494,20.694,8.0,17.229,4936870.688467
1760140800,17.238,18.125,16.821,17.465,1451089.285685
1760155200,17.468,17.844,17.312,17.73,425113.785379
1760169600,17.728,18.508,17.644,18.052,383633.321315
1760184000,18.046,18.12,17.405,17.975,259989.999776
1760198400,17.973,18.145,17.106,17.276,284800.650592
1760212800,17.273,17.317,16.6,17.194,384884.906913
1760227200,17.196,17.247,16.685,17.074,209521.637075
1760241600,17.081,17.518,17.035,17.395,144247.38762
1760256000,17.401,17.571,17.174,17.4,145181.419815
1760270400,17.4,18.806,17.227,18.77,572704.983907
1760284800,18.773,19.369,18.769,19.358,324031.255426
1760299200,19.357,19.427,18.809,18.992,166069.201963
1760313600,18.998,19.258,18.744,19.022,139340.53315
1760328000,19.025,19.677,18.902,19.536,180977.279824
1760342400,19.537,19.774,18.951,19.204,206975.298471
1760356800,19.197,19.839,19.067,19.73,530557.467185
1760371200,19.738,20.116,19.466,20.051,252073.039689
1760385600,20.046,20.193,19.832,19.841,70789.613594
1760400000,19.852,20.067,19.311,19.469,184488.639048
1760414400,19.469,19.534,18.292,18.56,390073.400325
1760428800,18.56,18.753,18.083,18.581,218394.085952
1760443200,18.584,19.05,18.15,19.042,342586.966945
1760457600,19.048,19.365,18.627,18.882,250364.962193
1760472000,18.885,19.176,18.805,19.11,69219.212203
1760486400,19.103,19.247,18.839,18.918,133684.777194
1760500800,18.918,19.152,18.837,18.871,109497.532236
1760515200,18.867,19.253,18.563,18.689,222838.141488
1760529600,18.684,18.732,18.0,18.128,274148.151738
1760544000,18.128,18.251,17.844,18.035,180145.884248
1760558400,18.035,18.121,17.728,18.061,136981.607874
1760572800,18.055,18.2,17.922,18.035,85385.841694
1760587200,18.038,18.208,17.913,18.045,90985.659887
1760601600,18.053,18.493,17.538,18.487,250749.988158
1760616000,18.489,18.625,17.601,17.66,256762.559031
1760630400,17.659,18.083,17.26,17.395,247730.303372
1760644800,17.395,17.472,17.109,17.429,172112.109766
1760659200,17.429,17.689,17.361,17.513,75888.726524
1760673600,17.518,17.53,16.179,16.207,299060.682799
1760688000,16.209,16.593,15.692,16.535,959843.190325
1760702400,16.53,16.695,16.143,16.627,307295.632842
1760716800,16.628,16.86,16.247,16.384,176436.042914
1760731200,16.385,16.768,16.334,16.605,201864.594643
1760745600,16.605,16.895,16.588,16.779,112300.240549
1760760000,16.796,17.004,16.575,16.706,111392.352442
1760774400,16.71,16.936,16.693,16.877,76512.616493
1760788800,16.879,16.978,16.616,16.789,60659.866423
1760803200,16.794,16.901,16.636,16.848,80072.576053
1760817600,16.847,16.955,16.757,16.815,25777.678016
1760832000,16.814,16.891,16.645,16.859,43108.98865
1760846400,16.859,16.912,16.663,16.796,78334.171708
1760860800,16.799,17.3,16.533,17.144,268763.500311
1760875200,17.15,17.544,17.035,17.408,162122.302182
1760889600,17.406,17.661,17.319,17.451,171396.433714
1760904000,17.451,17.55,17.242,17.283,72961.153109
1760918400,17.282,17.683,16.934,17.616,142576.939168
1760932800,17.619,18.959,17.576,18.619,539757.15152
1760947200,18.621,19.038,18.569,19.006,307928.420795
1760961600,19.005,19.183,18.756,18.769,376146.300432
1760976000,18.767,18.93,18.431,18.844,244795.602941
1760990400,18.851,18.951,18.605,18.654,115183.464694
1761004800,18.656,18.96,18.131,18.148,359367.503396
1761019200,18.153,18.165,17.672,18.069,320647.672904
1761033600,18.068,18.107,17.801,18.068,134909.467315
1761048000,18.065,18.964,17.834,18.803,472211.647677
1761062400,18.804,18.9,18.067,18.175,296361.735038
1761076800,18.184,18.214,17.539,17.607,286982.37843
1761091200,17.605,17.734,17.428,17.633,113022.758459
1761105600,17.63,17.842,17.435,17.614,173490.090512
1761120000,17.619,17.619,17.13,17.408,193368.028369
1761134400,17.414,17.603,17.145,17.477,279201.246496
1761148800,17.476,17.504,17.096,17.253,164990.178969
1761163200,17.253,17.28,16.711,17.204,319005.116773
1761177600,17.206,17.369,17.178,17.262,50347.702527
1761192000,17.274,17.678,17.252,17.57,117237.963364
1761206400,17.582,17.706,17.266,17.301,176448.669205
1761220800,17.296,17.548,17.102,17.407,187542.837404
1761235200,17.414,17.791,17.357,17.472,140541.946438
1761249600,17.471,17.472,17.185,17.431,101063.167822
1761264000,17.431,17.486,17.291,17.343,91852.443828
1761278400,17.344,17.74,17.307,17.647,101537.631571
1761292800,17.644,17.8,17.539,17.735,89109.614308
1761307200,17.733,18.098,17.459,17.559,204251.361735
1761321600,17.556,17.862,17.474,17.784,208612.835536
1761336000,17.788,17.991,17.774,17.902,54996.123222
1761350400,17.898,17.973,17.796,17.808,37823.643184
1761364800,17.802,18.02,17.802,17.877,74079.216413
1761379200,17.88,18.036,17.865,17.995,44970.269435
1761393600,17.992,18.085,17.943,17.989,40826.299845
1761408000,17.99,18.202,17.953,18.19,32815.366971
1761422400,18.199,18.248,17.987,18.015,42697.689552
1761436800,18.019,18.029,17.69,17.736,63267.919391
1761451200,17.742,17.869,17.718,17.865,40803.973235
1761465600,17.857,18.342,17.857,18.312,103318.071909
1761480000,18.331,18.49,18.232,18.336,104484.024985
1761494400,18.337,18.341,18.102,18.177,90649.145388
1761508800,18.179,18.688,18.059,18.542,149409.912506
1761523200,18.54,19.047,18.498,18.947,210432.318609
1761537600,18.957,19.06,18.701,18.83,160598.168936
1761552000,18.831,18.913,18.38,18.487,181633.01363
1761566400,18.497,18.517,18.18,18.412,122948.200036
1761580800,18.411,18.921,18.411,18.492,148484.584074
1761595200,18.482,18.492,18.08,18.214,179657.180831
1761609600,18.214,18.403,18.073,18.227,71765.640423
1761624000,18.23,18.511,18.02,18.319,78823.364936
1761638400,18.333,18.557,18.294,18.391,103370.859527
1761652800,18.384,18.824,18.072,18.385,283125.909399
1761667200,18.375,18.662,17.888,17.997,153116.848402
1761681600,17.998,17.998,17.435,17.831,376041.059154
1761696000,17.829,18.003,17.744,17.811,91383.618018
1761710400,17.802,17.982,17.78,17.926,48741.859991
1761724800,17.927,18.162,17.74,18.108,111208.719966
1761739200,18.109,18.317,17.894,18.025,165426.892261
1761753600,18.025,18.526,17.532,18.267,397915.926185
1761768000,18.268,18.683,17.982,18.135,232279.864984
1761782400,18.139,18.315,18.01,18.165,93311.398831
1761796800,18.16,18.428,17.474,18.364,351427.644575
1761811200,18.365,18.382,17.648,17.664,150437.250949
1761825600,17.664,17.719,16.854,16.907,336724.90231
1761840000,16.903,17.016,16.348,16.401,270513.590957
1761854400,16.394,16.82,16.324,16.8,157301.483562
1761868800,16.806,17.088,16.738,16.942,276480.832133
1761883200,16.945,17.312,16.934,17.226,118210.781521
1761897600,17.226,17.353,17.145,17.339,63738.110554
1761912000,17.335,17.454,17.082,17.289,170563.441973
1761926400,17.284,17.37,16.775,17.306,157075.056053
1761940800,17.304,17.364,17.129,17.245,75720.408119
1761955200,17.244,17.33,17.062,17.321,77229.446393
1761969600,17.321,17.339,17.126,17.329,56055.303911
1761984000,17.326,17.44,17.249,17.352,59399.813958
1761998400,17.348,17.416,17.137,17.258,69744.46351
1762012800,17.255,17.338,17.038,17.232,58333.836832
1762027200,17.243,17.317,17.061,17.151,28595.428107
1762041600,17.147,17.218,17.05,17.162,25795.106018
1762056000,17.157,17.597,17.112,17.534,139706.993722
1762070400,17.537,17.641,17.249,17.58,140139.440628
1762084800,17.579,17.598,17.062,17.139,113855.511139
1762099200,17.138,17.289,16.992,17.059,79049.758223
1762113600,17.056,17.636,16.996,17.586,123936.08824
1762128000,17.589,17.673,16.332,16.364,277116.03176
1762142400,16.365,16.524,15.865,16.121,239601.648708
1762156800,16.122,16.237,15.8,16.063,269980.851283
1762171200,16.066,16.346,14.515,15.298,818852.215117
1762185600,15.299,15.865,15.246,15.35,580725.087622
1762200000,15.35,15.428,15.059,15.244,188811.862637
1762214400,15.245,15.506,15.114,15.429,158100.028631
1762228800,15.429,15.504,14.564,14.634,444380.348701
1762243200,14.628,15.263,14.528,15.057,275783.265341
1762257600,15.067,15.432,14.681,15.12,469921.246894
1762272000,15.122,15.234,14.142,14.295,459862.213913
1762286400,14.297,14.875,13.685,14.688,475897.586597
1762300800,14.687,14.902,13.988,14.848,337903.324577
1762315200,14.85,15.017,14.758,14.907,101597.081347
1762329600,14.91,14.91,14.541,14.829,157936.196992
1762344000,14.829,15.111,14.745,15.095,215633.044708
1762358400,15.101,15.398,14.913,15.255,229363.934461
1762372800,15.256,15.358,15.056,15.086,248120.433996
1762387200,15.088,15.213,14.846,15.13,178044.636497
1762401600,15.13,15.231,14.821,14.904,142865.552212
1762416000,14.9,14.972,14.751,14.934,132426.619281
1762430400,14.933,15.106,14.381,14.468,214328.329288
1762444800,14.469,14.784,14.249,14.733,186301.148521
1762459200,14.732,14.852,14.495,14.746,262608.648864
1762473600,14.748,15.033,14.581,14.962,173940.456141
1762488000,14.955,15.169,14.836,15.166,100020.737104
1762502400,15.162,15.189,14.502,14.682,152032.10236
1762516800,14.682,15.107,14.307,15.033,224212.828628
1762531200,15.035,16.223,14.954,16.065,331031.168949
1762545600,16.064,16.185,15.749,15.795,137685.980559
1762560000,15.794,16.035,15.617,15.765,163020.566276
1762574400,15.767,15.935,15.535,15.725,105815.872407
1762588800,15.724,15.925,15.602,15.684,134743.110594
1762603200,15.682,15.719,15.177,15.213,172210.509798
1762617600,15.212,15.444,15.117,15.37,88249.285399
1762632000,15.368,15.55,15.28,15.525,59987.084817
1762646400,15.523,15.527,15.025,15.091,146905.595365
1762660800,15.104,15.435,15.053,15.37,94447.761356
1762675200,15.372,15.495,15.078,15.436,118863.61119
1762689600,15.438,15.943,15.395,15.828,180287.068611
1762704000,15.823,16.092,15.73,16.084,96372.861961
1762718400,16.093,16.135,15.83,15.928,87765.747284
1762732800,15.925,16.309,15.781,16.24,155862.535255
1762747200,16.242,16.425,16.157,16.362,127829.264099
1762761600,16.362,16.649,16.188,16.516,148953.971587
1762776000,16.517,16.671,15.981,16.087,249670.252733
1762790400,16.087,16.28,15.93,16.15,72253.589558
1762804800,16.15,16.461,15.967,16.371,117628.423875
1762819200,16.372,16.8,16.18,16.642,254333.238981
1762833600,16.638,16.683,15.988,15.99,141598.630667
1762848000,15.99,16.227,15.964,16.199,85574.510277
1762862400,16.2,16.292,15.71,15.804,218146.535842
1762876800,15.802,15.888,15.591,15.637,77164.035947
1762891200,15.642,15.651,15.244,15.287,119492.756835
1762905600,15.291,15.464,15.185,15.399,100088.565391
1762920000,15.393,15.551,15.307,15.336,91728.136186
1762934400,15.342,16.175,15.342,16.112,249543.271491
1762948800,16.11,16.25,15.339,15.378,264489.453547
1762963200,15.378,15.422,14.925,15.09,358815.971741
1762977600,15.079,15.317,15.034,15.15,95163.705298
1762992000,15.152,15.659,15.072,15.534,155151.136817
1763006400,15.534,16.02,15.439,15.884,155264.992508
1763020800,15.884,15.954,15.646,15.741,119226.775085
1763035200,15.745,15.777,15.249,15.32,199520.359344
1763049600,15.318,15.371,14.206,14.287,510742.044653
1763064000,14.284,14.732,14.151,14.55,394248.381114
1763078400,14.552,14.611,14.357,14.433,172727.893374
1763092800,14.434,14.566,13.906,14.451,318870.541308
1763107200,14.451,14.458,14.119,14.194,130072.883942
1763121600,14.186,14.46,13.829,14.295,506133.544725
1763136000,14.298,14.501,14.068,14.3,156667.910713
1763150400,14.304,14.31,13.586,13.811,158025.046256
1763164800,13.808,14.291,13.796,14.206,124833.733638
1763179200,14.208,14.29,14.069,14.084,123575.835858
1763193600,14.087,14.106,13.837,14.022,125940.056078
1763208000,14.016,14.302,13.974,14.175,88212.874464
1763222400,14.172,14.339,14.067,14.215,72763.806148
1763236800,14.216,14.22,13.999,14.139,80280.902799
1763251200,14.137,14.255,13.856,14.196,84421.691475
1763265600,14.191,14.338,14.105,14.336,44349.83545
1763280000,14.336,14.526,14.029,14.068,173267.47356
1763294400,14.058,14.187,13.76,13.783,206630.473236
1763308800,13.784,13.888,13.399,13.633,245273.642938
1763323200,13.633,13.851,13.403,13.737,150897.741146
1763337600,13.735,13.998,13.584,13.981,158054.431257
1763352000,13.986,14.166,13.924,14.124,75286.532611
1763366400,14.122,14.208,14.022,14.17,50604.121738
1763380800,14.163,14.284,13.596,13.716,326176.968739
1763395200,13.716,13.797,13.094,13.222,234353.076136
1763409600,13.221,13.355,13.086,13.33,187533.934044
1763424000,13.332,13.517,13.061,13.456,230476.25914
1763438400,13.457,13.588,13.242,13.39,230666.836594
1763452800,13.392,13.593,13.379,13.486,67756.235007
1763467200,13.488,13.832,13.291,13.71,220857.619775
1763481600,13.709,13.989,13.677,13.911,120027.613509
1763496000,13.908,13.957,13.711,13.803,56600.077541
1763510400,13.802,13.84,13.469,13.509,166312.026941
1763524800,13.503,13.544,13.121,13.487,131053.474805
1763539200,13.483,13.564,13.331,13.406,76078.7544
1763553600,13.389,13.507,12.985,13.019,154432.2551
1763568000,13.02,13.137,12.772,12.878,180639.799954
1763582400,12.884,13.588,12.855,13.525,124498.589462
1763596800,13.526,13.711,13.464,13.659,101070.500574
1763611200,13.659,13.956,13.591,13.943,155053.981376
1763625600,13.943,14.004,13.578,13.707,131551.741451
1763640000,13.709,13.919,13.405,13.421,195657.35523
1763654400,13.412,13.441,12.766,12.998,336718.279393
1763668800,13.003,13.343,12.843,12.93,122632.492245
1763683200,12.938,13.21,12.794,12.867,136083.024465
1763697600,12.867,12.929,11.762,12.279,724660.131821
1763712000,12.273,12.433,11.856,11.897,279147.420267
1763726400,11.899,12.321,11.613,11.91,381197.027633
1763740800,11.915,12.367,11.731,12.123,242252.940468
1763755200,12.12,12.249,11.794,12.114,116950.379653
1763769600,12.118,12.248,12.035,12.114,73848.067504
1763784000,12.111,12.116,11.842,11.999,108353.152634
1763798400,11.999,12.027,11.756,11.968,118690.875974
1763812800,11.967,12.013,11.743,11.92,86702.413353
1763827200,11.925,12.098,11.915,12.0,49248.589221
1763841600,12.002,12.308,11.942,12.178,88372.852869
1763856000,12.172,12.474,12.115,12.462,121274.195511
1763870400,12.466,12.603,12.303,12.364,115285.954838
1763884800,12.363,12.612,12.363,12.515,223941.438446
1763899200,12.522,12.727,12.496,12.681,79544.172351
1763913600,12.681,12.75,12.455,12.639,100348.529567
1763928000,12.639,12.75,12.492,12.522,100738.111236
1763942400,12.522,12.841,12.355,12.687,172709.275208
1763956800,12.687,12.857,12.479,12.585,148038.521612
1763971200,12.584,12.649,12.361,12.502,122818.519746
1763985600,12.495,12.692,12.302,12.619,159232.750669
1764000000,12.62,13.203,12.609,12.997,312550.349718
1764014400,13.0,13.16,12.955,12.97,95636.761821
1764028800,12.968,13.039,12.866,12.905,86314.097347
1764043200,12.906,13.045,12.806,12.82,67278.190407
1764057600,12.82,12.88,12.661,12.777,111162.533271
1764072000,12.778,12.947,12.547,12.735,171362.172067
1764086400,12.735,13.142,12.729,12.979,198716.685138
1764100800,12.981,13.217,12.861,13.083,611786.392987
1764115200,13.083,13.162,12.936,12.951,129714.496247
1764129600,12.954,13.078,12.922,13.076,42313.278641
1764144000,13.075,13.086,12.799,12.845,108858.749926
1764158400,12.844,13.006,12.751,12.877,101966.83881
1764172800,12.877,13.506,12.877,13.452,185912.777275
1764187200,13.452,13.497,13.361,13.454,61328.058825
1764201600,13.454,13.566,13.361,13.373,100903.915638
1764216000,13.373,13.454,13.281,13.357,58718.450222
1764230400,13.357,13.435,13.266,13.346,48764.280169
1764244800,13.345,13.477,13.233,13.465,86127.070634
1764259200,13.465,13.536,13.404,13.461,49118.30474
1764273600,13.47,13.514,13.308,13.34,32504.443733
1764288000,13.337,13.391,13.148,13.288,65976.354278
1764302400,13.288,13.334,13.195,13.224,34805.821966
1764316800,13.223,13.542,13.223,13.304,84536.511213
1764331200,13.303,13.526,13.256,13.418,111603.003166
1764345600,13.42,13.423,13.042,13.208,96398.160799
1764360000,13.202,13.217,13.072,13.124,84855.631289
1764374400,13.122,13.207,13.056,13.071,46870.74733
1764388800,13.072,13.16,12.995,13.098,57358.408487
1764403200,13.098,13.172,13.027,13.155,44432.409755
1764417600,13.157,13.221,13.047,13.17,43755.426624
1764432000,13.172,13.172,12.915,13.018,61884.11779
1764446400,13.021,13.05,12.951,12.983,22439.056414
1764460800,12.982,13.12,12.939,13.103,30002.900632
1764475200,13.104,13.109,12.977,13.05,34334.075523
1764489600,13.052,13.11,12.996,12.999,41772.109612
1764504000,13.003,13.331,12.972,13.242,82842.150537
1764518400,13.248,13.416,13.245,13.314,30236.545933
1764532800,13.314,13.364,12.941,12.956,48270.026805
1764547200,12.955,12.982,12.101,12.14,323479.931464
1764561600,12.141,12.274,12.041,12.185,139149.16993
1764576000,12.188,12.214,12.109,12.116,93437.260994
1764590400,12.119,12.212,11.814,11.999,190124.671539
1764604800,11.999,12.004,11.744,11.839,108725.047021
1764619200,11.839,12.166,11.839,12.074,98741.855878
1764633600,12.072,12.228,11.978,12.095,51333.826376
1764648000,12.098,12.188,12.083,12.133,65838.987922
1764662400,12.131,12.276,12.0,12.255,93353.732831
1764676800,12.259,13.413,12.192,13.291,321070.153935
1764691200,13.292,13.495,13.23,13.412,183264.516992
1764705600,13.42,13.584,13.274,13.467,178401.412299
1764720000,13.468,14.001,13.433,13.946,302692.505104
1764734400,13.944,14.422,13.915,14.382,378634.838812
1764748800,14.385,14.593,14.283,14.437,242502.05261
1764763200,14.437,14.675,14.203,14.396,420249.10198
1764777600,14.395,14.557,14.288,14.43,130050.930404
1764792000,14.428,14.739,14.356,14.636,217415.052801
1764806400,14.637,14.931,14.524,14.619,201115.511344
1764820800,14.62,14.637,14.352,14.539,119044.27242
1764835200,14.545,14.788,14.444,14.477,155714.566485
1764849600,14.478,14.592,14.223,14.479,148368.025846
1764864000,14.478,14.546,13.968,14.199,140707.765776
1764878400,14.202,14.379,14.161,14.252,51838.39894
1764892800,14.255,14.398,14.195,14.259,102503.954234
1764907200,14.259,14.308,14.147,14.252,72651.945804
1764921600,14.252,14.33,13.971,14.048,109385.023499
1764936000,14.049,14.167,13.745,13.941,177225.220754
1764950400,13.941,13.953,13.365,13.567,221197.299543
1764964800,13.567,13.651,13.48,13.595,44767.591496
1764979200,13.595,13.771,13.5,13.674,74588.487666
1764993600,13.675,13.684,13.532,13.599,90729.606794
1765008000,13.599,13.775,13.501,13.755,126844.730387
1765022400,13.751,13.935,13.636,13.818,269420.265259
1765036800,13.818,14.084,13.804,13.877,192922.28334
1765051200,13.879,14.025,13.855,13.92,51465.436278
1765065600,13.921,14.014,13.891,14.01,78258.861541
1765080000,14.011,14.036,13.864,13.934,44286.333529
1765094400,13.932,13.937,13.744,13.786,54813.889933
1765108800,13.789,13.956,13.183,13.614,372957.275692
1765123200,13.611,14.171,13.466,14.058,195203.960464
1765137600,14.062,14.12,13.425,13.65,140625.603526
1765152000,13.651,14.043,13.581,13.891,117072.601966
1765166400,13.892,14.069,13.877,14.01,102696.968023
1765180800,14.011,14.291,13.913,13.939,123909.132292
1765195200,13.942,14.098,13.678,13.742,157670.125585
1765209600,13.74,13.897,13.568,13.701,90657.064193
1765224000,13.705,13.916,13.705,13.763,59421.456647
1765238400,13.764,13.857,13.547,13.71,115626.165007
1765252800,13.715,13.845,13.57,13.831,100621.891536
1765267200,13.832,13.861,13.62,13.736,77352.541259
1765281600,13.735,14.435,13.644,14.411,256026.312074
1765296000,14.409,15.006,14.409,14.652,349139.808376
1765310400,14.651,14.651,14.231,14.411,121405.397706
1765324800,14.408,14.458,14.213,14.215,77725.102268
1765339200,14.214,14.278,14.111,14.176,84666.982727
1765353600,14.177,14.435,14.053,14.18,142625.769924
1765368000,14.176,14.184,13.942,14.021,108873.509613
1765382400,14.021,14.646,13.984,14.496,318393.890531
1765396800,14.497,14.892,14.082,14.097,301287.647909
1765411200,14.097,14.132,13.444,13.528,226982.694501
1765425600,13.526,13.679,13.465,13.534,120145.148858
1765440000,13.534,13.63,13.429,13.605,64183.887884
1765454400,13.604,13.725,13.432,13.52,169483.274532
1765468800,13.519,13.855,13.395,13.705,123253.148446
1765483200,13.702,14.207,13.701,14.062,189346.388273
1765497600,14.063,14.178,13.828,14.006,133711.086926
1765512000,14.003,14.201,13.953,14.065,53035.550932
1765526400,14.061,14.128,13.93,14.118,52786.715337
1765540800,14.118,14.358,13.441,13.535,639123.150121
1765555200,13.535,13.67,13.285,13.586,174563.261145
1765569600,13.585,13.695,13.542,13.637,84227.451737
1765584000,13.638,13.738,13.605,13.708,44992.129891
1765598400,13.709,13.798,13.693,13.786,42172.923951
1765612800,13.789,13.967,13.789,13.809,72706.43586
1765627200,13.81,13.848,13.652,13.822,79052.476434
1765641600,13.818,13.863,13.692,13.748,31368.457861
1765656000,13.749,13.761,13.62,13.734,25989.789389
1765670400,13.735,13.796,13.701,13.712,18480.812469
1765684800,13.712,13.735,13.622,13.717,21652.632249
1765699200,13.718,13.753,13.436,13.573,80420.697382
1765713600,13.57,13.664,13.424,13.472,84955.559081
1765728000,13.471,13.569,13.343,13.399,44453.295142
1765742400,13.398,13.443,13.096,13.282,88530.129066
1765756800,13.28,13.712,13.261,13.532,115119.447926
1765771200,13.534,13.699,13.475,13.574,54918.61688
1765785600,13.575,13.741,13.556,13.618,50439.338463
1765800000,13.617,13.695,12.732,12.78,335438.147339
1765814400,12.783,12.835,12.471,12.746,136477.688342
1765828800,12.745,12.898,12.613,12.858,78069.804727
1765843200,12.859,12.892,12.674,12.744,110589.392417
1765857600,12.745,12.884,12.551,12.696,78891.868876
1765872000,12.697,12.982,12.687,12.957,83164.700885
1765886400,12.956,13.13,12.692,13.046,480275.181917
1765900800,13.045,13.058,12.778,12.941,90233.107687
1765915200,12.94,12.999,12.876,12.929,26883.800617
1765929600,12.928,12.993,12.766,12.825,74921.471501
1765944000,12.826,12.835,12.651,12.78,64199.811235
1765958400,12.779,12.779,12.589,12.69,49285.521404
1765972800,12.699,13.18,12.493,12.571,368397.282341
1765987200,12.57,12.651,12.122,12.283,319383.822434
1766001600,12.285,12.375,12.166,12.269,77885.928927
1766016000,12.27,12.298,12.141,12.196,80765.570545
1766030400,12.196,12.247,12.066,12.176,56096.651665
1766044800,12.177,12.305,12.162,12.289,55739.170523
1766059200,12.292,12.879,12.24,12.634,269246.740485
1766073600,12.634,12.66,11.741,11.759,273743.804751
1766088000,11.76,12.064,11.747,11.934,94494.759658
1766102400,11.935,12.345,11.841,12.223,134118.257982
1766116800,12.224,12.503,12.197,12.375,92150.210508
1766131200,12.378,12.459,12.342,12.442,51780.444023
1766145600,12.449,12.753,12.378,12.473,164826.810117
1766160000,12.47,12.706,12.379,12.63,97511.010348
1766174400,12.63,12.676,12.527,12.538,43588.392664
1766188800,12.539,12.581,12.485,12.55,25194.043512
1766203200,12.549,12.626,12.481,12.613,28572.807047
1766217600,12.614,12.711,12.595,12.682,65577.817058
1766232000,12.683,12.697,12.554,12.62,64726.318723
1766246400,12.623,12.645,12.561,12.583,30095.389317
1766260800,12.58,12.643,12.534,12.552,32590.591331
1766275200,12.554,12.599,12.384,12.484,70250.797521
1766289600,12.486,12.557,12.486,12.514,32700.002965
1766304000,12.516,12.712,12.487,12.575,49305.371931
1766318400,12.579,12.635,12.225,12.334,139235.48363
1766332800,12.334,12.438,12.272,12.406,38244.82762
1766347200,12.407,12.487,12.281,12.436,37690.12076
1766361600,12.44,12.719,12.33,12.548,193182.230104
1766376000,12.549,12.646,12.48,12.583,208221.861012
1766390400,12.583,12.744,12.561,12.695,103729.121502
1766404800,12.697,12.959,12.636,12.806,163340.075169
1766419200,12.81,12.86,12.427,12.454,85706.75381
1766433600,12.449,12.675,12.361,12.585,69632.65971
1766448000,12.589,12.701,12.438,12.499,60291.483265
1766462400,12.498,12.529,12.23,12.335,85832.338857
1766476800,12.329,12.406,12.274,12.364,46103.519035
1766491200,12.365,12.365,12.075,12.288,122190.135443
1766505600,12.287,12.446,12.239,12.362,78083.45546
1766520000,12.361,12.521,12.322,12.398,26575.596376
1766534400,12.398,12.435,12.173,12.27,52803.649941
1766548800,12.27,12.319,12.124,12.191,39330.290482
1766563200,12.189,12.249,12.131,12.228,62534.978369
1766577600,12.227,12.292,12.006,12.184,151725.801373
1766592000,12.183,12.28,12.124,12.25,44931.50456
1766606400,12.255,12.378,12.228,12.272,84209.589388
1766620800,12.273,12.36,12.231,12.332,26193.859376
1766635200,12.332,12.35,12.281,12.307,29867.445958
1766649600,12.305,12.359,12.114,12.192,44450.82493
1766664000,12.191,12.424,12.177,12.37,38324.46846
1766678400,12.375,12.423,12.27,12.385,49617.386473
1766692800,12.385,12.391,11.985,12.066,80884.920653
1766707200,12.062,12.538,12.025,12.387,98968.72296
1766721600,12.39,12.48,12.32,12.346,42725.206346
1766736000,12.348,12.462,12.344,12.416,28742.445393
1766750400,12.416,12.499,12.053,12.174,107139.129727
1766764800,12.176,12.257,12.124,12.2,19499.349617
1766779200,12.199,12.255,12.159,12.186,15905.768711
1766793600,12.187,12.268,12.162,12.246,29747.932575
1766808000,12.247,12.272,12.179,12.255,25532.60994
1766822400,12.256,12.291,12.17,12.267,29888.950957
1766836800,12.266,12.345,12.236,12.317,49313.772673
1766851200,12.316,12.341,12.261,12.337,27137.659901
1766865600,12.338,12.545,12.312,12.512,86697.755463
1766880000,12.516,12.548,12.436,12.5,58255.500349
1766894400,12.5,12.519,12.42,12.429,40141.145188
1766908800,12.431,12.503,12.377,12.442,35519.165191
1766923200,12.445,12.563,12.436,12.522,44185.188187
1766937600,12.526,12.594,12.336,12.356,52762.191692
1766952000,12.352,12.498,12.323,12.494,22394.606859
1766966400,12.496,12.988,12.464,12.942,176090.178332
1766980800,12.94,13.025,12.735,12.795,127413.819018
1766995200,12.798,12.841,12.48,12.511,85637.979497
1767009600,12.511,12.511,12.252,12.402,123731.587531
1767024000,12.401,12.456,12.28,12.305,39192.178004
1767038400,12.304,12.362,12.265,12.305,38006.43334
1767052800,12.303,12.412,12.26,12.385,40900.002684
1767067200,12.386,12.415,12.304,12.37,47015.504621
1767081600,12.369,12.556,12.369,12.485,77305.651776
1767096000,12.489,12.602,12.379,12.526,117014.820191
1767110400,12.529,12.585,12.348,12.424,52551.439301
1767124800,12.424,12.435,12.348,12.422,22353.038851
1767139200,12.422,12.469,12.362,12.394,44028.778727
1767153600,12.395,12.431,12.331,12.421,78732.343217
1767168000,12.42,12.482,12.378,12.475,93414.606349
1767182400,12.474,12.55,12.329,12.395,67577.644313
1767196800,12.393,12.414,12.192,12.24,90489.408814
1767211200,12.241,12.322,12.199,12.204,73194.645491
1767225600,12.205,12.279,12.204,12.219,35797.450314
1767240000,12.219,12.283,12.153,12.183,53437.233738
1767254400,12.184,12.309,12.181,12.295,20050.008716
1767268800,12.297,12.45,12.247,12.389,34913.979392
1767283200,12.394,12.525,12.331,12.525,52329.774332
1767297600,12.526,12.635,12.472,12.609,59570.313227
1767312000,12.609,12.945,12.587,12.924,172150.435741
1767326400,12.925,12.988,12.84,12.844,158836.919858
1767340800,12.844,13.152,12.844,12.948,142798.721304
1767355200,12.948,13.192,12.831,13.077,129761.263065
1767369600,13.077,13.349,13.059,13.28,114033.566518
1767384000,13.282,13.44,13.218,13.277,95217.818548
1767398400,13.278,13.373,13.225,13.328,125464.277822
1767412800,13.32,13.326,12.969,13.02,63379.267069
1767427200,13.018,13.143,12.998,13.074,65508.472778
1767441600,13.074,13.179,13.053,13.065,38744.079589
1767456000,13.068,13.225,13.064,13.174,48131.353209
1767470400,13.174,13.26,13.117,13.234,35910.598145
1767484800,13.235,13.389,13.216,13.366,58565.49351
1767499200,13.367,13.458,13.273,13.346,62070.105137
1767513600,13.345,13.442,13.26,13.438,91607.223799
1767528000,13.436,13.558,13.364,13.492,89996.039443
1767542400,13.493,13.578,13.316,13.39,55885.188534
1767556800,13.39,13.5,13.36,13.428,33784.932593
1767571200,13.423,13.876,13.42,13.676,164768.755522
1767585600,13.669,13.693,13.404,13.581,99550.29549
1767600000,13.583,13.622,13.44,13.586,58810.001111
1767614400,13.587,13.746,13.394,13.724,133287.559945
1767628800,13.724,13.883,13.552,13.774,144186.451087
1767643200,13.774,14.135,13.758,13.91,260667.975171
1767657600,13.911,13.96,13.578,13.795,216721.305846
1767672000,13.796,13.98,13.684,13.724,124217.791475
1767686400,13.724,13.908,13.703,13.902,63553.915449
1767700800,13.901,14.235,13.826,13.999,209046.191311
1767715200,13.996,14.029,13.471,13.636,192946.819408
1767729600,13.636,14.07,13.636,14.033,68243.390266
1767744000,14.037,14.044,13.688,13.813,80654.282563
1767758400,13.817,13.884,13.704,13.875,46320.019769
1767772800,13.877,13.943,13.587,13.692,75624.416236
1767787200,13.691,13.73,13.296,13.37,141061.101568
1767801600,13.371,13.505,13.306,13.4,64772.186088
1767816000,13.399,13.474,13.308,13.447,45722.122107
1767830400,13.449,13.558,13.318,13.341,44736.843495
1767844800,13.342,13.478,13.069,13.319,121669.569053
1767859200,13.317,13.367,13.088,13.226,75474.439723
1767873600,13.225,13.303,13.026,13.303,105965.805127
1767888000,13.303,13.347,13.162,13.193,43149.16252
1767902400,13.194,13.338,13.101,13.215,48278.764243
1767916800,13.217,13.373,13.164,13.318,64684.030758
1767931200,13.318,13.324,13.19,13.269,46179.461155
1767945600,13.272,13.295,13.067,13.179,84023.488385
1767960000,13.179,13.429,13.033,13.287,123970.043589
1767974400,13.288,13.44,13.062,13.096,84731.773772
1767988800,13.094,13.189,13.078,13.143,41897.329687
1768003200,13.143,13.168,13.066,13.127,41697.119608
1768017600,13.127,13.177,13.071,13.169,26561.821195
1768032000,13.167,13.229,13.11,13.179,32163.365625
1768046400,13.179,13.255,13.144,13.166,22215.275314
1768060800,13.163,13.219,13.132,13.215,12420.230744
1768075200,13.217,13.237,13.088,13.138,51328.364689
1768089600,13.139,13.246,13.112,13.233,10859.978243
1768104000,13.235,13.281,13.181,13.239,38515.75641
1768118400,13.239,13.245,13.186,13.205,33216.088086
1768132800,13.209,13.295,13.151,13.209,22369.942903
1768147200,13.21,13.371,13.204,13.261,43781.979114
1768161600,13.255,13.256,13.05,13.21,56712.939718
1768176000,13.209,13.518,13.116,13.364,112163.080251
1768190400,13.366,13.456,13.253,13.274,52502.243557
1768204800,13.271,13.335,13.106,13.169,80941.088662
1768219200,13.168,13.265,12.923,13.242,105588.409544
1768233600,13.246,13.329,13.102,13.186,50339.797022
1768248000,13.188,13.239,13.002,13.081,50724.411723
1768262400,13.081,13.16,13.058,13.117,36657.469212
1768276800,13.117,13.296,13.117,13.193,46777.681089
1768291200,13.193,13.317,13.189,13.27,28591.016483
1768305600,13.269,13.579,13.236,13.575,170709.38422
1768320000,13.578,13.708,13.536,13.687,132229.832561
1768334400,13.691,14.177,13.682,14.056,213177.359622
1768348800,14.057,14.193,14.019,14.137,121968.761021
1768363200,14.137,14.161,13.944,14.054,96125.507444
1768377600,14.055,14.117,13.857,13.879,106255.335941
1768392000,13.877,14.277,13.865,14.232,118945.824284
1768406400,14.241,14.4,14.048,14.224,186377.258183
1768420800,14.223,14.316,14.082,14.108,61053.425946
1768435200,14.11,14.115,13.735,13.761,88110.699545
1768449600,13.761,13.963,13.75,13.927,59327.247047
1768464000,13.931,14.088,13.863,13.956,66582.768682
1768478400,13.956,14.209,13.727,13.966,164246.529856
1768492800,13.96,13.998,13.586,13.686,106603.539563
1768507200,13.683,13.794,13.562,13.794,49934.010027
1768521600,13.792,13.866,13.675,13.683,49756.073175
1768536000,13.682,13.819,13.598,13.796,55033.956416
1768550400,13.796,13.858,13.694,13.735,43572.806453
1768564800,13.735,13.789,13.431,13.492,89873.819102
1768579200,13.487,13.665,13.454,13.597,54615.064221
1768593600,13.599,13.748,13.531,13.732,38125.386478
1768608000,13.729,13.748,13.635,13.68,19997.29904
1768622400,13.68,13.739,13.659,13.706,34938.072216
1768636800,13.704,13.788,13.676,13.708,40245.276061
1768651200,13.705,13.892,13.701,13.888,57841.364778
1768665600,13.889,13.894,13.768,13.79,34935.941585
1768680000,13.789,13.815,13.667,13.745,24921.522148
1768694400,13.743,13.777,13.63,13.704,37724.285213
1768708800,13.705,13.76,13.673,13.736,18344.039506
1768723200,13.736,13.823,13.719,13.73,33495.006261
1768737600,13.729,13.832,13.701,13.779,49564.948889
1768752000,13.78,13.879,13.748,13.777,22047.768228
1768766400,13.773,13.858,13.299,13.307,128724.557405
1768780800,13.31,13.31,12.335,12.865,686741.252312
1768795200,12.865,12.865,12.723,12.765,91395.422934
1768809600,12.766,12.861,12.747,12.776,75065.100979
1768824000,12.776,12.869,12.733,12.774,80020.203879
1768838400,12.771,12.969,12.761,12.937,62353.505411
1768852800,12.937,13.0,12.777,12.877,60029.410948
1768867200,12.883,12.904,12.799,12.861,32298.531813
1768881600,12.863,12.874,12.614,12.625,93285.116188
1768896000,12.616,12.623,12.483,12.516,106641.736552
1768910400,12.515,12.614,12.353,12.436,148909.057109
1768924800,12.437,12.479,12.188,12.279,94213.045107
1768939200,12.278,12.355,12.028,12.128,95599.175258
1768953600,12.13,12.36,12.105,12.315,89953.167107
1768968000,12.316,12.469,12.294,12.32,42132.789892
1768982400,12.318,12.338,12.171,12.177,65558.932211
1768996800,12.18,12.541,12.071,12.435,160001.751362
1769011200,12.437,12.618,11.9,12.604,205503.416971
1769025600,12.61,12.671,12.369,12.399,78074.524802
1769040000,12.4,12.579,12.4,12.444,40866.090644
1769054400,12.445,12.53,12.41,12.427,48903.563069
1769068800,12.428,12.487,12.373,12.392,54526.655949
1769083200,12.387,12.483,12.125,12.233,86161.325465
1769097600,12.229,12.329,12.199,12.284,36833.837098
1769112000,12.284,12.307,12.203,12.263,31499.734058
1769126400,12.263,12.357,12.226,12.331,25829.148812
1769140800,12.334,12.408,12.256,12.28,30269.456946
1769155200,12.28,12.296,12.173,12.258,32693.186746
1769169600,12.262,12.284,12.048,12.251,87399.386674
1769184000,12.254,12.498,12.203,12.249,76230.516205
1769198400,12.25,12.278,12.127,12.221,35588.862225
1769212800,12.22,12.276,12.188,12.255,43377.68111
1769227200,12.255,12.286,12.206,12.209,25008.865652
1769241600,12.209,12.24,12.191,12.211,23477.988978
1769256000,12.211,12.231,12.151,12.154,39965.323234
1769270400,12.153,12.236,12.131,12.187,35720.439573
1769284800,12.186,12.257,12.186,12.205,31609.844577
1769299200,12.205,12.222,12.073,12.091,32392.4282
1769313600,12.09,12.125,12.05,12.09,26422.733192
1769328000,12.091,12.132,12.008,12.081,102280.088894
1769342400,12.081,12.108,11.943,11.965,68224.220556
1769356800,11.966,11.966,11.388,11.435,303293.50438
1769371200,11.435,11.538,11.365,11.523,111483.344724
1769385600,11.523,11.862,11.51,11.702,86986.795908
1769400000,11.703,11.884,11.703,11.861,44062.384729
1769414400,11.865,11.958,11.766,11.805,64960.640666
1769428800,11.806,12.131,11.804,11.919,148775.336485
1769443200,11.921,12.027,11.825,11.931,101921.501815
1769457600,11.929,12.037,11.87,11.948,55804.646423
1769472000,11.948,12.058,11.929,11.993,31704.84002
1769486400,11.996,12.06,11.944,11.983,26554.555207
1769500800,11.983,12.012,11.879,11.903,24329.227988
1769515200,11.902,12.008,11.842,11.998,54916.600693
1769529600,11.999,12.187,11.859,11.977,93580.423091
1769544000,11.976,12.162,11.974,12.047,84997.842704
1769558400,12.044,12.063,11.962,11.982,27947.7133
1769572800,11.982,11.997,11.893,11.943,22228.065348
1769587200,11.944,12.052,11.864,12.038,56345.687716
1769601600,12.038,12.038,11.713,11.766,311778.102989
1769616000,11.764,11.901,11.693,11.845,60674.143378
1769630400,11.845,11.942,11.755,11.843,39949.267703
1769644800,11.844,11.87,11.611,11.647,70683.477535
1769659200,11.645,11.661,11.547,11.631,29751.912907
1769673600,11.631,11.66,11.51,11.547,86529.336546
1769688000,11.547,11.608,10.868,11.032,371863.285934
1769702400,11.033,11.204,10.829,10.948,293908.582005
1769716800,10.949,11.141,10.926,11.123,76659.13702
1769731200,11.124,11.164,10.613,10.867,429076.188999
1769745600,10.867,10.996,10.662,10.84,205918.408438
1769760000,10.841,10.903,10.732,10.865,89824.604407
1769774400,10.866,10.874,10.587,10.773,200236.249389
1769788800,10.772,10.992,10.503,10.906,173218.076461
1769803200,10.905,10.905,10.7,10.792,122609.301235
1769817600,10.792,10.835,10.729,10.745,46902.943125
1769832000,10.745,10.786,10.561,10.616,68050.842421
1769846400,10.621,10.637,10.366,10.498,171037.058405
1769860800,10.497,10.508,9.922,10.047,535151.207449
1769875200,10.047,10.177,8.958,9.669,1721414.466077
1769889600,9.671,10.035,9.562,9.991,213301.157978
1769904000,9.989,10.075,9.917,10.045,166735.551186
1769918400,10.046,10.078,9.866,9.943,125241.808313
1769932800,9.943,10.019,9.772,9.876,131799.048128
1769947200,9.877,9.914,9.415,9.537,219527.066481
1769961600,9.537,9.72,9.405,9.531,297613.200577
1769976000,9.53,9.66,9.216,9.407,292323.158588
1769990400,9.408,9.641,9.025,9.377,400800.373889
1770004800,9.378,9.492,9.072,9.393,443476.857404
1770019200,9.394,9.647,9.383,9.531,222667.205857
1770033600,9.538,10.027,9.538,9.93,507521.726758
1770048000,9.932,10.002,9.774,9.788,214253.118739
1770062400,9.788,9.865,9.709,9.808,108368.731074
1770076800,9.809,9.848,9.586,9.777,155666.51639
1770091200,9.779,9.856,9.651,9.735,231142.317773
1770105600,9.734,9.746,9.525,9.585,291012.478993
1770120000,9.585,9.767,9.496,9.747,253114.883737
1770134400,9.749,9.749,9.083,9.477,570640.050944
1770148800,9.473,9.893,9.395,9.49,363290.564191
1770163200,9.489,9.772,9.452,9.73,115746.140446
1770177600,9.73,9.752,9.585,9.677,112361.015711
1770192000,9.681,9.737,9.484,9.582,172046.554819
1770206400,9.584,9.611,9.135,9.22,288559.808698
1770220800,9.22,9.462,9.025,9.441,500763.27423
1770235200,9.442,9.466,9.05,9.257,210478.134331
1770249600,9.255,9.35,9.078,9.096,214644.343624
1770264000,9.094,9.22,8.972,9.055,279184.225463
1770278400,9.056,9.261,8.803,8.941,209966.112353
1770292800,8.941,9.066,8.306,8.467,688677.852875
1770307200,8.467,8.67,8.221,8.257,672032.961407
1770321600,8.258,8.323,7.854,7.916,655875.869899
1770336000,7.918,8.24,7.159,8.034,1433442.154642
1770350400,8.033,8.37,8.0,8.076,242052.384354
1770364800,8.082,8.353,7.99,8.328,293130.756553
1770379200,8.325,8.632,8.27,8.583,304225.276739
1770393600,8.584,9.002,8.554,8.847,336318.086363
1770408000,8.845,9.007,8.764,8.884,224457.795436
1770422400,8.885,8.953,8.787,8.934,123441.161392
1770436800,8.933,9.044,8.596,8.689,351632.638125
1770451200,8.689,8.744,8.584,8.655,157485.547613
1770465600,8.655,8.945,8.649,8.822,253503.611288
1770480000,8.824,9.034,8.785,8.938,851983.714586
1770494400,8.946,9.025,8.852,8.91,79345.0434
1770508800,8.909,8.965,8.823,8.828,103128.308843
1770523200,8.828,8.875,8.785,8.833,66926.647687
1770537600,8.833,9.015,8.8,9.001,124312.775438
1770552000,9.006,9.05,8.852,8.888,102474.483054
1770566400,8.888,8.97,8.722,8.957,76875.834282
1770580800,8.959,9.023,8.754,8.824,94839.436189
1770595200,8.823,8.897,8.731,8.888,164165.539088
1770609600,8.884,8.884,8.722,8.734,79130.599117
1770624000,8.734,8.758,8.454,8.564,198260.106329
1770638400,8.565,8.759,8.524,8.758,261544.268522
1770652800,8.757,8.994,8.662,8.967,275936.118568
1770667200,8.967,9.018,8.793,8.837,131260.889555
1770681600,8.837,8.883,8.64,8.687,132353.039696
1770696000,8.688,8.728,8.483,8.543,155959.318449
1770710400,8.544,8.625,8.502,8.507,84332.913546
1770724800,8.508,8.672,8.476,8.575,148045.512866
1770739200,8.577,8.656,8.475,8.547,66905.312766
1770753600,8.547,8.583,8.482,8.574,86027.343015
1770768000,8.576,8.613,8.461,8.541,82901.750046
1770782400,8.539,8.55,8.277,8.321,188688.412682
1770796800,8.321,8.322,8.195,8.276,96956.58561
1770811200,8.277,8.565,8.127,8.237,384954.117087
1770825600,8.239,8.371,8.142,8.315,216117.860701
1770840000,8.313,8.457,8.254,8.322,189436.091895
1770854400,8.324,8.466,8.324,8.43,84548.100671
1770868800,8.43,8.517,8.354,8.46,72821.994275
1770883200,8.461,8.595,8.405,8.56,84131.181592
1770897600,8.56,8.581,8.342,8.355,134028.439011
1770912000,8.354,8.424,8.173,8.308,190243.870501
1770926400,8.309,8.431,8.223,8.413,98260.867632
1770940800,8.415,8.452,8.348,8.428,61727.672164
1770955200,8.431,8.431,8.305,8.38,48104.415661
1770969600,8.382,8.474,8.368,8.436,35281.190229
1770984000,8.436,8.824,8.402,8.706,158391.441668
1770998400,8.71,8.913,8.689,8.802,126298.952674
1771012800,8.803,8.868,8.763,8.767,60249.662907
1771027200,8.768,8.893,8.76,8.85,178221.606094
1771041600,8.85,8.899,8.803,8.886,47459.839445
1771056000,8.887,9.044,8.887,9.039,134909.274544
1771070400,9.041,9.046,8.905,9.039,105517.586646
1771084800,9.041,9.187,8.971,9.17,89790.883045
1771099200,9.172,9.209,9.079,9.091,87917.301336
1771113600,9.093,9.122,8.936,9.068,93636.278107
1771128000,9.069,9.243,9.066,9.203,105214.546142
1771142400,9.204,9.244,9.037,9.055,83198.934191
1771156800,9.055,9.063,8.762,8.867,130493.893273
1771171200,8.868,8.883,8.602,8.643,142377.672629
1771185600,8.635,8.791,8.613,8.783,59815.843219
1771200000,8.784,8.855,8.7,8.752,44944.811957
1771214400,8.752,8.824,8.67,8.767,68843.699722
1771228800,8.768,8.89,8.697,8.792,41967.015499
1771243200,8.793,8.991,8.649,8.71,142306.55628
1771257600,8.706,8.835,8.705,8.785,56719.023704
1771272000,8.784,8.966,8.764,8.935,63461.142122
1771286400,8.936,8.991,8.861,8.925,58497.48849
1771300800,8.924,8.961,8.8,8.869,34502.096141
1771315200,8.869,8.894,8.732,8.768,56353.622101
1771329600,8.767,8.912,8.664,8.775,146063.358307
1771344000,8.776,8.951,8.694,8.88,91830.306319
1771358400,8.88,8.899,8.82,8.828,42418.140299
1771372800,8.829,8.904,8.745,8.886,70585.190143
1771387200,8.885,8.933,8.826,8.916,50502.069786
1771401600,8.916,8.999,8.761,8.768,64916.891855
1771416000,8.767,8.898,8.666,8.802,132651.186075
1771430400,8.802,8.804,8.517,8.576,132957.23708
1771444800,8.576,8.616,8.526,8.604,69210.840115
1771459200,8.605,8.687,8.572,8.671,65850.645533
1771473600,8.672,8.751,8.624,8.701,53101.434945
1771488000,8.701,8.702,8.56,8.569,136788.927946
1771502400,8.57,8.603,8.368,8.442,180571.288328
1771516800,8.441,8.546,8.345,8.508,61481.737714
1771531200,8.512,8.58,8.478,8.579,57610.15678
1771545600,8.579,8.651,8.565,8.605,40050.147749
1771560000,8.608,8.679,8.526,8.654,59734.728227
1771574400,8.654,8.729,8.605,8.622,49040.718236
1771588800,8.624,8.841,8.458,8.828,206073.269416
1771603200,8.829,8.972,8.697,8.903,177918.980207
1771617600,8.904,9.012,8.885,8.942,74148.877414
1771632000,8.943,8.983,8.857,8.891,67189.273354
1771646400,8.892,8.922,8.859,8.868,44237.923561
1771660800,8.868,8.984,8.863,8.942,63078.453571
1771675200,8.943,9.048,8.899,8.936,79527.512629
1771689600,8.936,8.995,8.844,8.933,130050.731208
1771704000,8.933,8.951,8.865,8.873,63192.893018
1771718400,8.872,8.898,8.798,8.841,46447.288007
1771732800,8.841,8.873,8.806,8.853,36633.549227
1771747200,8.854,8.869,8.795,8.837,52918.916524
1771761600,8.835,8.843,8.685,8.71,155675.890749
1771776000,8.71,8.712,8.607,8.644,61481.663376
1771790400,8.643,8.708,8.606,8.682,42265.869215
1771804800,8.683,8.694,8.174,8.254,366782.808675
1771819200,8.255,8.377,8.177,8.355,81945.000178
1771833600,8.354,8.559,8.31,8.474,66979.016567
1771848000,8.475,8.582,8.401,8.421,113323.69715
1771862400,8.419,8.459,8.184,8.232,113512.021722
1771876800,8.231,8.346,8.206,8.269,61780.9961
1771891200,8.269,8.341,8.119,8.209,143602.289074
1771905600,8.21,8.233,8.125,8.151,158234.895404
1771920000,8.152,8.203,8.109,8.175,72779.468836
1771934400,8.177,8.232,8.056,8.216,163450.393163
1771948800,8.217,8.281,8.178,8.234,80427.035741
1771963200,8.233,8.263,8.168,8.197,67978.044581
1771977600,8.198,8.63,8.185,8.503,254707.203815
1771992000,8.504,8.555,8.358,8.478,154164.232464
1772006400,8.479,8.666,8.439,8.659,87958.942521
1772020800,8.657,9.332,8.642,9.281,494383.746106
1772035200,9.281,9.507,9.281,9.475,386551.277204
1772049600,9.475,9.589,9.183,9.267,196514.687756
1772064000,9.267,9.335,9.151,9.224,139168.309604
1772078400,9.224,9.344,9.17,9.208,148889.87404
1772092800,9.208,9.32,9.169,9.214,130487.618828
1772107200,9.215,9.31,9.027,9.12,240280.463791
1772121600,9.122,9.141,8.856,9.1,295829.13579
1772136000,9.099,9.144,9.043,9.097,79944.116699
1772150400,9.099,9.199,9.002,9.185,89383.030089
1772164800,9.186,9.298,9.125,9.178,132797.040517
1772179200,9.179,9.239,8.805,8.848,243207.100423
1772193600,8.847,8.867,8.734,8.816,326451.162645
1772208000,8.815,8.819,8.645,8.673,164526.997583
1772222400,8.674,8.737,8.547,8.713,123166.855702
1772236800,8.713,8.751,8.67,8.68,105660.260571
1772251200,8.681,8.697,8.225,8.352,615395.690603
1772265600,8.351,8.352,8.213,8.276,238561.762516
1772280000,8.276,8.543,8.276,8.435,272517.451799
1772294400,8.434,8.733,8.403,8.689,191262.256586
1772308800,8.689,8.943,8.667,8.848,236367.637599
1772323200,8.848,9.208,8.742,9.055,249490.05403
1772337600,9.056,9.096,8.929,8.977,141219.16727
1772352000,8.978,8.996,8.84,8.876,122734.630711
1772366400,8.874,9.057,8.786,8.916,207126.552694
1772380800,8.917,8.974,8.678,8.696,299684.914762
1772395200,8.696,8.787,8.541,8.675,268664.674953
1772409600,8.676,8.888,8.666,8.825,131223.216501
1772424000,8.826,8.853,8.611,8.675,124339.98195
1772438400,8.677,8.772,8.59,8.692,145815.89972
1772452800,8.693,9.181,8.588,9.108,332170.556388
1772467200,9.11,9.273,8.95,9.037,266564.674161
1772481600,9.038,9.108,8.925,8.952,166399.055184
1772496000,8.953,9.014,8.847,8.886,152332.815024
1772510400,8.887,8.936,8.773,8.795,111442.014981
1772524800,8.794,8.808,8.602,8.675,162741.919387
1772539200,8.675,8.79,8.56,8.746,178992.511377
1772553600,8.748,8.929,8.708,8.808,206796.694663
1772568000,8.808,8.887,8.683,8.808,147379.388283
1772582400,8.809,8.895,8.687,8.759,228202.588877
1772596800,8.76,8.923,8.689,8.902,194795.388605
1772611200,8.903,9.3,8.887,9.13,412448.548204
1772625600,9.131,9.513,9.027,9.503,427918.4766
1772640000,9.503,9.633,9.362,9.531,338546.997602
1772654400,9.533,9.563,9.298,9.35,171116.168164
1772668800,9.349,9.392,9.238,9.264,219264.164894
1772683200,9.265,9.359,9.181,9.219,138153.699945
1772697600,9.219,9.465,9.2,9.399,192543.786113
1772712000,9.4,9.488,9.173,9.233,397924.723672
1772726400,9.234,9.273,9.07,9.187,197486.500699
1772740800,9.187,9.324,9.171,9.205,126867.593841
1772755200,9.206,9.317,9.169,9.264,188590.618381
1772769600,9.266,9.293,9.153,9.278,102248.776724
1772784000,9.278,9.279,9.06,9.077,108772.040293
1772798400,9.076,9.139,8.746,8.792,400321.790418
1772812800,8.789,8.831,8.67,8.79,154531.540117
1772827200,8.79,8.823,8.738,8.797,85773.434815
1772841600,8.797,8.856,8.758,8.79,72717.433055
1772856000,8.791,8.819,8.735,8.807,74321.311936
1772870400,8.808,8.824,8.747,8.8,190923.200084
1772884800,8.8,8.819,8.729,8.754,86748.84006
1772899200,8.754,8.809,8.643,8.659,142541.125832
1772913600,8.66,8.715,8.641,8.697,69618.503124
1772928000,8.699,8.715,8.58,8.6,115355.898323
1772942400,8.601,8.667,8.529,8.636,80936.128823
1772956800,8.634,8.775,8.592,8.654,90782.603975
1772971200,8.654,8.675,8.54,8.568,148364.982048
1772985600,8.568,8.664,8.502,8.642,179205.534969
1773000000,8.643,8.7,8.391,8.513,172245.407729
1773014400,8.514,8.797,8.505,8.683,196695.042072
1773028800,8.684,8.875,8.647,8.739,160158.702979
1773043200,8.741,8.854,8.712,8.775,100743.789052
1773057600,8.777,8.97,8.777,8.927,183258.456427
1773072000,8.928,9.103,8.866,9.007,138629.548939
1773086400,9.007,9.037,8.847,8.866,97312.903152
1773100800,8.865,9.08,8.854,8.937,110406.792759
1773115200,8.939,9.08,8.937,9.077,74241.730382
1773129600,9.079,9.161,9.065,9.069,123943.494279
1773144000,9.07,9.182,8.86,9.135,163266.712343
1773158400,9.133,9.179,8.919,8.973,126499.551236
1773172800,8.972,9.01,8.909,8.982,76416.523361
1773187200,8.984,9.008,8.914,8.928,129590.917794
1773201600,8.928,8.965,8.918,8.965,38444.313481
