timestamp,open,high,low,close,volume
1640995200,146.24,149.69,146.17,147.78,14407.76284
1641009600,147.82,149.32,146.75,148.02,18808.069115
1641024000,147.96,148.73,146.7,147.42,11264.356171
1641038400,147.46,150.11,147.43,149.27,15985.706836
1641052800,149.25,151.05,148.95,149.88,18465.337145
1641067200,149.87,150.95,149.39,150.8,8222.790441
1641081600,150.8,151.34,149.36,150.25,14739.956937
1641096000,150.26,150.36,147.88,149.35,13511.967776
1641110400,149.36,150.6,148.54,149.41,12523.411255
1641124800,149.42,151.85,148.73,151.35,13550.525429
1641139200,151.37,153.3,149.91,151.2,25203.912373
1641153600,151.19,151.81,150.35,151.17,6760.578447
1641168000,151.15,151.17,149.19,149.56,14592.26118
1641182400,149.5,151.07,149.43,150.08,10158.074189
1641196800,150.08,151.1,149.03,150.75,14437.646894
1641211200,150.72,151.14,148.21,148.84,24342.048717
1641225600,148.79,149.23,147.13,147.95,19695.810781
1641240000,147.93,148.9,146.0,148.37,18771.933737
1641254400,148.44,148.74,146.32,147.68,13817.60613
1641268800,147.66,148.85,147.02,148.74,10073.534274
1641283200,148.75,150.42,148.43,149.99,17102.635583
1641297600,150.0,151.56,148.77,150.36,21354.758416
1641312000,150.39,150.88,145.17,147.25,33476.366459
1641326400,147.27,148.27,146.01,146.51,9558.645779
1641340800,146.52,148.87,145.84,148.55,11942.390299
1641355200,148.54,148.77,147.5,148.48,7043.561167
1641369600,148.5,149.91,147.32,147.91,11750.956755
1641384000,147.92,149.84,146.73,149.15,24367.054559
1641398400,149.11,149.28,142.34,142.63,47578.451649
1641412800,142.62,143.17,129.9,135.28,134881.432314
1641427200,135.32,137.74,133.82,133.92,50012.086502
1641441600,133.93,137.69,133.24,136.74,61675.511291
1641456000,136.71,136.85,132.68,134.1,57380.66085
1641470400,134.19,135.76,132.39,135.08,50513.983505
1641484800,135.18,138.1,134.61,137.25,29854.844381
1641499200,137.28,137.71,135.92,135.92,22279.58636
1641513600,135.92,136.48,129.77,130.7,60957.56585
1641528000,130.65,131.4,125.95,130.15,89021.698117
1641542400,130.2,134.52,129.67,133.32,64365.403102
1641556800,133.33,135.24,128.57,131.15,108706.841709
1641571200,131.09,135.43,129.7,133.51,54486.52388
1641585600,133.5,133.96,129.85,131.3,16791.57053
1641600000,131.3,133.77,130.81,132.17,27180.568466
1641614400,132.22,133.12,131.76,132.95,11644.212286
1641628800,132.92,134.73,132.44,134.33,22241.288116
1641643200,134.34,134.72,130.35,131.2,48507.995257
1641657600,131.19,132.0,124.9,127.06,80358.486879
1641672000,127.09,131.64,126.08,129.46,29238.480349
1641686400,129.45,131.65,128.62,130.5,39310.917137
1641700800,130.53,131.36,129.71,130.13,15398.23181
1641715200,130.15,130.93,128.61,130.34,16682.27666
1641729600,130.32,130.56,127.72,129.2,15738.324865
1641744000,129.18,132.57,128.82,132.38,31938.777721
1641758400,132.34,132.54,130.56,130.9,21745.935194
1641772800,130.87,131.5,129.42,130.03,17330.152364
1641787200,130.02,131.01,129.91,130.83,9949.87934
1641801600,130.84,130.99,128.9,129.34,11835.08686
1641816000,129.32,129.44,120.5,124.48,174761.997561
1641830400,124.51,128.84,122.53,124.77,132174.428434
1641844800,124.79,127.1,124.24,126.45,16046.691187
1641859200,126.45,129.77,125.8,129.22,20290.206097
1641873600,129.26,129.55,128.18,129.12,7029.890243
1641888000,129.09,130.39,127.49,128.11,17921.26539
1641902400,128.1,129.83,126.75,129.22,23304.02593
1641916800,129.24,133.53,129.07,131.57,47893.922098
1641931200,131.59,132.29,130.96,131.62,11221.57257
1641945600,131.62,132.34,130.92,131.44,10871.823183
1641960000,131.44,132.74,130.92,131.81,15051.165739
1641974400,131.81,135.0,131.59,133.8,33664.522342
1641988800,133.77,138.3,133.63,137.32,38428.323453
1642003200,137.35,142.25,136.37,140.61,35757.656467
1642017600,140.72,142.17,139.96,141.93,19355.430563
1642032000,141.93,142.3,138.71,139.54,18310.941474
1642046400,139.53,140.24,139.36,139.73,10765.418148
1642060800,139.73,141.05,136.58,137.22,33598.016019
1642075200,137.23,141.01,135.55,136.76,40083.123705
1642089600,136.73,137.63,134.56,135.85,23389.566602
1642104000,135.87,137.46,134.8,136.76,14526.418012
1642118400,136.76,139.89,135.88,138.26,54124.231866
1642132800,138.27,140.02,137.74,138.79,34466.670035
1642147200,138.79,138.86,136.04,138.6,44409.893631
1642161600,138.58,146.47,137.3,144.8,123184.620841
1642176000,144.8,145.23,143.25,144.63,21765.044152
1642190400,144.7,145.52,143.84,144.73,11875.996811
1642204800,144.73,148.65,144.01,147.22,37420.55509
1642219200,147.22,150.71,146.52,150.29,39461.039153
1642233600,150.24,150.29,147.52,148.17,24779.303664
1642248000,148.15,149.12,144.65,148.98,34147.188906
1642262400,148.97,149.5,147.67,149.35,11521.87882
1642276800,149.36,149.7,147.32,147.72,17925.003017
1642291200,147.7,148.97,145.46,145.66,23960.593483
1642305600,145.67,146.95,144.37,146.28,17544.922664
1642320000,146.3,146.83,144.33,144.76,17775.370202
1642334400,144.74,147.14,143.28,145.7,42322.199329
1642348800,145.72,147.54,145.31,145.57,13723.323589
1642363200,145.57,146.98,145.22,146.37,6581.231313
1642377600,146.38,150.93,145.37,147.59,42762.015543
1642392000,147.57,149.65,146.26,147.87,37583.110741
1642406400,147.89,152.87,147.08,151.47,57251.154595
1642420800,151.48,153.83,148.1,148.84,92331.481206
1642435200,148.85,150.76,144.18,150.49,78628.750194
1642449600,150.52,153.18,145.78,151.13,78904.531559
1642464000,151.13,153.39,146.13,147.47,68522.152339
1642478400,147.47,148.39,145.0,146.13,60233.57859
1642492800,146.13,146.16,140.35,142.04,46394.607558
1642507200,142.04,142.44,138.58,140.66,76263.480767
1642521600,140.68,141.38,139.09,140.89,32100.044718
1642536000,140.92,143.82,139.9,141.42,18147.08447
1642550400,141.43,143.0,136.47,136.96,45649.881606
1642564800,136.97,137.81,133.17,133.98,58748.805687
1642579200,133.98,137.12,133.21,136.9,45826.999304
1642593600,136.9,138.2,135.88,136.45,38518.652366
1642608000,136.44,138.44,135.06,137.42,30636.770185
1642622400,137.41,138.17,136.09,136.21,15897.937895
1642636800,136.23,139.18,136.1,138.86,24990.102503
1642651200,138.85,139.31,137.5,138.52,13554.994697
1642665600,138.52,138.59,136.83,138.08,14181.529829
1642680000,138.08,142.31,137.15,142.09,48939.704398
1642694400,142.09,142.86,140.48,141.18,33230.274369
1642708800,141.19,141.41,128.88,129.67,78765.690336
1642723200,129.66,131.1,121.8,122.38,144922.419771
1642737600,122.27,125.98,122.25,125.53,45073.125525
1642752000,125.51,125.98,123.89,124.77,32510.923963
1642766400,124.8,124.94,117.22,123.9,125004.780057
1642780800,123.92,124.65,120.26,120.36,48319.434468
1642795200,120.4,123.19,109.81,114.61,278135.450179
1642809600,114.46,117.01,111.55,113.12,96159.07478
1642824000,113.12,113.83,105.01,105.72,205070.730312
1642838400,105.73,108.56,96.46,105.64,386977.567418
1642852800,105.73,110.0,104.85,105.1,109550.287691
1642867200,105.16,110.45,104.17,106.2,141921.405549
1642881600,106.21,111.18,105.92,108.4,109534.628056
1642896000,108.46,110.58,105.6,107.07,64197.625762
1642910400,107.08,109.9,106.41,109.17,63979.033728
1642924800,109.14,111.78,108.45,109.83,71146.440468
1642939200,109.84,111.08,105.72,107.3,85072.371186
1642953600,107.31,108.55,106.17,107.19,62965.875663
1642968000,107.18,112.73,106.91,112.28,87414.217704
1642982400,112.23,112.25,107.45,108.74,41360.832761
1642996800,108.78,109.34,105.28,105.55,38127.98553
1643011200,105.61,108.2,98.33,100.7,187270.462947
1643025600,100.71,103.76,97.27,102.75,235934.766422
1643040000,102.77,108.87,100.26,107.66,158202.847
1643054400,107.59,111.93,107.2,109.53,67032.95468
1643068800,109.53,109.59,106.78,108.28,57102.522207
1643083200,108.26,108.45,105.93,107.16,35660.67945
1643097600,107.11,109.69,106.9,107.76,52611.01678
1643112000,107.79,108.9,105.18,107.21,75023.339766
1643126400,107.16,109.83,107.02,107.97,60333.83586
1643140800,107.97,108.54,106.44,107.85,44124.854537
1643155200,107.87,108.99,106.57,108.67,38221.506764
1643169600,108.72,110.31,107.84,108.58,32815.570523
1643184000,108.59,110.93,108.54,110.89,30304.531591
1643198400,110.9,113.9,109.64,111.58,49280.04538
1643212800,111.49,116.92,109.7,111.19,164643.073169
1643227200,111.15,111.15,104.49,106.96,94758.62188
1643241600,107.01,107.89,103.19,104.09,60031.798242
1643256000,104.11,107.03,103.86,106.46,34871.672419
1643270400,106.52,108.76,105.82,108.29,43868.725296
1643284800,108.3,109.96,107.44,107.78,47442.048884
1643299200,107.83,108.56,105.54,106.35,42326.974394
1643313600,106.33,107.28,102.93,106.93,62705.103026
1643328000,106.91,108.52,105.32,107.96,36863.182199
1643342400,108.01,108.53,105.97,106.12,28067.086399
1643356800,106.03,107.45,105.51,106.96,31609.408133
1643371200,106.96,108.89,105.28,107.36,53717.433899
1643385600,107.39,108.4,106.43,107.5,30830.852767
1643400000,107.5,110.11,107.37,109.39,24726.943089
1643414400,109.39,110.46,108.62,109.49,19550.074933
1643428800,109.5,110.31,108.59,110.07,14916.010357
1643443200,110.06,110.26,108.99,109.42,16421.701222
1643457600,109.41,111.65,107.6,108.44,45362.014999
1643472000,108.46,111.0,107.82,110.3,19432.023327
1643486400,110.32,112.3,110.01,110.8,34095.518052
1643500800,110.81,110.82,108.89,109.36,20742.321937
1643515200,109.36,111.45,109.35,111.29,18727.044807
1643529600,111.28,111.99,110.41,111.53,13970.910661
1643544000,111.52,112.23,109.61,110.71,21293.388937
1643558400,110.74,111.06,108.0,108.23,23364.448743
1643572800,108.23,109.35,107.02,108.55,33759.339196
1643587200,108.54,108.93,104.36,105.75,44303.284797
1643601600,105.69,105.69,104.4,105.32,17100.944717
1643616000,105.29,106.24,104.46,105.71,18137.628733
1643630400,105.69,108.92,104.46,108.24,46259.6651
1643644800,108.29,111.37,107.92,109.8,53548.338121
1643659200,109.79,110.08,108.55,109.51,13290.070498
1643673600,109.52,111.57,108.26,111.48,27367.907581
1643688000,111.46,111.6,109.8,110.55,20495.057133
1643702400,110.54,112.71,108.45,110.04,42141.709413
1643716800,110.04,112.47,109.77,111.26,46709.184584
1643731200,111.25,114.85,110.94,114.08,41894.724724
1643745600,114.05,116.9,114.02,115.09,38807.804095
1643760000,115.09,115.99,113.28,114.63,38581.447546
1643774400,114.63,114.72,113.1,113.65,15501.13256
1643788800,113.66,115.32,113.26,114.15,33077.055056
1643803200,114.16,115.74,109.77,110.06,75974.780472
1643817600,110.03,112.35,108.63,111.85,35729.673269
1643832000,111.85,112.49,107.26,108.25,47177.352881
1643846400,108.26,109.13,106.89,107.74,34068.622845
1643860800,107.67,109.29,107.5,108.94,22560.168307
1643875200,108.94,109.22,105.36,107.94,36695.124451
1643889600,107.92,109.37,106.3,108.75,44261.277212
1643904000,108.75,109.54,106.61,107.25,28311.811112
1643918400,107.19,111.12,106.76,110.99,35520.588973
1643932800,110.99,111.0,108.8,108.87,20492.054698
1643947200,108.89,113.18,108.74,111.83,32492.945224
1643961600,111.85,114.45,111.83,112.28,41969.180068
1643976000,112.27,116.3,110.32,114.81,85334.431789
1643990400,114.77,118.6,114.71,118.31,53967.921751
1644004800,118.31,121.45,118.0,121.28,25086.267374
1644019200,121.28,121.5,118.77,121.45,29269.260643
1644033600,121.45,123.13,121.01,121.59,20216.85763
1644048000,121.62,122.96,121.44,122.12,11754.910242
1644062400,122.1,123.82,121.08,123.32,17854.860495
1644076800,123.29,123.52,119.08,121.29,32371.177115
1644091200,121.3,122.69,120.76,121.72,12354.821241
1644105600,121.71,123.49,121.69,122.25,15617.201016
1644120000,122.25,123.48,121.0,122.92,22111.296726
1644134400,122.91,127.91,122.56,125.08,47934.063562
1644148800,125.08,125.9,120.53,122.75,48001.064384
1644163200,122.74,124.37,122.25,124.22,15493.617439
1644177600,124.23,128.11,123.15,127.57,23849.818584
1644192000,127.58,127.87,125.0,127.13,22446.76787
1644206400,127.14,129.11,126.5,128.4,23417.963549
1644220800,128.4,128.86,126.45,127.68,15987.89347
1644235200,127.69,133.87,127.42,132.94,66861.633077
1644249600,132.91,139.79,132.22,137.51,75199.831116
1644264000,137.54,138.38,135.62,137.35,30164.786529
1644278400,137.32,142.6,135.13,140.6,64803.858039
1644292800,140.65,142.89,137.43,139.6,65998.694811
1644307200,139.63,140.0,134.09,135.73,81801.29274
1644321600,135.71,135.71,131.27,133.43,63090.993117
1644336000,133.43,134.07,130.47,131.76,39080.380831
1644350400,131.78,135.23,131.39,133.67,36573.834392
1644364800,133.68,134.72,132.0,134.29,25222.655906
1644379200,134.23,138.79,134.23,138.43,39713.892195
1644393600,138.45,139.42,136.63,137.94,39211.814688
1644408000,137.95,139.98,136.77,138.69,37060.864819
1644422400,138.68,140.98,137.49,139.98,27937.92376
1644436800,139.98,140.88,138.65,140.08,17015.462466
1644451200,140.06,140.17,136.11,137.12,21973.423624
1644465600,137.12,138.66,136.55,138.4,15501.765037
1644480000,138.39,143.85,138.13,142.02,36519.287715
1644494400,142.02,142.9,133.92,139.89,147219.273964
1644508800,139.9,141.55,135.87,136.06,58964.830193
1644523200,136.12,137.28,134.24,134.54,28344.12602
1644537600,134.53,134.58,129.83,132.77,70694.733631
1644552000,132.68,134.48,131.31,134.21,21819.792757
1644566400,134.22,134.77,131.31,132.34,26191.847044
1644580800,132.36,134.13,131.98,133.48,22156.273662
1644595200,133.49,133.68,127.47,129.25,46294.238268
1644609600,129.22,129.66,124.48,125.62,72654.860219
1644624000,125.59,125.59,123.53,124.46,32531.507411
1644638400,124.44,124.91,120.88,123.34,37929.37054
1644652800,123.28,125.73,122.65,125.62,37171.217133
1644667200,125.61,125.81,121.99,123.58,48498.506443
1644681600,123.58,127.43,122.94,126.47,31656.002343
1644696000,126.55,127.66,123.7,126.69,47008.204407
1644710400,126.75,127.72,125.16,125.84,22707.25065
1644724800,125.88,126.83,125.19,126.28,18283.115264
1644739200,126.22,127.18,125.31,126.59,17410.129089
1644753600,126.59,128.84,126.35,128.04,30781.833547
1644768000,128.06,128.09,123.5,124.37,44529.516389
1644782400,124.36,126.9,123.96,125.63,26560.294538
1644796800,125.63,126.09,122.05,123.53,35545.968797
1644811200,123.51,124.79,122.83,124.79,25370.602872
1644825600,124.79,125.09,122.25,123.25,27553.961112
1644840000,123.28,126.97,122.55,125.75,33522.570929
1644854400,125.75,126.45,121.39,122.29,26012.087996
1644868800,122.29,125.4,121.75,124.58,14270.477395
1644883200,124.59,128.78,124.01,127.8,30632.484094
1644897600,127.81,128.56,127.09,128.43,24392.727445
1644912000,128.41,131.69,128.32,131.09,38174.870932
1644926400,131.06,132.46,130.56,131.26,19967.518155
1644940800,131.25,131.48,129.1,129.52,21222.613282
1644955200,129.52,132.44,128.79,131.63,12981.033757
1644969600,131.66,131.83,129.24,129.36,20872.144912
1644984000,129.37,130.09,127.51,129.99,17089.062886
1644998400,129.99,130.74,129.16,130.4,10904.697898
1645012800,130.37,130.67,126.19,127.39,46695.774976
1645027200,127.4,129.62,125.49,129.14,34628.755685
1645041600,129.16,129.69,127.49,127.73,9002.330308
1645056000,127.73,129.11,126.34,126.38,25008.556443
1645070400,126.36,127.71,125.0,127.34,23763.288938
1645084800,127.33,127.88,124.13,125.24,36704.736189
1645099200,125.23,125.97,121.77,123.09,59413.600271
1645113600,123.1,123.61,117.11,118.19,84533.356897
1645128000,118.11,118.11,114.81,116.32,59866.579727
1645142400,116.34,117.73,115.19,116.78,49324.961253
1645156800,116.76,117.94,116.13,117.47,26426.263986
1645171200,117.47,123.66,117.4,118.29,119815.839643
1645185600,118.3,121.81,115.27,116.06,86204.502477
1645200000,116.06,117.75,114.31,116.21,38804.561803
1645214400,116.21,116.73,114.14,114.85,21805.96136
1645228800,114.83,116.58,114.41,116.26,16319.732573
1645243200,116.29,117.18,115.9,116.87,17259.707213
1645257600,116.85,117.02,113.0,113.5,37060.72698
1645272000,113.51,116.35,113.0,115.86,30093.09924
1645286400,115.84,117.11,114.57,114.92,28372.861246
1645300800,114.92,115.79,114.14,115.57,9375.246521
1645315200,115.58,115.72,113.02,113.67,17569.702315
1645329600,113.69,113.89,109.5,110.32,54358.802753
1645344000,110.36,110.7,108.44,110.68,38978.507599
1645358400,110.69,111.42,108.98,110.34,23486.240005
1645372800,110.35,111.01,108.94,110.43,15404.025852
1645387200,110.46,112.4,109.26,110.62,19876.713271
1645401600,110.63,114.41,110.16,112.92,26936.851235
1645416000,112.93,114.54,112.88,113.3,16265.061459
1645430400,113.33,113.66,107.7,108.98,32210.649789
1645444800,108.97,113.35,106.85,111.56,66017.506421
1645459200,111.55,112.34,107.59,109.0,49889.135903
1645473600,109.01,110.02,102.0,102.71,54244.104218
1645488000,102.76,104.53,100.3,101.44,60542.876599
1645502400,101.49,103.15,101.09,101.94,34226.744224
1645516800,101.93,105.09,101.85,104.31,33619.672434
1645531200,104.31,107.49,103.47,105.92,46703.490828
1645545600,105.91,106.96,104.86,106.76,32700.572945
1645560000,106.77,107.84,105.57,107.47,16243.114237
1645574400,107.45,107.82,105.52,106.3,28012.94188
1645588800,106.3,108.65,106.12,108.34,18611.221628
1645603200,108.34,111.4,108.05,110.37,37582.351874
1645617600,110.37,111.45,108.95,109.1,21956.618308
1645632000,109.1,110.82,107.6,107.75,34207.401614
1645646400,107.75,107.93,105.0,105.36,28699.392112
1645660800,105.35,106.51,96.66,98.22,116294.130438
1645675200,98.23,98.79,92.43,94.9,136109.663454
1645689600,94.9,96.41,91.5,94.03,95333.969677
1645704000,94.03,98.54,92.48,97.99,103122.092673
1645718400,97.98,102.89,96.77,102.69,72943.431844
1645732800,102.69,107.88,102.43,104.16,103772.466357
1645747200,104.16,106.18,103.11,104.87,40082.108386
1645761600,104.88,104.98,103.0,103.3,35569.644935
1645776000,103.29,104.88,101.58,104.59,38678.747315
1645790400,104.59,106.97,104.0,106.62,58027.053109
1645804800,106.62,107.24,104.6,106.29,28689.890348
1645819200,106.27,110.67,105.96,109.22,38219.587759
1645833600,109.22,114.94,108.83,111.13,52940.260816
1645848000,111.12,112.08,109.89,111.42,19296.169456
1645862400,111.41,112.47,109.46,109.79,28175.383132
1645876800,109.78,111.27,109.05,109.96,18236.018161
1645891200,109.99,110.6,106.52,108.11,33627.007841
1645905600,108.12,110.08,107.21,108.18,17187.668161
1645920000,108.19,108.59,104.65,105.75,34881.627944
1645934400,105.76,107.12,105.31,106.75,11800.735685
1645948800,106.75,109.38,106.06,109.14,23767.321591
1645963200,109.15,110.12,105.31,108.8,47299.87835
1645977600,108.78,108.88,102.27,102.8,28672.798592
1645992000,102.81,104.49,101.19,102.94,52105.28331
1646006400,102.95,104.6,101.66,103.15,23020.964321
1646020800,103.16,104.7,100.82,104.47,34870.522007
1646035200,104.47,105.65,102.79,103.68,28852.384197
1646049600,103.69,109.67,102.54,109.49,69864.662712
1646064000,109.5,110.46,107.24,109.33,35667.170603
1646078400,109.37,113.94,109.16,113.73,57039.673781
1646092800,113.77,116.08,111.95,112.59,48563.954995
1646107200,112.56,113.31,111.17,112.7,17700.653486
1646121600,112.71,113.1,109.94,111.5,39273.615783
1646136000,111.52,115.9,111.15,112.14,76315.397817
1646150400,112.18,113.59,110.49,111.74,37689.499142
1646164800,111.75,113.27,110.94,112.63,28457.980481
1646179200,112.63,114.71,110.59,114.11,40669.745522
1646193600,114.1,114.52,111.2,112.05,30117.706916
1646208000,112.06,113.38,111.02,113.03,34056.726113
1646222400,113.02,113.46,109.1,110.61,97980.508378
1646236800,110.61,111.39,109.35,110.32,30169.62747
1646251200,110.32,111.62,109.92,110.33,15355.565285
1646265600,110.33,111.5,109.28,110.16,25929.202659
1646280000,110.15,113.0,110.05,111.53,38239.274036
1646294400,111.52,112.21,110.31,111.25,32689.877264
1646308800,111.25,112.96,108.5,109.86,70414.382138
1646323200,109.85,111.37,107.9,110.08,64227.481475
1646337600,110.06,111.97,109.26,111.76,25681.761255
1646352000,111.77,112.66,105.6,107.59,71594.663913
1646366400,107.57,107.61,106.0,107.15,24271.953092
1646380800,107.17,108.1,104.94,107.41,25870.09588
1646395200,107.41,107.99,104.42,104.86,54731.158022
1646409600,104.85,105.45,102.34,102.68,35389.80823
1646424000,102.69,103.25,98.87,100.96,61503.791216
1646438400,100.95,101.36,99.32,101.0,33943.870938
1646452800,101.01,102.35,100.29,102.08,21690.371738
1646467200,102.08,103.52,102.08,103.26,19290.877399
1646481600,103.26,103.83,102.66,103.42,16918.880624
1646496000,103.41,105.14,103.3,104.95,11668.106204
1646510400,104.94,105.33,104.29,104.88,8856.772277
1646524800,104.89,105.9,103.77,103.98,11976.389243
1646539200,103.97,104.27,102.4,103.54,13810.60084
1646553600,103.54,103.66,101.23,102.41,20143.516617
1646568000,102.4,103.6,102.06,102.77,14997.691169
1646582400,102.78,104.04,102.24,103.03,14031.957339
1646596800,103.02,104.55,100.61,101.04,24307.528212
1646611200,101.03,101.26,98.16,98.93,34989.864329
1646625600,98.93,100.13,98.68,99.18,16455.992509
1646640000,99.19,100.36,98.46,100.21,19891.133703
1646654400,100.22,103.9,100.22,103.18,35351.1724
1646668800,103.2,103.84,96.67,97.08,47058.212229
1646683200,97.08,99.67,96.19,98.31,31108.581658
1646697600,98.34,101.15,97.75,100.4,29464.477932
1646712000,100.41,100.81,98.79,99.74,20073.957556
1646726400,99.74,101.74,99.64,100.92,28473.194238
1646740800,100.92,102.51,99.43,100.18,36488.936476
1646755200,100.16,101.89,98.95,100.18,29734.385358
1646769600,100.17,100.8,99.15,100.68,10926.874194
1646784000,100.69,105.91,100.4,105.41,41649.606019
1646798400,105.37,106.94,105.29,106.35,31382.75525
1646812800,106.35,108.38,105.89,107.0,23479.519983
1646827200,106.98,108.96,106.48,108.56,37197.190476
1646841600,108.57,109.3,106.59,107.09,25918.872589
1646856000,107.07,107.38,105.68,106.93,21818.369954
1646870400,106.92,107.04,103.99,104.44,44451.451335
1646884800,104.42,104.67,100.52,101.36,81427.472406
1646899200,101.36,102.19,100.18,101.58,25383.198877
1646913600,101.57,103.44,99.4,102.52,82946.756364
1646928000,102.51,103.1,101.6,102.88,26732.455154
1646942400,102.88,103.06,101.89,102.52,13856.481437
1646956800,102.53,102.72,99.61,101.15,32857.526274
1646971200,101.14,103.93,100.34,103.31,28703.010764
1646985600,103.33,106.74,102.3,105.94,60857.652318
1647000000,105.94,106.98,103.34,103.71,49692.315997
1647014400,103.72,103.81,102.16,102.99,22758.68659
1647028800,102.98,105.59,102.45,104.53,25102.336018
1647043200,104.54,107.98,104.51,106.31,26892.571739
1647057600,106.31,107.54,106.08,106.77,13468.439104
1647072000,106.76,106.93,104.99,105.3,17639.031875
1647086400,105.3,105.94,104.62,105.39,15307.892792
1647100800,105.42,106.25,104.9,105.52,14795.182639
1647115200,105.53,106.71,105.34,105.54,12358.145517
1647129600,105.51,107.44,105.13,106.79,18980.446347
1647144000,106.8,106.97,105.66,105.94,8217.944292
1647158400,105.95,106.25,105.09,105.38,13170.722291
1647172800,105.38,105.39,103.56,105.16,29384.288271
1647187200,105.14,105.87,104.86,105.27,7406.938111
1647201600,105.26,105.26,101.0,101.65,41407.722942
1647216000,101.62,102.88,100.83,101.99,22396.883499
1647230400,101.98,104.72,101.92,103.69,30525.597438
1647244800,103.69,105.58,103.59,104.91,30788.008698
1647259200,104.88,105.54,103.72,104.24,31014.139622
1647273600,104.24,104.6,101.68,102.77,22584.734544
1647288000,102.76,106.41,102.51,105.56,29871.179409
1647302400,105.55,106.48,104.75,105.0,29541.515399
1647316800,104.99,105.4,102.44,103.35,23284.031399
1647331200,103.36,104.04,102.51,103.94,20833.553256
1647345600,103.94,105.23,103.22,104.72,33843.96904
1647360000,104.73,108.3,104.56,108.2,36883.955263
1647374400,108.21,108.62,106.44,106.89,19312.338236
1647388800,106.87,112.12,106.2,106.65,82399.722124
1647403200,106.65,107.38,105.63,107.17,23299.558895
1647417600,107.15,108.5,107.03,107.7,33872.832681
1647432000,107.72,109.32,107.02,108.49,33657.009796
1647446400,108.48,109.74,106.01,109.56,76291.804763
1647460800,109.56,111.5,108.51,111.32,44461.518453
1647475200,111.31,111.64,109.5,109.95,22401.906298
1647489600,109.94,110.79,108.87,109.21,25533.145597
1647504000,109.23,109.84,108.58,109.79,15255.428633
1647518400,109.77,111.2,109.67,110.21,29742.292597
1647532800,110.22,111.64,110.08,110.81,20322.188967
1647547200,110.76,110.86,110.04,110.21,10089.760426
1647561600,110.2,110.29,107.71,108.63,26067.180091
1647576000,108.63,109.66,108.5,109.3,12613.505159
1647590400,109.3,109.94,108.54,108.99,13732.107855
1647604800,108.98,111.14,108.81,110.92,24493.431235
1647619200,110.91,112.5,110.73,112.44,19768.18643
1647633600,112.44,113.0,111.52,111.92,16117.480402
1647648000,111.9,112.94,111.4,112.27,15163.058709
1647662400,112.26,113.27,111.88,112.84,15790.835205
1647676800,112.84,112.99,111.71,112.47,14960.720974
1647691200,112.47,113.61,111.92,113.46,30352.695577
1647705600,113.42,114.85,112.89,113.61,28900.649861
1647720000,113.61,117.26,112.06,116.69,38740.445509
1647734400,116.68,118.45,115.31,116.44,46249.883296
1647748800,116.44,116.64,115.26,115.48,15761.755557
1647763200,115.46,115.52,113.12,114.19,25550.509608
1647777600,114.2,114.42,112.09,112.39,38225.559631
1647792000,112.38,115.41,111.36,115.33,33783.200247
1647806400,115.34,116.56,114.08,114.78,28590.865002
1647820800,114.83,116.58,113.13,114.22,37715.276984
1647835200,114.23,115.28,113.9,114.99,14315.793235
1647849600,114.98,115.63,113.92,114.91,20985.780143
1647864000,114.92,116.3,113.3,115.18,45192.9309
1647878400,115.18,116.67,114.1,116.65,40528.777137
1647892800,116.66,116.74,115.34,116.1,18521.143834
1647907200,116.1,121.24,115.54,119.39,133518.652148
1647921600,119.38,121.77,118.1,119.3,61598.916334
1647936000,119.31,123.7,118.93,122.36,43344.492415
1647950400,122.33,122.64,120.53,120.58,37198.259947
1647964800,120.59,123.28,120.27,120.94,33544.43197
1647979200,120.93,123.45,120.87,122.78,22659.069392
1647993600,122.78,124.5,119.86,119.9,51197.312369
1648008000,119.89,120.77,118.77,120.21,28098.06952
1648022400,120.2,120.24,118.58,119.41,24055.703531
1648036800,119.42,122.5,119.05,122.09,42183.997016
1648051200,122.1,122.6,119.51,120.99,37064.358682
1648065600,121.0,122.64,120.98,122.45,11311.397007
1648080000,122.45,123.26,120.45,120.71,44732.827885
1648094400,120.72,123.17,120.72,122.5,27486.37887
1648108800,122.51,123.43,121.5,122.03,26264.34052
1648123200,122.03,124.9,120.04,124.6,61230.011291
1648137600,124.58,126.24,124.26,125.68,38604.250818
1648152000,125.69,127.73,125.52,126.49,30133.168665
1648166400,126.49,127.11,125.19,126.4,33916.963357
1648180800,126.4,127.3,125.31,125.49,26799.256467
1648195200,125.49,126.92,123.76,126.71,29564.841583
1648209600,126.72,127.05,123.88,124.48,37164.861209
1648224000,124.44,125.31,121.56,123.55,38513.073454
1648238400,123.54,124.74,123.27,123.95,18682.296611
1648252800,123.92,124.35,122.8,124.21,11182.600856
1648267200,124.23,125.12,123.64,124.91,6561.399169
1648281600,124.89,125.18,124.3,124.32,8373.45907
1648296000,124.32,124.49,122.59,122.74,18177.107647
1648310400,122.73,124.04,121.94,123.9,13614.447778
1648324800,123.89,125.5,123.53,124.77,13130.039957
1648339200,124.77,126.56,124.72,126.44,13685.759188
1648353600,126.45,126.69,125.58,125.7,9253.77448
1648368000,125.72,126.23,124.74,124.79,11918.388988
1648382400,124.79,126.07,123.24,125.85,17879.294052
1648396800,125.85,126.12,124.18,124.51,17235.257597
1648411200,124.53,129.79,124.08,129.64,48264.024004
1648425600,129.67,130.77,128.93,130.19,35849.340209
1648440000,130.19,132.45,129.78,131.46,46860.208853
1648454400,131.45,131.88,130.46,131.46,23790.100764
1648468800,131.46,132.67,130.84,131.35,32145.028427
1648483200,131.35,131.98,130.12,131.01,27112.927308
1648497600,131.01,131.77,126.65,127.51,39054.926599
1648512000,127.5,130.71,127.23,128.93,31580.297753
1648526400,128.95,130.43,128.95,129.4,9518.095529
1648540800,129.41,131.62,129.37,131.55,18327.796265
1648555200,131.57,131.98,128.0,128.45,35889.37979
1648569600,128.45,130.17,127.08,129.45,27561.091495
1648584000,129.45,130.46,127.86,130.08,22064.460612
1648598400,130.07,130.07,125.69,128.12,44015.630672
1648612800,128.11,130.62,127.41,130.22,92049.989787
1648627200,130.2,131.92,129.61,131.03,27073.244088
1648641600,131.04,133.28,130.0,131.78,47727.471079
1648656000,131.78,134.09,131.07,131.94,31364.55317
1648670400,131.96,132.24,130.33,131.06,18401.350066
1648684800,131.11,132.9,130.94,131.48,15935.69361
1648699200,131.47,131.98,128.01,129.61,167905.716005
1648713600,129.56,130.38,129.21,129.86,31952.43
1648728000,129.87,131.0,121.0,124.03,263800.927522
1648742400,124.0,125.28,121.66,124.25,97285.939842
1648756800,124.28,125.39,122.24,123.83,27104.03988
1648771200,123.84,124.94,119.02,120.95,81153.359384
1648785600,120.9,122.81,120.8,122.63,23342.987355
1648800000,122.64,123.22,121.79,122.15,21047.679085
1648814400,122.16,125.77,120.97,124.84,46338.54338
1648828800,124.84,126.23,123.67,126.19,19187.426703
1648843200,126.19,126.37,124.46,124.81,14059.874975
1648857600,124.81,127.17,124.13,126.28,27721.166519
1648872000,126.29,127.08,126.22,126.69,9773.90596
1648886400,126.72,127.6,126.46,126.91,10473.253024
1648900800,126.87,128.29,124.99,125.81,41104.988544
1648915200,125.76,126.75,123.63,125.12,24491.490218
1648929600,125.14,125.96,124.45,124.85,16709.613479
1648944000,124.87,125.85,123.65,124.97,18441.286738
1648958400,124.96,126.41,124.78,126.07,12624.883481
1648972800,126.11,126.74,125.46,126.51,10147.102348
1648987200,126.51,127.97,126.09,127.53,15996.463372
1649001600,127.55,128.2,126.08,126.56,10394.645349
1649016000,126.54,129.5,126.54,128.83,21728.186291
1649030400,128.77,128.86,125.63,125.87,24633.025935
1649044800,125.89,126.61,125.6,126.4,8680.877234
1649059200,126.4,126.5,124.52,125.42,22590.308366
1649073600,125.42,125.67,122.88,123.37,29554.35522
1649088000,123.38,124.27,121.18,123.26,31435.218507
1649102400,123.24,125.42,122.63,124.78,17710.036461
1649116800,124.79,125.58,124.47,124.97,10019.878937
1649131200,124.98,126.23,124.93,125.92,13406.633248
1649145600,125.91,126.62,125.84,126.54,36583.45461
1649160000,126.54,127.37,123.11,124.15,81415.018133
1649174400,124.16,125.54,123.12,124.33,16171.619074
1649188800,124.33,124.97,122.54,122.69,15129.764137
1649203200,122.74,123.15,117.1,120.02,86354.14416
1649217600,120.03,121.02,119.49,120.23,15658.765692
1649232000,120.24,121.19,118.0,118.7,54635.163415
1649246400,118.7,119.23,114.05,115.79,76332.766703
1649260800,115.79,116.6,112.79,114.28,85552.684209
1649275200,114.27,114.81,111.3,111.66,28312.040513
1649289600,111.64,113.84,110.08,111.91,49261.21261
1649304000,111.92,113.53,111.65,113.29,13457.657347
1649318400,113.29,114.99,112.36,114.82,23922.589215
1649332800,114.8,114.98,112.0,113.29,29231.038276
1649347200,113.28,114.53,112.73,113.74,16979.155109
1649361600,113.75,114.5,113.17,114.11,9341.532139
1649376000,114.11,114.79,113.35,114.42,11292.224143
1649390400,114.44,115.14,113.75,115.07,11917.647237
1649404800,115.07,115.3,112.05,112.3,22994.642709
1649419200,112.3,114.55,110.97,113.47,74021.596857
1649433600,113.47,115.13,111.59,112.96,117466.04284
1649448000,112.96,113.54,109.6,110.74,25889.266645
1649462400,110.75,111.54,109.97,110.92,32714.181414
1649476800,110.95,111.57,110.45,111.11,38666.448577
1649491200,111.17,111.88,110.56,111.72,9854.676565
1649505600,111.72,112.14,110.6,110.83,14441.378256
1649520000,110.83,112.34,110.73,112.03,9794.645052
1649534400,112.02,112.99,111.6,112.66,9371.886735
1649548800,112.69,112.95,112.24,112.63,7683.565605
1649563200,112.62,112.88,112.09,112.2,7952.461185
1649577600,112.19,112.88,111.18,112.71,12347.551272
1649592000,112.7,113.15,111.63,112.27,23980.444181
1649606400,112.29,114.44,112.13,114.15,17001.041626
1649620800,114.13,114.41,110.05,110.28,29530.361218
1649635200,110.26,110.6,106.0,108.24,52286.084699
1649649600,108.25,109.63,108.13,109.44,15574.815078
1649664000,109.45,109.75,104.38,104.86,51818.076375
1649678400,104.86,105.17,103.0,103.53,44617.38946
1649692800,103.53,105.41,103.46,104.43,33648.022701
1649707200,104.44,104.73,101.88,102.46,40506.765313
1649721600,102.47,103.4,101.63,102.41,26020.391852
1649736000,102.44,104.79,102.16,104.36,24513.015406
1649750400,104.38,105.24,103.83,105.18,17907.761162
1649764800,105.16,105.75,103.66,104.53,37243.083141
1649779200,104.53,104.72,102.58,102.73,20730.975351
1649793600,102.72,105.0,102.72,104.86,17672.307117
1649808000,104.84,105.91,104.0,105.03,63968.517663
1649822400,105.0,105.69,103.8,105.28,51054.405028
1649836800,105.31,107.88,105.1,107.07,34973.294038
1649851200,107.14,110.48,106.37,110.16,121941.641905
1649865600,110.17,110.44,108.99,109.43,80575.940139
1649880000,109.43,110.82,109.43,110.54,19389.217457
1649894400,110.55,111.99,109.9,111.8,19293.304762
1649908800,111.83,112.33,110.12,110.81,15161.829806
1649923200,110.83,111.05,108.66,108.95,23239.703859
1649937600,108.91,109.73,106.63,106.84,37748.932871
1649952000,106.87,107.38,106.0,106.75,20214.496465
1649966400,106.74,107.66,106.32,107.41,10127.946854
1649980800,107.42,110.38,107.03,110.38,20972.216927
1649995200,110.38,110.91,109.01,109.6,88477.543493
1650009600,109.63,110.96,109.26,110.44,26893.174046
1650024000,110.44,112.95,109.46,112.33,40379.081066
1650038400,112.32,112.84,110.85,111.03,25926.709911
1650052800,111.02,111.53,110.67,110.92,9559.195182
1650067200,110.96,112.4,110.62,111.81,14559.805753
1650081600,111.81,112.1,111.42,111.57,5244.700789
1650096000,111.56,112.59,111.28,111.94,10678.06788
1650110400,111.96,114.0,111.09,111.5,30704.805757
1650124800,111.52,111.91,110.67,110.77,17183.976815
1650139200,110.78,114.82,110.17,114.33,22586.188115
1650153600,114.31,115.15,113.57,113.74,88544.73283
1650168000,113.74,114.38,112.8,113.23,10172.773209
1650182400,113.23,114.26,113.0,114.09,13395.213973
1650196800,114.11,114.31,112.84,113.41,15649.74134
1650211200,113.41,113.52,111.09,112.03,15277.51168
1650225600,112.03,112.03,108.22,108.79,30904.126797
1650240000,108.79,110.06,108.39,109.65,11950.831156
1650254400,109.65,109.76,105.28,105.98,37384.948055
1650268800,105.98,106.52,105.41,106.22,24616.229931
1650283200,106.25,107.9,106.21,106.62,28898.520361
1650297600,106.61,110.72,105.85,110.34,34908.594093
1650312000,110.34,111.45,110.07,111.24,18169.514937
1650326400,111.24,112.38,111.0,111.91,84493.896745
1650340800,111.92,112.18,110.65,110.87,10524.111359
1650355200,110.88,112.0,110.61,111.0,13116.794741
1650369600,110.98,113.61,110.95,113.1,39439.748246
1650384000,113.13,113.46,112.41,113.12,16593.587473
1650398400,113.12,114.12,112.84,113.77,13855.357014
1650412800,113.78,113.78,111.91,112.53,91067.532871
1650427200,112.54,113.24,112.21,112.5,10501.465743
1650441600,112.52,114.19,112.26,113.81,21147.856163
1650456000,113.83,113.92,110.7,111.75,40683.310115
1650470400,111.72,112.89,110.99,111.8,19005.98436
1650484800,111.82,112.75,111.6,111.85,7379.700638
1650499200,111.86,112.65,111.66,112.32,12141.735927
1650513600,112.32,112.57,110.49,111.23,14207.637669
1650528000,111.24,112.92,110.1,112.39,30571.912194
1650542400,112.4,114.51,112.17,113.0,35129.088297
1650556800,113.0,113.46,109.11,109.28,34190.663707
1650571200,109.29,109.37,105.35,106.71,46913.186913
1650585600,106.71,108.1,106.04,107.06,119994.195925
1650600000,107.07,108.71,106.94,108.26,13794.291494
1650614400,108.26,108.39,107.09,108.12,13380.88175
1650628800,108.13,108.32,106.45,106.63,24204.885826
1650643200,106.64,107.55,105.57,105.59,21781.619115
1650657600,105.59,106.23,104.72,105.36,20673.099201
1650672000,105.35,106.1,104.87,105.59,83520.639322
1650686400,105.59,106.98,105.0,106.79,19250.392913
1650700800,106.8,107.22,106.49,106.75,13311.405793
1650715200,106.75,107.01,105.92,106.24,11969.838487
1650729600,106.24,106.64,105.75,106.14,6876.936157
1650744000,106.15,106.6,104.41,105.16,10125.88679
1650758400,105.15,105.94,104.41,105.26,12806.693023
1650772800,105.28,105.52,105.02,105.39,3768.828253
1650787200,105.42,105.61,104.68,105.03,5924.917947
1650801600,105.04,105.58,103.79,104.87,20816.208167
1650816000,104.87,105.25,103.5,105.05,24182.79969
1650830400,105.07,105.53,104.39,104.54,8853.403502
1650844800,104.54,104.79,100.86,101.94,59243.72166
1650859200,101.93,101.98,98.31,99.42,52627.382089
1650873600,99.47,101.91,99.38,101.79,47542.789336
1650888000,101.83,102.75,100.94,101.88,43112.080313
1650902400,101.87,104.33,101.77,104.29,35122.281782
1650916800,104.29,104.99,104.09,104.56,14144.750325
1650931200,104.56,105.37,104.3,104.45,13363.319361
1650945600,104.48,105.06,103.44,104.06,110666.103861
1650960000,104.06,104.95,103.86,104.36,16643.628985
1650974400,104.35,104.66,100.14,100.45,47284.370059
1650988800,100.45,101.45,98.72,100.05,38206.059035
1651003200,100.05,100.32,96.31,98.6,39639.152015
1651017600,98.61,99.59,97.71,99.28,36422.769702
1651032000,99.28,101.03,98.73,101.03,51804.667386
1651046400,101.01,101.33,99.22,100.22,24738.802119
1651060800,100.2,101.94,99.12,100.61,33588.145104
1651075200,100.62,101.36,99.3,99.7,19920.980711
1651089600,99.68,100.71,99.6,100.58,10123.417395
1651104000,100.58,101.25,99.84,100.2,16598.014186
1651118400,100.19,101.09,99.8,100.52,9550.787432
1651132800,100.55,103.18,100.43,102.46,32063.806691
1651147200,102.46,103.41,99.71,101.35,66572.769513
1651161600,101.35,104.41,101.16,103.56,77114.856434
1651176000,103.55,104.41,102.71,103.31,12579.934857
1651190400,103.31,104.6,102.0,102.86,172801.090169
1651204800,102.85,103.22,102.29,102.68,11079.446262
1651219200,102.7,102.77,99.42,99.99,34351.87762
1651233600,99.99,101.89,99.31,101.25,22036.581886
1651248000,101.25,101.58,98.35,98.85,33698.863463
1651262400,98.81,100.88,98.74,100.39,17088.132066
1651276800,100.4,101.29,100.15,101.22,9553.309831
1651291200,101.23,101.6,100.73,101.01,11959.876412
1651305600,101.02,101.12,100.24,100.74,11251.486755
1651320000,100.71,101.54,99.22,100.46,27393.649279
1651334400,100.45,100.9,98.72,99.61,18256.789537
1651348800,99.56,99.87,93.96,95.82,83717.071814
1651363200,95.81,96.65,94.4,96.12,33813.156313
1651377600,96.11,97.07,95.68,96.31,15841.17944
1651392000,96.32,97.45,96.29,96.48,12971.118392
1651406400,96.5,99.7,96.04,98.69,31250.352002
1651420800,98.69,100.06,97.32,97.64,22363.863676
1651435200,97.6,99.85,97.41,99.28,20333.03198
1651449600,99.27,100.41,99.17,100.16,18058.085153
1651464000,100.17,101.32,99.57,100.28,21682.079859
1651478400,100.28,100.62,98.41,98.55,20241.15729
1651492800,98.49,100.95,98.31,100.23,37515.626365
1651507200,100.22,100.74,98.38,100.66,23463.135137
1651521600,100.64,101.9,100.07,100.64,13808.300169
1651536000,100.67,101.39,100.24,101.11,18409.747741
1651550400,101.12,101.26,100.27,100.93,10603.273775
1651564800,100.94,101.38,99.95,101.12,13334.043405
1651579200,101.12,101.22,99.34,101.02,20028.091874
1651593600,100.99,101.32,97.68,97.97,27162.342657
1651608000,97.98,99.64,97.45,99.36,17827.595421
1651622400,99.36,100.7,99.01,100.03,51546.084578
1651636800,100.07,101.69,99.65,101.5,15774.485614
1651651200,101.5,103.0,101.5,102.65,24672.121556
1651665600,102.65,103.34,100.68,102.29,65164.663415
1651680000,102.28,106.85,101.91,106.52,69485.99766
1651694400,106.52,107.16,105.4,106.27,31446.875473
1651708800,106.27,106.87,106.02,106.17,13559.620257
1651723200,106.15,106.41,104.9,105.27,11842.939803
1651737600,105.28,105.67,104.56,104.87,22878.111629
1651752000,104.85,105.2,97.13,98.29,92991.057777
1651766400,98.21,98.48,94.76,96.22,70047.893647
1651780800,96.27,97.47,95.72,96.84,25532.846785
1651795200,96.84,97.57,95.83,97.03,34278.045986
1651809600,97.03,98.41,95.16,96.94,54733.793399
1651824000,96.89,97.45,94.21,95.01,53752.654929
1651838400,95.0,96.99,92.78,95.71,103500.200246
1651852800,95.67,96.5,94.78,95.66,26940.484177
1651867200,95.66,97.35,95.3,96.71,12964.021436
1651881600,96.7,97.02,95.5,95.75,13716.08332
1651896000,95.75,96.19,95.08,95.96,12429.095442
1651910400,95.99,97.35,95.86,96.36,26331.925382
1651924800,96.39,96.61,95.75,96.37,13146.756526
1651939200,96.38,96.75,96.0,96.17,11770.455041
1651953600,96.13,96.41,92.56,94.28,48346.945846
1651968000,94.29,94.7,91.54,93.14,65452.284761
1651982400,93.13,94.66,93.02,93.91,21315.139834
1651996800,93.93,94.62,93.5,94.25,12429.253871
1652011200,94.26,94.34,92.74,93.43,30059.938809
1652025600,93.43,95.68,91.49,95.54,64445.351513
1652040000,95.55,95.74,93.59,93.93,23643.275521
1652054400,93.93,94.97,90.59,91.67,45790.068619
1652068800,91.65,92.55,90.38,90.98,28350.905494
1652083200,90.98,91.79,86.38,88.08,86519.205367
1652097600,88.06,88.98,83.56,84.5,98937.344565
1652112000,84.5,85.23,77.07,80.0,245709.989552
1652126400,80.01,82.44,75.11,76.14,117019.849659
1652140800,76.13,79.14,73.27,78.09,374368.538152
1652155200,78.15,84.13,77.66,81.56,148122.129443
1652169600,81.56,83.05,80.59,81.82,86750.930319
1652184000,81.84,85.01,79.41,81.23,326134.624085
1652198400,81.23,82.37,80.0,80.0,204469.709431
1652212800,80.03,80.79,77.43,80.18,118347.183032
1652227200,80.16,81.08,78.64,79.46,103108.08119
1652241600,79.43,80.36,75.21,76.83,191748.30954
1652256000,76.83,82.78,76.06,79.25,195139.483169
1652270400,79.25,80.56,67.69,74.35,769433.305788
1652284800,74.38,75.22,67.5,68.09,199589.023814
1652299200,68.09,69.09,64.11,66.69,203570.855724
1652313600,66.67,69.88,61.77,62.0,231011.409291
1652328000,61.95,64.32,54.34,61.63,695970.676805
1652342400,61.63,64.81,59.2,62.76,222814.743067
1652356800,62.71,67.24,60.24,64.78,176907.902918
1652371200,64.81,67.97,62.27,64.65,94190.297797
1652385600,64.64,65.09,61.61,64.46,73499.984888
1652400000,64.45,70.41,63.2,69.58,133830.870909
1652414400,69.6,71.62,67.72,67.94,90276.703765
1652428800,67.94,74.9,67.94,72.34,90100.245283
1652443200,72.33,73.27,69.85,70.79,73971.875023
1652457600,70.78,71.54,68.44,69.45,61861.660789
1652472000,69.46,70.54,67.51,67.91,56223.412888
1652486400,67.9,70.29,67.21,68.87,54355.413115
1652500800,68.88,68.89,67.09,67.67,40776.339837
1652515200,67.64,68.9,64.99,65.72,53408.10705
1652529600,65.69,66.11,64.17,64.73,56478.641492
1652544000,64.74,68.04,64.35,66.98,58349.852414
1652558400,66.99,69.45,66.33,68.87,58443.03337
1652572800,68.87,69.27,66.02,66.89,70681.928986
1652587200,66.88,68.95,65.97,67.86,61916.26541
1652601600,67.85,69.36,67.22,69.0,72434.274449
1652616000,69.02,69.86,66.82,68.01,90681.283772
1652630400,68.02,69.87,67.76,69.8,50620.289459
1652644800,69.8,71.74,69.54,71.54,55315.004752
1652659200,71.55,71.56,68.04,68.34,49472.987125
1652673600,68.34,68.43,64.98,66.19,75941.408783
1652688000,66.2,67.83,65.01,67.07,75732.588995
1652702400,67.08,68.1,65.66,66.5,60797.397598
1652716800,66.5,68.06,65.92,67.38,42394.484847
1652731200,67.38,68.78,66.9,67.18,26582.738845
1652745600,67.19,71.06,67.0,70.58,57384.778837
1652760000,70.57,71.11,70.06,70.19,39748.466743
1652774400,70.2,71.29,70.09,70.65,27892.210408
1652788800,70.65,72.83,70.24,71.38,61155.012784
1652803200,71.37,73.9,69.75,71.82,80321.497853
1652817600,71.83,73.58,71.39,73.1,39518.20388
1652832000,73.11,74.35,70.93,71.21,55324.450088
1652846400,71.22,73.34,70.71,71.36,39967.649085
1652860800,71.36,73.02,70.94,71.81,34591.202499
1652875200,71.81,72.09,66.66,67.29,88927.299293
1652889600,67.29,68.57,66.31,68.41,48500.424318
1652904000,68.42,68.42,65.77,65.96,30771.544631
1652918400,65.95,67.84,64.66,67.43,43733.754057
1652932800,67.44,68.88,66.53,67.69,34049.543278
1652947200,67.7,68.62,66.08,68.45,23986.837676
1652961600,68.46,72.31,67.79,72.05,86740.100206
1652976000,72.05,72.71,70.63,70.64,35115.381871
1652990400,70.65,72.37,70.65,72.13,15571.86293
1653004800,72.13,73.43,68.89,69.27,51352.068749
1653019200,69.28,70.64,68.86,70.04,42286.303827
1653033600,70.07,71.38,69.6,71.16,21893.198266
1653048000,71.17,71.22,67.5,67.87,53969.307341
1653062400,67.87,69.04,66.8,68.98,22639.085094
1653076800,68.99,69.49,68.27,68.57,12677.252492
1653091200,68.58,69.8,67.84,69.73,16566.969445
1653105600,69.72,69.91,68.85,69.71,13920.045193
1653120000,69.72,69.98,68.81,69.09,21001.868281
1653134400,69.1,70.22,68.93,70.02,17422.711373
1653148800,70.01,70.65,69.41,69.92,9885.872236
1653163200,69.92,69.97,69.32,69.84,8250.098574
1653177600,69.84,70.24,69.69,69.91,8193.194429
1653192000,69.9,70.43,69.37,70.34,14271.573923
1653206400,70.35,72.45,70.32,71.67,30398.453301
1653220800,71.68,72.53,70.58,70.94,26095.398633
1653235200,70.92,71.65,70.35,70.84,10061.362867
1653249600,70.82,72.26,70.72,71.66,8997.332233
1653264000,71.65,72.0,70.52,71.2,15837.352346
1653278400,71.19,73.0,71.04,72.3,17698.104479
1653292800,72.29,73.95,71.52,73.3,25581.968827
1653307200,73.3,73.8,71.54,72.86,23496.067271
1653321600,72.86,73.35,68.62,68.81,32860.32743
1653336000,68.79,71.04,68.3,69.03,38981.436523
1653350400,69.01,70.1,68.8,69.83,11203.516431
1653364800,69.84,69.92,68.78,69.37,10310.974332
1653379200,69.37,70.25,68.16,69.73,20025.289557
1653393600,69.75,69.98,67.06,69.4,37134.730471
1653408000,69.39,70.31,68.62,69.93,22043.537613
1653422400,69.94,70.83,69.72,70.28,11371.441592
1653436800,70.25,71.7,69.67,71.05,19840.808074
1653451200,71.08,71.12,69.52,69.61,21038.645883
1653465600,69.61,69.76,68.16,68.29,17796.920184
1653480000,68.27,69.49,67.92,68.78,16682.57891
1653494400,68.77,69.16,67.83,68.23,13661.275724
1653508800,68.24,68.88,68.12,68.21,7772.374752
1653523200,68.23,68.81,67.62,68.12,14734.07569
1653537600,68.13,68.35,65.6,66.38,28310.834599
1653552000,66.4,66.42,62.09,62.61,55827.839454
1653566400,62.6,64.78,60.4,64.31,83636.201707
1653580800,64.31,66.09,63.59,63.62,25795.142245
1653595200,63.62,64.87,63.29,63.4,16809.196693
1653609600,63.38,64.04,61.09,62.92,30351.297251
1653624000,62.93,63.77,61.07,62.67,40145.134083
1653638400,62.67,63.61,61.98,62.96,38159.488191
1653652800,62.96,64.15,61.75,62.48,35660.188591
1653667200,62.47,62.86,60.92,62.15,28951.937257
1653681600,62.15,62.67,60.98,61.58,14524.537629
1653696000,61.58,62.86,61.31,62.41,22929.49209
1653710400,62.38,63.08,62.17,62.36,14520.509707
1653724800,62.36,63.8,62.04,63.15,18422.238912
1653739200,63.14,64.03,62.93,63.37,26475.199973
1653753600,63.37,63.6,62.74,63.28,13191.938348
1653768000,63.27,63.47,62.53,63.05,8932.543154
1653782400,63.05,63.2,61.84,62.27,26763.354019
1653796800,62.26,62.71,62.03,62.62,15508.170695
1653811200,62.61,63.56,62.48,63.42,14124.05811
1653825600,63.43,64.4,63.3,63.44,22065.432034
1653840000,63.45,64.09,62.53,63.08,10656.677187
1653854400,63.06,64.14,62.89,63.66,15648.733088
1653868800,63.66,66.41,63.29,65.64,33549.995592
1653883200,65.65,67.06,65.39,66.86,27466.144682
1653897600,66.86,67.1,65.78,65.99,18928.267498
1653912000,65.97,67.14,65.08,66.37,26326.69806
1653926400,66.38,67.36,66.16,66.9,13746.045415
1653940800,66.92,69.78,66.68,69.09,53577.575217
1653955200,69.09,69.78,68.55,69.35,20631.1987
1653969600,69.34,69.51,68.31,68.76,14298.9731
1653984000,68.76,69.13,67.98,68.68,17832.781025
1653998400,68.68,69.09,66.73,68.82,26508.035692
1654012800,68.84,69.18,67.28,67.85,19563.315247
1654027200,67.86,69.3,67.86,68.36,13025.099502
1654041600,68.38,70.61,67.91,68.84,26099.342382
1654056000,68.83,69.11,67.61,67.75,20865.940022
1654070400,67.75,68.49,67.51,68.06,19230.316303
1654084800,68.08,69.21,65.71,65.76,55852.653776
1654099200,65.76,65.97,63.7,63.98,39515.10979
1654113600,63.97,64.05,61.66,62.68,44589.598435
1654128000,62.68,63.35,62.27,62.35,20976.131117
1654142400,62.35,63.55,62.04,63.37,24183.865176
1654156800,63.37,63.99,62.9,63.96,17077.616204
1654171200,63.96,64.03,62.38,63.67,22021.995136
1654185600,63.68,64.11,63.34,63.97,8797.292339
1654200000,63.98,64.79,63.84,64.45,11458.75762
1654214400,64.45,64.88,64.05,64.51,11117.820036
1654228800,64.5,64.61,63.65,64.03,14291.417059
1654243200,64.04,64.2,61.76,62.22,38550.795298
1654257600,62.22,62.8,61.39,61.85,21931.914414
1654272000,61.84,62.33,61.63,61.95,10303.883115
1654286400,61.95,63.03,61.89,62.56,7765.880853
1654300800,62.58,62.78,61.35,61.78,11505.224989
1654315200,61.78,62.93,61.69,62.62,9727.21223
1654329600,62.63,62.97,62.35,62.51,8303.447538
1654344000,62.51,63.34,62.12,63.33,15839.610308
1654358400,63.32,63.48,62.99,63.35,8481.087862
1654372800,63.34,64.35,63.18,63.76,8896.899305
1654387200,63.76,63.86,62.39,62.94,9549.530902
1654401600,62.94,63.1,62.64,62.75,8644.85298
1654416000,62.75,63.01,62.37,62.88,6033.157384
1654430400,62.89,63.17,61.69,63.13,12252.44649
1654444800,63.14,63.73,62.37,63.44,20270.728279
1654459200,63.45,63.87,63.07,63.13,10096.473217
1654473600,63.14,65.8,62.89,65.5,32534.670028
1654488000,65.49,66.0,65.1,65.77,14085.554897
1654502400,65.78,66.55,65.7,65.91,17419.067449
1654516800,65.91,66.11,64.51,65.04,19701.951281
1654531200,65.04,65.05,63.66,64.23,15213.439158
1654545600,64.23,64.68,63.7,64.45,24486.038375
1654560000,64.45,64.46,60.14,61.44,64398.436295
1654574400,61.44,61.75,60.98,61.52,12872.08716
1654588800,61.52,61.94,61.02,61.23,9452.867946
1654603200,61.24,62.68,61.03,62.33,14152.230657
1654617600,62.32,64.9,61.95,64.4,15834.7385
1654632000,64.39,65.52,62.11,63.8,45753.859225
1654646400,63.84,64.47,62.07,62.54,58585.278481
1654660800,62.48,63.5,62.19,62.64,44660.445932
1654675200,62.64,62.69,61.49,62.05,28289.148482
1654689600,62.05,63.38,61.33,62.45,30742.661032
1654704000,62.42,62.88,61.12,61.9,14704.027566
1654718400,61.9,62.27,61.33,61.38,8552.641683
1654732800,61.38,61.77,60.89,61.34,14494.225935
1654747200,61.34,61.9,61.22,61.89,10328.088978
1654761600,61.88,62.38,61.38,61.47,14157.858443
1654776000,61.47,61.67,60.65,61.34,19695.814936
1654790400,61.34,61.89,60.17,60.22,13663.952859
1654804800,60.23,60.37,59.2,60.22,31297.744664
1654819200,60.2,60.47,58.5,59.93,30576.113808
1654833600,59.93,60.33,59.67,59.94,15524.245159
1654848000,59.94,60.24,58.86,59.27,20540.124204
1654862400,59.25,59.57,56.26,57.46,76199.4
1654876800,57.45,58.17,55.55,56.68,66051.583056
1654891200,56.68,57.24,56.02,56.67,17746.448204
1654905600,56.67,57.75,56.55,57.58,27204.609452
1654920000,57.58,57.78,57.0,57.49,28183.151182
1654934400,57.5,57.59,54.7,55.31,57531.516712
1654948800,55.31,55.82,51.64,52.63,94760.993091
1654963200,52.63,53.96,51.93,52.85,64705.453902
1654977600,52.84,53.36,51.74,52.17,59194.144297
1654992000,52.16,52.62,48.89,49.75,88762.022305
1655006400,49.75,50.27,48.59,50.03,67878.403626
1655020800,50.03,50.68,49.18,49.9,39348.200496
1655035200,49.91,52.63,48.76,51.32,66731.281061
1655049600,51.33,51.7,50.21,50.34,33592.011022
1655064000,50.33,50.53,47.28,47.92,37388.893942
1655078400,47.92,48.29,44.04,45.44,162014.067946
1655092800,45.43,46.63,42.67,44.45,131435.581452
1655107200,44.46,44.61,41.45,42.15,178925.304984
1655121600,42.14,43.81,41.0,43.2,137866.404257
1655136000,43.2,44.92,42.83,43.91,100650.304283
1655150400,43.89,45.37,42.08,43.48,57960.413951
1655164800,43.48,44.72,40.36,44.48,152385.120599
1655179200,44.49,45.73,42.99,45.54,125859.151527
1655193600,45.53,45.62,43.41,44.04,126496.391251
1655208000,44.03,46.4,43.47,45.58,101258.200231
1655222400,45.57,45.86,44.4,45.33,66920.429249
1655236800,45.34,46.5,44.07,46.17,55094.301535
1655251200,46.15,46.69,44.64,44.72,54034.51131
1655265600,44.72,44.79,42.59,43.25,88306.888705
1655280000,43.24,44.88,41.63,44.36,154191.769484
1655294400,44.33,45.4,44.03,45.0,112292.61057
1655308800,44.97,49.46,43.49,48.34,174019.858646
1655323200,48.33,50.96,48.0,50.64,82849.021825
1655337600,50.62,51.22,49.65,49.67,59128.314992
1655352000,49.67,49.97,47.14,47.31,67474.695491
1655366400,47.32,47.94,44.52,45.04,145944.8727
1655380800,45.03,46.33,44.37,45.57,72948.769045
1655395200,45.59,46.78,45.06,45.49,107114.457874
1655409600,45.49,46.09,44.0,44.78,33601.35787
1655424000,44.8,47.09,44.41,45.69,53792.307812
1655438400,45.71,47.8,45.62,47.42,35483.956377
1655452800,47.42,47.61,46.2,46.77,35474.136882
1655467200,46.75,46.96,45.57,46.13,46228.800046
1655481600,46.12,46.54,45.82,46.2,20382.887765
1655496000,46.25,48.43,46.25,47.59,55162.421265
1655510400,47.6,48.24,46.73,47.5,44108.871901
1655524800,47.48,48.34,44.12,44.6,110130.811039
1655539200,44.59,45.84,43.64,45.15,72933.558368
1655553600,45.18,46.23,44.8,44.9,50980.266903
1655568000,44.89,45.35,42.61,42.67,81677.672506
1655582400,42.69,47.53,41.49,47.15,89798.029303
1655596800,47.16,47.27,45.21,45.3,50205.087057
1655611200,45.31,47.5,44.89,46.37,151106.779314
1655625600,46.36,52.0,46.05,50.21,161209.312316
1655640000,50.22,52.21,49.34,51.65,135354.253902
1655654400,51.64,55.97,51.04,55.12,151375.052571
1655668800,55.13,56.37,53.57,54.3,81323.019875
1655683200,54.27,54.75,51.5,52.9,111379.315773
1655697600,52.89,53.0,51.31,52.25,50982.6134
1655712000,52.24,54.03,52.12,53.53,45645.952606
1655726400,53.53,53.58,51.4,52.8,65368.892007
1655740800,52.84,53.46,51.55,52.28,41988.253229
1655755200,52.29,53.44,51.45,52.76,30240.186999
1655769600,52.77,53.78,51.84,52.97,86181.913952
1655784000,52.97,54.64,52.47,53.17,49506.654084
1655798400,53.17,54.16,52.48,52.5,46720.815678
1655812800,52.49,55.68,52.32,54.12,57869.511253
1655827200,54.12,54.53,52.94,52.98,31092.737934
1655841600,52.97,54.72,52.68,53.53,22166.930131
1655856000,53.52,53.55,51.17,51.38,45443.057487
1655870400,51.37,52.32,50.45,50.78,30400.611341
1655884800,50.78,52.36,50.54,52.16,28151.289629
1655899200,52.16,53.44,51.03,51.75,38560.231364
1655913600,51.75,52.41,51.03,51.76,25455.869365
1655928000,51.75,53.03,51.1,52.11,20216.161756
1655942400,52.11,55.47,51.88,54.18,66433.294403
1655956800,54.19,56.11,53.98,55.1,35781.345035
1655971200,55.11,55.7,54.25,54.52,31354.236281
1655985600,54.51,55.16,53.8,54.23,46638.526957
1656000000,54.23,55.76,53.4,55.55,28779.226077
1656014400,55.56,56.75,55.16,55.71,31985.136976
1656028800,55.72,57.39,55.67,55.86,33741.235266
1656043200,55.86,56.44,55.08,55.58,26319.542104
1656057600,55.59,56.54,55.07,56.13,29474.47027
1656072000,56.13,57.02,55.05,55.41,56050.897006
1656086400,55.41,55.78,54.36,55.7,33015.882848
1656100800,55.72,56.97,55.26,55.83,31362.18995
1656115200,55.83,57.05,55.38,56.55,26590.547382
1656129600,56.56,57.24,55.96,56.92,17865.816569
1656144000,56.94,57.18,56.17,56.33,14056.136951
1656158400,56.34,56.4,54.59,55.14,29612.572044
1656172800,55.13,59.39,55.11,58.69,74869.889965
1656187200,58.7,59.76,58.48,58.87,24938.097641
1656201600,58.88,60.17,58.49,59.94,26289.066211
1656216000,59.93,60.46,58.81,58.98,29007.747469
1656230400,58.99,59.85,58.13,59.62,22465.542389
1656244800,59.62,60.41,57.43,58.01,34096.527325
1656259200,58.02,58.78,57.52,58.27,16397.069266
1656273600,58.27,58.87,56.61,56.61,21585.706138
1656288000,56.6,58.17,56.44,57.82,15398.612213
1656302400,57.83,58.62,57.24,58.31,17473.54672
1656316800,58.31,58.64,57.77,57.86,15997.589057
1656331200,57.86,57.96,55.36,55.95,35673.352144
1656345600,55.95,56.4,54.85,55.71,22968.569638
1656360000,55.71,56.64,55.6,55.89,13016.946455
1656374400,55.89,56.49,53.94,54.7,23883.340856
1656388800,54.7,56.1,54.57,55.72,17205.729086
1656403200,55.72,56.87,55.57,56.21,23839.943841
1656417600,56.21,57.12,54.09,54.2,28126.948343
1656432000,54.19,54.86,53.09,53.26,25875.173042
1656446400,53.26,53.81,52.56,52.69,23206.850476
1656460800,52.69,53.42,52.23,52.88,24039.099646
1656475200,52.88,53.16,51.37,52.56,38568.209016
1656489600,52.55,52.78,51.48,52.27,22513.930703
1656504000,52.27,53.25,51.52,53.11,52061.50901
1656518400,53.11,53.99,51.94,53.88,37429.67742
1656532800,53.88,54.44,53.05,53.65,21479.355421
1656547200,53.65,53.98,52.36,53.18,28971.31655
1656561600,53.18,53.67,51.19,51.69,44032.645347
1656576000,51.7,51.71,50.22,50.67,55765.697091
1656590400,50.66,51.71,50.16,51.4,71671.899474
1656604800,51.38,52.09,51.08,51.51,27991.320068
1656619200,51.51,54.02,50.55,53.85,39340.343151
1656633600,53.85,56.24,53.44,53.52,74858.85855
1656648000,53.51,53.55,50.31,51.38,73932.582448
1656662400,51.38,51.91,50.08,50.79,43428.953471
1656676800,50.79,51.63,50.26,50.62,33168.346203
1656691200,50.63,51.71,50.47,51.53,21819.444969
1656705600,51.54,52.16,50.76,51.21,21456.947742
1656720000,51.19,51.66,50.4,50.67,43162.011424
1656734400,50.67,51.39,50.61,50.72,16523.700461
1656748800,50.73,50.94,49.8,50.67,27118.806718
1656763200,50.68,50.92,49.85,50.12,31911.496954
1656777600,50.13,50.79,49.92,50.58,16928.055393
1656792000,50.57,50.99,50.19,50.54,11495.231775
1656806400,50.54,50.67,50.05,50.43,11365.148723
1656820800,50.46,50.73,49.12,50.09,31276.754599
1656835200,50.1,50.3,49.65,50.17,11531.395083
1656849600,50.16,50.28,49.16,49.49,12709.236589
1656864000,49.47,51.35,49.42,51.04,15759.35777
1656878400,51.04,52.24,50.67,50.98,38416.440787
1656892800,50.97,51.14,49.75,49.97,19434.340163
1656907200,49.97,50.22,49.76,49.92,15587.876209
1656921600,49.9,51.65,49.83,51.45,32861.199457
1656936000,51.45,52.21,50.7,51.24,33678.030293
1656950400,51.25,51.88,51.1,51.42,18685.208374
1656964800,51.42,52.42,51.12,52.24,20616.973769
1656979200,52.25,52.46,51.34,51.83,29702.633938
1656993600,51.81,52.48,51.48,51.85,23654.967095
1657008000,51.85,51.88,49.46,49.6,44379.456491
1657022400,49.58,49.58,47.97,48.36,66314.731688
1657036800,48.36,50.94,48.19,50.52,47076.161382
1657051200,50.52,51.36,49.63,49.72,27158.804209
1657065600,49.72,50.28,48.95,49.82,20560.342626
1657080000,49.83,51.17,49.61,50.03,33835.654975
1657094400,50.02,50.58,49.83,50.06,25878.2717
1657108800,50.06,50.47,49.57,49.96,34254.933102
1657123200,49.96,50.47,49.62,50.1,29066.73622
1657137600,50.1,50.76,49.95,50.36,33408.43222
1657152000,50.37,50.61,49.85,50.0,27376.208142
1657166400,50.0,50.11,49.78,50.04,18049.611386
1657180800,50.05,50.55,49.92,50.18,36637.673612
1657195200,50.18,51.66,49.9,51.17,50806.679271
1657209600,51.18,52.12,51.17,52.05,44177.85171
1657224000,52.05,52.61,51.43,52.14,21360.706252
1657238400,52.15,54.1,51.84,53.58,110297.031693
1657252800,53.59,53.78,52.63,52.9,18992.134101
1657267200,52.91,53.04,51.51,51.83,38640.280527
1657281600,51.84,52.48,50.8,52.15,42145.986065
1657296000,52.15,52.38,51.28,52.0,26553.351992
1657310400,52.0,52.36,51.15,51.36,14812.210175
1657324800,51.36,52.19,51.36,51.88,20627.225305
1657339200,51.88,52.48,51.67,52.38,13733.065294
1657353600,52.39,52.49,51.58,51.71,14333.381163
1657368000,51.71,52.38,51.61,52.21,12971.169598
1657382400,52.2,53.83,52.15,53.33,33403.169183
1657396800,53.32,54.82,53.14,54.07,28783.879412
1657411200,54.07,54.5,53.4,53.93,39041.707555
1657425600,53.93,55.07,53.7,54.6,55023.140108
1657440000,54.61,54.7,53.82,54.51,22686.640058
1657454400,54.5,54.69,51.88,51.88,57216.987196
1657468800,51.89,52.25,50.7,51.43,40987.893061
1657483200,51.44,53.13,51.28,52.12,35649.702213
1657497600,52.13,52.28,51.04,51.43,29685.352488
1657512000,51.42,51.51,50.56,50.97,23939.292031
1657526400,50.97,51.35,50.79,50.86,12969.162788
1657540800,50.83,51.39,50.11,50.52,37643.171205
1657555200,50.53,51.1,50.47,50.63,16468.422094
1657569600,50.62,50.78,48.25,48.72,32374.173373
1657584000,48.72,49.36,48.28,48.72,32669.86193
1657598400,48.72,49.17,48.08,48.31,21559.377159
1657612800,48.31,48.55,47.53,48.21,27879.744345
1657627200,48.2,48.79,47.98,48.54,17981.297167
1657641600,48.52,48.97,47.33,47.57,25357.362469
1657656000,47.57,48.15,47.26,47.34,13530.240508
1657670400,47.32,48.27,46.76,47.86,21333.137981
1657684800,47.87,48.88,47.87,48.87,20269.588554
1657699200,48.88,49.09,48.56,48.8,17531.532172
1657713600,48.81,49.5,46.41,47.74,115565.129861
1657728000,47.74,48.85,47.38,48.25,32261.523674
1657742400,48.25,49.73,48.19,49.53,26550.683271
1657756800,49.54,49.83,49.24,49.34,35927.696527
1657771200,49.35,49.5,48.67,48.99,28517.706394
1657785600,49.0,49.15,48.01,48.38,33743.449205
1657800000,48.37,50.1,48.06,49.97,34188.008436
1657814400,49.98,51.78,49.42,51.02,50930.651275
1657828800,51.02,51.42,50.75,51.3,15599.192863
1657843200,51.3,51.94,50.64,51.38,78535.497369
1657857600,51.37,51.58,50.65,51.22,27541.212809
1657872000,51.22,51.7,50.84,50.9,25455.734552
1657886400,50.9,52.76,50.76,51.59,49243.252542
1657900800,51.6,52.41,51.12,52.31,25144.551371
1657915200,52.32,52.77,51.5,51.75,15163.195639
1657929600,51.76,51.87,51.07,51.48,10874.247085
1657944000,51.48,51.86,51.04,51.2,24561.603908
1657958400,51.21,51.57,51.2,51.39,8196.313254
1657972800,51.38,52.56,51.37,52.47,29029.888958
1657987200,52.42,54.82,52.42,54.24,77249.922553
1658001600,54.25,55.55,53.66,55.07,25048.571831
1658016000,55.08,56.27,54.58,55.56,41687.148417
1658030400,55.56,56.37,55.3,55.77,24540.061375
1658044800,55.77,55.94,54.82,55.4,26021.488558
1658059200,55.4,55.83,54.56,55.38,31766.882689
1658073600,55.38,56.25,54.42,55.83,40468.688977
1658088000,55.83,57.05,55.52,55.75,29404.302923
1658102400,55.76,57.96,55.21,57.38,122379.626067
1658116800,57.38,58.87,57.14,57.93,53721.689303
1658131200,57.93,58.55,57.28,57.87,35835.773508
1658145600,57.88,59.37,57.12,59.0,39465.237041
1658160000,58.99,59.15,55.97,56.57,45972.215016
1658174400,56.58,58.9,56.37,58.61,23473.110018
1658188800,58.6,59.63,56.27,56.32,70613.686964
1658203200,56.34,57.18,55.83,56.48,45161.85204
1658217600,56.48,57.42,56.3,56.93,30756.175356
1658232000,56.93,58.14,56.51,57.97,54165.345297
1658246400,57.98,58.99,57.69,58.23,50061.3642
1658260800,58.24,58.97,57.73,57.89,25250.574016
1658275200,57.89,58.64,56.95,58.35,35849.689312
1658289600,58.35,59.3,57.85,57.9,101014.086604
1658304000,57.89,58.86,57.09,58.51,59108.406803
1658318400,58.51,61.73,58.02,60.94,99844.169947
1658332800,60.94,61.03,58.83,58.89,34710.553863
1658347200,58.9,59.13,56.4,57.16,60971.491952
1658361600,57.17,57.9,55.3,55.7,38491.098696
1658376000,55.71,56.78,55.14,56.38,31677.730806
1658390400,56.38,56.71,55.38,55.87,33895.297949
1658404800,55.87,56.99,55.68,56.51,36662.367334
1658419200,56.51,58.48,56.48,58.38,40650.97771
1658433600,58.39,58.64,57.69,58.05,13543.662015
1658448000,58.04,58.56,57.45,57.55,29218.29165
1658462400,57.56,58.63,57.36,58.01,18975.58189
1658476800,58.01,59.19,57.91,59.02,88773.61513
1658491200,59.0,59.18,57.0,57.15,44851.155882
1658505600,57.16,57.68,55.68,55.81,40097.990855
1658520000,55.8,56.86,55.5,56.09,23160.390427
1658534400,56.09,56.7,55.38,56.41,18746.789416
1658548800,56.44,57.26,56.4,56.72,18465.581721
1658563200,56.72,56.98,54.85,54.9,26711.615581
1658577600,54.89,55.75,54.68,55.55,42069.350898
1658592000,55.54,55.91,54.51,55.47,20934.18643
1658606400,55.47,56.82,55.25,56.35,22269.55152
1658620800,56.34,57.28,56.34,56.94,24631.506343
1658635200,56.93,58.19,56.81,57.9,31835.913223
1658649600,57.89,58.55,57.48,58.03,23824.640363
1658664000,58.03,58.5,57.3,58.19,21664.501851
1658678400,58.19,59.59,58.14,59.23,41205.179947
1658692800,59.23,59.77,57.92,58.36,20460.495117
1658707200,58.36,59.0,55.88,56.17,42245.265287
1658721600,56.16,56.57,55.78,56.11,19676.358076
1658736000,56.12,56.83,55.92,56.56,15460.016578
1658750400,56.57,56.73,55.73,56.43,19120.635438
1658764800,56.43,56.76,54.78,55.84,21685.321676
1658779200,55.85,56.5,53.92,54.01,39096.043234
1658793600,54.01,54.2,52.81,53.57,39532.993462
1658808000,53.58,53.89,53.06,53.25,16842.751311
1658822400,53.25,53.75,52.88,53.27,19359.814793
1658836800,53.27,53.47,52.01,52.02,35881.448128
1658851200,52.03,52.9,51.97,52.3,81748.27727
1658865600,52.3,53.97,52.05,53.88,18667.40431
1658880000,53.88,53.98,53.02,53.15,13978.549613
1658894400,53.17,54.25,53.13,53.93,26641.469898
1658908800,53.94,54.23,53.13,53.23,28806.749109
1658923200,53.24,54.27,53.15,54.1,20959.49732
1658937600,54.1,58.63,53.6,58.41,111002.203004
1658952000,58.42,59.07,58.08,59.02,45777.479601
1658966400,59.03,60.64,58.7,60.01,44978.293923
1658980800,60.02,60.13,59.29,59.47,27536.201709
1658995200,59.48,60.08,59.35,59.86,52555.032924
1659009600,59.85,62.48,57.97,62.02,96353.655873
1659024000,62.02,64.3,61.86,63.31,89667.407158
1659038400,63.33,64.27,62.49,63.41,44691.644528
1659052800,63.41,63.99,62.28,63.63,46524.153705
1659067200,63.65,64.59,62.1,62.39,65735.528396
1659081600,62.39,62.97,60.58,60.81,56927.115996
1659096000,60.82,62.71,59.75,61.73,61719.583453
1659110400,61.73,61.86,60.14,61.02,30592.74398
1659124800,61.03,62.22,60.43,60.63,28902.570643
1659139200,60.64,62.0,60.33,61.19,47030.110583
1659153600,61.2,61.61,60.4,61.5,37180.948422
1659168000,61.49,62.74,61.08,62.18,48530.179911
1659182400,62.18,64.09,61.89,63.26,43118.115298
1659196800,63.27,63.78,61.62,61.76,62754.125079
1659211200,61.74,62.11,59.88,60.47,49198.018814
1659225600,60.47,61.42,60.06,60.94,21030.424097
1659240000,60.95,61.58,60.92,61.16,17056.928191
1659254400,61.16,61.77,60.52,61.51,20862.622305
1659268800,61.51,62.17,61.02,61.5,34703.081229
1659283200,61.51,63.1,60.55,61.93,78219.132938
1659297600,61.93,62.61,59.58,59.73,38531.796758
1659312000,59.73,60.75,59.31,60.08,33816.114229
1659326400,60.07,62.5,59.12,60.01,54938.814752
1659340800,60.02,60.2,58.71,59.39,31150.85794
1659355200,59.39,60.06,58.46,59.78,37855.846783
1659369600,59.78,59.82,58.26,58.56,28595.983911
1659384000,58.56,59.68,58.36,59.46,24328.919127
1659398400,59.45,59.88,56.83,57.18,61226.270579
1659412800,57.18,57.71,56.62,57.56,22462.724702
1659427200,57.55,58.07,56.7,57.78,30437.25273
1659441600,57.8,59.0,56.93,58.85,43713.44492
1659456000,58.86,59.74,58.11,58.44,55683.870703
1659470400,58.44,58.85,57.98,58.07,14749.379422
1659484800,58.07,58.31,56.69,57.58,40374.168534
1659499200,57.59,58.58,57.46,58.25,25793.533687
1659513600,58.25,59.27,58.25,59.18,29158.380109
1659528000,59.18,59.87,58.73,59.3,31048.75914
1659542400,59.31,60.21,59.01,59.73,21099.522847
1659556800,59.73,59.81,57.32,57.77,17327.331414
1659571200,57.77,59.17,57.62,58.89,18375.51201
1659585600,58.9,59.24,57.96,58.56,18986.186724
1659600000,58.57,58.9,58.23,58.52,15052.980197
1659614400,58.51,60.82,58.05,59.65,49493.476047
1659628800,59.65,60.03,58.48,59.12,21662.254102
1659643200,59.12,59.99,58.88,59.66,16512.103384
1659657600,59.66,61.58,59.62,61.53,35072.26289
1659672000,61.53,62.26,61.09,61.6,36353.815923
1659686400,61.59,62.22,60.85,62.07,35359.015646
1659700800,62.06,62.45,60.42,60.9,39160.906994
1659715200,60.89,61.34,60.66,61.22,18681.248731
1659729600,61.21,62.55,60.93,62.46,15825.580988
1659744000,62.47,62.59,61.49,61.72,15310.575136
1659758400,61.72,61.95,61.46,61.66,14184.747846
1659772800,61.66,61.84,60.95,61.14,21462.263895
1659787200,61.15,61.63,61.09,61.45,10782.729334
1659801600,61.46,61.59,60.48,61.49,14619.009919
1659816000,61.49,61.7,60.69,60.85,7082.750544
1659830400,60.84,61.21,59.85,60.45,14024.599155
1659844800,60.45,60.77,60.19,60.65,16640.776923
1659859200,60.64,61.83,60.34,61.3,24086.931187
1659873600,61.3,61.62,61.01,61.29,19666.505603
1659888000,61.29,61.95,61.23,61.52,13352.683153
1659902400,61.53,62.0,60.79,61.1,19888.268098
1659916800,61.1,61.47,60.82,61.38,12352.900147
1659931200,61.39,62.2,61.28,62.06,22792.495749
1659945600,62.06,64.0,62.0,63.79,37219.830265
1659960000,63.79,64.1,62.78,62.89,24313.082987
1659974400,62.9,63.46,62.52,63.18,17780.022849
1659988800,63.17,63.53,61.87,62.57,11597.145639
1660003200,62.58,62.84,61.91,62.49,13520.6585
1660017600,62.49,62.84,62.13,62.51,16405.43066
1660032000,62.54,62.59,59.5,59.89,52930.456335
1660046400,59.9,60.18,58.25,58.83,48492.430834
1660060800,58.84,59.13,58.51,58.93,16313.577678
1660075200,58.92,59.71,58.84,59.15,19428.728827
1660089600,59.15,59.15,57.45,58.3,41790.939478
1660104000,58.28,58.77,57.98,58.57,19635.921358
1660118400,58.58,59.38,58.44,59.04,24751.941019
1660132800,59.03,62.33,58.78,61.83,100816.017722
1660147200,61.82,62.19,61.04,61.32,20272.660584
1660161600,61.33,62.03,61.25,61.59,14718.087055
1660176000,61.59,62.64,61.5,62.14,30583.884176
1660190400,62.16,62.53,61.64,61.76,36316.488049
1660204800,61.77,62.39,61.5,62.29,15711.958463
1660219200,62.29,63.46,61.91,62.07,69013.054171
1660233600,62.07,62.95,62.0,62.51,23959.298288
1660248000,62.52,62.69,61.56,61.84,26190.921357
1660262400,61.84,62.23,60.75,61.81,35830.167263
1660276800,61.82,62.2,61.4,61.78,21143.078399
1660291200,61.78,62.36,60.67,60.75,28973.137748
1660305600,60.75,61.93,60.71,61.69,17084.327312
1660320000,61.7,62.52,61.59,62.41,13567.990853
1660334400,62.4,63.04,61.78,62.89,20573.330857
1660348800,62.9,64.0,62.63,63.95,24304.358343
1660363200,63.96,64.45,63.44,63.77,36251.964586
1660377600,63.77,64.5,63.6,64.2,25366.855748
1660392000,64.2,65.49,63.54,65.4,33101.150959
1660406400,65.37,65.65,63.28,63.41,32984.021662
1660420800,63.41,64.19,63.2,63.79,9144.015213
1660435200,63.8,64.88,63.39,64.71,16241.848881
1660449600,64.72,65.75,64.25,65.39,27774.922918
1660464000,65.4,65.45,64.33,64.54,22669.7414
1660478400,64.54,65.56,63.37,65.27,36627.940848
1660492800,65.27,65.8,62.63,63.4,58107.746244
1660507200,63.4,63.72,62.4,63.12,16456.490829
1660521600,63.13,65.32,62.74,64.56,33273.586729
1660536000,64.56,64.61,60.97,61.38,43994.230225
1660550400,61.38,61.76,60.58,61.08,32571.626862
1660564800,61.07,61.82,60.71,61.72,18995.482007
1660579200,61.72,62.12,60.2,60.72,61624.715022
1660593600,60.72,61.08,59.66,60.66,28279.305504
1660608000,60.65,61.79,59.99,60.77,102875.967077
1660622400,60.77,60.97,60.09,60.79,18018.500381
1660636800,60.79,61.52,60.56,61.29,21382.182024
1660651200,61.3,61.47,60.32,61.25,21606.36389
1660665600,61.26,61.77,60.39,61.12,19774.481588
1660680000,61.12,61.66,61.02,61.3,10122.418114
1660694400,61.32,64.39,61.22,63.74,61505.646055
1660708800,63.76,64.69,61.86,61.88,59504.364061
1660723200,61.88,62.84,61.58,62.21,28260.274975
1660737600,62.22,62.26,59.7,60.29,61822.078036
1660752000,60.28,61.12,60.04,60.4,23102.714207
1660766400,60.39,60.93,59.95,60.52,16517.68264
1660780800,60.52,61.16,59.97,60.83,17951.485633
1660795200,60.84,60.99,60.46,60.89,15622.972454
1660809600,60.89,61.69,60.59,61.31,20252.714881
1660824000,61.32,61.65,60.4,61.16,26475.879277
1660838400,61.16,61.16,60.22,60.77,14254.519265
1660852800,60.78,61.54,59.32,60.01,46099.283531
1660867200,60.01,60.15,58.03,58.73,63655.457939
1660881600,58.72,59.03,54.57,55.96,113404.545112
1660896000,55.96,55.96,53.68,54.76,89585.052454
1660910400,54.75,55.15,54.29,54.92,27823.417756
1660924800,54.91,55.7,54.51,55.43,21329.315127
1660939200,55.42,55.64,53.23,54.0,45072.173278
1660953600,54.0,56.49,54.0,55.02,108117.342677
1660968000,55.01,55.62,54.85,55.06,33532.111823
1660982400,55.06,55.11,54.48,54.91,25010.556892
1660996800,54.92,55.02,54.47,54.9,15926.325525
1661011200,54.93,55.06,52.95,53.23,38814.529087
1661025600,53.23,54.42,52.65,54.09,27287.465913
1661040000,54.1,54.7,53.83,54.12,16188.34995
1661054400,54.12,54.49,53.8,54.47,18748.040285
1661068800,54.46,55.46,54.46,55.34,18475.364422
1661083200,55.36,55.56,54.78,54.93,14031.825229
1661097600,54.93,55.36,54.77,55.13,7736.451129
1661112000,55.13,56.0,54.5,55.69,18377.920231
1661126400,55.69,55.71,54.67,54.71,14037.436896
1661140800,54.7,54.73,52.85,52.95,39764.077615
1661155200,52.95,56.04,52.31,54.83,106499.119612
1661169600,54.84,57.29,54.22,57.17,82729.077699
1661184000,57.16,57.43,55.96,56.39,35966.257075
1661198400,56.39,57.44,55.69,57.25,44966.048336
1661212800,57.25,57.58,56.05,56.17,121727.66469
1661227200,56.17,56.32,53.95,55.4,45464.506485
1661241600,55.41,56.9,55.41,56.62,45262.563522
1661256000,56.63,57.1,55.9,56.63,42002.696197
1661270400,56.63,57.75,56.24,56.97,18320.024608
1661284800,56.98,57.39,56.61,57.1,17122.849496
1661299200,57.11,57.15,55.62,55.99,29020.064851
1661313600,55.99,56.93,55.47,56.25,33275.428147
1661328000,56.26,56.66,55.93,56.48,28850.852617
1661342400,56.48,57.3,56.05,57.23,18523.638689
1661356800,57.23,57.65,56.68,57.29,19162.3907
1661371200,57.3,57.4,56.24,56.45,21515.521253
1661385600,56.45,56.96,55.91,56.15,15207.98818
1661400000,56.14,58.25,56.12,57.19,37440.042509
1661414400,57.18,57.31,56.45,56.88,18489.31139
1661428800,56.87,57.12,55.82,56.22,29945.059993
1661443200,56.21,57.23,56.06,57.18,20530.861009
1661457600,57.19,57.3,56.59,56.61,18073.406807
1661472000,56.61,56.61,55.85,56.22,16002.297114
1661486400,56.23,56.27,55.1,55.65,29328.387194
1661500800,55.65,56.17,55.35,55.76,21154.862414
1661515200,55.77,58.31,54.06,54.32,97448.035142
1661529600,54.31,54.47,53.1,54.14,27151.395692
1661544000,54.14,54.48,52.07,52.69,38994.36577
1661558400,52.68,53.0,52.29,52.73,19090.635013
1661572800,52.73,52.85,51.68,52.8,36654.912089
1661587200,52.8,52.86,52.46,52.71,16131.696343
1661601600,52.7,52.97,51.99,52.46,16558.219972
1661616000,52.45,53.04,51.87,52.8,25685.795725
1661630400,52.79,53.48,52.59,53.0,10408.532501
1661644800,53.01,53.52,52.47,52.85,17066.700907
1661659200,52.85,53.28,52.57,53.14,22584.606243
1661673600,53.15,54.42,52.82,53.85,97453.556153
1661688000,53.86,55.98,53.48,55.65,100817.949962
1661702400,55.66,55.85,54.76,54.88,28884.162284
1661716800,54.86,55.23,53.17,53.4,32090.447133
1661731200,53.41,55.5,52.52,54.78,70532.048079
1661745600,54.78,55.01,53.66,54.34,28487.683154
1661760000,54.35,54.43,53.79,54.35,18111.757045
1661774400,54.36,56.7,54.35,55.92,76172.050891
1661788800,55.93,55.98,54.92,55.02,35430.331542
1661803200,55.03,55.91,55.03,55.8,16471.593031
1661817600,55.79,55.79,54.47,55.66,25141.253601
1661832000,55.65,56.24,55.3,55.61,24144.899659
1661846400,55.59,55.88,54.9,55.12,21010.724623
1661860800,55.12,55.28,52.15,53.03,69127.180155
1661875200,53.03,54.43,51.8,53.56,50634.039354
1661889600,53.55,53.99,52.77,53.0,14400.44002
1661904000,53.02,55.21,53.02,54.7,130087.473316
1661918400,54.7,54.97,53.98,54.07,19935.928352
1661932800,54.07,54.6,53.57,54.34,14862.629833
1661947200,54.33,54.67,53.07,53.86,29977.080893
1661961600,53.86,55.25,53.45,54.67,21860.173435
1661976000,54.68,54.99,53.56,53.84,15100.522016
1661990400,53.84,56.08,53.2,54.33,47137.530807
1662004800,54.32,55.2,54.09,54.63,29979.92153
1662019200,54.63,56.58,54.49,56.46,44985.340486
1662033600,56.47,56.6,54.3,54.92,51450.564069
1662048000,54.92,57.5,54.67,56.79,54683.562982
1662062400,56.8,57.83,56.64,57.57,32833.456083
1662076800,57.58,58.16,56.47,57.71,39746.838345
1662091200,57.71,57.92,56.81,57.28,24124.391663
1662105600,57.27,57.82,57.06,57.45,22802.84144
1662120000,57.45,62.08,57.34,61.56,166751.607397
1662134400,61.57,62.45,60.12,61.14,129704.763035
1662148800,61.14,62.33,60.68,61.0,51378.130332
1662163200,61.0,61.66,60.24,61.31,91451.720807
1662177600,61.3,62.2,59.51,59.97,61755.947793
1662192000,59.98,60.88,59.51,60.29,43250.27366
1662206400,60.28,61.19,60.21,60.54,24701.328926
1662220800,60.55,61.59,60.41,60.67,35513.381399
1662235200,60.67,61.28,59.71,60.16,17393.113749
1662249600,60.16,60.34,59.08,59.79,26623.276269
1662264000,59.79,60.02,59.18,59.32,18900.718221
1662278400,59.32,60.58,59.1,60.35,20796.661962
1662292800,60.34,60.83,58.62,59.09,39430.034471
1662307200,59.09,59.77,58.79,59.75,23840.228566
1662321600,59.76,61.02,59.18,60.92,29867.863379
1662336000,60.91,61.65,59.89,60.68,41599.792118
1662350400,60.69,60.73,59.27,59.6,21737.424002
1662364800,59.6,60.25,59.29,59.71,25882.584863
1662379200,59.72,60.84,59.54,60.4,32320.667311
1662393600,60.4,60.69,59.68,60.03,17219.077114
1662408000,60.02,60.87,59.91,60.4,17888.347892
1662422400,60.41,62.78,59.62,60.22,178225.093998
1662436800,60.22,60.63,59.86,59.96,23138.676498
1662451200,59.95,60.18,59.25,59.86,27641.040802
1662465600,59.85,60.52,58.0,59.1,56280.047151
1662480000,59.1,59.2,54.47,55.1,115496.970296
1662494400,55.1,55.17,54.01,54.13,51263.294338
1662508800,54.12,54.34,52.92,53.57,185359.603358
1662523200,53.56,54.36,53.21,54.2,114167.236951
1662537600,54.22,54.52,53.93,54.17,32691.972572
1662552000,54.18,55.78,53.98,55.1,78433.093738
1662566400,55.15,56.28,55.03,56.21,50007.804519
1662580800,56.2,58.28,56.1,57.3,74698.34731
1662595200,57.31,57.5,56.42,56.81,45627.039897
1662609600,56.83,57.4,56.05,56.74,67824.949479
1662624000,56.74,57.57,56.55,57.37,37816.58885
1662638400,57.37,57.85,56.2,57.14,153645.587609
1662652800,57.16,58.43,56.49,58.38,96156.524395
1662667200,58.38,58.58,57.77,57.94,25179.816231
1662681600,57.95,59.94,57.7,59.43,57343.69092
1662696000,59.45,60.75,59.3,60.45,136601.869151
1662710400,60.47,61.48,60.34,60.91,65324.017396
1662724800,60.93,61.94,60.63,60.94,63174.641871
1662739200,60.95,61.25,60.43,60.92,46988.324576
1662753600,60.9,61.6,60.33,61.15,33881.858678
1662768000,61.15,62.0,60.69,61.42,45694.986539
1662782400,61.44,62.4,60.56,60.85,61918.53847
1662796800,60.87,62.23,60.85,62.11,34585.728788
1662811200,62.12,64.57,62.05,64.06,117813.362362
1662825600,64.08,64.71,63.15,63.2,50202.471821
1662840000,63.18,64.41,63.02,63.32,37311.773348
1662854400,63.31,64.45,63.23,63.78,41574.551022
1662868800,63.78,63.81,62.28,63.07,35335.494871
1662883200,63.05,63.32,62.67,62.9,23494.913759
1662897600,62.89,62.99,62.23,62.77,35642.11167
1662912000,62.8,63.24,62.44,62.69,25415.054048
1662926400,62.68,62.92,61.35,62.18,60017.052505
1662940800,62.17,63.33,60.55,60.68,166476.382726
1662955200,60.71,62.1,60.67,62.04,33906.913113
1662969600,62.03,62.91,61.53,61.82,61753.589918
1662984000,61.83,62.17,60.55,60.82,56604.107174
1662998400,60.78,61.58,60.1,61.36,39838.697797
1663012800,61.4,61.65,60.94,61.39,22800.225692
1663027200,61.39,62.0,60.2,62.0,69422.342134
1663041600,62.01,63.07,61.23,62.75,56402.26087
1663056000,62.75,66.87,62.13,66.39,155937.485969
1663070400,66.38,67.46,61.45,61.88,303529.285227
1663084800,61.86,62.88,58.89,59.88,114718.206631
1663099200,59.87,59.97,58.34,59.12,66173.263647
1663113600,59.11,60.16,58.55,60.0,60352.479512
1663128000,60.03,60.16,58.18,58.83,58893.593005
1663142400,58.83,59.9,58.45,59.29,62336.314941
1663156800,59.29,61.22,58.78,60.41,73063.014086
1663171200,60.42,60.81,58.59,59.85,74394.371177
1663185600,59.83,60.56,59.47,60.23,41551.140806
1663200000,60.21,60.36,58.19,59.04,46941.417323
1663214400,59.07,60.86,58.59,60.26,82347.356949
1663228800,60.26,60.37,59.45,59.7,45191.985301
1663243200,59.68,60.16,56.82,57.69,118769.286553
1663257600,57.66,57.67,56.33,56.9,56467.278549
1663272000,56.94,57.15,55.8,56.33,53794.095896
1663286400,56.34,56.92,55.28,55.83,45592.252458
1663300800,55.82,56.19,55.24,55.34,24481.943347
1663315200,55.33,56.21,54.84,56.17,59117.647785
1663329600,56.17,56.19,54.82,55.76,52858.426814
1663344000,55.76,55.76,54.62,55.6,44772.322589
1663358400,55.62,55.98,55.46,55.96,20856.194156
1663372800,55.95,56.67,55.82,56.32,30278.819517
1663387200,56.36,56.47,55.96,56.13,13104.746718
1663401600,56.14,56.9,56.13,56.73,17814.6667
1663416000,56.72,57.74,56.52,57.61,30671.918616
1663430400,57.61,58.44,57.61,58.14,22521.904215
1663444800,58.16,58.31,57.4,57.82,10848.395321
1663459200,57.83,57.84,56.96,57.29,21822.508265
1663473600,57.3,57.5,56.73,57.14,17471.482196
1663488000,57.14,57.42,56.04,56.5,24127.813169
1663502400,56.5,57.03,56.15,56.43,17780.195712
1663516800,56.43,56.62,55.53,56.49,23959.594917
1663531200,56.49,56.54,52.21,52.64,103575.741371
1663545600,52.64,53.74,49.91,51.12,320729.162249
1663560000,51.12,51.57,50.19,50.76,59675.39964
1663574400,50.76,51.67,50.33,51.2,67735.250844
1663588800,51.21,52.78,50.98,51.95,64128.208734
1663603200,51.94,52.64,51.26,52.56,41269.325219
1663617600,52.56,52.96,52.2,52.89,21956.745594
1663632000,52.88,53.22,51.27,52.08,32955.200824
1663646400,52.08,52.65,51.65,51.97,41309.425803
1663660800,51.97,52.17,51.47,51.71,21138.253738
1663675200,51.72,52.59,50.87,52.5,35883.967042
1663689600,52.51,53.83,51.37,52.27,74683.64422
1663704000,52.28,52.81,51.84,52.3,33978.659569
1663718400,52.31,52.79,52.03,52.41,19215.203399
1663732800,52.41,52.61,50.96,51.76,30003.781461
1663747200,51.77,53.34,51.44,53.34,35475.828532
1663761600,53.35,54.36,52.77,53.27,85553.010522
1663776000,53.26,55.54,52.34,53.09,191083.760424
1663790400,53.09,53.42,50.23,51.09,67953.542078
1663804800,51.09,52.17,50.63,51.62,27028.575255
1663819200,51.63,52.84,51.63,52.84,22458.195485
1663833600,52.84,54.0,52.72,53.45,33917.336117
1663848000,53.45,53.77,52.15,52.78,39730.856376
1663862400,52.77,54.08,52.16,53.51,28730.81109
1663876800,53.51,54.0,52.85,53.56,21490.162643
1663891200,53.57,54.45,52.89,54.06,57561.81987
1663905600,54.05,54.76,53.33,53.59,41121.138673
1663920000,53.58,53.66,52.08,52.57,52005.440345
1663934400,52.56,53.29,51.39,52.32,52004.111424
1663948800,52.31,54.2,51.8,53.73,53612.77336
1663963200,53.73,55.31,53.73,55.21,43161.388743
1663977600,55.22,55.65,54.57,54.74,52220.03647
1663992000,54.75,55.94,54.45,55.4,38240.966155
1664006400,55.37,55.48,54.67,54.86,27780.247513
1664020800,54.86,55.29,54.71,55.12,30748.010378
1664035200,55.12,55.27,54.66,55.14,15903.934864
1664049600,55.14,55.3,53.19,53.42,66351.215198
1664064000,53.43,54.4,53.37,54.23,25103.357476
1664078400,54.23,54.36,53.8,54.24,26963.901637
1664092800,54.24,54.3,53.58,54.08,21429.571858
1664107200,54.07,54.3,53.27,53.99,28052.902128
1664121600,54.0,54.3,53.04,53.7,22058.606914
1664136000,53.71,53.77,52.24,52.55,35184.992814
1664150400,52.56,53.24,52.21,52.9,32865.805676
1664164800,52.9,53.05,51.88,52.31,57681.324226
1664179200,52.3,53.74,52.13,52.69,57350.926541
1664193600,52.69,53.64,52.5,53.09,32730.919986
1664208000,53.08,53.39,52.58,53.15,23524.00088
1664222400,53.14,53.66,52.91,53.45,19085.23833
1664236800,53.45,55.4,53.33,54.98,64420.491655
1664251200,54.99,55.34,54.62,54.84,26352.042923
1664265600,54.84,55.24,54.4,54.97,35231.267518
1664280000,54.97,55.66,54.32,54.35,54335.199583
1664294400,54.36,54.53,51.81,52.34,88515.818042
1664308800,52.33,52.86,52.05,52.66,20461.026521
1664323200,52.66,52.99,51.01,51.9,71254.041514
1664337600,51.89,52.35,51.23,52.04,38728.15735
1664352000,52.04,53.03,51.45,52.78,32096.163782
1664366400,52.78,53.7,52.66,53.52,35289.664024
1664380800,53.52,53.83,52.85,53.53,18708.480146
1664395200,53.53,53.75,53.04,53.26,13532.863695
1664409600,53.27,53.75,53.04,53.42,28254.595703
1664424000,53.42,54.15,52.89,53.22,40355.802635
1664438400,53.21,54.0,52.99,53.57,27120.253896
1664452800,53.57,53.62,52.25,53.36,44104.344852
1664467200,53.37,53.89,52.86,53.77,24595.680542
1664481600,53.78,54.02,53.43,53.94,14349.74752
1664496000,53.95,54.18,53.37,53.59,57571.419546
1664510400,53.6,54.2,53.55,53.96,28228.259521
1664524800,53.96,54.15,53.22,53.38,18906.617335
1664539200,53.38,55.1,53.03,54.45,63793.172002
1664553600,54.45,54.79,53.7,53.86,30606.900916
1664568000,53.86,54.02,52.84,53.46,29833.024411
1664582400,53.48,53.66,53.22,53.57,10178.13989
1664596800,53.57,53.57,53.09,53.36,8469.558613
1664611200,53.38,53.65,53.18,53.5,9064.431053
1664625600,53.5,53.83,53.2,53.45,13087.662128
1664640000,53.46,53.5,52.45,52.9,21430.912138
1664654400,52.89,52.96,52.53,52.93,11921.026575
1664668800,52.92,53.15,52.69,53.01,7746.091531
1664683200,53.0,53.43,52.63,52.97,12696.730487
1664697600,52.96,53.12,52.03,52.54,28795.32039
1664712000,52.52,52.68,52.3,52.62,8990.469583
1664726400,52.62,53.13,52.56,52.97,14064.42832
1664740800,52.97,53.0,51.67,51.81,29887.14573
1664755200,51.82,52.65,51.48,52.43,29258.394016
1664769600,52.43,53.0,51.98,52.66,23802.009881
1664784000,52.66,53.0,52.42,52.99,15429.055522
1664798400,52.99,53.87,52.77,53.42,32906.490903
1664812800,53.43,53.91,53.3,53.57,15786.133176
1664827200,53.58,54.32,53.57,54.16,13078.333995
1664841600,54.16,54.48,54.03,54.35,17040.077169
1664856000,54.35,54.92,53.89,54.69,26757.280692
1664870400,54.7,54.98,54.33,54.72,20340.048652
1664884800,54.72,55.34,54.52,54.58,25852.874039
1664899200,54.59,55.08,54.17,55.02,16501.125985
1664913600,55.02,55.72,54.92,55.27,12213.700491
1664928000,55.26,55.3,54.63,54.92,10311.895815
1664942400,54.92,55.23,54.67,54.76,10199.297404
1664956800,54.75,54.84,53.77,53.99,24263.784234
1664971200,54.0,54.19,53.33,54.01,22175.588371
1664985600,54.01,54.98,53.87,54.42,22858.175155
1665000000,54.43,54.63,54.09,54.62,10356.633629
1665014400,54.62,55.06,54.56,54.77,17404.184863
1665028800,54.76,54.94,54.19,54.43,14933.512964
1665043200,54.42,54.6,54.09,54.57,9416.001619
1665057600,54.57,54.95,53.89,54.36,21085.838032
1665072000,54.35,54.6,53.86,53.87,12988.820588
1665086400,53.86,53.91,53.32,53.53,12997.39731
1665100800,53.53,53.74,53.2,53.5,23662.514087
1665115200,53.5,53.83,52.92,53.5,21795.728542
1665129600,53.51,53.7,53.21,53.48,11444.295987
1665144000,53.48,53.71,52.3,52.71,60377.706781
1665158400,52.71,52.84,52.3,52.7,12142.31994
1665172800,52.69,53.02,52.57,52.86,7336.5821
1665187200,52.86,53.29,52.73,53.2,13370.661303
1665201600,53.2,53.55,52.9,53.28,9359.798903
1665216000,53.29,53.53,53.15,53.36,11252.295993
1665230400,53.36,53.43,53.06,53.18,9982.325279
1665244800,53.19,53.33,52.8,52.84,6379.303504
1665259200,52.84,53.02,52.42,52.8,11507.919338
1665273600,52.79,53.0,52.71,52.94,8005.900333
1665288000,52.94,53.48,52.78,53.37,12252.489952
1665302400,53.37,53.67,53.24,53.56,17278.46305
1665316800,53.55,53.81,53.43,53.65,17198.534515
1665331200,53.64,53.74,53.33,53.56,6411.385719
1665345600,53.57,54.0,53.36,53.92,9670.946925
1665360000,53.91,54.49,53.63,54.1,13744.642695
1665374400,54.11,54.42,53.78,53.98,17154.124739
1665388800,53.99,54.0,52.66,53.27,20784.613922
1665403200,53.27,53.64,53.03,53.38,12578.144444
1665417600,53.38,53.55,52.75,53.18,18307.483836
1665432000,53.18,53.35,52.5,52.62,15341.176368
1665446400,52.62,52.63,51.28,51.65,38050.844428
1665460800,51.64,52.09,51.51,51.94,14458.839742
1665475200,51.94,52.13,51.65,52.07,12124.46658
1665489600,52.08,52.5,51.37,52.44,40843.343679
1665504000,52.46,52.6,51.51,51.84,9770.036158
1665518400,51.84,52.15,51.77,52.03,5177.856796
1665532800,52.02,52.41,51.86,52.18,6960.502179
1665547200,52.18,52.84,52.12,52.49,17604.695318
1665561600,52.49,52.98,52.17,52.2,20127.715855
1665576000,52.19,52.36,51.64,52.27,21496.030791
1665590400,52.27,52.42,51.83,52.14,9912.836598
1665604800,52.14,52.38,52.03,52.21,6783.614239
1665619200,52.22,52.5,51.5,51.91,12358.585298
1665633600,51.91,52.13,50.41,50.85,34581.992363
1665648000,50.87,51.18,48.66,50.09,75878.703997
1665662400,50.09,50.9,48.33,50.32,111492.56521
1665676800,50.32,51.59,50.23,51.27,31685.016377
1665691200,51.27,51.59,51.08,51.08,11634.219624
1665705600,51.07,52.56,50.9,52.38,31285.120722
1665720000,52.39,52.4,51.71,51.89,24819.035065
1665734400,51.89,52.33,51.56,51.87,19863.652157
1665748800,51.88,52.44,51.15,51.25,35265.262407
1665763200,51.25,51.44,50.94,51.26,19811.044436
1665777600,51.26,51.42,50.98,51.32,9359.509376
1665792000,51.33,51.43,51.15,51.36,7299.545586
1665806400,51.36,51.64,51.17,51.45,9355.741861
1665820800,51.46,51.52,51.07,51.46,13861.21831
1665835200,51.46,51.66,51.27,51.45,11678.464412
1665849600,51.45,51.53,50.96,50.98,14319.837166
1665864000,50.98,50.98,50.3,50.39,15147.862879
1665878400,50.39,50.96,50.32,50.57,10741.215323
1665892800,50.58,50.82,50.57,50.69,9743.724585
1665907200,50.69,51.01,50.65,50.99,11045.098581
1665921600,50.99,51.08,50.8,50.98,9113.525602
1665936000,50.98,51.7,50.77,51.66,15490.79474
1665950400,51.66,51.8,50.84,51.43,12913.051729
1665964800,51.44,51.54,51.04,51.21,11932.912475
1665979200,51.22,51.63,51.1,51.46,12536.160768
1665993600,51.45,51.8,51.14,51.59,15252.200204
1666008000,51.58,52.15,51.48,51.84,21323.219912
1666022400,51.85,51.91,51.47,51.69,6587.482502
1666036800,51.68,52.0,51.55,51.83,8046.868527
1666051200,51.84,52.09,51.46,51.79,11071.320336
1666065600,51.8,52.19,51.7,52.15,16204.781017
1666080000,52.16,52.18,51.39,51.75,20313.022514
1666094400,51.75,52.18,51.1,51.38,26955.922638
1666108800,51.39,51.67,50.76,51.29,15971.714073
1666123200,51.28,52.0,51.22,51.87,10790.603852
1666137600,51.87,52.0,51.55,51.65,14821.250465
1666152000,51.64,51.72,51.16,51.5,17841.800217
1666166400,51.49,51.51,51.12,51.31,12892.694241
1666180800,51.31,51.65,51.06,51.59,16221.660263
1666195200,51.57,51.62,51.23,51.51,5785.303458
1666209600,51.51,51.62,50.76,50.96,12106.177531
1666224000,50.95,51.27,50.59,50.94,16912.428576
1666238400,50.94,51.79,50.91,51.54,21261.016346
1666252800,51.55,51.89,51.38,51.75,15535.556491
1666267200,51.75,52.09,51.44,51.81,19984.75593
1666281600,51.81,51.83,50.69,51.1,16198.119451
1666296000,51.1,51.29,50.7,51.23,6226.834151
1666310400,51.23,51.3,50.76,50.91,10205.219556
1666324800,50.91,51.27,50.77,50.88,11738.265462
1666339200,50.87,50.88,50.22,50.28,24011.13249
1666353600,50.27,51.5,49.52,51.49,37967.610833
1666368000,51.5,51.79,51.29,51.63,19322.078457
1666382400,51.63,51.82,51.44,51.63,7905.608939
1666396800,51.64,51.72,51.37,51.57,5675.979821
1666411200,51.55,51.85,51.49,51.77,7126.575558
1666425600,51.77,52.1,51.77,51.97,10082.860006
1666440000,51.97,52.48,51.76,52.26,24035.164633
1666454400,52.25,52.37,52.04,52.35,7893.405153
1666468800,52.35,52.49,52.1,52.19,8121.148665
1666483200,52.19,52.31,51.85,52.22,6571.391159
1666497600,52.21,52.33,51.91,52.06,14304.206994
1666512000,52.06,52.28,51.93,51.98,10696.669474
1666526400,51.98,52.41,51.84,52.33,14815.056024
1666540800,52.32,53.46,52.25,53.13,20205.745235
1666555200,53.14,54.03,53.07,54.02,29212.726681
1666569600,54.02,54.21,53.21,53.42,24353.785827
1666584000,53.41,53.53,52.73,52.98,15365.474679
1666598400,52.99,53.39,52.87,53.31,10531.017031
1666612800,53.31,53.43,52.28,52.58,29007.817325
1666627200,52.59,52.85,52.12,52.62,8654.868963
1666641600,52.63,52.77,52.29,52.54,5562.40404
1666656000,52.53,52.95,52.38,52.81,13565.899981
1666670400,52.81,53.09,52.49,52.69,10415.429104
1666684800,52.7,52.74,52.29,52.52,8790.179186
1666699200,52.51,53.96,52.41,53.78,23393.171737
1666713600,53.79,56.8,53.71,56.79,163711.156284
1666728000,56.79,56.81,55.5,55.93,32181.822893
1666742400,55.93,56.66,55.68,56.39,36588.736846
1666756800,56.38,56.52,55.95,56.41,28582.300148
1666771200,56.42,57.62,56.17,57.16,161453.031649
1666785600,57.16,57.64,56.14,56.75,40167.668218
1666800000,56.75,56.86,55.73,56.06,48285.831439
1666814400,56.06,56.61,55.84,56.39,21354.409494
1666828800,56.38,56.67,55.62,56.26,26549.949625
1666843200,56.26,56.68,55.97,56.18,27189.096969
1666857600,56.19,56.76,55.45,55.86,25432.707538
1666872000,55.85,56.46,55.18,55.37,37686.600255
1666886400,55.37,55.96,55.2,55.81,17412.261329
1666900800,55.81,55.81,54.51,54.75,48394.148307
1666915200,54.76,54.92,54.05,54.56,27197.828699
1666929600,54.57,54.7,53.5,53.74,23886.323889
1666944000,53.75,54.22,53.7,54.05,13767.136784
1666958400,54.06,55.12,53.57,54.71,39403.023099
1666972800,54.71,55.48,54.66,55.19,23919.405231
1666987200,55.19,55.59,54.78,54.93,8567.462291
1667001600,54.93,55.54,54.51,55.54,26415.92491
1667016000,55.52,55.74,54.94,55.44,21357.568986
1667030400,55.44,56.58,55.29,55.55,81692.261632
1667044800,55.55,56.58,55.11,56.21,37623.804534
1667059200,56.22,57.57,56.03,56.51,52456.352238
1667073600,56.51,56.96,56.15,56.6,14975.759357
1667088000,56.6,57.52,55.76,56.64,34806.747223
1667102400,56.64,57.31,56.1,57.2,27700.207105
1667116800,57.21,57.22,55.71,56.27,32658.903417
1667131200,56.27,56.34,55.15,55.5,21590.390902
1667145600,55.49,55.84,55.03,55.72,26830.363839
1667160000,55.73,56.0,54.72,55.35,11193.441194
1667174400,55.36,55.69,54.22,55.37,23070.969893
1667188800,55.37,55.52,54.76,55.17,11855.940661
1667203200,55.17,56.41,54.69,55.99,34516.549237
1667217600,55.99,56.21,54.01,54.47,47040.349834
1667232000,54.47,55.07,54.12,54.94,18466.53165
1667246400,54.96,55.3,54.71,55.02,18811.80487
1667260800,55.02,55.38,54.91,54.95,12607.362017
1667275200,54.96,55.78,54.78,55.61,27924.415084
1667289600,55.6,55.92,55.21,55.51,20174.661441
1667304000,55.51,55.58,54.52,54.86,31081.694167
1667318400,54.86,55.44,54.67,55.17,13007.800002
1667332800,55.16,55.24,54.94,55.12,5657.744205
1667347200,55.12,55.76,54.73,55.4,20735.306256
1667361600,55.39,55.51,54.65,55.11,27901.460306
1667376000,55.11,62.5,54.9,59.23,435222.805936
1667390400,59.22,62.86,58.86,60.88,242661.180277
1667404800,60.88,63.0,59.25,59.53,211183.089089
1667419200,59.53,61.0,58.48,60.96,69686.396906
1667433600,60.95,64.78,60.23,63.36,254837.797158
1667448000,63.37,63.45,61.4,61.41,86684.65032
1667462400,61.41,62.17,60.32,60.84,54019.967539
1667476800,60.84,61.55,60.12,61.31,66917.796908
1667491200,61.31,63.68,61.24,63.32,57210.497239
1667505600,63.3,63.38,61.55,61.85,41966.956587
1667520000,61.85,62.54,61.63,62.48,54946.235521
1667534400,62.47,65.0,62.35,64.19,134252.932319
1667548800,64.2,67.87,64.12,65.03,244897.650655
1667563200,65.04,70.49,64.67,67.83,251779.257466
1667577600,67.82,69.22,67.41,69.15,75099.515455
1667592000,69.16,69.16,67.11,67.58,105935.890901
1667606400,67.6,68.75,67.1,68.34,72610.610247
1667620800,68.33,69.73,67.77,68.95,76203.317907
1667635200,68.95,70.9,67.72,70.0,160874.648718
1667649600,70.01,71.49,68.7,70.86,115401.313943
1667664000,70.86,71.93,69.46,69.85,61200.014671
1667678400,69.85,70.9,69.16,69.26,37306.871824
1667692800,69.27,69.43,68.15,69.14,81139.952305
1667707200,69.14,70.16,68.59,69.94,68736.596534
1667721600,69.94,70.76,68.73,69.2,55667.738696
1667736000,69.22,69.59,68.74,69.1,24395.142391
1667750400,69.11,70.5,68.55,70.08,53101.645356
1667764800,70.08,70.8,67.55,68.27,57828.475995
1667779200,68.26,73.31,68.13,71.57,137185.695047
1667793600,71.56,72.01,68.76,68.98,84354.7102
1667808000,68.99,71.38,68.95,70.77,94498.943214
1667822400,70.78,70.94,68.38,69.53,102895.395126
1667836800,69.53,69.61,67.8,69.01,41137.936539
1667851200,69.02,69.51,66.15,67.41,54102.777669
1667865600,67.42,68.48,64.27,64.56,134989.961037
1667880000,64.55,65.49,61.85,64.56,161869.486938
1667894400,64.56,65.02,63.74,63.88,61314.485839
1667908800,63.88,66.55,62.94,66.49,107167.204761
1667923200,66.49,68.94,53.7,56.81,513188.595989
1667937600,56.8,58.32,55.04,57.86,207399.117878
1667952000,57.81,59.83,56.93,59.41,182320.32942
1667966400,59.41,59.64,57.57,57.68,114334.486901
1667980800,57.68,57.96,53.9,57.3,227920.806501
1667995200,57.3,57.84,54.0,54.48,145468.894341
1668009600,54.47,55.4,51.64,53.57,131800.356537
1668024000,53.57,54.56,47.5,50.67,216910.087775
1668038400,50.68,54.22,49.71,53.3,139352.868832
1668052800,53.29,54.97,52.74,54.19,91610.2773
1668067200,54.18,54.8,52.55,53.79,129639.843082
1668081600,53.79,60.8,53.59,59.35,245692.416711
1668096000,59.35,60.7,57.14,58.68,100752.076315
1668110400,58.67,61.34,58.2,60.55,61314.489585
1668124800,60.55,63.9,59.29,60.32,199025.260251
1668139200,60.33,63.3,59.99,62.35,99839.188426
1668153600,62.35,64.33,61.68,62.34,143229.895939
1668168000,62.33,63.8,58.6,60.17,167255.286637
1668182400,60.18,62.02,58.74,60.6,91277.686087
1668196800,60.6,61.65,59.68,61.47,28700.777025
1668211200,61.48,61.75,59.94,60.25,53994.892687
1668225600,60.26,60.42,58.17,59.68,75743.348288
1668240000,59.68,60.21,58.84,59.9,102501.860508
1668254400,59.89,62.06,59.7,59.94,120711.727821
1668268800,59.95,61.27,59.59,60.85,48724.922679
1668283200,60.85,61.0,59.38,59.97,31364.433512
1668297600,59.96,60.33,59.53,59.97,40783.680167
1668312000,59.95,60.02,58.12,58.66,45407.863856
1668326400,58.66,58.74,56.81,57.71,76102.401043
1668340800,57.71,58.55,57.62,58.19,35350.727495
1668355200,58.19,58.33,57.05,57.53,39305.89445
1668369600,57.52,57.73,56.21,57.32,27869.334255
1668384000,57.35,57.8,55.43,56.11,72100.817707
1668398400,56.12,57.73,53.56,57.51,126072.445005
1668412800,57.5,58.65,57.24,57.54,55240.987008
1668427200,57.54,59.28,56.41,56.93,72626.46976
1668441600,56.94,57.04,55.39,55.61,38651.411747
1668456000,55.6,56.88,54.9,56.7,24523.49865
1668470400,56.69,58.52,56.51,58.03,43050.973074
1668484800,58.02,58.3,57.28,58.21,34385.409186
1668499200,58.2,58.97,57.93,58.33,33011.881449
1668513600,58.34,59.34,58.15,59.02,44575.988248
1668528000,59.01,59.57,57.69,58.53,38699.9173
1668542400,58.53,58.65,57.7,58.04,12827.287544
1668556800,58.04,59.5,57.68,59.19,21524.736294
1668571200,59.19,60.15,59.1,59.42,45183.776994
1668585600,59.41,59.43,57.12,57.75,61270.833272
1668600000,57.76,58.5,56.98,57.12,59612.546555
1668614400,57.1,57.94,56.78,57.51,23657.918613
1668628800,57.51,57.71,56.9,57.53,19275.056521
1668643200,57.53,58.45,57.47,57.73,27089.55144
1668657600,57.74,59.64,56.98,59.17,49466.798941
1668672000,59.18,60.1,58.27,59.48,68007.809756
1668686400,59.51,60.06,58.44,59.12,69784.683165
1668700800,59.11,61.2,58.9,60.47,52822.125864
1668715200,60.45,63.29,60.44,62.55,86491.570808
1668729600,62.56,63.73,62.22,62.69,85989.695252
1668744000,62.67,62.99,61.68,61.84,32708.420785
1668758400,61.84,63.58,61.68,63.53,50732.853045
1668772800,63.53,63.9,62.39,62.67,48072.353013
1668787200,62.67,63.05,61.58,62.57,35649.916669
1668801600,62.57,63.28,62.16,62.62,22267.253434
1668816000,62.63,62.92,61.36,62.23,49776.142684
1668830400,62.22,63.69,61.68,63.62,42251.173197
1668844800,63.62,64.54,63.0,63.33,72985.221327
1668859200,63.33,63.87,62.74,63.19,41186.489153
1668873600,63.19,63.51,62.56,63.15,19829.255016
1668888000,63.15,64.43,63.06,63.95,17670.181411
1668902400,63.96,65.0,63.36,63.61,48408.880209
1668916800,63.61,64.0,63.21,63.39,20718.012334
1668931200,63.4,63.43,61.1,61.22,78688.959039
1668945600,61.21,61.98,60.92,61.92,37507.758564
1668960000,61.93,62.45,61.2,62.18,24582.836634
1668974400,62.19,62.41,60.41,62.11,62361.195654
1668988800,62.1,63.56,59.1,60.44,182426.793457
1669003200,60.39,61.5,59.66,60.76,59040.8903
1669017600,60.77,60.99,59.7,59.99,44694.866151
1669032000,60.02,62.33,59.6,61.6,83982.942587
1669046400,61.59,62.18,60.24,60.65,66584.472093
1669060800,60.66,62.16,59.55,61.33,51260.193321
1669075200,61.35,62.97,61.2,62.54,45658.611795
1669089600,62.55,62.74,61.28,61.76,74825.866916
1669104000,61.76,62.49,61.09,62.17,51953.373303
1669118400,62.16,70.93,61.99,70.32,355472.842028
1669132800,70.34,71.26,68.42,69.07,83680.329419
1669147200,69.07,70.79,68.46,70.67,54875.995616
1669161600,70.66,84.04,69.63,81.59,325697.258876
1669176000,81.68,81.8,78.99,79.61,166110.64821
1669190400,79.65,79.92,77.65,78.81,92846.757413
1669204800,78.84,81.77,76.45,78.67,177340.435102
1669219200,78.68,79.88,75.59,78.22,126023.474446
1669233600,78.22,79.82,77.62,79.01,53919.718097
1669248000,79.01,79.09,76.0,76.48,97969.2081
1669262400,76.48,78.97,74.88,77.62,103876.494509
1669276800,77.61,79.46,76.87,77.76,129126.652815
1669291200,77.74,78.87,76.34,78.76,84310.541367
1669305600,78.76,79.1,77.07,78.4,50716.260782
1669320000,78.41,79.5,77.33,78.68,61034.198556
1669334400,78.67,79.96,76.08,77.79,92452.684114
1669348800,77.8,78.03,74.5,75.53,116027.096466
1669363200,75.53,76.65,73.65,76.32,150276.417681
1669377600,76.27,76.98,75.62,76.17,62870.697003
1669392000,76.18,76.22,73.84,75.24,74540.755907
1669406400,75.28,75.61,73.13,74.09,58143.56395
1669420800,74.1,76.53,73.88,75.08,90512.096148
1669435200,75.09,78.88,74.77,78.4,106434.35854
1669449600,78.41,78.86,77.32,77.74,72012.385873
1669464000,77.74,79.64,75.88,76.44,101142.63631
1669478400,76.44,76.88,75.62,76.54,46637.482343
1669492800,76.53,77.31,75.62,76.5,29007.962798
1669507200,76.49,78.06,76.4,77.7,55200.69501
1669521600,77.69,78.28,76.1,76.88,54482.39799
1669536000,76.89,79.23,76.53,77.49,104639.469593
1669550400,77.46,78.05,76.23,76.42,58965.368165
1669564800,76.42,76.94,74.26,75.2,61183.272296
1669579200,75.21,76.33,74.16,74.97,59961.133353
1669593600,74.97,75.37,71.23,72.51,203868.729135
1669608000,72.49,72.67,70.64,72.1,91060.380642
1669622400,72.09,72.83,71.28,72.43,51338.759129
1669636800,72.42,72.85,70.76,71.18,63279.386598
1669651200,71.19,75.0,70.51,74.03,128987.800744
1669665600,73.98,74.53,72.76,73.96,35077.171358
1669680000,73.96,76.5,73.4,75.75,104448.772064
1669694400,75.75,77.62,75.46,76.16,88741.163722
1669708800,76.17,77.26,75.87,76.76,43225.329972
1669723200,76.81,77.95,75.28,75.53,75368.044767
1669737600,75.53,77.71,74.65,76.62,62778.899267
1669752000,76.61,77.36,75.63,75.79,28688.680964
1669766400,75.81,80.8,75.43,78.35,131040.658463
1669780800,78.38,78.85,77.8,78.15,30349.81741
1669795200,78.13,78.66,77.2,78.54,40883.091095
1669809600,78.54,78.66,77.14,77.66,38542.807482
1669824000,77.67,79.18,76.27,78.11,59670.143409
1669838400,78.13,80.18,77.46,79.18,46321.259741
1669852800,79.18,80.6,76.47,77.48,83316.655557
1669867200,77.5,77.67,76.32,76.87,36962.363413
1669881600,76.88,77.52,76.75,77.36,35892.418542
1669896000,77.37,79.17,76.28,77.06,200064.158349
1669910400,77.1,77.96,76.54,77.65,41438.079842
1669924800,77.68,78.47,77.19,77.59,16989.376518
1669939200,77.6,77.7,75.4,76.0,55302.553896
1669953600,75.99,76.88,75.57,76.54,25998.097079
1669968000,76.53,77.07,76.2,76.84,21888.232041
1669982400,76.83,77.09,75.4,76.29,62696.984303
1669996800,76.29,77.09,76.2,77.03,17950.415589
1670011200,77.03,78.08,76.83,77.92,20821.0316
1670025600,77.91,78.09,76.75,77.14,23751.228594
1670040000,77.14,77.5,76.69,76.91,23023.924724
1670054400,76.92,77.1,75.9,77.05,29144.456512
1670068800,77.03,77.09,76.42,76.47,15496.448522
1670083200,76.48,76.55,75.69,76.04,14579.852284
1670097600,76.04,77.01,75.46,76.49,22524.292078
1670112000,76.46,77.34,76.42,76.6,21190.877287
1670126400,76.61,77.12,76.4,76.46,15582.692644
1670140800,76.46,76.75,75.88,76.12,21233.820405
1670155200,76.12,76.61,75.82,76.4,19824.953361
1670169600,76.41,77.0,75.93,76.93,16286.376843
1670184000,76.94,77.55,76.63,77.09,14209.582425
1670198400,77.12,78.63,76.83,77.84,38022.227222
1670212800,77.85,85.0,77.85,83.3,182787.425284
1670227200,83.32,84.0,82.68,83.32,55224.501133
1670241600,83.3,84.8,81.23,81.75,82280.405894
1670256000,81.75,81.99,79.73,80.19,61604.767416
1670270400,80.18,80.63,79.39,80.21,27226.735404
1670284800,80.21,81.76,80.11,81.25,36051.404802
1670299200,81.25,81.35,80.0,80.41,31999.515532
1670313600,80.4,80.69,78.6,79.61,56397.133138
1670328000,79.63,79.89,78.28,79.48,38784.252692
1670342400,79.46,79.81,77.6,77.89,32193.770719
1670356800,77.91,80.18,77.9,79.88,25815.564904
1670371200,79.9,80.24,79.09,79.22,24458.666299
1670385600,79.22,80.38,75.68,76.66,120512.096432
1670400000,76.65,77.29,75.5,76.09,58261.017018
1670414400,76.11,77.22,75.91,76.76,36932.058114
1670428800,76.76,77.31,76.24,77.01,21185.052562
1670443200,77.02,77.3,76.56,76.92,16331.577263
1670457600,76.91,77.29,75.8,76.52,39428.775634
1670472000,76.52,76.72,74.5,75.7,69877.431882
1670486400,75.68,75.89,74.66,75.85,37820.96754
1670500800,75.86,76.58,75.32,76.08,51040.778345
1670515200,76.09,77.89,75.23,77.45,70353.6798
1670529600,77.46,78.74,77.07,78.28,22451.730899
1670544000,78.27,78.84,77.65,78.02,38635.836363
1670558400,78.04,78.32,77.67,77.95,18341.861034
1670572800,77.96,78.71,77.59,78.12,24037.600343
1670587200,78.13,78.49,76.12,76.86,58957.247086
1670601600,76.86,76.93,76.12,76.23,11584.038062
1670616000,76.29,76.54,75.86,76.37,14084.536006
1670630400,76.35,76.86,75.94,76.56,17213.094739
1670644800,76.57,76.86,76.28,76.4,12102.12104
1670659200,76.39,76.65,75.69,76.5,14803.540326
1670673600,76.51,77.42,76.18,77.3,18445.305374
1670688000,77.31,77.47,76.54,76.79,15712.64151
1670702400,76.79,76.81,76.18,76.41,9013.419931
1670716800,76.39,78.02,76.36,77.42,20922.214325
1670731200,77.43,77.81,77.05,77.52,10017.62807
1670745600,77.54,77.57,77.11,77.29,9634.566677
1670760000,77.3,77.74,77.11,77.46,11499.900828
1670774400,77.47,78.43,77.25,78.06,16295.77088
1670788800,78.07,78.09,76.31,76.53,26240.705959
1670803200,76.53,76.73,73.94,74.44,97802.070301
1670817600,74.46,74.63,73.56,73.94,35114.624977
1670832000,73.94,74.94,73.55,74.85,28025.481602
1670846400,74.85,75.23,74.19,75.04,29095.470643
1670860800,75.04,75.15,74.69,74.95,27731.276235
1670875200,74.96,76.66,74.92,76.24,29158.663731
1670889600,76.22,77.36,75.83,76.89,57602.631042
1670904000,76.9,77.07,74.26,75.1,70501.825273
1670918400,75.09,77.11,75.01,76.93,106457.460042
1670932800,76.95,79.83,76.34,78.1,135369.625849
1670947200,78.11,78.48,76.75,77.44,34066.717682
1670961600,77.43,77.79,77.0,77.42,14878.510572
1670976000,77.42,78.8,77.4,78.37,33134.398015
1670990400,78.38,78.51,77.86,78.36,24538.10278
1671004800,78.36,78.75,77.96,78.19,19498.369474
1671019200,78.16,79.09,78.1,78.45,35949.546494
1671033600,78.43,78.62,74.16,75.78,131734.032025
1671048000,75.78,76.29,75.11,75.4,93924.061936
1671062400,75.4,75.66,73.58,74.9,98324.444719
1671076800,74.89,75.41,74.53,74.79,37851.805397
1671091200,74.79,75.01,74.3,74.7,33112.421907
1671105600,74.69,74.79,73.08,74.02,59834.914385
1671120000,74.03,74.07,72.03,72.76,47756.187651
1671134400,72.77,73.16,71.71,72.44,30784.010061
1671148800,72.43,73.51,72.26,73.28,71625.926392
1671163200,73.29,73.59,72.76,73.2,43337.26964
1671177600,73.2,73.5,67.9,69.22,315372.215866
1671192000,69.21,69.47,67.69,68.5,104577.873839
1671206400,68.5,68.6,66.76,68.15,103763.415675
1671220800,68.13,68.51,65.0,66.29,110148.180314
1671235200,66.29,67.75,65.74,66.31,137670.732263
1671249600,66.35,66.97,62.53,65.0,171460.320459
1671264000,65.0,65.24,63.01,63.44,75147.535784
1671278400,63.44,64.57,63.2,64.26,55169.822537
1671292800,64.25,64.27,63.11,63.77,49929.813566
1671307200,63.74,65.15,63.45,64.88,35662.507069
1671321600,64.88,64.88,64.88,64.88,0.0
1671336000,64.88,64.88,64.88,64.88,0.0
1671350400,64.88,64.88,64.88,64.88,0.0
1671364800,64.88,64.88,64.88,64.88,0.0
1671379200,64.88,64.88,64.88,64.88,0.0
1671393600,64.58,65.22,64.19,64.41,22022.722166
1671408000,64.41,65.01,61.5,62.69,82778.856012
1671422400,62.65,63.18,62.36,63.08,38613.171057
1671436800,63.03,63.96,62.95,63.54,32489.715079
1671451200,63.57,63.86,62.89,63.18,54871.856861
1671465600,63.19,63.22,61.63,62.3,67714.295617
1671480000,62.32,63.82,61.0,63.37,50407.805528
1671494400,63.37,65.67,63.1,64.85,168920.538909
1671508800,64.85,65.92,64.67,64.92,81376.571009
1671523200,64.92,65.63,64.75,65.0,37876.558991
1671537600,65.0,65.71,64.25,65.05,53199.512093
1671552000,65.05,66.27,64.54,65.27,43795.364715
1671566400,65.25,66.05,65.13,65.59,21449.082101
1671580800,65.58,66.79,65.14,65.54,81671.654628
1671595200,65.54,65.57,64.65,65.01,29637.270934
1671609600,65.02,65.7,64.66,65.57,26461.54815
1671624000,65.55,66.03,65.12,65.84,41956.223573
1671638400,65.87,65.88,65.15,65.59,25234.183576
1671652800,65.57,65.79,65.25,65.42,11854.826711
1671667200,65.41,65.62,64.93,65.5,17296.678635
1671681600,65.5,66.37,65.4,66.26,32445.45988
1671696000,66.28,66.68,66.03,66.3,39953.196049
1671710400,66.3,66.54,64.51,64.67,57413.184414
1671724800,64.67,65.32,64.3,65.31,29479.916221
1671739200,65.3,66.3,65.14,66.23,28418.537233
1671753600,66.23,66.74,66.0,66.21,28529.437494
1671768000,66.21,66.38,65.8,66.07,19534.337297
1671782400,66.08,66.13,65.63,65.97,20259.042488
1671796800,65.98,66.25,64.91,65.66,38473.918565
1671811200,65.67,65.73,65.41,65.72,10560.034033
1671825600,65.71,65.88,65.42,65.77,7320.153534
1671840000,65.78,65.84,65.37,65.73,16549.643909
1671854400,65.73,65.76,65.12,65.56,17517.477154
1671868800,65.57,65.64,65.27,65.53,11262.791324
1671883200,65.53,65.8,65.5,65.77,13987.252458
1671897600,65.78,66.02,65.74,65.83,7118.003417
1671912000,65.84,65.9,65.58,65.78,6241.733607
1671926400,65.78,66.02,65.71,65.83,7221.422362
1671940800,65.84,65.9,65.51,65.71,8055.426638
1671955200,65.71,66.01,65.68,65.85,9460.95371
1671969600,65.86,66.47,65.31,65.97,30655.603157
1671984000,65.95,67.58,65.7,67.34,32414.253507
1671998400,67.31,69.69,66.87,69.14,67965.893386
1672012800,69.15,69.4,68.62,69.12,45325.366665
1672027200,69.12,69.57,68.74,68.92,33324.170162
1672041600,68.91,71.86,68.61,70.55,122503.946346
1672056000,70.53,70.8,69.72,69.9,45076.071893
1672070400,69.91,70.56,69.75,70.22,20185.802037
1672084800,70.22,70.89,69.8,70.75,14525.477376
1672099200,70.8,71.15,70.13,70.45,32343.08492
1672113600,70.46,70.48,69.97,70.3,23279.330598
1672128000,70.31,70.73,69.6,70.23,34021.853315
1672142400,70.23,70.24,69.21,69.91,54819.980818
1672156800,69.9,70.33,67.8,68.26,62475.735147
1672171200,68.25,68.9,67.82,68.67,15612.136416
1672185600,68.66,69.48,67.8,68.49,59790.653668
1672200000,68.49,68.7,67.08,67.59,69899.480351
1672214400,67.59,67.88,67.12,67.48,34221.01181
1672228800,67.47,68.32,67.15,67.41,38149.697896
1672243200,67.39,67.69,66.66,67.12,29952.809307
1672257600,67.12,67.38,65.72,66.34,33995.621905
1672272000,66.34,66.77,65.6,66.39,39294.839384
1672286400,66.39,66.61,65.86,66.25,25905.843477
1672300800,66.25,67.09,65.88,66.82,42579.50082
1672315200,66.82,67.29,66.57,67.0,55379.171097
1672329600,67.02,67.11,66.26,66.47,26463.448537
1672344000,66.47,66.97,66.0,66.68,25356.773306
1672358400,66.67,67.63,66.45,67.14,21295.960158
1672372800,67.16,67.24,66.08,66.46,44450.66742
1672387200,66.47,66.91,66.27,66.61,21689.847624
1672401600,66.61,67.94,66.33,67.83,56738.058945
1672416000,67.83,68.25,67.46,67.92,30073.491295
1672430400,67.92,68.73,67.7,67.97,19096.752946
1672444800,67.97,68.36,67.64,67.98,21315.776337
1672459200,67.97,68.06,67.72,68.0,19613.227303
1672473600,68.01,68.48,67.92,68.44,27915.464062
1672488000,68.44,71.14,68.25,70.1,144242.317727
1672502400,70.1,70.49,69.83,70.16,17697.058812
1672516800,70.16,70.55,69.75,70.13,23484.543531
1672531200,70.15,70.22,69.16,69.46,34817.235076
1672545600,69.45,69.53,68.92,69.49,22771.8222
1672560000,69.5,70.64,69.4,70.24,40822.012979
1672574400,70.24,70.5,69.6,70.35,23345.491788
1672588800,70.36,71.53,70.15,70.91,38406.550508
1672603200,70.9,71.42,70.55,70.89,22175.690398
1672617600,70.9,71.11,70.06,70.9,41754.326867
1672632000,70.89,78.34,70.19,74.76,191601.055479
1672646400,74.78,75.96,74.5,75.29,128963.999196
1672660800,75.31,77.07,75.07,75.16,77402.872282
1672675200,75.16,75.38,74.36,74.96,40321.672709
1672689600,74.96,75.63,74.67,74.76,22144.957786
1672704000,74.76,75.83,74.45,75.6,44802.523545
1672718400,75.58,76.5,75.2,75.98,93938.368262
1672732800,75.98,76.1,75.18,75.47,37604.06728
1672747200,75.47,75.74,73.65,74.68,109077.680399
1672761600,74.68,75.89,74.32,75.17,75202.729426
1672776000,75.17,75.73,75.1,75.58,13412.685285
1672790400,75.58,77.98,75.37,77.5,106578.436919
1672804800,77.52,77.63,76.45,76.68,59142.857624
1672819200,76.68,76.95,76.0,76.2,48185.879996
1672833600,76.2,76.5,74.8,76.25,73949.471629
1672848000,76.26,76.63,74.35,75.26,74248.331855
1672862400,75.25,75.59,74.36,75.44,20255.299196
1672876800,75.47,75.98,74.86,75.75,33916.976243
1672891200,75.75,76.27,74.97,75.31,32752.667984
1672905600,75.31,75.36,74.58,75.08,36628.127239
1672920000,75.08,75.13,73.57,74.39,87319.923953
1672934400,74.4,75.01,73.75,74.84,69074.790572
1672948800,74.81,75.18,73.99,74.25,38247.326526
1672963200,74.25,75.5,73.88,74.27,72928.632961
1672977600,74.27,74.48,72.24,73.3,85607.529204
1672992000,73.3,73.97,72.57,73.72,46502.994001
1673006400,73.74,75.4,73.38,75.23,91211.809985
1673020800,75.23,76.05,74.99,75.9,38857.050039
1673035200,75.91,76.56,75.39,75.94,27909.434024
1673049600,75.93,76.6,75.58,76.15,44358.2554
1673064000,76.15,76.22,75.55,76.06,27469.526121
1673078400,76.08,76.89,75.76,75.82,38065.474842
1673092800,75.81,76.08,75.5,75.94,33025.44369
1673107200,75.95,76.64,75.69,76.45,16072.897527
1673121600,76.45,76.67,76.14,76.36,10227.193066
1673136000,76.39,76.5,75.09,75.76,27090.14623
1673150400,75.76,75.96,75.48,75.83,10302.59975
1673164800,75.83,76.71,75.71,76.1,35239.179282
1673179200,76.1,76.8,75.65,76.73,28575.181292
1673193600,76.74,77.33,75.58,75.9,45832.103453
1673208000,75.9,78.79,75.86,78.67,64389.5806
1673222400,78.67,83.28,78.03,82.03,170701.320404
1673236800,82.03,82.84,81.62,82.33,68464.71065
1673251200,82.33,83.49,81.68,81.76,71988.72657
1673265600,81.75,83.6,81.08,82.89,85543.003643
1673280000,82.9,83.44,81.55,81.55,43120.552389
1673294400,81.55,82.11,80.63,81.67,46247.372202
1673308800,81.67,82.86,80.15,81.23,62393.047014
1673323200,81.22,81.61,80.9,81.06,25234.74451
1673337600,81.08,81.4,80.18,80.24,53173.6245
1673352000,80.25,81.35,79.49,80.84,108579.949944
1673366400,80.85,82.25,80.23,81.98,49465.859028
1673380800,81.98,82.02,80.52,80.83,52830.954702
1673395200,80.83,81.48,79.9,80.42,43985.027889
1673409600,80.42,83.96,80.31,83.04,81502.309362
1673424000,83.03,83.09,81.69,82.18,52066.476641
1673438400,82.16,82.36,80.55,80.83,72596.810844
1673452800,80.79,83.45,80.42,82.97,93545.875646
1673467200,83.0,85.02,82.14,84.1,86372.229909
1673481600,84.08,87.72,83.44,84.74,150037.338241
1673496000,84.78,84.89,83.51,84.23,48740.792447
1673510400,84.25,84.28,83.16,83.97,41032.784623
1673524800,83.98,85.63,80.5,83.18,194404.486801
1673539200,83.17,85.95,82.7,85.18,98581.223212
1673553600,85.22,86.23,84.79,86.1,53478.035197
1673568000,86.11,86.83,84.42,85.31,61842.641559
1673582400,85.32,85.61,84.25,84.49,41759.030049
1673596800,84.49,85.41,84.24,84.56,50834.513765
1673611200,84.56,85.32,83.61,85.1,119224.446121
1673625600,85.1,85.24,83.61,84.87,56940.499893
1673640000,84.87,87.9,84.4,86.22,109701.045988
1673654400,86.24,91.66,85.91,88.36,304250.705746
1673668800,88.37,90.57,88.12,89.86,92572.377173
1673683200,89.86,91.14,86.23,87.81,192329.492041
1673697600,87.82,89.36,87.04,88.61,139049.99039
1673712000,88.61,88.94,86.98,87.3,69766.926667
1673726400,87.28,88.24,87.17,87.84,64008.035987
1673740800,87.84,88.16,85.23,86.99,82676.759766
1673755200,86.97,87.29,86.19,86.92,31150.421443
1673769600,86.93,88.28,85.6,87.79,42612.339912
1673784000,87.76,88.72,87.2,88.46,60816.98755
1673798400,88.44,88.64,87.1,88.08,43642.139031
1673812800,88.08,88.28,87.11,87.39,23820.637955
1673827200,87.42,89.25,87.15,87.42,62800.924346
1673841600,87.42,88.29,86.63,87.13,50600.381619
1673856000,87.15,87.15,83.44,85.83,87383.697032
1673870400,85.82,86.46,84.15,86.2,68571.048145
1673884800,86.2,87.71,85.81,87.08,36432.315001
1673899200,87.09,87.49,85.67,85.93,28165.823419
1673913600,85.95,86.66,84.04,85.25,81885.087803
1673928000,85.26,86.14,85.05,85.87,39832.656762
1673942400,85.87,88.5,85.51,87.96,56125.281467
1673956800,87.95,88.33,86.0,86.29,128237.271042
1673971200,86.29,89.47,85.88,87.19,125459.214233
1673985600,87.2,88.15,86.6,87.04,28457.635566
1674000000,87.04,88.42,86.82,87.97,62230.01687
1674014400,87.95,88.01,87.17,87.54,24382.465549
1674028800,87.5,87.57,85.8,86.33,53722.824565
1674043200,86.33,87.8,84.06,84.94,111982.844915
1674057600,84.92,85.55,82.0,84.31,163725.44085
1674072000,84.31,85.87,82.46,82.63,260360.811586
1674086400,82.63,83.35,82.39,83.09,48570.917226
1674100800,83.1,83.87,83.1,83.17,39299.220028
1674115200,83.18,83.55,82.37,82.52,49646.303264
1674129600,82.5,83.8,81.71,83.44,63464.489042
1674144000,83.44,84.35,83.12,84.22,47740.28914
1674158400,84.22,84.55,83.76,84.17,19054.93942
1674172800,84.19,84.89,83.64,84.14,32101.358294
1674187200,84.17,84.38,83.02,83.58,41054.016156
1674201600,83.58,84.68,83.39,84.34,38066.758983
1674216000,84.34,84.97,84.26,84.83,38977.054591
1674230400,84.8,88.0,84.8,87.48,73536.539909
1674244800,87.48,91.25,87.43,90.28,127780.570755
1674259200,90.27,90.67,89.17,90.05,91586.937053
1674273600,90.05,90.92,89.5,90.05,56637.098569
1674288000,90.06,92.26,88.07,89.1,164533.468979
1674302400,89.11,89.68,88.24,88.79,60964.683119
1674316800,88.8,90.98,88.51,90.24,81319.2513
1674331200,90.25,90.53,87.58,87.9,38693.829112
1674345600,87.91,88.66,87.1,88.43,44476.269896
1674360000,88.45,89.41,88.16,88.67,46755.60058
1674374400,88.66,89.28,88.14,88.8,31052.810123
1674388800,88.8,90.0,87.77,88.68,70618.144775
1674403200,88.69,89.79,88.06,88.55,62766.295669
1674417600,88.54,88.59,86.51,87.59,62922.501132
1674432000,87.58,88.56,87.54,87.86,26828.408103
1674446400,87.9,88.7,87.62,87.78,19638.0901
1674460800,87.78,92.14,87.5,91.99,139694.400888
1674475200,91.98,93.24,89.07,90.46,166908.840268
1674489600,90.44,90.75,89.0,89.4,49944.071337
1674504000,89.39,90.66,89.33,89.92,23795.629332
1674518400,89.95,91.0,89.62,90.72,42556.304658
1674532800,90.72,91.23,90.44,90.61,22145.041981
1674547200,90.62,91.46,89.74,90.03,60296.818994
1674561600,90.03,90.48,89.05,89.8,47435.735087
1674576000,89.79,90.02,88.36,89.68,25681.251281
1674590400,89.69,89.75,86.01,87.2,66510.554753
1674604800,87.18,87.67,85.56,87.58,64151.293374
1674619200,87.55,88.25,87.42,87.79,18451.008321
1674633600,87.8,87.98,87.02,87.18,16132.970976
1674648000,87.19,88.24,86.53,87.32,45044.950422
1674662400,87.32,88.46,87.26,88.43,26974.260901
1674676800,88.46,91.92,88.15,89.39,98494.470496
1674691200,89.4,89.95,88.85,89.31,51948.106879
1674705600,89.31,89.88,88.7,88.93,27731.914488
1674720000,88.92,89.24,87.86,88.34,44668.144386
1674734400,88.31,89.77,87.42,87.76,102565.850456
1674748800,87.75,88.3,86.89,87.98,32377.75367
1674763200,87.98,87.98,86.87,87.54,19130.746418
1674777600,87.54,87.75,85.81,86.91,71759.013142
1674792000,86.93,87.92,86.81,87.92,26029.030159
1674806400,87.93,88.15,87.16,87.7,29398.393898
1674820800,87.69,87.91,86.64,87.36,33202.935617
1674835200,87.36,88.68,87.31,88.61,40428.35518
1674849600,88.61,89.21,87.9,88.87,28121.459073
1674864000,88.9,89.95,88.4,89.4,25881.812425
1674878400,89.42,89.82,88.32,88.69,30583.30054
1674892800,88.69,88.84,88.06,88.48,21379.426742
1674907200,88.48,88.54,86.97,87.95,58967.506237
1674921600,87.96,88.54,87.81,88.2,14604.113687
1674936000,88.22,89.98,87.79,89.69,24442.713697
1674950400,89.69,96.57,89.69,94.62,327353.23297
1674964800,94.62,95.51,94.33,94.4,61172.797238
1674979200,94.4,95.85,94.4,95.24,65142.533234
1674993600,95.24,96.77,94.3,95.33,92009.454505
1675008000,95.32,97.83,94.67,97.15,77848.5496
1675022400,97.14,97.79,94.83,94.85,63195.051364
1675036800,94.85,96.0,94.4,95.23,59829.173929
1675051200,95.22,95.41,93.17,93.92,42669.135831
1675065600,93.88,94.22,91.03,92.29,146241.54584
1675080000,92.28,93.84,91.54,92.19,81383.691189
1675094400,92.19,92.75,88.2,89.97,98416.201578
1675108800,89.94,91.4,88.75,91.34,46018.056624
1675123200,91.34,96.2,91.31,95.24,150438.43715
1675137600,95.29,96.09,93.98,94.73,89527.868964
1675152000,94.72,95.05,92.71,93.88,45092.891693
1675166400,93.93,95.43,93.37,94.95,58576.973492
1675180800,94.96,95.1,94.11,94.49,40476.905932
1675195200,94.45,94.74,92.62,94.1,38021.109873
1675209600,94.1,97.35,93.76,96.8,118656.274273
1675224000,96.8,98.28,95.88,96.11,92857.437626
1675238400,96.11,96.36,95.0,95.89,49628.16449
1675252800,95.91,96.23,93.87,94.22,63274.853449
1675267200,94.22,99.18,93.75,98.21,108182.17157
1675281600,98.23,102.5,97.4,100.34,156714.758191
1675296000,100.34,102.35,100.0,100.84,97121.138642
1675310400,100.82,101.4,99.81,100.0,50033.782459
1675324800,100.0,100.59,99.62,100.31,34175.421775
1675339200,100.3,100.85,98.38,100.48,89356.019572
1675353600,100.45,101.75,99.51,100.05,60955.783295
1675368000,100.04,100.55,97.99,98.66,43432.687702
1675382400,98.69,100.48,98.2,98.94,69839.939613
1675396800,98.94,99.42,97.99,98.06,38190.37154
1675411200,98.08,99.0,97.71,98.94,47653.009481
1675425600,98.94,99.66,97.46,99.08,120959.814203
1675440000,99.13,100.7,99.05,99.3,36454.904427
1675454400,99.31,100.37,98.83,99.87,36710.804629
1675468800,99.87,101.3,98.72,98.77,51180.98391
1675483200,98.75,99.19,98.52,99.12,27709.028901
1675497600,99.12,99.12,98.35,99.08,15017.566014
1675512000,99.08,100.0,98.8,99.69,34791.211989
1675526400,99.7,100.03,99.15,99.41,27542.324315
1675540800,99.41,99.66,98.22,98.51,21941.43736
1675555200,98.49,98.88,97.71,98.61,40311.430336
1675569600,98.61,98.8,98.27,98.78,21549.817477
1675584000,98.76,98.83,97.95,98.0,31025.424694
1675598400,97.96,98.08,96.25,96.79,69302.634192
1675612800,96.79,97.72,95.09,95.54,70325.577469
1675627200,95.54,96.65,94.81,96.61,40392.928476
1675641600,96.64,97.1,95.54,95.88,30206.09342
1675656000,95.85,96.5,94.81,96.47,36544.683731
1675670400,96.45,96.87,95.47,96.56,27944.3627
1675684800,96.56,97.3,96.04,97.22,35934.212115
1675699200,97.25,97.89,96.66,97.83,33637.587402
1675713600,97.83,97.92,95.27,95.9,51927.195819
1675728000,95.91,99.63,95.9,99.58,113515.880204
1675742400,99.6,99.82,98.71,98.87,49810.346617
1675756800,98.87,100.5,98.62,99.47,65962.095326
1675771200,99.49,99.72,98.23,98.46,63374.007981
1675785600,98.47,100.87,97.85,100.21,142399.521272
1675800000,100.22,101.59,99.99,100.83,42634.039772
1675814400,100.84,101.86,100.61,101.56,58830.068178
1675828800,101.57,102.37,100.96,101.49,48474.091003
1675843200,101.5,101.63,100.84,101.27,39272.206168
1675857600,101.28,101.64,98.68,98.78,99206.404982
1675872000,98.78,99.52,96.82,98.96,76258.269748
1675886400,98.92,99.34,97.77,99.18,30463.64164
1675900800,99.2,99.47,95.21,95.89,138275.565185
1675915200,95.88,97.17,95.29,96.77,70655.91872
1675929600,96.81,96.98,95.89,96.57,41699.704922
1675944000,96.57,97.54,96.08,96.41,45256.708395
1675958400,96.39,96.72,90.94,91.73,115759.335349
1675972800,91.75,92.53,89.97,92.08,126129.427012
1675987200,92.11,92.69,91.61,92.1,41346.381226
1676001600,92.11,93.54,91.4,92.98,77931.425085
1676016000,92.98,93.08,91.5,91.74,39643.39992
1676030400,91.76,92.75,91.1,92.03,84692.73878
1676044800,91.99,94.11,91.1,94.06,84660.137322
1676059200,94.09,94.11,92.54,93.37,36064.951483
1676073600,93.36,94.67,92.92,94.59,71408.932386
1676088000,94.6,94.8,93.6,93.95,34765.148246
1676102400,93.94,94.11,93.26,93.73,19640.576397
1676116800,93.74,94.26,92.66,93.79,48628.521037
1676131200,93.79,94.06,93.02,93.9,22863.734872
1676145600,93.91,94.8,93.74,94.28,15542.951875
1676160000,94.28,94.52,93.47,93.47,18071.65639
1676174400,93.48,93.74,93.01,93.15,20458.930443
1676188800,93.16,94.0,92.96,93.56,30593.823442
1676203200,93.56,93.99,92.99,93.56,36884.072185
1676217600,93.55,94.46,93.29,94.02,18428.96195
1676232000,94.01,94.19,90.92,92.48,46101.669744
1676246400,92.48,95.0,91.93,93.11,67249.289591
1676260800,93.11,93.7,92.57,93.0,24135.091603
1676275200,93.02,93.34,89.57,90.87,164254.671366
1676289600,90.87,91.47,90.6,90.98,40214.503535
1676304000,91.01,91.5,88.1,89.85,88600.466818
1676318400,89.86,91.33,89.0,91.06,26118.083006
1676332800,91.06,91.27,90.33,90.56,25672.549005
1676347200,90.56,91.53,90.49,91.5,28644.376771
1676361600,91.51,92.1,90.86,91.76,44452.958966
1676376000,91.76,95.56,90.76,94.71,201501.841148
1676390400,94.71,95.96,94.06,95.45,61643.094646
1676404800,95.43,95.86,94.77,95.79,24254.792291
1676419200,95.79,95.94,95.0,95.53,27171.5693
1676433600,95.53,97.16,95.43,96.05,38871.873592
1676448000,96.03,97.87,95.86,97.43,50822.452867
1676462400,97.44,98.52,96.94,97.41,99222.072854
1676476800,97.4,99.38,96.9,99.37,39955.436201
1676491200,99.37,103.28,99.0,102.84,141343.653177
1676505600,102.84,103.81,101.62,102.01,96505.312863
1676520000,102.0,102.49,100.61,101.21,67071.546666
1676534400,101.2,101.86,100.9,101.3,25630.605421
1676548800,101.32,103.69,100.46,103.52,79951.85023
1676563200,103.55,105.76,101.55,102.72,97973.549252
1676577600,102.71,102.95,98.5,98.58,92453.652894
1676592000,98.58,100.63,98.2,99.83,60946.368625
1676606400,99.86,100.31,99.26,99.49,25466.872722
1676620800,99.47,99.97,99.26,99.47,37141.91161
1676635200,99.46,100.29,98.39,99.4,60885.287926
1676649600,99.4,101.11,98.43,100.95,68760.070538
1676664000,100.98,101.71,98.66,100.13,48331.124978
1676678400,100.12,101.91,100.02,100.85,61315.983905
1676692800,100.87,101.55,100.43,101.05,30644.594608
1676707200,101.07,101.12,99.04,99.1,71795.831318
1676721600,99.1,100.25,98.94,100.19,39341.272483
1676736000,100.17,100.6,99.58,99.62,30049.485951
1676750400,99.62,99.92,99.06,99.73,11159.81137
1676764800,99.74,100.24,99.43,99.75,19418.251866
1676779200,99.76,100.66,99.1,99.28,46422.366629
1676793600,99.28,99.72,98.82,99.37,55118.277866
1676808000,99.37,100.57,99.23,100.41,39553.8906
1676822400,100.41,101.6,96.56,98.04,130495.878638
1676836800,98.03,98.6,96.79,97.43,56954.193984
1676851200,97.41,98.28,95.6,97.74,58613.35292
1676865600,97.75,98.36,97.46,97.86,28432.294958
1676880000,97.84,98.77,97.05,97.67,118417.959603
1676894400,97.67,97.79,95.7,96.94,97485.514927
1676908800,96.94,96.96,94.48,94.94,62985.175752
1676923200,94.95,96.18,94.76,95.91,43852.049067
1676937600,95.94,96.83,95.77,96.03,45757.648875
1676952000,96.05,96.39,95.34,95.94,36305.246113
1676966400,95.95,96.85,92.58,93.18,116992.809508
1676980800,93.2,93.99,92.17,93.38,77066.370924
1676995200,93.4,94.32,92.54,93.8,30676.807811
1677009600,93.79,93.88,91.6,93.83,45309.414904
1677024000,93.84,95.22,92.47,95.02,67075.214559
1677038400,95.03,95.3,93.63,95.07,58416.046516
1677052800,95.1,95.57,93.78,95.01,69301.374431
1677067200,95.02,95.03,91.58,91.93,87563.475842
1677081600,91.93,94.24,91.93,93.72,49979.830216
1677096000,93.74,95.3,93.42,95.28,25708.361678
1677110400,95.28,96.25,94.81,95.63,49287.989673
1677124800,95.64,95.86,94.61,95.18,31593.580669
1677139200,95.18,95.77,93.33,93.76,43511.16196
1677153600,93.75,95.61,93.59,94.4,47726.940775
1677168000,94.36,94.97,93.7,94.44,23323.734556
1677182400,94.43,94.92,93.74,94.62,14133.207628
1677196800,94.61,95.25,94.27,94.29,24096.153171
1677211200,94.33,94.52,93.69,94.0,35184.905133
1677225600,94.01,94.4,93.11,93.84,29745.95056
1677240000,93.83,94.18,91.63,91.89,61095.590603
1677254400,91.88,92.13,89.9,91.62,99846.677279
1677268800,91.63,92.08,90.34,91.57,40925.505287
1677283200,91.58,92.06,91.03,91.54,24674.612667
1677297600,91.55,92.06,91.12,91.99,15988.252801
1677312000,92.0,92.48,91.43,92.22,30566.602516
1677326400,92.22,92.23,91.25,91.51,24163.975079
1677340800,91.51,92.69,91.42,92.06,39945.431543
1677355200,92.06,93.5,90.36,93.14,35855.261684
1677369600,93.15,93.79,92.76,93.6,34113.366201
1677384000,93.61,94.27,93.5,94.0,27258.977371
1677398400,94.0,94.18,93.66,93.87,23294.510114
1677412800,93.88,94.34,93.62,94.02,22323.416338
1677427200,94.02,95.27,93.65,95.14,20729.975641
1677441600,95.13,95.5,94.04,95.3,23909.30004
1677456000,95.28,95.72,94.55,94.82,17843.686955
1677470400,94.83,94.85,94.14,94.32,21800.755981
1677484800,94.32,94.52,93.74,94.49,31605.900162
1677499200,94.5,96.05,94.33,94.58,44611.244784
1677513600,94.61,94.8,92.45,93.23,45644.245398
1677528000,93.14,94.18,92.65,94.06,17921.175068
1677542400,94.05,94.71,93.78,94.27,16647.032761
1677556800,94.3,94.35,93.35,93.35,18884.838171
1677571200,93.38,95.09,93.03,95.03,37767.741234
1677585600,95.03,95.66,94.68,95.65,32451.463661
1677600000,95.65,96.0,94.05,94.58,23460.304184
1677614400,94.59,94.8,93.27,93.82,32149.071097
1677628800,93.83,96.55,93.58,96.09,53485.344533
1677643200,96.08,97.63,95.97,97.38,56942.28105
1677657600,97.38,98.35,97.16,97.7,35856.695466
1677672000,97.7,98.0,96.86,97.58,43429.222775
1677686400,97.53,98.0,96.45,96.65,22341.158479
1677700800,96.64,97.9,96.48,97.8,14675.449431
1677715200,97.77,98.35,96.74,96.94,28885.920275
1677729600,96.94,97.45,96.6,97.3,32871.272128
1677744000,97.31,97.82,96.06,96.3,38972.453911
1677758400,96.29,96.32,94.32,94.64,56440.155609
1677772800,94.63,95.24,93.89,94.96,27238.555188
1677787200,94.94,95.51,94.7,95.38,19797.77027
1677801600,95.4,95.46,85.17,88.79,286189.578507
1677816000,88.78,89.43,88.61,88.97,43881.92916
1677830400,88.98,89.22,88.85,88.99,36805.66012
1677844800,88.96,89.62,88.44,89.43,67580.133502
1677859200,89.43,90.58,89.26,90.14,20641.064735
1677873600,90.14,90.75,89.12,90.59,26604.639468
1677888000,90.59,90.86,90.11,90.25,21434.414771
1677902400,90.29,90.56,89.78,89.86,19123.560628
1677916800,89.86,90.24,89.46,90.0,47290.412464
1677931200,90.0,90.38,89.56,89.61,27842.792504
1677945600,89.58,89.95,88.83,88.86,33616.402122
1677960000,88.87,89.4,87.44,89.35,47154.969983
1677974400,89.35,91.82,89.2,90.56,61204.092773
1677988800,90.6,91.31,90.58,90.75,16099.151771
1678003200,90.76,91.03,90.28,90.87,18802.713761
1678017600,90.89,91.5,90.49,90.53,32025.79028
1678032000,90.51,90.73,90.0,90.13,12499.269583
1678046400,90.13,90.78,89.57,89.93,19466.695029
1678060800,89.94,90.63,88.42,88.99,42182.405843
1678075200,88.98,89.23,87.79,88.08,59157.407801
1678089600,88.08,88.41,87.13,87.55,43875.234403
1678104000,87.53,89.05,86.51,88.7,78279.852101
1678118400,88.73,88.99,87.72,87.96,17101.00666
1678132800,87.93,88.03,87.1,87.38,26939.693485
1678147200,87.38,88.95,87.27,87.7,41641.885478
1678161600,87.71,88.58,87.68,88.18,17026.972261
1678176000,88.19,88.23,85.53,85.64,81514.89078
1678190400,85.65,86.65,83.47,86.09,133549.459641
1678204800,86.11,86.8,85.34,86.07,36716.749792
1678219200,86.05,86.47,84.78,86.33,34433.513364
1678233600,86.33,86.69,85.15,85.7,34440.234478
1678248000,85.71,85.99,84.35,84.65,47929.269446
1678262400,84.64,85.49,84.6,85.29,30618.162503
1678276800,85.34,85.39,82.6,84.61,82707.733721
1678291200,84.63,84.89,82.66,83.39,26874.151174
1678305600,83.4,84.09,81.3,82.76,57266.096528
1678320000,82.76,83.45,82.21,83.35,35822.071899
1678334400,83.35,83.53,82.61,82.83,33592.48064
1678348800,82.84,83.86,82.2,83.65,40005.847721
1678363200,83.68,84.96,83.28,83.94,52801.216294
1678377600,83.92,84.23,80.58,81.1,80644.349327
1678392000,81.11,81.11,74.82,76.69,299773.394479
1678406400,76.71,76.81,73.62,75.24,143013.10776
1678420800,75.24,75.49,72.7,73.53,150649.267513
1678435200,73.54,73.6,68.0,69.55,286773.184009
1678449600,69.56,72.74,68.73,70.83,293553.514821
1678464000,70.83,72.17,70.25,71.58,69421.569004
1678478400,71.65,72.38,70.48,71.39,66395.455222
1678492800,71.4,73.89,71.19,72.29,204823.500026
1678507200,72.27,72.38,65.27,65.69,427414.310027
1678521600,65.68,68.42,65.0,67.44,247354.649138
1678536000,67.42,67.85,66.44,66.8,144159.13383
1678550400,66.78,69.39,66.56,68.43,329462.924326
1678564800,68.43,69.49,68.05,69.15,243642.106539
1678579200,69.15,69.79,68.28,68.86,112971.85549
1678593600,68.88,69.49,68.25,68.47,57057.80195
1678608000,68.5,68.8,67.9,68.45,76007.06648
1678622400,68.45,68.88,67.35,67.9,105942.94023
1678636800,67.89,72.59,67.7,70.99,208091.257651
1678651200,71.01,76.44,70.87,76.27,215692.787415
1678665600,76.27,80.0,75.44,77.45,221963.471096
1678680000,77.46,78.31,77.04,77.87,100996.417004
1678694400,77.87,78.03,73.8,75.53,194812.725311
1678708800,75.52,83.26,74.6,81.09,385793.444511
1678723200,81.1,82.26,80.29,81.27,84453.816459
1678737600,81.29,82.61,80.65,81.49,41890.63259
1678752000,81.5,81.66,80.38,81.35,55412.424339
1678766400,81.31,82.22,79.8,80.21,69381.550901
1678780800,80.23,81.05,79.2,80.89,60327.513462
1678795200,80.85,88.25,80.54,87.7,283347.991657
1678809600,87.68,87.9,82.53,84.19,133261.15761
1678824000,84.23,84.61,80.87,83.99,97600.24197
1678838400,83.96,85.21,82.61,84.45,71765.401462
1678852800,84.45,85.43,83.29,84.13,53592.076459
1678867200,84.09,84.15,80.22,81.93,98917.875824
1678881600,81.93,83.23,77.42,78.05,226428.041762
1678896000,78.05,78.23,75.0,76.23,183540.721013
1678910400,76.22,77.14,75.24,76.45,72157.938009
1678924800,76.42,78.15,75.61,77.7,88272.358191
1678939200,77.68,79.28,76.88,78.86,77801.222933
1678953600,78.87,79.88,77.89,79.44,104635.920862
1678968000,79.41,79.56,77.38,79.04,80497.319947
1678982400,79.06,79.85,77.71,79.05,53159.530297
1678996800,79.03,79.2,77.55,78.86,35689.072706
1679011200,78.87,81.51,78.2,81.09,107523.213242
1679025600,81.07,82.65,80.57,81.82,75202.745878
1679040000,81.81,84.79,81.42,84.6,98075.102316
1679054400,84.6,84.63,81.03,81.69,101082.948253
1679068800,81.69,83.01,81.22,82.86,40802.738368
1679083200,82.86,85.62,82.16,85.55,107410.577199
1679097600,85.56,87.94,84.47,86.54,166528.234088
1679112000,86.54,87.55,85.73,86.47,72404.745171
1679126400,86.47,86.95,84.91,86.91,58408.633023
1679140800,86.91,87.24,82.97,84.01,84896.605946
1679155200,84.01,85.18,81.89,84.33,104049.9575
1679169600,84.33,85.14,82.27,83.04,32110.32573
1679184000,83.03,84.53,83.0,83.73,46642.226626
1679198400,83.72,84.05,82.08,83.02,38411.946502
1679212800,83.02,83.67,82.11,83.5,30006.558406
1679227200,83.53,85.62,83.28,84.89,64110.339274
1679241600,84.89,86.37,84.33,85.38,84635.305991
1679256000,85.37,85.63,83.6,83.95,48542.930293
1679270400,84.02,84.3,80.72,81.36,126473.717018
1679284800,81.34,83.56,80.48,83.25,70097.955705
1679299200,83.29,83.64,81.32,81.63,85039.892882
1679313600,81.63,82.41,80.81,81.58,59805.409434
1679328000,81.54,82.01,78.53,79.73,89014.219891
1679342400,79.74,80.89,77.69,78.0,136165.265374
1679356800,78.0,79.62,77.71,78.67,115948.248776
1679371200,78.67,79.27,76.68,77.44,89349.028797
1679385600,77.43,80.97,77.31,80.16,166818.209606
1679400000,80.17,83.49,79.73,81.63,115838.69874
1679414400,81.62,82.66,80.15,81.4,58239.220995
1679428800,81.45,83.28,81.34,82.47,53713.668005
1679443200,82.49,82.51,80.82,81.61,50298.952874
1679457600,81.59,81.92,80.54,80.92,22726.735311
1679472000,80.9,81.09,79.72,80.44,45672.919048
1679486400,80.43,81.93,80.09,80.94,114313.342707
1679500800,80.91,84.66,79.21,82.59,385732.993987
1679515200,82.6,88.3,81.88,87.19,289109.243632
1679529600,87.22,89.24,85.61,87.26,185459.462496
1679544000,87.32,88.48,86.5,87.88,76548.903526
1679558400,87.9,91.81,87.24,90.75,191950.541144
1679572800,90.76,94.6,88.99,92.63,274919.216988
1679587200,92.62,94.5,91.84,93.82,131601.68388
1679601600,93.8,93.95,91.88,93.59,61915.482174
1679616000,93.61,94.11,92.36,93.35,59548.303623
1679630400,93.33,95.93,93.08,95.17,104537.942714
1679644800,95.19,95.61,88.27,89.96,195306.439371
1679659200,89.95,92.5,89.77,91.32,166051.685814
1679673600,91.31,93.27,89.08,91.44,118519.506371
1679688000,91.46,94.0,89.31,93.57,92703.85384
1679702400,93.57,94.29,91.82,92.1,63574.691926
1679716800,92.1,93.27,91.82,92.74,25945.506066
1679731200,92.71,93.88,91.22,93.46,64927.686853
1679745600,93.51,93.65,91.88,92.48,58936.948801
1679760000,92.47,92.7,90.0,90.28,48623.964203
1679774400,90.22,91.67,90.21,91.5,27524.782236
1679788800,91.47,93.98,90.57,93.35,63642.324036
1679803200,93.36,94.79,93.08,93.47,89742.054969
1679817600,93.49,94.37,93.07,93.91,78771.764264
1679832000,93.91,94.8,92.22,92.68,92656.559653
1679846400,92.62,93.4,92.31,93.02,25580.913191
1679860800,93.03,94.4,92.34,93.33,25759.325266
1679875200,93.32,93.72,91.74,92.5,32525.68403
1679889600,92.49,92.74,91.02,91.89,47931.04275
1679904000,91.87,92.67,91.65,92.24,35385.124394
1679918400,92.28,94.1,87.58,89.04,215975.917056
1679932800,89.04,90.32,87.8,88.56,101390.146363
1679947200,88.6,89.52,88.15,89.23,26235.288896
1679961600,89.24,89.52,86.05,86.6,117566.144519
1679976000,86.58,87.65,85.6,86.81,63722.178177
1679990400,86.83,87.89,85.64,87.49,58357.394584
1680004800,87.54,87.65,85.77,87.4,66607.595943
1680019200,87.38,89.28,86.0,88.91,58257.198412
1680033600,88.93,89.59,88.13,89.11,51589.84796
1680048000,89.16,90.05,88.95,89.55,53822.359859
1680062400,89.54,92.46,89.47,92.02,85214.222081
1680076800,92.0,92.99,91.55,92.05,63619.265473
1680091200,92.06,92.06,90.08,91.5,68510.058182
1680105600,91.5,92.58,90.9,92.41,43762.200765
1680120000,92.43,92.5,90.91,91.31,28797.698426
1680134400,91.31,93.34,88.14,90.03,190174.226166
1680148800,90.03,90.91,89.74,90.65,50136.314048
1680163200,90.63,90.79,89.53,90.07,37678.48059
1680177600,90.08,90.23,88.9,89.2,51421.039747
1680192000,89.19,89.24,86.6,88.32,77126.08231
1680206400,88.33,89.54,88.19,89.08,20610.563022
1680220800,89.08,90.09,88.5,89.76,41053.936292
1680235200,89.78,90.29,87.26,88.21,48643.24225
1680249600,88.21,88.61,87.8,88.35,41729.387374
1680264000,88.35,90.31,88.19,89.54,74791.802831
1680278400,89.57,89.85,88.91,89.78,23218.295684
1680292800,89.8,90.25,89.39,89.59,15872.636313
1680307200,89.6,94.26,89.36,93.31,126529.989199
1680321600,93.31,93.89,92.15,93.49,56862.427385
1680336000,93.49,93.75,92.82,93.3,31571.472378
1680350400,93.3,94.2,92.5,92.92,73134.116427
1680364800,92.93,93.15,91.67,92.44,40766.817226
1680379200,92.45,93.14,92.07,92.57,19063.947766
1680393600,92.57,93.99,92.32,92.59,51034.94082
1680408000,92.6,94.59,92.44,94.18,66255.08108
1680422400,94.19,94.25,93.22,93.55,35268.759266
1680436800,93.56,94.5,91.1,92.52,163608.842394
1680451200,92.51,93.16,90.35,90.88,53199.498243
1680465600,90.91,93.36,90.57,92.83,30998.655514
1680480000,92.82,93.58,90.45,90.97,78669.503705
1680494400,90.96,91.88,90.66,91.75,37611.866241
1680508800,91.76,93.5,91.72,92.59,108900.086215
1680523200,92.58,93.33,91.11,91.88,54969.368052
1680537600,91.91,95.86,91.37,93.42,110032.546323
1680552000,93.42,93.6,89.68,92.94,125572.464277
1680566400,92.95,93.53,92.02,92.26,50418.043089
1680580800,92.26,92.76,91.6,92.08,37525.917801
1680595200,92.1,94.01,91.81,93.68,56415.962909
1680609600,93.69,94.05,92.3,92.68,101500.799671
1680624000,92.69,93.35,92.5,92.85,26297.75612
1680638400,92.86,93.32,91.55,92.53,43617.301497
1680652800,92.58,94.41,91.82,93.85,103579.248642
1680667200,93.84,95.05,93.55,94.87,53101.537217
1680681600,94.9,94.96,94.27,94.66,42005.072719
1680696000,94.65,94.88,91.07,92.14,126178.319631
1680710400,92.15,92.89,91.48,92.74,30784.711656
1680724800,92.71,92.91,92.1,92.67,18741.60463
1680739200,92.66,92.66,91.17,92.5,30607.518786
1680753600,92.5,92.51,90.81,90.97,47791.415399
1680768000,90.97,91.57,89.82,90.87,88622.345167
1680782400,90.89,91.51,90.45,91.21,38593.622566
1680796800,91.21,91.5,90.54,90.92,20178.321603
1680811200,90.93,91.17,90.43,90.98,20550.427986
1680825600,90.98,91.54,90.57,90.8,25420.676602
1680840000,90.8,91.21,89.06,89.65,82272.633411
1680854400,89.64,90.42,89.36,89.9,30163.405442
1680868800,89.91,90.89,89.72,90.6,29560.522292
1680883200,90.58,90.72,90.06,90.34,14254.350244
1680897600,90.33,90.78,89.96,90.62,11343.960743
1680912000,90.63,90.82,90.16,90.79,13477.047124
1680926400,90.79,91.45,90.49,91.02,19064.417231
1680940800,91.02,91.12,90.53,90.6,12161.472444
1680955200,90.6,90.66,90.25,90.47,16920.645721
1680969600,90.46,90.57,89.27,89.81,16141.929177
1680984000,89.82,90.24,89.53,89.91,10683.531262
1680998400,89.91,90.71,89.9,90.65,14544.994614
1681012800,90.66,90.91,89.8,90.2,23390.016985
1681027200,90.2,90.23,89.77,90.21,17338.912479
1681041600,90.21,90.52,89.13,89.4,53393.070664
1681056000,89.39,90.63,89.28,90.29,20760.805074
1681070400,90.3,91.04,90.04,90.59,26562.032571
1681084800,90.59,90.95,89.89,90.37,28319.9553
1681099200,90.38,90.84,90.3,90.5,16148.643121
1681113600,90.51,90.73,90.29,90.46,12574.962326
1681128000,90.47,93.34,90.14,92.24,90200.089834
1681142400,92.26,93.37,92.21,92.73,72349.045604
1681156800,92.73,94.47,92.35,93.78,88338.24327
1681171200,93.76,94.97,93.13,94.32,102117.387963
1681185600,94.33,96.99,94.32,96.37,120740.154024
1681200000,96.37,96.48,95.13,95.32,39912.093083
1681214400,95.29,95.61,94.51,95.02,60312.992555
1681228800,95.0,95.45,94.29,94.64,26809.649997
1681243200,94.62,94.74,93.67,94.19,38432.27804
1681257600,94.2,94.65,90.85,91.57,100011.221766
1681272000,91.55,92.41,91.02,92.04,42073.897281
1681286400,92.04,92.2,91.12,91.46,42840.162628
1681300800,91.45,93.35,91.01,92.0,141309.69837
1681315200,92.01,92.28,91.21,91.66,24098.586014
1681329600,91.7,92.45,91.61,92.07,24327.575619
1681344000,92.09,92.7,91.7,92.53,34681.635904
1681358400,92.5,92.82,92.22,92.69,15327.928904
1681372800,92.69,94.23,92.62,93.59,66042.736105
1681387200,93.6,94.48,93.6,94.3,66236.328919
1681401600,94.29,94.52,93.79,94.36,37247.609944
1681416000,94.37,94.37,93.88,94.17,13575.795639
1681430400,94.18,98.6,93.99,97.64,238280.087718
1681444800,97.65,99.3,96.83,96.94,90131.6198
1681459200,96.94,97.49,96.05,96.96,60934.919642
1681473600,96.93,97.34,93.61,93.95,157176.249154
1681488000,93.94,95.97,93.69,95.95,74384.167732
1681502400,95.96,96.99,95.84,96.3,38875.324523
1681516800,96.3,96.38,94.72,95.63,51329.540021
1681531200,95.62,96.53,95.01,96.25,30007.051492
1681545600,96.26,96.66,95.89,96.23,26115.921096
1681560000,96.25,96.92,95.7,96.08,35028.624445
1681574400,96.06,96.55,95.34,96.25,25810.651965
1681588800,96.26,97.35,95.99,96.72,23720.065655
1681603200,96.71,96.83,95.12,95.92,36046.837402
1681617600,95.93,96.4,95.85,96.1,16573.24394
1681632000,96.1,98.59,95.96,96.55,89871.938954
1681646400,96.58,101.6,96.53,101.23,176668.849685
1681660800,101.23,102.01,99.59,100.99,116750.133699
1681675200,100.98,101.71,100.0,100.03,55172.369395
1681689600,100.02,100.28,97.31,98.75,134509.361704
1681704000,98.77,99.69,98.15,99.13,44561.972432
1681718400,99.13,99.58,97.64,98.38,58774.263665
1681732800,98.35,99.54,97.95,99.17,67074.830244
1681747200,99.18,99.29,98.3,98.89,41132.681586
1681761600,98.88,98.92,97.97,98.86,19335.451422
1681776000,98.85,102.17,97.56,101.83,138688.906897
1681790400,101.85,102.82,101.32,101.68,95778.463546
1681804800,101.71,103.33,101.62,102.96,106374.892667
1681819200,102.96,103.0,100.7,101.18,80714.107947
1681833600,101.18,101.62,100.16,100.74,31099.450038
1681848000,100.73,102.23,100.5,101.88,34336.584706
1681862400,101.88,101.88,100.56,100.79,24643.307757
1681876800,100.78,101.9,99.65,99.92,54289.75285
1681891200,99.91,100.47,93.14,95.45,254777.849291
1681905600,95.44,95.6,94.13,94.23,112299.83358
1681920000,94.22,94.56,92.22,93.24,88623.132938
1681934400,93.26,93.64,86.64,90.48,193605.466048
1681948800,90.43,91.29,88.68,90.55,116139.44524
1681963200,90.59,91.5,90.38,90.56,57737.562613
1681977600,90.58,91.46,89.81,90.0,40841.299152
1681992000,90.01,92.4,89.4,89.83,103198.675299
1682006400,89.8,90.32,87.16,87.98,115660.071946
1682020800,87.93,91.03,87.64,90.2,42313.102035
1682035200,90.19,90.89,89.1,90.2,150145.583944
1682049600,90.22,90.64,87.88,90.24,79038.170453
1682064000,90.28,90.67,88.91,89.29,55165.674541
1682078400,89.3,90.16,88.35,88.98,39085.167277
1682092800,88.98,89.95,84.2,85.58,152557.770464
1682107200,85.53,86.02,84.48,85.37,60756.39767
1682121600,85.35,85.91,84.76,85.51,43666.394062
1682136000,85.52,86.0,85.3,85.54,38737.829581
1682150400,85.53,85.97,85.32,85.88,24222.977989
1682164800,85.89,87.14,85.68,86.75,61240.705091
1682179200,86.78,87.19,86.48,86.91,26069.526393
1682193600,86.93,87.15,86.72,87.03,15811.269643
1682208000,87.03,87.04,85.45,86.27,34184.504493
1682222400,86.26,87.08,86.19,87.01,29759.4237
1682236800,87.0,87.13,86.41,86.9,27339.623954
1682251200,86.96,87.1,85.43,85.99,40816.272292
1682265600,85.94,86.57,84.2,85.62,56873.807171
1682280000,85.6,86.96,85.35,86.77,21602.884754
1682294400,86.74,88.53,86.25,87.66,58324.016747
1682308800,87.69,88.44,86.35,87.13,53830.145814
1682323200,87.16,88.24,86.05,88.1,57163.284633
1682337600,88.1,88.99,86.7,86.97,68154.401704
1682352000,86.99,88.31,85.92,87.75,45878.810467
1682366400,87.77,88.96,87.64,88.29,29372.666803
1682380800,88.31,88.76,87.21,87.47,35185.366725
1682395200,87.46,88.05,87.29,87.58,23444.659807
1682409600,87.6,89.8,87.51,89.16,122004.087202
1682424000,89.21,89.88,88.37,89.18,65241.172843
1682438400,89.18,90.74,88.83,90.19,67153.893233
1682452800,90.19,91.75,90.14,91.04,110290.231531
1682467200,91.03,91.5,90.71,90.98,58085.311601
1682481600,90.98,91.34,89.87,90.14,35487.591721
1682496000,90.13,92.06,89.93,91.93,80516.140182
1682510400,91.94,94.02,91.69,92.43,188986.019013
1682524800,92.42,92.7,85.18,86.29,219217.217953
1682539200,86.28,88.73,84.15,88.14,176460.33785
1682553600,88.14,90.65,87.88,88.57,118016.410261
1682568000,88.58,89.73,87.96,88.9,56033.754377
1682582400,88.89,89.23,87.87,88.34,45018.919042
1682596800,88.34,89.99,87.15,89.2,83582.586576
1682611200,89.2,90.36,88.69,90.0,45349.222743
1682625600,90.02,90.47,88.97,89.73,27283.536677
1682640000,89.74,89.8,88.79,89.07,21671.141253
1682654400,89.07,90.39,89.02,89.98,31039.183975
1682668800,90.01,90.15,88.91,88.96,32884.162371
1682683200,88.96,89.86,87.62,88.7,57701.536143
1682697600,88.72,90.3,88.67,89.32,36635.897999
1682712000,89.34,90.05,89.3,89.63,14196.821939
1682726400,89.62,90.15,89.3,89.69,21959.21308
1682740800,89.68,90.15,89.47,89.66,11142.752822
1682755200,89.65,89.98,89.26,89.97,12978.396155
1682769600,89.99,91.64,89.76,90.49,57438.556472
1682784000,90.49,90.84,89.33,90.72,32999.804111
1682798400,90.71,91.25,90.58,91.05,22994.793872
1682812800,91.06,91.12,89.66,90.34,20564.758711
1682827200,90.33,90.87,90.23,90.56,21414.114767
1682841600,90.56,91.04,90.29,90.46,17642.307754
1682856000,90.47,91.38,90.14,90.67,47425.677183
1682870400,90.67,91.1,88.58,89.04,54124.239293
1682884800,89.03,89.03,87.76,88.23,34829.473648
1682899200,88.25,88.88,85.9,87.49,105230.891893
1682913600,87.47,87.92,86.89,87.52,22027.027061
1682928000,87.52,87.69,87.28,87.37,9955.9264
1682942400,87.37,87.86,86.54,86.83,59383.903497
1682956800,86.84,87.15,85.11,86.17,84480.192756
1682971200,86.15,86.82,86.06,86.77,22882.371543
1682985600,86.75,87.36,86.02,87.24,25181.091983
1683000000,87.24,87.68,86.93,87.61,16918.026214
1683014400,87.63,88.59,87.62,88.18,38938.621994
1683028800,88.18,89.16,87.58,88.22,52640.119441
1683043200,88.21,88.75,87.53,88.05,30062.899136
1683057600,88.12,88.61,88.06,88.19,15054.177128
1683072000,88.21,88.23,87.2,87.58,28825.942376
1683086400,87.58,88.26,87.5,88.05,8795.39057
1683100800,88.07,88.31,87.47,87.51,21112.455083
1683115200,87.51,87.69,85.4,86.0,93544.807237
1683129600,86.0,87.33,85.66,86.61,61079.195321
1683144000,86.6,89.86,86.55,88.84,102742.203672
1683158400,88.88,89.13,88.12,88.48,21878.806968
1683172800,88.48,88.79,88.01,88.12,18585.009246
1683187200,88.11,88.74,87.92,88.25,26705.448332
1683201600,88.25,88.54,87.39,87.75,24698.074441
1683216000,87.74,88.2,87.53,87.81,13441.76981
1683230400,87.82,88.59,87.65,88.35,10759.89588
1683244800,88.39,88.88,88.0,88.13,61021.4455
1683259200,88.14,88.4,87.69,87.78,23346.271133
1683273600,87.79,88.16,87.53,88.04,17622.100836
1683288000,88.04,88.39,86.09,88.3,100943.667038
1683302400,88.31,89.67,88.04,88.64,58191.278112
1683316800,88.68,89.02,88.49,88.61,18008.421498
1683331200,88.61,89.31,86.99,87.35,48058.352609
1683345600,87.35,87.63,86.85,86.93,23309.736061
1683360000,86.98,86.98,85.86,86.59,70638.688311
1683374400,86.59,86.6,80.2,82.06,299727.539789
1683388800,82.06,84.2,81.95,83.82,67880.016634
1683403200,83.82,84.01,83.12,83.28,23042.697725
1683417600,83.27,84.04,82.94,83.08,42964.38512
1683432000,83.13,83.86,83.1,83.69,16815.801395
1683446400,83.68,83.88,83.34,83.52,17325.338055
1683460800,83.52,84.43,83.52,83.88,37714.545303
1683475200,83.87,84.33,83.44,84.22,18461.462637
1683489600,84.2,84.69,82.92,83.39,33305.614634
1683504000,83.36,85.24,80.08,82.31,173646.065484
1683518400,82.27,82.46,80.36,81.04,55853.146002
1683532800,81.04,81.69,80.0,81.41,74933.815855
1683547200,81.43,81.87,80.42,81.05,55608.090843
1683561600,81.05,81.12,75.18,76.88,256980.435423
1683576000,76.85,77.89,76.73,77.73,39563.542192
1683590400,77.74,78.28,77.33,78.11,34517.308935
1683604800,78.11,78.81,77.64,78.73,55294.246835
1683619200,78.75,79.71,78.44,79.17,44385.779607
1683633600,79.2,79.43,78.17,78.27,56535.896473
1683648000,78.3,79.86,78.08,79.77,40675.558173
1683662400,79.83,80.09,79.4,79.87,17277.713676
1683676800,79.93,81.0,79.55,79.68,48167.821592
1683691200,79.67,79.95,79.07,79.09,19707.50183
1683705600,79.07,79.83,78.83,79.76,32656.676761
1683720000,79.76,82.0,79.31,81.14,125431.867791
1683734400,81.15,81.59,77.06,81.2,166071.680806
1683748800,81.18,81.97,80.72,80.93,40789.820946
1683763200,80.95,81.1,79.74,80.33,101119.10051
1683777600,80.27,80.81,80.09,80.29,24739.550938
1683792000,80.28,80.97,78.71,80.47,59404.102224
1683806400,80.46,81.98,80.0,80.85,122457.460719
1683820800,80.84,81.17,78.31,79.05,67343.608247
1683835200,79.04,81.25,79.03,80.87,37683.856249
1683849600,80.87,81.46,77.8,77.96,92459.830378
1683864000,77.99,79.42,77.56,79.02,68171.115607
1683878400,79.05,79.52,78.74,79.06,22051.151455
1683892800,79.02,79.54,78.21,78.43,37175.451655
1683907200,78.43,79.5,77.04,79.33,59719.946806
1683921600,79.3,80.58,78.98,80.42,60286.666094
1683936000,80.42,80.85,80.04,80.28,41519.667797
1683950400,80.29,80.5,80.07,80.42,23205.027832
1683964800,80.44,80.92,80.27,80.62,24121.722541
1683979200,80.62,81.07,79.76,80.33,29039.07628
1683993600,80.32,81.06,80.2,80.47,12650.464826
1684008000,80.46,80.79,80.0,80.24,16060.540842
1684022400,80.24,80.82,79.61,80.7,38250.515878
1684036800,80.7,81.54,80.64,80.9,40313.170159
1684051200,80.9,81.04,80.63,80.86,17076.016379
1684065600,80.85,83.97,80.68,83.52,145984.598544
1684080000,83.53,83.92,82.25,82.37,37416.50854
1684094400,82.33,83.68,82.16,83.49,31677.965883
1684108800,83.48,85.58,82.14,85.35,205278.219686
1684123200,85.36,87.62,85.25,87.22,159369.039506
1684137600,87.21,87.62,86.51,86.59,64442.879396
1684152000,86.63,88.48,86.4,88.16,123516.338498
1684166400,88.18,88.5,87.33,88.01,64181.8155
1684180800,88.02,88.16,86.66,86.88,44952.47387
1684195200,86.9,88.37,86.15,87.41,134218.580792
1684209600,87.42,89.47,87.21,88.73,113034.533698
1684224000,88.73,89.91,88.3,89.35,116792.315775
1684238400,89.34,90.59,88.2,89.74,134320.814001
1684252800,89.74,90.41,89.1,89.12,60732.394551
1684267200,89.12,90.46,88.88,89.99,60314.609252
1684281600,89.99,93.78,89.59,92.92,194147.6444
1684296000,92.93,93.0,91.02,91.48,92443.073652
1684310400,91.52,93.0,90.69,91.77,174226.508473
1684324800,91.79,92.77,90.28,92.08,121759.930315
1684339200,92.07,94.99,91.63,94.71,145270.689604
1684353600,94.7,94.87,93.69,93.87,41142.973656
1684368000,93.88,94.15,93.08,94.05,56044.53687
1684382400,94.06,94.19,92.57,92.95,51084.837427
1684396800,92.93,93.39,92.39,92.9,57822.450695
1684411200,92.91,92.98,91.13,91.52,74314.623004
1684425600,91.51,92.37,88.79,90.37,136272.568185
1684440000,90.36,91.96,90.03,90.43,37881.008477
1684454400,90.43,92.86,90.26,92.5,73082.863706
1684468800,92.5,92.96,91.47,91.84,65467.861966
1684483200,91.83,92.64,90.94,91.03,46485.652979
1684497600,91.06,92.85,90.95,92.21,89863.047433
1684512000,92.17,93.32,90.41,91.6,184030.129025
1684526400,91.6,91.86,91.26,91.78,17571.165052
1684540800,91.77,91.77,90.46,91.48,25060.615093
1684555200,91.51,91.51,90.64,91.01,21363.22467
1684569600,91.02,91.39,90.9,91.15,15503.648491
1684584000,91.15,92.3,91.03,92.12,32011.66481
1684598400,92.13,92.76,91.64,92.04,30940.996668
1684612800,92.04,92.47,91.81,92.42,12216.351554
1684627200,92.41,92.74,91.86,92.23,17748.205228
1684641600,92.23,93.2,91.97,92.8,32795.557487
1684656000,92.8,93.49,91.94,92.32,54678.960954
1684670400,92.31,92.94,91.11,91.71,34155.237018
1684684800,91.74,91.93,91.22,91.9,16539.907812
1684699200,91.9,92.7,91.35,92.18,19023.141993
1684713600,92.14,92.82,89.75,90.83,95325.319306
1684728000,90.85,91.71,90.67,91.06,51886.232559
1684742400,91.03,91.57,91.0,91.28,15427.830725
1684756800,91.24,91.87,90.51,91.07,37372.369867
1684771200,91.09,91.4,90.54,90.8,17941.112931
1684785600,90.81,91.22,90.65,90.81,12464.690023
1684800000,90.82,93.15,90.36,92.72,68775.762504
1684814400,92.71,92.83,91.48,91.94,42566.487641
1684828800,91.96,91.98,91.63,91.77,15513.783403
1684843200,91.81,91.89,91.02,91.61,33231.795282
1684857600,91.61,91.61,90.76,91.1,25079.955921
1684872000,91.08,91.7,90.6,91.69,18341.562883
1684886400,91.7,91.88,88.24,89.25,70345.278129
1684900800,89.25,89.25,85.5,85.63,212362.656479
1684915200,85.63,86.87,85.56,86.36,63367.944148
1684929600,86.35,86.72,84.24,85.96,158288.100961
1684944000,85.97,86.14,84.89,85.15,61834.40593
1684958400,85.16,86.23,85.14,85.82,29380.881112
1684972800,85.83,86.02,82.49,84.27,131622.719837
1684987200,84.29,84.9,83.89,83.97,37242.29224
1685001600,83.99,84.91,83.97,84.88,51758.975307
1685016000,84.86,85.55,84.35,84.57,76322.260113
1685030400,84.57,85.7,83.64,84.97,48968.869838
1685044800,84.99,86.8,84.95,86.57,67433.321661
1685059200,86.56,87.85,86.19,86.86,100652.472437
1685073600,86.86,87.36,86.07,87.12,63361.01422
1685088000,87.12,87.29,86.73,86.97,37894.957179
1685102400,86.93,88.21,86.41,87.71,82317.686934
1685116800,87.72,88.05,86.81,87.75,29911.521594
1685131200,87.78,87.96,87.01,87.08,19493.690699
1685145600,87.07,88.03,86.9,87.81,27770.280823
1685160000,87.82,88.47,87.49,88.02,24786.505488
1685174400,88.05,88.13,87.59,87.82,14891.59684
1685188800,87.81,88.35,87.26,87.83,27545.563098
1685203200,87.84,88.4,87.37,88.22,16151.897941
1685217600,88.23,88.81,88.23,88.53,18394.002035
1685232000,88.54,90.25,88.14,89.91,54286.440853
1685246400,89.87,90.39,89.46,89.57,22474.124754
1685260800,89.58,89.95,88.66,89.32,37045.633098
1685275200,89.36,89.47,88.93,89.33,16405.480243
1685289600,89.32,90.57,89.07,89.96,39675.911795
1685304000,89.96,92.3,89.96,91.46,55276.790986
1685318400,91.47,92.16,90.57,90.61,39113.137547
1685332800,90.6,91.55,90.37,91.42,30620.331026
1685347200,91.43,91.95,91.05,91.61,34452.72938
1685361600,91.65,91.67,90.6,90.84,44140.642652
1685376000,90.82,91.2,90.11,90.82,31672.233486
1685390400,90.84,91.45,90.49,90.84,27109.901975
1685404800,90.87,91.6,90.53,91.27,18944.5757
1685419200,91.3,91.8,90.7,91.2,28662.790788
1685433600,91.21,93.27,91.14,92.99,79764.99554
1685448000,92.99,93.06,91.04,91.9,44487.084326
1685462400,91.9,92.48,91.43,92.24,53598.744876
1685476800,92.25,92.36,91.71,92.21,19003.970622
1685491200,92.22,92.68,91.14,91.74,26352.620738
1685505600,91.74,91.76,88.31,89.14,133571.779164
1685520000,89.14,89.59,88.93,89.04,29978.252508
1685534400,89.04,89.42,87.56,88.7,82284.571716
1685548800,88.69,89.7,88.39,89.42,64056.474294
1685563200,89.46,90.85,89.3,90.4,39523.54075
1685577600,90.41,91.71,89.16,90.88,93720.703198
1685592000,90.88,92.74,90.72,92.34,122193.747764
1685606400,92.36,93.16,92.08,92.24,101755.079362
1685620800,92.22,95.5,91.9,94.9,191851.072485
1685635200,94.91,95.99,93.97,95.16,135047.388969
1685649600,95.16,95.17,93.24,94.13,40266.418806
1685664000,94.16,95.47,92.54,95.12,81568.749112
1685678400,95.12,95.66,94.34,94.34,42108.315732
1685692800,94.35,95.26,94.32,95.09,29183.679523
1685707200,95.08,95.3,93.1,94.67,93323.095829
1685721600,94.64,95.5,93.95,95.0,37444.725345
1685736000,95.01,95.59,94.73,95.42,25360.576346
1685750400,95.44,95.44,94.12,94.52,31082.289805
1685764800,94.52,95.08,94.36,94.87,27472.843205
1685779200,94.82,97.53,94.76,96.7,81748.275029
1685793600,96.7,97.31,96.16,96.71,50333.67064
1685808000,96.72,97.2,95.82,96.34,36831.395824
1685822400,96.33,96.44,95.61,96.03,15974.223413
1685836800,96.03,96.03,94.64,95.32,42913.506016
1685851200,95.33,95.87,94.88,95.83,25719.877059
1685865600,95.83,96.47,95.47,96.3,28347.869083
1685880000,96.3,96.35,95.18,95.54,49018.739919
1685894400,95.53,96.3,95.23,95.81,25313.177751
1685908800,95.8,96.17,93.81,94.2,43912.749923
1685923200,94.19,94.61,92.18,92.87,115217.926501
1685937600,92.87,93.64,92.5,93.37,59591.669703
1685952000,93.37,93.73,92.4,93.07,40345.16572
1685966400,93.05,93.05,86.04,86.1,191006.293031
1685980800,86.1,88.39,83.3,87.4,248115.060066
1685995200,87.41,88.1,86.71,87.7,28234.36106
1686009600,87.72,88.23,86.61,87.36,49727.171746
1686024000,87.37,87.87,87.18,87.45,30205.049929
1686038400,87.45,88.16,87.32,87.5,26438.747919
1686052800,87.5,88.97,85.62,88.51,157532.051284
1686067200,88.48,91.13,88.42,90.83,71137.220384
1686081600,90.84,91.49,90.16,90.94,49105.328157
1686096000,90.92,91.3,89.31,90.18,50375.427476
1686110400,90.15,91.2,89.87,90.08,40044.06079
1686124800,90.1,90.54,88.26,90.46,60670.02339
1686139200,90.47,90.5,87.53,87.87,74927.372494
1686153600,87.88,89.19,87.42,88.81,40430.371292
1686168000,88.81,89.27,88.07,88.85,26776.107201
1686182400,88.85,89.5,87.47,88.32,38138.345623
1686196800,88.32,88.7,87.54,88.09,31994.687512
1686211200,88.08,88.24,87.16,88.0,36684.322767
1686225600,87.99,89.08,87.64,88.84,48729.268927
1686240000,88.85,88.9,87.78,88.55,19507.020937
1686254400,88.54,88.87,88.33,88.49,18039.832138
1686268800,88.49,88.49,86.55,87.6,53227.220298
1686283200,87.6,87.99,87.21,87.46,18997.54609
1686297600,87.46,88.51,87.43,88.43,20431.201879
1686312000,88.44,89.97,88.4,89.31,82350.854956
1686326400,89.3,89.94,88.5,88.6,32902.163825
1686340800,88.64,89.54,88.52,89.3,13332.181329
1686355200,89.31,89.35,84.8,85.29,135716.441938
1686369600,85.3,85.75,72.71,77.15,771364.084682
1686384000,77.15,77.68,75.83,77.45,114328.039717
1686398400,77.42,77.44,75.8,76.01,68849.859708
1686412800,76.0,78.75,73.99,76.79,229559.751631
1686427200,76.85,77.96,76.28,77.18,62771.419964
1686441600,77.17,77.26,76.35,77.19,32863.856774
1686456000,77.23,77.7,76.17,77.47,41528.994872
1686470400,77.47,78.97,77.41,78.3,60102.273307
1686484800,78.29,78.35,76.91,77.15,38594.60237
1686499200,77.2,78.73,77.09,78.37,44917.259856
1686513600,78.36,78.95,76.66,77.68,34977.878796
1686528000,77.68,77.85,75.06,76.15,89509.526635
1686542400,76.15,76.81,75.67,75.86,57267.00336
1686556800,75.87,77.91,75.68,77.52,55582.762403
1686571200,77.52,77.52,76.4,76.71,54605.812496
1686585600,76.73,77.26,75.8,76.58,49166.307318
1686600000,76.56,77.76,76.42,77.5,19821.829432
1686614400,77.49,78.5,76.73,78.26,47846.351993
1686628800,78.26,78.88,77.82,78.42,33488.080258
1686643200,78.42,79.33,78.15,78.77,51735.153812
1686657600,78.76,79.83,76.27,76.71,144782.103757
1686672000,76.69,77.77,76.66,77.48,24005.56114
1686686400,77.48,77.9,76.92,77.5,17153.053129
1686700800,77.52,78.14,77.09,77.86,26732.139087
1686715200,77.85,77.99,77.24,77.36,36401.229077
1686729600,77.37,77.97,77.08,77.78,24137.712507
1686744000,77.79,77.89,77.13,77.48,25357.307932
1686758400,77.47,78.05,75.76,76.64,67175.611852
1686772800,76.64,76.79,70.67,73.16,312921.620616
1686787200,73.16,73.8,72.92,73.13,49242.873964
1686801600,73.13,73.28,72.04,72.72,96184.334394
1686816000,72.73,73.88,72.2,73.72,71401.555949
1686830400,73.74,74.33,73.35,73.67,55045.818234
1686844800,73.67,74.81,72.91,74.63,46841.123424
1686859200,74.63,75.15,73.94,74.63,44920.316976
1686873600,74.62,75.46,74.14,75.24,19205.871284
1686888000,75.24,75.54,74.83,75.28,25689.602911
1686902400,75.3,75.68,74.45,74.69,41115.718008
1686916800,74.71,75.8,74.1,75.65,65456.42902
1686931200,75.68,76.95,75.38,76.58,54859.533461
1686945600,76.58,76.69,75.94,76.13,19479.363492
1686960000,76.13,76.31,75.72,76.15,13797.212235
1686974400,76.15,77.93,76.04,77.54,68585.816182
1686988800,77.55,77.78,77.05,77.08,27309.784102
1687003200,77.08,77.44,76.41,76.78,24540.108843
1687017600,76.79,77.4,76.63,77.08,14188.528908
1687032000,77.11,77.39,76.77,76.85,10358.411543
1687046400,76.87,77.32,76.19,77.19,18310.214596
1687060800,77.17,77.6,76.8,77.09,23273.127951
1687075200,77.11,77.67,76.94,77.33,16504.343219
1687089600,77.34,77.62,77.09,77.59,34447.7696
1687104000,77.58,78.49,77.55,78.14,24062.325616
1687118400,78.12,78.19,76.42,77.2,41956.230031
1687132800,77.19,77.52,76.65,77.15,16558.317252
1687147200,77.15,77.61,77.07,77.35,14311.069091
1687161600,77.39,77.48,77.04,77.25,14238.39826
1687176000,77.25,77.49,76.22,76.79,27291.911244
1687190400,76.78,77.85,76.09,77.1,67770.142905
1687204800,77.1,77.56,77.1,77.48,16159.411389
1687219200,77.48,78.34,77.3,77.33,35890.052664
1687233600,77.32,77.62,76.68,77.19,30886.968509
1687248000,77.2,77.26,76.86,77.19,26530.802487
1687262400,77.23,77.33,75.7,76.64,36928.443859
1687276800,76.65,80.37,76.36,79.88,159762.583333
1687291200,79.88,80.95,79.44,80.32,62242.297013
1687305600,80.34,83.0,79.99,82.13,101184.561751
1687320000,82.13,85.05,81.68,84.42,138047.821597
1687334400,84.42,84.49,83.3,84.33,70054.074738
1687348800,84.36,85.37,83.72,84.55,82217.699772
1687363200,84.53,87.46,84.21,85.2,166325.070765
1687377600,85.24,85.52,84.44,85.06,39872.135764
1687392000,85.05,88.87,84.75,87.85,164030.004567
1687406400,87.87,88.02,86.14,87.04,57848.881342
1687420800,87.05,87.49,84.3,85.57,100992.670021
1687435200,85.54,86.55,84.31,85.36,88906.313485
1687449600,85.42,86.4,85.05,86.08,33608.085358
1687464000,86.09,86.31,85.2,85.93,20653.845203
1687478400,85.94,87.0,85.53,86.32,46229.661959
1687492800,86.32,86.8,86.07,86.42,37386.730862
1687507200,86.42,87.98,85.86,86.37,68684.085479
1687521600,86.38,89.26,84.99,88.64,137870.98918
1687536000,88.65,93.1,87.82,91.79,288181.775599
1687550400,91.81,92.39,89.82,91.27,66302.372345
1687564800,91.28,93.82,89.1,92.02,238507.789758
1687579200,92.01,92.63,90.72,90.83,90028.65172
1687593600,90.83,91.56,90.35,90.74,57467.900041
1687608000,90.76,91.4,86.62,87.5,170302.876915
1687622400,87.51,89.52,86.31,89.13,83295.020348
1687636800,89.12,89.87,88.18,89.66,48253.935328
1687651200,89.72,90.0,88.78,89.97,67017.990398
1687665600,89.97,90.38,88.71,89.04,151960.742161
1687680000,89.05,89.34,88.06,89.04,62367.481579
1687694400,89.02,89.08,87.04,88.1,75425.352859
1687708800,88.08,88.43,87.31,87.65,23524.988867
1687723200,87.65,88.48,86.57,88.18,35538.392837
1687737600,88.18,88.85,86.22,87.26,93798.679982
1687752000,87.26,88.58,86.45,87.63,46902.997217
1687766400,87.62,88.19,86.93,88.06,30325.498659
1687780800,88.09,90.36,87.89,88.65,111878.651614
1687795200,88.64,88.77,85.75,87.36,94435.158064
1687809600,87.36,87.5,86.04,87.22,28300.177246
1687824000,87.23,88.57,86.91,87.93,76166.682077
1687838400,87.97,88.52,87.26,88.36,23552.811206
1687852800,88.38,89.17,88.0,89.08,46619.827237
1687867200,89.1,89.43,87.02,87.45,80512.443633
1687881600,87.46,88.53,87.31,88.03,27223.638593
1687896000,88.03,88.33,87.5,88.08,15642.874231
1687910400,88.07,88.1,86.63,87.35,33839.817818
1687924800,87.35,87.38,84.11,84.8,127652.961387
1687939200,84.8,86.14,84.43,85.69,43621.456292
1687953600,85.68,86.01,84.55,85.83,52217.161261
1687968000,85.81,85.98,81.3,82.57,214768.89892
1687982400,82.58,83.56,81.72,83.02,38118.796478
1687996800,83.0,83.81,82.94,83.7,32237.075977
1688011200,83.71,84.13,83.38,83.99,22824.566759
1688025600,84.01,85.57,83.73,85.57,35570.880763
1688040000,85.58,85.73,84.16,84.47,53981.651229
1688054400,84.52,85.1,83.89,84.84,26472.247788
1688068800,84.85,85.04,84.05,84.72,10968.722599
1688083200,84.72,96.17,84.3,95.87,385282.769813
1688097600,95.92,97.3,93.52,95.17,455619.483213
1688112000,95.2,103.0,95.0,100.79,413400.905624
1688126400,100.85,103.29,89.0,97.4,835152.659072
1688140800,97.4,112.0,96.31,105.4,691022.577017
1688155200,105.39,108.9,105.1,108.7,123122.570726
1688169600,108.7,109.96,102.57,107.06,286976.556706
1688184000,107.06,109.99,104.17,107.04,200919.729789
1688198400,107.04,112.9,105.5,106.3,398399.44113
1688212800,106.32,107.23,103.71,105.26,233799.818157
1688227200,105.26,106.05,104.05,105.14,113047.444025
1688241600,105.11,107.69,104.61,107.13,60129.648409
1688256000,107.09,108.71,105.32,105.98,227254.11227
1688270400,105.95,113.01,105.03,110.94,308332.090208
1688284800,110.97,114.25,109.28,111.14,211203.797514
1688299200,111.08,112.85,107.15,111.85,256169.202943
1688313600,111.86,113.31,109.5,111.07,132838.676699
1688328000,111.08,114.1,110.75,113.59,146681.994113
1688342400,113.58,114.95,111.71,112.81,146056.700961
1688356800,112.81,113.05,111.17,112.35,75751.418565
1688371200,112.36,112.36,109.0,109.2,125242.607359
1688385600,109.2,110.5,107.91,109.38,120040.549413
1688400000,109.4,109.54,105.56,107.57,175694.057751
1688414400,107.6,107.64,105.68,107.32,46125.523061
1688428800,107.31,109.58,105.0,108.74,101678.606357
1688443200,108.74,109.1,106.66,106.9,53078.15824
1688457600,106.9,107.81,106.17,107.14,57342.628182
1688472000,107.14,108.56,106.32,106.99,57689.564141
1688486400,106.91,107.86,103.39,105.11,104647.477109
1688500800,105.11,106.7,104.08,104.28,37668.624827
1688515200,104.29,105.99,104.08,105.71,59865.350266
1688529600,105.65,105.65,104.5,105.02,29221.71807
1688544000,105.02,106.68,100.66,102.46,226062.345769
1688558400,102.47,103.68,98.55,100.07,206818.826292
1688572800,100.08,101.85,99.24,100.45,168576.730298
1688587200,100.52,103.06,100.05,102.6,62989.229372
1688601600,102.55,104.03,101.6,103.73,70439.209496
1688616000,103.72,105.57,102.23,103.85,123051.881637
1688630400,103.86,105.95,101.49,102.49,153634.938188
1688644800,102.46,102.52,96.05,98.6,264743.172526
1688659200,98.61,99.12,96.76,97.68,50261.587334
1688673600,97.63,98.36,95.2,95.3,91696.163709
1688688000,95.26,97.56,94.11,97.19,138465.325662
1688702400,97.19,97.61,95.72,96.04,52675.404089
1688716800,96.07,96.86,95.43,95.83,41769.836657
1688731200,95.82,97.97,95.09,97.68,92810.848964
1688745600,97.7,98.4,96.54,97.47,64069.892152
1688760000,97.44,98.62,96.89,98.22,26470.347702
1688774400,98.22,98.52,97.06,97.21,31121.351745
1688788800,97.21,97.52,96.59,97.19,19442.498339
1688803200,97.18,98.25,96.93,97.24,54129.496829
1688817600,97.23,98.33,96.8,97.89,60456.569932
1688832000,97.89,98.27,96.85,97.33,17704.626457
1688846400,97.31,97.97,96.95,97.82,11200.318423
1688860800,97.82,98.4,97.13,97.23,27015.864746
1688875200,97.21,97.5,96.31,96.72,24717.988581
1688889600,96.73,97.08,96.46,96.6,13659.512596
1688904000,96.6,97.19,95.28,96.97,42657.862044
1688918400,96.97,97.29,96.57,96.76,12906.71107
1688932800,96.76,96.76,94.4,95.12,46444.754709
1688947200,95.13,95.2,91.61,93.88,160053.094686
1688961600,93.88,94.0,92.84,93.37,48968.243435
1688976000,93.39,95.3,92.21,95.02,82916.236649
1688990400,95.01,95.75,94.27,95.23,72529.12229
1689004800,95.22,97.16,94.74,97.0,43706.657048
1689019200,97.02,97.8,95.78,96.73,65528.512382
1689033600,96.74,97.92,96.1,97.01,59412.324964
1689048000,97.0,98.33,96.71,97.94,63215.830948
1689062400,97.95,98.2,97.2,97.5,62467.433548
1689076800,97.49,97.9,95.8,96.61,81449.907231
1689091200,96.62,96.8,95.55,95.95,37610.309375
1689105600,95.95,97.02,95.72,96.76,17748.201293
1689120000,96.76,97.58,96.49,97.04,28379.052841
1689134400,97.06,97.86,96.42,97.34,30937.31576
1689148800,97.38,97.39,96.43,96.95,20230.89162
1689163200,96.96,97.85,95.45,95.64,102306.897099
1689177600,95.65,95.99,94.13,95.0,66570.649044
1689192000,94.93,96.47,94.8,96.23,16810.73849
1689206400,96.24,96.56,95.6,96.15,32015.328778
1689220800,96.14,100.77,95.91,100.26,161257.740016
1689235200,100.27,101.47,99.8,100.86,112669.824161
1689249600,100.87,103.85,99.16,102.54,224833.5295
1689264000,102.57,104.45,100.79,102.7,271446.729543
1689278400,102.67,102.88,99.09,101.85,120363.39095
1689292800,101.87,103.65,101.14,101.5,114317.29429
1689307200,101.5,101.97,100.41,100.83,42021.319576
1689321600,100.81,101.5,99.67,100.92,79600.535003
1689336000,100.92,101.46,99.58,100.95,64776.990266
1689350400,100.96,102.09,91.4,93.35,416259.500963
1689364800,93.34,95.19,92.5,95.11,63026.614775
1689379200,95.11,95.78,94.28,94.6,59258.594467
1689393600,94.63,95.53,94.4,95.29,41183.308242
1689408000,95.29,95.67,94.73,94.77,29559.50237
1689422400,94.77,95.2,93.68,94.4,54334.876741
1689436800,94.39,95.16,93.8,94.68,21576.203011
1689451200,94.68,94.8,94.07,94.78,11193.640961
1689465600,94.78,95.37,93.01,94.26,71596.780556
1689480000,94.24,95.04,94.16,94.79,19624.329904
1689494400,94.76,95.09,94.28,94.56,16299.870052
1689508800,94.54,95.32,94.26,94.83,23530.957546
1689523200,94.85,95.26,93.44,93.73,58308.578605
1689537600,93.73,94.51,91.86,92.9,43856.484962
1689552000,92.9,93.57,91.93,93.3,40189.87946
1689566400,93.31,93.36,92.64,93.04,38984.284608
1689580800,93.04,93.4,89.17,91.09,161358.100837
1689595200,91.09,92.36,90.1,91.6,54519.197007
1689609600,91.59,92.17,89.89,91.31,62585.357253
1689624000,91.3,92.73,91.23,92.23,28322.697897
1689638400,92.23,92.98,91.91,92.19,31463.245981
1689652800,92.18,92.43,90.45,91.02,29395.722641
1689667200,91.02,92.04,90.55,90.75,40189.089685
1689681600,90.76,91.71,90.25,91.27,50299.232465
1689696000,91.25,91.68,89.23,90.56,60389.853616
1689710400,90.6,91.66,90.26,91.59,17581.636424
1689724800,91.56,94.22,91.41,93.51,58503.80817
1689739200,93.54,93.97,92.79,93.08,28153.897
1689753600,93.07,93.27,92.1,93.17,35806.425836
1689768000,93.18,93.57,91.62,92.63,35800.911346
1689782400,92.61,93.22,91.93,92.89,22418.478099
1689796800,92.93,92.93,91.7,92.02,24140.669597
1689811200,92.01,92.71,91.7,92.11,36503.564977
1689825600,92.12,93.65,91.8,93.41,47931.934331
1689840000,93.45,95.0,93.35,94.33,82258.75197
1689854400,94.36,94.52,91.41,92.12,84096.660058
1689868800,92.12,92.45,91.49,92.07,64372.956919
1689883200,92.06,92.76,91.5,92.38,25402.638754
1689897600,92.39,93.05,91.71,92.62,36817.858449
1689912000,92.62,92.7,91.83,91.97,17644.685695
1689926400,91.97,92.56,91.93,92.27,16362.103836
1689940800,92.29,92.67,92.05,92.53,19478.106632
1689955200,92.52,94.76,92.37,94.0,90920.176179
1689969600,94.03,94.49,93.7,94.06,21911.565003
1689984000,94.06,96.46,94.06,94.71,86726.166823
1689998400,94.71,94.91,94.0,94.52,38480.733177
1690012800,94.53,94.6,93.0,93.72,36892.46597
1690027200,93.71,94.04,93.23,93.9,24569.075029
1690041600,93.89,93.99,93.06,93.3,25739.897356
1690056000,93.31,93.47,91.13,92.08,49334.361849
1690070400,92.07,92.6,91.53,92.53,35492.365651
1690084800,92.53,93.0,92.37,92.5,21238.980842
1690099200,92.5,92.9,92.37,92.53,12873.065022
1690113600,92.51,92.64,92.0,92.12,22491.607321
1690128000,92.15,93.64,92.1,92.83,29857.882157
1690142400,92.84,93.39,92.2,93.22,18024.357201
1690156800,93.16,93.41,92.0,92.08,38785.163996
1690171200,92.07,92.92,91.3,92.5,37817.887319
1690185600,92.46,92.56,87.04,89.1,195575.79188
1690200000,89.07,89.53,87.45,88.83,108160.943366
1690214400,88.83,89.36,88.44,88.87,22776.525469
1690228800,88.93,89.31,88.44,89.14,15538.687239
1690243200,89.13,89.9,88.77,89.07,27571.408377
1690257600,89.08,89.49,88.79,89.19,23424.934288
1690272000,89.19,89.83,88.98,89.26,19786.818657
1690286400,89.26,90.19,88.84,89.02,53773.156922
1690300800,89.02,89.67,88.57,88.88,32994.494956
1690315200,88.89,90.0,88.76,89.47,26764.465872
1690329600,89.46,90.12,89.08,89.64,34666.0441
1690344000,89.64,89.8,89.38,89.72,16023.632227
1690358400,89.72,89.83,89.09,89.19,16413.385356
1690372800,89.18,89.81,89.1,89.64,29603.273144
1690387200,89.63,90.0,88.53,89.45,56083.199284
1690401600,89.46,91.19,89.32,90.62,49964.486131
1690416000,90.61,91.94,90.35,91.04,59628.814105
1690430400,91.05,91.49,90.59,90.75,43932.971909
1690444800,90.74,91.7,90.58,91.23,39482.542043
1690459200,91.22,91.31,90.23,90.68,29535.12671
1690473600,90.63,90.91,89.66,90.28,19492.83294
1690488000,90.28,90.61,89.98,90.6,13635.757001
1690502400,90.61,91.21,90.54,91.0,15122.408072
1690516800,91.0,91.49,90.69,90.82,30466.146018
1690531200,90.83,91.48,90.67,91.12,24261.891552
1690545600,91.12,91.98,90.93,91.68,27070.057401
1690560000,91.68,91.97,90.75,91.29,16723.02742
1690574400,91.29,91.53,91.17,91.46,5624.615693
1690588800,91.46,91.68,90.93,91.17,17082.293715
1690603200,91.17,91.38,90.95,91.05,11853.141023
1690617600,91.05,91.2,90.88,90.94,13662.290648
1690632000,90.93,91.2,90.88,91.17,15208.364849
1690646400,91.15,91.55,91.0,91.52,11881.38926
1690660800,91.51,94.89,91.43,94.32,95671.163269
1690675200,94.34,96.05,93.64,94.64,182398.65142
1690689600,94.64,95.2,94.06,94.43,41212.19148
1690704000,94.45,95.1,94.17,94.57,30653.777571
1690718400,94.58,95.05,94.2,94.57,32098.4559
1690732800,94.6,96.21,91.89,93.07,140097.70004
1690747200,92.99,94.4,90.77,94.08,92936.662633
1690761600,94.03,95.07,93.79,94.1,45100.718505
1690776000,94.13,94.19,92.32,93.26,37053.536353
1690790400,93.26,94.05,93.25,93.76,27772.421384
1690804800,93.77,94.34,91.69,92.11,114452.520196
1690819200,92.13,93.34,91.17,91.75,49141.471271
1690833600,91.76,92.44,91.1,92.28,23828.563955
1690848000,92.28,92.82,87.63,90.06,165154.997344
1690862400,90.01,90.7,89.64,90.32,34692.926994
1690876800,90.32,90.77,90.16,90.2,16036.143575
1690891200,90.27,94.1,89.87,93.13,193990.340313
1690905600,93.14,93.84,92.52,93.61,72028.928708
1690920000,93.62,94.0,92.89,93.96,31848.354626
1690934400,93.97,94.68,92.15,92.76,85843.275822
1690948800,92.75,92.85,90.6,90.87,68469.214424
1690963200,90.86,91.53,90.1,91.3,59034.892028
1690977600,91.29,91.29,88.27,89.03,214842.467066
1690992000,89.02,89.23,85.51,87.78,187814.976306
1691006400,87.76,88.04,87.08,87.56,43612.44124
1691020800,87.55,88.38,87.26,87.42,27534.397606
1691035200,87.43,87.46,85.6,85.96,94741.475496
1691049600,85.97,86.72,85.73,86.35,56456.975625
1691064000,86.39,86.98,85.83,86.4,47455.848128
1691078400,86.38,87.05,85.92,86.23,24790.845523
1691092800,86.22,86.56,80.0,82.52,272531.232589
1691107200,82.53,83.29,82.36,82.86,102314.606698
1691121600,82.86,83.2,82.46,82.86,60724.410564
1691136000,82.87,83.47,82.76,83.02,32149.394046
1691150400,83.0,83.94,82.83,83.37,64849.320003
1691164800,83.37,83.63,80.7,82.15,71509.467993
1691179200,82.14,82.6,81.02,82.22,41769.591215
1691193600,82.2,82.57,81.37,82.23,24074.26824
1691208000,82.22,82.53,81.8,82.31,19024.593904
1691222400,82.32,82.77,82.21,82.39,21341.533327
1691236800,82.4,83.24,82.18,82.73,36090.915255
1691251200,82.69,83.15,82.29,82.8,16562.819862
1691265600,82.81,83.43,82.62,83.12,12467.456848
1691280000,83.12,83.48,82.78,83.3,13455.826458
1691294400,83.31,83.49,83.08,83.26,13163.378245
1691308800,83.26,83.46,83.02,83.33,10979.17903
1691323200,83.33,83.42,81.56,82.02,52644.491233
1691337600,82.01,82.88,81.99,82.71,14180.057079
1691352000,82.72,83.3,82.26,82.58,15213.626936
1691366400,82.57,83.44,82.17,83.17,17035.76536
1691380800,83.17,83.38,82.26,82.67,25092.704167
1691395200,82.67,83.23,82.48,83.02,24775.451766
1691409600,83.03,83.09,81.25,81.76,48098.287032
1691424000,81.76,82.2,79.06,81.87,115688.885428
1691438400,81.88,82.66,81.68,82.47,15565.339178
1691452800,82.48,82.66,81.79,82.33,19937.015513
1691467200,82.34,83.14,82.2,82.4,38595.926125
1691481600,82.43,83.2,82.2,83.2,18046.38256
1691496000,83.2,84.65,82.81,84.01,65377.3401
1691510400,84.0,85.44,83.96,84.29,66088.84033
1691524800,84.31,84.91,83.72,83.85,21219.269038
1691539200,83.86,84.41,83.57,83.76,29655.929511
1691553600,83.77,84.17,83.6,84.07,19665.769689
1691568000,84.05,84.31,83.77,83.98,18049.132979
1691582400,83.99,84.61,83.42,83.64,26831.673242
1691596800,83.62,83.97,83.16,83.63,16728.511056
1691611200,83.61,84.23,83.21,84.06,9098.8598
1691625600,84.07,84.39,84.0,84.13,12158.486266
1691640000,84.13,84.25,83.72,83.93,11407.076116
1691654400,83.93,84.05,83.43,83.45,20143.46393
1691668800,83.43,84.15,83.23,83.41,29127.241581
1691683200,83.41,83.42,82.69,82.89,16680.111997
1691697600,82.89,83.37,82.89,83.14,7179.562109
1691712000,83.15,83.35,82.9,83.23,7302.102486
1691726400,83.23,83.37,83.09,83.1,8841.436019
1691740800,83.12,83.24,82.76,83.18,12552.635499
1691755200,83.19,83.62,82.95,83.06,19606.451585
1691769600,83.06,83.25,82.67,82.92,11053.313444
1691784000,82.92,83.75,82.83,83.58,10209.025249
1691798400,83.58,84.0,83.48,83.77,15566.50038
1691812800,83.77,83.88,83.6,83.62,6316.384843
1691827200,83.61,83.88,83.39,83.88,8021.892032
1691841600,83.88,83.89,83.52,83.58,10674.060014
1691856000,83.57,83.79,83.31,83.37,4826.237901
1691870400,83.36,83.67,83.27,83.49,4695.451718
1691884800,83.49,83.89,83.22,83.32,159063.295704
1691899200,83.33,83.33,82.99,83.25,6039.863756
1691913600,83.22,83.24,82.88,82.98,12288.232715
1691928000,82.98,83.19,82.86,82.96,12731.019683
1691942400,82.95,83.5,82.83,83.34,10004.197853
1691956800,83.36,83.41,81.03,81.92,35573.023535
1691971200,81.93,82.26,81.5,82.06,14662.45208
1691985600,82.07,82.54,82.06,82.25,11269.270198
1692000000,82.25,82.48,82.03,82.11,11646.519242
1692014400,82.12,83.16,81.88,82.82,31775.908258
1692028800,82.82,83.14,81.61,82.08,34077.828656
1692043200,82.06,82.43,81.93,82.13,8695.276571
1692057600,82.13,82.28,81.52,81.64,14681.819698
1692072000,81.63,81.95,81.54,81.89,18539.206381
1692086400,81.89,82.02,81.64,81.65,17118.261543
1692100800,81.66,82.03,81.33,81.38,31844.832762
1692115200,81.39,81.57,76.52,79.35,312854.941149
1692129600,79.34,79.96,79.13,79.28,24028.891711
1692144000,79.28,79.63,79.08,79.17,17516.987888
1692158400,79.16,79.25,78.33,78.91,41619.465435
1692172800,78.91,79.13,78.3,78.79,18930.644896
1692187200,78.79,78.79,77.43,78.01,64122.545015
1692201600,77.99,78.03,76.6,77.04,469381.735383
1692216000,77.03,77.23,72.7,74.54,338201.319138
1692230400,74.55,75.46,72.76,75.08,107879.14646
1692244800,75.07,75.83,75.02,75.47,33170.86907
1692259200,75.47,75.61,74.85,75.07,37004.855137
1692273600,75.07,75.75,72.99,73.57,100639.407013
1692288000,73.56,74.79,72.73,74.46,61308.323083
1692302400,74.5,74.55,55.02,64.73,811828.127284
1692316800,64.73,65.94,63.72,64.41,129827.113307
1692331200,64.41,65.64,63.31,65.34,115546.773508
1692345600,65.33,65.63,64.7,65.26,83079.956569
1692360000,65.26,65.34,63.97,64.48,76473.402768
1692374400,64.49,65.37,63.11,64.18,96696.485103
1692388800,64.2,64.86,63.89,63.97,38313.460371
1692403200,63.97,64.59,63.66,64.05,33129.733276
1692417600,64.06,64.36,63.58,63.93,36131.788631
1692432000,63.93,64.4,63.84,63.84,35371.69705
1692446400,63.85,64.7,63.7,64.68,28711.756808
1692460800,64.67,64.98,63.98,64.05,59699.669374
1692475200,64.05,64.14,63.47,64.13,44224.041262
1692489600,64.13,64.44,63.94,64.34,39298.019851
1692504000,64.33,64.44,64.04,64.23,23438.58109
1692518400,64.24,65.2,64.11,64.96,26082.560704
1692532800,64.96,65.06,64.14,64.52,23589.81453
1692547200,64.52,64.96,64.17,64.95,13179.669593
1692561600,64.97,65.88,64.97,65.23,19978.039539
1692576000,65.23,67.07,65.14,66.32,84692.859798
1692590400,66.3,67.01,65.39,65.57,67820.197395
1692604800,65.57,66.28,64.7,65.64,53927.999567
1692619200,65.67,66.81,64.27,64.86,100280.389254
1692633600,64.86,66.58,64.8,66.32,45271.532819
1692648000,66.35,67.3,66.34,66.97,38424.186084
1692662400,66.98,67.37,66.45,66.57,30895.676246
1692676800,66.55,66.63,65.99,66.46,22243.490891
1692691200,66.46,66.56,66.03,66.19,17224.352234
1692705600,66.18,66.38,65.57,65.9,46556.887674
1692720000,65.87,66.27,63.88,64.12,83095.747345
1692734400,64.15,65.16,61.69,64.83,91505.482691
1692748800,64.85,65.26,64.63,64.71,22769.264912
1692763200,64.71,65.46,64.62,65.02,20541.649141
1692777600,65.01,65.13,64.42,64.55,12812.735613
1692792000,64.54,65.38,64.06,65.32,29837.199008
1692806400,65.3,66.77,65.1,66.47,66672.620907
1692820800,66.46,66.74,64.98,65.64,33524.801903
1692835200,65.62,65.81,65.28,65.77,8417.881541
1692849600,65.77,65.89,65.45,65.63,6956.542941
1692864000,65.64,65.81,65.34,65.54,11218.644587
1692878400,65.5,65.52,64.21,64.32,34450.544423
1692892800,64.35,64.94,64.13,64.62,20998.220067
1692907200,64.63,65.0,63.88,64.88,18143.17874
1692921600,64.88,64.93,63.53,64.24,43435.617093
1692936000,64.25,64.64,63.7,64.38,29262.207433
1692950400,64.38,64.85,64.37,64.73,15547.369081
1692964800,64.74,65.46,64.05,64.79,57223.242088
1692979200,64.77,65.33,64.24,64.94,32186.615119
1692993600,64.95,65.29,64.83,65.14,8669.470433
1693008000,65.14,65.51,64.93,65.31,11530.534909
1693022400,65.32,65.49,65.12,65.35,13518.455224
1693036800,65.35,65.56,65.17,65.44,11461.005817
1693051200,65.44,65.5,65.17,65.22,10934.988454
1693065600,65.23,65.28,64.9,65.06,12160.759657
1693080000,65.05,65.19,64.91,65.0,9292.366465
1693094400,65.0,65.25,64.84,65.0,8463.504046
1693108800,65.01,65.22,64.97,65.15,6447.507454
1693123200,65.17,65.37,65.08,65.2,8639.15465
1693137600,65.2,65.93,65.18,65.57,22182.450924
1693152000,65.58,65.62,65.04,65.32,14129.426696
1693166400,65.31,65.45,64.94,65.41,13498.030118
1693180800,65.41,65.44,64.37,64.85,26042.704896
1693195200,64.83,64.85,64.05,64.39,27443.236943
1693209600,64.39,64.61,63.96,64.6,20654.471557
1693224000,64.59,65.49,64.59,65.26,26794.82751
1693238400,65.26,65.37,64.63,65.07,17542.866222
1693252800,65.07,65.73,64.99,65.5,15087.634351
1693267200,65.5,65.74,65.25,65.39,9114.893075
1693281600,65.41,65.47,65.08,65.11,16221.4905
1693296000,65.11,65.13,64.61,64.81,20383.234333
1693310400,64.81,70.69,64.67,68.19,289651.094243
1693324800,68.21,70.01,67.91,68.72,102509.372294
1693339200,68.73,69.43,68.41,68.87,32111.712077
1693353600,68.86,69.03,67.53,67.91,30765.558935
1693368000,67.9,68.0,67.61,67.72,13745.519668
1693382400,67.73,67.86,67.29,67.43,14313.618472
1693396800,67.41,67.81,66.48,67.03,54748.568608
1693411200,67.02,67.66,66.94,67.44,13891.621818
1693425600,67.43,67.86,67.38,67.64,11541.496988
1693440000,67.64,67.65,67.17,67.2,11809.88058
1693454400,67.22,67.89,67.19,67.86,17878.541183
1693468800,67.88,68.34,67.58,68.01,27565.642635
1693483200,68.02,68.05,65.67,66.12,56886.535536
1693497600,66.12,66.12,63.44,64.25,102822.115881
1693512000,64.23,64.37,63.19,63.9,31238.117411
1693526400,63.9,64.27,63.74,64.03,33299.183853
1693540800,64.03,64.11,63.37,63.7,19941.46675
1693555200,63.72,64.0,63.5,63.95,17977.134172
1693569600,63.95,64.18,62.59,63.23,39716.400144
1693584000,63.23,63.57,61.84,62.89,44112.64573
1693598400,62.9,63.6,62.82,63.01,10042.658155
1693612800,63.0,63.48,62.98,63.46,7382.113887
1693627200,63.47,63.54,63.2,63.42,7709.6187
1693641600,63.43,64.76,63.34,64.12,28066.216201
1693656000,64.12,64.53,63.6,64.29,23940.606434
1693670400,64.29,64.46,63.62,64.44,12663.228705
1693684800,64.42,64.67,64.21,64.57,8499.107646
1693699200,64.59,64.92,64.46,64.79,18166.930801
1693713600,64.8,64.8,64.11,64.22,13580.506466
1693728000,64.21,64.49,63.93,64.04,20525.952489
1693742400,64.04,64.4,63.69,63.79,16283.885701
1693756800,63.78,64.45,63.57,64.04,16407.092911
1693771200,64.04,64.38,63.73,63.91,10434.220987
1693785600,63.92,65.02,63.88,64.47,27431.610176
1693800000,64.47,64.58,64.08,64.21,12835.313047
1693814400,64.23,64.43,63.83,63.91,14420.331199
1693828800,63.91,64.18,63.0,63.53,35748.590308
1693843200,63.54,64.07,63.47,63.69,15001.923949
1693857600,63.69,63.8,63.11,63.78,12217.845403
1693872000,63.77,63.79,62.93,63.45,18255.106231
1693886400,63.44,63.5,62.79,63.01,19404.406791
1693900800,63.01,63.25,62.6,63.08,21135.869458
1693915200,63.08,63.5,62.61,63.09,20497.836475
1693929600,63.11,63.39,62.91,63.04,8812.799353
1693944000,63.04,63.23,62.93,63.16,5021.380446
1693958400,63.17,63.59,63.05,63.13,14499.167832
1693972800,63.13,63.18,62.75,62.85,9090.203692
1693987200,62.85,63.07,62.81,62.96,5891.958118
1694001600,62.97,63.21,62.64,62.88,22762.233664
1694016000,62.88,63.9,61.36,62.56,75793.489288
1694030400,62.59,62.94,62.49,62.86,4940.799717
1694044800,62.87,63.32,62.73,63.29,8744.315785
1694059200,63.3,63.34,62.93,63.2,16133.515101
1694073600,63.2,63.24,62.85,62.91,6983.407799
1694088000,62.9,63.06,62.46,62.86,12372.575264
1694102400,62.86,63.28,62.73,62.91,6852.671639
1694116800,62.91,64.5,62.91,63.71,33220.763916
1694131200,63.72,64.22,63.45,63.56,15250.523837
1694145600,63.56,63.76,63.17,63.35,10318.104938
1694160000,63.36,63.36,61.5,62.55,37093.95304
1694174400,62.54,62.96,62.5,62.61,12371.675899
1694188800,62.59,62.69,62.29,62.5,13035.590821
1694203200,62.5,62.62,62.33,62.61,7087.947107
1694217600,62.61,62.9,62.54,62.82,4936.969209
1694232000,62.81,62.86,62.64,62.75,3729.975839
1694246400,62.74,62.83,62.58,62.75,5901.741364
1694260800,62.75,63.32,62.7,63.06,12747.467717
1694275200,63.06,63.2,63.0,63.11,4842.369753
1694289600,63.12,63.22,63.03,63.07,4979.11878
1694304000,63.06,63.07,62.61,62.73,10604.737735
1694318400,62.73,62.73,60.06,61.78,102091.745226
1694332800,61.8,61.8,61.19,61.21,14460.882978
1694347200,61.21,61.54,60.16,60.94,32798.712444
1694361600,60.92,61.04,60.23,60.85,25712.021868
1694376000,60.84,61.53,60.76,61.13,12864.312929
1694390400,61.14,61.4,60.68,61.25,22759.166646
1694404800,61.24,61.66,61.12,61.41,13792.591652
1694419200,61.41,61.47,58.94,59.81,89042.048425
1694433600,59.8,60.43,58.95,59.39,62556.02073
1694448000,59.38,59.66,57.67,58.07,41948.248055
1694462400,58.11,58.88,57.83,58.86,17750.52103
1694476800,58.86,60.99,58.67,60.32,42485.634113
1694491200,60.34,60.58,59.33,59.63,59724.082801
1694505600,59.64,61.43,59.54,60.81,51105.412622
1694520000,60.82,60.96,60.24,60.52,47842.687179
1694534400,60.52,61.53,59.81,60.33,49041.491275
1694548800,60.32,60.56,59.87,59.97,12293.569296
1694563200,59.96,60.26,59.67,59.83,17474.074968
1694577600,59.83,63.36,59.6,60.09,291363.265375
1694592000,60.1,61.39,60.03,61.34,107883.838782
1694606400,61.37,62.03,60.8,61.64,27709.753515
1694620800,61.65,62.3,61.45,61.84,19554.479974
1694635200,61.84,62.36,61.84,61.95,8054.913742
1694649600,61.96,63.07,61.94,62.49,48486.500307
1694664000,62.46,62.7,61.99,62.49,23841.058256
1694678400,62.49,62.7,62.2,62.65,10356.905822
1694692800,62.68,63.47,62.42,63.11,47167.442037
1694707200,63.11,63.43,62.64,63.09,25984.562841
1694721600,63.12,63.23,62.65,62.83,12760.839854
1694736000,62.84,63.58,62.55,63.23,31283.45026
1694750400,63.24,63.56,62.83,62.97,24105.943779
1694764800,62.99,63.54,62.92,63.19,13859.223103
1694779200,63.19,64.78,63.06,64.26,30533.680999
1694793600,64.26,65.28,63.96,64.73,33334.224753
1694808000,64.75,66.25,64.68,65.9,31999.89821
1694822400,65.9,67.06,65.5,66.16,48283.746347
1694836800,66.17,66.66,65.44,65.58,40485.522448
1694851200,65.57,65.57,64.88,65.02,22273.011801
1694865600,65.02,65.02,64.4,64.48,12967.784305
1694880000,64.49,65.2,64.41,64.69,15138.57643
1694894400,64.68,65.37,64.65,65.37,5389.698302
1694908800,65.38,65.41,63.6,64.06,34557.044601
1694923200,64.07,64.47,63.53,63.74,26139.332318
1694937600,63.73,64.4,63.69,64.12,13042.996796
1694952000,64.12,64.39,63.88,64.25,10428.733522
1694966400,64.24,64.36,63.59,64.0,14411.171736
1694980800,64.01,64.11,62.72,63.55,42608.145749
1694995200,63.55,64.85,62.92,64.76,35732.796524
1695009600,64.81,65.28,64.43,64.85,27921.120697
1695024000,64.85,66.39,64.71,65.76,78923.404693
1695038400,65.77,67.95,65.51,66.85,323209.143264
1695052800,66.87,67.36,65.77,66.23,65416.60743
1695067200,66.22,66.46,65.53,65.92,42712.088231
1695081600,65.89,67.14,65.63,66.52,72636.124792
1695096000,66.52,67.5,66.41,66.97,80405.136761
1695110400,66.97,68.45,66.89,67.67,44651.31117
1695124800,67.68,68.29,66.89,68.23,36921.177974
1695139200,68.26,68.28,67.31,67.62,23302.347074
1695153600,67.61,67.61,66.93,67.29,12021.771567
1695168000,67.29,67.89,66.5,66.85,62582.500585
1695182400,66.84,66.96,66.27,66.54,25434.51525
1695196800,66.53,66.67,65.23,65.49,90722.535581
1695211200,65.5,65.54,64.25,64.8,102743.78973
1695225600,64.81,65.58,63.27,64.09,63941.845135
1695240000,64.13,64.93,64.1,64.56,14012.512042
1695254400,64.57,65.04,64.42,64.93,37218.253067
1695268800,64.93,64.94,64.15,64.3,13611.846
1695283200,64.29,64.46,62.94,63.54,40449.005247
1695297600,63.51,64.77,63.25,64.44,47681.988349
1695312000,64.48,64.87,64.4,64.52,16125.699031
1695326400,64.53,64.87,64.33,64.69,8930.6352
1695340800,64.67,65.95,63.91,65.05,74659.860345
1695355200,65.08,65.19,64.5,64.89,17818.999806
1695369600,64.86,65.54,64.67,64.81,123159.25021
1695384000,64.8,64.98,64.43,64.53,16279.844867
1695398400,64.52,64.79,64.11,64.41,10039.019425
1695412800,64.42,64.6,64.03,64.37,15725.802709
1695427200,64.37,65.1,64.37,64.74,94555.233397
1695441600,64.74,64.97,64.53,64.81,14633.203184
1695456000,64.82,65.08,64.69,64.8,27643.314574
1695470400,64.8,64.94,64.63,64.77,20349.965477
1695484800,64.77,65.27,64.67,65.13,21233.007109
1695499200,65.12,65.14,64.88,65.11,13931.178756
1695513600,65.1,65.12,64.77,64.8,9992.430996
1695528000,64.81,64.85,64.42,64.63,17668.222493
1695542400,64.63,64.86,64.59,64.64,4926.883431
1695556800,64.65,64.79,64.52,64.7,5352.883478
1695571200,64.7,65.04,64.0,64.34,12456.751785
1695585600,64.32,64.38,63.26,63.58,17269.631392
1695600000,63.59,64.47,62.55,64.24,30019.193327
1695614400,64.24,64.71,64.1,64.43,17335.804876
1695628800,64.43,64.56,63.95,63.95,14427.693777
1695643200,63.96,65.04,63.85,64.66,29849.338226
1695657600,64.69,65.08,64.33,64.46,20176.816838
1695672000,64.49,64.61,64.11,64.33,11059.826147
1695686400,64.33,65.19,64.06,64.55,165871.886879
1695700800,64.55,64.95,64.28,64.41,24407.442168
1695715200,64.4,64.56,64.21,64.43,25491.222921
1695729600,64.42,64.45,63.74,63.93,28910.56984
1695744000,63.93,64.27,63.77,63.96,18322.584516
1695758400,63.95,64.01,63.05,63.8,14989.277944
1695772800,63.8,64.1,63.75,64.07,10836.057482
1695787200,64.07,64.08,63.7,63.88,7216.97166
1695801600,63.87,65.5,63.8,65.35,37601.858114
1695816000,65.39,65.56,63.03,63.64,75160.51056
1695830400,63.63,63.88,63.16,63.69,23502.045632
1695844800,63.67,63.78,63.38,63.57,7502.565373
1695859200,63.57,63.97,63.16,63.34,17487.816066
1695873600,63.34,64.01,63.25,63.89,15687.083176
1695888000,63.89,64.37,63.63,64.04,14318.437879
1695902400,64.07,65.0,63.8,64.89,43958.111144
1695916800,64.9,65.53,64.43,65.19,25951.680235
1695931200,65.19,65.5,64.91,65.23,11960.417879
1695945600,65.23,65.45,64.91,65.17,11278.716301
1695960000,65.17,66.5,65.04,66.46,30274.224987
1695974400,66.47,66.48,65.65,65.68,17804.841791
1695988800,65.68,66.07,64.93,65.7,27977.719645
1696003200,65.7,66.41,65.55,66.13,15624.137246
1696017600,66.15,66.31,65.37,65.56,16310.773292
1696032000,65.57,65.73,65.36,65.43,11006.608556
1696046400,65.44,65.7,65.42,65.54,5093.081206
1696060800,65.55,65.9,65.54,65.65,9785.324345
1696075200,65.63,66.5,65.55,66.28,10750.014123
1696089600,66.27,66.61,66.14,66.31,11053.592655
1696104000,66.31,66.47,65.94,65.95,7643.255667
1696118400,65.96,66.41,65.83,65.96,10922.405926
1696132800,65.96,66.29,65.84,66.16,6441.950423
1696147200,66.17,67.7,66.09,67.4,43822.666211
1696161600,67.41,67.75,66.69,66.88,16189.49383
1696176000,66.88,66.89,66.2,66.46,7511.12443
1696190400,66.45,68.85,66.26,68.19,43155.550627
1696204800,68.19,68.44,67.72,67.81,22484.028152
1696219200,67.83,68.01,67.16,67.76,25624.68112
1696233600,67.74,68.09,67.49,67.59,36391.848854
1696248000,67.58,67.81,66.43,66.68,29573.456861
1696262400,66.65,67.2,65.03,66.24,54226.156584
1696276800,66.23,66.23,65.24,65.99,13417.844491
1696291200,65.99,66.42,65.99,66.2,8607.350264
1696305600,66.18,66.9,65.97,66.31,14758.389475
1696320000,66.31,66.56,65.59,65.8,11073.14821
1696334400,65.78,66.1,65.3,65.72,14868.517911
1696348800,65.72,66.09,65.4,65.54,11019.139042
1696363200,65.54,65.94,65.25,65.49,12538.05793
1696377600,65.5,65.52,62.74,64.23,56823.112452
1696392000,64.24,64.59,64.09,64.44,7645.839331
1696406400,64.44,64.72,64.33,64.41,15636.005218
1696420800,64.41,64.59,63.84,63.96,15021.168177
1696435200,63.97,64.5,63.75,64.06,17381.117871
1696449600,64.04,64.65,63.94,64.4,5219.220501
1696464000,64.4,64.85,64.34,64.64,7446.524189
1696478400,64.65,64.8,64.36,64.5,4801.480986
1696492800,64.51,64.85,64.47,64.72,6549.426167
1696507200,64.73,64.95,63.75,64.18,16347.271685
1696521600,64.18,65.14,64.0,64.92,15072.470109
1696536000,64.93,65.3,64.66,64.81,6038.99628
1696550400,64.83,65.39,64.81,65.12,6299.530702
1696564800,65.13,65.5,64.98,65.41,6054.771051
1696579200,65.43,65.44,64.96,65.14,7940.382282
1696593600,65.14,65.84,64.36,65.67,19625.219522
1696608000,65.71,65.82,65.39,65.59,10982.773406
1696622400,65.6,66.0,65.42,65.5,6226.688143
1696636800,65.51,65.88,65.44,65.65,7238.427546
1696651200,65.67,66.25,65.65,65.89,10452.468854
1696665600,65.89,66.11,65.67,65.71,7457.832152
1696680000,65.73,65.82,65.36,65.45,7727.720347
1696694400,65.44,65.5,64.95,65.02,7008.230375
1696708800,65.05,65.56,65.02,65.45,6147.639189
1696723200,65.46,65.95,65.44,65.92,7671.600662
1696737600,65.93,65.97,65.42,65.51,12532.373959
1696752000,65.51,65.68,65.0,65.08,10486.2567
1696766400,65.08,65.61,65.06,65.4,8789.094252
1696780800,65.41,65.52,65.13,65.3,3917.791888
1696795200,65.31,65.45,65.0,65.34,5456.163676
1696809600,65.35,65.37,64.83,65.02,7977.275709
1696824000,65.02,65.21,64.2,64.42,20587.324265
1696838400,64.41,64.45,62.87,63.13,57631.368401
1696852800,63.12,63.5,62.76,62.97,15739.780448
1696867200,62.97,63.06,61.5,63.05,45745.021519
1696881600,63.07,63.17,62.86,63.04,6301.693703
1696896000,63.06,63.67,62.94,63.3,10770.580858
1696910400,63.3,63.5,63.19,63.28,7630.733817
1696924800,63.29,63.45,62.73,62.75,9329.573124
1696939200,62.75,63.27,62.59,63.14,9573.859393
1696953600,63.15,63.57,63.01,63.45,9235.519983
1696968000,63.49,63.82,63.06,63.6,7963.109542
1696982400,63.6,63.74,62.28,62.67,24222.648448
1696996800,62.7,62.87,62.55,62.74,10568.489974
1697011200,62.76,63.02,62.19,62.22,13988.324741
1697025600,62.22,62.34,61.1,61.52,32990.3913
1697040000,61.51,61.67,61.17,61.42,19981.367238
1697054400,61.42,61.56,61.21,61.55,12574.522287
1697068800,61.57,61.57,60.56,61.27,23261.488877
1697083200,61.3,61.37,61.11,61.19,6290.614883
1697097600,61.2,61.32,60.33,61.16,20057.550186
1697112000,61.16,61.35,60.9,61.04,20568.452542
1697126400,61.05,61.4,60.33,60.89,28196.198809
1697140800,60.88,61.16,60.71,61.14,7835.46148
1697155200,61.15,61.82,61.08,61.17,83486.004422
1697169600,61.17,61.57,61.09,61.43,89549.621364
1697184000,61.43,61.57,61.24,61.47,6844.210321
1697198400,61.47,61.8,61.29,61.34,12232.92843
1697212800,61.32,61.64,61.25,61.33,7956.338645
1697227200,61.32,62.16,61.25,61.59,18779.939949
1697241600,61.58,61.77,61.55,61.67,2690.22235
1697256000,61.68,61.74,61.45,61.57,3936.826129
1697270400,61.58,61.65,61.36,61.54,12506.082141
1697284800,61.53,61.92,61.46,61.88,10682.299058
1697299200,61.88,61.95,61.74,61.92,3691.294866
1697313600,61.92,61.99,61.59,61.61,2949.035017
1697328000,61.61,61.83,61.39,61.57,4575.003949
1697342400,61.57,61.62,61.49,61.53,3529.600729
1697356800,61.53,61.62,61.44,61.47,7160.566067
1697371200,61.46,61.68,61.36,61.62,8264.028518
1697385600,61.63,61.92,61.56,61.82,11749.395592
1697400000,61.84,62.18,61.4,61.62,24521.38197
1697414400,61.62,61.97,61.56,61.8,10775.541048
1697428800,61.79,63.28,61.64,63.01,46572.714511
1697443200,63.01,63.1,62.72,62.83,17888.936729
1697457600,62.83,66.45,62.76,63.57,174540.882216
1697472000,63.57,64.34,63.46,64.11,26983.258841
1697486400,64.11,64.13,62.9,63.22,39900.289769
1697500800,63.22,63.28,62.83,63.0,15638.684455
1697515200,63.0,63.33,62.78,63.26,7313.571403
1697529600,63.26,63.33,62.81,62.9,13175.337247
1697544000,62.91,62.99,61.55,62.31,52961.364524
1697558400,62.31,62.39,61.37,61.92,12382.518993
1697572800,61.92,62.16,61.75,62.06,8301.4695
1697587200,62.06,62.18,61.84,62.15,8357.324158
1697601600,62.16,62.82,61.99,62.02,13266.40512
1697616000,62.02,62.24,61.75,61.87,12683.52745
1697630400,61.88,61.97,61.33,61.46,19370.999885
1697644800,61.46,61.67,60.57,60.83,16050.542391
1697659200,60.83,61.08,60.03,60.23,22459.574455
1697673600,60.23,60.58,59.66,60.44,25185.646076
1697688000,60.44,60.97,60.33,60.87,17078.13439
1697702400,60.85,61.1,60.63,61.06,18978.744201
1697716800,61.07,61.65,60.96,61.46,15823.348416
1697731200,61.47,61.92,60.99,61.4,11911.576699
1697745600,61.43,61.8,61.33,61.78,6756.737462
1697760000,61.77,62.85,61.58,62.62,40803.929466
1697774400,62.65,63.09,62.2,62.95,21786.459925
1697788800,62.95,64.29,62.95,63.41,59224.287515
1697803200,63.41,63.85,63.11,63.48,29775.608946
1697817600,63.49,63.56,63.05,63.53,10675.529608
1697832000,63.52,63.6,63.31,63.36,24664.922486
1697846400,63.36,63.9,63.34,63.86,9039.730142
1697860800,63.87,64.17,63.59,64.13,18323.777775
1697875200,64.13,64.48,63.94,64.34,14485.217174
1697889600,64.35,65.4,64.13,64.97,29243.163852
1697904000,64.96,65.42,64.31,64.8,25858.796226
1697918400,64.8,65.0,64.44,64.73,10265.232288
1697932800,64.74,65.3,64.53,64.87,20158.261431
1697947200,64.88,65.27,63.11,64.11,59997.832135
1697961600,64.13,64.55,63.67,63.97,24155.798545
1697976000,63.95,64.85,63.6,64.75,34839.978988
1697990400,64.76,66.34,64.47,64.54,79493.036803
1698004800,64.58,65.34,64.0,65.27,20273.412629
1698019200,65.28,66.63,64.89,66.4,58874.290189
1698033600,66.41,66.82,65.94,66.1,46301.925062
1698048000,66.1,66.79,65.7,66.44,32814.26509
1698062400,66.43,66.78,65.55,65.95,52718.897272
1698076800,65.95,67.36,65.77,67.18,35423.586057
1698091200,67.17,70.0,67.09,69.03,128899.303034
1698105600,69.04,72.94,68.68,70.01,166646.267523
1698120000,69.99,70.86,68.22,69.19,75630.725126
1698134400,69.17,70.48,69.11,70.35,38057.415048
1698148800,70.34,71.47,67.03,68.15,135715.501673
1698163200,68.14,69.13,67.55,68.59,46695.74067
1698177600,68.54,69.29,67.95,69.14,25330.914176
1698192000,69.14,70.43,68.85,69.53,49034.266463
1698206400,69.54,69.79,67.61,68.27,35350.209404
1698220800,68.25,69.08,67.83,68.71,29274.251124
1698235200,68.71,70.36,68.71,69.85,38806.034477
1698249600,69.84,70.19,68.15,68.59,35179.008289
1698264000,68.58,68.78,67.9,68.72,14713.204255
1698278400,68.72,70.07,68.46,70.04,24983.856878
1698292800,70.04,70.55,68.45,70.07,64051.213134
1698307200,70.05,70.64,68.74,69.35,62672.391163
1698321600,69.33,69.98,66.0,67.84,97972.422541
1698336000,67.85,68.28,67.34,68.16,19720.958265
1698350400,68.15,69.03,68.0,68.76,22021.248799
1698364800,68.77,68.79,67.14,68.08,29209.445793
1698379200,68.12,68.24,67.31,67.35,15415.303391
1698393600,67.35,68.0,67.25,67.82,29475.930406
1698408000,67.79,68.81,67.4,67.91,41802.043919
1698422400,67.9,67.99,65.5,66.52,57899.687107
1698436800,66.52,67.09,66.44,66.99,11275.302812
1698451200,67.0,68.4,66.94,67.94,41037.355736
1698465600,67.97,68.26,67.67,68.01,39680.777374
1698480000,67.99,68.39,67.73,67.98,26005.77572
1698494400,67.98,69.06,65.99,68.12,188991.533235
1698508800,68.11,68.31,67.6,67.64,10489.452928
1698523200,67.66,68.0,67.55,67.73,9390.573369
1698537600,67.73,68.11,67.03,67.28,26150.344622
1698552000,67.28,67.75,67.14,67.67,9793.630202
1698566400,67.69,68.13,67.66,67.92,19450.089127
1698580800,67.92,69.0,67.92,68.87,50164.221653
1698595200,68.88,69.33,68.55,68.78,17756.359963
1698609600,68.79,69.25,68.63,68.8,20719.139754
1698624000,68.81,69.47,68.04,68.21,25027.048328
1698638400,68.19,68.49,67.65,68.19,17437.158785
1698652800,68.19,69.51,68.04,69.33,36881.797431
1698667200,69.32,69.64,68.73,69.55,33632.106986
1698681600,69.54,69.78,68.08,69.08,45149.750773
1698696000,69.08,69.29,68.82,69.21,7356.211306
1698710400,69.23,69.86,68.73,68.77,21126.408073
1698724800,68.78,69.48,68.3,68.58,24607.459307
1698739200,68.58,70.57,67.84,69.98,91180.581593
1698753600,70.01,70.39,67.45,68.52,82049.997962
1698768000,68.47,69.03,68.21,68.41,29955.975555
1698782400,68.39,69.05,68.31,68.91,24483.896597
1698796800,68.91,69.28,68.01,68.3,40199.018405
1698811200,68.31,68.49,67.15,68.08,41923.030966
1698825600,68.08,68.3,67.61,68.02,19610.702554
1698840000,67.99,68.84,66.5,66.81,90578.514102
1698854400,66.81,68.77,66.6,68.4,50174.30249
1698868800,68.4,70.41,68.4,69.93,75999.057354
1698883200,69.96,70.79,69.7,70.33,69706.647855
1698897600,70.33,70.6,69.18,69.81,77773.501353
1698912000,69.77,70.44,69.22,70.17,47522.441018
1698926400,70.19,70.6,68.47,68.59,81087.804916
1698940800,68.57,69.56,67.38,69.53,46723.435234
1698955200,69.53,69.6,68.94,69.38,14057.313438
1698969600,69.43,69.57,67.45,68.74,41714.86448
1698984000,68.71,69.4,68.24,69.0,21782.788264
1698998400,69.0,69.2,68.02,68.63,26082.48944
1699012800,68.62,69.41,68.29,69.3,37669.589685
1699027200,69.29,69.38,68.53,69.01,13704.751894
1699041600,69.01,69.55,68.96,69.45,10411.633519
1699056000,69.47,69.68,69.11,69.65,13374.241483
1699070400,69.66,69.82,69.21,69.41,21015.26698
1699084800,69.43,69.96,69.28,69.57,24609.536777
1699099200,69.57,69.74,68.86,69.06,19434.97387
1699113600,69.05,69.23,68.77,68.96,17813.630897
1699128000,68.96,70.93,68.91,70.43,42743.710313
1699142400,70.43,71.5,69.9,71.39,48231.137813
1699156800,71.39,71.73,70.77,71.38,121350.215793
1699171200,71.38,71.92,70.86,71.45,41075.636359
1699185600,71.47,71.77,70.2,70.44,60533.409483
1699200000,70.43,72.32,70.36,71.82,42802.297688
1699214400,71.83,72.27,70.98,71.63,54901.657494
1699228800,71.63,72.68,71.33,71.7,32592.413118
1699243200,71.71,71.89,70.8,71.86,21042.627805
1699257600,71.89,72.88,71.43,72.68,64963.339066
1699272000,72.73,74.25,72.05,73.66,92441.815309
1699286400,73.68,74.26,73.17,74.19,34630.062984
1699300800,74.21,74.93,73.83,74.46,28253.737074
1699315200,74.46,74.51,72.5,73.17,45091.935067
1699329600,73.18,73.53,72.76,73.45,33876.165877
1699344000,73.38,74.55,72.3,72.73,95729.049996
1699358400,72.75,73.04,71.44,71.9,51152.9835
1699372800,71.9,73.7,71.05,73.64,77304.933279
1699387200,73.65,74.26,73.22,73.42,39867.307319
1699401600,73.42,73.54,72.8,72.86,17579.646829
1699416000,72.85,73.71,72.5,73.65,40515.825047
1699430400,73.63,74.3,73.17,73.42,61933.866089
1699444800,73.45,73.73,72.84,73.2,24290.75183
1699459200,73.19,73.99,73.12,73.87,26353.854627
1699473600,73.84,73.89,73.04,73.07,32396.122366
1699488000,73.09,74.73,72.87,74.4,65464.764321
1699502400,74.4,74.82,74.04,74.37,99079.487904
1699516800,74.35,75.19,74.02,74.45,57974.26362
1699531200,74.45,76.25,74.08,74.65,189710.838116
1699545600,74.67,75.19,67.57,71.17,336386.528484
1699560000,71.17,73.99,70.15,73.83,56363.10815
1699574400,73.82,75.48,73.33,73.65,87116.202252
1699588800,73.68,74.1,72.68,72.9,45808.533349
1699603200,72.93,73.5,71.77,73.25,52564.862301
1699617600,73.24,73.28,70.65,71.92,86883.522152
1699632000,71.93,73.05,71.79,72.61,45667.003804
1699646400,72.64,73.54,72.51,73.25,31482.406083
1699660800,73.28,73.61,71.77,72.08,44326.990173
1699675200,72.08,72.63,70.88,72.34,41261.997897
1699689600,72.39,74.1,72.17,74.03,59362.057816
1699704000,74.04,75.39,73.78,74.49,97352.191823
1699718400,74.49,75.23,74.16,75.09,33862.850442
1699732800,75.07,76.0,73.99,75.26,91192.436808
1699747200,75.26,75.4,72.11,74.6,74751.23826
1699761600,74.6,75.83,74.12,75.6,42240.185174
1699776000,75.63,76.78,75.12,75.6,72783.085644
1699790400,75.59,75.82,74.05,75.07,74791.537515
1699804800,75.07,75.22,74.29,74.41,39234.982443
1699819200,74.4,75.29,74.3,74.88,32761.720278
1699833600,74.85,76.06,73.54,73.73,72598.110236
1699848000,73.74,74.16,72.88,73.98,58068.621162
1699862400,73.96,74.31,72.68,73.35,41581.212332
1699876800,73.34,73.76,71.56,73.5,95828.491169
1699891200,73.57,73.89,72.04,72.92,37588.647403
1699905600,72.91,73.37,70.46,71.1,91182.716512
1699920000,71.11,72.14,70.03,71.83,57182.62396
1699934400,71.85,72.28,71.64,72.24,17506.632801
1699948800,72.24,72.55,70.33,70.79,70682.103806
1699963200,70.77,72.54,70.32,71.18,90446.703155
1699977600,71.18,71.7,67.81,69.2,116410.695551
1699992000,69.17,70.78,69.02,70.59,34188.850793
1700006400,70.61,71.75,70.49,71.19,46200.02412
1700020800,71.19,71.83,71.15,71.61,79114.702582
1700035200,71.64,72.32,71.37,72.16,30485.494056
1700049600,72.17,72.35,71.73,72.21,24162.220445
1700064000,72.17,73.6,71.71,73.21,64541.461881
1700078400,73.21,74.28,73.08,74.02,37165.963096
1700092800,74.04,74.35,73.39,73.87,29278.495362
1700107200,73.87,73.93,73.39,73.8,28906.527121
1700121600,73.81,74.03,72.63,73.36,58189.65657
1700136000,73.39,73.42,70.85,71.54,80253.38041
1700150400,71.53,72.02,69.77,71.17,42525.589763
1700164800,71.17,71.4,70.32,70.99,31544.075606
1700179200,71.0,71.68,70.28,70.72,55410.78261
1700193600,70.72,70.82,69.55,70.4,73995.773522
1700208000,70.37,71.55,70.01,70.66,90465.65946
1700222400,70.67,70.75,68.4,68.74,92671.521167
1700236800,68.73,69.92,68.0,69.75,82432.877441
1700251200,69.72,70.42,69.39,70.29,21764.599327
1700265600,70.3,70.32,69.06,69.1,17441.98462
1700280000,69.12,69.44,67.36,68.92,54544.895827
1700294400,68.94,69.44,68.64,68.91,24559.227913
1700308800,68.94,69.81,68.53,69.78,38019.58311
1700323200,69.77,70.04,69.4,69.99,21922.540101
1700337600,70.0,70.1,69.45,69.85,11492.991369
1700352000,69.87,69.87,68.47,69.79,26404.301857
1700366400,69.79,70.02,69.45,69.95,17872.317709
1700380800,69.97,70.09,68.88,69.23,24415.212217
1700395200,69.24,69.45,68.73,69.44,24845.703622
1700409600,69.45,70.43,69.42,70.41,35852.681582
1700424000,70.41,70.68,69.89,70.54,18735.880447
1700438400,70.55,70.67,70.07,70.26,21058.957002
1700452800,70.27,70.5,69.98,70.48,14697.469237
1700467200,70.5,71.03,70.22,70.41,27551.458198
1700481600,70.4,70.7,69.34,70.44,38249.885762
1700496000,70.46,70.9,69.4,70.0,37819.886167
1700510400,70.01,70.17,68.6,69.5,41686.337761
1700524800,69.51,70.45,69.0,69.82,33668.062214
1700539200,69.81,70.0,69.26,69.46,18731.730966
1700553600,69.49,70.32,69.36,70.07,34151.071027
1700568000,70.06,71.88,67.8,69.46,171737.52957
1700582400,69.43,70.02,66.7,68.05,113936.210008
1700596800,68.0,68.86,65.05,66.17,77208.645478
1700611200,66.19,67.62,66.0,67.61,23906.79213
1700625600,67.61,67.95,67.4,67.56,15535.944408
1700640000,67.58,67.94,67.46,67.57,19106.889846
1700654400,67.58,68.02,67.16,67.46,28790.560146
1700668800,67.44,68.55,67.06,68.42,35353.281136
1700683200,68.44,69.09,68.25,68.7,30237.657934
1700697600,68.71,69.37,68.58,69.11,26356.648065
1700712000,69.12,70.71,68.8,70.35,56856.329435
1700726400,70.32,70.53,68.86,69.26,58703.094903
1700740800,69.24,69.36,68.42,68.52,35156.935591
1700755200,68.55,69.57,68.52,69.48,19835.453771
1700769600,69.49,69.69,69.38,69.51,8913.822046
1700784000,69.5,69.92,69.48,69.61,11064.564388
1700798400,69.65,69.84,69.44,69.8,9488.071392
1700812800,69.79,70.57,69.5,70.01,100483.135212
1700827200,70.01,70.96,69.97,70.56,46667.094927
1700841600,70.57,71.8,70.21,70.89,50659.544423
1700856000,70.92,70.97,70.12,70.75,16899.48125
1700870400,70.75,72.31,70.43,71.47,53468.462155
1700884800,71.47,71.57,71.22,71.4,8277.127248
1700899200,71.41,71.57,70.73,70.92,17274.583574
1700913600,70.92,71.64,70.86,71.55,15403.650579
1700928000,71.56,71.83,71.43,71.6,11032.65825
1700942400,71.59,71.86,71.2,71.86,19724.090903
1700956800,71.86,71.86,71.11,71.43,17111.786185
1700971200,71.45,71.55,71.07,71.23,15243.16948
1700985600,71.24,71.27,70.8,70.85,14322.800416
1701000000,70.83,70.91,70.01,70.2,28780.083016
1701014400,70.2,70.29,68.88,69.66,54571.81706
1701028800,69.64,70.3,69.6,69.99,15370.320592
1701043200,70.0,70.54,68.96,69.42,24945.64572
1701057600,69.41,70.08,69.06,69.75,25678.605261
1701072000,69.74,69.97,68.42,68.61,39721.265709
1701086400,68.63,69.04,68.15,68.36,41474.784296
1701100800,68.37,69.07,67.9,68.41,23024.045087
1701115200,68.39,69.32,68.13,69.21,10017.925718
1701129600,69.21,69.39,68.65,68.78,13901.638645
1701144000,68.79,68.92,67.77,68.22,95160.771435
1701158400,68.21,69.16,68.06,69.14,33690.193256
1701172800,69.13,69.24,68.49,69.03,36031.17477
1701187200,69.03,70.25,69.0,69.91,54229.49782
1701201600,69.92,70.05,69.41,69.75,36788.217437
1701216000,69.76,70.06,69.48,69.71,15574.127921
1701230400,69.72,70.06,69.55,69.97,19699.659046
1701244800,69.97,70.45,69.46,69.78,34149.356278
1701259200,69.78,69.96,69.25,69.6,33688.510792
1701273600,69.59,69.96,69.12,69.81,7413.106476
1701288000,69.81,70.05,69.47,70.0,8420.909289
1701302400,69.99,70.14,69.52,69.98,17205.510943
1701316800,70.0,70.09,69.56,69.6,11548.713907
1701331200,69.61,69.65,69.15,69.63,16296.808122
1701345600,69.63,69.68,69.1,69.3,16637.286133
1701360000,69.31,69.56,69.14,69.33,6646.986924
1701374400,69.36,69.57,69.25,69.42,7907.164879
1701388800,69.44,70.27,69.2,70.05,21780.892417
1701403200,70.09,70.55,70.03,70.39,28110.264531
1701417600,70.4,71.39,70.27,71.08,42398.927855
1701432000,71.1,71.94,70.86,71.38,71477.011272
1701446400,71.38,72.2,71.36,71.67,32211.01259
1701460800,71.68,71.88,71.39,71.57,12208.325067
1701475200,71.57,72.05,71.37,71.88,12763.816052
1701489600,71.89,72.11,71.73,71.84,7629.898988
1701504000,71.83,72.0,71.4,71.63,15414.836336
1701518400,71.62,72.0,71.17,71.82,15675.04595
1701532800,71.81,72.7,71.45,72.39,34914.07917
1701547200,72.39,72.71,72.03,72.18,13967.668698
1701561600,72.19,72.73,71.66,71.91,25059.282368
1701576000,71.92,72.02,71.63,71.98,12116.668347
1701590400,71.98,72.56,71.75,72.36,17446.535282
1701604800,72.35,72.42,71.3,71.75,51998.54223
1701619200,71.75,71.88,71.33,71.71,13113.093476
1701633600,71.72,72.69,71.62,72.28,22261.512474
1701648000,72.3,74.6,72.22,73.87,120418.795804
1701662400,73.91,74.39,73.4,73.58,60112.08077
1701676800,73.57,75.09,71.79,73.55,140399.209621
1701691200,73.57,73.73,72.05,72.55,62658.027282
1701705600,72.55,73.23,72.21,72.35,35114.992906
1701720000,72.36,72.95,71.88,72.91,52637.623077
1701734400,72.92,73.55,71.65,72.57,58845.542644
1701748800,72.58,72.74,71.12,71.84,42624.552155
1701763200,71.83,72.21,71.51,71.94,30483.761524
1701777600,71.91,72.5,71.53,72.38,52954.936029
1701792000,72.37,73.92,72.03,72.99,82028.397348
1701806400,72.98,74.36,72.59,74.33,33079.441851
1701820800,74.34,74.57,72.76,73.45,78085.993973
1701835200,73.46,74.09,72.18,73.95,55004.800397
1701849600,73.94,74.92,72.58,73.47,109449.85182
1701864000,73.48,73.96,72.77,73.38,46083.495248
1701878400,73.37,73.99,73.34,73.9,25067.781496
1701892800,73.86,73.91,72.18,72.44,37910.989596
1701907200,72.4,72.9,72.27,72.89,15877.192058
1701921600,72.89,74.39,72.81,73.9,46268.177897
1701936000,73.9,74.04,71.9,72.8,67682.581551
1701950400,72.79,73.81,72.6,73.51,41385.620808
1701964800,73.52,74.49,73.38,73.57,37272.587568
1701979200,73.58,74.34,73.3,74.01,39472.464729
1701993600,74.01,74.75,73.31,74.48,56256.273421
1702008000,74.49,74.97,73.87,74.14,58924.742545
1702022400,74.15,75.8,74.04,75.53,68986.967154
1702036800,75.54,76.75,75.17,75.99,87457.426868
1702051200,75.99,78.88,75.94,77.87,118828.64149
1702065600,77.88,78.55,77.27,78.52,37367.745564
1702080000,78.5,78.88,77.7,78.51,49236.512646
1702094400,78.56,79.38,78.46,79.32,40693.676154
1702108800,79.33,79.5,76.7,77.72,82224.42679
1702123200,77.72,78.39,76.6,77.62,77600.510368
1702137600,77.59,77.72,76.3,76.93,39816.538399
1702152000,76.93,77.46,75.11,76.31,57689.324114
1702166400,76.33,77.45,76.33,77.25,56108.785877
1702180800,77.26,79.09,77.12,78.27,76655.158695
1702195200,78.27,78.87,77.0,77.34,50962.076925
1702209600,77.35,78.66,77.3,78.19,33534.430588
1702224000,78.2,78.32,77.32,77.84,16548.664171
1702238400,77.82,78.27,76.78,77.21,38173.707278
1702252800,77.19,77.5,69.5,73.8,273926.673495
1702267200,73.78,74.1,72.61,73.07,42888.230322
1702281600,73.12,73.62,72.7,73.51,48390.347254
1702296000,73.5,73.59,71.92,72.62,45278.976684
1702310400,72.64,74.5,71.5,72.43,182091.092719
1702324800,72.43,72.76,71.8,72.68,35753.43851
1702339200,72.69,73.7,72.58,73.12,35356.767942
1702353600,73.16,73.35,72.16,73.25,28761.444693
1702368000,73.28,73.38,72.38,72.4,29265.608136
1702382400,72.42,73.06,71.5,71.9,66474.829096
1702396800,71.91,72.43,71.01,71.76,39853.528193
1702411200,71.76,73.01,71.35,72.36,31027.000434
1702425600,72.38,72.47,70.44,71.16,66054.196301
1702440000,71.11,71.49,70.15,71.44,48323.832914
1702454400,71.46,71.8,71.11,71.21,21146.17508
1702468800,71.22,72.98,71.17,72.49,46045.105731
1702483200,72.5,73.12,72.0,72.95,53826.225716
1702497600,73.03,74.11,72.61,73.12,86199.663993
1702512000,73.12,73.26,72.66,72.87,22418.553057
1702526400,72.87,73.49,72.76,73.16,15323.651465
1702540800,73.18,74.04,73.09,74.0,44582.675218
1702555200,74.0,74.04,71.13,71.86,89416.832619
1702569600,71.87,73.17,71.83,72.67,54724.174759
1702584000,72.63,73.24,72.37,72.94,16668.208806
1702598400,72.95,72.98,72.1,72.59,29782.902875
1702612800,72.6,72.66,71.83,72.02,45804.81427
1702627200,72.01,72.31,71.49,72.0,44771.952016
1702641600,72.01,72.05,70.79,71.23,45352.8646
1702656000,71.23,72.08,71.04,71.82,18281.673321
1702670400,71.84,72.08,70.52,70.94,16110.549861
1702684800,70.95,71.98,70.45,71.8,23751.782506
1702699200,71.82,72.18,71.72,72.18,14287.870513
1702713600,72.18,72.55,72.05,72.18,26580.894559
1702728000,72.18,72.52,71.97,72.25,19889.116669
1702742400,72.24,72.41,71.69,71.9,33758.333405
1702756800,71.92,72.23,71.74,72.17,8928.23661
1702771200,72.19,72.84,71.93,72.32,29088.493688
1702785600,72.34,73.27,72.1,72.79,41133.570111
1702800000,72.79,73.63,72.52,72.6,28696.097661
1702814400,72.6,72.8,71.91,72.76,20561.847653
1702828800,72.77,73.35,72.54,72.72,18166.629265
1702843200,72.73,72.84,70.89,71.19,23349.1367
1702857600,71.19,71.56,69.89,70.4,33106.048705
1702872000,70.45,70.9,70.23,70.4,20494.335925
1702886400,70.39,70.71,68.01,68.71,85853.909478
1702900800,68.7,69.89,68.28,69.37,30082.887155
1702915200,69.4,70.26,69.22,70.19,10002.251837
1702929600,70.2,71.0,69.89,70.87,25798.790056
1702944000,70.87,71.58,70.66,71.11,32913.399774
1702958400,71.12,71.4,70.97,71.15,13377.363036
1702972800,71.16,71.63,70.91,71.08,34624.53208
1702987200,71.1,71.58,70.58,70.94,77095.624453
1703001600,70.94,71.18,69.69,70.56,20396.946813
1703016000,70.56,70.79,70.11,70.7,13036.842092
1703030400,70.7,71.04,70.5,70.73,10845.315608
1703044800,70.75,71.39,70.7,71.33,14812.792088
1703059200,71.35,71.44,70.86,71.11,10340.867109
1703073600,71.1,71.85,70.95,71.52,43708.394754
1703088000,71.56,72.0,70.68,70.94,61530.858305
1703102400,70.95,71.01,69.39,69.84,80440.548069
1703116800,69.84,69.85,68.94,69.71,39669.322175
1703131200,69.71,70.05,69.46,69.82,25137.851188
1703145600,69.81,70.47,69.71,70.45,22643.967059
1703160000,70.45,70.84,69.63,70.13,38406.799656
1703174400,70.13,70.63,70.12,70.54,19660.012821
1703188800,70.54,71.08,70.44,70.92,18811.210616
1703203200,70.94,71.52,70.72,71.0,33259.03681
1703217600,71.03,71.46,70.32,70.77,37293.068232
1703232000,70.74,71.76,70.47,71.59,34065.270312
1703246400,71.6,72.03,70.96,71.81,33417.310905
1703260800,71.83,73.08,71.67,72.55,46796.245732
1703275200,72.59,73.76,72.56,73.57,26487.857829
1703289600,73.6,74.07,71.27,71.68,51215.574991
1703304000,71.68,72.52,71.31,71.96,28391.487628
1703318400,71.95,72.45,71.8,72.01,16805.54626
1703332800,71.99,72.19,71.81,72.06,16759.676138
1703347200,72.04,72.47,71.97,72.15,15002.392259
1703361600,72.15,72.76,72.0,72.44,15357.697982
1703376000,72.45,72.87,71.96,72.67,24772.414746
1703390400,72.71,72.95,71.5,72.55,35900.636845
1703404800,72.58,72.69,71.73,72.19,14567.405784
1703419200,72.18,72.68,72.03,72.05,16504.853424
1703433600,72.09,72.7,72.0,72.27,10719.893668
1703448000,72.28,72.42,69.89,71.09,48005.875799
1703462400,71.1,71.36,70.55,71.35,15489.900761
1703476800,71.35,72.09,71.3,71.99,15507.288995
1703491200,71.99,72.37,71.6,72.32,27534.146325
1703505600,72.32,72.75,72.15,72.44,34621.608176
1703520000,72.49,72.54,71.95,72.21,13840.443126
1703534400,72.17,72.42,71.59,72.18,19747.77956
1703548800,72.2,72.66,71.95,72.65,20560.08834
1703563200,72.65,72.82,71.07,72.14,60168.364643
1703577600,72.14,74.2,71.5,73.38,74898.801193
1703592000,73.4,74.45,72.7,72.99,79155.982407
1703606400,73.0,74.16,71.2,72.41,107017.674136
1703620800,72.42,73.25,72.02,73.23,21745.149101
1703635200,73.24,74.1,72.08,72.38,53363.809414
1703649600,72.39,73.78,72.37,73.71,29181.727894
1703664000,73.71,75.65,73.46,75.28,120262.509769
1703678400,75.26,77.3,75.18,75.53,168221.954846
1703692800,75.57,75.8,74.94,75.33,32081.665919
1703707200,75.36,76.0,74.42,75.98,46693.052056
1703721600,75.96,76.75,75.3,75.68,68695.799337
1703736000,75.67,77.03,75.48,76.5,128547.152368
1703750400,76.49,77.64,75.94,77.1,100527.64487
1703764800,77.09,77.33,74.55,75.08,116674.047484
1703779200,75.08,77.02,74.54,76.38,44797.615623
1703793600,76.37,77.25,75.43,76.51,38124.100589
1703808000,76.55,77.81,75.0,77.18,134636.198348
1703822400,77.18,77.36,75.31,75.44,58712.448352
1703836800,75.43,76.48,75.36,76.24,63243.524647
1703851200,76.21,76.96,74.95,75.49,56242.274848
1703865600,75.48,75.7,73.7,74.78,64870.567336
1703880000,74.79,74.95,72.33,73.26,41450.938856
1703894400,73.25,73.81,72.38,72.96,55403.63531
1703908800,72.94,73.97,72.92,73.89,28940.85843
1703923200,73.89,74.0,72.57,73.05,39420.350659
1703937600,73.08,73.79,72.98,73.59,32376.745027
1703952000,73.58,73.81,72.87,73.32,21500.192896
1703966400,73.28,73.48,72.75,73.2,16496.34149
1703980800,73.23,73.35,72.2,72.8,32870.68054
1703995200,72.79,73.43,72.67,73.35,22448.164899
1704009600,73.36,74.08,73.15,73.9,32107.297657
1704024000,73.91,74.16,73.83,73.95,30560.712659
1704038400,73.95,74.24,73.8,73.91,35334.867874
1704052800,73.91,74.08,71.33,72.83,44835.90712
1704067200,72.84,73.41,72.43,72.67,23850.479183
1704081600,72.66,73.26,72.05,73.16,23747.796541
1704096000,73.19,73.46,73.0,73.22,14746.167397
1704110400,73.24,73.76,73.16,73.69,20599.567198
1704124800,73.69,74.39,73.36,74.14,26887.129415
1704139200,74.14,74.77,73.98,74.71,20070.441455
1704153600,74.7,75.88,74.5,75.05,45177.465546
1704168000,75.08,75.16,74.54,74.74,28564.898819
1704182400,74.73,75.47,74.53,74.83,36941.420468
1704196800,74.83,74.95,73.0,73.37,64308.723294
1704211200,73.4,73.54,72.83,73.07,39242.982154
1704225600,73.07,73.41,72.5,72.95,32144.826148
1704240000,72.96,73.59,72.83,73.15,18733.071985
1704254400,73.16,73.6,72.85,73.0,26793.081677
1704268800,73.0,73.51,71.3,71.79,60932.23016
1704283200,71.83,72.07,54.45,65.89,952287.003863
1704297600,65.86,66.07,64.26,64.98,135327.439288
1704312000,64.98,65.8,64.84,65.21,89272.082813
1704326400,65.22,65.85,64.64,65.04,99198.81153
1704340800,65.05,65.82,64.82,64.96,112266.181216
1704355200,64.99,65.36,64.43,65.16,102114.383295
1704369600,65.16,66.68,64.97,66.3,88412.462834
1704384000,66.3,66.59,65.75,66.14,36545.250226
1704398400,66.12,67.1,66.1,66.4,43038.230966
1704412800,66.42,66.71,63.0,65.22,142305.503423
1704427200,65.24,65.94,64.69,65.78,60012.718375
1704441600,65.78,66.06,64.66,65.08,62879.690185
1704456000,65.08,65.68,64.15,64.95,93397.26602
1704470400,64.95,66.12,64.32,65.66,100613.949185
1704484800,65.64,66.47,65.13,65.98,33883.60267
1704499200,65.99,66.09,65.17,65.36,28319.304878
1704513600,65.36,65.54,63.23,64.42,103868.692192
1704528000,64.44,65.16,64.1,65.13,38791.665372
1704542400,65.16,65.66,64.94,65.46,41194.819733
1704556800,65.48,65.87,65.31,65.6,18908.870173
1704571200,65.63,65.71,65.2,65.65,13599.925899
1704585600,65.64,65.86,65.26,65.66,26075.647311
1704600000,65.66,66.36,65.64,65.8,26505.402429
1704614400,65.81,66.03,65.26,65.38,31767.540444
1704628800,65.35,65.79,64.69,65.01,27707.563197
1704643200,65.0,65.33,64.23,65.3,21631.915824
1704657600,65.31,65.36,63.68,64.26,48444.708983
1704672000,64.27,64.48,61.0,62.34,152738.493333
1704686400,62.36,64.87,62.24,64.64,90529.198625
1704700800,64.63,64.97,63.81,64.53,75648.835465
1704715200,64.53,66.04,64.51,65.68,107555.121418
1704729600,65.66,67.29,65.22,67.21,85883.673296
1704744000,67.23,68.37,66.67,67.73,82083.185187
1704758400,67.75,67.82,66.38,66.89,70878.543562
1704772800,66.88,67.45,66.63,66.94,32923.09374
1704787200,66.95,67.09,65.78,66.0,62808.613797
1704801600,65.98,66.1,64.09,65.02,153472.976462
1704816000,65.03,66.62,64.58,65.82,94497.448766
1704830400,65.83,67.09,64.61,66.98,197939.686153
1704844800,66.98,67.6,66.65,67.54,66752.903087
1704859200,67.55,67.81,66.46,66.68,39077.43461
1704873600,66.67,67.77,66.25,67.17,100725.222377
1704888000,67.15,67.37,64.95,67.18,124109.011109
1704902400,67.2,68.13,66.76,68.0,55207.237599
1704916800,67.98,71.23,66.5,70.12,218309.143858
1704931200,70.13,71.71,69.54,71.39,108376.961629
1704945600,71.39,71.55,69.82,71.12,115640.73067
1704960000,71.12,73.2,70.75,73.19,135639.563399
1704974400,73.19,74.68,71.46,72.09,329401.475342
1704988800,72.07,72.62,70.31,72.11,97999.422846
1705003200,72.1,72.49,71.04,71.9,37395.817967
1705017600,71.88,72.91,70.24,72.65,71805.519141
1705032000,72.64,74.09,72.45,72.93,115231.341608
1705046400,72.94,76.04,72.86,75.11,182923.895831
1705060800,75.12,77.22,74.17,74.45,257910.09871
1705075200,74.41,75.9,71.88,73.13,218134.004668
1705089600,73.16,74.5,70.37,72.96,114464.837274
1705104000,72.97,73.6,71.08,72.4,116733.828536
1705118400,72.39,72.78,71.59,72.39,51142.508033
1705132800,72.45,72.59,70.97,71.36,76849.610904
1705147200,71.35,72.46,71.31,72.0,43351.837587
1705161600,72.01,72.14,71.1,71.92,30591.275387
1705176000,71.95,72.35,71.79,71.98,43129.201104
1705190400,72.0,72.25,71.08,71.43,35047.86985
1705204800,71.43,72.07,71.02,71.99,22129.656877
1705219200,71.99,72.3,71.6,71.66,25971.225111
1705233600,71.67,71.89,71.18,71.68,24415.647402
1705248000,71.66,71.74,70.2,70.43,45648.973011
1705262400,70.41,70.94,69.38,69.79,68576.149768
1705276800,69.83,71.44,69.73,71.28,25165.879967
1705291200,71.27,71.6,70.65,70.83,23330.694653
1705305600,70.85,71.26,70.46,70.52,30866.983951
1705320000,70.53,70.93,69.23,69.52,72828.334576
1705334400,69.52,70.78,69.47,70.14,36086.548674
1705348800,70.16,70.43,68.74,69.14,33522.44108
1705363200,69.15,70.06,69.12,70.01,54175.660914
1705377600,70.02,70.19,69.3,69.81,35811.532868
1705392000,69.81,70.19,69.5,69.63,21388.504448
1705406400,69.62,70.27,68.35,70.2,72799.116615
1705420800,70.23,70.33,68.86,69.38,26609.586605
1705435200,69.39,70.8,69.37,69.49,64050.878874
1705449600,69.45,69.89,69.24,69.44,23477.536604
1705464000,69.45,69.97,69.1,69.24,32708.70595
1705478400,69.23,69.58,68.92,69.14,30566.331663
1705492800,69.14,69.48,68.6,68.71,47239.110312
1705507200,68.7,69.66,68.37,69.46,29227.090868
1705521600,69.44,69.67,69.17,69.46,21912.060688
1705536000,69.46,69.88,68.8,69.25,29920.946547
1705550400,69.24,70.14,69.13,70.03,29055.715663
1705564800,70.04,70.36,68.73,68.99,36396.30279
1705579200,68.99,69.37,68.12,69.3,51541.986907
1705593600,69.3,70.1,66.15,66.83,165140.409491
1705608000,66.77,68.27,66.26,68.12,88642.329239
1705622400,68.13,68.65,66.98,68.0,34679.301382
1705636800,68.0,68.78,67.9,68.74,21038.168881
1705651200,68.73,69.14,68.3,68.87,15976.581753
1705665600,68.88,70.81,68.73,70.18,99871.764215
1705680000,70.16,71.0,67.35,70.61,88915.186955
1705694400,70.61,71.55,70.4,71.31,36172.573822
1705708800,71.3,72.15,70.56,71.57,74871.812409
1705723200,71.57,72.76,71.4,72.16,76963.051492
1705737600,72.15,72.28,70.97,71.13,66934.666569
1705752000,71.13,71.46,70.59,70.92,33040.827839
1705766400,70.92,71.22,70.46,70.66,43372.704903
1705780800,70.68,71.4,70.55,71.33,27605.354822
1705795200,71.35,71.64,71.21,71.36,22761.942514
1705809600,71.35,71.5,70.95,71.42,13242.334526
1705824000,71.41,71.47,71.02,71.08,20495.358787
1705838400,71.09,71.39,70.66,70.87,29783.20233
1705852800,70.86,70.97,70.52,70.67,12751.121722
1705867200,70.69,72.32,70.62,71.76,37116.145816
1705881600,71.77,72.7,71.28,72.23,80472.903564
1705896000,72.24,72.69,70.78,72.34,81884.771699
1705910400,72.37,72.45,68.25,69.44,116026.784495
1705924800,69.43,69.96,67.92,68.71,47348.107822
1705939200,68.7,68.84,66.66,67.4,46771.568731
1705953600,67.38,68.18,66.8,67.35,28083.02576
1705968000,67.36,68.15,67.31,68.11,31080.057189
1705982400,68.14,68.4,67.43,67.72,23784.760628
1705996800,67.72,67.94,64.04,64.82,221626.987036
1706011200,64.82,65.08,63.15,64.96,101610.948876
1706025600,64.95,65.48,64.3,64.69,35213.746418
1706040000,64.71,65.54,64.25,65.49,24575.231887
1706054400,65.5,65.99,64.89,64.99,28141.638023
1706068800,65.05,65.76,64.86,65.36,21887.769086
1706083200,65.4,66.23,65.26,65.75,29799.944352
1706097600,65.77,65.9,64.85,65.44,38651.549571
1706112000,65.49,66.01,65.12,65.77,21147.787621
1706126400,65.73,66.34,65.4,66.14,13985.300949
1706140800,66.12,66.14,65.42,65.62,14138.697774
1706155200,65.65,65.87,65.21,65.79,14145.716877
1706169600,65.79,65.87,65.3,65.64,11358.365686
1706184000,65.64,65.78,64.62,64.89,19967.197399
1706198400,64.88,65.78,64.58,65.71,18401.981721
1706212800,65.75,65.92,65.33,65.49,13517.028134
1706227200,65.45,66.0,65.19,65.69,12655.639357
1706241600,65.69,65.83,65.29,65.48,9855.631255
1706256000,65.48,66.96,65.43,66.86,31147.199502
1706270400,66.86,67.08,66.28,66.97,29596.999452
1706284800,66.96,67.54,66.95,67.22,28080.523984
1706299200,67.21,67.44,66.8,66.99,17051.608553
1706313600,67.04,67.48,66.92,67.25,16148.205833
1706328000,67.24,67.32,66.35,66.53,15907.153306
1706342400,66.56,67.11,66.34,66.99,13956.833942
1706356800,66.99,67.29,66.88,67.19,11217.591455
1706371200,67.19,68.28,67.16,68.1,31571.494202
1706385600,68.08,68.33,67.95,68.02,15254.631404
1706400000,68.05,68.36,67.7,68.28,16397.336906
1706414400,68.28,68.48,67.74,67.8,19916.204325
1706428800,67.82,68.15,67.59,67.78,9566.011283
1706443200,67.76,67.9,67.3,67.64,13581.436273
1706457600,67.64,68.24,67.33,67.95,11034.049817
1706472000,67.94,68.46,67.43,68.36,18347.753146
1706486400,68.35,68.54,67.94,68.12,14474.160012
1706500800,68.14,68.16,67.4,67.42,12629.901937
1706515200,67.45,67.83,67.35,67.59,19047.805941
1706529600,67.58,67.68,66.84,67.54,21439.017231
1706544000,67.54,68.69,67.3,68.37,28226.390848
1706558400,68.38,68.8,68.27,68.42,12513.836639
1706572800,68.43,68.72,67.98,68.18,13059.638744
1706587200,68.18,68.25,67.85,68.06,8625.110632
1706601600,68.07,68.46,67.96,68.36,11211.736012
1706616000,68.37,68.52,67.45,68.22,17966.344239
1706630400,68.19,68.71,68.01,68.41,12925.976326
1706644800,68.44,68.5,67.12,67.49,15538.812718
1706659200,67.49,67.98,67.04,67.97,15209.464484
1706673600,67.98,68.27,67.77,68.25,13225.02906
1706688000,68.24,70.17,67.52,68.09,101729.640969
1706702400,68.09,68.39,67.04,68.37,26522.397214
1706716800,68.36,68.46,67.28,67.81,21331.317872
1706731200,67.81,67.84,66.11,66.77,34059.655711
1706745600,66.75,66.96,65.67,66.56,35332.965071
1706760000,66.53,66.8,66.29,66.57,11798.026553
1706774400,66.58,66.77,66.04,66.14,22529.140241
1706788800,66.12,67.07,66.03,66.69,19718.517661
1706803200,66.7,67.76,66.4,67.54,19367.551792
1706817600,67.55,68.15,67.34,67.54,10958.923052
1706832000,67.55,67.98,67.31,67.78,10435.697688
1706846400,67.82,68.02,67.6,67.9,12150.959364
1706860800,67.9,68.0,67.63,67.91,16861.967251
1706875200,67.92,68.4,67.51,68.38,19869.125828
1706889600,68.38,68.43,67.57,67.82,16036.199409
1706904000,67.83,68.08,67.75,68.03,5799.332485
1706918400,68.05,68.33,67.93,68.1,9315.489521
1706932800,68.11,68.38,68.04,68.16,11351.914025
1706947200,68.19,68.46,67.87,68.11,15590.453651
1706961600,68.11,68.71,67.97,68.54,18054.432348
1706976000,68.52,68.54,68.12,68.31,5550.653424
1706990400,68.31,69.19,68.16,68.83,26794.970413
1707004800,68.84,68.88,68.22,68.26,20124.504403
1707019200,68.24,68.29,67.52,67.78,32009.682368
1707033600,67.78,68.23,67.44,68.17,15968.600318
1707048000,68.17,68.17,67.67,67.79,4148.20573
1707062400,67.8,67.8,66.83,67.1,21225.210032
1707076800,67.09,67.48,66.42,66.96,21463.137064
1707091200,66.94,67.21,66.57,67.16,10562.551587
1707105600,67.17,67.55,66.97,67.52,6170.380847
1707120000,67.54,68.11,67.46,67.97,13741.432204
1707134400,67.97,68.24,67.28,67.51,15304.248445
1707148800,67.51,68.06,67.4,67.77,11449.713194
1707163200,67.77,67.9,67.19,67.69,18241.070081
1707177600,67.7,68.16,67.56,67.79,10117.862318
1707192000,67.81,67.99,67.62,67.97,10590.971974
1707206400,67.99,68.2,67.52,67.86,28392.687751
1707220800,67.82,68.12,67.61,68.03,17750.953631
1707235200,68.03,68.37,67.99,68.35,11000.34455
1707249600,68.35,68.8,68.26,68.28,27805.271738
1707264000,68.31,68.56,67.88,67.91,15275.575591
1707278400,67.92,68.1,67.75,67.91,12660.848929
1707292800,67.97,68.27,67.79,67.84,20830.889093
1707307200,67.84,68.16,67.75,68.04,11793.739847
1707321600,68.03,68.82,68.01,68.06,29380.027003
1707336000,68.06,68.81,68.06,68.63,27562.711732
1707350400,68.63,69.03,68.54,68.83,20393.13057
1707364800,68.86,69.03,68.49,68.77,16943.271807
1707379200,68.79,68.97,68.55,68.72,13228.460444
1707393600,68.74,69.37,68.45,69.18,32351.627633
1707408000,69.2,69.37,68.35,68.69,17360.458453
1707422400,68.69,71.0,68.69,70.54,48595.314444
1707436800,70.52,71.95,70.28,71.38,96785.759558
1707451200,71.41,71.53,70.81,70.95,60441.959101
1707465600,70.95,71.09,70.07,70.9,78158.736571
1707480000,70.89,71.3,70.09,70.87,54982.592283
1707494400,70.86,70.99,70.38,70.72,19614.516054
1707508800,70.72,70.97,70.44,70.64,16519.498512
1707523200,70.65,71.18,70.65,70.88,24674.754603
1707537600,70.88,70.97,70.42,70.68,23146.215514
1707552000,70.68,70.82,69.93,70.26,27831.933728
1707566400,70.27,70.45,70.08,70.37,9969.172258
1707580800,70.36,70.7,70.28,70.62,12260.669215
1707595200,70.62,70.98,70.56,70.8,13660.349996
1707609600,70.8,73.0,70.63,72.67,75781.059058
1707624000,72.67,73.1,72.22,72.38,68258.757631
1707638400,72.39,72.54,71.73,72.09,24281.001142
1707652800,72.08,72.34,71.54,72.28,20540.564954
1707667200,72.29,72.55,71.78,72.32,21482.12424
1707681600,72.31,72.42,71.28,71.53,21313.790512
1707696000,71.54,71.85,70.67,71.16,31036.737193
1707710400,71.16,71.26,70.59,71.17,13112.742982
1707724800,71.16,71.24,70.26,70.67,15202.121848
1707739200,70.66,72.47,70.43,72.2,30628.970092
1707753600,72.21,73.33,71.66,72.29,71634.029458
1707768000,72.31,73.44,72.31,72.83,30342.703886
1707782400,72.83,73.17,71.87,71.94,38045.222252
1707796800,71.95,72.51,71.95,72.44,24169.805516
1707811200,72.44,73.05,71.58,71.94,48619.187462
1707825600,71.96,72.11,68.34,68.85,352542.44845
1707840000,68.87,68.87,68.11,68.36,128665.808949
1707854400,68.35,69.0,68.32,68.96,49452.886576
1707868800,68.95,69.18,68.38,69.04,43921.268083
1707883200,69.05,69.42,68.74,69.37,37903.571445
1707897600,69.38,70.75,69.14,70.22,93084.187789
1707912000,70.22,70.5,69.16,69.75,89769.104892
1707926400,69.75,69.8,68.81,69.74,72507.125307
1707940800,69.72,70.09,69.52,69.82,20975.396209
1707955200,69.82,70.62,69.57,70.45,67030.717398
1707969600,70.46,70.47,69.38,70.0,38698.05757
1707984000,69.98,70.45,69.79,69.97,30608.335201
1707998400,69.97,70.95,69.18,69.3,105298.242657
1708012800,69.29,70.03,69.1,69.88,52881.382814
1708027200,69.88,69.91,68.99,69.75,23641.391166
1708041600,69.76,70.55,69.47,70.33,37811.613564
1708056000,70.32,70.57,69.77,69.85,29813.59856
1708070400,69.88,70.96,69.38,70.51,37077.361811
1708084800,70.53,70.76,68.66,69.68,59066.580263
1708099200,69.68,70.03,69.4,69.66,24441.393055
1708113600,69.64,70.64,69.57,70.58,17148.693632
1708128000,70.6,70.71,69.78,70.52,21880.970924
1708142400,70.52,70.52,69.92,70.36,13483.770378
1708156800,70.37,70.44,69.76,70.19,24400.651821
1708171200,70.18,70.23,68.0,69.17,64060.723456
1708185600,69.18,69.82,69.07,69.81,22931.217233
1708200000,69.82,70.27,69.77,69.96,10959.658036
1708214400,69.96,70.66,69.82,70.57,24182.333915
1708228800,70.57,70.57,70.08,70.44,13539.360059
1708243200,70.43,70.63,70.29,70.48,14038.081793
1708257600,70.5,70.5,70.02,70.31,18103.015936
1708272000,70.31,70.79,70.23,70.51,18696.483731
1708286400,70.5,71.32,70.2,70.79,23766.294863
1708300800,70.78,71.38,70.6,71.0,32021.330396
1708315200,71.0,71.31,70.57,71.27,30781.057055
1708329600,71.27,71.28,70.43,70.9,29824.769648
1708344000,70.91,71.32,70.48,71.13,49424.393756
1708358400,71.16,71.4,70.58,71.31,22868.705164
1708372800,71.31,71.76,71.12,71.3,22233.33374
1708387200,71.29,71.47,70.35,70.47,27878.917078
1708401600,70.48,71.24,70.23,70.9,27158.238954
1708416000,70.91,70.91,69.58,70.65,54193.710423
1708430400,70.65,71.15,67.16,68.94,140750.749067
1708444800,68.92,69.63,67.85,69.63,44634.295941
1708459200,69.62,69.92,69.35,69.64,27118.736669
1708473600,69.65,69.67,68.91,69.06,26137.673601
1708488000,69.06,69.2,68.43,68.93,25047.618278
1708502400,68.93,69.2,67.39,67.93,49590.608833
1708516800,67.92,68.58,67.41,68.18,49214.011637
1708531200,68.19,68.51,67.26,68.02,22861.019888
1708545600,68.02,68.98,67.87,68.9,21778.754908
1708560000,68.9,68.93,67.85,68.39,28722.683216
1708574400,68.4,69.02,68.11,68.96,27843.237392
1708588800,68.96,69.78,68.76,69.14,58634.446873
1708603200,69.17,69.72,68.63,69.5,39051.359233
1708617600,69.5,69.64,68.7,68.98,34686.6967
1708632000,68.96,69.44,68.69,68.8,16494.065475
1708646400,68.79,69.02,68.23,68.43,18390.574877
1708660800,68.42,68.63,68.07,68.33,15247.808198
1708675200,68.33,68.46,67.78,68.28,21098.271976
1708689600,68.29,68.7,67.74,68.14,40277.439003
1708704000,68.15,68.84,67.46,68.73,55456.499849
1708718400,68.73,69.09,68.25,68.8,16751.687096
1708732800,68.79,69.48,68.63,69.31,27136.151877
1708747200,69.31,69.73,69.22,69.66,24238.519328
1708761600,69.7,69.94,69.45,69.82,22131.898856
1708776000,69.84,70.65,69.76,70.11,36275.726896
1708790400,70.1,70.66,69.96,70.39,20972.985662
1708804800,70.42,70.6,70.18,70.38,14374.180151
1708819200,70.4,70.6,69.93,70.12,26731.706834
1708833600,70.13,70.24,69.76,70.22,17189.600985
1708848000,70.23,70.3,69.77,69.98,15522.9535
1708862400,69.98,70.42,69.81,70.03,18300.375614
1708876800,70.03,70.46,69.91,70.26,13950.413372
1708891200,70.26,70.58,69.91,70.15,12453.321419
1708905600,70.16,70.38,69.78,70.08,21075.750571
1708920000,70.09,70.4,69.63,69.98,31821.323542
1708934400,69.98,70.14,69.09,69.5,27886.513562
1708948800,69.5,71.33,69.28,71.16,85591.117535
1708963200,71.17,71.53,70.54,71.46,64321.279379
1708977600,71.46,73.0,71.46,71.91,51022.782131
1708992000,71.92,76.5,71.92,74.61,238704.929318
1709006400,74.61,75.83,74.34,75.32,87603.601291
1709020800,75.3,76.4,74.79,74.99,80477.534312
1709035200,74.97,75.63,72.5,73.23,139680.504211
1709049600,73.22,74.51,72.6,74.39,67629.345662
1709064000,74.39,74.61,73.91,74.0,30079.286572
1709078400,73.98,74.95,73.5,73.98,60945.157534
1709092800,73.99,75.01,73.73,74.87,38204.824193
1709107200,74.88,76.08,73.88,74.62,105595.611252
1709121600,74.63,76.39,74.58,74.99,131955.088736
1709136000,74.98,77.99,69.59,72.99,379069.619054
1709150400,73.0,74.97,72.49,74.48,41683.82759
1709164800,74.5,77.03,73.85,76.91,79562.072708
1709179200,76.92,84.6,76.81,82.33,314225.272103
1709193600,82.31,82.79,81.38,82.05,90973.580525
1709208000,82.03,83.7,80.8,82.71,100932.827341
1709222400,82.73,84.98,81.41,82.79,172692.792206
1709236800,82.76,83.05,77.84,79.93,88817.475901
1709251200,79.94,84.63,79.94,83.31,134434.409599
1709265600,83.31,86.19,82.82,84.19,105162.683519
1709280000,84.2,85.53,83.8,84.6,60770.415056
1709294400,84.61,84.95,82.56,82.93,75079.026103
1709308800,82.93,84.52,82.47,83.95,41118.043627
1709323200,83.97,85.17,83.96,84.9,26643.33666
1709337600,84.92,91.88,84.47,91.1,227429.440889
1709352000,91.13,91.33,89.3,90.12,180363.344673
1709366400,90.05,91.68,88.53,90.66,113590.397787
1709380800,90.7,93.06,90.42,90.91,177940.281779
1709395200,90.91,92.76,90.69,91.88,56758.589444
1709409600,91.89,94.56,90.9,94.53,134319.948825
1709424000,94.5,94.7,90.99,92.87,148209.876913
1709438400,92.86,93.65,83.1,88.51,218131.86425
1709452800,88.56,91.35,87.44,91.27,95953.120694
1709467200,91.27,92.51,90.25,91.12,71118.46721
1709481600,91.09,91.7,90.42,90.71,27299.180528
1709496000,90.75,91.26,90.15,90.7,21559.628214
1709510400,90.7,92.06,88.69,89.81,121580.605362
1709524800,89.82,91.96,89.49,90.4,70826.788493
1709539200,90.45,92.68,89.34,90.61,96124.191569
1709553600,90.62,91.03,88.26,90.34,106893.163948
1709568000,90.34,90.81,87.52,89.68,102614.617952
1709582400,89.75,89.76,87.81,88.98,69317.51085
1709596800,88.96,91.86,88.4,89.18,168489.78541
1709611200,89.18,90.9,85.07,88.86,280186.159992
1709625600,88.88,90.5,87.82,89.6,65473.619042
1709640000,89.61,91.43,88.05,88.44,303546.041675
1709654400,88.46,88.94,70.34,77.59,465567.99582
1709668800,77.58,82.5,76.27,81.95,188990.753383
1709683200,81.95,82.38,79.8,81.48,172051.378462
1709697600,81.48,85.95,81.47,85.93,112700.18151
1709712000,85.93,87.47,84.27,85.16,95089.245413
1709726400,85.18,85.47,81.75,83.16,139609.329624
1709740800,83.15,84.91,82.91,84.26,53623.347816
1709755200,84.17,85.94,83.8,85.87,29303.083383
1709769600,85.86,86.88,84.62,84.85,82113.551576
1709784000,84.86,85.47,83.43,84.86,59413.096046
1709798400,84.89,86.65,84.76,86.2,46972.120184
1709812800,86.19,87.48,84.74,86.61,79583.115081
1709827200,86.6,89.0,85.82,88.76,52752.849101
1709841600,88.81,89.62,87.92,87.99,73586.325897
1709856000,87.99,89.33,87.45,88.71,58500.85154
1709870400,88.72,88.98,87.21,87.43,47721.828074
1709884800,87.45,88.18,86.43,87.94,54229.182327
1709899200,87.92,89.51,83.76,86.44,179163.273924
1709913600,86.47,87.99,84.56,87.05,121296.05467
1709928000,87.06,88.58,86.68,88.31,49541.425214
1709942400,88.31,90.28,88.11,88.81,108041.065578
1709956800,88.82,89.0,88.25,88.72,32448.884013
1709971200,88.72,88.89,86.55,87.97,66013.991047
1709985600,87.97,90.0,87.74,89.44,67523.26341
1710000000,89.45,90.74,88.36,88.59,60713.837762
1710014400,88.65,90.93,88.48,90.7,36131.130109
1710028800,90.66,90.79,88.44,89.16,94485.548169
1710043200,89.19,89.61,88.26,89.11,62024.003268
1710057600,89.08,89.48,87.66,88.49,72441.832855
1710072000,88.49,88.75,86.0,87.86,78042.525901
1710086400,87.87,88.88,87.78,88.21,25272.87039
1710100800,88.22,88.22,85.34,87.47,38815.094992
1710115200,87.45,87.7,83.0,86.88,140319.787625
1710129600,86.89,90.94,86.1,90.04,116411.607007
1710144000,90.1,95.49,90.07,94.69,201184.607292
1710158400,94.7,103.74,94.4,101.24,334132.750684
1710172800,101.2,104.94,101.12,104.92,412562.12722
1710187200,104.93,105.5,103.27,103.82,176148.780096
1710201600,103.82,104.22,98.64,98.94,203579.005419
1710216000,98.9,100.92,97.91,98.74,141744.930415
1710230400,98.74,99.0,95.87,97.54,135301.379853
1710244800,97.57,98.83,95.28,96.73,174552.554535
1710259200,96.71,98.45,91.55,98.13,234952.077351
1710273600,98.14,98.14,96.45,97.53,30575.14
1710288000,97.54,98.83,97.01,98.14,71262.131913
1710302400,98.14,98.78,96.51,98.18,82957.471885
1710316800,98.21,98.96,96.83,97.35,68053.277002
1710331200,97.37,97.93,93.92,95.94,158367.719378
1710345600,95.93,96.65,95.26,96.5,43302.015542
1710360000,96.5,97.36,95.54,97.24,43414.676332
1710374400,97.21,97.22,95.68,96.02,69234.998126
1710388800,96.0,96.42,94.6,95.32,69054.965623
1710403200,95.32,98.2,95.1,96.2,111930.830161
1710417600,96.17,96.62,92.33,93.91,181644.289825
1710432000,93.91,95.35,89.52,91.5,152346.78478
1710446400,91.53,95.21,91.47,94.08,48987.891692
1710460800,94.09,95.39,86.0,89.69,246958.993799
1710475200,89.7,90.06,87.11,89.62,164958.200886
1710489600,89.63,89.77,83.33,87.78,291172.602207
1710504000,87.78,89.22,87.08,88.2,56033.71507
1710518400,88.2,91.25,87.39,88.88,62701.532634
1710532800,88.88,90.04,86.79,89.74,32716.236454
1710547200,89.77,90.43,89.11,89.47,43658.189986
1710561600,89.5,90.34,88.27,90.28,58991.533734
1710576000,90.3,90.74,88.47,89.49,51918.221108
1710590400,89.48,89.76,86.25,88.33,65930.287678
1710604800,88.34,88.79,83.33,84.64,111504.009739
1710619200,84.63,85.46,82.25,84.17,97856.023427
1710633600,84.13,86.32,83.27,86.19,48643.952083
1710648000,86.22,86.26,80.71,83.18,94558.783096
1710662400,83.17,86.31,82.92,86.03,52903.173162
1710676800,86.03,86.64,84.6,86.29,54976.429988
1710691200,86.26,86.71,85.6,86.49,25127.50696
1710705600,86.49,86.79,85.37,85.9,26923.268158
1710720000,85.92,85.92,83.06,85.23,54312.718416
1710734400,85.23,86.38,84.56,85.68,46944.670366
1710748800,85.72,85.72,83.53,84.96,49809.752442
1710763200,84.99,85.21,81.66,82.99,90735.921986
1710777600,82.97,83.73,80.75,82.18,60100.009257
1710792000,82.26,88.08,82.23,86.77,93725.311352
1710806400,86.74,87.78,81.66,84.0,233259.242049
1710820800,83.96,84.07,78.01,80.81,330305.724309
1710835200,80.82,80.91,78.0,79.63,380033.109308
1710849600,79.63,81.39,78.44,81.34,99231.571382
1710864000,81.34,82.4,80.41,81.44,50323.552303
1710878400,81.45,81.62,77.3,78.47,267322.343419
1710892800,78.47,80.74,78.38,78.93,94333.883353
1710907200,78.94,81.63,77.0,81.28,146330.398564
1710921600,81.29,81.64,80.7,81.23,49688.969714
1710936000,81.2,82.23,80.6,80.76,65758.379886
1710950400,80.75,84.48,78.0,83.84,151854.915215
1710964800,83.83,85.3,83.53,84.65,66580.105865
1710979200,84.65,86.17,84.09,85.47,68855.703559
1710993600,85.48,85.65,83.59,84.97,144677.121346
1711008000,84.97,86.09,84.55,85.37,56843.514139
1711022400,85.4,86.88,84.84,86.21,54310.645247
1711036800,86.24,87.05,83.89,86.84,96037.47109
1711051200,86.84,86.94,85.47,85.74,34516.202
1711065600,85.74,85.97,84.23,85.73,39530.741642
1711080000,85.74,86.2,85.17,85.24,29658.752081
1711094400,85.24,85.52,82.26,82.67,70956.461125
1711108800,82.68,83.43,80.58,82.8,107822.463392
1711123200,82.8,83.5,81.9,83.15,25599.278668
1711137600,83.16,83.43,81.53,83.43,27324.294293
1711152000,83.44,85.19,82.83,83.75,53430.682483
1711166400,83.76,84.54,83.64,84.31,48152.165329
1711180800,84.32,86.59,84.07,86.54,103912.059799
1711195200,86.55,87.47,85.86,86.33,77107.052446
1711209600,86.33,87.5,86.09,86.97,45551.064817
1711224000,87.04,87.29,85.17,85.28,32058.935695
1711238400,85.27,87.27,85.25,87.02,48760.384412
1711252800,87.03,88.53,86.02,86.93,56351.159653
1711267200,86.96,88.04,86.51,87.66,38571.590242
1711281600,87.67,90.81,87.02,89.36,158143.675968
1711296000,89.36,90.53,88.65,89.62,110428.176172
1711310400,89.62,90.52,89.17,89.64,44585.632267
1711324800,89.68,90.03,88.67,89.9,66872.461787
1711339200,89.94,90.76,89.13,89.31,75636.382964
1711353600,89.3,90.74,88.54,88.76,59430.863922
1711368000,88.76,91.77,88.65,91.12,105087.366575
1711382400,91.13,92.09,90.25,91.19,52528.110569
1711396800,91.2,91.32,89.75,90.58,30284.359768
1711411200,90.59,91.27,90.18,91.05,35783.744819
1711425600,91.06,92.31,90.81,90.91,40689.186074
1711440000,90.93,91.79,90.51,91.21,48521.696676
1711454400,91.21,91.26,87.78,88.95,97571.515391
1711468800,88.94,96.2,87.52,95.14,250892.126874
1711483200,95.14,97.01,94.17,95.74,114792.412804
1711497600,95.73,99.0,95.51,96.78,154019.259693
1711512000,96.77,97.6,95.42,95.62,83883.496086
1711526400,95.64,97.93,94.19,97.7,126777.479082
1711540800,97.71,97.9,92.3,93.6,213200.615786
1711555200,93.66,94.99,92.96,93.81,61464.911607
1711569600,93.82,94.71,93.19,93.56,30323.015654
1711584000,93.58,96.06,93.51,95.2,105674.220332
1711598400,95.16,96.55,95.05,96.36,123194.763363
1711612800,96.39,96.57,94.63,95.07,103229.588848
1711627200,95.1,95.92,94.3,94.83,74157.34018
1711641600,94.86,96.5,93.49,93.52,78346.271859
1711656000,93.57,94.58,93.4,94.09,32703.67719
1711670400,94.11,95.49,93.36,94.51,140830.745318
1711684800,94.51,95.23,92.76,93.15,143353.818561
1711699200,93.15,103.39,92.97,102.24,508305.62856
1711713600,102.25,106.0,102.24,104.24,671398.077067
1711728000,104.27,106.2,103.72,105.43,261366.039133
1711742400,105.45,110.37,104.78,109.04,255111.711295
1711756800,108.99,109.19,104.82,105.3,132022.771373
1711771200,105.3,105.52,103.26,104.74,95760.18731
1711785600,104.74,104.8,103.13,103.37,48792.893697
1711800000,103.38,103.67,101.95,102.29,57968.65673
1711814400,102.31,102.73,101.32,102.22,65544.481294
1711828800,102.21,103.29,101.08,102.87,40154.793183
1711843200,102.86,104.99,102.12,102.97,115916.174536
1711857600,102.96,103.38,102.15,102.71,59418.021407
1711872000,102.72,103.13,101.42,102.33,57034.816573
1711886400,102.31,103.89,101.49,103.18,56348.998099
1711900800,103.18,104.75,102.83,104.61,76415.00901
1711915200,104.63,106.77,104.43,105.04,90524.127107
1711929600,105.05,112.81,104.56,109.91,218801.592279
1711944000,109.91,111.66,103.19,108.29,355915.646285
1711958400,108.31,108.85,103.92,104.24,149613.067097
1711972800,104.2,105.74,97.66,98.37,268106.71582
1711987200,98.39,99.67,97.22,99.31,81622.411987
1712001600,99.32,100.0,98.57,99.25,80737.911097
1712016000,99.25,99.31,93.0,96.08,208840.200796
1712030400,96.05,99.42,95.6,98.91,151968.147346
1712044800,98.95,102.95,97.07,102.48,331667.580313
1712059200,102.47,108.69,98.99,105.78,378304.96494
1712073600,105.83,108.2,104.41,107.3,126363.804468
1712088000,107.32,109.0,105.71,106.75,95142.37356
1712102400,106.76,109.82,101.12,103.14,271114.759377
1712116800,103.14,103.5,101.17,101.33,86724.244091
1712131200,101.42,101.97,99.62,100.49,93396.13443
1712145600,100.51,101.44,98.43,98.63,140724.750351
1712160000,98.64,99.72,97.1,98.28,79451.092742
1712174400,98.27,99.16,96.5,98.34,62673.853519
1712188800,98.34,101.49,97.3,98.18,166445.264904
1712203200,98.21,102.09,97.11,101.51,109552.908582
1712217600,101.55,104.26,99.66,100.15,158456.676516
1712232000,100.12,101.74,98.86,99.49,159720.419911
1712246400,99.5,101.19,98.4,98.81,73424.72884
1712260800,98.81,98.91,96.19,98.4,92370.799542
1712275200,98.42,99.47,96.7,98.39,95575.877652
1712289600,98.37,99.98,96.54,98.94,119523.370899
1712304000,98.96,100.24,96.4,96.45,97914.188722
1712318400,96.47,98.92,95.09,97.99,169992.512482
1712332800,97.98,99.96,96.7,99.85,57690.737477
1712347200,99.78,99.94,97.85,97.86,37187.27456
1712361600,97.85,98.96,97.19,98.18,49096.002363
1712376000,98.17,99.92,98.15,99.82,48416.449135
1712390400,99.81,102.48,99.43,101.54,80290.882989
1712404800,101.54,102.0,100.31,100.75,72055.518062
1712419200,100.77,101.0,99.68,100.31,38227.319802
1712433600,100.27,101.9,99.88,101.6,34258.627692
1712448000,101.61,105.93,100.91,104.29,141963.87899
1712462400,104.3,104.87,102.78,103.56,51275.670416
1712476800,103.55,104.18,102.54,103.06,42425.095526
1712491200,103.08,103.86,102.02,102.29,55848.810351
1712505600,102.28,102.95,100.71,100.96,44304.001553
1712520000,100.95,101.43,100.18,101.25,32159.543701
1712534400,101.23,101.79,99.42,100.76,108976.635447
1712548800,100.77,102.26,100.34,102.14,89736.146837
1712563200,102.16,106.06,102.0,104.19,212729.698932
1712577600,104.2,105.0,102.15,102.87,112129.42278
1712592000,102.86,104.06,102.72,103.71,45929.95809
1712606400,103.73,104.43,103.21,103.31,29796.627174
1712620800,103.27,103.44,101.41,102.26,106815.739365
1712635200,102.26,102.41,99.81,100.13,98786.046377
1712649600,100.13,100.26,98.19,100.14,75760.217905
1712664000,100.15,100.54,96.44,97.99,125444.852427
1712678400,97.98,98.59,96.93,98.45,26394.934188
1712692800,98.42,98.58,97.07,97.54,21526.552191
1712707200,97.54,98.36,95.67,97.24,105374.041447
1712721600,97.24,98.23,97.07,97.45,28841.247275
1712736000,97.45,97.46,95.59,96.62,43185.432907
1712750400,96.62,96.9,93.44,95.73,156798.540131
1712764800,95.74,97.03,94.97,96.28,41824.095789
1712779200,96.31,97.53,95.74,96.7,51227.603851
1712793600,96.73,97.28,95.97,97.28,54445.771429
1712808000,97.29,98.35,96.48,97.97,49394.733902
1712822400,97.97,98.26,95.69,95.97,47315.898146
1712836800,95.96,97.06,94.86,96.09,61763.238889
1712851200,96.07,98.58,95.06,98.53,125490.214361
1712865600,98.52,99.97,98.14,98.77,78769.229549
1712880000,98.75,99.58,97.83,98.32,108880.78879
1712894400,98.34,99.01,98.05,98.42,77493.942913
1712908800,98.42,98.43,96.5,97.83,82761.201357
1712923200,97.84,97.92,95.01,95.78,89150.31827
1712937600,95.73,96.12,80.27,85.8,929274.694116
1712952000,85.81,86.43,84.77,86.1,103494.207632
1712966400,86.08,86.13,82.89,85.65,175779.265536
1712980800,85.67,86.54,85.25,85.36,101535.816775
1712995200,85.38,86.5,84.87,85.67,44843.627599
1713009600,85.66,86.64,85.13,85.5,81491.569128
1713024000,85.5,85.66,76.27,77.21,726964.149594
1713038400,77.21,78.78,70.53,77.38,799439.398887
1713052800,77.34,77.6,73.73,75.66,275340.2144
1713067200,75.66,79.69,75.17,79.61,125179.019476
1713081600,79.62,80.29,77.42,77.78,94231.901007
1713096000,77.78,79.32,76.84,77.8,151605.382626
1713110400,77.8,79.51,75.45,77.81,172225.594393
1713124800,77.81,80.43,76.31,79.73,75093.975773
1713139200,79.74,79.77,78.06,78.67,158002.946825
1713153600,78.69,82.71,78.04,82.18,146916.025978
1713168000,82.16,82.86,80.6,80.62,93704.724938
1713182400,80.63,81.46,77.35,79.35,172643.513263
1713196800,79.35,79.7,75.64,78.11,175484.878816
1713211200,78.15,78.72,76.61,78.08,48192.23018
1713225600,78.12,78.56,76.87,77.46,40018.122763
1713240000,77.46,79.92,75.3,79.26,110975.781508
1713254400,79.27,79.46,76.16,79.05,76324.605293
1713268800,79.05,79.05,77.1,77.47,62615.999081
1713283200,77.45,79.76,77.12,78.81,48696.719715
1713297600,78.8,80.47,78.71,79.95,19028.404231
1713312000,79.95,80.57,79.28,79.46,24279.487085
1713326400,79.47,79.99,78.31,78.62,49381.36965
1713340800,78.6,78.94,77.39,77.49,26683.220874
1713355200,77.6,78.42,76.27,77.38,101622.780682
1713369600,77.42,80.41,76.45,79.68,63820.049237
1713384000,79.68,80.82,79.1,80.17,28575.304862
1713398400,80.17,81.12,78.7,80.37,110959.344379
1713412800,80.36,80.6,78.77,79.19,41253.031098
1713427200,79.21,82.55,78.67,80.96,141344.041362
1713441600,80.98,82.18,80.06,81.61,61406.473693
1713456000,81.62,81.82,79.6,80.71,33900.709695
1713470400,80.7,81.39,80.41,80.78,18387.164634
1713484800,80.75,80.75,75.76,78.94,124841.017503
1713499200,78.91,82.27,78.53,80.78,67169.356833
1713513600,80.79,81.66,80.38,81.17,36512.117494
1713528000,81.17,81.85,80.13,81.59,39267.927531
1713542400,81.59,82.17,80.74,81.54,24808.423862
1713556800,81.55,81.72,79.65,80.84,35158.333923
1713571200,80.85,82.53,80.26,82.48,20984.331958
1713585600,82.47,82.91,81.91,82.47,23718.384269
1713600000,82.5,83.16,82.2,82.46,31098.176965
1713614400,82.44,83.85,82.22,83.85,31300.052484
1713628800,83.82,85.97,83.28,85.16,63614.551864
1713643200,85.12,85.62,84.7,85.05,18630.044002
1713657600,85.03,85.4,83.97,84.92,18248.097869
1713672000,84.92,85.69,84.53,85.54,20317.365345
1713686400,85.53,85.67,84.68,85.14,17634.957417
1713700800,85.14,85.26,83.48,84.38,28773.861152
1713715200,84.38,84.45,82.73,83.73,31604.158497
1713729600,83.7,84.99,83.51,84.17,23279.479436
1713744000,84.15,85.9,83.96,85.37,37046.229251
1713758400,85.4,86.11,84.68,84.88,32535.358367
1713772800,84.88,85.45,84.47,84.76,33974.816254
1713787200,84.76,85.21,84.1,85.02,23531.665496
1713801600,85.0,86.19,84.37,85.68,42833.529542
1713816000,85.69,86.49,85.33,85.39,25244.596529
1713830400,85.39,85.67,84.5,84.64,18911.668842
1713844800,84.64,84.95,84.07,84.28,16120.760497
1713859200,84.31,84.79,84.09,84.2,21831.48709
1713873600,84.22,85.19,83.97,84.66,37685.392432
1713888000,84.71,86.42,84.58,86.03,28554.910902
1713902400,86.04,86.13,84.45,85.03,22721.216798
1713916800,85.01,86.48,84.68,86.01,32249.273006
1713931200,86.02,87.0,86.0,86.91,32427.863884
1713945600,86.91,87.69,86.64,86.7,45422.598925
1713960000,86.73,87.16,84.28,84.89,114673.965869
1713974400,84.87,85.79,83.54,84.57,78481.197821
1713988800,84.56,84.87,82.35,83.21,54318.2954
1714003200,83.24,83.91,81.84,83.68,65047.869991
1714017600,83.7,84.13,82.51,83.19,56889.59366
1714032000,83.24,84.22,82.39,83.62,149414.346605
1714046400,83.61,84.36,82.51,83.71,165185.91796
1714060800,83.71,84.72,83.3,84.65,32939.563074
1714075200,84.65,85.08,83.75,83.8,17278.969224
1714089600,83.78,86.0,83.08,84.96,105939.653798
1714104000,84.95,86.06,84.59,85.18,35287.015443
1714118400,85.21,85.79,84.88,85.26,27930.496374
1714132800,85.26,88.55,85.18,86.95,179559.652228
1714147200,86.98,88.37,86.26,88.1,45734.655239
1714161600,88.07,88.64,87.21,88.07,23090.538385
1714176000,88.09,88.47,85.07,87.88,74704.370201
1714190400,87.92,88.05,86.28,86.43,31162.900457
1714204800,86.42,86.59,84.87,85.21,29450.060317
1714219200,85.23,85.6,84.36,84.72,31971.655402
1714233600,84.71,84.93,83.05,84.07,73506.33582
1714248000,84.09,84.25,83.33,83.89,28740.118325
1714262400,83.89,85.4,83.83,84.64,36456.787971
1714276800,84.68,85.26,84.08,84.89,35495.840421
1714291200,84.91,85.23,83.93,84.0,29983.008955
1714305600,84.03,85.18,83.89,84.98,20941.862341
1714320000,85.0,85.28,84.64,85.12,10254.366141
1714334400,85.13,85.43,83.58,83.98,24642.756654
1714348800,84.0,85.64,83.12,83.15,44059.036263
1714363200,83.17,84.11,81.74,82.44,45403.109479
1714377600,82.44,83.91,81.72,83.53,32083.139514
1714392000,83.5,83.86,82.7,83.47,33034.900282
1714406400,83.5,83.93,82.5,82.78,26321.771929
1714420800,82.79,84.21,82.08,83.51,26999.512489
1714435200,83.53,84.52,82.34,83.35,27136.726093
1714449600,83.36,83.43,82.82,82.92,9868.642332
1714464000,82.89,83.03,79.45,79.74,64430.825449
1714478400,79.7,79.93,78.0,78.77,74932.399141
1714492800,78.77,79.09,77.19,78.04,51629.933392
1714507200,78.14,80.05,78.14,79.48,24565.628017
1714521600,79.5,79.91,78.44,79.51,31425.562467
1714536000,79.52,80.1,75.85,76.34,104569.781457
1714550400,76.34,77.36,74.6,77.36,87494.493301
1714564800,77.36,77.84,76.52,77.22,38940.108806
1714579200,77.19,80.91,76.98,78.65,68650.304943
1714593600,78.67,80.28,78.35,80.17,25825.556207
1714608000,80.19,80.44,78.77,79.78,35239.446107
1714622400,79.77,79.88,78.87,78.87,23215.076754
1714636800,78.87,80.78,78.64,80.33,32068.300864
1714651200,80.32,80.83,79.46,80.58,46632.599934
1714665600,80.61,81.28,80.19,80.76,22149.082362
1714680000,80.75,80.84,80.01,80.04,16923.040081
1714694400,80.04,81.03,79.99,80.71,19774.534347
1714708800,80.73,80.77,79.38,79.53,19041.725275
1714723200,79.53,80.09,79.24,79.92,19080.822303
1714737600,79.94,82.14,79.84,81.92,51902.791619
1714752000,81.94,82.12,81.37,81.69,16309.974129
1714766400,81.67,82.62,81.54,81.86,20814.061562
1714780800,81.87,82.47,81.56,81.98,20933.025691
1714795200,81.98,82.18,81.59,81.61,19118.610944
1714809600,81.61,83.01,81.57,82.3,25511.843261
1714824000,82.28,82.75,81.28,82.34,25448.618638
1714838400,82.35,82.47,81.8,82.31,18172.515733
1714852800,82.31,82.57,81.58,81.64,10845.461601
1714867200,81.65,81.77,80.38,81.11,28077.305428
1714881600,81.12,81.44,80.75,81.22,14138.519288
1714896000,81.22,81.54,80.87,81.14,24459.147759
1714910400,81.16,81.6,80.53,81.58,30345.329771
1714924800,81.57,81.77,80.9,81.29,27197.159699
1714939200,81.26,81.66,81.17,81.33,6560.482758
1714953600,81.35,81.73,80.59,80.83,21641.364521
1714968000,80.83,84.27,80.72,83.35,71794.379947
1714982400,83.35,84.05,81.77,82.33,71444.178847
1714996800,82.33,82.35,80.01,81.76,52032.796815
1715011200,81.78,81.96,80.67,81.07,24059.115878
1715025600,81.11,81.4,80.63,80.8,11629.246563
1715040000,80.79,81.5,79.79,80.44,21606.84339
1715054400,80.42,80.79,80.01,80.47,13537.174102
1715068800,80.46,81.78,80.29,81.07,26890.04694
1715083200,81.07,82.44,81.07,81.95,34178.927148
1715097600,81.94,82.68,81.59,82.29,21490.905703
1715112000,82.29,82.47,80.35,80.85,28461.00951
1715126400,80.8,81.18,80.03,80.82,37877.209419
1715140800,80.83,80.96,79.37,79.95,30113.351887
1715155200,79.92,80.45,79.57,80.32,27764.480665
1715169600,80.33,82.2,80.3,81.72,62474.029399
1715184000,81.72,82.3,81.38,81.83,36915.141179
1715198400,81.85,82.0,80.42,81.69,39081.751038
1715212800,81.67,82.83,81.62,82.13,45107.649582
1715227200,82.14,82.25,81.31,81.47,15093.71943
1715241600,81.48,82.48,81.31,81.8,24122.887521
1715256000,81.83,82.32,80.7,81.73,25638.374685
1715270400,81.72,82.5,81.52,82.46,14555.008097
1715284800,82.49,83.17,82.21,83.05,18821.281974
1715299200,83.05,83.47,82.83,83.01,13159.923844
1715313600,83.04,83.37,82.96,83.1,10943.052776
1715328000,83.1,83.48,82.98,83.4,13864.03013
1715342400,83.4,83.48,79.95,80.83,71998.473241
1715356800,80.81,81.2,80.2,80.56,24860.159501
1715371200,80.56,80.81,79.54,80.23,18022.161713
1715385600,80.22,81.08,80.07,80.35,16242.959084
1715400000,80.35,80.85,80.2,80.75,6894.426242
1715414400,80.76,81.3,80.24,81.2,21606.406694
1715428800,81.22,82.33,80.66,80.86,35823.261141
1715443200,80.87,81.54,80.74,81.43,9027.581368
1715457600,81.45,81.77,81.19,81.37,7607.521815
1715472000,81.38,81.98,81.3,81.38,8974.062567
1715486400,81.37,81.59,80.82,81.35,13282.299024
1715500800,81.35,81.77,81.24,81.41,10965.719842
1715515200,81.41,82.13,81.34,81.95,10060.413129
1715529600,82.0,82.15,81.67,81.83,5230.387041
1715544000,81.86,81.94,81.14,81.41,12513.489745
1715558400,81.44,81.99,78.91,79.91,40527.720033
1715572800,79.87,81.62,79.57,81.37,33151.274683
1715587200,81.39,82.7,81.36,81.92,51625.425476
1715601600,81.93,82.1,81.3,81.79,27458.055568
1715616000,81.79,82.19,80.63,81.11,22913.988264
1715630400,81.11,81.13,80.56,80.62,8701.316647
1715644800,80.63,80.94,79.75,80.12,17936.184174
1715659200,80.1,81.7,79.11,80.91,60506.741403
1715673600,80.93,81.26,79.87,80.18,30364.497359
1715688000,80.18,80.38,78.18,79.68,68764.45525
1715702400,79.67,79.72,78.67,79.32,18323.821935
1715716800,79.32,79.61,78.6,78.78,15014.620892
1715731200,78.78,79.08,78.43,78.88,9087.691587
1715745600,78.89,79.18,78.56,78.82,9916.648906
1715760000,78.81,79.22,78.24,78.64,20737.568925
1715774400,78.62,81.17,78.44,80.61,57099.434341
1715788800,80.59,82.03,80.52,81.99,25236.414936
1715803200,82.02,82.84,81.81,82.44,23390.944805
1715817600,82.44,82.78,82.0,82.47,27240.81699
1715832000,82.48,82.76,82.23,82.48,12413.688704
1715846400,82.48,82.58,82.11,82.35,23904.604087
1715860800,82.33,82.53,81.37,82.39,31551.494544
1715875200,82.38,83.25,82.01,82.24,25209.796195
1715889600,82.23,82.51,81.86,82.44,10707.481505
1715904000,82.44,82.71,82.01,82.08,9339.349919
1715918400,82.07,83.74,81.93,83.55,21859.046594
1715932800,83.55,83.67,82.82,83.02,23987.135039
1715947200,83.02,83.95,82.74,83.87,25902.718651
1715961600,83.88,84.15,82.76,83.36,27097.093714
1715976000,83.38,84.24,83.26,84.16,14798.844278
1715990400,84.17,84.44,83.63,84.29,15867.288309
1716004800,84.31,84.67,83.79,84.34,20141.340227
1716019200,84.35,84.83,84.12,84.19,21088.663637
1716033600,84.23,84.29,83.43,84.01,13491.831367
1716048000,84.0,84.23,83.89,84.05,6524.599927
1716062400,84.06,84.06,83.61,83.86,7960.795505
1716076800,83.85,84.4,83.79,84.34,10334.227316
1716091200,84.34,84.34,83.75,83.88,7260.629315
1716105600,83.88,84.1,83.3,83.6,18903.718401
1716120000,83.58,83.58,82.16,82.9,40365.883054
1716134400,82.89,82.95,82.38,82.38,10520.40299
1716148800,82.38,82.6,81.74,82.4,13919.183198
1716163200,82.4,83.46,82.39,83.29,11092.758281
1716177600,83.3,84.25,82.71,83.53,16409.407721
1716192000,83.53,83.85,83.23,83.35,16066.539929
1716206400,83.37,83.82,83.16,83.64,18157.446569
1716220800,83.64,86.96,83.54,86.6,83731.207654
1716235200,86.59,89.17,85.75,88.66,195745.221156
1716249600,88.65,89.63,87.3,87.36,82552.568503
1716264000,87.35,88.67,87.04,88.6,88973.085685
1716278400,88.6,89.38,88.36,88.64,47890.295892
1716292800,88.66,89.4,87.8,88.46,72322.893616
1716307200,88.46,89.34,86.99,87.86,49584.72302
1716321600,87.88,88.43,87.54,88.27,23671.282101
1716336000,88.27,88.48,87.06,87.33,103402.967781
1716350400,87.34,87.52,85.82,87.13,41489.602888
1716364800,87.15,87.43,86.12,86.12,32258.627736
1716379200,86.1,87.57,84.88,87.34,59884.103389
1716393600,87.36,87.66,85.45,85.93,40852.887785
1716408000,86.01,86.28,85.2,85.78,11430.530436
1716422400,85.8,86.98,85.66,86.73,29776.259276
1716436800,86.75,86.82,86.09,86.5,16387.177047
1716451200,86.52,87.62,85.26,87.4,88983.772607
1716465600,87.39,87.96,85.1,85.54,187024.503548
1716480000,85.54,85.64,83.01,83.67,68195.869579
1716494400,83.65,85.52,80.24,85.47,110859.15191
1716508800,85.45,86.49,85.28,85.81,24725.054733
1716523200,85.81,86.45,84.0,85.26,42031.022345
1716537600,85.27,86.12,84.43,85.57,45906.083026
1716552000,85.59,85.61,84.35,84.63,30786.809942
1716566400,84.63,85.31,84.04,85.25,20452.267263
1716580800,85.24,85.6,84.74,84.99,15704.420902
1716595200,84.98,85.47,84.69,85.41,22452.784012
1716609600,85.42,85.98,85.11,85.46,16001.260003
1716624000,85.46,85.75,85.15,85.17,18804.206742
1716638400,85.17,85.17,84.44,84.85,37182.950116
1716652800,84.86,85.03,84.66,84.95,7585.523995
1716667200,84.95,85.1,84.6,84.99,8729.80238
1716681600,84.99,85.28,84.4,84.93,16180.730549
1716696000,84.93,85.17,84.38,84.89,11280.176238
1716710400,84.88,85.14,84.33,84.89,15264.728418
1716724800,84.87,84.88,83.94,84.16,22001.762167
1716739200,84.16,84.35,83.61,84.11,28483.488237
1716753600,84.11,84.2,83.56,83.92,15125.02934
1716768000,83.92,84.7,83.83,84.46,17323.018052
1716782400,84.47,84.67,83.94,84.52,23291.995022
1716796800,84.52,84.96,84.33,84.8,32343.37275
1716811200,84.78,86.16,84.64,86.05,30192.60924
1716825600,86.05,86.43,84.5,84.84,27724.902045
1716840000,84.85,85.54,84.82,85.24,13205.331216
1716854400,85.25,85.58,83.91,84.25,58025.405666
1716868800,84.26,84.36,82.45,83.1,46458.741837
1716883200,83.1,84.16,83.01,83.63,22927.946418
1716897600,83.63,83.82,82.51,82.95,23298.765347
1716912000,82.97,83.32,82.05,83.3,29128.815384
1716926400,83.28,83.64,82.97,83.45,13205.638524
1716940800,83.44,83.95,83.2,83.75,26332.890225
1716955200,83.74,84.15,83.3,83.38,34119.552718
1716969600,83.39,83.95,82.62,83.52,40961.59671
1716984000,83.56,84.19,83.1,83.76,29299.467448
1716998400,83.75,84.19,83.26,83.68,17301.193563
1717012800,83.7,84.09,83.3,83.59,8526.558429
1717027200,83.57,84.02,83.37,83.87,9573.975125
1717041600,83.86,84.17,82.22,82.39,47306.978488
1717056000,82.39,83.37,81.88,83.11,22766.063881
1717070400,83.11,85.46,83.0,85.25,57638.661659
1717084800,85.24,85.54,83.8,84.55,30561.455334
1717099200,84.54,84.6,83.29,84.42,18433.564329
1717113600,84.44,84.6,84.02,84.16,11437.490494
1717128000,84.16,84.34,83.54,83.75,16571.833438
1717142400,83.74,84.31,83.56,84.18,17229.414389
1717156800,84.18,84.7,82.01,82.64,27075.3984
1717171200,82.62,83.78,82.02,83.73,16620.682388
1717185600,83.71,83.76,82.95,83.2,12155.175694
1717200000,83.2,83.3,82.92,83.2,6298.84737
1717214400,83.2,83.8,83.12,83.23,13136.17426
1717228800,83.22,83.59,83.12,83.35,7616.89243
1717243200,83.34,83.8,83.27,83.48,6621.863987
1717257600,83.49,83.59,83.16,83.37,5837.186108
1717272000,83.38,83.59,83.3,83.48,3887.94437
1717286400,83.48,83.52,83.08,83.31,6233.564302
1717300800,83.32,83.46,82.71,82.85,9487.197455
1717315200,82.84,83.05,82.2,83.03,12617.01465
1717329600,83.02,83.24,82.51,83.09,8458.956514
1717344000,83.1,83.15,82.23,82.86,10461.286609
1717358400,82.86,83.35,82.64,83.12,7915.318217
1717372800,83.13,83.93,82.65,83.35,12382.221281
1717387200,83.34,84.3,83.05,83.79,32070.336033
1717401600,83.8,84.15,83.41,83.58,10721.639858
1717416000,83.59,84.18,82.66,83.36,38305.365669
1717430400,83.37,83.43,82.84,83.23,10464.045294
1717444800,83.24,83.38,82.69,82.85,8583.03291
1717459200,82.84,83.16,82.4,82.76,17383.059432
1717473600,82.76,82.76,81.5,82.07,31449.35558
1717488000,82.03,82.2,81.1,81.82,22882.046496
1717502400,81.81,82.79,81.53,82.71,18305.879936
1717516800,82.75,83.52,82.59,83.28,18877.437908
1717531200,83.28,83.71,83.15,83.66,12427.966627
1717545600,83.67,84.14,83.48,83.93,17022.053221
1717560000,83.92,84.1,83.68,83.87,15299.848732
1717574400,83.9,84.74,83.71,84.05,16322.158383
1717588800,84.06,84.62,83.55,84.56,19195.292968
1717603200,84.55,84.98,84.42,84.93,14833.179063
1717617600,84.95,85.45,84.77,85.42,20915.194362
1717632000,85.42,85.47,84.77,85.01,11696.519925
1717646400,85.02,85.17,84.44,85.0,9206.252849
1717660800,85.0,85.69,84.88,85.36,14729.17026
1717675200,85.34,85.66,84.81,85.59,26580.383052
1717689600,85.6,85.82,84.83,84.92,37071.356164
1717704000,84.93,85.11,84.17,84.2,18242.750214
1717718400,84.21,84.35,83.78,84.22,17837.201999
1717732800,84.21,84.82,83.86,84.03,22065.899567
1717747200,84.03,84.5,83.79,84.44,22000.922806
1717761600,84.44,84.77,83.07,83.56,84409.080058
1717776000,83.56,83.78,75.0,79.44,362980.109791
1717790400,79.45,80.36,79.23,80.13,21587.121057
1717804800,80.11,80.46,79.88,80.31,15085.196496
1717819200,80.3,80.4,79.88,80.17,11345.910979
1717833600,80.16,80.2,79.31,79.44,13819.33461
1717848000,79.43,79.89,78.87,79.46,24275.350939
1717862400,79.4,79.98,79.06,79.55,10968.571933
1717876800,79.56,80.06,79.55,79.96,4629.885294
1717891200,79.97,80.06,79.51,79.7,10004.472058
1717905600,79.7,80.0,79.49,79.85,5906.501659
1717920000,79.85,80.2,79.75,80.14,11968.123263
1717934400,80.16,80.6,79.99,80.52,14275.872526
1717948800,80.52,80.7,80.36,80.53,7730.198617
1717963200,80.53,80.64,80.32,80.49,7133.486073
1717977600,80.49,80.52,79.65,79.69,10164.748542
1717992000,79.69,80.01,79.1,79.18,15370.402246
1718006400,79.18,79.58,79.17,79.2,11430.928269
1718020800,79.22,80.45,79.07,80.36,20321.271593
1718035200,80.4,80.43,79.56,79.81,10337.503417
1718049600,79.83,80.0,79.31,79.67,7691.327394
1718064000,79.67,79.7,76.57,78.22,106993.555521
1718078400,78.23,79.5,76.95,78.66,71875.10796
1718092800,78.69,79.83,78.43,78.89,54078.901119
1718107200,78.88,79.2,75.58,76.47,100755.488895
1718121600,76.45,77.38,76.11,77.33,32572.871181
1718136000,77.33,77.51,77.0,77.31,7791.649995
1718150400,77.31,77.67,76.3,77.58,19064.890376
1718164800,77.58,77.58,77.16,77.45,12446.911615
1718179200,77.46,77.73,76.82,76.87,19103.950377
1718193600,76.91,79.25,76.81,78.69,61950.858397
1718208000,78.73,79.27,77.03,77.4,74628.009951
1718222400,77.36,78.8,77.18,78.52,10652.11627
1718236800,78.5,78.6,77.25,77.98,22041.635778
1718251200,77.99,78.51,77.81,78.47,18498.877359
1718265600,78.46,79.52,77.96,78.91,24100.625937
1718280000,78.9,79.49,77.9,78.04,45573.93862
1718294400,78.05,79.79,77.77,79.37,21023.345654
1718308800,79.38,79.56,78.7,79.15,11175.225074
1718323200,79.15,79.81,78.97,79.61,18501.784993
1718337600,79.62,80.1,79.48,79.55,18158.51705
1718352000,79.54,79.83,79.26,79.82,11210.287525
1718366400,79.83,80.29,78.52,78.82,19640.292799
1718380800,78.83,79.06,76.26,76.99,76151.559666
1718395200,77.02,78.11,76.96,77.6,15044.225977
1718409600,77.6,78.04,77.43,78.02,9059.296709
1718424000,78.03,79.1,77.83,78.95,11874.155644
1718438400,78.96,79.01,78.52,78.99,6352.89388
1718452800,78.99,79.2,78.39,78.49,6893.045175
1718467200,78.51,79.48,78.47,79.22,6708.495009
1718481600,79.22,79.33,78.9,79.22,6420.307593
1718496000,79.23,80.15,78.87,79.79,15734.100334
1718510400,79.85,80.01,79.39,79.47,9495.775398
1718524800,79.46,79.92,79.24,79.36,10305.18124
1718539200,79.35,79.4,79.0,79.16,5225.758777
1718553600,79.17,79.3,78.68,78.89,6414.257971
1718568000,78.92,79.13,78.64,79.01,9112.4484
1718582400,79.01,79.25,78.2,78.28,16839.784583
1718596800,78.27,78.53,77.44,78.22,15213.291904
1718611200,78.23,78.33,77.01,77.22,28332.47695
1718625600,77.21,77.92,76.27,76.41,25898.250493
1718640000,76.41,78.08,75.08,77.49,42443.983591
1718654400,77.48,77.5,76.37,76.62,10574.104743
1718668800,76.61,76.78,71.21,73.16,351360.498446
1718683200,73.15,73.8,72.88,73.37,34470.523203
1718697600,73.38,73.85,72.04,72.51,29319.507114
1718712000,72.52,72.74,71.0,72.06,61402.218995
1718726400,72.07,72.07,70.64,71.81,37518.264177
1718740800,71.81,72.7,71.61,72.66,14233.271611
1718755200,72.66,74.87,72.51,74.68,44937.36214
1718769600,74.68,74.95,73.93,74.03,15003.032791
1718784000,74.04,74.1,73.25,73.53,17907.227623
1718798400,73.53,74.0,73.42,73.96,17405.932359
1718812800,73.94,74.48,73.76,74.26,11983.046205
1718827200,74.27,74.35,73.57,73.76,8417.232474
1718841600,73.78,74.28,73.43,74.09,9225.165996
1718856000,74.09,74.77,73.98,74.61,9264.106735
1718870400,74.63,75.35,74.0,75.07,25344.451264
1718884800,75.08,75.28,73.62,73.8,36476.797021
1718899200,73.8,75.04,73.24,75.01,8720.50734
1718913600,74.99,75.09,74.5,74.7,8462.833312
1718928000,74.71,74.72,74.0,74.16,12497.066727
1718942400,74.16,74.4,72.59,73.06,24451.024627
1718956800,73.09,73.38,72.42,73.14,37881.596334
1718971200,73.15,73.43,72.17,73.05,21625.293374
1718985600,73.06,74.23,72.72,74.1,20994.608437
1719000000,74.08,74.36,73.63,74.17,7556.921181
1719014400,74.18,74.21,73.57,73.91,8482.730115
1719028800,73.93,74.22,73.87,74.07,6854.20242
1719043200,74.07,74.79,73.94,74.31,9925.176599
1719057600,74.31,74.5,74.01,74.18,11375.913732
1719072000,74.16,74.84,74.08,74.78,9440.200201
1719086400,74.78,74.89,74.47,74.62,7263.470502
1719100800,74.63,74.92,74.56,74.8,4353.153214
1719115200,74.83,74.84,74.46,74.54,4350.966976
1719129600,74.54,74.58,74.0,74.21,9412.111678
1719144000,74.22,74.87,74.2,74.84,7591.041197
1719158400,74.82,75.1,74.28,74.48,14060.850262
1719172800,74.49,74.55,73.21,73.35,59270.365638
1719187200,73.35,73.43,72.04,72.48,37507.499289
1719201600,72.51,72.51,70.49,71.37,44791.235471
1719216000,71.39,71.9,68.53,69.97,69735.000198
1719230400,69.97,70.05,68.65,68.85,45361.857266
1719244800,68.83,69.7,67.85,68.29,29693.853267
1719259200,68.27,69.95,67.39,69.7,42524.549367
1719273600,69.69,71.31,69.43,70.76,58652.079023
1719288000,70.74,70.9,70.31,70.57,25253.297212
1719302400,70.59,71.16,70.23,70.73,15136.166832
1719316800,70.74,71.49,70.3,71.32,21819.114364
1719331200,71.34,72.03,70.88,71.51,15098.102659
1719345600,71.53,71.73,71.15,71.34,7660.311965
1719360000,71.34,71.95,71.12,71.6,13304.370049
1719374400,71.6,71.62,70.98,71.32,8052.062015
1719388800,71.34,71.86,71.09,71.84,23963.946106
1719403200,71.85,71.93,70.27,71.35,21326.297647
1719417600,71.36,71.53,70.38,71.53,15365.109487
1719432000,71.54,71.75,70.95,71.0,8548.347471
1719446400,71.02,71.22,70.7,71.01,8659.284164
1719460800,71.0,71.18,70.61,70.73,8484.362643
1719475200,70.73,71.8,70.57,71.52,16536.885519
1719489600,71.51,72.89,71.45,72.19,25961.033439
1719504000,72.2,72.93,72.05,72.87,13523.241901
1719518400,72.91,73.33,72.71,73.26,12901.542966
1719532800,73.25,73.83,72.86,73.81,16497.063297
1719547200,73.82,73.89,72.75,72.92,23364.620744
1719561600,72.92,74.74,72.75,74.5,57901.562593
1719576000,74.48,74.64,72.5,72.91,54982.376085
1719590400,72.88,73.67,72.61,73.39,13415.512523
1719604800,73.41,73.63,72.83,72.93,13365.129308
1719619200,72.91,73.93,72.9,73.65,15886.917159
1719633600,73.67,74.31,73.54,74.16,14719.590384
1719648000,74.16,74.65,74.05,74.51,15108.927264
1719662400,74.51,75.24,74.35,74.74,26914.397838
1719676800,74.75,75.89,74.57,75.68,29095.519309
1719691200,75.7,76.9,74.91,74.93,39109.489831
1719705600,74.93,75.63,74.62,75.47,17630.316101
1719720000,75.45,75.98,74.84,75.53,33349.615335
1719734400,75.55,75.74,74.8,74.99,15623.173904
1719748800,74.99,75.06,74.21,74.72,25983.041498
1719763200,74.73,74.83,74.12,74.71,13722.653669
1719777600,74.71,75.79,74.7,75.32,15012.67984
1719792000,75.32,75.96,75.2,75.52,21467.519308
1719806400,75.53,75.65,75.05,75.21,14172.433834
1719820800,75.23,75.33,74.75,74.85,23378.808485
1719835200,74.84,74.97,74.16,74.67,19385.803647
1719849600,74.72,75.48,74.57,74.67,21911.802339
1719864000,74.65,74.65,74.29,74.4,8964.356154
1719878400,74.39,74.82,74.28,74.53,8449.320626
1719892800,74.54,75.37,74.53,75.28,14537.797234
1719907200,75.27,75.48,75.05,75.4,15007.239911
1719921600,75.41,75.45,74.55,74.91,17416.506921
1719936000,74.95,75.32,74.87,75.24,7715.654152
1719950400,75.27,76.19,75.17,76.03,16769.602321
1719964800,76.05,76.2,74.51,75.52,25919.855346
1719979200,75.53,75.63,74.82,74.86,23716.130618
1719993600,74.86,75.0,73.54,74.07,40230.015202
1720008000,74.08,74.64,73.34,74.43,20909.76855
1720022400,74.43,75.06,73.22,73.34,26859.307614
1720036800,73.34,73.43,71.77,72.07,50472.925681
1720051200,72.08,72.43,68.91,70.53,66779.593055
1720065600,70.53,71.16,69.32,69.47,23904.554464
1720080000,69.42,69.98,69.02,69.68,30095.616944
1720094400,69.66,69.66,67.21,68.99,92177.991135
1720108800,68.99,68.99,67.26,67.94,65388.325632
1720123200,67.92,68.01,64.96,65.38,133565.214304
1720137600,65.41,65.55,56.5,58.67,374687.043319
1720152000,58.68,60.13,56.77,58.68,106148.691444
1720166400,58.69,60.03,57.34,59.94,95620.54459
1720180800,59.94,61.33,59.34,61.14,70564.777188
1720195200,61.13,61.89,60.68,61.83,36855.05483
1720209600,61.82,62.13,61.24,61.84,17238.185483
1720224000,61.84,63.08,61.42,61.88,22541.98166
1720238400,61.88,62.65,61.5,62.48,16054.056465
1720252800,62.47,63.32,62.1,63.21,23676.184606
1720267200,63.17,64.56,62.93,64.44,35763.486518
1720281600,64.43,65.65,64.05,65.04,34232.563447
1720296000,65.04,65.61,64.84,65.4,14471.502946
1720310400,65.41,65.55,64.67,65.06,17041.92185
1720324800,65.05,65.12,63.91,64.38,14389.232227
1720339200,64.38,64.94,64.18,64.6,13321.024854
1720353600,64.58,64.79,62.43,63.47,27664.676006
1720368000,63.47,63.94,62.85,63.07,13633.88106
1720382400,63.08,63.38,61.62,62.02,16407.016359
1720396800,62.04,62.21,59.21,61.66,54676.756679
1720411200,61.66,63.05,61.53,62.89,19130.165004
1720425600,62.87,67.06,62.77,65.97,58027.086481
1720440000,65.97,66.0,62.55,64.28,51846.192958
1720454400,64.29,65.21,63.8,64.89,16884.000784
1720468800,64.91,65.04,64.19,64.91,18822.902592
1720483200,64.9,65.43,64.26,65.21,17653.268502
1720497600,65.21,65.92,65.07,65.16,13284.946665
1720512000,65.18,66.06,65.07,65.8,18125.011897
1720526400,65.79,66.29,65.27,65.91,16344.966425
1720540800,65.9,65.97,65.48,65.72,8314.591963
1720555200,65.69,65.78,65.16,65.3,6837.220806
1720569600,65.3,65.4,64.51,65.4,10026.867263
1720584000,65.42,66.31,65.41,65.79,22536.001398
1720598400,65.79,66.26,65.58,66.03,7991.930966
1720612800,66.03,66.86,65.42,66.75,17712.788742
1720627200,66.76,67.28,66.37,66.67,16210.184133
1720641600,66.67,66.99,66.34,66.97,7620.706104
1720656000,66.96,67.57,66.41,66.93,11993.768015
1720670400,66.95,67.83,66.9,67.8,8132.205573
1720684800,67.81,68.0,67.46,67.88,9245.636828
1720699200,67.88,69.13,67.74,68.09,38652.982664
1720713600,68.08,69.02,67.77,68.38,14468.227621
1720728000,68.35,68.45,67.32,67.37,13336.920567
1720742400,67.37,68.46,66.78,68.12,19159.740993
1720756800,68.12,68.98,67.96,68.95,15769.061966
1720771200,68.95,69.3,68.23,68.49,27049.863733
1720785600,68.52,69.26,67.81,68.86,36814.238216
1720800000,68.86,69.41,68.66,69.0,32129.746545
1720814400,69.0,69.32,68.47,69.24,15000.015601
1720828800,69.27,69.97,69.24,69.3,12006.93854
1720843200,69.3,70.55,69.15,70.42,28590.526994
1720857600,70.41,70.68,69.92,69.95,22795.892726
1720872000,69.96,70.34,69.4,70.17,16543.999005
1720886400,70.19,70.4,69.42,70.3,14326.741102
1720900800,70.28,70.4,69.36,69.8,20092.8278
1720915200,69.81,70.35,69.61,70.2,11231.853876
1720929600,70.17,70.47,69.88,70.28,13221.295376
1720944000,70.3,70.5,69.85,69.9,18465.179028
1720958400,69.91,69.92,69.23,69.46,23214.925365
1720972800,69.46,69.61,69.24,69.58,10714.881335
1720987200,69.59,70.26,69.55,69.93,26415.890047
1721001600,69.94,71.08,69.79,70.87,45514.808014
1721016000,70.92,71.0,70.32,70.32,19100.826357
1721030400,70.34,70.54,69.66,69.8,33622.249117
1721044800,69.82,70.82,69.76,70.28,26079.33294
1721059200,70.24,71.77,70.16,71.49,27592.979231
1721073600,71.47,72.52,71.3,72.32,36130.028138
1721088000,72.3,73.49,71.84,73.44,70881.202761
1721102400,73.43,73.49,70.87,71.29,45944.754467
1721116800,71.29,71.91,70.36,71.64,28045.385125
1721131200,71.64,74.09,71.52,73.79,46677.328745
1721145600,73.78,74.04,72.62,73.28,24366.033901
1721160000,73.27,73.48,72.53,73.2,20228.472494
1721174400,73.21,74.24,73.15,73.48,24462.643787
1721188800,73.49,73.84,73.02,73.11,12163.028399
1721203200,73.12,73.19,72.11,72.42,22750.351069
1721217600,72.43,73.24,72.01,72.12,23892.735876
1721232000,72.1,72.59,71.13,72.45,25449.70571
1721246400,72.48,72.67,71.32,71.35,10103.584409
1721260800,71.39,72.43,71.36,72.37,16332.028763
1721275200,72.41,72.43,71.53,71.88,10370.167559
1721289600,71.9,72.43,71.66,72.33,11106.846895
1721304000,72.35,72.92,71.2,71.29,21249.332943
1721318400,71.29,71.3,70.51,71.02,15456.748257
1721332800,71.0,71.69,70.92,71.63,8154.721398
1721347200,71.63,71.76,70.68,71.66,14746.717668
1721361600,71.66,71.77,70.59,70.83,15620.210678
1721376000,70.82,70.83,69.69,70.23,59269.186786
1721390400,70.24,72.0,70.15,71.98,38819.558866
1721404800,71.98,74.09,71.98,73.77,41778.617637
1721419200,73.75,73.8,72.9,73.41,17228.064411
1721433600,73.42,73.65,72.83,72.99,19371.645223
1721448000,73.0,73.55,72.84,73.3,9306.574937
1721462400,73.32,73.33,72.62,72.62,8267.209638
1721476800,72.62,73.68,72.32,73.53,12892.555996
1721491200,73.56,73.89,73.13,73.38,19302.58987
1721505600,73.39,73.63,72.94,73.03,10001.720331
1721520000,73.06,73.35,73.0,73.13,9845.838032
1721534400,73.12,73.26,72.43,72.76,8145.165942
1721548800,72.76,73.6,72.74,73.26,16140.005807
1721563200,73.27,73.58,72.83,73.39,27170.120685
1721577600,73.4,73.76,71.25,73.17,29000.423849
1721592000,73.18,74.11,73.13,73.97,20534.504575
1721606400,73.99,74.61,73.76,73.77,22997.685221
1721620800,73.78,74.56,72.56,74.21,37970.6136
1721635200,74.22,74.37,73.59,73.82,16847.505024
1721649600,73.82,73.82,71.6,72.0,51546.663112
1721664000,72.01,72.32,71.37,72.3,56414.36112
1721678400,72.32,72.47,70.75,71.25,18708.202789
1721692800,71.25,72.87,71.16,71.92,19145.027145
1721707200,71.94,71.99,70.51,71.24,15869.37677
1721721600,71.26,72.63,71.09,72.14,19682.346321
1721736000,72.14,73.11,71.57,72.32,33724.483772
1721750400,72.32,72.46,70.41,72.25,25157.988045
1721764800,72.23,73.06,71.89,72.92,20876.492886
1721779200,72.91,73.14,72.36,72.72,14432.118349
1721793600,72.72,72.97,71.78,72.92,14114.992988
1721808000,72.93,73.54,72.74,73.37,28254.650037
1721822400,73.38,73.65,72.54,73.11,29019.340996
1721836800,73.1,73.34,72.36,72.49,21392.534301
1721851200,72.51,72.65,70.72,71.28,33289.005817
1721865600,71.28,71.66,68.16,68.75,176144.185984
1721880000,68.72,69.69,68.53,69.08,29416.79957
1721894400,69.07,69.32,68.31,68.57,20405.402318
1721908800,68.58,68.96,67.27,68.47,35646.276249
1721923200,68.47,69.53,68.0,68.44,55668.191986
1721937600,68.46,69.5,67.69,68.79,30687.924872
1721952000,68.81,70.23,68.74,70.15,22140.348826
1721966400,70.16,71.69,70.1,71.04,21605.048856
1721980800,71.06,71.45,70.67,71.11,18709.005497
1721995200,71.11,71.47,70.66,71.39,18819.135409
1722009600,71.39,71.55,71.04,71.1,11954.939735
1722024000,71.12,71.42,70.93,71.31,7196.947465
1722038400,71.31,71.56,71.05,71.17,11261.126314
1722052800,71.17,71.54,71.16,71.48,7008.159237
1722067200,71.47,71.57,71.22,71.44,7934.489254
1722081600,71.45,72.25,71.25,71.68,18722.397713
1722096000,71.67,72.33,70.9,71.66,20302.233534
1722110400,71.69,71.98,70.26,71.31,21183.146209
1722124800,71.33,71.76,70.79,71.1,11893.880445
1722139200,71.11,71.25,70.35,71.15,9866.209103
1722153600,71.15,71.75,70.95,71.65,8068.820764
1722168000,71.69,71.78,70.64,70.83,14641.379845
1722182400,70.83,71.69,70.76,71.56,11389.969163
1722196800,71.57,71.59,70.92,71.08,5958.578609
1722211200,71.08,73.7,71.03,73.16,112621.574257
1722225600,73.17,75.07,72.96,74.93,60383.530325
1722240000,74.95,76.78,74.52,75.82,84321.017733
1722254400,75.82,76.47,74.5,74.58,95341.691788
1722268800,74.57,74.77,72.87,74.09,48893.24408
1722283200,74.11,74.41,73.57,73.72,19499.300253
1722297600,73.7,74.56,73.08,73.94,20250.958951
1722312000,73.93,74.01,73.3,73.95,9974.854895
1722326400,73.95,74.07,73.33,73.33,14798.550413
1722340800,73.33,73.84,72.92,73.25,15674.320423
1722355200,73.24,73.45,71.71,72.01,18991.628629
1722369600,71.99,72.03,71.06,71.71,15064.071939
1722384000,71.7,72.92,71.26,72.28,17291.553394
1722398400,72.27,72.41,71.33,71.99,16682.173992
1722412800,72.0,72.06,71.45,71.73,12548.399939
1722427200,71.74,72.33,71.3,71.36,23743.06331
1722441600,71.34,71.86,70.32,70.76,28500.806775
1722456000,70.75,71.2,69.86,70.14,19101.948904
1722470400,70.14,71.46,70.12,70.76,17030.947607
1722484800,70.76,71.2,69.27,69.92,24527.32685
1722499200,69.91,70.97,69.8,70.41,27689.861723
1722513600,70.39,70.75,68.11,68.38,44036.335149
1722528000,68.37,68.42,65.97,67.21,55184.128335
1722542400,67.19,69.95,66.91,69.57,21481.926276
1722556800,69.57,69.96,67.92,68.92,14084.851972
1722571200,68.9,69.08,67.42,68.22,11277.303661
1722585600,68.21,69.28,67.64,68.96,10405.701875
1722600000,68.93,69.42,63.98,65.55,156681.497309
1722614400,65.53,65.9,64.68,65.11,19088.463968
1722628800,65.13,65.62,64.3,65.08,29832.779255
1722643200,65.08,65.34,63.17,65.28,37231.456631
1722657600,65.28,66.11,65.05,65.71,21598.176544
1722672000,65.69,66.14,65.37,65.96,14198.840665
1722686400,65.95,66.37,64.7,64.86,40532.866154
1722700800,64.85,65.25,62.73,62.74,92457.369709
1722715200,62.74,64.69,62.56,64.64,36644.096302
1722729600,64.65,65.23,64.13,65.02,18878.542479
1722744000,65.03,65.15,64.3,64.5,13759.580309
1722758400,64.49,65.24,63.98,64.94,21038.466624
1722772800,64.93,65.13,62.83,63.03,40547.977678
1722787200,63.02,63.64,60.29,63.38,93865.772665
1722801600,63.37,63.96,62.25,62.44,31841.200664
1722816000,62.46,62.57,54.0,55.26,498421.526176
1722830400,55.31,56.25,49.6,54.22,392471.072234
1722844800,54.22,54.24,51.24,53.08,141147.389901
1722859200,53.06,57.12,50.23,56.82,239901.426233
1722873600,56.79,57.91,54.77,55.46,72319.230673
1722888000,55.46,57.2,55.46,56.05,41989.942315
1722902400,56.07,59.03,55.98,57.76,38895.35321
1722916800,57.76,58.88,57.53,58.63,23638.836429
1722931200,58.63,58.66,56.9,57.26,43550.077952
1722945600,57.28,59.05,56.37,58.75,47707.567017
1722960000,58.74,59.31,58.1,58.6,41544.355816
1722974400,58.55,59.21,58.06,58.25,28270.166874
1722988800,58.26,59.27,57.34,58.91,28074.016421
1723003200,58.91,59.5,58.23,58.61,31348.111245
1723017600,58.63,59.04,57.63,57.96,37649.855614
1723032000,57.99,58.57,55.93,57.09,62684.295546
1723046400,57.09,57.16,55.4,56.34,36603.4709
1723060800,56.36,57.28,55.45,56.01,48417.801049
1723075200,55.99,58.6,55.18,57.99,30837.117225
1723089600,57.99,58.61,57.75,58.14,12043.514731
1723104000,58.14,58.31,57.68,58.01,12310.530545
1723118400,58.01,59.52,57.53,59.46,35384.113872
1723132800,59.48,60.71,59.37,59.79,31972.11515
1723147200,59.8,62.03,59.73,61.16,25374.722737
1723161600,61.15,61.25,60.54,60.77,23055.44458
1723176000,60.76,60.8,59.8,60.66,14427.379406
1723190400,60.66,60.87,59.8,60.43,18660.817786
1723204800,60.44,61.09,59.31,59.69,23663.72869
1723219200,59.69,60.53,59.52,60.09,10400.911373
1723233600,60.08,60.75,59.63,60.7,10868.66413
1723248000,60.7,61.4,60.13,60.52,14089.341439
1723262400,60.52,60.8,60.19,60.8,5104.37896
1723276800,60.8,61.27,60.66,61.26,9235.575093
1723291200,61.27,61.53,60.93,60.96,9673.408208
1723305600,60.97,61.35,60.84,60.99,8388.467181
1723320000,61.0,61.3,60.73,61.18,6675.210338
1723334400,61.18,62.19,61.08,61.85,13651.954609
1723348800,61.86,62.0,61.48,61.71,11610.703869
1723363200,61.66,62.38,60.94,61.13,16202.057755
1723377600,61.11,61.19,59.43,60.13,23637.790875
1723392000,60.14,61.47,60.04,60.44,18441.342972
1723406400,60.44,60.44,58.79,59.71,25509.383734
1723420800,59.69,60.42,59.17,60.37,15133.139636
1723435200,60.39,60.98,59.89,60.58,16693.172795
1723449600,60.58,61.87,60.36,61.67,25499.287994
1723464000,61.67,61.94,59.44,61.4,42318.572904
1723478400,61.42,62.07,60.58,61.0,20114.222765
1723492800,61.03,61.78,60.37,61.5,11288.000923
1723507200,61.51,62.6,61.43,61.96,20498.898688
1723521600,61.95,62.32,61.53,61.93,12765.625388
1723536000,61.91,62.17,61.13,61.77,15871.081829
1723550400,61.79,63.11,61.55,62.99,29226.137255
1723564800,63.02,63.5,62.69,63.18,34559.065129
1723579200,63.19,63.45,62.89,63.43,10780.052691
1723593600,63.43,63.96,63.0,63.74,12232.257424
1723608000,63.75,64.14,63.5,63.58,11252.108329
1723622400,63.57,63.88,63.3,63.67,14065.229699
1723636800,63.65,64.52,62.58,64.17,50305.665003
1723651200,64.15,64.65,63.46,64.29,25558.390115
1723665600,64.26,64.7,63.83,64.05,17159.862767
1723680000,64.04,64.75,63.92,64.39,16325.493408
1723694400,64.4,64.93,63.55,64.02,28282.915505
1723708800,63.99,65.73,63.75,65.28,54693.025024
1723723200,65.28,66.15,65.0,65.94,42386.668485
1723737600,65.95,66.9,63.76,64.24,70134.067775
1723752000,64.24,65.52,63.99,65.31,43134.469702
1723766400,65.32,65.89,64.88,65.31,21757.731605
1723780800,65.28,66.77,65.14,65.42,39873.019129
1723795200,65.42,65.74,65.24,65.68,16732.084872
1723809600,65.69,66.54,64.29,65.75,52431.042262
1723824000,65.7,66.76,65.57,66.71,27601.927481
1723838400,66.73,66.73,66.06,66.51,16174.055035
1723852800,66.5,66.58,65.91,66.1,8547.770951
1723867200,66.09,66.61,65.91,66.58,12636.452105
1723881600,66.57,67.52,66.32,67.27,22374.772056
1723896000,67.28,67.88,67.09,67.37,23435.376774
1723910400,67.4,67.72,66.9,67.44,12899.565481
1723924800,67.45,67.81,67.45,67.58,6708.398606
1723939200,67.59,68.0,67.41,67.59,13497.107381
1723953600,67.61,67.72,67.1,67.36,9012.698423
1723968000,67.35,67.72,67.14,67.6,7751.027177
1723982400,67.6,68.15,66.51,66.95,20234.414099
1723996800,66.98,67.24,66.57,66.59,12049.43819
1724011200,66.61,66.8,66.09,66.32,10823.293498
1724025600,66.35,66.77,66.08,66.16,19369.786336
1724040000,66.14,66.6,65.99,66.59,10994.241382
1724054400,66.59,67.43,66.42,66.84,25606.815047
1724068800,66.81,67.37,65.89,66.35,24316.432555
1724083200,66.33,67.15,66.23,66.93,13575.360352
1724097600,66.93,66.98,66.09,66.33,9371.848146
1724112000,66.33,67.3,66.15,66.9,7255.971921
1724126400,66.93,67.28,66.77,67.18,11258.179919
1724140800,67.16,67.18,65.97,66.18,19776.169526
1724155200,66.16,66.29,63.46,63.67,42067.458901
1724169600,63.66,64.67,63.16,64.56,25091.667824
1724184000,64.56,64.94,64.14,64.42,18434.304911
1724198400,64.42,64.64,63.81,64.11,15145.003642
1724212800,64.11,64.36,63.1,63.49,10144.424465
1724227200,63.49,63.66,62.36,62.76,40021.180008
1724241600,62.75,63.56,62.15,62.57,31275.074929
1724256000,62.56,64.44,62.04,64.39,44032.527361
1724270400,64.37,64.8,63.87,64.28,31905.349046
1724284800,64.26,64.37,62.4,63.27,25164.442141
1724299200,63.25,63.65,63.19,63.42,7137.839692
1724313600,63.41,63.73,63.14,63.62,8601.096407
1724328000,63.58,63.66,62.8,63.05,21784.121094
1724342400,63.02,63.89,62.95,63.78,13901.021345
1724356800,63.8,64.15,63.48,63.76,11176.476945
1724371200,63.78,64.16,63.58,63.85,7877.159016
1724385600,63.86,64.45,63.86,64.1,12657.195691
1724400000,64.09,64.47,63.87,63.94,15181.755381
1724414400,63.93,64.93,63.48,64.79,29128.690266
1724428800,64.8,65.87,64.66,65.82,23078.013318
1724443200,65.83,66.87,65.73,66.12,22658.648662
1724457600,66.13,66.34,65.44,66.06,17305.049892
1724472000,66.06,66.57,65.79,66.55,12082.579871
1724486400,66.48,67.56,66.34,66.78,15765.434251
1724500800,66.81,67.45,66.72,67.32,18490.031929
1724515200,67.33,68.02,67.26,67.57,29413.289642
1724529600,67.57,67.6,65.96,66.59,28106.860203
1724544000,66.59,66.88,65.48,66.05,20384.445395
1724558400,66.05,66.09,64.47,64.76,17208.391665
1724572800,64.76,65.37,64.45,65.11,9524.563576
1724587200,65.08,65.91,65.03,65.25,14108.357132
1724601600,65.27,65.52,64.78,65.11,5657.915425
1724616000,65.11,65.48,64.58,64.83,7948.41886
1724630400,64.82,65.09,63.93,64.4,7964.503531
1724644800,64.4,64.56,63.97,64.06,13018.898213
1724659200,64.06,64.83,64.02,64.12,11541.822719
1724673600,64.16,64.63,63.52,64.32,28214.619105
1724688000,64.32,64.4,62.9,63.81,23495.724125
1724702400,63.84,64.02,63.02,63.04,13541.760505
1724716800,63.01,63.46,62.9,63.34,7094.798835
1724731200,63.36,63.79,63.06,63.29,7506.785074
1724745600,63.29,63.45,62.37,62.91,16748.190726
1724760000,62.92,63.11,61.92,62.97,21736.994396
1724774400,62.96,64.0,62.85,63.52,22868.997559
1724788800,63.51,63.71,58.99,60.4,57688.80898
1724803200,60.4,60.84,59.77,60.8,21595.120045
1724817600,60.8,61.03,60.01,60.08,12075.896652
1724832000,60.06,61.84,59.74,61.54,17173.966351
1724846400,61.58,62.0,60.26,60.83,22245.772909
1724860800,60.82,61.71,59.4,61.27,17756.488933
1724875200,61.27,62.37,61.22,61.83,9274.2455
1724889600,61.83,62.28,61.5,62.21,5846.033603
1724904000,62.21,62.66,61.85,62.51,10284.174703
1724918400,62.51,62.73,62.15,62.18,18914.066801
1724932800,62.2,63.52,62.16,63.39,24036.675387
1724947200,63.39,63.91,61.51,63.11,40912.576189
1724961600,63.1,63.43,61.1,62.49,55202.525176
1724976000,62.46,62.59,61.84,62.23,10887.762451
1724990400,62.21,64.05,61.88,63.96,24002.381967
1725004800,63.97,64.03,63.01,63.56,29743.71883
1725019200,63.6,63.96,61.54,61.76,36580.220592
1725033600,61.79,64.74,61.57,64.65,27455.853544
1725048000,64.62,65.43,63.98,64.94,26805.099551
1725062400,64.92,66.08,64.92,65.78,30440.172424
1725076800,65.78,66.45,65.17,65.67,18922.75223
1725091200,65.68,66.05,65.13,65.74,15110.360078
1725105600,65.79,65.83,64.9,65.51,16831.681056
1725120000,65.53,65.62,64.88,65.04,7083.593224
1725134400,65.04,65.42,64.86,64.97,5091.629693
1725148800,64.98,65.01,64.01,64.44,11423.161896
1725163200,64.44,64.68,63.81,64.37,9865.974486
1725177600,64.38,64.44,63.87,64.28,8268.360969
1725192000,64.28,64.6,63.74,64.41,13595.394601
1725206400,64.39,65.01,64.17,64.67,12211.233644
1725220800,64.63,65.15,62.81,63.57,16386.876234
1725235200,63.57,64.13,63.29,63.52,12361.944098
1725249600,63.49,63.75,62.59,62.85,14789.399878
1725264000,62.83,64.13,62.79,63.94,32511.932403
1725278400,63.93,64.8,63.53,64.32,26752.339336
1725292800,64.32,65.02,64.31,64.94,16882.107783
1725307200,64.99,65.76,64.99,65.37,13635.683714
1725321600,65.34,66.34,65.25,66.06,33760.594937
1725336000,66.07,66.16,65.44,66.08,15496.887956
1725350400,66.1,66.29,65.74,65.85,16067.065388
1725364800,65.82,65.99,64.65,64.81,20319.745274
1725379200,64.87,65.18,64.44,65.16,9058.09839
1725393600,65.17,65.88,64.31,64.41,19206.308829
1725408000,64.38,65.03,62.05,64.83,39995.031072
1725422400,64.83,65.95,64.61,65.38,34017.364051
1725436800,65.4,66.21,64.89,65.34,36215.111008
1725451200,65.34,66.0,64.11,65.78,29417.157183
1725465600,65.8,66.22,65.23,65.58,19107.231154
1725480000,65.61,65.82,65.31,65.43,5594.170967
1725494400,65.37,67.0,65.11,65.19,28561.468386
1725508800,65.17,68.55,64.65,68.31,84910.901128
1725523200,68.31,68.45,65.82,66.28,39535.753074
1725537600,66.21,66.26,64.63,65.18,24308.03873
1725552000,65.21,65.87,64.44,65.11,31505.691465
1725566400,65.07,66.3,65.0,66.06,17971.433151
1725580800,66.05,66.8,65.97,66.57,15083.009343
1725595200,66.58,66.76,64.74,65.2,19662.042843
1725609600,65.23,65.75,65.06,65.41,9324.691807
1725624000,65.39,66.01,63.41,63.97,44849.576507
1725638400,63.97,64.19,62.84,63.13,23281.620554
1725652800,63.12,63.26,61.18,63.03,31259.054988
1725667200,63.04,63.92,62.76,63.8,63654.578266
1725681600,63.81,64.15,63.42,63.91,23075.891902
1725696000,63.87,63.97,63.32,63.39,8407.699674
1725710400,63.41,63.61,62.79,62.98,18767.585663
1725724800,62.95,63.02,62.2,62.65,17952.221227
1725739200,62.58,62.61,61.65,62.08,10762.159617
1725753600,62.07,62.08,61.68,61.95,42018.506516
1725768000,61.95,62.28,61.73,62.12,25299.939129
1725782400,62.08,62.18,61.67,61.95,22109.739095
1725796800,61.94,61.98,60.57,60.61,34949.09446
1725811200,60.61,61.19,60.21,60.71,23052.155302
1725825600,60.7,61.21,59.89,60.93,31760.097467
1725840000,60.94,61.26,59.98,60.39,24359.140206
1725854400,60.38,60.7,60.16,60.7,19200.571119
1725868800,60.67,61.02,60.17,60.51,35502.09468
1725883200,60.51,60.66,59.65,60.1,36143.829015
1725897600,60.1,61.49,60.04,61.47,53266.51116
1725912000,61.46,62.0,60.96,61.42,31257.998741
1725926400,61.42,61.42,60.34,60.6,16483.458775
1725940800,60.6,61.19,60.51,61.15,17436.821685
1725955200,61.15,61.48,60.68,60.91,17520.824945
1725969600,60.9,61.3,60.47,60.68,31575.840692
1725984000,60.68,61.73,60.65,61.6,26361.19988
1725998400,61.6,61.79,61.37,61.54,12392.248473
1726012800,61.52,61.53,60.55,61.36,19190.418137
1726027200,61.36,62.0,60.87,61.51,22526.166911
1726041600,61.5,61.76,61.08,61.23,23219.548662
1726056000,61.23,61.6,60.08,61.42,48136.199141
1726070400,61.41,62.42,61.37,62.12,30165.001813
1726084800,62.09,62.29,61.76,62.16,11679.332959
1726099200,62.18,62.51,61.83,62.38,18425.10992
1726113600,62.38,62.45,61.88,61.99,25232.739326
1726128000,61.98,62.11,61.54,61.79,8735.440374
1726142400,61.81,62.46,61.58,62.19,20724.791594
1726156800,62.18,63.15,62.16,63.14,29214.600471
1726171200,63.13,63.14,62.7,62.86,9684.505736
1726185600,62.86,62.88,62.42,62.51,8259.923831
1726200000,62.52,63.08,62.46,63.06,10179.249255
1726214400,63.07,63.63,63.0,63.35,26375.105634
1726228800,63.35,65.02,63.16,64.93,38753.314477
1726243200,64.94,65.02,64.27,64.52,23269.489728
1726257600,64.51,65.0,64.43,64.94,14292.172474
1726272000,64.94,65.63,64.91,65.31,10650.810934
1726286400,65.3,65.45,64.89,65.36,10772.793836
1726300800,65.36,65.99,65.36,65.8,21892.024087
1726315200,65.77,66.75,65.67,66.57,22486.599194
1726329600,66.54,66.74,65.92,66.01,22725.037091
1726344000,66.03,66.11,65.55,65.91,17732.529946
1726358400,65.91,66.29,65.64,65.67,12312.394881
1726372800,65.66,65.67,65.05,65.19,17214.828457
1726387200,65.2,65.24,64.52,64.65,16281.091538
1726401600,64.64,65.03,64.48,64.51,11636.562512
1726416000,64.51,64.55,63.88,64.29,21000.9374
1726430400,64.27,64.37,62.91,63.28,18972.820025
1726444800,63.25,63.3,62.4,63.07,12345.954423
1726459200,63.06,63.37,62.64,63.3,9871.125412
1726473600,63.28,63.75,63.1,63.14,7450.740509
1726488000,63.12,63.33,62.43,62.78,17108.990411
1726502400,62.79,62.93,62.15,62.44,11520.757124
1726516800,62.43,62.68,62.1,62.64,8360.953296
1726531200,62.63,63.23,61.94,63.21,11922.445938
1726545600,63.22,63.45,62.97,63.24,6937.400221
1726560000,63.24,63.33,62.25,62.52,25551.884236
1726574400,62.5,64.01,62.41,63.88,32225.921237
1726588800,63.89,64.04,62.76,63.21,16253.926717
1726603200,63.2,63.82,63.0,63.79,18253.598364
1726617600,63.78,64.35,63.33,64.18,16545.797776
1726632000,64.18,64.23,63.54,64.14,10195.381559
1726646400,64.11,64.14,63.27,63.44,17107.350722
1726660800,63.45,63.45,62.39,62.68,18675.911311
1726675200,62.65,64.48,62.44,63.98,20483.203268
1726689600,63.99,64.87,63.66,64.86,12114.24849
1726704000,64.87,65.51,64.72,64.96,29491.845439
1726718400,64.96,65.36,64.68,65.23,10599.743298
1726732800,65.26,65.69,64.87,65.63,21424.584395
1726747200,65.62,65.91,65.04,65.34,19894.88293
1726761600,65.35,66.05,65.25,65.65,13117.640577
1726776000,65.65,65.79,65.25,65.41,8980.448591
1726790400,65.41,65.95,64.87,65.95,13221.902918
1726804800,65.94,66.43,65.78,66.2,29219.228197
1726819200,66.23,66.36,65.8,65.94,17488.372051
1726833600,65.93,66.27,64.61,64.95,23834.760854
1726848000,64.97,65.77,64.34,65.76,15780.818271
1726862400,65.77,65.79,65.11,65.32,7209.931675
1726876800,65.33,65.56,64.84,65.29,13370.187892
1726891200,65.34,65.78,64.83,65.72,9633.394386
1726905600,65.72,65.97,65.46,65.65,11445.633466
1726920000,65.69,66.69,65.64,66.66,21060.584533
1726934400,66.64,67.0,66.34,66.93,15352.318121
1726948800,66.95,67.16,66.46,66.84,9004.203141
1726963200,66.87,67.36,66.54,67.33,13472.308724
1726977600,67.34,67.54,66.84,67.14,9519.53156
1726992000,67.14,67.54,66.76,67.23,14878.166936
1727006400,67.26,67.56,66.6,66.86,15296.280864
1727020800,66.85,67.91,66.52,67.74,14537.544145
1727035200,67.75,68.8,66.43,68.72,27458.440033
1727049600,68.67,69.3,67.28,68.68,21197.139695
1727064000,68.67,68.77,67.7,67.71,10068.829482
1727078400,67.7,67.82,66.96,67.12,20752.68948
1727092800,67.17,67.93,66.75,67.81,17889.973276
1727107200,67.82,68.04,67.21,67.27,11542.626094
1727121600,67.29,67.36,66.66,66.98,8477.084062
1727136000,66.97,67.16,66.26,66.62,13445.638515
1727150400,66.62,66.84,66.19,66.78,12772.714509
1727164800,66.78,67.15,66.54,66.69,15957.248387
1727179200,66.7,67.1,65.69,65.76,20610.1592
1727193600,65.76,66.8,65.76,66.79,12941.608125
1727208000,66.78,67.01,66.16,66.71,8107.521671
1727222400,66.71,67.23,66.44,67.0,13008.160686
1727236800,67.0,67.02,65.93,66.25,10438.200455
1727251200,66.25,66.5,66.11,66.5,8535.956309
1727265600,66.49,67.85,66.31,67.38,19373.230078
1727280000,67.34,67.82,66.88,66.88,8200.472975
1727294400,66.91,67.38,66.45,66.56,11163.504314
1727308800,66.56,66.71,65.64,66.42,11093.265985
1727323200,66.47,67.76,66.44,67.49,15948.001717
1727337600,67.5,67.87,67.17,67.55,14290.59811
1727352000,67.6,68.3,67.23,68.23,33318.490981
1727366400,68.23,68.5,67.71,68.2,15385.435373
1727380800,68.16,68.57,67.56,68.54,10654.793783
1727395200,68.54,69.0,68.3,68.97,24862.337283
1727409600,68.99,69.72,68.81,68.87,29819.070593
1727424000,68.86,69.89,68.85,69.89,25829.679137
1727438400,69.88,70.54,69.75,70.04,35804.586638
1727452800,70.08,70.71,69.93,70.64,18245.199857
1727467200,70.63,71.22,70.4,71.11,12016.196529
1727481600,71.11,71.48,70.86,71.39,16022.673419
1727496000,71.4,71.5,69.89,70.38,18963.749928
1727510400,70.4,70.49,69.27,69.84,16725.020139
1727524800,69.86,70.05,69.0,69.75,18391.15408
1727539200,69.76,69.9,69.39,69.72,9860.337176
1727553600,69.72,70.07,69.15,69.97,6891.964367
1727568000,69.96,70.18,69.39,69.59,9884.556945
1727582400,69.58,69.58,68.6,68.73,9995.923079
1727596800,68.74,69.21,68.5,69.02,10994.729007
1727611200,69.01,69.86,68.57,69.84,14543.687528
1727625600,69.85,70.24,69.42,70.24,18535.753239
1727640000,70.21,70.3,69.13,69.28,11310.048186
1727654400,69.26,69.36,67.53,67.88,23024.265369
1727668800,67.87,68.38,67.48,68.21,16654.685767
1727683200,68.25,68.27,66.52,67.25,32404.210796
1727697600,67.26,67.67,66.59,66.59,16887.875154
1727712000,66.61,67.48,66.54,67.31,11893.617891
1727726400,67.31,67.58,66.3,66.84,14768.243677
1727740800,66.84,68.0,66.6,67.9,9884.838494
1727755200,67.92,68.44,67.85,68.23,7012.728449
1727769600,68.2,68.56,67.99,68.09,10082.621906
1727784000,68.11,68.24,63.55,65.3,57093.377068
1727798400,65.29,65.65,61.99,63.64,55944.965804
1727812800,63.65,63.79,62.15,63.4,31644.413923
1727827200,63.39,64.33,62.91,64.3,14131.151485
1727841600,64.29,64.76,63.87,64.53,7369.60775
1727856000,64.52,64.7,63.17,63.74,17977.531356
1727870400,63.72,63.96,62.67,63.76,29791.823351
1727884800,63.76,64.2,62.24,62.99,34535.170228
1727899200,62.99,63.37,62.24,62.95,17044.643841
1727913600,62.95,63.98,62.59,63.96,22262.720209
1727928000,63.95,63.96,63.23,63.34,7912.10156
1727942400,63.31,63.46,61.91,62.88,31386.609318
1727956800,62.88,63.35,61.94,62.76,38134.617695
1727971200,62.76,63.35,62.2,63.32,13559.250084
1727985600,63.35,63.52,62.97,63.46,13029.987771
1728000000,63.47,64.47,63.31,64.03,12058.819359
1728014400,64.04,64.53,64.04,64.36,5998.287491
1728028800,64.4,64.6,64.07,64.33,12432.607617
1728043200,64.32,64.57,63.81,64.57,16023.331227
1728057600,64.57,65.2,64.51,65.16,8570.057972
1728072000,65.11,65.15,64.76,64.96,6045.200338
1728086400,64.95,65.46,64.66,64.89,6277.628397
1728100800,64.89,65.56,64.88,65.16,7523.226498
1728115200,65.2,65.71,65.2,65.53,9281.391826
1728129600,65.54,66.19,65.45,66.17,10698.027608
1728144000,66.16,66.34,65.39,65.52,12869.95107
1728158400,65.5,66.3,65.07,66.28,6041.811248
1728172800,66.3,66.69,66.13,66.3,7645.078801
1728187200,66.3,66.97,66.3,66.97,6555.244149
1728201600,66.97,67.65,66.71,67.49,11337.057147
1728216000,67.49,67.65,67.24,67.35,13660.131489
1728230400,67.35,67.45,67.07,67.25,6604.892455
1728244800,67.25,67.42,66.82,67.03,8157.911711
1728259200,67.04,67.98,66.84,67.66,13660.78034
1728273600,67.67,67.79,67.3,67.42,8226.21647
1728288000,67.43,67.56,65.95,66.48,20855.182025
1728302400,66.46,67.04,65.54,65.9,68143.902511
1728316800,65.89,66.37,64.68,65.62,18127.913797
1728331200,65.65,66.05,64.46,64.78,14776.580842
1728345600,64.77,65.43,64.77,65.26,8964.193882
1728360000,65.26,65.43,64.52,65.06,16782.32564
1728374400,65.07,65.63,64.89,65.6,11288.114365
1728388800,65.59,65.99,64.97,65.55,21968.884527
1728403200,65.53,66.01,65.3,65.68,9833.878258
1728417600,65.7,66.16,65.47,65.68,7514.441469
1728432000,65.69,65.98,65.4,65.61,6461.011886
1728446400,65.61,65.95,65.45,65.79,3401.29699
1728460800,65.77,65.87,65.48,65.71,6832.220832
1728475200,65.71,65.75,64.76,65.28,27653.429901
1728489600,65.29,65.36,64.8,64.83,11014.31631
1728504000,64.84,64.95,64.11,64.59,12150.349213
1728518400,64.58,65.0,64.16,64.87,8461.099379
1728532800,64.88,65.08,64.68,64.7,4424.658932
1728547200,64.69,64.98,64.4,64.47,9795.241897
1728561600,64.48,64.54,63.88,64.4,20027.055379
1728576000,64.4,64.65,63.25,64.18,28869.420973
1728590400,64.17,64.35,63.8,64.32,8328.867289
1728604800,64.32,65.16,64.31,65.0,6898.360742
1728619200,65.02,65.11,64.57,64.64,7360.805505
1728633600,64.62,65.32,64.62,65.12,7623.938811
1728648000,65.13,65.49,64.85,65.45,13872.830779
1728662400,65.43,65.94,65.33,65.77,18547.461175
1728676800,65.78,65.85,65.46,65.6,7235.753804
1728691200,65.6,65.8,65.08,65.23,3371.627742
1728705600,65.23,66.0,65.23,65.98,6115.987084
1728720000,65.97,66.53,65.97,66.37,20140.789414
1728734400,66.38,66.65,66.18,66.37,12492.709307
1728748800,66.36,66.6,66.16,66.26,3823.164792
1728763200,66.25,66.4,66.18,66.21,3704.305706
1728777600,66.2,66.31,65.51,65.52,8606.038716
1728792000,65.53,65.94,65.51,65.68,4262.283562
1728806400,65.67,65.7,65.09,65.13,7101.712656
1728820800,65.12,65.52,64.5,64.66,17195.759834
1728835200,64.67,65.13,64.44,64.72,5966.845173
1728849600,64.72,65.05,64.58,64.82,4701.15565
1728864000,64.82,65.65,64.13,65.51,16001.035847
1728878400,65.54,65.9,65.21,65.56,29362.340692
1728892800,65.56,66.06,65.23,65.91,58934.433774
1728907200,65.92,67.13,65.72,66.96,42156.542699
1728921600,66.96,67.25,66.31,66.86,33293.070961
1728936000,66.85,67.37,66.54,66.82,23677.233058
1728950400,66.83,67.83,66.73,66.84,25273.308357
1728964800,66.85,67.33,66.57,66.9,27829.307161
1728979200,66.89,67.2,65.74,66.04,26856.132242
1728993600,66.04,68.22,65.28,66.28,50801.168357
1729008000,66.28,71.99,66.24,69.73,188464.918726
1729022400,69.72,71.0,68.72,70.85,48966.007655
1729036800,70.87,73.0,70.84,71.54,110788.578308
1729051200,71.58,72.04,70.45,70.85,38299.992118
1729065600,70.87,71.78,70.45,71.53,44012.871544
1729080000,71.55,72.1,69.63,69.94,44703.55029
1729094400,69.93,70.56,69.34,70.26,21597.805451
1729108800,70.28,70.54,69.84,70.11,15700.915718
1729123200,70.09,70.9,69.91,70.79,14114.982635
1729137600,70.82,71.3,70.28,71.07,20006.077604
1729152000,71.05,71.51,70.41,70.71,49336.346547
1729166400,70.7,72.37,70.66,72.2,35711.260272
1729180800,72.23,72.98,71.31,72.92,38077.191821
1729195200,72.98,73.99,72.68,72.78,23835.538786
1729209600,72.79,74.84,72.12,73.1,51426.199095
1729224000,73.13,73.26,72.21,72.26,11431.621917
1729238400,72.25,72.38,71.9,71.95,16943.160261
1729252800,71.96,73.46,71.95,73.28,59934.95545
1729267200,73.27,73.77,72.26,73.62,24591.536837
1729281600,73.63,73.85,73.03,73.14,12024.405065
1729296000,73.13,74.06,73.03,73.8,21849.493396
1729310400,73.79,74.8,73.77,74.42,16340.490685
1729324800,74.41,76.2,74.31,74.85,50246.730189
1729339200,74.86,75.56,74.57,74.98,18745.245602
1729353600,74.99,75.62,74.31,75.25,14989.067728
1729368000,75.22,75.43,74.82,74.9,8621.34415
1729382400,74.9,75.46,74.51,75.05,8537.194428
1729396800,75.04,75.38,74.06,74.14,12313.357326
1729411200,74.15,75.35,74.1,75.07,8898.303523
1729425600,75.1,75.87,74.53,74.86,29805.210116
1729440000,74.86,74.9,74.14,74.18,12061.84966
1729454400,74.18,74.44,73.61,74.31,23107.86547
1729468800,74.31,74.62,73.61,73.72,20097.745779
1729483200,73.73,74.17,73.24,73.34,17318.007324
1729497600,73.33,73.46,72.13,72.32,66170.697616
1729512000,72.32,73.01,71.02,71.36,47987.390971
1729526400,71.37,71.46,70.32,71.05,25379.786926
1729540800,71.05,71.2,70.59,70.7,13954.074755
1729555200,70.77,71.19,70.1,70.93,25126.978895
1729569600,70.91,71.59,70.3,70.74,17966.508768
1729584000,70.74,71.29,70.25,70.41,25825.70636
1729598400,70.41,70.63,69.31,69.76,31973.00528
1729612800,69.74,69.97,69.39,69.76,11911.825665
1729627200,69.76,70.2,69.52,70.04,13683.224347
1729641600,70.03,70.06,68.75,69.14,25720.048085
1729656000,69.14,69.68,68.9,69.05,7573.564905
1729670400,69.07,69.33,68.5,68.9,22740.207013
1729684800,68.88,69.6,68.59,69.08,18486.558871
1729699200,69.08,69.76,67.8,69.76,28152.919767
1729713600,69.73,70.4,69.32,70.05,11138.170904
1729728000,70.06,70.7,69.74,69.98,26827.586199
1729742400,69.98,70.44,69.74,69.77,8992.324639
1729756800,69.77,69.97,69.3,69.88,10288.845141
1729771200,69.88,71.11,69.68,70.92,24269.956181
1729785600,70.94,71.24,70.83,71.05,14278.082731
1729800000,71.05,71.31,70.75,71.16,10436.529436
1729814400,71.16,71.51,70.88,71.34,12497.961461
1729828800,71.36,71.7,70.76,71.25,16505.821749
1729843200,71.27,71.83,70.93,71.78,15507.554985
1729857600,71.76,72.27,71.67,72.0,21302.320991
1729872000,71.98,72.14,70.0,70.92,34486.981843
1729886400,70.91,71.15,66.82,68.85,38108.307267
1729900800,68.84,69.71,68.31,69.37,17251.301243
1729915200,69.36,69.63,68.89,68.98,7016.877281
1729929600,68.97,69.23,68.85,68.9,5280.70416
1729944000,68.9,69.0,68.06,68.39,17403.198081
1729958400,68.36,68.65,68.12,68.5,14710.646103
1729972800,68.52,68.9,68.28,68.46,5520.569308
1729987200,68.46,69.13,68.02,69.1,14273.756443
1730001600,69.12,69.18,68.77,68.92,2389.281979
1730016000,68.91,69.7,68.91,69.7,9352.401507
1730030400,69.71,70.86,69.65,70.77,11385.434488
1730044800,70.76,71.05,70.45,70.89,6485.81622
1730059200,70.92,71.22,70.56,71.1,10008.449236
1730073600,71.08,71.62,70.51,70.63,10395.249604
1730088000,70.63,71.38,70.44,71.2,9236.017345
1730102400,71.2,71.49,70.65,70.65,8748.893212
1730116800,70.67,71.03,69.88,69.91,22729.406445
1730131200,69.91,70.9,69.61,70.54,17969.747694
1730145600,70.53,71.24,70.36,70.82,20227.302573
1730160000,70.83,72.48,70.71,72.23,43232.044412
1730174400,72.21,72.41,71.74,72.38,12233.040698
1730188800,72.39,72.8,72.07,72.43,13773.979621
1730203200,72.44,73.28,72.17,73.25,27173.245
1730217600,73.27,74.0,72.94,73.03,28810.181063
1730232000,73.06,74.37,72.52,73.98,18523.697402
1730246400,73.98,74.28,73.15,73.36,12299.11618
1730260800,73.38,73.38,72.33,72.45,37949.949942
1730275200,72.45,72.63,71.51,71.6,25738.472699
1730289600,71.62,72.73,71.5,72.28,33478.064398
1730304000,72.28,72.48,71.8,71.95,8737.818568
1730318400,71.94,72.45,71.46,71.78,12778.566257
1730332800,71.77,72.1,71.21,71.69,20427.901031
1730347200,71.71,71.71,70.74,70.99,29435.640869
1730361600,70.99,71.72,70.55,71.35,23548.050805
1730376000,71.34,71.74,69.71,70.31,30001.203708
1730390400,70.3,70.3,68.74,68.74,16924.961528
1730404800,68.74,69.58,68.43,69.31,17035.580901
1730419200,69.32,69.45,68.11,69.17,14705.723387
1730433600,69.18,69.35,67.72,68.16,20116.219946
1730448000,68.15,69.56,68.11,69.35,8809.073239
1730462400,69.36,70.89,69.35,70.09,54704.614336
1730476800,70.09,71.07,69.89,70.07,22340.494786
1730491200,70.07,70.59,69.54,70.23,22042.852485
1730505600,70.24,71.25,70.24,70.67,17104.501348
1730520000,70.68,70.69,69.78,70.58,6360.779744
1730534400,70.58,70.95,70.1,70.75,7811.199166
1730548800,70.75,70.86,68.84,69.67,47837.199309
1730563200,69.68,69.74,68.87,69.28,8895.589666
1730577600,69.28,69.54,68.98,69.2,5740.102307
1730592000,69.21,69.3,67.0,67.84,19009.178105
1730606400,67.85,68.42,67.77,68.17,7665.130024
1730620800,68.17,68.26,67.05,67.2,26762.064692
1730635200,67.22,67.58,65.26,65.92,84693.952471
1730649600,65.92,66.63,65.37,66.6,18331.355312
1730664000,66.59,67.4,66.4,66.84,9468.004075
1730678400,66.84,67.71,66.22,67.2,13250.862243
1730692800,67.21,67.5,66.35,66.37,15717.029894
1730707200,66.37,67.18,66.06,66.95,14809.649801
1730721600,66.96,67.17,66.41,66.88,17401.68051
1730736000,66.88,67.04,65.93,66.31,18593.389942
1730750400,66.32,66.34,64.44,65.54,18841.987654
1730764800,65.55,66.4,65.47,66.39,14158.136608
1730779200,66.4,67.07,66.33,67.03,7526.786935
1730793600,67.04,67.3,65.98,66.0,30332.933871
1730808000,65.99,67.13,65.04,66.07,78386.808333
1730822400,66.1,66.89,64.88,65.07,28895.790347
1730836800,65.1,66.28,64.87,65.39,14976.485553
1730851200,65.4,69.92,65.37,68.87,72230.764894
1730865600,68.94,70.92,68.42,69.57,173952.50294
1730880000,69.61,70.32,68.46,70.25,26561.041897
1730894400,70.24,70.3,69.14,69.76,23709.483714
1730908800,69.76,69.9,69.06,69.83,20489.23404
1730923200,69.87,71.63,69.76,71.03,22671.197061
1730937600,71.01,72.28,70.5,71.28,38417.586206
1730952000,71.29,71.42,69.91,70.56,23526.956133
1730966400,70.57,71.13,70.44,70.71,19912.995277
1730980800,70.73,71.4,70.17,71.4,23252.058457
1730995200,71.4,72.28,70.91,71.88,21786.895258
1731009600,71.88,72.38,71.11,71.43,15506.969429
1731024000,71.48,72.64,70.71,71.07,39627.254165
1731038400,71.09,71.45,70.83,71.16,18499.731772
1731052800,71.17,71.66,70.62,71.25,18514.404159
1731067200,71.25,72.97,71.25,72.47,38517.695492
1731081600,72.49,73.03,71.09,72.61,36652.679599
1731096000,72.61,72.82,71.63,72.78,20607.509032
1731110400,72.78,73.32,72.36,72.73,19733.254375
1731124800,72.75,73.5,72.52,73.17,40042.512071
1731139200,73.17,73.97,73.08,73.67,17376.617342
1731153600,73.63,73.77,72.3,72.36,18352.056818
1731168000,72.39,72.68,71.59,72.02,23473.929101
1731182400,72.0,74.23,71.91,74.0,24806.557742
1731196800,73.99,75.77,73.69,75.41,38800.776402
1731211200,75.42,77.7,75.25,76.1,95625.862255
1731225600,76.1,77.44,76.1,77.28,38378.045892
1731240000,77.27,78.15,76.35,77.66,87074.380099
1731254400,77.65,78.19,75.7,76.56,66588.299092
1731268800,76.56,77.14,73.45,76.58,56289.232529
1731283200,76.59,77.94,76.41,77.18,40449.624488
1731297600,77.17,77.32,74.58,75.57,65330.884804
1731312000,75.55,76.95,75.36,76.78,25296.84064
1731326400,76.77,78.49,75.96,78.42,377028.508716
1731340800,78.42,78.55,77.05,78.3,192558.014704
1731355200,78.3,80.34,77.29,80.01,273379.63439
1731369600,80.02,80.13,77.1,79.16,93590.898725
1731384000,79.16,79.79,77.75,79.59,127054.963974
1731398400,79.6,82.74,74.37,76.96,232842.930683
1731412800,76.91,77.33,74.06,75.7,99116.047631
1731427200,75.7,77.39,74.13,76.7,55756.886263
1731441600,76.76,78.35,76.35,76.72,40832.669733
1731456000,76.68,77.7,73.66,73.74,64279.382115
1731470400,73.73,74.87,71.87,73.47,62882.35256
1731484800,73.48,73.95,72.53,73.46,28602.923636
1731499200,73.45,76.85,72.76,76.53,109172.663695
1731513600,76.53,77.91,73.97,74.36,93212.936495
1731528000,74.28,75.64,73.19,75.4,47105.057406
1731542400,75.4,85.0,74.17,83.38,217187.44939
1731556800,83.37,85.0,78.17,82.25,333505.04446
1731571200,82.25,83.16,79.21,80.49,96406.084416
1731585600,80.48,81.66,77.65,78.6,94272.904529
1731600000,78.59,84.65,78.02,82.65,207120.484979
1731614400,82.65,84.67,81.12,82.38,184453.693042
1731628800,82.35,82.61,79.39,81.68,101855.569043
1731643200,81.7,82.77,78.86,81.43,70938.351668
1731657600,81.44,85.99,80.57,84.63,123320.694059
1731672000,84.64,87.37,82.35,82.56,284973.533045
1731686400,82.56,84.36,81.62,82.82,93441.363787
1731700800,82.84,84.85,82.8,83.7,55781.998506
1731715200,83.7,84.81,82.67,83.99,74791.196717
1731729600,84.01,88.1,83.37,86.96,145228.496249
1731744000,86.94,90.8,85.9,88.65,220158.314991
1731758400,88.66,94.64,86.67,88.84,540084.541495
1731772800,88.84,98.46,87.84,96.57,309743.978604
1731787200,96.59,97.45,93.44,95.41,145320.213744
1731801600,95.44,97.42,88.91,90.86,239746.731322
1731816000,90.83,92.06,89.02,90.86,100698.418208
1731830400,90.87,92.16,87.0,87.04,130997.522498
1731844800,87.04,89.88,86.85,88.42,88585.746012
1731859200,88.41,89.71,85.3,86.37,69017.03423
1731873600,86.36,87.4,84.86,87.2,58192.922501
1731888000,87.21,94.81,86.89,94.6,142192.979759
1731902400,94.58,94.58,92.33,93.57,151746.089118
1731916800,93.57,93.61,89.7,90.31,96229.784002
1731931200,90.3,91.8,88.43,90.39,105483.773356
1731945600,90.39,90.79,86.42,87.47,104181.077705
1731960000,87.48,89.6,87.08,89.2,78362.446993
1731974400,89.2,89.58,88.4,89.39,33909.739008
1731988800,89.42,90.19,87.66,89.33,61667.618979
1732003200,89.33,89.98,87.34,88.05,84989.830701
1732017600,88.05,89.03,85.8,87.27,93820.217741
1732032000,87.25,88.3,86.39,87.37,59845.0623
1732046400,87.34,87.72,85.08,86.66,57827.019547
1732060800,86.66,86.73,83.26,85.0,87148.343746
1732075200,85.0,86.0,84.16,85.53,48231.843357
1732089600,85.51,87.09,85.07,86.18,80900.450313
1732104000,86.16,87.81,85.11,86.45,66950.30724
1732118400,86.47,86.57,82.36,83.4,73765.887029
1732132800,83.41,84.85,82.8,83.38,22227.491354
1732147200,83.41,84.95,81.59,83.97,84428.02513
1732161600,84.0,92.04,84.0,90.09,248349.431709
1732176000,90.1,90.65,88.56,89.74,120962.011681
1732190400,89.75,91.17,87.08,88.39,143344.802349
1732204800,88.41,89.76,87.82,88.71,62094.184145
1732219200,88.7,89.62,87.91,89.53,36052.91758
1732233600,89.54,91.23,88.45,89.98,102379.786771
1732248000,89.99,91.5,89.01,89.24,83998.025196
1732262400,89.23,92.72,89.14,91.96,84315.928379
1732276800,91.98,92.58,87.7,89.92,174126.111104
1732291200,89.91,90.98,89.19,90.85,55261.572787
1732305600,90.85,92.22,90.16,92.2,43779.319398
1732320000,92.21,103.36,92.05,101.07,489536.468905
1732334400,101.09,104.99,100.1,101.3,188736.342745
1732348800,101.29,104.84,100.9,103.11,99974.18524
1732363200,103.15,105.33,101.97,102.89,138241.836739
1732377600,102.91,106.45,96.91,98.7,221325.648276
1732392000,98.67,99.88,96.21,99.49,81974.258179
1732406400,99.51,103.2,98.96,101.79,87238.402763
1732420800,101.84,102.37,99.23,101.49,77793.565455
1732435200,101.53,102.03,95.07,95.46,124347.049276
1732449600,95.44,96.69,91.51,92.33,228949.37563
1732464000,92.34,96.65,92.1,95.4,50574.077291
1732478400,95.38,98.14,95.14,96.9,58163.89072
1732492800,96.92,97.09,93.4,96.47,79322.60936
1732507200,96.49,97.64,96.09,97.21,54390.511961
1732521600,97.21,99.24,96.94,97.7,60468.167744
1732536000,97.69,97.91,92.38,95.86,126081.299393
1732550400,95.87,96.76,93.5,95.17,72117.03466
1732564800,95.14,95.97,91.0,92.29,74912.575564
1732579200,92.29,95.3,91.66,94.03,67838.774498
1732593600,94.03,95.05,92.58,93.06,34118.298885
1732608000,93.04,93.14,87.79,90.37,173436.156849
1732622400,90.35,91.86,89.28,90.47,53357.412476
1732636800,90.48,92.16,88.88,90.19,48706.591974
1732651200,90.18,93.22,89.99,92.84,39595.715773
1732665600,92.83,93.83,91.47,92.67,31932.240499
1732680000,92.66,95.64,92.47,95.42,58848.859982
1732694400,95.46,96.06,94.3,94.83,61390.578476
1732708800,94.81,97.36,93.86,97.25,81451.10508
1732723200,97.29,97.66,95.71,97.59,41922.938519
1732737600,97.59,99.0,96.95,97.22,60140.070566
1732752000,97.25,98.3,95.3,96.61,65373.814524
1732766400,96.61,97.57,95.79,96.01,25553.161045
1732780800,96.03,96.48,93.88,94.8,39744.064604
1732795200,94.81,96.19,93.67,93.91,37409.837569
1732809600,93.91,95.58,93.91,95.26,21087.264002
1732824000,95.26,96.3,94.47,95.53,30042.209846
1732838400,95.53,97.58,95.25,96.44,43204.39771
1732852800,96.47,96.7,94.7,94.83,36536.49374
1732867200,94.81,97.33,94.81,97.28,45551.373687
1732881600,97.29,101.56,96.55,101.45,104835.591362
1732896000,101.45,102.51,100.16,102.05,66034.555863
1732910400,102.06,104.82,101.74,104.77,48660.671388
1732924800,104.78,104.94,100.36,101.07,83006.004776
1732939200,101.05,102.98,100.75,102.14,50753.473856
1732953600,102.09,105.0,101.14,101.71,74084.331537
1732968000,101.78,102.6,100.82,101.99,37026.924216
1732982400,102.01,103.02,101.71,102.34,39345.741381
1732996800,102.31,103.27,101.52,102.75,28499.17465
1733011200,102.76,103.93,99.37,101.28,81812.585917
1733025600,101.3,101.6,100.0,101.34,32338.592197
1733040000,101.33,102.28,100.58,101.51,30056.406912
1733054400,101.5,110.69,100.69,108.66,207895.124936
1733068800,108.66,109.95,105.47,109.72,88421.779102
1733083200,109.71,122.07,107.28,119.52,279481.81368
1733097600,119.52,129.72,119.14,119.82,362438.384466
1733112000,119.82,124.43,117.49,123.8,168881.794287
1733126400,123.78,125.0,114.67,117.03,202186.148804
1733140800,117.08,129.8,116.7,123.13,293460.223954
1733155200,123.14,133.89,118.09,132.51,249491.408153
1733169600,132.58,139.66,131.26,132.85,293670.471965
1733184000,132.89,133.87,129.0,129.97,105730.53584
1733198400,129.96,133.91,128.0,129.23,118568.622217
1733212800,129.25,134.54,128.88,134.07,121549.612038
1733227200,134.06,134.58,121.35,126.54,331022.920756
1733241600,126.54,130.59,126.2,128.68,121901.555639
1733256000,128.68,135.18,128.23,130.88,95266.556772
1733270400,130.9,132.54,127.44,129.25,95488.025963
1733284800,129.24,133.0,128.37,132.34,69410.866586
1733299200,132.35,132.75,128.61,129.26,64313.628721
1733313600,129.27,129.8,125.78,128.58,122378.875009
1733328000,128.59,128.89,122.0,126.57,124676.601511
1733342400,126.61,135.73,126.01,133.67,173737.563895
1733356800,133.69,133.75,125.0,127.76,202211.103019
1733371200,127.83,129.52,125.38,128.54,83513.039817
1733385600,128.57,138.91,127.96,137.21,152642.537622
1733400000,137.18,146.28,134.89,143.68,292934.296848
1733414400,143.61,147.0,139.07,139.28,143290.554588
1733428800,139.28,139.59,129.75,135.74,177413.664735
1733443200,135.73,139.25,134.75,137.33,101625.81672
1733457600,137.32,138.3,134.81,135.22,58521.102813
1733472000,135.21,135.62,131.24,133.03,67066.778352
1733486400,133.06,134.47,130.14,132.54,87660.385795
1733500800,132.56,137.0,131.88,136.75,66228.857604
1733515200,136.75,137.77,134.13,135.88,62801.153185
1733529600,135.92,137.65,134.21,134.96,66526.881843
1733544000,134.98,137.84,134.54,136.95,52160.375575
1733558400,136.96,138.62,135.23,137.55,76914.859355
1733572800,137.54,138.6,135.6,137.23,53710.437304
1733587200,137.22,137.45,131.8,133.58,88067.568011
1733601600,133.62,134.78,132.21,133.8,35143.521289
1733616000,133.81,135.14,132.9,134.0,36073.495391
1733630400,134.0,134.47,130.84,132.51,56684.678249
1733644800,132.51,133.87,130.09,132.74,60402.025168
1733659200,132.78,134.97,131.7,134.33,65648.872069
1733673600,134.39,134.54,131.8,133.38,30024.392262
1733688000,133.4,135.81,132.53,134.88,30974.509139
1733702400,134.9,135.08,127.99,129.54,112385.093435
1733716800,129.56,131.01,124.96,127.03,82141.558881
1733731200,127.03,127.3,121.09,121.79,96453.857266
1733745600,121.76,127.19,120.55,123.17,118797.33168
1733760000,123.16,124.44,121.69,121.89,46569.685729
1733774400,121.88,122.23,97.25,110.47,526886.535862
1733788800,110.46,112.99,105.0,109.5,217772.842685
1733803200,109.5,114.74,107.2,113.95,127156.246607
1733817600,113.95,114.98,111.78,112.35,94818.978085
1733832000,112.34,112.78,104.67,104.92,164345.82603
1733846400,104.93,107.86,101.25,107.19,167797.490955
1733860800,107.15,111.49,106.38,109.78,53251.316885
1733875200,109.78,110.65,106.03,109.59,64156.672392
1733889600,109.62,111.1,108.88,108.95,42243.531554
1733904000,108.98,113.26,108.89,112.8,44430.167375
1733918400,112.79,118.28,112.6,116.7,113664.526089
1733932800,116.73,117.85,114.42,117.26,57504.246176
1733947200,117.26,118.68,117.07,117.3,33306.404465
1733961600,117.31,122.02,116.48,120.49,51529.957858
1733976000,120.5,124.0,120.47,121.57,65921.644052
1733990400,121.58,122.88,119.47,120.44,46744.311905
1734004800,120.45,123.88,120.21,121.73,86956.091189
1734019200,121.72,125.0,118.08,118.86,74433.897611
1734033600,118.84,121.0,117.18,119.24,47651.935806
1734048000,119.26,122.09,117.04,121.58,57319.977795
1734062400,121.58,122.38,118.5,119.26,46683.232063
1734076800,119.22,121.92,118.6,120.4,43269.617151
1734091200,120.41,123.22,118.06,118.4,92882.757579
1734105600,118.37,120.97,117.51,120.76,66679.406608
1734120000,120.8,125.27,120.51,124.47,74614.015663
1734134400,124.48,125.3,122.14,123.21,61306.526034
1734148800,123.21,123.76,121.98,122.64,28768.453314
1734163200,122.67,123.54,121.07,121.44,29342.764906
1734177600,121.47,121.79,117.88,119.97,70747.205062
1734192000,119.93,119.97,116.18,117.46,38214.790922
1734206400,117.45,118.58,115.38,118.23,28290.239885
1734220800,118.24,120.16,116.74,117.24,46892.909841
1734235200,117.27,118.99,114.23,115.4,39400.896793
1734249600,115.38,117.66,115.22,117.19,28031.276604
1734264000,117.21,120.61,116.75,120.05,56759.054638
1734278400,120.05,120.38,118.59,119.01,24400.804083
1734292800,119.05,122.2,115.6,121.11,69643.572369
1734307200,121.12,123.97,119.78,120.39,178276.341054
1734321600,120.47,122.48,119.85,120.11,38757.815366
1734336000,120.12,120.35,115.41,115.6,72501.085266
1734350400,115.65,118.46,115.54,118.3,58848.172789
1734364800,118.31,122.72,118.31,120.06,73204.516319
1734379200,120.12,120.93,117.74,117.98,26416.744506
1734393600,118.0,118.2,115.59,117.97,42635.752105
1734408000,117.95,118.03,115.92,117.09,32579.463674
1734422400,117.09,119.9,116.93,118.98,39217.659337
1734436800,118.99,119.73,114.6,115.68,72973.944438
1734451200,115.67,131.4,114.42,127.54,435978.694642
1734465600,127.57,128.17,122.05,125.6,118530.108517
1734480000,125.59,129.11,122.94,124.51,185473.963412
1734494400,124.5,124.63,117.54,120.06,187315.441891
1734508800,120.11,121.12,118.67,119.67,67867.163922
1734523200,119.67,119.88,115.18,116.91,102546.539609
1734537600,116.95,118.06,113.28,113.49,85218.620039
1734552000,113.44,114.54,106.56,108.32,319553.116659
1734566400,108.32,109.91,103.19,109.09,206797.292972
1734580800,109.09,109.55,107.7,109.19,61092.65951
1734595200,109.19,111.65,108.06,111.22,41084.463875
1734609600,111.25,111.76,104.01,106.66,104758.049277
1734624000,106.66,107.4,95.65,97.05,209981.340531
1734638400,97.06,101.84,94.68,99.37,65497.901756
1734652800,99.36,103.26,98.41,101.7,84828.206755
1734667200,101.73,102.28,98.48,100.0,57020.622752
1734681600,99.99,100.1,86.43,86.87,266663.41302
1734696000,86.85,96.88,86.8,96.1,159624.807679
1734710400,96.1,100.91,95.73,100.03,86262.074871
1734724800,100.03,102.27,97.76,101.35,44162.759517
1734739200,101.35,101.92,100.26,101.62,43778.838721
1734753600,101.63,106.02,101.58,104.38,83756.502307
1734768000,104.38,105.04,102.32,103.75,125721.270288
1734782400,103.74,103.81,97.7,100.69,103915.208708
1734796800,100.71,101.6,98.95,101.05,44583.868754
1734811200,101.03,102.54,99.25,101.56,34715.492924
1734825600,101.6,102.18,98.8,99.7,59042.965025
1734840000,99.67,100.37,96.71,99.87,35665.08711
1734854400,99.89,103.59,99.85,103.29,51940.805555
1734868800,103.29,103.91,99.17,100.62,51377.450007
1734883200,100.62,102.12,98.22,98.58,31351.162115
1734897600,98.6,100.85,97.54,99.75,30754.722702
1734912000,99.77,104.5,97.87,104.27,42341.35427
1734926400,104.3,105.94,101.0,101.94,57660.865528
1734940800,101.93,103.51,101.41,102.31,21895.419425
1734955200,102.34,103.47,99.48,99.68,77590.88077
1734969600,99.66,103.84,99.45,102.78,43499.522937
1734984000,102.77,107.65,102.5,106.75,88109.031975
1734998400,106.75,107.14,103.97,105.91,35115.894648
1735012800,105.94,107.11,105.12,106.11,17712.520854
1735027200,106.11,107.84,105.79,107.33,36114.349173
1735041600,107.29,110.8,106.72,110.4,68874.154988
1735056000,110.39,110.8,108.21,108.22,38371.078287
1735070400,108.22,108.99,107.16,108.32,16395.264539
1735084800,108.31,108.85,107.59,107.88,26956.098554
1735099200,107.89,109.52,107.45,107.74,22994.838605
1735113600,107.73,110.64,107.6,107.93,27818.562337
1735128000,107.97,109.66,107.4,108.37,27919.035732
1735142400,108.42,109.7,106.91,109.49,26793.978521
1735156800,109.47,109.89,107.79,109.84,18005.542401
1735171200,109.84,110.35,107.95,108.2,22849.416814
1735185600,108.17,108.17,106.2,106.42,30483.556538
1735200000,106.47,106.62,103.11,104.09,46259.254266
1735214400,104.07,104.31,102.22,102.63,80956.932172
1735228800,102.58,103.54,101.46,102.6,27445.919754
1735243200,102.6,103.13,101.05,102.22,22854.541362
1735257600,102.25,103.99,101.55,103.51,21778.122658
1735272000,103.52,104.5,101.7,102.52,34595.617141
1735286400,102.54,106.48,102.54,104.85,40004.918784
1735300800,104.88,104.96,100.44,101.03,49141.508326
1735315200,101.0,103.55,100.58,102.67,34038.178717
1735329600,102.72,102.76,99.7,100.56,21497.243908
1735344000,100.57,101.01,99.4,100.47,14680.72264
1735358400,100.48,100.74,99.02,99.18,16758.079295
1735372800,99.17,100.16,98.9,99.64,14942.524636
1735387200,99.64,101.01,98.67,99.75,41006.640951
1735401600,99.74,101.75,99.64,100.59,18169.672823
1735416000,100.59,101.7,100.2,100.7,19190.677872
1735430400,100.72,100.85,99.4,100.73,21574.381872
1735444800,100.75,100.91,99.82,100.89,16239.077656
1735459200,100.91,100.94,99.98,100.18,14953.825788
1735473600,100.17,101.6,99.61,100.75,28733.535268
1735488000,100.75,100.91,98.32,98.99,28259.181246
1735502400,98.99,99.24,96.83,98.53,24914.971748
1735516800,98.48,101.48,98.13,100.55,39093.058843
1735531200,100.59,102.58,99.92,101.78,29356.859508
1735545600,101.77,103.01,101.4,102.19,30020.461575
1735560000,102.21,102.75,97.65,98.37,94432.139899
1735574400,98.37,102.02,97.34,101.11,30125.616805
1735588800,101.21,102.29,98.17,99.4,26816.113652
1735603200,99.41,99.57,98.18,98.38,19880.181151
1735617600,98.42,99.06,97.76,98.77,9775.346935
1735632000,98.78,102.41,98.72,102.4,49540.854635
1735646400,102.41,104.8,102.22,104.18,53679.120079
1735660800,104.22,104.77,101.54,102.84,32635.987347
1735675200,102.83,104.14,102.67,103.25,14775.443584
1735689600,103.26,105.86,103.24,104.26,30096.404531
1735704000,104.25,105.42,103.75,104.18,13002.107116
1735718400,104.17,104.32,102.01,103.77,23242.212902
1735732800,103.75,105.3,103.57,104.93,20728.693334
1735747200,104.91,107.22,103.97,107.18,31530.858869
1735761600,107.19,108.13,104.69,105.25,27889.472181
1735776000,105.25,108.06,105.08,105.6,30984.075216
1735790400,105.61,107.13,105.4,105.99,36680.74015
1735804800,106.02,107.06,105.57,106.32,56862.991482
1735819200,106.35,108.75,105.81,106.29,46946.028047
1735833600,106.29,106.88,104.79,105.12,31138.86039
1735848000,105.14,105.61,104.64,105.14,10546.63519
1735862400,105.16,106.87,104.9,106.36,21716.037694
1735876800,106.36,106.36,104.1,104.62,18233.768428
1735891200,104.65,107.67,104.54,107.57,38269.576642
1735905600,107.55,109.78,107.24,109.37,59780.450407
1735920000,109.37,113.74,108.9,113.31,74856.176668
1735934400,113.28,114.86,112.42,112.72,39119.937084
1735948800,112.71,112.86,110.74,112.15,38693.937376
1735963200,112.15,112.17,111.0,111.8,14785.142166
1735977600,111.8,112.26,110.55,111.39,30604.429352
1735992000,111.38,112.77,110.1,110.76,33712.539324
1736006400,110.74,111.33,110.46,111.06,9386.232918
1736020800,111.06,111.71,110.86,111.21,9688.587292
1736035200,111.22,111.87,110.7,111.87,28855.306371
1736049600,111.87,112.98,111.63,111.9,15718.326293
1736064000,111.91,112.18,110.75,111.65,45369.736752
1736078400,111.65,112.84,110.82,112.27,39079.909287
1736092800,112.28,113.07,111.57,112.65,16505.313402
1736107200,112.67,116.16,112.64,115.7,53592.727428
1736121600,115.72,116.9,113.8,115.57,54898.255649
1736136000,115.6,115.98,113.23,113.6,38675.780652
1736150400,113.6,114.1,112.59,113.58,21452.297651
1736164800,113.57,115.39,111.65,114.36,55696.173239
1736179200,114.37,117.31,113.92,114.56,97839.538139
1736193600,114.56,114.6,113.03,114.02,16609.308628
1736208000,114.0,114.88,112.75,113.32,28851.646502
1736222400,113.31,113.82,112.37,112.93,24982.122412
1736236800,112.92,113.54,110.89,111.51,47842.118707
1736251200,111.53,111.67,104.26,106.18,185820.02748
1736265600,106.17,106.73,103.0,103.61,193735.695149
1736280000,103.64,104.04,102.03,102.7,100874.304554
1736294400,102.7,105.03,102.66,103.1,77536.102992
1736308800,103.12,103.73,100.54,102.56,78082.672881
1736323200,102.56,103.83,101.25,102.11,28822.990376
1736337600,102.12,103.34,101.5,102.8,29069.320452
1736352000,102.81,103.15,97.18,100.24,71109.343582
1736366400,100.22,102.23,99.5,101.43,21069.86109
1736380800,101.43,102.54,100.36,101.68,16368.860817
1736395200,101.73,102.63,100.32,101.0,20916.655234
1736409600,101.03,103.99,100.67,103.94,32688.201551
1736424000,103.98,105.5,99.91,105.19,73062.797286
1736438400,105.17,105.83,101.9,102.12,31778.348146
1736452800,102.2,103.27,100.59,102.22,24869.961764
1736467200,102.25,104.44,102.09,104.41,16053.379021
1736481600,104.42,105.94,103.42,105.14,18818.133781
1736496000,105.1,105.6,103.8,104.5,23209.772308
1736510400,104.47,106.11,102.11,104.69,99790.034544
1736524800,104.73,106.26,103.77,106.09,25604.65097
1736539200,106.1,106.17,103.8,103.94,17061.803033
1736553600,103.93,104.13,102.86,103.44,13149.627621
1736568000,103.45,103.86,103.03,103.68,8908.175669
1736582400,103.69,104.74,103.14,103.43,18087.797391
1736596800,103.43,103.68,102.67,103.26,13138.873688
1736611200,103.26,103.53,102.16,102.64,14993.78196
1736625600,102.66,104.95,102.42,104.36,23759.613384
1736640000,104.39,105.27,103.6,104.72,21573.099148
1736654400,104.76,104.92,103.53,103.93,7558.481124
1736668800,103.94,104.11,102.57,103.14,9673.186159
1736683200,103.11,103.43,102.3,102.9,17156.971154
1736697600,102.91,104.45,102.64,103.89,20951.316399
1736712000,103.92,103.96,101.35,102.36,11478.689102
1736726400,102.37,104.5,99.95,100.66,42504.44256
1736740800,100.61,101.81,98.4,98.88,24828.260137
1736755200,98.89,99.02,93.95,93.98,108012.325764
1736769600,94.02,97.31,92.52,96.24,85075.817599
1736784000,96.25,96.64,94.22,95.21,23521.557821
1736798400,95.21,98.98,94.65,98.38,18833.824695
1736812800,98.39,99.96,97.54,99.44,31502.711852
1736827200,99.47,99.91,97.94,97.96,55869.495811
1736841600,97.97,100.98,97.97,99.63,36531.940554
1736856000,99.64,100.93,98.85,100.64,23006.198845
1736870400,100.63,101.84,99.73,101.54,17918.816549
1736884800,101.55,102.57,100.87,102.42,14423.730917
1736899200,102.46,103.32,101.92,102.5,24349.666416
1736913600,102.5,102.78,101.61,102.43,34021.635067
1736928000,102.45,103.17,100.79,101.32,37461.919011
1736942400,101.32,106.18,100.87,105.2,86926.246841
1736956800,105.21,106.08,104.36,105.93,37138.023309
1736971200,105.94,118.67,105.29,116.94,266720.798085
1736985600,116.94,121.38,114.16,118.73,278654.699425
1737000000,118.77,121.0,117.82,119.08,85192.312348
1737014400,119.1,120.6,116.32,118.77,117068.423123
1737028800,118.76,127.15,115.96,126.66,321804.618514
1737043200,126.65,130.48,124.28,127.55,379803.260043
1737057600,127.59,128.43,122.47,124.4,85739.887492
1737072000,124.43,134.08,124.41,133.78,143817.270087
1737086400,133.74,141.13,132.56,137.95,288279.28791
1737100800,137.95,139.02,135.05,137.08,160188.064139
1737115200,137.09,138.07,133.04,134.86,154137.171312
1737129600,134.86,137.38,134.35,136.08,63164.432236
1737144000,136.07,138.66,134.65,137.05,49790.610306
1737158400,137.04,139.56,128.96,129.64,200001.101127
1737172800,129.63,130.59,124.01,125.22,142555.621991
1737187200,125.22,127.84,123.54,127.68,78059.542305
1737201600,127.61,130.32,126.12,126.28,78256.773368
1737216000,126.29,126.69,123.64,125.76,55602.188185
1737230400,125.74,125.93,123.24,125.41,33189.478548
1737244800,125.42,128.69,124.25,124.29,68902.091694
1737259200,124.26,124.44,118.91,119.89,150246.304354
1737273600,119.88,119.88,114.2,115.16,172389.191186
1737288000,115.18,124.82,114.94,124.24,120955.158158
1737302400,124.28,125.66,122.53,123.9,44114.223303
1737316800,123.94,124.56,111.28,115.55,171925.993326
1737331200,115.53,118.78,112.9,116.66,105582.017791
1737345600,116.67,127.41,115.26,121.21,138081.381614
1737360000,121.24,124.7,119.43,121.46,76516.799516
1737374400,121.54,122.21,116.23,119.23,103045.260439
1737388800,119.28,121.88,113.06,120.18,225529.691785
1737403200,120.1,121.05,116.54,118.53,33828.552099
1737417600,118.57,119.33,114.33,116.76,64231.146211
1737432000,116.77,116.95,113.7,115.97,43975.979602
1737446400,115.94,121.44,115.12,121.26,68520.936744
1737460800,121.27,124.9,118.02,120.02,116552.395916
1737475200,120.01,122.75,119.69,121.1,53748.35058
1737489600,121.11,121.17,118.07,119.14,31003.132816
1737504000,119.1,120.27,117.85,118.14,22726.861423
1737518400,118.15,118.18,115.75,116.22,46729.475045
1737532800,116.22,117.41,115.2,117.17,32949.030843
1737547200,117.23,117.48,114.65,115.76,51542.129539
1737561600,115.76,118.1,115.33,117.57,27338.752203
1737576000,117.62,118.12,114.19,115.36,29072.207408
1737590400,115.36,115.62,113.04,114.28,40871.453655
1737604800,114.29,114.4,112.47,113.39,20994.711898
1737619200,113.4,113.58,111.1,112.37,40921.615359
1737633600,112.35,116.78,111.4,115.93,49044.907614
1737648000,115.94,117.2,113.1,113.78,45759.268684
1737662400,113.74,116.76,113.05,116.4,35540.034922
1737676800,116.43,116.61,112.87,115.25,59040.903711
1737691200,115.26,117.3,114.4,117.15,47742.959404
1737705600,117.15,119.17,116.87,117.71,32586.692318
1737720000,117.73,122.99,117.2,122.15,62617.944482
1737734400,122.16,122.62,118.32,119.03,40327.752938
1737748800,119.02,122.85,116.44,118.72,115824.590017
1737763200,118.72,125.6,118.1,124.01,123766.489723
1737777600,124.08,124.94,120.87,121.2,62968.391771
1737792000,121.26,122.74,120.44,122.44,31486.015464
1737806400,122.49,128.31,122.36,128.01,119596.62903
1737820800,128.0,129.35,125.67,126.84,67947.861324
1737835200,126.85,127.24,123.36,123.93,35958.448897
1737849600,123.94,124.56,123.16,123.78,26811.449898
1737864000,123.8,125.09,123.45,124.21,47420.885809
1737878400,124.23,125.12,121.4,122.75,52473.552136
1737892800,122.74,123.04,121.61,122.21,25460.225566
1737907200,122.21,122.42,120.85,121.86,18601.73992
1737921600,121.86,122.47,116.87,117.05,87158.733447
1737936000,117.05,117.87,113.07,114.84,88102.90907
1737950400,114.83,114.88,106.23,109.69,116433.712922
1737964800,109.67,109.79,106.12,106.85,65617.452232
1737979200,106.85,113.59,106.62,112.26,65375.647467
1737993600,112.27,113.29,109.16,110.49,49125.54084
1738008000,110.48,115.65,110.36,115.03,36371.878621
1738022400,115.09,116.15,112.7,114.98,37665.277342
1738036800,115.01,116.92,114.73,116.07,33102.652139
1738051200,116.08,116.31,113.88,114.57,34508.892208
1738065600,114.58,115.63,113.26,114.26,36622.184974
1738080000,114.26,115.06,112.01,112.99,39531.030648
1738094400,112.99,113.11,109.12,109.96,32462.330128
1738108800,109.94,113.66,109.86,113.36,32107.559892
1738123200,113.36,115.06,112.89,114.73,28463.652651
1738137600,114.74,115.06,112.9,113.09,26603.759473
1738152000,113.1,113.73,110.85,111.66,38977.072033
1738166400,111.67,114.85,109.83,112.91,36120.0139
1738180800,112.92,119.46,111.82,115.89,89394.602564
1738195200,115.91,121.78,114.22,121.2,99233.150949
1738209600,121.18,131.12,121.18,127.28,247421.482691
1738224000,127.33,130.64,126.47,128.73,96807.019661
1738238400,128.76,134.19,128.69,131.1,205685.298632
1738252800,131.1,131.94,128.13,128.66,64702.69568
1738267200,128.67,130.66,126.69,130.11,39994.497012
1738281600,130.11,131.0,125.72,125.94,83729.959118
1738296000,125.97,130.57,125.77,129.24,55720.438099
1738310400,129.27,135.36,128.55,132.15,92639.649761
1738324800,132.19,132.41,128.77,130.51,72666.366884
1738339200,130.51,130.83,126.17,126.42,48411.264828
1738353600,126.41,128.68,125.22,128.07,33820.158356
1738368000,128.09,130.66,126.39,129.44,54032.955819
1738382400,129.47,131.25,126.0,126.48,68579.671592
1738396800,126.53,127.22,123.04,124.28,91672.01394
1738411200,124.26,124.61,121.25,122.47,55767.266126
1738425600,122.47,123.59,120.36,121.02,43449.344489
1738440000,120.92,122.39,117.66,118.04,60394.456551
1738454400,118.04,121.45,112.99,114.19,329085.174384
1738468800,114.23,117.36,113.49,115.53,73985.35737
1738483200,115.53,118.2,113.6,113.95,49571.39287
1738497600,113.85,117.13,113.73,115.31,45884.098564
1738512000,115.32,115.36,107.24,110.91,120349.358585
1738526400,110.91,112.17,103.79,109.11,152405.658724
1738540800,109.12,109.14,79.61,93.32,832012.202716
1738555200,93.32,99.5,89.74,99.27,153939.64781
1738569600,99.28,99.46,95.28,97.23,108890.717733
1738584000,97.31,104.0,92.69,103.06,168807.651341
1738598400,103.01,106.93,101.13,106.47,134735.115048
1738612800,106.5,108.92,103.24,106.91,83825.748067
1738627200,106.91,108.74,104.01,104.53,64667.433984
1738641600,104.57,105.13,98.82,99.37,78393.909044
1738656000,99.41,103.08,98.76,100.87,55286.125094
1738670400,100.95,105.41,100.9,102.69,74379.309712
1738684800,102.71,106.21,101.75,102.2,60316.917419
1738699200,102.28,103.35,98.41,101.06,96894.10881
1738713600,101.08,104.06,100.43,102.99,46606.843295
1738728000,102.94,103.53,101.58,102.64,23322.287788
1738742400,102.63,106.96,102.23,106.74,41657.03712
1738756800,106.77,109.37,104.73,107.58,85733.557751
1738771200,107.55,108.08,103.13,105.77,74524.554884
1738785600,105.79,105.99,101.74,103.38,31963.455355
1738800000,103.36,106.03,103.14,105.38,30624.454915
1738814400,105.39,108.48,105.11,107.06,57682.459939
1738828800,107.08,109.65,106.25,106.84,57086.157544
1738843200,106.85,107.12,101.1,101.96,83409.718178
1738857600,102.0,102.85,99.48,99.86,88515.051778
1738872000,99.89,102.32,99.69,101.68,33776.768419
1738886400,101.66,106.0,101.5,104.06,78986.029861
1738900800,104.1,105.31,102.67,105.09,37918.832353
1738915200,105.12,105.83,104.09,104.97,50023.896609
1738929600,104.99,108.19,104.29,106.1,111241.869588
1738944000,106.11,106.28,102.77,102.9,51166.568965
1738958400,102.93,103.53,100.59,103.12,51217.186061
1738972800,103.09,105.05,102.72,103.76,40160.897202
1738987200,103.76,104.25,102.43,102.99,39752.647558
1739001600,102.99,103.68,102.22,102.85,36263.656907
1739016000,102.84,103.46,101.77,102.55,48405.375875
1739030400,102.55,104.91,102.0,104.49,27254.714796
1739044800,104.53,105.17,104.2,104.65,14781.684557
1739059200,104.65,107.63,104.22,107.5,36154.410288
1739073600,107.49,107.99,105.9,106.88,39519.778368
1739088000,106.89,107.18,105.5,106.5,25305.936426
1739102400,106.48,108.78,104.55,108.02,55977.994555
1739116800,108.02,109.15,105.85,106.0,35971.673708
1739131200,106.01,108.42,102.27,107.19,61617.089027
1739145600,107.18,114.1,107.14,112.46,194248.998728
1739160000,112.45,115.5,111.82,115.26,99450.438851
1739174400,115.23,118.31,114.96,117.95,120667.597796
1739188800,117.96,119.98,116.05,117.99,149838.506097
1739203200,118.02,122.49,117.61,119.41,137632.353973
1739217600,119.41,121.58,118.7,120.21,50488.186302
1739232000,120.19,127.0,117.76,126.56,273305.808641
1739246400,126.58,132.08,125.26,129.37,239453.598053
1739260800,129.35,131.18,126.3,128.05,102088.861541
1739275200,128.03,129.78,124.42,125.08,203581.400821
1739289600,125.1,125.92,118.14,118.77,162024.694327
1739304000,118.82,121.59,118.71,119.28,91164.226334
1739318400,119.26,119.82,116.27,117.5,154761.340603
1739332800,117.5,118.01,115.73,116.99,84872.542439
1739347200,116.95,118.92,116.1,116.9,65959.344901
1739361600,116.91,117.94,111.35,115.83,167414.25201
1739376000,115.84,124.93,115.39,123.7,127953.93331
1739390400,123.8,124.5,121.15,121.99,72377.462974
1739404800,122.03,129.27,121.48,124.32,160060.877915
1739419200,124.36,125.04,120.7,121.78,88768.308049
1739433600,121.8,122.59,120.48,121.92,76957.947246
1739448000,121.93,124.04,118.86,122.51,99235.482395
1739462400,122.45,129.15,120.76,125.44,101000.285199
1739476800,125.49,127.98,124.13,126.61,55458.033798
1739491200,126.62,128.57,124.76,127.51,92306.802378
1739505600,127.5,127.5,125.78,127.04,77837.694724
1739520000,127.1,133.79,126.43,130.05,277177.016762
1739534400,130.04,130.42,126.66,127.95,151469.569824
1739548800,127.95,130.58,125.37,127.47,105236.480148
1739563200,127.46,128.37,124.44,124.91,54754.617283
1739577600,124.91,130.57,124.3,129.56,135573.571365
1739592000,129.57,132.18,127.67,129.5,84644.494928
1739606400,129.53,133.45,129.47,131.98,96481.474559
1739620800,131.98,134.84,130.77,133.9,158612.399275
1739635200,133.86,135.0,129.78,130.19,99102.325154
1739649600,130.23,133.99,129.19,133.81,45174.365861
1739664000,133.85,137.53,132.27,134.85,156704.248282
1739678400,134.85,136.87,132.39,132.41,90253.269267
1739692800,132.42,132.99,131.04,131.76,56305.519608
1739707200,131.76,132.45,126.23,127.08,114097.837509
1739721600,127.08,127.84,125.05,126.62,56492.872087
1739736000,126.63,127.89,125.08,125.67,30558.677703
1739750400,125.72,128.85,124.21,124.63,75242.217041
1739764800,124.68,127.48,123.12,125.49,79654.244013
1739779200,125.49,126.43,123.8,124.26,50611.891313
1739793600,124.25,126.3,121.79,122.09,104046.684433
1739808000,122.08,123.56,120.02,121.04,78213.796742
1739822400,121.03,124.98,120.65,122.3,30685.19756
1739836800,122.29,126.12,121.43,125.44,51708.468433
1739851200,125.41,126.1,119.85,122.62,98766.160109
1739865600,122.61,125.71,122.61,125.06,82967.766656
1739880000,125.01,128.41,123.84,124.76,101665.544592
1739894400,124.81,128.11,120.7,125.67,122881.570211
1739908800,125.69,129.82,125.15,129.77,64645.990618
1739923200,129.74,134.07,129.69,133.1,157174.632421
1739937600,133.09,135.38,130.26,134.74,110791.294203
1739952000,134.76,139.85,134.62,135.92,200988.18067
1739966400,135.92,137.71,133.62,136.52,106237.186267
1739980800,136.51,138.45,134.19,135.76,70469.231903
1739995200,135.74,136.83,133.24,134.91,51080.787972
1740009600,134.91,135.21,130.35,132.89,88302.120564
1740024000,132.87,133.27,128.65,129.52,90212.099604
1740038400,129.55,131.13,128.0,129.84,69831.101668
1740052800,129.88,130.76,126.66,127.9,94576.716797
1740067200,127.93,129.91,125.88,127.64,72947.624552
1740081600,127.63,130.95,126.83,130.9,56434.993486
1740096000,130.84,139.23,130.27,134.84,208442.117866
1740110400,134.87,136.28,132.47,132.78,78176.328755
1740124800,132.8,136.18,132.78,135.16,101458.412155
1740139200,135.15,139.98,129.47,132.83,230259.243705
1740153600,132.83,135.09,123.7,124.5,145068.351867
1740168000,124.51,129.42,124.2,128.11,74889.434933
1740182400,128.11,131.18,126.76,128.15,88840.506629
1740196800,128.15,130.42,127.37,127.49,92687.919819
1740211200,127.49,128.93,126.53,127.96,74329.899437
1740225600,127.97,128.92,126.89,128.52,51670.277402
1740240000,128.53,129.19,126.72,126.99,41065.479996
1740254400,127.0,127.17,125.65,125.9,27836.105952
1740268800,125.91,126.98,125.2,126.25,30457.912253
1740283200,126.25,128.21,125.88,128.19,24275.591582
1740297600,128.18,128.82,126.77,127.89,32713.334946
1740312000,127.89,129.6,126.38,127.2,50391.893264
1740326400,127.17,129.03,126.78,128.0,27533.727447
1740340800,127.98,130.44,127.63,129.89,24239.034343
1740355200,129.89,130.51,121.5,121.98,161446.607068
1740369600,121.97,125.37,121.14,123.9,111280.394826
1740384000,123.9,124.64,121.78,124.23,51117.429376
1740398400,124.23,124.41,120.12,122.37,85959.153786
1740412800,122.44,124.26,120.64,121.79,55968.374065
1740427200,121.8,123.78,112.0,114.78,212695.560504
1740441600,114.77,117.25,112.71,114.32,133026.766175
1740456000,114.34,114.98,105.89,110.05,223652.584963
1740470400,110.05,113.62,109.34,112.59,170313.193884
1740484800,112.59,113.82,108.89,111.7,116281.920555
1740499200,111.74,113.95,109.9,113.78,67796.466432
1740513600,113.78,117.19,112.97,114.53,74801.575919
1740528000,114.54,121.57,113.92,118.78,164917.126846
1740542400,118.79,119.96,117.15,119.23,60711.215636
1740556800,119.23,127.32,118.08,125.31,213800.79475
1740571200,125.33,128.4,121.35,126.35,301517.69853
1740585600,126.39,128.12,121.23,122.0,150581.766954
1740600000,122.0,128.88,121.49,124.66,133425.096005
1740614400,124.67,126.29,122.92,124.01,83943.056933
1740628800,124.0,130.36,121.82,129.48,125206.806523
1740643200,129.5,132.25,128.28,129.52,120809.111633
1740657600,129.51,131.7,123.07,128.72,209351.733324
1740672000,128.73,128.79,124.29,124.68,77740.432082
1740686400,124.69,128.13,123.21,126.92,64745.891744
1740700800,126.91,127.42,119.55,122.76,315102.24948
1740715200,122.79,123.79,115.63,115.92,174846.616949
1740729600,115.88,121.87,114.14,119.43,167329.585501
1740744000,119.45,126.88,118.97,125.0,179545.568115
1740758400,124.96,128.2,123.31,127.8,86987.25804
1740772800,127.76,129.58,126.71,128.03,51589.283233
1740787200,128.04,129.44,126.0,128.21,64305.130311
1740801600,128.2,131.0,125.99,126.24,84593.330318
1740816000,126.24,127.94,124.79,125.27,65446.277721
1740830400,125.27,125.98,122.96,125.19,76348.132179
1740844800,125.2,126.06,124.13,124.8,36828.681439
1740859200,124.78,126.39,123.56,124.32,32216.013068
1740873600,124.34,124.83,122.3,122.77,39969.130442
1740888000,122.78,124.13,121.5,122.25,41464.723834
1740902400,122.24,123.05,121.47,122.5,41734.846066
1740916800,122.51,124.86,117.45,121.41,164013.737019
1740931200,121.46,130.37,119.64,126.45,398934.714452
1740945600,126.46,129.36,125.0,127.9,123241.542212
1740960000,127.88,130.39,123.77,124.74,182694.462862
1740974400,124.74,125.01,116.84,118.71,269184.801976
1740988800,118.74,118.87,114.62,116.82,127928.034103
1741003200,116.84,119.22,112.5,113.74,169538.676528
1741017600,113.75,115.85,107.02,107.66,126630.074983
1741032000,107.67,110.99,106.73,109.89,83285.49028
1741046400,109.91,110.96,101.07,104.18,227933.434614
1741060800,104.19,106.22,100.61,101.12,121003.576673
1741075200,101.13,104.01,100.49,102.8,99329.218067
1741089600,102.75,106.32,98.82,100.05,231213.256218
1741104000,100.04,104.88,93.97,103.8,189384.16157
1741118400,103.81,104.74,101.12,103.64,58648.45563
1741132800,103.64,105.5,101.67,102.14,59666.074502
1741147200,102.15,103.55,102.0,102.48,38009.51614
1741161600,102.46,106.85,102.21,103.84,85338.031219
1741176000,103.89,104.88,100.59,101.98,97501.61908
1741190400,101.98,104.66,101.42,103.98,39398.986562
1741204800,104.03,105.33,103.81,104.75,34519.24112
1741219200,104.74,107.57,103.6,107.34,61910.477083
1741233600,107.36,113.13,106.96,108.09,154944.500838
1741248000,108.1,109.69,107.05,107.22,68147.913857
1741262400,107.23,107.42,104.02,105.47,83799.068946
1741276800,105.47,105.72,102.09,103.22,57523.659543
1741291200,103.23,104.61,102.56,103.4,42605.846688
1741305600,103.39,104.56,97.28,100.78,141984.801977
1741320000,100.8,102.91,100.59,102.69,29499.35412
1741334400,102.7,105.34,101.9,105.34,48996.795593
1741348800,105.34,105.89,103.38,104.2,90640.275146
1741363200,104.17,105.73,102.15,105.02,60459.306989
1741377600,105.06,106.65,102.42,103.7,55042.224247
1741392000,103.71,106.39,103.03,106.16,88335.039236
1741406400,106.16,108.69,104.77,105.37,63301.174761
1741420800,105.38,105.72,103.7,104.37,44658.647749
1741435200,104.39,105.64,103.45,103.91,44489.261429
1741449600,103.9,104.9,102.82,104.35,21266.528756
1741464000,104.35,104.42,101.78,102.36,30239.505027
1741478400,102.35,102.79,100.85,101.42,30914.570344
1741492800,101.43,101.55,99.8,101.43,38450.307978
1741507200,101.41,101.67,98.4,99.61,60508.616222
1741521600,99.62,100.6,97.45,99.93,76345.058686
1741536000,99.9,101.0,95.13,97.27,81383.863336
1741550400,97.28,97.9,93.63,94.61,59810.089964
1741564800,94.62,96.44,92.96,95.52,71846.600634
1741579200,95.53,97.64,95.44,96.34,38901.183371
1741593600,96.34,99.12,94.48,98.12,87504.041243
1741608000,98.12,98.66,91.26,92.89,115997.179668
1741622400,92.9,93.11,86.3,89.26,126329.969633
1741636800,89.29,89.46,87.0,87.49,58543.224715
1741651200,87.5,88.97,83.07,87.28,150817.272803
1741665600,87.29,89.47,87.01,88.05,57768.373301
1741680000,88.05,89.87,87.73,89.02,49600.664542
1741694400,89.02,90.31,86.1,89.98,93917.312854
1741708800,89.97,93.3,89.63,91.82,100168.630934
1741723200,91.87,92.38,90.22,90.44,20826.336985
1741737600,90.43,91.95,88.53,88.62,41917.453334
1741752000,88.64,90.22,88.08,90.02,41353.077679
1741766400,90.0,91.13,89.31,90.91,46659.876342
1741780800,90.91,92.91,87.3,89.76,102509.756566
1741795200,89.75,91.7,89.56,91.26,37333.820577
1741809600,91.27,91.95,91.03,91.51,25124.117163
1741824000,91.5,91.77,90.4,90.45,26302.929748
1741838400,90.44,90.71,88.8,89.3,29939.373803
1741852800,89.29,90.53,88.3,90.25,42752.923073
1741867200,90.23,91.42,88.05,88.59,48763.301958
1741881600,88.59,88.7,86.28,86.64,34803.290005
1741896000,86.65,88.77,86.38,88.09,15239.151793
1741910400,88.11,89.6,87.82,89.1,29729.95082
1741924800,89.09,89.55,88.57,89.31,19402.376068
1741939200,89.3,90.69,89.21,90.42,32108.888029
1741953600,90.38,92.9,89.62,91.4,103332.436676
1741968000,91.43,92.5,90.96,91.75,48389.327011
1741982400,91.76,92.27,90.83,91.28,27771.781529
1741996800,91.32,92.16,90.97,92.13,19311.59857
1742011200,92.15,92.48,91.09,91.57,43306.661539
1742025600,91.6,93.97,91.52,93.88,45418.716978
1742040000,93.87,94.25,92.57,92.66,30018.3841
1742054400,92.66,93.67,92.38,92.94,25591.209691
1742068800,92.97,93.51,92.29,92.47,16467.95311
1742083200,92.45,92.68,91.24,92.29,20334.738201
1742097600,92.28,92.62,91.75,92.16,18012.708933
1742112000,92.15,92.47,88.61,88.88,60954.541314
1742126400,88.89,89.84,88.35,89.23,32885.639892
1742140800,89.22,91.2,89.05,89.45,45472.350984
1742155200,89.43,91.05,89.27,90.25,20754.086277
1742169600,90.22,94.1,90.22,93.32,54492.173093
1742184000,93.3,94.38,91.39,92.25,52523.446772
1742198400,92.25,93.92,91.58,93.01,26444.84249
1742212800,93.0,94.14,92.15,93.47,58918.863766
1742227200,93.47,94.38,92.71,93.51,37170.116832
1742241600,93.5,93.51,92.04,92.31,21465.155358
1742256000,92.31,92.31,89.5,89.91,52014.46729
1742270400,89.89,90.37,88.91,89.53,31532.765063
1742284800,89.52,90.25,88.53,88.62,34924.206998
1742299200,88.62,88.92,87.11,88.22,58838.906268
1742313600,88.21,88.78,87.6,88.57,38681.526616
1742328000,88.6,90.21,87.8,90.05,44124.367336
1742342400,90.06,91.03,89.34,90.65,34329.598605
1742356800,90.66,90.75,89.52,89.64,26339.89101
1742371200,89.63,91.84,89.62,91.48,65035.699623
1742385600,91.49,92.37,90.31,92.18,61336.168499
1742400000,92.16,92.79,90.45,92.31,56418.354148
1742414400,92.35,94.26,92.27,94.06,38164.707108
1742428800,94.07,94.56,93.16,93.57,35056.290318
1742443200,93.57,93.9,92.06,92.13,27909.840979
1742457600,92.13,92.95,90.94,91.78,32218.584486
1742472000,91.81,92.83,91.39,91.63,37244.897563
1742486400,91.61,92.61,90.09,92.6,32856.616487
1742500800,92.59,93.41,92.44,93.28,32057.526779
1742515200,93.26,93.47,92.18,92.45,20334.136636
1742529600,92.45,93.6,92.45,92.71,24941.412264
1742544000,92.7,93.86,91.95,93.2,41161.941216
1742558400,93.2,93.71,92.11,93.39,38732.184734
1742572800,93.42,93.94,92.25,92.58,34014.264042
1742587200,92.57,92.88,90.81,90.84,31229.113225
1742601600,90.84,91.41,90.42,91.13,23602.78545
1742616000,91.13,91.59,90.88,91.08,12095.268217
1742630400,91.06,91.81,90.86,91.5,17794.039165
1742644800,91.49,91.6,90.59,90.92,15420.929041
1742659200,90.91,92.25,90.77,92.1,12667.72543
1742673600,92.11,92.24,91.01,91.35,9175.990275
1742688000,91.38,92.19,91.38,91.9,14500.92698
1742702400,91.9,91.94,91.17,91.67,9824.961878
1742716800,91.71,92.56,91.57,92.2,27531.046083
1742731200,92.22,93.01,91.75,92.74,25808.889179
1742745600,92.74,92.86,91.1,91.31,18279.038924
1742760000,91.31,91.52,90.65,91.46,19165.002504
1742774400,91.49,92.6,90.75,92.24,54701.21272
1742788800,92.29,93.69,92.1,92.8,37842.956149
1742803200,92.79,94.0,92.79,93.71,37511.763245
1742817600,93.73,94.98,92.67,94.13,64787.741025
1742832000,94.12,95.0,93.34,94.6,22013.521423
1742846400,94.61,95.6,93.12,93.77,34574.54033
1742860800,93.77,94.33,91.87,92.23,25719.577649
1742875200,92.23,92.92,91.89,92.35,15012.096368
1742889600,92.37,93.48,92.33,93.1,14966.731775
1742904000,93.11,94.79,92.8,93.42,42109.941181
1742918400,93.46,94.0,92.69,93.64,15897.131521
1742932800,93.66,94.65,92.98,94.37,32498.669075
1742947200,94.38,96.07,93.28,93.6,49249.467332
1742961600,93.62,95.88,93.52,95.7,30263.80757
1742976000,95.7,96.49,95.1,96.13,32676.884691
1742990400,96.14,96.44,92.76,93.13,60451.7469
1743004800,93.07,93.51,90.9,92.13,28191.84991
1743019200,92.12,93.11,91.61,92.42,15719.596285
1743033600,92.43,93.89,92.34,93.74,19324.83444
1743048000,93.77,94.37,93.33,94.29,22435.633046
1743062400,94.29,95.01,93.58,93.7,33403.169929
1743076800,93.73,94.22,92.24,93.32,40799.574521
1743091200,93.31,93.51,92.16,92.58,19930.510979
1743105600,92.62,93.23,92.35,92.82,13308.029463
1743120000,92.8,93.43,92.0,92.45,20332.826568
1743134400,92.44,92.53,88.14,88.37,83191.442503
1743148800,88.33,89.08,87.28,88.16,48999.819971
1743163200,88.21,88.46,86.74,87.27,49420.92194
1743177600,87.27,87.6,85.97,86.37,40610.024983
1743192000,86.38,87.5,85.69,87.32,31660.674448
1743206400,87.37,88.05,85.93,87.4,32445.278658
1743220800,87.39,87.65,85.73,86.11,24024.477352
1743235200,86.12,87.02,84.96,85.72,46052.330508
1743249600,85.73,87.05,85.62,86.04,35707.931816
1743264000,86.05,86.34,84.13,85.73,45759.597947
1743278400,85.73,85.75,84.47,85.44,19094.527561
1743292800,85.47,86.8,84.66,86.26,22627.338345
1743307200,86.23,86.78,85.8,86.12,21069.295644
1743321600,86.13,86.76,85.76,85.99,19207.296273
1743336000,86.0,86.68,85.02,86.44,31057.023836
1743350400,86.45,86.89,85.59,86.42,18873.438052
1743364800,86.43,86.6,84.8,86.1,12812.501809
1743379200,86.11,86.27,84.48,84.8,30320.007791
1743393600,84.8,85.72,83.35,83.71,30969.714763
1743408000,83.71,84.36,80.8,82.29,82778.880092
1743422400,82.27,83.73,81.13,83.21,73623.749819
1743436800,83.24,84.3,82.57,83.33,30796.101019
1743451200,83.33,84.06,82.77,82.96,27759.274356
1743465600,82.99,84.14,82.85,83.75,21877.592816
1743480000,83.77,84.8,83.59,84.24,22888.267881
1743494400,84.22,85.77,83.9,84.13,30101.844711
1743508800,84.13,85.91,83.47,85.64,43625.124764
1743523200,85.65,85.88,84.5,84.73,35214.269287
1743537600,84.74,85.25,84.05,84.47,12151.784436
1743552000,84.49,84.51,82.42,82.93,28916.680943
1743566400,82.92,84.76,81.18,81.74,61557.309307
1743580800,81.74,83.3,81.52,82.34,27726.913363
1743595200,82.39,87.39,82.09,85.68,86176.424008
1743609600,85.74,87.11,84.88,86.76,42248.91224
1743624000,86.75,88.56,80.94,81.55,106058.096494
1743638400,81.54,84.43,81.02,83.47,36375.801431
1743652800,83.48,84.37,83.36,83.6,21701.463655
1743667200,83.61,84.65,81.6,82.7,35255.38429
1743681600,82.71,82.84,80.13,81.88,83393.768996
1743696000,81.85,82.59,81.23,82.08,19842.670243
1743710400,82.18,83.53,82.02,83.43,10481.666265
1743724800,83.45,83.69,82.57,83.25,14261.296184
1743739200,83.28,84.85,83.0,84.79,21401.524587
1743753600,84.78,85.09,81.61,82.51,62664.493604
1743768000,82.51,84.88,81.96,84.48,55905.274409
1743782400,84.48,84.95,83.24,84.35,27854.021016
1743796800,84.36,84.96,83.95,84.44,16753.029423
1743811200,84.42,84.99,84.24,84.56,10389.604243
1743825600,84.56,84.83,83.5,83.99,21474.327986
1743840000,83.99,84.05,83.35,83.54,6903.874263
1743854400,83.56,83.56,82.06,82.21,19604.963226
1743868800,82.21,82.54,81.83,81.94,6577.616152
1743883200,81.94,82.85,81.64,82.72,12586.893812
1743897600,82.69,83.12,81.98,82.33,25414.446772
1743912000,82.33,82.5,81.52,81.75,19851.434448
1743926400,81.75,81.85,80.98,81.2,30843.128708
1743940800,81.21,81.44,78.1,78.88,91619.626739
1743955200,78.86,78.98,71.68,72.88,162835.083319
1743969600,72.88,73.17,68.41,70.63,121684.313831
1743984000,70.64,71.76,67.28,68.03,80148.766766
1743998400,68.05,68.73,63.04,64.51,171498.224098
1744012800,64.51,68.26,63.8,67.04,95668.445339
1744027200,67.08,73.03,66.7,70.04,214935.793959
1744041600,70.03,71.58,69.15,70.7,47200.31091
1744056000,70.74,72.35,70.72,71.01,30103.956965
1744070400,71.0,72.87,70.14,71.97,28852.977534
1744084800,71.99,72.91,70.87,71.47,31535.142313
1744099200,71.47,73.33,70.9,73.2,40261.834261
1744113600,73.21,73.53,71.07,71.53,54296.436744
1744128000,71.52,71.58,68.22,68.84,58612.68846
1744142400,68.83,69.88,68.52,69.17,29351.098679
1744156800,69.17,70.06,66.5,68.29,72023.185889
1744171200,68.28,70.92,68.17,70.59,75793.831976
1744185600,70.59,71.49,69.48,69.95,62353.122201
1744200000,69.96,72.12,69.67,71.42,37989.144695
1744214400,71.42,78.37,71.31,77.32,112422.978558
1744228800,77.32,78.1,75.89,76.01,35522.411101
1744243200,76.02,76.11,73.86,74.47,25227.852973
1744257600,74.45,75.09,73.72,74.1,26725.24178
1744272000,74.12,74.66,73.18,73.74,26037.059552
1744286400,73.74,74.67,71.11,71.45,45189.215711
1744300800,71.45,73.07,71.11,72.71,32139.849423
1744315200,72.72,73.93,72.7,73.82,12693.345349
1744329600,73.82,75.38,73.74,75.0,27221.347188
1744344000,75.01,76.07,74.83,75.74,36037.653963
1744358400,75.75,77.54,75.45,76.06,47527.605657
1744372800,76.09,76.68,75.54,76.32,33411.802878
1744387200,76.33,77.31,75.92,76.8,17474.531844
1744401600,76.82,77.22,75.98,76.18,18888.225596
1744416000,76.2,76.34,75.09,75.27,13256.094691
1744430400,75.26,76.3,74.93,76.25,20301.256702
1744444800,76.26,76.86,75.72,76.35,17232.70293
1744459200,76.35,80.1,76.03,79.03,80179.194834
1744473600,79.03,79.45,78.02,78.65,18125.077582
1744488000,78.66,79.39,78.18,78.63,28066.166379
1744502400,78.64,79.06,77.68,78.24,20284.165097
1744516800,78.2,78.98,77.28,78.92,16005.683476
1744531200,78.9,79.64,78.36,78.86,31877.582608
1744545600,78.86,79.42,77.56,78.12,94337.685928
1744560000,78.11,80.02,76.74,77.87,31956.906394
1744574400,77.87,78.91,76.41,77.84,37112.409564
1744588800,77.85,80.7,77.74,78.86,61624.781167
1744603200,78.9,79.61,77.23,77.93,38454.370708
1744617600,77.95,78.6,77.05,78.49,30735.2682
1744632000,78.5,79.34,76.37,76.44,36060.67027
1744646400,76.43,77.48,75.69,77.09,35126.811259
1744660800,77.09,77.51,76.51,77.17,14040.511889
1744675200,77.18,78.56,76.7,78.43,25230.61992
1744689600,78.44,78.71,77.65,78.29,14504.437882
1744704000,78.28,78.37,77.02,77.21,20926.407036
1744718400,77.21,78.24,75.47,75.67,32471.781467
1744732800,75.68,75.92,74.66,75.25,27423.384844
1744747200,75.24,76.41,75.0,75.27,14024.9773
1744761600,75.27,76.54,74.69,75.97,13880.875265
1744776000,75.97,76.27,75.21,75.58,14168.23336
1744790400,75.56,76.27,74.55,75.03,28702.916501
1744804800,75.03,75.8,73.59,74.99,35736.102595
1744819200,74.99,76.06,73.29,75.32,39721.370072
1744833600,75.29,75.81,74.1,74.33,10859.331166
1744848000,74.33,75.29,73.93,74.23,8691.130584
1744862400,74.21,75.72,73.96,75.48,12705.3431
1744876800,75.47,75.72,74.45,75.2,30135.983819
1744891200,75.21,75.58,73.64,75.15,30782.815412
1744905600,75.14,76.54,74.72,75.11,55522.451475
1744920000,75.11,75.68,74.65,74.94,8618.15824
1744934400,74.95,75.38,74.61,75.31,14411.867251
1744948800,75.3,75.68,74.84,75.56,20107.317862
1744963200,75.56,75.97,75.44,75.7,8583.888448
1744977600,75.72,76.1,75.51,75.9,9603.967423
1744992000,75.89,77.07,75.36,76.49,38149.713687
1745006400,76.51,76.74,75.8,76.0,16104.063399
1745020800,76.01,76.58,75.74,76.55,12930.965934
1745035200,76.57,76.76,76.05,76.25,12483.494582
1745049600,76.25,76.51,75.91,75.99,9553.589907
1745064000,76.0,76.25,75.64,75.7,13555.622945
1745078400,75.69,76.22,74.23,75.71,40019.326427
1745092800,75.72,76.54,75.63,76.08,9521.214625
1745107200,76.09,76.64,76.09,76.62,18945.007285
1745121600,76.64,76.97,76.22,76.63,24254.31011
1745136000,76.64,76.69,75.4,75.65,23183.403704
1745150400,75.65,76.47,75.6,76.01,12387.751698
1745164800,75.98,77.68,75.95,77.58,15573.907077
1745179200,77.62,78.5,77.3,77.78,16794.034615
1745193600,77.79,79.83,77.7,79.0,31823.825584
1745208000,79.02,80.54,78.58,80.36,28671.72847
1745222400,80.38,81.81,79.77,80.17,40121.822483
1745236800,80.18,80.8,79.58,79.86,36216.232247
1745251200,79.87,79.98,77.47,78.32,48982.711642
1745265600,78.32,78.32,77.42,78.12,17786.389606
1745280000,78.14,79.55,77.38,78.71,24717.618167
1745294400,78.69,79.75,78.27,79.65,22512.940437
1745308800,79.64,80.11,79.04,79.73,19504.440291
1745323200,79.71,83.01,79.62,82.59,85460.526299
1745337600,82.59,83.39,82.2,82.99,41370.033716
1745352000,83.01,84.7,82.62,83.48,48591.567883
1745366400,83.5,85.18,83.2,84.9,59588.251012
1745380800,84.89,85.24,83.66,84.59,39295.066488
1745395200,84.58,85.15,83.82,84.1,43263.154156
1745409600,84.08,85.24,82.23,83.61,66633.833967
1745424000,83.61,84.35,82.5,82.89,31907.457135
1745438400,82.87,83.52,82.72,83.27,18813.69936
1745452800,83.27,84.15,81.75,81.79,36839.14358
1745467200,81.79,82.96,81.66,81.88,25500.81511
1745481600,81.89,82.17,80.78,81.72,34602.191441
1745496000,81.73,83.84,81.29,83.39,42118.360839
1745510400,83.4,83.89,82.58,83.38,24081.876622
1745524800,83.41,84.63,83.01,84.3,19950.957579
1745539200,84.31,84.86,82.92,83.78,20441.29745
1745553600,83.77,85.22,83.54,84.91,38071.238987
1745568000,84.91,85.84,84.47,85.84,34840.803153
1745582400,85.84,87.25,84.91,86.51,63869.804142
1745596800,86.53,87.2,85.53,86.56,27308.016046
1745611200,86.57,87.23,86.21,86.31,14108.62493
1745625600,86.29,88.0,86.29,87.5,27490.686639
1745640000,87.51,87.94,86.53,87.09,22357.386085
1745654400,87.08,87.91,85.6,85.92,25882.802333
1745668800,85.9,86.77,85.17,86.64,19970.377823
1745683200,86.62,87.55,86.15,87.15,22682.674145
1745697600,87.13,87.89,86.89,87.06,13634.671759
1745712000,87.07,87.61,85.81,85.98,19339.893008
1745726400,85.96,86.09,84.59,85.48,41510.235096
1745740800,85.48,86.57,85.29,86.33,45958.012192
1745755200,86.34,87.2,85.63,86.24,47749.87942
1745769600,86.24,87.11,86.01,87.09,17545.490527
1745784000,87.09,87.11,85.35,85.37,11080.441906
1745798400,85.36,85.77,83.72,85.43,46514.156872
1745812800,85.42,87.5,85.42,87.45,24409.031293
1745827200,87.46,88.1,86.29,87.17,44435.37606
1745841600,87.19,87.3,83.99,84.51,36407.680194
1745856000,84.51,85.68,83.85,85.42,21568.977881
1745870400,85.47,86.24,84.99,85.68,25189.709297
1745884800,85.69,87.06,85.42,86.65,28638.248426
1745899200,86.63,86.95,85.27,86.84,19991.519008
1745913600,86.84,86.91,85.26,85.7,46301.147271
1745928000,85.69,86.0,84.98,85.22,25950.326154
1745942400,85.24,87.48,85.13,86.5,44270.570796
1745956800,86.52,86.64,84.5,85.56,39426.011649
1745971200,85.57,86.63,85.28,86.12,46558.594922
1745985600,86.13,86.32,84.51,84.78,22123.891214
1746000000,84.76,85.39,84.55,85.1,20399.35973
1746014400,85.11,85.16,81.45,82.85,57588.314291
1746028800,82.83,83.8,82.48,83.67,20049.488449
1746043200,83.69,84.65,83.28,83.53,16433.530587
1746057600,83.53,84.89,83.33,84.23,23973.954259
1746072000,84.25,85.14,84.06,84.92,28090.860757
1746086400,84.92,87.14,84.88,86.98,38672.487595
1746100800,86.97,88.14,86.2,87.59,49416.551767
1746115200,87.58,89.82,87.58,89.29,62113.063413
1746129600,89.3,91.0,88.77,88.84,43580.232415
1746144000,88.84,91.04,88.65,90.02,35390.857856
1746158400,90.02,90.2,87.96,87.96,25830.889092
1746172800,87.95,89.25,87.94,88.56,13952.688996
1746187200,88.58,89.5,88.07,88.3,25168.069268
1746201600,88.32,89.24,87.36,87.5,19549.047539
1746216000,87.5,88.02,87.14,87.98,14028.247374
1746230400,87.98,88.0,87.23,87.29,12303.72095
1746244800,87.28,87.66,86.62,86.86,14771.145999
1746259200,86.87,87.34,86.19,86.19,10203.528551
1746273600,86.19,87.53,86.19,86.83,15110.181656
1746288000,86.84,87.17,85.52,87.08,16697.576335
1746302400,87.09,87.21,86.49,86.54,13958.982009
1746316800,86.54,86.91,85.69,86.09,12749.82048
1746331200,86.08,86.85,85.79,86.35,7559.88377
1746345600,86.35,86.35,85.61,85.88,13708.138598
1746360000,85.85,86.86,85.57,86.64,13996.257664
1746374400,86.63,86.78,85.86,86.35,11645.05065
1746388800,86.37,86.8,84.79,85.03,32496.570447
1746403200,85.08,86.48,84.68,85.96,22462.180493
1746417600,86.02,88.7,85.98,87.93,30161.600297
1746432000,87.89,89.53,87.57,88.06,42485.22978
1746446400,88.06,88.76,85.67,85.76,39255.569331
1746460800,85.74,87.79,84.28,84.47,59923.232857
1746475200,84.47,84.47,82.21,83.25,53422.319348
1746489600,83.24,83.6,81.7,82.78,33440.705118
1746504000,82.77,83.21,81.77,81.96,31305.339474
1746518400,81.96,82.27,81.02,81.76,39513.776273
1746532800,81.76,83.13,81.19,82.27,38114.184464
1746547200,82.29,84.64,81.87,84.35,25560.036718
1746561600,84.34,92.65,83.61,91.59,177390.479598
1746576000,91.6,93.58,91.17,92.34,156366.808234
1746590400,92.35,92.65,91.08,92.53,55843.443034
1746604800,92.54,93.3,91.13,91.21,44868.17216
1746619200,91.24,91.55,88.8,88.8,66897.348366
1746633600,88.8,88.9,87.22,87.65,54992.574613
1746648000,87.66,91.0,87.51,89.53,55731.626589
1746662400,89.54,92.11,89.4,91.68,82385.509668
1746676800,91.69,93.42,91.04,92.48,56662.863203
1746691200,92.48,93.09,91.83,92.12,47104.547175
1746705600,92.11,94.41,91.09,93.17,101044.972357
1746720000,93.18,93.54,92.11,92.92,40719.799054
1746734400,92.97,95.48,92.58,94.99,43231.471711
1746748800,94.97,96.09,93.86,94.47,48270.993261
1746763200,94.47,98.64,94.36,98.06,55330.740319
1746777600,98.09,101.53,97.17,98.74,118149.381544
1746792000,98.71,100.43,97.19,98.34,67064.128509
1746806400,98.34,99.73,97.56,99.32,27393.506905
1746820800,99.33,100.88,99.18,100.53,26576.996952
1746835200,100.54,107.0,100.42,103.37,112248.078332
1746849600,103.45,104.34,102.15,103.99,35022.850383
1746864000,103.98,104.56,100.5,100.69,54464.901199
1746878400,100.72,102.71,100.72,101.85,30963.467765
1746892800,101.82,104.46,101.82,103.41,34618.215872
1746907200,103.42,105.53,102.83,105.26,39463.989853
1746921600,105.27,105.99,102.02,104.51,67576.401748
1746936000,104.47,105.0,99.76,100.66,60917.141259
1746950400,100.66,101.79,99.87,101.74,29012.889507
1746964800,101.71,101.99,98.1,99.46,47084.54466
1746979200,99.4,100.82,98.22,100.32,25490.303297
1746993600,100.34,100.78,99.35,100.14,11511.873669
1747008000,100.14,101.82,99.21,101.01,41796.398037
1747022400,100.98,104.3,100.14,102.25,54114.795544
1747036800,102.28,103.5,101.26,101.91,36443.605255
1747051200,101.87,104.06,99.16,100.37,78615.091699
1747065600,100.37,102.53,98.31,101.6,55494.86565
1747080000,101.61,105.09,100.97,103.81,43020.63426
1747094400,103.81,104.8,99.4,100.01,74879.513868
1747108800,100.0,103.67,99.83,102.53,31012.883441
1747123200,102.58,103.14,101.54,102.95,31822.024388
1747137600,102.95,103.49,99.6,101.19,50393.907721
1747152000,101.17,104.95,101.07,104.03,43858.30878
1747166400,104.01,104.96,102.96,103.45,25401.860388
1747180800,103.41,104.77,102.38,103.44,40213.419521
1747195200,103.43,105.96,102.73,104.42,55086.207304
1747209600,104.43,104.82,101.12,102.37,39019.426163
1747224000,102.37,102.78,99.0,100.01,45182.843806
1747238400,99.99,100.66,98.6,100.17,23080.039549
1747252800,100.21,101.63,99.98,100.98,17688.445268
1747267200,100.97,101.9,99.43,99.6,27000.753692
1747281600,99.6,100.5,95.54,95.72,54563.058745
1747296000,95.7,98.37,95.7,98.18,37574.156678
1747310400,98.16,99.02,95.62,98.44,46744.977757
1747324800,98.4,99.9,97.41,99.58,25455.814776
1747339200,99.6,100.48,97.7,99.25,30810.626711
1747353600,99.27,101.19,98.75,100.9,32882.740292
1747368000,100.91,101.1,99.71,99.88,19338.648499
1747382400,99.89,101.34,98.28,100.98,28535.720637
1747396800,100.99,101.7,100.14,101.55,20959.17261
1747411200,101.55,102.17,100.22,100.73,14582.477244
1747425600,100.69,100.69,98.73,99.46,19388.703586
1747440000,99.48,100.14,97.37,99.17,29104.32185
1747454400,99.16,101.23,99.07,100.55,24050.032893
1747468800,100.53,101.13,98.5,98.89,21709.126427
1747483200,98.89,99.06,97.04,97.64,27990.664281
1747497600,97.61,97.99,96.3,96.38,26290.181453
1747512000,96.37,97.56,95.66,96.08,20240.999251
1747526400,96.08,97.03,96.0,96.36,11590.54551
1747540800,96.4,98.69,96.35,98.64,18554.97134
1747555200,98.65,99.23,98.12,98.23,21548.0215
1747569600,98.23,101.89,97.84,101.82,25283.879155
1747584000,101.82,102.45,97.03,97.04,53056.306749
1747598400,97.04,101.33,95.8,100.94,34894.946855
1747612800,100.97,101.27,97.03,97.06,32074.954102
1747627200,97.06,97.86,94.27,95.71,50122.968217
1747641600,95.71,95.95,94.82,95.78,15755.428089
1747656000,95.78,97.91,94.4,97.79,42463.762563
1747670400,97.8,99.4,97.05,99.18,27280.703077
1747684800,99.16,99.33,98.1,98.25,12529.814521
1747699200,98.27,99.68,97.89,97.91,29386.058398
1747713600,97.92,98.35,93.18,93.96,98285.844449
1747728000,93.95,94.25,92.4,93.47,65397.461797
1747742400,93.45,94.18,92.32,93.9,30884.461098
1747756800,93.89,94.62,92.97,93.78,24382.919973
1747771200,93.77,94.9,93.28,94.47,34778.16752
1747785600,94.48,95.19,93.44,94.76,46136.733445
1747800000,94.75,96.19,94.37,94.78,40598.628225
1747814400,94.78,95.71,94.43,95.47,17594.969962
1747828800,95.47,96.78,94.59,96.66,40886.342647
1747843200,96.66,98.38,94.21,96.32,48904.531336
1747857600,96.3,97.78,95.71,97.09,20583.875804
1747872000,97.11,100.2,96.87,99.58,47865.872819
1747886400,99.58,99.74,97.84,99.1,39075.784653
1747900800,99.12,99.91,97.74,98.5,54560.812739
1747915200,98.5,99.39,97.99,99.2,30784.465922
1747929600,99.21,100.91,98.7,99.68,37803.824264
1747944000,99.71,101.08,99.08,100.26,24575.671065
1747958400,100.26,102.91,99.69,102.15,32668.138916
1747972800,102.13,102.46,99.63,100.0,24507.783829
1747987200,100.03,102.02,96.97,97.41,46840.628627
1748001600,97.43,99.97,95.09,98.34,65425.170353
1748016000,98.35,99.4,97.67,98.67,28693.108749
1748030400,98.65,98.66,94.59,95.29,30279.870531
1748044800,95.24,97.17,94.8,96.73,15287.020315
1748059200,96.74,97.18,96.05,96.62,9942.037007
1748073600,96.63,97.84,96.57,97.22,13852.927297
1748088000,97.19,97.41,96.4,96.98,17595.520882
1748102400,96.98,96.98,95.94,96.89,23113.948432
1748116800,96.87,96.87,95.33,95.62,16356.133639
1748131200,95.63,96.05,94.28,95.8,16944.802982
1748145600,95.8,95.95,95.1,95.29,7097.139065
1748160000,95.28,95.28,93.74,94.53,34964.187134
1748174400,94.51,95.24,93.1,94.36,31022.946379
1748188800,94.36,94.9,93.39,94.68,13217.100124
1748203200,94.68,95.86,93.81,95.62,15088.480914
1748217600,95.62,96.52,95.2,96.15,19536.783588
1748232000,96.2,97.21,96.01,97.0,15150.237347
1748246400,97.01,97.3,96.44,96.89,16526.140019
1748260800,96.89,97.64,96.43,97.18,25132.018445
1748275200,97.17,97.48,94.31,94.77,25021.100679
1748289600,94.75,95.69,94.37,95.05,13976.786774
1748304000,95.03,95.3,93.05,94.46,24052.374078
1748318400,94.48,95.69,93.72,95.56,28701.519316
1748332800,95.57,96.27,95.03,95.53,37301.60983
1748347200,95.53,96.8,94.96,96.35,37914.169335
1748361600,96.36,96.95,96.01,96.7,18275.742099
1748376000,96.69,97.0,95.33,95.88,14460.153737
1748390400,95.89,96.29,95.11,95.74,17296.274186
1748404800,95.77,95.95,94.95,95.53,13148.467875
1748419200,95.54,97.3,95.28,97.29,21503.785602
1748433600,97.27,97.5,93.98,94.49,42258.130979
1748448000,94.48,95.79,93.5,93.57,20665.872287
1748462400,93.55,95.61,93.53,95.39,16341.939901
1748476800,95.39,98.93,94.96,97.32,56428.146688
1748491200,97.3,98.1,96.02,96.98,36284.591966
1748505600,96.99,97.69,96.55,97.12,18958.047185
1748520000,97.1,97.15,94.76,95.72,34532.0593
1748534400,95.75,96.11,93.63,93.81,38554.271574
1748548800,93.83,94.73,92.84,93.23,30843.824539
1748563200,93.22,93.9,89.31,91.78,95341.179221
1748577600,91.77,92.02,89.97,90.58,31890.558323
1748592000,90.58,90.75,89.19,90.57,49818.050519
1748606400,90.56,90.71,88.97,89.6,39249.785264
1748620800,89.62,89.92,86.48,88.52,69436.225607
1748635200,88.51,88.59,84.9,85.63,38369.988197
1748649600,85.63,85.88,83.15,84.32,76622.466704
1748664000,84.34,85.3,83.47,84.98,35681.384961
1748678400,84.98,85.7,84.63,85.0,25231.651151
1748692800,84.99,87.7,84.94,87.01,31522.984395
1748707200,87.02,87.93,86.82,87.56,16360.105876
1748721600,87.57,87.9,86.98,87.06,15282.518191
1748736000,87.04,87.38,86.18,87.05,14679.913334
1748750400,87.07,87.56,86.34,86.62,11797.042283
1748764800,86.62,87.01,85.74,86.78,14277.922401
1748779200,86.78,87.93,86.22,87.74,14456.24829
1748793600,87.74,88.46,86.79,88.07,15575.230821
1748808000,88.07,88.72,87.69,88.39,7520.357559
1748822400,88.41,88.6,86.98,87.39,11725.189294
1748836800,87.38,89.9,87.23,89.04,22722.07981
1748851200,89.07,89.65,87.68,87.88,25498.613933
1748865600,87.85,88.72,87.4,88.41,20786.752748
1748880000,88.43,89.12,87.73,88.62,10563.887021
1748894400,88.65,89.96,88.62,89.49,13132.694232
1748908800,89.5,90.58,89.34,89.49,20578.664017
1748923200,89.49,89.95,89.04,89.45,9589.4888
1748937600,89.46,89.75,88.76,88.93,13166.982282
1748952000,88.98,90.24,88.72,89.83,21451.608864
1748966400,89.88,90.56,89.52,90.34,10926.291588
1748980800,90.33,90.33,88.68,89.49,13258.310372
1748995200,89.5,90.71,89.47,90.41,19022.843995
1749009600,90.42,90.9,89.91,90.31,11087.632125
1749024000,90.33,90.99,90.11,90.16,39676.750567
1749038400,90.16,90.58,89.31,90.05,25564.661979
1749052800,90.04,90.13,88.8,88.91,17291.34259
1749067200,88.9,88.92,87.39,87.98,33182.132374
1749081600,87.98,89.06,87.91,88.36,17136.658515
1749096000,88.36,88.55,87.23,87.53,20541.892841
1749110400,87.54,88.08,87.1,87.85,12630.738642
1749124800,87.85,89.13,86.83,87.55,30472.48571
1749139200,87.54,87.6,84.83,85.78,29588.154005
1749153600,85.78,86.1,81.79,83.59,83423.274005
1749168000,83.6,84.43,83.18,84.38,35871.470587
1749182400,84.39,84.56,83.64,83.88,16287.437711
1749196800,83.89,84.7,83.85,84.58,30030.360663
1749211200,84.59,86.94,84.54,86.58,45118.867311
1749225600,86.56,87.02,86.2,86.79,19950.286554
1749240000,86.79,87.68,86.73,87.25,12579.850252
1749254400,87.25,88.04,86.64,87.65,30429.260703
1749268800,87.64,88.35,87.45,88.32,12153.615634
1749283200,88.33,88.68,87.77,88.5,27326.111729
1749297600,88.5,88.98,88.26,88.98,12107.768037
1749312000,88.99,89.29,87.9,88.11,16608.301867
1749326400,88.12,88.94,88.12,88.33,5828.736888
1749340800,88.34,88.62,88.06,88.39,5225.131362
1749355200,88.39,88.53,86.97,87.18,20718.542553
1749369600,87.19,87.43,86.59,87.2,17615.430919
1749384000,87.2,88.2,87.05,88.03,16529.135546
1749398400,88.06,88.46,87.85,88.0,10132.593529
1749412800,88.01,88.23,87.09,87.2,10330.786185
1749427200,87.2,87.88,86.91,87.88,16372.441467
1749441600,87.85,88.11,86.72,86.98,15072.738592
1749456000,87.0,89.29,86.85,89.24,21985.664352
1749470400,89.25,89.55,87.69,88.12,37047.665418
1749484800,88.12,89.35,88.12,88.49,19235.513844
1749499200,88.5,90.82,88.48,90.74,28925.840995
1749513600,90.75,91.49,90.56,90.56,19441.746697
1749528000,90.56,90.72,89.64,90.18,14971.333334
1749542400,90.2,91.67,89.53,91.62,19285.930508
1749556800,91.61,93.08,90.14,90.94,39814.287217
1749571200,90.95,92.42,90.61,91.88,20150.858728
1749585600,91.86,93.47,91.25,93.32,32736.933175
1749600000,93.32,93.62,91.42,91.85,21694.223364
1749614400,91.86,92.19,91.55,91.72,16685.812126
1749628800,91.72,92.44,90.91,91.14,33776.308847
1749643200,91.13,93.42,90.83,93.39,41637.487964
1749657600,93.39,94.18,91.75,91.86,41248.977924
1749672000,91.86,92.57,90.39,91.57,21659.601466
1749686400,91.57,91.9,90.28,90.35,20059.802045
1749700800,90.35,90.45,89.25,89.54,17584.608506
1749715200,89.53,90.08,88.12,88.18,22129.485968
1749729600,88.19,89.4,87.81,87.92,18818.707973
1749744000,87.92,89.9,87.26,87.45,25119.133625
1749758400,87.44,87.75,86.01,86.15,30417.825896
1749772800,86.14,86.14,81.31,83.32,136248.014959
1749787200,83.32,84.02,82.43,83.8,23853.785692
1749801600,83.82,84.43,83.23,84.23,16275.02385
1749816000,84.23,84.55,82.82,84.17,29413.675902
1749830400,84.18,85.08,83.78,84.76,30029.743767
1749844800,84.76,86.82,84.71,86.56,18184.580159
1749859200,86.54,86.54,85.62,86.15,17814.818071
1749873600,86.15,86.48,85.78,86.43,12094.943751
1749888000,86.42,86.88,85.9,86.01,26059.307296
1749902400,86.01,86.56,85.07,85.33,14090.664971
1749916800,85.32,85.47,84.22,84.72,13777.590274
1749931200,84.74,85.43,84.25,85.17,7463.829624
1749945600,85.18,85.93,85.03,85.81,8051.220256
1749960000,85.82,86.25,85.34,85.51,7595.759644
1749974400,85.52,85.54,85.02,85.33,9566.533217
1749988800,85.36,86.56,85.29,86.14,9648.737179
1750003200,86.15,86.35,85.63,86.08,8009.984653
1750017600,86.08,86.37,84.91,86.3,10112.623532
1750032000,86.3,87.03,85.34,86.53,17412.231136
1750046400,86.53,87.75,86.51,87.54,14887.882672
1750060800,87.56,87.77,86.63,87.13,15842.818022
1750075200,87.12,88.8,86.98,87.97,24666.059067
1750089600,87.95,88.91,87.91,88.82,13537.007583
1750104000,88.8,88.92,86.49,86.68,23550.292718
1750118400,86.68,87.76,85.32,87.14,32451.447996
1750132800,87.15,87.16,86.01,86.37,21607.836023
1750147200,86.37,86.45,84.81,85.11,21543.10633
1750161600,85.12,85.9,83.75,84.1,25263.008872
1750176000,84.1,85.18,82.5,84.82,42828.351887
1750190400,84.8,84.98,83.7,84.21,18256.911517
1750204800,84.22,85.77,84.14,85.27,18044.303235
1750219200,85.29,85.6,84.7,85.12,12232.557848
1750233600,85.13,85.37,83.3,84.43,23965.608803
1750248000,84.44,85.34,83.34,84.83,38942.459018
1750262400,84.83,85.13,83.73,84.2,15488.930436
1750276800,84.22,85.45,84.06,85.07,8994.08083
1750291200,85.1,85.61,84.47,85.19,9532.62084
1750305600,85.2,85.47,84.83,84.99,13315.776449
1750320000,85.0,85.95,84.67,85.49,12519.295155
1750334400,85.47,85.76,84.37,84.8,11864.754679
1750348800,84.84,85.38,84.22,85.24,14602.818985
1750363200,85.27,85.44,84.75,85.12,12542.07962
1750377600,85.13,85.23,84.51,85.07,15552.637297
1750392000,85.1,85.57,84.12,85.52,16491.867283
1750406400,85.52,85.94,85.28,85.69,14719.877324
1750420800,85.7,85.98,83.64,83.78,45411.418683
1750435200,83.78,83.87,80.96,82.9,56719.378323
1750449600,82.89,83.65,82.35,82.9,22108.809816
1750464000,82.9,83.72,82.73,83.57,7258.796616
1750478400,83.56,84.12,83.27,83.31,9422.631781
1750492800,83.32,83.61,83.03,83.2,10208.08714
1750507200,83.21,83.38,82.26,82.79,19572.259877
1750521600,82.79,83.13,80.68,81.01,23587.154077
1750536000,81.02,81.79,78.6,80.27,54608.685963
1750550400,80.27,81.42,79.69,80.5,22609.170536
1750564800,80.5,82.03,80.37,81.31,17167.198559
1750579200,81.32,81.7,80.26,81.03,21118.151993
1750593600,81.03,81.52,77.43,77.65,69285.12168
1750608000,77.64,79.43,77.36,78.16,37103.601523
1750622400,78.17,80.32,76.17,80.21,40488.6478
1750636800,80.21,81.03,79.7,79.93,94619.210911
1750651200,79.96,81.14,79.8,81.03,17094.715006
1750665600,81.02,81.21,80.51,80.79,17653.634694
1750680000,80.79,82.27,80.53,81.1,52492.764587
1750694400,81.11,83.16,79.47,83.04,28295.158157
1750708800,83.05,85.42,82.89,84.9,34952.468641
1750723200,84.9,85.36,84.29,84.47,26388.131601
1750737600,84.5,85.29,84.18,84.36,24159.453743
1750752000,84.37,85.12,83.82,84.3,14823.44174
1750766400,84.3,84.75,83.82,84.36,23996.94886
1750780800,84.38,85.1,84.19,84.49,13928.926111
1750795200,84.47,85.16,84.4,84.84,13028.709275
1750809600,84.83,85.38,84.45,84.9,14728.937494
1750824000,84.91,85.48,84.56,85.16,27046.709175
1750838400,85.17,85.25,83.98,84.42,22014.955059
1750852800,84.41,85.33,83.95,84.13,45350.352747
1750867200,84.14,84.95,83.98,84.82,17721.365973
1750881600,84.82,85.15,84.07,84.67,7679.296697
1750896000,84.67,85.69,84.52,85.16,20209.88886
1750910400,85.18,85.75,84.66,85.51,15292.721793
1750924800,85.5,85.93,84.91,84.93,19015.100825
1750939200,84.93,85.37,83.77,84.78,45518.342914
1750953600,84.79,85.22,84.04,84.99,10427.572008
1750968000,84.98,85.52,84.09,84.29,11993.127909
1750982400,84.29,85.65,83.58,85.37,16599.546595
1750996800,85.37,85.57,84.58,84.67,11158.274792
1751011200,84.66,84.84,84.22,84.4,10492.986037
1751025600,84.39,84.72,83.31,84.3,22755.974105
1751040000,84.3,85.0,83.18,84.12,13693.698634
1751054400,84.11,85.3,84.03,84.81,10982.286943
1751068800,84.83,85.26,84.57,85.16,10928.898347
1751083200,85.15,85.62,85.06,85.37,9807.85606
1751097600,85.38,85.84,85.05,85.4,12310.633656
1751112000,85.41,86.63,85.22,86.48,14888.240499
1751126400,86.48,87.36,86.33,86.35,23352.225632
1751140800,86.35,86.44,85.84,86.31,8000.050898
1751155200,86.32,86.77,85.87,86.41,8056.456987
1751169600,86.42,86.83,86.17,86.72,6679.704768
1751184000,86.74,86.93,86.55,86.78,11498.552026
1751198400,86.77,86.99,86.24,86.63,14938.067788
1751212800,86.64,87.08,86.34,86.84,5000.248989
1751227200,86.84,88.49,86.33,87.98,22414.396733
1751241600,87.96,88.34,87.31,87.35,13920.074414
1751256000,87.4,87.6,85.86,86.48,17008.667057
1751270400,86.47,86.59,85.4,85.5,17629.60944
1751284800,85.48,86.27,84.76,85.97,29497.977038
1751299200,85.97,87.13,85.74,87.09,16020.814357
1751313600,87.08,87.12,85.89,86.01,12217.603887
1751328000,86.0,86.82,85.72,86.64,12129.723812
1751342400,86.64,86.71,85.6,86.65,9996.391429
1751356800,86.67,86.67,85.29,85.71,13521.433228
1751371200,85.68,85.88,84.11,84.34,20512.56281
1751385600,84.33,84.65,83.69,83.86,12693.31486
1751400000,83.87,83.92,82.41,83.21,19987.400451
1751414400,83.2,83.94,82.96,83.8,8443.480951
1751428800,83.81,84.33,83.69,84.09,6804.070113
1751443200,84.09,84.51,83.94,84.23,13111.178237
1751457600,84.22,86.2,83.92,86.14,26140.457386
1751472000,86.15,87.97,86.11,87.94,34941.09864
1751486400,87.94,88.66,87.22,87.3,24220.442058
1751500800,87.3,88.62,86.86,88.06,109852.067571
1751515200,88.06,91.05,88.0,91.04,95293.553473
1751529600,91.05,92.29,90.64,91.33,62234.568181
1751544000,91.31,91.91,88.86,88.94,55342.739142
1751558400,88.95,90.13,88.66,89.63,28257.388003
1751572800,89.64,89.91,88.79,89.08,12732.891403
1751587200,89.09,89.35,88.07,88.76,24436.231215
1751601600,88.76,89.2,87.08,87.3,30498.44209
1751616000,87.3,88.66,87.02,88.16,16283.260774
1751630400,88.16,88.62,86.28,86.6,29615.0506
1751644800,86.62,87.33,85.66,86.34,113511.911604
1751659200,86.34,87.1,86.2,86.82,16434.70035
1751673600,86.82,87.1,85.98,86.76,8480.125149
1751688000,86.77,87.05,86.1,86.24,7308.237924
1751702400,86.24,86.78,85.83,86.55,7519.641403
1751716800,86.55,86.92,86.21,86.45,7413.425752
1751731200,86.45,86.79,85.99,86.75,6564.307812
1751745600,86.72,87.82,86.66,87.56,38521.327357
1751760000,87.56,87.69,86.86,87.05,7374.489409
1751774400,87.06,87.2,86.53,86.73,6718.208936
1751788800,86.74,87.57,86.48,87.48,11088.446207
1751803200,87.48,88.43,87.05,87.98,23191.597619
1751817600,87.98,88.08,87.14,87.52,17274.775713
1751832000,87.53,88.51,87.32,87.35,71971.481955
1751846400,87.36,88.17,87.06,87.65,19213.292324
1751860800,87.65,88.49,87.43,87.94,86277.207112
1751875200,87.91,88.08,86.85,86.92,28539.633297
1751889600,86.95,87.35,85.88,86.11,41446.237626
1751904000,86.11,86.39,85.15,85.87,63103.585484
1751918400,85.88,86.2,85.32,86.04,12573.837624
1751932800,86.04,86.18,85.53,85.98,10749.885161
1751947200,85.99,86.64,85.83,86.62,8460.552177
1751961600,86.62,86.91,86.06,86.53,9921.328591
1751976000,86.56,87.09,86.11,86.36,26920.103377
1751990400,86.36,87.59,86.25,87.31,38407.201645
1752004800,87.31,88.0,87.03,87.74,20684.261212
1752019200,87.76,87.83,87.14,87.61,21770.442955
1752033600,87.6,88.3,87.54,88.07,21579.538761
1752048000,88.08,88.48,87.6,88.38,11852.390396
1752062400,88.38,89.08,87.96,88.52,23695.214916
1752076800,88.52,90.43,88.29,90.38,35129.089302
1752091200,90.38,91.38,89.8,90.62,30849.908073
1752105600,90.62,91.45,90.1,90.91,22936.710905
1752120000,90.9,91.25,90.33,90.95,16100.54197
1752134400,90.96,91.4,90.65,90.93,15364.021581
1752148800,90.92,91.25,90.29,91.2,28715.802452
1752163200,91.2,93.18,91.16,92.56,50701.238301
1752177600,92.55,95.31,92.48,94.86,54094.944661
1752192000,94.84,95.92,93.57,95.47,44699.060166
1752206400,95.46,96.58,94.51,94.91,55309.897295
1752220800,94.92,96.02,94.86,95.44,24783.302091
1752235200,95.46,98.34,95.12,96.67,72271.819357
1752249600,96.69,97.79,95.73,97.05,53390.154663
1752264000,97.05,97.18,92.47,94.23,56164.736787
1752278400,94.26,95.44,93.14,94.79,19778.424062
1752292800,94.8,94.84,92.44,93.2,47001.145315
1752307200,93.19,94.09,92.56,93.44,27452.140436
1752321600,93.45,93.64,90.73,91.15,55352.780339
1752336000,91.15,92.88,90.97,92.83,18369.475304
1752350400,92.84,92.98,91.88,92.76,6468.282437
1752364800,92.78,93.64,92.52,93.11,8200.105447
1752379200,93.14,94.65,92.99,94.36,20095.740638
1752393600,94.37,94.94,93.97,94.82,12847.736109
1752408000,94.82,96.62,94.69,96.14,27475.244631
1752422400,96.14,96.87,95.27,96.33,37680.825781
1752436800,96.36,96.55,93.85,94.61,21035.312042
1752451200,94.64,97.14,94.41,96.78,26126.372723
1752465600,96.8,97.93,96.1,97.16,40811.725058
1752480000,97.19,97.98,95.97,96.99,62492.260291
1752494400,96.98,97.56,94.86,95.45,54188.84713
1752508800,95.43,96.45,94.69,94.99,24277.757755
1752523200,94.99,95.76,94.11,95.64,7064.505646
1752537600,95.62,96.1,91.28,91.88,51772.826441
1752552000,91.87,93.15,91.2,92.5,21534.538607
1752566400,92.5,93.4,91.95,92.68,10389.84997
1752580800,92.7,93.96,91.69,93.44,41593.44749
1752595200,93.44,96.35,93.36,95.18,40771.558743
1752609600,95.18,96.72,94.77,96.37,22529.125322
1752624000,96.37,97.22,95.19,95.49,23610.231334
1752638400,95.48,96.6,95.07,96.38,21704.99196
1752652800,96.38,97.94,96.1,96.95,39306.142493
1752667200,96.96,98.02,95.83,96.84,53601.465242
1752681600,96.84,99.8,96.53,98.52,63511.261961
1752696000,98.52,99.95,97.07,97.46,46309.00878
1752710400,97.48,98.81,95.33,96.12,57414.829396
1752724800,96.11,98.65,95.9,98.23,30845.012734
1752739200,98.22,101.39,98.05,99.67,65645.626292
1752753600,99.67,101.73,98.21,101.31,56536.118701
1752768000,101.3,102.38,100.0,100.96,86548.746829
1752782400,100.98,103.59,99.83,101.59,53068.291876
1752796800,101.59,107.78,101.07,107.78,110735.873222
1752811200,107.77,110.2,106.16,107.64,146836.201115
1752825600,107.64,112.15,107.63,108.45,117305.826954
1752840000,108.47,110.42,103.06,103.85,252890.421559
1752854400,103.85,105.75,102.04,102.27,68132.637693
1752868800,102.27,102.55,100.07,101.76,65836.796999
1752883200,101.73,102.82,100.08,102.51,62148.525159
1752897600,102.52,104.3,101.72,102.76,101755.467244
1752912000,102.77,103.02,100.92,101.27,34167.862547
1752926400,101.31,101.55,99.66,101.19,44897.753458
1752940800,101.2,113.49,101.08,112.63,178105.360069
1752955200,112.62,114.18,108.99,113.19,206599.666159
1752969600,113.2,113.45,110.55,112.49,107932.828538
1752984000,112.48,118.64,112.33,117.56,191265.054094
1752998400,117.51,120.12,115.46,116.12,184222.15937
1753012800,116.13,118.36,115.73,117.17,140391.960963
1753027200,117.15,121.46,116.51,117.42,126791.262302
1753041600,117.43,117.62,113.94,116.57,53729.439636
1753056000,116.58,118.31,115.46,117.33,66520.985695
1753070400,117.33,121.94,117.16,120.7,84084.027351
1753084800,120.68,121.14,117.73,117.84,48674.963485
1753099200,117.81,119.34,116.32,118.24,78320.809993
1753113600,118.25,118.39,114.58,115.17,73258.52017
1753128000,115.21,116.45,114.8,115.43,38713.504936
1753142400,115.45,117.16,112.76,115.75,99650.580426
1753156800,115.72,116.66,114.07,115.27,80710.892673
1753171200,115.27,115.68,112.59,115.6,71844.270237
1753185600,115.61,116.43,112.77,115.82,66953.920931
1753200000,115.82,119.86,115.62,116.95,80976.554046
1753214400,116.95,119.81,116.05,119.63,40415.867446
1753228800,119.64,122.28,117.4,119.95,86331.896698
1753243200,119.96,120.28,116.89,117.61,52647.788766
1753257600,117.61,118.16,116.22,116.9,66035.197122
1753272000,116.9,117.24,110.88,114.61,153533.692778
1753286400,114.62,114.91,110.88,112.16,66850.818189
1753300800,112.14,112.78,108.9,112.06,73530.526541
1753315200,112.06,114.33,111.45,112.96,30817.893602
1753329600,113.0,113.22,106.6,110.98,97591.292394
1753344000,110.97,114.33,110.47,113.7,73344.794604
1753358400,113.69,115.44,110.86,113.46,65169.113969
1753372800,113.48,114.09,111.15,113.2,43430.453727
1753387200,113.2,114.95,111.88,112.26,27644.076591
1753401600,112.28,112.33,108.21,109.37,96565.063334
1753416000,109.37,112.73,108.36,111.14,50642.503753
1753430400,111.14,116.1,110.89,115.66,84015.115283
1753444800,115.66,116.4,109.44,110.56,77100.387253
1753459200,110.54,112.17,109.33,111.2,23599.20907
1753473600,111.2,113.9,110.95,113.8,21132.771944
1753488000,113.81,113.84,112.1,113.23,25175.339856
1753502400,113.23,113.88,112.86,113.17,12385.025609
1753516800,113.18,114.38,113.15,113.64,18063.046476
1753531200,113.64,114.62,113.04,113.82,31718.641508
1753545600,113.82,115.46,113.27,114.9,26060.651177
1753560000,114.92,115.33,113.84,113.91,12446.183497
1753574400,113.93,115.24,113.63,114.58,14159.917006
1753588800,114.57,115.6,114.07,114.24,16239.92056
1753603200,114.23,114.4,112.33,113.19,39631.818825
1753617600,113.18,114.14,112.63,113.54,29122.157382
1753632000,113.51,115.3,113.32,113.84,34573.715079
1753646400,113.85,115.38,113.19,114.78,23072.401089
1753660800,114.78,116.23,113.77,115.32,65774.496226
1753675200,115.3,116.43,114.48,114.88,53218.710666
1753689600,114.86,115.19,112.95,113.48,40450.617011
1753704000,113.47,113.82,109.82,110.36,68156.668498
1753718400,110.38,111.0,108.64,109.5,32136.744133
1753732800,109.51,110.11,108.29,109.05,25728.216953
1753747200,109.07,110.13,107.62,109.28,48344.956341
1753761600,109.26,110.78,108.71,110.59,30853.2191
1753776000,110.61,110.62,108.28,109.18,20494.212877
1753790400,109.2,110.55,107.06,108.09,52120.559338
1753804800,108.08,109.94,106.74,108.1,34634.000409
1753819200,108.12,108.92,107.27,108.55,20418.724455
1753833600,108.51,109.62,107.2,108.94,18741.121105
1753848000,108.92,109.6,107.47,109.3,19557.328488
1753862400,109.3,110.4,106.82,107.42,48253.652743
1753876800,107.44,109.86,106.83,109.41,39935.414448
1753891200,109.42,110.58,105.3,108.91,149058.89002
1753905600,108.91,111.34,108.42,110.5,29540.118452
1753920000,110.52,111.87,110.23,110.62,28012.330412
1753934400,110.63,111.36,110.32,110.69,15114.449925
1753948800,110.69,111.4,109.51,109.99,19537.056533
1753963200,110.0,110.12,108.51,109.24,34672.857492
1753977600,109.25,110.43,107.95,108.25,21959.338677
1753992000,108.23,108.72,105.77,106.08,35206.806645
1754006400,106.07,107.02,103.8,106.47,123667.517148
1754020800,106.47,106.47,104.37,105.09,36325.116235
1754035200,105.07,105.6,103.13,105.51,78175.795492
1754049600,105.51,106.97,103.87,106.36,59618.720923
1754064000,106.35,106.93,104.01,106.33,35546.465427
1754078400,106.33,108.38,104.0,106.63,67510.829655
1754092800,106.61,108.45,105.83,107.64,43186.196029
1754107200,107.62,108.5,106.2,108.32,22897.094769
1754121600,108.35,108.48,106.11,107.04,34059.704807
1754136000,107.04,110.12,106.5,108.14,62002.162604
1754150400,108.13,108.13,104.07,104.78,57662.427626
1754164800,104.78,107.14,104.55,106.12,34664.619029
1754179200,106.1,109.13,104.17,107.62,40754.162268
1754193600,107.62,108.53,106.78,108.14,12709.467355
1754208000,108.13,110.15,107.78,109.15,35035.661632
1754222400,109.16,110.26,108.42,109.91,18078.878745
1754236800,109.9,110.11,108.57,108.94,15681.16506
1754251200,108.94,111.45,108.81,110.37,15314.954251
1754265600,110.39,111.91,110.15,111.51,20799.532417
1754280000,111.5,112.51,110.36,111.46,26605.916992
1754294400,111.5,114.26,111.08,114.15,50149.844026
1754308800,114.17,119.7,113.78,117.84,160163.818593
1754323200,117.83,119.9,117.5,119.82,44594.891323
1754337600,119.82,121.47,118.94,121.23,46712.906929
1754352000,121.23,123.75,120.08,121.79,97525.103013
1754366400,121.8,125.12,120.4,120.86,165824.87012
1754380800,120.84,129.16,120.74,127.59,267353.804073
1754395200,127.61,128.33,121.02,122.05,167770.559275
1754409600,122.04,123.92,119.39,120.05,58835.902402
1754424000,120.08,121.43,119.66,120.29,30132.534332
1754438400,120.27,120.51,117.83,118.21,57694.129822
1754452800,118.22,119.0,117.19,118.38,67586.277769
1754467200,118.37,118.75,116.29,116.46,48544.653251
1754481600,116.46,118.52,115.18,118.28,81295.306778
1754496000,118.3,121.12,116.97,120.02,49255.490073
1754510400,120.05,120.3,118.47,119.18,12541.980181
1754524800,119.21,121.13,117.86,119.47,32110.905968
1754539200,119.44,122.32,119.35,119.52,49855.303229
1754553600,119.52,121.25,117.33,121.11,70593.185535
1754568000,121.12,121.7,119.49,121.15,52719.374517
1754582400,121.14,122.43,119.83,122.2,36204.074704
1754596800,122.19,123.1,121.2,122.9,32217.629451
1754611200,122.91,124.46,121.03,121.48,234218.802554
1754625600,121.48,122.62,119.3,122.32,71499.174364
1754640000,122.3,123.96,120.5,121.87,54107.066293
1754654400,121.84,124.2,120.67,121.38,50219.505135
1754668800,121.37,126.41,121.29,125.63,57634.712488
1754683200,125.62,125.82,123.68,123.77,16472.556879
1754697600,123.78,124.24,122.86,123.09,20829.558852
1754712000,123.08,125.95,122.78,125.21,68457.200343
1754726400,125.19,125.62,124.44,125.12,33537.216083
1754740800,125.14,126.37,120.89,121.15,85151.786701
1754755200,121.15,122.75,121.15,121.76,25100.607981
1754769600,121.77,122.66,120.16,120.2,42072.337447
1754784000,120.19,123.51,120.18,122.76,45490.294926
1754798400,122.78,123.88,118.23,119.2,53521.165011
1754812800,119.2,122.54,118.29,122.08,42759.116239
1754827200,122.08,126.0,120.44,124.24,75757.549955
1754841600,124.23,125.21,122.89,124.55,35485.377674
1754856000,124.55,125.09,123.35,123.78,23179.226649
1754870400,123.78,127.33,122.09,125.88,66371.795841
1754884800,125.88,126.48,123.13,123.35,76889.21467
1754899200,123.34,128.1,122.88,126.51,85153.304754
1754913600,126.55,127.69,123.26,125.23,103463.63247
1754928000,125.23,127.12,120.8,121.5,67803.1688
1754942400,121.49,121.71,119.56,120.04,37128.855341
1754956800,120.06,121.51,119.29,119.43,44025.845389
1754971200,119.42,120.26,118.6,119.33,43666.180659
1754985600,119.34,120.2,118.34,119.56,19210.969416
1755000000,119.56,124.88,119.05,124.46,82109.905176
1755014400,124.44,128.89,123.78,128.85,74113.401204
1755028800,128.87,131.95,128.38,130.43,108894.252142
1755043200,130.43,131.5,128.58,131.28,61207.672985
1755057600,131.28,134.14,130.49,131.66,66101.777385
1755072000,131.66,134.1,131.08,131.93,53418.262179
1755086400,131.94,132.49,129.37,130.06,64701.894009
1755100800,130.06,131.17,128.86,130.24,42221.843173
1755115200,130.23,131.28,128.98,130.89,30022.558943
1755129600,130.91,133.32,130.6,133.02,61208.266721
1755144000,133.04,133.89,129.32,129.53,75544.757682
1755158400,129.53,129.57,126.82,127.64,53642.585287
1755172800,127.63,128.19,120.31,122.78,155501.221362
1755187200,122.76,122.76,119.4,121.75,48183.624746
1755201600,121.74,122.01,119.56,121.32,33801.910699
1755216000,121.32,123.04,120.74,122.77,21197.374314
1755230400,122.78,123.25,120.94,121.46,21470.218856
1755244800,121.46,121.85,120.28,121.08,32900.577194
1755259200,121.07,121.78,116.54,117.64,66978.517179
1755273600,117.61,119.16,116.61,117.56,57050.226153
1755288000,117.54,119.9,117.25,119.16,18049.988135
1755302400,119.15,120.81,119.0,119.85,27289.669364
1755316800,119.86,120.39,117.99,118.78,26942.192184
1755331200,118.8,119.08,117.16,117.26,24118.580089
1755345600,117.28,119.36,117.16,118.86,21990.703769
1755360000,118.87,120.57,118.73,119.97,20601.88852
1755374400,119.97,121.05,119.49,121.04,10985.284929
1755388800,121.04,121.04,119.77,120.63,11166.933298
1755403200,120.64,123.22,120.64,123.0,31906.679241
1755417600,123.01,123.05,121.63,122.46,26241.40737
1755432000,122.44,122.53,120.74,122.36,31703.281882
1755446400,122.37,123.0,120.49,120.67,31696.932754
1755460800,120.68,121.73,120.58,120.74,7577.230841
1755475200,120.73,120.93,115.31,116.57,75012.658385
1755489600,116.56,117.33,115.37,116.11,25524.09727
1755504000,116.13,117.04,115.26,116.4,20151.320198
1755518400,116.37,118.53,116.24,118.09,28303.85448
1755532800,118.08,118.78,116.65,117.83,22789.728171
1755547200,117.86,119.11,117.13,117.74,13994.931788
1755561600,117.75,119.05,115.13,115.5,25973.006139
1755576000,115.46,117.4,113.41,115.0,44249.238724
1755590400,115.01,116.41,114.3,116.2,36048.673444
1755604800,116.2,116.76,113.22,114.13,35786.818988
1755619200,114.12,114.52,112.22,113.08,28152.573101
1755633600,113.08,115.51,112.37,112.65,25291.594515
1755648000,112.69,114.48,112.46,113.67,25291.217369
1755662400,113.69,114.66,113.62,113.91,13124.946124
1755676800,113.93,115.5,113.45,114.74,61607.25885
1755691200,114.75,116.04,112.07,114.96,76512.204996
1755705600,114.98,117.11,114.41,117.06,54582.569899
1755720000,117.05,117.14,115.95,116.04,15024.584686
1755734400,116.03,117.3,115.57,116.05,26877.22382
1755748800,116.03,116.41,115.09,116.1,16423.820955
1755763200,116.1,116.37,114.53,114.76,15036.254422
1755777600,114.73,116.21,114.01,114.14,30775.581126
1755792000,114.15,115.45,113.47,114.63,16100.044057
1755806400,114.66,115.65,114.28,114.75,16739.26529
1755820800,114.77,116.52,114.25,115.54,22139.119427
1755835200,115.57,116.69,115.57,116.31,19076.542135
1755849600,116.31,116.83,114.3,114.35,18250.204395
1755864000,114.38,120.51,112.55,119.46,101658.31299
1755878400,119.46,122.8,119.46,122.48,50638.980557
1755892800,122.52,123.64,122.3,122.98,28470.540267
1755907200,122.97,123.35,119.79,120.2,32397.122972
1755921600,120.21,122.75,120.21,121.76,32842.153728
1755936000,121.77,122.14,121.1,121.26,11603.388007
1755950400,121.27,121.84,120.47,120.86,28111.310185
1755964800,120.88,121.38,120.39,121.11,12027.28112
1755979200,121.09,121.63,120.64,121.45,6239.022051
1755993600,121.45,122.09,120.61,121.19,8485.038467
1756008000,121.22,121.81,119.45,119.49,12662.148605
1756022400,119.51,120.14,118.29,118.51,28977.274031
1756036800,118.52,120.4,118.38,119.31,18478.20072
1756051200,119.35,124.77,118.7,120.73,80001.574091
1756065600,120.73,120.85,117.05,118.2,167692.734668
1756080000,118.22,118.64,115.52,117.35,25339.672171
1756094400,117.37,117.54,112.08,112.55,52788.315495
1756108800,112.54,112.99,110.5,111.47,101783.916658
1756123200,111.48,112.65,110.69,111.7,53159.225563
1756137600,111.72,112.66,109.15,109.32,45781.676629
1756152000,109.33,109.81,106.71,109.19,91479.173706
1756166400,109.19,110.36,108.84,110.08,70256.298301
1756180800,110.1,111.35,109.91,110.6,20483.301333
1756195200,110.62,110.91,110.02,110.57,10718.26301
1756209600,110.59,112.71,110.05,111.99,32485.983602
1756224000,112.0,114.68,111.82,114.54,21349.096624
1756238400,114.53,114.8,112.99,113.44,59999.130597
1756252800,113.44,114.62,112.77,114.33,13826.835885
1756267200,114.33,116.27,112.65,113.0,47608.184809
1756281600,113.02,113.4,112.17,113.01,47286.159173
1756296000,113.01,114.58,112.67,113.71,23809.730043
1756310400,113.74,114.38,112.63,113.19,13659.867461
1756324800,113.18,114.29,111.96,112.19,22223.76878
1756339200,112.19,113.13,111.32,112.96,9945.578209
1756353600,112.96,114.25,112.75,113.48,43623.890072
1756368000,113.49,114.12,113.01,113.48,13737.462708
1756382400,113.48,114.62,112.19,112.63,45754.185141
1756396800,112.61,113.45,111.44,111.74,17946.74517
1756411200,111.74,113.94,111.62,113.65,7204.82045
1756425600,113.65,113.84,112.36,113.26,20803.543326
1756440000,113.26,113.47,110.12,110.42,30466.38188
1756454400,110.42,110.79,108.88,110.02,23629.444765
1756468800,110.03,112.12,108.77,109.92,34374.768917
1756483200,109.93,110.29,108.64,109.63,21535.722538
1756497600,109.64,110.17,109.04,109.93,10383.001087
1756512000,109.94,110.93,108.31,110.61,19987.150752
1756526400,110.61,110.91,110.3,110.7,8636.817171
1756540800,110.72,111.28,110.23,110.55,8738.144657
1756555200,110.57,110.65,109.27,110.64,10836.54678
1756569600,110.63,110.76,109.69,110.26,6560.5246
1756584000,110.27,110.96,109.71,110.8,6171.836838
1756598400,110.82,111.89,110.82,111.89,9777.964062
1756612800,111.89,111.93,110.73,111.12,5379.36274
1756627200,111.13,111.87,110.88,111.41,7823.909206
1756641600,111.38,111.44,110.13,110.71,9010.066457
1756656000,110.73,110.83,110.09,110.22,7841.92994
1756670400,110.23,110.64,108.78,108.88,10520.187043
1756684800,108.89,109.32,107.35,108.1,23769.376626
1756699200,108.1,110.51,107.26,110.48,14719.690221
1756713600,110.5,111.36,109.19,109.47,21038.637216
1756728000,109.48,110.58,109.25,109.52,11459.444398
1756742400,109.53,109.61,108.3,109.34,17695.67247
1756756800,109.34,109.64,106.38,108.72,42591.30319
1756771200,108.73,110.41,108.6,110.31,29797.560385
1756785600,110.32,111.43,110.11,110.57,19945.484492
1756800000,110.55,111.05,110.21,110.41,12520.15242
1756814400,110.41,112.0,108.72,109.52,36527.698638
1756828800,109.56,110.96,109.33,109.47,10883.044604
1756843200,109.47,112.13,109.44,111.78,56537.233225
1756857600,111.78,112.25,110.65,111.46,51081.800337
1756872000,111.45,111.78,110.87,111.75,11500.132404
1756886400,111.76,112.53,111.5,111.93,10665.531077
1756900800,111.95,113.33,111.5,112.84,18621.456947
1756915200,112.85,113.21,112.17,112.79,11337.679335
1756929600,112.79,113.28,112.38,112.99,5529.287453
1756944000,112.99,113.49,111.58,111.65,16762.479231
1756958400,111.65,111.9,110.84,111.37,12508.519806
1756972800,111.38,111.6,110.75,111.03,6087.757132
1756987200,111.02,111.48,109.74,110.05,15243.264923
1757001600,110.04,110.34,109.53,109.86,7125.288534
1757016000,109.85,111.84,109.75,111.04,7710.570748
1757030400,111.04,112.54,111.0,111.29,15921.109105
1757044800,111.3,113.2,111.13,113.17,11834.295201
1757059200,113.19,113.39,112.58,112.88,12950.478244
1757073600,112.88,115.08,111.49,112.32,74707.463911
1757088000,112.34,113.26,111.9,113.22,8991.819448
1757102400,113.23,113.35,111.9,112.01,9523.253437
1757116800,112.05,112.53,111.79,112.19,5088.257377
1757131200,112.2,112.2,111.31,111.65,6367.022738
1757145600,111.72,111.78,111.23,111.68,5234.94594
1757160000,111.66,112.23,111.31,111.44,12827.74991
1757174400,111.45,112.42,111.34,112.3,8629.86947
1757188800,112.3,112.43,111.46,112.12,10322.466028
1757203200,112.14,113.1,112.14,112.81,10584.227085
1757217600,112.82,114.06,112.64,113.76,13158.664533
1757232000,113.76,114.37,113.55,114.2,29007.356087
1757246400,114.21,115.42,114.15,114.72,57273.527637
1757260800,114.71,115.13,113.95,114.4,15272.527874
1757275200,114.4,115.19,114.04,114.94,13980.068153
1757289600,114.95,115.5,113.78,114.75,46803.931136
1757304000,114.74,114.74,112.01,112.88,86131.800593
1757318400,112.89,113.82,112.76,113.36,23554.13971
1757332800,113.36,113.91,112.91,113.46,31787.368303
1757347200,113.46,113.52,112.22,112.43,14639.498984
1757361600,112.44,112.87,111.66,112.76,13287.71571
1757376000,112.77,113.98,111.59,112.34,19824.529103
1757390400,112.34,114.31,112.03,114.01,28196.702689
1757404800,114.0,114.69,113.32,113.47,18146.899839
1757419200,113.48,114.0,110.84,111.39,37628.088268
1757433600,111.4,112.19,110.98,111.87,12474.373398
1757448000,111.88,112.29,111.37,111.95,9174.630645
1757462400,111.94,113.23,111.54,112.92,14949.519726
1757476800,112.91,113.31,112.2,113.13,14547.277749
1757491200,113.13,113.23,112.62,113.0,10694.985955
1757505600,113.0,115.26,112.96,114.33,40030.242886
1757520000,114.35,118.74,114.33,115.48,108519.228077
1757534400,115.46,117.7,115.13,117.66,22051.425821
1757548800,117.62,117.8,116.0,116.63,23528.612755
1757563200,116.63,117.66,116.05,117.24,25547.16413
1757577600,117.22,117.48,116.48,116.92,15541.397351
1757592000,116.93,117.54,113.0,113.92,98116.851913
1757606400,113.94,115.22,113.83,115.02,10395.015148
1757620800,115.04,116.13,114.91,115.83,17576.013834
1757635200,115.82,116.91,114.59,115.53,150262.294418
1757649600,115.52,116.45,115.27,115.71,29584.090453
1757664000,115.74,116.2,115.39,115.43,27477.636951
1757678400,115.44,116.89,114.93,116.54,32142.234232
1757692800,116.53,117.8,116.4,117.27,40511.107608
1757707200,117.27,118.27,116.86,118.01,24342.004717
1757721600,118.04,118.58,117.48,118.08,25485.851727
1757736000,118.07,119.5,117.66,118.79,34451.10272
1757750400,118.81,120.64,118.68,120.62,57287.503815
1757764800,120.62,120.82,118.12,119.12,57193.176771
1757779200,119.12,120.71,117.8,119.34,38824.124459
1757793600,119.33,120.18,119.1,119.24,19760.980535
1757808000,119.23,119.32,116.1,116.38,61262.741435
1757822400,116.39,117.55,116.01,116.81,17351.587468
1757836800,116.79,117.24,115.43,115.53,23800.310271
1757851200,115.55,115.99,113.81,114.75,46382.715346
1757865600,114.75,115.54,114.61,115.15,11830.380565
1757880000,115.14,116.12,114.89,115.11,9263.743095
1757894400,115.1,116.18,114.6,115.68,11253.917464
1757908800,115.67,116.75,114.62,114.92,25054.514961
1757923200,114.91,114.91,112.42,113.91,47940.006323
1757937600,113.9,114.07,112.4,113.14,30916.730177
1757952000,113.13,113.73,111.75,113.27,22912.934681
1757966400,113.28,113.8,113.16,113.73,7431.360959
1757980800,113.73,114.03,112.56,112.56,22237.827523
1757995200,112.55,115.18,112.0,114.79,24125.609254
1758009600,114.8,115.24,114.0,114.34,12904.006209
1758024000,114.35,115.1,113.23,115.08,26151.278739
1758038400,115.06,115.8,114.49,115.23,16483.401886
1758052800,115.2,115.57,114.75,115.03,11670.365433
1758067200,115.03,115.89,114.62,114.7,15721.262528
1758081600,114.7,115.44,113.79,115.26,28334.410399
1758096000,115.25,115.36,113.97,114.21,18524.130717
1758110400,114.2,114.66,113.54,113.89,22943.105871
1758124800,113.87,115.3,113.14,114.96,43901.456556
1758139200,114.98,117.6,114.01,117.01,26131.213167
1758153600,117.01,118.13,116.8,117.8,30715.979573
1758168000,117.8,118.01,114.91,115.51,40850.274121
1758182400,115.51,116.26,115.16,115.76,21148.369445
1758196800,115.77,117.49,115.4,117.05,24329.736135
1758211200,117.05,118.79,117.01,118.49,20570.256812
1758225600,118.5,119.11,117.63,118.2,19469.322427
1758240000,118.21,119.47,117.13,117.18,22980.871466
1758254400,117.18,117.73,116.3,117.53,35026.575425
1758268800,117.55,117.8,115.52,115.78,18033.294842
1758283200,115.78,116.53,114.56,115.48,24793.247612
1758297600,115.49,115.84,113.83,113.84,32011.556285
1758312000,113.84,114.58,113.38,114.03,32935.441944
1758326400,114.03,114.57,113.5,114.27,15423.993611
1758340800,114.28,115.3,114.22,115.14,23842.579484
1758355200,115.14,115.15,113.42,113.99,12590.012196
1758369600,113.98,114.84,113.45,114.69,14799.94708
1758384000,114.7,114.91,113.62,113.81,10688.189202
1758398400,113.81,114.45,113.7,113.93,7248.428066
1758412800,113.93,114.44,113.71,114.44,10715.505544
1758427200,114.44,115.46,114.05,115.43,33652.118419
1758441600,115.42,116.31,114.5,114.77,53697.823823
1758456000,114.77,115.6,114.61,115.47,24160.895356
1758470400,115.48,115.96,114.66,115.28,29614.815774
1758484800,115.27,115.38,113.98,114.02,14326.922401
1758499200,113.99,114.52,110.02,111.35,64419.123151
1758513600,111.35,111.53,101.99,105.48,167216.175633
1758528000,105.49,106.0,104.82,105.62,30643.02001
1758542400,105.65,106.71,104.83,105.28,28610.362656
1758556800,105.28,105.75,104.59,104.77,16602.444834
1758571200,104.77,106.2,104.62,105.69,6368.373625
1758585600,105.68,106.66,104.43,106.18,29283.631444
1758600000,106.17,106.58,105.49,106.24,18945.053478
1758614400,106.25,106.69,105.78,106.51,9982.213021
1758628800,106.51,107.24,106.09,106.75,21575.207013
1758643200,106.76,106.84,105.36,106.02,41490.8148
1758657600,106.0,106.75,105.68,106.08,15946.121339
1758672000,106.08,107.6,105.73,105.81,24273.244304
1758686400,105.82,107.48,104.57,106.87,123075.083611
1758700800,106.88,107.42,106.6,107.19,12338.959683
1758715200,107.19,107.67,105.98,106.84,22762.671075
1758729600,106.84,107.11,105.84,106.12,10555.516601
1758744000,106.14,106.53,105.47,105.54,9996.586307
1758758400,105.55,105.84,104.18,104.87,22623.96826
1758772800,104.83,105.13,103.3,103.98,26276.453851
1758787200,103.98,104.67,102.93,103.47,16045.316434
1758801600,103.47,105.26,101.81,104.53,38834.793513
1758816000,104.53,104.72,100.23,102.8,52188.038695
1758830400,102.8,103.2,101.52,102.28,19837.341162
1758844800,102.29,103.94,102.29,103.21,12014.128669
1758859200,103.22,103.64,102.4,103.09,29169.212132
1758873600,103.1,103.3,100.98,101.94,23286.404812
1758888000,101.93,103.71,101.32,103.39,27665.649149
1758902400,103.38,104.91,103.36,104.13,14672.825643
1758916800,104.13,104.79,103.82,104.56,10469.22175
1758931200,104.55,104.55,103.49,103.85,13872.855954
1758945600,103.83,104.03,103.56,103.74,13781.542979
1758960000,103.73,104.51,103.33,103.95,14515.651168
1758974400,103.97,104.93,103.93,104.91,7676.021476
1758988800,104.92,104.95,104.08,104.57,9262.687859
1759003200,104.57,104.96,104.42,104.46,5315.268634
1759017600,104.48,104.63,103.57,103.89,6549.573051
1759032000,103.88,104.23,103.71,104.1,6095.647616
1759046400,104.1,104.18,103.13,103.34,6328.525551
1759060800,103.34,104.57,102.76,104.57,9277.661513
1759075200,104.58,105.62,104.38,105.62,8654.225646
1759089600,105.62,107.1,105.61,106.84,11288.252642
1759104000,106.86,107.22,106.46,106.58,9777.433757
1759118400,106.58,106.59,105.57,106.02,11678.522469
1759132800,106.04,106.48,105.45,105.73,7828.17425
1759147200,105.73,107.62,105.3,106.36,23631.277287
1759161600,106.39,106.77,105.47,106.37,13924.610504
1759176000,106.37,107.21,106.27,106.75,11884.703372
1759190400,106.77,107.33,106.23,106.39,15637.193024
1759204800,106.41,106.7,105.54,105.85,19840.213752
1759219200,105.85,106.01,105.12,105.42,22304.890833
1759233600,105.43,105.87,103.84,104.51,20143.120852
1759248000,104.52,106.85,104.2,106.85,27083.971544
1759262400,106.85,107.61,106.23,106.88,19331.670566
1759276800,106.89,107.11,105.78,105.8,11180.193524
1759291200,105.81,106.69,105.39,105.98,25397.520572
1759305600,105.96,110.78,105.83,110.35,65203.367008
1759320000,110.36,111.73,109.97,111.34,45676.42298
1759334400,111.36,112.61,110.47,112.14,28695.16532
1759348800,112.14,115.32,111.62,115.09,38785.343803
1759363200,115.12,121.48,115.12,118.46,167321.858644
1759377600,118.45,120.14,117.42,119.38,40035.621875
1759392000,119.36,122.66,118.73,119.83,89906.716129
1759406400,119.83,120.21,117.24,118.79,73191.241871
1759420800,118.81,119.86,117.94,119.44,46191.006902
1759435200,119.46,120.16,118.96,119.53,19874.430968
1759449600,119.53,119.53,117.21,117.39,35503.604065
1759464000,117.35,118.52,115.91,116.46,32070.110925
1759478400,116.45,117.7,115.8,117.41,18291.16636
1759492800,117.4,120.18,117.32,120.04,43022.99958
1759507200,120.03,124.84,118.51,122.39,150098.651254
1759521600,122.41,122.53,120.24,120.51,38623.469443
1759536000,120.52,120.96,119.02,119.48,36632.452698
1759550400,119.48,119.64,118.31,118.52,17263.587447
1759564800,118.52,118.93,117.68,117.84,14199.360628
1759579200,117.81,118.94,117.44,117.81,15878.505572
1759593600,117.82,119.28,117.79,118.8,10941.104614
1759608000,118.8,120.56,118.8,120.48,12964.985153
1759622400,120.49,124.14,120.19,122.68,54938.02098
1759636800,122.68,122.83,120.42,122.1,182059.796283
1759651200,122.11,122.55,119.64,120.09,57819.962329
1759665600,120.08,120.61,119.4,119.82,16039.69317
1759680000,119.82,120.33,118.35,118.56,14914.176296
1759694400,118.57,119.1,118.47,118.86,10995.203301
1759708800,118.86,121.25,118.05,120.66,39415.113619
1759723200,120.66,121.46,119.41,119.92,32649.534754
1759737600,119.91,120.92,119.75,119.96,20727.518889
1759752000,119.96,121.39,119.68,120.54,46854.86842
1759766400,120.54,120.67,118.75,119.9,52849.667595
1759780800,119.89,120.2,118.1,118.32,20945.799105
1759795200,118.33,119.05,117.68,118.2,18172.975345
1759809600,118.19,119.25,117.35,117.79,39489.263957
1759824000,117.79,118.71,117.42,118.2,14976.627507
1759838400,118.21,119.18,115.14,116.13,70748.255001
1759852800,116.13,116.83,115.4,115.97,21919.629377
1759867200,115.98,117.48,115.98,116.88,17445.96276
1759881600,116.91,118.31,116.52,116.96,19099.322787
1759896000,116.96,117.56,115.33,116.32,23847.944963
1759910400,116.33,117.38,115.76,116.22,15807.830825
1759924800,116.23,117.66,115.8,116.37,18090.189501
1759939200,116.37,119.59,116.21,118.67,43872.747903
1759953600,118.67,118.85,117.75,118.65,17695.774356
1759968000,118.64,119.79,116.87,118.44,32715.595434
1759982400,118.43,119.69,117.21,117.32,43380.020875
1759996800,117.32,117.33,115.42,116.69,50124.938914
1760011200,116.68,119.15,116.63,118.31,88888.52808
1760025600,118.31,119.02,115.58,118.99,29618.389451
1760040000,119.0,128.07,118.4,125.86,140198.017882
1760054400,125.87,132.76,125.66,131.24,198937.668271
1760068800,131.22,132.15,125.84,128.32,237846.086753
1760083200,128.33,133.12,128.17,132.18,113939.178003
1760097600,132.18,135.86,125.93,127.1,327914.325161
1760112000,127.09,129.26,125.0,126.78,178618.91649
1760126400,126.78,127.64,51.73,96.82,1442434.912129
1760140800,96.82,102.5,94.36,100.55,496197.764641
1760155200,100.49,100.95,97.65,98.44,261555.404396
1760169600,98.45,100.68,97.3,98.12,122423.306692
1760184000,98.11,98.17,95.32,96.04,87645.550195
1760198400,96.04,97.99,93.13,93.75,136073.047376
1760212800,93.74,94.27,90.06,93.32,79174.460254
1760227200,93.33,94.31,91.62,93.77,60255.342825
1760241600,93.77,96.58,93.54,95.26,74151.327198
1760256000,95.29,95.96,94.0,95.61,68454.046426
1760270400,95.58,98.6,94.13,98.2,188646.904396
1760284800,98.21,101.24,97.73,100.83,169070.477772
1760299200,100.85,102.14,98.0,98.99,128942.645586
1760313600,98.96,100.1,97.65,99.01,101566.507678
1760328000,99.02,99.15,95.8,97.39,112040.051393
1760342400,97.4,98.65,94.81,96.33,92653.876751
1760356800,96.29,98.8,95.63,97.86,110083.221623
1760371200,97.87,100.45,97.26,100.24,67305.854692
1760385600,100.21,101.37,99.12,99.44,58374.883979
1760400000,99.45,100.51,97.79,98.17,76381.553559
1760414400,98.2,98.4,91.8,93.68,133653.34657
1760428800,93.68,95.0,91.89,93.23,80501.855731
1760443200,93.26,95.69,91.16,95.58,123479.924123
1760457600,95.59,98.22,94.15,98.13,196243.845463
1760472000,98.13,98.51,97.21,97.35,43280.137246
1760486400,97.35,98.37,96.51,97.2,65944.629252
1760500800,97.21,98.71,96.75,98.17,76030.181134
1760515200,98.18,99.94,96.81,97.05,74190.326703
1760529600,97.05,97.9,94.31,94.7,83976.263656
1760544000,94.71,95.41,93.38,94.47,47425.013159
1760558400,94.48,95.55,93.4,95.51,33904.398514
1760572800,95.54,96.37,94.58,94.8,24814.892963
1760587200,94.83,95.58,93.85,94.84,35288.289697
1760601600,94.87,96.25,92.05,96.04,95163.611628
1760616000,96.05,96.92,91.46,91.78,96527.030167
1760630400,91.78,93.24,89.61,90.52,106933.018956
1760644800,90.54,91.85,89.8,91.81,67910.854354
1760659200,91.81,93.14,91.53,92.14,24015.406546
1760673600,92.14,92.18,84.54,85.23,188351.409759
1760688000,85.24,88.13,84.26,87.64,132105.111873
1760702400,87.65,90.01,87.46,89.98,112285.333982
1760716800,90.0,91.18,89.5,90.59,45388.537398
1760731200,90.6,91.86,89.88,90.11,53014.413994
1760745600,90.12,91.5,89.98,90.52,43134.780202
1760760000,90.52,91.91,89.9,90.95,30605.552995
1760774400,90.97,91.67,90.65,91.49,35858.479794
1760788800,91.47,91.58,90.03,91.11,24395.871759
1760803200,91.11,92.18,90.45,91.96,17459.827906
1760817600,91.93,92.2,91.47,91.72,12186.08607
1760832000,91.69,92.6,90.76,92.23,24343.815578
1760846400,92.24,92.64,91.69,91.86,23161.139984
1760860800,91.86,93.79,90.72,93.43,52679.431234
1760875200,93.43,94.63,92.89,94.15,43397.655089
1760889600,94.14,94.78,93.7,94.15,29301.242937
1760904000,94.15,94.38,93.15,93.32,18930.776357
1760918400,93.31,94.8,92.27,94.62,63163.209963
1760932800,94.64,95.8,94.4,95.08,34890.355463
1760947200,95.07,95.4,94.14,94.56,25691.154109
1760961600,94.56,95.73,94.33,94.85,23387.940263
1760976000,94.84,95.53,93.39,95.28,33275.917948
1760990400,95.28,95.4,93.98,94.01,18672.841513
1761004800,94.0,94.09,92.76,92.91,34644.718977
1761019200,92.91,93.23,91.65,93.04,48929.254178
1761033600,93.03,93.04,91.75,92.9,25558.112006
1761048000,92.91,96.66,92.41,96.29,83284.657162
1761062400,96.29,96.95,94.93,96.08,59761.5448
1761076800,96.08,96.15,92.4,92.47,74415.789936
1761091200,92.46,93.25,91.93,92.95,51775.22161
1761105600,92.93,93.44,91.9,93.17,43013.126065
1761120000,93.16,93.16,90.92,92.29,44274.350272
1761134400,92.28,93.71,91.88,92.89,59289.73941
1761148800,92.9,94.98,92.2,93.84,70644.365986
1761163200,93.84,94.01,89.94,91.88,84386.593381
1761177600,91.88,92.97,91.81,92.59,26982.203175
1761192000,92.6,94.02,92.13,93.32,31546.264751
1761206400,93.32,94.0,93.17,93.29,19291.828403
1761220800,93.29,94.49,92.56,94.03,26164.464617
1761235200,94.04,94.76,93.54,93.88,46428.333503
1761249600,93.86,94.06,92.91,94.02,13015.429276
1761264000,94.04,95.3,93.94,94.78,19968.037982
1761278400,94.76,96.13,94.4,96.08,39840.357394
1761292800,96.08,96.67,95.13,96.15,26223.450708
1761307200,96.17,97.46,94.92,95.24,88188.114602
1761321600,95.24,96.33,94.95,96.19,18782.091768
1761336000,96.2,97.07,96.12,96.47,14088.825672
1761350400,96.44,96.98,96.07,96.13,15952.514305
1761364800,96.13,97.0,95.87,96.55,12229.743879
1761379200,96.54,96.58,95.69,96.24,10568.675161
1761393600,96.23,96.47,95.98,96.11,13062.261421
1761408000,96.11,97.1,96.02,96.95,18697.730904
1761422400,96.96,97.04,96.5,96.92,7932.435161
1761436800,96.95,97.07,96.39,96.45,21157.004792
1761451200,96.47,97.65,96.35,97.45,17446.079266
1761465600,97.45,98.79,97.45,98.65,27912.671677
1761480000,98.68,99.64,98.53,99.2,47056.080604
1761494400,99.21,99.52,98.88,99.23,22598.161646
1761508800,99.23,101.03,98.72,100.0,39158.410789
1761523200,100.0,100.94,99.89,100.03,39237.150962
1761537600,100.06,101.22,99.26,99.78,27114.050355
1761552000,99.79,99.93,98.36,99.25,42743.538112
1761566400,99.24,102.46,98.13,102.04,80930.874084
1761580800,102.05,103.09,101.39,102.01,69258.184731
1761595200,102.03,102.04,98.66,99.4,43502.097305
1761609600,99.39,100.79,98.91,100.04,33596.488125
1761624000,100.04,106.94,99.15,102.46,156134.934284
1761638400,102.47,102.8,100.86,102.23,96294.550265
1761652800,102.22,102.82,97.06,99.1,158555.523587
1761667200,99.09,100.06,97.87,98.31,45514.205814
1761681600,98.3,98.3,95.31,96.63,68709.394936
1761696000,96.64,97.14,96.22,96.43,25368.095117
1761710400,96.43,98.79,96.32,98.7,32193.60938
1761724800,98.71,98.72,97.06,98.4,77753.985308
1761739200,98.4,100.71,97.72,98.19,127931.402692
1761753600,98.2,99.75,95.61,98.74,116933.08398
1761768000,98.73,99.86,98.28,98.52,53139.348164
1761782400,98.52,99.74,97.79,98.94,40585.847901
1761796800,98.93,98.99,95.65,98.73,72711.254343
1761811200,98.73,98.8,96.53,96.7,27600.626975
1761825600,96.7,97.08,91.68,92.14,123113.991329
1761840000,92.15,92.84,90.4,90.66,64456.592779
1761854400,90.66,93.47,90.44,93.39,51032.889
1761868800,93.39,94.54,92.96,93.87,39672.192507
1761883200,93.87,94.8,93.69,94.25,22503.602497
1761897600,94.26,95.06,93.95,95.02,23758.526672
1761912000,95.01,96.11,94.64,95.64,36214.998721
1761926400,95.63,96.26,93.98,96.14,35293.166896
1761940800,96.13,96.3,95.29,95.38,21752.51068
1761955200,95.38,96.24,95.03,96.13,24082.639317
1761969600,96.13,99.4,95.63,99.1,53822.564572
1761984000,99.09,99.32,97.83,98.68,99252.735852
1761998400,98.68,99.76,98.44,98.66,50858.732504
1762012800,98.69,99.8,98.48,99.74,29857.536278
1762027200,99.75,101.89,99.58,101.38,51771.156671
1762041600,101.35,101.5,99.43,99.53,53441.442114
1762056000,99.53,100.85,99.43,100.71,28049.436526
1762070400,100.72,101.24,99.85,100.87,65434.942908
1762084800,100.91,100.91,98.25,98.38,33719.824843
1762099200,98.39,98.62,97.49,98.29,22949.126842
1762113600,98.29,99.62,98.05,99.41,14202.389406
1762128000,99.43,99.75,93.9,94.12,74147.443333
1762142400,94.14,95.08,92.39,93.22,53028.578633
1762156800,93.2,93.9,91.46,91.73,54321.462945
1762171200,91.73,92.79,85.32,87.69,239292.529838
1762185600,87.7,90.08,87.34,87.37,79123.094043
1762200000,87.41,87.74,86.2,87.44,49818.272107
1762214400,87.42,89.89,86.93,89.48,47783.562504
1762228800,89.48,91.2,85.2,86.17,124170.975653
1762243200,86.17,87.84,85.6,87.09,60834.579321
1762257600,87.09,89.02,85.94,87.5,75866.225728
1762272000,87.52,88.33,82.4,83.51,113270.657367
1762286400,83.52,86.0,79.66,85.21,188303.560143
1762300800,85.21,87.26,82.0,86.99,92289.838253
1762315200,86.99,87.72,86.41,87.01,35891.524952
1762329600,87.03,87.07,85.36,86.57,31568.726968
1762344000,86.57,87.82,86.05,87.79,59886.117224
1762358400,87.79,89.31,87.01,89.01,43707.715876
1762372800,89.02,89.95,88.43,89.38,22358.288887
1762387200,89.38,89.38,87.56,88.49,38094.726816
1762401600,88.5,88.74,86.57,86.77,25598.117475
1762416000,86.77,87.7,86.54,87.4,26885.185846
1762430400,87.4,88.56,86.27,86.63,63182.776975
1762444800,86.64,88.14,85.2,87.47,51684.388465
1762459200,87.47,87.91,86.31,86.99,26566.690471
1762473600,87.01,89.21,86.91,89.02,42416.30304
1762488000,89.02,90.85,88.37,90.75,34951.813982
1762502400,90.75,90.85,86.93,87.94,57766.796268
1762516800,87.95,94.44,85.98,93.12,129670.769164
1762531200,93.12,104.83,92.44,100.67,406732.374829
1762545600,100.67,103.67,99.68,101.87,66297.495195
1762560000,101.88,102.88,99.98,100.89,109529.464529
1762574400,100.89,102.58,98.44,99.9,75576.494609
1762588800,99.93,100.8,98.12,99.77,69038.318805
1762603200,99.75,100.91,98.3,98.72,59845.854579
1762617600,98.67,101.28,98.05,100.66,64941.239854
1762632000,100.69,107.6,100.57,106.93,81645.458532
1762646400,106.92,109.86,99.54,100.04,276372.663638
1762660800,100.07,102.0,99.42,101.52,66477.048513
1762675200,101.54,106.51,98.79,102.01,192570.311262
1762689600,102.02,109.85,100.91,106.84,222788.319509
1762704000,106.78,109.68,104.51,109.53,91351.101456
1762718400,109.48,113.68,108.9,110.28,128364.862775
1762732800,110.27,112.23,107.55,108.35,124913.504731
1762747200,108.33,109.18,107.13,107.27,69996.268296
1762761600,107.28,108.63,106.78,107.17,53553.146333
1762776000,107.17,109.74,105.26,107.46,99599.216752
1762790400,107.41,109.11,106.43,107.59,67744.101996
1762804800,107.6,108.23,103.53,104.24,74806.446652
1762819200,104.24,106.98,102.8,105.22,96139.563424
1762833600,105.21,105.48,102.06,102.13,77923.059876
1762848000,102.12,103.3,101.89,102.67,37782.202136
1762862400,102.68,103.04,99.7,101.02,104585.12661
1762876800,101.02,101.79,99.44,100.21,46157.356567
1762891200,100.21,100.77,99.02,99.66,52431.419269
1762905600,99.67,100.27,98.79,99.45,102899.632388
1762920000,99.46,100.2,99.22,99.61,15996.225243
1762934400,99.61,103.02,99.61,102.05,84283.995582
1762948800,102.04,104.28,99.64,100.04,98136.69103
1762963200,100.03,100.3,94.91,97.16,125787.007318
1762977600,97.16,98.87,96.88,97.61,42926.68357
1762992000,97.61,100.01,97.5,99.04,39164.281561
1763006400,99.04,101.78,98.5,100.59,53178.710304
1763020800,100.59,101.06,98.98,100.21,40226.184105
1763035200,100.22,102.7,98.62,99.52,81237.178063
1763049600,99.55,100.12,93.58,94.99,101512.7833
1763064000,94.98,97.56,94.22,96.57,57209.394634
1763078400,96.59,97.3,95.53,96.36,33717.522821
1763092800,96.37,99.11,93.26,98.2,115173.756505
1763107200,98.2,98.24,95.33,96.11,55545.296814
1763121600,96.06,97.84,93.7,96.89,106796.010211
1763136000,96.92,100.17,95.83,99.96,98156.358519
1763150400,99.96,100.18,96.14,97.7,88327.659416
1763164800,97.72,106.55,97.62,104.03,190855.215742
1763179200,104.04,106.04,102.34,102.8,98412.083331
1763193600,102.8,103.44,101.4,102.8,57680.143653
1763208000,102.8,109.54,102.3,104.2,157475.174726
1763222400,104.18,104.39,102.21,103.36,39464.15827
1763236800,103.37,103.58,101.63,101.78,29711.627855
1763251200,101.73,103.39,99.88,102.51,62881.038134
1763265600,102.51,103.0,101.36,102.02,31388.817832
1763280000,102.03,102.77,100.17,100.55,42724.788657
1763294400,100.6,101.83,97.7,97.8,69700.038583
1763308800,97.85,98.67,95.07,95.94,87874.786692
1763323200,95.97,97.0,94.18,95.79,57865.289216
1763337600,95.8,97.91,95.12,97.2,39779.022089
1763352000,97.2,97.57,96.2,97.05,35969.403846
1763366400,97.06,97.25,96.05,96.55,25568.630437
1763380800,96.56,97.48,93.72,94.69,81184.743017
1763395200,94.71,95.96,91.53,92.01,76944.407951
1763409600,91.98,92.67,90.61,91.27,50042.148079
1763424000,91.27,93.22,90.48,93.12,66517.861016
1763438400,93.14,95.87,91.99,95.46,58227.704751
1763452800,95.47,96.5,94.35,95.29,38307.671978
1763467200,95.3,97.54,94.35,96.36,68854.066366
1763481600,96.36,97.37,94.65,95.11,41925.60208
1763496000,95.12,96.61,94.77,95.66,23263.168209
1763510400,95.67,95.95,94.41,94.51,27539.739252
1763524800,94.49,94.99,92.33,94.49,43076.572489
1763539200,94.47,94.9,93.43,93.52,20784.199465
1763553600,93.52,94.6,91.52,91.73,56974.591411
1763568000,91.69,92.14,88.88,89.91,84726.793616
1763582400,89.93,93.25,89.67,92.91,38912.816676
1763596800,92.91,93.84,92.27,93.22,60220.356751
1763611200,93.22,93.73,92.32,93.12,22961.570954
1763625600,93.1,93.13,92.12,92.63,12574.804446
1763640000,92.62,93.2,90.29,90.4,51161.578362
1763654400,90.39,90.49,86.0,87.08,115486.114295
1763668800,87.04,89.08,86.4,87.26,31821.559989
1763683200,87.24,88.66,86.43,87.06,39973.836502
1763697600,87.05,87.58,80.32,84.65,133519.705531
1763712000,84.63,85.93,81.75,81.76,84046.201545
1763726400,81.77,84.44,80.04,82.05,119729.621555
1763740800,82.04,84.54,81.03,82.99,69077.305214
1763755200,82.98,83.25,80.35,82.65,45521.921134
1763769600,82.64,83.92,82.57,83.26,29613.310542
1763784000,83.29,83.54,81.7,83.22,26695.984618
1763798400,83.21,83.22,81.28,82.9,30786.036754
1763812800,82.9,82.91,80.82,81.52,30427.373152
1763827200,81.53,82.55,81.46,82.08,12224.394593
1763841600,82.11,83.06,81.31,82.13,13559.798492
1763856000,82.12,84.16,81.85,83.73,60227.93543
1763870400,83.72,84.38,82.53,83.15,53338.924164
1763884800,83.13,83.68,82.6,83.11,17968.016057
1763899200,83.11,84.15,82.88,83.77,27473.824943
1763913600,83.77,84.18,82.93,83.85,13302.832186
1763928000,83.85,84.44,82.85,83.09,17655.762335
1763942400,83.07,85.0,82.19,84.2,39065.41396
1763956800,84.21,84.92,83.04,83.89,30348.976706
1763971200,83.82,84.5,82.64,83.22,29865.670341
1763985600,83.21,84.53,82.25,84.18,34919.929674
1764000000,84.19,86.97,84.13,86.03,62167.652553
1764014400,86.08,87.24,85.43,85.49,41375.452503
1764028800,85.49,86.51,85.24,85.39,36139.028799
1764043200,85.4,85.8,84.02,84.1,38050.473037
1764057600,84.12,84.59,83.48,83.74,35060.603245
1764072000,83.76,84.58,83.03,84.2,31384.154402
1764086400,84.21,86.75,84.21,85.42,36395.105222
1764100800,85.43,86.12,84.14,85.31,37179.710564
1764115200,85.31,86.19,84.53,84.53,19575.19779
1764129600,84.55,85.49,84.45,85.37,15283.102467
1764144000,85.37,85.46,83.91,84.18,16065.648767
1764158400,84.17,84.77,83.32,83.83,28992.79258
1764172800,83.82,87.08,83.82,86.59,53827.812531
1764187200,86.59,87.71,86.12,86.85,24154.994357
1764201600,86.85,87.17,85.86,86.17,27565.94738
1764216000,86.19,86.74,86.15,86.47,20088.201896
1764230400,86.48,87.32,86.04,86.43,17606.795979
1764244800,86.44,87.28,86.03,87.22,22767.654074
1764259200,87.24,87.63,86.84,87.3,12590.847368
1764273600,87.31,87.78,86.45,86.61,13872.57241
1764288000,86.6,86.74,84.68,85.31,19484.492419
1764302400,85.3,85.45,84.43,84.64,17668.871062
1764316800,84.63,86.29,84.59,85.08,23507.610476
1764331200,85.07,86.76,84.7,85.97,21797.932192
1764345600,85.98,86.0,83.15,84.77,34984.761914
1764360000,84.77,84.89,84.22,84.24,14122.257446
1764374400,84.23,84.96,84.11,84.4,8294.455781
1764388800,84.42,85.7,84.0,84.23,20581.31816
1764403200,84.23,84.7,84.01,84.65,8168.419405
1764417600,84.65,84.69,83.93,84.4,9091.304368
1764432000,84.42,84.52,83.13,83.72,16360.057075
1764446400,83.73,84.24,83.53,83.92,5903.11599
1764460800,83.94,84.51,83.4,84.15,11437.523056
1764475200,84.16,84.24,83.51,84.12,6632.375851
1764489600,84.13,84.69,83.75,83.9,7525.981596
1764504000,83.91,84.84,83.75,83.92,26363.109869
1764518400,83.93,84.51,83.85,83.99,8342.975599
1764532800,83.97,84.27,82.3,82.36,20513.674086
1764547200,82.39,82.51,77.7,78.04,109752.814782
1764561600,78.04,78.16,76.96,77.51,34588.980708
1764576000,77.52,78.17,77.37,77.45,12595.543602
1764590400,77.48,77.52,74.7,75.64,54445.598259
1764604800,75.65,76.24,75.05,76.03,22402.567723
1764619200,76.04,77.96,76.04,77.56,21245.677955
1764633600,77.56,78.5,77.29,77.85,22965.188935
1764648000,77.85,78.07,77.39,78.05,10349.866391
1764662400,78.05,78.78,77.32,78.6,14313.659861
1764676800,78.63,83.06,78.32,82.48,78733.340926
1764691200,82.5,83.2,81.75,82.78,32241.73279
1764705600,82.79,83.3,82.25,82.82,18901.92616
1764720000,82.82,84.2,82.55,84.0,22311.931948
1764734400,84.01,85.97,83.73,85.15,49918.601845
1764748800,85.16,85.87,84.9,85.46,20776.102281
1764763200,85.46,85.98,83.69,85.14,38701.561591
1764777600,85.15,86.18,84.66,85.76,22541.824144
1764792000,85.77,86.74,85.57,85.84,21269.774309
1764806400,85.85,86.79,85.51,86.15,19063.334342
1764820800,86.19,86.2,85.21,85.58,21677.828484
1764835200,85.6,85.74,84.0,84.07,19452.997373
1764849600,84.07,84.83,83.3,84.49,25934.160833
1764864000,84.48,84.67,82.18,83.32,27065.132878
1764878400,83.32,84.14,83.18,83.53,10205.34904
1764892800,83.54,84.12,83.29,83.41,13457.580122
1764907200,83.41,83.9,83.06,83.59,13928.714667
1764921600,83.6,83.65,81.72,82.22,25278.130066
1764936000,82.22,82.98,81.58,82.01,21762.713284
1764950400,82.01,82.04,79.62,80.41,36460.102013
1764964800,80.41,80.49,79.8,80.42,9141.846491
1764979200,80.42,80.9,79.94,80.66,5940.351116
1764993600,80.67,80.71,80.06,80.18,4268.632542
1765008000,80.18,81.29,79.93,81.13,10141.614814
1765022400,81.12,82.01,80.85,80.85,28004.93354
1765036800,80.9,82.48,80.84,81.64,29732.504618
1765051200,81.66,82.07,81.3,81.69,6842.243048
1765065600,81.7,82.32,81.7,82.18,15065.013226
1765080000,82.19,82.75,81.92,82.38,9613.830142
1765094400,82.38,82.46,81.35,81.7,23760.73154
1765108800,81.69,82.38,79.9,81.62,29317.140054
1765123200,81.63,83.73,81.03,83.25,27251.321674
1765137600,83.26,83.34,80.14,81.44,25366.50928
1765152000,81.44,82.96,81.01,82.44,17170.352291
1765166400,82.46,83.86,82.46,83.23,23797.596934
1765180800,83.22,84.17,83.19,83.6,22508.087307
1765195200,83.59,84.0,82.74,83.36,26812.847309
1765209600,83.36,84.24,82.99,83.24,15643.234721
1765224000,83.26,84.46,83.26,83.89,7937.962279
1765238400,83.89,84.36,82.76,83.52,13877.435051
1765252800,83.56,83.6,82.46,83.41,23652.065385
1765267200,83.43,83.82,82.81,83.33,14282.53704
1765281600,83.33,85.91,83.22,85.87,34618.905108
1765296000,85.87,87.54,85.87,86.4,47383.123665
1765310400,86.41,86.46,84.88,85.85,14513.142587
1765324800,85.85,85.98,84.45,84.66,21206.335523
1765339200,84.65,84.87,83.97,84.25,16731.735862
1765353600,84.25,85.08,83.74,84.17,18402.90236
1765368000,84.16,84.58,83.93,84.21,11006.342363
1765382400,84.21,85.91,84.05,85.66,31721.556476
1765396800,85.68,87.08,84.21,84.33,33587.812877
1765411200,84.3,84.58,80.25,80.66,85462.009763
1765425600,80.65,81.68,80.32,80.89,14976.982598
1765440000,80.88,81.24,80.44,81.0,11490.217315
1765454400,80.99,81.5,80.52,81.05,23799.235433
1765468800,81.04,82.36,80.58,81.68,14076.171362
1765483200,81.66,83.49,81.64,82.95,13024.395919
1765497600,82.94,83.4,82.25,82.94,8501.508505
1765512000,82.93,83.65,82.57,83.4,7533.1214
1765526400,83.4,84.4,83.13,84.09,15729.867458
1765540800,84.06,84.46,81.0,81.39,29621.47469
1765555200,81.36,82.2,80.5,81.3,26829.276105
1765569600,81.32,82.15,81.24,81.95,6424.502517
1765584000,81.95,82.45,81.77,82.36,9317.319794
1765598400,82.36,82.43,81.63,81.84,11248.814006
1765612800,81.85,82.28,81.59,81.63,11228.067127
1765627200,81.63,81.9,81.23,81.75,7930.610559
1765641600,81.75,81.99,81.29,81.39,7224.274375
1765656000,81.41,81.59,80.78,81.46,4905.007563
1765670400,81.47,82.02,81.25,81.52,5944.086038
1765684800,81.5,81.56,80.74,81.07,5450.740917
1765699200,81.07,81.26,79.41,80.03,16011.877777
1765713600,80.03,80.53,78.79,78.9,18845.722422
1765728000,78.9,79.54,78.81,79.14,8361.275357
1765742400,79.13,79.5,78.0,78.97,18062.531587
1765756800,78.97,81.01,78.96,80.37,14921.289523
1765771200,80.38,81.31,80.38,80.77,11396.793691
1765785600,80.77,81.44,80.68,81.05,17905.436972
1765800000,81.05,81.12,77.5,77.88,52412.376873
1765814400,77.85,78.22,75.78,77.01,38191.53108
1765828800,76.99,77.81,76.23,77.53,11321.054281
1765843200,77.53,77.87,76.82,77.86,11942.072001
1765857600,77.86,78.08,76.46,77.18,13093.620694
1765872000,77.18,79.12,77.13,78.98,14134.875338
1765886400,78.98,79.58,77.2,79.43,37683.608789
1765900800,79.43,79.86,78.6,79.2,20257.967879
1765915200,79.2,79.47,78.77,79.08,8887.79496
1765929600,79.08,79.74,78.83,79.15,5681.457545
1765944000,79.15,79.4,78.45,78.87,7277.867568
1765958400,78.86,78.95,77.92,78.79,9841.028493
1765972800,78.8,81.08,78.03,78.3,46827.619628
1765987200,78.26,78.66,75.16,76.19,43163.877708
1766001600,76.19,76.72,75.37,76.02,10176.042999
1766016000,76.03,76.42,75.52,75.77,11480.651261
1766030400,75.79,76.03,74.8,75.36,14111.099611
1766044800,75.37,76.36,75.36,76.2,11421.520819
1766059200,76.22,78.52,75.94,77.67,41686.838657
1766073600,77.67,77.89,72.67,72.78,58918.092658
1766088000,72.78,74.69,72.73,74.29,19055.033316
1766102400,74.29,76.24,73.6,75.74,18515.289813
1766116800,75.77,76.56,75.24,75.85,20103.978295
1766131200,75.87,76.31,75.62,76.24,10644.922048
1766145600,76.25,77.44,75.88,76.24,27370.862082
1766160000,76.23,77.74,76.02,77.67,16242.296279
1766174400,77.66,77.99,77.32,77.48,4636.84707
1766188800,77.48,77.67,76.93,76.93,7701.950993
1766203200,76.94,77.15,76.45,77.12,3397.288002
1766217600,77.11,77.74,77.1,77.38,7008.914419
1766232000,77.38,77.39,76.68,76.71,6577.991529
1766246400,76.71,77.44,76.59,77.32,3888.890445
1766260800,77.33,79.45,77.32,77.84,16770.215596
1766275200,77.85,78.03,76.81,77.21,7037.240227
1766289600,77.23,77.48,77.0,77.18,5615.033248
1766304000,77.17,77.91,76.94,77.44,5731.068376
1766318400,77.44,77.61,75.46,75.97,15689.746371
1766332800,75.92,76.8,75.82,76.63,10054.525807
1766347200,76.63,76.97,75.99,76.79,5358.370529
1766361600,76.8,78.3,76.44,77.99,20589.439147
1766376000,78.0,78.28,77.43,77.8,10808.214541
1766390400,77.81,78.34,77.69,77.93,7979.194162
1766404800,77.95,79.5,77.73,79.32,25900.603647
1766419200,79.32,79.43,76.95,77.1,20597.944563
1766433600,77.09,77.28,76.36,77.02,83485.100328
1766448000,77.03,77.43,76.16,76.78,11521.233227
1766462400,76.78,77.08,76.3,76.8,10915.124453
1766476800,76.79,77.02,76.32,76.93,8089.033517
1766491200,76.92,77.08,75.54,76.71,17859.648955
1766505600,76.69,77.72,76.42,77.23,17794.353271
1766520000,77.25,77.97,76.64,77.02,7742.317227
1766534400,77.02,77.42,76.0,76.6,8812.738609
1766548800,76.6,76.9,75.58,75.66,9295.060454
1766563200,75.68,76.43,75.3,76.16,6603.967547
1766577600,76.16,76.85,75.23,75.97,19309.351623
1766592000,75.92,76.14,75.41,75.78,8795.305301
1766606400,75.8,76.14,75.44,75.81,9335.354207
1766620800,75.8,76.48,75.56,76.27,4263.161127
1766635200,76.27,77.03,76.11,76.95,6910.647365
1766649600,76.95,77.29,75.96,76.17,12824.866504
1766664000,76.16,77.31,76.04,76.97,11848.432059
1766678400,77.02,77.56,76.72,77.39,9985.021406
1766692800,77.41,77.51,75.35,75.69,18080.041613
1766707200,75.67,77.91,75.67,77.54,25126.137493
1766721600,77.55,77.99,77.16,77.23,7207.149318
1766736000,77.23,77.46,76.77,77.1,9286.25688
1766750400,77.12,77.49,75.5,76.65,17441.252165
1766764800,76.65,76.93,76.1,76.82,7786.92293
1766779200,76.81,77.2,76.57,76.89,3138.172127
1766793600,76.87,77.64,76.75,77.53,7460.441649
1766808000,77.54,77.59,77.05,77.05,6576.538395
1766822400,77.06,77.89,77.02,77.88,7537.801883
1766836800,77.88,78.77,77.88,78.64,12857.244148
1766851200,78.68,79.15,78.56,79.14,10158.46342
1766865600,79.15,80.55,78.94,80.31,11976.445644
1766880000,80.32,80.56,79.34,79.38,21054.403842
1766894400,79.36,79.92,79.06,79.67,12829.775468
1766908800,79.68,80.08,79.16,79.27,10992.339456
1766923200,79.27,79.56,78.91,79.35,9293.291356
1766937600,79.37,79.67,78.18,78.29,17440.81966
1766952000,78.28,78.74,77.87,78.72,10011.54625
1766966400,78.72,80.2,78.48,80.15,30075.001137
1766980800,80.14,80.24,78.63,79.23,29733.944997
1766995200,79.23,79.26,77.64,77.87,24971.88752
1767009600,77.87,78.53,76.94,78.24,24746.453574
1767024000,78.27,78.44,77.42,77.94,9329.462523
1767038400,77.93,78.62,77.86,78.35,7777.021346
1767052800,78.36,78.64,77.74,78.23,8067.071155
1767067200,78.22,78.56,78.05,78.26,17250.793349
1767081600,78.25,78.8,77.92,78.02,36370.661034
1767096000,78.03,78.76,77.75,78.68,12545.927124
1767110400,78.7,78.78,77.65,78.18,6921.557081
1767124800,78.17,79.06,77.75,78.88,14415.384123
1767139200,78.88,78.89,77.84,78.09,18944.564315
1767153600,78.1,78.4,77.95,78.22,4634.76403
1767168000,78.23,78.44,77.8,78.26,11300.89558
1767182400,78.25,78.5,77.15,77.6,38589.02823
1767196800,77.59,77.59,76.35,76.58,14939.934185
1767211200,76.57,77.0,76.08,76.86,10173.707478
1767225600,76.86,77.35,76.79,76.9,4491.380511
1767240000,76.92,77.34,76.72,77.16,4830.257466
1767254400,77.16,77.79,77.16,77.79,5602.481309
1767268800,77.78,79.17,77.51,78.84,10670.876362
1767283200,78.85,79.44,78.58,79.41,20184.6098
1767297600,79.42,80.0,79.27,79.94,9827.628936
1767312000,79.96,80.35,79.08,80.15,12011.138692
1767326400,80.16,80.27,79.22,79.32,7049.51806
1767340800,79.32,80.59,79.3,79.68,22010.516571
1767355200,79.69,81.13,79.63,80.54,24828.00384
1767369600,80.53,81.6,80.45,81.31,18975.519232
1767384000,81.31,82.23,81.02,81.91,7784.183225
1767398400,81.9,82.8,81.85,82.64,23011.96619
1767412800,82.65,82.77,81.04,81.36,23360.178225
1767427200,81.35,81.81,81.17,81.39,9758.558101
1767441600,81.38,81.93,80.72,81.24,11957.159769
1767456000,81.24,82.5,81.16,82.2,10837.897428
1767470400,82.2,82.48,81.9,82.05,5532.97422
1767484800,82.06,82.77,81.98,82.51,10298.699584
1767499200,82.5,82.81,82.07,82.2,24000.459491
1767513600,82.2,82.7,81.67,82.59,31613.401399
1767528000,82.54,83.06,82.14,82.67,18564.62607
1767542400,82.66,83.18,81.63,82.15,14773.163453
1767556800,82.16,82.44,81.75,82.26,6839.279836
1767571200,82.26,83.6,82.16,82.6,30550.243272
1767585600,82.64,82.76,81.43,82.39,20552.978074
1767600000,82.38,82.49,81.63,82.02,11827.182713
1767614400,82.01,83.65,81.65,83.42,23660.856476
1767628800,83.42,84.1,82.08,83.66,15433.620121
1767643200,83.67,84.6,83.46,83.47,11150.913877
1767657600,83.47,84.1,82.81,83.83,10429.145996
1767672000,83.82,83.99,82.83,83.08,10021.427731
1767686400,83.08,83.8,82.9,83.79,6612.119336
1767700800,83.78,84.88,83.25,83.53,24930.203967
1767715200,83.52,83.61,81.2,82.48,25448.891508
1767729600,82.45,84.14,82.45,83.97,18906.796898
1767744000,83.96,83.97,82.72,83.33,38915.170345
1767758400,83.34,83.62,82.88,83.48,9189.001984
1767772800,83.5,83.92,82.59,82.77,23509.052163
1767787200,82.78,82.9,81.27,81.56,28716.233302
1767801600,81.55,81.91,80.95,81.47,43041.683599
1767816000,81.49,81.96,81.18,81.69,6414.753235
1767830400,81.7,82.29,81.21,81.33,9363.74998
1767844800,81.32,82.03,80.3,81.31,28783.254839
1767859200,81.31,81.59,80.24,80.91,11381.928164
1767873600,80.9,81.4,80.0,81.38,16116.501341
1767888000,81.37,81.66,80.8,81.02,7531.61031
1767902400,81.01,81.64,80.46,81.31,3783.747325
1767916800,81.32,82.1,81.17,81.84,8252.16224
1767931200,81.84,81.99,81.38,81.57,4544.943515
1767945600,81.56,81.77,80.56,81.18,11144.209494
1767960000,81.19,81.81,79.93,81.31,31748.996171
1767974400,81.32,81.97,80.77,81.02,11436.02569
1767988800,81.01,81.66,80.85,81.5,4305.545579
1768003200,81.49,81.57,80.92,81.14,4208.524093
1768017600,81.13,81.62,80.81,81.6,4570.215885
1768032000,81.6,81.81,81.32,81.81,5256.315995
1768046400,81.81,82.4,81.46,81.56,13833.090834
1768060800,81.54,81.69,81.02,81.37,4454.904001
1768075200,81.37,81.42,80.9,81.18,4088.337805
1768089600,81.19,81.85,81.1,81.75,4560.144139
1768104000,81.75,81.75,81.05,81.26,7072.278681
1768118400,81.26,81.47,80.96,81.03,4475.333772
1768132800,81.04,81.32,80.41,80.54,10555.588733
1768147200,80.57,81.17,80.25,80.29,11879.184082
1768161600,80.28,80.29,78.5,78.78,33890.201122
1768176000,78.78,80.0,77.77,79.27,59727.918829
1768190400,79.27,80.78,78.58,78.62,30888.369547
1768204800,78.59,79.0,77.33,77.62,34000.368237
1768219200,77.61,77.62,75.63,77.19,82831.726899
1768233600,77.18,77.72,75.92,76.21,43410.519136
1768248000,76.24,76.74,75.89,76.14,27976.367437
1768262400,76.13,76.61,75.76,76.24,49271.009354
1768276800,76.24,77.19,76.18,76.81,29658.564227
1768291200,76.8,77.0,75.26,76.33,54283.287915
1768305600,76.33,77.47,75.98,77.05,81679.450934
1768320000,77.05,77.93,75.93,77.23,82622.775601
1768334400,77.26,78.98,76.37,78.21,99880.681548
1768348800,78.16,79.36,77.74,79.34,58643.036984
1768363200,79.33,79.43,78.09,79.07,41507.978904
1768377600,79.07,79.58,77.8,77.9,45876.695131
1768392000,77.89,80.95,77.85,79.74,69708.726022
1768406400,79.73,80.28,77.45,77.53,96690.670061
1768420800,77.53,78.04,76.14,76.69,60819.730027
1768435200,76.69,76.83,73.09,73.97,137969.56054
1768449600,73.98,74.87,73.91,74.54,82116.087664
1768464000,74.56,76.9,74.4,75.65,98342.493169
1768478400,75.65,76.12,69.51,72.35,142771.602668
1768492800,72.34,73.36,71.66,72.03,88137.196536
1768507200,72.02,72.56,71.16,72.23,33998.737327
1768521600,72.23,72.62,71.54,72.36,28584.542564
1768536000,72.37,72.48,71.28,72.2,31428.752423
1768550400,72.21,72.89,71.91,72.86,16776.736339
1768564800,72.88,72.96,70.89,71.98,47379.363643
1768579200,71.96,74.8,71.64,74.24,58091.439297
1768593600,74.22,76.05,73.59,75.21,42340.067512
1768608000,75.2,75.98,74.16,74.36,32931.927406
1768622400,74.34,74.98,73.85,74.76,18865.157913
1768636800,74.75,75.2,74.5,74.53,15884.546193
1768651200,74.52,75.06,73.97,74.9,23881.882255
1768665600,74.89,75.15,74.37,75.13,10070.061508
1768680000,75.13,75.32,74.56,74.9,7746.398401
1768694400,74.89,75.2,74.28,74.96,16430.329443
1768708800,74.96,75.16,74.38,74.94,19223.238672
1768723200,74.94,75.77,74.75,75.46,31796.374249
1768737600,75.46,75.86,74.33,74.87,24634.990832
1768752000,74.88,75.54,74.63,75.09,11168.321961
1768766400,75.09,75.41,72.11,72.28,41036.751153
1768780800,72.28,72.28,65.34,70.24,217304.172419
1768795200,70.23,70.6,69.8,70.58,32109.799077
1768809600,70.58,71.26,69.92,70.23,40566.903312
1768824000,70.24,71.11,69.67,70.69,44495.358507
1768838400,70.71,71.74,70.31,71.58,20732.879145
1768852800,71.59,71.73,70.17,70.8,22351.232743
1768867200,70.82,71.03,70.06,70.25,14991.451351
1768881600,70.23,70.73,69.45,69.51,32653.134626
1768896000,69.53,69.93,68.99,69.45,29384.308364
1768910400,69.45,70.04,68.41,68.69,50877.09491
1768924800,68.7,69.14,67.33,67.57,63985.932108
1768939200,67.56,67.8,65.88,67.13,52444.210443
1768953600,67.14,69.0,67.11,68.86,26706.554411
1768968000,68.86,69.38,68.76,68.93,18445.482756
1768982400,68.93,68.93,67.99,68.05,32710.03369
1768996800,68.05,69.3,67.26,69.14,55909.665901
1769011200,69.15,69.29,66.03,69.18,117164.313332
1769025600,69.19,69.72,68.29,68.47,31692.0851
1769040000,68.47,69.66,68.46,68.66,16020.225074
1769054400,68.65,68.97,68.0,68.43,14196.926373
1769068800,68.43,69.03,68.24,68.44,18594.744021
1769083200,68.43,68.77,67.18,68.05,42212.731099
1769097600,68.06,68.61,67.78,68.33,16653.512496
1769112000,68.33,68.43,67.73,68.19,9117.240773
1769126400,68.2,69.64,68.12,69.35,58181.462671
1769140800,69.36,69.48,68.62,68.84,13821.950179
1769155200,68.84,68.86,68.11,68.52,10052.717268
1769169600,68.52,68.59,67.0,68.22,20332.63074
1769184000,68.23,69.17,67.8,67.93,20623.852768
1769198400,67.92,68.13,67.09,68.07,11550.898866
1769212800,68.07,68.68,67.89,68.62,7114.136667
1769227200,68.63,68.88,68.48,68.52,12393.320881
1769241600,68.52,68.81,68.36,68.5,7822.113443
1769256000,68.51,68.96,68.25,68.3,13421.280816
1769270400,68.3,68.3,67.72,67.82,49702.534724
1769284800,67.83,68.28,67.83,68.18,8534.719263
1769299200,68.2,68.63,67.83,68.14,18691.71291
1769313600,68.13,68.8,68.06,68.66,13752.677458
1769328000,68.65,70.33,68.29,69.98,49489.336527
1769342400,69.99,70.28,68.67,69.51,51320.440288
1769356800,69.5,69.5,65.63,66.01,74553.543087
1769371200,66.0,67.4,65.23,67.3,30867.796142
1769385600,67.3,68.16,67.0,67.4,22551.344389
1769400000,67.4,68.49,67.4,68.36,15770.289371
1769414400,68.36,68.8,67.85,68.25,14591.844834
1769428800,68.25,70.05,68.25,69.06,78843.442153
1769443200,69.08,69.92,68.69,69.14,33315.674425
1769457600,69.14,70.07,68.82,69.72,16872.283438
1769472000,69.71,70.13,69.52,69.58,14025.04358
1769486400,69.57,69.87,69.07,69.12,8815.959151
1769500800,69.12,69.5,68.99,69.03,27162.552256
1769515200,69.03,69.99,68.64,69.93,15518.84178
1769529600,69.95,70.22,69.11,69.67,23645.652227
1769544000,69.66,70.48,69.66,70.01,13957.053774
1769558400,70.04,70.32,69.47,69.57,14071.315988
1769572800,69.57,70.0,69.18,69.64,39337.084632
1769587200,69.63,70.01,69.29,69.98,9728.557928
1769601600,69.96,70.06,68.43,69.0,18593.159784
1769616000,69.02,69.87,68.74,69.52,13172.231899
1769630400,69.51,69.88,68.92,69.42,10121.329779
1769644800,69.43,69.57,67.93,68.01,39683.052951
1769659200,68.01,68.44,67.72,68.15,9381.924258
1769673600,68.18,68.3,67.38,67.51,25452.839251
1769688000,67.49,67.63,64.74,65.46,65871.528798
1769702400,65.44,66.71,64.45,65.05,39794.412099
1769716800,65.06,66.25,64.96,66.22,12015.447455
1769731200,66.23,66.48,62.66,64.0,81729.181576
1769745600,64.0,64.78,63.13,64.3,22340.480557
1769760000,64.29,65.19,63.77,64.96,14149.501718
1769774400,64.99,65.25,63.91,64.84,26832.435489
1769788800,64.83,66.0,63.68,65.74,33414.266274
1769803200,65.74,65.74,64.75,65.48,16999.022689
1769817600,65.47,65.48,64.8,64.95,5654.420004
1769832000,64.95,65.15,63.6,63.89,16235.215743
1769846400,63.91,63.98,62.39,63.07,32451.710371
1769860800,63.06,63.1,59.43,60.2,115301.484574
1769875200,60.21,61.18,55.0,58.12,247066.436282
1769889600,58.17,59.84,57.55,59.52,55036.919933
1769904000,59.52,59.92,59.02,59.68,31260.092272
1769918400,59.68,59.89,58.97,59.4,27141.974142
1769932800,59.4,59.8,58.7,59.3,24119.481752
1769947200,59.32,59.73,57.63,58.41,50201.744702
1769961600,58.4,59.62,57.85,58.76,33679.28478
1769976000,58.74,59.36,57.18,58.5,42048.71866
1769990400,58.51,59.74,56.58,58.33,54823.687393
1770004800,58.34,58.88,56.51,58.23,59602.899004
1770019200,58.23,59.49,58.23,59.13,25107.917867
1770033600,59.14,61.15,59.14,61.06,47893.731589
1770048000,61.04,61.16,59.87,59.92,14991.096828
1770062400,59.92,60.16,59.48,60.0,15593.927392
1770076800,60.0,60.13,58.93,59.97,15160.031104
1770091200,59.97,60.45,59.48,60.25,17937.455422
1770105600,60.26,60.48,59.36,59.84,18581.64509
1770120000,59.86,60.44,59.12,60.35,20449.957357
1770134400,60.38,60.38,56.89,59.33,44089.159189
1770148800,59.31,61.42,58.84,59.48,35313.508529
1770163200,59.48,60.78,59.25,60.74,17590.472376
1770177600,60.74,60.98,60.06,60.8,17497.166346
1770192000,60.78,60.88,59.62,60.09,19433.995761
1770206400,60.1,60.19,57.63,58.18,53157.430161
1770220800,58.18,59.66,57.08,59.47,55074.241127
1770235200,59.47,59.55,57.81,58.89,24621.771536
1770249600,58.9,59.48,58.07,58.22,29506.999537
1770264000,58.23,58.64,57.42,57.62,42847.9932
1770278400,57.63,58.6,55.71,56.48,44595.489171
1770292800,56.48,57.23,52.68,53.91,136201.009506
1770307200,53.94,54.95,52.23,52.43,84015.638111
1770321600,52.44,52.86,50.18,50.78,133002.705205
1770336000,50.77,51.31,45.03,50.06,324533.225614
1770350400,50.06,52.5,49.84,50.97,73750.743161
1770364800,50.96,52.63,50.55,52.54,43318.803769
1770379200,52.54,54.66,52.12,54.36,65773.823605
1770393600,54.37,56.46,54.18,55.21,44539.256559
1770408000,55.2,55.78,54.66,55.04,21147.828007
1770422400,55.03,55.09,54.2,54.9,26055.050601
1770436800,54.89,55.39,52.87,53.62,31863.864558
1770451200,53.62,54.11,53.04,53.25,25486.422474
1770465600,53.24,54.63,53.19,54.38,24933.953497
1770480000,54.39,55.98,54.14,55.45,91693.407628
1770494400,55.46,55.91,55.01,55.21,10571.954371
1770508800,55.21,55.55,54.94,55.03,11186.474024
1770523200,55.03,55.41,54.79,55.01,12712.814505
1770537600,55.01,55.83,54.89,55.47,23315.438142
1770552000,55.48,55.54,54.72,54.9,22441.117442
1770566400,54.89,54.98,53.66,54.94,11200.893634
1770580800,54.95,55.5,53.98,54.53,18283.398254
1770595200,54.53,55.03,54.12,54.95,11653.731824
1770609600,54.95,55.02,54.07,54.07,9020.052221
1770624000,54.08,54.1,52.37,52.99,34441.130452
1770638400,53.0,54.39,52.96,54.39,18477.106385
1770652800,54.38,55.03,53.92,54.95,23109.322764
1770667200,54.95,55.11,54.26,54.46,7849.150099
1770681600,54.46,54.67,53.56,53.95,8711.246543
1770696000,53.94,54.18,52.98,53.19,15900.86565
1770710400,53.19,53.72,53.08,53.09,12707.454318
1770724800,53.11,53.79,52.84,53.37,19538.979097
1770739200,53.38,53.84,52.86,53.29,11795.943802
1770753600,53.28,53.44,52.99,53.35,5848.994901
1770768000,53.37,53.7,52.86,53.13,7138.615595
1770782400,53.12,53.2,51.96,52.07,19903.936428
1770796800,52.07,52.34,51.62,52.13,16098.828988
1770811200,52.14,53.5,51.0,51.23,54717.21946
1770825600,51.24,52.55,51.13,52.25,13182.287895
1770840000,52.24,52.89,51.94,52.31,10837.84032
1770854400,52.32,53.13,52.32,52.86,8457.466777
1770868800,52.86,53.37,52.62,53.31,9851.685583
1770883200,53.32,53.8,53.11,53.39,9891.264936
1770897600,53.4,53.43,52.72,52.84,12120.877437
1770912000,52.85,52.9,51.53,52.38,17403.69105
1770926400,52.39,53.28,51.84,53.14,10913.117656
1770940800,53.14,53.35,52.79,53.05,10004.998524
1770955200,53.07,53.07,52.37,52.84,7401.434969
1770969600,52.86,53.55,52.81,53.54,11525.647148
1770984000,53.55,54.81,52.95,54.38,24843.967723
1770998400,54.38,55.53,54.25,55.12,18946.153154
1771012800,55.1,55.7,54.96,55.04,10245.953884
1771027200,55.04,55.46,54.88,55.33,10970.717148
1771041600,55.31,55.43,54.99,55.31,5270.762631
1771056000,55.3,55.9,55.28,55.76,10183.558817
1771070400,55.77,56.3,55.05,56.12,23373.836562
1771084800,56.14,56.65,55.78,56.35,28712.451426
1771099200,56.36,56.63,55.92,55.99,14489.34718
1771113600,56.0,56.05,55.19,55.87,22473.958369
1771128000,55.88,56.69,55.88,56.49,19783.571375
1771142400,56.51,56.56,55.32,55.91,21388.476699
1771156800,55.92,55.97,54.33,55.08,26013.684945
1771171200,55.07,55.32,54.19,54.52,16866.888794
1771185600,54.52,55.14,54.3,55.07,10147.52765
1771200000,55.07,55.36,54.3,54.49,9516.731717
1771214400,54.48,54.79,53.77,54.19,10947.209719
1771228800,54.17,54.71,53.38,53.91,8343.9318
1771243200,53.92,54.93,53.38,53.61,22103.730827
1771257600,53.6,54.36,53.35,54.2,16503.017451
1771272000,54.22,55.64,54.16,55.13,22775.535383
1771286400,55.13,55.46,54.66,55.14,7727.275251
1771300800,55.14,55.66,54.69,55.53,10060.480824
1771315200,55.54,55.84,54.59,54.99,12511.237992
1771329600,54.98,55.19,53.18,53.8,26393.428265
1771344000,53.81,54.88,53.74,54.25,11702.056705
1771358400,54.25,54.5,53.82,53.94,10274.276116
1771372800,53.94,54.38,53.59,54.28,7911.198019
1771387200,54.28,54.54,54.06,54.46,5770.7826
1771401600,54.47,54.77,53.65,53.91,9133.028003
1771416000,53.91,54.93,53.44,54.5,13728.690053
1771430400,54.49,54.63,52.96,53.24,15150.075448
1771444800,53.24,53.47,52.95,53.32,8439.180999
1771459200,53.33,53.68,53.08,53.58,8745.946962
1771473600,53.58,53.72,53.15,53.38,12928.424709
1771488000,53.38,53.38,52.51,52.57,11300.284255
1771502400,52.57,52.61,51.49,51.84,22131.922533
1771516800,51.83,52.82,51.43,52.63,13697.387687
1771531200,52.63,52.77,52.39,52.7,6285.22948
1771545600,52.69,53.37,52.67,53.23,7891.699283
1771560000,53.25,53.69,52.86,53.5,9222.045587
1771574400,53.5,54.31,53.41,53.6,12729.403302
1771588800,53.6,54.96,52.72,54.88,30896.802811
1771603200,54.87,55.45,54.27,54.97,37301.908291
1771617600,54.95,55.4,54.91,55.2,8963.530609
1771632000,55.21,55.37,54.83,55.05,4542.738306
1771646400,55.06,55.26,54.86,55.06,4427.203391
1771660800,55.07,55.61,54.91,55.07,12619.889882
1771675200,55.06,55.82,54.93,55.69,12507.252441
1771689600,55.7,55.99,55.14,55.25,17903.481821
1771704000,55.26,55.4,54.85,54.89,7531.17116
1771718400,54.9,54.9,54.33,54.51,13867.797635
1771732800,54.5,54.82,54.3,54.72,7116.09159
1771747200,54.73,54.88,54.54,54.66,6218.221702
1771761600,54.64,54.67,52.96,53.32,43048.991767
1771776000,53.31,53.62,53.08,53.21,9578.497916
1771790400,53.2,53.58,52.93,53.46,6565.042663
1771804800,53.48,53.54,50.88,51.37,46490.230883
1771819200,51.37,52.28,51.01,52.05,12962.633204
1771833600,52.05,53.03,51.86,52.64,21527.75092
1771848000,52.64,53.09,52.09,52.13,29092.759855
1771862400,52.13,52.35,50.72,51.24,24466.34985
1771876800,51.23,51.98,51.06,51.36,9804.229029
1771891200,51.35,51.9,50.67,50.97,19838.627817
1771905600,50.98,51.01,50.21,50.76,35752.990898
1771920000,50.76,51.13,50.44,50.8,25033.639745
1771934400,50.81,51.49,50.2,51.27,33321.707427
1771948800,51.28,51.85,51.07,51.68,12279.114738
1771963200,51.69,51.77,51.05,51.15,9416.695961
1771977600,51.18,52.98,51.05,52.41,32397.546844
1771992000,52.41,52.81,52.01,52.73,15982.539892
1772006400,52.73,53.48,52.58,53.32,17170.735217
1772020800,53.31,58.19,53.17,57.8,109619.703141
1772035200,57.79,58.61,57.69,58.27,40410.055148
1772049600,58.29,59.0,56.13,56.78,34028.679426
1772064000,56.76,57.06,56.0,56.47,13224.231867
1772078400,56.46,56.95,56.12,56.22,12303.767938
1772092800,56.23,56.44,55.73,55.84,17310.089743
1772107200,55.83,56.36,55.34,55.79,35824.048195
1772121600,55.79,55.83,54.42,55.74,37642.64972
1772136000,55.73,55.9,55.08,55.61,6627.22203
1772150400,55.61,56.07,55.3,55.97,9921.865967
1772164800,55.96,56.38,55.68,55.91,10210.904682
1772179200,55.89,56.19,54.4,54.64,17278.838967
1772193600,54.64,55.06,54.46,54.74,20567.94016
1772208000,54.73,54.75,53.8,54.15,15148.349082
1772222400,54.14,54.57,53.41,54.57,9770.385406
1772236800,54.57,54.95,54.52,54.63,6056.788049
1772251200,54.64,54.83,51.86,52.41,43423.964238
1772265600,52.4,52.4,51.49,51.65,17628.046253
1772280000,51.66,53.21,51.57,52.58,23740.005506
1772294400,52.59,54.37,52.36,54.08,26073.3787
1772308800,54.08,54.97,53.96,54.41,17419.233224
1772323200,54.42,55.53,53.75,54.88,23599.982791
1772337600,54.9,55.01,54.25,54.59,13278.708938
1772352000,54.62,54.73,53.83,53.95,11500.859005
1772366400,53.94,54.72,53.6,54.25,12251.992187
1772380800,54.28,54.52,53.14,53.25,17428.57205
1772395200,53.25,53.87,52.46,53.24,20702.117279
1772409600,53.25,54.38,53.21,54.14,9677.5987
1772424000,54.16,54.18,52.95,53.34,9955.976773
1772438400,53.35,53.83,52.97,53.34,16143.200921
1772452800,53.36,55.5,53.0,55.02,27794.721894
1772467200,55.02,55.73,54.24,54.87,41613.084057
1772481600,54.88,55.49,54.42,54.59,13038.884103
1772496000,54.6,54.78,54.07,54.27,14506.926058
1772510400,54.28,54.42,53.78,54.09,11107.893861
1772524800,54.09,54.16,53.03,53.44,19699.963198
1772539200,53.47,54.37,53.07,54.03,27044.771649
1772553600,54.04,55.21,53.87,54.69,22248.985731
1772568000,54.68,55.24,54.27,54.76,10502.920446
1772582400,54.77,55.38,54.28,54.66,14567.641509
1772596800,54.66,55.31,54.36,55.29,17301.14707
1772611200,55.3,56.64,55.12,55.77,51406.731652
1772625600,55.78,57.0,55.32,56.93,46963.868734
1772640000,56.92,57.65,56.35,57.56,28754.061818
1772654400,57.56,57.64,56.34,56.78,28860.069427
1772668800,56.77,57.25,56.3,56.47,14615.782116
1772683200,56.47,56.87,55.73,55.96,25414.484397
1772697600,55.97,57.22,55.88,56.02,27928.578182
1772712000,56.02,56.61,55.49,55.89,41913.645546
1772726400,55.89,55.9,55.04,55.25,19682.780279
1772740800,55.25,56.05,55.25,55.46,8374.313931
1772755200,55.46,55.88,55.27,55.66,9191.188333
1772769600,55.66,55.69,55.12,55.6,13241.041762
1772784000,55.6,55.7,54.86,54.91,13073.819649
1772798400,54.9,55.02,53.46,53.68,35084.960554
1772812800,53.67,53.79,53.12,53.55,13607.373913
1772827200,53.54,54.11,53.53,53.78,7045.085402
1772841600,53.8,54.23,53.77,53.84,7056.963039
1772856000,53.86,53.93,53.44,53.73,9015.012648
1772870400,53.71,54.29,53.7,54.0,15126.848051
1772884800,54.0,54.23,53.69,53.76,9779.30248
1772899200,53.76,53.99,53.21,53.37,8018.606255
1772913600,53.36,53.7,53.25,53.57,7201.30038
1772928000,53.58,53.74,52.97,53.2,17694.338764
1772942400,53.22,53.41,52.8,53.13,14869.442596
1772956800,53.13,53.9,52.69,53.58,30065.683878
1772971200,53.56,53.85,52.51,52.69,15157.886167
1772985600,52.68,53.19,52.22,53.09,15437.074216
1773000000,53.1,53.43,51.86,52.59,19702.661348
1773014400,52.58,53.81,52.48,53.29,24524.159174
1773028800,53.32,54.05,52.86,53.31,16156.55059
1773043200,53.32,53.83,53.01,53.39,14206.238748
1773057600,53.4,54.42,53.32,53.92,24154.579616
1773072000,53.9,54.75,53.81,54.19,10664.690172
1773086400,54.19,54.27,53.64,53.77,10716.863121
1773100800,53.76,54.68,53.73,54.03,17498.937542
1773115200,54.03,54.27,53.81,54.06,11204.889424
1773129600,54.08,54.52,54.0,54.1,23227.544252
1773144000,54.12,55.0,53.67,54.75,35248.872205
1773158400,54.77,54.97,53.55,53.79,22209.407375
1773172800,53.77,54.11,53.43,53.86,13982.557064
1773187200,53.87,54.02,53.67,53.82,7681.095322
1773201600,53.82,53.83,53.71,53.8,193.610287
