structure_swing_len,retest_window_bars,retest_bps,chop_ci_max,chop_adx_min,trigger_score,rr_target,be_trigger_r,be_offset_pct,cooldown_bars,risk_pct_low_conf,risk_pct_high_conf,high_conf_score_threshold,be_enabled,sizing_mode,profile,profile_risk_cap_pct,max_notional_pct,initial_equity,trades,win_rate,net_pnl,pf,max_dd,score,dataset,dd_guardrail_pass
2,33,28.0,60.0,18.0,6.8,1.8,1.2,0.05,5,0.8,5.0,7.8,1,risk_based,I,5.0,130.0,10000.0,19,0.7894736842105263,9376.406049091645,7.795297693855504,0.05000000000000003,26.381211963118442,ETHUSDT_4h,1
2,36,12.0,58.0,16.0,7.4,1.8,1.0,0.05,3,1.4,4.5,7.8,1,risk_based,I,5.0,130.0,10000.0,20,0.8,7352.660672339309,4.419693635268772,0.0706298316065901,17.58015844805708,ETHUSDT_4h,1
2,33,28.0,62.0,24.0,7.0,2.0,1.2,0.0,2,1.8,4.0,8.0,1,risk_based,I,5.0,130.0,10000.0,16,0.8125,6751.125707234576,7.139351258812323,0.04000000000000007,22.448578224859222,ETHUSDT_4h,1
2,33,14.0,58.0,20.0,7.8,1.8,1.0,0.05,3,1.6,3.5,8.0,1,risk_based,I,5.0,130.0,10000.0,20,0.8,5750.501316815587,4.940421205620315,0.04739458611471276,17.089159969712078,ETHUSDT_4h,1
2,30,22.0,64.0,14.0,7.0,2.2,1.2,0.05,2,1.0,4.0,7.8,1,risk_based,I,5.0,130.0,10000.0,16,0.875,5708.000782473582,7.978923861280621,0.04,23.178348505034823,ETHUSDT_4h,1
2,30,14.0,60.0,20.0,7.0,2.6,1.0,0.2,6,0.8,4.0,7.8,1,risk_based,I,5.0,130.0,10000.0,18,0.6666666666666666,5208.230072466185,3.164833188985415,0.11500792290764784,12.55287268171407,ETHUSDT_4h,1
2,30,18.0,58.0,16.0,8.0,2.4,1.0,0.15,5,1.4,5.0,7.8,1,risk_based,I,5.0,130.0,10000.0,26,0.6538461538461539,4977.747548248975,1.9783907409275838,0.22077438442214395,9.772975107606943,ETHUSDT_4h,1
2,18,20.0,60.0,16.0,7.2,2.8,0.8,0.2,2,1.6,3.5,7.8,1,risk_based,I,5.0,130.0,10000.0,20,0.85,4928.361492900734,5.829906874069802,0.04491781203861108,18.128421804924503,ETHUSDT_4h,1
2,33,28.0,64.0,20.0,6.8,2.0,1.2,0.2,5,1.8,3.5,7.8,1,risk_based,I,5.0,130.0,10000.0,17,0.7647058823529411,4617.673198250008,4.336238412307091,0.03500000000000006,14.6722088463936,ETHUSDT_4h,1
3,18,22.0,58.0,22.0,7.4,2.6,1.0,0.0,2,1.8,4.5,7.8,1,risk_based,I,5.0,130.0,10000.0,15,0.7333333333333333,4463.698222982102,2.826304976534073,0.08797500000000001,11.252383176050248,ETHUSDT_4h,1
4,24,30.0,60.0,24.0,7.8,2.0,1.2,0.2,5,1.2,5.0,7.8,1,risk_based,I,5.0,130.0,10000.0,16,0.5625,3700.320225659618,1.883618328141665,0.22621906249999993,7.952649694442948,ETHUSDT_4h,1
4,36,12.0,60.0,24.0,8.0,2.2,1.2,0.05,3,2.0,3.0,7.8,1,risk_based,I,5.0,130.0,10000.0,18,0.6111111111111112,2966.9360052792817,3.208794221756672,0.04514679998797223,10.525750715495374,SOLUSDT_15m,1
3,18,22.0,58.0,22.0,7.4,2.6,1.0,0.0,2,1.8,4.5,7.8,1,risk_based,I,5.0,130.0,10000.0,14,0.7857142857142857,2895.825516121149,3.514636144948858,0.10309653368363202,11.074379633539397,ETHUSDT_1h,1
5,27,30.0,64.0,18.0,6.8,2.0,1.2,0.1,5,0.8,4.5,8.0,1,risk_based,I,5.0,130.0,10000.0,18,0.7222222222222222,2857.2009476501134,2.744575906395684,0.09451999193648467,9.506126117965362,SOLUSDT_1h,1
3,18,22.0,58.0,22.0,7.4,2.6,1.0,0.0,2,1.8,4.5,7.8,1,risk_based,I,5.0,130.0,10000.0,21,0.7619047619047619,2779.3055124098228,3.2217345582062906,0.04542226167358288,10.649364986658798,ETHUSDT_15m,1
2,33,28.0,60.0,18.0,6.8,1.8,1.2,0.05,5,0.8,5.0,7.8,1,risk_based,I,5.0,130.0,10000.0,27,0.5555555555555556,2620.8648350343265,1.7398299120574634,0.08922626223983762,7.206179205763074,ETHUSDT_1h,1
2,30,14.0,60.0,20.0,7.0,2.6,1.0,0.2,6,0.8,4.0,7.8,1,risk_based,I,5.0,130.0,10000.0,33,0.7575757575757576,2570.663831566866,2.378307516583018,0.05697165601254354,8.952727533058908,ETHUSDT_15m,1
5,27,30.0,60.0,24.0,8.0,2.4,1.4,0.05,3,1.8,4.5,7.8,1,risk_based,I,5.0,130.0,10000.0,12,0.6666666666666666,2556.095248928297,3.634113174153792,0.054082842273332155,10.902073070415886,SOLUSDT_15m,1
5,33,30.0,66.0,22.0,7.8,2.2,1.0,0.1,3,1.2,3.5,8.0,1,risk_based,I,5.0,130.0,10000.0,19,0.7894736842105263,2544.6328349698124,2.775536661929095,0.13213633764800134,9.263507672199788,SOLUSDT_1h,1
2,33,14.0,66.0,18.0,7.8,1.8,1.2,0.15,3,1.4,2.0,8.8,1,risk_based,I,5.0,130.0,10000.0,19,0.7894736842105263,2534.4322612407923,5.178409009930159,0.026664312859178082,14.375467868839367,ETHUSDT_4h,1
3,30,20.0,58.0,14.0,8.0,2.2,1.2,0.15,6,1.6,2.0,8.4,1,risk_based,I,5.0,130.0,10000.0,17,0.7058823529411765,2524.723321728894,4.480510458750809,0.03235296238629852,12.78750888148338,SOLUSDT_15m,1
4,33,24.0,60.0,20.0,7.2,2.6,0.8,0.15,6,1.6,4.5,7.8,1,risk_based,I,5.0,130.0,10000.0,16,0.6875,2443.2770829474666,1.8137510190263648,0.12622921185083746,7.043341485447685,ETHUSDT_4h,1
4,18,18.0,62.0,16.0,7.4,2.0,0.8,0.0,3,1.4,4.0,7.8,1,risk_based,I,5.0,130.0,10000.0,19,0.6842105263157895,2421.3823755298217,1.8312167492340596,0.11526399999999999,7.144339663471625,ETHUSDT_4h,1
4,36,24.0,62.0,20.0,7.6,1.8,1.4,0.0,6,0.8,3.0,8.0,1,risk_based,I,5.0,130.0,10000.0,14,0.6428571428571429,2409.176092556396,2.3388552855446876,0.11470719000000001,7.987050807931486,ETHUSDT_4h,1
5,33,16.0,64.0,16.0,7.6,2.6,1.4,0.15,5,2.0,4.5,8.6,1,risk_based,I,5.0,130.0,10000.0,18,0.7222222222222222,2382.6140357392287,3.350029782207476,0.0348442537918697,10.421474172111905,ETHUSDT_15m,1
2,33,28.0,62.0,24.0,7.0,2.0,1.2,0.0,2,1.8,4.0,8.0,1,risk_based,I,5.0,130.0,10000.0,29,0.5172413793103449,2320.674482380091,1.8998565181974836,0.08901666429196853,7.209199594864669,BTCUSDT_1h,1
5,33,20.0,66.0,24.0,7.6,2.4,1.4,0.15,3,1.4,4.0,8.0,1,risk_based,I,5.0,130.0,10000.0,12,0.6666666666666666,2317.5373787268763,3.3990504700915705,0.05408284227333203,10.193389792090022,SOLUSDT_15m,1
2,27,22.0,60.0,20.0,7.4,2.2,1.2,0.1,4,1.6,4.5,8.2,1,risk_based,I,5.0,130.0,10000.0,15,0.8666666666666667,2314.178670055544,8.453682922637759,0.016,20.773544515331064,ETHUSDT_4h,1
2,33,24.0,62.0,14.0,6.8,2.2,1.0,0.1,3,1.8,3.5,8.6,1,risk_based,I,5.0,130.0,10000.0,16,0.875,2301.516096225956,5.282791464105291,0.03500000000000006,14.394599024436538,ETHUSDT_4h,1
4,33,14.0,66.0,24.0,7.2,2.6,1.0,0.05,5,1.4,3.0,8.8,1,risk_based,I,5.0,130.0,10000.0,20,0.7,2256.456783412663,3.668453763801741,0.04126359935849086,10.919573512940675,SOLUSDT_1h,1
2,18,18.0,60.0,22.0,6.8,2.6,1.0,0.2,5,1.0,3.5,8.6,1,risk_based,I,5.0,130.0,10000.0,24,0.7083333333333334,2234.6541147776425,3.929694165833796,0.02934994704941322,11.548492605296996,ETHUSDT_4h,1
4,36,12.0,60.0,24.0,8.0,2.2,1.2,0.05,3,2.0,3.0,7.8,1,risk_based,I,5.0,130.0,10000.0,14,0.5714285714285714,2225.0601855709265,2.0430445710150513,0.14126597430000004,7.024494261843886,ETHUSDT_4h,1
2,21,20.0,66.0,24.0,7.6,2.4,0.8,0.15,4,1.8,3.5,8.2,1,risk_based,I,5.0,130.0,10000.0,32,0.65625,2222.340201536237,2.0420845827192684,0.08526110085902878,7.675101064397688,SOLUSDT_4h,1
4,36,26.0,66.0,24.0,8.0,2.6,1.4,0.05,5,1.4,3.0,8.0,1,risk_based,I,5.0,130.0,10000.0,15,0.5333333333333333,2218.890428386083,2.0533599511457608,0.0870186311991997,7.164554437080005,SOLUSDT_1h,1
4,36,12.0,60.0,24.0,8.0,2.2,1.2,0.05,3,2.0,3.0,7.8,1,risk_based,I,5.0,130.0,10000.0,24,0.7083333333333334,2194.0126827655167,2.147494465603603,0.06003143350429983,7.8514073134598235,ETHUSDT_15m,1
2,33,24.0,60.0,20.0,7.2,1.8,1.2,0.15,4,1.0,3.5,8.2,1,risk_based,I,5.0,130.0,10000.0,19,0.7894736842105263,2186.2508795725334,5.603478600235756,0.022715689381933246,14.889271538214036,ETHUSDT_4h,1
5,33,20.0,66.0,24.0,7.6,2.4,1.4,0.15,3,1.4,4.0,8.0,1,risk_based,I,5.0,130.0,10000.0,18,0.6666666666666666,2177.4902690434683,2.075981302164115,0.07754360804456871,7.456822049237992,ETHUSDT_15m,1
4,36,30.0,60.0,20.0,7.0,2.6,1.0,0.05,4,2.0,2.5,7.8,1,risk_based,I,5.0,130.0,10000.0,24,0.7916666666666666,2154.8571121357563,3.050964139518982,0.03426798793167479,9.821481427378698,ETHUSDT_15m,1
5,30,12.0,58.0,14.0,7.2,2.6,0.8,0.1,6,1.6,2.5,8.4,1,risk_based,I,5.0,130.0,10000.0,18,0.8333333333333334,2137.2701474829537,5.377027041817622,0.029224898047360184,14.413649536976116,ETHUSDT_15m,1
2,27,14.0,62.0,18.0,7.6,1.8,1.4,0.2,2,1.4,2.0,8.6,1,risk_based,I,5.0,130.0,10000.0,17,0.7647058823529411,2095.230897253121,4.485048129006772,0.026664312859178012,12.472393040218542,ETHUSDT_4h,1
4,36,24.0,62.0,20.0,7.6,1.8,1.4,0.0,6,0.8,3.0,8.0,1,risk_based,I,5.0,130.0,10000.0,22,0.6363636363636364,2092.690136536532,2.5818510501584657,0.05459418701904877,8.48715513034177,BTCUSDT_15m,1
2,36,18.0,60.0,18.0,7.0,2.0,1.0,0.05,6,0.8,2.5,7.8,1,risk_based,I,5.0,130.0,10000.0,17,0.7058823529411765,2091.613936753565,2.564028383893112,0.09601303499224592,8.330455128974815,ETHUSDT_4h,1
4,36,30.0,62.0,22.0,7.4,2.8,0.8,0.0,3,2.0,3.0,7.8,1,risk_based,I,5.0,130.0,10000.0,22,0.7727272727272727,2081.6045792151,2.865724417935436,0.04278548360269452,9.283787873368796,ETHUSDT_15m,1
4,30,16.0,66.0,14.0,7.6,2.8,1.0,0.05,4,2.0,2.5,8.6,1,risk_based,I,5.0,130.0,10000.0,21,0.6666666666666666,2076.981254390146,2.5544823287391623,0.10881054507932798,8.279514276630486,SOLUSDT_1h,1
3,24,14.0,60.0,18.0,7.6,2.0,1.4,0.2,4,1.6,5.0,8.8,1,risk_based,I,5.0,130.0,10000.0,11,0.8181818181818182,2075.7135037642693,7.129409912036211,0.016000000000000077,17.733806055109415,ETHUSDT_4h,1
2,36,12.0,58.0,16.0,7.4,1.8,1.0,0.05,3,1.4,4.5,7.8,1,risk_based,I,5.0,130.0,10000.0,21,0.5714285714285714,2068.6852306477376,1.7101766047159142,0.08443271625162643,6.512883148467544,ETHUSDT_1h,1
5,21,20.0,64.0,16.0,7.0,2.4,0.8,0.0,6,2.0,2.0,7.8,1,risk_based,I,5.0,130.0,10000.0,18,0.8888888888888888,2055.5870646332605,5.519220335883545,0.020000000000000066,14.727361069733682,ETHUSDT_15m,1
4,30,14.0,60.0,16.0,7.4,2.4,1.0,0.05,2,1.4,3.5,8.2,1,risk_based,I,5.0,130.0,10000.0,19,0.6842105263157895,2017.6300586588677,3.4196003011173866,0.0674645018229055,10.06075294489861,SOLUSDT_1h,1
5,33,30.0,66.0,22.0,7.8,2.2,1.0,0.1,3,1.2,3.5,8.0,1,risk_based,I,5.0,130.0,10000.0,20,0.75,2013.539325028647,2.351773425040339,0.040449019813513516,8.120739115668783,ETHUSDT_15m,1
4,33,30.0,64.0,22.0,8.0,2.2,1.0,0.05,6,1.4,2.0,7.8,1,risk_based,I,5.0,130.0,10000.0,25,0.72,2001.5793986763892,2.6150293130091358,0.053582628173040936,8.650890140175537,ETHUSDT_15m,1
5,27,30.0,60.0,24.0,8.0,2.4,1.4,0.05,3,1.8,4.5,7.8,1,risk_based,I,5.0,130.0,10000.0,18,0.6666666666666666,1988.5502700084435,1.9353834854297398,0.08949481803719855,6.950832786756328,ETHUSDT_15m,1
2,30,22.0,64.0,14.0,7.0,2.2,1.2,0.05,2,1.0,4.0,7.8,1,risk_based,I,5.0,130.0,10000.0,35,0.6285714285714286,1972.5890294038418,1.8461569508350348,0.07806533113026178,7.073564080540269,ETHUSDT_15m,1
2,33,26.0,58.0,22.0,7.2,2.0,1.4,0.2,3,1.2,4.0,8.6,1,risk_based,I,5.0,130.0,10000.0,18,0.5555555555555556,1924.0009229670977,2.5377645030364087,0.03478039715927685,8.088522070895417,ETHUSDT_1h,1
4,27,26.0,64.0,24.0,7.4,2.6,1.4,0.05,2,1.2,4.0,8.8,1,risk_based,I,5.0,130.0,10000.0,15,0.5333333333333333,1902.7136572530908,3.2173772531642473,0.035439385497731735,9.331150007088391,SOLUSDT_1h,1
2,33,28.0,60.0,18.0,6.8,1.8,1.2,0.05,5,0.8,5.0,7.8,1,risk_based,I,5.0,130.0,10000.0,29,0.5862068965517241,1902.2889501331483,1.6880058473438888,0.10219883027039793,6.431014498837319,SOLUSDT_15m,1
4,36,26.0,66.0,24.0,8.0,2.6,1.4,0.05,5,1.4,3.0,8.0,1,risk_based,I,5.0,130.0,10000.0,15,0.6,1896.505359055138,2.9328762567362365,0.04514679998797217,8.826817472563695,SOLUSDT_15m,1
2,30,18.0,58.0,16.0,8.0,2.4,1.0,0.15,5,1.4,5.0,7.8,1,risk_based,I,5.0,130.0,10000.0,32,0.65625,1892.7833550609503,1.8938656603636321,0.07530654795681092,7.078970031917781,ETHUSDT_15m,1
2,18,18.0,60.0,22.0,6.8,2.6,1.0,0.2,5,1.0,3.5,8.6,1,risk_based,I,5.0,130.0,10000.0,32,0.75,1885.8389981488726,3.2331055924940895,0.02750202026293566,10.034544122348246,ETHUSDT_15m,1
2,36,20.0,66.0,14.0,7.2,2.4,1.4,0.1,3,1.6,3.5,8.8,1,risk_based,I,5.0,130.0,10000.0,29,0.6206896551724138,1883.7864497426235,2.263031833402075,0.04454263866788179,7.78725668330175,ETHUSDT_15m,1
2,21,16.0,64.0,22.0,7.0,2.4,1.4,0.2,5,1.6,3.0,8.6,1,risk_based,I,5.0,130.0,10000.0,30,0.6333333333333333,1872.7635287301982,2.311021315025201,0.033395947412857084,7.944618316542028,ETHUSDT_15m,1
2,21,16.0,64.0,22.0,7.0,2.4,1.4,0.2,5,1.6,3.0,8.6,1,risk_based,I,5.0,130.0,10000.0,28,0.5357142857142857,1844.2262712201245,1.707764632553155,0.08819607697942843,6.358738733959578,ETHUSDT_4h,1
2,36,20.0,66.0,14.0,7.2,2.4,1.4,0.1,3,1.6,3.5,8.8,1,risk_based,I,5.0,130.0,10000.0,30,0.5333333333333333,1838.147353011429,1.7225160585540988,0.10767210545798735,6.360163153745664,SOLUSDT_4h,1
5,21,28.0,60.0,24.0,7.6,2.4,1.2,0.15,6,1.4,2.0,8.0,1,risk_based,I,5.0,130.0,10000.0,20,0.7,1798.2619995549812,2.447724055379552,0.039600000000000066,8.024910110314085,ETHUSDT_15m,1
2,30,18.0,58.0,16.0,8.0,2.4,1.0,0.15,5,1.4,5.0,7.8,1,risk_based,I,5.0,130.0,10000.0,23,0.5652173913043478,1791.3861516261386,1.8456549416963073,0.13376149669512433,6.389237631889902,BTCUSDT_1h,1
5,27,30.0,64.0,18.0,6.8,2.0,1.2,0.1,5,0.8,4.5,8.0,1,risk_based,I,5.0,130.0,10000.0,19,0.631578947368421,1791.1358944276308,1.5012007249565524,0.2049849989580437,5.505950768519237,ETHUSDT_4h,1
2,21,16.0,64.0,22.0,7.0,2.4,1.4,0.2,5,1.6,3.0,8.6,1,risk_based,I,5.0,130.0,10000.0,27,0.5185185185185185,1764.1584959897355,1.7651747682440417,0.09867038660925431,6.316274650427834,SOLUSDT_4h,1
2,33,28.0,64.0,20.0,6.8,2.0,1.2,0.2,5,1.8,3.5,7.8,1,risk_based,I,5.0,130.0,10000.0,27,0.6296296296296297,1757.923358136446,1.6444335459404535,0.10810479993005327,6.206920494671638,BTCUSDT_4h,1
3,24,12.0,64.0,14.0,7.4,2.2,1.4,0.0,4,1.6,3.0,8.8,1,risk_based,I,5.0,130.0,10000.0,16,0.5625,1751.6069311692045,3.0891134658556663,0.03619743662652255,8.98499155300097,SOLUSDT_15m,1
3,18,20.0,62.0,14.0,7.8,2.0,1.0,0.0,4,2.0,4.0,8.4,1,risk_based,I,5.0,130.0,10000.0,20,0.65,1733.9606080058675,2.230614706754821,0.06242454463637181,7.382916387606394,ETHUSDT_1h,1
2,33,14.0,58.0,20.0,7.8,1.8,1.0,0.05,3,1.6,3.5,8.0,1,risk_based,I,5.0,130.0,10000.0,20,0.6,1716.042035933473,1.6929672714713024,0.06436505764399093,6.208881405944106,ETHUSDT_1h,1
5,18,26.0,62.0,20.0,7.8,2.2,0.8,0.05,4,1.4,4.5,8.4,1,risk_based,I,5.0,130.0,10000.0,13,0.8461538461538461,1708.6980865621226,6.345815610698309,0.014000000000000071,15.887560077189509,ETHUSDT_4h,1
5,33,16.0,64.0,16.0,7.6,2.6,1.4,0.15,5,2.0,4.5,8.6,1,risk_based,I,5.0,130.0,10000.0,13,0.6153846153846154,1699.4281985931848,3.3269167509327526,0.03628648692944351,9.427479162747282,SOLUSDT_15m,1
4,36,24.0,62.0,20.0,7.6,1.8,1.4,0.0,6,0.8,3.0,8.0,1,risk_based,I,5.0,130.0,10000.0,25,0.68,1696.4162608761271,1.879839129297076,0.0720627010089646,6.759906416443385,ETHUSDT_15m,1
5,27,14.0,66.0,14.0,8.0,2.8,1.2,0.2,4,0.8,2.0,8.0,1,risk_based,I,5.0,130.0,10000.0,23,0.6956521739130435,1671.8154225905855,2.5020229618408827,0.04497230033633477,8.044422706132913,ETHUSDT_15m,1
2,30,22.0,64.0,14.0,7.0,2.2,1.2,0.05,2,1.0,4.0,7.8,1,risk_based,I,5.0,130.0,10000.0,22,0.5909090909090909,1671.5672746680957,1.7587039725104276,0.0624447376842601,6.328004642999807,ETHUSDT_1h,1
2,33,28.0,62.0,24.0,7.0,2.0,1.2,0.0,2,1.8,4.0,8.0,1,risk_based,I,5.0,130.0,10000.0,22,0.6363636363636364,1645.623251941288,1.6798441286886834,0.1209747298394266,6.036932774345829,BTCUSDT_4h,1
3,33,22.0,58.0,16.0,6.8,2.2,1.4,0.1,2,1.0,4.0,8.8,1,risk_based,I,5.0,130.0,10000.0,18,0.6666666666666666,1645.2362438775763,3.3161855760448637,0.028806912218571405,9.551186659311588,SOLUSDT_15m,1
3,24,28.0,58.0,22.0,8.0,1.8,1.0,0.0,5,0.8,4.5,8.0,1,risk_based,I,5.0,130.0,10000.0,15,0.6666666666666666,1640.955390961226,1.8187293708000172,0.10309653368363211,6.269124531510363,ETHUSDT_1h,1
2,33,24.0,60.0,20.0,7.2,1.8,1.2,0.15,4,1.0,3.5,8.2,1,risk_based,I,5.0,130.0,10000.0,22,0.5909090909090909,1638.3344747697738,2.3791706074394985,0.038508109232951594,7.607514998313554,ETHUSDT_1h,1
2,36,12.0,58.0,16.0,7.4,1.8,1.0,0.05,3,1.4,4.5,7.8,1,risk_based,I,5.0,130.0,10000.0,31,0.6451612903225806,1636.6943306469038,1.698595955452459,0.12270647840986568,6.253508741806096,SOLUSDT_15m,1
5,27,18.0,58.0,22.0,7.4,1.8,1.2,0.2,2,2.0,4.0,7.8,1,risk_based,I,5.0,130.0,10000.0,14,0.6428571428571429,1623.7096106413046,1.6934353512864797,0.12257498798516432,5.887141063544486,BTCUSDT_4h,1
5,27,14.0,66.0,14.0,8.0,2.8,1.2,0.2,4,0.8,2.0,8.0,1,risk_based,I,5.0,130.0,10000.0,13,0.6153846153846154,1618.6230337812685,3.20938537131841,0.03628648692944367,9.111611238706681,SOLUSDT_15m,1
4,36,30.0,60.0,20.0,7.0,2.6,1.0,0.05,4,2.0,2.5,7.8,1,risk_based,I,5.0,130.0,10000.0,16,0.625,1585.7485293654172,2.2504956811631636,0.0797920732998057,7.1048636717923275,SOLUSDT_1h,1
5,27,18.0,58.0,22.0,7.4,1.8,1.2,0.2,2,2.0,4.0,7.8,1,risk_based,I,5.0,130.0,10000.0,14,0.6428571428571429,1577.858120565461,1.713259414739813,0.07839999999999996,6.013462664330802,SOLUSDT_4h,1
4,36,28.0,64.0,24.0,7.4,2.2,1.4,0.0,4,1.0,3.0,8.2,1,risk_based,I,5.0,130.0,10000.0,18,0.6111111111111112,1574.7096842493756,3.175204866373041,0.0264526755715809,9.12242805694738,SOLUSDT_15m,1
4,36,24.0,64.0,22.0,7.4,2.4,1.0,0.1,5,1.4,2.0,8.4,1,risk_based,I,5.0,130.0,10000.0,21,0.6666666666666666,1564.6609195663023,2.5771473281288304,0.05087316463407245,7.9863360819217455,SOLUSDT_1h,1
5,21,28.0,60.0,24.0,7.6,2.4,1.2,0.15,6,1.4,2.0,8.0,1,risk_based,I,5.0,130.0,10000.0,13,0.5384615384615384,1561.9363243533298,2.278443457975005,0.09607920319999999,6.898277938395646,SOLUSDT_1h,1
4,30,16.0,66.0,14.0,7.6,2.8,1.0,0.05,4,2.0,2.5,8.6,1,risk_based,I,5.0,130.0,10000.0,24,0.7916666666666666,1560.2023849524667,3.0131202670980404,0.036921533385980046,9.143178318990607,ETHUSDT_15m,1
2,33,14.0,58.0,20.0,7.8,1.8,1.0,0.05,3,1.6,3.5,8.0,1,risk_based,I,5.0,130.0,10000.0,30,0.6333333333333333,1555.2391765379907,1.6951069072743898,0.11409599641439382,6.153165001843589,SOLUSDT_15m,1
2,33,26.0,58.0,22.0,7.2,2.0,1.4,0.2,3,1.2,4.0,8.6,1,risk_based,I,5.0,130.0,10000.0,12,0.8333333333333334,1546.2701477197188,7.17010186937139,0.012,17.340473886462494,ETHUSDT_4h,1
5,21,28.0,60.0,24.0,7.6,2.4,1.2,0.15,6,1.4,2.0,8.0,1,risk_based,I,5.0,130.0,10000.0,12,0.6666666666666666,1536.9496590774106,3.260347627601829,0.0362864869294435,9.188785453492738,SOLUSDT_15m,1
2,27,22.0,60.0,20.0,7.4,2.2,1.2,0.1,4,1.6,4.5,8.2,1,risk_based,I,5.0,130.0,10000.0,32,0.65625,1532.2099995836488,2.020621436919244,0.03486083798088993,7.093245359479467,ETHUSDT_15m,1
2,33,24.0,62.0,14.0,6.8,2.2,1.0,0.1,3,1.8,3.5,8.6,1,risk_based,I,5.0,130.0,10000.0,35,0.6571428571428571,1529.0129344676025,2.113294788972707,0.04946396596111909,7.292924900243945,ETHUSDT_15m,1
4,27,26.0,64.0,18.0,7.2,1.8,1.2,0.15,2,2.0,2.0,8.4,1,risk_based,I,5.0,130.0,10000.0,26,0.6153846153846154,1522.781078373384,1.9654435443075238,0.0749906861910086,6.671773031492329,SOLUSDT_15m,1
3,24,14.0,60.0,18.0,7.6,2.0,1.4,0.2,4,1.6,5.0,8.8,1,risk_based,I,5.0,130.0,10000.0,16,0.5625,1516.8205342225428,2.2862368814857805,0.031744000000000154,7.157812297194104,SOLUSDT_1h,1
2,21,20.0,66.0,24.0,7.6,2.4,0.8,0.15,4,1.8,3.5,8.2,1,risk_based,I,5.0,130.0,10000.0,24,0.75,1514.8596459510445,1.8942672668207574,0.11691242965184,6.557656890637039,ETHUSDT_4h,1
4,33,14.0,66.0,24.0,7.2,2.6,1.0,0.05,5,1.4,3.0,8.8,1,risk_based,I,5.0,130.0,10000.0,24,0.75,1507.9743162456161,3.004700135243685,0.02921451485244178,9.034731042175661,ETHUSDT_15m,1
3,24,14.0,60.0,18.0,7.6,2.0,1.4,0.2,4,1.6,5.0,8.8,1,risk_based,I,5.0,130.0,10000.0,18,0.5555555555555556,1502.9827060637526,2.068266878687951,0.06965470469058242,6.62388568270124,ETHUSDT_1h,1
4,36,30.0,62.0,22.0,7.4,2.8,0.8,0.0,3,2.0,3.0,7.8,1,risk_based,I,5.0,130.0,10000.0,16,0.625,1501.3159603314944,1.687567450393062,0.11470719,5.789829291117618,ETHUSDT_4h,1
4,36,26.0,66.0,24.0,8.0,2.6,1.4,0.05,5,1.4,3.0,8.0,1,risk_based,I,5.0,130.0,10000.0,12,0.6666666666666666,1501.038581277071,2.2988800703610703,0.10720228467741126,7.017191867966979,ETHUSDT_1h,1
3,24,14.0,60.0,18.0,7.6,2.0,1.4,0.2,4,1.6,5.0,8.8,1,risk_based,I,5.0,130.0,10000.0,25,0.48,1493.433826145043,1.6773317717805138,0.04752893848286918,5.925510554257463,SOLUSDT_4h,1
5,21,26.0,64.0,16.0,7.0,1.8,1.4,0.1,5,1.4,3.5,8.8,1,risk_based,I,5.0,130.0,10000.0,19,0.7368421052631579,1493.2330443116334,3.1480174079910626,0.031696304966205645,9.179442103289878,ETHUSDT_15m,1
5,33,16.0,64.0,16.0,7.6,2.6,1.4,0.15,5,2.0,4.5,8.6,1,risk_based,I,5.0,130.0,10000.0,12,0.5,1491.6297092482837,2.2037616866596768,0.07700855090654446,6.658127429848004,SOLUSDT_1h,1
5,21,26.0,64.0,16.0,7.0,1.8,1.4,0.1,5,1.4,3.5,8.8,1,risk_based,I,5.0,130.0,10000.0,18,0.7222222222222222,1489.522680260803,3.3041278141276353,0.04799374772087156,9.397130398686791,SOLUSDT_1h,1
2,36,24.0,60.0,16.0,8.2,1.8,1.0,0.0,5,1.0,5.0,8.4,1,risk_based,I,5.0,130.0,10000.0,5,0.8,1485.3151203352118,5.106194646080777,0.030532980047097154,12.906105472355472,ETHUSDT_1h,1
3,30,20.0,58.0,14.0,8.0,2.2,1.2,0.15,6,1.6,2.0,8.4,1,risk_based,I,5.0,130.0,10000.0,28,0.6071428571428571,1481.8129144220875,2.204807759780259,0.039777751493034336,7.242809465217789,ETHUSDT_15m,1
2,33,28.0,62.0,24.0,7.0,2.0,1.2,0.0,2,1.8,4.0,8.0,1,risk_based,I,5.0,130.0,10000.0,33,0.6363636363636364,1471.6575116006352,1.5692940100236665,0.08279349937271858,5.976410488075267,ETHUSDT_15m,1
3,24,28.0,58.0,22.0,8.0,1.8,1.0,0.0,5,0.8,4.5,8.0,1,risk_based,I,5.0,130.0,10000.0,25,0.6,1462.954952996106,1.4940545606641342,0.11268328961396819,5.51301420548247,BTCUSDT_1h,1
5,27,30.0,64.0,18.0,6.8,2.0,1.2,0.1,5,0.8,4.5,8.0,1,risk_based,I,5.0,130.0,10000.0,23,0.7391304347826086,1451.2208739509606,1.8038002360339636,0.07799403537691345,6.393534892062061,ETHUSDT_15m,1
5,27,14.0,66.0,14.0,8.0,2.8,1.2,0.2,4,0.8,2.0,8.0,1,risk_based,I,5.0,130.0,10000.0,13,0.5384615384615384,1436.628465210806,2.161997810248197,0.09526477211788502,6.542522077045851,SOLUSDT_1h,1
3,21,18.0,64.0,18.0,7.6,1.8,1.0,0.1,3,1.2,2.5,8.2,1,risk_based,I,5.0,130.0,10000.0,30,0.7333333333333333,1411.0442223632035,2.7615134135069948,0.03176374856174441,8.538779803691959,ETHUSDT_15m,1
5,27,14.0,66.0,14.0,8.0,2.8,1.2,0.2,4,0.8,2.0,8.0,1,risk_based,I,5.0,130.0,10000.0,12,0.6666666666666666,1409.3253878282721,2.927655528908252,0.06772299838733499,8.301467450482772,ETHUSDT_1h,1
3,18,22.0,58.0,22.0,7.4,2.6,1.0,0.0,2,1.8,4.5,7.8,1,risk_based,I,5.0,130.0,10000.0,20,0.55,1405.0138935758932,1.4417068606724568,0.14454882705672287,5.079781133750638,SOLUSDT_1h,1
2,30,18.0,58.0,16.0,8.0,2.4,1.0,0.15,5,1.4,5.0,7.8,1,risk_based,I,5.0,130.0,10000.0,18,0.5555555555555556,1397.8920017683122,1.510180750349601,0.16022968476024357,5.130897781520116,SOLUSDT_1h,1
3,24,28.0,58.0,22.0,8.0,1.8,1.0,0.0,5,0.8,4.5,8.0,1,risk_based,I,5.0,130.0,10000.0,22,0.5909090909090909,1397.5157738708058,1.3003252982556013,0.20564093140312503,4.70760721253627,ETHUSDT_4h,1
3,18,20.0,62.0,14.0,7.8,2.0,1.0,0.0,4,2.0,4.0,8.4,1,risk_based,I,5.0,130.0,10000.0,28,0.7857142857142857,1385.9979054853993,2.3477110422987617,0.03968857947906981,7.700925680217143,ETHUSDT_15m,1
2,24,18.0,64.0,24.0,7.4,2.2,1.2,0.15,6,1.6,3.0,8.4,1,risk_based,I,5.0,130.0,10000.0,32,0.625,1377.6196556572977,1.8839803653553753,0.04404357975032241,6.590949647117081,ETHUSDT_15m,1
4,36,26.0,66.0,24.0,8.0,2.6,1.4,0.05,5,1.4,3.0,8.0,1,risk_based,I,5.0,130.0,10000.0,21,0.6666666666666666,1375.571613903523,1.8198734241762644,0.04750815233121544,6.292794005262405,ETHUSDT_15m,1
4,18,18.0,62.0,16.0,7.4,2.0,0.8,0.0,3,1.4,4.0,7.8,1,risk_based,I,5.0,130.0,10000.0,25,0.8,1366.8541792530596,1.9020167517746958,0.061252202262303615,6.6871310760155405,ETHUSDT_15m,1
5,18,26.0,62.0,20.0,7.8,2.2,0.8,0.05,4,1.4,4.5,8.4,1,risk_based,I,5.0,130.0,10000.0,21,0.7619047619047619,1365.4766317982958,2.865319162709994,0.026539734447190204,8.579352896733855,ETHUSDT_15m,1
4,33,30.0,64.0,22.0,8.0,2.2,1.0,0.05,6,1.4,2.0,7.8,1,risk_based,I,5.0,130.0,10000.0,23,0.6956521739130435,1364.334724929642,2.017948586602112,0.08051459842582798,6.662166363725947,SOLUSDT_1h,1
4,33,24.0,60.0,20.0,7.2,2.6,0.8,0.15,6,1.6,4.5,7.8,1,risk_based,I,5.0,130.0,10000.0,24,0.6666666666666666,1359.8450350066414,2.2070403865274666,0.06081679318013626,7.071475428521165,BTCUSDT_15m,1
4,30,16.0,66.0,14.0,7.6,2.8,1.0,0.05,4,2.0,2.5,8.6,1,risk_based,I,5.0,130.0,10000.0,11,0.6363636363636364,1358.7528532629894,2.815148341734679,0.07050975032947752,7.9520657402893695,ETHUSDT_1h,1
4,36,24.0,62.0,20.0,7.6,1.8,1.4,0.0,6,0.8,3.0,8.0,1,risk_based,I,5.0,130.0,10000.0,24,0.4583333333333333,1356.109669022224,1.606810596309985,0.08689990832079551,5.476531136679807,SOLUSDT_15m,1
4,27,26.0,64.0,18.0,7.2,1.8,1.2,0.15,2,2.0,2.0,8.4,1,risk_based,I,5.0,130.0,10000.0,16,0.625,1353.9559910910993,2.023270026199269,0.07763184000000013,6.425100523489637,ETHUSDT_4h,1
5,21,20.0,64.0,16.0,7.0,2.4,0.8,0.0,6,2.0,2.0,7.8,1,risk_based,I,5.0,130.0,10000.0,16,0.8125,1353.3325166932773,2.9379432796438913,0.039600000000000045,8.64916907598106,ETHUSDT_4h,1
4,24,30.0,60.0,24.0,7.8,2.0,1.2,0.2,5,1.2,5.0,7.8,1,risk_based,I,5.0,130.0,10000.0,25,0.68,1348.0420518492538,1.5829838567479588,0.084065009273709,5.781814737524044,ETHUSDT_15m,1
3,21,24.0,64.0,20.0,7.4,2.4,0.8,0.05,5,0.8,3.5,8.2,1,risk_based,I,5.0,130.0,10000.0,19,0.7894736842105263,1346.5694734762837,4.851251781319245,0.03093583581913528,12.520476054973157,ETHUSDT_1h,1
2,30,18.0,58.0,16.0,8.0,2.4,1.0,0.15,5,1.4,5.0,7.8,1,risk_based,I,5.0,130.0,10000.0,27,0.6296296296296297,1346.1753557997145,1.9292365127872164,0.087697986632308,6.425998865921668,BTCUSDT_15m,1
3,21,16.0,60.0,20.0,6.8,2.0,1.2,0.15,3,1.2,2.5,8.8,1,risk_based,I,5.0,130.0,10000.0,30,0.7,1334.7374160778563,2.381171069032347,0.03236900026400531,7.649972553350534,ETHUSDT_15m,1
2,33,20.0,66.0,18.0,8.0,2.2,1.4,0.1,6,1.0,2.5,8.4,1,risk_based,I,5.0,130.0,10000.0,31,0.5806451612903226,1331.6094971980656,2.1253081886550143,0.027502020262935547,6.990687555654771,ETHUSDT_15m,1
4,30,14.0,60.0,16.0,7.4,2.4,1.0,0.05,2,1.4,3.5,8.2,1,risk_based,I,5.0,130.0,10000.0,24,0.75,1322.9544954480716,2.7354544536313727,0.04280551164450745,8.270446867777295,ETHUSDT_15m,1
2,30,22.0,64.0,14.0,7.0,2.2,1.2,0.05,2,1.0,4.0,7.8,1,risk_based,I,5.0,130.0,10000.0,19,0.6842105263157895,1322.2448885016838,1.7708042845292364,0.10415401171523436,5.957707211888137,SOLUSDT_1h,1
2,36,18.0,60.0,18.0,7.0,2.0,1.0,0.05,6,0.8,2.5,7.8,1,risk_based,I,5.0,130.0,10000.0,29,0.6206896551724138,1314.9257953199958,1.5427006090643365,0.10262854701105568,5.603475855174123,BTCUSDT_4h,1
3,18,12.0,62.0,14.0,7.4,2.2,1.4,0.05,6,1.0,4.5,8.6,1,risk_based,I,5.0,130.0,10000.0,16,0.5625,1311.692765734464,2.7362063144229607,0.03619743662652269,7.839263084700818,SOLUSDT_15m,1
4,27,26.0,64.0,18.0,7.2,1.8,1.2,0.15,2,2.0,2.0,8.4,1,risk_based,I,5.0,130.0,10000.0,17,0.6470588235294118,1309.3035202238098,2.082385832424365,0.05817199072096391,6.610147448203765,SOLUSDT_1h,1
4,30,24.0,62.0,14.0,7.8,1.8,1.4,0.15,2,1.4,3.0,8.8,1,risk_based,I,5.0,130.0,10000.0,24,0.6666666666666666,1308.0310326057552,2.2143302859449507,0.031573612018160384,7.121970768441175,ETHUSDT_15m,1
2,33,20.0,66.0,18.0,8.0,2.2,1.4,0.1,6,1.0,2.5,8.4,1,risk_based,I,5.0,130.0,10000.0,30,0.5333333333333333,1291.6759942710232,1.7778694490052371,0.07590387490124116,6.019703267577773,SOLUSDT_4h,1
2,33,28.0,64.0,20.0,6.8,2.0,1.2,0.2,5,1.8,3.5,7.8,1,risk_based,I,5.0,130.0,10000.0,26,0.5384615384615384,1271.792835794573,1.3923647975467033,0.10316622421577057,5.074716065932975,ETHUSDT_1h,1
2,33,26.0,58.0,22.0,7.2,2.0,1.4,0.2,3,1.2,4.0,8.6,1,risk_based,I,5.0,130.0,10000.0,32,0.59375,1262.174955751405,1.9700012444146182,0.03637611152123139,6.623674110016947,ETHUSDT_15m,1
4,36,30.0,62.0,22.0,7.4,2.8,0.8,0.0,3,2.0,3.0,7.8,1,risk_based,I,5.0,130.0,10000.0,20,0.75,1262.0252215284127,2.079702228381414,0.059099999999999916,6.769129678291241,SOLUSDT_15m,1
3,30,20.0,58.0,14.0,8.0,2.2,1.2,0.15,6,1.6,2.0,8.4,1,risk_based,I,5.0,130.0,10000.0,15,0.6666666666666666,1258.3800830681048,2.796745411238124,0.06388181522313922,7.960225459874935,ETHUSDT_1h,1
4,24,26.0,62.0,18.0,7.6,2.0,0.8,0.05,4,0.8,4.5,8.6,1,risk_based,I,5.0,130.0,10000.0,19,0.6842105263157895,1251.6651536199079,3.4722822855775908,0.023421165514486923,9.532282017705315,ETHUSDT_4h,1
3,24,12.0,64.0,14.0,7.4,2.2,1.4,0.0,4,1.6,3.0,8.8,1,risk_based,I,5.0,130.0,10000.0,17,0.5294117647058824,1245.2105719079445,1.9741276525198046,0.047236096000000026,6.1858752360063765,SOLUSDT_1h,1
2,33,24.0,62.0,14.0,6.8,2.2,1.0,0.1,3,1.8,3.5,8.6,1,risk_based,I,5.0,130.0,10000.0,20,0.7,1238.309713490884,2.00153776693365,0.08422271372222905,6.438717106191497,SOLUSDT_1h,1
3,27,22.0,62.0,14.0,7.6,2.2,1.4,0.2,4,0.8,2.0,8.2,1,risk_based,I,5.0,130.0,10000.0,19,0.5789473684210527,1225.5765490513877,2.5021855350191493,0.03619743662652262,7.369776361841697,SOLUSDT_15m,1
3,24,14.0,60.0,18.0,7.6,2.0,1.4,0.2,4,1.6,5.0,8.8,1,risk_based,I,5.0,130.0,10000.0,23,0.6086956521739131,1224.070487274108,1.9257136566464093,0.04671983720153935,6.308381767223178,ETHUSDT_15m,1
4,27,26.0,64.0,18.0,7.2,1.8,1.2,0.15,2,2.0,2.0,8.4,1,risk_based,I,5.0,130.0,10000.0,28,0.7142857142857143,1223.775767498606,1.8817819211256201,0.06198967748470626,6.4327991487243,ETHUSDT_15m,1
4,27,26.0,64.0,24.0,7.4,2.6,1.4,0.05,2,1.2,4.0,8.8,1,risk_based,I,5.0,130.0,10000.0,15,0.6,1210.5142573584562,2.888254403549427,0.028419437843153393,8.10176475092785,SOLUSDT_15m,1
4,36,30.0,62.0,22.0,7.4,2.8,0.8,0.0,3,2.0,3.0,7.8,1,risk_based,I,5.0,130.0,10000.0,22,0.6818181818181818,1208.2575320118503,1.6733511490462576,0.14550773465835087,5.581163898856587,SOLUSDT_1h,1
4,36,28.0,64.0,24.0,7.4,2.2,1.4,0.0,4,1.0,3.0,8.2,1,risk_based,I,5.0,130.0,10000.0,17,0.5294117647058824,1199.859604871097,2.4952807664974155,0.039403990000000014,7.2063268149247515,SOLUSDT_1h,1
2,24,18.0,64.0,24.0,7.4,2.2,1.2,0.15,6,1.6,3.0,8.4,1,risk_based,I,5.0,130.0,10000.0,21,0.5238095238095238,1198.2433745441067,1.809688684731547,0.05032362151370788,5.872364165180363,SOLUSDT_15m,1
2,24,18.0,64.0,24.0,7.4,2.2,1.2,0.15,6,1.6,3.0,8.4,1,risk_based,I,5.0,130.0,10000.0,28,0.5,1193.7752189090115,1.4876847074749502,0.10144798171985778,5.174800688699339,SOLUSDT_4h,1
5,21,26.0,64.0,16.0,7.0,1.8,1.4,0.1,5,1.4,3.5,8.8,1,risk_based,I,5.0,130.0,10000.0,16,0.5625,1184.140928012157,2.1165469060606057,0.041414744000000066,6.456740508133368,ETHUSDT_4h,1
5,27,30.0,60.0,24.0,8.0,2.4,1.4,0.05,3,1.8,4.5,7.8,1,risk_based,I,5.0,130.0,10000.0,19,0.5789473684210527,1184.0537519293375,1.742828603467102,0.07559773443835086,5.691338808180068,BTCUSDT_15m,1
2,27,12.0,64.0,16.0,7.4,2.4,1.2,0.1,3,1.0,2.0,8.8,1,risk_based,I,5.0,130.0,10000.0,33,0.6363636363636364,1180.3969217423237,2.0251259580495216,0.02750202026293552,6.762688231598015,ETHUSDT_15m,1
4,33,30.0,64.0,22.0,8.0,2.2,1.0,0.05,6,1.4,2.0,7.8,1,risk_based,I,5.0,130.0,10000.0,23,0.6956521739130435,1180.262982210821,1.9977791598881676,0.07299853851004083,6.460303947326599,SOLUSDT_15m,1
2,36,12.0,58.0,16.0,7.4,1.8,1.0,0.05,3,1.4,4.5,7.8,1,risk_based,I,5.0,130.0,10000.0,22,0.5909090909090909,1176.2254081511965,1.3758001826421968,0.1360920545339962,4.845913246197238,SOLUSDT_1h,1
5,27,18.0,58.0,22.0,7.4,1.8,1.2,0.2,2,2.0,4.0,7.8,1,risk_based,I,5.0,130.0,10000.0,21,0.47619047619047616,1169.7742602577655,1.4125807792749197,0.17745275745856398,4.596863260717627,BTCUSDT_1h,1
2,33,28.0,62.0,24.0,7.0,2.0,1.2,0.0,2,1.8,4.0,8.0,1,risk_based,I,5.0,130.0,10000.0,21,0.5714285714285714,1169.0487973938598,1.4110229292023044,0.11744725634532815,4.915895743905341,ETHUSDT_1h,1
2,33,28.0,64.0,20.0,6.8,2.0,1.2,0.2,5,1.8,3.5,7.8,1,risk_based,I,5.0,130.0,10000.0,33,0.696969696969697,1168.8782020248364,1.5622693014170523,0.0714869396333853,5.7844105314133305,ETHUSDT_15m,1
2,33,28.0,64.0,20.0,6.8,2.0,1.2,0.2,5,1.8,3.5,7.8,1,risk_based,I,5.0,130.0,10000.0,26,0.5769230769230769,1149.7677368621844,1.5653699832313357,0.07421251188599738,5.443254783051479,SOLUSDT_15m,1
2,33,24.0,60.0,20.0,7.2,1.8,1.2,0.15,4,1.0,3.5,8.2,1,risk_based,I,5.0,130.0,10000.0,27,0.5925925925925926,1149.4899176234067,1.7608716169923306,0.0503662803444088,5.94902319946373,SOLUSDT_15m,1
5,33,20.0,66.0,24.0,7.6,2.4,1.4,0.15,3,1.4,4.0,8.0,1,risk_based,I,5.0,130.0,10000.0,13,0.6153846153846154,1144.9905910224388,1.6507096257956813,0.16054771636213197,5.147843616604328,ETHUSDT_1h,1
5,33,20.0,66.0,24.0,7.6,2.4,1.4,0.15,3,1.4,4.0,8.0,1,risk_based,I,5.0,130.0,10000.0,19,0.5789473684210527,1143.7604596081528,1.7155872207875509,0.07824173614278257,5.588630745386486,BTCUSDT_15m,1
3,24,12.0,64.0,14.0,7.4,2.2,1.4,0.0,4,1.6,3.0,8.8,1,risk_based,I,5.0,130.0,10000.0,23,0.6086956521739131,1134.3976998048438,1.8487093001733992,0.04610083619548216,6.066557269826065,ETHUSDT_15m,1
5,27,18.0,58.0,22.0,7.4,1.8,1.2,0.2,2,2.0,4.0,7.8,1,risk_based,I,5.0,130.0,10000.0,17,0.6470588235294118,1133.6623979489668,1.3898680217016492,0.1846273024,4.670104769446383,ETHUSDT_4h,1
2,36,12.0,58.0,16.0,7.4,1.8,1.0,0.05,3,1.4,4.5,7.8,1,risk_based,I,5.0,130.0,10000.0,34,0.6470588235294118,1130.3876675677857,1.583691989611355,0.06973372826665152,5.739158697284659,ETHUSDT_15m,1
5,21,20.0,64.0,16.0,7.0,2.4,0.8,0.0,6,2.0,2.0,7.8,1,risk_based,I,5.0,130.0,10000.0,19,0.7894736842105263,1122.4492158270969,2.599873607037064,0.03960000000000013,7.767606956217014,BTCUSDT_15m,1
2,27,22.0,60.0,20.0,7.4,2.2,1.2,0.1,4,1.6,4.5,8.2,1,risk_based,I,5.0,130.0,10000.0,22,0.5909090909090909,1116.010138754873,1.710255743477346,0.06466684245120927,5.668884734719574,SOLUSDT_15m,1
3,18,12.0,62.0,14.0,7.4,2.2,1.4,0.05,6,1.0,4.5,8.6,1,risk_based,I,5.0,130.0,10000.0,15,0.6,1115.533753944428,2.4096591061529957,0.04633651412040917,6.995842423889191,ETHUSDT_1h,1
5,18,30.0,58.0,16.0,7.2,2.6,1.2,0.0,3,0.8,4.0,8.4,1,risk_based,I,5.0,130.0,10000.0,12,0.6666666666666666,1112.819115742468,3.6455426947375473,0.024485913300008058,9.57044676531754,SOLUSDT_15m,1
2,21,16.0,64.0,22.0,7.0,2.4,1.4,0.2,5,1.6,3.0,8.6,1,risk_based,I,5.0,130.0,10000.0,18,0.5555555555555556,1109.8661573458157,2.0608260427246767,0.05287527464005352,6.266225752208342,SOLUSDT_15m,1
4,30,24.0,62.0,14.0,7.8,1.8,1.4,0.15,2,1.4,3.0,8.8,1,risk_based,I,5.0,130.0,10000.0,17,0.5882352941176471,1106.9205054121012,2.1238221074035044,0.040961310075471866,6.454033731169164,SOLUSDT_1h,1
5,33,16.0,66.0,22.0,7.6,2.4,0.8,0.1,4,1.0,3.5,8.6,1,risk_based,I,5.0,130.0,10000.0,18,0.7777777777777778,1106.736438475269,3.7424016386749126,0.03918761616208481,10.000643534005505,SOLUSDT_1h,1
5,33,30.0,66.0,22.0,7.8,2.2,1.0,0.1,3,1.2,3.5,8.0,1,risk_based,I,5.0,130.0,10000.0,22,0.6363636363636364,1102.195468333848,1.8076396397718981,0.07552634865211323,5.885441156466759,BTCUSDT_15m,1
4,36,12.0,60.0,24.0,8.0,2.2,1.2,0.05,3,2.0,3.0,7.8,1,risk_based,I,5.0,130.0,10000.0,20,0.6,1101.3156174838732,1.7446315009932056,0.06716515906708868,5.689083142269018,BTCUSDT_15m,1
4,27,26.0,64.0,24.0,7.4,2.6,1.4,0.05,2,1.2,4.0,8.8,1,risk_based,I,5.0,130.0,10000.0,21,0.6666666666666666,1099.106874567724,2.165965036719152,0.028396253509394724,6.765848187477844,ETHUSDT_15m,1
5,27,12.0,60.0,20.0,8.0,2.6,0.8,0.2,5,1.4,2.0,8.2,1,risk_based,I,5.0,130.0,10000.0,22,0.7727272727272727,1097.7284309798742,2.53282208077186,0.022742008755040004,7.694237475349384,ETHUSDT_15m,1
3,33,22.0,58.0,16.0,6.8,2.2,1.4,0.1,2,1.0,4.0,8.8,1,risk_based,I,5.0,130.0,10000.0,16,0.5625,1096.2453922506284,2.472342391690016,0.056924087036506824,7.03390791452114,ETHUSDT_1h,1
4,30,24.0,62.0,14.0,7.8,1.8,1.4,0.15,2,1.4,3.0,8.8,1,risk_based,I,5.0,130.0,10000.0,17,0.5882352941176471,1092.2929783536583,2.028691257707824,0.05483493758399999,6.2075236221937775,ETHUSDT_4h,1
5,33,20.0,66.0,24.0,7.6,2.4,1.4,0.15,3,1.4,4.0,8.0,1,risk_based,I,5.0,130.0,10000.0,14,0.5,1090.3507770401065,1.389793731051969,0.1835253283042866,4.349362254231185,SOLUSDT_1h,1
5,33,16.0,66.0,22.0,7.6,2.4,0.8,0.1,4,1.0,3.5,8.6,1,risk_based,I,5.0,130.0,10000.0,22,0.7272727272727273,1090.0823466139718,2.9967288579806195,0.02005011447410136,8.554298810061997,ETHUSDT_15m,1
2,30,14.0,60.0,20.0,7.0,2.6,1.0,0.2,6,0.8,4.0,7.8,1,risk_based,I,5.0,130.0,10000.0,30,0.5666666666666667,1082.9505503215823,1.5980950254001982,0.10037979844300321,5.4280012057929685,BTCUSDT_15m,1
2,27,14.0,62.0,18.0,7.6,1.8,1.4,0.2,2,1.4,2.0,8.6,1,risk_based,I,5.0,130.0,10000.0,35,0.5714285714285714,1081.396597124085,1.6335559119267362,0.04760591341614348,5.762833537871984,ETHUSDT_15m,1
2,36,18.0,60.0,18.0,7.0,2.0,1.0,0.05,6,0.8,2.5,7.8,1,risk_based,I,5.0,130.0,10000.0,35,0.7142857142857143,1069.8520846123974,1.6583166503250153,0.0587770077774833,5.98158293335855,ETHUSDT_15m,1
3,24,12.0,64.0,14.0,7.4,2.2,1.4,0.0,4,1.6,3.0,8.8,1,risk_based,I,5.0,130.0,10000.0,15,0.6,1068.8566669933753,2.039680895784266,0.0693304332630403,6.1402271587727855,ETHUSDT_1h,1
5,18,26.0,62.0,20.0,7.8,2.2,0.8,0.05,4,1.4,4.5,8.4,1,risk_based,I,5.0,130.0,10000.0,18,0.7777777777777778,1064.710597919222,2.8834271319186815,0.05468590896747188,8.194173801520837,SOLUSDT_1h,1
3,18,22.0,58.0,22.0,7.4,2.6,1.0,0.0,2,1.8,4.5,7.8,1,risk_based,I,5.0,130.0,10000.0,23,0.5217391304347826,1061.9291922555058,1.5846387654596288,0.10855508890959807,5.148150152098142,BTCUSDT_15m,1
2,33,14.0,66.0,18.0,7.8,1.8,1.2,0.15,3,1.4,2.0,8.8,1,risk_based,I,5.0,130.0,10000.0,27,0.5185185185185185,1053.141949427889,1.6158476536926263,0.05658119533961364,5.432871448572078,SOLUSDT_15m,1
5,21,30.0,66.0,24.0,7.2,1.8,1.2,0.15,4,2.0,4.0,8.2,1,risk_based,I,5.0,130.0,10000.0,16,0.625,1049.0313107996717,1.8718137841548363,0.09546837988841358,5.7637537394441045,SOLUSDT_1h,1
5,21,20.0,64.0,16.0,7.0,2.4,0.8,0.0,6,2.0,2.0,7.8,1,risk_based,I,5.0,130.0,10000.0,17,0.7647058823529411,1041.2987254052132,2.279894504642177,0.07763184000000001,6.855251038218979,SOLUSDT_1h,1
5,27,30.0,64.0,18.0,6.8,2.0,1.2,0.1,5,0.8,4.5,8.0,1,risk_based,I,5.0,130.0,10000.0,22,0.5454545454545454,1040.5860667480283,1.5359039143564923,0.11081630761701196,5.038126790791796,SOLUSDT_15m,1
2,33,26.0,58.0,22.0,7.2,2.0,1.4,0.2,3,1.2,4.0,8.6,1,risk_based,I,5.0,130.0,10000.0,24,0.5833333333333334,1036.8993285403722,1.8473564339675737,0.05589501359725826,5.918927155683745,BTCUSDT_4h,1
4,36,26.0,66.0,24.0,8.0,2.6,1.4,0.05,5,1.4,3.0,8.0,1,risk_based,I,5.0,130.0,10000.0,19,0.5789473684210527,1034.3967483210454,1.6444370494339169,0.08189577312744008,5.326004580438138,BTCUSDT_15m,1
4,36,12.0,60.0,24.0,8.0,2.2,1.2,0.05,3,2.0,3.0,7.8,1,risk_based,I,5.0,130.0,10000.0,11,0.7272727272727273,1032.9067079283286,2.1095716513280895,0.087327,6.300978101493599,ETHUSDT_1h,1
4,30,24.0,62.0,14.0,7.8,1.8,1.4,0.15,2,1.4,3.0,8.8,1,risk_based,I,5.0,130.0,10000.0,25,0.56,1028.1123894036518,1.6862206412628113,0.0717117281880317,5.5254184873651795,SOLUSDT_15m,1
4,36,28.0,64.0,24.0,7.4,2.2,1.4,0.0,4,1.0,3.0,8.2,1,risk_based,I,5.0,130.0,10000.0,22,0.6363636363636364,1024.293759096634,2.208672189784778,0.02689328386579963,6.755503741614246,ETHUSDT_15m,1
5,27,30.0,64.0,18.0,6.8,2.0,1.2,0.1,5,0.8,4.5,8.0,1,risk_based,I,5.0,130.0,10000.0,17,0.5294117647058824,1023.8608042516771,1.275114702319447,0.21441413007086293,4.0649654657368055,BTCUSDT_4h,1
2,33,14.0,58.0,20.0,7.8,1.8,1.0,0.05,3,1.6,3.5,8.0,1,risk_based,I,5.0,130.0,10000.0,34,0.6470588235294118,1020.1205379518942,1.546810513482474,0.06848225455609852,5.558883036542664,ETHUSDT_15m,1
5,27,30.0,64.0,18.0,6.8,2.0,1.2,0.1,5,0.8,4.5,8.0,1,risk_based,I,5.0,130.0,10000.0,22,0.5909090909090909,1013.8893901652209,1.6644352035125665,0.07602183268439651,5.441057935500801,BTCUSDT_15m,1
3,21,16.0,60.0,20.0,6.8,2.0,1.2,0.15,3,1.2,2.5,8.8,1,risk_based,I,5.0,130.0,10000.0,26,0.6153846153846154,1009.3465645050474,1.7560935395924417,0.06665152031461123,5.764656005823021,SOLUSDT_15m,1
5,21,20.0,64.0,16.0,7.0,2.4,0.8,0.0,6,2.0,2.0,7.8,1,risk_based,I,5.0,130.0,10000.0,25,0.68,1001.4117810721291,1.8260856998105868,0.039599999999999996,6.054783180693303,SOLUSDT_15m,1
4,36,24.0,64.0,22.0,7.4,2.4,1.0,0.1,5,1.4,2.0,8.4,1,risk_based,I,5.0,130.0,10000.0,26,0.6923076923076923,996.9089839132994,2.0830811144816894,0.04156156322414649,6.596848061665778,ETHUSDT_15m,1
2,21,20.0,66.0,24.0,7.6,2.4,0.8,0.15,4,1.8,3.5,8.2,1,risk_based,I,5.0,130.0,10000.0,40,0.725,995.6729213423823,1.6993284195586078,0.04289055163273909,6.153158105561381,ETHUSDT_15m,1
5,18,30.0,58.0,16.0,7.2,2.6,1.2,0.0,3,0.8,4.0,8.4,1,risk_based,I,5.0,130.0,10000.0,18,0.7222222222222222,992.1081095139871,3.1880599012689537,0.02185178276854386,8.746005897079597,ETHUSDT_15m,1
4,36,30.0,60.0,20.0,7.0,2.6,1.0,0.05,4,2.0,2.5,7.8,1,risk_based,I,5.0,130.0,10000.0,13,0.5384615384615384,987.1370524207978,1.759081684209642,0.12131227974982879,5.209055889282903,ETHUSDT_1h,1
4,36,24.0,64.0,22.0,7.4,2.4,1.0,0.1,5,1.4,2.0,8.4,1,risk_based,I,5.0,130.0,10000.0,18,0.5555555555555556,984.1311394883196,1.757806938336,0.07373823883231986,5.471863632996694,ETHUSDT_4h,1
3,33,22.0,58.0,16.0,6.8,2.2,1.4,0.1,2,1.0,4.0,8.8,1,risk_based,I,5.0,130.0,10000.0,15,0.7333333333333333,974.6455461671449,3.392560283598309,0.029700999999999977,9.070663113363764,SOLUSDT_1h,1
4,36,28.0,64.0,24.0,7.4,2.2,1.4,0.0,4,1.0,3.0,8.2,1,risk_based,I,5.0,130.0,10000.0,14,0.5714285714285714,963.7567384279828,2.1424767121778396,0.06822187030000006,6.181187409026519,ETHUSDT_4h,1
2,33,14.0,66.0,18.0,7.8,1.8,1.2,0.15,3,1.4,2.0,8.8,1,risk_based,I,5.0,130.0,10000.0,24,0.5416666666666666,961.0427671512989,1.5795361091000957,0.041414743999999934,5.28837075335149,ETHUSDT_1h,1
2,36,20.0,66.0,14.0,7.2,2.4,1.4,0.1,3,1.6,3.5,8.8,1,risk_based,I,5.0,130.0,10000.0,24,0.5833333333333334,959.1060787630431,1.3927422899478374,0.14345305634110428,4.669231489635404,ETHUSDT_4h,1
2,33,28.0,60.0,18.0,6.8,1.8,1.2,0.05,5,0.8,5.0,7.8,1,risk_based,I,5.0,130.0,10000.0,29,0.4482758620689655,945.8116036392548,1.3272262459465447,0.12654424231804162,4.473045161681667,BTCUSDT_1h,1
5,21,26.0,64.0,16.0,7.0,1.8,1.4,0.1,5,1.4,3.5,8.8,1,risk_based,I,5.0,130.0,10000.0,20,0.7,942.7635570708462,2.001207945542082,0.04180463524230674,6.2697655424280905,BTCUSDT_15m,1
2,33,20.0,66.0,18.0,8.0,2.2,1.4,0.1,6,1.0,2.5,8.4,1,risk_based,I,5.0,130.0,10000.0,21,0.5238095238095238,942.5782417662122,1.8216769346597455,0.04069224396571313,5.669569664902849,SOLUSDT_15m,1
4,36,24.0,62.0,20.0,7.6,1.8,1.4,0.0,6,0.8,3.0,8.0,1,risk_based,I,5.0,130.0,10000.0,26,0.46153846153846156,937.3418263633903,1.2923857726343904,0.13286873130411614,4.335814870027514,BTCUSDT_1h,1
5,27,30.0,60.0,24.0,8.0,2.4,1.4,0.05,3,1.8,4.5,7.8,1,risk_based,I,5.0,130.0,10000.0,13,0.46153846153846156,927.601599052321,1.2744137802708242,0.08797500000000003,4.164811851901662,SOLUSDT_4h,1
3,33,22.0,58.0,16.0,6.8,2.2,1.4,0.1,2,1.0,4.0,8.8,1,risk_based,I,5.0,130.0,10000.0,25,0.56,921.4314565411005,1.8365804450750194,0.046672819881005384,5.794573887048123,ETHUSDT_15m,1
5,27,30.0,60.0,24.0,8.0,2.4,1.4,0.05,3,1.8,4.5,7.8,1,risk_based,I,5.0,130.0,10000.0,12,0.4166666666666667,921.0061649113941,1.2391796798190022,0.205640931403125,3.647442730340024,ETHUSDT_4h,1
3,18,20.0,62.0,14.0,7.8,2.0,1.0,0.0,4,2.0,4.0,8.4,1,risk_based,I,5.0,130.0,10000.0,30,0.5333333333333333,918.4516035410525,1.3565818076129705,0.11169540338714945,4.696529008605545,BTCUSDT_1h,1
5,27,30.0,60.0,24.0,8.0,2.4,1.4,0.05,3,1.8,4.5,7.8,1,risk_based,I,5.0,130.0,10000.0,13,0.46153846153846156,912.9486929197228,1.2916760058205303,0.205640931403125,3.8316856026591015,SOLUSDT_1h,1
2,33,22.0,58.0,14.0,8.2,2.6,1.0,0.0,6,0.8,5.0,8.0,1,risk_based,I,5.0,130.0,10000.0,4,0.75,911.3490819990984,3.651979458766545,0.03053298004709721,9.328709059390896,ETHUSDT_1h,1
4,18,18.0,62.0,16.0,7.4,2.0,0.8,0.0,3,1.4,4.0,7.8,1,risk_based,I,5.0,130.0,10000.0,24,0.7083333333333334,909.9124177358044,1.4182712350391171,0.15424716928826548,4.826213379949243,SOLUSDT_1h,1
2,27,12.0,64.0,16.0,7.4,2.4,1.2,0.1,3,1.0,2.0,8.8,1,risk_based,I,5.0,130.0,10000.0,27,0.5555555555555556,908.391663495624,1.5764847489223657,0.08652055569931599,5.17513282757574,ETHUSDT_4h,1
5,21,30.0,66.0,24.0,7.2,1.8,1.2,0.15,4,2.0,4.0,8.2,1,risk_based,I,5.0,130.0,10000.0,23,0.6521739130434783,898.9696036258592,1.667969304890341,0.043582262727447335,5.542422294789417,ETHUSDT_15m,1
4,33,24.0,60.0,20.0,7.2,2.6,0.8,0.15,6,1.6,4.5,7.8,1,risk_based,I,5.0,130.0,10000.0,26,0.7692307692307693,896.3801749657687,1.7116777991135244,0.05251461043476774,5.8360380957346685,ETHUSDT_15m,1
5,30,12.0,58.0,14.0,7.2,2.6,0.8,0.1,6,1.6,2.5,8.4,1,risk_based,I,5.0,130.0,10000.0,15,0.7333333333333333,895.3218405064636,2.375735591802603,0.062480318464000144,6.8593520687196685,SOLUSDT_1h,1
2,36,12.0,58.0,16.0,7.4,1.8,1.0,0.05,3,1.4,4.5,7.8,1,risk_based,I,5.0,130.0,10000.0,27,0.6296296296296297,891.5494326073258,1.5128530876658768,0.10063098384885047,5.099807100836973,BTCUSDT_15m,1
2,33,28.0,62.0,24.0,7.0,2.0,1.2,0.0,2,1.8,4.0,8.0,1,risk_based,I,5.0,130.0,10000.0,25,0.52,878.7961849563744,1.203939863242116,0.19222834727032595,3.9899908696296285,SOLUSDT_4h,1
2,33,28.0,62.0,24.0,7.0,2.0,1.2,0.0,2,1.8,4.0,8.0,1,risk_based,I,5.0,130.0,10000.0,26,0.5,877.1868145380886,1.465530606600233,0.10165503630490809,4.7732829188238295,BTCUSDT_15m,1
3,27,20.0,62.0,16.0,7.0,2.0,1.2,0.0,6,0.8,3.0,8.6,1,risk_based,I,5.0,130.0,10000.0,28,0.75,874.7103084957344,2.634074413039546,0.019958352127449105,7.7679840781924785,ETHUSDT_15m,1
5,27,18.0,58.0,22.0,7.4,1.8,1.2,0.2,2,2.0,4.0,7.8,1,risk_based,I,5.0,130.0,10000.0,15,0.5333333333333333,869.948677058579,1.411421020833217,0.13882496076179898,4.376315836439616,ETHUSDT_1h,1
3,21,16.0,60.0,20.0,6.8,2.0,1.2,0.15,3,1.2,2.5,8.8,1,risk_based,I,5.0,130.0,10000.0,19,0.6842105263157895,867.3154153458727,1.9797767401394681,0.024999999999999915,6.158184685098493,SOLUSDT_1h,1
5,18,30.0,58.0,16.0,7.2,2.6,1.2,0.0,3,0.8,4.0,8.4,1,risk_based,I,5.0,130.0,10000.0,12,0.4166666666666667,866.2136280550785,2.5430049717239696,0.04705017875634597,6.67607303523398,SOLUSDT_1h,1
2,33,28.0,60.0,18.0,6.8,1.8,1.2,0.05,5,0.8,5.0,7.8,1,risk_based,I,5.0,130.0,10000.0,37,0.6756756756756757,864.5245829715786,1.4089416604026297,0.0713178377111,5.221967904157052,ETHUSDT_15m,1
3,18,12.0,62.0,14.0,7.4,2.2,1.4,0.05,6,1.0,4.5,8.6,1,risk_based,I,5.0,130.0,10000.0,16,0.5625,859.1762401423475,2.188443081058638,0.019900000000000067,6.340112402259623,SOLUSDT_1h,1
5,27,30.0,60.0,24.0,8.0,2.4,1.4,0.05,3,1.8,4.5,7.8,1,risk_based,I,5.0,130.0,10000.0,13,0.6153846153846154,852.8269818967492,1.4433855677627048,0.1735959620943315,4.4018871542160865,ETHUSDT_1h,1
4,18,18.0,62.0,16.0,7.4,2.0,0.8,0.0,3,1.4,4.0,7.8,1,risk_based,I,5.0,130.0,10000.0,19,0.631578947368421,852.4699319916417,1.4080912979039337,0.15465080392378425,4.532068537080788,ETHUSDT_1h,1
5,33,30.0,66.0,22.0,7.8,2.2,1.0,0.1,3,1.2,3.5,8.0,1,risk_based,I,5.0,130.0,10000.0,12,0.6666666666666666,852.3646815355205,1.5327876397681655,0.06877500000000007,4.951614961071852,ETHUSDT_4h,1
5,30,12.0,58.0,14.0,7.2,2.6,0.8,0.1,6,1.6,2.5,8.4,1,risk_based,I,5.0,130.0,10000.0,23,0.6956521739130435,851.022368883614,1.846289946236874,0.05806669283020203,5.872880443736322,SOLUSDT_15m,1
5,33,20.0,66.0,24.0,7.6,2.4,1.4,0.15,3,1.4,4.0,8.0,1,risk_based,I,5.0,130.0,10000.0,12,0.4166666666666667,848.1123425277656,1.2529019942979764,0.18462730239999997,3.6650344239237187,ETHUSDT_4h,1
2,27,14.0,62.0,18.0,7.6,1.8,1.4,0.2,2,1.4,2.0,8.6,1,risk_based,I,5.0,130.0,10000.0,24,0.4583333333333333,824.9738637542159,1.509883478546361,0.05635494299488736,4.843175991862276,SOLUSDT_15m,1
2,27,14.0,62.0,18.0,7.6,1.8,1.4,0.2,2,1.4,2.0,8.6,1,risk_based,I,5.0,130.0,10000.0,24,0.5416666666666666,820.4275343997906,1.4971860202961476,0.04141474400000008,4.983055342992085,ETHUSDT_1h,1
4,36,24.0,62.0,20.0,7.6,1.8,1.4,0.0,6,0.8,3.0,8.0,1,risk_based,I,5.0,130.0,10000.0,17,0.5882352941176471,815.9958151038209,1.4005541872349054,0.08948026213982349,4.571016344330632,SOLUSDT_1h,1
4,24,26.0,62.0,18.0,7.6,2.0,0.8,0.05,4,0.8,4.5,8.6,1,risk_based,I,5.0,130.0,10000.0,21,0.5714285714285714,808.0294599057579,2.089181195127048,0.023808511999999952,6.192109171302711,SOLUSDT_4h,1
4,33,30.0,64.0,22.0,8.0,2.2,1.0,0.05,6,1.4,2.0,7.8,1,risk_based,I,5.0,130.0,10000.0,21,0.5714285714285714,800.3920146721102,1.674898476367871,0.04997589676542298,5.277404134254439,BTCUSDT_15m,1
5,27,12.0,60.0,20.0,8.0,2.6,0.8,0.2,5,1.4,2.0,8.2,1,risk_based,I,5.0,130.0,10000.0,15,0.7333333333333333,792.1185375671303,2.3938159153048892,0.05483493758399996,6.815245555424908,SOLUSDT_1h,1
3,24,12.0,64.0,14.0,7.4,2.2,1.4,0.0,4,1.6,3.0,8.8,1,risk_based,I,5.0,130.0,10000.0,25,0.6,785.2323482900447,1.4876241846924965,0.04723609599999997,5.018772429675037,SOLUSDT_4h,1
4,30,24.0,62.0,14.0,7.8,1.8,1.4,0.15,2,1.4,3.0,8.8,1,risk_based,I,5.0,130.0,10000.0,23,0.6086956521739131,780.5961920765749,1.7794013787422458,0.04580944059567312,5.575014106034917,BTCUSDT_15m,1
5,18,26.0,62.0,20.0,7.8,2.2,0.8,0.05,4,1.4,4.5,8.4,1,risk_based,I,5.0,130.0,10000.0,21,0.7619047619047619,777.1993726975506,2.137714190320912,0.04159876819385969,6.490688591614937,SOLUSDT_15m,1
4,33,30.0,64.0,22.0,8.0,2.2,1.0,0.05,6,1.4,2.0,7.8,1,risk_based,I,5.0,130.0,10000.0,15,0.5333333333333333,770.5367738640016,1.510528512224749,0.09607920319999988,4.6033561887135,ETHUSDT_4h,1
2,18,20.0,60.0,16.0,7.2,2.8,0.8,0.2,2,1.6,3.5,7.8,1,risk_based,I,5.0,130.0,10000.0,30,0.7333333333333333,768.8494415626064,1.4732238649484009,0.06663195611677197,5.215401303109092,SOLUSDT_15m,1
2,30,22.0,64.0,14.0,7.0,2.2,1.2,0.05,2,1.0,4.0,7.8,1,risk_based,I,5.0,130.0,10000.0,26,0.5769230769230769,768.5478442215062,1.3541233022562393,0.08082144574263661,4.61971472689069,SOLUSDT_15m,1
2,33,26.0,58.0,22.0,7.2,2.0,1.4,0.2,3,1.2,4.0,8.6,1,risk_based,I,5.0,130.0,10000.0,26,0.4230769230769231,763.4743079726595,1.338108257545156,0.122223215835879,4.227636560170719,SOLUSDT_4h,1
4,36,12.0,60.0,24.0,8.0,2.2,1.2,0.05,3,2.0,3.0,7.8,1,risk_based,I,5.0,130.0,10000.0,14,0.5714285714285714,762.258174434879,1.419410599030022,0.08707445562014182,4.4769988627773545,SOLUSDT_4h,1
4,24,30.0,60.0,24.0,7.8,2.0,1.2,0.2,5,1.2,5.0,7.8,1,risk_based,I,5.0,130.0,10000.0,22,0.5909090909090909,759.1543777899933,1.3922631605610507,0.0974326980320269,4.577746241179651,BTCUSDT_15m,1
2,30,14.0,60.0,20.0,7.0,2.6,1.0,0.2,6,0.8,4.0,7.8,1,risk_based,I,5.0,130.0,10000.0,33,0.6060606060606061,748.587607465448,1.1633940872202584,0.18250733338623995,4.0969446908381535,BTCUSDT_4h,1
2,27,22.0,60.0,20.0,7.4,2.2,1.2,0.1,4,1.6,4.5,8.2,1,risk_based,I,5.0,130.0,10000.0,19,0.5789473684210527,748.053983575699,1.5470339567556208,0.060761686713419166,4.908257889578262,ETHUSDT_1h,1
5,33,30.0,66.0,22.0,7.8,2.2,1.0,0.1,3,1.2,3.5,8.0,1,risk_based,I,5.0,130.0,10000.0,18,0.7222222222222222,746.0754496548998,1.6556621680125156,0.07465170808237435,5.2767779947661415,SOLUSDT_15m,1
4,30,16.0,66.0,14.0,7.6,2.8,1.0,0.05,4,2.0,2.5,8.6,1,risk_based,I,5.0,130.0,10000.0,15,0.5333333333333333,745.2665761736116,1.4575138646983092,0.10069104399999987,4.45822117357023,ETHUSDT_4h,1
3,21,16.0,60.0,20.0,6.8,2.0,1.2,0.15,3,1.2,2.5,8.8,1,risk_based,I,5.0,130.0,10000.0,21,0.5714285714285714,738.810328679685,1.6806436633060768,0.0634305909550245,5.186948739569622,ETHUSDT_1h,1
5,21,30.0,66.0,24.0,7.2,1.8,1.2,0.15,4,2.0,4.0,8.2,1,risk_based,I,5.0,130.0,10000.0,17,0.6470588235294118,734.9353315817625,1.477374398749863,0.11452656640000008,4.656692665175606,ETHUSDT_4h,1
5,33,16.0,66.0,22.0,7.6,2.4,0.8,0.1,4,1.0,3.5,8.6,1,risk_based,I,5.0,130.0,10000.0,20,0.7,727.8150624504524,2.078964678800399,0.04299047811044985,6.206772985719901,SOLUSDT_15m,1
2,33,14.0,58.0,20.0,7.8,1.8,1.0,0.05,3,1.6,3.5,8.0,1,risk_based,I,5.0,130.0,10000.0,26,0.6153846153846154,726.9599476905751,1.4146372535989704,0.09905365620096546,4.7021504093625435,BTCUSDT_15m,1
4,33,24.0,66.0,14.0,8.2,1.8,1.2,0.1,4,0.8,5.0,8.4,1,risk_based,I,5.0,130.0,10000.0,4,0.5,722.6025000000009,1.7099999999999997,0.05,4.8226025,ETHUSDT_4h,1
2,33,26.0,58.0,22.0,7.2,2.0,1.4,0.2,3,1.2,4.0,8.6,1,risk_based,I,5.0,130.0,10000.0,22,0.5909090909090909,720.5254448543474,1.5262519500681229,0.053049910858398615,4.9402432487790335,SOLUSDT_15m,1
4,36,24.0,64.0,22.0,7.4,2.4,1.0,0.1,5,1.4,2.0,8.4,1,risk_based,I,5.0,130.0,10000.0,20,0.65,719.4115388743649,1.885020468112452,0.059538677220596345,5.6858364434374815,SOLUSDT_15m,1
2,33,26.0,58.0,22.0,7.2,2.0,1.4,0.2,3,1.2,4.0,8.6,1,risk_based,I,5.0,130.0,10000.0,21,0.5714285714285714,719.3164185031837,1.494555570365603,0.06271905631147733,4.797413247442814,SOLUSDT_1h,1
2,24,18.0,64.0,24.0,7.4,2.2,1.2,0.15,6,1.6,3.0,8.4,1,risk_based,I,5.0,130.0,10000.0,20,0.6,711.1361073973203,1.4010849231091587,0.1298855710276456,4.423649240532701,ETHUSDT_4h,1
3,24,28.0,58.0,22.0,8.0,1.8,1.0,0.0,5,0.8,4.5,8.0,1,risk_based,I,5.0,130.0,10000.0,24,0.5416666666666666,710.2398743096346,1.384228691209505,0.0795600705807028,4.532517044986536,BTCUSDT_15m,1
2,36,18.0,60.0,18.0,7.0,2.0,1.0,0.05,6,0.8,2.5,7.8,1,risk_based,I,5.0,130.0,10000.0,27,0.5925925925925926,705.68358702771,1.2953706460563925,0.07194031549942304,4.509492821531115,ETHUSDT_1h,1
5,27,14.0,66.0,14.0,8.0,2.8,1.2,0.2,4,0.8,2.0,8.0,1,risk_based,I,5.0,130.0,10000.0,19,0.7368421052631579,704.3508734025709,1.8899667974139576,0.03959999999999992,5.850747626125223,BTCUSDT_15m,1
3,21,24.0,64.0,20.0,7.4,2.4,0.8,0.05,5,0.8,3.5,8.2,1,risk_based,I,5.0,130.0,10000.0,27,0.7777777777777778,704.1811141803337,2.5789400203643735,0.018972293427103652,7.511810941294437,ETHUSDT_15m,1
5,27,30.0,64.0,18.0,6.8,2.0,1.2,0.1,5,0.8,4.5,8.0,1,risk_based,I,5.0,130.0,10000.0,12,0.5833333333333334,703.7777678558305,1.368067025251472,0.08797499999999986,4.290986818358776,SOLUSDT_4h,1
2,18,20.0,60.0,16.0,7.2,2.8,0.8,0.2,2,1.6,3.5,7.8,1,risk_based,I,5.0,130.0,10000.0,42,0.7380952380952381,703.27608011968,1.3583876662873866,0.05488749761020123,5.2025317770067065,ETHUSDT_15m,1
3,21,18.0,64.0,18.0,7.6,1.8,1.0,0.1,3,1.2,2.5,8.2,1,risk_based,I,5.0,130.0,10000.0,17,0.6470588235294118,702.997262246221,1.8538737317638507,0.031419965799393774,5.627073063669858,ETHUSDT_1h,1
5,33,30.0,66.0,22.0,7.8,2.2,1.0,0.1,3,1.2,3.5,8.0,1,risk_based,I,5.0,130.0,10000.0,14,0.5714285714285714,702.069585540341,1.3960014286113271,0.130537954011207,4.239601437872231,ETHUSDT_1h,1
4,33,14.0,66.0,24.0,7.2,2.6,1.0,0.05,5,1.4,3.0,8.8,1,risk_based,I,5.0,130.0,10000.0,12,0.75,699.9832852263589,2.630817203647126,0.04141474399999994,7.202373460520611,ETHUSDT_1h,1
5,27,18.0,58.0,22.0,7.4,1.8,1.2,0.2,2,2.0,4.0,7.8,1,risk_based,I,5.0,130.0,10000.0,26,0.6153846153846154,691.0822961865215,1.395133102146728,0.08268270303438698,4.67637731445374,BTCUSDT_15m,1
4,24,26.0,62.0,18.0,7.6,2.0,0.8,0.05,4,0.8,4.5,8.6,1,risk_based,I,5.0,130.0,10000.0,26,0.7692307692307693,690.5054626589517,2.5648142097886155,0.022539050624696376,7.426362884208247,ETHUSDT_15m,1
2,36,18.0,60.0,18.0,7.0,2.0,1.0,0.05,6,0.8,2.5,7.8,1,risk_based,I,5.0,130.0,10000.0,30,0.5,686.7557553772258,1.2733866872474306,0.11318690529720132,4.243968413980483,BTCUSDT_1h,1
2,33,28.0,64.0,20.0,6.8,2.0,1.2,0.2,5,1.8,3.5,7.8,1,risk_based,I,5.0,130.0,10000.0,22,0.6363636363636364,686.6653336700547,1.398019017655085,0.140163688463739,4.456757758134463,SOLUSDT_1h,1
4,27,26.0,64.0,24.0,7.4,2.6,1.4,0.05,2,1.2,4.0,8.8,1,risk_based,I,5.0,130.0,10000.0,14,0.42857142857142855,680.672075054259,1.5122167767768682,0.08525717561344001,4.372191244624818,ETHUSDT_4h,1
5,27,18.0,58.0,22.0,7.4,1.8,1.2,0.2,2,2.0,4.0,7.8,1,risk_based,I,5.0,130.0,10000.0,21,0.6190476190476191,679.9419845651937,1.3532820016182925,0.06847446684018338,4.529654015852658,ETHUSDT_15m,1
2,36,20.0,66.0,14.0,7.2,2.4,1.4,0.1,3,1.6,3.5,8.8,1,risk_based,I,5.0,130.0,10000.0,21,0.47619047619047616,671.9714832795125,1.4807959648653977,0.05287527464005346,4.609223303375861,SOLUSDT_15m,1
5,27,18.0,58.0,22.0,7.4,1.8,1.2,0.2,2,2.0,4.0,7.8,1,risk_based,I,5.0,130.0,10000.0,18,0.6111111111111112,667.7026563330637,1.4691806751190377,0.07682505554368879,4.65225550660674,SOLUSDT_15m,1
3,24,12.0,64.0,14.0,7.4,2.2,1.4,0.0,4,1.6,3.0,8.8,1,risk_based,I,5.0,130.0,10000.0,21,0.5714285714285714,656.7196872416444,1.5163075603521634,0.06034911851333763,4.785430309548815,BTCUSDT_15m,1
3,24,14.0,60.0,18.0,7.6,2.0,1.4,0.2,4,1.6,5.0,8.8,1,risk_based,I,5.0,130.0,10000.0,24,0.625,651.1270456136717,1.5926368268812496,0.047744918403795425,5.110665944164785,BTCUSDT_15m,1
4,36,26.0,66.0,24.0,8.0,2.6,1.4,0.05,5,1.4,3.0,8.0,1,risk_based,I,5.0,130.0,10000.0,21,0.42857142857142855,650.5159573130586,1.2236221821138327,0.15312979434634763,3.7012280813588236,BTCUSDT_1h,1
2,36,18.0,60.0,18.0,7.0,2.0,1.0,0.05,6,0.8,2.5,7.8,1,risk_based,I,5.0,130.0,10000.0,25,0.64,646.9182047182712,1.3590673878250867,0.1006990519997092,4.522955824369317,SOLUSDT_1h,1
4,36,30.0,60.0,20.0,7.0,2.6,1.0,0.05,4,2.0,2.5,7.8,1,risk_based,I,5.0,130.0,10000.0,22,0.5454545454545454,643.0776554402582,1.4283295869270438,0.09181524480775244,4.482472913052907,BTCUSDT_15m,1
5,21,28.0,60.0,24.0,7.6,2.4,1.2,0.15,6,1.4,2.0,8.0,1,risk_based,I,5.0,130.0,10000.0,19,0.5789473684210527,642.3985713998773,1.5187632051637545,0.058206810413672365,4.753725603117948,BTCUSDT_15m,1
4,36,30.0,62.0,22.0,7.4,2.8,0.8,0.0,3,2.0,3.0,7.8,1,risk_based,I,5.0,130.0,10000.0,18,0.7222222222222222,641.9685622429442,1.6155893538326043,0.08744765835466356,5.054137628177496,BTCUSDT_15m,1
4,36,30.0,60.0,20.0,7.0,2.6,1.0,0.05,4,2.0,2.5,7.8,1,risk_based,I,5.0,130.0,10000.0,20,0.65,637.8505076575912,1.5090118149176512,0.09120337301962321,4.757264018434024,SOLUSDT_15m,1
3,18,12.0,62.0,14.0,7.4,2.2,1.4,0.05,6,1.0,4.5,8.6,1,risk_based,I,5.0,130.0,10000.0,23,0.6086956521739131,634.0847556410663,1.633890863477331,0.04028437787960088,5.154056827217795,ETHUSDT_15m,1
5,21,30.0,66.0,24.0,7.2,1.8,1.2,0.15,4,2.0,4.0,8.2,1,risk_based,I,5.0,130.0,10000.0,11,0.6363636363636364,633.0343413489754,1.759817873395348,0.03960000000000006,5.208415542685125,SOLUSDT_4h,1
4,33,24.0,60.0,20.0,7.2,2.6,0.8,0.15,6,1.6,4.5,7.8,1,risk_based,I,5.0,130.0,10000.0,21,0.7142857142857143,627.7098926023937,1.2788103785139593,0.18063011354905426,4.134868880411721,SOLUSDT_1h,1
3,30,20.0,58.0,14.0,8.0,2.2,1.2,0.15,6,1.6,2.0,8.4,1,risk_based,I,5.0,130.0,10000.0,17,0.47058823529411764,626.9179515905616,1.4169690282029939,0.06547898921866034,4.310301393281745,SOLUSDT_1h,1
4,30,14.0,60.0,16.0,7.4,2.4,1.0,0.05,2,1.4,3.5,8.2,1,risk_based,I,5.0,130.0,10000.0,12,0.5833333333333334,626.099522252498,1.8783707442342528,0.054574831758955125,5.334116515444139,ETHUSDT_1h,1
5,27,12.0,60.0,20.0,8.0,2.6,0.8,0.2,5,1.4,2.0,8.2,1,risk_based,I,5.0,130.0,10000.0,22,0.6818181818181818,625.064913431479,1.6327095789233108,0.06021236953467976,5.172574235401334,SOLUSDT_15m,1
2,33,14.0,58.0,20.0,7.8,1.8,1.0,0.05,3,1.6,3.5,8.0,1,risk_based,I,5.0,130.0,10000.0,23,0.5652173913043478,620.486960643726,1.2240884496876867,0.10392200496043733,4.064723932094309,SOLUSDT_1h,1
2,36,18.0,60.0,18.0,7.0,2.0,1.0,0.05,6,0.8,2.5,7.8,1,risk_based,I,5.0,130.0,10000.0,27,0.5555555555555556,618.9242862540286,1.3553631601021185,0.0885924574201648,4.4372065675311045,BTCUSDT_15m,1
3,24,28.0,58.0,22.0,8.0,1.8,1.0,0.0,5,0.8,4.5,8.0,1,risk_based,I,5.0,130.0,10000.0,26,0.7307692307692307,617.4509589901045,1.3772152354800988,0.058982712641439,4.811087138179831,ETHUSDT_15m,1
4,24,26.0,62.0,18.0,7.6,2.0,0.8,0.05,4,0.8,4.5,8.6,1,risk_based,I,5.0,130.0,10000.0,24,0.7083333333333334,613.1826158796648,1.9754298280825202,0.03866020372287903,5.990561660876068,SOLUSDT_1h,1
2,18,18.0,60.0,22.0,6.8,2.6,1.0,0.2,5,1.0,3.5,8.6,1,risk_based,I,5.0,130.0,10000.0,19,0.631578947368421,608.6389064673258,1.6347522595514343,0.0521915884045352,5.04893708140922,ETHUSDT_1h,1
5,21,30.0,66.0,24.0,7.2,1.8,1.2,0.15,4,2.0,4.0,8.2,1,risk_based,I,5.0,130.0,10000.0,16,0.625,605.2333987456568,1.47091423245461,0.08045589799121133,4.563194169681243,BTCUSDT_4h,1
2,27,12.0,64.0,16.0,7.4,2.4,1.2,0.1,3,1.0,2.0,8.8,1,risk_based,I,5.0,130.0,10000.0,24,0.5833333333333334,603.8558080564289,1.546347144714921,0.031605816946812734,4.956732646645833,SOLUSDT_15m,1
3,21,18.0,64.0,18.0,7.6,1.8,1.0,0.1,3,1.2,2.5,8.2,1,risk_based,I,5.0,130.0,10000.0,30,0.6666666666666666,603.5966336497331,1.4646222190866696,0.0600305397021106,4.95274945271674,SOLUSDT_15m,1
2,33,14.0,58.0,20.0,7.8,1.8,1.0,0.05,3,1.6,3.5,8.0,1,risk_based,I,5.0,130.0,10000.0,34,0.5588235294117647,601.7857181550407,1.1214454932294806,0.1626273607414831,3.8750299165072,BTCUSDT_4h,1
4,27,22.0,58.0,14.0,8.2,2.6,0.8,0.0,6,1.0,4.0,8.2,1,risk_based,I,5.0,130.0,10000.0,4,0.75,598.3999999999996,2.496,0.04,6.6754,ETHUSDT_4h,1
4,21,26.0,64.0,24.0,8.2,2.0,1.2,0.05,3,1.8,4.0,8.6,1,risk_based,I,5.0,130.0,10000.0,1,1.0,592.6043991074275,10.0,0.0,22.112604399107425,SOLUSDT_1h,1
5,24,24.0,66.0,24.0,8.2,2.0,1.0,0.1,3,0.8,4.0,8.8,1,risk_based,I,5.0,130.0,10000.0,1,1.0,592.6043991074275,10.0,0.0,22.112604399107425,SOLUSDT_1h,1
2,27,12.0,64.0,16.0,7.4,2.4,1.2,0.1,3,1.0,2.0,8.8,1,risk_based,I,5.0,130.0,10000.0,21,0.5238095238095238,591.5854203355975,1.5277892199584966,0.039501999999999975,4.734372145966876,SOLUSDT_1h,1
4,33,30.0,64.0,22.0,8.0,2.2,1.0,0.05,6,1.4,2.0,7.8,1,risk_based,I,5.0,130.0,10000.0,25,0.6,586.1940596589939,1.3149519830516823,0.09567802748345158,4.329063943312004,BTCUSDT_1h,1
4,36,26.0,66.0,24.0,8.0,2.6,1.4,0.05,5,1.4,3.0,8.0,1,risk_based,I,5.0,130.0,10000.0,14,0.42857142857142855,585.8635005922133,1.2105245112415248,0.15512465852616356,3.464395690353915,ETHUSDT_4h,1
3,27,20.0,62.0,16.0,7.0,2.0,1.2,0.0,6,0.8,3.0,8.6,1,risk_based,I,5.0,130.0,10000.0,28,0.5,585.8376968463162,1.504847664076747,0.03180298161644768,4.810124080150468,SOLUSDT_4h,1
2,33,14.0,66.0,18.0,7.8,1.8,1.2,0.15,3,1.4,2.0,8.8,1,risk_based,I,5.0,130.0,10000.0,25,0.52,583.0663593351401,1.3285511789290503,0.049061832396921586,4.372983220002476,SOLUSDT_1h,1
4,27,26.0,64.0,24.0,7.4,2.6,1.4,0.05,2,1.2,4.0,8.8,1,risk_based,I,5.0,130.0,10000.0,13,0.6153846153846154,583.0341439944314,1.8624826234984133,0.06483859664150796,5.296560524143657,ETHUSDT_1h,1
4,24,30.0,60.0,24.0,7.8,2.0,1.2,0.2,5,1.2,5.0,7.8,1,risk_based,I,5.0,130.0,10000.0,22,0.5,574.8768711645716,1.23460951790648,0.14557752073048763,3.797363344786069,SOLUSDT_15m,1
2,33,28.0,60.0,18.0,6.8,1.8,1.2,0.05,5,0.8,5.0,7.8,1,risk_based,I,5.0,130.0,10000.0,37,0.5135135135135135,572.9772799526781,1.0938795155055538,0.20265159525764134,3.663051795461132,BTCUSDT_4h,1
2,27,14.0,62.0,18.0,7.6,1.8,1.4,0.2,2,1.4,2.0,8.6,1,risk_based,I,5.0,130.0,10000.0,23,0.4782608695652174,570.8465674885756,1.3264237005582227,0.05334906817702515,4.241038068421772,SOLUSDT_1h,1
4,36,30.0,60.0,20.0,7.0,2.6,1.0,0.05,4,2.0,2.5,7.8,1,risk_based,I,5.0,130.0,10000.0,16,0.5,565.9213953010112,1.2608357878013885,0.11890430664062492,3.8008800509819136,ETHUSDT_4h,1
3,27,22.0,62.0,14.0,7.6,2.2,1.4,0.2,4,0.8,2.0,8.2,1,risk_based,I,5.0,130.0,10000.0,23,0.6086956521739131,560.1430610542066,1.628243140808829,0.037788739799200596,5.076306601535133,ETHUSDT_15m,1
4,27,26.0,64.0,18.0,7.2,1.8,1.2,0.15,2,2.0,2.0,8.4,1,risk_based,I,5.0,130.0,10000.0,15,0.6,558.5987283819595,1.4903468324738534,0.0689635522964317,4.53240173644037,ETHUSDT_1h,1
5,27,30.0,64.0,18.0,6.8,2.0,1.2,0.1,5,0.8,4.5,8.0,1,risk_based,I,5.0,130.0,10000.0,16,0.5625,555.1298502732243,1.258798867600426,0.15955132502523817,3.7578236103983618,ETHUSDT_1h,1
2,33,24.0,62.0,14.0,6.8,2.2,1.0,0.1,3,1.8,3.5,8.6,1,risk_based,I,5.0,130.0,10000.0,23,0.6521739130434783,554.1026855649325,1.3631885711684617,0.05092256395486299,4.565973005602485,ETHUSDT_1h,1
5,33,16.0,64.0,16.0,7.6,2.6,1.4,0.15,5,2.0,4.5,8.6,1,risk_based,I,5.0,130.0,10000.0,20,0.55,551.1390979324569,1.38009383698716,0.07404418464659585,4.31419421796699,BTCUSDT_15m,1
5,33,16.0,64.0,16.0,7.6,2.6,1.4,0.15,5,2.0,4.5,8.6,1,risk_based,I,5.0,130.0,10000.0,13,0.46153846153846156,549.6907813265516,1.4162505933650746,0.1250407082199729,3.9593775357044745,ETHUSDT_1h,1
2,21,16.0,64.0,22.0,7.0,2.4,1.4,0.2,5,1.6,3.0,8.6,1,risk_based,I,5.0,130.0,10000.0,17,0.5294117647058824,548.4468099843343,1.3800213311356517,0.06756552214307596,4.239910552885234,ETHUSDT_1h,1
4,33,14.0,66.0,24.0,7.2,2.6,1.0,0.05,5,1.4,3.0,8.8,1,risk_based,I,5.0,130.0,10000.0,19,0.631578947368421,547.4015454099335,1.5293021395425297,0.06903329226429493,4.72627436875474,SOLUSDT_15m,1
4,30,24.0,62.0,14.0,7.8,1.8,1.4,0.15,2,1.4,3.0,8.8,1,risk_based,I,5.0,130.0,10000.0,26,0.46153846153846156,546.31149725455,1.2578272711634284,0.09523886452992046,3.988557138299338,BTCUSDT_1h,1
4,36,30.0,62.0,22.0,7.4,2.8,0.8,0.0,3,2.0,3.0,7.8,1,risk_based,I,5.0,130.0,10000.0,17,0.6470588235294118,544.4113221954085,1.3705111383793405,0.1220050266251869,4.2300067543726465,ETHUSDT_1h,1
3,18,20.0,62.0,14.0,7.8,2.0,1.0,0.0,4,2.0,4.0,8.4,1,risk_based,I,5.0,130.0,10000.0,25,0.56,536.406858969478,1.3300384629337274,0.07131172580178455,4.322548607431579,BTCUSDT_15m,1
2,33,24.0,60.0,20.0,7.2,1.8,1.2,0.15,4,1.0,3.5,8.2,1,risk_based,I,5.0,130.0,10000.0,37,0.6216216216216216,533.1544377720602,1.4079373494509608,0.03909416646061527,4.904179069724568,ETHUSDT_15m,1
3,24,12.0,64.0,14.0,7.4,2.2,1.4,0.0,4,1.6,3.0,8.8,1,risk_based,I,5.0,130.0,10000.0,15,0.5333333333333333,530.3104843808833,1.3245479837838108,0.1304381094446081,3.8880921236146797,ETHUSDT_4h,1
4,30,16.0,66.0,14.0,7.6,2.8,1.0,0.05,4,2.0,2.5,8.6,1,risk_based,I,5.0,130.0,10000.0,22,0.6363636363636364,529.9531910993264,1.3938683825106644,0.08054719532114883,4.4705938247026635,SOLUSDT_15m,1
4,18,18.0,62.0,16.0,7.4,2.0,0.8,0.0,3,1.4,4.0,7.8,1,risk_based,I,5.0,130.0,10000.0,28,0.6428571428571429,528.0611444036531,1.2770891459805576,0.09086949596017217,4.333916662769967,BTCUSDT_15m,1
4,30,14.0,60.0,16.0,7.4,2.4,1.0,0.05,2,1.4,3.5,8.2,1,risk_based,I,5.0,130.0,10000.0,21,0.7142857142857143,527.1055111861406,1.538793008795118,0.0755090195964598,4.869593041415569,SOLUSDT_15m,1
5,18,30.0,58.0,16.0,7.2,2.6,1.2,0.0,3,0.8,4.0,8.4,1,risk_based,I,5.0,130.0,10000.0,14,0.5,524.2622632825332,1.5802344610469217,0.07035332214784003,4.5036712189328565,ETHUSDT_4h,1
5,21,26.0,64.0,16.0,7.0,1.8,1.4,0.1,5,1.4,3.5,8.8,1,risk_based,I,5.0,130.0,10000.0,14,0.5,520.9260283883686,1.51443288494574,0.031016778011116804,4.4867414642464984,SOLUSDT_4h,1
4,27,26.0,64.0,18.0,7.2,1.8,1.2,0.15,2,2.0,2.0,8.4,1,risk_based,I,5.0,130.0,10000.0,23,0.6086956521739131,512.6161169304069,1.3847173042825116,0.05132210878043911,4.501127877414983,BTCUSDT_15m,1
3,30,20.0,58.0,14.0,8.0,2.2,1.2,0.15,6,1.6,2.0,8.4,1,risk_based,I,5.0,130.0,10000.0,24,0.5,505.0164450472457,1.290698514654002,0.12975481966707028,3.9271490153540385,BTCUSDT_1h,1
3,27,20.0,62.0,16.0,7.0,2.0,1.2,0.0,6,0.8,3.0,8.6,1,risk_based,I,5.0,130.0,10000.0,20,0.75,497.2219169102864,1.785942058833117,0.030185246719999996,5.50355029441652,SOLUSDT_1h,1
3,18,22.0,58.0,22.0,7.4,2.6,1.0,0.0,2,1.8,4.5,7.8,1,risk_based,I,5.0,130.0,10000.0,22,0.6363636363636364,496.0608111798374,1.3374044418717914,0.09071681136478432,4.293264715374522,SOLUSDT_15m,1
3,24,12.0,64.0,14.0,7.4,2.2,1.4,0.0,4,1.6,3.0,8.8,1,risk_based,I,5.0,130.0,10000.0,24,0.5,495.60021717786367,1.2846025164841886,0.12142514244058272,3.9305298228244925,BTCUSDT_1h,1
3,21,16.0,60.0,20.0,6.8,2.0,1.2,0.15,3,1.2,2.5,8.8,1,risk_based,I,5.0,130.0,10000.0,28,0.5,495.2420360714823,1.2864159919552842,0.047361322699342775,4.2359900518840226,SOLUSDT_4h,1
2,30,22.0,64.0,14.0,7.0,2.2,1.2,0.05,2,1.0,4.0,7.8,1,risk_based,I,5.0,130.0,10000.0,25,0.48,494.38599587136014,1.2451947400470122,0.10903676657297438,3.877665176246461,BTCUSDT_15m,1
3,24,28.0,58.0,22.0,8.0,1.8,1.0,0.0,5,0.8,4.5,8.0,1,risk_based,I,5.0,130.0,10000.0,23,0.6521739130434783,490.1772251763814,1.248106195069701,0.1210237503551989,4.0615792338154035,SOLUSDT_15m,1
5,33,30.0,66.0,22.0,7.8,2.2,1.0,0.1,3,1.2,3.5,8.0,1,risk_based,I,5.0,130.0,10000.0,15,0.6666666666666666,486.0935519094437,1.2765317945713825,0.10068734044354206,4.037095119721583,SOLUSDT_4h,1
2,33,28.0,64.0,20.0,6.8,2.0,1.2,0.2,5,1.8,3.5,7.8,1,risk_based,I,5.0,130.0,10000.0,29,0.41379310344827586,485.19729835434555,1.1498846592056309,0.1304916363508838,3.5941813628853696,BTCUSDT_1h,1
5,21,28.0,60.0,24.0,7.6,2.4,1.2,0.15,6,1.4,2.0,8.0,1,risk_based,I,5.0,130.0,10000.0,14,0.6428571428571429,484.48422695249064,1.4811593917209849,0.09607920319999999,4.402851115080175,ETHUSDT_1h,1
3,27,22.0,62.0,14.0,7.6,2.2,1.4,0.2,4,0.8,2.0,8.2,1,risk_based,I,5.0,130.0,10000.0,17,0.5294117647058824,482.5966352680989,1.6240115679771292,0.02783999999999986,4.781217418281182,SOLUSDT_1h,1
4,36,28.0,64.0,24.0,7.4,2.2,1.4,0.0,4,1.0,3.0,8.2,1,risk_based,I,5.0,130.0,10000.0,12,0.6666666666666666,475.07621777755776,1.914496352271206,0.05083120637973017,5.39157530318078,ETHUSDT_1h,1
2,33,14.0,66.0,18.0,7.8,1.8,1.2,0.15,3,1.4,2.0,8.8,1,risk_based,I,5.0,130.0,10000.0,38,0.6052631578947368,475.00827255618424,1.2824460303941072,0.054548306833911486,4.54415014968477,ETHUSDT_15m,1
2,33,28.0,62.0,24.0,7.0,2.0,1.2,0.0,2,1.8,4.0,8.0,1,risk_based,I,5.0,130.0,10000.0,23,0.5217391304347826,468.466029933139,1.2246061121441412,0.08139770421831471,3.916093837218651,SOLUSDT_15m,1
5,21,30.0,66.0,24.0,7.2,1.8,1.2,0.15,4,2.0,4.0,8.2,1,risk_based,I,5.0,130.0,10000.0,16,0.625,467.45045572708295,1.379712032828996,0.0793043430890385,4.24646149211796,ETHUSDT_1h,1
2,33,28.0,60.0,18.0,6.8,1.8,1.2,0.05,5,0.8,5.0,7.8,1,risk_based,I,5.0,130.0,10000.0,27,0.48148148148148145,466.5921831007381,1.2245216917692807,0.11681506451517153,3.8274125953160074,BTCUSDT_15m,1
4,36,12.0,60.0,24.0,8.0,2.2,1.2,0.05,3,2.0,3.0,7.8,1,risk_based,I,5.0,130.0,10000.0,16,0.5625,466.02152494705115,1.2306497327996826,0.14049401210946208,3.66958895421803,SOLUSDT_1h,1
2,27,14.0,62.0,18.0,7.6,1.8,1.4,0.2,2,1.4,2.0,8.6,1,risk_based,I,5.0,130.0,10000.0,30,0.43333333333333335,457.65620015556124,1.1862604104555485,0.09526323536968984,3.794387314957589,SOLUSDT_4h,1
2,30,18.0,58.0,16.0,8.0,2.4,1.0,0.15,5,1.4,5.0,7.8,1,risk_based,I,5.0,130.0,10000.0,25,0.68,457.4960644014518,1.2994535257455815,0.10568627818430998,4.2593442813396845,SOLUSDT_15m,1
4,36,28.0,64.0,24.0,7.4,2.2,1.4,0.0,4,1.0,3.0,8.2,1,risk_based,I,5.0,130.0,10000.0,19,0.631578947368421,457.4744733167736,1.4584983428202423,0.05046376592266609,4.5504482822418915,BTCUSDT_15m,1
3,30,20.0,58.0,14.0,8.0,2.2,1.2,0.15,6,1.6,2.0,8.4,1,risk_based,I,5.0,130.0,10000.0,24,0.5416666666666666,453.24278687988954,1.3404990325166417,0.06283316328175663,4.238241362067903,BTCUSDT_15m,1
3,27,22.0,62.0,14.0,7.6,2.2,1.4,0.2,4,0.8,2.0,8.2,1,risk_based,I,5.0,130.0,10000.0,16,0.5625,452.8148625242229,1.6333939402167286,0.04917703448249542,4.735821639510194,ETHUSDT_1h,1
4,24,30.0,60.0,24.0,7.8,2.0,1.2,0.2,5,1.2,5.0,7.8,1,risk_based,I,5.0,130.0,10000.0,14,0.6428571428571429,452.1922404726665,1.210954788819698,0.1612960598432247,3.6344993528681027,ETHUSDT_1h,1
3,24,14.0,60.0,18.0,7.6,2.0,1.4,0.2,4,1.6,5.0,8.8,1,risk_based,I,5.0,130.0,10000.0,24,0.5,440.38214118467295,1.2346706258278943,0.09287628871613521,3.8610945266920558,SOLUSDT_15m,1
5,30,12.0,58.0,14.0,7.2,2.6,0.8,0.1,6,1.6,2.5,8.4,1,risk_based,I,5.0,130.0,10000.0,14,0.6428571428571429,440.3396791040377,1.5149678807035043,0.04641788534909229,4.575307498749484,ETHUSDT_4h,1
5,33,20.0,66.0,24.0,7.6,2.4,1.4,0.15,3,1.4,4.0,8.0,1,risk_based,I,5.0,130.0,10000.0,14,0.42857142857142855,430.9611017074949,1.1304254988526488,0.07839999999999996,3.379469242269935,SOLUSDT_4h,1
3,27,20.0,62.0,16.0,7.0,2.0,1.2,0.0,6,0.8,3.0,8.6,1,risk_based,I,5.0,130.0,10000.0,22,0.5909090909090909,428.5708077084,1.441967386869986,0.04178629174348425,4.513510342581556,ETHUSDT_1h,1
5,27,12.0,60.0,20.0,8.0,2.6,0.8,0.2,5,1.4,2.0,8.2,1,risk_based,I,5.0,130.0,10000.0,24,0.625,428.50175531235254,1.4799853234098759,0.03892242233439999,4.689205135128903,BTCUSDT_15m,1
4,27,22.0,58.0,14.0,8.2,2.6,0.8,0.0,6,1.0,4.0,8.2,1,risk_based,I,5.0,130.0,10000.0,2,0.5,424.29518657234075,2.2004489795918363,0.03534470800388426,5.5091590217443605,SOLUSDT_1h,1
2,36,20.0,66.0,14.0,7.2,2.4,1.4,0.1,3,1.6,3.5,8.8,1,risk_based,I,5.0,130.0,10000.0,21,0.47619047619047616,422.6387086358318,1.1843955387102398,0.0937031888091737,3.6446059339145047,SOLUSDT_1h,1
5,21,26.0,64.0,16.0,7.0,1.8,1.4,0.1,5,1.4,3.5,8.8,1,risk_based,I,5.0,130.0,10000.0,22,0.5454545454545454,420.38688849423124,1.3472834687131947,0.057552806795346544,4.200477223716399,SOLUSDT_15m,1
5,21,28.0,60.0,24.0,7.6,2.4,1.2,0.15,6,1.4,2.0,8.0,1,risk_based,I,5.0,130.0,10000.0,13,0.6153846153846154,420.18871765987205,1.4093595911633574,0.03960000000000003,4.30318482306351,SOLUSDT_4h,1
4,36,24.0,64.0,22.0,7.4,2.4,1.0,0.1,5,1.4,2.0,8.4,1,risk_based,I,5.0,130.0,10000.0,13,0.5384615384615384,417.65418591196976,1.4613860173400481,0.07350378993371494,4.187607158483229,ETHUSDT_1h,1
4,33,30.0,64.0,22.0,8.0,2.2,1.0,0.05,6,1.4,2.0,7.8,1,risk_based,I,5.0,130.0,10000.0,12,0.5,417.6255502641452,1.3558032520287027,0.09276087042888329,3.8409494430349005,ETHUSDT_1h,1
2,30,18.0,58.0,16.0,8.0,2.4,1.0,0.15,5,1.4,5.0,7.8,1,risk_based,I,5.0,130.0,10000.0,34,0.5588235294117647,409.29900991083196,1.0733126931364125,0.21639113266688229,3.4249862923006575,BTCUSDT_4h,1
5,33,20.0,66.0,24.0,7.6,2.4,1.4,0.15,3,1.4,4.0,8.0,1,risk_based,I,5.0,130.0,10000.0,12,0.3333333333333333,409.07363771056225,1.1269455537438473,0.15065343999999994,2.9510044251982572,BTCUSDT_4h,1
2,27,22.0,60.0,20.0,7.4,2.2,1.2,0.1,4,1.6,4.5,8.2,1,risk_based,I,5.0,130.0,10000.0,22,0.45454545454545453,404.7399857365199,1.2381361502444066,0.12297952458857263,3.6338918942777965,BTCUSDT_1h,1
2,27,22.0,60.0,20.0,7.4,2.2,1.2,0.1,4,1.6,4.5,8.2,1,risk_based,I,5.0,130.0,10000.0,20,0.55,393.15136167652963,1.2089790250884134,0.06512926215429102,3.8407216253904832,SOLUSDT_1h,1
3,18,20.0,62.0,14.0,7.8,2.0,1.0,0.0,4,2.0,4.0,8.4,1,risk_based,I,5.0,130.0,10000.0,28,0.6428571428571429,390.634224236901,1.220794621640098,0.08309891794022485,4.107212427982137,SOLUSDT_15m,1
5,21,30.0,66.0,24.0,7.2,1.8,1.2,0.15,4,2.0,4.0,8.2,1,risk_based,I,5.0,130.0,10000.0,21,0.6190476190476191,390.4085428481667,1.276468396235583,0.0624842691714976,4.104463956376268,BTCUSDT_15m,1
4,18,18.0,62.0,16.0,7.4,2.0,0.8,0.0,3,1.4,4.0,7.8,1,risk_based,I,5.0,130.0,10000.0,26,0.7692307692307693,374.22786016254395,1.2708839669519145,0.06321767382270436,4.4001889264444145,SOLUSDT_15m,1
5,33,16.0,64.0,16.0,7.6,2.6,1.4,0.15,5,2.0,4.5,8.6,1,risk_based,I,5.0,130.0,10000.0,12,0.4166666666666667,369.8316008097754,1.203822814025315,0.1191384072000001,3.2850620072604055,ETHUSDT_4h,1
2,27,12.0,64.0,16.0,7.4,2.4,1.2,0.1,3,1.0,2.0,8.8,1,risk_based,I,5.0,130.0,10000.0,33,0.48484848484848486,368.8589030827952,1.186356996380101,0.06457466097988933,3.9351216401760567,SOLUSDT_4h,1
3,27,20.0,62.0,16.0,7.0,2.0,1.2,0.0,6,0.8,3.0,8.6,1,risk_based,I,5.0,130.0,10000.0,24,0.5416666666666666,367.6764402481931,1.3069560539196823,0.04389112906863999,4.142415160881638,SOLUSDT_15m,1
5,18,26.0,62.0,20.0,7.8,2.2,0.8,0.05,4,1.4,4.5,8.4,1,risk_based,I,5.0,130.0,10000.0,14,0.7142857142857143,361.0326979912952,1.638614416384833,0.027656751096862903,4.906719848898944,SOLUSDT_4h,1
2,33,28.0,64.0,20.0,6.8,2.0,1.2,0.2,5,1.8,3.5,7.8,1,risk_based,I,5.0,130.0,10000.0,27,0.48148148148148145,359.52355886728037,1.1745137109199786,0.11173491732071691,3.635568450967309,BTCUSDT_15m,1
4,36,24.0,62.0,20.0,7.6,1.8,1.4,0.0,6,0.8,3.0,8.0,1,risk_based,I,5.0,130.0,10000.0,14,0.42857142857142855,359.0533737248279,1.1841085533466371,0.13551875355966966,3.243571362596236,ETHUSDT_1h,1
2,30,14.0,60.0,20.0,7.0,2.6,1.0,0.2,6,0.8,4.0,7.8,1,risk_based,I,5.0,130.0,10000.0,25,0.6,356.03692103304456,1.1978106899621408,0.09545556352792184,3.8652916103735606,SOLUSDT_15m,1
2,27,12.0,64.0,16.0,7.4,2.4,1.2,0.1,3,1.0,2.0,8.8,1,risk_based,I,5.0,130.0,10000.0,19,0.631578947368421,344.01642789827383,1.3922458620267524,0.036199940510548936,4.347276751472764,ETHUSDT_1h,1
5,27,30.0,60.0,24.0,8.0,2.4,1.4,0.05,3,1.8,4.5,7.8,1,risk_based,I,5.0,130.0,10000.0,12,0.3333333333333333,333.64779668272604,1.092067255369689,0.16821039937499999,2.7531511092971046,BTCUSDT_4h,1
2,36,20.0,66.0,14.0,7.2,2.4,1.4,0.1,3,1.6,3.5,8.8,1,risk_based,I,5.0,130.0,10000.0,21,0.5238095238095238,328.17682291502024,1.1945675050788807,0.07747476255637352,3.690601831117947,ETHUSDT_1h,1
2,24,18.0,64.0,24.0,7.4,2.2,1.2,0.15,6,1.6,3.0,8.4,1,risk_based,I,5.0,130.0,10000.0,26,0.46153846153846156,325.8483521803719,1.1866489786902676,0.11901900529993735,3.554396985968788,BTCUSDT_1h,1
4,24,18.0,58.0,18.0,8.2,2.0,1.4,0.2,6,1.8,3.5,8.2,1,risk_based,I,5.0,130.0,10000.0,2,0.5,325.5,1.8691588785046729,0.035,4.748817757009346,ETHUSDT_4h,1
5,27,14.0,66.0,14.0,8.0,2.8,1.2,0.2,4,0.8,2.0,8.0,1,risk_based,I,5.0,130.0,10000.0,13,0.6923076923076923,319.81091099489095,1.3895838132619742,0.03876878697256861,4.281133715062671,SOLUSDT_4h,1
2,30,18.0,58.0,16.0,8.0,2.4,1.0,0.15,5,1.4,5.0,7.8,1,risk_based,I,5.0,130.0,10000.0,20,0.6,319.59718847013755,1.1395445436910667,0.1350886874788377,3.493420213415758,ETHUSDT_1h,1
4,30,14.0,60.0,16.0,7.4,2.4,1.0,0.05,2,1.4,3.5,8.2,1,risk_based,I,5.0,130.0,10000.0,16,0.5,316.81798433566473,1.2201548126690278,0.08791571476855992,3.5633804653680405,ETHUSDT_4h,1
3,24,14.0,60.0,18.0,7.6,2.0,1.4,0.2,4,1.6,5.0,8.8,1,risk_based,I,5.0,130.0,10000.0,28,0.4642857142857143,308.61755125301715,1.1305313570457958,0.12473872287880314,3.4518926681367703,BTCUSDT_1h,1
3,21,24.0,64.0,20.0,7.4,2.4,0.8,0.05,5,0.8,3.5,8.2,1,risk_based,I,5.0,130.0,10000.0,34,0.5294117647058824,299.33651464756986,1.2379284127681744,0.053155809944882296,4.089843557408096,SOLUSDT_4h,1
2,18,18.0,60.0,22.0,6.8,2.6,1.0,0.2,5,1.0,3.5,8.6,1,risk_based,I,5.0,130.0,10000.0,24,0.5833333333333334,298.7202938722912,1.2365399172715303,0.06551174848311177,3.9302648829660165,SOLUSDT_15m,1
4,33,14.0,66.0,24.0,7.2,2.6,1.0,0.05,5,1.4,3.0,8.8,1,risk_based,I,5.0,130.0,10000.0,15,0.5333333333333333,286.47895676090775,1.234746230874092,0.08318988945647976,3.6064017501396526,ETHUSDT_4h,1
2,21,20.0,66.0,24.0,7.6,2.4,0.8,0.15,4,1.8,3.5,8.2,1,risk_based,I,5.0,130.0,10000.0,25,0.6,280.2131467944673,1.1879454984544735,0.09921251238786141,3.7584666065398302,BTCUSDT_1h,1
3,21,16.0,60.0,20.0,6.8,2.0,1.2,0.15,3,1.2,2.5,8.8,1,risk_based,I,5.0,130.0,10000.0,25,0.56,275.47642917956546,1.215947309402142,0.054077835337871895,3.8851375419702343,BTCUSDT_15m,1
3,18,22.0,58.0,22.0,7.4,2.6,1.0,0.0,2,1.8,4.5,7.8,1,risk_based,I,5.0,130.0,10000.0,23,0.5652173913043478,260.6206600546029,1.0837174943748504,0.14686068338568867,3.2952996856037595,BTCUSDT_1h,1
5,21,30.0,66.0,24.0,7.2,1.8,1.2,0.15,4,2.0,4.0,8.2,1,risk_based,I,5.0,130.0,10000.0,18,0.5555555555555556,259.5270242795141,1.1957419015225885,0.06198317997235236,3.6583946207409674,SOLUSDT_15m,1
3,21,18.0,64.0,18.0,7.6,1.8,1.0,0.1,3,1.2,2.5,8.2,1,risk_based,I,5.0,130.0,10000.0,27,0.5555555555555556,258.9197172772256,1.1713894109307477,0.06831701213200833,3.7700808360760294,BTCUSDT_1h,1
5,27,12.0,60.0,20.0,8.0,2.6,0.8,0.2,5,1.4,2.0,8.2,1,risk_based,I,5.0,130.0,10000.0,15,0.6,256.44619975244495,1.2886578174640624,0.04555996242482007,3.8970819474061096,ETHUSDT_4h,1
3,24,28.0,60.0,18.0,8.2,2.8,1.4,0.0,2,1.8,4.0,8.0,1,risk_based,I,5.0,130.0,10000.0,4,0.25,255.1320704026839,1.3062907571940607,0.05074372354171678,3.170482414165655,ETHUSDT_1h,1
4,24,18.0,58.0,18.0,8.2,2.0,1.4,0.2,6,1.8,3.5,8.2,1,risk_based,I,5.0,130.0,10000.0,2,0.5,248.47706422018564,1.7099344692005292,0.035,4.353346002621243,SOLUSDT_1h,1
2,21,20.0,66.0,24.0,7.6,2.4,0.8,0.15,4,1.8,3.5,8.2,1,risk_based,I,5.0,130.0,10000.0,30,0.6666666666666666,245.54603876740657,1.117894000699882,0.08439569429336603,3.828146957287073,BTCUSDT_4h,1
5,33,16.0,66.0,22.0,7.6,2.4,0.8,0.1,4,1.0,3.5,8.6,1,risk_based,I,5.0,130.0,10000.0,16,0.6875,226.8337790116111,1.4346046955742704,0.029493458626265377,4.358812794281357,ETHUSDT_4h,1
3,21,18.0,64.0,18.0,7.6,1.8,1.0,0.1,3,1.2,2.5,8.2,1,risk_based,I,5.0,130.0,10000.0,22,0.5909090909090909,225.98003778257043,1.1480653271030028,0.09505062735395707,3.563322446290341,ETHUSDT_4h,1
3,24,28.0,60.0,18.0,8.2,2.8,1.4,0.0,2,1.8,4.0,8.0,1,risk_based,I,5.0,130.0,10000.0,3,0.3333333333333333,222.03971562733204,1.3410978256486068,0.06509561156102882,3.2689485322414593,SOLUSDT_1h,1
3,27,20.0,62.0,16.0,7.0,2.0,1.2,0.0,6,0.8,3.0,8.6,1,risk_based,I,5.0,130.0,10000.0,25,0.56,219.94477747450765,1.1906319774954295,0.05851318542319705,3.765669176195776,BTCUSDT_15m,1
5,18,30.0,58.0,16.0,7.2,2.6,1.2,0.0,3,0.8,4.0,8.4,1,risk_based,I,5.0,130.0,10000.0,13,0.6153846153846154,218.33990154060848,1.538901788857635,0.015935999999999978,4.431412402332802,SOLUSDT_4h,1
3,18,12.0,62.0,14.0,7.4,2.2,1.4,0.05,6,1.0,4.5,8.6,1,risk_based,I,5.0,130.0,10000.0,21,0.5714285714285714,215.04919089540817,1.204243573122854,0.05482672727907968,3.736199012446734,BTCUSDT_15m,1
5,21,28.0,60.0,24.0,7.6,2.4,1.2,0.15,6,1.4,2.0,8.0,1,risk_based,I,5.0,130.0,10000.0,13,0.5384615384615384,210.35492539712868,1.1664016694102814,0.09607920320000018,3.322612962309999,ETHUSDT_4h,1
5,18,30.0,58.0,16.0,7.2,2.6,1.2,0.0,3,0.8,4.0,8.4,1,risk_based,I,5.0,130.0,10000.0,13,0.5384615384615384,203.72801350493864,1.3310563319555788,0.060284850786172975,3.7526784327498843,ETHUSDT_1h,1
2,30,14.0,60.0,20.0,7.0,2.6,1.0,0.2,6,0.8,4.0,7.8,1,risk_based,I,5.0,130.0,10000.0,28,0.5,202.78567159044178,1.0774441859168271,0.14829312927928467,3.222794655586242,BTCUSDT_1h,1
5,18,30.0,58.0,16.0,7.2,2.6,1.2,0.0,3,0.8,4.0,8.4,1,risk_based,I,5.0,130.0,10000.0,20,0.55,202.51180209835002,1.1991310279941894,0.051003987912621236,3.672761894348865,BTCUSDT_15m,1
3,33,22.0,58.0,16.0,6.8,2.2,1.4,0.1,2,1.0,4.0,8.8,1,risk_based,I,5.0,130.0,10000.0,20,0.55,201.22183268848676,1.2259423541965901,0.03940399000000013,3.759894571081667,SOLUSDT_4h,1
5,21,20.0,64.0,16.0,7.0,2.4,0.8,0.0,6,2.0,2.0,7.8,1,risk_based,I,5.0,130.0,10000.0,17,0.6470588235294118,196.24593325532442,1.1590490136111549,0.039600000000000066,3.7061321957717515,SOLUSDT_4h,1
4,36,24.0,62.0,20.0,7.6,1.8,1.4,0.0,6,0.8,3.0,8.0,1,risk_based,I,5.0,130.0,10000.0,14,0.42857142857142855,194.7581742649527,1.0786226034461082,0.08732699999999999,3.012879524014312,SOLUSDT_4h,1
5,27,12.0,60.0,20.0,8.0,2.6,0.8,0.2,5,1.4,2.0,8.2,1,risk_based,I,5.0,130.0,10000.0,16,0.625,191.41601717565754,1.2087541396590953,0.033420294867077316,3.766163411892616,SOLUSDT_4h,1
3,30,20.0,58.0,14.0,8.0,2.2,1.2,0.15,6,1.6,2.0,8.4,1,risk_based,I,5.0,130.0,10000.0,18,0.5,185.57703631160257,1.115713012828438,0.10326623566643206,3.2172043549691822,ETHUSDT_4h,1
3,27,22.0,62.0,14.0,7.6,2.2,1.4,0.2,4,0.8,2.0,8.2,1,risk_based,I,5.0,130.0,10000.0,23,0.5652173913043478,183.3009714855816,1.194027665888006,0.04946308835354502,3.7307931251574806,BTCUSDT_15m,1
5,18,30.0,58.0,16.0,7.2,2.6,1.2,0.0,3,0.8,4.0,8.4,1,risk_based,I,5.0,130.0,10000.0,17,0.5294117647058824,182.53760718889862,1.2807768256598338,0.03936509955276773,3.7601136069090866,BTCUSDT_4h,1
3,24,28.0,58.0,22.0,8.0,1.8,1.0,0.0,5,0.8,4.5,8.0,1,risk_based,I,5.0,130.0,10000.0,23,0.6086956521739131,180.65549769329664,1.0586097861744888,0.13188903794329349,3.275251434473263,SOLUSDT_1h,1
3,36,14.0,64.0,18.0,8.2,2.8,1.2,0.05,4,1.2,2.5,8.8,1,risk_based,I,5.0,130.0,10000.0,5,0.6,175.1482621888681,1.3428221529637687,0.025,3.7857925681164053,SOLUSDT_4h,1
4,33,24.0,60.0,20.0,7.2,2.6,0.8,0.15,6,1.6,4.5,7.8,1,risk_based,I,5.0,130.0,10000.0,24,0.7083333333333334,174.9660583164732,1.108639747943433,0.08131463998947382,3.690801634234918,SOLUSDT_15m,1
3,36,14.0,64.0,18.0,8.2,2.8,1.2,0.05,4,1.2,2.5,8.8,1,risk_based,I,5.0,130.0,10000.0,3,0.3333333333333333,171.6875,1.3361066927688727,0.025,3.3289008855377453,ETHUSDT_1h,1
2,33,24.0,62.0,14.0,6.8,2.2,1.0,0.1,3,1.8,3.5,8.6,1,risk_based,I,5.0,130.0,10000.0,33,0.6060606060606061,169.52345577546475,1.090552539010211,0.083184874425272,3.67016481961098,SOLUSDT_15m,1
2,24,18.0,64.0,24.0,7.4,2.2,1.2,0.15,6,1.6,3.0,8.4,1,risk_based,I,5.0,130.0,10000.0,16,0.5625,167.69898180159726,1.1363928980837756,0.08441093921691485,3.3510019603184036,ETHUSDT_1h,1
4,27,26.0,64.0,24.0,7.4,2.6,1.4,0.05,2,1.2,4.0,8.8,1,risk_based,I,5.0,130.0,10000.0,22,0.4090909090909091,166.83791823328465,1.089153019742923,0.11921211461718936,3.041143977503926,BTCUSDT_1h,1
2,21,20.0,66.0,24.0,7.6,2.4,0.8,0.15,4,1.8,3.5,8.2,1,risk_based,I,5.0,130.0,10000.0,19,0.6842105263157895,163.6770219667742,1.1319616573626385,0.07813357637730951,3.5995153970338065,ETHUSDT_1h,1
3,27,20.0,62.0,16.0,7.0,2.0,1.2,0.0,6,0.8,3.0,8.6,1,risk_based,I,5.0,130.0,10000.0,29,0.4827586206896552,161.60300993124292,1.1087035045174705,0.094489850783149,3.3996783976512193,BTCUSDT_1h,1
4,33,24.0,60.0,20.0,7.2,2.6,0.8,0.15,6,1.6,4.5,7.8,1,risk_based,I,5.0,130.0,10000.0,19,0.5789473684210527,160.79225928902997,1.0641199959765462,0.21116978891015847,2.903943937143226,ETHUSDT_1h,1
5,27,18.0,58.0,22.0,7.4,1.8,1.2,0.2,2,2.0,4.0,7.8,1,risk_based,I,5.0,130.0,10000.0,14,0.5714285714285714,156.7904886854667,1.066522219262836,0.18462730239999997,2.8730958771539967,SOLUSDT_1h,1
5,21,28.0,60.0,24.0,7.6,2.4,1.2,0.15,6,1.4,2.0,8.0,1,risk_based,I,5.0,130.0,10000.0,20,0.45,149.02740035928946,1.0658676187142564,0.12623234528760302,2.977065601924993,BTCUSDT_4h,1
4,24,30.0,60.0,24.0,7.8,2.0,1.2,0.2,5,1.2,5.0,7.8,1,risk_based,I,5.0,130.0,10000.0,22,0.5454545454545454,142.7053717552808,1.0291530119838548,0.2281213009233616,2.7748293111347233,BTCUSDT_4h,1
5,27,12.0,60.0,20.0,8.0,2.6,0.8,0.2,5,1.4,2.0,8.2,1,risk_based,I,5.0,130.0,10000.0,19,0.631578947368421,140.75920410506114,1.137732006793267,0.04582310934046594,3.6061223107228284,BTCUSDT_4h,1
4,36,28.0,64.0,24.0,7.4,2.2,1.4,0.0,4,1.0,3.0,8.2,1,risk_based,I,5.0,130.0,10000.0,24,0.4583333333333333,140.15951197977301,1.0882522893758835,0.10291476279051251,3.175419802360002,BTCUSDT_1h,1
5,24,24.0,66.0,24.0,8.2,2.0,1.0,0.1,3,0.8,4.0,8.8,1,risk_based,I,5.0,130.0,10000.0,4,0.5,140.14619954969749,1.577987480135541,0.016618864213718002,4.076264567179625,SOLUSDT_15m,1
3,21,18.0,64.0,18.0,7.6,1.8,1.0,0.1,3,1.2,2.5,8.2,1,risk_based,I,5.0,130.0,10000.0,24,0.5833333333333334,136.45894532990314,1.0999284794648083,0.05940572329781476,3.5130987343660753,SOLUSDT_1h,1
3,21,16.0,60.0,20.0,6.8,2.0,1.2,0.15,3,1.2,2.5,8.8,1,risk_based,I,5.0,130.0,10000.0,30,0.5666666666666667,132.76532333876457,1.0706331763260226,0.06962097547987996,3.51516874955117,BTCUSDT_4h,1
4,36,24.0,64.0,22.0,7.4,2.4,1.0,0.1,5,1.4,2.0,8.4,1,risk_based,I,5.0,130.0,10000.0,25,0.6,129.61121427756734,1.08350758940008,0.08911360967695811,3.429285564046853,BTCUSDT_1h,1
4,24,26.0,62.0,18.0,7.6,2.0,0.8,0.05,4,0.8,4.5,8.6,1,risk_based,I,5.0,130.0,10000.0,28,0.75,129.38466917769256,1.1178828660549063,0.06654968076003237,3.850501359007408,SOLUSDT_15m,1
4,36,26.0,66.0,24.0,8.0,2.6,1.4,0.05,5,1.4,3.0,8.0,1,risk_based,I,5.0,130.0,10000.0,12,0.4166666666666667,125.35808869936955,1.0606335587728548,0.0873270000000001,2.8496442062450784,SOLUSDT_4h,1
5,30,12.0,58.0,14.0,7.2,2.6,0.8,0.1,6,1.6,2.5,8.4,1,risk_based,I,5.0,130.0,10000.0,24,0.6666666666666666,121.16387521073375,1.1391546982332688,0.07074294756984653,3.6672444289677317,BTCUSDT_15m,1
3,36,28.0,64.0,20.0,8.2,2.2,1.4,0.1,6,1.6,2.0,8.6,1,risk_based,I,5.0,130.0,10000.0,3,0.3333333333333333,116.69876635415312,1.3609598548021264,0.030967551115502576,3.3057158226118983,ETHUSDT_1h,1
2,33,28.0,60.0,18.0,6.8,1.8,1.2,0.05,5,0.8,5.0,7.8,1,risk_based,I,5.0,130.0,10000.0,19,0.5789473684210527,116.02929215882614,1.0460419112607824,0.1503270144448307,3.005553123977478,SOLUSDT_1h,1
2,33,14.0,66.0,18.0,7.8,1.8,1.2,0.15,3,1.4,2.0,8.8,1,risk_based,I,5.0,130.0,10000.0,34,0.47058823529411764,115.61773245452969,1.0429183591971454,0.08205743404001287,3.3411645016699585,SOLUSDT_4h,1
3,36,28.0,64.0,20.0,8.2,2.2,1.4,0.1,6,1.6,2.0,8.6,1,risk_based,I,5.0,130.0,10000.0,5,0.4,115.5091578935153,1.211386973103467,0.03486961387800784,3.133674262466426,SOLUSDT_1h,1
5,33,16.0,64.0,16.0,7.6,2.6,1.4,0.15,5,2.0,4.5,8.6,1,risk_based,I,5.0,130.0,10000.0,12,0.4166666666666667,114.24943141804579,1.081150058386422,0.058527358802244626,2.9659674717841558,SOLUSDT_4h,1
3,18,12.0,62.0,14.0,7.4,2.2,1.4,0.05,6,1.0,4.5,8.6,1,risk_based,I,5.0,130.0,10000.0,27,0.48148148148148145,104.84007234560158,1.0620410285539095,0.12917484019710324,3.1036198310843335,BTCUSDT_1h,1
4,24,26.0,62.0,18.0,7.6,2.0,0.8,0.05,4,0.8,4.5,8.6,1,risk_based,I,5.0,130.0,10000.0,19,0.631578947368421,101.81996287295442,1.1469787587322082,0.06013708024064657,3.5427346606680628,ETHUSDT_1h,1
2,21,20.0,66.0,24.0,7.6,2.4,0.8,0.15,4,1.8,3.5,8.2,1,risk_based,I,5.0,130.0,10000.0,25,0.64,96.6949476781574,1.0654761961274437,0.06635663266996783,3.4885774419231415,SOLUSDT_15m,1
4,33,14.0,66.0,24.0,7.2,2.6,1.0,0.05,5,1.4,3.0,8.8,1,risk_based,I,5.0,130.0,10000.0,17,0.5882352941176471,91.78462548891548,1.09375849669469,0.04127888389149535,3.3778179083802797,SOLUSDT_4h,1
3,33,22.0,58.0,16.0,6.8,2.2,1.4,0.1,2,1.0,4.0,8.8,1,risk_based,I,5.0,130.0,10000.0,21,0.5714285714285714,88.36859129646473,1.0749091485507072,0.0654846214047992,3.3188758813263384,BTCUSDT_15m,1
4,27,26.0,64.0,24.0,7.4,2.6,1.4,0.05,2,1.2,4.0,8.8,1,risk_based,I,5.0,130.0,10000.0,19,0.5789473684210527,85.73256703538573,1.0711560579494785,0.06957661521989698,3.267735889906231,BTCUSDT_15m,1
3,21,18.0,64.0,18.0,7.6,1.8,1.0,0.1,3,1.2,2.5,8.2,1,risk_based,I,5.0,130.0,10000.0,25,0.56,81.2688776684954,1.0644986583871208,0.05746456943711926,3.3778724861313796,BTCUSDT_15m,1
4,27,26.0,64.0,24.0,7.4,2.6,1.4,0.05,2,1.2,4.0,8.8,1,risk_based,I,5.0,130.0,10000.0,12,0.4166666666666667,78.3193564031335,1.093733870744094,0.03556972800000002,3.024077913891322,SOLUSDT_4h,1
2,33,20.0,66.0,18.0,8.0,2.2,1.4,0.1,6,1.0,2.5,8.4,1,risk_based,I,5.0,130.0,10000.0,21,0.47619047619047616,75.32325262864106,1.0552973369993939,0.041686313088039155,3.195144701649026,ETHUSDT_1h,1
4,30,16.0,66.0,14.0,7.6,2.8,1.0,0.05,4,2.0,2.5,8.6,1,risk_based,I,5.0,130.0,10000.0,19,0.6842105263157895,74.74824475891,1.0790394277949724,0.07373839975942033,3.417927690544278,BTCUSDT_15m,1
3,21,24.0,64.0,20.0,7.4,2.4,0.8,0.05,5,0.8,3.5,8.2,1,risk_based,I,5.0,130.0,10000.0,26,0.7307692307692307,72.28001221525483,1.0742972153795267,0.05646067314769991,3.6676462696850542,SOLUSDT_15m,1
5,21,30.0,66.0,24.0,7.2,1.8,1.2,0.15,4,2.0,4.0,8.2,1,risk_based,I,5.0,130.0,10000.0,21,0.47619047619047616,64.07425564446203,1.0322416215856327,0.14080310762771944,2.840433890218283,BTCUSDT_1h,1
2,33,24.0,60.0,20.0,7.2,1.8,1.2,0.15,4,1.0,3.5,8.2,1,risk_based,I,5.0,130.0,10000.0,32,0.40625,63.35431019110183,1.0271962489578614,0.10748901053578681,3.0446547764994643,SOLUSDT_4h,1
3,36,28.0,64.0,20.0,8.2,2.2,1.4,0.1,6,1.6,2.0,8.6,1,risk_based,I,5.0,130.0,10000.0,9,0.3333333333333333,59.41946446182919,1.0737158609218522,0.04140690141372949,2.762630482064345,SOLUSDT_15m,1
5,33,30.0,66.0,22.0,7.8,2.2,1.0,0.1,3,1.2,3.5,8.0,1,risk_based,I,5.0,130.0,10000.0,24,0.5416666666666666,55.58112611883553,1.014418568120825,0.1966039005335362,2.787106560759877,BTCUSDT_4h,1
2,33,20.0,66.0,18.0,8.0,2.2,1.4,0.1,6,1.0,2.5,8.4,1,risk_based,I,5.0,130.0,10000.0,17,0.47058823529411764,49.52257549825845,1.0358177994298654,0.10043116938958321,2.8657470191304157,ETHUSDT_4h,1
2,33,24.0,62.0,14.0,6.8,2.2,1.0,0.1,3,1.8,3.5,8.6,1,risk_based,I,5.0,130.0,10000.0,29,0.5172413793103449,48.789378629257044,1.0242208895155214,0.13048514363174601,3.0616377957305794,BTCUSDT_1h,1
5,27,14.0,66.0,14.0,8.0,2.8,1.2,0.2,4,0.8,2.0,8.0,1,risk_based,I,5.0,130.0,10000.0,15,0.4666666666666667,47.47701549433259,1.0291087818337623,0.10159424815363434,2.800911834700954,BTCUSDT_4h,1
2,33,14.0,66.0,18.0,7.8,1.8,1.2,0.15,3,1.4,2.0,8.8,1,risk_based,I,5.0,130.0,10000.0,36,0.5277777777777778,47.05735054927027,1.0186889743290686,0.07344885457551989,3.3757554021475142,BTCUSDT_4h,1
4,27,26.0,64.0,18.0,7.2,1.8,1.2,0.15,2,2.0,2.0,8.4,1,risk_based,I,5.0,130.0,10000.0,27,0.48148148148148145,40.66887183626022,1.0164668234594583,0.12902543856296883,2.9487484252884926,BTCUSDT_1h,1
5,27,14.0,66.0,14.0,8.0,2.8,1.2,0.2,4,0.8,2.0,8.0,1,risk_based,I,5.0,130.0,10000.0,14,0.42857142857142855,35.81249533780465,1.021079117027715,0.100631471017428,2.698933459198093,ETHUSDT_4h,1
3,36,28.0,64.0,20.0,8.2,2.2,1.4,0.1,6,1.6,2.0,8.6,1,risk_based,I,5.0,130.0,10000.0,5,0.6,32.034495854861234,1.0791492318761509,0.02,3.1303329596071627,SOLUSDT_4h,1
2,36,24.0,60.0,16.0,8.2,1.8,1.0,0.0,5,1.0,5.0,8.4,1,risk_based,I,5.0,130.0,10000.0,11,0.5454545454545454,31.36796473850336,1.0283417086663182,0.060633685523999586,2.944332143680959,SOLUSDT_15m,1
4,30,24.0,62.0,14.0,7.8,1.8,1.4,0.15,2,1.4,3.0,8.8,1,risk_based,I,5.0,130.0,10000.0,14,0.42857142857142855,30.305264172011448,1.0256317644450432,0.08801583167535058,2.7403784408931893,ETHUSDT_1h,1
2,33,20.0,66.0,18.0,8.0,2.2,1.4,0.1,6,1.0,2.5,8.4,1,risk_based,I,5.0,130.0,10000.0,26,0.5384615384615384,30.26325442286543,1.015893787620508,0.10225078282899737,3.082990788869197,SOLUSDT_1h,1
2,27,14.0,62.0,18.0,7.6,1.8,1.4,0.2,2,1.4,2.0,8.6,1,risk_based,I,5.0,130.0,10000.0,34,0.4411764705882353,25.41317941572197,1.009153521578462,0.08500283677544876,3.130476418128653,BTCUSDT_4h,1
5,27,12.0,60.0,20.0,8.0,2.6,0.8,0.2,5,1.4,2.0,8.2,1,risk_based,I,5.0,130.0,10000.0,19,0.5789473684210527,24.355827380635674,1.021911878248847,0.09352005513580836,3.036040471102483,ETHUSDT_1h,1
5,33,16.0,66.0,22.0,7.6,2.4,0.8,0.1,4,1.0,3.5,8.6,1,risk_based,I,5.0,130.0,10000.0,18,0.6111111111111112,22.016049057763666,1.031207759874918,0.029491054880960214,3.2726250708313858,SOLUSDT_4h,1
5,24,24.0,66.0,24.0,8.2,2.0,1.0,0.1,3,0.8,4.0,8.8,1,risk_based,I,5.0,130.0,10000.0,5,0.8,17.778456543563152,1.1328662715305398,0.01318091093061276,3.5439682668128047,ETHUSDT_15m,1
4,33,14.0,66.0,24.0,7.2,2.6,1.0,0.05,5,1.4,3.0,8.8,1,risk_based,I,5.0,130.0,10000.0,25,0.56,16.87993537755392,1.0097858333759795,0.09449598896193546,3.092963635243706,BTCUSDT_1h,1
2,27,14.0,62.0,18.0,7.6,1.8,1.4,0.2,2,1.4,2.0,8.6,1,risk_based,I,5.0,130.0,10000.0,32,0.46875,15.402372313828891,1.0074806047640317,0.11206431306483058,3.037295642647401,BTCUSDT_1h,1
3,36,14.0,64.0,18.0,8.2,2.8,1.2,0.05,4,1.2,2.5,8.8,1,risk_based,I,5.0,130.0,10000.0,5,0.8,14.782873357436983,1.1105119990728454,0.013180910930612777,3.4962641387112896,ETHUSDT_15m,1
5,30,12.0,58.0,14.0,7.2,2.6,0.8,0.1,6,1.6,2.5,8.4,1,risk_based,I,5.0,130.0,10000.0,16,0.5625,11.98854519240922,1.0098234980179521,0.047723764029670046,3.052214249139303,SOLUSDT_4h,1
4,33,24.0,66.0,14.0,8.2,1.8,1.2,0.1,4,0.8,5.0,8.4,1,risk_based,I,5.0,130.0,10000.0,3,0.3333333333333333,6.871675810065426,1.0137484397883008,0.0499814954705771,2.4444240689749357,SOLUSDT_1h,1
3,21,16.0,60.0,20.0,6.8,2.0,1.2,0.15,3,1.2,2.5,8.8,1,risk_based,I,5.0,130.0,10000.0,25,0.48,6.147417543743359,1.0038624708782835,0.08069665553117478,2.991782392706786,BTCUSDT_1h,1
4,36,24.0,64.0,22.0,7.4,2.4,1.0,0.1,5,1.4,2.0,8.4,1,risk_based,I,5.0,130.0,10000.0,22,0.5454545454545454,4.291246710927226,1.0035577072062973,0.07972071896624595,3.0304263224066017,BTCUSDT_15m,1
2,36,18.0,60.0,18.0,7.0,2.0,1.0,0.05,6,0.8,2.5,7.8,1,risk_based,I,5.0,130.0,10000.0,28,0.5714285714285714,2.9635867027045606,1.0014861645191433,0.09041260165170374,3.151840967928737,SOLUSDT_15m,1
5,24,24.0,66.0,24.0,8.2,2.0,1.0,0.1,3,0.8,4.0,8.8,1,risk_based,I,5.0,130.0,10000.0,0,0.0,0.0,0.0,0.0,0.0,BTCUSDT_4h,1
3,27,22.0,62.0,14.0,7.6,2.2,1.4,0.2,4,0.8,2.0,8.2,1,risk_based,I,5.0,130.0,10000.0,19,0.5263157894736842,-7.83329632605637,0.9890760681845886,0.02380851199999997,3.068366988253647,SOLUSDT_4h,1
4,33,24.0,66.0,14.0,8.2,1.8,1.2,0.1,4,0.8,5.0,8.4,1,risk_based,I,5.0,130.0,10000.0,5,0.8,-11.254307638140745,0.9156471146184658,0.01318091093061273,3.0804971888069526,ETHUSDT_15m,1
2,33,22.0,58.0,14.0,8.2,2.6,1.0,0.0,6,0.8,5.0,8.0,1,risk_based,I,5.0,130.0,10000.0,10,0.6,-11.808406557394846,0.9861507359390556,0.04777523117047349,2.9171673718092954,SOLUSDT_15m,1
2,36,24.0,60.0,16.0,8.2,1.8,1.0,0.0,5,1.0,5.0,8.4,1,risk_based,I,5.0,130.0,10000.0,9,0.6666666666666666,-13.482823679007197,0.9591991943375431,0.020999775917947598,3.0219162372422366,ETHUSDT_15m,1
4,27,22.0,58.0,14.0,8.2,2.6,0.8,0.0,6,1.0,4.0,8.2,1,risk_based,I,5.0,130.0,10000.0,5,0.8,-13.79834439439037,0.8965527940194535,0.013180910930612874,3.0397645108526783,ETHUSDT_15m,1
3,27,22.0,62.0,14.0,7.6,2.2,1.4,0.2,4,0.8,2.0,8.2,1,risk_based,I,5.0,130.0,10000.0,24,0.5,-15.001408309964972,0.9868320742600177,0.08829340915925141,2.9237825127323163,BTCUSDT_1h,1
4,21,26.0,64.0,24.0,8.2,2.0,1.2,0.05,3,1.8,4.0,8.6,1,risk_based,I,5.0,130.0,10000.0,5,0.8,-21.59898372391035,0.837944236899849,0.013180910930612856,2.914746757283949,ETHUSDT_15m,1
4,36,28.0,64.0,24.0,7.4,2.2,1.4,0.0,4,1.0,3.0,8.2,1,risk_based,I,5.0,130.0,10000.0,15,0.4,-34.012581276052515,0.9619685014357143,0.029701000000000134,2.7008214215953754,SOLUSDT_4h,1
5,33,16.0,66.0,22.0,7.6,2.4,0.8,0.1,4,1.0,3.5,8.6,1,risk_based,I,5.0,130.0,10000.0,23,0.5652173913043478,-34.645572559706125,0.9661936116303761,0.05045116152047746,3.054214253096135,BTCUSDT_4h,1
3,21,24.0,64.0,20.0,7.4,2.4,0.8,0.05,5,0.8,3.5,8.2,1,risk_based,I,5.0,130.0,10000.0,21,0.7142857142857143,-36.25309128630397,0.9551360869777102,0.03499999999999993,3.2604476540976877,ETHUSDT_4h,1
5,30,12.0,58.0,14.0,7.2,2.6,0.8,0.1,6,1.6,2.5,8.4,1,risk_based,I,5.0,130.0,10000.0,20,0.6,-36.620727799683664,0.9724223498847572,0.06857749172410331,3.002491496797521,BTCUSDT_4h,1
4,24,30.0,60.0,24.0,7.8,2.0,1.2,0.2,5,1.2,5.0,7.8,1,risk_based,I,5.0,130.0,10000.0,16,0.625,-41.923636192839695,0.9847152615207619,0.18549374999999993,2.6285256368486842,SOLUSDT_1h,1
4,21,26.0,64.0,24.0,8.2,2.0,1.2,0.05,3,1.8,4.0,8.6,1,risk_based,I,5.0,130.0,10000.0,3,0.3333333333333333,-46.719999999999345,0.9404081632653061,0.0784,2.158896326530613,ETHUSDT_4h,1
5,24,24.0,66.0,24.0,8.2,2.0,1.0,0.1,3,0.8,4.0,8.8,1,risk_based,I,5.0,130.0,10000.0,3,0.3333333333333333,-46.719999999999345,0.9404081632653061,0.0784,2.158896326530613,ETHUSDT_4h,1
3,24,28.0,60.0,18.0,8.2,2.8,1.4,0.0,2,1.8,4.0,8.0,1,risk_based,I,5.0,130.0,10000.0,8,0.25,-47.0580350805958,0.9779871793991877,0.1506534400000001,1.9919560037177788,ETHUSDT_4h,1
4,33,14.0,66.0,24.0,7.2,2.6,1.0,0.05,5,1.4,3.0,8.8,1,risk_based,I,5.0,130.0,10000.0,21,0.5714285714285714,-49.060269480345596,0.9622519331448053,0.0913725384518775,2.8784688385964894,BTCUSDT_15m,1
5,30,12.0,58.0,14.0,7.2,2.6,0.8,0.1,6,1.6,2.5,8.4,1,risk_based,I,5.0,130.0,10000.0,20,0.6,-50.033207196167496,0.9597183498822388,0.10481059045422121,2.8549717212056467,ETHUSDT_1h,1
2,33,22.0,58.0,14.0,8.2,2.6,1.0,0.0,6,0.8,5.0,8.0,1,risk_based,I,5.0,130.0,10000.0,10,0.6,-51.61615252373667,0.8589496239477005,0.03062669647883914,2.674403005935147,ETHUSDT_15m,1
2,21,16.0,64.0,22.0,7.0,2.4,1.4,0.2,5,1.6,3.0,8.6,1,risk_based,I,5.0,130.0,10000.0,24,0.5,-54.13984564373641,0.9676268018485004,0.08951145096654838,2.8425794051536193,BTCUSDT_15m,1
4,30,24.0,62.0,14.0,7.8,1.8,1.4,0.15,2,1.4,3.0,8.8,1,risk_based,I,5.0,130.0,10000.0,18,0.3888888888888889,-55.25590375083084,0.9645175870384536,0.05795838751529555,2.6432374411135227,SOLUSDT_4h,1
3,18,20.0,62.0,14.0,7.8,2.0,1.0,0.0,4,2.0,4.0,8.4,1,risk_based,I,5.0,130.0,10000.0,24,0.5416666666666666,-57.262331301179074,0.9749852953962805,0.11504645673543547,2.8400688892850754,SOLUSDT_1h,1
2,21,16.0,64.0,22.0,7.0,2.4,1.4,0.2,5,1.6,3.0,8.6,1,risk_based,I,5.0,130.0,10000.0,18,0.5,-62.958927535710245,0.960591371774974,0.12017537623087116,2.607697687321624,SOLUSDT_1h,1
2,33,24.0,62.0,14.0,6.8,2.2,1.0,0.1,3,1.8,3.5,8.6,1,risk_based,I,5.0,130.0,10000.0,26,0.5384615384615384,-77.31845842587609,0.9544748630254147,0.08545756177940726,2.902950889979039,BTCUSDT_15m,1
3,33,22.0,58.0,16.0,6.8,2.2,1.4,0.1,2,1.0,4.0,8.8,1,risk_based,I,5.0,130.0,10000.0,24,0.5,-77.3663362677089,0.9468135957831996,0.10800678570442686,2.7222404981854096,BTCUSDT_1h,1
5,21,20.0,64.0,16.0,7.0,2.4,0.8,0.0,6,2.0,2.0,7.8,1,risk_based,I,5.0,130.0,10000.0,26,0.5384615384615384,-79.82527371891592,0.9674766217247669,0.1381424834551741,2.768392827057403,BTCUSDT_4h,1
3,27,22.0,62.0,14.0,7.6,2.2,1.4,0.2,4,0.8,2.0,8.2,1,risk_based,I,5.0,130.0,10000.0,16,0.5,-80.35543011814843,0.9288079511608558,0.08121638102630427,2.6036113291246505,ETHUSDT_4h,1
2,36,24.0,60.0,16.0,8.2,1.8,1.0,0.0,5,1.0,5.0,8.4,1,risk_based,I,5.0,130.0,10000.0,6,0.5,-80.72516847347833,0.9475368298101029,0.05000000000000002,2.5343484911467278,SOLUSDT_4h,1
2,24,18.0,64.0,24.0,7.4,2.2,1.2,0.15,6,1.6,3.0,8.4,1,risk_based,I,5.0,130.0,10000.0,31,0.5806451612903226,-89.63930933242227,0.96024922051151,0.074037248006999,3.0997151296050847,BTCUSDT_4h,1
5,18,26.0,62.0,20.0,7.8,2.2,0.8,0.05,4,1.4,4.5,8.4,1,risk_based,I,5.0,130.0,10000.0,27,0.6296296296296297,-96.56830752049791,0.9312804508148472,0.09007056915987872,2.9802253310740046,BTCUSDT_15m,1
5,21,26.0,64.0,16.0,7.0,1.8,1.4,0.1,5,1.4,3.5,8.8,1,risk_based,I,5.0,130.0,10000.0,16,0.4375,-98.5149444663748,0.9247941207201487,0.09972853510204771,2.4281376916677795,ETHUSDT_1h,1
4,24,18.0,58.0,18.0,8.2,2.0,1.4,0.2,6,1.8,3.5,8.2,1,risk_based,I,5.0,130.0,10000.0,4,0.5,-104.30445459737712,0.65942726557695,0.030019915976914707,1.9544903286257789,ETHUSDT_15m,1
2,33,26.0,58.0,22.0,7.2,2.0,1.4,0.2,3,1.2,4.0,8.6,1,risk_based,I,5.0,130.0,10000.0,24,0.5416666666666666,-115.2397324486301,0.9219099257674209,0.08539126691380715,2.7649063183447904,BTCUSDT_15m,1
3,18,20.0,62.0,14.0,7.8,2.0,1.0,0.0,4,2.0,4.0,8.4,1,risk_based,I,5.0,130.0,10000.0,33,0.45454545454545453,-120.69273436058756,0.965443010604445,0.09821842048002982,2.8573562072263954,SOLUSDT_4h,1
4,36,30.0,60.0,20.0,7.0,2.6,1.0,0.05,4,2.0,2.5,7.8,1,risk_based,I,5.0,130.0,10000.0,28,0.5714285714285714,-124.39196257443473,0.9514457201129904,0.12871144175504548,2.809508009529267,BTCUSDT_1h,1
5,33,20.0,66.0,24.0,7.6,2.4,1.4,0.15,3,1.4,4.0,8.0,1,risk_based,I,5.0,130.0,10000.0,19,0.42105263157894735,-124.45270656412322,0.9559706562083641,0.210866585599625,2.166467796422151,BTCUSDT_1h,1
2,33,14.0,66.0,18.0,7.8,1.8,1.2,0.15,3,1.4,2.0,8.8,1,risk_based,I,5.0,130.0,10000.0,30,0.5,-127.11033704396141,0.9238373298975457,0.07888114988262943,2.833920873103242,BTCUSDT_15m,1
3,27,20.0,62.0,16.0,7.0,2.0,1.2,0.0,6,0.8,3.0,8.6,1,risk_based,I,5.0,130.0,10000.0,15,0.6,-135.87205169746994,0.8539656980887843,0.07409418239999996,2.5497767972800984,ETHUSDT_4h,1
3,21,16.0,60.0,20.0,6.8,2.0,1.2,0.15,3,1.2,2.5,8.8,1,risk_based,I,5.0,130.0,10000.0,23,0.5652173913043478,-142.82397183016292,0.9120933732036386,0.10610876086300014,2.6708625789446354,ETHUSDT_4h,1
3,27,20.0,62.0,16.0,7.0,2.0,1.2,0.0,6,0.8,3.0,8.6,1,risk_based,I,5.0,130.0,10000.0,31,0.5483870967741935,-143.40514019155853,0.9094267414894016,0.06066950258687992,2.9360204801878953,BTCUSDT_4h,1
4,24,30.0,60.0,24.0,7.8,2.0,1.2,0.2,5,1.2,5.0,7.8,1,risk_based,I,5.0,130.0,10000.0,16,0.5,-143.7257611212408,0.9628255984062893,0.14727022525758499,2.410114759918583,SOLUSDT_4h,1
4,33,24.0,60.0,20.0,7.2,2.6,0.8,0.15,6,1.6,4.5,7.8,1,risk_based,I,5.0,130.0,10000.0,24,0.625,-152.75514199658755,0.937873257298854,0.1238061190080789,2.7690730155768835,BTCUSDT_1h,1
4,21,26.0,64.0,24.0,8.2,2.0,1.2,0.05,3,1.8,4.0,8.6,1,risk_based,I,5.0,130.0,10000.0,7,0.2857142857142857,-153.74956993994965,0.8189536013727685,0.060970025874673796,1.8698189837529946,SOLUSDT_15m,1
4,36,12.0,60.0,24.0,8.0,2.2,1.2,0.05,3,2.0,3.0,7.8,1,risk_based,I,5.0,130.0,10000.0,23,0.4782608695652174,-154.3967324965106,0.9454484893472834,0.16036228343332323,2.4328047002459128,BTCUSDT_1h,1
4,24,26.0,62.0,18.0,7.6,2.0,0.8,0.05,4,0.8,4.5,8.6,1,risk_based,I,5.0,130.0,10000.0,29,0.6551724137931034,-156.95044729802612,0.8623112424644559,0.059990693872949766,2.9504585767016915,BTCUSDT_15m,1
4,33,24.0,66.0,14.0,8.2,1.8,1.2,0.1,4,0.8,5.0,8.4,1,risk_based,I,5.0,130.0,10000.0,3,0.3333333333333333,-162.75,0.8400884303610908,0.05,1.927426860722182,SOLUSDT_4h,1
2,30,22.0,64.0,14.0,7.0,2.2,1.2,0.05,2,1.0,4.0,7.8,1,risk_based,I,5.0,130.0,10000.0,31,0.41935483870967744,-164.10182560488647,0.9454834104322339,0.20851776332825186,2.3503439633393417,BTCUSDT_1h,1
5,27,30.0,60.0,24.0,8.0,2.4,1.4,0.05,3,1.8,4.5,7.8,1,risk_based,I,5.0,130.0,10000.0,19,0.42105263157894735,-165.52013469778467,0.9460762196122471,0.22744848763718545,2.055865788983574,BTCUSDT_1h,1
2,21,16.0,64.0,22.0,7.0,2.4,1.4,0.2,5,1.6,3.0,8.6,1,risk_based,I,5.0,130.0,10000.0,29,0.4482758620689655,-166.30105274150264,0.9338536034588657,0.10285594135251351,2.6452521232221367,BTCUSDT_4h,1
4,18,18.0,62.0,16.0,7.4,2.0,0.8,0.0,3,1.4,4.0,7.8,1,risk_based,I,5.0,130.0,10000.0,27,0.5555555555555556,-175.7812680062143,0.9452316068906768,0.16078109077262587,2.605672006790595,BTCUSDT_1h,1
2,33,24.0,60.0,20.0,7.2,1.8,1.2,0.15,4,1.0,3.5,8.2,1,risk_based,I,5.0,130.0,10000.0,24,0.5,-176.7599490991197,0.9024764727890995,0.07035213385784729,2.6471365949055374,SOLUSDT_1h,1
5,21,28.0,60.0,24.0,7.6,2.4,1.2,0.15,6,1.4,2.0,8.0,1,risk_based,I,5.0,130.0,10000.0,19,0.42105263157894735,-179.130984400319,0.9021428597820387,0.14011107906582884,2.216400445334693,BTCUSDT_1h,1
5,33,16.0,66.0,22.0,7.6,2.4,0.8,0.1,4,1.0,3.5,8.6,1,risk_based,I,5.0,130.0,10000.0,18,0.5555555555555556,-181.86083225922084,0.7992868769121437,0.07885596058240658,2.37347837315118,ETHUSDT_1h,1
4,30,14.0,60.0,16.0,7.4,2.4,1.0,0.05,2,1.4,3.5,8.2,1,risk_based,I,5.0,130.0,10000.0,27,0.5925925925925926,-182.72081541412263,0.8967424470590355,0.09916353541058519,2.7421623613610815,BTCUSDT_1h,1
2,30,14.0,60.0,20.0,7.0,2.6,1.0,0.2,6,0.8,4.0,7.8,1,risk_based,I,5.0,130.0,10000.0,21,0.6190476190476191,-185.00696476610028,0.9131797507264905,0.12499045267211692,2.614952607241958,ETHUSDT_1h,1
2,33,28.0,64.0,20.0,6.8,2.0,1.2,0.2,5,1.8,3.5,7.8,1,risk_based,I,5.0,130.0,10000.0,31,0.4838709677419355,-186.4663847876327,0.9631185371107494,0.19703248816246355,2.494479676559379,SOLUSDT_4h,1
2,33,20.0,66.0,18.0,8.0,2.2,1.4,0.1,6,1.0,2.5,8.4,1,risk_based,I,5.0,130.0,10000.0,26,0.38461538461538464,-187.42694377090265,0.8942291414901363,0.13820321943394848,2.2833447578306014,BTCUSDT_1h,1
4,33,14.0,66.0,24.0,7.2,2.6,1.0,0.05,5,1.4,3.0,8.8,1,risk_based,I,5.0,130.0,10000.0,26,0.5,-192.07685323562873,0.9036731478863713,0.10679363727543784,2.5648885307108005,BTCUSDT_4h,1
3,36,14.0,64.0,18.0,8.2,2.8,1.2,0.05,4,1.2,2.5,8.8,1,risk_based,I,5.0,130.0,10000.0,7,0.42857142857142855,-193.62018713491852,0.7281816993322221,0.04058017481357053,1.923859829945957,SOLUSDT_15m,1
4,36,30.0,62.0,22.0,7.4,2.8,0.8,0.0,3,2.0,3.0,7.8,1,risk_based,I,5.0,130.0,10000.0,21,0.5714285714285714,-206.75946093936545,0.9012963537103263,0.0988166328624564,2.576526205036775,BTCUSDT_1h,1
3,36,28.0,64.0,20.0,8.2,2.2,1.4,0.1,6,1.6,2.0,8.6,1,risk_based,I,5.0,130.0,10000.0,6,0.5,-215.547863262158,0.5626121097539801,0.03135639661830852,1.6856071663908767,ETHUSDT_15m,1
4,30,14.0,60.0,16.0,7.4,2.4,1.0,0.05,2,1.4,3.5,8.2,1,risk_based,I,5.0,130.0,10000.0,24,0.5833333333333334,-216.51015503158305,0.8413992071238297,0.09761579715488418,2.528440867751424,BTCUSDT_15m,1
4,27,26.0,64.0,18.0,7.2,1.8,1.2,0.15,2,2.0,2.0,8.4,1,risk_based,I,5.0,130.0,10000.0,24,0.5,-216.81550394047554,0.910175795714358,0.1295633551306704,2.4448460220962294,BTCUSDT_4h,1
5,24,24.0,66.0,24.0,8.2,2.0,1.0,0.1,3,0.8,4.0,8.8,1,risk_based,I,5.0,130.0,10000.0,1,0.0,-217.77005211517462,0.0,0.021777005211517462,-0.26310106774972697,ETHUSDT_1h,1
4,24,18.0,58.0,18.0,8.2,2.0,1.4,0.2,6,1.8,3.5,8.2,1,risk_based,I,5.0,130.0,10000.0,9,0.3333333333333333,-231.11864013550257,0.7558198831492781,0.05362505079581232,1.7996459737756165,SOLUSDT_15m,1
4,24,30.0,60.0,24.0,7.8,2.0,1.2,0.2,5,1.2,5.0,7.8,1,risk_based,I,5.0,130.0,10000.0,24,0.5416666666666666,-235.31942209486988,0.9241454259187558,0.19867643961297232,2.309442110903725,BTCUSDT_1h,1
4,36,28.0,64.0,24.0,7.4,2.2,1.4,0.0,4,1.0,3.0,8.2,1,risk_based,I,5.0,130.0,10000.0,14,0.35714285714285715,-235.34566044219355,0.7852076004493682,0.05880997000000013,1.9743539161708281,BTCUSDT_4h,1
2,18,20.0,60.0,16.0,7.2,2.8,0.8,0.2,2,1.6,3.5,7.8,1,risk_based,I,5.0,130.0,10000.0,27,0.6296296296296297,-241.7654980024563,0.8412187012758572,0.12676851083085336,2.5448108165011423,BTCUSDT_15m,1
3,18,12.0,62.0,14.0,7.4,2.2,1.4,0.05,6,1.0,4.5,8.6,1,risk_based,I,5.0,130.0,10000.0,18,0.5,-242.18927999814696,0.7292839561878115,0.029700999999999953,2.237275632377476,SOLUSDT_4h,1
2,27,14.0,62.0,18.0,7.6,1.8,1.4,0.2,2,1.4,2.0,8.6,1,risk_based,I,5.0,130.0,10000.0,28,0.5714285714285714,-253.1024090065348,0.8261274235169297,0.09755868605524372,2.523619237004451,BTCUSDT_15m,1
5,33,16.0,66.0,22.0,7.6,2.4,0.8,0.1,4,1.0,3.5,8.6,1,risk_based,I,5.0,130.0,10000.0,26,0.6538461538461539,-256.6276326409261,0.784719425937873,0.08209295347472334,2.567301589579881,BTCUSDT_15m,1
4,36,24.0,64.0,22.0,7.4,2.4,1.0,0.1,5,1.4,2.0,8.4,1,risk_based,I,5.0,130.0,10000.0,21,0.5714285714285714,-258.32870631546757,0.7918487706559488,0.06271538157330284,2.414365547419379,SOLUSDT_4h,1
3,21,24.0,64.0,20.0,7.4,2.4,0.8,0.05,5,0.8,3.5,8.2,1,risk_based,I,5.0,130.0,10000.0,26,0.5769230769230769,-264.67218074756056,0.7334076519541417,0.07327907274355296,2.3676905203146794,BTCUSDT_15m,1
2,36,20.0,66.0,14.0,7.2,2.4,1.4,0.1,3,1.6,3.5,8.8,1,risk_based,I,5.0,130.0,10000.0,25,0.52,-271.5576686523473,0.8304706637655361,0.10245323645558654,2.3620239495119653,BTCUSDT_15m,1
3,18,20.0,62.0,14.0,7.8,2.0,1.0,0.0,4,2.0,4.0,8.4,1,risk_based,I,5.0,130.0,10000.0,22,0.5909090909090909,-285.61421713403433,0.8921058493593379,0.16729355468800006,2.3230804538842778,ETHUSDT_4h,1
2,33,26.0,58.0,22.0,7.2,2.0,1.4,0.2,3,1.2,4.0,8.6,1,risk_based,I,5.0,130.0,10000.0,22,0.45454545454545453,-286.72708807469826,0.8173885680671791,0.09641745064489839,2.1806158779431466,BTCUSDT_1h,1
2,24,18.0,64.0,24.0,7.4,2.2,1.2,0.15,6,1.6,3.0,8.4,1,risk_based,I,5.0,130.0,10000.0,24,0.5,-287.11410691403216,0.8320611096670005,0.08978463748033708,2.3376541999789575,BTCUSDT_15m,1
5,33,16.0,64.0,16.0,7.6,2.6,1.4,0.15,5,2.0,4.5,8.6,1,risk_based,I,5.0,130.0,10000.0,13,0.3076923076923077,-287.98287881153374,0.8370560184152124,0.10452826119421915,1.794082835974695,BTCUSDT_4h,1
4,30,14.0,60.0,16.0,7.4,2.4,1.0,0.05,2,1.4,3.5,8.2,1,risk_based,I,5.0,130.0,10000.0,21,0.5238095238095238,-292.50810520503546,0.8163089536690491,0.0702883778504005,2.3349589542961473,SOLUSDT_4h,1
4,27,22.0,58.0,14.0,8.2,2.6,0.8,0.0,6,1.0,4.0,8.2,1,risk_based,I,5.0,130.0,10000.0,9,0.5555555555555556,-305.1659720566331,0.6081267735838987,0.05595410964516927,1.75655857950899,SOLUSDT_15m,1
2,18,18.0,60.0,22.0,6.8,2.6,1.0,0.2,5,1.0,3.5,8.6,1,risk_based,I,5.0,130.0,10000.0,18,0.5555555555555556,-305.8676015435758,0.7279894505524993,0.08401049887119952,2.0914131362811577,SOLUSDT_1h,1
2,18,18.0,60.0,22.0,6.8,2.6,1.0,0.2,5,1.0,3.5,8.6,1,risk_based,I,5.0,130.0,10000.0,22,0.5,-313.59597039727305,0.7393608125026536,0.0873195815072219,2.0931669100863686,BTCUSDT_1h,1
2,27,12.0,64.0,16.0,7.4,2.4,1.2,0.1,3,1.0,2.0,8.8,1,risk_based,I,5.0,130.0,10000.0,34,0.5588235294117647,-318.6102081583558,0.8186510428809104,0.07068090908889882,2.6248844444544157,BTCUSDT_4h,1
5,27,12.0,60.0,20.0,8.0,2.6,0.8,0.2,5,1.4,2.0,8.2,1,risk_based,I,5.0,130.0,10000.0,24,0.625,-321.5147521617273,0.7465346669192808,0.08401722665698964,2.3370029017058656,BTCUSDT_1h,1
3,21,18.0,64.0,18.0,7.6,1.8,1.0,0.1,3,1.2,2.5,8.2,1,risk_based,I,5.0,130.0,10000.0,34,0.4411764705882353,-321.90267077378303,0.8555862900107046,0.06552073280560666,2.534472416713159,SOLUSDT_4h,1
4,36,30.0,60.0,20.0,7.0,2.6,1.0,0.05,4,2.0,2.5,7.8,1,risk_based,I,5.0,130.0,10000.0,29,0.4827586206896552,-332.36552410568765,0.9054910126927215,0.18023766410721362,2.242041439992597,BTCUSDT_4h,1
2,33,24.0,62.0,14.0,6.8,2.2,1.0,0.1,3,1.8,3.5,8.6,1,risk_based,I,5.0,130.0,10000.0,30,0.5,-343.3596948297836,0.8809786732884165,0.10671746120760482,2.448445268124235,SOLUSDT_4h,1
5,18,26.0,62.0,20.0,7.8,2.2,0.8,0.05,4,1.4,4.5,8.4,1,risk_based,I,5.0,130.0,10000.0,23,0.5652173913043478,-350.7232726138391,0.780255389479035,0.0924238776511174,2.2403419603474,BTCUSDT_4h,1
2,27,12.0,64.0,16.0,7.4,2.4,1.2,0.1,3,1.0,2.0,8.8,1,risk_based,I,5.0,130.0,10000.0,26,0.5,-356.3459185883694,0.7167469620807964,0.08388696616288828,2.0954871070845584,BTCUSDT_15m,1
3,24,28.0,60.0,18.0,8.2,2.8,1.4,0.0,2,1.8,4.0,8.0,1,risk_based,I,5.0,130.0,10000.0,10,0.4,-357.4973300861202,0.6391000595983894,0.06097002587467374,1.5377927114866374,SOLUSDT_15m,1
3,18,22.0,58.0,22.0,7.4,2.6,1.0,0.0,2,1.8,4.5,7.8,1,risk_based,I,5.0,130.0,10000.0,29,0.4827586206896552,-358.8599049207278,0.9389024346190175,0.2340696226518266,2.1208740273963103,BTCUSDT_4h,1
5,24,24.0,66.0,24.0,8.2,2.0,1.0,0.1,3,0.8,4.0,8.8,1,risk_based,I,5.0,130.0,10000.0,12,0.5833333333333334,-360.00110722930185,0.579555540646531,0.07192050623045625,1.6983484553723913,BTCUSDT_15m,1
2,18,18.0,60.0,22.0,6.8,2.6,1.0,0.2,5,1.0,3.5,8.6,1,risk_based,I,5.0,130.0,10000.0,33,0.6060606060606061,-363.27443593641146,0.793661461451131,0.07153555694164455,2.578532725231826,BTCUSDT_4h,1
2,33,24.0,60.0,20.0,7.2,1.8,1.2,0.15,4,1.0,3.5,8.2,1,risk_based,I,5.0,130.0,10000.0,34,0.5588235294117647,-376.2219718644392,0.8267062504309207,0.07190788029373346,2.579702182233849,BTCUSDT_4h,1
2,36,20.0,66.0,14.0,7.2,2.4,1.4,0.1,3,1.6,3.5,8.8,1,risk_based,I,5.0,130.0,10000.0,31,0.45161290322580644,-378.9004193676683,0.8715622416710079,0.1086246032318716,2.3357696091174422,BTCUSDT_4h,1
2,18,20.0,60.0,16.0,7.2,2.8,0.8,0.2,2,1.6,3.5,7.8,1,risk_based,I,5.0,130.0,10000.0,31,0.6451612903225806,-383.0826591386394,0.8408910696046523,0.16812779773162026,2.3820580223596752,BTCUSDT_1h,1
2,33,14.0,66.0,18.0,7.8,1.8,1.2,0.15,3,1.4,2.0,8.8,1,risk_based,I,5.0,130.0,10000.0,28,0.39285714285714285,-388.21954006822125,0.8038155067660484,0.11456097867951598,2.0250142517110423,BTCUSDT_1h,1
4,21,26.0,64.0,24.0,8.2,2.0,1.2,0.05,3,1.8,4.0,8.6,1,risk_based,I,5.0,130.0,10000.0,11,0.5454545454545454,-390.7171434661541,0.5723436106536486,0.08082056525341387,1.5496902002627195,BTCUSDT_15m,1
2,21,16.0,64.0,22.0,7.0,2.4,1.4,0.2,5,1.6,3.0,8.6,1,risk_based,I,5.0,130.0,10000.0,26,0.4230769230769231,-393.8722679955681,0.8041467813827463,0.1413010238811855,1.9451336077417525,BTCUSDT_1h,1
2,21,20.0,66.0,24.0,7.6,2.4,0.8,0.15,4,1.8,3.5,8.2,1,risk_based,I,5.0,130.0,10000.0,33,0.6666666666666666,-396.49480154591583,0.7720015856262208,0.10757367170392286,2.4847873545947574,BTCUSDT_15m,1
3,36,14.0,64.0,18.0,8.2,2.8,1.2,0.05,4,1.2,2.5,8.8,1,risk_based,I,5.0,130.0,10000.0,2,0.0,-397.93748501079244,0.0,0.039793748501079244,-0.47731873051403023,SOLUSDT_1h,1
2,33,20.0,66.0,18.0,8.0,2.2,1.4,0.1,6,1.0,2.5,8.4,1,risk_based,I,5.0,130.0,10000.0,24,0.4583333333333333,-398.07107787758105,0.7181580936168397,0.08539382753311944,1.9495636267567398,BTCUSDT_15m,1
3,24,28.0,60.0,18.0,8.2,2.8,1.4,0.0,2,1.8,4.0,8.0,1,risk_based,I,5.0,130.0,10000.0,7,0.42857142857142855,-399.68700481655833,0.24369461449440868,0.052175358070772934,0.714033292817083,ETHUSDT_15m,1
3,33,22.0,58.0,16.0,6.8,2.2,1.4,0.1,2,1.0,4.0,8.8,1,risk_based,I,5.0,130.0,10000.0,17,0.5294117647058824,-400.1401902426387,0.7668984380483681,0.1415415439359999,1.8431497011049214,ETHUSDT_4h,1
3,36,28.0,64.0,20.0,8.2,2.2,1.4,0.1,6,1.6,2.0,8.6,1,risk_based,I,5.0,130.0,10000.0,14,0.35714285714285715,-404.69191186852186,0.5706176591900067,0.08127601792850894,1.3084296384402505,BTCUSDT_15m,1
2,27,22.0,60.0,20.0,7.4,2.2,1.2,0.1,4,1.6,4.5,8.2,1,risk_based,I,5.0,130.0,10000.0,32,0.5625,-413.44203150859903,0.8544482065393808,0.10351794103209644,2.468650558473873,BTCUSDT_4h,1
5,18,30.0,58.0,16.0,7.2,2.6,1.2,0.0,3,0.8,4.0,8.4,1,risk_based,I,5.0,130.0,10000.0,19,0.42105263157894735,-414.37712109502354,0.6824551999200622,0.11033343687635394,1.63111191548446,BTCUSDT_1h,1
5,18,26.0,62.0,20.0,7.8,2.2,0.8,0.05,4,1.4,4.5,8.4,1,risk_based,I,5.0,130.0,10000.0,20,0.55,-421.83868282520416,0.6765744228632278,0.11359697123584385,1.81551924919372,ETHUSDT_1h,1
2,33,24.0,62.0,14.0,6.8,2.2,1.0,0.1,3,1.8,3.5,8.6,1,risk_based,I,5.0,130.0,10000.0,35,0.5428571428571428,-426.55900720059253,0.864475262970369,0.10145986460344363,2.512297639215529,BTCUSDT_4h,1
2,33,20.0,66.0,18.0,8.0,2.2,1.4,0.1,6,1.0,2.5,8.4,1,risk_based,I,5.0,130.0,10000.0,33,0.42424242424242425,-431.03838556213304,0.8021430861312775,0.0852111056400638,2.213978106143867,BTCUSDT_4h,1
4,33,24.0,66.0,14.0,8.2,1.8,1.2,0.1,4,0.8,5.0,8.4,1,risk_based,I,5.0,130.0,10000.0,13,0.5384615384615384,-431.8874600009076,0.5422780617014672,0.08429900795710908,1.467463947223007,BTCUSDT_15m,1
2,33,24.0,60.0,20.0,7.2,1.8,1.2,0.15,4,1.0,3.5,8.2,1,risk_based,I,5.0,130.0,10000.0,26,0.4230769230769231,-431.96713360769536,0.7516044458568539,0.11111729125513757,1.8925052689559845,BTCUSDT_1h,1
4,36,30.0,60.0,20.0,7.0,2.6,1.0,0.05,4,2.0,2.5,7.8,1,risk_based,I,5.0,130.0,10000.0,20,0.55,-433.45151998682013,0.7986638252368798,0.10272297457698319,2.0807072067559904,SOLUSDT_4h,1
4,33,24.0,66.0,14.0,8.2,1.8,1.2,0.1,4,0.8,5.0,8.4,1,risk_based,I,5.0,130.0,10000.0,9,0.3333333333333333,-434.11410654903375,0.5929483002885652,0.06736456467132164,1.2296888000141315,SOLUSDT_15m,1
2,33,24.0,60.0,20.0,7.2,1.8,1.2,0.15,4,1.0,3.5,8.2,1,risk_based,I,5.0,130.0,10000.0,27,0.48148148148148145,-434.43656773542534,0.7295225939284316,0.09539701083546229,2.000639809837273,BTCUSDT_15m,1
3,30,20.0,58.0,14.0,8.0,2.2,1.2,0.15,6,1.6,2.0,8.4,1,risk_based,I,5.0,130.0,10000.0,32,0.5,-438.49026412267267,0.831243050882821,0.13941952429480683,2.195737264758549,BTCUSDT_4h,1
3,21,24.0,64.0,20.0,7.4,2.4,0.8,0.05,5,0.8,3.5,8.2,1,risk_based,I,5.0,130.0,10000.0,24,0.5416666666666666,-439.53064282068226,0.6384847789188719,0.0831385388678807,1.8805232984134195,SOLUSDT_1h,1
2,18,18.0,60.0,22.0,6.8,2.6,1.0,0.2,5,1.0,3.5,8.6,1,risk_based,I,5.0,130.0,10000.0,30,0.5666666666666667,-448.55936458143333,0.7121794710882086,0.10202683561815998,2.119719070740504,BTCUSDT_15m,1
3,36,14.0,64.0,18.0,8.2,2.8,1.2,0.05,4,1.2,2.5,8.8,1,risk_based,I,5.0,130.0,10000.0,6,0.16666666666666666,-454.73538376179386,0.6061994893753077,0.10791919474409288,0.8039060107565429,ETHUSDT_4h,1
3,18,20.0,62.0,14.0,7.8,2.0,1.0,0.0,4,2.0,4.0,8.4,1,risk_based,I,5.0,130.0,10000.0,35,0.5142857142857142,-457.34398335348124,0.8777962359996099,0.11452656639999996,2.4260973608743104,BTCUSDT_4h,1
3,36,28.0,64.0,20.0,8.2,2.2,1.4,0.1,6,1.6,2.0,8.6,1,risk_based,I,5.0,130.0,10000.0,9,0.2222222222222222,-468.8965467396574,0.6412468163344143,0.0960792032,1.0386928096625045,ETHUSDT_4h,1
4,36,24.0,64.0,22.0,7.4,2.4,1.0,0.1,5,1.4,2.0,8.4,1,risk_based,I,5.0,130.0,10000.0,28,0.4642857142857143,-481.77684484162455,0.7746590886236415,0.1264470111632826,1.9446288703443821,BTCUSDT_4h,1
4,27,22.0,58.0,14.0,8.2,2.6,0.8,0.0,6,1.0,4.0,8.2,1,risk_based,I,5.0,130.0,10000.0,13,0.5384615384615384,-500.297401129179,0.4594025361469592,0.07802367746995442,1.252128946447184,BTCUSDT_15m,1
4,30,16.0,66.0,14.0,7.6,2.8,1.0,0.05,4,2.0,2.5,8.6,1,risk_based,I,5.0,130.0,10000.0,18,0.5555555555555556,-503.1587983195441,0.6763467767162956,0.11353493246907694,1.7022632910391495,SOLUSDT_4h,1
2,27,22.0,60.0,20.0,7.4,2.2,1.2,0.1,4,1.6,4.5,8.2,1,risk_based,I,5.0,130.0,10000.0,26,0.46153846153846156,-527.3020143105168,0.6909367275188534,0.1194936021561155,1.708398326566536,BTCUSDT_15m,1
5,21,20.0,64.0,16.0,7.0,2.4,0.8,0.0,6,2.0,2.0,7.8,1,risk_based,I,5.0,130.0,10000.0,27,0.5555555555555556,-530.3811095817273,0.7508146451696639,0.1377961939118612,1.9311929323553505,BTCUSDT_1h,1
4,30,16.0,66.0,14.0,7.6,2.8,1.0,0.05,4,2.0,2.5,8.6,1,risk_based,I,5.0,130.0,10000.0,24,0.5833333333333334,-530.7520781788226,0.7023322130057151,0.10953030965711799,1.9003214188612538,BTCUSDT_1h,1
2,33,22.0,58.0,14.0,8.2,2.6,1.0,0.0,6,0.8,5.0,8.0,1,risk_based,I,5.0,130.0,10000.0,14,0.5714285714285714,-543.4558408903176,0.4822537218709868,0.08952141414817677,1.289630217549983,BTCUSDT_15m,1
4,27,26.0,64.0,24.0,7.4,2.6,1.4,0.05,2,1.2,4.0,8.8,1,risk_based,I,5.0,130.0,10000.0,16,0.375,-549.426571875787,0.6213884917957471,0.1010920707339377,1.272574199513894,BTCUSDT_4h,1
4,24,18.0,58.0,18.0,8.2,2.0,1.4,0.2,6,1.8,3.5,8.2,1,risk_based,I,5.0,130.0,10000.0,11,0.45454545454545453,-554.4669033770515,0.3509426606864474,0.07647959841762948,0.8197978045611366,BTCUSDT_15m,1
4,24,18.0,58.0,18.0,8.2,2.0,1.4,0.2,6,1.8,3.5,8.2,1,risk_based,I,5.0,130.0,10000.0,2,0.0,-560.1481002911441,0.0,0.05601481002911442,-0.6881925303784874,ETHUSDT_1h,1
4,24,26.0,62.0,18.0,7.6,2.0,0.8,0.05,4,0.8,4.5,8.6,1,risk_based,I,5.0,130.0,10000.0,28,0.5714285714285714,-568.659914710679,0.6208379038892723,0.10806936682808145,1.7659506497264783,BTCUSDT_1h,1
4,27,26.0,64.0,18.0,7.2,1.8,1.2,0.15,2,2.0,2.0,8.4,1,risk_based,I,5.0,130.0,10000.0,18,0.4444444444444444,-574.2085678295807,0.7164755846277777,0.10464659931513852,1.5714694701472256,SOLUSDT_4h,1
4,18,18.0,62.0,16.0,7.4,2.0,0.8,0.0,3,1.4,4.0,7.8,1,risk_based,I,5.0,130.0,10000.0,20,0.55,-578.151442561084,0.8365465700186245,0.11526399999999995,1.9741496974761654,SOLUSDT_4h,1
4,36,30.0,62.0,22.0,7.4,2.8,0.8,0.0,3,2.0,3.0,7.8,1,risk_based,I,5.0,130.0,10000.0,22,0.5,-593.9311392542713,0.7947962510095463,0.17476458935111522,1.6613675947114757,BTCUSDT_4h,1
5,21,20.0,64.0,16.0,7.0,2.4,0.8,0.0,6,2.0,2.0,7.8,1,risk_based,I,5.0,130.0,10000.0,23,0.5652173913043478,-604.0614045318125,0.665048189238298,0.1445047459111333,1.6003468231679054,ETHUSDT_1h,1
3,24,28.0,58.0,22.0,8.0,1.8,1.0,0.0,5,0.8,4.5,8.0,1,risk_based,I,5.0,130.0,10000.0,33,0.5454545454545454,-607.3890120210763,0.8964086923119894,0.20541873833121804,2.0473539757910664,BTCUSDT_4h,1
3,24,28.0,60.0,18.0,8.2,2.8,1.4,0.0,2,1.8,4.0,8.0,1,risk_based,I,5.0,130.0,10000.0,14,0.42857142857142855,-607.5005595236744,0.42336368939810703,0.08596154671736914,0.904199321977575,BTCUSDT_15m,1
5,24,24.0,66.0,24.0,8.2,2.0,1.0,0.1,3,0.8,4.0,8.8,1,risk_based,I,5.0,130.0,10000.0,5,0.2,-608.7318198866469,0.25696210581814466,0.06640775485682952,0.10596912717915388,BTCUSDT_1h,1
4,21,26.0,64.0,24.0,8.2,2.0,1.2,0.05,3,1.8,4.0,8.6,1,risk_based,I,5.0,130.0,10000.0,2,0.0,-609.0592500305684,0.0,0.06090592500305684,-0.7517770250397389,ETHUSDT_1h,1
4,27,22.0,58.0,14.0,8.2,2.6,0.8,0.0,6,1.0,4.0,8.2,1,risk_based,I,5.0,130.0,10000.0,2,0.0,-609.0592500305684,0.0,0.06090592500305684,-0.7517770250397389,ETHUSDT_1h,1
2,27,12.0,64.0,16.0,7.4,2.4,1.2,0.1,3,1.0,2.0,8.8,1,risk_based,I,5.0,130.0,10000.0,26,0.38461538461538464,-613.6349682425935,0.635671628962657,0.1283546821721903,1.3695673200892267,BTCUSDT_1h,1
2,36,20.0,66.0,14.0,7.2,2.4,1.4,0.1,3,1.6,3.5,8.8,1,risk_based,I,5.0,130.0,10000.0,26,0.38461538461538464,-617.7243916131883,0.7289048992865634,0.17035500555402916,1.425943467220928,BTCUSDT_1h,1
5,27,30.0,64.0,18.0,6.8,2.0,1.2,0.1,5,0.8,4.5,8.0,1,risk_based,I,5.0,130.0,10000.0,23,0.4782608695652174,-631.32855546461,0.7622476366825645,0.19312205410274438,1.491191859940112,BTCUSDT_1h,1
2,24,18.0,64.0,24.0,7.4,2.2,1.2,0.15,6,1.6,3.0,8.4,1,risk_based,I,5.0,130.0,10000.0,23,0.4782608695652174,-635.7776018407185,0.6967127325653716,0.1486734857000816,1.489018710537606,SOLUSDT_1h,1
3,21,24.0,64.0,20.0,7.4,2.4,0.8,0.05,5,0.8,3.5,8.2,1,risk_based,I,5.0,130.0,10000.0,29,0.6206896551724138,-638.6766568212406,0.593876548881241,0.13273239898147182,1.6619137267554467,BTCUSDT_1h,1
4,33,24.0,60.0,20.0,7.2,2.6,0.8,0.15,6,1.6,4.5,7.8,1,risk_based,I,5.0,130.0,10000.0,28,0.5,-643.2832447521087,0.8841962096155102,0.21915131399747861,1.7776552324864758,BTCUSDT_4h,1
4,24,18.0,58.0,18.0,8.2,2.0,1.4,0.2,6,1.8,3.5,8.2,1,risk_based,I,5.0,130.0,10000.0,2,0.0,-650.8206675957244,0.0,0.06508206675957244,-0.8060668678744417,BTCUSDT_4h,1
2,33,14.0,58.0,20.0,7.8,1.8,1.0,0.05,3,1.6,3.5,8.0,1,risk_based,I,5.0,130.0,10000.0,30,0.5,-651.7369498992502,0.7971432760809829,0.16615706287890009,1.7940784136260155,BTCUSDT_1h,1
2,36,24.0,60.0,16.0,8.2,1.8,1.0,0.0,5,1.0,5.0,8.4,1,risk_based,I,5.0,130.0,10000.0,18,0.5,-655.839204281614,0.42213704120732265,0.09503179211911568,1.0133395017756843,BTCUSDT_15m,1
3,21,18.0,64.0,18.0,7.6,1.8,1.0,0.1,3,1.2,2.5,8.2,1,risk_based,I,5.0,130.0,10000.0,35,0.5142857142857142,-670.2789254496802,0.715176712595081,0.08718183333267278,1.9699575711710346,BTCUSDT_4h,1
5,27,14.0,66.0,14.0,8.0,2.8,1.2,0.2,4,0.8,2.0,8.0,1,risk_based,I,5.0,130.0,10000.0,20,0.45,-680.1675449801623,0.6130727914448365,0.13955323905524167,1.2023183207437858,BTCUSDT_1h,1
4,27,22.0,58.0,14.0,8.2,2.6,0.8,0.0,6,1.0,4.0,8.2,1,risk_based,I,5.0,130.0,10000.0,2,0.0,-699.262011286939,0.0,0.0699262011286939,-0.8690406146730206,BTCUSDT_4h,1
5,30,12.0,58.0,14.0,7.2,2.6,0.8,0.1,6,1.6,2.5,8.4,1,risk_based,I,5.0,130.0,10000.0,25,0.52,-699.2728109544842,0.6229704109694478,0.10849598945809194,1.5011800426101356,BTCUSDT_1h,1
5,33,16.0,66.0,22.0,7.6,2.4,0.8,0.1,4,1.0,3.5,8.6,1,risk_based,I,5.0,130.0,10000.0,26,0.5384615384615384,-701.657105481625,0.5848995955038,0.11714833921097402,1.4443893755853607,BTCUSDT_1h,1
4,21,26.0,64.0,24.0,8.2,2.0,1.2,0.05,3,1.8,4.0,8.6,1,risk_based,I,5.0,130.0,10000.0,2,0.0,-703.155444378217,0.0,0.0703155444378217,-0.874102077691682,BTCUSDT_4h,1
4,33,24.0,66.0,14.0,8.2,1.8,1.2,0.1,4,0.8,5.0,8.4,1,risk_based,I,5.0,130.0,10000.0,2,0.0,-706.8815495094168,0.0,0.07068815495094168,-0.8789460143622418,ETHUSDT_1h,1
5,33,30.0,66.0,22.0,7.8,2.2,1.0,0.1,3,1.2,3.5,8.0,1,risk_based,I,5.0,130.0,10000.0,27,0.5555555555555556,-709.9464570907348,0.7588529325577287,0.22057898971638853,1.5193557722088902,BTCUSDT_1h,1
3,27,22.0,62.0,14.0,7.6,2.2,1.4,0.2,4,0.8,2.0,8.2,1,risk_based,I,5.0,130.0,10000.0,31,0.3548387096774194,-735.3927017831065,0.5862873221320916,0.09844761818751328,1.2940971524346656,BTCUSDT_4h,1
5,21,26.0,64.0,16.0,7.0,1.8,1.4,0.1,5,1.4,3.5,8.8,1,risk_based,I,5.0,130.0,10000.0,18,0.2777777777777778,-735.7099460075115,0.6140478776358607,0.11270079167110351,0.9309501009175659,BTCUSDT_4h,1
2,30,14.0,60.0,20.0,7.0,2.6,1.0,0.2,6,0.8,4.0,7.8,1,risk_based,I,5.0,130.0,10000.0,25,0.6,-741.2251517558361,0.6858900202475807,0.17519068248115438,1.5049828412958621,SOLUSDT_1h,1
4,24,26.0,62.0,18.0,7.6,2.0,0.8,0.05,4,0.8,4.5,8.6,1,risk_based,I,5.0,130.0,10000.0,28,0.5714285714285714,-746.324071899915,0.5188002684373688,0.09683250367750137,1.4179218110851757,BTCUSDT_4h,1
4,36,26.0,66.0,24.0,8.0,2.6,1.4,0.05,5,1.4,3.0,8.0,1,risk_based,I,5.0,130.0,10000.0,16,0.375,-747.6552011878957,0.7413999848936801,0.1802561757636809,1.0768762413084219,BTCUSDT_4h,1
5,18,26.0,62.0,20.0,7.8,2.2,0.8,0.05,4,1.4,4.5,8.4,1,risk_based,I,5.0,130.0,10000.0,27,0.5555555555555556,-748.2619948004321,0.6013503354867871,0.12064731383396736,1.4658300680045735,BTCUSDT_1h,1
3,18,12.0,62.0,14.0,7.4,2.2,1.4,0.05,6,1.0,4.5,8.6,1,risk_based,I,5.0,130.0,10000.0,14,0.42857142857142855,-764.6171295627246,0.5807792965467466,0.15488521707137468,0.8551429551737877,ETHUSDT_4h,1
3,36,28.0,64.0,20.0,8.2,2.2,1.4,0.1,6,1.6,2.0,8.6,1,risk_based,I,5.0,130.0,10000.0,5,0.2,-769.5234608262126,0.008929806488757675,0.07695234608262126,-0.582520886096561,BTCUSDT_4h,1
4,21,26.0,64.0,24.0,8.2,2.0,1.2,0.05,3,1.8,4.0,8.6,1,risk_based,I,5.0,130.0,10000.0,2,0.0,-784.0,0.0,0.0784,-0.9792000000000001,SOLUSDT_4h,1
5,24,24.0,66.0,24.0,8.2,2.0,1.0,0.1,3,0.8,4.0,8.8,1,risk_based,I,5.0,130.0,10000.0,2,0.0,-784.0,0.0,0.0784,-0.9792000000000001,SOLUSDT_4h,1
2,36,12.0,58.0,16.0,7.4,1.8,1.0,0.05,3,1.4,4.5,7.8,1,risk_based,I,5.0,130.0,10000.0,29,0.4827586206896552,-788.9517232747494,0.7783698109992198,0.1943750387832311,1.4888007134084797,BTCUSDT_1h,1
4,36,30.0,62.0,22.0,7.4,2.8,0.8,0.0,3,2.0,3.0,7.8,1,risk_based,I,5.0,130.0,10000.0,19,0.5789473684210527,-790.5766303257878,0.655458809444089,0.1670279950710001,1.2676780559809686,SOLUSDT_4h,1
2,27,22.0,60.0,20.0,7.4,2.2,1.2,0.1,4,1.6,4.5,8.2,1,risk_based,I,5.0,130.0,10000.0,26,0.38461538461538464,-804.5540745250255,0.7251138557226954,0.14295900308173487,1.3137197045982378,SOLUSDT_4h,1
4,36,12.0,60.0,24.0,8.0,2.2,1.2,0.05,3,2.0,3.0,7.8,1,risk_based,I,5.0,130.0,10000.0,24,0.4166666666666667,-806.3524147909775,0.7964337777845898,0.2414890222609888,1.1670480739952356,BTCUSDT_4h,1
4,21,26.0,64.0,24.0,8.2,2.0,1.2,0.05,3,1.8,4.0,8.6,1,risk_based,I,5.0,130.0,10000.0,4,0.0,-815.8255789015384,0.0,0.08158255789015384,-0.980573252572,BTCUSDT_1h,1
4,18,18.0,62.0,16.0,7.4,2.0,0.8,0.0,3,1.4,4.0,7.8,1,risk_based,I,5.0,130.0,10000.0,28,0.5714285714285714,-820.3496611094652,0.8180050284140279,0.2261220538972818,1.5544370911696026,BTCUSDT_4h,1
5,33,16.0,64.0,16.0,7.6,2.6,1.4,0.15,5,2.0,4.5,8.6,1,risk_based,I,5.0,130.0,10000.0,20,0.35,-829.0020205979017,0.6771409618302022,0.19000857598874235,0.8802541750962757,BTCUSDT_1h,1
3,30,20.0,58.0,14.0,8.0,2.2,1.2,0.15,6,1.6,2.0,8.4,1,risk_based,I,5.0,130.0,10000.0,20,0.4,-843.5810293256636,0.5473443993216032,0.08697534407724704,0.9901817370858018,SOLUSDT_4h,1
2,18,18.0,60.0,22.0,6.8,2.6,1.0,0.2,5,1.0,3.5,8.6,1,risk_based,I,5.0,130.0,10000.0,33,0.5454545454545454,-843.9451014586011,0.49230760216190944,0.0934608087352378,1.3384694948413225,SOLUSDT_4h,1
3,24,14.0,60.0,18.0,7.6,2.0,1.4,0.2,4,1.6,5.0,8.8,1,risk_based,I,5.0,130.0,10000.0,32,0.375,-844.1562528652921,0.7627003491528377,0.12807226785468553,1.4995276418763266,BTCUSDT_4h,1
3,36,14.0,64.0,18.0,8.2,2.8,1.2,0.05,4,1.2,2.5,8.8,1,risk_based,I,5.0,130.0,10000.0,12,0.3333333333333333,-868.4914363584485,0.028817648728918902,0.08803508333268936,-0.33496138889867877,BTCUSDT_15m,1
3,36,28.0,64.0,20.0,8.2,2.2,1.4,0.1,6,1.6,2.0,8.6,1,risk_based,I,5.0,130.0,10000.0,6,0.0,-875.1973408312715,0.0,0.08751973408312715,-1.0177565430806528,BTCUSDT_1h,1
3,24,28.0,60.0,18.0,8.2,2.8,1.4,0.0,2,1.8,4.0,8.0,1,risk_based,I,5.0,130.0,10000.0,5,0.0,-886.4954519227285,0.0,0.08864954519227285,-1.0524440874995469,BTCUSDT_1h,1
2,36,18.0,60.0,18.0,7.0,2.0,1.0,0.05,6,0.8,2.5,7.8,1,risk_based,I,5.0,130.0,10000.0,35,0.5428571428571428,-896.5392317836577,0.7578163204834608,0.1431962278977652,1.7037904397756825,SOLUSDT_4h,1
4,33,30.0,64.0,22.0,8.0,2.2,1.0,0.05,6,1.4,2.0,7.8,1,risk_based,I,5.0,130.0,10000.0,18,0.5,-904.7265256011196,0.4834171661591758,0.09317068791758427,0.8925957429644791,SOLUSDT_4h,1
4,30,16.0,66.0,14.0,7.6,2.8,1.0,0.05,4,2.0,2.5,8.6,1,risk_based,I,5.0,130.0,10000.0,23,0.43478260869565216,-930.2297588092879,0.6262032791669903,0.17085268130547773,0.9217926686517377,BTCUSDT_4h,1
3,36,14.0,64.0,18.0,8.2,2.8,1.2,0.05,4,1.2,2.5,8.8,1,risk_based,I,5.0,130.0,10000.0,4,0.0,-963.12109375,0.0,0.096312109375,-1.172057421875,BTCUSDT_4h,1
4,33,30.0,64.0,22.0,8.0,2.2,1.0,0.05,6,1.4,2.0,7.8,1,risk_based,I,5.0,130.0,10000.0,29,0.4482758620689655,-974.9544436949564,0.6823944836023274,0.19111919987522377,1.0688907169874753,BTCUSDT_4h,1
5,21,26.0,64.0,16.0,7.0,1.8,1.4,0.1,5,1.4,3.5,8.8,1,risk_based,I,5.0,130.0,10000.0,24,0.4166666666666667,-975.5131314695063,0.5452536228140932,0.1697944511111606,0.7106107608251983,BTCUSDT_1h,1
4,24,18.0,58.0,18.0,8.2,2.0,1.4,0.2,6,1.8,3.5,8.2,1,risk_based,I,5.0,130.0,10000.0,5,0.0,-976.2951042071145,0.0,0.09762951042071145,-1.1691836354692489,BTCUSDT_1h,1
3,36,14.0,64.0,18.0,8.2,2.8,1.2,0.05,4,1.2,2.5,8.8,1,risk_based,I,5.0,130.0,10000.0,6,0.0,-995.1925996046921,0.0,0.0995192599604692,-1.1737503794860995,BTCUSDT_1h,1
4,24,18.0,58.0,18.0,8.2,2.0,1.4,0.2,6,1.8,3.5,8.2,1,risk_based,I,5.0,130.0,10000.0,3,0.0,-1013.6787499999991,0.0,0.10136787499999991,-1.2577823749999988,SOLUSDT_4h,1
4,27,22.0,58.0,14.0,8.2,2.6,0.8,0.0,6,1.0,4.0,8.2,1,risk_based,I,5.0,130.0,10000.0,5,0.0,-1023.0500518537083,0.0,0.10230500518537083,-1.2299650674098206,BTCUSDT_1h,1
2,36,12.0,58.0,16.0,7.4,1.8,1.0,0.05,3,1.4,4.5,7.8,1,risk_based,I,5.0,130.0,10000.0,37,0.4864864864864865,-1028.915504931556,0.8408586365991829,0.25219621034867656,1.36594286695051,BTCUSDT_4h,1
3,33,22.0,58.0,16.0,6.8,2.2,1.4,0.1,2,1.0,4.0,8.8,1,risk_based,I,5.0,130.0,10000.0,30,0.36666666666666664,-1044.596909583821,0.5464567415925371,0.1341517548795617,0.7958613089625681,BTCUSDT_4h,1
4,30,14.0,60.0,16.0,7.4,2.4,1.0,0.05,2,1.4,3.5,8.2,1,risk_based,I,5.0,130.0,10000.0,30,0.43333333333333335,-1060.051093970038,0.6017924315244576,0.17920537902444625,0.8559176320055384,BTCUSDT_4h,1
3,24,28.0,60.0,18.0,8.2,2.8,1.4,0.0,2,1.8,4.0,8.0,1,risk_based,I,5.0,130.0,10000.0,4,0.25,-1071.2915308354623,0.0,0.10712915308354623,-0.937678990086101,BTCUSDT_4h,1
4,33,24.0,66.0,14.0,8.2,1.8,1.2,0.1,4,0.8,5.0,8.4,1,risk_based,I,5.0,130.0,10000.0,3,0.0,-1086.7904115722522,0.0,0.10867904115722522,-1.3528275350439278,BTCUSDT_4h,1
2,18,20.0,60.0,16.0,7.2,2.8,0.8,0.2,2,1.6,3.5,7.8,1,risk_based,I,5.0,130.0,10000.0,26,0.6538461538461539,-1101.6122915029227,0.5394812941466003,0.17144569927150763,0.9637824297449858,ETHUSDT_1h,1
3,24,28.0,60.0,18.0,8.2,2.8,1.4,0.0,2,1.8,4.0,8.0,1,risk_based,I,5.0,130.0,10000.0,4,0.25,-1152.6399999999994,0.0,0.11526399999999994,-1.0434319999999992,SOLUSDT_4h,1
4,27,22.0,58.0,14.0,8.2,2.6,0.8,0.0,6,1.0,4.0,8.2,1,risk_based,I,5.0,130.0,10000.0,3,0.0,-1152.6399999999994,0.0,0.11526399999999994,-1.4384319999999993,SOLUSDT_4h,1
2,30,22.0,64.0,14.0,7.0,2.2,1.2,0.05,2,1.0,4.0,7.8,1,risk_based,I,5.0,130.0,10000.0,31,0.4838709677419355,-1167.5373891797135,0.7631389980025804,0.21880052156700244,1.0481454937373433,BTCUSDT_4h,1
3,21,24.0,64.0,20.0,7.4,2.4,0.8,0.05,5,0.8,3.5,8.2,1,risk_based,I,5.0,130.0,10000.0,36,0.5,-1185.9932482580916,0.4360521314145249,0.11884919262949344,0.7995634366824778,BTCUSDT_4h,1
3,18,12.0,62.0,14.0,7.4,2.2,1.4,0.05,6,1.0,4.5,8.6,1,risk_based,I,5.0,130.0,10000.0,31,0.3548387096774194,-1191.1233945914173,0.5099493891678308,0.14821428711051093,0.5363905869288406,BTCUSDT_4h,1
2,33,28.0,62.0,24.0,7.0,2.0,1.2,0.0,2,1.8,4.0,8.0,1,risk_based,I,5.0,130.0,10000.0,18,0.4444444444444444,-1192.8283774853844,0.5742083589045719,0.20179401537082453,0.3768729608779523,SOLUSDT_1h,1
2,33,22.0,58.0,14.0,8.2,2.6,1.0,0.0,6,0.8,5.0,8.0,1,risk_based,I,5.0,130.0,10000.0,6,0.0,-1199.9918375800771,0.0,0.11999918375800771,-1.4399893888541002,BTCUSDT_1h,1
2,18,20.0,60.0,16.0,7.2,2.8,0.8,0.2,2,1.6,3.5,7.8,1,risk_based,I,5.0,130.0,10000.0,26,0.5769230769230769,-1200.4988031988341,0.5992831289595987,0.2576395574540214,0.6105333977429143,SOLUSDT_1h,1
2,33,22.0,58.0,14.0,8.2,2.6,1.0,0.0,6,0.8,5.0,8.0,1,risk_based,I,5.0,130.0,10000.0,8,0.375,-1211.887363611184,0.4919003902666878,0.138272484358707,0.07959596384607057,ETHUSDT_4h,1
2,36,24.0,60.0,16.0,8.2,1.8,1.0,0.0,5,1.0,5.0,8.4,1,risk_based,I,5.0,130.0,10000.0,7,0.0,-1239.6143880942473,0.0,0.12396143880942473,-1.4714987045225212,BTCUSDT_1h,1
2,33,22.0,58.0,14.0,8.2,2.6,1.0,0.0,6,0.8,5.0,8.0,1,risk_based,I,5.0,130.0,10000.0,8,0.375,-1255.9360065412257,0.26096243091224763,0.13790409258312647,-0.4252234224661099,SOLUSDT_1h,1
2,18,20.0,60.0,16.0,7.2,2.8,0.8,0.2,2,1.6,3.5,7.8,1,risk_based,I,5.0,130.0,10000.0,35,0.5714285714285714,-1258.0460912371236,0.705959104222492,0.19868393495052386,1.1149631694991458,BTCUSDT_4h,1
4,30,24.0,62.0,14.0,7.8,1.8,1.4,0.15,2,1.4,3.0,8.8,1,risk_based,I,5.0,130.0,10000.0,25,0.28,-1272.9870130016916,0.5207947073734329,0.15788478847455506,0.2149480363215091,BTCUSDT_4h,1
2,33,22.0,58.0,14.0,8.2,2.6,1.0,0.0,6,0.8,5.0,8.0,1,risk_based,I,5.0,130.0,10000.0,4,0.0,-1336.6491951135704,0.0,0.13366491951135703,-1.6576439536476415,BTCUSDT_4h,1
2,36,24.0,60.0,16.0,8.2,1.8,1.0,0.0,5,1.0,5.0,8.4,1,risk_based,I,5.0,130.0,10000.0,4,0.0,-1336.6491951135704,0.0,0.13366491951135703,-1.6576439536476415,BTCUSDT_4h,1
4,33,24.0,66.0,14.0,8.2,1.8,1.2,0.1,4,0.8,5.0,8.4,1,risk_based,I,5.0,130.0,10000.0,6,0.0,-1364.441090006614,0.0,0.13644410900066142,-1.6537734170085985,BTCUSDT_1h,1
3,24,12.0,64.0,14.0,7.4,2.2,1.4,0.0,4,1.6,3.0,8.8,1,risk_based,I,5.0,130.0,10000.0,31,0.3548387096774194,-1369.2767602105923,0.5750100043080618,0.1815284927434133,0.3884158346914204,BTCUSDT_4h,1
2,36,24.0,60.0,16.0,8.2,1.8,1.0,0.0,5,1.0,5.0,8.4,1,risk_based,I,5.0,130.0,10000.0,8,0.375,-1387.5699143812162,0.18118049642874776,0.13875699143812162,-0.7189798958380854,SOLUSDT_1h,1
2,30,22.0,64.0,14.0,7.0,2.2,1.2,0.05,2,1.0,4.0,7.8,1,risk_based,I,5.0,130.0,10000.0,34,0.47058823529411764,-1394.3522104286476,0.7784856629782168,0.2393810682577674,0.8303582636956601,SOLUSDT_4h,1
2,33,22.0,58.0,14.0,8.2,2.6,1.0,0.0,6,0.8,5.0,8.0,1,risk_based,I,5.0,130.0,10000.0,6,0.5,-1426.25,0.0,0.142625,-0.984125,SOLUSDT_4h,1
2,21,20.0,66.0,24.0,7.6,2.4,0.8,0.15,4,1.8,3.5,8.2,1,risk_based,I,5.0,130.0,10000.0,29,0.5172413793103449,-1490.5581863078532,0.4653730377720365,0.22170305466021195,0.13094079422110116,SOLUSDT_1h,1
2,36,24.0,60.0,16.0,8.2,1.8,1.0,0.0,5,1.0,5.0,8.4,1,risk_based,I,5.0,130.0,10000.0,8,0.375,-1522.970996757691,0.3478257523068517,0.1522970996757691,-0.5617107911712949,ETHUSDT_4h,1
4,36,24.0,62.0,20.0,7.6,1.8,1.4,0.0,6,0.8,3.0,8.0,1,risk_based,I,5.0,130.0,10000.0,24,0.2916666666666667,-1624.3582175505471,0.6195078058137075,0.2227421110193848,-0.13606893898128658,BTCUSDT_4h,1
2,18,20.0,60.0,16.0,7.2,2.8,0.8,0.2,2,1.6,3.5,7.8,1,risk_based,I,5.0,130.0,10000.0,31,0.4838709677419355,-1685.2777792811867,0.6571449266503915,0.24384367139408528,0.24328751145024374,SOLUSDT_4h,1
2,33,28.0,60.0,18.0,6.8,1.8,1.2,0.05,5,0.8,5.0,7.8,1,risk_based,I,5.0,130.0,10000.0,35,0.5142857142857142,-1725.2195390887264,0.7821730208565989,0.2519479176259815,0.5547113211750982,SOLUSDT_4h,1
3,18,22.0,58.0,22.0,7.4,2.6,1.0,0.0,2,1.8,4.5,7.8,1,risk_based,I,5.0,130.0,10000.0,23,0.4782608695652174,-1966.8402548189124,0.584311703332266,0.2808272385692849,-0.4633072595144087,SOLUSDT_4h,1
4,33,24.0,60.0,20.0,7.2,2.6,0.8,0.15,6,1.6,4.5,7.8,1,risk_based,I,5.0,130.0,10000.0,18,0.4444444444444444,-2088.7940729452966,0.5080042582201099,0.225084155109264,-0.7213713551662021,SOLUSDT_4h,1
3,24,28.0,58.0,22.0,8.0,1.8,1.0,0.0,5,0.8,4.5,8.0,1,risk_based,I,5.0,130.0,10000.0,30,0.4666666666666667,-2882.702698255376,0.5353766366745626,0.30071597855868326,-1.4140973605823008,SOLUSDT_4h,1
2,33,14.0,58.0,20.0,7.8,1.8,1.0,0.05,3,1.6,3.5,8.0,1,risk_based,I,5.0,130.0,10000.0,37,0.40540540540540543,-2976.639662200949,0.5230554473011415,0.3339022426635028,-1.5841273874810662,SOLUSDT_4h,1
2,30,14.0,60.0,20.0,7.0,2.6,1.0,0.2,6,0.8,4.0,7.8,1,risk_based,I,5.0,130.0,10000.0,35,0.5428571428571428,-3371.4858167835155,0.3615542499884802,0.3413678097594189,-2.1581950317990977,SOLUSDT_4h,1
2,30,18.0,58.0,16.0,8.0,2.4,1.0,0.15,5,1.4,5.0,7.8,1,risk_based,I,5.0,130.0,10000.0,31,0.41935483870967744,-2899.1005232468888,0.6013044039169543,0.36750326266916256,-1.5499692453559515,SOLUSDT_4h,0
2,36,12.0,58.0,16.0,7.4,1.8,1.0,0.05,3,1.4,4.5,7.8,1,risk_based,I,5.0,130.0,10000.0,38,0.42105263157894735,-3803.465104832301,0.5064436333946843,0.38272366671677394,-2.5471698908248337,SOLUSDT_4h,0
