structure_swing_len,retest_window_bars,retest_bps,chop_ci_max,chop_adx_min,trigger_score,rr_target,be_trigger_r,be_offset_pct,cooldown_bars,risk_pct_low_conf,risk_pct_high_conf,high_conf_score_threshold,be_enabled,sizing_mode,profile,profile_risk_cap_pct,max_notional_pct,initial_equity,trades,win_rate,net_pnl,pf,max_dd,score,dataset
2,16,20.0,56.0,24.0,7.0,2.2,1.2,0.05,3,0.6,1.2,8.0,1,risk_based,C,1.0,100.0,10000.0,15,0.8666666666666667,1466.4901550619743,10.125047953494361,0.01,23.286586062050695,ETHUSDT_4h
2,28,20.0,66.0,22.0,7.8,2.0,1.0,0.0,4,1.0,1.2,8.4,1,risk_based,C,1.0,100.0,10000.0,17,0.8823529411764706,1713.1022650672676,9.269433206964397,0.01,21.885498090760766,ETHUSDT_4h
2,16,20.0,56.0,20.0,7.2,2.2,1.0,0.0,3,1.0,0.8,8.0,1,risk_based,C,1.0,100.0,10000.0,16,0.875,1314.6241145185068,8.891191388764252,0.008,20.70550689204701,ETHUSDT_4h
2,24,12.0,56.0,24.0,7.0,2.2,1.0,0.1,3,0.8,0.8,8.2,1,risk_based,C,1.0,100.0,10000.0,15,0.8666666666666667,1129.2845955149878,8.02446889380738,0.00800000000000005,18.75422238312975,ETHUSDT_4h
4,22,18.0,56.0,22.0,6.8,2.0,1.0,0.05,2,0.8,1.0,7.8,1,risk_based,C,1.0,100.0,10000.0,18,0.8888888888888888,1184.9487869325294,6.836495553603651,0.019900000000000036,16.491573227473165,SOLUSDT_1h
2,18,22.0,56.0,22.0,7.0,2.0,1.0,0.05,4,0.6,0.8,7.8,1,risk_based,C,1.0,100.0,10000.0,18,0.8333333333333334,1113.4288634204859,5.958291472704158,0.008,14.616011808828802,ETHUSDT_4h
2,22,12.0,60.0,16.0,7.6,2.0,1.2,0.0,2,0.4,0.6,8.0,1,risk_based,C,1.0,100.0,10000.0,17,0.8235294117647058,934.1182336114816,6.015797008732496,0.006000000000000031,14.523006368723532,ETHUSDT_4h
2,16,18.0,60.0,16.0,7.2,2.0,1.2,0.0,2,0.8,1.2,8.6,1,risk_based,C,1.0,100.0,10000.0,17,0.8235294117647058,1283.9452094903663,5.715915985179759,0.009880100529862629,14.261430995907354,ETHUSDT_4h
2,18,16.0,66.0,20.0,7.0,1.8,1.0,0.0,2,1.0,0.8,8.2,1,risk_based,C,1.0,100.0,10000.0,21,0.8095238095238095,1644.0353011819916,4.959464605726106,0.010000000000000023,13.167250226919919,ETHUSDT_4h
2,30,22.0,64.0,16.0,6.8,1.8,1.2,0.0,2,0.8,0.8,8.4,1,risk_based,C,1.0,100.0,10000.0,19,0.7894736842105263,1333.0899182287794,5.037500368091838,0.008000000000000024,12.948301180728246,ETHUSDT_4h
2,18,16.0,58.0,24.0,7.6,1.8,1.2,0.0,5,0.6,1.2,8.6,1,risk_based,C,1.0,100.0,10000.0,16,0.8125,778.6299963668407,5.162262103366457,0.006000000000000052,12.623904203099753,ETHUSDT_4h
2,16,16.0,66.0,18.0,7.2,1.8,1.2,0.05,2,0.6,0.6,8.4,1,risk_based,C,1.0,100.0,10000.0,19,0.7894736842105263,988.765933137769,4.9592448565033935,0.011963999999999973,12.435574172460345,ETHUSDT_4h
2,18,10.0,56.0,18.0,7.0,1.8,1.2,0.0,3,0.6,1.2,7.8,1,risk_based,C,1.0,100.0,10000.0,19,0.7368421052631579,1481.1020690817022,4.719372178750657,0.011964000000000103,12.369217584477752,ETHUSDT_4h
2,26,20.0,64.0,20.0,8.0,1.8,1.2,0.05,2,1.0,0.6,8.6,1,risk_based,C,1.0,100.0,10000.0,20,0.75,1584.7424440052819,4.5997753352346,0.015939999999999982,12.261473114474484,ETHUSDT_4h
2,28,20.0,56.0,18.0,7.0,2.0,1.2,0.05,3,1.0,0.8,8.2,1,risk_based,C,1.0,100.0,10000.0,18,0.7777777777777778,1457.947444961912,4.501202642113321,0.010000000000000073,11.95701939585522,ETHUSDT_4h
4,22,22.0,58.0,22.0,6.8,2.2,1.2,0.05,5,1.0,0.8,8.4,1,risk_based,C,1.0,100.0,10000.0,18,0.7222222222222222,1372.863700337568,4.375736598703429,0.017919999999999946,11.513910231077759,SOLUSDT_15m
3,20,18.0,56.0,16.0,7.6,2.4,1.0,0.1,4,1.0,0.6,8.4,1,risk_based,C,1.0,100.0,10000.0,15,0.8,898.4332547494669,4.400110349533268,0.025017641769081136,11.123601028508759,ETHUSDT_1h
3,24,24.0,58.0,22.0,7.6,2.4,1.0,0.05,5,1.0,1.0,8.0,1,risk_based,C,1.0,100.0,10000.0,14,0.7857142857142857,939.3013388585314,4.01409501329429,0.029613287394108356,10.337222931836214,ETHUSDT_1h
3,28,16.0,56.0,16.0,7.8,2.4,1.0,0.05,5,1.0,0.6,7.8,1,risk_based,C,1.0,100.0,10000.0,15,0.8,562.6150026702708,4.119702262824846,0.01739900406085218,10.249822516137407,ETHUSDT_1h
4,22,10.0,64.0,16.0,7.4,2.2,1.0,0.0,4,0.6,1.0,8.4,1,risk_based,C,1.0,100.0,10000.0,24,0.7916666666666666,860.7728686025039,3.7919319118957344,0.017892216000000093,10.058460044393973,ETHUSDT_15m
3,26,14.0,60.0,20.0,7.0,2.2,1.2,0.1,2,0.6,0.8,8.0,1,risk_based,C,1.0,100.0,10000.0,16,0.6875,1012.3906253346722,3.747238265573759,0.01593599999999987,9.810309156482191,SOLUSDT_15m
4,28,16.0,64.0,18.0,7.8,2.2,1.0,0.1,4,1.0,1.2,7.8,1,risk_based,C,1.0,100.0,10000.0,25,0.76,1318.2794198195807,3.433081877678754,0.02981437711527296,9.73500004383127,ETHUSDT_15m
3,26,14.0,60.0,20.0,7.0,2.2,1.2,0.1,2,0.6,0.8,8.0,1,risk_based,C,1.0,100.0,10000.0,27,0.7407407407407407,1239.6109161348486,3.371130046886343,0.01593599999999992,9.585174121018646,ETHUSDT_15m
3,30,10.0,60.0,20.0,8.0,2.4,1.0,0.1,3,1.0,0.8,8.2,1,risk_based,C,1.0,100.0,10000.0,24,0.7916666666666666,1228.5600834055713,3.358354811931417,0.01739643513353715,9.560580401867794,ETHUSDT_15m
3,30,24.0,58.0,22.0,6.8,2.0,1.0,0.0,5,0.8,1.2,8.2,1,risk_based,C,1.0,100.0,10000.0,27,0.7407407407407407,1126.0206946324379,3.331989437670098,0.020486602129649166,9.379650874694796,ETHUSDT_15m
2,20,24.0,66.0,20.0,7.6,2.2,1.0,0.05,5,0.6,1.2,8.6,1,risk_based,C,1.0,100.0,10000.0,16,0.8125,683.9273877201613,3.585158706730758,0.010000000000000031,9.36299480118168,ETHUSDT_4h
3,20,24.0,58.0,20.0,8.0,2.2,1.0,0.05,4,0.4,0.8,7.8,1,risk_based,C,1.0,100.0,10000.0,26,0.6923076923076923,1169.9386014463525,3.311754311240339,0.021798145917540954,9.286514324635945,ETHUSDT_15m
3,30,24.0,58.0,22.0,6.8,2.0,1.0,0.0,5,0.8,1.2,8.2,1,risk_based,C,1.0,100.0,10000.0,18,0.7777777777777778,821.8782648559645,3.4778971438173527,0.015936000000000044,9.256531219157337,SOLUSDT_1h
3,24,20.0,64.0,22.0,7.8,1.8,1.0,0.1,5,0.8,1.2,8.6,1,risk_based,C,1.0,100.0,10000.0,29,0.7586206896551724,1019.1652781505654,3.183914989033576,0.010693509449491968,9.072845762352,ETHUSDT_15m
4,30,18.0,56.0,16.0,7.8,2.4,1.0,0.0,2,0.8,0.8,8.2,1,risk_based,C,1.0,100.0,10000.0,16,0.6875,974.2352491007332,3.4282481681291497,0.03936509955276806,9.063886286700729,SOLUSDT_1h
3,16,14.0,60.0,16.0,6.8,2.2,1.2,0.0,5,0.4,0.6,8.6,1,risk_based,C,1.0,100.0,10000.0,13,0.7692307692307693,322.939524541991,3.6627589100246896,0.00798400000000016,9.038351498437523,SOLUSDT_1h
3,22,22.0,66.0,18.0,7.2,2.2,1.0,0.1,4,1.0,1.0,8.2,1,risk_based,C,1.0,100.0,10000.0,29,0.7241379310344828,1256.7608825226398,3.086494554985449,0.02242139482731445,9.028692704563317,ETHUSDT_15m
3,16,14.0,66.0,22.0,7.2,2.2,0.8,0.0,4,0.4,0.6,8.4,1,risk_based,C,1.0,100.0,10000.0,28,0.8571428571428571,431.8708451834045,3.3457747491327345,0.009976000000000006,8.93920662916316,ETHUSDT_15m
4,30,14.0,56.0,24.0,6.8,2.0,0.8,0.1,2,0.6,1.2,7.8,1,risk_based,C,1.0,100.0,10000.0,19,0.8421052631578947,627.8943700758118,3.356943792486012,0.019899999999999994,8.92523984978468,SOLUSDT_1h
4,22,24.0,66.0,20.0,8.0,2.2,0.8,0.1,2,0.6,1.0,7.8,1,risk_based,C,1.0,100.0,10000.0,18,0.7777777777777778,959.0014857713013,3.217399696303502,0.019163687212584414,8.862976483407218,ETHUSDT_4h
4,22,22.0,58.0,22.0,6.8,2.2,1.2,0.05,5,1.0,0.8,8.4,1,risk_based,C,1.0,100.0,10000.0,25,0.64,1553.6095309824923,2.9348903677906635,0.035747421347156604,8.77614800252235,ETHUSDT_15m
4,18,22.0,62.0,24.0,7.4,2.2,1.2,0.0,2,0.8,1.0,7.8,1,risk_based,C,1.0,100.0,10000.0,18,0.6111111111111112,1261.7635194575341,3.147374646337639,0.02046565260408133,8.771782520987234,SOLUSDT_15m
2,30,18.0,66.0,24.0,8.0,2.2,0.8,0.0,4,0.6,1.0,8.0,1,risk_based,C,1.0,100.0,10000.0,23,0.782608695652174,1074.7069623220195,3.08108505017888,0.03940399000000016,8.752578136158041,ETHUSDT_4h
2,20,20.0,56.0,22.0,6.8,2.4,0.8,0.1,3,1.0,0.8,7.8,1,risk_based,C,1.0,100.0,10000.0,22,0.7727272727272727,953.7531022279945,3.112912329563455,0.015727568156081468,8.731485965977567,ETHUSDT_4h
3,26,20.0,62.0,20.0,8.0,2.4,1.0,0.0,5,0.4,0.6,8.2,1,risk_based,C,1.0,100.0,10000.0,25,0.76,533.0539930707364,3.244287738995135,0.007984000000000005,8.637677471061007,ETHUSDT_15m
2,28,22.0,60.0,24.0,7.4,2.4,0.8,0.0,5,1.0,0.6,8.6,1,risk_based,C,1.0,100.0,10000.0,35,0.7428571428571429,1223.8674109759013,2.774894663428866,0.015939999999999902,8.540122452119347,ETHUSDT_15m
3,30,10.0,60.0,20.0,8.0,2.4,1.0,0.1,3,1.0,0.8,8.2,1,risk_based,C,1.0,100.0,10000.0,14,0.7142857142857143,822.8610589723103,3.199168027978213,0.03566666433166151,8.465625693362323,ETHUSDT_1h
3,20,18.0,56.0,16.0,7.6,2.4,1.0,0.1,4,1.0,0.6,8.4,1,risk_based,C,1.0,100.0,10000.0,23,0.6956521739130435,1022.5987106844168,3.0034670368792042,0.02818234504446417,8.448464010178997,ETHUSDT_15m
3,28,14.0,62.0,16.0,7.8,2.2,1.2,0.0,2,0.8,0.8,8.0,1,risk_based,C,1.0,100.0,10000.0,27,0.7407407407407407,1004.4959746653494,2.904462820559393,0.01903011702111459,8.407442375831904,ETHUSDT_15m
3,28,14.0,62.0,16.0,7.8,2.2,1.2,0.0,2,0.8,0.8,8.0,1,risk_based,C,1.0,100.0,10000.0,16,0.625,919.6400687104287,3.1412265307175993,0.019472651177112776,8.40117517661429,SOLUSDT_15m
3,28,20.0,58.0,18.0,7.6,2.4,0.8,0.0,2,0.6,0.8,8.4,1,risk_based,C,1.0,100.0,10000.0,20,0.8,530.6299446155244,3.1578559532150643,0.023784862704000063,8.374987262933653,ETHUSDT_1h
3,30,10.0,62.0,20.0,7.8,2.4,1.2,0.0,5,0.6,0.6,8.4,1,risk_based,C,1.0,100.0,10000.0,24,0.75,745.4340363657102,3.0065161318984885,0.011964000000000113,8.327574300162686,ETHUSDT_15m
3,26,16.0,66.0,16.0,6.8,2.0,1.0,0.0,3,0.4,1.2,8.2,1,risk_based,C,1.0,100.0,10000.0,27,0.7777777777777778,487.58737963287604,3.078121215681757,0.011103119885310498,8.317187118007125,ETHUSDT_15m
2,28,22.0,60.0,24.0,7.4,2.4,0.8,0.0,5,1.0,0.6,8.6,1,risk_based,C,1.0,100.0,10000.0,24,0.7083333333333334,1137.80546268535,2.8719622074756406,0.03743616090159987,8.311921394931831,ETHUSDT_4h
3,16,14.0,60.0,16.0,6.8,2.2,1.2,0.0,5,0.4,0.6,8.6,1,risk_based,C,1.0,100.0,10000.0,16,0.6875,549.532345314763,3.2112822300130874,0.00997600000000012,8.293418805340938,SOLUSDT_15m
3,28,20.0,58.0,18.0,7.6,2.4,0.8,0.0,2,0.6,0.8,8.4,1,risk_based,C,1.0,100.0,10000.0,25,0.8,548.1233187156031,3.035350995747383,0.009335920957527102,8.290817547337788,ETHUSDT_15m
3,26,20.0,62.0,20.0,8.0,2.4,1.0,0.0,5,0.4,0.6,8.2,1,risk_based,C,1.0,100.0,10000.0,15,0.7333333333333333,371.5570799136967,3.2811487612436574,0.01590425574400014,8.286141835169012,ETHUSDT_1h
3,20,24.0,62.0,20.0,8.0,2.0,1.2,0.05,5,0.6,1.0,8.4,1,risk_based,C,1.0,100.0,10000.0,29,0.7241379310344828,801.7473414169181,2.919634903808545,0.012725464326378758,8.269047652606595,ETHUSDT_15m
4,22,22.0,60.0,20.0,8.0,1.8,1.0,0.05,5,0.8,0.6,7.8,1,risk_based,C,1.0,100.0,10000.0,27,0.7407407407407407,754.2627958764606,2.943091916288474,0.013784045472711415,8.250205603146386,ETHUSDT_15m
4,30,18.0,60.0,20.0,7.0,1.8,1.2,0.0,4,0.4,0.8,8.0,1,risk_based,C,1.0,100.0,10000.0,20,0.75,737.0859071796967,3.01305127855729,0.015936000000000113,8.240380464294276,SOLUSDT_1h
3,28,18.0,66.0,24.0,7.0,2.2,0.8,0.0,2,0.8,1.2,8.2,1,risk_based,C,1.0,100.0,10000.0,26,0.8076923076923077,808.7179712407924,2.8717117668651975,0.01792000000000008,8.229919966509648,ETHUSDT_15m
4,22,12.0,62.0,18.0,8.0,2.4,1.2,0.1,4,1.0,1.2,8.6,1,risk_based,C,1.0,100.0,10000.0,15,0.6666666666666666,861.1061968671875,3.043396153962645,0.01989999999999997,8.188198504792478,SOLUSDT_15m
2,18,10.0,56.0,18.0,7.0,1.8,1.2,0.0,3,0.6,1.2,7.8,1,risk_based,C,1.0,100.0,10000.0,24,0.625,1337.6197010904598,2.752478644059141,0.029119390936681287,8.172718816398698,SOLUSDT_15m
2,22,14.0,60.0,18.0,6.8,1.8,0.8,0.05,4,1.0,0.6,8.4,1,risk_based,C,1.0,100.0,10000.0,24,0.7916666666666666,908.2479071693415,2.7824315341251555,0.019899999999999977,8.080910975419652,ETHUSDT_4h
4,22,12.0,62.0,18.0,8.0,2.4,1.2,0.1,4,1.0,1.2,8.6,1,risk_based,C,1.0,100.0,10000.0,15,0.6666666666666666,974.1144796777662,2.9408911283145875,0.029482440567762475,8.067449414603654,SOLUSDT_1h
4,22,24.0,66.0,20.0,8.0,2.2,0.8,0.1,2,0.6,1.0,7.8,1,risk_based,C,1.0,100.0,10000.0,27,0.7037037037037037,1128.3124497116605,2.708568262844927,0.029814377115273044,8.051561399611252,ETHUSDT_15m
3,24,24.0,58.0,22.0,7.6,2.4,1.0,0.05,5,1.0,1.0,8.0,1,risk_based,C,1.0,100.0,10000.0,15,0.7333333333333333,820.8395063193202,2.9267107587698655,0.019795181124376476,8.014875480485921,ETHUSDT_4h
3,24,24.0,58.0,22.0,7.6,2.4,1.0,0.05,5,1.0,1.0,8.0,1,risk_based,C,1.0,100.0,10000.0,24,0.6666666666666666,1063.6823253664388,2.743044172569896,0.025696044109686345,7.9526825381771715,ETHUSDT_15m
3,16,14.0,60.0,16.0,6.8,2.2,1.2,0.0,5,0.4,0.6,8.6,1,risk_based,C,1.0,100.0,10000.0,27,0.7407407407407407,519.5293437219807,2.8801187989840207,0.011103119885310283,7.897568693145202,ETHUSDT_15m
3,16,12.0,58.0,24.0,7.6,1.8,1.2,0.05,2,0.6,1.2,8.6,1,risk_based,C,1.0,100.0,10000.0,15,0.7333333333333333,494.1796179237408,3.012943301649522,0.011963999999999992,7.884174221222785,ETHUSDT_1h
3,30,16.0,64.0,22.0,8.0,2.0,1.2,0.0,4,0.8,0.6,8.0,1,risk_based,C,1.0,100.0,10000.0,27,0.7407407407407407,744.8036591484652,2.7329095900328477,0.017892216000000082,7.80805730232527,ETHUSDT_15m
4,22,12.0,62.0,18.0,8.0,2.4,1.2,0.1,4,1.0,1.2,8.6,1,risk_based,C,1.0,100.0,10000.0,24,0.75,1014.3953698501864,2.620465566646121,0.02775943170100016,7.777048208039428,ETHUSDT_15m
3,20,10.0,64.0,20.0,7.4,1.8,0.8,0.05,4,0.6,0.6,8.0,1,risk_based,C,1.0,100.0,10000.0,30,0.8333333333333334,523.0730132943918,2.7049621367489873,0.011469981999999967,7.7485873407923656,ETHUSDT_15m
4,18,10.0,66.0,20.0,7.0,2.0,0.8,0.1,2,0.4,1.2,7.8,1,risk_based,C,1.0,100.0,10000.0,23,0.8260869565217391,599.0993342084694,2.747814854051343,0.019899999999999984,7.734159477093764,SOLUSDT_1h
4,28,16.0,64.0,18.0,7.8,2.2,1.0,0.1,4,1.0,1.2,7.8,1,risk_based,C,1.0,100.0,10000.0,23,0.6956521739130435,1121.5829210050706,2.604713143332115,0.03744755600194786,7.722144800533022,SOLUSDT_1h
2,28,24.0,62.0,18.0,7.0,1.8,0.8,0.05,3,0.6,1.2,7.8,1,risk_based,C,1.0,100.0,10000.0,25,0.76,917.9144653899912,2.5932562644187835,0.019900000000000015,7.684726994227558,ETHUSDT_4h
4,30,18.0,56.0,16.0,7.8,2.4,1.0,0.0,2,0.8,0.8,8.2,1,risk_based,C,1.0,100.0,10000.0,23,0.7391304347826086,782.2094450679742,2.707779946073351,0.028322709312611972,7.6814968614507535,ETHUSDT_15m
3,20,18.0,56.0,16.0,7.6,2.4,1.0,0.1,4,1.0,0.6,8.4,1,risk_based,C,1.0,100.0,10000.0,18,0.6666666666666666,951.041598633501,2.6882411883286483,0.025572220075260443,7.610807315065017,ETHUSDT_4h
3,28,18.0,66.0,24.0,7.0,2.2,0.8,0.0,2,0.8,1.2,8.2,1,risk_based,C,1.0,100.0,10000.0,22,0.7272727272727273,795.7581929815569,2.6692303656076932,0.02577664000000006,7.587798095106034,BTCUSDT_15m
4,26,24.0,66.0,22.0,8.0,1.8,0.8,0.05,3,0.8,1.2,8.4,1,risk_based,C,1.0,100.0,10000.0,16,0.75,592.4042995845866,2.7674454554578807,0.015936000000000033,7.524487210500348,ETHUSDT_4h
2,24,24.0,60.0,16.0,6.8,2.4,1.2,0.1,2,0.4,0.8,8.6,1,risk_based,C,1.0,100.0,10000.0,25,0.64,627.285552859259,2.701796463515001,0.011880569101364733,7.455236772585167,ETHUSDT_4h
4,20,16.0,58.0,18.0,7.4,1.8,0.8,0.1,4,1.0,0.8,8.2,1,risk_based,C,1.0,100.0,10000.0,16,0.75,699.614398408241,2.6524238907128304,0.01972731654360313,7.390280230203093,ETHUSDT_4h
4,22,10.0,64.0,16.0,7.4,2.2,1.0,0.0,4,0.6,1.0,8.4,1,risk_based,C,1.0,100.0,10000.0,20,0.7,666.9882129654816,2.6427018937980593,0.015940000000000055,7.354572000561601,SOLUSDT_15m
4,18,14.0,58.0,18.0,7.6,1.8,0.8,0.0,5,1.0,1.2,8.2,1,risk_based,C,1.0,100.0,10000.0,16,0.75,691.224431234481,2.6333014600214244,0.01990000000000006,7.34312735127733,ETHUSDT_4h
4,22,18.0,56.0,22.0,6.8,2.0,1.0,0.05,2,0.8,1.0,7.8,1,risk_based,C,1.0,100.0,10000.0,25,0.68,1005.1902715060714,2.4593206282236744,0.035747421347156284,7.336589263911952,ETHUSDT_15m
3,22,12.0,62.0,24.0,6.8,1.8,1.2,0.1,2,0.4,0.8,8.0,1,risk_based,C,1.0,100.0,10000.0,28,0.75,812.3919792156812,2.414761524259935,0.016877840732456857,7.276281505538181,ETHUSDT_15m
4,16,18.0,64.0,22.0,7.4,2.0,0.8,0.1,3,0.4,1.0,8.6,1,risk_based,C,1.0,100.0,10000.0,26,0.7307692307692307,431.47487197585724,2.6307906527275593,0.012368778485139377,7.272103688129404,ETHUSDT_15m
4,20,18.0,62.0,24.0,8.0,1.8,1.0,0.05,3,1.0,1.0,8.4,1,risk_based,C,1.0,100.0,10000.0,28,0.7142857142857143,981.1219339073123,2.3693906781735765,0.03414236539897439,7.248904765486113,ETHUSDT_15m
3,30,14.0,58.0,20.0,7.0,1.8,1.2,0.1,2,0.8,0.6,7.8,1,risk_based,C,1.0,100.0,10000.0,26,0.6923076923076923,670.0579611526646,2.535897693095058,0.01722333895349204,7.248644868943844,ETHUSDT_15m
4,24,20.0,58.0,16.0,7.2,2.4,0.8,0.05,5,0.8,0.6,8.4,1,risk_based,C,1.0,100.0,10000.0,24,0.75,653.4430982227223,2.5159613032811494,0.02489743642638279,7.215673395505872,ETHUSDT_15m
2,22,18.0,66.0,20.0,7.8,2.4,0.8,0.1,3,0.8,0.8,8.4,1,risk_based,C,1.0,100.0,10000.0,27,0.7407407407407407,822.9245359968827,2.4162167150231806,0.03141293362994614,7.212230276264516,ETHUSDT_4h
2,20,24.0,66.0,20.0,7.6,2.2,1.0,0.05,5,0.6,1.2,8.6,1,risk_based,C,1.0,100.0,10000.0,36,0.7222222222222222,770.5106895081044,2.3317402304709884,0.01594000000000008,7.189504483783414,ETHUSDT_15m
4,24,18.0,66.0,22.0,7.2,2.4,1.2,0.05,3,0.6,1.2,8.4,1,risk_based,C,1.0,100.0,10000.0,16,0.625,611.6424208061289,2.6838628445874435,0.01782585019327418,7.183390559401194,SOLUSDT_1h
4,20,18.0,62.0,24.0,8.0,1.8,1.0,0.05,3,1.0,1.0,8.4,1,risk_based,C,1.0,100.0,10000.0,21,0.7142857142857143,870.6349948993502,2.456996055425641,0.031711165908141284,7.18092217945478,SOLUSDT_1h
4,22,10.0,64.0,16.0,7.4,2.2,1.0,0.0,4,0.6,1.0,8.4,1,risk_based,C,1.0,100.0,10000.0,23,0.6956521739130435,697.2135213363435,2.518616194688127,0.026665095654799506,7.157928884617765,SOLUSDT_1h
2,26,20.0,64.0,20.0,8.0,1.8,1.2,0.05,2,1.0,0.6,8.6,1,risk_based,C,1.0,100.0,10000.0,28,0.6071428571428571,1046.7416326078128,2.3572866344439514,0.025554519841682635,7.155365627684954,SOLUSDT_15m
3,30,24.0,62.0,20.0,7.0,1.8,1.0,0.05,2,0.4,1.2,8.4,1,risk_based,C,1.0,100.0,10000.0,28,0.7142857142857143,446.4475766986652,2.5344924979942935,0.009585783499298086,7.118103793617928,ETHUSDT_15m
4,18,14.0,60.0,22.0,7.8,2.4,1.0,0.1,5,0.4,1.2,7.8,1,risk_based,C,1.0,100.0,10000.0,19,0.6842105263157895,878.8979378957774,2.4721313284544015,0.048131242472485264,7.085082656860808,SOLUSDT_1h
2,24,24.0,60.0,16.0,6.8,2.4,1.2,0.1,2,0.4,0.8,8.6,1,risk_based,C,1.0,100.0,10000.0,32,0.625,672.8178775001361,2.4037252996814757,0.011968000000000019,7.021864476863087,ETHUSDT_15m
3,20,20.0,56.0,18.0,7.2,2.2,0.8,0.05,4,0.4,1.0,7.8,1,risk_based,C,1.0,100.0,10000.0,29,0.7586206896551724,667.4293841569179,2.341936245611375,0.017997848071914367,7.015239365646684,ETHUSDT_15m
4,16,12.0,66.0,22.0,7.0,2.4,0.8,0.0,4,1.0,1.0,8.0,1,risk_based,C,1.0,100.0,10000.0,22,0.7727272727272727,648.5472658151521,2.386384503764521,0.019899999999999984,6.960707182435103,SOLUSDT_15m
2,28,24.0,64.0,18.0,7.8,2.4,1.2,0.1,5,1.0,0.6,7.8,1,risk_based,C,1.0,100.0,10000.0,33,0.6363636363636364,833.573712747404,2.266884438129278,0.014451485269519924,6.938533587742855,ETHUSDT_15m
4,24,22.0,60.0,24.0,7.6,2.4,1.0,0.0,2,1.0,1.0,8.6,1,risk_based,C,1.0,100.0,10000.0,18,0.6666666666666666,854.5271040487987,2.431744558093601,0.049009950100000234,6.930986369936,SOLUSDT_1h
4,18,10.0,66.0,20.0,7.0,2.0,0.8,0.1,2,0.4,1.2,7.8,1,risk_based,C,1.0,100.0,10000.0,24,0.75,795.6735989737481,2.298681526368931,0.027759431701000203,6.914758356608608,ETHUSDT_15m
4,24,22.0,60.0,24.0,7.6,2.4,1.0,0.0,2,1.0,1.0,8.6,1,risk_based,C,1.0,100.0,10000.0,22,0.7272727272727273,806.9815328196801,2.3169118062067975,0.029701000000000012,6.882611236142367,ETHUSDT_15m
4,24,16.0,58.0,18.0,6.8,1.8,0.8,0.05,2,1.0,1.2,8.6,1,risk_based,C,1.0,100.0,10000.0,24,0.8333333333333334,540.2886954957066,2.3340818997951565,0.01989999999999992,6.878752495086021,SOLUSDT_1h
4,30,18.0,60.0,20.0,7.0,1.8,1.2,0.0,4,0.4,0.8,8.0,1,risk_based,C,1.0,100.0,10000.0,27,0.7037037037037037,828.0553559337804,2.262798339099618,0.025994586451391046,6.871223830334398,ETHUSDT_15m
3,22,22.0,66.0,18.0,7.2,2.2,1.0,0.1,4,1.0,1.0,8.2,1,risk_based,C,1.0,100.0,10000.0,17,0.7058823529411765,673.3876395873212,2.429626700685819,0.034489619495798686,6.827995711883327,ETHUSDT_1h
4,22,22.0,60.0,20.0,8.0,1.8,1.0,0.05,5,0.8,0.6,7.8,1,risk_based,C,1.0,100.0,10000.0,20,0.7,516.9001356812587,2.4393228192713075,0.019118568002324966,6.788190070216899,SOLUSDT_1h
4,18,22.0,62.0,24.0,7.4,2.2,1.2,0.0,2,0.8,1.0,7.8,1,risk_based,C,1.0,100.0,10000.0,23,0.6956521739130435,881.7874744519559,2.236023629335917,0.02970099999999995,6.768209993993356,ETHUSDT_15m
4,16,12.0,66.0,22.0,7.0,2.4,0.8,0.0,4,1.0,1.0,8.0,1,risk_based,C,1.0,100.0,10000.0,24,0.75,761.0414756985174,2.2437393465904822,0.029701000000000012,6.764417168879483,ETHUSDT_15m
2,22,14.0,60.0,18.0,6.8,1.8,0.8,0.05,4,1.0,0.6,8.4,1,risk_based,C,1.0,100.0,10000.0,37,0.7567567567567568,751.3282909963309,2.0953387683240132,0.02299732094820777,6.74814899993487,SOLUSDT_15m
4,22,22.0,60.0,20.0,8.0,1.8,1.0,0.05,5,0.8,0.6,7.8,1,risk_based,C,1.0,100.0,10000.0,16,0.6875,462.6084694751953,2.49164182236368,0.01789221599999994,6.743465466202555,ETHUSDT_4h
4,18,14.0,60.0,22.0,7.8,2.4,1.0,0.1,5,0.4,1.2,7.8,1,risk_based,C,1.0,100.0,10000.0,25,0.72,779.3185991677328,2.23066059304847,0.02981437711527295,6.731196653918855,ETHUSDT_15m
4,24,18.0,66.0,22.0,7.2,2.4,1.2,0.05,3,0.6,1.2,8.4,1,risk_based,C,1.0,100.0,10000.0,15,0.6666666666666666,547.6571947510402,2.4574150431788158,0.015939999999999944,6.714667281108672,SOLUSDT_15m
3,30,10.0,60.0,20.0,8.0,2.4,1.0,0.1,3,1.0,0.8,8.2,1,risk_based,C,1.0,100.0,10000.0,16,0.6875,718.6469317587653,2.344740741528465,0.02944104460385416,6.671055281004133,ETHUSDT_4h
2,24,12.0,56.0,24.0,7.0,2.2,1.0,0.1,3,0.8,0.8,8.2,1,risk_based,C,1.0,100.0,10000.0,28,0.6428571428571429,838.3557479072842,2.1734971551524254,0.025359408627417458,6.633557546615597,ETHUSDT_15m
3,30,14.0,58.0,20.0,7.0,1.8,1.2,0.1,2,0.8,0.6,7.8,1,risk_based,C,1.0,100.0,10000.0,20,0.7,497.6940100931879,2.349048409905493,0.01196399999999996,6.609898829904174,SOLUSDT_1h
4,28,16.0,64.0,18.0,7.8,2.2,1.0,0.1,4,1.0,1.2,7.8,1,risk_based,C,1.0,100.0,10000.0,20,0.7,678.938316125561,2.27335809492563,0.03669175466475489,6.565579241982556,SOLUSDT_15m
2,16,20.0,56.0,20.0,7.2,2.2,1.0,0.0,3,1.0,0.8,8.0,1,risk_based,C,1.0,100.0,10000.0,31,0.6129032258064516,859.3343703480405,2.1133091654613443,0.02089518002999673,6.562621999890417,ETHUSDT_15m
3,28,16.0,56.0,16.0,7.8,2.4,1.0,0.05,5,1.0,0.6,7.8,1,risk_based,C,1.0,100.0,10000.0,18,0.6666666666666666,511.7832615289408,2.3559604247063524,0.017829195838591865,6.530216523425871,ETHUSDT_4h
2,28,24.0,62.0,18.0,7.0,1.8,0.8,0.05,3,0.6,1.2,7.8,1,risk_based,C,1.0,100.0,10000.0,41,0.7560975609756098,809.1652789162872,1.928265607517426,0.030185170455549092,6.529287324047907,SOLUSDT_15m
2,28,20.0,66.0,22.0,7.8,2.0,1.0,0.0,4,1.0,1.2,8.4,1,risk_based,C,1.0,100.0,10000.0,35,0.6857142857142857,864.8794196451854,2.0023770597880475,0.023836367560888104,6.526695865110045,ETHUSDT_15m
3,16,14.0,66.0,22.0,7.2,2.2,0.8,0.0,4,0.4,0.6,8.4,1,risk_based,C,1.0,100.0,10000.0,18,0.7222222222222222,285.18641444591776,2.4062836554890272,0.019840638721023943,6.481565142594234,ETHUSDT_1h
2,18,16.0,66.0,20.0,7.0,1.8,1.0,0.0,2,1.0,0.8,8.2,1,risk_based,C,1.0,100.0,10000.0,30,0.6333333333333333,903.220392549747,2.0497015486687884,0.02561393517878199,6.475781684350977,SOLUSDT_15m
4,18,12.0,66.0,22.0,8.0,1.8,1.2,0.0,3,1.0,0.8,8.2,1,risk_based,C,1.0,100.0,10000.0,24,0.5833333333333334,909.9357748913699,2.1343199384849805,0.02217108551745192,6.467062395308975,SOLUSDT_15m
4,24,16.0,58.0,18.0,6.8,1.8,0.8,0.05,2,1.0,1.2,8.6,1,risk_based,C,1.0,100.0,10000.0,26,0.7692307692307693,605.4666646405931,2.1368594932370817,0.030783351459711644,6.4606817505817755,ETHUSDT_15m
4,24,20.0,58.0,16.0,7.2,2.4,0.8,0.05,5,0.8,0.6,8.4,1,risk_based,C,1.0,100.0,10000.0,19,0.6842105263157895,634.8903458127043,2.2405040513338976,0.023634536341996047,6.451310628928195,ETHUSDT_4h
3,30,10.0,62.0,20.0,7.8,2.4,1.2,0.0,5,0.6,0.6,8.4,1,risk_based,C,1.0,100.0,10000.0,16,0.6875,422.6492939758373,2.354057443806897,0.017892216000000023,6.428337533589632,ETHUSDT_4h
4,24,18.0,66.0,22.0,7.2,2.4,1.2,0.05,3,0.6,1.2,8.4,1,risk_based,C,1.0,100.0,10000.0,25,0.68,542.1426951045614,2.2064955478546064,0.01898773995045897,6.418170570962398,ETHUSDT_15m
4,20,18.0,62.0,24.0,8.0,1.8,1.0,0.05,3,1.0,1.0,8.4,1,risk_based,C,1.0,100.0,10000.0,15,0.7333333333333333,522.7340416087882,2.2909739669048865,0.029701000000000047,6.415578975418561,ETHUSDT_1h
4,18,12.0,66.0,22.0,8.0,1.8,1.2,0.0,3,1.0,0.8,8.2,1,risk_based,C,1.0,100.0,10000.0,27,0.7037037037037037,831.5079330210137,2.037816413142657,0.03258029692701618,6.404955424080834,ETHUSDT_15m
4,26,24.0,66.0,22.0,8.0,1.8,0.8,0.05,3,0.8,1.2,8.4,1,risk_based,C,1.0,100.0,10000.0,30,0.7,659.7491632697802,2.0779806073638825,0.027567288705839733,6.383008511880026,ETHUSDT_15m
3,28,14.0,62.0,16.0,7.8,2.2,1.2,0.0,2,0.8,0.8,8.0,1,risk_based,C,1.0,100.0,10000.0,15,0.6666666666666666,507.1358470820833,2.331317958182585,0.029295185539802423,6.381886206827846,ETHUSDT_1h
3,20,24.0,58.0,20.0,8.0,2.2,1.0,0.05,4,0.4,0.8,7.8,1,risk_based,C,1.0,100.0,10000.0,16,0.6875,511.6457708687176,2.3083903283626466,0.03722916683241334,6.367988927096771,ETHUSDT_1h
3,30,10.0,62.0,20.0,7.8,2.4,1.2,0.0,5,0.6,0.6,8.4,1,risk_based,C,1.0,100.0,10000.0,14,0.6428571428571429,422.64929397583546,2.3856447940688796,0.029642153527776056,6.349298135815982,ETHUSDT_1h
4,18,22.0,62.0,24.0,7.4,2.2,1.2,0.0,2,0.8,1.0,7.8,1,risk_based,C,1.0,100.0,10000.0,17,0.6470588235294118,727.9451004880593,2.199503704638601,0.029700999999999977,6.348437745059378,SOLUSDT_1h
3,24,22.0,60.0,24.0,7.6,1.8,1.2,0.1,2,0.6,0.8,8.2,1,risk_based,C,1.0,100.0,10000.0,16,0.6875,402.20156122769004,2.3222931111475438,0.017031407467853702,6.346943561119216,ETHUSDT_1h
3,24,22.0,60.0,24.0,7.6,1.8,1.2,0.1,2,0.6,0.8,8.2,1,risk_based,C,1.0,100.0,10000.0,29,0.6896551724137931,562.5720019244472,2.106171726272012,0.019211436822663887,6.331763902621169,ETHUSDT_15m
2,16,20.0,56.0,24.0,7.0,2.2,1.2,0.05,3,0.6,1.2,8.0,1,risk_based,C,1.0,100.0,10000.0,30,0.5666666666666667,985.1512122244458,1.9677999956068892,0.0263186561139834,6.291795235096274,ETHUSDT_15m
3,24,20.0,64.0,22.0,7.8,1.8,1.0,0.1,5,0.8,1.2,8.6,1,risk_based,C,1.0,100.0,10000.0,15,0.6666666666666666,514.4137380562606,2.2649245188351923,0.023667319564659256,6.273260817032668,ETHUSDT_1h
3,30,10.0,62.0,20.0,7.8,2.4,1.2,0.0,5,0.6,0.6,8.4,1,risk_based,C,1.0,100.0,10000.0,16,0.625,458.0917822291194,2.3024441938877738,0.017368337326040366,6.268375158026546,SOLUSDT_15m
4,24,16.0,58.0,18.0,6.8,1.8,0.8,0.05,2,1.0,1.2,8.6,1,risk_based,C,1.0,100.0,10000.0,18,0.7222222222222222,593.3783584170942,2.1390979615919408,0.019813658271801506,6.255466640118905,ETHUSDT_4h
4,18,22.0,62.0,24.0,7.4,2.2,1.2,0.0,2,0.8,1.0,7.8,1,risk_based,C,1.0,100.0,10000.0,19,0.631578947368421,695.5517173267017,2.130165219039593,0.02804517702543111,6.199115045382227,BTCUSDT_15m
4,22,10.0,64.0,16.0,7.4,2.2,1.0,0.0,4,0.6,1.0,8.4,1,risk_based,C,1.0,100.0,10000.0,22,0.5909090909090909,515.0170303299474,2.204236438341181,0.017892216000000103,6.196176895375946,BTCUSDT_15m
2,22,12.0,60.0,16.0,7.6,2.0,1.2,0.0,2,0.4,0.6,8.0,1,risk_based,C,1.0,100.0,10000.0,33,0.6060606060606061,699.8417948538445,1.9737977215920324,0.013055908444725152,6.177360421794643,ETHUSDT_15m
2,30,18.0,66.0,24.0,8.0,2.2,0.8,0.0,4,0.6,1.0,8.0,1,risk_based,C,1.0,100.0,10000.0,38,0.7368421052631579,660.902292608187,1.853290228499649,0.0199,6.173045907502222,ETHUSDT_15m
3,20,10.0,64.0,20.0,7.4,1.8,0.8,0.05,4,0.6,0.6,8.0,1,risk_based,C,1.0,100.0,10000.0,19,0.7368421052631579,361.2296377029852,2.194830333302153,0.023269076253814212,6.166346233440586,ETHUSDT_1h
2,24,16.0,60.0,20.0,7.2,1.8,0.8,0.0,3,1.0,0.8,8.0,1,risk_based,C,1.0,100.0,10000.0,26,0.6923076923076923,665.3851179706253,2.0225191942115273,0.03936509955276803,6.150789746196914,ETHUSDT_4h
3,24,20.0,56.0,22.0,8.0,1.8,1.2,0.1,5,1.0,0.6,8.0,1,risk_based,C,1.0,100.0,10000.0,27,0.6296296296296297,566.0664760438431,2.074706402604113,0.023524473809647044,6.1293503042675725,ETHUSDT_15m
2,22,14.0,60.0,18.0,6.8,1.8,0.8,0.05,4,1.0,0.6,8.4,1,risk_based,C,1.0,100.0,10000.0,42,0.7857142857142857,532.5517346368633,1.811694659583868,0.024906526815076612,6.099792901930798,ETHUSDT_15m
2,18,16.0,58.0,24.0,7.6,1.8,1.2,0.0,5,0.6,1.2,8.6,1,risk_based,C,1.0,100.0,10000.0,18,0.6111111111111112,543.9922932571644,2.153530806431172,0.011964000000000082,6.091828572786175,ETHUSDT_1h
3,26,16.0,66.0,16.0,6.8,2.0,1.0,0.0,3,0.4,1.2,8.2,1,risk_based,C,1.0,100.0,10000.0,20,0.75,301.400522956179,2.145151080101195,0.010047393279999971,6.086560503318569,SOLUSDT_1h
4,20,18.0,62.0,24.0,8.0,1.8,1.0,0.05,3,1.0,1.0,8.4,1,risk_based,C,1.0,100.0,10000.0,16,0.6875,587.5318668865384,2.116088377873765,0.02970100000000006,6.081855622634069,ETHUSDT_4h
4,16,12.0,66.0,22.0,7.0,2.4,0.8,0.0,4,1.0,1.0,8.0,1,risk_based,C,1.0,100.0,10000.0,21,0.6666666666666666,745.9818330083108,1.998697574651122,0.029701000000000123,6.074273982310554,ETHUSDT_4h
2,18,22.0,56.0,22.0,7.0,2.0,1.0,0.05,4,0.6,0.8,7.8,1,risk_based,C,1.0,100.0,10000.0,32,0.625,712.7762389198651,1.9356730944458702,0.02917028206524539,6.074111581615869,ETHUSDT_15m
4,22,24.0,66.0,20.0,8.0,2.2,0.8,0.1,2,0.6,1.0,7.8,1,risk_based,C,1.0,100.0,10000.0,25,0.72,672.0376637599147,1.9615229080729448,0.03744755600194786,6.062740811899961,SOLUSDT_1h
3,16,12.0,58.0,24.0,7.6,1.8,1.2,0.05,2,0.6,1.2,8.6,1,risk_based,C,1.0,100.0,10000.0,25,0.68,496.0057533001291,2.0514108079991655,0.02194498889599554,6.0529924026104736,ETHUSDT_15m
3,28,16.0,56.0,16.0,7.8,2.4,1.0,0.05,5,1.0,0.6,7.8,1,risk_based,C,1.0,100.0,10000.0,24,0.6666666666666666,441.6356166461883,2.09521497642701,0.021005479403467052,6.049049131289806,ETHUSDT_15m
2,30,22.0,64.0,16.0,6.8,1.8,1.2,0.0,2,0.8,0.8,8.4,1,risk_based,C,1.0,100.0,10000.0,26,0.5769230769230769,764.4789721091656,1.9794152923404624,0.02555055892271371,6.032042495406564,SOLUSDT_15m
3,20,20.0,56.0,18.0,7.2,2.2,0.8,0.05,4,0.4,1.0,7.8,1,risk_based,C,1.0,100.0,10000.0,21,0.7619047619047619,529.9076613342477,2.0344462050833063,0.04786777555443069,6.018053887694712,ETHUSDT_1h
2,24,16.0,60.0,20.0,7.2,1.8,0.8,0.0,3,1.0,0.8,8.0,1,risk_based,C,1.0,100.0,10000.0,37,0.7297297297297297,569.3267462671629,1.830826808063619,0.017673343736217578,6.012554925780343,ETHUSDT_15m
4,18,22.0,62.0,24.0,7.4,2.2,1.2,0.0,2,0.8,1.0,7.8,1,risk_based,C,1.0,100.0,10000.0,14,0.5714285714285714,727.9451004880611,2.1444381460224147,0.04900995010000002,6.006934399375748,ETHUSDT_4h
3,22,12.0,62.0,24.0,6.8,1.8,1.2,0.1,2,0.4,0.8,8.0,1,risk_based,C,1.0,100.0,10000.0,18,0.7222222222222222,401.59260475332485,2.093928686044564,0.015936000000000092,5.984975310175786,ETHUSDT_1h
4,30,18.0,58.0,24.0,7.4,2.4,0.8,0.05,4,1.0,1.0,8.2,1,risk_based,C,1.0,100.0,10000.0,24,0.7083333333333334,605.8953576677068,1.961819341568918,0.030783351459711453,5.979683986426409,ETHUSDT_15m
2,30,22.0,64.0,16.0,6.8,1.8,1.2,0.0,2,0.8,0.8,8.4,1,risk_based,C,1.0,100.0,10000.0,26,0.6153846153846154,730.224843556658,1.9238650189170774,0.01593600000000013,5.973223804467736,ETHUSDT_1h
2,22,18.0,66.0,20.0,7.8,2.4,0.8,0.1,3,0.8,0.8,8.4,1,risk_based,C,1.0,100.0,10000.0,38,0.7368421052631579,512.3419298395584,1.8195152232746161,0.015935999999999974,5.968827534283527,ETHUSDT_15m
3,16,14.0,66.0,22.0,7.2,2.2,0.8,0.0,4,0.4,0.6,8.4,1,risk_based,C,1.0,100.0,10000.0,24,0.6666666666666666,388.8342432612171,2.078892149712856,0.01985247942400005,5.967061104414929,BTCUSDT_15m
3,24,20.0,56.0,22.0,8.0,1.8,1.2,0.1,5,1.0,0.6,8.0,1,risk_based,C,1.0,100.0,10000.0,15,0.6666666666666666,357.33151904862643,2.1795046054623954,0.017785679891438352,5.962983690299102,ETHUSDT_1h
3,20,20.0,56.0,18.0,7.2,2.2,0.8,0.05,4,0.4,1.0,7.8,1,risk_based,C,1.0,100.0,10000.0,26,0.6538461538461539,728.6743962759938,1.9367087552912654,0.050564027634459795,5.951169054724376,BTCUSDT_1h
2,16,18.0,60.0,16.0,7.2,2.0,1.2,0.0,2,0.8,1.2,8.6,1,risk_based,C,1.0,100.0,10000.0,34,0.5882352941176471,796.8387388642241,1.825905941735799,0.020996180262184125,5.948015022725739,ETHUSDT_15m
2,24,16.0,60.0,20.0,7.2,1.8,0.8,0.0,3,1.0,0.8,8.0,1,risk_based,C,1.0,100.0,10000.0,28,0.6428571428571429,677.2490646160168,1.9035636523541126,0.021673045105369756,5.9436429482938475,SOLUSDT_15m
4,18,12.0,66.0,22.0,8.0,1.8,1.2,0.0,3,1.0,0.8,8.2,1,risk_based,C,1.0,100.0,10000.0,17,0.6470588235294118,629.3590195896813,2.0439674243217034,0.029701000000000005,5.938779103527206,SOLUSDT_1h
3,20,24.0,58.0,20.0,8.0,2.2,1.0,0.05,4,0.4,0.8,7.8,1,risk_based,C,1.0,100.0,10000.0,25,0.64,635.8760600123278,1.9733533346456926,0.03737604833772079,5.93045458429055,BTCUSDT_1h
2,16,20.0,64.0,22.0,7.8,2.2,0.8,0.1,4,0.4,1.2,8.4,1,risk_based,C,1.0,100.0,10000.0,25,0.8,378.5577068484963,1.9755346360150954,0.033479848873754325,5.929187432257424,ETHUSDT_4h
4,30,18.0,58.0,24.0,7.4,2.4,0.8,0.05,4,1.0,1.0,8.2,1,risk_based,C,1.0,100.0,10000.0,19,0.6842105263157895,612.8550742121661,2.026802466913901,0.048939299557007286,5.92595789884263,SOLUSDT_1h
4,18,10.0,66.0,20.0,7.0,2.0,0.8,0.1,2,0.4,1.2,7.8,1,risk_based,C,1.0,100.0,10000.0,20,0.7,554.1055231101782,1.9788529662786762,0.01916368721258446,5.904320394029777,ETHUSDT_4h
4,20,16.0,58.0,18.0,7.4,1.8,0.8,0.1,4,1.0,0.8,8.2,1,risk_based,C,1.0,100.0,10000.0,26,0.7692307692307693,484.5266908494432,1.9137138984476554,0.02981437711527281,5.896357510245089,ETHUSDT_15m
3,20,18.0,56.0,16.0,7.6,2.4,1.0,0.1,4,1.0,0.6,8.4,1,risk_based,C,1.0,100.0,10000.0,27,0.6296296296296297,728.6339216518427,1.8894719081291749,0.044617018240790195,5.858171127632267,BTCUSDT_1h
2,28,16.0,64.0,24.0,7.8,2.0,0.8,0.05,5,0.8,1.0,7.8,1,risk_based,C,1.0,100.0,10000.0,38,0.7894736842105263,514.2066421741329,1.7085847038825739,0.01990000000000012,5.815886576255069,ETHUSDT_15m
4,18,14.0,58.0,18.0,7.6,1.8,0.8,0.0,5,1.0,1.2,8.2,1,risk_based,C,1.0,100.0,10000.0,25,0.76,473.07685800362015,1.8688457279614488,0.01990000000000004,5.791068313926517,SOLUSDT_15m
4,18,14.0,60.0,22.0,7.8,2.4,1.0,0.1,5,0.4,1.2,7.8,1,risk_based,C,1.0,100.0,10000.0,19,0.6842105263157895,516.9289409451867,1.9865336771910767,0.03765410056419087,5.783349783108451,SOLUSDT_15m
4,30,18.0,60.0,20.0,7.0,1.8,1.2,0.0,4,0.4,0.8,8.0,1,risk_based,C,1.0,100.0,10000.0,25,0.6,652.3282460135815,1.894714296201831,0.021688197632760392,5.776692245518962,SOLUSDT_15m
2,28,20.0,66.0,22.0,7.8,2.0,1.0,0.0,4,1.0,1.2,8.4,1,risk_based,C,1.0,100.0,10000.0,26,0.6538461538461539,729.2535389909117,1.8193687445938274,0.03655663729253376,5.759090347070195,BTCUSDT_4h
4,24,20.0,58.0,16.0,7.2,2.4,0.8,0.05,5,0.8,0.6,8.4,1,risk_based,C,1.0,100.0,10000.0,22,0.7272727272727273,452.21398182971643,1.9459404677301144,0.0390100783527488,5.75797377314079,SOLUSDT_1h
2,28,20.0,56.0,18.0,7.0,2.0,1.2,0.05,3,1.0,0.8,8.2,1,risk_based,C,1.0,100.0,10000.0,32,0.5625,790.7620556625589,1.7743093737233984,0.03092122208202529,5.730367136863279,ETHUSDT_15m
2,18,16.0,66.0,20.0,7.0,1.8,1.0,0.0,2,1.0,0.8,8.2,1,risk_based,C,1.0,100.0,10000.0,34,0.6764705882352942,638.0048389653039,1.7316757740875548,0.028279592445292875,5.711223492157475,ETHUSDT_15m
4,24,22.0,60.0,24.0,7.6,2.4,1.0,0.0,2,1.0,1.0,8.6,1,risk_based,C,1.0,100.0,10000.0,20,0.6,591.6198571687491,1.935558678364162,0.020904279971624435,5.700024373982201,SOLUSDT_15m
2,26,20.0,64.0,20.0,8.0,1.8,1.2,0.05,2,1.0,0.6,8.6,1,risk_based,C,1.0,100.0,10000.0,22,0.5909090909090909,718.2696344497799,1.8522566505694413,0.0214903976482811,5.684675379007456,ETHUSDT_1h
2,22,20.0,58.0,22.0,7.4,2.4,0.8,0.05,3,0.6,1.0,8.6,1,risk_based,C,1.0,100.0,10000.0,25,0.72,476.1373466812256,1.8653623943385669,0.04123351066579864,5.6631616033609635,ETHUSDT_4h
4,18,14.0,58.0,18.0,7.6,1.8,0.8,0.0,5,1.0,1.2,8.2,1,risk_based,C,1.0,100.0,10000.0,26,0.6153846153846154,775.0875831385056,1.7756705369791246,0.037310311235959896,5.6575746464657986,BTCUSDT_1h
2,28,24.0,62.0,18.0,7.0,1.8,0.8,0.05,3,0.6,1.2,7.8,1,risk_based,C,1.0,100.0,10000.0,42,0.7380952380952381,503.0763005739391,1.6380429717898104,0.025507223538468567,5.649783430681011,ETHUSDT_15m
4,22,22.0,58.0,22.0,6.8,2.2,1.2,0.05,5,1.0,0.8,8.4,1,risk_based,C,1.0,100.0,10000.0,20,0.6,555.2164719640496,1.9337288825848178,0.02577664000000006,5.645344317133684,BTCUSDT_15m
4,24,20.0,58.0,16.0,7.2,2.4,0.8,0.05,5,0.8,0.6,8.4,1,risk_based,C,1.0,100.0,10000.0,24,0.75,349.4984628105194,1.8827640125862202,0.02508192300750855,5.644780718960435,SOLUSDT_15m
2,28,20.0,56.0,18.0,7.0,2.0,1.2,0.05,3,1.0,0.8,8.2,1,risk_based,C,1.0,100.0,10000.0,21,0.5714285714285714,759.7750071044611,1.8518096460434252,0.03532419212015527,5.634564579973703,SOLUSDT_1h
3,30,14.0,58.0,20.0,7.0,1.8,1.2,0.1,2,0.8,0.6,7.8,1,risk_based,C,1.0,100.0,10000.0,26,0.6538461538461539,462.28663938430327,1.8714295740068239,0.02660057592506443,5.626113290391988,SOLUSDT_15m
2,20,20.0,56.0,22.0,6.8,2.4,0.8,0.1,3,1.0,0.8,7.8,1,risk_based,C,1.0,100.0,10000.0,38,0.7105263157894737,460.05887872417406,1.6980384599486023,0.02099141616296004,5.6189510238167095,ETHUSDT_15m
4,16,18.0,64.0,22.0,7.4,2.0,0.8,0.1,3,0.4,1.0,8.6,1,risk_based,C,1.0,100.0,10000.0,19,0.6842105263157895,245.1504339744297,2.00048444568595,0.011658395894316356,5.617459927137064,ETHUSDT_4h
3,30,16.0,64.0,22.0,8.0,2.0,1.2,0.0,4,0.8,0.6,8.0,1,risk_based,C,1.0,100.0,10000.0,27,0.5555555555555556,607.7249504501906,1.8384362349746972,0.017997859370109275,5.60393717562259,SOLUSDT_4h
4,30,14.0,56.0,24.0,6.8,2.0,0.8,0.1,2,0.6,1.2,7.8,1,risk_based,C,1.0,100.0,10000.0,26,0.6923076923076923,563.8809003830884,1.7847823980596762,0.03860736262516378,5.576085147088488,ETHUSDT_15m
3,30,16.0,64.0,22.0,8.0,2.0,1.2,0.0,4,0.8,0.6,8.0,1,risk_based,C,1.0,100.0,10000.0,17,0.5882352941176471,422.41299332489325,1.991377353082934,0.029642153527776074,5.538594180083903,ETHUSDT_1h
4,20,16.0,58.0,18.0,7.4,1.8,0.8,0.1,4,1.0,0.8,8.2,1,risk_based,C,1.0,100.0,10000.0,27,0.6296296296296297,694.9356442271965,1.7241922353132928,0.03318221566129735,5.528217912314334,BTCUSDT_1h
4,18,14.0,58.0,18.0,7.6,1.8,0.8,0.0,5,1.0,1.2,8.2,1,risk_based,C,1.0,100.0,10000.0,25,0.8,381.6614244148568,1.7528345529789222,0.029700999999999953,5.498227530372702,ETHUSDT_15m
3,24,20.0,56.0,22.0,8.0,1.8,1.2,0.1,5,1.0,0.6,8.0,1,risk_based,C,1.0,100.0,10000.0,22,0.5909090909090909,465.55723065937127,1.8897589049038879,0.027759833051873815,5.488159177675162,SOLUSDT_15m
3,28,18.0,66.0,24.0,7.0,2.2,0.8,0.0,2,0.8,1.2,8.2,1,risk_based,C,1.0,100.0,10000.0,26,0.6538461538461539,546.374820545403,1.791813320395507,0.04820439615411096,5.486157503643316,BTCUSDT_1h
2,28,20.0,56.0,18.0,7.0,2.0,1.2,0.05,3,1.0,0.8,8.2,1,risk_based,C,1.0,100.0,10000.0,23,0.5217391304347826,715.8800649548539,1.8042998524524199,0.029119390936681318,5.479730292701824,SOLUSDT_15m
4,22,24.0,66.0,20.0,8.0,2.2,0.8,0.1,2,0.6,1.0,7.8,1,risk_based,C,1.0,100.0,10000.0,27,0.6666666666666666,528.3347608109052,1.7446169662608535,0.028045177025431075,5.4734331622563195,BTCUSDT_15m
3,28,18.0,66.0,24.0,7.0,2.2,0.8,0.0,2,0.8,1.2,8.2,1,risk_based,C,1.0,100.0,10000.0,22,0.7272727272727273,400.966931881434,1.8268173000013535,0.03870473062386295,5.469396430921644,ETHUSDT_1h
3,20,24.0,58.0,20.0,8.0,2.2,1.0,0.05,4,0.4,0.8,7.8,1,risk_based,C,1.0,100.0,10000.0,24,0.6666666666666666,446.2431408248249,1.8062019569119676,0.0316426852060774,5.443718999030528,SOLUSDT_15m
3,30,10.0,60.0,20.0,8.0,2.4,1.0,0.1,3,1.0,0.8,8.2,1,risk_based,C,1.0,100.0,10000.0,23,0.6521739130434783,560.8359036427737,1.7929130220658225,0.0472688435269881,5.443116286758673,BTCUSDT_1h
4,28,16.0,64.0,18.0,7.8,2.2,1.0,0.1,4,1.0,1.2,7.8,1,risk_based,C,1.0,100.0,10000.0,23,0.6086956521739131,531.2383372198292,1.808253706026606,0.028045177025431158,5.4366536964576175,BTCUSDT_15m
2,24,12.0,56.0,24.0,7.0,2.2,1.0,0.1,3,0.8,0.8,8.2,1,risk_based,C,1.0,100.0,10000.0,23,0.5652173913043478,557.6154620916095,1.8471462687686333,0.043361989127306995,5.429648119203477,BTCUSDT_1h
3,30,10.0,60.0,20.0,8.0,2.4,1.0,0.1,3,1.0,0.8,8.2,1,risk_based,C,1.0,100.0,10000.0,22,0.6818181818181818,448.961388212545,1.8041675418614318,0.0332537605691701,5.420262462955171,SOLUSDT_15m
2,22,20.0,58.0,22.0,7.4,2.4,0.8,0.05,3,0.6,1.0,8.6,1,risk_based,C,1.0,100.0,10000.0,36,0.7222222222222222,371.90879261900227,1.647860433727954,0.016903490878719476,5.4202525207720855,ETHUSDT_15m
3,22,12.0,62.0,24.0,6.8,1.8,1.2,0.1,2,0.4,0.8,8.0,1,risk_based,C,1.0,100.0,10000.0,19,0.7368421052631579,342.29002597457657,1.8310057784475358,0.023199320005078638,5.419966780749149,SOLUSDT_1h
2,24,16.0,60.0,20.0,7.2,1.8,0.8,0.0,3,1.0,0.8,8.0,1,risk_based,C,1.0,100.0,10000.0,23,0.6956521739130435,433.9004417443157,1.760711694596007,0.015936000000000113,5.410994091805894,ETHUSDT_1h
2,28,24.0,64.0,18.0,7.8,2.4,1.2,0.1,5,1.0,0.6,7.8,1,risk_based,C,1.0,100.0,10000.0,20,0.55,480.2409522066082,1.8764369707262307,0.017892215999999937,5.404438245659071,SOLUSDT_1h
4,28,16.0,64.0,18.0,7.8,2.2,1.0,0.1,4,1.0,1.2,7.8,1,risk_based,C,1.0,100.0,10000.0,17,0.5882352941176471,625.525619244323,1.8413526607075945,0.04900995010000014,5.383554031535982,ETHUSDT_4h
4,22,12.0,62.0,18.0,8.0,2.4,1.2,0.1,4,1.0,1.2,8.6,1,risk_based,C,1.0,100.0,10000.0,13,0.6153846153846154,464.8486671727587,1.9172970568501624,0.03902633270516738,5.365440705834504,ETHUSDT_1h
3,24,24.0,58.0,22.0,7.6,2.4,1.0,0.05,5,1.0,1.0,8.0,1,risk_based,C,1.0,100.0,10000.0,26,0.6153846153846154,625.0842898643132,1.6981970236102972,0.04446177320155821,5.331169940557157,BTCUSDT_1h
4,18,14.0,58.0,18.0,7.6,1.8,0.8,0.0,5,1.0,1.2,8.2,1,risk_based,C,1.0,100.0,10000.0,19,0.6842105263157895,478.4690650529192,1.793621961060076,0.049009950099999984,5.324998926346756,ETHUSDT_1h
4,30,18.0,60.0,20.0,7.0,1.8,1.2,0.0,4,0.4,0.8,8.0,1,risk_based,C,1.0,100.0,10000.0,22,0.6363636363636364,474.97590606825906,1.7578130181090024,0.023808512000000136,5.313721860831718,BTCUSDT_15m
2,28,16.0,64.0,24.0,7.8,2.0,0.8,0.05,5,0.8,1.0,7.8,1,risk_based,C,1.0,100.0,10000.0,23,0.6956521739130435,507.22257331709807,1.7014148095452237,0.03927682677838446,5.295699972941957,ETHUSDT_4h
4,18,14.0,60.0,22.0,7.8,2.4,1.0,0.1,5,0.4,1.2,7.8,1,risk_based,C,1.0,100.0,10000.0,12,0.5833333333333334,462.6272887933628,1.913062130061795,0.03923031904033447,5.286060591795949,ETHUSDT_1h
2,16,20.0,56.0,20.0,7.2,2.2,1.0,0.0,3,1.0,0.8,8.0,1,risk_based,C,1.0,100.0,10000.0,24,0.625,467.72774444179413,1.7215712782518298,0.01593600000000009,5.280562300945453,SOLUSDT_15m
4,16,12.0,66.0,22.0,7.0,2.4,0.8,0.0,4,1.0,1.0,8.0,1,risk_based,C,1.0,100.0,10000.0,17,0.7647058823529411,314.3211190452221,1.7836539057573084,0.029701000000000137,5.27958475408925,SOLUSDT_1h
4,30,14.0,56.0,24.0,6.8,2.0,0.8,0.1,2,0.6,1.2,7.8,1,risk_based,C,1.0,100.0,10000.0,26,0.6538461538461539,510.78164549050416,1.6701093656316879,0.028045177025431085,5.267634076446818,BTCUSDT_15m
2,30,22.0,64.0,16.0,6.8,1.8,1.2,0.0,2,0.8,0.8,8.4,1,risk_based,C,1.0,100.0,10000.0,40,0.6,556.3357211207003,1.532258132634755,0.024740709927820768,5.246629856606749,ETHUSDT_15m
2,26,20.0,64.0,20.0,8.0,1.8,1.2,0.05,2,1.0,0.6,8.6,1,risk_based,C,1.0,100.0,10000.0,38,0.6052631578947368,619.1114984720134,1.5176896013647083,0.027793732241515514,5.239004241318989,ETHUSDT_15m
4,22,22.0,58.0,22.0,6.8,2.2,1.2,0.05,5,1.0,0.8,8.4,1,risk_based,C,1.0,100.0,10000.0,15,0.5333333333333333,596.9334891816779,1.839083311595753,0.04708875807999979,5.233833838133184,ETHUSDT_4h
2,28,22.0,60.0,24.0,7.4,2.4,0.8,0.0,5,1.0,0.6,8.6,1,risk_based,C,1.0,100.0,10000.0,30,0.6666666666666666,546.9164019119889,1.5941416289803996,0.035522794000000066,5.228631277872788,BTCUSDT_4h
4,22,22.0,60.0,20.0,8.0,1.8,1.0,0.05,5,0.8,0.6,7.8,1,risk_based,C,1.0,100.0,10000.0,25,0.64,359.953313201273,1.735664919951538,0.024057283040709754,5.21911130398222,SOLUSDT_15m
2,18,10.0,56.0,18.0,7.0,1.8,1.2,0.0,3,0.6,1.2,7.8,1,risk_based,C,1.0,100.0,10000.0,33,0.6060606060606061,596.2985703527447,1.5726598051618024,0.0308963045706559,5.218020176055291,ETHUSDT_15m
3,30,24.0,58.0,22.0,6.8,2.0,1.0,0.0,5,0.8,1.2,8.2,1,risk_based,C,1.0,100.0,10000.0,19,0.631578947368421,438.79614674179174,1.7623052441936478,0.03161804390400004,5.195920924469719,ETHUSDT_1h
4,18,12.0,66.0,22.0,8.0,1.8,1.2,0.0,3,1.0,0.8,8.2,1,risk_based,C,1.0,100.0,10000.0,24,0.625,489.1871232412559,1.6841315485639263,0.02804517702543121,5.190814689292814,BTCUSDT_15m
4,24,22.0,60.0,24.0,7.6,2.4,1.0,0.0,2,1.0,1.0,8.6,1,risk_based,C,1.0,100.0,10000.0,18,0.5555555555555556,638.5220146782267,1.745187679133299,0.049009950100000144,5.175200855978158,ETHUSDT_4h
2,16,14.0,58.0,24.0,7.2,1.8,0.8,0.0,5,0.6,1.2,8.4,1,risk_based,C,1.0,100.0,10000.0,35,0.7428571428571429,303.186717284987,1.5583147987330037,0.021167476297119875,5.17059960014535,ETHUSDT_15m
4,22,24.0,66.0,20.0,8.0,2.2,0.8,0.1,2,0.6,1.0,7.8,1,risk_based,C,1.0,100.0,10000.0,27,0.7407407407407407,396.46091724430335,1.5929625210487734,0.026077300242481834,5.155265169725516,SOLUSDT_15m
3,26,14.0,60.0,20.0,7.0,2.2,1.2,0.1,2,0.6,0.8,8.0,1,risk_based,C,1.0,100.0,10000.0,17,0.6470588235294118,375.8112325005495,1.7684624660961235,0.02380851199999981,5.151898863986915,SOLUSDT_1h
4,30,18.0,60.0,20.0,7.0,1.8,1.2,0.0,4,0.4,0.8,8.0,1,risk_based,C,1.0,100.0,10000.0,18,0.6111111111111112,415.9894579681404,1.7741498293944893,0.03161804390400003,5.146101651711786,ETHUSDT_4h
2,28,22.0,60.0,24.0,7.4,2.4,0.8,0.0,5,1.0,0.6,8.6,1,risk_based,C,1.0,100.0,10000.0,27,0.6296296296296297,471.9568888613376,1.6353352883785481,0.027713293840000083,5.143932028542878,BTCUSDT_15m
2,16,16.0,66.0,18.0,7.2,1.8,1.2,0.05,2,0.6,0.6,8.4,1,risk_based,C,1.0,100.0,10000.0,39,0.5897435897435898,458.1686996876706,1.5365767127342118,0.018413215073399908,5.14069786455128,ETHUSDT_15m
4,18,12.0,66.0,22.0,8.0,1.8,1.2,0.0,3,1.0,0.8,8.2,1,risk_based,C,1.0,100.0,10000.0,16,0.625,478.46906505291554,1.761372479833513,0.03940399000000005,5.140502054719942,ETHUSDT_4h
3,28,16.0,56.0,16.0,7.8,2.4,1.0,0.05,5,1.0,0.6,7.8,1,risk_based,C,1.0,100.0,10000.0,27,0.6296296296296297,393.4503297346473,1.6806644379496163,0.033300299894216935,5.1393227503956735,BTCUSDT_1h
2,28,20.0,66.0,22.0,7.8,2.0,1.0,0.0,4,1.0,1.2,8.4,1,risk_based,C,1.0,100.0,10000.0,19,0.631578947368421,496.5696711107794,1.7005729290776839,0.02970099999999999,5.135980950318779,ETHUSDT_1h
2,16,16.0,66.0,18.0,7.2,1.8,1.2,0.05,2,0.6,0.6,8.4,1,risk_based,C,1.0,100.0,10000.0,26,0.5384615384615384,479.88182753858746,1.696050933244762,0.023055454623700827,5.1305096378493165,SOLUSDT_15m
2,28,20.0,56.0,18.0,7.0,2.0,1.2,0.05,3,1.0,0.8,8.2,1,risk_based,C,1.0,100.0,10000.0,27,0.5925925925925926,607.5418285243522,1.602389901143396,0.03746339199999998,5.128820343700033,BTCUSDT_4h
2,16,20.0,56.0,20.0,7.2,2.2,1.0,0.0,3,1.0,0.8,8.0,1,risk_based,C,1.0,100.0,10000.0,20,0.6,450.15631161579404,1.7175377504309306,0.02028031091840745,5.124390879722433,SOLUSDT_1h
3,20,24.0,62.0,20.0,8.0,2.0,1.2,0.05,5,0.6,1.0,8.4,1,risk_based,C,1.0,100.0,10000.0,18,0.5555555555555556,417.9913093494488,1.8121711751031486,0.03794354672227038,5.121836352722268,ETHUSDT_1h
2,28,16.0,64.0,24.0,7.8,2.0,0.8,0.05,5,0.8,1.0,7.8,1,risk_based,C,1.0,100.0,10000.0,21,0.6666666666666666,466.00114352830497,1.6578979453321832,0.029044011208869593,5.114665000566062,ETHUSDT_1h
2,28,24.0,64.0,18.0,7.8,2.4,1.2,0.1,5,1.0,0.6,7.8,1,risk_based,C,1.0,100.0,10000.0,28,0.5357142857142857,526.1382596210642,1.6608192239952544,0.035311078899725686,5.105414899483824,ETHUSDT_4h
2,18,16.0,58.0,24.0,7.6,1.8,1.2,0.0,5,0.6,1.2,8.6,1,risk_based,C,1.0,100.0,10000.0,24,0.5,566.2762144392036,1.6896257847795744,0.024099791880084917,5.103228408358097,SOLUSDT_15m
3,30,24.0,62.0,20.0,7.0,1.8,1.0,0.05,2,0.4,1.2,8.4,1,risk_based,C,1.0,100.0,10000.0,21,0.7619047619047619,181.90652909267374,1.6946509027098242,0.010354031708312245,5.103003382244528,SOLUSDT_1h
4,24,16.0,58.0,18.0,6.8,1.8,0.8,0.05,2,1.0,1.2,8.6,1,risk_based,C,1.0,100.0,10000.0,28,0.75,370.06332336486594,1.5754069727218918,0.03456048725601117,5.102195807040616,SOLUSDT_15m
4,26,24.0,66.0,22.0,8.0,1.8,0.8,0.05,3,0.8,1.2,8.4,1,risk_based,C,1.0,100.0,10000.0,18,0.6666666666666666,372.72058978508903,1.7432609578854872,0.04123253233151009,5.095544908561533,ETHUSDT_1h
3,30,24.0,58.0,22.0,6.8,2.0,1.0,0.0,5,0.8,1.2,8.2,1,risk_based,C,1.0,100.0,10000.0,27,0.5925925925925926,511.9962068303157,1.6135266823824634,0.033132282207473635,5.0685416138617105,BTCUSDT_1h
2,18,22.0,56.0,22.0,7.0,2.0,1.0,0.05,4,0.6,0.8,7.8,1,risk_based,C,1.0,100.0,10000.0,26,0.6538461538461539,433.02186736053227,1.6127942123661052,0.03161804390400007,5.064525391149974,BTCUSDT_4h
2,22,12.0,60.0,16.0,7.6,2.0,1.2,0.0,2,0.4,0.6,8.0,1,risk_based,C,1.0,100.0,10000.0,25,0.52,473.9408811038611,1.6749646188870444,0.02199623942153401,5.037881400613347,SOLUSDT_15m
3,26,14.0,60.0,20.0,7.0,2.2,1.2,0.1,2,0.6,0.8,8.0,1,risk_based,C,1.0,100.0,10000.0,17,0.5882352941176471,396.18727639240933,1.7730881195403736,0.04246906303952101,5.037309267531064,ETHUSDT_1h
2,16,14.0,58.0,24.0,7.2,1.8,0.8,0.0,5,0.6,1.2,8.4,1,risk_based,C,1.0,100.0,10000.0,19,0.631578947368421,330.2299735639335,1.705075725457654,0.011963999999999982,5.031857845531873,ETHUSDT_1h
4,22,22.0,60.0,20.0,8.0,1.8,1.0,0.05,5,0.8,0.6,7.8,1,risk_based,C,1.0,100.0,10000.0,26,0.6153846153846154,388.0862429183926,1.6354896852248588,0.024111846264699362,5.029806997650935,BTCUSDT_1h
2,18,16.0,66.0,20.0,7.0,1.8,1.0,0.0,2,1.0,0.8,8.2,1,risk_based,C,1.0,100.0,10000.0,24,0.5833333333333334,555.3815704879835,1.612252361243577,0.035752818142019686,5.027627838549078,SOLUSDT_1h
4,22,18.0,56.0,22.0,6.8,2.0,1.0,0.05,2,0.8,1.0,7.8,1,risk_based,C,1.0,100.0,10000.0,27,0.6666666666666666,491.82253270205547,1.5575710924122348,0.04407073747538021,5.014752505100384,BTCUSDT_1h
3,28,14.0,62.0,16.0,7.8,2.2,1.2,0.0,2,0.8,0.8,8.0,1,risk_based,C,1.0,100.0,10000.0,22,0.5454545454545454,475.18538452806933,1.6831106518905017,0.030114593717659913,5.009244725337912,BTCUSDT_15m
2,18,22.0,56.0,22.0,7.0,2.0,1.0,0.05,4,0.6,0.8,7.8,1,risk_based,C,1.0,100.0,10000.0,20,0.6,425.80850611412825,1.6757626311138172,0.023216630901273537,5.007683875637943,ETHUSDT_1h
4,18,12.0,66.0,22.0,8.0,1.8,1.2,0.0,3,1.0,0.8,8.2,1,risk_based,C,1.0,100.0,10000.0,12,0.5833333333333334,397.16324845004056,1.7819937414189004,0.029700999999999887,4.987047731287841,ETHUSDT_1h
2,18,10.0,56.0,18.0,7.0,1.8,1.2,0.0,3,0.6,1.2,7.8,1,risk_based,C,1.0,100.0,10000.0,20,0.55,548.3819734074168,1.6480823296043923,0.03381269875558577,4.968108536349445,SOLUSDT_1h
4,16,18.0,64.0,22.0,7.4,2.0,0.8,0.1,3,0.4,1.0,8.6,1,risk_based,C,1.0,100.0,10000.0,29,0.6896551724137931,264.08152597037224,1.5704530333538376,0.017904160000000086,4.965757871298736,BTCUSDT_15m
3,22,22.0,66.0,18.0,7.2,2.2,1.0,0.1,4,1.0,1.0,8.2,1,risk_based,C,1.0,100.0,10000.0,25,0.6,476.15452420426845,1.592631720338134,0.0379582543679542,4.947543201776674,SOLUSDT_15m
4,24,22.0,60.0,24.0,7.6,2.4,1.0,0.0,2,1.0,1.0,8.6,1,risk_based,C,1.0,100.0,10000.0,23,0.6086956521739131,520.3425934452916,1.5906598564161132,0.04478013061455389,4.9403653926947255,BTCUSDT_1h
3,20,20.0,56.0,18.0,7.2,2.2,0.8,0.05,4,0.4,1.0,7.8,1,risk_based,C,1.0,100.0,10000.0,28,0.5714285714285714,478.44848394539076,1.5884531373773734,0.046110680088899576,4.934165575576296,BTCUSDT_15m
4,20,18.0,62.0,24.0,8.0,1.8,1.0,0.05,3,1.0,1.0,8.4,1,risk_based,C,1.0,100.0,10000.0,24,0.625,478.49117544077126,1.574935406268951,0.03839324081890497,4.930682265521957,SOLUSDT_15m
4,30,18.0,58.0,24.0,7.4,2.4,0.8,0.05,4,1.0,1.0,8.2,1,risk_based,C,1.0,100.0,10000.0,17,0.5882352941176471,497.4290309735243,1.6636798896006206,0.03926116817652891,4.929358246821649,ETHUSDT_4h
3,20,18.0,56.0,16.0,7.6,2.4,1.0,0.1,4,1.0,0.6,8.4,1,risk_based,C,1.0,100.0,10000.0,19,0.5263157894736842,567.8865745240091,1.6515426852424515,0.0385164065378639,4.9248964096058465,SOLUSDT_1h
2,28,24.0,62.0,18.0,7.0,1.8,0.8,0.05,3,0.6,1.2,7.8,1,risk_based,C,1.0,100.0,10000.0,27,0.6666666666666666,446.4235910757561,1.5044210299910137,0.02970099999999998,4.906162651057784,ETHUSDT_1h
3,26,16.0,66.0,16.0,6.8,2.0,1.0,0.0,3,0.4,1.2,8.2,1,risk_based,C,1.0,100.0,10000.0,31,0.6451612903225806,321.5986038435476,1.5295155350755838,0.02141060497307662,4.904139794559356,SOLUSDT_15m
3,28,20.0,58.0,18.0,7.6,2.4,0.8,0.0,2,0.6,0.8,8.4,1,risk_based,C,1.0,100.0,10000.0,28,0.6785714285714286,310.39824462678007,1.5662637934289305,0.03895202781858608,4.9039268908860265,BTCUSDT_1h
4,22,22.0,58.0,22.0,6.8,2.2,1.2,0.05,5,1.0,0.8,8.4,1,risk_based,C,1.0,100.0,10000.0,15,0.6666666666666666,339.3407101796038,1.6744468231729084,0.02958558813797586,4.899477592111492,SOLUSDT_1h
2,16,16.0,66.0,18.0,7.2,1.8,1.2,0.05,2,0.6,0.6,8.4,1,risk_based,C,1.0,100.0,10000.0,24,0.5416666666666666,416.0388954030095,1.6216553330561394,0.017892215999999937,4.898172913515289,ETHUSDT_1h
2,22,12.0,60.0,16.0,7.6,2.0,1.2,0.0,2,0.4,0.6,8.0,1,risk_based,C,1.0,100.0,10000.0,24,0.5416666666666666,412.5576481203152,1.6210733110552826,0.01789221600000017,4.893527622230879,ETHUSDT_1h
3,30,24.0,62.0,20.0,7.0,1.8,1.0,0.05,2,0.4,1.2,8.4,1,risk_based,C,1.0,100.0,10000.0,19,0.631578947368421,199.33224981193234,1.702330173528166,0.015555924472363753,4.884693244503804,ETHUSDT_1h
3,20,10.0,64.0,20.0,7.4,1.8,0.8,0.05,4,0.6,0.6,8.0,1,risk_based,C,1.0,100.0,10000.0,25,0.64,327.20735923756183,1.5901288174410397,0.02947013257970921,4.879054596380514,ETHUSDT_4h
4,20,16.0,58.0,18.0,7.4,1.8,0.8,0.1,4,1.0,0.8,8.2,1,risk_based,C,1.0,100.0,10000.0,20,0.65,422.0083834924608,1.6205946960432385,0.05624698082309088,4.869456833109665,ETHUSDT_1h
4,18,10.0,66.0,20.0,7.0,2.0,0.8,0.1,2,0.4,1.2,7.8,1,risk_based,C,1.0,100.0,10000.0,28,0.75,315.1218575105049,1.4728776358361244,0.027050249992489478,4.864726379205285,SOLUSDT_15m
2,18,10.0,56.0,18.0,7.0,1.8,1.2,0.0,3,0.6,1.2,7.8,1,risk_based,C,1.0,100.0,10000.0,23,0.5652173913043478,532.074274184748,1.5561374383655033,0.02970100000000019,4.8630722378722755,ETHUSDT_1h
3,26,20.0,62.0,20.0,8.0,2.4,1.0,0.0,5,0.4,0.6,8.2,1,risk_based,C,1.0,100.0,10000.0,17,0.6470588235294118,198.98215695120234,1.6976226331479112,0.013936096000000186,4.863007370541142,ETHUSDT_4h
4,24,16.0,58.0,18.0,6.8,1.8,0.8,0.05,2,1.0,1.2,8.6,1,risk_based,C,1.0,100.0,10000.0,33,0.7272727272727273,302.2239502978082,1.4467458777336335,0.028045177025431092,4.8624892655978735,BTCUSDT_15m
2,16,18.0,60.0,16.0,7.2,2.0,1.2,0.0,2,0.8,1.2,8.6,1,risk_based,C,1.0,100.0,10000.0,26,0.5,590.2239183393049,1.540595565983641,0.030217724490644582,4.850761876834653,SOLUSDT_15m
3,30,16.0,64.0,22.0,8.0,2.0,1.2,0.0,4,0.8,0.6,8.0,1,risk_based,C,1.0,100.0,10000.0,23,0.5217391304347826,374.2164449298816,1.650385920462004,0.023784862704000105,4.846242393394062,BTCUSDT_15m
2,16,14.0,58.0,24.0,7.2,1.8,0.8,0.0,5,0.6,1.2,8.4,1,risk_based,C,1.0,100.0,10000.0,25,0.56,429.8057943970489,1.5673401982306823,0.019946758957654673,4.84464591398545,SOLUSDT_15m
4,22,10.0,64.0,16.0,7.4,2.2,1.0,0.0,4,0.6,1.0,8.4,1,risk_based,C,1.0,100.0,10000.0,17,0.5882352941176471,330.5772041308537,1.6942264336241144,0.033547014076960195,4.840741970324673,ETHUSDT_4h
3,26,20.0,62.0,20.0,8.0,2.4,1.0,0.0,5,0.4,0.6,8.2,1,risk_based,C,1.0,100.0,10000.0,22,0.6363636363636364,234.2614032513411,1.6209090839774227,0.015391211244201277,4.824451392019038,SOLUSDT_15m
2,18,16.0,58.0,24.0,7.6,1.8,1.2,0.0,5,0.6,1.2,8.6,1,risk_based,C,1.0,100.0,10000.0,32,0.59375,382.4169857761899,1.4939180175053024,0.027040471439337143,4.819756606468783,ETHUSDT_15m
2,16,20.0,64.0,22.0,7.8,2.2,0.8,0.1,4,0.4,1.2,8.4,1,risk_based,C,1.0,100.0,10000.0,41,0.7804878048780488,160.4084444825403,1.3574148111345308,0.017806408962509283,4.812550547181147,ETHUSDT_15m
3,20,24.0,62.0,20.0,8.0,2.0,1.2,0.05,5,0.6,1.0,8.4,1,risk_based,C,1.0,100.0,10000.0,26,0.5384615384615384,441.42003833548733,1.5689282813715422,0.032195655310113716,4.810381942840538,SOLUSDT_15m
2,18,16.0,66.0,20.0,7.0,1.8,1.0,0.0,2,1.0,0.8,8.2,1,risk_based,C,1.0,100.0,10000.0,24,0.5833333333333334,488.1855948500943,1.504644886277431,0.01998124530664493,4.792531631485021,ETHUSDT_1h
2,16,20.0,64.0,22.0,7.8,2.2,0.8,0.1,4,0.4,1.2,8.4,1,risk_based,C,1.0,100.0,10000.0,33,0.5757575757575758,336.6765703027013,1.4975767244192295,0.021645670221335046,4.790529372113519,SOLUSDT_4h
3,30,10.0,60.0,20.0,8.0,2.4,1.0,0.1,3,1.0,0.8,8.2,1,risk_based,C,1.0,100.0,10000.0,20,0.55,524.033715991085,1.5737110541522867,0.0385164065378639,4.780906604682067,SOLUSDT_1h
4,22,10.0,64.0,16.0,7.4,2.2,1.0,0.0,4,0.6,1.0,8.4,1,risk_based,C,1.0,100.0,10000.0,12,0.5833333333333334,226.16148300609348,1.749098910422809,0.023784862704000105,4.768004715739711,ETHUSDT_1h
3,22,12.0,62.0,24.0,6.8,1.8,1.2,0.1,2,0.4,0.8,8.0,1,risk_based,C,1.0,100.0,10000.0,22,0.5909090909090909,364.01375308353636,1.5732722018642558,0.023808512000000014,4.765496257175684,BTCUSDT_15m
3,22,22.0,66.0,18.0,7.2,2.2,1.0,0.1,4,1.0,1.0,8.2,1,risk_based,C,1.0,100.0,10000.0,29,0.5862068965517241,522.4867537518403,1.4961308942766487,0.07004510168105055,4.763923582089572,BTCUSDT_1h
4,24,20.0,58.0,16.0,7.2,2.4,0.8,0.05,5,0.8,0.6,8.4,1,risk_based,C,1.0,100.0,10000.0,27,0.6666666666666666,242.32078139683836,1.5164611148756368,0.018873899651917988,4.758621312192358,BTCUSDT_15m
3,24,24.0,58.0,22.0,7.6,2.4,1.0,0.05,5,1.0,1.0,8.0,1,risk_based,C,1.0,100.0,10000.0,20,0.55,513.9173460668062,1.5629445228095826,0.038960225933048244,4.7479257138868265,SOLUSDT_1h
4,16,12.0,66.0,22.0,7.0,2.4,0.8,0.0,4,1.0,1.0,8.0,1,risk_based,C,1.0,100.0,10000.0,25,0.68,327.69775978413963,1.5081403810780845,0.039506615319346954,4.745458675982269,BTCUSDT_15m
3,26,16.0,66.0,16.0,6.8,2.0,1.0,0.0,3,0.4,1.2,8.2,1,risk_based,C,1.0,100.0,10000.0,23,0.6521739130434783,217.70584836043236,1.5671547222017848,0.01590425574400003,4.742563395097219,ETHUSDT_1h
4,18,10.0,66.0,20.0,7.0,2.0,0.8,0.1,2,0.4,1.2,7.8,1,risk_based,C,1.0,100.0,10000.0,19,0.631578947368421,381.3446194110602,1.5942199073875871,0.05204054191403911,4.741031229496748,ETHUSDT_1h
3,22,22.0,66.0,18.0,7.2,2.2,1.0,0.1,4,1.0,1.0,8.2,1,risk_based,C,1.0,100.0,10000.0,23,0.5652173913043478,522.3323123770497,1.5132609019696603,0.03905574893085409,4.739512956480329,SOLUSDT_1h
4,18,10.0,66.0,20.0,7.0,2.0,0.8,0.1,2,0.4,1.2,7.8,1,risk_based,C,1.0,100.0,10000.0,34,0.7058823529411765,288.2347747878557,1.4002145103091135,0.031544923197996975,4.732852555223856,BTCUSDT_15m
2,30,18.0,66.0,24.0,8.0,2.2,0.8,0.0,4,0.6,1.0,8.0,1,risk_based,C,1.0,100.0,10000.0,32,0.65625,426.61676545923,1.3927230171010554,0.03940398999999998,4.718225829661341,SOLUSDT_4h
3,30,16.0,64.0,22.0,8.0,2.0,1.2,0.0,4,0.8,0.6,8.0,1,risk_based,C,1.0,100.0,10000.0,22,0.5454545454545454,334.69658897559384,1.5805152159754037,0.01736833732604032,4.701803827130099,SOLUSDT_15m
4,24,16.0,58.0,18.0,6.8,1.8,0.8,0.05,2,1.0,1.2,8.6,1,risk_based,C,1.0,100.0,10000.0,20,0.65,387.77906632630584,1.5548279094109547,0.058334788676485096,4.697430519118761,ETHUSDT_1h
3,16,14.0,60.0,16.0,6.8,2.2,1.2,0.0,5,0.4,0.6,8.6,1,risk_based,C,1.0,100.0,10000.0,22,0.5454545454545454,269.19621506265685,1.614027418109969,0.01985247942400001,4.695875431192413,BTCUSDT_15m
3,30,16.0,64.0,22.0,8.0,2.0,1.2,0.0,4,0.8,0.6,8.0,1,risk_based,C,1.0,100.0,10000.0,29,0.5862068965517241,357.6498524135186,1.4798580488373188,0.029642153527775925,4.687749834332415,BTCUSDT_4h
2,28,20.0,66.0,22.0,7.8,2.0,1.0,0.0,4,1.0,1.2,8.4,1,risk_based,C,1.0,100.0,10000.0,24,0.5833333333333334,420.1526968539147,1.4923908389537799,0.024181515769869953,4.687389827451865,SOLUSDT_15m
2,22,12.0,60.0,16.0,7.6,2.0,1.2,0.0,2,0.4,0.6,8.0,1,risk_based,C,1.0,100.0,10000.0,21,0.5238095238095238,358.7641239528057,1.5850228655383611,0.017997859370109413,4.680530562633485,SOLUSDT_1h
2,28,16.0,64.0,24.0,7.8,2.0,0.8,0.05,5,0.8,1.0,7.8,1,risk_based,C,1.0,100.0,10000.0,30,0.7,345.9234292446381,1.3967546768146182,0.038791566215218794,4.6730580842282174,BTCUSDT_4h
4,26,24.0,66.0,22.0,8.0,1.8,0.8,0.05,3,0.8,1.2,8.4,1,risk_based,C,1.0,100.0,10000.0,29,0.6896551724137931,293.0294250959978,1.422277549447367,0.028045177025431148,4.667931751535129,BTCUSDT_15m
4,18,14.0,58.0,18.0,7.6,1.8,0.8,0.0,5,1.0,1.2,8.2,1,risk_based,C,1.0,100.0,10000.0,22,0.7272727272727273,293.1916159655393,1.4936450248838145,0.04900995009999999,4.664360906342259,SOLUSDT_1h
3,20,24.0,58.0,20.0,8.0,2.2,1.0,0.05,4,0.4,0.8,7.8,1,risk_based,C,1.0,100.0,10000.0,22,0.5454545454545454,434.5146650336628,1.5323947737930046,0.03147761843305412,4.663053175502328,SOLUSDT_1h
2,16,18.0,60.0,16.0,7.2,2.0,1.2,0.0,2,0.8,1.2,8.6,1,risk_based,C,1.0,100.0,10000.0,25,0.52,481.4390383944301,1.4844659768351505,0.023808511999999983,4.658945456064732,ETHUSDT_1h
3,24,20.0,64.0,22.0,7.8,1.8,1.0,0.1,5,0.8,1.2,8.6,1,risk_based,C,1.0,100.0,10000.0,27,0.5925925925925926,402.60811557945635,1.4669915904666246,0.03584446770531128,4.657946782285661,BTCUSDT_1h
3,20,10.0,64.0,20.0,7.4,1.8,0.8,0.05,4,0.6,0.6,8.0,1,risk_based,C,1.0,100.0,10000.0,28,0.6428571428571429,284.92771676391567,1.4750315237724463,0.03506408845795807,4.6540842132206475,BTCUSDT_1h
4,22,18.0,56.0,22.0,6.8,2.0,1.0,0.05,2,0.8,1.0,7.8,1,risk_based,C,1.0,100.0,10000.0,24,0.5416666666666666,404.8762099624673,1.5094479160609224,0.030597945580892308,4.624478205341635,BTCUSDT_15m
3,28,16.0,56.0,16.0,7.8,2.4,1.0,0.05,5,1.0,0.6,7.8,1,risk_based,C,1.0,100.0,10000.0,19,0.5263157894736842,326.46333599801983,1.5997138387879195,0.02367869168113836,4.62432862274097,SOLUSDT_1h
4,20,18.0,62.0,24.0,8.0,1.8,1.0,0.05,3,1.0,1.0,8.4,1,risk_based,C,1.0,100.0,10000.0,23,0.6086956521739131,356.24100659568467,1.4887144742006022,0.02804517702543108,4.622577902181465,BTCUSDT_15m
3,16,14.0,60.0,16.0,6.8,2.2,1.2,0.0,5,0.4,0.6,8.6,1,risk_based,C,1.0,100.0,10000.0,18,0.6111111111111112,182.581394775405,1.6043444591268203,0.01984063872102405,4.608415063532641,ETHUSDT_1h
3,30,16.0,64.0,22.0,8.0,2.0,1.2,0.0,4,0.8,0.6,8.0,1,risk_based,C,1.0,100.0,10000.0,26,0.5,393.8808248300884,1.5205465847324295,0.03542687572003263,4.5986933671348496,BTCUSDT_1h
2,18,22.0,56.0,22.0,7.0,2.0,1.0,0.05,4,0.6,0.8,7.8,1,risk_based,C,1.0,100.0,10000.0,33,0.6363636363636364,315.4528696430989,1.404106919203068,0.04680290784280499,4.597803439066275,BTCUSDT_15m
3,24,20.0,56.0,22.0,8.0,1.8,1.2,0.1,5,1.0,0.6,8.0,1,risk_based,C,1.0,100.0,10000.0,19,0.5789473684210527,279.1935951789601,1.568060733141334,0.02378486270400005,4.592381525981207,ETHUSDT_4h
3,16,14.0,66.0,22.0,7.2,2.2,0.8,0.0,4,0.4,0.6,8.4,1,risk_based,C,1.0,100.0,10000.0,24,0.625,211.90739166700223,1.5235171803042076,0.02923669125302393,4.588731678516345,BTCUSDT_1h
3,20,20.0,56.0,18.0,7.2,2.2,0.8,0.05,4,0.4,1.0,7.8,1,risk_based,C,1.0,100.0,10000.0,21,0.7142857142857143,280.65975629712557,1.4516222445090703,0.029548963990217628,4.586685924773184,ETHUSDT_4h
3,30,24.0,58.0,22.0,6.8,2.0,1.0,0.0,5,0.8,1.2,8.2,1,risk_based,C,1.0,100.0,10000.0,23,0.5217391304347826,400.53328705531385,1.519797748407115,0.032373029559905356,4.585618390842002,BTCUSDT_15m
3,16,12.0,58.0,24.0,7.6,1.8,1.2,0.05,2,0.6,1.2,8.6,1,risk_based,C,1.0,100.0,10000.0,22,0.5909090909090909,269.9755818599115,1.5167160693880128,0.017892216000000082,4.576094708999573,BTCUSDT_15m
3,24,20.0,56.0,22.0,8.0,1.8,1.2,0.1,5,1.0,0.6,8.0,1,risk_based,C,1.0,100.0,10000.0,25,0.56,316.4666670638235,1.4992304150413365,0.03131173064401246,4.560992305214459,BTCUSDT_1h
4,30,18.0,56.0,16.0,7.8,2.4,1.0,0.0,2,0.8,0.8,8.2,1,risk_based,C,1.0,100.0,10000.0,21,0.5714285714285714,352.26701815876913,1.5084658594651754,0.029148062477878565,4.558897406798342,SOLUSDT_15m
3,30,10.0,62.0,20.0,7.8,2.4,1.2,0.0,5,0.6,0.6,8.4,1,risk_based,C,1.0,100.0,10000.0,22,0.5,307.32681409565885,1.5412611621109384,0.02378486270400013,4.508494550205536,BTCUSDT_15m
2,28,20.0,56.0,18.0,7.0,2.0,1.2,0.05,3,1.0,0.8,8.2,1,risk_based,C,1.0,100.0,10000.0,25,0.52,478.3333608513112,1.416273553162211,0.029701000000000085,4.5017774671757325,ETHUSDT_1h
4,20,16.0,58.0,18.0,7.4,1.8,0.8,0.1,4,1.0,0.8,8.2,1,risk_based,C,1.0,100.0,10000.0,26,0.7307692307692307,214.62601434878707,1.3735824994639716,0.028262769537770106,4.493156550817266,SOLUSDT_15m
4,22,22.0,60.0,20.0,8.0,1.8,1.0,0.05,5,0.8,0.6,7.8,1,risk_based,C,1.0,100.0,10000.0,23,0.5652173913043478,242.0387085598486,1.4823231560667194,0.017892216000000006,4.460834459649809,BTCUSDT_15m
3,26,16.0,66.0,16.0,6.8,2.0,1.0,0.0,3,0.4,1.2,8.2,1,risk_based,C,1.0,100.0,10000.0,34,0.5,276.20646874910926,1.407021366657719,0.01993448085265136,4.460445759506594,SOLUSDT_4h
3,26,20.0,62.0,20.0,8.0,2.4,1.0,0.0,5,0.4,0.6,8.2,1,risk_based,C,1.0,100.0,10000.0,26,0.5769230769230769,236.74642354785829,1.4649689740754297,0.03226031117279383,4.455288053564951,BTCUSDT_1h
4,30,14.0,56.0,24.0,6.8,2.0,0.8,0.1,2,0.6,1.2,7.8,1,risk_based,C,1.0,100.0,10000.0,20,0.6,359.0129030660446,1.4548034526596965,0.039118336379846054,4.4512647992459,ETHUSDT_4h
2,22,12.0,60.0,16.0,7.6,2.0,1.2,0.0,2,0.4,0.6,8.0,1,risk_based,C,1.0,100.0,10000.0,28,0.5,318.0605285065758,1.4578989418095185,0.033419637789504984,4.443599498757099,BTCUSDT_15m
4,30,18.0,56.0,16.0,7.8,2.4,1.0,0.0,2,0.8,0.8,8.2,1,risk_based,C,1.0,100.0,10000.0,25,0.6,334.3323132024743,1.4213305814787531,0.04474145782439177,4.442769102686805,BTCUSDT_1h
3,24,20.0,64.0,22.0,7.8,1.8,1.0,0.1,5,0.8,1.2,8.6,1,risk_based,C,1.0,100.0,10000.0,22,0.6363636363636364,312.2064590533082,1.432592867047918,0.04502215746006504,4.436871175314404,ETHUSDT_4h
3,30,10.0,62.0,20.0,7.8,2.4,1.2,0.0,5,0.6,0.6,8.4,1,risk_based,C,1.0,100.0,10000.0,25,0.52,349.9868266405665,1.4805416918024827,0.05149526045417551,4.436584428883005,BTCUSDT_1h
2,22,14.0,60.0,18.0,6.8,1.8,0.8,0.05,4,1.0,0.6,8.4,1,risk_based,C,1.0,100.0,10000.0,27,0.6666666666666666,298.1091877639137,1.3391107620451108,0.029701000000000078,4.427227711854135,ETHUSDT_1h
3,28,20.0,58.0,18.0,7.6,2.4,0.8,0.0,2,0.6,0.8,8.4,1,risk_based,C,1.0,100.0,10000.0,26,0.6538461538461539,197.69183732474085,1.4089227994962474,0.030114593717660152,4.425962885933487,BTCUSDT_15m
4,22,18.0,56.0,22.0,6.8,2.0,1.0,0.05,2,0.8,1.0,7.8,1,risk_based,C,1.0,100.0,10000.0,21,0.6190476190476191,312.36876130238306,1.4297460741469588,0.03483073879200683,4.415940121791708,SOLUSDT_15m
4,18,14.0,60.0,22.0,7.8,2.4,1.0,0.1,5,0.4,1.2,7.8,1,risk_based,C,1.0,100.0,10000.0,24,0.625,346.28408318760376,1.3909108509819366,0.04431679587296277,4.412655397532589,BTCUSDT_1h
4,30,14.0,56.0,24.0,6.8,2.0,0.8,0.1,2,0.6,1.2,7.8,1,risk_based,C,1.0,100.0,10000.0,19,0.7368421052631579,192.40902552383886,1.4152716252094193,0.035348421339487256,4.402170169818953,ETHUSDT_1h
3,30,16.0,64.0,22.0,8.0,2.0,1.2,0.0,4,0.8,0.6,8.0,1,risk_based,C,1.0,100.0,10000.0,20,0.6,237.03410609184357,1.4822315684767635,0.0354643006066094,4.395104341225543,ETHUSDT_4h
3,22,12.0,62.0,24.0,6.8,1.8,1.2,0.1,2,0.4,0.8,8.0,1,risk_based,C,1.0,100.0,10000.0,24,0.5416666666666666,334.982925555003,1.4323678878513075,0.03434439150024532,4.389185526756882,SOLUSDT_15m
3,24,22.0,60.0,24.0,7.6,1.8,1.2,0.1,2,0.6,0.8,8.2,1,risk_based,C,1.0,100.0,10000.0,21,0.5714285714285714,252.69945574298617,1.4593993338448863,0.02184038399999995,4.383119828575616,BTCUSDT_15m
4,30,18.0,58.0,24.0,7.4,2.4,0.8,0.05,4,1.0,1.0,8.2,1,risk_based,C,1.0,100.0,10000.0,26,0.6923076923076923,228.67620470601832,1.3546980793014332,0.03825435833267519,4.381770826772398,BTCUSDT_15m
2,16,20.0,56.0,24.0,7.0,2.2,1.2,0.05,3,0.6,1.2,8.0,1,risk_based,C,1.0,100.0,10000.0,20,0.5,387.7730477509922,1.4795884682620495,0.03865131888810356,4.380996027610781,SOLUSDT_15m
2,18,22.0,56.0,22.0,7.0,2.0,1.0,0.05,4,0.6,0.8,7.8,1,risk_based,C,1.0,100.0,10000.0,24,0.5833333333333334,267.72305285706716,1.4106307387394905,0.027862051291265982,4.36039837646225,SOLUSDT_15m
4,18,14.0,58.0,18.0,7.6,1.8,0.8,0.0,5,1.0,1.2,8.2,1,risk_based,C,1.0,100.0,10000.0,31,0.6451612903225806,241.33715780580678,1.3027770696463774,0.028045177025431314,4.350497701506138,BTCUSDT_15m
2,30,18.0,66.0,24.0,8.0,2.2,0.8,0.0,4,0.6,1.0,8.0,1,risk_based,C,1.0,100.0,10000.0,25,0.6,307.90801456250847,1.3905356533071116,0.054806054743249656,4.324561156946983,BTCUSDT_1h
4,30,14.0,56.0,24.0,6.8,2.0,0.8,0.1,2,0.6,1.2,7.8,1,risk_based,C,1.0,100.0,10000.0,19,0.631578947368421,259.3959229694374,1.3936313979081998,0.020012897525119772,4.313988447263109,SOLUSDT_4h
2,20,24.0,66.0,20.0,7.6,2.2,1.0,0.05,5,0.6,1.2,8.6,1,risk_based,C,1.0,100.0,10000.0,23,0.6086956521739131,244.91069492786482,1.3754090403337529,0.018613552502047933,4.312931596350097,SOLUSDT_1h
2,20,24.0,66.0,20.0,7.6,2.2,1.0,0.05,5,0.6,1.2,8.6,1,risk_based,C,1.0,100.0,10000.0,27,0.5925925925925926,254.98667086082605,1.3655244678816294,0.034832576722992975,4.310426765343995,SOLUSDT_15m
4,30,18.0,60.0,20.0,7.0,1.8,1.2,0.0,4,0.4,0.8,8.0,1,risk_based,C,1.0,100.0,10000.0,15,0.6,235.6690551724987,1.4914498574140873,0.039365099552768214,4.300473471342368,ETHUSDT_1h
4,30,14.0,56.0,24.0,6.8,2.0,0.8,0.1,2,0.6,1.2,7.8,1,risk_based,C,1.0,100.0,10000.0,29,0.6551724137931034,267.79590030912004,1.2944293999099452,0.04064700168169561,4.297472315773579,BTCUSDT_4h
2,18,16.0,66.0,20.0,7.0,1.8,1.0,0.0,2,1.0,0.8,8.2,1,risk_based,C,1.0,100.0,10000.0,30,0.5666666666666667,309.43586336196495,1.334689289084825,0.044360959471617424,4.295731563116762,BTCUSDT_15m
2,28,20.0,56.0,18.0,7.0,2.0,1.2,0.05,3,1.0,0.8,8.2,1,risk_based,C,1.0,100.0,10000.0,27,0.5185185185185185,338.3945335537519,1.3823420497219259,0.04185647548379962,4.295286984323983,BTCUSDT_15m
4,30,18.0,58.0,24.0,7.4,2.4,0.8,0.05,4,1.0,1.0,8.2,1,risk_based,C,1.0,100.0,10000.0,24,0.625,309.9583041752394,1.3505035356975683,0.04454846324375825,4.294819985839101,BTCUSDT_1h
3,28,14.0,62.0,16.0,7.8,2.2,1.2,0.0,2,0.8,0.8,8.0,1,risk_based,C,1.0,100.0,10000.0,20,0.55,329.2226575929071,1.4402867891505808,0.04705017875634567,4.293645699625032,ETHUSDT_4h
2,22,18.0,66.0,20.0,7.8,2.4,0.8,0.1,3,0.8,0.8,8.4,1,risk_based,C,1.0,100.0,10000.0,28,0.6785714285714286,186.3431674146068,1.2996377000158954,0.02487266466287904,4.2888577163149035,SOLUSDT_15m
4,24,22.0,60.0,24.0,7.6,2.4,1.0,0.0,2,1.0,1.0,8.6,1,risk_based,C,1.0,100.0,10000.0,13,0.6153846153846154,238.84019745368641,1.5023127324383414,0.046433698623097895,4.287241489537998,ETHUSDT_1h
4,18,22.0,62.0,24.0,7.4,2.2,1.2,0.0,2,0.8,1.0,7.8,1,risk_based,C,1.0,100.0,10000.0,14,0.5714285714285714,286.6197387281045,1.497412915586666,0.04643369862309779,4.279287331175,ETHUSDT_1h
3,26,16.0,66.0,16.0,6.8,2.0,1.0,0.0,3,0.4,1.2,8.2,1,risk_based,C,1.0,100.0,10000.0,27,0.5925925925925926,200.24745771846028,1.3541706388118275,0.0242483831342359,4.264732474828296,BTCUSDT_15m
4,24,22.0,60.0,24.0,7.6,2.4,1.0,0.0,2,1.0,1.0,8.6,1,risk_based,C,1.0,100.0,10000.0,21,0.6190476190476191,270.9189541335236,1.387264953457836,0.04711646279563734,4.252670901233713,BTCUSDT_15m
3,28,14.0,62.0,16.0,7.8,2.2,1.2,0.0,2,0.8,0.8,8.0,1,risk_based,C,1.0,100.0,10000.0,18,0.5,329.2226575929071,1.4533350828529155,0.03161804390399977,4.251038691586739,SOLUSDT_1h
2,16,18.0,60.0,16.0,7.2,2.0,1.2,0.0,2,0.8,1.2,8.6,1,risk_based,C,1.0,100.0,10000.0,22,0.5,371.82280179762347,1.3860128376987928,0.027926478172979035,4.250069042676272,SOLUSDT_1h
4,22,12.0,62.0,18.0,8.0,2.4,1.2,0.1,4,1.0,1.2,8.6,1,risk_based,C,1.0,100.0,10000.0,16,0.5,393.19940052786114,1.461541001474453,0.049009950099999935,4.239251553176767,ETHUSDT_4h
4,18,14.0,60.0,22.0,7.8,2.4,1.0,0.1,5,0.4,1.2,7.8,1,risk_based,C,1.0,100.0,10000.0,16,0.5,392.6381266523531,1.4608852402525607,0.049009950099999935,4.237378756857475,ETHUSDT_4h
4,16,18.0,64.0,22.0,7.4,2.0,0.8,0.1,3,0.4,1.0,8.6,1,risk_based,C,1.0,100.0,10000.0,23,0.6956521739130435,117.91406089357588,1.3491433299973334,0.029154681374952803,4.23221493763295,SOLUSDT_1h
4,22,22.0,60.0,20.0,8.0,1.8,1.0,0.05,5,0.8,0.6,7.8,1,risk_based,C,1.0,100.0,10000.0,14,0.5714285714285714,180.35835324288928,1.5013053792112225,0.029589522772496765,4.231343400490701,ETHUSDT_1h
4,22,22.0,58.0,22.0,6.8,2.2,1.2,0.05,5,1.0,0.8,8.4,1,risk_based,C,1.0,100.0,10000.0,14,0.5714285714285714,272.97305250057434,1.453123380542956,0.029611507298698818,4.2275281488332475,SOLUSDT_4h
4,18,22.0,62.0,24.0,7.4,2.2,1.2,0.0,2,0.8,1.0,7.8,1,risk_based,C,1.0,100.0,10000.0,14,0.5714285714285714,271.0478097204559,1.4499820423254035,0.02970100000000014,4.21905175151412,SOLUSDT_4h
4,30,18.0,58.0,24.0,7.4,2.4,0.8,0.05,4,1.0,1.0,8.2,1,risk_based,C,1.0,100.0,10000.0,19,0.631578947368421,252.43744888500441,1.3616558234009661,0.029701000000000012,4.214014516739568,SOLUSDT_4h
4,28,16.0,64.0,18.0,7.8,2.2,1.0,0.1,4,1.0,1.2,7.8,1,risk_based,C,1.0,100.0,10000.0,14,0.5714285714285714,279.4979341473954,1.4638863463187983,0.048636069378115925,4.198505275793501,ETHUSDT_1h
3,20,10.0,64.0,20.0,7.4,1.8,0.8,0.05,4,0.6,0.6,8.0,1,risk_based,C,1.0,100.0,10000.0,29,0.6896551724137931,137.49069395421975,1.2544826380202867,0.021676871971660776,4.195908112700501,SOLUSDT_15m
4,30,18.0,56.0,16.0,7.8,2.4,1.0,0.0,2,0.8,0.8,8.2,1,risk_based,C,1.0,100.0,10000.0,16,0.5,313.129050066138,1.4652211337730923,0.039365099552768054,4.195476018954018,ETHUSDT_4h
3,22,12.0,62.0,24.0,6.8,1.8,1.2,0.1,2,0.4,0.8,8.0,1,risk_based,C,1.0,100.0,10000.0,22,0.5454545454545454,290.24309041884044,1.393584047977911,0.04705017875634576,4.194442468287443,ETHUSDT_4h
2,16,14.0,58.0,24.0,7.2,1.8,0.8,0.0,5,0.6,1.2,8.4,1,risk_based,C,1.0,100.0,10000.0,23,0.6956521739130435,174.7808897422674,1.3190318130070042,0.041309657236000004,4.192393804917842,ETHUSDT_4h
3,30,24.0,58.0,22.0,6.8,2.0,1.0,0.0,5,0.8,1.2,8.2,1,risk_based,C,1.0,100.0,10000.0,29,0.6206896551724138,230.20530235095976,1.261144268985305,0.023994941145612167,4.191543499643354,SOLUSDT_4h
2,28,24.0,64.0,18.0,7.8,2.4,1.2,0.1,5,1.0,0.6,7.8,1,risk_based,C,1.0,100.0,10000.0,24,0.5416666666666666,223.24543795968384,1.3604250152534159,0.015986947882736188,4.188634624818308,SOLUSDT_15m
3,30,14.0,58.0,20.0,7.0,1.8,1.2,0.1,2,0.8,0.6,7.8,1,risk_based,C,1.0,100.0,10000.0,24,0.5416666666666666,210.52302231189424,1.3674340912694474,0.023069729891110374,4.168682015177458,BTCUSDT_15m
3,22,22.0,66.0,18.0,7.2,2.2,1.0,0.1,4,1.0,1.0,8.2,1,risk_based,C,1.0,100.0,10000.0,22,0.5,317.15345834666005,1.3804702730143357,0.034787577982611666,4.163731270427497,BTCUSDT_15m
2,16,20.0,56.0,20.0,7.2,2.2,1.0,0.0,3,1.0,0.8,8.0,1,risk_based,C,1.0,100.0,10000.0,24,0.5833333333333334,242.25980793126473,1.3459717986775206,0.0435822453924,4.158456669109106,BTCUSDT_1h
3,28,20.0,58.0,18.0,7.6,2.4,0.8,0.0,2,0.6,0.8,8.4,1,risk_based,C,1.0,100.0,10000.0,25,0.72,122.5471615185561,1.2561956602296724,0.01934546340787928,4.156902091754263,SOLUSDT_15m
4,22,22.0,58.0,22.0,6.8,2.2,1.2,0.05,5,1.0,0.8,8.4,1,risk_based,C,1.0,100.0,10000.0,12,0.5,294.1065301214312,1.5044839489688904,0.047002617284006065,4.1520665762071935,ETHUSDT_1h
2,28,20.0,66.0,22.0,7.8,2.0,1.0,0.0,4,1.0,1.2,8.4,1,risk_based,C,1.0,100.0,10000.0,29,0.5862068965517241,262.0169022459413,1.289860319417166,0.0499330398406287,4.151248766385973,BTCUSDT_15m
4,22,12.0,62.0,18.0,8.0,2.4,1.2,0.1,4,1.0,1.2,8.6,1,risk_based,C,1.0,100.0,10000.0,22,0.5454545454545454,268.6055903638753,1.3619312863652722,0.03367622887660003,4.149621294646438,BTCUSDT_15m
2,20,24.0,66.0,20.0,7.6,2.2,1.0,0.05,5,0.6,1.2,8.6,1,risk_based,C,1.0,100.0,10000.0,19,0.631578947368421,164.6355775783104,1.3545298861888704,0.020080202212928513,4.140823164369897,ETHUSDT_1h
3,20,24.0,58.0,20.0,8.0,2.2,1.0,0.05,4,0.4,0.8,7.8,1,risk_based,C,1.0,100.0,10000.0,20,0.6,237.1391801281552,1.3607324459821775,0.039293906112890346,4.140722353753839,ETHUSDT_4h
4,20,18.0,62.0,24.0,8.0,1.8,1.0,0.05,3,1.0,1.0,8.4,1,risk_based,C,1.0,100.0,10000.0,25,0.6,281.73612713804505,1.2862431145349342,0.03789390143962558,4.140540651889037,BTCUSDT_1h
2,24,12.0,56.0,24.0,7.0,2.2,1.0,0.1,3,0.8,0.8,8.2,1,risk_based,C,1.0,100.0,10000.0,22,0.5909090909090909,214.72774699438378,1.3358692485122774,0.027718955424024527,4.129673014110502,SOLUSDT_15m
2,28,22.0,60.0,24.0,7.4,2.4,0.8,0.0,5,1.0,0.6,8.6,1,risk_based,C,1.0,100.0,10000.0,22,0.5909090909090909,222.75040272994192,1.3351849846818427,0.029968757176535767,4.129577736927656,SOLUSDT_15m
2,28,22.0,60.0,24.0,7.4,2.4,0.8,0.0,5,1.0,0.6,8.6,1,risk_based,C,1.0,100.0,10000.0,25,0.56,322.38429919631017,1.330314901697597,0.06602526948666157,4.124938294131519,SOLUSDT_1h
3,22,12.0,62.0,24.0,6.8,1.8,1.2,0.1,2,0.4,0.8,8.0,1,risk_based,C,1.0,100.0,10000.0,26,0.5,323.56841455318863,1.3068948984666606,0.028715575644784674,4.1212114845521555,SOLUSDT_4h
4,24,22.0,60.0,24.0,7.6,2.4,1.0,0.0,2,1.0,1.0,8.6,1,risk_based,C,1.0,100.0,10000.0,17,0.5882352941176471,248.16687870818168,1.353187504529683,0.01990000000000012,4.117194828944018,SOLUSDT_4h
4,20,16.0,58.0,18.0,7.4,1.8,0.8,0.1,4,1.0,0.8,8.2,1,risk_based,C,1.0,100.0,10000.0,32,0.65625,156.91217376191162,1.2085125956284506,0.029565771058329738,4.109615051843823,BTCUSDT_15m
4,16,12.0,66.0,22.0,7.0,2.4,0.8,0.0,4,1.0,1.0,8.0,1,risk_based,C,1.0,100.0,10000.0,26,0.5769230769230769,310.98777583573246,1.2876451369034547,0.05433232930840831,4.1086656771020325,BTCUSDT_1h
4,24,20.0,58.0,16.0,7.2,2.4,0.8,0.05,5,0.8,0.6,8.4,1,risk_based,C,1.0,100.0,10000.0,26,0.6153846153846154,213.4302554181977,1.2834817102629712,0.04000240300911187,4.103463389993728,BTCUSDT_1h
3,30,24.0,58.0,22.0,6.8,2.0,1.0,0.0,5,0.8,1.2,8.2,1,risk_based,C,1.0,100.0,10000.0,23,0.6086956521739131,197.26036806775664,1.2982693360517723,0.02333734237296359,4.0968304913132805,SOLUSDT_15m
3,20,20.0,56.0,18.0,7.2,2.2,0.8,0.05,4,0.4,1.0,7.8,1,risk_based,C,1.0,100.0,10000.0,23,0.6956521739130435,159.87518241773978,1.2517283102066064,0.025223347004238103,4.091140022687804,SOLUSDT_15m
4,16,18.0,64.0,22.0,7.4,2.0,0.8,0.1,3,0.4,1.0,8.6,1,risk_based,C,1.0,100.0,10000.0,19,0.5789473684210527,120.38533560121687,1.3748827867808475,0.011952064000000043,4.082715769794491,SOLUSDT_4h
2,30,18.0,66.0,24.0,8.0,2.2,0.8,0.0,4,0.6,1.0,8.0,1,risk_based,C,1.0,100.0,10000.0,27,0.6296296296296297,217.72421844319615,1.2461228279601835,0.037764725255176906,4.081120143042477,BTCUSDT_15m
3,26,14.0,60.0,20.0,7.0,2.2,1.2,0.1,2,0.6,0.8,8.0,1,risk_based,C,1.0,100.0,10000.0,21,0.47619047619047616,274.56032486971526,1.3790724485990007,0.029167265815197255,4.079489138907839,BTCUSDT_15m
2,28,22.0,60.0,24.0,7.4,2.4,0.8,0.0,5,1.0,0.6,8.6,1,risk_based,C,1.0,100.0,10000.0,25,0.6,222.10024927978702,1.3024199271745196,0.04950912976858874,4.0784127143230595,BTCUSDT_1h
2,16,18.0,60.0,16.0,7.2,2.0,1.2,0.0,2,0.8,1.2,8.6,1,risk_based,C,1.0,100.0,10000.0,28,0.5,288.80654552158376,1.305155264818994,0.04547966035778036,4.07267809408623,BTCUSDT_15m
3,30,10.0,62.0,20.0,7.8,2.4,1.2,0.0,5,0.6,0.6,8.4,1,risk_based,C,1.0,100.0,10000.0,18,0.4444444444444444,259.33679657514404,1.42605093543743,0.023784862703999862,4.066750746004671,SOLUSDT_1h
2,30,22.0,64.0,16.0,6.8,1.8,1.2,0.0,2,0.8,0.8,8.4,1,risk_based,C,1.0,100.0,10000.0,29,0.5172413793103449,256.75602033855466,1.288900322497092,0.04213050338956239,4.0640272241295685,BTCUSDT_15m
2,16,14.0,58.0,24.0,7.2,1.8,0.8,0.0,5,0.6,1.2,8.4,1,risk_based,C,1.0,100.0,10000.0,33,0.6363636363636364,154.4300762612329,1.1877430199355985,0.027713293840000063,4.061321689157884,BTCUSDT_4h
4,16,18.0,64.0,22.0,7.4,2.0,0.8,0.1,3,0.4,1.0,8.6,1,risk_based,C,1.0,100.0,10000.0,17,0.6470588235294118,106.96705091453441,1.3567956843390738,0.025674757027249268,4.054122383805052,ETHUSDT_1h
3,22,12.0,62.0,24.0,6.8,1.8,1.2,0.1,2,0.4,0.8,8.0,1,risk_based,C,1.0,100.0,10000.0,26,0.5769230769230769,229.50436930095566,1.2812370858808082,0.04202282143184,4.051294692151668,BTCUSDT_4h
2,24,24.0,60.0,16.0,6.8,2.4,1.2,0.1,2,0.4,0.8,8.6,1,risk_based,C,1.0,100.0,10000.0,24,0.5416666666666666,186.89318576336336,1.3123953462119222,0.018363492828813745,4.049093399700766,SOLUSDT_15m
4,24,16.0,58.0,18.0,6.8,1.8,0.8,0.05,2,1.0,1.2,8.6,1,risk_based,C,1.0,100.0,10000.0,32,0.625,232.82542355627447,1.1995356646102364,0.054515885036288084,4.045849097667883,BTCUSDT_1h
3,26,16.0,66.0,16.0,6.8,2.0,1.0,0.0,3,0.4,1.2,8.2,1,risk_based,C,1.0,100.0,10000.0,27,0.5555555555555556,171.6820785370328,1.282375298622247,0.02762934380828688,4.02687797769,BTCUSDT_1h
3,16,14.0,66.0,22.0,7.2,2.2,0.8,0.0,4,0.4,0.6,8.4,1,risk_based,C,1.0,100.0,10000.0,25,0.68,81.84861959055524,1.2284969910938657,0.013936096000000016,4.017034313778287,SOLUSDT_15m
4,30,18.0,56.0,16.0,7.8,2.4,1.0,0.0,2,0.8,0.8,8.2,1,risk_based,C,1.0,100.0,10000.0,12,0.5833333333333334,170.3665532832947,1.4246328300094822,0.03936509955276806,4.016536914643955,ETHUSDT_1h
3,16,12.0,58.0,24.0,7.6,1.8,1.2,0.05,2,0.6,1.2,8.6,1,risk_based,C,1.0,100.0,10000.0,23,0.5652173913043478,209.71447767977224,1.3015623645748653,0.03500142926326901,4.0156610059962174,SOLUSDT_15m
4,18,22.0,62.0,24.0,7.4,2.2,1.2,0.0,2,0.8,1.0,7.8,1,risk_based,C,1.0,100.0,10000.0,25,0.52,338.1480821708028,1.2908339237173896,0.06173147027657699,4.014621518775851,BTCUSDT_1h
3,22,22.0,66.0,18.0,7.2,2.2,1.0,0.1,4,1.0,1.0,8.2,1,risk_based,C,1.0,100.0,10000.0,22,0.5454545454545454,313.92689796701416,1.3032587146964385,0.058345415935057154,4.003589897736538,ETHUSDT_4h
3,20,24.0,58.0,20.0,8.0,2.2,1.0,0.05,4,0.4,0.8,7.8,1,risk_based,C,1.0,100.0,10000.0,21,0.47619047619047616,254.16617669596235,1.3512538095907014,0.029640929766428643,4.002036720863794,BTCUSDT_15m
2,24,24.0,60.0,16.0,6.8,2.4,1.2,0.1,2,0.4,0.8,8.6,1,risk_based,C,1.0,100.0,10000.0,17,0.5882352941176471,130.4581659978776,1.3625881990349609,0.026660911718030287,3.998004770090179,SOLUSDT_1h
2,30,18.0,66.0,24.0,8.0,2.2,0.8,0.0,4,0.6,1.0,8.0,1,risk_based,C,1.0,100.0,10000.0,23,0.6086956521739131,201.03695873943616,1.2561493427538126,0.03387230342532249,3.9847622122319635,SOLUSDT_15m
3,28,20.0,58.0,18.0,7.6,2.4,0.8,0.0,2,0.6,0.8,8.4,1,risk_based,C,1.0,100.0,10000.0,23,0.6086956521739131,154.27568150364823,1.27391640299495,0.031594583802367876,3.980368214347314,SOLUSDT_1h
2,16,20.0,56.0,20.0,7.2,2.2,1.0,0.0,3,1.0,0.8,8.0,1,risk_based,C,1.0,100.0,10000.0,19,0.631578947368421,153.6341513215175,1.2816960932116437,0.02380851199999994,3.972969222797436,ETHUSDT_1h
2,28,20.0,66.0,22.0,7.8,2.0,1.0,0.0,4,1.0,1.2,8.4,1,risk_based,C,1.0,100.0,10000.0,27,0.48148148148148145,325.1576236933179,1.2863623284307897,0.06237927417680525,3.972966680246704,BTCUSDT_1h
3,30,24.0,62.0,20.0,7.0,1.8,1.0,0.05,2,0.4,1.2,8.4,1,risk_based,C,1.0,100.0,10000.0,33,0.6060606060606061,124.2984169805186,1.1795593298016929,0.02783413774902308,3.9690055724277444,SOLUSDT_15m
3,26,14.0,60.0,20.0,7.0,2.2,1.2,0.1,2,0.6,0.8,8.0,1,risk_based,C,1.0,100.0,10000.0,21,0.5714285714285714,207.1582792253539,1.298277136213665,0.03936509955276805,3.9627601101372365,ETHUSDT_4h
3,24,24.0,58.0,22.0,7.6,2.4,1.0,0.05,5,1.0,1.0,8.0,1,risk_based,C,1.0,100.0,10000.0,21,0.6190476190476191,179.42390713181885,1.276066062979037,0.03942843318206053,3.9618421621151403,SOLUSDT_15m
2,24,16.0,60.0,20.0,7.2,1.8,0.8,0.0,3,1.0,0.8,8.0,1,risk_based,C,1.0,100.0,10000.0,28,0.5714285714285714,218.35083732246858,1.2333470573065533,0.047050178756346,3.9610372728093943,SOLUSDT_1h
2,24,16.0,60.0,20.0,7.2,1.8,0.8,0.0,3,1.0,0.8,8.0,1,risk_based,C,1.0,100.0,10000.0,35,0.6,173.1514085636736,1.152518170587447,0.03936509955276791,3.9600924510802633,BTCUSDT_4h
4,22,18.0,56.0,22.0,6.8,2.0,1.0,0.05,2,0.8,1.0,7.8,1,risk_based,C,1.0,100.0,10000.0,20,0.55,273.92917542233226,1.3014734340853877,0.049009950099999894,3.954846193293108,ETHUSDT_4h
4,20,16.0,58.0,18.0,7.4,1.8,0.8,0.1,4,1.0,0.8,8.2,1,risk_based,C,1.0,100.0,10000.0,22,0.7272727272727273,129.71943517386535,1.2182975702099588,0.04813124247248515,3.9528299390854182,SOLUSDT_1h
2,18,10.0,56.0,18.0,7.0,1.8,1.2,0.0,3,0.6,1.2,7.8,1,risk_based,C,1.0,100.0,10000.0,28,0.5357142857142857,227.09810097599438,1.2507734911844186,0.046968082634585316,3.9513122640125045,BTCUSDT_15m
2,22,20.0,58.0,22.0,7.4,2.4,0.8,0.05,3,0.6,1.0,8.6,1,risk_based,C,1.0,100.0,10000.0,24,0.6666666666666666,125.86833718752314,1.2220143487355342,0.03304252501678338,3.9507694596082414,SOLUSDT_15m
3,24,20.0,64.0,22.0,7.8,1.8,1.0,0.1,5,0.8,1.2,8.6,1,risk_based,C,1.0,100.0,10000.0,24,0.625,170.30101419021594,1.2382827136173673,0.038272035574725645,3.9495503347007737,SOLUSDT_15m
2,20,20.0,56.0,22.0,6.8,2.4,0.8,0.1,3,1.0,0.8,7.8,1,risk_based,C,1.0,100.0,10000.0,32,0.59375,173.1554366674809,1.1681432571473143,0.03512956568853295,3.9346782538965104,SOLUSDT_4h
3,24,22.0,60.0,24.0,7.6,1.8,1.2,0.1,2,0.6,0.8,8.2,1,risk_based,C,1.0,100.0,10000.0,25,0.6,152.32582904367337,1.2425577086776765,0.03463505730655721,3.933536074479355,BTCUSDT_4h
4,24,18.0,66.0,22.0,7.2,2.4,1.2,0.05,3,0.6,1.2,8.4,1,risk_based,C,1.0,100.0,10000.0,12,0.5,173.31608109998888,1.4323866502429698,0.033494595115464404,3.927605596239535,ETHUSDT_1h
2,24,12.0,56.0,24.0,7.0,2.2,1.0,0.1,3,0.8,0.8,8.2,1,risk_based,C,1.0,100.0,10000.0,23,0.6086956521739131,163.91385658842592,1.2419102615442983,0.031618043903999804,3.925923726225893,BTCUSDT_15m
2,18,10.0,56.0,18.0,7.0,1.8,1.2,0.0,3,0.6,1.2,7.8,1,risk_based,C,1.0,100.0,10000.0,34,0.5294117647058824,259.9034326633082,1.1686711852056137,0.04900995010000005,3.9243335998333593,BTCUSDT_4h
3,24,22.0,60.0,24.0,7.6,1.8,1.2,0.1,2,0.6,0.8,8.2,1,risk_based,C,1.0,100.0,10000.0,25,0.52,183.15205709864313,1.2620899377597314,0.03150713986388161,3.8928105130264616,SOLUSDT_15m
4,24,18.0,66.0,22.0,7.2,2.4,1.2,0.05,3,0.6,1.2,8.4,1,risk_based,C,1.0,100.0,10000.0,16,0.5,195.99068640595033,1.3634939126333168,0.033547014076959945,3.892337469441704,ETHUSDT_4h
3,30,14.0,58.0,20.0,7.0,1.8,1.2,0.1,2,0.8,0.6,7.8,1,risk_based,C,1.0,100.0,10000.0,18,0.6111111111111112,123.92352055824267,1.2803524591491615,0.023678965812089683,3.890258208086963,ETHUSDT_1h
3,16,14.0,66.0,22.0,7.2,2.2,0.8,0.0,4,0.4,0.6,8.4,1,risk_based,C,1.0,100.0,10000.0,23,0.6086956521739131,105.21656043301664,1.2470412246111142,0.029630431089266145,3.883451194648316,ETHUSDT_4h
3,24,20.0,56.0,22.0,8.0,1.8,1.2,0.1,5,1.0,0.6,8.0,1,risk_based,C,1.0,100.0,10000.0,24,0.5,169.67963319311275,1.280854373783362,0.026122504843687982,3.883020866228773,BTCUSDT_15m
3,24,20.0,64.0,22.0,7.8,1.8,1.0,0.1,5,0.8,1.2,8.6,1,risk_based,C,1.0,100.0,10000.0,23,0.5217391304347826,202.7394299193329,1.2641908159481197,0.03142790756679589,3.879446034767358,BTCUSDT_15m
2,28,20.0,66.0,22.0,7.8,2.0,1.0,0.0,4,1.0,1.2,8.4,1,risk_based,C,1.0,100.0,10000.0,31,0.5161290322580645,278.49348213335907,1.1914412490606447,0.05908088916083998,3.8783268611592256,SOLUSDT_4h
2,30,22.0,64.0,16.0,6.8,1.8,1.2,0.0,2,0.8,0.8,8.4,1,risk_based,C,1.0,100.0,10000.0,23,0.5652173913043478,199.55925361956906,1.2463486846486744,0.04106107971979397,3.876899470714058,SOLUSDT_1h
4,16,18.0,64.0,22.0,7.4,2.0,0.8,0.1,3,0.4,1.0,8.6,1,risk_based,C,1.0,100.0,10000.0,24,0.75,60.466845986273256,1.1380720694886903,0.02216791919992536,3.875107227363878,SOLUSDT_15m
3,30,24.0,58.0,22.0,6.8,2.0,1.0,0.0,5,0.8,1.2,8.2,1,risk_based,C,1.0,100.0,10000.0,34,0.5588235294117647,185.10472220370139,1.147235605766691,0.04130186346496002,3.8739056374598504,BTCUSDT_4h
2,16,20.0,56.0,24.0,7.0,2.2,1.2,0.05,3,0.6,1.2,8.0,1,risk_based,C,1.0,100.0,10000.0,21,0.47619047619047616,272.3446602288859,1.3182487629792938,0.05918100723627837,3.8655848787643525,BTCUSDT_1h
3,24,20.0,56.0,22.0,8.0,1.8,1.2,0.1,5,1.0,0.6,8.0,1,risk_based,C,1.0,100.0,10000.0,27,0.5555555555555556,153.37452500400832,1.2086836648499673,0.029174455700587475,3.856551820935514,BTCUSDT_4h
3,28,18.0,66.0,24.0,7.0,2.2,0.8,0.0,2,0.8,1.2,8.2,1,risk_based,C,1.0,100.0,10000.0,25,0.6,184.73840668873345,1.210274920401005,0.052802375385087905,3.84688112133548,ETHUSDT_4h
2,18,16.0,58.0,24.0,7.6,1.8,1.2,0.0,5,0.6,1.2,8.6,1,risk_based,C,1.0,100.0,10000.0,32,0.5625,141.2982535569954,1.150510497789932,0.027713293840000083,3.8429293676168594,BTCUSDT_4h
3,20,18.0,56.0,16.0,7.6,2.4,1.0,0.1,4,1.0,0.6,8.4,1,risk_based,C,1.0,100.0,10000.0,26,0.5384615384615384,168.92336392195284,1.234819919856209,0.04195252803097584,3.840397927233751,BTCUSDT_15m
3,16,14.0,60.0,16.0,6.8,2.2,1.2,0.0,5,0.4,0.6,8.6,1,risk_based,C,1.0,100.0,10000.0,22,0.5909090909090909,105.21656043301664,1.247454009319995,0.029630431089266145,3.837596922168845,ETHUSDT_4h
2,20,20.0,56.0,22.0,6.8,2.4,0.8,0.1,3,1.0,0.8,7.8,1,risk_based,C,1.0,100.0,10000.0,32,0.65625,103.13973008850735,1.1122690506780544,0.0406857594341742,3.8299955531420937,BTCUSDT_4h
3,20,24.0,62.0,20.0,8.0,2.0,1.2,0.05,5,0.6,1.0,8.4,1,risk_based,C,1.0,100.0,10000.0,28,0.5,210.85395681130285,1.2277113318627546,0.05274267545339625,3.818048594176623,BTCUSDT_1h
2,20,20.0,56.0,22.0,6.8,2.4,0.8,0.1,3,1.0,0.8,7.8,1,risk_based,C,1.0,100.0,10000.0,23,0.6521739130434783,101.1289809834634,1.1829093375474742,0.02952817423768468,3.816624002930575,SOLUSDT_15m
2,28,20.0,66.0,22.0,7.8,2.0,1.0,0.0,4,1.0,1.2,8.4,1,risk_based,C,1.0,100.0,10000.0,25,0.52,252.94383248072336,1.2197772218314087,0.052786473705592404,3.8141388550267634,SOLUSDT_1h
3,30,24.0,58.0,22.0,6.8,2.0,1.0,0.0,5,0.8,1.2,8.2,1,risk_based,C,1.0,100.0,10000.0,23,0.6086956521739131,170.3960288045655,1.213979366813113,0.052802375385088175,3.8129911145363966,ETHUSDT_4h
3,20,24.0,62.0,20.0,8.0,2.0,1.2,0.05,5,0.6,1.0,8.4,1,risk_based,C,1.0,100.0,10000.0,23,0.5217391304347826,165.73602152810417,1.242068504181608,0.030067033427030595,3.802280625262402,BTCUSDT_15m
3,16,12.0,58.0,24.0,7.6,1.8,1.2,0.05,2,0.6,1.2,8.6,1,risk_based,C,1.0,100.0,10000.0,25,0.6,121.1351226560746,1.1869831471375465,0.035049715052509305,3.7899522717736396,BTCUSDT_4h
2,26,20.0,64.0,20.0,8.0,1.8,1.2,0.05,2,1.0,0.6,8.6,1,risk_based,C,1.0,100.0,10000.0,29,0.5172413793103449,158.97628426556548,1.184666358517504,0.0381152395130655,3.769825351726894,BTCUSDT_15m
3,24,22.0,60.0,24.0,7.6,1.8,1.2,0.1,2,0.6,0.8,8.2,1,risk_based,C,1.0,100.0,10000.0,20,0.55,153.50753165277274,1.2511275613678554,0.04127474096065743,3.7569384315065113,ETHUSDT_4h
4,24,18.0,66.0,22.0,7.2,2.4,1.2,0.05,3,0.6,1.2,8.4,1,risk_based,C,1.0,100.0,10000.0,20,0.55,129.65393241007223,1.2327606518038725,0.021844360000000066,3.754642156017817,BTCUSDT_15m
4,22,22.0,58.0,22.0,6.8,2.2,1.2,0.05,5,1.0,0.8,8.4,1,risk_based,C,1.0,100.0,10000.0,24,0.5833333333333334,172.5073211896215,1.1894256368224017,0.05723703458419763,3.734647491081832,BTCUSDT_1h
3,16,14.0,60.0,16.0,6.8,2.2,1.2,0.0,5,0.4,0.6,8.6,1,risk_based,C,1.0,100.0,10000.0,27,0.5185185185185185,113.33821339583665,1.201637615811085,0.038606864519290705,3.7185706292379126,BTCUSDT_1h
2,16,20.0,64.0,22.0,7.8,2.2,0.8,0.1,4,0.4,1.2,8.4,1,risk_based,C,1.0,100.0,10000.0,25,0.68,54.44393686953481,1.1075236201297958,0.02427361473891164,3.7166703329123916,SOLUSDT_15m
4,18,14.0,60.0,22.0,7.8,2.4,1.0,0.1,5,0.4,1.2,7.8,1,risk_based,C,1.0,100.0,10000.0,19,0.5789473684210527,154.066143688191,1.1918418546289598,0.029700999999999988,3.6970679055776894,SOLUSDT_4h
4,22,18.0,56.0,22.0,6.8,2.0,1.0,0.05,2,0.8,1.0,7.8,1,risk_based,C,1.0,100.0,10000.0,19,0.5789473684210527,151.79816311274408,1.1902751335269774,0.02962088824364085,3.6919068180673555,SOLUSDT_4h
3,20,24.0,62.0,20.0,8.0,2.0,1.2,0.05,5,0.6,1.0,8.4,1,risk_based,C,1.0,100.0,10000.0,30,0.5666666666666667,103.14457597249202,1.1178459826444846,0.033314106205271705,3.6888942226456463,BTCUSDT_4h
4,26,24.0,66.0,22.0,8.0,1.8,0.8,0.05,3,0.8,1.2,8.4,1,risk_based,C,1.0,100.0,10000.0,28,0.7142857142857143,32.90773673485637,1.048700792457192,0.02609471243597413,3.68345375576989,SOLUSDT_15m
3,22,12.0,62.0,24.0,6.8,1.8,1.2,0.1,2,0.4,0.8,8.0,1,risk_based,C,1.0,100.0,10000.0,25,0.52,163.24891006107464,1.1831650020555529,0.052057521251298505,3.6534063504182854,BTCUSDT_1h
3,26,20.0,62.0,20.0,8.0,2.4,1.0,0.0,5,0.4,0.6,8.2,1,risk_based,C,1.0,100.0,10000.0,23,0.5217391304347826,92.59546388483432,1.1924253320688962,0.022270311066431625,3.6532438904755056,SOLUSDT_1h
2,18,16.0,58.0,24.0,7.6,1.8,1.2,0.0,5,0.6,1.2,8.6,1,risk_based,C,1.0,100.0,10000.0,26,0.5769230769230769,98.45886333588169,1.1364531885889295,0.03800232583296424,3.6427428783994635,BTCUSDT_15m
2,16,20.0,64.0,22.0,7.8,2.2,0.8,0.1,4,0.4,1.2,8.4,1,risk_based,C,1.0,100.0,10000.0,19,0.6842105263157895,38.18667008531338,1.1261287084471943,0.020483887205562726,3.6353082148366984,ETHUSDT_1h
3,24,22.0,60.0,24.0,7.6,1.8,1.2,0.1,2,0.6,0.8,8.2,1,risk_based,C,1.0,100.0,10000.0,25,0.44,163.0890204264997,1.1922026496418507,0.025174694241246166,3.631970236986463,SOLUSDT_4h
2,26,20.0,64.0,20.0,8.0,1.8,1.2,0.05,2,1.0,0.6,8.6,1,risk_based,C,1.0,100.0,10000.0,27,0.48148148148148145,182.06113021549208,1.1510320059406942,0.03860946927782557,3.630518956485626,SOLUSDT_1h
2,18,22.0,56.0,22.0,7.0,2.0,1.0,0.05,4,0.6,0.8,7.8,1,risk_based,C,1.0,100.0,10000.0,20,0.55,121.52578132906638,1.1851371844163956,0.03130595068182041,3.6228822981163966,SOLUSDT_1h
3,28,18.0,66.0,24.0,7.0,2.2,0.8,0.0,2,0.8,1.2,8.2,1,risk_based,C,1.0,100.0,10000.0,32,0.65625,32.003678032524476,1.0368342245653213,0.03803603580723793,3.6159390197414534,SOLUSDT_4h
3,24,20.0,64.0,22.0,7.8,1.8,1.0,0.1,5,0.8,1.2,8.6,1,risk_based,C,1.0,100.0,10000.0,25,0.56,116.05182713599606,1.1284992628617765,0.03252950510937495,3.6154618375314245,SOLUSDT_1h
4,18,14.0,60.0,22.0,7.8,2.4,1.0,0.1,5,0.4,1.2,7.8,1,risk_based,C,1.0,100.0,10000.0,22,0.5454545454545454,133.51524224851164,1.1788276454632112,0.04558515184068536,3.612596895834696,BTCUSDT_15m
3,30,10.0,62.0,20.0,7.8,2.4,1.2,0.0,5,0.6,0.6,8.4,1,risk_based,C,1.0,100.0,10000.0,31,0.5161290322580645,98.58324278416694,1.108100996555831,0.03546430060660938,3.6025858824630976,BTCUSDT_4h
2,16,20.0,56.0,20.0,7.2,2.2,1.0,0.0,3,1.0,0.8,8.0,1,risk_based,C,1.0,100.0,10000.0,31,0.5483870967741935,97.24974669103722,1.0859532143233168,0.03936509955276814,3.5936415218406568,BTCUSDT_4h
3,24,22.0,60.0,24.0,7.6,1.8,1.2,0.1,2,0.6,0.8,8.2,1,risk_based,C,1.0,100.0,10000.0,23,0.5217391304347826,117.42659745741366,1.1748714487824805,0.03923506068576824,3.592073008617244,BTCUSDT_1h
4,22,18.0,56.0,22.0,6.8,2.0,1.0,0.05,2,0.8,1.0,7.8,1,risk_based,C,1.0,100.0,10000.0,27,0.5925925925925926,119.89645272935195,1.1083252292230696,0.05847518791547545,3.590010236317954,BTCUSDT_4h
2,18,16.0,58.0,24.0,7.6,1.8,1.2,0.0,5,0.6,1.2,8.6,1,risk_based,C,1.0,100.0,10000.0,28,0.42857142857142855,174.12789653478285,1.1690328695418108,0.04444887348360292,3.5817041580247384,SOLUSDT_4h
2,18,22.0,56.0,22.0,7.0,2.0,1.0,0.05,4,0.6,0.8,7.8,1,risk_based,C,1.0,100.0,10000.0,25,0.48,145.69926406901322,1.1650651580819291,0.038601446694427624,3.5800252401495887,BTCUSDT_1h
3,30,24.0,62.0,20.0,7.0,1.8,1.0,0.05,2,0.4,1.2,8.4,1,risk_based,C,1.0,100.0,10000.0,30,0.6,45.89379729390566,1.0692917027594357,0.034977650147983014,3.579544252368828,BTCUSDT_1h
3,30,16.0,64.0,22.0,8.0,2.0,1.2,0.0,4,0.8,0.6,8.0,1,risk_based,C,1.0,100.0,10000.0,20,0.5,114.5582300465594,1.1894987495281166,0.023889872213888694,3.5718861124611263,SOLUSDT_1h
4,26,24.0,66.0,22.0,8.0,1.8,0.8,0.05,3,0.8,1.2,8.4,1,risk_based,C,1.0,100.0,10000.0,23,0.6956521739130435,45.92793491286284,1.0801560111484607,0.04849360945746654,3.56423738970695,SOLUSDT_1h
2,22,18.0,66.0,20.0,7.8,2.4,0.8,0.1,3,0.8,0.8,8.4,1,risk_based,C,1.0,100.0,10000.0,31,0.6129032258064516,44.1495421991458,1.0457628906412837,0.03874775086737435,3.558786909589268,BTCUSDT_4h
4,30,18.0,58.0,24.0,7.4,2.4,0.8,0.05,4,1.0,1.0,8.2,1,risk_based,C,1.0,100.0,10000.0,22,0.6363636363636364,76.275525433246,1.105021671168646,0.04585270258365948,3.5433062145650145,SOLUSDT_15m
4,24,16.0,58.0,18.0,6.8,1.8,0.8,0.05,2,1.0,1.2,8.6,1,risk_based,C,1.0,100.0,10000.0,25,0.6,72.89179325055193,1.0731752588576386,0.029620888243641005,3.530379646234906,SOLUSDT_4h
2,16,14.0,58.0,24.0,7.2,1.8,0.8,0.0,5,0.6,1.2,8.4,1,risk_based,C,1.0,100.0,10000.0,32,0.6875,-6.719644934921234,0.990053171853749,0.038216924294088656,3.529985925890311,BTCUSDT_15m
2,24,16.0,60.0,20.0,7.2,1.8,0.8,0.0,3,1.0,0.8,8.0,1,risk_based,C,1.0,100.0,10000.0,36,0.6111111111111112,3.418416788770628,1.004076030353843,0.04161911691696618,3.523379793412225,BTCUSDT_15m
4,20,18.0,62.0,24.0,8.0,1.8,1.0,0.05,3,1.0,1.0,8.4,1,risk_based,C,1.0,100.0,10000.0,26,0.6153846153846154,77.94351616462882,1.0765571496288875,0.05074441728466838,3.5219014866453215,BTCUSDT_4h
4,28,16.0,64.0,18.0,7.8,2.2,1.0,0.1,4,1.0,1.2,7.8,1,risk_based,C,1.0,100.0,10000.0,30,0.5333333333333333,136.17336687550232,1.0985382887804558,0.07053322742914139,3.52165026214899,BTCUSDT_1h
4,18,10.0,66.0,20.0,7.0,2.0,0.8,0.1,2,0.4,1.2,7.8,1,risk_based,C,1.0,100.0,10000.0,20,0.6,77.05342751097305,1.0962308102619123,0.020012897525119772,3.509476355459438,SOLUSDT_4h
2,22,14.0,60.0,18.0,6.8,1.8,0.8,0.05,4,1.0,0.6,8.4,1,risk_based,C,1.0,100.0,10000.0,38,0.5789473684210527,13.402207860624912,1.0091862884276324,0.053566143628718234,3.4994974064613142,BTCUSDT_4h
3,30,10.0,60.0,20.0,8.0,2.4,1.0,0.1,3,1.0,0.8,8.2,1,risk_based,C,1.0,100.0,10000.0,24,0.5416666666666666,89.60906949751734,1.1121512180993594,0.04796064228928245,3.4625295788283887,BTCUSDT_15m
2,24,12.0,56.0,24.0,7.0,2.2,1.0,0.1,3,0.8,0.8,8.2,1,risk_based,C,1.0,100.0,10000.0,25,0.52,99.476984775034,1.1057195916283316,0.04491783682418238,3.4561626575591498,SOLUSDT_4h
2,28,16.0,64.0,24.0,7.8,2.0,0.8,0.05,5,0.8,1.0,7.8,1,risk_based,C,1.0,100.0,10000.0,25,0.6,54.31542208852807,1.061471534534952,0.04114706284935614,3.4538173026103633,SOLUSDT_15m
2,28,24.0,64.0,18.0,7.8,2.4,1.2,0.1,5,1.0,0.6,7.8,1,risk_based,C,1.0,100.0,10000.0,21,0.5714285714285714,52.46978670827593,1.0973211043869164,0.023504575500439013,3.453741126123649,ETHUSDT_1h
3,16,12.0,58.0,24.0,7.6,1.8,1.2,0.05,2,0.6,1.2,8.6,1,risk_based,C,1.0,100.0,10000.0,25,0.4,136.3090185614892,1.1502483740128366,0.027743384080901184,3.4535756143444587,SOLUSDT_4h
2,26,20.0,64.0,20.0,8.0,1.8,1.2,0.05,2,1.0,0.6,8.6,1,risk_based,C,1.0,100.0,10000.0,29,0.5517241379310345,83.28706943113139,1.0699919031971588,0.06311763840446949,3.441504167508592,BTCUSDT_4h
3,16,14.0,60.0,16.0,6.8,2.2,1.2,0.0,5,0.4,0.6,8.6,1,risk_based,C,1.0,100.0,10000.0,22,0.5454545454545454,37.3426944223811,1.0937321003144151,0.014435947764286116,3.439680869940171,SOLUSDT_4h
2,16,14.0,58.0,24.0,7.2,1.8,0.8,0.0,5,0.6,1.2,8.4,1,risk_based,C,1.0,100.0,10000.0,33,0.5757575757575758,11.056536151412729,1.0127854738385833,0.040588060851213234,3.4384996649113035,SOLUSDT_4h
2,18,10.0,56.0,18.0,7.0,1.8,1.2,0.0,3,0.6,1.2,7.8,1,risk_based,C,1.0,100.0,10000.0,31,0.4838709677419355,105.51262115302961,1.0659998260754713,0.05115747583068412,3.429846297424823,SOLUSDT_4h
2,16,16.0,66.0,18.0,7.2,1.8,1.2,0.05,2,0.6,0.6,8.4,1,risk_based,C,1.0,100.0,10000.0,25,0.48,82.75655949313841,1.1052613318687952,0.028371485325902238,3.428164767253022,SOLUSDT_1h
2,22,20.0,58.0,22.0,7.4,2.4,0.8,0.05,3,0.6,1.0,8.6,1,risk_based,C,1.0,100.0,10000.0,31,0.6451612903225806,-20.02510613105369,0.9735598595557997,0.03331410620527133,3.4148942298486027,BTCUSDT_4h
4,16,12.0,66.0,22.0,7.0,2.4,0.8,0.0,4,1.0,1.0,8.0,1,risk_based,C,1.0,100.0,10000.0,22,0.6818181818181818,7.975467488460708,1.0114280289300983,0.02970099999999998,3.4044557980759302,SOLUSDT_4h
2,20,24.0,66.0,20.0,7.6,2.2,1.0,0.05,5,0.6,1.2,8.6,1,risk_based,C,1.0,100.0,10000.0,36,0.5,20.34307605385584,1.0178900970951372,0.04204727009262365,3.3999814599662592,SOLUSDT_4h
2,28,22.0,60.0,24.0,7.4,2.4,0.8,0.0,5,1.0,0.6,8.6,1,risk_based,C,1.0,100.0,10000.0,27,0.5925925925925926,26.45473415050037,1.0253272115089667,0.03763029362345023,3.393107165186972,SOLUSDT_4h
3,20,24.0,62.0,20.0,8.0,2.0,1.2,0.05,5,0.6,1.0,8.4,1,risk_based,C,1.0,100.0,10000.0,20,0.5,78.39157298304599,1.1217426380899216,0.02760755006471525,3.389054198968743,SOLUSDT_1h
3,28,20.0,58.0,18.0,7.6,2.4,0.8,0.0,2,0.6,0.8,8.4,1,risk_based,C,1.0,100.0,10000.0,25,0.6,32.546877936896635,1.0466429290064219,0.04679162129561545,3.3854578720628936,ETHUSDT_4h
3,28,14.0,62.0,16.0,7.8,2.2,1.2,0.0,2,0.8,0.8,8.0,1,risk_based,C,1.0,100.0,10000.0,25,0.48,119.81090400378162,1.1249212894352032,0.06852632856404424,3.384074497182055,BTCUSDT_1h
4,30,18.0,60.0,20.0,7.0,1.8,1.2,0.0,4,0.4,0.8,8.0,1,risk_based,C,1.0,100.0,10000.0,30,0.4666666666666667,98.65140777161469,1.0814809367851994,0.059337034557183185,3.383602177670464,BTCUSDT_1h
3,28,16.0,56.0,16.0,7.8,2.4,1.0,0.05,5,1.0,0.6,7.8,1,risk_based,C,1.0,100.0,10000.0,22,0.5909090909090909,25.82307043407127,1.048181120921895,0.022808403512919642,3.380123738102739,SOLUSDT_15m
2,28,24.0,64.0,18.0,7.8,2.4,1.2,0.1,5,1.0,0.6,7.8,1,risk_based,C,1.0,100.0,10000.0,34,0.5588235294117647,-10.59919172633272,0.988199269996661,0.03748660742023524,3.371574820123931,BTCUSDT_4h
2,28,20.0,56.0,18.0,7.0,2.0,1.2,0.05,3,1.0,0.8,8.2,1,risk_based,C,1.0,100.0,10000.0,26,0.5,89.56354238453241,1.0721002119884269,0.0451789772893156,3.3682270344934393,SOLUSDT_4h
4,18,12.0,66.0,22.0,8.0,1.8,1.2,0.0,3,1.0,0.8,8.2,1,risk_based,C,1.0,100.0,10000.0,22,0.5454545454545454,85.9100709089671,1.0858155434199241,0.04924062224650366,3.368001109191123,BTCUSDT_4h
3,16,12.0,58.0,24.0,7.6,1.8,1.2,0.05,2,0.6,1.2,8.6,1,risk_based,C,1.0,100.0,10000.0,23,0.5217391304347826,61.795037207875794,1.0869888232670102,0.04358317699268197,3.3476318484160243,BTCUSDT_1h
2,22,18.0,66.0,20.0,7.8,2.4,0.8,0.1,3,0.8,0.8,8.4,1,risk_based,C,1.0,100.0,10000.0,36,0.5277777777777778,-16.457347040452078,0.9876693541571829,0.042651476881977506,3.3425935972946483,SOLUSDT_4h
4,30,14.0,56.0,24.0,6.8,2.0,0.8,0.1,2,0.6,1.2,7.8,1,risk_based,C,1.0,100.0,10000.0,28,0.6428571428571429,-9.624828559426533,0.9900199166984277,0.0508810843649555,3.342057466028277,BTCUSDT_1h
2,24,12.0,56.0,24.0,7.0,2.2,1.0,0.1,3,0.8,0.8,8.2,1,risk_based,C,1.0,100.0,10000.0,33,0.5757575757575758,-24.05703229872779,0.9785503194612787,0.03874775086737448,3.34043671765807,BTCUSDT_4h
2,22,20.0,58.0,22.0,7.4,2.4,0.8,0.05,3,0.6,1.0,8.6,1,risk_based,C,1.0,100.0,10000.0,19,0.6842105263157895,0.9841386999705719,1.0024446334003636,0.027008678812838218,3.3311631585358676,ETHUSDT_1h
4,30,18.0,60.0,20.0,7.0,1.8,1.2,0.0,4,0.4,0.8,8.0,1,risk_based,C,1.0,100.0,10000.0,19,0.5263157894736842,63.915211285033365,1.0877484381104985,0.028086587644451076,3.324626008783203,SOLUSDT_4h
3,20,18.0,56.0,16.0,7.6,2.4,1.0,0.1,4,1.0,0.6,8.4,1,risk_based,C,1.0,100.0,10000.0,22,0.5909090909090909,26.82052380651112,1.0357910536654833,0.03359287511079399,3.323987642168732,SOLUSDT_15m
2,28,16.0,64.0,24.0,7.8,2.0,0.8,0.05,5,0.8,1.0,7.8,1,risk_based,C,1.0,100.0,10000.0,35,0.6571428571428571,-69.88565281821502,0.9293728442104756,0.05030016199723589,3.323673835325314,BTCUSDT_15m
2,28,24.0,64.0,18.0,7.8,2.4,1.2,0.1,5,1.0,0.6,7.8,1,risk_based,C,1.0,100.0,10000.0,34,0.5,-9.509604157137801,0.9905842627723894,0.02733662630445498,3.319649042474276,SOLUSDT_4h
2,16,16.0,66.0,18.0,7.2,1.8,1.2,0.05,2,0.6,0.6,8.4,1,risk_based,C,1.0,100.0,10000.0,29,0.4827586206896552,31.045799510267898,1.0409650105158226,0.03358155097128876,3.3163690986625296,BTCUSDT_15m
2,16,20.0,56.0,24.0,7.0,2.2,1.2,0.05,3,0.6,1.2,8.0,1,risk_based,C,1.0,100.0,10000.0,31,0.5483870967741935,4.334400512172579,1.0032869343745188,0.04805270291028113,3.309330805691657,BTCUSDT_4h
3,30,14.0,58.0,20.0,7.0,1.8,1.2,0.1,2,0.8,0.6,7.8,1,risk_based,C,1.0,100.0,10000.0,28,0.5,30.331380569512476,1.037661195061149,0.037218805977784535,3.303997352758457,BTCUSDT_1h
3,26,14.0,60.0,20.0,7.0,2.2,1.2,0.1,2,0.6,0.8,8.0,1,risk_based,C,1.0,100.0,10000.0,22,0.5454545454545454,36.057512604973454,1.0454173463739984,0.028116560124578308,3.300724343161053,SOLUSDT_4h
2,30,18.0,66.0,24.0,8.0,2.2,0.8,0.0,4,0.6,1.0,8.0,1,risk_based,C,1.0,100.0,10000.0,36,0.6111111111111112,-77.37506153616778,0.9440570777932913,0.049009950099999804,3.300375910417082,BTCUSDT_4h
4,30,14.0,56.0,24.0,6.8,2.0,0.8,0.1,2,0.6,1.2,7.8,1,risk_based,C,1.0,100.0,10000.0,22,0.6818181818181818,-12.317789830658512,0.9801532154821083,0.037345582114845316,3.298679167516295,SOLUSDT_15m
2,22,14.0,60.0,18.0,6.8,1.8,0.8,0.05,4,1.0,0.6,8.4,1,risk_based,C,1.0,100.0,10000.0,36,0.5833333333333334,-50.67436725964399,0.9460618514737582,0.04829616683581415,3.29156083518043,BTCUSDT_15m
4,18,10.0,66.0,20.0,7.0,2.0,0.8,0.1,2,0.4,1.2,7.8,1,risk_based,C,1.0,100.0,10000.0,28,0.6071428571428571,-8.12219336576527,0.9927855391337821,0.05753958589260567,3.2755444129382676,BTCUSDT_4h
2,28,24.0,62.0,18.0,7.0,1.8,0.8,0.05,3,0.6,1.2,7.8,1,risk_based,C,1.0,100.0,10000.0,38,0.5789473684210527,-77.67376210938528,0.949527499732794,0.05838515032049422,3.274646839026299,BTCUSDT_4h
4,18,12.0,66.0,22.0,8.0,1.8,1.2,0.0,3,1.0,0.8,8.2,1,risk_based,C,1.0,100.0,10000.0,26,0.46153846153846156,85.29897673951382,1.0647122749269051,0.05271372515389472,3.2688900434393324,BTCUSDT_1h
2,18,16.0,66.0,20.0,7.0,1.8,1.0,0.0,2,1.0,0.8,8.2,1,risk_based,C,1.0,100.0,10000.0,30,0.5666666666666667,2.7959235016696766,1.0022464642982964,0.06605169179420768,3.2591337767156396,BTCUSDT_4h
3,30,24.0,62.0,20.0,7.0,1.8,1.0,0.05,2,0.4,1.2,8.4,1,risk_based,C,1.0,100.0,10000.0,25,0.64,-22.68909357893972,0.962215263802817,0.03741219945223104,3.2495048356700007,ETHUSDT_4h
3,30,14.0,58.0,20.0,7.0,1.8,1.2,0.1,2,0.8,0.6,7.8,1,risk_based,C,1.0,100.0,10000.0,28,0.42857142857142855,45.295656219952434,1.0469228609323797,0.03333767639694022,3.2419854917510342,SOLUSDT_4h
2,22,12.0,60.0,16.0,7.6,2.0,1.2,0.0,2,0.4,0.6,8.0,1,risk_based,C,1.0,100.0,10000.0,31,0.45161290322580644,28.82867567665562,1.0310461857033053,0.05028948537593017,3.2374719457941854,BTCUSDT_1h
4,30,18.0,56.0,16.0,7.8,2.4,1.0,0.0,2,0.8,0.8,8.2,1,risk_based,C,1.0,100.0,10000.0,24,0.5416666666666666,11.864510441084349,1.0177394424047228,0.039740530746389086,3.2206218030113627,BTCUSDT_15m
2,18,16.0,58.0,24.0,7.6,1.8,1.2,0.0,5,0.6,1.2,8.6,1,risk_based,C,1.0,100.0,10000.0,20,0.55,22.278792486040402,1.0362349431363302,0.037436160901599846,3.2074401960539016,SOLUSDT_1h
3,24,20.0,56.0,22.0,8.0,1.8,1.2,0.1,5,1.0,0.6,8.0,1,risk_based,C,1.0,100.0,10000.0,25,0.4,64.95248607799658,1.0717951248283046,0.034587774940441844,3.20477941091328,SOLUSDT_4h
3,16,14.0,66.0,22.0,7.2,2.2,0.8,0.0,4,0.4,0.6,8.4,1,risk_based,C,1.0,100.0,10000.0,30,0.5666666666666667,-39.36846568886722,0.9236168398980237,0.021575583875563825,3.193138462480489,SOLUSDT_4h
3,24,20.0,64.0,22.0,7.8,1.8,1.0,0.1,5,0.8,1.2,8.6,1,risk_based,C,1.0,100.0,10000.0,33,0.5454545454545454,-70.29019114770563,0.943288585054095,0.04068575943417443,3.1724115188397795,BTCUSDT_4h
2,22,14.0,60.0,18.0,6.8,1.8,0.8,0.05,4,1.0,0.6,8.4,1,risk_based,C,1.0,100.0,10000.0,31,0.5806451612903226,-45.643875047457186,0.9534931465008325,0.06134401346682016,3.1682781194892313,BTCUSDT_1h
2,24,12.0,56.0,24.0,7.0,2.2,1.0,0.1,3,0.8,0.8,8.2,1,risk_based,C,1.0,100.0,10000.0,18,0.6111111111111112,-7.192483607786926,0.9871828862239639,0.03025998967391896,3.1530599864850504,ETHUSDT_1h
3,20,10.0,64.0,20.0,7.4,1.8,0.8,0.05,4,0.6,0.6,8.0,1,risk_based,C,1.0,100.0,10000.0,33,0.5454545454545454,-56.58865158073422,0.9202062961410532,0.0375676056388132,3.149302941966751,BTCUSDT_15m
3,26,14.0,60.0,20.0,7.0,2.2,1.2,0.1,2,0.6,0.8,8.0,1,risk_based,C,1.0,100.0,10000.0,23,0.5217391304347826,22.08799407886727,1.0282259105607758,0.057873406858761495,3.147528290276308,BTCUSDT_1h
2,20,20.0,56.0,22.0,6.8,2.4,0.8,0.1,3,1.0,0.8,7.8,1,risk_based,C,1.0,100.0,10000.0,32,0.625,-78.49998012608921,0.9176730780732103,0.06439719067572339,3.141154603993161,SOLUSDT_1h
3,30,24.0,62.0,20.0,7.0,1.8,1.0,0.05,2,0.4,1.2,8.4,1,risk_based,C,1.0,100.0,10000.0,24,0.5416666666666666,-12.985110573450584,0.9782176241608197,0.03252024685789553,3.1383893971745023,BTCUSDT_15m
3,28,18.0,66.0,24.0,7.0,2.2,0.8,0.0,2,0.8,1.2,8.2,1,risk_based,C,1.0,100.0,10000.0,25,0.64,-57.287334675564125,0.9167567195640036,0.034192766280785374,3.133647805610087,SOLUSDT_15m
2,28,24.0,64.0,18.0,7.8,2.4,1.2,0.1,5,1.0,0.6,7.8,1,risk_based,C,1.0,100.0,10000.0,26,0.38461538461538464,66.8937739100129,1.076591901004998,0.0632396792801001,3.1272816150027856,BTCUSDT_1h
3,16,12.0,58.0,24.0,7.6,1.8,1.2,0.05,2,0.6,1.2,8.6,1,risk_based,C,1.0,100.0,10000.0,20,0.5,30.214448902697768,1.0414768062548234,0.047061799292584,3.121982663534592,ETHUSDT_4h
2,22,14.0,60.0,18.0,6.8,1.8,0.8,0.05,4,1.0,0.6,8.4,1,risk_based,C,1.0,100.0,10000.0,32,0.59375,-78.1661295493268,0.9330666683766333,0.06889387072487191,3.1119105950293244,SOLUSDT_1h
2,16,18.0,60.0,16.0,7.2,2.0,1.2,0.0,2,0.8,1.2,8.6,1,risk_based,C,1.0,100.0,10000.0,31,0.45161290322580644,4.498000012776174,1.003672505503016,0.06734766249227986,3.1072193783806785,BTCUSDT_1h
2,20,24.0,66.0,20.0,7.6,2.2,1.0,0.05,5,0.6,1.2,8.6,1,risk_based,C,1.0,100.0,10000.0,34,0.5588235294117647,-101.6341483250726,0.901335939167767,0.03907405879981416,3.102050847728666,BTCUSDT_4h
4,16,18.0,64.0,22.0,7.4,2.0,0.8,0.1,3,0.4,1.0,8.6,1,risk_based,C,1.0,100.0,10000.0,26,0.6153846153846154,-51.642645315087066,0.8888896672830111,0.025458126057401546,3.0928392341556536,BTCUSDT_4h
2,18,16.0,58.0,24.0,7.6,1.8,1.2,0.0,5,0.6,1.2,8.6,1,risk_based,C,1.0,100.0,10000.0,23,0.4782608695652174,14.228530519811102,1.0193264281877101,0.04593930336633498,3.0924547811440526,BTCUSDT_1h
3,24,24.0,58.0,22.0,7.6,2.4,1.0,0.05,5,1.0,1.0,8.0,1,risk_based,C,1.0,100.0,10000.0,22,0.5,15.605972744302562,1.0191011860083614,0.052037667705645434,3.087695341644089,BTCUSDT_15m
2,20,20.0,56.0,22.0,6.8,2.4,0.8,0.1,3,1.0,0.8,7.8,1,risk_based,C,1.0,100.0,10000.0,39,0.6666666666666666,-157.81680785589924,0.8131295352754263,0.05419111100590768,3.085868929677231,BTCUSDT_15m
3,16,14.0,66.0,22.0,7.2,2.2,0.8,0.0,4,0.4,0.6,8.4,1,risk_based,C,1.0,100.0,10000.0,24,0.5416666666666666,-22.881361744155583,0.9501091599025973,0.028170863010392334,3.085324369029862,SOLUSDT_1h
3,28,18.0,66.0,24.0,7.0,2.2,0.8,0.0,2,0.8,1.2,8.2,1,risk_based,C,1.0,100.0,10000.0,21,0.6666666666666666,-38.76926310104136,0.9303162733675581,0.054673777326294956,3.07784195165519,SOLUSDT_1h
3,20,20.0,56.0,18.0,7.2,2.2,0.8,0.05,4,0.4,1.0,7.8,1,risk_based,C,1.0,100.0,10000.0,22,0.5909090909090909,-33.788877502343894,0.9626529553342521,0.04839385183352202,3.0726991140292306,SOLUSDT_1h
2,20,24.0,66.0,20.0,7.6,2.2,1.0,0.05,5,0.6,1.2,8.6,1,risk_based,C,1.0,100.0,10000.0,25,0.48,9.74441210274199,1.0115630025691416,0.06140099594704954,3.068667429399877,BTCUSDT_1h
3,30,14.0,58.0,20.0,7.0,1.8,1.2,0.1,2,0.8,0.6,7.8,1,risk_based,C,1.0,100.0,10000.0,24,0.5,-16.219054990617224,0.9794121517648369,0.035464300606609475,3.0662123467192277,ETHUSDT_4h
2,28,16.0,64.0,24.0,7.8,2.0,0.8,0.05,5,0.8,1.0,7.8,1,risk_based,C,1.0,100.0,10000.0,29,0.5517241379310345,-55.842822348262416,0.9482329349226629,0.06186236219559488,3.0626221678068304,BTCUSDT_1h
4,22,10.0,64.0,16.0,7.4,2.2,1.0,0.0,4,0.6,1.0,8.4,1,risk_based,C,1.0,100.0,10000.0,29,0.5172413793103449,-41.400549070736815,0.9568381971154457,0.058080711171736986,3.0538957806104614,BTCUSDT_1h
2,30,18.0,66.0,24.0,8.0,2.2,0.8,0.0,4,0.6,1.0,8.0,1,risk_based,C,1.0,100.0,10000.0,28,0.5357142857142857,-20.543783853625428,0.9837194501772174,0.08648275251635928,3.0510182875231604,SOLUSDT_1h
2,16,16.0,66.0,18.0,7.2,1.8,1.2,0.05,2,0.6,0.6,8.4,1,risk_based,C,1.0,100.0,10000.0,34,0.4411764705882353,-64.89690878488727,0.9427302343603046,0.03789493665857721,3.0486434558423436,SOLUSDT_4h
2,22,20.0,58.0,22.0,7.4,2.4,0.8,0.05,3,0.6,1.0,8.6,1,risk_based,C,1.0,100.0,10000.0,32,0.65625,-115.45625312135962,0.8445736940299814,0.053284235582348904,3.0382134281915567,BTCUSDT_15m
4,26,24.0,66.0,22.0,8.0,1.8,0.8,0.05,3,0.8,1.2,8.4,1,risk_based,C,1.0,100.0,10000.0,27,0.6296296296296297,-96.49338646438446,0.8841431631358047,0.04261572834406655,3.0283901992194697,BTCUSDT_4h
4,24,16.0,58.0,18.0,6.8,1.8,0.8,0.05,2,1.0,1.2,8.6,1,risk_based,C,1.0,100.0,10000.0,31,0.6129032258064516,-115.50983650328817,0.9048357227366343,0.0693549148513133,3.025451703125718,BTCUSDT_4h
3,30,14.0,58.0,20.0,7.0,1.8,1.2,0.1,2,0.8,0.6,7.8,1,risk_based,C,1.0,100.0,10000.0,26,0.5384615384615384,-52.498411370681424,0.9274651175380523,0.0373786045469474,3.0179883177568887,BTCUSDT_4h
2,18,22.0,56.0,22.0,7.0,2.0,1.0,0.05,4,0.6,0.8,7.8,1,risk_based,C,1.0,100.0,10000.0,28,0.5,-46.07748739676936,0.9578835175185147,0.05452204219699833,3.0161234210492656,SOLUSDT_4h
2,24,24.0,60.0,16.0,6.8,2.4,1.2,0.1,2,0.4,0.8,8.6,1,risk_based,C,1.0,100.0,10000.0,33,0.45454545454545453,-69.91384374467088,0.9158426510230402,0.030096075187260134,3.013301414557811,SOLUSDT_4h
4,30,18.0,60.0,20.0,7.0,1.8,1.2,0.0,4,0.4,0.8,8.0,1,risk_based,C,1.0,100.0,10000.0,23,0.5217391304347826,-25.66760687045098,0.9712149674163747,0.048732591082035356,3.013173250368366,BTCUSDT_4h
4,24,18.0,66.0,22.0,7.2,2.4,1.2,0.05,3,0.6,1.2,8.4,1,risk_based,C,1.0,100.0,10000.0,14,0.5,8.782500801127753,1.0208592375248422,0.023730840166711547,3.009308455350678,SOLUSDT_4h
4,22,24.0,66.0,20.0,8.0,2.2,0.8,0.1,2,0.6,1.0,7.8,1,risk_based,C,1.0,100.0,10000.0,31,0.5483870967741935,-80.22541613374051,0.9407691668576591,0.07980226411929021,3.0044867703849976,BTCUSDT_1h
3,30,24.0,62.0,20.0,7.0,1.8,1.0,0.05,2,0.4,1.2,8.4,1,risk_based,C,1.0,100.0,10000.0,36,0.5,-106.80069435220321,0.8506333530832069,0.021974058320013267,2.9985438368541706,SOLUSDT_4h
3,20,10.0,64.0,20.0,7.4,1.8,0.8,0.05,4,0.6,0.6,8.0,1,risk_based,C,1.0,100.0,10000.0,34,0.5588235294117647,-136.7924674761016,0.8480142836907396,0.029408304614181705,2.98924648018048,BTCUSDT_4h
4,24,20.0,58.0,16.0,7.2,2.4,0.8,0.05,5,0.8,0.6,8.4,1,risk_based,C,1.0,100.0,10000.0,20,0.6,-36.039715809734844,0.9415598822240222,0.05261892509155497,2.989223273363645,ETHUSDT_1h
2,22,20.0,58.0,22.0,7.4,2.4,0.8,0.05,3,0.6,1.0,8.6,1,risk_based,C,1.0,100.0,10000.0,28,0.5,-69.78744637452655,0.9198327393830161,0.03120593647038803,2.986260222980342,SOLUSDT_4h
3,24,20.0,56.0,22.0,8.0,1.8,1.2,0.1,5,1.0,0.6,8.0,1,risk_based,C,1.0,100.0,10000.0,17,0.47058823529411764,3.1298272343465214,1.0057955257464122,0.025705168851657884,2.9834877251133736,SOLUSDT_1h
4,22,22.0,60.0,20.0,8.0,1.8,1.0,0.05,5,0.8,0.6,7.8,1,risk_based,C,1.0,100.0,10000.0,27,0.5555555555555556,-70.56316066038562,0.9026524033899118,0.04215421181086952,2.981612344020163,BTCUSDT_4h
2,16,20.0,56.0,20.0,7.2,2.2,1.0,0.0,3,1.0,0.8,8.0,1,risk_based,C,1.0,100.0,10000.0,25,0.56,-62.59586322206087,0.9102600817694558,0.04123330503890315,2.9742243852001415,BTCUSDT_15m
3,28,16.0,56.0,16.0,7.8,2.4,1.0,0.05,5,1.0,0.6,7.8,1,risk_based,C,1.0,100.0,10000.0,25,0.52,-46.20828521542171,0.9212315901243594,0.0359566442852669,2.9683849621774963,BTCUSDT_15m
4,22,12.0,62.0,18.0,8.0,2.4,1.2,0.1,4,1.0,1.2,8.6,1,risk_based,C,1.0,100.0,10000.0,14,0.5,11.727585033646392,1.0166862215140633,0.03922679053096828,2.9574196564688684,SOLUSDT_4h
3,26,16.0,66.0,16.0,6.8,2.0,1.0,0.0,3,0.4,1.2,8.2,1,risk_based,C,1.0,100.0,10000.0,23,0.6086956521739131,-63.697446655362,0.8826967305233634,0.041298075747136,2.950845265410827,ETHUSDT_4h
2,18,10.0,56.0,18.0,7.0,1.8,1.2,0.0,3,0.6,1.2,7.8,1,risk_based,C,1.0,100.0,10000.0,25,0.44,-6.975264552849694,0.9938502792557651,0.06348736945629557,2.9502631855897934,BTCUSDT_1h
3,26,20.0,62.0,20.0,8.0,2.4,1.0,0.0,5,0.4,0.6,8.2,1,risk_based,C,1.0,100.0,10000.0,35,0.4857142857142857,-112.31498738157643,0.8550737595970735,0.025721594888697897,2.9492391757179055,BTCUSDT_4h
2,16,20.0,56.0,24.0,7.0,2.2,1.2,0.05,3,0.6,1.2,8.0,1,risk_based,C,1.0,100.0,10000.0,21,0.42857142857142855,15.180063168625566,1.0129607711966648,0.05695492229466554,2.933093981535101,SOLUSDT_4h
2,28,16.0,64.0,24.0,7.8,2.0,0.8,0.05,5,0.8,1.0,7.8,1,risk_based,C,1.0,100.0,10000.0,26,0.5769230769230769,-107.89034084679224,0.899465900443749,0.04928364102997781,2.928575152335388,SOLUSDT_4h
4,26,24.0,66.0,22.0,8.0,1.8,0.8,0.05,3,0.8,1.2,8.4,1,risk_based,C,1.0,100.0,10000.0,28,0.5714285714285714,-118.74901397657777,0.881334558709219,0.045703974539557,2.9239510369660464,BTCUSDT_1h
4,18,10.0,66.0,20.0,7.0,2.0,0.8,0.1,2,0.4,1.2,7.8,1,risk_based,C,1.0,100.0,10000.0,31,0.5806451612903226,-140.8223061368808,0.8813159456969357,0.06437853916166802,2.919641709707471,BTCUSDT_1h
2,22,18.0,66.0,20.0,7.8,2.4,0.8,0.1,3,0.8,0.8,8.4,1,risk_based,C,1.0,100.0,10000.0,34,0.5882352941176471,-149.53593382237705,0.828451330909475,0.05211695355403994,2.9133688085109237,BTCUSDT_15m
2,28,24.0,62.0,18.0,7.0,1.8,0.8,0.05,3,0.6,1.2,7.8,1,risk_based,C,1.0,100.0,10000.0,36,0.5833333333333334,-178.1368222386791,0.8328671596007061,0.056880631673727484,2.9119556019415507,BTCUSDT_15m
2,16,14.0,58.0,24.0,7.2,1.8,0.8,0.0,5,0.6,1.2,8.4,1,risk_based,C,1.0,100.0,10000.0,26,0.6153846153846154,-102.38459707259426,0.8388178652305444,0.042351942393933084,2.891272229283618,BTCUSDT_1h
2,22,14.0,60.0,18.0,6.8,1.8,0.8,0.05,4,1.0,0.6,8.4,1,risk_based,C,1.0,100.0,10000.0,40,0.55,-245.59151987757105,0.8523163615566931,0.0651585905866999,2.8885654314757154,SOLUSDT_4h
4,16,12.0,66.0,22.0,7.0,2.4,0.8,0.0,4,1.0,1.0,8.0,1,risk_based,C,1.0,100.0,10000.0,20,0.6,-68.00471909535554,0.9119296971456688,0.0585198505990002,2.8802951233989815,ETHUSDT_1h
2,22,18.0,66.0,20.0,7.8,2.4,0.8,0.1,3,0.8,0.8,8.4,1,risk_based,C,1.0,100.0,10000.0,23,0.6956521739130435,-112.15599599540838,0.7990272279712445,0.03686969114298211,2.8787676473876993,ETHUSDT_1h
2,24,24.0,60.0,16.0,6.8,2.4,1.2,0.1,2,0.4,0.8,8.6,1,risk_based,C,1.0,100.0,10000.0,23,0.5217391304347826,-65.82574230596947,0.8825139362102004,0.022892827675869965,2.8731323427389954,ETHUSDT_1h
3,20,18.0,56.0,16.0,7.6,2.4,1.0,0.1,4,1.0,0.6,8.4,1,risk_based,C,1.0,100.0,10000.0,32,0.46875,-129.92080682812957,0.917210464820446,0.05939813010990463,2.869430732483049,BTCUSDT_4h
4,22,18.0,56.0,22.0,6.8,2.0,1.0,0.05,2,0.8,1.0,7.8,1,risk_based,C,1.0,100.0,10000.0,12,0.5,-3.323828585786032,0.9944500523627645,0.04892398297496566,2.828804327214846,ETHUSDT_1h
2,16,14.0,58.0,24.0,7.2,1.8,0.8,0.0,5,0.6,1.2,8.4,1,risk_based,C,1.0,100.0,10000.0,25,0.56,-97.6277509872616,0.8663201319284544,0.04895227467257314,2.8281556888519277,SOLUSDT_1h
3,20,24.0,62.0,20.0,8.0,2.0,1.2,0.05,5,0.6,1.0,8.4,1,risk_based,C,1.0,100.0,10000.0,22,0.5454545454545454,-83.09840490837632,0.8968812408894589,0.04706179929258426,2.827660497174607,ETHUSDT_4h
4,30,18.0,58.0,24.0,7.4,2.4,0.8,0.05,4,1.0,1.0,8.2,1,risk_based,C,1.0,100.0,10000.0,19,0.6842105263157895,-96.68896191080239,0.8387333851656402,0.05554666155918149,2.820453613216618,ETHUSDT_1h
2,26,20.0,64.0,20.0,8.0,1.8,1.2,0.05,2,1.0,0.6,8.6,1,risk_based,C,1.0,100.0,10000.0,35,0.45714285714285713,-140.59341429038068,0.900256371066937,0.07718882328126496,2.8140671437139844,BTCUSDT_1h
3,24,20.0,64.0,22.0,7.8,1.8,1.0,0.1,5,0.8,1.2,8.6,1,risk_based,C,1.0,100.0,10000.0,33,0.5151515151515151,-199.11331669067113,0.8427102174078158,0.03908877896766025,2.801768053949252,SOLUSDT_4h
2,18,16.0,66.0,20.0,7.0,1.8,1.0,0.0,2,1.0,0.8,8.2,1,risk_based,C,1.0,100.0,10000.0,39,0.48717948717948717,-200.20674943445556,0.8705718633405157,0.08478103282531535,2.7973631095398606,BTCUSDT_1h
2,16,16.0,66.0,18.0,7.2,1.8,1.2,0.05,2,0.6,0.6,8.4,1,risk_based,C,1.0,100.0,10000.0,31,0.5161290322580645,-137.88502605065332,0.8457137574804139,0.052075680447600976,2.791508995954468,BTCUSDT_4h
4,26,24.0,66.0,22.0,8.0,1.8,0.8,0.05,3,0.8,1.2,8.4,1,risk_based,C,1.0,100.0,10000.0,21,0.5714285714285714,-110.41337235260653,0.8461273962136232,0.02380851200000004,2.787558741217497,SOLUSDT_4h
3,20,24.0,62.0,20.0,8.0,2.0,1.2,0.05,5,0.6,1.0,8.4,1,risk_based,C,1.0,100.0,10000.0,29,0.41379310344827586,-105.65574232316067,0.8972488325605517,0.035639749395840005,2.7826123297828365,SOLUSDT_4h
4,22,12.0,62.0,18.0,8.0,2.4,1.2,0.1,4,1.0,1.2,8.6,1,risk_based,C,1.0,100.0,10000.0,26,0.5,-99.4935471249446,0.9197391325121177,0.07995695835536754,2.7701138428331884,BTCUSDT_1h
3,28,16.0,56.0,16.0,7.8,2.4,1.0,0.05,5,1.0,0.6,7.8,1,risk_based,C,1.0,100.0,10000.0,32,0.46875,-153.88827813212265,0.8478898584165012,0.03978074049775633,2.7656742172076108,BTCUSDT_4h
3,20,10.0,64.0,20.0,7.4,1.8,0.8,0.05,4,0.6,0.6,8.0,1,risk_based,C,1.0,100.0,10000.0,36,0.5,-216.24563048829805,0.7962325858530603,0.03571384128936264,2.739078017349734,SOLUSDT_4h
2,16,20.0,64.0,22.0,7.8,2.2,0.8,0.1,4,0.4,1.2,8.4,1,risk_based,C,1.0,100.0,10000.0,26,0.5769230769230769,-120.74647451416786,0.7978554754174599,0.04539323659758656,2.724169381912608,BTCUSDT_1h
4,22,10.0,64.0,16.0,7.4,2.2,1.0,0.0,4,0.6,1.0,8.4,1,risk_based,C,1.0,100.0,10000.0,19,0.5789473684210527,-87.65022414008308,0.8165433331527532,0.023784862703999984,2.722502906685002,SOLUSDT_4h
2,24,24.0,60.0,16.0,6.8,2.4,1.2,0.1,2,0.4,0.8,8.6,1,risk_based,C,1.0,100.0,10000.0,28,0.4642857142857143,-103.7129759527761,0.8429278474533606,0.043055820356392466,2.7094038293133393,BTCUSDT_1h
4,22,24.0,66.0,20.0,8.0,2.2,0.8,0.1,2,0.6,1.0,7.8,1,risk_based,C,1.0,100.0,10000.0,20,0.6,-109.91271933580174,0.8612378263632742,0.06776613933451736,2.7092645153871944,ETHUSDT_1h
3,16,14.0,66.0,22.0,7.2,2.2,0.8,0.0,4,0.4,0.6,8.4,1,risk_based,C,1.0,100.0,10000.0,36,0.5277777777777778,-193.96844265037544,0.7290703871190115,0.02376127616613992,2.7045551697558947,BTCUSDT_4h
3,26,20.0,62.0,20.0,8.0,2.4,1.0,0.0,5,0.4,0.6,8.2,1,risk_based,C,1.0,100.0,10000.0,23,0.4782608695652174,-79.09787952191255,0.8537348041897012,0.035942052517771585,2.697936875652001,BTCUSDT_15m
3,30,10.0,62.0,20.0,7.8,2.4,1.2,0.0,5,0.6,0.6,8.4,1,risk_based,C,1.0,100.0,10000.0,21,0.47619047619047616,-89.69112155262883,0.8633713525829426,0.02524394718236829,2.6956054563518657,SOLUSDT_4h
4,22,24.0,66.0,20.0,8.0,2.2,0.8,0.1,2,0.6,1.0,7.8,1,risk_based,C,1.0,100.0,10000.0,20,0.6,-139.05676333252632,0.8248957770790777,0.03891665998638465,2.693984810866475,SOLUSDT_4h
2,16,20.0,56.0,24.0,7.0,2.2,1.2,0.05,3,0.6,1.2,8.0,1,risk_based,C,1.0,100.0,10000.0,17,0.5294117647058824,-85.21232558108568,0.885304069653013,0.04739220536019053,2.677336844703192,ETHUSDT_1h
3,26,16.0,66.0,16.0,6.8,2.0,1.0,0.0,3,0.4,1.2,8.2,1,risk_based,C,1.0,100.0,10000.0,36,0.5277777777777778,-222.66313217987954,0.7383317667839745,0.030026104382924496,2.6755887549059625,BTCUSDT_4h
2,30,22.0,64.0,16.0,6.8,1.8,1.2,0.0,2,0.8,0.8,8.4,1,risk_based,C,1.0,100.0,10000.0,34,0.4411764705882353,-236.51337251951009,0.8422784275240419,0.050412033145104264,2.638572088975614,SOLUSDT_4h
4,28,16.0,64.0,18.0,7.8,2.2,1.0,0.1,4,1.0,1.2,7.8,1,risk_based,C,1.0,100.0,10000.0,19,0.5789473684210527,-140.39780048227476,0.823199904687602,0.03907533553402349,2.6371970549224377,SOLUSDT_4h
4,30,18.0,56.0,16.0,7.8,2.4,1.0,0.0,2,0.8,0.8,8.2,1,risk_based,C,1.0,100.0,10000.0,21,0.47619047619047616,-122.06751047871876,0.8602729028223668,0.03367352265680838,2.6317434414813037,SOLUSDT_4h
2,28,20.0,56.0,18.0,7.0,2.0,1.2,0.05,3,1.0,0.8,8.2,1,risk_based,C,1.0,100.0,10000.0,26,0.4230769230769231,-131.40721708723868,0.8910029160457861,0.05932466090331858,2.6272400169097625,BTCUSDT_1h
3,30,10.0,60.0,20.0,8.0,2.4,1.0,0.1,3,1.0,0.8,8.2,1,risk_based,C,1.0,100.0,10000.0,35,0.4857142857142857,-274.1110487855567,0.8400116321892981,0.06939810718336373,2.626289322614377,BTCUSDT_4h
2,20,20.0,56.0,22.0,6.8,2.4,0.8,0.1,3,1.0,0.8,7.8,1,risk_based,C,1.0,100.0,10000.0,20,0.65,-148.01499165738096,0.7446251629147612,0.030259989673919203,2.625455365150384,ETHUSDT_1h
3,24,24.0,58.0,22.0,7.6,2.4,1.0,0.05,5,1.0,1.0,8.0,1,risk_based,C,1.0,100.0,10000.0,33,0.48484848484848486,-260.2066922193917,0.8445870352043908,0.06553041405198479,2.6196488633061628,BTCUSDT_4h
2,24,12.0,56.0,24.0,7.0,2.2,1.0,0.1,3,0.8,0.8,8.2,1,risk_based,C,1.0,100.0,10000.0,17,0.5294117647058824,-92.0661333679709,0.8552950524358434,0.047050178756345734,2.6114910822935022,SOLUSDT_1h
2,22,20.0,58.0,22.0,7.4,2.4,0.8,0.05,3,0.6,1.0,8.6,1,risk_based,C,1.0,100.0,10000.0,29,0.5862068965517241,-191.06659137741917,0.7471457892961815,0.05195998793217839,2.606655368245995,BTCUSDT_1h
4,20,16.0,58.0,18.0,7.4,1.8,0.8,0.1,4,1.0,0.8,8.2,1,risk_based,C,1.0,100.0,10000.0,29,0.5862068965517241,-241.78363206998984,0.7943875790914627,0.06678851184692494,2.605936335399747,BTCUSDT_4h
4,30,18.0,56.0,16.0,7.8,2.4,1.0,0.0,2,0.8,0.8,8.2,1,risk_based,C,1.0,100.0,10000.0,27,0.48148148148148145,-172.1055152767367,0.8464725264924284,0.06422687564304301,2.5903811330012134,BTCUSDT_4h
2,28,24.0,62.0,18.0,7.0,1.8,0.8,0.05,3,0.6,1.2,7.8,1,risk_based,C,1.0,100.0,10000.0,36,0.5833333333333334,-317.6373455408884,0.7671680636711025,0.07652011554265807,2.5821384351733423,SOLUSDT_1h
2,30,18.0,66.0,24.0,8.0,2.2,0.8,0.0,4,0.6,1.0,8.0,1,risk_based,C,1.0,100.0,10000.0,19,0.6842105263157895,-166.39047633045993,0.7217602112539956,0.039403990000000014,2.5652337656512154,ETHUSDT_1h
2,24,24.0,60.0,16.0,6.8,2.4,1.2,0.1,2,0.4,0.8,8.6,1,risk_based,C,1.0,100.0,10000.0,30,0.5333333333333333,-184.88476162735242,0.7246774565628161,0.03310979458615743,2.5651407677398073,BTCUSDT_4h
3,16,14.0,60.0,16.0,6.8,2.2,1.2,0.0,5,0.4,0.6,8.6,1,risk_based,C,1.0,100.0,10000.0,34,0.5,-193.96844265037544,0.7292809232471211,0.04483573552675534,2.560086197263601,BTCUSDT_4h
2,16,16.0,66.0,18.0,7.2,1.8,1.2,0.05,2,0.6,0.6,8.4,1,risk_based,C,1.0,100.0,10000.0,36,0.4444444444444444,-220.37724535024972,0.7984255788564769,0.0694392123075118,2.5548229421068354,BTCUSDT_1h
4,30,18.0,58.0,24.0,7.4,2.4,0.8,0.05,4,1.0,1.0,8.2,1,risk_based,C,1.0,100.0,10000.0,27,0.5555555555555556,-240.73819226680098,0.8007009715190156,0.06028948920708531,2.553128616483308,BTCUSDT_4h
2,28,24.0,64.0,18.0,7.8,2.4,1.2,0.1,5,1.0,0.6,7.8,1,risk_based,C,1.0,100.0,10000.0,26,0.46153846153846156,-139.50922385266676,0.8007104204055242,0.044106126121998414,2.541900930900079,BTCUSDT_15m
2,16,20.0,56.0,24.0,7.0,2.2,1.2,0.05,3,0.6,1.2,8.0,1,risk_based,C,1.0,100.0,10000.0,24,0.5,-170.4430941729006,0.8172600031050246,0.054881859936854904,2.529431332226584,BTCUSDT_15m
2,20,20.0,56.0,22.0,6.8,2.4,0.8,0.1,3,1.0,0.8,7.8,1,risk_based,C,1.0,100.0,10000.0,26,0.5769230769230769,-202.2101996204692,0.736836644109085,0.04459442091179879,2.5230644412469196,BTCUSDT_1h
3,28,14.0,62.0,16.0,7.8,2.2,1.2,0.0,2,0.8,0.8,8.0,1,risk_based,C,1.0,100.0,10000.0,31,0.4838709677419355,-235.51496194204992,0.8155826719198784,0.07334505131091583,2.5214216795778626,BTCUSDT_4h
4,24,22.0,60.0,24.0,7.6,2.4,1.0,0.0,2,1.0,1.0,8.6,1,risk_based,C,1.0,100.0,10000.0,27,0.48148148148148145,-218.7917033348749,0.8430734513581407,0.07985251578783412,2.4900198742401267,BTCUSDT_4h
3,24,22.0,60.0,24.0,7.6,1.8,1.2,0.1,2,0.6,0.8,8.2,1,risk_based,C,1.0,100.0,10000.0,17,0.47058823529411764,-99.11786230615326,0.8160342479800752,0.03109766758618695,2.4855399838366123,SOLUSDT_1h
2,22,12.0,60.0,16.0,7.6,2.0,1.2,0.0,2,0.4,0.6,8.0,1,risk_based,C,1.0,100.0,10000.0,26,0.5,-184.20319224309242,0.7611643951558015,0.041457765023522504,2.483752302997943,BTCUSDT_4h
2,22,12.0,60.0,16.0,7.6,2.0,1.2,0.0,2,0.4,0.6,8.0,1,risk_based,C,1.0,100.0,10000.0,32,0.4375,-245.19692106821094,0.7686923609081382,0.03598295489395932,2.4804889360661875,SOLUSDT_4h
2,28,22.0,60.0,24.0,7.4,2.4,0.8,0.0,5,1.0,0.6,8.6,1,risk_based,C,1.0,100.0,10000.0,19,0.6842105263157895,-180.9029040245914,0.6745897583872931,0.03552279400000006,2.468024020223679,ETHUSDT_1h
2,16,20.0,56.0,24.0,7.0,2.2,1.2,0.05,3,0.6,1.2,8.0,1,risk_based,C,1.0,100.0,10000.0,17,0.5294117647058824,-139.52402695405726,0.805155805937559,0.05089656066363993,2.4522155499889644,SOLUSDT_1h
4,18,14.0,58.0,18.0,7.6,1.8,0.8,0.0,5,1.0,1.2,8.2,1,risk_based,C,1.0,100.0,10000.0,29,0.5862068965517241,-309.16441958764153,0.7449991544652281,0.07003944206165345,2.4300259079854403,BTCUSDT_4h
2,22,18.0,66.0,20.0,7.8,2.4,0.8,0.1,3,0.8,0.8,8.4,1,risk_based,C,1.0,100.0,10000.0,33,0.5757575757575758,-300.08850349128807,0.6956568503206279,0.06398814957567416,2.422897112059309,BTCUSDT_1h
2,22,20.0,58.0,22.0,7.4,2.4,0.8,0.05,3,0.6,1.0,8.6,1,risk_based,C,1.0,100.0,10000.0,27,0.5555555555555556,-230.97577818767422,0.7161299875352474,0.05244946266188332,2.417269142230504,SOLUSDT_1h
2,16,18.0,60.0,16.0,7.2,2.0,1.2,0.0,2,0.8,1.2,8.6,1,risk_based,C,1.0,100.0,10000.0,32,0.4375,-311.65603019635273,0.7868738609891132,0.051070102282280094,2.4051313849350335,SOLUSDT_4h
4,24,18.0,66.0,22.0,7.2,2.4,1.2,0.05,3,0.6,1.2,8.4,1,risk_based,C,1.0,100.0,10000.0,24,0.4166666666666667,-162.59789464085225,0.8150451051177641,0.057672595401692325,2.3994745293895985,BTCUSDT_4h
3,20,10.0,64.0,20.0,7.4,1.8,0.8,0.05,4,0.6,0.6,8.0,1,risk_based,C,1.0,100.0,10000.0,26,0.5769230769230769,-213.69111175729995,0.6748881544677412,0.04280176632270362,2.3930645135946866,SOLUSDT_1h
4,16,18.0,64.0,22.0,7.4,2.0,0.8,0.1,3,0.4,1.0,8.6,1,risk_based,C,1.0,100.0,10000.0,26,0.5769230769230769,-208.58638299403356,0.6697931900925733,0.04194267336077625,2.3905565924933994,BTCUSDT_1h
3,24,24.0,58.0,22.0,7.6,2.4,1.0,0.05,5,1.0,1.0,8.0,1,risk_based,C,1.0,100.0,10000.0,24,0.5,-249.4039944381566,0.7872562490721162,0.05495520862672957,2.3902428778258873,SOLUSDT_4h
4,22,22.0,58.0,22.0,6.8,2.2,1.2,0.05,5,1.0,0.8,8.4,1,risk_based,C,1.0,100.0,10000.0,23,0.43478260869565216,-189.70970691643015,0.8519321962091966,0.08115052359944723,2.3828770277470994,BTCUSDT_4h
2,22,18.0,66.0,20.0,7.8,2.4,0.8,0.1,3,0.8,0.8,8.4,1,risk_based,C,1.0,100.0,10000.0,33,0.5454545454545454,-337.7725118878643,0.7063998185733353,0.07076995070219791,2.340899091334031,SOLUSDT_1h
2,18,16.0,66.0,20.0,7.0,1.8,1.0,0.0,2,1.0,0.8,8.2,1,risk_based,C,1.0,100.0,10000.0,37,0.5135135135135135,-457.1830797801176,0.7345390382826285,0.06113154154762687,2.3387706424125287,SOLUSDT_4h
4,24,18.0,66.0,22.0,7.2,2.4,1.2,0.05,3,0.6,1.2,8.4,1,risk_based,C,1.0,100.0,10000.0,22,0.5,-191.3804518638899,0.7529319234675386,0.057943646205562256,2.3306524564545006,BTCUSDT_1h
3,26,14.0,60.0,20.0,7.0,2.2,1.2,0.1,2,0.6,0.8,8.0,1,risk_based,C,1.0,100.0,10000.0,30,0.5,-292.31187252102427,0.7548063911910012,0.07920331353839036,2.329690969245807,BTCUSDT_4h
2,16,20.0,64.0,22.0,7.8,2.2,0.8,0.1,4,0.4,1.2,8.4,1,risk_based,C,1.0,100.0,10000.0,37,0.6216216216216216,-327.47720550042686,0.5340475486690032,0.03303381649037651,2.313948874798882,BTCUSDT_4h
2,20,24.0,66.0,20.0,7.6,2.2,1.0,0.05,5,0.6,1.2,8.6,1,risk_based,C,1.0,100.0,10000.0,26,0.5384615384615384,-242.0810563912528,0.6900376494052299,0.050827899364058175,2.3132028520193404,BTCUSDT_15m
4,18,12.0,66.0,22.0,8.0,1.8,1.2,0.0,3,1.0,0.8,8.2,1,risk_based,C,1.0,100.0,10000.0,17,0.47058823529411764,-189.12226740692677,0.7918355349306684,0.04373752729168003,2.3092185735205466,SOLUSDT_4h
3,28,14.0,62.0,16.0,7.8,2.2,1.2,0.0,2,0.8,0.8,8.0,1,risk_based,C,1.0,100.0,10000.0,24,0.5,-262.47783893516316,0.723643657415556,0.03670513326692865,2.3046940760951626,SOLUSDT_4h
2,30,22.0,64.0,16.0,6.8,1.8,1.2,0.0,2,0.8,0.8,8.4,1,risk_based,C,1.0,100.0,10000.0,37,0.43243243243243246,-337.1647001004876,0.7630328172534218,0.09144998834702311,2.3031996180139354,BTCUSDT_1h
4,18,14.0,60.0,22.0,7.8,2.4,1.0,0.1,5,0.4,1.2,7.8,1,risk_based,C,1.0,100.0,10000.0,28,0.4642857142857143,-296.0278262034535,0.8014739820515081,0.08761702270969825,2.300497641199039,BTCUSDT_4h
2,16,20.0,64.0,22.0,7.8,2.2,0.8,0.1,4,0.4,1.2,8.4,1,risk_based,C,1.0,100.0,10000.0,36,0.6388888888888888,-334.5731474106815,0.554558362564297,0.05162963725949867,2.29798799927275,BTCUSDT_15m
4,24,20.0,58.0,16.0,7.2,2.4,0.8,0.05,5,0.8,0.6,8.4,1,risk_based,C,1.0,100.0,10000.0,20,0.5,-207.61812943814766,0.7309755029203151,0.04223370886779655,2.277631749799093,SOLUSDT_4h
2,16,18.0,60.0,16.0,7.2,2.0,1.2,0.0,2,0.8,1.2,8.6,1,risk_based,C,1.0,100.0,10000.0,26,0.5,-286.68836331862076,0.7297607727642706,0.05693998383973661,2.2720132306907104,BTCUSDT_4h
3,26,20.0,62.0,20.0,8.0,2.4,1.0,0.0,5,0.4,0.6,8.2,1,risk_based,C,1.0,100.0,10000.0,29,0.4827586206896552,-216.65330610498313,0.6338140878234498,0.03096803745096895,2.2622086882234926,SOLUSDT_4h
4,16,12.0,66.0,22.0,7.0,2.4,0.8,0.0,4,1.0,1.0,8.0,1,risk_based,C,1.0,100.0,10000.0,28,0.5357142857142857,-351.55431594744005,0.7305683355947353,0.07055809675538813,2.261479493547295,BTCUSDT_4h
2,24,16.0,60.0,20.0,7.2,1.8,0.8,0.0,3,1.0,0.8,8.0,1,risk_based,C,1.0,100.0,10000.0,33,0.5454545454545454,-355.15642862833556,0.6641040680177567,0.06855804820613347,2.2455593809705956,BTCUSDT_1h
2,28,24.0,62.0,18.0,7.0,1.8,0.8,0.05,3,0.6,1.2,7.8,1,risk_based,C,1.0,100.0,10000.0,39,0.5128205128205128,-525.7667996177606,0.7127432392917276,0.0684165550975562,2.243700782903795,SOLUSDT_4h
3,28,20.0,58.0,18.0,7.6,2.4,0.8,0.0,2,0.6,0.8,8.4,1,risk_based,C,1.0,100.0,10000.0,34,0.5,-361.9183597188967,0.66175484659322,0.050108365198977656,2.2412662378706107,BTCUSDT_4h
3,30,24.0,62.0,20.0,7.0,1.8,1.0,0.05,2,0.4,1.2,8.4,1,risk_based,C,1.0,100.0,10000.0,31,0.5483870967741935,-296.47044102491964,0.5940437358462994,0.037408434391186206,2.221972372655411,BTCUSDT_4h
4,20,18.0,62.0,24.0,8.0,1.8,1.0,0.05,3,1.0,1.0,8.4,1,risk_based,C,1.0,100.0,10000.0,20,0.5,-283.58182873187616,0.7142627652685393,0.03189212920180011,2.199267314199802,SOLUSDT_4h
2,26,20.0,64.0,20.0,8.0,1.8,1.2,0.05,2,1.0,0.6,8.6,1,risk_based,C,1.0,100.0,10000.0,32,0.40625,-422.55306513081814,0.7637731718377027,0.061759190975066276,2.1690907056193884,SOLUSDT_4h
3,20,24.0,58.0,20.0,8.0,2.2,1.0,0.05,4,0.4,0.8,7.8,1,risk_based,C,1.0,100.0,10000.0,36,0.4722222222222222,-450.1761478203698,0.6970315433359717,0.07191927014680687,2.1564624617444865,BTCUSDT_4h
4,18,22.0,62.0,24.0,7.4,2.2,1.2,0.0,2,0.8,1.0,7.8,1,risk_based,C,1.0,100.0,10000.0,24,0.4166666666666667,-313.93892016696736,0.7744244362112186,0.09260889849580649,2.0620832567680503,BTCUSDT_4h
4,24,20.0,58.0,16.0,7.2,2.4,0.8,0.05,5,0.8,0.6,8.4,1,risk_based,C,1.0,100.0,10000.0,29,0.4827586206896552,-385.7602816843737,0.6667941458233809,0.06731665553985475,2.0500159743773065,BTCUSDT_4h
2,28,24.0,62.0,18.0,7.0,1.8,0.8,0.05,3,0.6,1.2,7.8,1,risk_based,C,1.0,100.0,10000.0,37,0.5405405405405406,-524.5600578098656,0.6372007203394336,0.09427541875931478,2.0178259374018683,BTCUSDT_1h
2,24,24.0,60.0,16.0,6.8,2.4,1.2,0.1,2,0.4,0.8,8.6,1,risk_based,C,1.0,100.0,10000.0,27,0.48148148148148145,-290.7078341382312,0.5925857093493272,0.04970720888040219,2.007564180141439,BTCUSDT_15m
3,28,18.0,66.0,24.0,7.0,2.2,0.8,0.0,2,0.8,1.2,8.2,1,risk_based,C,1.0,100.0,10000.0,35,0.5714285714285714,-532.6044937008301,0.5634324279427361,0.06904335315447052,1.9442731598640877,BTCUSDT_4h
3,20,20.0,56.0,18.0,7.2,2.2,0.8,0.05,4,0.4,1.0,7.8,1,risk_based,C,1.0,100.0,10000.0,34,0.5,-582.7533741145926,0.6509510359157473,0.07120146061265067,1.9355443158789503,BTCUSDT_4h
3,22,22.0,66.0,18.0,7.2,2.2,1.0,0.1,4,1.0,1.0,8.2,1,risk_based,C,1.0,100.0,10000.0,38,0.47368421052631576,-633.2768758873226,0.6730687822639174,0.09641044891003862,1.89415565769987,BTCUSDT_4h
3,28,20.0,58.0,18.0,7.6,2.4,0.8,0.0,2,0.6,0.8,8.4,1,risk_based,C,1.0,100.0,10000.0,30,0.4666666666666667,-402.8032059200832,0.5784656484729827,0.05390410152997665,1.892415786435952,SOLUSDT_4h
2,16,20.0,64.0,22.0,7.8,2.2,0.8,0.1,4,0.4,1.2,8.4,1,risk_based,C,1.0,100.0,10000.0,26,0.5769230769230769,-317.77294543270364,0.4803349762808051,0.049695993672605444,1.8791936414957056,SOLUSDT_1h
3,22,22.0,66.0,18.0,7.2,2.2,1.0,0.1,4,1.0,1.0,8.2,1,risk_based,C,1.0,100.0,10000.0,33,0.48484848484848486,-584.2451101126335,0.6437400040460681,0.07169928631232278,1.8754097663152618,SOLUSDT_4h
4,22,12.0,62.0,18.0,8.0,2.4,1.2,0.1,4,1.0,1.2,8.6,1,risk_based,C,1.0,100.0,10000.0,26,0.38461538461538464,-400.4783293407763,0.7473741966535091,0.10632391713987283,1.8722213894697006,BTCUSDT_4h
2,24,16.0,60.0,20.0,7.2,1.8,0.8,0.0,3,1.0,0.8,8.0,1,risk_based,C,1.0,100.0,10000.0,37,0.4594594594594595,-587.6487273515249,0.6192043477772531,0.07048521639499886,1.8684935082071739,SOLUSDT_4h
3,28,16.0,56.0,16.0,7.8,2.4,1.0,0.05,5,1.0,0.6,7.8,1,risk_based,C,1.0,100.0,10000.0,28,0.42857142857142855,-380.67684564791307,0.5940525108822038,0.051812701376508834,1.8548472148441109,SOLUSDT_4h
3,16,12.0,58.0,24.0,7.6,1.8,1.2,0.05,2,0.6,1.2,8.6,1,risk_based,C,1.0,100.0,10000.0,16,0.4375,-210.94130121360104,0.6056278937633126,0.04197078359192936,1.8506521355372363,SOLUSDT_1h
2,30,22.0,64.0,16.0,6.8,1.8,1.2,0.0,2,0.8,0.8,8.4,1,risk_based,C,1.0,100.0,10000.0,35,0.42857142857142855,-568.5575478858009,0.6306980052483842,0.08368022120958085,1.7846549418393676,BTCUSDT_4h
4,22,10.0,64.0,16.0,7.4,2.2,1.0,0.0,4,0.6,1.0,8.4,1,risk_based,C,1.0,100.0,10000.0,30,0.43333333333333335,-438.1470440072044,0.5953259020169582,0.07515248709637608,1.777047298737584,BTCUSDT_4h
4,28,16.0,64.0,18.0,7.8,2.2,1.0,0.1,4,1.0,1.2,7.8,1,risk_based,C,1.0,100.0,10000.0,30,0.43333333333333335,-581.6542924789956,0.6508912279697876,0.10926310523871734,1.6423388477444276,BTCUSDT_4h
4,22,24.0,66.0,20.0,8.0,2.2,0.8,0.1,2,0.6,1.0,7.8,1,risk_based,C,1.0,100.0,10000.0,29,0.4827586206896552,-592.7356782788102,0.6004308270189674,0.09102731775219965,1.6391819535370087,BTCUSDT_4h
4,22,22.0,60.0,20.0,8.0,1.8,1.0,0.05,5,0.8,0.6,7.8,1,risk_based,C,1.0,100.0,10000.0,23,0.4782608695652174,-389.37271665209846,0.4515159193997428,0.03907311762418187,1.5738310736226677,SOLUSDT_4h
2,16,20.0,56.0,20.0,7.2,2.2,1.0,0.0,3,1.0,0.8,8.0,1,risk_based,C,1.0,100.0,10000.0,29,0.3793103448275862,-557.3130852088689,0.5987299095690665,0.07206299972571432,1.5729232519935001,SOLUSDT_4h
4,20,16.0,58.0,18.0,7.4,1.8,0.8,0.1,4,1.0,0.8,8.2,1,risk_based,C,1.0,100.0,10000.0,23,0.5217391304347826,-523.6954845629207,0.5054473291885595,0.05280312625115493,1.5713984907129073,SOLUSDT_4h
3,30,10.0,60.0,20.0,8.0,2.4,1.0,0.1,3,1.0,0.8,8.2,1,risk_based,C,1.0,100.0,10000.0,28,0.42857142857142855,-609.0937444036008,0.5995125239859572,0.08313724562745811,1.5433767095430821,SOLUSDT_4h
4,18,14.0,58.0,18.0,7.6,1.8,0.8,0.0,5,1.0,1.2,8.2,1,risk_based,C,1.0,100.0,10000.0,23,0.5217391304347826,-554.3798961547454,0.48536222465322826,0.055437989615474546,1.4926392799574613,SOLUSDT_4h
3,20,18.0,56.0,16.0,7.6,2.4,1.0,0.1,4,1.0,0.6,8.4,1,risk_based,C,1.0,100.0,10000.0,26,0.38461538461538464,-593.3876654618089,0.6050978083330169,0.08150850890945263,1.469205501398944,SOLUSDT_4h
3,20,24.0,58.0,20.0,8.0,2.2,1.0,0.05,4,0.4,0.8,7.8,1,risk_based,C,1.0,100.0,10000.0,28,0.39285714285714285,-642.4866299255882,0.5092055580397539,0.08052046105623537,1.2836488172709277,SOLUSDT_4h
3,20,20.0,56.0,18.0,7.2,2.2,0.8,0.05,4,0.4,1.0,7.8,1,risk_based,C,1.0,100.0,10000.0,27,0.4074074074074074,-707.0877163261266,0.5390214208926093,0.09080668306466234,1.249646187376216,SOLUSDT_4h
2,28,16.0,64.0,24.0,7.8,2.0,0.8,0.05,5,0.8,1.0,7.8,1,risk_based,C,1.0,100.0,10000.0,30,0.5333333333333333,-737.83999826935,0.44878415822977985,0.11066938440407267,1.2277201649779919,SOLUSDT_1h
